"id";"data_inversa";"dia_semana";"horario";"uf";"br";"km";"municipio";"causa_acidente";"tipo_acidente";"classificacao_acidente";"fase_dia";"sentido_via";"condicao_metereologica";"tipo_pista";"tracado_via";"uso_solo";"pessoas";"mortos";"feridos_leves";"feridos_graves";"ilesos";"ignorados";"feridos";"veiculos";"latitude";"longitude";"regional";"delegacia";"uop"
743995;2026-01-06;"terça-feira";"08:10:00";"RS";285;308,6;"PASSO FUNDO";"Transitar na contramão";"Colisão frontal";"Com Vítimas Feridas";"Pleno dia";"Crescente";"Sol";"Simples";"Reta";"Não";5;0;2;0;2;1;2;3;-28,23061;-52,52004;"SPRF-RS";"DEL08-RS";"UOP03-DEL08-RS"
743998;2026-01-06;"terça-feira";"11:00:00";"PR";116;28;"CAMPINA GRANDE DO SUL";"Reação tardia ou ineficiente do condutor";"Tombamento";"Com Vítimas Feridas";"Pleno dia";"Decrescente";"Nublado";"Dupla";"Curva;Declive";"Não";2;0;1;0;0;2;1;3;-25,20671273;-48,89597833;"SPRF-PR";"DEL01-PR";"UOP02-DEL01-PR"
744000;2026-01-06;"terça-feira";"10:53:00";"PR";277;5;"PARANAGUA";"Acessar a via sem observar a presença dos outros veículos";"Atropelamento de Pedestre";"Com Vítimas Feridas";"Pleno dia";"Crescente";"Céu Claro";"Dupla";"Reta";"Sim";2;0;0;1;1;0;1;2;-25,55624473;-48,5638082;"SPRF-PR";"DEL01-PR";"UOP05-DEL01-PR"
744003;2026-01-06;"terça-feira";"10:58:00";"RS";386;142,4;"SARANDI";"Condutor Dormindo";"Colisão lateral sentido oposto";"Com Vítimas Feridas";"Pleno dia";"Crescente";"Céu Claro";"Simples";"Reta";"Não";7;0;5;0;1;1;5;3;-28,014657;-52,886702;"SPRF-RS";"DEL08-RS";"UOP01-DEL08-RS"
744004;2026-01-06;"terça-feira";"10:00:00";"BA";101;703,7;"EUNAPOLIS";"Condutor Dormindo";"Colisão frontal";"Com Vítimas Feridas";"Pleno dia";"Crescente";"Sol";"Simples";"Curva;Aclive";"Não";2;0;0;1;1;0;1;2;-16,269877;-39,581368;"SPRF-BA";"DEL09-BA";"UOP01-DEL09-BA"
744006;2026-01-06;"terça-feira";"12:05:00";"SC";280;123;"SAO BENTO DO SUL";"Acessar a via sem observar a presença dos outros veículos";"Colisão traseira";"Sem Vítimas";"Pleno dia";"Decrescente";"Céu Claro";"Simples";"Reta";"Não";3;0;0;0;2;2;0;4;-26,245756;-49,460342;"SPRF-SC";"DEL06-SC";"UOP03-DEL06-SC"
744017;2026-01-06;"terça-feira";"11:45:00";"SP";116;500;"CAJATI";"Manobra de mudança de faixa";"Colisão lateral mesmo sentido";"Com Vítimas Feridas";"Pleno dia";"Crescente";"Céu Claro";"Múltipla";"Curva";"Não";4;0;2;0;1;1;2;3;-24,78424096;-48,18878174;"SPRF-SP";"DEL05-SP";"UOP02-DEL05-SP"
744019;2026-01-06;"terça-feira";"13:00:00";"ES";262;174;"IBATIBA";"Ultrapassagem Indevida";"Colisão lateral mesmo sentido";"Com Vítimas Feridas";"Pleno dia";"Decrescente";"Chuva";"Dupla";"Reta;Declive";"Não";3;0;1;1;1;0;2;2;-20,2712;-41,62191;"SPRF-ES";"DEL01-ES";"UOP02-DEL01-ES"
744023;2026-01-06;"terça-feira";"13:10:00";"ES";101;424;"ATILIO VIVACQUA";"Reação tardia ou ineficiente do condutor";"Colisão com objeto";"Com Vítimas Feridas";"Pleno dia";"Crescente";"Chuva";"Simples";"Reta";"Não";3;0;3;0;0;0;3;1;-20,996634;-41,127292;"SPRF-ES";"DEL03-ES";"UOP02-DEL03-ES"
744024;2026-01-06;"terça-feira";"13:35:00";"ES";101;390,9;"RIO NOVO DO SUL";"Acessar a via sem observar a presença dos outros veículos";"Colisão transversal";"Com Vítimas Feridas";"Pleno dia";"Decrescente";"Chuva";"Simples";"Curva";"Não";5;0;0;1;3;1;1;3;-20,86443254;-40,88142425;"SPRF-ES";"DEL03-ES";"UOP02-DEL03-ES"
744026;2026-01-06;"terça-feira";"11:00:00";"MT";70;183;"GENERAL CARNEIRO";"Objeto estático sobre o leito carroçável";"Saída de leito carroçável";"Sem Vítimas";"Pleno dia";"Crescente";"Céu Claro";"Simples";"Reta";"Não";3;0;0;0;2;1;0;2;-15,661123;-53,58822;"SPRF-MT";"DEL05-MT";"UOP01-DEL05-MT"
744031;2026-01-06;"terça-feira";"14:00:00";"SE";101;87,5;"NOSSA SENHORA DO SOCORRO";"Ausência de reação do condutor";"Colisão traseira";"Sem Vítimas";"Pleno dia";"Crescente";"Céu Claro";"Dupla";"Reta;Em Obras;Aclive";"Sim";4;0;0;0;4;0;0;3;-10,86770837;-37,13475164;"SPRF-SE";"DEL01-SE";"UOP01-DEL01-SE"
744033;2026-01-06;"terça-feira";"13:50:00";"GO";40;69;"CRISTALINA";"Acostamento em desnível";"Tombamento";"Com Vítimas Feridas";"Pleno dia";"Decrescente";"Chuva";"Simples";"Declive;Reta";"Não";2;0;2;0;0;0;2;1;-16,69565206;-47,69541532;"SPRF-DF";"DEL01-DF";"UOP02-DEL01-DF"
744036;2026-01-06;"terça-feira";"10:30:00";"PR";376;341,9;"ORTIGUEIRA";"Velocidade Incompatível";"Tombamento";"Com Vítimas Feridas";"Pleno dia";"Decrescente";"Céu Claro";"Simples";"Declive;Curva";"Não";5;0;2;0;2;2;2;5;-24,172148;-50,96713;"SPRF-PR";"DEL07-PR";"UOP02-DEL07-PR"
744046;2026-01-06;"terça-feira";"11:30:00";"CE";222;40,3;"CAUCAIA";"Transitar na contramão";"Colisão frontal";"Com Vítimas Fatais";"Pleno dia";"Decrescente";"Céu Claro";"Simples";"Reta";"Sim";3;1;0;0;1;1;0;3;-3,685795;-38,911389;"SPRF-CE";"DEL01-CE";"UOP03-DEL01-CE"
744047;2026-01-06;"terça-feira";"15:40:00";"RJ";101;27;"CAMPOS DOS GOYTACAZES";"Condutor deixou de manter distância do veículo da frente";"Engavetamento";"Com Vítimas Feridas";"Pleno dia";"Crescente";"Chuva";"Simples";"Reta";"Não";9;0;1;0;8;0;1;3;-21,44754381;-41,34323641;"SPRF-RJ";"DEL08-RJ";"UOP01-DEL08-RJ"
744048;2026-01-06;"terça-feira";"15:30:00";"RJ";101;487;"ANGRA DOS REIS";"Acessar a via sem observar a presença dos outros veículos";"Colisão com objeto";"Com Vítimas Feridas";"Pleno dia";"Decrescente";"Nublado";"Simples";"Reta;Retorno Regulamentado";"Sim";4;0;1;0;2;1;1;3;-22,9571288;-44,2999649;"SPRF-RJ";"DEL03-RJ";"UOP03-DEL03-RJ"
744049;2026-01-06;"terça-feira";"16:45:00";"PI";343;18,7;"PARNAIBA";"Acessar a via sem observar a presença dos outros veículos";"Colisão lateral mesmo sentido";"Com Vítimas Feridas";"Pleno dia";"Crescente";"Céu Claro";"Simples";"Reta";"Sim";3;0;1;0;2;0;1;2;-3,0982259;-41,7802783;"SPRF-PI";"DEL05-PI";"UOP01-DEL05-PI"
744054;2026-01-06;"terça-feira";"10:40:00";"MG";262;22,4;"REDUTO";"Reação tardia ou ineficiente do condutor";"Colisão traseira";"Com Vítimas Feridas";"Pleno dia";"Decrescente";"Chuva";"Simples";"Reta;Aclive";"Não";2;0;1;0;0;1;1;2;-20,24782796;-41,92691445;"SPRF-MG";"DEL06-MG";"UOP03-DEL06-MG"
744055;2026-01-06;"terça-feira";"15:27:00";"TO";153;230;"COLINAS DO TOCANTINS";"Reação tardia ou ineficiente do condutor";"Colisão frontal";"Com Vítimas Feridas";"Pleno dia";"Decrescente";"Sol";"Simples";"Reta";"Não";2;0;1;0;1;0;1;2;-7,99597123;-48,46476853;"SPRF-TO";"DEL02-TO";"UOP01-DEL02-TO"
744056;2026-01-06;"terça-feira";"07:30:00";"PR";272;366,4;"CAMPO MOURAO";"Acessar a via sem observar a presença dos outros veículos";"Colisão transversal";"Com Vítimas Feridas";"Pleno dia";"Crescente";"Céu Claro";"Simples";"Rotatória";"Sim";3;0;0;1;1;1;1;3;-24,0468951;-52,39406705;"SPRF-PR";"DEL09-PR";"UOP03-DEL09-PR"
744067;2026-01-06;"terça-feira";"15:30:00";"MG";365;418,5;"PATOS DE MINAS";"Curva acentuada";"Colisão lateral sentido oposto";"Com Vítimas Fatais";"Pleno dia";"Crescente";"Chuva";"Simples";"Curva";"Não";2;1;0;0;1;0;0;2;-18,68359188;-46,57634318;"SPRF-MG";"DEL10-MG";"UOP01-DEL10-MG"
744069;2026-01-06;"terça-feira";"18:00:00";"SC";153;80;"IRANI";"Demais falhas mecânicas ou elétricas";"Incêndio";"Sem Vítimas";"Pleno dia";"Decrescente";"Céu Claro";"Dupla";"Curva";"Não";1;0;0;0;1;0;0;1;-27,1301309;-51,9150611;"SPRF-SC";"DEL07-SC";"UOP04-DEL07-SC"
744077;2026-01-06;"terça-feira";"19:10:00";"GO";414;388;"CORUMBA DE GOIAS";"Demais falhas mecânicas ou elétricas";"Colisão com objeto";"Com Vítimas Feridas";"Plena Noite";"Crescente";"Céu Claro";"Simples";"Curva";"Não";1;0;1;0;0;0;1;1;-15,90418842;-48,80054379;"SPRF-GO";"DEL02-GO";"UOP01-DEL02-GO"
744098;2026-01-06;"terça-feira";"08:00:00";"MG";50;17;"ARAGUARI";"Chuva";"Saída de leito carroçável";"Com Vítimas Feridas";"Pleno dia";"Crescente";"Chuva";"Dupla";"Curva";"Não";3;0;0;1;1;2;1;4;-18,565006;-48,056689;"SPRF-MG";"DEL15-MG";"UOP02-DEL15-MG"
744099;2026-01-06;"terça-feira";"21:15:00";"MG";153;27;"CENTRALINA";"Reação tardia ou ineficiente do condutor";"Colisão traseira";"Com Vítimas Feridas";"Plena Noite";"Decrescente";"Nublado";"Dupla";"Reta";"Não";4;0;3;0;0;1;3;2;-18,652008;-49,171789;"SPRF-MG";"DEL15-MG";"UOP03-DEL15-MG"
744100;2026-01-06;"terça-feira";"22:45:00";"MG";116;757,7;"LEOPOLDINA";"Demais falhas mecânicas ou elétricas";"Incêndio";"Sem Vítimas";"Plena Noite";"Decrescente";"Céu Claro";"Simples";"Reta";"Não";2;0;0;0;2;0;0;1;-21,5012689;-42,5965067;"SPRF-MG";"DEL07-MG";"UOP01-DEL07-MG"
744101;2026-01-06;"terça-feira";"23:43:00";"SP";116;398;"MIRACATU";"Velocidade Incompatível";"Colisão traseira";"Com Vítimas Feridas";"Plena Noite";"Crescente";"Nublado";"Dupla";"Reta";"Sim";3;0;1;0;1;1;1;3;-24,31125374;-47,51037598;"SPRF-SP";"DEL04-SP";"UOP02-DEL04-SP"
744102;2026-01-06;"terça-feira";"23:45:00";"MG";354;732,3;"POUSO ALTO";"Ingestão de álcool pelo condutor";"Colisão frontal";"Sem Vítimas";"Plena Noite";"Decrescente";"Nublado";"Simples";"Aclive;Curva";"Não";4;0;0;0;2;2;0;3;-22,1671773;-44,9651619;"SPRF-MG";"DEL17-MG";"UOP01-DEL17-MG"
744105;2026-01-06;"terça-feira";"23:00:00";"RO";364;649;"CANDEIAS DO JAMARI";"Reação tardia ou ineficiente do condutor";"Saída de leito carroçável";"Com Vítimas Feridas";"Plena Noite";"Decrescente";"Céu Claro";"Simples";"Aclive;Reta";"Não";2;0;0;1;0;1;1;2;-8,93170181;-63,43252659;"SPRF-RO";"DEL01-RO";"UOP04-DEL01-RO"
744108;2026-01-07;"quarta-feira";"03:00:00";"MG";381;356;"SAO GONCALO DO RIO ABAIXO";"Velocidade Incompatível";"Tombamento";"Com Vítimas Feridas";"Plena Noite";"Crescente";"Garoa/Chuvisco";"Simples";"Declive;Curva";"Não";1;0;1;0;0;0;1;1;-19,85456068;-43,22536469;"SPRF-MG";"DEL03-MG";"UOP01-DEL03-MG"
744110;2026-01-07;"quarta-feira";"01:54:00";"PI";316;72,3;"MONSENHOR GIL";"Velocidade Incompatível";"Tombamento";"Com Vítimas Feridas";"Plena Noite";"Decrescente";"Céu Claro";"Simples";"Curva";"Não";1;0;1;0;0;0;1;1;-5,6514776;-42,5919796;"SPRF-PI";"DEL01-PI";"UOP02-DEL01-PI"
744113;2026-01-07;"quarta-feira";"04:50:00";"MG";40;34;"PARACATU";"Pista Escorregadia";"Tombamento";"Com Vítimas Feridas";"Amanhecer";"Crescente";"Nevoeiro/Neblina";"Simples";"Curva";"Não";1;0;1;0;0;0;1;1;-17,193;-46,922;"SPRF-MG";"DEL14-MG";"UOP01-DEL14-MG"
744116;2026-01-06;"terça-feira";"21:50:00";"MG";153;43;"CANAPOLIS";"Reação tardia ou ineficiente do condutor";"Colisão lateral mesmo sentido";"Sem Vítimas";"Plena Noite";"Decrescente";"Céu Claro";"Dupla";"Reta";"Não";3;0;0;0;2;2;0;4;-18,78907378;-49,08433914;"SPRF-MG";"DEL15-MG";"UOP03-DEL15-MG"
744117;2026-01-07;"quarta-feira";"02:30:00";"MT";364;456;"VARZEA GRANDE";"Pedestre andava na pista";"Atropelamento de Pedestre";"Com Vítimas Fatais";"Plena Noite";"Decrescente";"Céu Claro";"Simples";"Reta";"Não";3;1;0;0;1;1;0;3;-15,495025;-56,276383;"SPRF-MT";"DEL01-MT";"UOP02-DEL01-MT"
744123;2026-01-06;"terça-feira";"21:50:00";"SP";116;560;"BARRA DO TURVO";"Ausência de reação do condutor";"Tombamento";"Com Vítimas Feridas";"Plena Noite";"Crescente";"Chuva";"Simples";"Curva";"Não";2;0;1;0;0;1;1;2;-24,98730278;-48,50738525;"SPRF-SP";"DEL05-SP";"UOP02-DEL05-SP"
744125;2026-01-07;"quarta-feira";"06:00:00";"GO";153;241,8;"SAO LUIZ DO NORTE";"Desrespeitar a preferência no cruzamento";"Colisão transversal";"Com Vítimas Feridas";"Amanhecer";"Decrescente";"Chuva";"Simples";"Aclive;Interseção de Vias;Curva;Rotatória";"Sim";7;0;2;0;5;0;2;2;-14,863086;-49,326627;"SPRF-GO";"DEL07-GO";"UOP02-DEL07-GO"
744126;2026-01-07;"quarta-feira";"06:50:00";"MG";381;561;"ITAGUARA";"Velocidade Incompatível";"Colisão com objeto";"Com Vítimas Feridas";"Pleno dia";"Crescente";"Garoa/Chuvisco";"Dupla";"Curva";"Não";2;0;0;1;0;1;1;2;-20,33849049;-44,44212198;"SPRF-MG";"DEL04-MG";"UOP03-DEL04-MG"
744127;2026-01-06;"terça-feira";"21:30:00";"SP";116;513;"CAJATI";"Reação tardia ou ineficiente do condutor";"Colisão traseira";"Com Vítimas Feridas";"Plena Noite";"Decrescente";"Garoa/Chuvisco";"Simples";"Curva";"Não";4;0;1;0;2;2;1;5;-24,85368261;-48,21002126;"SPRF-SP";"DEL05-SP";"UOP02-DEL05-SP"
744129;2026-01-07;"quarta-feira";"07:15:00";"BA";324;623;"SALVADOR";"Reação tardia ou ineficiente do condutor";"Colisão traseira";"Com Vítimas Feridas";"Pleno dia";"Crescente";"Céu Claro";"Múltipla";"Reta";"Sim";8;0;3;0;5;0;3;3;-12,949899;-38,470451;"SPRF-BA";"DEL01-BA";"UOP01-DEL01-BA"
744130;2026-01-07;"quarta-feira";"04:30:00";"RJ";101;142;"CARAPEBUS";"Ausência de sinalização";"Colisão traseira";"Sem Vítimas";"Amanhecer";"Crescente";"Nublado";"Dupla";"Reta";"Não";10;0;0;0;9;1;0;6;-22,19503441;-41,74942017;"SPRF-RJ";"DEL08-RJ";"UOP04-DEL08-RJ"
744139;2026-01-07;"quarta-feira";"07:30:00";"RJ";101;268,6;"RIO BONITO";"Manobra de mudança de faixa";"Colisão lateral mesmo sentido";"Sem Vítimas";"Pleno dia";"Decrescente";"Nublado";"Dupla";"Reta";"Não";6;0;0;0;5;1;0;3;-22,7124034;-42,6743235;"SPRF-RJ";"DEL02-RJ";"UOP03-DEL02-RJ"
744143;2026-01-07;"quarta-feira";"06:20:00";"MT";364;338;"SANTO ANTONIO DO LEVERGER";"Reação tardia ou ineficiente do condutor";"Colisão traseira";"Com Vítimas Feridas";"Pleno dia";"Decrescente";"Céu Claro";"Dupla";"Reta";"Não";2;0;1;0;0;1;1;2;-15,83278019;-55,46750167;"SPRF-MT";"DEL05-MT";"UOP02-DEL05-MT"
744147;2026-01-07;"quarta-feira";"05:30:00";"GO";153;26;"PORANGATU";"Pista Escorregadia";"Colisão frontal";"Com Vítimas Feridas";"Amanhecer";"Crescente";"Chuva";"Simples";"Reta;Declive";"Não";3;0;2;0;1;0;2;2;-13,06645313;-49,18285847;"SPRF-GO";"DEL07-GO";"UOP01-DEL07-GO"
744149;2026-01-07;"quarta-feira";"09:40:00";"RN";101;76,3;"NATAL";"Demais Fenômenos da natureza";"Colisão com objeto";"Com Vítimas Feridas";"Pleno dia";"Crescente";"Sol";"Dupla";"Reta";"Não";3;0;2;0;1;0;2;2;-5,72664088;-35,28593397;"SPRF-RN";"DEL02-RN";"UOP01-DEL02-RN"
744154;2026-01-07;"quarta-feira";"08:10:00";"MG";40;685,8;"RESSAQUINHA";"Velocidade Incompatível";"Tombamento";"Com Vítimas Feridas";"Pleno dia";"Decrescente";"Chuva";"Simples";"Curva";"Não";4;0;2;0;2;0;2;4;-21,0882896;-43,77216908;"SPRF-MG";"DEL05-MG";"UOP02-DEL05-MG"
744158;2026-01-07;"quarta-feira";"10:45:00";"SC";101;163;"TIJUCAS";"Manobra de mudança de faixa";"Tombamento";"Com Vítimas Feridas";"Pleno dia";"Decrescente";"Céu Claro";"Múltipla";"Reta";"Sim";2;0;0;1;1;0;1;2;-27,24176677;-48,63091556;"SPRF-SC";"DEL04-SC";"UOP03-DEL04-SC"
744160;2026-01-07;"quarta-feira";"06:40:00";"PR";277;587,3;"CASCAVEL";"Manobra de mudança de faixa";"Tombamento";"Com Vítimas Feridas";"Pleno dia";"Crescente";"Céu Claro";"Dupla";"Interseção de Vias";"Sim";2;0;1;0;0;1;1;2;-24,964208;-53,40944;"SPRF-PR";"DEL04-PR";"UOP01-DEL04-PR"
744161;2026-01-07;"quarta-feira";"11:15:00";"SC";280;28,9;"ARAQUARI";"Trafegar com motocicleta (ou similar) entre as faixas";"Colisão transversal";"Com Vítimas Feridas";"Pleno dia";"Decrescente";"Céu Claro";"Simples";"Reta";"Sim";2;0;1;0;1;0;1;2;-26,40807204;-48,749578;"SPRF-SC";"DEL03-SC";"UOP03-DEL03-SC"
744164;2026-01-07;"quarta-feira";"08:30:00";"MT";364;116;"PEDRA PRETA";"Objeto estático sobre o leito carroçável";"Colisão frontal";"Com Vítimas Feridas";"Pleno dia";"Decrescente";"Céu Claro";"Simples";"Aclive";"Não";3;0;2;0;0;2;2;4;-16,82980526;-54,01591301;"SPRF-MT";"DEL02-MT";"UOP02-DEL02-MT"
744168;2026-01-07;"quarta-feira";"10:24:00";"PE";423;41,5;"CACHOEIRINHA";"Ausência de reação do condutor";"Atropelamento de Pedestre";"Com Vítimas Fatais";"Pleno dia";"Crescente";"Céu Claro";"Simples";"Reta";"Não";2;1;0;0;0;1;0;2;-8,5056;-36,249248;"SPRF-PE";"DEL03-PE";"UOP01-DEL03-PE"
744170;2026-01-07;"quarta-feira";"10:00:00";"PR";476;210;"LAPA";"Demais falhas mecânicas ou elétricas";"Incêndio";"Sem Vítimas";"Pleno dia";"Crescente";"Céu Claro";"Simples";"Reta";"Não";2;0;0;0;1;1;0;2;-25,78408223;-49,85547352;"SPRF-PR";"DEL01-PR";"UOP06-DEL01-PR"
744171;2026-01-07;"quarta-feira";"11:50:00";"SP";116;283;"EMBU DAS ARTES";"Manobra de mudança de faixa";"Colisão lateral mesmo sentido";"Com Vítimas Feridas";"Pleno dia";"Decrescente";"Céu Claro";"Dupla";"Reta";"Sim";5;0;2;0;2;1;2;5;-23,67215439;-46,8561919;"SPRF-SP";"DEL04-SP";"UOP01-DEL04-SP"
744189;2026-01-07;"quarta-feira";"10:00:00";"PR";153;177;"VENTANIA";"Frear bruscamente";"Saída de leito carroçável";"Com Vítimas Feridas";"Pleno dia";"Decrescente";"Céu Claro";"Simples";"Reta";"Não";2;0;0;1;0;2;1;3;-24,344;-50,30869;"SPRF-PR";"DEL03-PR";"UOP02-DEL03-PR"
744199;2026-01-07;"quarta-feira";"04:30:00";"MG";40;394,9;"CURVELO";"Ausência de reação do condutor";"Colisão traseira";"Com Vítimas Feridas";"Plena Noite";"Crescente";"Céu Claro";"Simples";"Reta";"Não";2;0;0;1;0;1;1;2;-18,989293;-44,662187;"SPRF-MG";"DEL02-MG";"UOP01-DEL02-MG"
744200;2026-01-07;"quarta-feira";"14:30:00";"ES";101;370,6;"ANCHIETA";"Reação tardia ou ineficiente do condutor";"Colisão transversal";"Com Vítimas Feridas";"Pleno dia";"Crescente";"Céu Claro";"Simples";"Reta";"Não";4;0;2;0;1;1;2;2;-20,770881;-40,76357961;"SPRF-ES";"DEL03-ES";"UOP01-DEL03-ES"
744203;2026-01-07;"quarta-feira";"14:34:00";"RS";386;286,2;"SAO JOSE DO HERVAL";"Transitar na contramão";"Colisão frontal";"Com Vítimas Feridas";"Pleno dia";"Decrescente";"Sol";"Simples";"Reta";"Não";6;0;3;1;1;1;4;3;-29,077263;-52,274768;"SPRF-RS";"DEL04-RS";"UOP03-DEL04-RS"
744206;2026-01-07;"quarta-feira";"14:30:00";"PR";153;25,5;"JACAREZINHO";"Reação tardia ou ineficiente do condutor";"Saída de leito carroçável";"Com Vítimas Feridas";"Pleno dia";"Decrescente";"Céu Claro";"Simples";"Curva";"Não";1;0;1;0;0;0;1;1;-23,20723237;-49,98629093;"SPRF-PR";"DEL07-PR";"UOP04-DEL07-PR"
744214;2026-01-06;"terça-feira";"22:30:00";"PA";222;69,9;"DOM ELISEU";"Reação tardia ou ineficiente do condutor";"Saída de leito carroçável";"Com Vítimas Feridas";"Plena Noite";"Decrescente";"Chuva";"Simples";"Declive;Curva";"Não";4;0;3;0;0;1;3;2;-4,56222233;-47,83481598;"SPRF-PA";"DEL02-PA";"UOP02-DEL02-PA"
744219;2026-01-07;"quarta-feira";"15:45:00";"TO";226;21;"PALMEIRAS DO TOCANTINS";"Demais Fenômenos da natureza";"Colisão com objeto";"Com Vítimas Feridas";"Pleno dia";"Crescente";"Chuva";"Simples";"Reta";"Não";2;0;1;0;1;0;1;1;-6,633057;-47,626597;"SPRF-TO";"DEL02-TO";"UOP03-DEL02-TO"
744224;2026-01-07;"quarta-feira";"15:45:00";"PR";376;6,4;"MARINGA";"Avarias e/ou desgaste excessivo no pneu";"Incêndio";"Sem Vítimas";"Pleno dia";"Decrescente";"Céu Claro";"Dupla";"Reta";"Não";2;0;0;0;1;1;0;2;-23,37597059;-51,93943262;"SPRF-PR";"DEL09-PR";"UOP01-DEL09-PR"
744226;2026-01-07;"quarta-feira";"17:00:00";"PR";369;438;"UBIRATA";"Transitar na contramão";"Colisão lateral sentido oposto";"Com Vítimas Feridas";"Pleno dia";"Crescente";"Céu Claro";"Simples";"Reta";"Não";3;0;1;0;1;1;1;3;-24,55211977;-53,03031921;"SPRF-PR";"DEL04-PR";"UOP03-DEL04-PR"
744247;2026-01-07;"quarta-feira";"18:15:00";"RS";285;313,3;"PASSO FUNDO";"Demais falhas mecânicas ou elétricas";"Incêndio";"Sem Vítimas";"Pleno dia";"Decrescente";"Céu Claro";"Simples";"Reta";"Não";2;0;0;0;1;1;0;2;-28,24271;-52,56362;"SPRF-RS";"DEL08-RS";"UOP03-DEL08-RS"
744248;2026-01-07;"quarta-feira";"16:30:00";"PR";277;170,1;"PALMEIRA";"Ausência de reação do condutor";"Colisão frontal";"Com Vítimas Feridas";"Pleno dia";"Crescente";"Chuva";"Simples";"Curva";"Não";7;0;1;5;1;0;6;4;-25,45391581;-49,9438418;"SPRF-PR";"DEL01-PR";"UOP07-DEL01-PR"
744249;2026-01-07;"quarta-feira";"16:30:00";"MT";70;519;"VARZEA GRANDE";"Condutor deixou de manter distância do veículo da frente";"Colisão traseira";"Com Vítimas Feridas";"Pleno dia";"Crescente";"Céu Claro";"Simples";"Reta;Aclive";"Sim";2;0;0;1;1;0;1;2;-15,68915384;-56,16897583;"SPRF-MT";"DEL01-MT";"UOP02-DEL01-MT"
744254;2026-01-07;"quarta-feira";"19:19:00";"ES";101;125,9;"SOORETAMA";"Condutor desrespeitou a iluminação vermelha do semáforo";"Colisão transversal";"Com Vítimas Feridas";"Anoitecer";"Crescente";"Céu Claro";"Múltipla";"Retorno Regulamentado;Reta";"Sim";3;0;0;1;1;1;1;3;-19,19335972;-40,09511445;"SPRF-ES";"DEL04-ES";"UOP01-DEL04-ES"
744265;2026-01-07;"quarta-feira";"15:40:00";"BA";116;242;"QUIJINGUE";"Ausência de reação do condutor";"Atropelamento de Pedestre";"Com Vítimas Feridas";"Pleno dia";"Crescente";"Céu Claro";"Simples";"Reta";"Não";2;0;0;1;0;1;1;2;-10,70464;-38,92798;"SPRF-BA";"DEL07-BA";"UOP03-DEL07-BA"
744267;2026-01-07;"quarta-feira";"20:42:00";"GO";60;97,5;"ANAPOLIS";"Acessar a via sem observar a presença dos outros veículos";"Colisão traseira";"Com Vítimas Feridas";"Plena Noite";"Crescente";"Chuva";"Dupla";"Retorno Regulamentado";"Sim";3;0;0;1;1;2;1;4;-16,3811011;-48,9520706;"SPRF-GO";"DEL02-GO";"UOP01-DEL02-GO"
744275;2026-01-07;"quarta-feira";"16:50:00";"BA";242;758;"CATOLANDIA";"Ausência de reação do condutor";"Colisão frontal";"Com Vítimas Feridas";"Pleno dia";"Decrescente";"Céu Claro";"Simples";"Reta";"Não";5;0;1;0;3;4;1;7;-12,18618017;-44,51196671;"SPRF-BA";"DEL10-BA";"UOP01-DEL10-BA"
744277;2026-01-07;"quarta-feira";"19:40:00";"GO";40;156;"CRISTALINA";"Chuva";"Saída de leito carroçável";"Com Vítimas Feridas";"Plena Noite";"Crescente";"Chuva";"Simples";"Curva";"Não";1;0;0;1;0;0;1;1;-17,03454;-47,16914;"SPRF-DF";"DEL01-DF";"UOP02-DEL01-DF"
744281;2026-01-07;"quarta-feira";"21:30:00";"MS";163;0,3;"MUNDO NOVO";"Ausência de reação do condutor";"Tombamento";"Com Vítimas Feridas";"Plena Noite";"Decrescente";"Céu Claro";"Simples";"Curva";"Não";2;0;1;0;0;1;1;2;-24,042982;-54,27485;"SPRF-MS";"DEL09-MS";"UOP02-DEL09-MS"
744287;2026-01-07;"quarta-feira";"22:40:00";"MG";153;43;"CANAPOLIS";"Avarias e/ou desgaste excessivo no pneu";"Incêndio";"Sem Vítimas";"Plena Noite";"Decrescente";"Nublado";"Dupla";"Reta";"Não";2;0;0;0;1;1;0;2;-18,762615;-49,075045;"SPRF-MG";"DEL15-MG";"UOP03-DEL15-MG"
744290;2026-01-07;"quarta-feira";"23:24:00";"SE";101;195;"CRISTINAPOLIS";"Velocidade Incompatível";"Tombamento";"Com Vítimas Feridas";"Plena Noite";"Decrescente";"Nublado";"Simples";"Curva";"Não";1;0;1;0;0;0;1;1;-11,46021521;-37,7355051;"SPRF-SE";"DEL02-SE";"UOP03-DEL02-SE"
744300;2026-01-07;"quarta-feira";"23:45:00";"SC";116;156,2;"SANTA CECILIA";"Velocidade Incompatível";"Saída de leito carroçável";"Com Vítimas Feridas";"Plena Noite";"Decrescente";"Nublado";"Simples";"Curva";"Não";2;0;1;0;1;0;1;1;-27,081289;-50,43718;"SPRF-SC";"DEL06-SC";"UOP02-DEL06-SC"
744301;2026-01-08;"quinta-feira";"02:00:00";"SC";101;195;"BIGUACU";"Manobra de mudança de faixa";"Colisão lateral mesmo sentido";"Com Vítimas Feridas";"Plena Noite";"Crescente";"Céu Claro";"Dupla";"Reta";"Sim";3;0;1;0;0;2;1;3;-27,50385765;-48,65107346;"SPRF-SC";"DEL01-SC";"UOP01-DEL01-SC"