"id";"data_inversa";"dia_semana";"horario";"uf";"br";"km";"municipio";"causa_acidente";"tipo_acidente";"classificacao_acidente";"fase_dia";"sentido_via";"condicao_metereologica";"tipo_pista";"tracado_via";"uso_solo";"pessoas";"mortos";"feridos_leves";"feridos_graves";"ilesos";"ignorados";"feridos";"veiculos";"latitude";"longitude";"regional";"delegacia";"uop"
747984;2026-01-25;"domingo";"23:55:00";"RS";386;395,7;"TRIUNFO";"Pedestre andava na pista";"Atropelamento de Pedestre";"Com Vítimas Fatais";"Plena Noite";"Crescente";"Céu Claro";"Simples";"Curva";"Não";3;1;0;0;1;1;0;3;-29,72698843;-51,63410555;"SPRF-RS";"DEL04-RS";"UOP02-DEL04-RS"
747987;2026-01-25;"domingo";"23:30:00";"MS";262;245;"RIBAS DO RIO PARDO";"Condutor Dormindo";"Colisão frontal";"Com Vítimas Feridas";"Plena Noite";"Crescente";"Nublado";"Simples";"Reta";"Não";3;0;0;1;1;1;1;3;-20,455233;-53,73217;"SPRF-MS";"DEL01-MS";"UOP05-DEL01-MS"
747996;2026-01-25;"domingo";"17:00:00";"MT";364;398;"CUIABA";"Demais falhas mecânicas ou elétricas";"Colisão com objeto";"Com Vítimas Feridas";"Pleno dia";"Crescente";"Nublado";"Dupla";"Reta";"Sim";6;0;0;1;5;0;1;2;-15,66694;-55,95803;"SPRF-MT";"DEL01-MT";"UOP02-DEL01-MT"
748002;2026-01-25;"domingo";"15:00:00";"MG";262;545;"LUZ";"Velocidade Incompatível";"Tombamento";"Com Vítimas Feridas";"Pleno dia";"Decrescente";"Céu Claro";"Simples";"Curva;Declive";"Não";2;0;1;0;0;2;1;3;-19,708505;-45,916525;"SPRF-MG";"DEL08-MG";"UOP02-DEL08-MG"
748008;2026-01-26;"segunda-feira";"03:00:00";"SC";101;14;"GARUVA";"Demais falhas mecânicas ou elétricas";"Eventos atípicos";"Sem Vítimas";"Plena Noite";"Decrescente";"Céu Claro";"Dupla";"Reta;Aclive";"Não";2;0;0;0;1;1;0;2;-26,09339566;-48,8647601;"SPRF-SC";"DEL03-SC";"UOP01-DEL03-SC"
748014;2026-01-26;"segunda-feira";"04:00:00";"PR";376;292;"SERTANOPOLIS";"Ausência de reação do condutor";"Tombamento";"Com Vítimas Feridas";"Plena Noite";"Crescente";"Céu Claro";"Dupla";"Curva;Aclive;Viaduto";"Não";1;0;1;0;0;0;1;1;-23;-51;"SPRF-PR";"DEL07-PR";"UOP02-DEL07-PR"
748015;2026-01-25;"domingo";"14:05:00";"MG";365;856,4;"SANTA VITORIA";"Mal súbito do condutor";"Colisão frontal";"Com Vítimas Fatais";"Pleno dia";"Decrescente";"Chuva";"Simples";"Reta";"Não";4;3;0;0;0;2;0;4;-19,031389;-50,375675;"SPRF-MG";"DEL15-MG";"UOP03-DEL15-MG"
748021;2026-01-25;"domingo";"13:30:00";"SC";470;193,7;"POUSO REDONDO";"Velocidade Incompatível";"Tombamento";"Com Vítimas Feridas";"Pleno dia";"Decrescente";"Céu Claro";"Simples";"Curva;Declive";"Não";2;0;0;1;0;1;1;2;-27,30194047;-50,07982342;"SPRF-SC";"DEL04-SC";"UOP02-DEL04-SC"
748028;2026-01-25;"domingo";"22:00:00";"MG";50;124;"UBERABA";"Entrada inopinada do pedestre";"Atropelamento de Pedestre";"Com Vítimas Feridas";"Plena Noite";"Decrescente";"Céu Claro";"Simples";"Reta";"Não";3;0;1;0;1;1;1;3;-19,34282;-48,094675;"SPRF-MG";"DEL13-MG";"UOP01-DEL13-MG"
748032;2026-01-25;"domingo";"12:20:00";"MG";116;665,2;"SAO FRANCISCO DO GLORIA";"Ausência de reação do condutor";"Tombamento";"Com Vítimas Feridas";"Pleno dia";"Crescente";"Céu Claro";"Simples";"Curva";"Não";2;0;2;0;0;0;2;1;-20,80650878;-42,31058121;"SPRF-MG";"DEL07-MG";"UOP02-DEL07-MG"
748044;2026-01-25;"domingo";"09:00:00";"SC";282;443;"PONTE SERRADA";"Velocidade Incompatível";"Colisão com objeto";"Com Vítimas Feridas";"Pleno dia";"Crescente";"Sol";"Simples";"Curva";"Não";2;0;1;0;0;1;1;2;-26,9227405;-51,87943053;"SPRF-SC";"DEL07-SC";"UOP04-DEL07-SC"
748046;2026-01-26;"segunda-feira";"05:00:00";"PR";163;260;"TOLEDO";"Demais falhas mecânicas ou elétricas";"Incêndio";"Sem Vítimas";"Amanhecer";"Crescente";"Céu Claro";"Dupla";"Reta;Aclive";"Não";1;0;0;0;1;0;0;1;-24,6402867;-53,85840766;"SPRF-PR";"DEL06-PR";"UOP02-DEL06-PR"
748050;2026-01-25;"domingo";"16:30:00";"GO";153;560;"PROFESSOR JAMIL";"Ausência de reação do condutor";"Saída de leito carroçável";"Sem Vítimas";"Pleno dia";"Crescente";"Chuva";"Dupla";"Curva";"Não";1;0;0;0;1;0;0;1;-17,213506;-49,226073;"SPRF-GO";"DEL03-GO";"UOP01-DEL03-GO"
748057;2026-01-26;"segunda-feira";"06:00:00";"MG";50;132;"UBERABA";"Manobra de mudança de faixa";"Colisão traseira";"Com Vítimas Feridas";"Amanhecer";"Decrescente";"Céu Claro";"Dupla";"Aclive;Reta";"Não";6;0;4;0;1;1;4;2;-19,54743561;-48,03615332;"SPRF-MG";"DEL13-MG";"UOP01-DEL13-MG"
748058;2026-01-25;"domingo";"09:35:00";"MG";381;531;"ITATIAIUCU";"Pista esburacada";"Saída de leito carroçável";"Com Vítimas Feridas";"Pleno dia";"Decrescente";"Céu Claro";"Dupla";"Curva";"Não";3;0;0;1;1;1;1;2;-20,164472;-44,364765;"SPRF-MG";"DEL04-MG";"UOP03-DEL04-MG"
748060;2026-01-25;"domingo";"09:50:00";"RO";364;767;"PORTO VELHO";"Acumulo de água sobre o pavimento";"Colisão transversal";"Sem Vítimas";"Pleno dia";"Crescente";"Chuva";"Simples";"Reta";"Não";3;0;0;0;3;0;0;2;-9,16343583;-64,202279;"SPRF-RO";"DEL01-RO";"UOP02-DEL01-RO"
748065;2026-01-26;"segunda-feira";"06:50:00";"MS";163;462;"CAMPO GRANDE";"Manobra de mudança de faixa";"Tombamento";"Com Vítimas Feridas";"Pleno dia";"Crescente";"Céu Claro";"Simples";"Reta";"Não";2;0;1;0;1;0;1;2;-20,61709443;-54,57503406;"SPRF-MS";"DEL01-MS";"UOP01-DEL01-MS"
748066;2026-01-25;"domingo";"11:00:00";"PR";153;518;"GENERAL CARNEIRO";"Acumulo de areia ou detritos sobre o pavimento";"Colisão frontal";"Com Vítimas Feridas";"Pleno dia";"Decrescente";"Céu Claro";"Simples";"Curva";"Não";2;0;1;0;1;0;1;2;-26,60096247;-51,46327239;"SPRF-PR";"DEL02-PR";"UOP03-DEL02-PR"
748070;2026-01-25;"domingo";"18:20:00";"MT";70;316;"DOM AQUINO";"Ultrapassagem Indevida";"Colisão lateral sentido oposto";"Com Vítimas Feridas";"Anoitecer";"Decrescente";"Céu Claro";"Simples";"Curva";"Não";5;0;1;0;3;5;1;9;-15,509175;-54,641376;"SPRF-MT";"DEL05-MT";"UOP01-DEL05-MT"
748075;2026-01-26;"segunda-feira";"06:00:00";"RO";364;504,2;"ARIQUEMES";"Ausência de reação do condutor";"Colisão traseira";"Sem Vítimas";"Pleno dia";"Crescente";"Nublado";"Simples";"Reta";"Não";3;0;0;0;3;0;0;2;-10,002693;-63,00899;"SPRF-RO";"DEL03-RO";"UOP01-DEL03-RO"
748077;2026-01-26;"segunda-feira";"07:00:00";"RJ";116;210;"SEROPEDICA";"Conversão proibida";"Colisão transversal";"Com Vítimas Feridas";"Pleno dia";"Crescente";"Nublado";"Dupla";"Reta";"Não";4;0;1;0;2;1;1;3;-22,720075;-43,688195;"SPRF-RJ";"DEL06-RJ";"UOP02-DEL06-RJ"
748078;2026-01-25;"domingo";"10:10:00";"MT";163;1073,6;"GUARANTA DO NORTE";"Demais falhas mecânicas ou elétricas";"Incêndio";"Sem Vítimas";"Pleno dia";"Crescente";"Sol";"Simples";"Reta";"Não";2;0;0;0;1;3;0;4;-9,8762;-54,8964;"SPRF-MT";"DEL06-MT";"UOP03-DEL06-MT"
748084;2026-01-26;"segunda-feira";"07:00:00";"GO";153;308;"RIALMA";"Ingestão de álcool pelo condutor";"Colisão traseira";"Com Vítimas Feridas";"Pleno dia";"Crescente";"Nevoeiro/Neblina";"Simples";"Reta;Aclive";"Não";2;0;1;0;0;1;1;2;-15,375405;-49,556461;"SPRF-GO";"DEL02-GO";"UOP02-DEL02-GO"
748090;2026-01-26;"segunda-feira";"07:55:00";"BA";101;900;"CARAVELAS";"Acessar a via sem observar a presença dos outros veículos";"Colisão frontal";"Com Vítimas Feridas";"Pleno dia";"Decrescente";"Céu Claro";"Simples";"Reta";"Não";3;0;2;0;1;0;2;2;-17,655298;-39,771633;"SPRF-BA";"DEL09-BA";"UOP02-DEL09-BA"
748096;2026-01-26;"segunda-feira";"08:30:00";"PR";376;488;"PONTA GROSSA";"Ausência de reação do condutor";"Colisão traseira";"Com Vítimas Feridas";"Pleno dia";"Crescente";"Céu Claro";"Dupla";"Reta;Aclive";"Não";5;0;1;0;4;0;1;2;-25,1310874;-50,17112659;"SPRF-PR";"DEL03-PR";"UOP03-DEL03-PR"
748107;2026-01-26;"segunda-feira";"01:30:00";"BA";242;207;"ITABERABA";"Manobra de mudança de faixa";"Colisão lateral sentido oposto";"Com Vítimas Feridas";"Plena Noite";"Decrescente";"Céu Claro";"Simples";"Reta;Aclive";"Não";3;0;1;0;1;2;1;4;-12,51903902;-39,96379852;"SPRF-BA";"DEL06-BA";"UOP02-DEL06-BA"
748109;2026-01-26;"segunda-feira";"09:30:00";"MG";381;481;"CONTAGEM";"Pista esburacada";"Colisão lateral mesmo sentido";"Com Vítimas Feridas";"Pleno dia";"Crescente";"Céu Claro";"Múltipla";"Reta";"Sim";4;0;1;0;2;2;1;5;-19,95824397;-44,059762;"SPRF-MG";"DEL01-MG";"UOP03-DEL01-MG"
748110;2026-01-26;"segunda-feira";"06:25:00";"MG";381;524,9;"BRUMADINHO";"Velocidade Incompatível";"Colisão com objeto";"Com Vítimas Feridas";"Pleno dia";"Crescente";"Nublado";"Dupla";"Curva;Declive";"Não";1;0;1;0;0;0;1;1;-20,14382669;-44,32054218;"SPRF-MG";"DEL04-MG";"UOP03-DEL04-MG"
748111;2026-01-26;"segunda-feira";"08:25:00";"PR";376;675,9;"GUARATUBA";"Demais falhas mecânicas ou elétricas";"Incêndio";"Sem Vítimas";"Pleno dia";"Crescente";"Nublado";"Simples";"Retorno Regulamentado;Reta";"Não";2;0;0;0;1;1;0;2;-25,94567451;-48,90796116;"SPRF-PR";"DEL01-PR";"UOP04-DEL01-PR"
748114;2026-01-26;"segunda-feira";"09:00:00";"MA";135;69;"SANTA RITA";"Ultrapassagem Indevida";"Colisão lateral mesmo sentido";"Com Vítimas Fatais";"Pleno dia";"Crescente";"Céu Claro";"Dupla";"Reta";"Sim";3;1;0;0;1;3;0;5;-3,13853163;-44,32530332;"SPRF-MA";"DEL01-MA";"UOP02-DEL01-MA"
748115;2026-01-26;"segunda-feira";"10:44:00";"CE";304;53,3;"ARACATI";"Acessar a via sem observar a presença dos outros veículos";"Colisão transversal";"Com Vítimas Feridas";"Pleno dia";"Crescente";"Céu Claro";"Simples";"Reta;Interseção de Vias";"Não";4;0;0;1;2;1;1;3;-4,57354707;-37,7377766;"SPRF-CE";"DEL03-CE";"UOP02-DEL03-CE"
748119;2026-01-26;"segunda-feira";"07:00:00";"PE";110;101;"SERTANIA";"Reação tardia ou ineficiente do condutor";"Tombamento";"Com Vítimas Feridas";"Pleno dia";"Crescente";"Sol";"Simples";"Reta";"Não";1;0;1;0;0;0;1;1;-8,383802;-37,317643;"SPRF-PE";"DEL04-PE";"UOP02-DEL04-PE"
748128;2026-01-26;"segunda-feira";"10:00:00";"MG";40;734,1;"SANTOS DUMONT";"Condutor Dormindo";"Saída de leito carroçável";"Com Vítimas Feridas";"Pleno dia";"Crescente";"Nublado";"Simples";"Curva";"Não";1;0;1;0;0;0;1;1;-21,3850481;-43,57004643;"SPRF-MG";"DEL05-MG";"UOP01-DEL05-MG"
748134;2026-01-25;"domingo";"17:45:00";"MT";364;479;"JANGADA";"Ingestão de álcool pelo condutor";"Saída de leito carroçável";"Sem Vítimas";"Anoitecer";"Decrescente";"Nublado";"Simples";"Reta;Aclive";"Não";2;0;0;0;1;3;0;4;-15,24738245;-56,47398518;"SPRF-MT";"DEL01-MT";"UOP02-DEL01-MT"
748138;2026-01-26;"segunda-feira";"13:30:00";"MT";163;931;"ITAUBA";"Ultrapassagem Indevida";"Colisão lateral mesmo sentido";"Com Vítimas Feridas";"Pleno dia";"Decrescente";"Céu Claro";"Simples";"Reta";"Não";3;0;0;1;1;4;1;6;-11,049058;-55,271405;"SPRF-MT";"DEL06-MT";"UOP02-DEL06-MT"
748142;2026-01-26;"segunda-feira";"15:50:00";"MG";365;753;"ITUIUTABA";"Conversão proibida";"Colisão transversal";"Com Vítimas Feridas";"Pleno dia";"Decrescente";"Céu Claro";"Simples";"Reta;Declive";"Sim";2;0;1;1;0;0;2;2;-18,96622965;-49,48984623;"SPRF-MG";"DEL15-MG";"UOP03-DEL15-MG"
748143;2026-01-26;"segunda-feira";"14:30:00";"TO";153;288;"PRESIDENTE KENNEDY";"Demais falhas mecânicas ou elétricas";"Incêndio";"Sem Vítimas";"Pleno dia";"Crescente";"Nublado";"Simples";"Declive;Reta";"Não";2;0;0;0;1;1;0;2;-8,428933;-48,482425;"SPRF-TO";"DEL02-TO";"UOP02-DEL02-TO"
748144;2026-01-26;"segunda-feira";"15:35:00";"PE";101;119;"ESCADA";"Manobra de mudança de faixa";"Colisão traseira";"Com Vítimas Feridas";"Pleno dia";"Decrescente";"Céu Claro";"Dupla";"Reta";"Não";4;0;2;1;0;1;3;2;-8,353082;-35,170482;"SPRF-PE";"DEL01-PE";"UOP03-DEL01-PE"
748150;2026-01-26;"segunda-feira";"16:20:00";"DF";20;6;"BRASILIA";"Problema com o freio";"Saída de leito carroçável";"Com Vítimas Feridas";"Pleno dia";"Crescente";"Céu Claro";"Dupla";"Aclive";"Sim";7;0;0;5;1;1;5;3;-15,664827;-47,805373;"SPRF-DF";"DEL02-DF";"UOP01-DEL02-DF"
748156;2026-01-26;"segunda-feira";"12:00:00";"BA";101;871,8;"TEIXEIRA DE FREITAS";"Reação tardia ou ineficiente do condutor";"Colisão traseira";"Com Vítimas Feridas";"Pleno dia";"Decrescente";"Céu Claro";"Simples";"Curva;Declive";"Não";5;0;3;0;1;1;3;3;-17,501328;-39,70216;"SPRF-BA";"DEL09-BA";"UOP02-DEL09-BA"
748161;2026-01-26;"segunda-feira";"14:50:00";"MG";40;586,7;"ITABIRITO";"Velocidade Incompatível";"Saída de leito carroçável";"Com Vítimas Feridas";"Pleno dia";"Crescente";"Nublado";"Simples";"Curva";"Não";2;0;1;0;0;1;1;2;-20,34859036;-43,92243862;"SPRF-MG";"DEL01-MG";"UOP02-DEL01-MG"
748166;2026-01-26;"segunda-feira";"17:08:00";"RJ";356;174,4;"SAO JOAO DA BARRA";"Reação tardia ou ineficiente do condutor";"Colisão transversal";"Com Vítimas Feridas";"Pleno dia";"Crescente";"Céu Claro";"Simples";"Interseção de Vias;Curva";"Não";3;0;0;1;1;1;1;3;-21,718062;-41,057405;"SPRF-RJ";"DEL08-RJ";"UOP02-DEL08-RJ"
748167;2026-01-26;"segunda-feira";"12:50:00";"MG";365;445;"GUIMARANIA";"Reação tardia ou ineficiente do condutor";"Saída de leito carroçável";"Sem Vítimas";"Pleno dia";"Decrescente";"Céu Claro";"Dupla";"Aclive";"Não";2;0;0;0;1;1;0;2;-18,81002;-46,76996;"SPRF-MG";"DEL10-MG";"UOP01-DEL10-MG"
748168;2026-01-22;"quinta-feira";"16:00:00";"MT";70;124;"GENERAL CARNEIRO";"Ausência de reação do condutor";"Tombamento";"Sem Vítimas";"Pleno dia";"Decrescente";"Céu Claro";"Simples";"Curva";"Não";2;0;0;0;1;3;0;4;-15,598798;-53,11914;"SPRF-MT";"DEL07-MT";"UOP01-DEL07-MT"
748180;2026-01-26;"segunda-feira";"17:59:00";"PE";101;68,5;"RECIFE";"Manobra de mudança de faixa";"Colisão lateral mesmo sentido";"Com Vítimas Feridas";"Pleno dia";"Decrescente";"Céu Claro";"Dupla";"Reta";"Sim";7;0;1;1;3;2;2;6;-8,05482;-34,94632;"SPRF-PE";"DEL01-PE";"UOP01-DEL01-PE"
748182;2026-01-26;"segunda-feira";"15:00:00";"MA";316;248;"BOM JARDIM";"Demais falhas mecânicas ou elétricas";"Incêndio";"Com Vítimas Feridas";"Pleno dia";"Decrescente";"Nublado";"Simples";"Reta";"Não";1;0;0;1;0;0;1;1;-3,64206;-45,490392;"SPRF-MA";"DEL02-MA";"UOP01-DEL02-MA"
748183;2026-01-26;"segunda-feira";"17:05:00";"MT";364;563;"NOBRES";"Ausência de reação do condutor";"Colisão traseira";"Com Vítimas Feridas";"Pleno dia";"Crescente";"Céu Claro";"Simples";"Viaduto";"Sim";3;0;1;0;1;2;1;4;-14,71586668;-56,32295609;"SPRF-MT";"DEL01-MT";"UOP01-DEL01-MT"
748187;2026-01-26;"segunda-feira";"13:30:00";"PR";153;135;"VENTANIA";"Velocidade Incompatível";"Tombamento";"Com Vítimas Feridas";"Pleno dia";"Crescente";"Céu Claro";"Simples";"Curva;Declive";"Não";2;0;0;1;0;1;1;2;-24,04182955;-50,25038354;"SPRF-PR";"DEL07-PR";"UOP04-DEL07-PR"
748195;2026-01-26;"segunda-feira";"07:10:00";"MT";163;1102;"GUARANTA DO NORTE";"Velocidade Incompatível";"Tombamento";"Com Vítimas Feridas";"Pleno dia";"Decrescente";"Nublado";"Simples";"Curva";"Não";3;0;1;0;0;3;1;4;-9,7596628;-54,89572704;"SPRF-MT";"DEL06-MT";"UOP03-DEL06-MT"
748203;2026-01-24;"sábado";"14:22:00";"PA";163;500;"ITAITUBA";"Reação tardia ou ineficiente do condutor";"Tombamento";"Com Vítimas Feridas";"Pleno dia";"Crescente";"Chuva";"Simples";"Curva;Declive";"Não";2;0;1;0;0;3;1;4;-5,4997;-55,831;"SPRF-PA";"DEL05-PA";"UOP03-DEL05-PA"
748207;2026-01-26;"segunda-feira";"18:00:00";"SC";163;71,2;"SAO MIGUEL DO OESTE";"Acessar a via sem observar a presença dos outros veículos";"Colisão transversal";"Com Vítimas Feridas";"Pleno dia";"Crescente";"Céu Claro";"Dupla";"Reta;Interseção de Vias";"Sim";3;0;0;1;1;2;1;4;-26,72547564;-53,51306168;"SPRF-SC";"DEL07-SC";"UOP03-DEL07-SC"
748222;2026-01-26;"segunda-feira";"21:50:00";"BA";324;589;"CANDEIAS";"Animais na Pista";"Atropelamento de Animal";"Com Vítimas Feridas";"Plena Noite";"Decrescente";"Céu Claro";"Dupla";"Reta";"Não";5;0;3;0;1;1;3;3;-12,6859783;-38,4662117;"SPRF-BA";"DEL01-BA";"UOP01-DEL01-BA"
748227;2026-01-26;"segunda-feira";"21:30:00";"PR";277;359;"GUARAPUAVA";"Conversão proibida";"Colisão frontal";"Com Vítimas Feridas";"Plena Noite";"Crescente";"Céu Claro";"Simples";"Reta";"Não";4;0;3;0;1;0;3;2;-25,39790614;-51,53515613;"SPRF-PR";"DEL08-PR";"UOP01-DEL08-PR"
748228;2026-01-26;"segunda-feira";"22:20:00";"SE";235;14,9;"NOSSA SENHORA DO SOCORRO";"Pedestre andava na pista";"Atropelamento de Pedestre";"Com Vítimas Feridas";"Plena Noite";"Crescente";"Céu Claro";"Simples";"Reta";"Não";2;0;1;0;0;1;1;2;-10,85214272;-37,19909415;"SPRF-SE";"DEL01-SE";"UOP01-DEL01-SE"
748230;2026-01-26;"segunda-feira";"23:08:00";"RJ";101;327;"NITEROI";"Ausência de reação do condutor";"Colisão traseira";"Com Vítimas Fatais";"Plena Noite";"Crescente";"Céu Claro";"Múltipla";"Reta";"Não";3;1;0;0;1;1;0;3;-22,86986447;-43,16621399;"SPRF-RJ";"DEL02-RJ";"UOP01-DEL02-RJ"
748236;2026-01-27;"terça-feira";"01:30:00";"SP";116;279;"EMBU DAS ARTES";"Pedestre andava na pista";"Atropelamento de Pedestre";"Com Vítimas Feridas";"Plena Noite";"Decrescente";"Céu Claro";"Dupla";"Reta";"Sim";3;0;1;0;1;1;1;3;-23,6439415;-46,83969498;"SPRF-SP";"DEL04-SP";"UOP01-DEL04-SP"
748237;2026-01-26;"segunda-feira";"20:00:00";"PI";135;288,8;"CRISTINO CASTRO";"Reação tardia ou ineficiente do condutor";"Colisão frontal";"Com Vítimas Fatais";"Plena Noite";"Crescente";"Nublado";"Simples";"Reta;Declive";"Não";6;3;0;1;0;5;1;6;-8,649808;-44,034072;"SPRF-PI";"DEL03-PI";"UOP02-DEL03-PI"
748238;2026-01-26;"segunda-feira";"22:10:00";"MT";364;350;"SANTO ANTONIO DO LEVERGER";"Demais falhas mecânicas ou elétricas";"Saída de leito carroçável";"Com Vítimas Feridas";"Plena Noite";"Crescente";"Ignorado";"Dupla";"Declive;Curva";"Não";2;0;1;0;0;1;1;2;-15,79357147;-55,58561683;"SPRF-MT";"DEL05-MT";"UOP02-DEL05-MT"
748239;2026-01-27;"terça-feira";"04:20:00";"MG";153;24;"CENTRALINA";"Ausência de reação do condutor";"Saída de leito carroçável";"Com Vítimas Feridas";"Plena Noite";"Crescente";"Céu Claro";"Dupla";"Declive;Reta";"Não";3;0;1;1;0;1;2;2;-18,6321976;-49,1833232;"SPRF-MG";"DEL15-MG";"UOP03-DEL15-MG"
748240;2026-01-27;"terça-feira";"02:55:00";"RS";116;253;"SAPUCAIA DO SUL";"Condutor Dormindo";"Colisão com objeto";"Sem Vítimas";"Plena Noite";"Crescente";"Céu Claro";"Múltipla";"Viaduto";"Sim";2;0;0;0;1;1;0;2;-29,81665026;-51,16971471;"SPRF-RS";"DEL01-RS";"UOP02-DEL01-RS"
748242;2026-01-27;"terça-feira";"05:20:00";"RJ";101;63,5;"CAMPOS DOS GOYTACAZES";"Condutor desrespeitou a iluminação vermelha do semáforo";"Colisão transversal";"Com Vítimas Feridas";"Amanhecer";"Crescente";"Céu Claro";"Simples";"Reta;Interseção de Vias";"Não";3;0;1;0;1;1;1;3;-21,745109;-41,335145;"SPRF-RJ";"DEL08-RJ";"UOP02-DEL08-RJ"
748254;2026-01-27;"terça-feira";"08:05:00";"SC";282;220;"LAGES";"Ultrapassagem Indevida";"Colisão lateral mesmo sentido";"Sem Vítimas";"Pleno dia";"Crescente";"Céu Claro";"Simples";"Rotatória";"Sim";3;0;0;0;3;0;0;2;-27,794612;-50,327574;"SPRF-SC";"DEL05-SC";"UOP01-DEL05-SC"
748255;2026-01-27;"terça-feira";"08:00:00";"PR";476;144;"CURITIBA";"Manobra de mudança de faixa";"Colisão lateral mesmo sentido";"Com Vítimas Feridas";"Pleno dia";"Decrescente";"Nublado";"Dupla";"Reta";"Sim";4;0;1;0;2;2;1;5;-25,54340834;-49,31416406;"SPRF-PR";"DEL01-PR";"UOP06-DEL01-PR"
748270;2026-01-24;"sábado";"07:10:00";"RS";285;646;"SANTO ANTONIO DAS MISSOES";"Condutor Dormindo";"Colisão lateral sentido oposto";"Sem Vítimas";"Pleno dia";"Crescente";"Céu Claro";"Simples";"Reta";"Não";3;0;0;0;2;1;0;3;-28,60761624;-55,70685133;"SPRF-RS";"DEL12-RS";"UOP01-DEL12-RS"
748278;2026-01-27;"terça-feira";"08:55:00";"SP";116;379,6;"MIRACATU";"Reação tardia ou ineficiente do condutor";"Colisão traseira";"Com Vítimas Feridas";"Pleno dia";"Decrescente";"Sol";"Dupla";"Reta";"Não";4;0;2;0;2;0;2;2;-24,21607027;-47,36742069;"SPRF-SP";"DEL04-SP";"UOP02-DEL04-SP"
748279;2026-01-27;"terça-feira";"10:15:00";"DF";40;3;"BRASILIA";"Velocidade Incompatível";"Tombamento";"Com Vítimas Feridas";"Pleno dia";"Crescente";"Sol";"Dupla";"Reta";"Sim";5;0;1;1;3;0;2;3;-16,01206;-47,98238;"SPRF-DF";"DEL01-DF";"UOP01-DEL01-DF"
748281;2026-01-27;"terça-feira";"09:45:00";"BA";324;532;"CONCEICAO DO JACUIPE";"Velocidade Incompatível";"Saída de leito carroçável";"Com Vítimas Feridas";"Pleno dia";"Decrescente";"Céu Claro";"Dupla";"Reta";"Não";2;0;1;0;1;0;1;1;-12,353805;-38,831307;"SPRF-BA";"DEL11-BA";"UOP02-DEL11-BA"
748282;2026-01-27;"terça-feira";"08:35:00";"MG";116;88;"MEDINA";"Reação tardia ou ineficiente do condutor";"Colisão traseira";"Com Vítimas Feridas";"Pleno dia";"Crescente";"Céu Claro";"Simples";"Curva;Declive";"Não";7;0;4;0;2;1;4;3;-16,336574;-41,469995;"SPRF-MG";"DEL11-MG";"UOP02-DEL11-MG"
748283;2026-01-27;"terça-feira";"10:50:00";"MG";354;752,7;"ITAMONTE";"Condutor deixou de manter distância do veículo da frente";"Colisão traseira";"Sem Vítimas";"Pleno dia";"Crescente";"Sol";"Simples";"Reta;Interseção de Vias";"Sim";4;0;0;0;4;0;0;2;-22,276;-44,876;"SPRF-MG";"DEL17-MG";"UOP01-DEL17-MG"
748284;2026-01-27;"terça-feira";"10:40:00";"GO";153;699;"ITUMBIARA";"Condutor deixou de manter distância do veículo da frente";"Colisão traseira";"Com Vítimas Feridas";"Pleno dia";"Crescente";"Céu Claro";"Dupla";"Retorno Regulamentado";"Sim";5;0;1;0;4;0;1;2;-18,37755904;-49,2102626;"SPRF-GO";"DEL03-GO";"UOP02-DEL03-GO"
748287;2026-01-27;"terça-feira";"08:30:00";"MG";381;691;"LAVRAS";"Acessar a via sem observar a presença dos outros veículos";"Colisão traseira";"Com Vítimas Feridas";"Pleno dia";"Decrescente";"Nublado";"Dupla";"Reta";"Não";2;0;1;0;1;0;1;2;-21,210203;-45,123555;"SPRF-MG";"DEL04-MG";"UOP02-DEL04-MG"
748294;2026-01-25;"domingo";"21:40:00";"RO";364;369;"JI-PARANA";"Ausência de reação do condutor";"Colisão traseira";"Com Vítimas Feridas";"Plena Noite";"Decrescente";"Nublado";"Múltipla";"Reta";"Sim";3;0;0;1;0;4;1;5;-10,899148;-61,930767;"SPRF-RO";"DEL02-RO";"UOP01-DEL02-RO"
748295;2026-01-27;"terça-feira";"12:45:00";"MA";135;12;"SAO LUIS";"Retorno proibido";"Colisão traseira";"Com Vítimas Feridas";"Pleno dia";"Crescente";"Nublado";"Dupla";"Reta";"Sim";2;0;1;0;1;0;1;2;-2,672255;-44,29162;"SPRF-MA";"DEL01-MA";"UOP01-DEL01-MA"
748297;2026-01-27;"terça-feira";"10:50:00";"MG";381;492;"BETIM";"Mal súbito do condutor";"Colisão com objeto";"Com Vítimas Feridas";"Pleno dia";"Crescente";"Céu Claro";"Simples";"Reta";"Sim";3;0;1;0;1;1;1;3;-19,96399101;-44,16950226;"SPRF-MG";"DEL01-MG";"UOP03-DEL01-MG"
748303;2026-01-27;"terça-feira";"11:30:00";"MG";251;428;"GRAO MOGOL";"Velocidade Incompatível";"Tombamento";"Com Vítimas Fatais";"Pleno dia";"Decrescente";"Céu Claro";"Simples";"Curva;Declive";"Não";2;1;0;0;0;1;0;2;-16,32524;-43,12292;"SPRF-MG";"DEL12-MG";"UOP01-DEL12-MG"
748308;2026-01-27;"terça-feira";"13:00:00";"PR";376;4;"MARINGA";"Demais falhas mecânicas ou elétricas";"Incêndio";"Sem Vítimas";"Pleno dia";"Decrescente";"Céu Claro";"Dupla";"Reta";"Não";2;0;0;0;1;1;0;2;-23,38022404;-51,95874151;"SPRF-PR";"DEL09-PR";"UOP01-DEL09-PR"