"id";"data_inversa";"dia_semana";"horario";"uf";"br";"km";"municipio";"causa_acidente";"tipo_acidente";"classificacao_acidente";"fase_dia";"sentido_via";"condicao_metereologica";"tipo_pista";"tracado_via";"uso_solo";"pessoas";"mortos";"feridos_leves";"feridos_graves";"ilesos";"ignorados";"feridos";"veiculos";"latitude";"longitude";"regional";"delegacia";"uop"
749248;2026-01-31;"sábado";"20:50:00";"MG";50;56;"UBERLANDIA";"Ausência de reação do condutor";"Colisão traseira";"Sem Vítimas";"Plena Noite";"Crescente";"Céu Claro";"Dupla";"Aclive";"Não";3;0;0;0;1;4;0;5;-18,784616;-48,232047;"SPRF-MG";"DEL15-MG";"UOP02-DEL15-MG"
749261;2026-01-31;"sábado";"21:20:00";"TO";153;97;"WANDERLANDIA";"Demais falhas mecânicas ou elétricas";"Incêndio";"Sem Vítimas";"Plena Noite";"Crescente";"Nublado";"Simples";"Reta";"Não";2;0;0;0;1;2;0;3;-6,887727;-48,001445;"SPRF-TO";"DEL02-TO";"UOP01-DEL02-TO"
749262;2026-01-31;"sábado";"19:40:00";"BA";101;844;"VEREDA";"Transitar na contramão";"Colisão lateral sentido oposto";"Com Vítimas Feridas";"Plena Noite";"Decrescente";"Nublado";"Simples";"Reta";"Não";5;0;0;3;1;1;3;3;-17,27010366;-39,63576028;"SPRF-BA";"DEL09-BA";"UOP02-DEL09-BA"
749268;2026-01-31;"sábado";"22:40:00";"PR";277;29,2;"MORRETES";"Condutor Dormindo";"Colisão traseira";"Com Vítimas Feridas";"Plena Noite";"Crescente";"Nublado";"Dupla";"Viaduto;Aclive;Reta";"Não";4;0;0;1;2;2;1;4;-25,547858;-48,791476;"SPRF-PR";"DEL01-PR";"UOP05-DEL01-PR"
749270;2026-01-31;"sábado";"21:45:00";"MG";116;374,6;"FREI INOCENCIO";"Transitar na contramão";"Colisão frontal";"Sem Vítimas";"Plena Noite";"Decrescente";"Nublado";"Simples";"Reta";"Sim";2;0;0;0;1;1;0;2;-18,571115;-41,9101174;"SPRF-MG";"DEL06-MG";"UOP01-DEL06-MG"
749272;2026-01-31;"sábado";"23:00:00";"MG";365;5,6;"MONTES CLAROS";"Velocidade Incompatível";"Tombamento";"Com Vítimas Feridas";"Pleno dia";"Decrescente";"Nublado";"Simples";"Curva;Declive";"Não";2;0;1;0;0;1;1;2;-16,7581549;-43,8710533;"SPRF-MG";"DEL12-MG";"UOP01-DEL12-MG"
749275;2026-02-01;"domingo";"00:30:00";"ES";262;184,9;"IUNA";"Transitar na contramão";"Colisão frontal";"Com Vítimas Fatais";"Plena Noite";"Crescente";"Céu Claro";"Simples";"Reta;Retorno Regulamentado";"Não";4;1;0;0;1;2;0;4;-20,3009104;-41,7086466;"SPRF-ES";"DEL01-ES";"UOP02-DEL01-ES"
749288;2026-02-01;"domingo";"03:50:00";"TO";153;698;"CARIRI DO TOCANTINS";"Demais falhas mecânicas ou elétricas";"Incêndio";"Sem Vítimas";"Plena Noite";"Crescente";"Chuva";"Simples";"Reta";"Não";2;0;0;0;1;1;0;2;-11,9286;-49,1841;"SPRF-TO";"DEL01-TO";"UOP02-DEL01-TO"
749310;2026-01-13;"terça-feira";"08:30:00";"BA";101;251;"CONCEICAO DO ALMEIDA";"Acessar a via sem observar a presença dos outros veículos";"Colisão transversal";"Com Vítimas Feridas";"Pleno dia";"Decrescente";"Céu Claro";"Simples";"Reta";"Não";2;0;0;1;1;0;1;2;-12,89069652;-39,22927022;"SPRF-BA";"DEL11-BA";"UOP01-DEL11-BA"
749316;2026-02-01;"domingo";"08:15:00";"SC";101;145,5;"ITAPEMA";"Ausência de reação do condutor";"Colisão traseira";"Com Vítimas Fatais";"Pleno dia";"Decrescente";"Céu Claro";"Dupla";"Reta;Aclive";"Sim";3;2;0;0;1;0;0;2;-27,084334;-48,605321;"SPRF-SC";"DEL04-SC";"UOP03-DEL04-SC"
749323;2026-02-01;"domingo";"09:00:00";"MG";381;504;"BETIM";"Ausência de reação do condutor";"Colisão traseira";"Com Vítimas Feridas";"Pleno dia";"Crescente";"Céu Claro";"Dupla";"Curva;Aclive";"Sim";6;0;4;0;2;0;4;2;-20,0308234;-44,23683;"SPRF-MG";"DEL01-MG";"UOP03-DEL01-MG"
749324;2026-02-01;"domingo";"05:10:00";"PI";230;184;"OEIRAS";"Condutor deixou de manter distância do veículo da frente";"Colisão traseira";"Sem Vítimas";"Amanhecer";"Crescente";"Nublado";"Simples";"Reta";"Não";3;0;0;0;1;2;0;3;-6,961977;-42,02346;"SPRF-PI";"DEL04-PI";"UOP01-DEL04-PI"
749337;2026-02-01;"domingo";"10:20:00";"ES";101;20;"CONCEICAO DA BARRA";"Reação tardia ou ineficiente do condutor";"Colisão lateral sentido oposto";"Com Vítimas Feridas";"Pleno dia";"Crescente";"Sol";"Simples";"Reta";"Não";5;0;2;0;1;2;2;3;-18,314395;-39,950418;"SPRF-ES";"DEL04-ES";"UOP02-DEL04-ES"
749338;2026-02-01;"domingo";"07:05:00";"MA";226;77,9;"CAXIAS";"Transitar na contramão";"Colisão lateral sentido oposto";"Com Vítimas Feridas";"Pleno dia";"Crescente";"Céu Claro";"Simples";"Reta";"Não";3;0;0;1;1;1;1;3;-5,228482;-43,470653;"SPRF-MA";"DEL03-MA";"UOP02-DEL03-MA"
749341;2026-01-24;"sábado";"00:10:00";"BA";324;623;"SALVADOR";"Ausência de reação do condutor";"Engavetamento";"Com Vítimas Feridas";"Plena Noite";"Decrescente";"Céu Claro";"Dupla";"Reta";"Sim";4;0;2;1;1;0;3;3;-12,93478967;-38,4720226;"SPRF-BA";"DEL01-BA";"UOP01-DEL01-BA"
749346;2026-01-17;"sábado";"09:40:00";"BA";324;531;"FEIRA DE SANTANA";"Pista Escorregadia";"Colisão lateral mesmo sentido";"Com Vítimas Feridas";"Pleno dia";"Crescente";"Nublado";"Dupla";"Reta";"Não";2;0;0;1;0;1;1;2;-12,34229978;-38,84414256;"SPRF-BA";"DEL11-BA";"UOP02-DEL11-BA"
749347;2026-02-01;"domingo";"10:00:00";"PR";116;15;"CAMPINA GRANDE DO SUL";"Velocidade Incompatível";"Tombamento";"Com Vítimas Feridas";"Pleno dia";"Decrescente";"Garoa/Chuvisco";"Dupla";"Curva";"Não";2;0;1;0;0;1;1;2;-25,099612;-48,689102;"SPRF-PR";"DEL01-PR";"UOP02-DEL01-PR"
749354;2026-02-01;"domingo";"12:10:00";"RO";364;239,1;"CACOAL";"Desrespeitar a preferência no cruzamento";"Tombamento";"Com Vítimas Feridas";"Pleno dia";"Crescente";"Sol";"Simples";"Retorno Regulamentado";"Sim";3;0;1;0;1;1;1;3;-11,433742;-61,463783;"SPRF-RO";"DEL02-RO";"UOP02-DEL02-RO"
749363;2026-01-28;"quarta-feira";"21:45:00";"SC";470;138;"RIO DO SUL";"Condutor deixou de manter distância do veículo da frente";"Colisão traseira";"Com Vítimas Feridas";"Plena Noite";"Decrescente";"Chuva";"Simples";"Reta;Interseção de Vias;Retorno Regulamentado";"Sim";2;0;1;0;0;1;1;2;-27,19966398;-49,63068215;"SPRF-SC";"DEL04-SC";"UOP02-DEL04-SC"
749372;2026-02-01;"domingo";"15:14:00";"ES";101;448;"MIMOSO DO SUL";"Reação tardia ou ineficiente do condutor";"Engavetamento";"Com Vítimas Feridas";"Pleno dia";"Crescente";"Chuva";"Simples";"Curva";"Não";5;0;2;1;1;2;3;6;-21,17960986;-41,29829407;"SPRF-ES";"DEL03-ES";"UOP02-DEL03-ES"
749378;2026-02-01;"domingo";"09:50:00";"MG";116;389;"GOVERNADOR VALADARES";"Ultrapassagem Indevida";"Colisão lateral mesmo sentido";"Com Vítimas Feridas";"Pleno dia";"Crescente";"Céu Claro";"Simples";"Reta";"Sim";2;0;1;0;1;0;1;2;-18,78674982;-41,98738575;"SPRF-MG";"DEL06-MG";"UOP01-DEL06-MG"
749390;2026-02-01;"domingo";"14:05:00";"MG";251;334,1;"RUBELITA";"Demais falhas mecânicas ou elétricas";"Saída de leito carroçável";"Com Vítimas Feridas";"Pleno dia";"Decrescente";"Sol";"Simples";"Curva;Declive";"Não";2;0;1;0;0;1;1;2;-16,26291229;-42,40972705;"SPRF-MG";"DEL12-MG";"UOP02-DEL12-MG"
749391;2026-02-01;"domingo";"14:10:00";"MG";251;334,4;"RUBELITA";"Reação tardia ou ineficiente do condutor";"Colisão lateral mesmo sentido";"Com Vítimas Feridas";"Pleno dia";"Crescente";"Sol";"Simples";"Curva;Aclive";"Não";4;0;1;0;2;3;1;6;-16,26558082;-42,41123915;"SPRF-MG";"DEL12-MG";"UOP02-DEL12-MG"
749395;2026-02-01;"domingo";"16:40:00";"BA";116;767;"POCOES";"Acessar a via sem observar a presença dos outros veículos";"Colisão traseira";"Com Vítimas Feridas";"Pleno dia";"Decrescente";"Chuva";"Simples";"Reta";"Não";6;0;1;4;0;1;5;2;-14,597091;-40,435921;"SPRF-BA";"DEL08-BA";"UOP02-DEL08-BA"
749398;2026-02-01;"domingo";"15:23:00";"MT";364;464,6;"VARZEA GRANDE";"Chuva";"Eventos atípicos";"Com Vítimas Feridas";"Pleno dia";"Decrescente";"Nublado";"Simples";"Curva;Declive";"Não";2;0;1;0;0;2;1;3;-15,4450133;-56,3313933;"SPRF-MT";"DEL01-MT";"UOP02-DEL01-MT"
749410;2026-02-01;"domingo";"15:00:00";"MG";50;103;"UBERABA";"Condutor Dormindo";"Saída de leito carroçável";"Com Vítimas Feridas";"Pleno dia";"Crescente";"Céu Claro";"Dupla";"Reta";"Não";2;0;1;0;0;1;1;2;-19,703148;-47,9854917;"SPRF-MG";"DEL13-MG";"UOP01-DEL13-MG"
749411;2026-02-01;"domingo";"15:15:00";"MG";116;58;"MEDINA";"Ausência de reação do condutor";"Saída de leito carroçável";"Sem Vítimas";"Pleno dia";"Decrescente";"Nublado";"Simples";"Declive;Curva";"Não";2;0;0;0;0;2;0;2;-16,12214;-41,43017;"SPRF-MG";"DEL11-MG";"UOP02-DEL11-MG"
749413;2026-02-01;"domingo";"14:45:00";"CE";222;307;"TIANGUA";"Reação tardia ou ineficiente do condutor";"Colisão com objeto";"Sem Vítimas";"Pleno dia";"Crescente";"Nublado";"Simples";"Reta";"Não";1;0;0;0;1;0;0;1;-3,70291138;-40,97645831;"SPRF-CE";"DEL04-CE";"UOP02-DEL04-CE"
749416;2026-02-01;"domingo";"18:00:00";"PR";369;89,8;"CORNELIO PROCOPIO";"Ausência de reação do condutor";"Saída de leito carroçável";"Com Vítimas Feridas";"Pleno dia";"Decrescente";"Nublado";"Dupla";"Aclive;Reta";"Não";2;0;1;0;0;1;1;2;-23,19120824;-50,64769404;"SPRF-PR";"DEL07-PR";"UOP05-DEL07-PR"
749426;2026-02-01;"domingo";"20:00:00";"MG";116;744,6;"LEOPOLDINA";"Transitar na contramão";"Colisão lateral sentido oposto";"Com Vítimas Feridas";"Plena Noite";"Crescente";"Nublado";"Simples";"Reta";"Não";5;0;0;1;3;1;1;4;-21,426246;-42,51209;"SPRF-MG";"DEL07-MG";"UOP01-DEL07-MG"
749430;2026-02-01;"domingo";"19:52:00";"GO";414;321,5;"COCALZINHO DE GOIAS";"Transitar na contramão";"Colisão frontal";"Com Vítimas Fatais";"Plena Noite";"Decrescente";"Céu Claro";"Simples";"Reta;Aclive";"Não";8;5;0;0;1;3;0;5;-15,391945;-48,637396;"SPRF-GO";"DEL02-GO";"UOP01-DEL02-GO"
749440;2026-02-01;"domingo";"18:50:00";"RS";285;341,5;"CARAZINHO";"Acessar a via sem observar a presença dos outros veículos";"Colisão transversal";"Com Vítimas Fatais";"Anoitecer";"Crescente";"Céu Claro";"Simples";"Reta;Interseção de Vias";"Não";6;1;2;1;1;1;3;3;-28,3179;-52,8091;"SPRF-RS";"DEL08-RS";"UOP03-DEL08-RS"
749449;2026-02-01;"domingo";"20:40:00";"BA";101;23;"ESPLANADA";"Ausência de reação do condutor";"Colisão lateral sentido oposto";"Sem Vítimas";"Plena Noite";"Crescente";"Céu Claro";"Simples";"Reta";"Não";3;0;0;0;1;2;0;3;-11,74919;-37,94098;"SPRF-SE";"DEL02-SE";"UOP03-DEL02-SE"
749456;2026-02-01;"domingo";"21:40:00";"ES";101;119;"LINHARES";"Objeto estático sobre o leito carroçável";"Colisão com objeto";"Com Vítimas Feridas";"Plena Noite";"Decrescente";"Céu Claro";"Simples";"Reta";"Não";10;0;2;0;7;1;2;4;-19,143758;-40,075015;"SPRF-ES";"DEL04-ES";"UOP01-DEL04-ES"
749457;2026-02-01;"domingo";"18:00:00";"BA";242;173;"RAFAEL JAMBEIRO";"Transitar na contramão";"Colisão lateral sentido oposto";"Com Vítimas Feridas";"Plena Noite";"Decrescente";"Ignorado";"Simples";"Reta";"Não";2;0;0;1;1;0;1;2;-12,488575;-39,792893;"SPRF-BA";"DEL02-BA";"UOP02-DEL02-BA"
749460;2026-02-01;"domingo";"20:40:00";"BA";242;928;"LUIS EDUARDO MAGALHAES";"Acessar a via sem observar a presença dos outros veículos";"Colisão transversal";"Com Vítimas Fatais";"Plena Noite";"Decrescente";"Céu Claro";"Simples";"Reta";"Não";4;1;0;0;2;2;0;4;-12,1136;-45,965023;"SPRF-BA";"DEL10-BA";"UOP01-DEL10-BA"
749461;2026-02-01;"domingo";"22:10:00";"SP";381;56,7;"MAIRIPORA";"Velocidade Incompatível";"Colisão lateral mesmo sentido";"Sem Vítimas";"Plena Noite";"Crescente";"Nublado";"Dupla";"Curva;Declive";"Sim";3;0;0;0;1;2;0;3;-23,27221471;-46,58465177;"SPRF-SP";"DEL03-SP";"UOP01-DEL03-SP"
749464;2026-02-01;"domingo";"21:45:00";"SC";470;102,5;"APIUNA";"Transitar na contramão";"Colisão lateral sentido oposto";"Com Vítimas Feridas";"Plena Noite";"Decrescente";"Céu Claro";"Simples";"Curva";"Não";2;0;0;1;1;0;1;2;-27,06504579;-49,40258726;"SPRF-SC";"DEL04-SC";"UOP02-DEL04-SC"
749490;2026-02-02;"segunda-feira";"03:30:00";"MG";50;72;"UBERLANDIA";"Condutor Dormindo";"Colisão com objeto";"Com Vítimas Feridas";"Plena Noite";"Decrescente";"Nublado";"Dupla";"Reta";"Sim";2;0;1;0;0;1;1;2;-18,89974421;-48,24080436;"SPRF-MG";"DEL15-MG";"UOP01-DEL15-MG"
749498;2026-02-02;"segunda-feira";"03:00:00";"SP";116;345;"MIRACATU";"Demais falhas mecânicas ou elétricas";"Incêndio";"Com Vítimas Feridas";"Amanhecer";"Decrescente";"Garoa/Chuvisco";"Múltipla";"Reta";"Não";4;0;1;0;2;1;1;2;-24,07328181;-47,24793511;"SPRF-SP";"DEL04-SP";"UOP03-DEL04-SP"
749499;2026-02-02;"segunda-feira";"04:00:00";"MG";262;436;"NOVA SERRANA";"Reação tardia ou ineficiente do condutor";"Colisão traseira";"Com Vítimas Feridas";"Plena Noite";"Crescente";"Céu Claro";"Dupla";"Reta";"Não";2;0;0;1;1;0;1;2;-19,873223;-44,960245;"SPRF-MG";"DEL08-MG";"UOP03-DEL08-MG"
749503;2026-02-02;"segunda-feira";"00:58:00";"SC";282;594;"SAUDADES";"Condutor Dormindo";"Tombamento";"Com Vítimas Feridas";"Plena Noite";"Decrescente";"Céu Claro";"Simples";"Curva";"Não";2;0;1;0;0;1;1;2;-26,82897275;-53,11340332;"SPRF-SC";"DEL07-SC";"UOP02-DEL07-SC"
749526;2026-02-02;"segunda-feira";"06:30:00";"MG";365;472,3;"PATROCINIO";"Condutor deixou de manter distância do veículo da frente";"Colisão traseira";"Com Vítimas Feridas";"Pleno dia";"Crescente";"Chuva";"Simples";"Reta;Aclive";"Sim";3;0;1;0;2;0;1;2;-18,9236;-46,99452;"SPRF-MG";"DEL10-MG";"UOP01-DEL10-MG"
749533;2026-02-02;"segunda-feira";"07:00:00";"RJ";393;265;"BARRA DO PIRAI";"Velocidade Incompatível";"Saída de leito carroçável";"Com Vítimas Feridas";"Pleno dia";"Decrescente";"Céu Claro";"Simples";"Curva";"Não";2;0;1;0;0;1;1;2;-22,488208;-43,915153;"SPRF-RJ";"DEL05-RJ";"UOP04-DEL05-RJ"
749536;2026-02-02;"segunda-feira";"07:40:00";"MG";381;744,5;"TRES CORACOES";"Velocidade Incompatível";"Saída de leito carroçável";"Com Vítimas Feridas";"Pleno dia";"Decrescente";"Nublado";"Dupla";"Curva";"Não";2;0;0;1;0;1;1;2;-21,61818;-45,243969;"SPRF-MG";"DEL16-MG";"UOP02-DEL16-MG"
749549;2026-02-02;"segunda-feira";"09:20:00";"ES";101;287;"CARIACICA";"Demais falhas mecânicas ou elétricas";"Incêndio";"Sem Vítimas";"Pleno dia";"Decrescente";"Céu Claro";"Dupla";"Reta";"Sim";1;0;0;0;1;0;0;1;-20,2652367;-40,38495898;"SPRF-ES";"DEL01-ES";"UOP01-DEL01-ES"
749556;2026-02-02;"segunda-feira";"10:35:00";"ES";101;259,8;"SERRA";"Transitar na contramão";"Colisão frontal";"Com Vítimas Fatais";"Pleno dia";"Crescente";"Nublado";"Simples";"Reta;Aclive";"Sim";5;1;0;2;2;0;2;3;-20,14448;-40,29072;"SPRF-ES";"DEL02-ES";"UOP01-DEL02-ES"
749560;2026-02-02;"segunda-feira";"08:10:00";"RS";290;500,8;"ROSARIO DO SUL";"Transitar na contramão";"Colisão frontal";"Com Vítimas Fatais";"Pleno dia";"Crescente";"Céu Claro";"Simples";"Reta";"Não";6;2;0;2;1;1;2;3;-30,17911;-55,110757;"SPRF-RS";"DEL11-RS";"UOP02-DEL11-RS"
749569;2026-01-25;"domingo";"21:30:00";"BA";324;477;"TANQUINHO";"Condutor Dormindo";"Colisão com objeto";"Com Vítimas Feridas";"Plena Noite";"Decrescente";"Céu Claro";"Simples";"Curva";"Não";2;0;0;1;0;1;1;2;-11,98341343;-39,08448368;"SPRF-BA";"DEL02-BA";"UOP01-DEL02-BA"
749571;2026-02-02;"segunda-feira";"11:00:00";"MS";163;476,6;"CAMPO GRANDE";"Acessar a via sem observar a presença dos outros veículos";"Colisão transversal";"Sem Vítimas";"Pleno dia";"Crescente";"Céu Claro";"Simples";"Reta";"Sim";2;0;0;0;2;0;0;2;-20,5093351;-54,55733559;"SPRF-MS";"DEL01-MS";"UOP01-DEL01-MS"
749581;2026-02-02;"segunda-feira";"10:30:00";"BA";101;889;"CARAVELAS";"Transitar na contramão";"Colisão frontal";"Com Vítimas Fatais";"Pleno dia";"Crescente";"Céu Claro";"Simples";"Reta";"Não";9;3;0;3;1;2;3;5;-17,643319;-39,770052;"SPRF-BA";"DEL09-BA";"UOP02-DEL09-BA"
749582;2026-02-02;"segunda-feira";"09:30:00";"SP";116;567;"BARRA DO TURVO";"Velocidade Incompatível";"Tombamento";"Com Vítimas Feridas";"Pleno dia";"Decrescente";"Céu Claro";"Simples";"Curva";"Não";2;0;1;0;0;1;1;2;-25,0557476;-48,5552688;"SPRF-SP";"DEL05-SP";"UOP02-DEL05-SP"
749588;2026-02-02;"segunda-feira";"11:30:00";"RS";290;60,9;"GRAVATAI";"Reação tardia ou ineficiente do condutor";"Colisão lateral mesmo sentido";"Com Vítimas Feridas";"Pleno dia";"Decrescente";"Céu Claro";"Múltipla";"Reta";"Não";4;0;1;0;2;2;1;4;-29,927737;-50,866797;"SPRF-RS";"DEL03-RS";"UOP01-DEL03-RS"
749591;2026-02-02;"segunda-feira";"12:00:00";"MT";163;755;"SORRISO";"Acumulo de água sobre o pavimento";"Saída de leito carroçável";"Sem Vítimas";"Pleno dia";"Decrescente";"Chuva";"Dupla";"Reta";"Sim";1;0;0;0;1;0;0;1;-12,5309301;-55,7038832;"SPRF-MT";"DEL06-MT";"UOP01-DEL06-MT"
749593;2026-02-02;"segunda-feira";"14:00:00";"PE";101;70;"RECIFE";"Pedestre andava na pista";"Atropelamento de Pedestre";"Com Vítimas Feridas";"Pleno dia";"Crescente";"Céu Claro";"Dupla";"Viaduto";"Não";4;0;0;1;3;0;1;4;-8,07499199;-34,94426847;"SPRF-PE";"DEL01-PE";"UOP01-DEL01-PE"
749595;2026-02-02;"segunda-feira";"14:10:00";"MG";262;359;"JUATUBA";"Ingestão de álcool pelo condutor";"Tombamento";"Com Vítimas Feridas";"Pleno dia";"Decrescente";"Céu Claro";"Dupla";"Curva;Declive";"Não";2;0;0;1;0;1;1;2;-19,9734;-44,3018;"SPRF-MG";"DEL01-MG";"UOP03-DEL01-MG"
749599;2026-02-02;"segunda-feira";"14:10:00";"PR";369;186;"ARAPONGAS";"Ausência de reação do condutor";"Colisão transversal";"Com Vítimas Feridas";"Pleno dia";"Decrescente";"Céu Claro";"Simples";"Reta";"Sim";3;0;1;0;1;3;1;5;-23,409659;-51,42778;"SPRF-PR";"DEL07-PR";"UOP03-DEL07-PR"
749607;2026-02-02;"segunda-feira";"14:40:00";"PR";277;0;"PARANAGUA";"Falta de acostamento";"Colisão lateral mesmo sentido";"Com Vítimas Feridas";"Pleno dia";"Crescente";"Garoa/Chuvisco";"Simples";"Declive;Reta";"Sim";3;0;1;0;1;2;1;4;-25,51969;-48,543472;"SPRF-PR";"DEL01-PR";"UOP05-DEL01-PR"
749614;2026-02-02;"segunda-feira";"15:25:00";"SC";101;116;"ITAJAI";"Ultrapassagem Indevida";"Saída de leito carroçável";"Com Vítimas Feridas";"Pleno dia";"Crescente";"Sol";"Dupla";"Reta";"Sim";3;0;0;2;1;0;2;2;-26,878052;-48,726661;"SPRF-SC";"DEL04-SC";"UOP04-DEL04-SC"
749620;2026-02-02;"segunda-feira";"12:45:00";"PR";277;494,3;"NOVA LARANJEIRAS";"Transitar na contramão";"Colisão frontal";"Com Vítimas Fatais";"Pleno dia";"Crescente";"Céu Claro";"Simples";"Curva";"Sim";6;1;2;1;1;3;3;7;-25,2124;-52,6504;"SPRF-PR";"DEL04-PR";"UOP04-DEL04-PR"
749621;2026-02-02;"segunda-feira";"14:40:00";"SC";470;55,5;"BLUMENAU";"Condutor deixou de manter distância do veículo da frente";"Colisão traseira";"Com Vítimas Feridas";"Pleno dia";"Decrescente";"Céu Claro";"Dupla";"Reta";"Sim";3;0;0;1;1;1;1;3;-26,87746838;-49,13010685;"SPRF-SC";"DEL04-SC";"UOP01-DEL04-SC"
749632;2026-02-02;"segunda-feira";"16:10:00";"MG";116;774,2;"LEOPOLDINA";"Demais falhas mecânicas ou elétricas";"Saída de leito carroçável";"Com Vítimas Fatais";"Pleno dia";"Decrescente";"Sol";"Simples";"Curva;Declive";"Não";1;1;0;0;0;0;0;1;-21,57807;-42,6873;"SPRF-MG";"DEL07-MG";"UOP01-DEL07-MG"
749635;2026-02-02;"segunda-feira";"17:05:00";"MG";262;366;"JUATUBA";"Entrada inopinada do pedestre";"Atropelamento de Pedestre";"Com Vítimas Feridas";"Plena Noite";"Decrescente";"Céu Claro";"Dupla";"Reta";"Não";3;0;0;1;1;1;1;3;-19,97205809;-44,3315506;"SPRF-MG";"DEL01-MG";"UOP03-DEL01-MG"
749644;2026-02-02;"segunda-feira";"16:55:00";"SC";282;483;"FAXINAL DOS GUEDES";"Condutor deixou de manter distância do veículo da frente";"Saída de leito carroçável";"Com Vítimas Feridas";"Pleno dia";"Crescente";"Céu Claro";"Simples";"Reta";"Não";3;0;1;0;1;1;1;3;-26,88360414;-52,17792258;"SPRF-SC";"DEL07-SC";"UOP01-DEL07-SC"
749645;2026-02-02;"segunda-feira";"15:00:00";"MA";316;215;"GOVERNADOR NEWTON BELLO";"Demais falhas mecânicas ou elétricas";"Saída de leito carroçável";"Com Vítimas Feridas";"Pleno dia";"Decrescente";"Céu Claro";"Simples";"Reta";"Não";3;0;3;0;0;0;3;1;-3,44479152;-45,67118023;"SPRF-MA";"DEL02-MA";"UOP01-DEL02-MA"
749648;2026-02-02;"segunda-feira";"17:20:00";"RJ";116;176;"SAO JOAO DE MERITI";"Manobra de mudança de faixa";"Colisão lateral mesmo sentido";"Com Vítimas Feridas";"Pleno dia";"Crescente";"Nublado";"Múltipla";"Reta";"Sim";4;0;1;0;2;2;1;5;-22,7839511;-43,3812798;"SPRF-RJ";"DEL06-RJ";"UOP01-DEL06-RJ"
749653;2026-02-02;"segunda-feira";"17:26:00";"SP";116;225;"GUARULHOS";"Objeto estático sobre o leito carroçável";"Colisão com objeto";"Com Vítimas Feridas";"Pleno dia";"Crescente";"Céu Claro";"Múltipla";"Reta";"Sim";2;0;1;0;1;0;1;2;-23,48944687;-46,54695366;"SPRF-SP";"DEL01-SP";"UOP01-DEL01-SP"
749656;2026-02-02;"segunda-feira";"15:11:00";"MT";163;751;"SORRISO";"Acessar a via sem observar a presença dos outros veículos";"Colisão lateral mesmo sentido";"Com Vítimas Feridas";"Pleno dia";"Decrescente";"Garoa/Chuvisco";"Dupla";"Curva;Interseção de Vias;Retorno Regulamentado";"Sim";3;0;1;0;1;2;1;4;-12,56412509;-55,72212839;"SPRF-MT";"DEL06-MT";"UOP01-DEL06-MT"
749677;2026-02-02;"segunda-feira";"19:40:00";"ES";259;40,3;"COLATINA";"Transitar na contramão";"Colisão lateral mesmo sentido";"Com Vítimas Fatais";"Plena Noite";"Crescente";"Céu Claro";"Simples";"Curva";"Não";4;1;0;0;2;1;0;4;-19,555628;-40,547578;"SPRF-ES";"DEL02-ES";"UOP01-DEL02-ES"
749680;2026-02-02;"segunda-feira";"20:00:00";"SP";153;56;"SAO JOSE DO RIO PRETO";"Ausência de reação do condutor";"Colisão traseira";"Com Vítimas Feridas";"Plena Noite";"Decrescente";"Nublado";"Dupla";"Reta";"Não";2;0;0;1;1;0;1;2;-20,7727916;-49,35088898;"SPRF-SP";"DEL09-SP";"UOP01-DEL09-SP"
749684;2026-02-02;"segunda-feira";"20:05:00";"SC";116;12,4;"MAFRA";"Ingestão de álcool pelo condutor";"Colisão transversal";"Sem Vítimas";"Plena Noite";"Decrescente";"Céu Claro";"Simples";"Interseção de Vias";"Não";3;0;0;0;2;1;0;3;-26,17959521;-49,87102327;"SPRF-SC";"DEL06-SC";"UOP01-DEL06-SC"
749687;2026-02-02;"segunda-feira";"14:30:00";"BA";116;582;"NOVA ITARANA";"Demais falhas na via";"Tombamento";"Com Vítimas Feridas";"Pleno dia";"Crescente";"Céu Claro";"Simples";"Curva";"Não";2;0;1;0;0;2;1;3;-13,1226066;-39,9915839;"SPRF-BA";"DEL03-BA";"UOP02-DEL03-BA"
749688;2026-02-02;"segunda-feira";"20:00:00";"PR";373;403;"CANDOI";"Transitar na contramão";"Colisão frontal";"Com Vítimas Fatais";"Plena Noite";"Crescente";"Céu Claro";"Simples";"Curva";"Não";2;1;0;0;1;0;0;2;-25,60724;-52,05384;"SPRF-PR";"DEL08-PR";"UOP01-DEL08-PR"
749691;2026-02-02;"segunda-feira";"21:25:00";"PR";369;456,9;"CORBELIA";"Frear bruscamente";"Colisão traseira";"Com Vítimas Feridas";"Plena Noite";"Decrescente";"Nublado";"Simples";"Curva;Declive";"Sim";2;0;1;0;1;0;1;2;-24,5878339;-53,201139;"SPRF-PR";"DEL04-PR";"UOP03-DEL04-PR"
749693;2026-02-02;"segunda-feira";"21:47:00";"SC";470;191,9;"POUSO REDONDO";"Reação tardia ou ineficiente do condutor";"Colisão lateral sentido oposto";"Com Vítimas Feridas";"Pleno dia";"Crescente";"Nublado";"Simples";"Aclive;Curva";"Não";3;0;0;2;1;0;2;2;-27,293;-50,078;"SPRF-SC";"DEL04-SC";"UOP02-DEL04-SC"