"id";"data_inversa";"dia_semana";"horario";"uf";"br";"km";"municipio";"causa_acidente";"tipo_acidente";"classificacao_acidente";"fase_dia";"sentido_via";"condicao_metereologica";"tipo_pista";"tracado_via";"uso_solo";"pessoas";"mortos";"feridos_leves";"feridos_graves";"ilesos";"ignorados";"feridos";"veiculos";"latitude";"longitude";"regional";"delegacia";"uop"
749695;2026-02-02;"segunda-feira";"12:00:00";"MA";10;248;"IMPERATRIZ";"Condutor deixou de manter distância do veículo da frente";"Colisão traseira";"Com Vítimas Feridas";"Pleno dia";"Decrescente";"Céu Claro";"Múltipla";"Reta";"Sim";2;0;0;1;1;0;1;2;-5,55899;-47,45421;"SPRF-MA";"DEL04-MA";"UOP01-DEL04-MA"
749696;2026-02-02;"segunda-feira";"22:30:00";"PE";101;201,7;"XEXEU";"Velocidade Incompatível";"Tombamento";"Com Vítimas Feridas";"Plena Noite";"Decrescente";"Céu Claro";"Dupla";"Curva;Declive";"Não";1;0;1;0;0;0;1;1;-8,78849;-35,62204;"SPRF-PE";"DEL01-PE";"UOP03-DEL01-PE"
749699;2026-02-03;"terça-feira";"00:10:00";"CE";116;37;"HORIZONTE";"Condutor Dormindo";"Colisão traseira";"Com Vítimas Fatais";"Pleno dia";"Crescente";"Céu Claro";"Dupla";"Reta";"Sim";2;1;0;0;0;1;0;2;-4,07239;-38,501301;"SPRF-CE";"DEL01-CE";"UOP02-DEL01-CE"
749701;2026-02-02;"segunda-feira";"23:35:00";"MT";163;1102;"GUARANTA DO NORTE";"Transitar na contramão";"Colisão frontal";"Com Vítimas Feridas";"Plena Noite";"Crescente";"Chuva";"Simples";"Curva;Aclive";"Não";6;0;0;3;0;3;3;6;-9,64832898;-54,87254083;"SPRF-MT";"DEL06-MT";"UOP03-DEL06-MT"
749702;2026-02-03;"terça-feira";"00:00:00";"PR";277;166;"PORTO AMAZONAS";"Ausência de reação do condutor";"Saída de leito carroçável";"Com Vítimas Feridas";"Plena Noite";"Crescente";"Céu Claro";"Simples";"Reta";"Não";4;0;3;0;0;1;3;2;-25,46371;-49,91487;"SPRF-PR";"DEL01-PR";"UOP07-DEL01-PR"
749706;2026-02-03;"terça-feira";"01:20:00";"MG";251;472;"FRANCISCO SA";"Reação tardia ou ineficiente do condutor";"Saída de leito carroçável";"Com Vítimas Feridas";"Plena Noite";"Decrescente";"Nublado";"Simples";"Curva;Declive";"Não";2;0;0;1;0;1;1;2;-16,474058;-43,422192;"SPRF-MG";"DEL12-MG";"UOP01-DEL12-MG"
749707;2026-02-03;"terça-feira";"01:50:00";"MG";381;334;"BELA VISTA DE MINAS";"Condutor Dormindo";"Tombamento";"Com Vítimas Feridas";"Plena Noite";"Decrescente";"Nublado";"Simples";"Curva;Aclive";"Não";2;0;1;0;1;0;1;1;-19,821434;-43,074777;"SPRF-MG";"DEL03-MG";"UOP01-DEL03-MG"
749712;2026-02-03;"terça-feira";"00:55:00";"PR";476;283,6;"SAO MATEUS DO SUL";"Velocidade Incompatível";"Colisão frontal";"Com Vítimas Fatais";"Plena Noite";"Decrescente";"Céu Claro";"Simples";"Reta";"Não";2;1;0;0;1;0;0;2;-25,89703;-50,43833;"SPRF-PR";"DEL02-PR";"UOP03-DEL02-PR"
749714;2026-02-03;"terça-feira";"02:00:00";"RJ";101;310;"SAO GONCALO";"Carga excessiva e/ou mal acondicionada";"Tombamento";"Com Vítimas Feridas";"Amanhecer";"Crescente";"Céu Claro";"Dupla";"Reta";"Sim";1;0;1;0;0;0;1;1;-22,79897134;-43,04992676;"SPRF-RJ";"DEL02-RJ";"UOP02-DEL02-RJ"
749716;2026-02-03;"terça-feira";"05:50:00";"BA";242;823;"BARREIRAS";"Reação tardia ou ineficiente do condutor";"Colisão traseira";"Com Vítimas Feridas";"Pleno dia";"Decrescente";"Chuva";"Simples";"Reta";"Não";4;0;1;0;2;2;1;4;-12,12694253;-45,02471924;"SPRF-BA";"DEL10-BA";"UOP01-DEL10-BA"
749717;2026-02-03;"terça-feira";"01:15:00";"MG";267;9,5;"LEOPOLDINA";"Reação tardia ou ineficiente do condutor";"Saída de leito carroçável";"Com Vítimas Feridas";"Plena Noite";"Decrescente";"Chuva";"Simples";"Reta";"Não";2;0;1;0;0;1;1;2;-21,57029129;-42,69184113;"SPRF-MG";"DEL07-MG";"UOP01-DEL07-MG"
749722;2026-02-03;"terça-feira";"07:23:00";"PA";316;63,6;"CASTANHAL";"Acessar a via sem observar a presença dos outros veículos";"Colisão transversal";"Com Vítimas Fatais";"Pleno dia";"Crescente";"Sol";"Dupla";"Reta;Interseção de Vias";"Sim";2;1;0;0;1;0;0;2;-1,29647992;-47,92294264;"SPRF-PA";"DEL01-PA";"UOP01-DEL01-PA"
749724;2026-02-03;"terça-feira";"07:20:00";"BA";101;826;"PRADO";"Acostamento em desnível";"Colisão lateral mesmo sentido";"Com Vítimas Feridas";"Pleno dia";"Decrescente";"Céu Claro";"Simples";"Reta";"Não";5;0;1;1;2;1;2;3;-17,14021353;-39,56854248;"SPRF-BA";"DEL09-BA";"UOP02-DEL09-BA"
749729;2026-02-02;"segunda-feira";"23:20:00";"SP";116;169;"JACAREI";"Reação tardia ou ineficiente do condutor";"Colisão traseira";"Sem Vítimas";"Plena Noite";"Crescente";"Nublado";"Múltipla";"Reta";"Não";2;0;0;0;2;0;0;2;-23,30654215;-46,03954911;"SPRF-SP";"DEL02-SP";"UOP01-DEL02-SP"
749739;2026-02-03;"terça-feira";"08:20:00";"PR";376;2,8;"APUCARANA";"Transitar na contramão";"Colisão frontal";"Com Vítimas Feridas";"Pleno dia";"Decrescente";"Garoa/Chuvisco";"Simples";"Reta;Aclive;Interseção de Vias";"Sim";3;0;1;0;1;1;1;3;-23,55936832;-51,43687412;"SPRF-PR";"DEL07-PR";"UOP03-DEL07-PR"
749751;2026-02-03;"terça-feira";"09:10:00";"ES";262;85,3;"DOMINGOS MARTINS";"Demais falhas mecânicas ou elétricas";"Incêndio";"Sem Vítimas";"Pleno dia";"Crescente";"Nublado";"Dupla";"Aclive;Reta";"Não";2;0;0;0;2;0;0;1;-20,397722;-40,990365;"SPRF-ES";"DEL01-ES";"UOP02-DEL01-ES"
749753;2026-02-03;"terça-feira";"05:30:00";"BA";367;26,6;"PORTO SEGURO";"Demais falhas na via";"Colisão frontal";"Com Vítimas Feridas";"Amanhecer";"Crescente";"Céu Claro";"Simples";"Reta";"Sim";3;0;1;0;0;2;1;3;-16,4266;-39,098567;"SPRF-BA";"DEL09-BA";"UOP03-DEL09-BA"
749758;2026-02-03;"terça-feira";"10:20:00";"SP";381;74;"SAO PAULO";"Ausência de reação do condutor";"Colisão traseira";"Com Vítimas Feridas";"Pleno dia";"Decrescente";"Chuva";"Múltipla";"Curva;Aclive";"Não";2;0;1;0;1;0;1;2;-23,39545695;-46,57248393;"SPRF-SP";"DEL03-SP";"UOP01-DEL03-SP"
749762;2026-02-03;"terça-feira";"10:40:00";"MG";381;813;"CAREACU";"Sinalização mal posicionada";"Colisão traseira";"Com Vítimas Feridas";"Pleno dia";"Crescente";"Chuva";"Dupla";"Declive;Curva";"Não";5;0;2;0;2;1;2;3;-22,02063;-45,6818;"SPRF-MG";"DEL16-MG";"UOP02-DEL16-MG"
749763;2026-02-03;"terça-feira";"05:30:00";"RJ";116;209;"SEROPEDICA";"Pedestre andava na pista";"Atropelamento de Pedestre";"Com Vítimas Fatais";"Amanhecer";"Decrescente";"Céu Claro";"Múltipla";"Reta";"Não";2;1;0;0;0;1;0;2;-22,72091672;-43,68304828;"SPRF-RJ";"DEL06-RJ";"UOP02-DEL06-RJ"
749764;2026-02-03;"terça-feira";"08:30:00";"SC";101;20,3;"JOINVILLE";"Manobra de mudança de faixa";"Colisão lateral mesmo sentido";"Com Vítimas Fatais";"Pleno dia";"Decrescente";"Nublado";"Dupla";"Reta";"Não";4;1;0;0;1;2;0;4;-26,1431734;-48,9051051;"SPRF-SC";"DEL03-SC";"UOP01-DEL03-SC"
749765;2026-02-03;"terça-feira";"08:30:00";"SC";101;113;"ITAJAI";"Ausência de reação do condutor";"Tombamento";"Com Vítimas Feridas";"Pleno dia";"Decrescente";"Céu Claro";"Múltipla";"Reta";"Não";2;0;1;0;0;1;1;2;-26,85455148;-48,72685432;"SPRF-SC";"DEL04-SC";"UOP04-DEL04-SC"
749768;2026-02-03;"terça-feira";"04:50:00";"MG";262;2,5;"MARTINS SOARES";"Acumulo de água sobre o pavimento";"Colisão frontal";"Com Vítimas Feridas";"Amanhecer";"Crescente";"Chuva";"Simples";"Curva;Declive";"Não";3;0;1;0;1;4;1;6;-20,2554133;-41,7808933;"SPRF-MG";"DEL06-MG";"UOP03-DEL06-MG"
749772;2026-02-03;"terça-feira";"08:20:00";"PA";316;34;"SANTA IZABEL DO PARA";"Ausência de reação do condutor";"Colisão lateral mesmo sentido";"Sem Vítimas";"Pleno dia";"Decrescente";"Nublado";"Dupla";"Reta";"Sim";4;0;0;0;1;3;0;3;-1,292986;-48,170971;"SPRF-PA";"DEL01-PA";"UOP01-DEL01-PA"
749773;2026-02-03;"terça-feira";"08:00:00";"RJ";101;394;"ITAGUAI";"Animais na Pista";"Colisão lateral mesmo sentido";"Com Vítimas Feridas";"Pleno dia";"Crescente";"Céu Claro";"Dupla";"Reta";"Não";2;0;1;0;0;1;1;2;-22,85890867;-43,75939612;"SPRF-RJ";"DEL03-RJ";"UOP01-DEL03-RJ"
749776;2026-02-03;"terça-feira";"11:30:00";"PR";116;101,9;"SAO JOSE DOS PINHAIS";"Problema com o freio";"Colisão traseira";"Sem Vítimas";"Pleno dia";"Crescente";"Nublado";"Dupla";"Reta";"Não";2;0;0;0;2;0;0;2;-25,568159;-49,177007;"SPRF-PR";"DEL01-PR";"UOP08-DEL01-PR"
749779;2026-02-03;"terça-feira";"11:10:00";"MG";381;2;"BETIM";"Ultrapassagem Indevida";"Colisão lateral mesmo sentido";"Com Vítimas Feridas";"Pleno dia";"Crescente";"Nublado";"Dupla";"Reta";"Sim";3;0;2;0;1;0;2;3;-19,981319;-44,16275;"SPRF-MG";"DEL01-MG";"UOP03-DEL01-MG"
749780;2026-02-03;"terça-feira";"12:00:00";"RJ";116;182;"NOVA IGUACU";"Ausência de reação do condutor";"Colisão traseira";"Com Vítimas Feridas";"Pleno dia";"Decrescente";"Nublado";"Dupla";"Reta";"Não";3;0;1;0;2;0;1;2;-22,77383899;-43,47623444;"SPRF-RJ";"DEL06-RJ";"UOP01-DEL06-RJ"
749785;2026-02-03;"terça-feira";"11:30:00";"RJ";393;257,6;"BARRA DO PIRAI";"Conversão proibida";"Colisão transversal";"Com Vítimas Feridas";"Pleno dia";"Crescente";"Sol";"Simples";"Reta";"Não";3;0;0;1;1;1;1;3;-22,464807;-43,855924;"SPRF-RJ";"DEL05-RJ";"UOP04-DEL05-RJ"
749792;2026-02-03;"terça-feira";"12:20:00";"RJ";40;112;"DUQUE DE CAXIAS";"Reação tardia ou ineficiente do condutor";"Colisão traseira";"Com Vítimas Feridas";"Pleno dia";"Decrescente";"Céu Claro";"Dupla";"Reta";"Sim";5;0;2;0;2;1;2;3;-22,70210279;-43,2900781;"SPRF-RJ";"DEL01-RJ";"UOP02-DEL01-RJ"
749793;2026-02-03;"terça-feira";"11:45:00";"AL";101;247;"PORTO REAL DO COLEGIO";"Velocidade Incompatível";"Tombamento";"Com Vítimas Feridas";"Pleno dia";"Crescente";"Céu Claro";"Dupla";"Curva";"Não";6;0;2;0;3;3;2;5;-10,20203518;-36,81756115;"SPRF-AL";"DEL02-AL";"UOP02-DEL02-AL"
749796;2026-02-03;"terça-feira";"07:45:00";"MG";381;231,5;"SANTANA DO PARAISO";"Acessar a via sem observar a presença dos outros veículos";"Colisão transversal";"Com Vítimas Feridas";"Pleno dia";"Decrescente";"Céu Claro";"Simples";"Retorno Regulamentado";"Não";2;0;0;1;1;0;1;2;-19,371337;-42,457552;"SPRF-MG";"DEL06-MG";"UOP01-DEL06-MG"
749803;2026-02-03;"terça-feira";"14:10:00";"SP";116;350;"MIRACATU";"Problema com o freio";"Colisão lateral mesmo sentido";"Com Vítimas Feridas";"Pleno dia";"Crescente";"Garoa/Chuvisco";"Dupla";"Reta;Declive";"Não";5;0;2;0;2;3;2;7;-24,0615501;-47,2262938;"SPRF-SP";"DEL04-SP";"UOP03-DEL04-SP"
749819;2026-02-03;"terça-feira";"15:20:00";"MG";459;73;"SENADOR JOSE BENTO";"Restrição de visibilidade em curvas horizontais";"Colisão transversal";"Com Vítimas Feridas";"Pleno dia";"Crescente";"Nublado";"Simples";"Curva;Aclive;Interseção de Vias";"Não";4;0;1;0;3;0;1;2;-22,13343198;-46,15644962;"SPRF-MG";"DEL09-MG";"UOP01-DEL09-MG"
749822;2026-02-03;"terça-feira";"13:50:00";"SC";116;41,3;"ITAIOPOLIS";"Ausência de reação do condutor";"Colisão lateral sentido oposto";"Com Vítimas Feridas";"Pleno dia";"Decrescente";"Nublado";"Simples";"Reta";"Não";3;0;0;1;1;1;1;3;-26,33739344;-50,00532389;"SPRF-SC";"DEL06-SC";"UOP01-DEL06-SC"
749823;2026-02-03;"terça-feira";"15:20:00";"ES";101;112,6;"LINHARES";"Condutor Dormindo";"Colisão com objeto";"Com Vítimas Feridas";"Pleno dia";"Crescente";"Céu Claro";"Simples";"Reta;Aclive";"Não";2;0;1;0;0;1;1;2;-19,08444577;-40,0459515;"SPRF-ES";"DEL04-ES";"UOP01-DEL04-ES"
749828;2026-02-03;"terça-feira";"13:55:00";"MS";163;11;"MUNDO NOVO";"Condutor deixou de manter distância do veículo da frente";"Colisão traseira";"Sem Vítimas";"Pleno dia";"Decrescente";"Chuva";"Simples";"Aclive;Em Obras";"Não";4;0;0;0;3;2;0;4;-23,968;-54,328;"SPRF-MS";"DEL09-MS";"UOP02-DEL09-MS"
749830;2026-02-03;"terça-feira";"12:50:00";"PA";316;93;"SAO FRANCISCO DO PARA";"Transitar na contramão";"Colisão frontal";"Com Vítimas Feridas";"Pleno dia";"Decrescente";"Chuva";"Simples";"Reta";"Não";3;0;0;1;1;1;1;3;-1,324995;-47,66052;"SPRF-PA";"DEL01-PA";"UOP02-DEL01-PA"
749836;2026-02-03;"terça-feira";"16:40:00";"MG";381;511;"IGARAPE";"Problema com o freio";"Colisão lateral mesmo sentido";"Com Vítimas Feridas";"Pleno dia";"Decrescente";"Nublado";"Múltipla";"Reta;Declive";"Não";9;0;5;0;3;2;5;7;-20,06006328;-44,29060936;"SPRF-MG";"DEL01-MG";"UOP03-DEL01-MG"
749844;2026-02-03;"terça-feira";"17:00:00";"RN";405;79,8;"APODI";"Acesso irregular";"Colisão lateral mesmo sentido";"Com Vítimas Fatais";"Pleno dia";"Crescente";"Céu Claro";"Simples";"Reta";"Não";2;1;0;0;1;0;0;2;-5,70155513;-37,80252594;"SPRF-RN";"DEL04-RN";"UOP02-DEL04-RN"
749845;2026-02-03;"terça-feira";"16:00:00";"AL";101;218;"PORTO REAL DO COLEGIO";"Problema com o freio";"Colisão lateral mesmo sentido";"Com Vítimas Feridas";"Pleno dia";"Decrescente";"Sol";"Dupla";"Reta;Em Obras";"Não";4;0;1;1;1;3;2;6;-10,12165355;-36,73244476;"SPRF-AL";"DEL02-AL";"UOP02-DEL02-AL"
749846;2026-02-03;"terça-feira";"16:40:00";"ES";101;269;"SERRA";"Acessar a via sem observar a presença dos outros veículos";"Colisão transversal";"Com Vítimas Feridas";"Anoitecer";"Decrescente";"Nublado";"Múltipla";"Reta;Interseção de Vias";"Sim";2;0;1;0;1;0;1;2;-20,21798575;-40,26974201;"SPRF-ES";"DEL02-ES";"UOP01-DEL02-ES"
749847;2026-02-03;"terça-feira";"14:39:00";"MT";364;267;"JACIARA";"Ausência de reação do condutor";"Colisão traseira";"Com Vítimas Feridas";"Pleno dia";"Crescente";"Chuva";"Dupla";"Reta";"Não";2;0;1;0;1;0;1;2;-15,98746;-54,92705;"SPRF-MT";"DEL02-MT";"UOP01-DEL02-MT"
749854;2026-02-03;"terça-feira";"16:00:00";"SP";116;501;"CAJATI";"Acessar a via sem observar a presença dos outros veículos";"Colisão lateral mesmo sentido";"Com Vítimas Feridas";"Pleno dia";"Decrescente";"Chuva";"Simples";"Reta";"Não";4;0;2;0;1;1;2;3;-24,78290893;-48,17273676;"SPRF-SP";"DEL05-SP";"UOP02-DEL05-SP"
749856;2026-02-03;"terça-feira";"17:00:00";"MG";262;423;"SAO GONCALO DO PARA";"Manobra de mudança de faixa";"Colisão traseira";"Com Vítimas Feridas";"Pleno dia";"Decrescente";"Nublado";"Dupla";"Aclive";"Não";3;0;1;0;1;3;1;5;-19,896373;-44,849906;"SPRF-MG";"DEL08-MG";"UOP03-DEL08-MG"
749857;2026-02-03;"terça-feira";"11:00:00";"RO";364;298,1;"PRESIDENTE MEDICI";"Ausência de reação do condutor";"Colisão traseira";"Com Vítimas Feridas";"Pleno dia";"Decrescente";"Céu Claro";"Simples";"Reta";"Não";3;0;1;0;1;3;1;5;-11,262407;-61,902128;"SPRF-RO";"DEL02-RO";"UOP01-DEL02-RO"
749861;2026-02-03;"terça-feira";"16:40:00";"MT";163;829;"SINOP";"Acessar a via sem observar a presença dos outros veículos";"Tombamento";"Com Vítimas Feridas";"Anoitecer";"Decrescente";"Céu Claro";"Simples";"Retorno Regulamentado";"Sim";5;0;2;0;3;0;2;2;-11,91306199;-55,50880909;"SPRF-MT";"DEL06-MT";"UOP02-DEL06-MT"
749865;2026-02-03;"terça-feira";"15:21:00";"MT";70;2,9;"BARRA DO GARCAS";"Condutor deixou de manter distância do veículo da frente";"Colisão traseira";"Com Vítimas Feridas";"Pleno dia";"Decrescente";"Céu Claro";"Dupla";"Reta;Aclive";"Sim";3;0;1;0;1;1;1;3;-15,882647;-52,275613;"SPRF-MT";"DEL07-MT";"UOP01-DEL07-MT"
749869;2026-02-03;"terça-feira";"16:10:00";"TO";10;462,8;"PALMAS";"Manobra de mudança de faixa";"Colisão lateral mesmo sentido";"Com Vítimas Feridas";"Pleno dia";"Decrescente";"Céu Claro";"Múltipla";"Reta";"Sim";3;0;1;0;1;2;1;4;-10,241175;-48,312094;"SPRF-TO";"DEL01-TO";"UOP03-DEL01-TO"
749876;2026-02-03;"terça-feira";"18:15:00";"PR";116;23;"ANTONINA";"Chuva";"Saída de leito carroçável";"Com Vítimas Feridas";"Plena Noite";"Decrescente";"Chuva";"Dupla";"Curva;Declive";"Não";2;0;1;0;0;1;1;2;-25,113287;-48,758342;"SPRF-PR";"DEL01-PR";"UOP02-DEL01-PR"
749880;2026-02-03;"terça-feira";"17:50:00";"RJ";40;113;"DUQUE DE CAXIAS";"Manobra de mudança de faixa";"Colisão lateral mesmo sentido";"Com Vítimas Feridas";"Pleno dia";"Decrescente";"Céu Claro";"Múltipla";"Reta";"Sim";3;0;0;1;2;0;1;3;-22,70621011;-43,29021547;"SPRF-RJ";"DEL01-RJ";"UOP02-DEL01-RJ"
749883;2026-02-03;"terça-feira";"18:10:00";"TO";153;93;"WANDERLANDIA";"Ausência de reação do condutor";"Saída de leito carroçável";"Com Vítimas Feridas";"Anoitecer";"Crescente";"Nublado";"Simples";"Curva";"Sim";2;0;1;0;0;1;1;2;-6,854422;-47,973005;"SPRF-TO";"DEL02-TO";"UOP01-DEL02-TO"
749894;2026-02-03;"terça-feira";"19:15:00";"MG";40;662,7;"CARANDAI";"Acostamento em desnível";"Saída de leito carroçável";"Com Vítimas Feridas";"Plena Noite";"Decrescente";"Chuva";"Simples";"Reta;Declive";"Não";1;0;1;0;0;0;1;1;-20,92366;-43,82117;"SPRF-MG";"DEL05-MG";"UOP02-DEL05-MG"
749896;2026-02-03;"terça-feira";"21:00:00";"SC";101;215,7;"PALHOCA";"Ausência de reação do condutor";"Colisão traseira";"Com Vítimas Feridas";"Plena Noite";"Decrescente";"Nublado";"Múltipla";"Reta";"Sim";3;0;1;0;2;0;1;2;-27,65744472;-48,67805656;"SPRF-SC";"DEL01-SC";"UOP02-DEL01-SC"
749902;2026-02-03;"terça-feira";"21:44:00";"PE";316;55;"TRINDADE";"Ausência de reação do condutor";"Colisão traseira";"Com Vítimas Fatais";"Plena Noite";"Crescente";"Nublado";"Simples";"Reta";"Sim";2;1;0;0;0;1;0;2;-7,741713;-40,283398;"SPRF-PE";"DEL05-PE";"UOP02-DEL05-PE"
749904;2026-02-03;"terça-feira";"20:20:00";"GO";414;372,4;"COCALZINHO DE GOIAS";"Pedestre - Ingestão de álcool/ substâncias psicoativas";"Atropelamento de Pedestre";"Com Vítimas Fatais";"Plena Noite";"Crescente";"Chuva";"Dupla";"Reta;Retorno Regulamentado";"Não";3;1;0;0;1;1;0;2;-15,765079;-48,758459;"SPRF-GO";"DEL02-GO";"UOP01-DEL02-GO"
749907;2026-02-03;"terça-feira";"19:20:00";"AL";424;96,3;"SATUBA";"Transitar na contramão";"Colisão frontal";"Com Vítimas Fatais";"Plena Noite";"Decrescente";"Céu Claro";"Simples";"Curva";"Não";2;1;0;1;0;0;1;2;-9,621385;-35,862988;"SPRF-AL";"DEL02-AL";"UOP01-DEL02-AL"
749912;2026-02-03;"terça-feira";"21:50:00";"BA";242;802;"BARREIRAS";"Acessar a via sem observar a presença dos outros veículos";"Atropelamento de Pedestre";"Com Vítimas Feridas";"Plena Noite";"Decrescente";"Céu Claro";"Simples";"Declive";"Não";3;0;0;1;1;1;1;3;-12,14199;-44,89726;"SPRF-BA";"DEL10-BA";"UOP01-DEL10-BA"
749915;2026-02-03;"terça-feira";"21:40:00";"MG";116;221,9;"CATUJI";"Problema com o freio";"Saída de leito carroçável";"Com Vítimas Feridas";"Plena Noite";"Decrescente";"Nublado";"Simples";"Curva;Declive";"Não";3;0;2;1;0;0;3;1;-17,423293;-41,5137;"SPRF-MG";"DEL11-MG";"UOP01-DEL11-MG"
749919;2026-02-03;"terça-feira";"19:20:00";"MG";40;2,2;"PARACATU";"Condutor deixou de manter distância do veículo da frente";"Colisão traseira";"Com Vítimas Feridas";"Anoitecer";"Crescente";"Chuva";"Simples";"Reta;Aclive";"Não";2;0;1;0;0;1;1;2;-17,04007021;-47,15019465;"SPRF-MG";"DEL14-MG";"UOP01-DEL14-MG"
749921;2026-02-03;"terça-feira";"14:00:00";"MG";262;36,4;"MANHUACU";"Reação tardia ou ineficiente do condutor";"Colisão traseira";"Sem Vítimas";"Pleno dia";"Decrescente";"Céu Claro";"Simples";"Rotatória";"Sim";2;0;0;0;2;0;0;2;-20,26729639;-42,03668386;"SPRF-MG";"DEL06-MG";"UOP03-DEL06-MG"
749925;2026-02-04;"quarta-feira";"01:15:00";"MG";116;638,9;"DIVINO";"Velocidade Incompatível";"Tombamento";"Com Vítimas Feridas";"Plena Noite";"Decrescente";"Chuva";"Simples";"Curva;Declive";"Não";2;0;0;1;0;1;1;2;-20,64097;-42,24441;"SPRF-MG";"DEL07-MG";"UOP02-DEL07-MG"
749926;2026-02-03;"terça-feira";"23:40:00";"SP";116;7,3;"QUELUZ";"Condutor Dormindo";"Tombamento";"Com Vítimas Feridas";"Plena Noite";"Crescente";"Nublado";"Dupla";"Reta";"Sim";2;0;1;0;0;1;1;2;-22,5309273;-44,75160321;"SPRF-SP";"DEL08-SP";"UOP02-DEL08-SP"
749931;2026-02-04;"quarta-feira";"03:00:00";"PI";343;525;"AMARANTE";"Ausência de reação do condutor";"Tombamento";"Com Vítimas Feridas";"Plena Noite";"Crescente";"Céu Claro";"Simples";"Reta";"Não";2;0;1;0;0;1;1;2;-6,409397;-42,796257;"SPRF-PI";"DEL03-PI";"UOP01-DEL03-PI"
749932;2026-02-03;"terça-feira";"16:30:00";"BA";324;5;"FEIRA DE SANTANA";"Frear bruscamente";"Colisão traseira";"Com Vítimas Feridas";"Pleno dia";"Crescente";"Céu Claro";"Dupla";"Reta";"Não";4;0;1;0;2;2;1;4;-12,27535165;-38,98343682;"SPRF-BA";"DEL02-BA";"UOP01-DEL02-BA"
749935;2026-02-04;"quarta-feira";"05:05:00";"MG";365;95,6;"JEQUITAI";"Condutor Dormindo";"Colisão com objeto";"Com Vítimas Feridas";"Amanhecer";"Decrescente";"Nublado";"Simples";"Ponte;Reta";"Não";4;0;1;0;2;2;1;4;-17,21508;-44,46891;"SPRF-MG";"DEL12-MG";"UOP01-DEL12-MG"
749941;2026-02-04;"quarta-feira";"06:20:00";"TO";153;289;"PRESIDENTE KENNEDY";"Transitar na contramão";"Colisão lateral sentido oposto";"Com Vítimas Feridas";"Amanhecer";"Crescente";"Céu Claro";"Simples";"Reta";"Não";3;0;1;0;2;0;1;2;-8,438805;-48,483733;"SPRF-TO";"DEL02-TO";"UOP02-DEL02-TO"
749944;2026-02-04;"quarta-feira";"07:04:00";"RN";101;79,6;"SAO GONCALO DO AMARANTE";"Ausência de reação do condutor";"Colisão traseira";"Com Vítimas Feridas";"Pleno dia";"Crescente";"Céu Claro";"Dupla";"Reta";"Não";3;0;1;0;2;0;1;3;-5,754258;-35,288798;"SPRF-RN";"DEL02-RN";"UOP01-DEL02-RN"
749949;2026-02-04;"quarta-feira";"06:30:00";"PE";408;78,5;"PAUDALHO";"Condutor deixou de manter distância do veículo da frente";"Tombamento";"Com Vítimas Feridas";"Pleno dia";"Decrescente";"Céu Claro";"Dupla";"Reta";"Sim";2;0;1;0;1;0;1;2;-7,92369216;-35,15480071;"SPRF-PE";"DEL01-PE";"UOP01-DEL01-PE"
749953;2026-02-04;"quarta-feira";"07:50:00";"PR";116;117;"CURITIBA";"Reação tardia ou ineficiente do condutor";"Colisão traseira";"Com Vítimas Feridas";"Pleno dia";"Decrescente";"Céu Claro";"Dupla";"Reta";"Sim";2;0;1;0;1;0;1;2;-25,55979233;-49,30718997;"SPRF-PR";"DEL01-PR";"UOP03-DEL01-PR"
749962;2026-02-04;"quarta-feira";"07:20:00";"SC";282;45,7;"AGUAS MORNAS";"Transitar na contramão";"Colisão lateral sentido oposto";"Com Vítimas Feridas";"Pleno dia";"Crescente";"Céu Claro";"Simples";"Aclive;Curva";"Não";6;0;1;2;2;1;3;4;-27,719679;-48,92305;"SPRF-SC";"DEL01-SC";"UOP03-DEL01-SC"
749963;2026-02-03;"terça-feira";"23:00:00";"MT";163;867;"SINOP";"Transitar na contramão";"Colisão frontal";"Com Vítimas Feridas";"Pleno dia";"Decrescente";"Céu Claro";"Simples";"Reta";"Não";5;0;3;0;0;2;3;3;-11,59338689;-55,42473793;"SPRF-MT";"DEL06-MT";"UOP02-DEL06-MT"
749970;2026-02-04;"quarta-feira";"09:00:00";"RJ";393;285;"VOLTA REDONDA";"Ausência de reação do condutor";"Queda de ocupante de veículo";"Com Vítimas Feridas";"Pleno dia";"Crescente";"Céu Claro";"Dupla";"Interseção de Vias";"Sim";2;0;1;0;1;0;1;2;-22,5065219;-44,07732993;"SPRF-RJ";"DEL05-RJ";"UOP04-DEL05-RJ"
749971;2026-02-04;"quarta-feira";"07:30:00";"MT";364;333;"SANTO ANTONIO DO LEVERGER";"Reação tardia ou ineficiente do condutor";"Colisão traseira";"Com Vítimas Feridas";"Amanhecer";"Decrescente";"Nublado";"Dupla";"Reta;Aclive";"Não";3;0;0;1;1;2;1;4;-15,828396;-55,458259;"SPRF-MT";"DEL05-MT";"UOP02-DEL05-MT"
749976;2026-02-04;"quarta-feira";"10:00:00";"RJ";116;189;"NOVA IGUACU";"Reação tardia ou ineficiente do condutor";"Colisão lateral mesmo sentido";"Com Vítimas Fatais";"Pleno dia";"Decrescente";"Céu Claro";"Dupla";"Reta";"Sim";4;1;0;0;2;1;0;4;-22,73853632;-43,49389672;"SPRF-RJ";"DEL06-RJ";"UOP01-DEL06-RJ"
749977;2026-02-04;"quarta-feira";"07:56:00";"RO";319;135;"PORTO VELHO";"Reação tardia ou ineficiente do condutor";"Eventos atípicos";"Sem Vítimas";"Pleno dia";"Crescente";"Sol";"Simples";"Retorno Regulamentado";"Não";3;0;0;0;1;4;0;5;-8,7402571;-63,93384969;"SPRF-RO";"DEL01-RO";"UOP01-DEL01-RO"