"id";"data_inversa";"dia_semana";"horario";"uf";"br";"km";"municipio";"causa_acidente";"tipo_acidente";"classificacao_acidente";"fase_dia";"sentido_via";"condicao_metereologica";"tipo_pista";"tracado_via";"uso_solo";"pessoas";"mortos";"feridos_leves";"feridos_graves";"ilesos";"ignorados";"feridos";"veiculos";"latitude";"longitude";"regional";"delegacia";"uop"
750495;2026-02-06;"sexta-feira";"17:50:00";"ES";101;438,2;"MIMOSO DO SUL";"Ultrapassagem Indevida";"Colisão frontal";"Com Vítimas Fatais";"Pleno dia";"Crescente";"Nublado";"Simples";"Reta";"Não";4;1;0;0;1;2;0;3;-21,0681404;-41,2232845;"SPRF-ES";"DEL03-ES";"UOP02-DEL03-ES"
750496;2026-02-06;"sexta-feira";"18:20:00";"SC";101;141;"ITAPEMA";"Condutor usando celular";"Colisão traseira";"Sem Vítimas";"Pleno dia";"Crescente";"Sol";"Dupla";"Reta";"Sim";2;0;0;0;2;0;0;2;-27,05850841;-48,59722137;"SPRF-SC";"DEL04-SC";"UOP03-DEL04-SC"
750500;2026-02-06;"sexta-feira";"18:10:00";"SC";101;113;"ITAJAI";"Trafegar com motocicleta (ou similar) entre as faixas";"Colisão lateral mesmo sentido";"Com Vítimas Feridas";"Anoitecer";"Decrescente";"Céu Claro";"Múltipla";"Reta";"Sim";2;0;1;0;1;0;1;2;-26,84708165;-48,72229323;"SPRF-SC";"DEL04-SC";"UOP04-DEL04-SC"
750507;2026-02-06;"sexta-feira";"18:30:00";"PB";230;25;"JOAO PESSOA";"Ausência de reação do condutor";"Colisão traseira";"Sem Vítimas";"Plena Noite";"Crescente";"Garoa/Chuvisco";"Múltipla";"Viaduto;Reta;Aclive";"Sim";3;0;0;0;2;1;0;3;-7,17002566;-34,87229669;"SPRF-PB";"DEL01-PB";"UOP01-DEL01-PB"
750514;2026-02-06;"sexta-feira";"19:45:00";"ES";101;69,8;"SAO MATEUS";"Suicídio (presumido)";"Atropelamento de Pedestre";"Com Vítimas Feridas";"Plena Noite";"Decrescente";"Céu Claro";"Simples";"Declive;Reta";"Não";4;0;0;1;3;0;1;3;-18,74197014;-39,86130061;"SPRF-ES";"DEL04-ES";"UOP02-DEL04-ES"
750526;2026-02-06;"sexta-feira";"19:00:00";"PR";373;228,3;"IMBITUVA";"Acessar a via sem observar a presença dos outros veículos";"Colisão transversal";"Com Vítimas Feridas";"Plena Noite";"Decrescente";"Ignorado";"Simples";"Reta";"Sim";3;0;0;1;1;2;1;4;-25,178414;-50,652293;"SPRF-PR";"DEL03-PR";"UOP01-DEL03-PR"
750528;2026-02-06;"sexta-feira";"13:30:00";"RJ";465;17;"SEROPEDICA";"Mal súbito do condutor";"Colisão lateral mesmo sentido";"Com Vítimas Feridas";"Pleno dia";"Decrescente";"Céu Claro";"Simples";"Reta";"Sim";3;0;2;0;0;1;2;3;-22,83852797;-43,61228943;"SPRF-RJ";"DEL06-RJ";"UOP02-DEL06-RJ"
750536;2026-02-06;"sexta-feira";"20:50:00";"PA";316;19;"BENEVIDES";"Acostamento em desnível";"Tombamento";"Com Vítimas Feridas";"Plena Noite";"Crescente";"Nublado";"Dupla";"Reta";"Sim";3;0;2;0;0;1;2;2;-1,364322;-48,27254;"SPRF-PA";"DEL01-PA";"UOP01-DEL01-PA"
750538;2026-02-06;"sexta-feira";"14:20:00";"PR";277;569;"CASCAVEL";"Velocidade Incompatível";"Colisão com objeto";"Sem Vítimas";"Pleno dia";"Decrescente";"Céu Claro";"Múltipla";"Reta";"Não";3;0;0;0;0;3;0;2;-25,021987;-53,278274;"SPRF-PR";"DEL04-PR";"UOP01-DEL04-PR"
750544;2026-02-06;"sexta-feira";"17:00:00";"MS";60;128,6;"PARAISO DAS AGUAS";"Ausência de reação do condutor";"Colisão com objeto";"Com Vítimas Feridas";"Pleno dia";"Crescente";"Nublado";"Simples";"Reta";"Não";8;0;2;0;3;4;2;6;-19,339675;-53,475686;"SPRF-MS";"DEL06-MS";"UOP02-DEL06-MS"
750547;2026-02-06;"sexta-feira";"19:58:00";"MG";116;531,5;"CARATINGA";"Reação tardia ou ineficiente do condutor";"Colisão lateral sentido oposto";"Com Vítimas Feridas";"Plena Noite";"Crescente";"Céu Claro";"Simples";"Curva";"Não";4;0;0;2;1;1;2;3;-19,827871;-42,139581;"SPRF-MG";"DEL06-MG";"UOP02-DEL06-MG"
750550;2026-02-06;"sexta-feira";"11:40:00";"MA";222;516,3;"BURITICUPU";"Acesso irregular";"Colisão transversal";"Com Vítimas Feridas";"Pleno dia";"Decrescente";"Céu Claro";"Simples";"Curva";"Não";6;0;0;2;1;3;2;3;-4,350517;-46,374785;"SPRF-MA";"DEL02-MA";"UOP01-DEL02-MA"
750555;2026-02-06;"sexta-feira";"21:50:00";"PR";277;533,7;"GUARANIACU";"Acessar a via sem observar a presença dos outros veículos";"Colisão transversal";"Com Vítimas Feridas";"Plena Noite";"Decrescente";"Céu Claro";"Simples";"Reta";"Sim";5;0;2;0;2;2;2;4;-25,096793;-52,96692;"SPRF-PR";"DEL04-PR";"UOP04-DEL04-PR"
750556;2026-02-06;"sexta-feira";"20:00:00";"BA";116;569;"BREJOES";"Manobra de mudança de faixa";"Colisão frontal";"Com Vítimas Feridas";"Plena Noite";"Decrescente";"Céu Claro";"Simples";"Reta";"Não";3;0;0;1;1;1;1;3;-13,033327;-39,964843;"SPRF-BA";"DEL03-BA";"UOP02-DEL03-BA"
750561;2026-02-06;"sexta-feira";"21:30:00";"MG";40;617,8;"CONGONHAS";"Ingestão de álcool pelo condutor";"Colisão lateral mesmo sentido";"Sem Vítimas";"Plena Noite";"Crescente";"Nublado";"Simples";"Interseção de Vias;Reta";"Não";2;0;0;0;2;0;0;2;-20,56723926;-43,81167982;"SPRF-MG";"DEL05-MG";"UOP02-DEL05-MG"
750563;2026-02-06;"sexta-feira";"22:22:00";"RJ";465;22;"RIO DE JANEIRO";"Ausência de reação do condutor";"Colisão traseira";"Com Vítimas Feridas";"Plena Noite";"Crescente";"Chuva";"Simples";"Reta";"Não";4;0;3;0;1;0;3;2;-22,8676343;-43,59992981;"SPRF-RJ";"DEL03-RJ";"UOP01-DEL03-RJ"
750567;2026-02-06;"sexta-feira";"23:52:00";"PR";116;113;"CURITIBA";"Ingestão de álcool pelo condutor";"Colisão lateral mesmo sentido";"Sem Vítimas";"Plena Noite";"Crescente";"Nublado";"Dupla";"Interseção de Vias";"Não";3;0;0;0;2;1;0;3;-25,546848;-49,290545;"SPRF-PR";"DEL01-PR";"UOP03-DEL01-PR"
750568;2026-02-07;"sábado";"01:57:00";"GO";153;558;"PROFESSOR JAMIL";"Ausência de reação do condutor";"Saída de leito carroçável";"Com Vítimas Feridas";"Plena Noite";"Crescente";"Garoa/Chuvisco";"Dupla";"Curva";"Não";1;0;0;1;0;0;1;1;-17,200405;-49,208083;"SPRF-GO";"DEL03-GO";"UOP01-DEL03-GO"
750572;2026-02-07;"sábado";"02:00:00";"MG";381;323;"NOVA ERA";"Ausência de reação do condutor";"Colisão traseira";"Com Vítimas Feridas";"Plena Noite";"Crescente";"Céu Claro";"Dupla";"Reta";"Sim";2;0;1;0;1;0;1;2;-19,76051868;-43,03317625;"SPRF-MG";"DEL03-MG";"UOP02-DEL03-MG"
750576;2026-02-06;"sexta-feira";"23:30:00";"MT";364;493,6;"JANGADA";"Transitar na contramão";"Colisão lateral sentido oposto";"Com Vítimas Fatais";"Plena Noite";"Decrescente";"Nublado";"Simples";"Reta";"Sim";2;1;0;0;0;1;0;2;-15,243073;-56,481045;"SPRF-MT";"DEL01-MT";"UOP01-DEL01-MT"
750586;2026-02-07;"sábado";"02:45:00";"SC";101;271,7;"IMBITUBA";"Condutor deixou de manter distância do veículo da frente";"Colisão traseira";"Com Vítimas Feridas";"Plena Noite";"Decrescente";"Céu Claro";"Dupla";"Reta";"Não";4;0;2;0;1;1;2;2;-28,121229;-48,69722;"SPRF-SC";"DEL02-SC";"UOP03-DEL02-SC"
750596;2026-02-07;"sábado";"05:15:00";"MA";135;10;"SAO LUIS";"Reação tardia ou ineficiente do condutor";"Colisão com objeto";"Com Vítimas Feridas";"Amanhecer";"Crescente";"Chuva";"Dupla";"Reta";"Sim";2;0;1;1;0;0;2;1;-2,67226634;-44,29142743;"SPRF-MA";"DEL01-MA";"UOP01-DEL01-MA"
750607;2026-02-07;"sábado";"03:50:00";"PE";232;278;"SERTANIA";"Demais falhas mecânicas ou elétricas";"Eventos atípicos";"Sem Vítimas";"Plena Noite";"Crescente";"Nublado";"Simples";"Curva;Aclive";"Sim";2;0;0;0;1;2;0;3;-8,361912;-37,270265;"SPRF-PE";"DEL04-PE";"UOP02-DEL04-PE"
750615;2026-02-07;"sábado";"06:40:00";"RS";285;202,4;"LAGOA VERMELHA";"Acostamento em desnível";"Saída de leito carroçável";"Sem Vítimas";"Pleno dia";"Decrescente";"Nublado";"Dupla";"Aclive";"Não";2;0;0;0;1;1;0;2;-28,215353;-51,554213;"SPRF-RS";"DEL08-RS";"UOP05-DEL08-RS"
750618;2026-02-06;"sexta-feira";"23:00:00";"BA";407;194,9;"PONTO NOVO";"Reação tardia ou ineficiente do condutor";"Colisão frontal";"Com Vítimas Feridas";"Plena Noite";"Crescente";"Céu Claro";"Simples";"Reta";"Não";3;0;0;1;1;1;1;3;-11,08897787;-40,0763526;"SPRF-BA";"DEL04-BA";"UOP02-DEL04-BA"
750620;2026-02-07;"sábado";"08:20:00";"PR";163;223,2;"CASCAVEL";"Manobra de mudança de faixa";"Colisão lateral mesmo sentido";"Com Vítimas Feridas";"Pleno dia";"Crescente";"Céu Claro";"Dupla";"Reta";"Não";3;0;1;0;2;0;1;2;-24,8791744;-53,5603509;"SPRF-PR";"DEL04-PR";"UOP01-DEL04-PR"
750643;2026-02-07;"sábado";"11:00:00";"PB";101;69;"SANTA RITA";"Problema com o freio";"Saída de leito carroçável";"Com Vítimas Feridas";"Pleno dia";"Crescente";"Nublado";"Dupla";"Reta";"Não";3;0;1;0;1;3;1;4;-7,05849191;-35,02571582;"SPRF-PB";"DEL01-PB";"UOP03-DEL01-PB"
750648;2026-02-07;"sábado";"09:30:00";"BA";101;25,3;"ESPLANADA";"Reação tardia ou ineficiente do condutor";"Colisão traseira";"Com Vítimas Feridas";"Pleno dia";"Crescente";"Nublado";"Dupla";"Reta;Aclive";"Não";3;0;1;0;1;3;1;5;-11,6984758;-37,90501486;"SPRF-SE";"DEL02-SE";"UOP03-DEL02-SE"
750651;2026-02-07;"sábado";"11:00:00";"PA";316;221;"VISEU";"Reação tardia ou ineficiente do condutor";"Tombamento";"Com Vítimas Feridas";"Pleno dia";"Crescente";"Nublado";"Simples";"Aclive;Reta";"Sim";2;0;1;0;0;1;1;2;-1,679789;-46,7194;"SPRF-PA";"DEL01-PA";"UOP03-DEL01-PA"
750657;2026-02-07;"sábado";"13:00:00";"MG";381;2;"BETIM";"Velocidade Incompatível";"Tombamento";"Com Vítimas Feridas";"Pleno dia";"Decrescente";"Céu Claro";"Dupla";"Curva";"Não";1;0;1;0;0;0;1;1;-19,978919;-44,160334;"SPRF-MG";"DEL01-MG";"UOP03-DEL01-MG"
750660;2026-02-07;"sábado";"12:20:00";"SP";116;170,1;"JACAREI";"Frear bruscamente";"Saída de leito carroçável";"Com Vítimas Feridas";"Pleno dia";"Crescente";"Sol";"Dupla";"Curva;Declive";"Não";3;0;1;0;1;1;1;3;-23,30763971;-46,05383277;"SPRF-SP";"DEL02-SP";"UOP01-DEL02-SP"
750667;2026-02-07;"sábado";"13:45:00";"CE";116;160,2;"RUSSAS";"Acessar a via sem observar a presença dos outros veículos";"Colisão transversal";"Com Vítimas Feridas";"Pleno dia";"Decrescente";"Nublado";"Simples";"Curva;Interseção de Vias";"Sim";6;0;2;0;3;1;2;3;-4,92869099;-37,99001154;"SPRF-CE";"DEL03-CE";"UOP01-DEL03-CE"
750673;2026-02-07;"sábado";"13:35:00";"PR";277;326;"GUARAPUAVA";"Objeto estático sobre o leito carroçável";"Colisão lateral sentido oposto";"Com Vítimas Feridas";"Pleno dia";"Decrescente";"Chuva";"Simples";"Curva";"Não";11;0;3;0;7;5;3;10;-25,37208947;-51,27867365;"SPRF-PR";"DEL08-PR";"UOP01-DEL08-PR"
750675;2026-02-07;"sábado";"13:10:00";"SC";101;13,5;"GARUVA";"Desrespeitar a preferência no cruzamento";"Colisão transversal";"Sem Vítimas";"Pleno dia";"Crescente";"Nublado";"Dupla";"Interseção de Vias;Retorno Regulamentado;Reta;Declive";"Não";2;0;0;0;2;0;0;2;-26,09482529;-48,86571631;"SPRF-SC";"DEL03-SC";"UOP01-DEL03-SC"
750679;2026-02-07;"sábado";"14:30:00";"SC";282;383;"HERVAL DOESTE";"Chuva";"Saída de leito carroçável";"Com Vítimas Feridas";"Pleno dia";"Decrescente";"Chuva";"Múltipla";"Curva;Aclive";"Não";5;0;1;2;1;1;3;3;-27,1957889;-51,5068898;"SPRF-SC";"DEL07-SC";"UOP05-DEL07-SC"
750681;2026-02-07;"sábado";"13:00:00";"BA";242;267;"BOA VISTA DO TUPIM";"Reação tardia ou ineficiente do condutor";"Tombamento";"Com Vítimas Feridas";"Pleno dia";"Decrescente";"Céu Claro";"Simples";"Reta;Declive";"Não";2;0;1;0;0;1;1;2;-12,453227;-40,593162;"SPRF-BA";"DEL06-BA";"UOP02-DEL06-BA"
750687;2026-01-30;"sexta-feira";"19:45:00";"MT";70;514;"VARZEA GRANDE";"Transitar no Acostamento";"Colisão lateral mesmo sentido";"Com Vítimas Feridas";"Plena Noite";"Crescente";"Céu Claro";"Simples";"Reta;Em Obras";"Sim";3;0;0;1;1;3;1;5;-15,70604176;-56,13363183;"SPRF-MT";"DEL01-MT";"UOP02-DEL01-MT"
750694;2026-02-07;"sábado";"14:30:00";"PA";316;79;"SAO FRANCISCO DO PARA";"Ausência de reação do condutor";"Colisão traseira";"Com Vítimas Feridas";"Pleno dia";"Crescente";"Nublado";"Simples";"Reta";"Não";8;0;2;0;6;0;2;3;-1,303664;-47,785106;"SPRF-PA";"DEL01-PA";"UOP02-DEL01-PA"
750699;2026-02-07;"sábado";"16:00:00";"SP";116;204;"ARUJA";"Manobra de mudança de faixa";"Colisão lateral mesmo sentido";"Sem Vítimas";"Pleno dia";"Decrescente";"Chuva";"Dupla";"Reta";"Não";2;0;0;0;2;0;0;2;-23,412681;-46,35870862;"SPRF-SP";"DEL01-SP";"UOP01-DEL01-SP"
750701;2026-02-07;"sábado";"14:30:00";"MT";364;575;"NOBRES";"Velocidade Incompatível";"Colisão lateral mesmo sentido";"Com Vítimas Feridas";"Pleno dia";"Decrescente";"Garoa/Chuvisco";"Dupla";"Curva;Declive";"Não";4;0;0;1;2;2;1;4;-14,591272;-56,232495;"SPRF-MT";"DEL01-MT";"UOP01-DEL01-MT"
750706;2026-02-07;"sábado";"15:40:00";"RJ";101;390;"RIO DE JANEIRO";"Manobra de mudança de faixa";"Tombamento";"Com Vítimas Feridas";"Pleno dia";"Crescente";"Nublado";"Dupla";"Reta";"Sim";3;0;1;0;1;1;1;3;-22,89428;-43,67883;"SPRF-RJ";"DEL03-RJ";"UOP01-DEL03-RJ"
750716;2026-02-07;"sábado";"17:00:00";"RS";116;303;"GUAIBA";"Acessar a via sem observar a presença dos outros veículos";"Queda de ocupante de veículo";"Com Vítimas Feridas";"Pleno dia";"Crescente";"Céu Claro";"Simples";"Reta";"Não";3;0;1;0;1;2;1;4;-30,15388596;-51,36955681;"SPRF-RS";"DEL02-RS";"UOP01-DEL02-RS"
750718;2026-02-07;"sábado";"17:00:00";"PR";373;455;"CHOPINZINHO";"Transitar na contramão";"Colisão frontal";"Com Vítimas Fatais";"Pleno dia";"Crescente";"Chuva";"Simples";"Curva";"Não";4;3;1;0;0;0;1;2;-25,90518953;-52,3791647;"SPRF-PR";"DEL02-PR";"UOP01-DEL02-PR"
750723;2026-02-07;"sábado";"16:05:00";"GO";60;392;"RIO VERDE";"Velocidade Incompatível";"Colisão traseira";"Com Vítimas Feridas";"Pleno dia";"Decrescente";"Sol";"Dupla";"Reta;Declive";"Sim";8;0;3;2;1;2;5;4;-17,824458;-50,991145;"SPRF-GO";"DEL04-GO";"UOP02-DEL04-GO"
750726;2026-02-07;"sábado";"16:30:00";"SC";101;118,3;"ITAJAI";"Condutor deixou de manter distância do veículo da frente";"Colisão traseira";"Sem Vítimas";"Pleno dia";"Decrescente";"Chuva";"Múltipla";"Reta";"Não";3;0;0;0;2;1;0;3;-26,89191361;-48,72041702;"SPRF-SC";"DEL04-SC";"UOP04-DEL04-SC"
750727;2026-02-07;"sábado";"18:00:00";"PR";373;176,9;"PONTA GROSSA";"Velocidade Incompatível";"Colisão traseira";"Com Vítimas Feridas";"Pleno dia";"Crescente";"Nublado";"Dupla";"Reta";"Sim";8;0;6;0;1;1;6;3;-25,056019;-50,225609;"SPRF-PR";"DEL03-PR";"UOP01-DEL03-PR"
750729;2026-02-07;"sábado";"15:55:00";"RJ";40;115;"DUQUE DE CAXIAS";"Pista Escorregadia";"Colisão com objeto";"Com Vítimas Feridas";"Anoitecer";"Decrescente";"Chuva";"Múltipla";"Reta";"Não";3;0;1;0;2;0;1;3;-22,73814703;-43,2886549;"SPRF-RJ";"DEL01-RJ";"UOP02-DEL01-RJ"
750731;2026-02-07;"sábado";"15:00:00";"SC";116;124,1;"SANTA CECILIA";"Velocidade Incompatível";"Tombamento";"Sem Vítimas";"Pleno dia";"Crescente";"Chuva";"Simples";"Curva;Declive";"Não";2;0;0;0;1;3;0;4;-26,84902319;-50,40468184;"SPRF-SC";"DEL06-SC";"UOP02-DEL06-SC"
750732;2026-02-07;"sábado";"17:40:00";"RJ";40;85;"PETROPOLIS";"Manobra de mudança de faixa";"Colisão lateral mesmo sentido";"Com Vítimas Feridas";"Anoitecer";"Crescente";"Chuva";"Dupla";"Curva";"Não";5;0;1;0;3;1;1;4;-22,53137764;-43,23600447;"SPRF-RJ";"DEL01-RJ";"UOP01-DEL01-RJ"
750737;2026-02-07;"sábado";"15:25:00";"SC";282;230;"LAGES";"Velocidade Incompatível";"Tombamento";"Com Vítimas Feridas";"Pleno dia";"Crescente";"Chuva";"Simples";"Curva;Declive";"Não";3;0;1;0;1;1;1;2;-27,78756266;-50,42530267;"SPRF-SC";"DEL05-SC";"UOP02-DEL05-SC"
750750;2026-02-07;"sábado";"19:40:00";"PR";376;187;"MARIALVA";"Manobra de mudança de faixa";"Colisão lateral mesmo sentido";"Sem Vítimas";"Plena Noite";"Crescente";"Garoa/Chuvisco";"Dupla";"Reta";"Sim";3;0;0;0;3;0;0;3;-23,464768;-51,831033;"SPRF-PR";"DEL09-PR";"UOP01-DEL09-PR"
750758;2026-02-07;"sábado";"19:28:00";"PE";232;355,6;"FLORES";"Transitar na contramão";"Colisão lateral sentido oposto";"Sem Vítimas";"Plena Noite";"Decrescente";"Chuva";"Simples";"Reta";"Não";4;0;0;0;1;3;0;4;-8,053902;-37,830513;"SPRF-PE";"DEL04-PE";"UOP01-DEL04-PE"
750760;2026-02-07;"sábado";"20:19:00";"BA";116;15,4;"VITORIA DA CONQUISTA";"Ingestão de álcool pelo condutor";"Colisão traseira";"Com Vítimas Feridas";"Plena Noite";"Crescente";"Céu Claro";"Simples";"Reta";"Sim";5;0;1;0;4;0;1;3;-14,90065727;-40,85318903;"SPRF-BA";"DEL08-BA";"UOP01-DEL08-BA"
750763;2026-02-07;"sábado";"19:40:00";"PB";230;79;"RIACHAO DO POCO";"Demais falhas mecânicas ou elétricas";"Colisão traseira";"Com Vítimas Feridas";"Plena Noite";"Crescente";"Nublado";"Dupla";"Reta;Aclive";"Não";9;0;2;1;5;1;3;5;-7,179922;-35,315457;"SPRF-PB";"DEL01-PB";"UOP02-DEL01-PB"
750781;2026-02-07;"sábado";"20:30:00";"PR";277;299;"PRUDENTOPOLIS";"Reação tardia ou ineficiente do condutor";"Colisão traseira";"Com Vítimas Feridas";"Plena Noite";"Crescente";"Chuva";"Simples";"Curva";"Não";5;0;3;0;1;2;3;4;-25,25470494;-51,07235877;"SPRF-PR";"DEL08-PR";"UOP01-DEL08-PR"
750783;2026-02-07;"sábado";"11:35:00";"GO";364;192;"JATAI";"Desrespeitar a preferência no cruzamento";"Colisão lateral mesmo sentido";"Com Vítimas Feridas";"Pleno dia";"Crescente";"Chuva";"Dupla";"Rotatória";"Não";5;0;2;0;2;4;2;6;-17,91447099;-51,76661253;"SPRF-GO";"DEL05-GO";"UOP01-DEL05-GO"
750787;2026-02-07;"sábado";"21:40:00";"MG";381;493;"BETIM";"Ingestão de álcool pelo condutor";"Colisão traseira";"Sem Vítimas";"Plena Noite";"Crescente";"Céu Claro";"Dupla";"Reta";"Sim";3;0;0;0;2;2;0;4;-19,96462092;-44,17251414;"SPRF-MG";"DEL01-MG";"UOP03-DEL01-MG"
750789;2026-02-07;"sábado";"19:45:00";"PA";316;33,9;"SANTA IZABEL DO PARA";"Acessar a via sem observar a presença dos outros veículos";"Colisão transversal";"Com Vítimas Feridas";"Plena Noite";"Crescente";"Chuva";"Dupla";"Reta";"Sim";3;0;1;0;1;1;1;3;-1,294917;-48,173093;"SPRF-PA";"DEL01-PA";"UOP01-DEL01-PA"
750795;2026-02-07;"sábado";"21:50:00";"PI";316;366,5;"VILA NOVA DO PIAUI";"Manobra de mudança de faixa";"Colisão frontal";"Com Vítimas Fatais";"Plena Noite";"Crescente";"Garoa/Chuvisco";"Simples";"Reta";"Não";4;2;0;0;1;1;0;3;-7,139702;-40,970645;"SPRF-PI";"DEL04-PI";"UOP03-DEL04-PI"
750796;2026-01-30;"sexta-feira";"12:20:00";"RJ";393;153;"TRES RIOS";"Demais falhas mecânicas ou elétricas";"Atropelamento de Pedestre";"Com Vítimas Feridas";"Pleno dia";"Decrescente";"Céu Claro";"Simples";"Reta";"Não";1;0;1;0;0;0;1;1;-22,0886175;-43,060652;"SPRF-RJ";"DEL05-RJ";"UOP01-DEL05-RJ"
750797;2026-02-07;"sábado";"22:30:00";"BA";101;870;"TEIXEIRA DE FREITAS";"Transitar na contramão";"Colisão lateral sentido oposto";"Com Vítimas Feridas";"Pleno dia";"Crescente";"Céu Claro";"Simples";"Reta;Declive";"Não";2;0;0;1;1;0;1;2;-17,48808903;-39,70605946;"SPRF-BA";"DEL09-BA";"UOP02-DEL09-BA"
750801;2026-02-07;"sábado";"20:40:00";"MG";116;124,1;"ITAOBIM";"Ausência de reação do condutor";"Tombamento";"Com Vítimas Feridas";"Plena Noite";"Decrescente";"Céu Claro";"Simples";"Declive;Curva";"Não";2;0;1;0;0;1;1;2;-16,636709;-41,501895;"SPRF-MG";"DEL11-MG";"UOP02-DEL11-MG"
750802;2026-02-07;"sábado";"18:40:00";"MG";381;224;"BELO ORIENTE";"Condutor deixou de manter distância do veículo da frente";"Colisão traseira";"Com Vítimas Feridas";"Anoitecer";"Decrescente";"Céu Claro";"Simples";"Reta";"Não";5;0;1;0;3;1;1;3;-19,323767;-42,412208;"SPRF-MG";"DEL06-MG";"UOP01-DEL06-MG"
750818;2026-02-07;"sábado";"21:00:00";"PI";20;398,3;"PIO IX";"Ausência de reação do condutor";"Colisão lateral sentido oposto";"Com Vítimas Feridas";"Plena Noite";"Crescente";"Chuva";"Simples";"Reta";"Não";3;0;1;0;1;1;1;3;-6,623437;-40,866208;"SPRF-PI";"DEL04-PI";"UOP01-DEL04-PI"
750821;2026-02-08;"domingo";"01:13:00";"SP";116;346;"MIRACATU";"Velocidade Incompatível";"Tombamento";"Com Vítimas Feridas";"Plena Noite";"Crescente";"Ignorado";"Dupla";"Curva";"Não";2;0;1;0;0;1;1;2;-24,11947261;-47,26567268;"SPRF-SP";"DEL04-SP";"UOP03-DEL04-SP"
750823;2026-02-08;"domingo";"02:30:00";"MG";251;428;"GRAO MOGOL";"Velocidade Incompatível";"Saída de leito carroçável";"Com Vítimas Feridas";"Plena Noite";"Decrescente";"Céu Claro";"Simples";"Curva;Declive";"Não";2;0;1;0;0;1;1;2;-16,325168;-43,122734;"SPRF-MG";"DEL12-MG";"UOP01-DEL12-MG"
750832;2026-02-08;"domingo";"04:15:00";"GO";153;31;"PORANGATU";"Ausência de reação do condutor";"Tombamento";"Com Vítimas Fatais";"Amanhecer";"Decrescente";"Céu Claro";"Simples";"Reta;Declive";"Não";3;2;0;0;0;1;0;2;-13,105266;-49,2010284;"SPRF-GO";"DEL07-GO";"UOP01-DEL07-GO"
750841;2026-02-08;"domingo";"05:24:00";"MG";251;428;"GRAO MOGOL";"Ausência de sinalização";"Colisão lateral mesmo sentido";"Com Vítimas Feridas";"Pleno dia";"Crescente";"Céu Claro";"Simples";"Curva";"Não";6;0;3;0;2;1;3;2;-16,325164;-43,12274;"SPRF-MG";"DEL12-MG";"UOP01-DEL12-MG"
750861;2026-02-08;"domingo";"05:00:00";"BA";407;48;"JUAZEIRO";"Chuva";"Colisão lateral sentido oposto";"Sem Vítimas";"Amanhecer";"Crescente";"Chuva";"Simples";"Reta";"Não";3;0;0;0;2;1;0;3;-9,80057;-40,322372;"SPRF-BA";"DEL04-BA";"UOP01-DEL04-BA"
750866;2026-02-08;"domingo";"06:10:00";"BA";235;347;"JUAZEIRO";"Condutor Dormindo";"Colisão transversal";"Com Vítimas Feridas";"Pleno dia";"Crescente";"Céu Claro";"Simples";"Reta";"Sim";4;0;2;1;1;0;3;2;-9,440958;-40,4950142;"SPRF-PE";"DEL06-PE";"UOP01-DEL06-PE"
750867;2026-02-08;"domingo";"00:30:00";"MT";70;50;"BARRA DO GARCAS";"Problema na suspensão";"Colisão com objeto";"Sem Vítimas";"Plena Noite";"Decrescente";"Céu Claro";"Simples";"Ponte";"Não";2;0;0;0;1;3;0;4;-15,87245778;-52,38554087;"SPRF-MT";"DEL07-MT";"UOP01-DEL07-MT"
750888;2026-02-07;"sábado";"05:30:00";"MT";163;506,9;"ROSARIO OESTE";"Ausência de reação do condutor";"Colisão transversal";"Com Vítimas Feridas";"Amanhecer";"Decrescente";"Chuva";"Simples";"Ponte;Reta";"Não";3;0;1;0;1;5;1;7;-15,13682073;-56,52233005;"SPRF-MT";"DEL01-MT";"UOP01-DEL01-MT"
750890;2026-02-08;"domingo";"09:00:00";"RN";304;131,5;"ITAJA";"Velocidade Incompatível";"Colisão frontal";"Com Vítimas Feridas";"Pleno dia";"Crescente";"Nublado";"Simples";"Reta";"Não";2;0;1;0;1;0;1;2;-5,65958;-36,75733;"SPRF-RN";"DEL04-RN";"UOP01-DEL04-RN"
750901;2026-02-08;"domingo";"09:50:00";"MT";364;204;"RONDONOPOLIS";"Mal súbito do condutor";"Saída de leito carroçável";"Com Vítimas Feridas";"Pleno dia";"Crescente";"Céu Claro";"Dupla";"Reta";"Sim";4;0;1;0;2;1;1;3;-16,43784825;-54,68167306;"SPRF-MT";"DEL02-MT";"UOP01-DEL02-MT"
750902;2026-02-08;"domingo";"11:20:00";"ES";101;246;"SERRA";"Manobra de mudança de faixa";"Colisão traseira";"Com Vítimas Feridas";"Pleno dia";"Crescente";"Céu Claro";"Simples";"Curva";"Não";6;0;1;0;3;2;1;4;-20,06612107;-40,37564546;"SPRF-ES";"DEL02-ES";"UOP01-DEL02-ES"
750903;2026-02-08;"domingo";"08:20:00";"MG";381;698,1;"LAVRAS";"Demais falhas mecânicas ou elétricas";"Derramamento de carga";"Sem Vítimas";"Pleno dia";"Decrescente";"Nublado";"Dupla";"Reta";"Não";2;0;0;0;1;1;0;2;-21,30545015;-45,15667105;"SPRF-MG";"DEL04-MG";"UOP02-DEL04-MG"
750919;2026-02-08;"domingo";"12:33:00";"MS";163;446;"CAMPO GRANDE";"Reação tardia ou ineficiente do condutor";"Tombamento";"Com Vítimas Feridas";"Pleno dia";"Decrescente";"Céu Claro";"Simples";"Reta;Aclive";"Não";3;0;2;0;0;1;2;2;-20,75874;-54,53123;"SPRF-MS";"DEL01-MS";"UOP01-DEL01-MS"
750922;2026-02-08;"domingo";"11:45:00";"RS";285;208;"LAGOA VERMELHA";"Acessar a via sem observar a presença dos outros veículos";"Colisão transversal";"Com Vítimas Feridas";"Pleno dia";"Decrescente";"Sol";"Simples";"Interseção de Vias";"Não";3;0;1;1;1;0;2;2;-28,224041;-51,610494;"SPRF-RS";"DEL08-RS";"UOP05-DEL08-RS"