"id";"data_inversa";"dia_semana";"horario";"uf";"br";"km";"municipio";"causa_acidente";"tipo_acidente";"classificacao_acidente";"fase_dia";"sentido_via";"condicao_metereologica";"tipo_pista";"tracado_via";"uso_solo";"pessoas";"mortos";"feridos_leves";"feridos_graves";"ilesos";"ignorados";"feridos";"veiculos";"latitude";"longitude";"regional";"delegacia";"uop"
754061;2026-02-22;"domingo";"06:30:00";"BA";242;687;"MUQUEM DE SAO FRANCISCO";"Reação tardia ou ineficiente do condutor";"Colisão frontal";"Com Vítimas Feridas";"Pleno dia";"Crescente";"Céu Claro";"Simples";"Declive;Reta";"Não";4;0;2;1;0;1;3;3;-12,19540864;-43,70052338;"SPRF-BA";"DEL10-BA";"UOP01-DEL10-BA"
754064;2026-02-22;"domingo";"22:19:00";"ES";262;167;"IBATIBA";"Ultrapassagem Indevida";"Colisão frontal";"Com Vítimas Feridas";"Plena Noite";"Crescente";"Chuva";"Simples";"Reta";"Não";6;0;1;1;3;1;2;6;-20,25556;-41,56733;"SPRF-ES";"DEL01-ES";"UOP02-DEL01-ES"
754074;2026-02-22;"domingo";"23:00:00";"PB";230;39;"SANTA RITA";"Demais falhas mecânicas ou elétricas";"Incêndio";"Sem Vítimas";"Plena Noite";"Decrescente";"Céu Claro";"Dupla";"Aclive";"Não";1;0;0;0;1;0;0;1;-7,139687;-34,973652;"SPRF-PB";"DEL01-PB";"UOP02-DEL01-PB"
754076;2026-02-22;"domingo";"16:27:00";"PA";163;54;"NOVO PROGRESSO";"Acessar a via sem observar a presença dos outros veículos";"Colisão lateral mesmo sentido";"Com Vítimas Fatais";"Pleno dia";"Crescente";"Garoa/Chuvisco";"Simples";"Reta";"Não";5;2;1;0;1;3;1;5;-9,111151;-54,914535;"SPRF-MT";"DEL06-MT";"UOP03-DEL06-MT"
754077;2026-02-22;"domingo";"16:10:00";"MT";364;464;"VARZEA GRANDE";"Reação tardia ou ineficiente do condutor";"Colisão transversal";"Com Vítimas Feridas";"Pleno dia";"Crescente";"Chuva";"Simples";"Curva;Declive;Ponte";"Não";3;0;1;0;1;5;1;7;-15,448803;-56,32774;"SPRF-MT";"DEL01-MT";"UOP02-DEL01-MT"
754079;2026-02-23;"segunda-feira";"00:35:00";"SC";282;526,2;"XAXIM";"Transitar na contramão";"Colisão frontal";"Com Vítimas Feridas";"Plena Noite";"Crescente";"Nublado";"Simples";"Reta";"Não";3;0;2;0;1;0;2;2;-26,969685;-52,5758;"SPRF-SC";"DEL07-SC";"UOP01-DEL07-SC"
754080;2026-02-22;"domingo";"18:00:00";"PI";135;541;"SAO GONCALO DO GURGUEIA";"Reação tardia ou ineficiente do condutor";"Tombamento";"Com Vítimas Feridas";"Anoitecer";"Decrescente";"Nublado";"Simples";"Declive;Curva";"Não";2;0;1;0;0;1;1;2;-10,054173;-45,285738;"SPRF-PI";"DEL03-PI";"UOP02-DEL03-PI"
754083;2026-02-23;"segunda-feira";"01:25:00";"SP";153;211;"GUAIMBE";"Demais falhas mecânicas ou elétricas";"Incêndio";"Sem Vítimas";"Amanhecer";"Decrescente";"Nublado";"Simples";"Reta";"Não";3;0;0;0;2;1;0;2;-21,919248;-49,9161;"SPRF-SP";"DEL07-SP";"UOP02-DEL07-SP"
754086;2026-02-23;"segunda-feira";"02:30:00";"PR";369;366;"MAMBORE";"Condutor Dormindo";"Colisão frontal";"Com Vítimas Feridas";"Plena Noite";"Decrescente";"Céu Claro";"Simples";"Reta";"Não";3;0;1;0;2;0;1;2;-24,24554054;-52,52284746;"SPRF-PR";"DEL04-PR";"UOP03-DEL04-PR"
754087;2026-02-23;"segunda-feira";"02:00:00";"SC";282;114,3;"ALFREDO WAGNER";"Ausência de reação do condutor";"Colisão traseira";"Com Vítimas Feridas";"Plena Noite";"Crescente";"Chuva";"Simples";"Reta";"Não";4;0;1;0;2;1;1;2;-27,7506;-49,38982;"SPRF-SC";"DEL01-SC";"UOP03-DEL01-SC"
754089;2026-02-23;"segunda-feira";"05:25:00";"RS";290;103,8;"ELDORADO DO SUL";"Condutor Dormindo";"Colisão lateral mesmo sentido";"Com Vítimas Feridas";"Amanhecer";"Crescente";"Céu Claro";"Dupla";"Reta";"Não";4;0;1;0;3;0;1;2;-29,99252;-51,274364;"SPRF-RS";"DEL02-RS";"UOP01-DEL02-RS"
754099;2026-02-22;"domingo";"20:53:00";"GO";158;258;"JATAI";"Reação tardia ou ineficiente do condutor";"Tombamento";"Com Vítimas Feridas";"Plena Noite";"Decrescente";"Nublado";"Simples";"Curva";"Não";2;0;1;0;0;2;1;3;-17,79686348;-51,79506037;"SPRF-GO";"DEL05-GO";"UOP01-DEL05-GO"
754102;2026-02-23;"segunda-feira";"05:30:00";"MG";262;630,9;"IBIA";"Condutor Dormindo";"Saída de leito carroçável";"Com Vítimas Feridas";"Amanhecer";"Crescente";"Nublado";"Simples";"Declive;Ponte;Reta";"Não";2;0;2;0;0;0;2;1;-19,57032;-46,56645;"SPRF-MG";"DEL08-MG";"UOP01-DEL08-MG"
754109;2026-02-22;"domingo";"22:04:00";"TO";153;435;"MIRACEMA DO TOCANTINS";"Ausência de reação do condutor";"Saída de leito carroçável";"Com Vítimas Feridas";"Plena Noite";"Crescente";"Nublado";"Simples";"Reta";"Não";2;0;1;0;0;1;1;2;-9,701287;-48,673743;"SPRF-TO";"DEL01-TO";"UOP01-DEL01-TO"
754114;2026-02-23;"segunda-feira";"06:28:00";"MT";163;810;"SINOP";"Pista Escorregadia";"Colisão lateral sentido oposto";"Com Vítimas Feridas";"Amanhecer";"Decrescente";"Garoa/Chuvisco";"Simples";"Reta";"Não";4;0;2;0;1;3;2;5;-12,081713;-55,517611;"SPRF-MT";"DEL06-MT";"UOP02-DEL06-MT"
754115;2026-02-23;"segunda-feira";"07:20:00";"MA";226;292;"BARRA DO CORDA";"Condutor deixou de manter distância do veículo da frente";"Colisão traseira";"Com Vítimas Feridas";"Amanhecer";"Crescente";"Céu Claro";"Simples";"Reta";"Não";2;0;1;0;0;1;1;2;-5,480832;-45,195478;"SPRF-MA";"DEL06-MA";"UOP01-DEL06-MA"
754120;2026-02-23;"segunda-feira";"08:40:00";"ES";259;101,5;"BAIXO GUANDU";"Conversão proibida";"Colisão transversal";"Com Vítimas Fatais";"Pleno dia";"Crescente";"Céu Claro";"Simples";"Aclive";"Sim";2;1;0;0;1;0;0;2;-19,52115634;-41,01635098;"SPRF-ES";"DEL02-ES";"UOP01-DEL02-ES"
754125;2026-02-23;"segunda-feira";"06:00:00";"CE";20;383;"CAUCAIA";"Carga excessiva e/ou mal acondicionada";"Colisão com objeto";"Com Vítimas Feridas";"Pleno dia";"Crescente";"Chuva";"Simples";"Reta";"Não";3;0;1;1;1;0;2;2;-3,8951;-38,8364;"SPRF-CE";"DEL01-CE";"UOP01-DEL01-CE"
754127;2026-02-23;"segunda-feira";"08:25:00";"MG";40;607;"CONGONHAS";"Condutor Dormindo";"Colisão traseira";"Com Vítimas Feridas";"Pleno dia";"Decrescente";"Céu Claro";"Simples";"Declive;Em Obras;Reta";"Sim";3;0;1;0;1;1;1;3;-20,4836;-43,83928;"SPRF-MG";"DEL05-MG";"UOP02-DEL05-MG"
754137;2026-02-23;"segunda-feira";"07:40:00";"SC";101;147,5;"ITAPEMA";"Reação tardia ou ineficiente do condutor";"Colisão traseira";"Sem Vítimas";"Pleno dia";"Decrescente";"Nublado";"Dupla";"Reta";"Sim";2;0;0;0;2;0;0;2;-27,09521;-48,61832;"SPRF-SC";"DEL04-SC";"UOP03-DEL04-SC"
754152;2026-02-23;"segunda-feira";"10:40:00";"PA";316;28;"BENEVIDES";"Reação tardia ou ineficiente do condutor";"Saída de leito carroçável";"Com Vítimas Feridas";"Pleno dia";"Crescente";"Chuva";"Dupla";"Reta";"Sim";1;0;1;0;0;0;1;1;-1,310407;-48,22062;"SPRF-PA";"DEL01-PA";"UOP01-DEL01-PA"
754163;2026-02-21;"sábado";"11:15:00";"GO";60;92,8;"ANAPOLIS";"Retorno proibido";"Colisão lateral mesmo sentido";"Com Vítimas Feridas";"Pleno dia";"Decrescente";"Garoa/Chuvisco";"Dupla";"Retorno Regulamentado";"Sim";3;0;1;0;2;0;1;2;-16,35327556;-48,92000053;"SPRF-GO";"DEL02-GO";"UOP01-DEL02-GO"
754165;2026-02-23;"segunda-feira";"11:45:00";"MG";116;762,8;"LEOPOLDINA";"Desrespeitar a preferência no cruzamento";"Colisão transversal";"Com Vítimas Feridas";"Pleno dia";"Decrescente";"Céu Claro";"Simples";"Rotatória;Reta";"Sim";3;0;1;0;2;0;1;2;-21,52608875;-42,63267428;"SPRF-MG";"DEL07-MG";"UOP01-DEL07-MG"
754166;2026-02-23;"segunda-feira";"11:43:00";"TO";230;101,2;"SAO BENTO DO TOCANTINS";"Acessar a via sem observar a presença dos outros veículos";"Colisão transversal";"Com Vítimas Feridas";"Pleno dia";"Crescente";"Céu Claro";"Simples";"Interseção de Vias;Reta";"Não";5;0;0;3;1;12;3;14;-5,96828746;-47,88153855;"SPRF-TO";"DEL02-TO";"UOP03-DEL02-TO"
754173;2026-02-23;"segunda-feira";"09:15:00";"BA";101;545;"SAO JOSE DA VITORIA";"Velocidade Incompatível";"Tombamento";"Com Vítimas Feridas";"Pleno dia";"Crescente";"Sol";"Simples";"Curva";"Não";2;0;1;0;0;1;1;2;-15,09689487;-39,35277522;"SPRF-BA";"DEL05-BA";"UOP02-DEL05-BA"
754178;2026-02-23;"segunda-feira";"12:20:00";"PR";277;67,1;"SAO JOSE DOS PINHAIS";"Manobra de mudança de faixa";"Colisão traseira";"Com Vítimas Feridas";"Pleno dia";"Crescente";"Nublado";"Dupla";"Reta";"Sim";2;0;0;1;1;0;1;2;-25,52488;-49,097884;"SPRF-PR";"DEL01-PR";"UOP01-DEL01-PR"
754179;2026-02-23;"segunda-feira";"08:40:00";"PE";316;5,1;"ARARIPINA";"Transitar na contramão";"Colisão frontal";"Com Vítimas Fatais";"Pleno dia";"Crescente";"Nublado";"Simples";"Reta";"Não";7;2;0;3;1;1;3;4;-7,468442;-40,622283;"SPRF-PE";"DEL05-PE";"UOP02-DEL05-PE"
754180;2026-02-23;"segunda-feira";"07:25:00";"BA";116;777,6;"PLANALTO";"Acessar a via sem observar a presença dos outros veículos";"Atropelamento de Pedestre";"Com Vítimas Feridas";"Pleno dia";"Decrescente";"Céu Claro";"Simples";"Reta";"Sim";3;0;0;1;1;1;1;3;-14,671041;-40,478838;"SPRF-BA";"DEL08-BA";"UOP02-DEL08-BA"
754184;2026-02-23;"segunda-feira";"13:20:00";"RJ";493;18;"GUAPIMIRIM";"Acesso irregular";"Atropelamento de Pedestre";"Com Vítimas Feridas";"Pleno dia";"Crescente";"Nublado";"Simples";"Reta";"Sim";2;0;1;0;1;0;1;2;-22,66867802;-43,01820922;"SPRF-RJ";"DEL04-RJ";"UOP02-DEL04-RJ"
754186;2026-02-22;"domingo";"21:30:00";"MS";163;136,4;"NAVIRAI";"Demais falhas mecânicas ou elétricas";"Saída de leito carroçável";"Sem Vítimas";"Plena Noite";"Crescente";"Céu Claro";"Simples";"Aclive;Reta";"Não";2;0;0;0;0;3;0;3;-23,014063;-54,313902;"SPRF-MS";"DEL09-MS";"UOP01-DEL09-MS"
754190;2026-02-23;"segunda-feira";"13:20:00";"SP";153;173,9;"GUAICARA";"Desrespeitar a preferência no cruzamento";"Colisão transversal";"Com Vítimas Feridas";"Pleno dia";"Crescente";"Céu Claro";"Simples";"Interseção de Vias";"Sim";4;0;2;0;1;1;2;3;-21,63340948;-49,78783814;"SPRF-SP";"DEL07-SP";"UOP01-DEL07-SP"
754193;2026-02-23;"segunda-feira";"13:00:00";"MT";163;834;"SINOP";"Acessar a via sem observar a presença dos outros veículos";"Saída de leito carroçável";"Sem Vítimas";"Pleno dia";"Crescente";"Nublado";"Simples";"Retorno Regulamentado;Reta";"Sim";3;0;0;0;2;1;0;3;-11,88276797;-55,50060368;"SPRF-MT";"DEL06-MT";"UOP02-DEL06-MT"
754194;2026-02-23;"segunda-feira";"14:00:00";"SC";282;528;"CORDILHEIRA ALTA";"Demais falhas mecânicas ou elétricas";"Saída de leito carroçável";"Com Vítimas Feridas";"Pleno dia";"Decrescente";"Chuva";"Simples";"Curva";"Não";2;0;1;0;1;0;1;1;-26,97814622;-52,58811448;"SPRF-SC";"DEL07-SC";"UOP01-DEL07-SC"
754203;2026-02-23;"segunda-feira";"12:35:00";"MG";381;900;"CAMBUI";"Reação tardia ou ineficiente do condutor";"Colisão traseira";"Com Vítimas Feridas";"Pleno dia";"Decrescente";"Nublado";"Dupla";"Reta";"Não";3;0;1;0;1;3;1;5;-22,62870064;-46,07774055;"SPRF-MG";"DEL16-MG";"UOP03-DEL16-MG"
754204;2026-02-23;"segunda-feira";"14:50:00";"ES";262;95,6;"DOMINGOS MARTINS";"Ultrapassagem Indevida";"Colisão frontal";"Com Vítimas Fatais";"Pleno dia";"Crescente";"Céu Claro";"Simples";"Reta";"Não";3;1;0;0;1;1;0;3;-20,363818;-41,066983;"SPRF-ES";"DEL01-ES";"UOP02-DEL01-ES"
754206;2026-02-23;"segunda-feira";"14:30:00";"MG";40;528;"CONTAGEM";"Manobra de mudança de faixa";"Colisão transversal";"Com Vítimas Feridas";"Pleno dia";"Decrescente";"Céu Claro";"Dupla";"Curva";"Sim";3;0;0;2;1;0;2;3;-19,90990991;-44,03756405;"SPRF-MG";"DEL01-MG";"UOP02-DEL01-MG"
754207;2026-02-23;"segunda-feira";"12:00:00";"PR";476;319,9;"PAULO FRONTIN";"Demais falhas mecânicas ou elétricas";"Incêndio";"Sem Vítimas";"Pleno dia";"Crescente";"Nublado";"Simples";"Em Obras;Reta";"Não";2;0;0;0;1;1;0;2;-26,0658;-50,72875;"SPRF-PR";"DEL02-PR";"UOP03-DEL02-PR"
754211;2026-02-01;"domingo";"08:40:00";"RO";364;659;"CANDEIAS DO JAMARI";"Transitar na contramão";"Colisão frontal";"Com Vítimas Fatais";"Pleno dia";"Crescente";"Nublado";"Simples";"Reta";"Não";7;4;0;0;1;2;0;4;-8,844543;-63,447262;"SPRF-RO";"DEL01-RO";"UOP01-DEL01-RO"
754212;2026-02-23;"segunda-feira";"13:40:00";"RS";386;78,5;"JABOTICABA";"Transitar na contramão";"Colisão lateral sentido oposto";"Com Vítimas Feridas";"Pleno dia";"Crescente";"Céu Claro";"Simples";"Reta";"Não";4;0;1;1;1;2;2;4;-27,70744297;-53,28394739;"SPRF-RS";"DEL08-RS";"UOP02-DEL08-RS"
754219;2026-02-23;"segunda-feira";"13:17:00";"RN";110;76,1;"GOVERNADOR DIX-SEPT ROSADO";"Manobra de mudança de faixa";"Colisão frontal";"Com Vítimas Fatais";"Pleno dia";"Decrescente";"Nublado";"Simples";"Reta";"Não";5;1;0;3;1;0;3;2;-5,45429;-37,32682;"SPRF-RN";"DEL04-RN";"UOP01-DEL04-RN"
754220;2026-02-23;"segunda-feira";"15:13:00";"SC";101;121,4;"ITAJAI";"Manobra de mudança de faixa";"Colisão lateral mesmo sentido";"Com Vítimas Feridas";"Pleno dia";"Decrescente";"Céu Claro";"Simples";"Reta";"Não";3;0;1;1;0;1;2;2;-26,924992;-48,706445;"SPRF-SC";"DEL04-SC";"UOP04-DEL04-SC"
754228;2026-02-23;"segunda-feira";"17:00:00";"GO";153;431;"ANAPOLIS";"Ingestão de álcool pelo condutor";"Colisão traseira";"Sem Vítimas";"Pleno dia";"Decrescente";"Chuva";"Dupla";"Reta";"Sim";3;0;0;0;3;0;0;2;-16,286527;-48,944865;"SPRF-GO";"DEL02-GO";"UOP01-DEL02-GO"
754238;2026-02-23;"segunda-feira";"17:00:00";"GO";70;1;"AGUAS LINDAS DE GOIAS";"Frear bruscamente";"Saída de leito carroçável";"Com Vítimas Feridas";"Pleno dia";"Decrescente";"Garoa/Chuvisco";"Dupla";"Declive";"Não";2;0;1;0;1;0;1;1;-15,774173;-48,232088;"SPRF-DF";"DEL03-DF";"UOP02-DEL03-DF"
754249;2026-02-23;"segunda-feira";"16:00:00";"GO";153;527;"APARECIDA DE GOIANIA";"Ausência de reação do condutor";"Colisão com objeto";"Com Vítimas Feridas";"Pleno dia";"Crescente";"Chuva";"Dupla";"Declive;Curva";"Não";1;0;1;0;0;0;1;1;-16,849069;-49,2360011;"SPRF-GO";"DEL01-GO";"UOP03-DEL01-GO"
754250;2026-02-23;"segunda-feira";"18:00:00";"PR";376;505;"PONTA GROSSA";"Velocidade Incompatível";"Colisão frontal";"Com Vítimas Feridas";"Anoitecer";"Decrescente";"Nublado";"Dupla";"Reta";"Não";3;0;1;0;1;1;1;3;-25,224888;-50,049773;"SPRF-PR";"DEL03-PR";"UOP03-DEL03-PR"
754251;2026-02-23;"segunda-feira";"17:20:00";"SC";470;149,9;"AGRONOMICA";"Velocidade Incompatível";"Capotamento";"Com Vítimas Feridas";"Pleno dia";"Decrescente";"Céu Claro";"Simples";"Interseção de Vias";"Não";2;0;1;0;0;1;1;2;-27,25711368;-49,71221058;"SPRF-SC";"DEL04-SC";"UOP02-DEL04-SC"
754260;2026-02-23;"segunda-feira";"18:33:00";"RN";101;100;"PARNAMIRIM";"Ultrapassagem Indevida";"Colisão lateral mesmo sentido";"Com Vítimas Feridas";"Plena Noite";"Crescente";"Céu Claro";"Dupla";"Curva";"Sim";3;0;1;0;1;1;1;2;-5,88615827;-35,228731;"SPRF-RN";"DEL01-RN";"UOP01-DEL01-RN"
754264;2026-02-23;"segunda-feira";"17:45:00";"MG";40;803,9;"MATIAS BARBOSA";"Velocidade Incompatível";"Colisão com objeto";"Com Vítimas Feridas";"Anoitecer";"Crescente";"Chuva";"Dupla";"Reta";"Sim";6;0;3;0;2;2;3;5;-21,83518728;-43,37391749;"SPRF-MG";"DEL05-MG";"UOP01-DEL05-MG"
754269;2026-01-28;"quarta-feira";"11:45:00";"DF";70;16,5;"BRASILIA";"Ultrapassagem Indevida";"Colisão traseira";"Com Vítimas Feridas";"Pleno dia";"Decrescente";"Céu Claro";"Dupla";"Reta;Aclive";"Não";3;0;2;0;1;0;2;3;-15,793685;-48,203493;"SPRF-DF";"DEL03-DF";"UOP02-DEL03-DF"
754272;2026-02-23;"segunda-feira";"17:20:00";"RJ";116;25;"SAPUCAIA";"Velocidade Incompatível";"Colisão frontal";"Com Vítimas Feridas";"Pleno dia";"Crescente";"Céu Claro";"Simples";"Curva";"Não";3;0;0;2;1;0;2;2;-22,03990121;-42,78264999;"SPRF-RJ";"DEL05-RJ";"UOP01-DEL05-RJ"
754277;2026-02-09;"segunda-feira";"17:00:00";"MT";364;469;"VARZEA GRANDE";"Manobra de mudança de faixa";"Colisão frontal";"Com Vítimas Fatais";"Anoitecer";"Decrescente";"Chuva";"Simples";"Reta;Ponte";"Não";3;2;0;0;0;5;0;7;-15,412882;-56,354343;"SPRF-MT";"DEL01-MT";"UOP02-DEL01-MT"
754279;2026-02-23;"segunda-feira";"18:10:00";"MT";163;1069;"GUARANTA DO NORTE";"Acostamento em desnível";"Saída de leito carroçável";"Com Vítimas Feridas";"Plena Noite";"Crescente";"Nublado";"Simples";"Reta";"Não";3;0;1;0;1;1;1;2;-9,9267562;-54,9049835;"SPRF-MT";"DEL06-MT";"UOP03-DEL06-MT"
754281;2026-01-06;"terça-feira";"11:13:00";"PB";230;21,9;"JOAO PESSOA";"Reação tardia ou ineficiente do condutor";"Colisão traseira";"Sem Vítimas";"Pleno dia";"Crescente";"Sol";"Dupla";"Reta";"Sim";2;0;0;0;2;0;0;2;-7,1507121;-34,8523877;"SPRF-PB";"DEL01-PB";"UOP01-DEL01-PB"
754285;2026-02-23;"segunda-feira";"20:45:00";"MG";50;13;"UBERLANDIA";"Chuva";"Colisão lateral mesmo sentido";"Com Vítimas Feridas";"Plena Noite";"Crescente";"Chuva";"Dupla";"Reta";"Sim";2;0;1;0;1;0;1;2;-18,9044678;-48,1844862;"SPRF-MG";"DEL15-MG";"UOP01-DEL15-MG"
754286;2026-02-23;"segunda-feira";"21:15:00";"BA";242;215;"ITABERABA";"Pista esburacada";"Saída de leito carroçável";"Com Vítimas Feridas";"Plena Noite";"Decrescente";"Céu Claro";"Simples";"Reta";"Não";3;0;0;2;0;2;2;3;-12,520998;-40,176845;"SPRF-BA";"DEL06-BA";"UOP02-DEL06-BA"
754290;2026-02-23;"segunda-feira";"19:30:00";"MS";163;626,8;"SAO GABRIEL DO OESTE";"Ausência de reação do condutor";"Saída de leito carroçável";"Sem Vítimas";"Plena Noite";"Crescente";"Nublado";"Simples";"Reta";"Não";5;0;0;0;5;0;0;1;-19,3034681;-54,6269523;"SPRF-MS";"DEL06-MS";"UOP02-DEL06-MS"
754296;2026-02-23;"segunda-feira";"21:00:00";"MT";163;733;"LUCAS DO RIO VERDE";"Reação tardia ou ineficiente do condutor";"Tombamento";"Com Vítimas Feridas";"Plena Noite";"Crescente";"Céu Claro";"Simples";"Reta";"Não";2;0;1;0;0;2;1;3;-13,11061401;-55,95333494;"SPRF-MT";"DEL06-MT";"UOP01-DEL06-MT"
754298;2026-02-23;"segunda-feira";"23:30:00";"MG";40;529,1;"CONTAGEM";"Ausência de reação do condutor";"Saída de leito carroçável";"Com Vítimas Feridas";"Plena Noite";"Crescente";"Garoa/Chuvisco";"Dupla";"Curva;Aclive";"Sim";1;0;0;1;0;0;1;1;-19,9125961;-44,041731;"SPRF-MG";"DEL01-MG";"UOP02-DEL01-MG"
754301;2026-02-23;"segunda-feira";"23:25:00";"PB";230;19;"JOAO PESSOA";"Reação tardia ou ineficiente do condutor";"Colisão traseira";"Com Vítimas Feridas";"Plena Noite";"Crescente";"Nublado";"Dupla";"Curva";"Sim";6;0;1;0;5;0;1;6;-7,1287885;-34,8486088;"SPRF-PB";"DEL01-PB";"UOP01-DEL01-PB"
754302;2026-02-24;"terça-feira";"00:01:00";"MG";381;352;"JOAO MONLEVADE";"Velocidade Incompatível";"Colisão frontal";"Com Vítimas Feridas";"Plena Noite";"Crescente";"Nublado";"Simples";"Curva";"Sim";4;0;1;0;2;1;1;3;-19,83897233;-43,19515228;"SPRF-MG";"DEL03-MG";"UOP01-DEL03-MG"
754304;2026-02-23;"segunda-feira";"23:30:00";"MG";381;276;"JAGUARACU";"Ingestão de álcool pelo condutor";"Colisão frontal";"Com Vítimas Feridas";"Plena Noite";"Decrescente";"Nublado";"Simples";"Reta";"Sim";3;0;1;0;1;1;1;3;-19,58708508;-42,73225576;"SPRF-MG";"DEL03-MG";"UOP02-DEL03-MG"
754305;2026-02-23;"segunda-feira";"22:30:00";"PR";163;289;"MARECHAL CANDIDO RONDON";"Ultrapassagem Indevida";"Colisão lateral sentido oposto";"Com Vítimas Feridas";"Plena Noite";"Crescente";"Nublado";"Múltipla";"Reta;Aclive";"Não";8;0;3;3;1;1;6;3;-24,51923327;-54,07500207;"SPRF-PR";"DEL06-PR";"UOP02-DEL06-PR"
754308;2026-02-24;"terça-feira";"00:05:00";"SP";116;504;"CAJATI";"Ausência de reação do condutor";"Eventos atípicos";"Sem Vítimas";"Plena Noite";"Crescente";"Chuva";"Dupla";"Curva";"Não";2;0;0;0;1;1;0;2;-24,78112392;-48,18500519;"SPRF-SP";"DEL05-SP";"UOP02-DEL05-SP"
754309;2026-02-24;"terça-feira";"00:10:00";"RJ";101;121;"CAMPOS DOS GOYTACAZES";"Iluminação deficiente";"Colisão traseira";"Com Vítimas Feridas";"Plena Noite";"Crescente";"Chuva";"Dupla";"Reta";"Não";5;0;3;0;1;1;3;3;-22,041605;-41,692861;"SPRF-RJ";"DEL08-RJ";"UOP02-DEL08-RJ"
754310;2026-02-23;"segunda-feira";"21:30:00";"GO";158;64;"PIRANHAS";"Pista esburacada";"Colisão lateral sentido oposto";"Com Vítimas Feridas";"Plena Noite";"Crescente";"Nublado";"Simples";"Reta;Aclive";"Não";6;0;1;1;3;6;2;9;-16,29931;-51,965888;"SPRF-GO";"DEL04-GO";"UOP02-DEL04-GO"
754311;2026-02-23;"segunda-feira";"21:00:00";"MT";364;497,9;"JANGADA";"Pedestre - Ingestão de álcool/ substâncias psicoativas";"Atropelamento de Pedestre";"Com Vítimas Fatais";"Plena Noite";"Crescente";"Chuva";"Simples";"Reta";"Não";3;1;0;0;1;1;0;3;-15,212155;-56,504004;"SPRF-MT";"DEL01-MT";"UOP01-DEL01-MT"
754312;2026-02-24;"terça-feira";"03:50:00";"MG";262;361;"JUATUBA";"Ausência de reação do condutor";"Saída de leito carroçável";"Sem Vítimas";"Plena Noite";"Decrescente";"Chuva";"Dupla";"Declive;Reta";"Sim";1;0;0;0;0;1;0;1;-19,974065;-44,319513;"SPRF-MG";"DEL01-MG";"UOP03-DEL01-MG"
754319;2026-02-24;"terça-feira";"05:15:00";"MT";163;1028;"PEIXOTO DE AZEVEDO";"Ausência de reação do condutor";"Colisão traseira";"Com Vítimas Feridas";"Amanhecer";"Crescente";"Garoa/Chuvisco";"Simples";"Reta";"Não";3;0;0;1;1;3;1;5;-10,2542;-54,997;"SPRF-MT";"DEL06-MT";"UOP03-DEL06-MT"
754324;2026-02-24;"terça-feira";"07:30:00";"BA";324;614;"SALVADOR";"Condutor deixou de manter distância do veículo da frente";"Colisão lateral mesmo sentido";"Com Vítimas Feridas";"Pleno dia";"Crescente";"Céu Claro";"Dupla";"Reta";"Não";3;0;1;0;2;0;1;3;-12,8719765;-38,4276393;"SPRF-BA";"DEL01-BA";"UOP01-DEL01-BA"
754325;2026-02-24;"terça-feira";"07:30:00";"PE";101;70;"RECIFE";"Entrada inopinada do pedestre";"Colisão com objeto";"Sem Vítimas";"Pleno dia";"Crescente";"Chuva";"Múltipla";"Reta";"Sim";1;0;0;0;1;0;0;1;-8,072047;-34,942588;"SPRF-PE";"DEL01-PE";"UOP01-DEL01-PE"
754327;2026-02-24;"terça-feira";"06:06:00";"RO";364;421;"JARU";"Condutor deixou de manter distância do veículo da frente";"Colisão traseira";"Com Vítimas Feridas";"Amanhecer";"Decrescente";"Chuva";"Simples";"Reta";"Não";2;0;1;0;1;0;1;2;-10,46482;-62,452665;"SPRF-RO";"DEL03-RO";"UOP02-DEL03-RO"
754330;2026-02-20;"sexta-feira";"11:30:00";"RS";287;438,3;"UNISTALDA";"Acostamento em desnível";"Capotamento";"Com Vítimas Feridas";"Pleno dia";"Decrescente";"Céu Claro";"Simples";"Reta";"Não";2;0;1;0;1;0;1;1;-29,04626548;-55,19805908;"SPRF-RS";"DEL12-RS";"UOP02-DEL12-RS"
754334;2026-02-24;"terça-feira";"06:00:00";"MT";163;1105;"GUARANTA DO NORTE";"Pista esburacada";"Colisão lateral sentido oposto";"Com Vítimas Feridas";"Pleno dia";"Decrescente";"Nublado";"Simples";"Reta";"Não";3;0;1;0;1;5;1;7;-9,62852;-54,88211;"SPRF-MT";"DEL06-MT";"UOP03-DEL06-MT"
754335;2026-02-24;"terça-feira";"07:48:00";"PE";232;133;"CARUARU";"Transitar na contramão";"Atropelamento de Pedestre";"Com Vítimas Fatais";"Pleno dia";"Crescente";"Céu Claro";"Dupla";"Reta";"Sim";2;1;0;0;0;1;0;2;-8,30804;-36,02265;"SPRF-PE";"DEL02-PE";"UOP03-DEL02-PE"
754340;2026-02-24;"terça-feira";"07:10:00";"BA";116;9,9;"VITORIA DA CONQUISTA";"Acessar a via sem observar a presença dos outros veículos";"Colisão traseira";"Com Vítimas Feridas";"Pleno dia";"Crescente";"Céu Claro";"Simples";"Reta";"Sim";5;0;3;0;1;1;3;4;-14,85761;-40,87747;"SPRF-BA";"DEL08-BA";"UOP01-DEL08-BA"
754342;2026-02-24;"terça-feira";"06:30:00";"MT";70;320;"DOM AQUINO";"Transitar na contramão";"Colisão lateral sentido oposto";"Com Vítimas Feridas";"Pleno dia";"Decrescente";"Chuva";"Simples";"Reta";"Não";3;0;1;1;0;1;2;3;-15,515637;-54,629753;"SPRF-MT";"DEL05-MT";"UOP01-DEL05-MT"
754351;2026-02-24;"terça-feira";"08:00:00";"MG";381;943,5;"EXTREMA";"Ausência de reação do condutor";"Colisão traseira";"Com Vítimas Feridas";"Pleno dia";"Decrescente";"Céu Claro";"Dupla";"Reta;Aclive";"Não";5;0;1;0;3;1;1;5;-22,84230708;-46,33011639;"SPRF-MG";"DEL16-MG";"UOP03-DEL16-MG"