"id";"data_inversa";"dia_semana";"horario";"uf";"br";"km";"municipio";"causa_acidente";"tipo_acidente";"classificacao_acidente";"fase_dia";"sentido_via";"condicao_metereologica";"tipo_pista";"tracado_via";"uso_solo";"pessoas";"mortos";"feridos_leves";"feridos_graves";"ilesos";"ignorados";"feridos";"veiculos";"latitude";"longitude";"regional";"delegacia";"uop"
754623;2026-02-25;"quarta-feira";"16:50:00";"MG";365;601;"UBERLANDIA";"Velocidade Incompatível";"Tombamento";"Com Vítimas Feridas";"Pleno dia";"Crescente";"Chuva";"Simples";"Declive";"Não";2;0;1;0;0;1;1;2;-18,888396;-48,119223;"SPRF-MG";"DEL15-MG";"UOP01-DEL15-MG"
754624;2026-02-25;"quarta-feira";"16:30:00";"PI";316;2;"TERESINA";"Condutor desrespeitou a iluminação vermelha do semáforo";"Colisão traseira";"Com Vítimas Feridas";"Pleno dia";"Decrescente";"Céu Claro";"Múltipla";"Interseção de Vias";"Sim";3;0;1;0;2;0;1;3;-5,123326;-42,794996;"SPRF-PI";"DEL01-PI";"UOP02-DEL01-PI"
754628;2026-02-25;"quarta-feira";"15:40:00";"RJ";393;297;"BARRA MANSA";"Retorno proibido";"Colisão lateral mesmo sentido";"Com Vítimas Feridas";"Pleno dia";"Decrescente";"Céu Claro";"Simples";"Reta";"Sim";2;0;1;0;0;1;1;2;-22,5360052;-44,1157;"SPRF-RJ";"DEL07-RJ";"UOP02-DEL07-RJ"
754637;2026-02-25;"quarta-feira";"17:10:00";"BA";324;532;"CONCEICAO DO JACUIPE";"Carga excessiva e/ou mal acondicionada";"Tombamento";"Com Vítimas Feridas";"Pleno dia";"Decrescente";"Nublado";"Dupla";"Reta";"Não";1;0;1;0;0;0;1;1;-12,35039129;-38,83585357;"SPRF-BA";"DEL11-BA";"UOP02-DEL11-BA"
754641;2026-02-25;"quarta-feira";"17:20:00";"SC";480;131,3;"CHAPECO";"Reação tardia ou ineficiente do condutor";"Colisão traseira";"Com Vítimas Feridas";"Pleno dia";"Crescente";"Céu Claro";"Dupla";"Curva";"Sim";6;0;0;1;5;0;1;2;-27,05808656;-52,63626337;"SPRF-SC";"DEL07-SC";"UOP01-DEL07-SC"
754644;2026-02-25;"quarta-feira";"10:30:00";"BA";101;455;"ITACARE";"Ausência de reação do condutor";"Tombamento";"Com Vítimas Feridas";"Pleno dia";"Decrescente";"Sol";"Simples";"Curva;Declive";"Não";2;0;1;0;0;1;1;2;-14,402487;-39,322755;"SPRF-BA";"DEL05-BA";"UOP01-DEL05-BA"
754648;2026-02-25;"quarta-feira";"15:00:00";"SP";116;65;"GUARATINGUETA";"Curva acentuada";"Colisão com objeto";"Com Vítimas Feridas";"Pleno dia";"Decrescente";"Céu Claro";"Múltipla";"Curva";"Sim";1;0;1;0;0;0;1;1;-22,82345209;-45,19316864;"SPRF-SP";"DEL08-SP";"UOP01-DEL08-SP"
754651;2026-02-25;"quarta-feira";"17:32:00";"SC";101;104,9;"PENHA";"Entrada inopinada do pedestre";"Atropelamento de Pedestre";"Com Vítimas Feridas";"Pleno dia";"Decrescente";"Chuva";"Dupla";"Curva";"Sim";3;0;1;0;1;1;1;3;-26,80063463;-48,67882702;"SPRF-SC";"DEL03-SC";"UOP02-DEL03-SC"
754655;2026-02-25;"quarta-feira";"18:10:00";"PE";232;135;"CARUARU";"Condutor deixou de manter distância do veículo da frente";"Engavetamento";"Com Vítimas Feridas";"Plena Noite";"Decrescente";"Céu Claro";"Dupla";"Reta";"Sim";4;0;1;0;3;0;1;4;-8,30658267;-36,01730959;"SPRF-PE";"DEL02-PE";"UOP03-DEL02-PE"
754656;2026-01-19;"segunda-feira";"11:00:00";"BA";101;31,8;"ESPLANADA";"Curva acentuada";"Tombamento";"Com Vítimas Feridas";"Pleno dia";"Crescente";"Nublado";"Dupla";"Declive;Curva";"Não";1;0;1;0;0;0;1;1;-11,74227412;-37,93841869;"SPRF-SE";"DEL02-SE";"UOP03-DEL02-SE"
754659;2026-02-25;"quarta-feira";"05:00:00";"PI";135;166;"BERTOLINIA";"Reação tardia ou ineficiente do condutor";"Saída de leito carroçável";"Com Vítimas Feridas";"Amanhecer";"Decrescente";"Nublado";"Simples";"Aclive;Curva";"Não";2;0;1;0;0;1;1;2;-7,943137;-43,823495;"SPRF-PI";"DEL03-PI";"UOP01-DEL03-PI"
754660;2026-02-25;"quarta-feira";"16:50:00";"SC";101;90;"BARRA VELHA";"Reação tardia ou ineficiente do condutor";"Engavetamento";"Com Vítimas Feridas";"Pleno dia";"Crescente";"Chuva";"Múltipla";"Reta";"Sim";5;0;2;0;2;1;2;5;-26,6702333;-48,69000882;"SPRF-SC";"DEL03-SC";"UOP02-DEL03-SC"
754664;2026-02-25;"quarta-feira";"19:29:00";"SP";153;283;"OCAUCU";"Chuva";"Colisão lateral sentido oposto";"Sem Vítimas";"Plena Noite";"Crescente";"Chuva";"Simples";"Reta";"Não";2;0;0;0;1;1;0;2;-22,52091808;-49,88930494;"SPRF-SP";"DEL07-SP";"UOP02-DEL07-SP"
754667;2026-02-25;"quarta-feira";"15:00:00";"PI";316;274;"SANTA CRUZ DOS MILAGRES";"Ausência de reação do condutor";"Tombamento";"Com Vítimas Feridas";"Pleno dia";"Decrescente";"Céu Claro";"Simples";"Aclive";"Não";1;0;1;0;0;0;1;1;-6;-41,725242;"SPRF-PI";"DEL04-PI";"UOP01-DEL04-PI"
754670;2026-02-25;"quarta-feira";"17:20:00";"BA";116;752;"POCOES";"Condutor deixou de manter distância do veículo da frente";"Colisão traseira";"Com Vítimas Feridas";"Anoitecer";"Crescente";"Chuva";"Simples";"Reta";"Não";2;0;1;0;0;1;1;2;-14,54296198;-40,39521289;"SPRF-BA";"DEL08-BA";"UOP02-DEL08-BA"
754673;2026-02-25;"quarta-feira";"21:00:00";"SC";282;45,4;"AGUAS MORNAS";"Mal súbito do condutor";"Saída de leito carroçável";"Com Vítimas Feridas";"Plena Noite";"Decrescente";"Garoa/Chuvisco";"Simples";"Curva";"Não";1;0;0;1;0;0;1;1;-27,72296064;-48,92981976;"SPRF-SC";"DEL01-SC";"UOP03-DEL01-SC"
754675;2026-02-25;"quarta-feira";"20:05:00";"MG";381;789,7;"SAO GONCALO DO SAPUCAI";"Reação tardia ou ineficiente do condutor";"Colisão traseira";"Com Vítimas Feridas";"Plena Noite";"Crescente";"Nublado";"Dupla";"Reta";"Não";2;0;1;0;1;0;1;2;-21,8776153;-45,5424457;"SPRF-MG";"DEL16-MG";"UOP02-DEL16-MG"
754680;2026-02-25;"quarta-feira";"19:00:00";"SC";470;218,5;"SAO CRISTOVAO DO SUL";"Problema com o freio";"Incêndio";"Sem Vítimas";"Plena Noite";"Decrescente";"Nublado";"Simples";"Reta";"Não";2;0;0;0;1;2;0;3;-27,3018098;-50,3015921;"SPRF-SC";"DEL05-SC";"UOP03-DEL05-SC"
754681;2026-02-25;"quarta-feira";"20:30:00";"MG";50;109;"UBERABA";"Condutor Dormindo";"Tombamento";"Sem Vítimas";"Plena Noite";"Decrescente";"Céu Claro";"Dupla";"Reta";"Não";1;0;0;0;1;0;0;1;-19,7031506;-47,9855242;"SPRF-MG";"DEL13-MG";"UOP01-DEL13-MG"
754682;2026-02-25;"quarta-feira";"20:53:00";"MT";163;694;"SORRISO";"Ingestão de álcool pelo condutor";"Tombamento";"Sem Vítimas";"Plena Noite";"Decrescente";"Nublado";"Simples";"Reta;Retorno Regulamentado";"Não";1;0;0;0;1;0;0;1;-13,02952833;-55,89822167;"SPRF-MT";"DEL06-MT";"UOP01-DEL06-MT"
754683;2026-02-25;"quarta-feira";"22:30:00";"RS";101;50,8;"TERRA DE AREIA";"Reação tardia ou ineficiente do condutor";"Engavetamento";"Com Vítimas Feridas";"Plena Noite";"Crescente";"Céu Claro";"Dupla";"Reta";"Não";4;0;1;0;2;2;1;5;-29,614477;-50,091295;"SPRF-RS";"DEL03-RS";"UOP02-DEL03-RS"
754685;2026-02-25;"quarta-feira";"19:50:00";"BA";242;214;"ITABERABA";"Demais falhas mecânicas ou elétricas";"Incêndio";"Sem Vítimas";"Plena Noite";"Decrescente";"Ignorado";"Simples";"Reta";"Não";3;0;0;0;2;2;0;3;-12,52089;-40,16408;"SPRF-BA";"DEL06-BA";"UOP02-DEL06-BA"
754686;2026-02-25;"quarta-feira";"23:00:00";"MG";381;0;"BETIM";"Ausência de reação do condutor";"Tombamento";"Com Vítimas Fatais";"Plena Noite";"Decrescente";"Céu Claro";"Dupla";"Reta";"Não";2;1;0;0;0;1;0;2;-19,96559763;-44,15889502;"SPRF-MG";"DEL01-MG";"UOP03-DEL01-MG"
754687;2026-02-25;"quarta-feira";"16:30:00";"AL";104;49;"BRANQUINHA";"Manobra de mudança de faixa";"Colisão frontal";"Com Vítimas Fatais";"Pleno dia";"Decrescente";"Céu Claro";"Simples";"Reta";"Não";2;1;0;0;1;0;0;2;-9,24919216;-35,99636078;"SPRF-AL";"DEL01-AL";"UOP02-DEL01-AL"
754692;2026-02-25;"quarta-feira";"21:10:00";"RS";101;53,5;"TERRA DE AREIA";"Demais falhas mecânicas ou elétricas";"Incêndio";"Sem Vítimas";"Plena Noite";"Crescente";"Nublado";"Dupla";"Curva";"Não";1;0;0;0;1;0;0;1;-29,636031;-50,102404;"SPRF-RS";"DEL03-RS";"UOP02-DEL03-RS"
754693;2026-02-25;"quarta-feira";"23:15:00";"PE";232;30,7;"MORENO";"Demais falhas mecânicas ou elétricas";"Incêndio";"Sem Vítimas";"Plena Noite";"Decrescente";"Céu Claro";"Dupla";"Reta";"Não";1;0;0;0;1;0;0;1;-8,10568;-35,15977;"SPRF-PE";"DEL02-PE";"UOP02-DEL02PE"
754694;2026-02-25;"quarta-feira";"23:32:00";"PE";232;7,8;"RECIFE";"Ingestão de substâncias psicoativas pelo condutor";"Colisão com objeto";"Sem Vítimas";"Plena Noite";"Decrescente";"Céu Claro";"Dupla";"Reta";"Sim";2;0;0;0;0;2;0;2;-8,07635043;-34,97135921;"SPRF-PE";"DEL01-PE";"UOP01-DEL01-PE"
754698;2026-02-26;"quinta-feira";"03:00:00";"PR";116;8;"CAMPINA GRANDE DO SUL";"Chuva";"Saída de leito carroçável";"Com Vítimas Feridas";"Plena Noite";"Crescente";"Chuva";"Dupla";"Curva";"Não";3;0;1;0;1;1;1;2;-25,08092895;-48,62355407;"SPRF-PR";"DEL01-PR";"UOP02-DEL01-PR"
754699;2026-02-25;"quarta-feira";"07:17:00";"GO";60;385;"RIO VERDE";"Reação tardia ou ineficiente do condutor";"Engavetamento";"Com Vítimas Feridas";"Pleno dia";"Crescente";"Céu Claro";"Dupla";"Aclive;Reta";"Não";5;0;1;0;4;0;1;5;-17,81019969;-50,92714548;"SPRF-GO";"DEL04-GO";"UOP02-DEL04-GO"
754702;2026-02-26;"quinta-feira";"03:35:00";"PR";376;658,9;"TIJUCAS DO SUL";"Condutor deixou de manter distância do veículo da frente";"Colisão traseira";"Sem Vítimas";"Plena Noite";"Decrescente";"Nublado";"Simples";"Curva";"Não";2;0;0;0;1;1;0;2;-25,846333;-49,003965;"SPRF-PR";"DEL01-PR";"UOP04-DEL01-PR"
754703;2026-02-26;"quinta-feira";"03:30:00";"MG";40;590,4;"OURO PRETO";"Ausência de reação do condutor";"Saída de leito carroçável";"Com Vítimas Fatais";"Plena Noite";"Crescente";"Nevoeiro/Neblina";"Simples";"Reta;Aclive";"Não";2;1;0;0;0;1;0;2;-20,41223648;-43,89586544;"SPRF-MG";"DEL01-MG";"UOP02-DEL01-MG"
754710;2026-02-26;"quinta-feira";"06:00:00";"MG";381;934;"EXTREMA";"Ausência de reação do condutor";"Colisão com objeto";"Com Vítimas Feridas";"Pleno dia";"Crescente";"Nublado";"Dupla";"Aclive;Reta";"Não";2;0;1;0;0;1;1;2;-22,7995465;-46,2604643;"SPRF-MG";"DEL16-MG";"UOP03-DEL16-MG"
754711;2026-02-26;"quinta-feira";"06:45:00";"PR";277;66,5;"SAO JOSE DOS PINHAIS";"Ausência de reação do condutor";"Colisão traseira";"Com Vítimas Feridas";"Pleno dia";"Decrescente";"Nublado";"Dupla";"Reta;Viaduto";"Sim";3;0;1;0;1;1;1;3;-25,52591902;-49,09605181;"SPRF-PR";"DEL01-PR";"UOP01-DEL01-PR"
754716;2026-02-26;"quinta-feira";"05:30:00";"PR";376;402,3;"TIBAGI";"Reação tardia ou ineficiente do condutor";"Colisão com objeto";"Sem Vítimas";"Amanhecer";"Crescente";"Céu Claro";"Dupla";"Aclive;Curva";"Não";1;0;0;0;0;1;0;1;-24,60266667;-50,66436111;"SPRF-PR";"DEL03-PR";"UOP02-DEL03-PR"
754732;2026-02-26;"quinta-feira";"07:35:00";"PR";277;76,5;"SAO JOSE DOS PINHAIS";"Trafegar com motocicleta (ou similar) entre as faixas";"Colisão traseira";"Com Vítimas Feridas";"Pleno dia";"Crescente";"Nublado";"Dupla";"Reta";"Sim";3;0;0;1;2;0;1;2;-25,486026;-49,184917;"SPRF-PR";"DEL01-PR";"UOP08-DEL01-PR"
754735;2026-02-26;"quinta-feira";"07:20:00";"RS";293;121;"PINHEIRO MACHADO";"Objeto estático sobre o leito carroçável";"Colisão traseira";"Com Vítimas Feridas";"Pleno dia";"Decrescente";"Céu Claro";"Simples";"Aclive;Reta";"Não";3;0;0;1;1;1;1;3;-31,54803206;-53,43181103;"SPRF-RS";"DEL11-RS";"UOP03-DEL11-RS"
754736;2026-02-26;"quinta-feira";"08:40:00";"ES";101;164;"LINHARES";"Transitar na contramão";"Colisão frontal";"Com Vítimas Fatais";"Pleno dia";"Crescente";"Céu Claro";"Simples";"Reta";"Não";4;1;0;0;2;1;0;3;-19,51693763;-40,14219157;"SPRF-ES";"DEL04-ES";"UOP01-DEL04-ES"
754737;2026-02-26;"quinta-feira";"06:33:00";"RO";319;137;"PORTO VELHO";"Estacionar ou parar em local proibido";"Colisão traseira";"Com Vítimas Feridas";"Pleno dia";"Decrescente";"Céu Claro";"Simples";"Reta";"Não";3;0;1;0;1;1;1;3;-8,740181;-63,916316;"SPRF-RO";"DEL01-RO";"UOP01-DEL01-RO"
754748;2026-02-26;"quinta-feira";"08:35:00";"PR";373;269;"PRUDENTOPOLIS";"Transitar na contramão";"Colisão lateral sentido oposto";"Com Vítimas Feridas";"Pleno dia";"Decrescente";"Céu Claro";"Simples";"Declive;Reta";"Sim";2;0;0;1;1;0;1;2;-25,21424;-51,01073;"SPRF-PR";"DEL08-PR";"UOP01-DEL08-PR"
754749;2026-02-17;"terça-feira";"22:40:00";"MG";40;803;"JUIZ DE FORA";"Ausência de reação do condutor";"Colisão traseira";"Com Vítimas Feridas";"Plena Noite";"Decrescente";"Nublado";"Dupla";"Aclive;Curva";"Não";4;0;3;0;1;0;3;2;-21,82492754;-43,37472008;"SPRF-MG";"DEL05-MG";"UOP01-DEL05-MG"
754758;2026-01-22;"quinta-feira";"04:00:00";"SC";101;35;"JOINVILLE";"Condutor Dormindo";"Colisão traseira";"Com Vítimas Feridas";"Plena Noite";"Decrescente";"Nublado";"Dupla";"Reta";"Não";3;0;1;0;1;1;1;3;-26,27866754;-48,89153894;"SPRF-SC";"DEL03-SC";"UOP01-DEL03-SC"
754761;2026-02-26;"quinta-feira";"09:12:00";"RO";364;699;"PORTO VELHO";"Reação tardia ou ineficiente do condutor";"Colisão lateral mesmo sentido";"Com Vítimas Feridas";"Pleno dia";"Decrescente";"Garoa/Chuvisco";"Dupla";"Reta";"Sim";4;0;0;1;2;3;1;5;-8,800813;-63,76202;"SPRF-RO";"DEL01-RO";"UOP01-DEL01-RO"
754764;2026-02-26;"quinta-feira";"10:20:00";"SP";116;426;"REGISTRO";"Velocidade Incompatível";"Colisão traseira";"Com Vítimas Feridas";"Pleno dia";"Crescente";"Chuva";"Dupla";"Curva";"Não";3;0;1;0;1;1;1;3;-24,40190996;-47,73488564;"SPRF-SP";"DEL05-SP";"UOP01-DEL05-SP"
754765;2026-02-19;"quinta-feira";"03:00:00";"RO";364;184,6;"PIMENTA BUENO";"Falta de elemento de contenção que evite a saída do leito carroçável";"Saída de leito carroçável";"Com Vítimas Feridas";"Plena Noite";"Crescente";"Ignorado";"Simples";"Curva";"Não";2;0;1;0;0;1;1;2;-11,73241981;-61,12453938;"SPRF-RO";"DEL02-RO";"UOP02-DEL02-RO"
754766;2026-02-26;"quinta-feira";"09:00:00";"AL";416;18,4;"COLONIA LEOPOLDINA";"Problema com o freio";"Colisão com objeto";"Com Vítimas Feridas";"Pleno dia";"Decrescente";"Céu Claro";"Simples";"Declive;Curva";"Não";4;0;3;0;1;0;3;1;-8,938325;-35,784558;"SPRF-AL";"DEL01-AL";"UOP02-DEL01-AL"
754775;2026-02-26;"quinta-feira";"11:35:00";"RS";290;91;"PORTO ALEGRE";"Reação tardia ou ineficiente do condutor";"Colisão com objeto";"Com Vítimas Feridas";"Pleno dia";"Decrescente";"Céu Claro";"Dupla";"Curva";"Sim";3;0;1;0;1;1;1;2;-29,96928053;-51,16861241;"SPRF-RS";"DEL01-RS";"UOP01-DEL01-RS"
754777;2026-02-26;"quinta-feira";"11:00:00";"SP";116;98;"PINDAMONHANGABA";"Velocidade Incompatível";"Saída de leito carroçável";"Com Vítimas Feridas";"Pleno dia";"Crescente";"Nublado";"Dupla";"Reta";"Não";1;0;1;0;0;0;1;1;-22,97894993;-45,45770234;"SPRF-SP";"DEL08-SP";"UOP01-DEL08-SP"
754778;2026-02-26;"quinta-feira";"10:00:00";"PI";222;85,2;"PIRIPIRI";"Problema com o freio";"Saída de leito carroçável";"Sem Vítimas";"Pleno dia";"Decrescente";"Céu Claro";"Simples";"Curva";"Não";1;0;0;0;1;0;0;1;-4,31520336;-41,7777441;"SPRF-PI";"DEL02-PI";"UOP01-DEL02-PI"
754779;2026-02-26;"quinta-feira";"11:00:00";"MG";381;928;"ITAPEVA";"Acessar a via sem observar a presença dos outros veículos";"Atropelamento de Pedestre";"Com Vítimas Feridas";"Pleno dia";"Decrescente";"Céu Claro";"Dupla";"Reta";"Não";2;0;0;1;1;0;1;2;-22,76857675;-46,21002879;"SPRF-MG";"DEL16-MG";"UOP03-DEL16-MG"
754782;2026-02-26;"quinta-feira";"11:00:00";"MA";316;284;"BELA VISTA DO MARANHAO";"Problema na suspensão";"Colisão com objeto";"Sem Vítimas";"Pleno dia";"Decrescente";"Céu Claro";"Simples";"Reta";"Sim";1;0;0;0;1;0;0;1;-3,773073;-45,218253;"SPRF-MA";"DEL02-MA";"UOP01-DEL02-MA"
754788;2026-02-06;"sexta-feira";"21:50:00";"MS";163;612;"SAO GABRIEL DO OESTE";"Ausência de reação do condutor";"Colisão com objeto";"Sem Vítimas";"Plena Noite";"Decrescente";"Céu Claro";"Simples";"Reta";"Não";1;0;0;0;1;0;0;1;-19,41686377;-54,5535085;"SPRF-MS";"DEL06-MS";"UOP02-DEL06-MS"
754790;2026-02-26;"quinta-feira";"11:45:00";"RS";386;269;"FONTOURA XAVIER";"Ultrapassagem Indevida";"Colisão lateral mesmo sentido";"Com Vítimas Feridas";"Pleno dia";"Decrescente";"Céu Claro";"Simples";"Reta;Em Obras";"Não";13;0;2;0;10;1;2;7;-28,96993034;-52,36999003;"SPRF-RS";"DEL04-RS";"UOP03-DEL04-RS"
754792;2026-02-26;"quinta-feira";"08:30:00";"MG";153;141,2;"PRATA";"Manobra de mudança de faixa";"Saída de leito carroçável";"Com Vítimas Feridas";"Pleno dia";"Decrescente";"Céu Claro";"Simples";"Reta";"Não";2;0;2;0;0;0;2;1;-19,570474;-48,825284;"SPRF-MG";"DEL15-MG";"UOP03-DEL15-MG"
754795;2026-02-26;"quinta-feira";"11:40:00";"MG";381;534,5;"ITATIAIUCU";"Demais falhas mecânicas ou elétricas";"Saída de leito carroçável";"Com Vítimas Feridas";"Pleno dia";"Decrescente";"Nublado";"Dupla";"Reta";"Não";1;0;1;0;0;0;1;1;-20,18586221;-44,37951279;"SPRF-MG";"DEL04-MG";"UOP03-DEL04-MG"
754803;2026-02-06;"sexta-feira";"08:00:00";"PA";163;48;"NOVO PROGRESSO";"Ultrapassagem Indevida";"Colisão frontal";"Com Vítimas Fatais";"Pleno dia";"Crescente";"Sol";"Simples";"Reta";"Não";5;2;0;0;2;4;0;7;-9,1706;-54,8909;"SPRF-MT";"DEL06-MT";"UOP03-DEL06-MT"
754810;2026-02-26;"quinta-feira";"14:00:00";"BA";324;537;"AMELIA RODRIGUES";"Acessar a via sem observar a presença dos outros veículos";"Colisão traseira";"Com Vítimas Feridas";"Pleno dia";"Crescente";"Garoa/Chuvisco";"Dupla";"Reta";"Não";3;0;1;0;1;2;1;4;-12,3784185;-38,8017524;"SPRF-BA";"DEL11-BA";"UOP02-DEL11-BA"
754811;2026-02-26;"quinta-feira";"13:55:00";"RS";285;301;"PASSO FUNDO";"Ausência de reação do condutor";"Saída de leito carroçável";"Com Vítimas Feridas";"Pleno dia";"Decrescente";"Céu Claro";"Simples";"Reta";"Não";2;0;1;0;0;1;1;2;-28,22314772;-52,47014372;"SPRF-RS";"DEL08-RS";"UOP03-DEL08-RS"
754812;2026-02-26;"quinta-feira";"14:00:00";"SP";116;141;"SAO JOSE DOS CAMPOS";"Ausência de reação do condutor";"Colisão lateral mesmo sentido";"Com Vítimas Feridas";"Pleno dia";"Crescente";"Garoa/Chuvisco";"Dupla";"Reta";"Sim";3;0;1;0;1;1;1;3;-23,17004717;-45,82091491;"SPRF-SP";"DEL02-SP";"UOP01-DEL02-SP"
754814;2026-02-26;"quinta-feira";"15:00:00";"RS";290;104;"ELDORADO DO SUL";"Ausência de reação do condutor";"Engavetamento";"Com Vítimas Feridas";"Pleno dia";"Crescente";"Céu Claro";"Dupla";"Reta;Ponte";"Não";5;0;1;0;3;1;1;4;-29,9941195;-51,2779119;"SPRF-RS";"DEL02-RS";"UOP01-DEL02-RS"
754817;2026-02-26;"quinta-feira";"14:45:00";"MG";251;473,4;"FRANCISCO SA";"Velocidade Incompatível";"Colisão transversal";"Com Vítimas Feridas";"Pleno dia";"Crescente";"Chuva";"Simples";"Declive";"Não";3;0;1;0;1;1;1;3;-16,473733;-43,480878;"SPRF-MG";"DEL12-MG";"UOP01-DEL12-MG"
754821;2026-02-26;"quinta-feira";"15:15:00";"BA";116;908;"CANDIDO SALES";"Ausência de reação do condutor";"Colisão transversal";"Com Vítimas Feridas";"Pleno dia";"Decrescente";"Céu Claro";"Simples";"Reta";"Sim";3;0;0;1;1;1;1;3;-15,505127;-41,235106;"SPRF-BA";"DEL08-BA";"UOP03-DEL08-BA"
754823;2026-02-26;"quinta-feira";"14:30:00";"MG";153;77;"MONTE ALEGRE DE MINAS";"Frear bruscamente";"Colisão traseira";"Com Vítimas Feridas";"Pleno dia";"Crescente";"Céu Claro";"Simples";"Ponte";"Não";3;0;1;0;1;2;1;4;-18,94639454;-49,02554512;"SPRF-MG";"DEL15-MG";"UOP03-DEL15-MG"
754825;2026-01-20;"terça-feira";"22:00:00";"RO";364;340,3;"JI-PARANA";"Acessar a via sem observar a presença dos outros veículos";"Colisão transversal";"Sem Vítimas";"Plena Noite";"Crescente";"Chuva";"Simples";"Reta;Interseção de Vias";"Sim";4;0;0;0;3;1;0;3;-10,89264225;-61,93045232;"SPRF-RO";"DEL02-RO";"UOP01-DEL02-RO"
754831;2026-02-26;"quinta-feira";"08:40:00";"MG";365;145,2;"PIRAPORA";"Velocidade Incompatível";"Saída de leito carroçável";"Com Vítimas Feridas";"Pleno dia";"Crescente";"Chuva";"Simples";"Reta";"Não";1;0;0;1;0;0;1;1;-17,24401;-44,8322;"SPRF-MG";"DEL10-MG";"UOP02-DEL010-MG"
754832;2026-02-26;"quinta-feira";"16:10:00";"RS";116;391;"CAMAQUA";"Ausência de reação do condutor";"Saída de leito carroçável";"Com Vítimas Feridas";"Pleno dia";"Decrescente";"Céu Claro";"Dupla";"Reta";"Sim";3;0;0;2;0;2;2;3;-30,817743;-51,702199;"SPRF-RS";"DEL02-RS";"UOP02-DEL02-RS"
754836;2026-02-26;"quinta-feira";"14:00:00";"RS";116;456;"SAO LOURENCO DO SUL";"Ausência de reação do condutor";"Saída de leito carroçável";"Com Vítimas Feridas";"Pleno dia";"Decrescente";"Céu Claro";"Dupla";"Reta";"Não";1;0;1;0;0;0;1;1;-31,251002;-51,996792;"SPRF-RS";"DEL02-RS";"UOP02-DEL02-RS"
754840;2026-02-26;"quinta-feira";"17:00:00";"MG";262;639;"ARAXA";"Ausência de reação do condutor";"Colisão traseira";"Com Vítimas Feridas";"Pleno dia";"Decrescente";"Garoa/Chuvisco";"Simples";"Reta";"Não";3;0;1;0;2;0;1;2;-19,56884818;-47,02251434;"SPRF-MG";"DEL08-MG";"UOP01-DEL08-MG"
754843;2026-02-26;"quinta-feira";"16:25:00";"PB";101;119;"CAAPORA";"Reação tardia ou ineficiente do condutor";"Colisão traseira";"Com Vítimas Feridas";"Pleno dia";"Decrescente";"Nublado";"Múltipla";"Aclive";"Não";4;0;0;1;3;0;1;2;-7,426663;-34,965013;"SPRF-PB";"DEL01-PB";"UOP01-DEL01-PB"
754854;2026-02-26;"quinta-feira";"18:25:00";"SP";116;475;"JACUPIRANGA";"Reação tardia ou ineficiente do condutor";"Colisão traseira";"Com Vítimas Feridas";"Anoitecer";"Decrescente";"Céu Claro";"Dupla";"Reta";"Não";3;0;0;1;1;1;1;3;-24,69053994;-47,9938144;"SPRF-SP";"DEL05-SP";"UOP01-DEL05-SP"
754857;2026-02-26;"quinta-feira";"00:10:00";"PR";376;321;"ORTIGUEIRA";"Ausência de reação do condutor";"Saída de leito carroçável";"Com Vítimas Fatais";"Plena Noite";"Crescente";"Nublado";"Simples";"Reta";"Não";2;1;0;0;0;1;0;2;-24,047632;-51,071182;"SPRF-PR";"DEL07-PR";"UOP02-DEL07-PR"
754863;2026-02-26;"quinta-feira";"18:05:00";"ES";101;287,7;"CARIACICA";"Reação tardia ou ineficiente do condutor";"Engavetamento";"Com Vítimas Feridas";"Plena Noite";"Decrescente";"Garoa/Chuvisco";"Dupla";"Reta";"Sim";10;0;2;0;7;1;2;5;-20,269795;-40,390125;"SPRF-ES";"DEL01-ES";"UOP01-DEL01-ES"
754870;2026-02-26;"quinta-feira";"09:19:00";"RO";364;388;"OURO PRETO DO OESTE";"Reação tardia ou ineficiente do condutor";"Colisão transversal";"Com Vítimas Feridas";"Pleno dia";"Decrescente";"Nublado";"Simples";"Interseção de Vias;Reta";"Não";2;0;0;1;1;0;1;2;-10,68706;-62,274195;"SPRF-RO";"DEL03-RO";"UOP02-DEL03-RO"
754871;2026-02-26;"quinta-feira";"17:30:00";"BA";101;511;"ITABUNA";"Transitar na contramão";"Colisão frontal";"Com Vítimas Feridas";"Anoitecer";"Decrescente";"Nublado";"Simples";"Reta";"Não";3;0;1;1;0;1;2;3;-14,852515;-39,280742;"SPRF-BA";"DEL05-BA";"UOP01-DEL05-BA"
754872;2026-02-26;"quinta-feira";"14:58:00";"MT";364;249;"JUSCIMEIRA";"Velocidade Incompatível";"Colisão traseira";"Com Vítimas Feridas";"Pleno dia";"Crescente";"Chuva";"Dupla";"Aclive";"Não";5;0;1;0;3;2;1;4;-16,12123025;-54,85200477;"SPRF-MT";"DEL02-MT";"UOP01-DEL02-MT"
754873;2026-01-08;"quinta-feira";"16:00:00";"GO";40;89;"CRISTALINA";"Ausência de reação do condutor";"Colisão lateral sentido oposto";"Com Vítimas Fatais";"Pleno dia";"Crescente";"Céu Claro";"Simples";"Reta;Declive";"Não";7;1;0;4;1;1;4;3;-16,72063594;-47,65246511;"SPRF-DF";"DEL01-DF";"UOP02-DEL01-DF"