"id";"data_inversa";"dia_semana";"horario";"uf";"br";"km";"municipio";"causa_acidente";"tipo_acidente";"classificacao_acidente";"fase_dia";"sentido_via";"condicao_metereologica";"tipo_pista";"tracado_via";"uso_solo";"pessoas";"mortos";"feridos_leves";"feridos_graves";"ilesos";"ignorados";"feridos";"veiculos";"latitude";"longitude";"regional";"delegacia";"uop"
755159;2026-02-27;"sexta-feira";"23:45:00";"MG";40;225;"JOAO PINHEIRO";"Transtornos Mentais (exceto suicidio)";"Saída de leito carroçável";"Com Vítimas Feridas";"Plena Noite";"Decrescente";"Garoa/Chuvisco";"Simples";"Reta";"Sim";3;0;1;0;1;1;1;3;-17,98792194;-45,60704324;"SPRF-MG";"DEL14-MG";"UOP02-DEL14-MG"
755163;2026-02-28;"sábado";"01:28:00";"RS";290;90;"PORTO ALEGRE";"Ausência de reação do condutor";"Colisão traseira";"Com Vítimas Feridas";"Plena Noite";"Crescente";"Céu Claro";"Dupla";"Reta";"Não";2;0;0;1;1;0;1;2;-29,96837517;-51,16230011;"SPRF-RS";"DEL01-RS";"UOP01-DEL01-RS"
755165;2026-02-27;"sexta-feira";"21:40:00";"PE";232;58,3;"POMBOS";"Ausência de reação do condutor";"Colisão traseira";"Com Vítimas Fatais";"Plena Noite";"Decrescente";"Céu Claro";"Dupla";"Reta";"Sim";2;1;0;0;0;1;0;2;-8,14575959;-35,3924346;"SPRF-PE";"DEL02-PE";"UOP02-DEL02PE"
755166;2026-02-28;"sábado";"01:55:00";"MT";364;319;"CAMPO VERDE";"Condutor Dormindo";"Saída de leito carroçável";"Com Vítimas Feridas";"Plena Noite";"Crescente";"Nublado";"Dupla";"Reta";"Não";1;0;0;1;0;0;1;1;-15,818056;-55,334064;"SPRF-MT";"DEL05-MT";"UOP02-DEL05-MT"
755171;2026-02-28;"sábado";"03:04:00";"RN";304;33;"MOSSORO";"Velocidade Incompatível";"Colisão com objeto";"Com Vítimas Feridas";"Plena Noite";"Decrescente";"Nublado";"Dupla";"Reta";"Sim";1;0;0;1;0;0;1;1;-5,1451272;-37,3467727;"SPRF-RN";"DEL04-RN";"UOP02-DEL04-RN"
755173;2026-02-28;"sábado";"03:01:00";"MS";163;205;"CAARAPO";"Ausência de reação do condutor";"Colisão traseira";"Com Vítimas Feridas";"Plena Noite";"Crescente";"Céu Claro";"Simples";"Reta";"Não";7;0;4;1;1;1;5;4;-22,65693345;-54,80404281;"SPRF-MS";"DEL04-MS";"UOP02-DEL04-MS"
755175;2026-02-28;"sábado";"01:53:00";"MT";163;896;"CLAUDIA";"Conversão proibida";"Colisão lateral mesmo sentido";"Com Vítimas Feridas";"Plena Noite";"Decrescente";"Nublado";"Simples";"Reta";"Não";2;0;1;0;1;0;1;2;-11,346572;-55,333172;"SPRF-MT";"DEL06-MT";"UOP02-DEL06-MT"
755182;2026-02-28;"sábado";"05:25:00";"MG";40;519,8;"CONTAGEM";"Reação tardia ou ineficiente do condutor";"Colisão traseira";"Com Vítimas Feridas";"Amanhecer";"Crescente";"Céu Claro";"Dupla";"Declive;Reta";"Sim";6;0;2;0;3;4;2;9;-19,8445313;-44,0739989;"SPRF-MG";"DEL01-MG";"UOP02-DEL01-MG"
755183;2026-02-28;"sábado";"00:05:00";"SC";470;8;"ITAPEMA";"Transitar na contramão";"Colisão frontal";"Com Vítimas Feridas";"Plena Noite";"Decrescente";"Nublado";"Dupla";"Reta";"Não";2;0;0;1;1;0;1;2;-27,06616504;-48,59578665;"SPRF-SC";"DEL04-SC";"UOP04-DEL04-SC"
755186;2026-02-27;"sexta-feira";"17:30:00";"RS";468;96,3;"TRES PASSOS";"Ausência de reação do condutor";"Queda de ocupante de veículo";"Com Vítimas Feridas";"Anoitecer";"Decrescente";"Céu Claro";"Simples";"Reta";"Não";3;0;1;1;0;1;2;2;-27,49856257;-53,88608247;"SPRF-RS";"DEL08-RS";"UOP02-DEL08-RS"
755187;2026-02-28;"sábado";"05:30:00";"DF";20;16;"BRASILIA";"Acessar a via sem observar a presença dos outros veículos";"Colisão lateral mesmo sentido";"Sem Vítimas";"Amanhecer";"Crescente";"Chuva";"Dupla";"Em Obras;Reta";"Sim";2;0;0;0;2;0;0;2;-15,6241;-47,72238;"SPRF-DF";"DEL02-DF";"UOP01-DEL02-DF"
755188;2026-02-28;"sábado";"06:15:00";"RS";290;60;"GRAVATAI";"Ausência de reação do condutor";"Colisão traseira";"Com Vítimas Feridas";"Pleno dia";"Decrescente";"Céu Claro";"Múltipla";"Reta";"Sim";2;0;1;0;1;0;1;2;-29,93887035;-50,89073181;"SPRF-RS";"DEL03-RS";"UOP01-DEL03-RS"
755189;2026-02-27;"sexta-feira";"17:00:00";"MG";381;168,5;"GOVERNADOR VALADARES";"Acumulo de água sobre o pavimento";"Saída de leito carroçável";"Com Vítimas Feridas";"Anoitecer";"Crescente";"Chuva";"Simples";"Reta";"Não";1;0;1;0;0;0;1;1;-18,975488;-42,097234;"SPRF-MG";"DEL06-MG";"UOP01-DEL06-MG"
755208;2026-02-28;"sábado";"06:00:00";"MT";364;393;"CUIABA";"Ausência de reação do condutor";"Colisão traseira";"Com Vítimas Feridas";"Pleno dia";"Decrescente";"Céu Claro";"Dupla";"Reta";"Não";4;0;2;0;1;3;2;5;-15,685745;-55,915387;"SPRF-MT";"DEL01-MT";"UOP02-DEL01-MT"
755209;2026-02-28;"sábado";"07:53:00";"PE";101;79,5;"JABOATAO DOS GUARARAPES";"Condutor deixou de manter distância do veículo da frente";"Colisão traseira";"Com Vítimas Feridas";"Pleno dia";"Crescente";"Sol";"Dupla";"Reta";"Sim";3;0;0;1;1;1;1;3;-8,14850401;-34,94392332;"SPRF-PE";"DEL01-PE";"UOP01-DEL01-PE"
755210;2026-02-28;"sábado";"06:50:00";"PR";376;242;"APUCARANA";"Velocidade Incompatível";"Tombamento";"Com Vítimas Feridas";"Amanhecer";"Decrescente";"Céu Claro";"Dupla";"Curva";"Não";2;0;1;0;0;1;1;2;-23,581649;-51,434199;"SPRF-PR";"DEL07-PR";"UOP03-DEL07-PR"
755211;2026-02-28;"sábado";"05:40:00";"RS";285;211;"LAGOA VERMELHA";"Reação tardia ou ineficiente do condutor";"Saída de leito carroçável";"Com Vítimas Fatais";"Pleno dia";"Crescente";"Céu Claro";"Simples";"Curva";"Não";1;1;0;0;0;0;0;1;-28,23317195;-51,63595033;"SPRF-RS";"DEL08-RS";"UOP05-DEL08-RS"
755215;2026-02-28;"sábado";"05:00:00";"CE";230;79;"VARZEA ALEGRE";"Ausência de reação do condutor";"Colisão traseira";"Com Vítimas Feridas";"Amanhecer";"Decrescente";"Nublado";"Dupla";"Declive;Reta";"Sim";4;0;2;0;1;1;2;2;-6,79354336;-39,29342182;"SPRF-CE";"DEL05-CE";"UOP01-DEL05-CE"
755219;2026-02-04;"quarta-feira";"13:30:00";"SC";280;27;"ARAQUARI";"Ultrapassagem Indevida";"Colisão transversal";"Com Vítimas Feridas";"Pleno dia";"Crescente";"Céu Claro";"Simples";"Reta";"Sim";2;0;1;0;1;0;1;2;-26,39647021;-48,74019949;"SPRF-SC";"DEL03-SC";"UOP03-DEL03-SC"
755228;2026-02-28;"sábado";"07:18:00";"RN";304;247,2;"SANTA MARIA";"Ingestão de álcool pelo condutor";"Saída de leito carroçável";"Sem Vítimas";"Pleno dia";"Crescente";"Céu Claro";"Simples";"Reta";"Não";1;0;0;0;1;0;0;1;-5,825942;-35,779208;"SPRF-RN";"DEL01-RN";"UOP02-DEL01-RN"
755233;2026-02-28;"sábado";"10:30:00";"ES";101;210;"VILA VALERIO";"Ausência de reação do condutor";"Colisão traseira";"Com Vítimas Feridas";"Pleno dia";"Crescente";"Sol";"Simples";"Reta";"Não";7;0;2;0;4;3;2;8;-19;-40,36982;"SPRF-ES";"DEL02-ES";"UOP01-DEL02-ES"
755236;2026-02-28;"sábado";"11:40:00";"SP";153;63;"SAO JOSE DO RIO PRETO";"Reação tardia ou ineficiente do condutor";"Colisão traseira";"Com Vítimas Feridas";"Pleno dia";"Crescente";"Céu Claro";"Dupla";"Aclive;Reta";"Não";3;0;1;0;1;1;1;3;-20,816687;-49,357218;"SPRF-SP";"DEL09-SP";"UOP01-DEL09-SP"
755238;2026-02-28;"sábado";"10:40:00";"SC";101;4;"GARUVA";"Manobra de mudança de faixa";"Saída de leito carroçável";"Com Vítimas Feridas";"Pleno dia";"Decrescente";"Céu Claro";"Dupla";"Curva";"Não";3;0;2;0;1;0;2;2;-26,01368628;-48,86202542;"SPRF-SC";"DEL03-SC";"UOP01-DEL03-SC"
755239;2026-02-27;"sexta-feira";"19:30:00";"MA";330;39;"BALSAS";"Transitar na contramão";"Colisão frontal";"Com Vítimas Feridas";"Plena Noite";"Crescente";"Nublado";"Simples";"Declive;Reta";"Não";2;0;2;0;0;0;2;2;-7,83605;-46,01993;"SPRF-MA";"DEL05-MA";"UOP01-DEL05-MA"
755240;2026-02-28;"sábado";"06:20:00";"CE";226;36;"PEREIRO";"Ausência de sinalização";"Saída de leito carroçável";"Com Vítimas Feridas";"Amanhecer";"Crescente";"Nublado";"Simples";"Declive;Curva";"Não";2;0;1;0;0;1;1;2;-6,036819;-38,50962;"SPRF-CE";"DEL05-CE";"UOP02-DEL05-CE"
755243;2026-02-28;"sábado";"11:50:00";"SC";101;122;"ITAJAI";"Ausência de reação do condutor";"Colisão traseira";"Com Vítimas Feridas";"Pleno dia";"Decrescente";"Sol";"Dupla";"Reta";"Não";3;0;0;2;1;0;2;2;-26,92374038;-48,70730773;"SPRF-SC";"DEL04-SC";"UOP04-DEL04-SC"
755255;2026-02-28;"sábado";"14:40:00";"MG";381;2;"BETIM";"Reação tardia ou ineficiente do condutor";"Saída de leito carroçável";"Com Vítimas Feridas";"Pleno dia";"Crescente";"Sol";"Múltipla";"Declive;Curva";"Sim";2;0;0;1;0;1;1;2;-19,98039;-44,16127;"SPRF-MG";"DEL01-MG";"UOP03-DEL01-MG"
755256;2026-02-28;"sábado";"13:33:00";"SP";116;426,6;"JUQUIA";"Reação tardia ou ineficiente do condutor";"Tombamento";"Com Vítimas Fatais";"Pleno dia";"Decrescente";"Nublado";"Dupla";"Curva";"Não";3;1;0;0;2;0;0;2;-24,387865;-47,720699;"SPRF-SP";"DEL05-SP";"UOP01-DEL05-SP"
755265;2026-02-28;"sábado";"12:40:00";"BA";116;765;"POCOES";"Transitar na contramão";"Colisão frontal";"Com Vítimas Feridas";"Pleno dia";"Crescente";"Chuva";"Simples";"Declive";"Não";3;0;0;1;1;2;1;4;-14,5429697;-40,3952417;"SPRF-BA";"DEL08-BA";"UOP02-DEL08-BA"
755266;2026-02-28;"sábado";"12:00:00";"MT";70;694;"CACERES";"Velocidade Incompatível";"Capotamento";"Com Vítimas Feridas";"Pleno dia";"Decrescente";"Céu Claro";"Simples";"Curva";"Não";3;0;1;1;0;1;2;2;-16,25025;-57,46834;"SPRF-MT";"DEL03-MT";"UOP01-DEL03-MT"
755272;2026-02-28;"sábado";"11:15:00";"MT";158;627,7;"AGUA BOA";"Manobra de mudança de faixa";"Tombamento";"Sem Vítimas";"Pleno dia";"Crescente";"Sol";"Simples";"Reta";"Não";2;0;0;0;1;3;0;4;-14,43734874;-52,25594759;"SPRF-MT";"DEL07-MT";"UOP02-DEL07-MT"
755275;2026-02-28;"sábado";"15:20:00";"PR";369;24,9;"CAMBARA";"Condutor deixou de manter distância do veículo da frente";"Colisão traseira";"Com Vítimas Feridas";"Pleno dia";"Decrescente";"Céu Claro";"Simples";"Reta";"Não";4;0;2;0;2;0;2;2;-23,0355141;-50,1546581;"SPRF-PR";"DEL07-PR";"UOP05-DEL07-PR"
755276;2026-02-28;"sábado";"16:16:00";"MT";364;297,2;"JACIARA";"Reação tardia ou ineficiente do condutor";"Saída de leito carroçável";"Com Vítimas Feridas";"Pleno dia";"Decrescente";"Céu Claro";"Dupla";"Reta";"Não";2;0;1;0;0;1;1;2;-15,852138;-55,137776;"SPRF-MT";"DEL05-MT";"UOP02-DEL05-MT"
755282;2026-02-28;"sábado";"15:50:00";"GO";452;115;"BOM JESUS DE GOIAS";"Ingestão de álcool pelo condutor";"Engavetamento";"Sem Vítimas";"Pleno dia";"Decrescente";"Céu Claro";"Simples";"Reta";"Não";3;0;0;0;3;0;0;3;-18,172067;-49,908824;"SPRF-GO";"DEL03-GO";"UOP02-DEL03-GO"
755283;2026-02-28;"sábado";"17:00:00";"SC";282;214,4;"LAGES";"Ausência de reação do condutor";"Colisão lateral mesmo sentido";"Com Vítimas Feridas";"Pleno dia";"Crescente";"Céu Claro";"Simples";"Curva";"Sim";3;0;1;0;0;2;1;3;-27,78998;-50,2735;"SPRF-SC";"DEL05-SC";"UOP01-DEL05-SC"
755284;2026-02-28;"sábado";"16:50:00";"MT";364;203;"RONDONOPOLIS";"Ingestão de álcool pelo condutor";"Tombamento";"Com Vítimas Feridas";"Pleno dia";"Crescente";"Céu Claro";"Dupla";"Curva;Declive;Viaduto";"Sim";3;0;1;0;1;1;1;2;-16,4727;-54,6543;"SPRF-MT";"DEL02-MT";"UOP01-DEL02-MT"
755287;2026-02-28;"sábado";"17:20:00";"SC";101;297;"IMBITUBA";"Acessar a via sem observar a presença dos outros veículos";"Atropelamento de Pedestre";"Com Vítimas Feridas";"Pleno dia";"Decrescente";"Céu Claro";"Dupla";"Reta";"Não";2;0;1;0;1;0;1;2;-28,332013;-48,732404;"SPRF-SC";"DEL02-SC";"UOP03-DEL02-SC"
755303;2026-02-28;"sábado";"16:00:00";"GO";158;197;"CAIAPONIA";"Condutor usando celular";"Colisão traseira";"Com Vítimas Feridas";"Pleno dia";"Decrescente";"Céu Claro";"Simples";"Reta";"Não";3;0;2;0;0;1;2;3;-17,29394;-51,89127;"SPRF-GO";"DEL05-GO";"UOP01-DEL05-GO"
755305;2026-02-28;"sábado";"16:50:00";"SC";280;4;"SAO FRANCISCO DO SUL";"Velocidade Incompatível";"Tombamento";"Com Vítimas Feridas";"Pleno dia";"Crescente";"Céu Claro";"Simples";"Rotatória";"Sim";2;0;1;0;0;1;1;2;-26,25195492;-48,61810533;"SPRF-SC";"DEL03-SC";"UOP03-DEL03-SC"
755310;2026-02-28;"sábado";"20:05:00";"RS";386;434;"NOVA SANTA RITA";"Carga excessiva e/ou mal acondicionada";"Colisão com objeto";"Com Vítimas Feridas";"Plena Noite";"Decrescente";"Céu Claro";"Simples";"Reta";"Não";3;0;1;0;0;2;1;3;-29,844465;-51,282406;"SPRF-RS";"DEL04-RS";"UOP02-DEL04-RS"
755318;2026-02-28;"sábado";"20:00:00";"SC";101;100;"BALNEARIO PICARRAS";"Condutor Dormindo";"Saída de leito carroçável";"Com Vítimas Feridas";"Plena Noite";"Crescente";"Céu Claro";"Dupla";"Reta";"Sim";1;0;1;0;0;0;1;1;-26,75680874;-48,68900013;"SPRF-SC";"DEL03-SC";"UOP02-DEL03-SC"
755326;2026-02-28;"sábado";"20:00:00";"MT";364;55;"ALTO GARCAS";"Acostamento em desnível";"Tombamento";"Com Vítimas Feridas";"Plena Noite";"Crescente";"Céu Claro";"Simples";"Declive";"Não";2;0;1;0;0;1;1;2;-16,96820794;-53,5174942;"SPRF-MT";"DEL02-MT";"UOP02-DEL02-MT"
755329;2026-02-28;"sábado";"21:50:00";"MG";50;70;"UBERLANDIA";"Ausência de reação do condutor";"Colisão traseira";"Sem Vítimas";"Plena Noite";"Decrescente";"Céu Claro";"Dupla";"Reta";"Sim";2;0;0;0;2;0;0;2;-18,89156278;-48,2546982;"SPRF-MG";"DEL15-MG";"UOP01-DEL15-MG"
755333;2026-02-28;"sábado";"21:20:00";"SC";282;37,4;"AGUAS MORNAS";"Reação tardia ou ineficiente do condutor";"Colisão frontal";"Com Vítimas Feridas";"Plena Noite";"Decrescente";"Céu Claro";"Simples";"Reta";"Não";3;0;1;1;1;0;2;2;-27,70922924;-48,85218239;"SPRF-SC";"DEL01-SC";"UOP03-DEL01-SC"
755344;2026-02-28;"sábado";"22:40:00";"RJ";393;244;"VASSOURAS";"Ultrapassagem Indevida";"Colisão frontal";"Com Vítimas Feridas";"Plena Noite";"Crescente";"Céu Claro";"Simples";"Aclive;Curva";"Não";6;0;3;0;3;0;3;2;-22,4300073;-43,74437857;"SPRF-RJ";"DEL05-RJ";"UOP04-DEL05-RJ"
755354;2026-02-28;"sábado";"22:40:00";"MA";10;378,5;"ITINGA DO MARANHAO";"Suicídio (presumido)";"Atropelamento de Pedestre";"Com Vítimas Fatais";"Plena Noite";"Crescente";"Chuva";"Simples";"Declive;Reta";"Não";2;1;0;0;1;0;0;2;-4,44427;-47,53078;"SPRF-MA";"DEL04-MA";"UOP03-DEL04-MA"
755363;2026-03-01;"domingo";"00:32:00";"PE";423;108,7;"CAETES";"Manobra de mudança de faixa";"Colisão lateral mesmo sentido";"Sem Vítimas";"Plena Noite";"Crescente";"Céu Claro";"Simples";"Reta";"Não";3;0;0;0;1;2;0;3;-8,887887;-36,596511;"SPRF-PE";"DEL03-PE";"UOP01-DEL03-PE"
755365;2026-03-01;"domingo";"02:00:00";"TO";153;636;"ALIANCA DO TOCANTINS";"Ingestão de substâncias psicoativas pelo condutor";"Saída de leito carroçável";"Com Vítimas Feridas";"Plena Noite";"Crescente";"Chuva";"Simples";"Reta";"Não";1;0;0;1;0;0;1;1;-11,3975607;-48,9749346;"SPRF-TO";"DEL01-TO";"UOP02-DEL01-TO"
755366;2026-03-01;"domingo";"01:45:00";"MG";365;281,7;"SAO GONCALO DO ABAETE";"Demais falhas mecânicas ou elétricas";"Incêndio";"Sem Vítimas";"Plena Noite";"Decrescente";"Céu Claro";"Simples";"Reta";"Não";2;0;0;0;1;1;0;2;-18,01777;-45,634283;"SPRF-MG";"DEL10-MG";"UOP02-DEL010-MG"
755368;2026-03-01;"domingo";"02:05:00";"PB";230;48,5;"SANTA RITA";"Pedestre andava na pista";"Atropelamento de Pedestre";"Com Vítimas Fatais";"Plena Noite";"Decrescente";"Céu Claro";"Dupla";"Em Obras;Reta";"Não";2;1;0;0;0;1;0;2;-7,17624;-35,042475;"SPRF-PB";"DEL01-PB";"UOP02-DEL01-PB"
755385;2026-03-01;"domingo";"04:15:00";"BA";101;818;"ITAMARAJU";"Ultrapassagem Indevida";"Colisão frontal";"Com Vítimas Feridas";"Plena Noite";"Decrescente";"Chuva";"Simples";"Declive;Curva";"Não";5;0;2;1;2;0;3;2;-17,095393;-39,565413;"SPRF-BA";"DEL09-BA";"UOP01-DEL09-BA"
755393;2026-02-28;"sábado";"16:34:00";"MT";70;514;"VARZEA GRANDE";"Acessar a via sem observar a presença dos outros veículos";"Colisão transversal";"Com Vítimas Feridas";"Pleno dia";"Decrescente";"Céu Claro";"Simples";"Reta";"Sim";4;0;1;1;1;1;2;3;-15,70608744;-56,13212397;"SPRF-MT";"DEL01-MT";"UOP02-DEL01-MT"
755401;2026-02-28;"sábado";"19:00:00";"GO";158;198;"CAIAPONIA";"Reação tardia ou ineficiente do condutor";"Atropelamento de Pedestre";"Com Vítimas Fatais";"Plena Noite";"Decrescente";"Céu Claro";"Simples";"Reta";"Não";2;1;0;0;0;1;0;2;-17,29394;-51,89127;"SPRF-GO";"DEL05-GO";"UOP01-DEL05-GO"
755411;2026-03-01;"domingo";"03:00:00";"MT";163;749;"SORRISO";"Ingestão de álcool pelo condutor";"Saída de leito carroçável";"Sem Vítimas";"Plena Noite";"Crescente";"Céu Claro";"Dupla";"Reta";"Não";3;0;0;0;1;3;0;4;-12,57337;-55,727597;"SPRF-MT";"DEL06-MT";"UOP01-DEL06-MT"
755414;2026-01-20;"terça-feira";"11:28:00";"PE";101;51;"ABREU E LIMA";"Reação tardia ou ineficiente do condutor";"Colisão traseira";"Com Vítimas Feridas";"Pleno dia";"Decrescente";"Céu Claro";"Múltipla";"Reta";"Não";5;0;0;2;2;1;2;4;-7,90606147;-34,90141869;"SPRF-PE";"DEL01-PE";"UOP02-DEL01-PE"
755422;2026-03-01;"domingo";"07:45:00";"SC";280;194,5;"MAFRA";"Demais falhas mecânicas ou elétricas";"Incêndio";"Sem Vítimas";"Pleno dia";"Crescente";"Céu Claro";"Simples";"Declive;Curva";"Não";2;0;0;0;1;1;0;2;-26,18059;-50,02103;"SPRF-SC";"DEL06-SC";"UOP01-DEL06-SC"
755428;2026-03-01;"domingo";"11:56:00";"PE";232;75,6;"GRAVATA";"Ultrapassagem Indevida";"Colisão lateral mesmo sentido";"Sem Vítimas";"Pleno dia";"Crescente";"Céu Claro";"Dupla";"Reta";"Sim";3;0;0;0;1;2;0;3;-8,19532;-35,5345;"SPRF-PE";"DEL02-PE";"UOP02-DEL02PE"
755437;2026-03-01;"domingo";"11:01:00";"PA";163;428;"ITAITUBA";"Pista esburacada";"Colisão transversal";"Com Vítimas Fatais";"Pleno dia";"Crescente";"Céu Claro";"Simples";"Reta";"Não";4;1;0;0;2;3;0;5;-6,09001;-55,651028;"SPRF-PA";"DEL05-PA";"UOP03-DEL05-PA"
755440;2026-03-01;"domingo";"13:30:00";"SC";101;143;"ITAPEMA";"Suicídio (presumido)";"Atropelamento de Pedestre";"Com Vítimas Fatais";"Pleno dia";"Decrescente";"Céu Claro";"Dupla";"Reta";"Sim";3;1;0;0;1;1;0;3;-27,06585623;-48,59571425;"SPRF-SC";"DEL04-SC";"UOP03-DEL04-SC"
755441;2026-03-01;"domingo";"13:50:00";"ES";101;14;"PEDRO CANARIO";"Velocidade Incompatível";"Tombamento";"Com Vítimas Feridas";"Pleno dia";"Crescente";"Sol";"Simples";"Curva";"Não";2;0;0;1;0;1;1;2;-18,2234319;-39,94345665;"SPRF-ES";"DEL04-ES";"UOP02-DEL04-ES"
755444;2026-03-01;"domingo";"13:50:00";"PR";376;212,7;"MANDAGUARI";"Ingestão de álcool pelo condutor";"Tombamento";"Com Vítimas Feridas";"Pleno dia";"Crescente";"Céu Claro";"Dupla";"Reta;Aclive";"Não";1;0;1;0;0;0;1;1;-23,56456398;-51,65700901;"SPRF-PR";"DEL09-PR";"UOP01-DEL09-PR"
755447;2026-02-15;"domingo";"19:57:00";"MS";158;348;"BRASILANDIA";"Reação tardia ou ineficiente do condutor";"Colisão com objeto";"Com Vítimas Feridas";"Plena Noite";"Crescente";"Céu Claro";"Simples";"Reta";"Não";4;0;1;0;2;1;1;4;-21,258268;-51,951277;"SPRF-MS";"DEL07-MS";"UOP01-DEL07-MS"
755450;2026-03-01;"domingo";"08:30:00";"MG";365;538;"ROMARIA";"Demais falhas mecânicas ou elétricas";"Saída de leito carroçável";"Com Vítimas Feridas";"Pleno dia";"Decrescente";"Céu Claro";"Simples";"Reta";"Não";1;0;0;1;0;0;1;1;-18,93109;-47,555489;"SPRF-MG";"DEL10-MG";"UOP01-DEL10-MG"
755452;2026-03-01;"domingo";"15:00:00";"MG";116;240;"TEOFILO OTONI";"Reação tardia ou ineficiente do condutor";"Colisão traseira";"Sem Vítimas";"Pleno dia";"Crescente";"Céu Claro";"Simples";"Aclive;Curva";"Não";6;0;0;0;4;2;0;3;-17,569384;-41,468079;"SPRF-MG";"DEL11-MG";"UOP01-DEL11-MG"
755462;2026-02-04;"quarta-feira";"16:00:00";"PB";412;123,1;"SUME";"Transitar na contramão";"Colisão transversal";"Com Vítimas Feridas";"Pleno dia";"Crescente";"Céu Claro";"Simples";"Reta";"Não";6;0;3;0;2;1;3;3;-7,75489;-36,982215;"SPRF-PB";"DEL02-PB";"UOP02-DEL02-PB"
755466;2026-03-01;"domingo";"15:50:00";"SP";116;538;"BARRA DO TURVO";"Ausência de reação do condutor";"Colisão com objeto";"Com Vítimas Feridas";"Pleno dia";"Crescente";"Garoa/Chuvisco";"Dupla";"Curva";"Não";2;0;1;0;1;0;1;2;-24,97185391;-48,37053108;"SPRF-SP";"DEL05-SP";"UOP02-DEL05-SP"
755469;2026-03-01;"domingo";"16:30:00";"SP";116;361,8;"MIRACATU";"Velocidade Incompatível";"Tombamento";"Com Vítimas Feridas";"Pleno dia";"Decrescente";"Céu Claro";"Dupla";"Curva";"Não";2;0;1;0;0;1;1;2;-24,1129957;-47,2689731;"SPRF-SP";"DEL04-SP";"UOP03-DEL04-SP"
755477;2026-03-01;"domingo";"16:30:00";"MG";365;189,5;"BURITIZEIRO";"Reação tardia ou ineficiente do condutor";"Colisão lateral mesmo sentido";"Com Vítimas Feridas";"Pleno dia";"Crescente";"Céu Claro";"Simples";"Reta;Declive";"Não";2;0;1;0;1;0;1;2;-17,429267;-45,150208;"SPRF-MG";"DEL10-MG";"UOP02-DEL010-MG"
755480;2026-03-01;"domingo";"17:39:00";"MA";135;254,5;"CAPINZAL DO NORTE";"Mal súbito do condutor";"Colisão frontal";"Com Vítimas Feridas";"Pleno dia";"Decrescente";"Nublado";"Simples";"Curva";"Não";2;0;1;0;1;0;1;2;-4,610954;-44,34254;"SPRF-MA";"DEL03-MA";"UOP01-DEL03-MA"
755484;2026-03-01;"domingo";"15:00:00";"MS";376;105,1;"IVINHEMA";"Problema com o freio";"Incêndio";"Com Vítimas Feridas";"Pleno dia";"Crescente";"Céu Claro";"Simples";"Reta";"Não";2;0;1;0;0;2;1;3;-22,30323203;-54,00692225;"SPRF-MS";"DEL04-MS";"UOP04-DEL04-MS"
755486;2026-03-01;"domingo";"18:10:00";"BA";242;472;"IBITIARA";"Transitar na contramão";"Colisão lateral sentido oposto";"Com Vítimas Feridas";"Plena Noite";"Decrescente";"Chuva";"Simples";"Curva";"Não";3;0;1;0;1;1;1;3;-12,46741924;-42,29564667;"SPRF-BA";"DEL06-BA";"UOP01-DEL06-BA"
755489;2026-03-01;"domingo";"14:50:00";"MG";116;579,1;"MANHUACU";"Ausência de reação do condutor";"Colisão lateral sentido oposto";"Com Vítimas Feridas";"Pleno dia";"Decrescente";"Céu Claro";"Simples";"Curva";"Não";4;0;2;0;1;1;2;3;-20,18713906;-42,18515682;"SPRF-MG";"DEL06-MG";"UOP03-DEL06-MG"
755490;2026-03-01;"domingo";"17:45:00";"GO";414;324;"COCALZINHO DE GOIAS";"Ultrapassagem Indevida";"Colisão traseira";"Sem Vítimas";"Anoitecer";"Decrescente";"Céu Claro";"Simples";"Reta";"Não";3;0;0;0;3;0;0;2;-15,406605;-48,629514;"SPRF-GO";"DEL02-GO";"UOP01-DEL02-GO"
755494;2026-03-01;"domingo";"17:45:00";"MS";267;12,9;"BATAGUASSU";"Demais falhas mecânicas ou elétricas";"Colisão traseira";"Com Vítimas Feridas";"Anoitecer";"Crescente";"Sol";"Dupla";"Reta";"Sim";3;0;1;0;1;2;1;4;-21,72524;-52,262702;"SPRF-MS";"DEL02-MS";"UOP04-DEL02-MS"
755509;2026-03-01;"domingo";"18:25:00";"MG";381;533,5;"ITATIAIUCU";"Velocidade Incompatível";"Tombamento";"Com Vítimas Feridas";"Pleno dia";"Crescente";"Nublado";"Dupla";"Declive;Curva";"Não";2;0;0;1;0;1;1;2;-20,174023;-44,375762;"SPRF-MG";"DEL04-MG";"UOP03-DEL04-MG"
755512;2026-03-01;"domingo";"19:55:00";"SP";116;500;"CAJATI";"Problema com o freio";"Tombamento";"Com Vítimas Feridas";"Plena Noite";"Decrescente";"Garoa/Chuvisco";"Simples";"Curva";"Não";2;0;1;0;0;1;1;2;-24,78654856;-48,17648347;"SPRF-SP";"DEL05-SP";"UOP02-DEL05-SP"
755514;2026-03-01;"domingo";"16:30:00";"PR";153;494;"GENERAL CARNEIRO";"Reação tardia ou ineficiente do condutor";"Saída de leito carroçável";"Com Vítimas Feridas";"Pleno dia";"Decrescente";"Céu Claro";"Simples";"Curva";"Não";2;0;1;0;0;1;1;2;-26,43641335;-51,32082369;"SPRF-PR";"DEL02-PR";"UOP03-DEL02-PR"
755516;2026-03-01;"domingo";"20:00:00";"RJ";116;187;"NOVA IGUACU";"Pedestre cruzava a pista fora da faixa";"Atropelamento de Pedestre";"Com Vítimas Feridas";"Plena Noite";"Crescente";"Garoa/Chuvisco";"Dupla";"Reta";"Não";2;0;0;1;0;1;1;2;-22,74071768;-43,525295;"SPRF-RJ";"DEL06-RJ";"UOP01-DEL06-RJ"