"id";"data_inversa";"dia_semana";"horario";"uf";"br";"km";"municipio";"causa_acidente";"tipo_acidente";"classificacao_acidente";"fase_dia";"sentido_via";"condicao_metereologica";"tipo_pista";"tracado_via";"uso_solo";"pessoas";"mortos";"feridos_leves";"feridos_graves";"ilesos";"ignorados";"feridos";"veiculos";"latitude";"longitude";"regional";"delegacia";"uop"
756083;2026-03-04;"quarta-feira";"10:30:00";"GO";158;112;"PIRANHAS";"Ultrapassagem Indevida";"Colisão lateral sentido oposto";"Com Vítimas Feridas";"Pleno dia";"Crescente";"Céu Claro";"Simples";"Declive;Curva";"Não";7;0;0;1;5;6;1;10;-16,56585182;-51,75584794;"SPRF-GO";"DEL04-GO";"UOP02-DEL04-GO"
756084;2026-03-04;"quarta-feira";"18:00:00";"SP";116;109,2;"TAUBATE";"Trafegar com motocicleta (ou similar) entre as faixas";"Colisão lateral mesmo sentido";"Com Vítimas Feridas";"Anoitecer";"Crescente";"Nublado";"Dupla";"Reta";"Sim";3;0;1;0;2;0;1;3;-23,03000147;-45,54706184;"SPRF-SP";"DEL02-SP";"UOP02-DEL02-SP"
756094;2026-02-17;"terça-feira";"19:40:00";"BA";20;197;"LUIS EDUARDO MAGALHAES";"Reação tardia ou ineficiente do condutor";"Saída de leito carroçável";"Com Vítimas Feridas";"Plena Noite";"Crescente";"Céu Claro";"Simples";"Reta";"Não";5;0;1;0;3;2;1;5;-12,219;-45,832;"SPRF-BA";"DEL10-BA";"UOP01-DEL10-BA"
756097;2026-03-04;"quarta-feira";"15:30:00";"PR";163;251,2;"TOLEDO";"Reação tardia ou ineficiente do condutor";"Tombamento";"Com Vítimas Feridas";"Pleno dia";"Crescente";"Céu Claro";"Dupla";"Reta";"Não";3;0;1;0;1;1;1;2;-24,67745458;-53,78989323;"SPRF-PR";"DEL06-PR";"UOP02-DEL06-PR"
756098;2026-03-04;"quarta-feira";"18:10:00";"SC";282;612,1;"MARAVILHA";"Manobra de mudança de faixa";"Colisão lateral mesmo sentido";"Com Vítimas Feridas";"Pleno dia";"Crescente";"Céu Claro";"Simples";"Curva";"Não";4;0;3;0;1;0;3;2;-26,7614601;-53,2501415;"SPRF-SC";"DEL07-SC";"UOP02-DEL07-SC"
756102;2026-03-04;"quarta-feira";"18:30:00";"SC";116;12;"MAFRA";"Reação tardia ou ineficiente do condutor";"Tombamento";"Com Vítimas Feridas";"Plena Noite";"Decrescente";"Céu Claro";"Simples";"Interseção de Vias;Retorno Regulamentado;Rotatória";"Não";3;0;2;0;0;1;2;2;-26,17988182;-49,8711571;"SPRF-SC";"DEL06-SC";"UOP01-DEL06-SC"
756106;2026-03-04;"quarta-feira";"11:20:00";"PE";101;189;"PALMARES";"Suicídio (presumido)";"Atropelamento de Pedestre";"Com Vítimas Feridas";"Pleno dia";"Decrescente";"Céu Claro";"Dupla";"Reta";"Sim";3;0;0;2;0;1;2;3;-8,69590598;-35,610177;"SPRF-PE";"DEL01-PE";"UOP03-DEL01-PE"
756109;2026-02-09;"segunda-feira";"17:30:00";"PR";163;335;"GUAIRA";"Manobra de mudança de faixa";"Colisão lateral mesmo sentido";"Sem Vítimas";"Pleno dia";"Crescente";"Céu Claro";"Simples";"Reta";"Não";3;0;0;0;2;1;0;3;-24,1597756;-54,2300643;"SPRF-PR";"DEL06-PR";"UOP01-DEL06-PR"
756110;2026-03-04;"quarta-feira";"20:00:00";"ES";101;357,4;"ANCHIETA";"Avarias e/ou desgaste excessivo no pneu";"Incêndio";"Sem Vítimas";"Plena Noite";"Decrescente";"Céu Claro";"Múltipla";"Declive;Reta";"Não";2;0;0;0;1;1;0;2;-20,6898;-40,6986;"SPRF-ES";"DEL03-ES";"UOP01-DEL03-ES"
756113;2026-03-04;"quarta-feira";"19:20:00";"BA";324;519,4;"FEIRA DE SANTANA";"Trafegar com motocicleta (ou similar) entre as faixas";"Tombamento";"Com Vítimas Feridas";"Plena Noite";"Decrescente";"Céu Claro";"Dupla";"Reta";"Sim";3;0;0;1;1;3;1;5;-12,280079;-38,925001;"SPRF-BA";"DEL02-BA";"UOP01-DEL02-BA"
756114;2026-03-04;"quarta-feira";"00:00:00";"AP";210;144;"PORTO GRANDE";"Pista Escorregadia";"Eventos atípicos";"Sem Vítimas";"Plena Noite";"Decrescente";"Chuva";"Simples";"Reta;Aclive";"Não";2;0;0;0;1;3;0;4;0,5993612;-51,7277953;"SPRF-AP";"DEL01-AP";"UOP01-DEL01-AP"
756119;2026-03-04;"quarta-feira";"20:15:00";"RS";101;40;"TRES FORQUILHAS";"Acessar a via sem observar a presença dos outros veículos";"Colisão transversal";"Com Vítimas Feridas";"Plena Noite";"Decrescente";"Céu Claro";"Dupla";"Curva;Aclive";"Sim";4;0;1;0;2;1;1;3;-29,53750165;-50,02997573;"SPRF-RS";"DEL03-RS";"UOP02-DEL03-RS"
756123;2026-03-04;"quarta-feira";"18:15:00";"RO";364;430;"JARU";"Acessar a via sem observar a presença dos outros veículos";"Colisão transversal";"Com Vítimas Feridas";"Anoitecer";"Crescente";"Céu Claro";"Simples";"Reta;Interseção de Vias";"Não";3;0;1;0;1;2;1;4;-10,40664644;-62,51600269;"SPRF-RO";"DEL03-RO";"UOP02-DEL03-RO"
756126;2026-03-04;"quarta-feira";"14:30:00";"MA";10;305;"ACAILANDIA";"Reação tardia ou ineficiente do condutor";"Colisão traseira";"Com Vítimas Feridas";"Pleno dia";"Crescente";"Chuva";"Simples";"Reta;Aclive";"Não";4;0;1;0;3;0;1;3;-5,0661029;-47,5586915;"SPRF-MA";"DEL04-MA";"UOP03-DEL04-MA"
756129;2026-03-04;"quarta-feira";"22:00:00";"SP";116;280;"EMBU DAS ARTES";"Trafegar com motocicleta (ou similar) entre as faixas";"Colisão lateral mesmo sentido";"Com Vítimas Feridas";"Plena Noite";"Crescente";"Nublado";"Dupla";"Reta";"Sim";2;0;1;0;0;1;1;2;-23,65106155;-46,84713057;"SPRF-SP";"DEL04-SP";"UOP01-DEL04-SP"
756139;2026-03-04;"quarta-feira";"23:50:00";"PR";376;488;"PONTA GROSSA";"Transitar na contramão";"Colisão frontal";"Com Vítimas Feridas";"Plena Noite";"Decrescente";"Nublado";"Dupla";"Declive;Reta";"Não";2;0;0;1;1;0;1;2;-25,12906;-50,17408;"SPRF-PR";"DEL03-PR";"UOP03-DEL03-PR"
756140;2026-03-04;"quarta-feira";"23:50:00";"MG";262;550,5;"CORREGO DANTA";"Ingestão de álcool pelo condutor";"Colisão traseira";"Sem Vítimas";"Plena Noite";"Crescente";"Céu Claro";"Simples";"Reta;Aclive";"Não";2;0;0;0;2;0;0;2;-19,745119;-45,948172;"SPRF-MG";"DEL08-MG";"UOP02-DEL08-MG"
756141;2026-03-04;"quarta-feira";"23:05:00";"PR";277;345;"GUARAPUAVA";"Reação tardia ou ineficiente do condutor";"Colisão traseira";"Com Vítimas Feridas";"Plena Noite";"Crescente";"Céu Claro";"Dupla";"Declive;Reta";"Não";23;0;1;1;21;0;2;2;-25,34414675;-51,440045;"SPRF-PR";"DEL08-PR";"UOP01-DEL08-PR"
756142;2026-03-05;"quinta-feira";"02:50:00";"ES";101;14,8;"SERRA";"Ausência de reação do condutor";"Colisão com objeto";"Com Vítimas Fatais";"Plena Noite";"Decrescente";"Céu Claro";"Dupla";"Reta;Ponte";"Não";1;1;0;0;0;0;0;1;-20,181288;-40,340452;"SPRF-ES";"DEL04-ES";"UOP02-DEL04-ES"
756147;2026-03-05;"quinta-feira";"01:20:00";"GO";153;556;"PROFESSOR JAMIL";"Ingestão de álcool pelo condutor";"Colisão traseira";"Sem Vítimas";"Plena Noite";"Crescente";"Nublado";"Dupla";"Reta";"Não";3;0;0;0;2;1;0;3;-17,181782;-49,210073;"SPRF-GO";"DEL03-GO";"UOP01-DEL03-GO"
756148;2026-03-05;"quinta-feira";"02:49:00";"SC";101;359,8;"SANGAO";"Entrada inopinada do pedestre";"Atropelamento de Pedestre";"Com Vítimas Fatais";"Plena Noite";"Crescente";"Céu Claro";"Múltipla";"Reta";"Sim";3;1;0;0;1;1;0;3;-28,6645742;-49,113732;"SPRF-SC";"DEL02-SC";"UOP01-DEL02-SC"
756151;2026-03-05;"quinta-feira";"05:20:00";"SE";235;47,7;"ITABAIANA";"Velocidade Incompatível";"Saída de leito carroçável";"Com Vítimas Feridas";"Amanhecer";"Decrescente";"Céu Claro";"Simples";"Reta;Declive";"Não";1;0;1;0;0;0;1;1;-10,70328132;-37,42854818;"SPRF-SE";"DEL01-SE";"UOP02-DEL01-SE"
756154;2026-03-05;"quinta-feira";"03:50:00";"RS";290;38;"SANTO ANTONIO DA PATRULHA";"Condutor Dormindo";"Saída de leito carroçável";"Sem Vítimas";"Plena Noite";"Crescente";"Céu Claro";"Dupla";"Reta";"Não";2;0;0;0;1;1;0;2;-29,8850783;-50,6179467;"SPRF-RS";"DEL03-RS";"UOP01-DEL03-RS"
756155;2026-03-05;"quinta-feira";"04:50:00";"PE";232;172;"BELO JARDIM";"Neblina";"Colisão frontal";"Com Vítimas Fatais";"Amanhecer";"Crescente";"Nevoeiro/Neblina";"Simples";"Ponte";"Sim";2;1;0;1;0;0;1;2;-8,338925;-36,362521;"SPRF-PE";"DEL03-PE";"UOP02-DEL03-PE"
756157;2026-03-05;"quinta-feira";"05:49:00";"SE";101;127;"ITAPORANGA DAJUDA";"Demais falhas mecânicas ou elétricas";"Incêndio";"Sem Vítimas";"Pleno dia";"Decrescente";"Sol";"Dupla";"Ponte;Reta";"Não";2;0;0;0;1;1;0;2;-11,0773;-37,36546;"SPRF-SE";"DEL02-SE";"UOP01-DEL02-SE"
756159;2026-03-05;"quinta-feira";"05:25:00";"RJ";40;58,1;"PETROPOLIS";"Animais na Pista";"Atropelamento de Animal";"Com Vítimas Fatais";"Amanhecer";"Crescente";"Nublado";"Dupla";"Curva";"Sim";6;1;0;0;1;4;0;5;-22,380037;-43,132678;"SPRF-RJ";"DEL05-RJ";"UOP02-DEL05-RJ"
756165;2026-03-05;"quinta-feira";"06:30:00";"AL";101;76,1;"RIO LARGO";"Condutor deixou de manter distância do veículo da frente";"Colisão traseira";"Com Vítimas Feridas";"Pleno dia";"Crescente";"Céu Claro";"Dupla";"Curva";"Não";2;0;0;1;1;0;1;2;-9,41213333;-35,84126833;"SPRF-AL";"DEL01-AL";"UOP01-DEL01-AL"
756175;2026-03-05;"quinta-feira";"06:26:00";"TO";153;448;"BARROLANDIA";"Transitar na contramão";"Colisão frontal";"Com Vítimas Fatais";"Pleno dia";"Crescente";"Nublado";"Simples";"Reta";"Não";3;1;1;0;0;1;1;3;-9,807593;-48,72072;"SPRF-TO";"DEL01-TO";"UOP01-DEL01-TO"
756177;2026-03-05;"quinta-feira";"07:30:00";"SC";470;133;"RIO DO SUL";"Acessar a via sem observar a presença dos outros veículos";"Colisão transversal";"Sem Vítimas";"Pleno dia";"Decrescente";"Céu Claro";"Simples";"Interseção de Vias;Reta";"Sim";4;0;0;0;3;2;0;4;-27,17258881;-49,58299248;"SPRF-SC";"DEL04-SC";"UOP02-DEL04-SC"
756200;2026-03-01;"domingo";"22:40:00";"BA";101;354;"WENCESLAU GUIMARAES";"Transitar na contramão";"Colisão frontal";"Com Vítimas Feridas";"Plena Noite";"Decrescente";"Chuva";"Simples";"Declive;Reta";"Não";2;0;0;1;1;0;1;2;-13,64798;-39,48641;"SPRF-BA";"DEL05-BA";"UOP03-DEL05-BA"
756206;2026-03-01;"domingo";"20:24:00";"RJ";40;76;"PETROPOLIS";"Ausência de reação do condutor";"Colisão traseira";"Com Vítimas Feridas";"Plena Noite";"Crescente";"Céu Claro";"Dupla";"Reta";"Sim";3;0;2;0;1;0;2;2;-22,4685584;-43,23283045;"SPRF-RJ";"DEL01-RJ";"UOP01-DEL01-RJ"
756208;2026-03-05;"quinta-feira";"11:10:00";"ES";101;229,5;"FUNDAO";"Entrada inopinada do pedestre";"Atropelamento de Pedestre";"Com Vítimas Feridas";"Pleno dia";"Decrescente";"Nublado";"Dupla";"Interseção de Vias";"Sim";3;0;0;1;1;1;1;3;-19,93335355;-40,40488154;"SPRF-ES";"DEL02-ES";"UOP01-DEL02-ES"
756212;2026-03-05;"quinta-feira";"12:00:00";"SP";116;216;"GUARULHOS";"Ausência de reação do condutor";"Colisão traseira";"Com Vítimas Feridas";"Pleno dia";"Decrescente";"Céu Claro";"Múltipla";"Em Obras;Reta";"Sim";4;0;1;1;2;0;2;3;-23,45285306;-46,46924973;"SPRF-SP";"DEL01-SP";"UOP01-DEL01-SP"
756213;2026-03-05;"quinta-feira";"11:25:00";"RS";116;411;"CAMAQUA";"Reação tardia ou ineficiente do condutor";"Colisão lateral mesmo sentido";"Com Vítimas Feridas";"Pleno dia";"Crescente";"Céu Claro";"Dupla";"Reta";"Não";3;0;2;0;1;0;2;2;-30,922944;-51,902516;"SPRF-RS";"DEL02-RS";"UOP02-DEL02-RS"
756216;2026-03-05;"quinta-feira";"08:00:00";"RS";392;196,5;"SANTANA DA BOA VISTA";"Velocidade Incompatível";"Tombamento";"Com Vítimas Feridas";"Pleno dia";"Crescente";"Céu Claro";"Múltipla";"Declive;Curva";"Não";2;0;0;1;0;1;1;2;-30,8934935;-53,11867011;"SPRF-RS";"DEL09-RS";"UOP02-DEL09-RS"
756217;2026-03-05;"quinta-feira";"07:00:00";"RJ";101;297;"ITABORAI";"Frear bruscamente";"Colisão traseira";"Sem Vítimas";"Pleno dia";"Decrescente";"Céu Claro";"Dupla";"Reta";"Sim";2;0;0;0;2;0;0;2;-22,77127762;-42,92260693;"SPRF-RJ";"DEL02-RJ";"UOP02-DEL02-RJ"
756218;2026-03-05;"quinta-feira";"11:02:00";"TO";153;414;"MIRANORTE";"Reação tardia ou ineficiente do condutor";"Tombamento";"Com Vítimas Feridas";"Pleno dia";"Decrescente";"Céu Claro";"Dupla";"Rotatória";"Sim";1;0;1;0;0;0;1;1;-9,53034922;-48,59325886;"SPRF-TO";"DEL02-TO";"UOP02-DEL02-TO"
756223;2026-03-05;"quinta-feira";"10:20:00";"PR";369;432,5;"UBIRATA";"Desrespeitar a preferência no cruzamento";"Colisão transversal";"Com Vítimas Feridas";"Pleno dia";"Crescente";"Céu Claro";"Simples";"Declive";"Não";5;0;1;2;1;2;3;4;-24,557178;-52,989674;"SPRF-PR";"DEL04-PR";"UOP03-DEL04-PR"
756224;2026-03-05;"quinta-feira";"12:20:00";"SP";116;126;"CACAPAVA";"Suicídio (presumido)";"Atropelamento de Pedestre";"Com Vítimas Feridas";"Pleno dia";"Crescente";"Sol";"Dupla";"Reta";"Não";4;0;0;1;1;2;1;3;-23,10262509;-45,69141789;"SPRF-SP";"DEL02-SP";"UOP02-DEL02-SP"
756225;2026-03-05;"quinta-feira";"13:09:00";"GO";60;118;"TEREZOPOLIS DE GOIAS";"Estacionar ou parar em local proibido";"Colisão traseira";"Com Vítimas Feridas";"Pleno dia";"Crescente";"Céu Claro";"Dupla";"Aclive";"Não";4;0;1;0;2;1;1;3;-16,48667091;-49,09550283;"SPRF-GO";"DEL01-GO";"UOP01-DEL01-GO"
756226;2026-03-05;"quinta-feira";"10:30:00";"RO";364;190;"PIMENTA BUENO";"Manobra de mudança de faixa";"Saída de leito carroçável";"Com Vítimas Feridas";"Pleno dia";"Crescente";"Garoa/Chuvisco";"Simples";"Reta";"Não";2;0;1;0;0;3;1;4;-11,722;-61,144237;"SPRF-RO";"DEL02-RO";"UOP02-DEL02-RO"
756233;2026-01-26;"segunda-feira";"20:30:00";"GO";60;39;"ALEXANIA";"Animais na Pista";"Atropelamento de Animal";"Com Vítimas Feridas";"Plena Noite";"Decrescente";"Céu Claro";"Dupla";"Aclive;Ponte";"Não";5;0;1;0;3;1;1;4;-16,113533;-48,558252;"SPRF-DF";"DEL03-DF";"UOP01-DEL03-DF"
756235;2026-03-05;"quinta-feira";"07:20:00";"RJ";493;5;"ITABORAI";"Reação tardia ou ineficiente do condutor";"Colisão lateral sentido oposto";"Com Vítimas Fatais";"Pleno dia";"Crescente";"Céu Claro";"Múltipla";"Reta";"Sim";3;1;0;1;1;0;1;2;-22,73201538;-42,95173645;"SPRF-RJ";"DEL02-RJ";"UOP02-DEL02-RJ"
756236;2026-03-05;"quinta-feira";"14:10:00";"PR";153;41;"SANTO ANTONIO DA PLATINA";"Reação tardia ou ineficiente do condutor";"Colisão traseira";"Com Vítimas Feridas";"Pleno dia";"Crescente";"Céu Claro";"Simples";"Interseção de Vias;Reta";"Sim";3;0;0;2;1;0;2;2;-23,29485999;-50,06535022;"SPRF-PR";"DEL07-PR";"UOP04-DEL07-PR"
756237;2026-03-05;"quinta-feira";"11:20:00";"SC";280;78,8;"CORUPA";"Reação tardia ou ineficiente do condutor";"Colisão transversal";"Sem Vítimas";"Pleno dia";"Crescente";"Céu Claro";"Simples";"Reta";"Não";2;0;0;0;0;2;0;2;-26,443343;-49,210448;"SPRF-SC";"DEL06-SC";"UOP03-DEL06-SC"
756238;2026-03-05;"quinta-feira";"14:20:00";"RS";290;676;"URUGUAIANA";"Ultrapassagem Indevida";"Colisão lateral mesmo sentido";"Com Vítimas Feridas";"Pleno dia";"Crescente";"Céu Claro";"Simples";"Curva";"Não";7;0;5;0;1;1;5;3;-29,919486;-56,649658;"SPRF-RS";"DEL13-RS";"UOP01-DEL13-RS"
756253;2026-03-05;"quinta-feira";"13:30:00";"MS";60;425,2;"SIDROLANDIA";"Manobra de mudança de faixa";"Colisão transversal";"Com Vítimas Feridas";"Pleno dia";"Crescente";"Céu Claro";"Dupla";"Reta";"Sim";2;0;1;0;1;0;1;2;-20,930981;-54,958433;"SPRF-MS";"DEL01-MS";"UOP04-DEL01-MS"
756268;2026-03-05;"quinta-feira";"09:10:00";"BA";242;367;"LENCOIS";"Acumulo de água sobre o pavimento";"Colisão traseira";"Com Vítimas Feridas";"Pleno dia";"Decrescente";"Chuva";"Simples";"Reta;Ponte";"Não";2;0;0;1;1;0;1;2;-12,469225;-41,443632;"SPRF-BA";"DEL06-BA";"UOP01-DEL06-BA"
756269;2026-03-05;"quinta-feira";"17:20:00";"RS";293;127,4;"PINHEIRO MACHADO";"Demais falhas mecânicas ou elétricas";"Saída de leito carroçável";"Com Vítimas Feridas";"Pleno dia";"Crescente";"Céu Claro";"Dupla";"Ponte;Reta";"Não";1;0;1;0;0;0;1;1;-31,499002;-53,569797;"SPRF-RS";"DEL11-RS";"UOP03-DEL11-RS"
756270;2026-03-05;"quinta-feira";"16:00:00";"BA";116;320;"ARACI";"Suicídio (presumido)";"Atropelamento de Pedestre";"Com Vítimas Fatais";"Pleno dia";"Crescente";"Céu Claro";"Simples";"Reta";"Sim";3;1;0;0;1;3;0;5;-11,333036;-38,955165;"SPRF-BA";"DEL02-BA";"UOP01-DEL02-BA"
756277;2026-03-05;"quinta-feira";"10:00:00";"RO";425;18;"PORTO VELHO";"Acessar a via sem observar a presença dos outros veículos";"Colisão lateral mesmo sentido";"Com Vítimas Feridas";"Pleno dia";"Decrescente";"Nublado";"Simples";"Reta";"Não";2;0;1;0;1;0;1;2;-9,84768662;-65,26180816;"SPRF-RO";"DEL01-RO";"UOP03-DEL01-RO"
756278;2026-03-05;"quinta-feira";"14:20:00";"RS";116;54,5;"VACARIA";"Pista Escorregadia";"Colisão frontal";"Com Vítimas Feridas";"Pleno dia";"Crescente";"Chuva";"Múltipla";"Curva";"Não";2;0;1;0;1;0;1;2;-28,613019;-51,042968;"SPRF-RS";"DEL05-RS";"UOP03-DEL05-RS"
756279;2026-03-05;"quinta-feira";"11:00:00";"MA";222;406;"SANTA LUZIA";"Ausência de reação do condutor";"Engavetamento";"Com Vítimas Feridas";"Pleno dia";"Crescente";"Céu Claro";"Simples";"Reta;Em Obras";"Sim";4;0;1;0;3;0;1;3;-3,952955;-45,655347;"SPRF-MA";"DEL02-MA";"UOP01-DEL02-MA"
756284;2026-02-09;"segunda-feira";"13:00:00";"CE";20;369;"CANINDE";"Transitar na contramão";"Colisão transversal";"Com Vítimas Feridas";"Pleno dia";"Crescente";"Céu Claro";"Simples";"Reta";"Não";4;0;2;0;1;3;2;5;-4,33318318;-39,28708696;"SPRF-CE";"DEL02-CE";"UOP01-DEL02-CE"
756290;2026-03-05;"quinta-feira";"17:30:00";"MT";70;0,3;"BARRA DO GARCAS";"Demais falhas mecânicas ou elétricas";"Colisão lateral mesmo sentido";"Sem Vítimas";"Anoitecer";"Decrescente";"Céu Claro";"Simples";"Declive";"Sim";5;0;0;0;5;0;0;5;-15,89380933;-52,2588465;"SPRF-MT";"DEL07-MT";"UOP01-DEL07-MT"
756293;2026-03-05;"quinta-feira";"19:15:00";"MG";459;83,3;"CONGONHAL";"Animais na Pista";"Atropelamento de Animal";"Com Vítimas Feridas";"Plena Noite";"Decrescente";"Céu Claro";"Simples";"Reta";"Não";3;0;1;0;2;0;1;3;-22,155125;-46,0792797;"SPRF-MG";"DEL09-MG";"UOP01-DEL09-MG"
756294;2026-03-05;"quinta-feira";"16:45:00";"MG";40;196;"JOAO PINHEIRO";"Velocidade Incompatível";"Tombamento";"Sem Vítimas";"Pleno dia";"Decrescente";"Céu Claro";"Simples";"Declive;Curva";"Não";2;0;0;0;0;3;0;3;-17,995579;-45,840693;"SPRF-MG";"DEL14-MG";"UOP02-DEL14-MG"
756304;2026-03-05;"quinta-feira";"18:10:00";"MG";116;375;"MATHIAS LOBATO";"Ingestão de substâncias psicoativas pelo condutor";"Colisão traseira";"Com Vítimas Feridas";"Anoitecer";"Crescente";"Céu Claro";"Simples";"Curva";"Sim";4;0;1;0;3;0;1;3;-18,57463949;-41,91468984;"SPRF-MG";"DEL06-MG";"UOP01-DEL06-MG"
756311;2026-03-05;"quinta-feira";"19:55:00";"RJ";101;205;"CASIMIRO DE ABREU";"Acessar a via sem observar a presença dos outros veículos";"Colisão transversal";"Sem Vítimas";"Plena Noite";"Crescente";"Céu Claro";"Simples";"Reta;Interseção de Vias";"Sim";2;0;0;0;2;0;0;2;-22,47625287;-42,19903498;"SPRF-RJ";"DEL08-RJ";"UOP04-DEL08-RJ"
756317;2026-03-05;"quinta-feira";"20:17:00";"MG";381;925,8;"ITAPEVA";"Demais falhas mecânicas ou elétricas";"Incêndio";"Sem Vítimas";"Plena Noite";"Crescente";"Céu Claro";"Dupla";"Reta";"Não";3;0;0;0;1;2;0;3;-22,76830705;-46,20929003;"SPRF-MG";"DEL16-MG";"UOP03-DEL16-MG"
756318;2026-03-05;"quinta-feira";"18:30:00";"RJ";393;186;"PARAIBA DO SUL";"Velocidade Incompatível";"Colisão transversal";"Com Vítimas Fatais";"Anoitecer";"Crescente";"Céu Claro";"Simples";"Reta";"Não";2;1;0;0;1;0;0;2;-22,16673991;-43,32016468;"SPRF-RJ";"DEL05-RJ";"UOP03-DEL05-RJ"
756319;2026-03-05;"quinta-feira";"21:00:00";"PR";376;673,8;"GUARATUBA";"Reação tardia ou ineficiente do condutor";"Saída de leito carroçável";"Com Vítimas Feridas";"Plena Noite";"Crescente";"Céu Claro";"Simples";"Reta;Declive";"Não";2;0;1;0;0;1;1;2;-25,915969;-48,917919;"SPRF-PR";"DEL01-PR";"UOP04-DEL01-PR"
756320;2026-03-05;"quinta-feira";"19:30:00";"MG";40;81;"PARACATU";"Demais falhas mecânicas ou elétricas";"Incêndio";"Sem Vítimas";"Plena Noite";"Crescente";"Céu Claro";"Simples";"Reta";"Não";2;0;0;0;1;2;0;3;-17,46566613;-46,65226221;"SPRF-MG";"DEL14-MG";"UOP01-DEL14-MG"
756326;2026-03-05;"quinta-feira";"09:00:00";"GO";50;163,3;"CAMPO ALEGRE DE GOIAS";"Velocidade Incompatível";"Tombamento";"Sem Vítimas";"Pleno dia";"Decrescente";"Céu Claro";"Dupla";"Curva";"Não";2;0;0;0;0;2;0;2;-17,284261;-47,758279;"SPRF-GO";"DEL06-GO";"UOP01-DEL06-GO"
756330;2026-03-05;"quinta-feira";"20:00:00";"MS";262;409,7;"TERENOS";"Pedestre andava na pista";"Eventos atípicos";"Com Vítimas Fatais";"Plena Noite";"Crescente";"Céu Claro";"Simples";"Reta";"Não";2;1;0;0;1;0;0;2;-20,439;-55,111;"SPRF-MS";"DEL01-MS";"UOP03-DEL01-MS"
756331;2026-03-05;"quinta-feira";"17:00:00";"MG";381;567;"ITAGUARA";"Velocidade Incompatível";"Tombamento";"Com Vítimas Feridas";"Pleno dia";"Decrescente";"Céu Claro";"Dupla";"Curva;Aclive";"Não";2;0;1;0;0;1;1;2;-20,40255428;-44,50967211;"SPRF-MG";"DEL04-MG";"UOP03-DEL04-MG"
756335;2026-03-05;"quinta-feira";"20:30:00";"MG";365;706,5;"MONTE ALEGRE DE MINAS";"Velocidade Incompatível";"Colisão traseira";"Com Vítimas Fatais";"Plena Noite";"Crescente";"Céu Claro";"Dupla";"Declive;Curva";"Não";5;1;0;0;1;4;0;6;-18,87783;-49,059052;"SPRF-MG";"DEL15-MG";"UOP03-DEL15-MG"
756345;2026-03-06;"sexta-feira";"04:27:00";"MG";50;48,5;"ARAGUARI";"Deficiência do Sistema de Iluminação/Sinalização";"Incêndio";"Sem Vítimas";"Plena Noite";"Decrescente";"Céu Claro";"Dupla";"Reta";"Não";1;0;0;0;1;0;0;1;-18,7315672;-48,2152555;"SPRF-MG";"DEL15-MG";"UOP02-DEL15-MG"
756358;2026-03-06;"sexta-feira";"07:15:00";"MG";40;402;"CURVELO";"Ausência de reação do condutor";"Colisão lateral sentido oposto";"Com Vítimas Feridas";"Pleno dia";"Crescente";"Nublado";"Simples";"Reta";"Não";3;0;1;0;1;2;1;4;-19,046;-44,654;"SPRF-MG";"DEL02-MG";"UOP01-DEL02-MG"
756359;2026-03-06;"sexta-feira";"07:15:00";"PE";101;64,8;"RECIFE";"Demais falhas mecânicas ou elétricas";"Tombamento";"Com Vítimas Fatais";"Pleno dia";"Crescente";"Céu Claro";"Dupla";"Ponte;Reta";"Sim";2;1;0;0;0;1;0;2;-8,02245;-34,94325;"SPRF-PE";"DEL01-PE";"UOP01-DEL01-PE"
756360;2026-03-06;"sexta-feira";"07:00:00";"PR";277;635;"CEU AZUL";"Ausência de reação do condutor";"Colisão lateral sentido oposto";"Com Vítimas Feridas";"Pleno dia";"Decrescente";"Céu Claro";"Simples";"Reta";"Não";1;0;1;0;0;0;1;1;-25,1261;-53,8189;"SPRF-PR";"DEL05-PR";"UOP02-DEL05-PR"
756366;2026-03-06;"sexta-feira";"05:00:00";"RJ";116;182;"NOVA IGUACU";"Condutor deixou de manter distância do veículo da frente";"Engavetamento";"Com Vítimas Feridas";"Amanhecer";"Decrescente";"Céu Claro";"Múltipla";"Reta";"Sim";7;0;1;1;4;1;2;6;-22,74925834;-43,44255321;"SPRF-RJ";"DEL06-RJ";"UOP01-DEL06-RJ"
756373;2026-03-06;"sexta-feira";"08:00:00";"MG";40;613,6;"CONGONHAS";"Manobra de mudança de faixa";"Colisão lateral mesmo sentido";"Com Vítimas Feridas";"Pleno dia";"Crescente";"Sol";"Simples";"Reta";"Sim";6;0;1;0;4;1;1;4;-20,523044;-43,829391;"SPRF-MG";"DEL05-MG";"UOP02-DEL05-MG"
756374;2026-03-05;"quinta-feira";"17:50:00";"MT";163;1110;"GUARANTA DO NORTE";"Velocidade Incompatível";"Colisão lateral sentido oposto";"Com Vítimas Fatais";"Anoitecer";"Decrescente";"Céu Claro";"Simples";"Declive";"Não";3;1;0;0;1;2;0;4;-9,6033782;-54,88294814;"SPRF-MT";"DEL06-MT";"UOP03-DEL06-MT"
756376;2026-03-06;"sexta-feira";"06:30:00";"MT";364;400;"CUIABA";"Acessar a via sem observar a presença dos outros veículos";"Queda de ocupante de veículo";"Com Vítimas Feridas";"Amanhecer";"Decrescente";"Céu Claro";"Dupla";"Reta";"Sim";2;0;1;0;0;1;1;2;-15,66229;-55,97025;"SPRF-MT";"DEL01-MT";"UOP02-DEL01-MT"