"id";"data_inversa";"dia_semana";"horario";"uf";"br";"km";"municipio";"causa_acidente";"tipo_acidente";"classificacao_acidente";"fase_dia";"sentido_via";"condicao_metereologica";"tipo_pista";"tracado_via";"uso_solo";"pessoas";"mortos";"feridos_leves";"feridos_graves";"ilesos";"ignorados";"feridos";"veiculos";"latitude";"longitude";"regional";"delegacia";"uop"
762262;2026-04-01;"quarta-feira";"18:40:00";"RJ";40;112,7;"DUQUE DE CAXIAS";"Reação tardia ou ineficiente do condutor";"Colisão traseira";"Sem Vítimas";"Plena Noite";"Decrescente";"Nublado";"Múltipla";"Reta";"Sim";3;0;0;0;3;0;0;2;-22,7074171;-43,29014216;"SPRF-RJ";"DEL01-RJ";"UOP02-DEL01-RJ"
762267;2026-04-01;"quarta-feira";"19:19:00";"MT";364;569;"NOBRES";"Reação tardia ou ineficiente do condutor";"Saída de leito carroçável";"Com Vítimas Feridas";"Plena Noite";"Decrescente";"Céu Claro";"Dupla";"Curva";"Não";3;0;0;1;0;3;1;4;-14,660323;-56,298761;"SPRF-MT";"DEL01-MT";"UOP01-DEL01-MT"
762269;2026-04-01;"quarta-feira";"19:30:00";"MA";10;301;"CIDELANDIA";"Conversão proibida";"Colisão transversal";"Com Vítimas Feridas";"Plena Noite";"Crescente";"Céu Claro";"Simples";"Reta";"Sim";5;0;2;0;2;2;2;4;-5,105257;-47,552117;"SPRF-MA";"DEL04-MA";"UOP03-DEL04-MA"
762273;2026-04-01;"quarta-feira";"20:35:00";"GO";452;183,4;"ITUMBIARA";"Acessar a via sem observar a presença dos outros veículos";"Saída de leito carroçável";"Com Vítimas Feridas";"Plena Noite";"Decrescente";"Ignorado";"Simples";"Reta";"Não";3;0;1;0;1;1;1;3;-18,3936262;-49,33299794;"SPRF-GO";"DEL03-GO";"UOP02-DEL03-GO"
762275;2026-04-01;"quarta-feira";"19:45:00";"MG";381;238;"SANTANA DO PARAISO";"Condutor deixou de manter distância do veículo da frente";"Engavetamento";"Com Vítimas Feridas";"Plena Noite";"Crescente";"Céu Claro";"Simples";"Reta";"Não";3;0;2;0;1;0;2;3;-19,41825025;-42,49334978;"SPRF-MG";"DEL06-MG";"UOP01-DEL06-MG"
762276;2026-04-01;"quarta-feira";"22:00:00";"GO";60;212;"VARJAO";"Reação tardia ou ineficiente do condutor";"Colisão traseira";"Com Vítimas Fatais";"Plena Noite";"Decrescente";"Céu Claro";"Dupla";"Declive";"Não";3;1;0;0;1;1;0;3;-16,951993;-49,700162;"SPRF-GO";"DEL01-GO";"UOP02-DEL01-GO"
762281;2026-04-01;"quarta-feira";"22:15:00";"MG";262;539,8;"LUZ";"Condutor Dormindo";"Tombamento";"Com Vítimas Feridas";"Plena Noite";"Decrescente";"Céu Claro";"Simples";"Declive;Curva";"Não";2;0;1;0;0;1;1;2;-19,718246;-45,881724;"SPRF-MG";"DEL08-MG";"UOP02-DEL08-MG"
762284;2026-04-01;"quarta-feira";"23:31:00";"PR";376;673,2;"GUARATUBA";"Problema com o freio";"Colisão traseira";"Com Vítimas Fatais";"Plena Noite";"Crescente";"Céu Claro";"Dupla";"Declive;Curva";"Não";3;1;0;0;1;1;0;3;-25,90636692;-48,92121792;"SPRF-PR";"DEL01-PR";"UOP04-DEL01-PR"
762285;2026-04-01;"quarta-feira";"23:00:00";"MG";381;854,2;"POUSO ALEGRE";"Deficiência do Sistema de Iluminação/Sinalização";"Colisão traseira";"Com Vítimas Feridas";"Plena Noite";"Crescente";"Chuva";"Dupla";"Declive;Reta";"Não";4;0;0;2;1;2;2;4;-22,27264906;-45,89319062;"SPRF-MG";"DEL16-MG";"UOP01-DEL16-MG"
762297;2026-04-02;"quinta-feira";"03:00:00";"DF";20;7;"BRASILIA";"Neblina";"Colisão traseira";"Com Vítimas Fatais";"Plena Noite";"Crescente";"Nevoeiro/Neblina";"Múltipla";"Aclive";"Sim";2;1;0;0;0;1;0;2;-15,65644452;-47,7871567;"SPRF-DF";"DEL02-DF";"UOP01-DEL02-DF"
762299;2026-04-02;"quinta-feira";"04:05:00";"RO";364;325,9;"PRESIDENTE MEDICI";"Transitar na contramão";"Colisão lateral sentido oposto";"Com Vítimas Feridas";"Plena Noite";"Decrescente";"Nevoeiro/Neblina";"Simples";"Reta";"Não";2;0;1;0;0;1;1;2;-11,01638;-61,92716;"SPRF-RO";"DEL02-RO";"UOP01-DEL02-RO"
762306;2026-04-02;"quinta-feira";"06:21:00";"CE";222;157;"IRAUCUBA";"Demais falhas mecânicas ou elétricas";"Colisão lateral sentido oposto";"Com Vítimas Fatais";"Pleno dia";"Decrescente";"Céu Claro";"Simples";"Reta";"Não";3;1;0;0;1;2;0;4;-3,74093055;-39,85736847;"SPRF-CE";"DEL04-CE";"UOP03-DEL04-CE"
762312;2026-04-01;"quarta-feira";"23:15:00";"MG";381;658,9;"SANTO ANTONIO DO AMPARO";"Condutor Dormindo";"Colisão traseira";"Com Vítimas Feridas";"Plena Noite";"Crescente";"Nublado";"Dupla";"Reta;Aclive";"Não";4;0;2;0;1;2;2;4;-21,00391;-44,971201;"SPRF-MG";"DEL04-MG";"UOP02-DEL04-MG"
762317;2026-04-02;"quinta-feira";"08:00:00";"RS";290;92;"PORTO ALEGRE";"Manobra de mudança de faixa";"Colisão lateral mesmo sentido";"Com Vítimas Feridas";"Pleno dia";"Crescente";"Céu Claro";"Múltipla";"Reta;Ponte";"Não";4;0;0;1;2;1;1;3;-29,96962482;-51,176289;"SPRF-RS";"DEL01-RS";"UOP01-DEL01-RS"
762318;2026-04-02;"quinta-feira";"06:50:00";"SC";470;18;"ILHOTA";"Avarias e/ou desgaste excessivo no pneu";"Tombamento";"Com Vítimas Feridas";"Pleno dia";"Crescente";"Céu Claro";"Dupla";"Curva";"Não";2;0;1;0;0;2;1;3;-26,85958434;-48,81267898;"SPRF-SC";"DEL04-SC";"UOP04-DEL04-SC"
762319;2026-04-02;"quinta-feira";"07:24:00";"PE";232;12,3;"JABOATAO DOS GUARARAPES";"Trafegar com motocicleta (ou similar) entre as faixas";"Colisão traseira";"Com Vítimas Feridas";"Pleno dia";"Decrescente";"Chuva";"Dupla";"Reta";"Não";2;0;1;0;1;0;1;2;-8,08734159;-35,00684945;"SPRF-PE";"DEL01-PE";"UOP01-DEL01-PE"
762323;2026-03-21;"sábado";"13:30:00";"GO";452;20;"RIO VERDE";"Reação tardia ou ineficiente do condutor";"Colisão com objeto";"Com Vítimas Feridas";"Pleno dia";"Crescente";"Ignorado";"Dupla";"Curva";"Não";2;0;0;1;0;1;1;2;-17,868265;-50,734198;"SPRF-GO";"DEL04-GO";"UOP01-DEL04-GO"
762326;2026-04-02;"quinta-feira";"05:07:00";"PA";163;603;"ITAITUBA";"Transitar na contramão";"Colisão frontal";"Sem Vítimas";"Amanhecer";"Crescente";"Nublado";"Simples";"Curva";"Não";3;0;0;0;1;4;0;5;-4,8214;-56,1238;"SPRF-PA";"DEL05-PA";"UOP03-DEL05-PA"
762330;2026-03-20;"sexta-feira";"20:10:00";"RJ";40;124;"RIO DE JANEIRO";"Manobra de mudança de faixa";"Colisão lateral mesmo sentido";"Com Vítimas Feridas";"Plena Noite";"Decrescente";"Céu Claro";"Dupla";"Reta";"Sim";4;0;3;0;1;0;3;3;-22,81184743;-43,2878684;"SPRF-RJ";"DEL01-RJ";"UOP02-DEL01-RJ"
762339;2026-04-02;"quinta-feira";"07:00:00";"MG";381;196,4;"PERIQUITO";"Condutor Dormindo";"Saída de leito carroçável";"Sem Vítimas";"Pleno dia";"Decrescente";"Nublado";"Simples";"Curva";"Não";2;0;0;0;1;1;0;2;-19,165928;-42,24516;"SPRF-MG";"DEL06-MG";"UOP01-DEL06-MG"
762341;2026-04-02;"quinta-feira";"07:00:00";"MG";267;286,4;"BAEPENDI";"Velocidade Incompatível";"Colisão com objeto";"Com Vítimas Fatais";"Pleno dia";"Crescente";"Céu Claro";"Simples";"Curva";"Não";2;1;0;0;0;1;0;2;-21,925844;-44,783101;"SPRF-MG";"DEL17-MG";"UOP01-DEL17-MG"
762351;2026-04-02;"quinta-feira";"08:30:00";"MG";116;604;"SAO JOAO DO MANHUACU";"Reação tardia ou ineficiente do condutor";"Engavetamento";"Com Vítimas Feridas";"Pleno dia";"Decrescente";"Céu Claro";"Simples";"Reta";"Não";6;0;1;0;5;0;1;3;-20,37249;-42,14746;"SPRF-MG";"DEL06-MG";"UOP03-DEL06-MG"
762352;2026-03-15;"domingo";"11:00:00";"MT";163;850,9;"SINOP";"Retorno proibido";"Saída de leito carroçável";"Com Vítimas Feridas";"Pleno dia";"Decrescente";"Céu Claro";"Simples";"Reta";"Não";3;0;2;0;1;0;2;2;-11,72258725;-55,45915604;"SPRF-MT";"DEL06-MT";"UOP02-DEL06-MT"
762354;2026-04-02;"quinta-feira";"09:15:00";"PI";222;4;"SAO JOAO DA FRONTEIRA";"Problema com o freio";"Colisão traseira";"Com Vítimas Feridas";"Pleno dia";"Crescente";"Garoa/Chuvisco";"Simples";"Declive;Reta";"Sim";3;0;0;1;1;1;1;3;-3,9364;-41,2598;"SPRF-PI";"DEL02-PI";"UOP01-DEL02-PI"
762355;2026-04-02;"quinta-feira";"07:20:00";"MG";262;544,5;"LUZ";"Velocidade Incompatível";"Tombamento";"Com Vítimas Feridas";"Amanhecer";"Decrescente";"Nublado";"Simples";"Curva;Declive";"Não";2;0;1;0;0;1;1;2;-19,7081211;-45,91696914;"SPRF-MG";"DEL08-MG";"UOP02-DEL08-MG"
762360;2026-04-02;"quinta-feira";"10:30:00";"MG";40;526;"CONTAGEM";"Condutor deixou de manter distância do veículo da frente";"Colisão traseira";"Com Vítimas Feridas";"Pleno dia";"Decrescente";"Céu Claro";"Dupla";"Reta";"Sim";5;0;1;0;3;1;1;4;-19,890892;-44,050004;"SPRF-MG";"DEL01-MG";"UOP02-DEL01-MG"
762374;2026-04-02;"quinta-feira";"11:05:00";"PR";277;596,5;"CASCAVEL";"Acessar a via sem observar a presença dos outros veículos";"Colisão transversal";"Com Vítimas Feridas";"Pleno dia";"Decrescente";"Céu Claro";"Simples";"Reta";"Sim";3;0;1;0;2;0;1;2;-24,97954;-53,49347;"SPRF-PR";"DEL04-PR";"UOP01-DEL04-PR"
762379;2026-04-02;"quinta-feira";"09:40:00";"RR";174;254;"CARACARAI";"Condutor Dormindo";"Saída de leito carroçável";"Sem Vítimas";"Pleno dia";"Crescente";"Ignorado";"Simples";"Reta";"Não";2;0;0;0;1;1;0;2;1,2448762;-60,457523;"SPRF-RR";"DEL01-RR";"UOP02-DEL01-RR"
762380;2026-04-02;"quinta-feira";"10:05:00";"MT";163;826,7;"SINOP";"Transitar na contramão";"Colisão frontal";"Com Vítimas Fatais";"Pleno dia";"Crescente";"Nublado";"Simples";"Reta";"Sim";4;2;1;0;1;0;1;2;-11,93478;-55,5144;"SPRF-MT";"DEL06-MT";"UOP02-DEL06-MT"
762381;2026-03-30;"segunda-feira";"04:00:00";"PE";101;51,6;"PAULISTA";"Velocidade Incompatível";"Tombamento";"Com Vítimas Feridas";"Pleno dia";"Crescente";"Céu Claro";"Dupla";"Viaduto";"Sim";2;0;1;0;0;1;1;2;-7,921047;-34,892063;"SPRF-PE";"DEL01-PE";"UOP02-DEL01-PE"
762382;2026-03-09;"segunda-feira";"21:30:00";"AL";101;80;"RIO LARGO";"Demais falhas mecânicas ou elétricas";"Tombamento";"Com Vítimas Feridas";"Plena Noite";"Crescente";"Ignorado";"Dupla";"Aclive;Curva";"Não";2;0;1;0;0;1;1;2;-9,447061;-35,846499;"SPRF-AL";"DEL01-AL";"UOP01-DEL01-AL"
762384;2026-04-02;"quinta-feira";"12:45:00";"SC";101;157;"PORTO BELO";"Ausência de reação do condutor";"Colisão traseira";"Sem Vítimas";"Pleno dia";"Crescente";"Céu Claro";"Dupla";"Reta";"Sim";2;0;0;0;2;0;0;2;-27,19116328;-48,61253707;"SPRF-SC";"DEL04-SC";"UOP03-DEL04-SC"
762386;2026-03-29;"domingo";"15:30:00";"PR";476;232;"LAPA";"Demais falhas mecânicas ou elétricas";"Incêndio";"Sem Vítimas";"Pleno dia";"Crescente";"Céu Claro";"Simples";"Reta";"Não";1;0;0;0;1;0;0;1;-25,78975226;-49,85640337;"SPRF-PR";"DEL02-PR";"UOP03-DEL02-PR"
762388;2026-04-02;"quinta-feira";"12:03:00";"MT";163;650;"LUCAS DO RIO VERDE";"Ultrapassagem Indevida";"Colisão frontal";"Com Vítimas Feridas";"Pleno dia";"Crescente";"Céu Claro";"Simples";"Desvio Temporário;Reta;Em Obras";"Não";5;0;2;0;2;4;2;7;-13,37169;-56,0767816;"SPRF-MT";"DEL06-MT";"UOP01-DEL06-MT"
762389;2026-04-02;"quinta-feira";"12:30:00";"SC";470;150;"AGRONOMICA";"Velocidade Incompatível";"Tombamento";"Com Vítimas Feridas";"Pleno dia";"Decrescente";"Sol";"Simples";"Curva;Retorno Regulamentado;Rotatória";"Não";3;0;1;1;0;1;2;2;-27,2570259;-49,71208066;"SPRF-SC";"DEL04-SC";"UOP02-DEL04-SC"
762394;2026-03-31;"terça-feira";"21:30:00";"RJ";116;254,3;"PIRAI";"Avarias e/ou desgaste excessivo no pneu";"Capotamento";"Com Vítimas Feridas";"Plena Noite";"Crescente";"Nublado";"Múltipla";"Curva";"Não";6;0;1;0;4;2;1;6;-22,57798641;-43,98643598;"SPRF-RJ";"DEL07-RJ";"UOP01-DEL07-RJ"
762403;2026-04-02;"quinta-feira";"11:55:00";"RO";364;260;"CACOAL";"Demais falhas mecânicas ou elétricas";"Incêndio";"Sem Vítimas";"Pleno dia";"Crescente";"Sol";"Simples";"Declive;Reta";"Não";2;0;0;0;1;2;0;3;-11,41649;-61,644238;"SPRF-RO";"DEL02-RO";"UOP02-DEL02-RO"
762408;2026-04-02;"quinta-feira";"14:45:00";"PR";116;97,5;"SAO JOSE DOS PINHAIS";"Desrespeitar a preferência no cruzamento";"Colisão lateral mesmo sentido";"Com Vítimas Feridas";"Pleno dia";"Decrescente";"Céu Claro";"Simples";"Reta;Interseção de Vias";"Sim";2;0;1;0;1;0;1;2;-25,5453499;-49,15017882;"SPRF-PR";"DEL01-PR";"UOP08-DEL01-PR"
762413;2026-04-02;"quinta-feira";"14:45:00";"BA";324;611;"SIMOES FILHO";"Ausência de reação do condutor";"Colisão traseira";"Com Vítimas Feridas";"Pleno dia";"Decrescente";"Céu Claro";"Dupla";"Reta";"Não";3;0;2;0;1;0;2;2;-12,84755256;-38,41756725;"SPRF-BA";"DEL01-BA";"UOP01-DEL01-BA"
762416;2026-04-02;"quinta-feira";"15:52:00";"SC";280;27;"ARAQUARI";"Trafegar com motocicleta (ou similar) entre as faixas";"Colisão lateral mesmo sentido";"Com Vítimas Feridas";"Pleno dia";"Decrescente";"Céu Claro";"Simples";"Reta";"Sim";2;0;1;0;1;0;1;2;-26,396689;-48,740084;"SPRF-SC";"DEL03-SC";"UOP03-DEL03-SC"
762419;2026-04-02;"quinta-feira";"15:20:00";"PA";230;589;"VITORIA DO XINGU";"Ultrapassagem Indevida";"Saída de leito carroçável";"Sem Vítimas";"Pleno dia";"Decrescente";"Nublado";"Simples";"Reta";"Não";2;0;0;0;1;2;0;3;-3,0867442;-51,8903556;"SPRF-PA";"DEL04-PA";"UOP01-DEL04-PA"
762421;2026-04-02;"quinta-feira";"15:20:00";"RS";285;197;"LAGOA VERMELHA";"Ausência de reação do condutor";"Tombamento";"Com Vítimas Feridas";"Pleno dia";"Decrescente";"Nublado";"Simples";"Rotatória";"Sim";2;0;1;0;0;1;1;2;-28,215413;-51,510272;"SPRF-RS";"DEL08-RS";"UOP05-DEL08-RS"
762424;2026-04-02;"quinta-feira";"14:40:00";"MS";163;128,6;"NAVIRAI";"Falta de acostamento";"Colisão lateral mesmo sentido";"Com Vítimas Feridas";"Pleno dia";"Decrescente";"Céu Claro";"Simples";"Reta";"Não";6;0;1;0;3;2;1;5;-23,047418;-54,248743;"SPRF-MS";"DEL09-MS";"UOP01-DEL09-MS"
762425;2026-04-02;"quinta-feira";"12:50:00";"RS";386;310,4;"POUSO NOVO";"Problema com o freio";"Incêndio";"Sem Vítimas";"Pleno dia";"Crescente";"Céu Claro";"Simples";"Reta";"Não";2;0;0;0;1;1;0;2;-29,22752964;-52,16874573;"SPRF-RS";"DEL04-RS";"UOP01-DEL04-RS"
762436;2026-03-09;"segunda-feira";"12:23:00";"SC";282;389;"JOACABA";"Objeto estático sobre o leito carroçável";"Derramamento de carga";"Com Vítimas Feridas";"Pleno dia";"Crescente";"Sol";"Simples";"Curva;Aclive";"Não";2;0;0;1;0;1;1;2;-27,179819;-51,536911;"SPRF-SC";"DEL07-SC";"UOP05-DEL07-SC"
762437;2026-04-02;"quinta-feira";"17:00:00";"GO";153;154;"CAMPINORTE";"Reação tardia ou ineficiente do condutor";"Colisão transversal";"Com Vítimas Fatais";"Pleno dia";"Crescente";"Chuva";"Simples";"Reta";"Não";3;1;1;0;1;0;1;2;-14,10328065;-49,10305023;"SPRF-GO";"DEL07-GO";"UOP02-DEL07-GO"
762439;2026-04-02;"quinta-feira";"17:01:00";"PB";230;26,2;"JOAO PESSOA";"Avarias e/ou desgaste excessivo no pneu";"Colisão traseira";"Com Vítimas Feridas";"Pleno dia";"Crescente";"Céu Claro";"Dupla";"Reta";"Sim";2;0;0;1;1;0;1;2;-7,169145;-34,87952;"SPRF-PB";"DEL01-PB";"UOP01-DEL01-PB"
762440;2026-04-02;"quinta-feira";"05:50:00";"MT";158;520;"CANARANA";"Velocidade Incompatível";"Saída de leito carroçável";"Sem Vítimas";"Amanhecer";"Crescente";"Chuva";"Simples";"Reta";"Não";2;0;0;0;1;3;0;4;-13,6916008;-52,01773016;"SPRF-MT";"DEL07-MT";"UOP02-DEL07-MT"
762441;2026-04-02;"quinta-feira";"16:23:00";"PR";373;476,5;"CORONEL VIVIDA";"Avarias e/ou desgaste excessivo no pneu";"Colisão transversal";"Sem Vítimas";"Pleno dia";"Crescente";"Chuva";"Simples";"Curva;Aclive";"Não";2;0;0;0;2;0;0;2;-25,97839894;-52,53831446;"SPRF-PR";"DEL02-PR";"UOP01-DEL02-PR"
762448;2026-04-02;"quinta-feira";"16:50:00";"RS";290;544;"ALEGRETE";"Transitar na contramão";"Colisão lateral sentido oposto";"Sem Vítimas";"Pleno dia";"Crescente";"Céu Claro";"Simples";"Curva";"Não";4;0;0;0;3;1;0;4;-29,95895;-55,4643;"SPRF-RS";"DEL13-RS";"UOP02-DEL13-RS"
762452;2026-04-02;"quinta-feira";"16:50:00";"MA";10;256,7;"IMPERATRIZ";"Condutor deixou de manter distância do veículo da frente";"Colisão traseira";"Sem Vítimas";"Pleno dia";"Decrescente";"Céu Claro";"Simples";"Reta";"Sim";4;0;0;0;3;1;0;3;-5,492488;-47,471937;"SPRF-MA";"DEL04-MA";"UOP01-DEL04-MA"
762454;2026-04-02;"quinta-feira";"15:50:00";"SE";101;193,8;"CRISTINAPOLIS";"Reação tardia ou ineficiente do condutor";"Tombamento";"Com Vítimas Feridas";"Pleno dia";"Decrescente";"Céu Claro";"Simples";"Curva";"Não";2;0;1;0;0;1;1;2;-11,44963;-37,73768;"SPRF-SE";"DEL02-SE";"UOP03-DEL02-SE"
762455;2026-04-02;"quinta-feira";"18:10:00";"MG";40;527;"CONTAGEM";"Condutor deixou de manter distância do veículo da frente";"Colisão lateral mesmo sentido";"Com Vítimas Feridas";"Plena Noite";"Decrescente";"Céu Claro";"Dupla";"Reta;Declive";"Sim";3;0;1;0;1;1;1;3;-19,9111127;-44,0422019;"SPRF-MG";"DEL01-MG";"UOP02-DEL01-MG"
762458;2026-04-02;"quinta-feira";"06:50:00";"MG";116;26;"CACHOEIRA DE PAJEU";"Reação tardia ou ineficiente do condutor";"Saída de leito carroçável";"Com Vítimas Feridas";"Amanhecer";"Decrescente";"Nevoeiro/Neblina";"Simples";"Aclive;Curva";"Não";1;0;1;0;0;0;1;1;-15,88243;-41,4256;"SPRF-MG";"DEL11-MG";"UOP02-DEL11-MG"
762462;2026-04-01;"quarta-feira";"22:00:00";"MT";163;973;"TERRA NOVA DO NORTE";"Reação tardia ou ineficiente do condutor";"Eventos atípicos";"Com Vítimas Feridas";"Plena Noite";"Crescente";"Chuva";"Simples";"Reta";"Não";4;0;1;0;2;8;1;11;-10,65633201;-55,13100932;"SPRF-MT";"DEL06-MT";"UOP03-DEL06-MT"
762465;2026-04-02;"quinta-feira";"11:00:00";"BA";116;711;"MANOEL VITORINO";"Reação tardia ou ineficiente do condutor";"Saída de leito carroçável";"Com Vítimas Feridas";"Pleno dia";"Decrescente";"Céu Claro";"Simples";"Reta";"Não";4;0;1;0;2;1;1;2;-14,15891374;-40,25023028;"SPRF-BA";"DEL03-BA";"UOP01-DEL03-BA"
762480;2026-04-02;"quinta-feira";"19:40:00";"TO";10;403;"PORTO NACIONAL";"Reação tardia ou ineficiente do condutor";"Colisão traseira";"Com Vítimas Feridas";"Plena Noite";"Crescente";"Céu Claro";"Dupla";"Reta";"Sim";3;0;0;1;1;1;1;3;-10,71160236;-48,40221819;"SPRF-TO";"DEL01-TO";"UOP03-DEL01-TO"
762481;2026-04-02;"quinta-feira";"19:10:00";"PR";476;146;"CURITIBA";"Velocidade Incompatível";"Colisão traseira";"Com Vítimas Fatais";"Plena Noite";"Decrescente";"Céu Claro";"Dupla";"Reta";"Sim";3;1;0;0;2;0;0;2;-25,553808;-49,336885;"SPRF-PR";"DEL01-PR";"UOP06-DEL01-PR"
762487;2026-04-02;"quinta-feira";"19:15:00";"MT";158;521;"CANARANA";"Reação tardia ou ineficiente do condutor";"Colisão lateral mesmo sentido";"Com Vítimas Feridas";"Plena Noite";"Crescente";"Céu Claro";"Simples";"Reta";"Não";3;0;1;0;0;3;1;4;-13,679937;-52,012013;"SPRF-MT";"DEL07-MT";"UOP02-DEL07-MT"
762490;2026-04-02;"quinta-feira";"16:30:00";"BA";324;565;"SAO SEBASTIAO DO PASSE";"Manobra de mudança de faixa";"Colisão transversal";"Sem Vítimas";"Anoitecer";"Decrescente";"Céu Claro";"Múltipla";"Reta;Interseção de Vias";"Não";2;0;0;0;2;0;0;2;-12,5334608;-38,5979285;"SPRF-BA";"DEL01-BA";"UOP01-DEL01-BA"
762495;2026-04-02;"quinta-feira";"05:00:00";"MT";163;1034;"PEIXOTO DE AZEVEDO";"Ausência de reação do condutor";"Colisão lateral sentido oposto";"Com Vítimas Feridas";"Amanhecer";"Decrescente";"Céu Claro";"Simples";"Reta";"Não";3;0;0;1;1;2;1;4;-10,21825297;-54,96887233;"SPRF-MT";"DEL06-MT";"UOP03-DEL06-MT"
762496;2026-04-02;"quinta-feira";"20:55:00";"RJ";393;281,3;"VOLTA REDONDA";"Conversão proibida";"Colisão transversal";"Com Vítimas Feridas";"Plena Noite";"Crescente";"Chuva";"Simples";"Reta";"Não";3;0;1;0;1;1;1;3;-22,47354076;-44,0599823;"SPRF-RJ";"DEL05-RJ";"UOP04-DEL05-RJ"
762499;2026-04-02;"quinta-feira";"19:45:00";"BA";116;22;"VITORIA DA CONQUISTA";"Reação tardia ou ineficiente do condutor";"Colisão com objeto";"Sem Vítimas";"Plena Noite";"Crescente";"Céu Claro";"Simples";"Reta";"Não";2;0;0;0;1;1;0;2;-14,8878;-40,8138;"SPRF-BA";"DEL08-BA";"UOP01-DEL08-BA"
762514;2026-04-02;"quinta-feira";"19:10:00";"MA";10;144,2;"PORTO FRANCO";"Ingestão de álcool pelo condutor";"Colisão lateral sentido oposto";"Com Vítimas Feridas";"Plena Noite";"Crescente";"Chuva";"Simples";"Reta";"Não";4;0;1;0;2;1;1;3;-6,459058;-47,396712;"SPRF-MA";"DEL04-MA";"UOP02-DEL04-MA"
762519;2026-04-02;"quinta-feira";"22:30:00";"MG";50;3,6;"UBERLANDIA";"Ausência de reação do condutor";"Colisão traseira";"Sem Vítimas";"Plena Noite";"Crescente";"Céu Claro";"Dupla";"Reta";"Não";3;0;0;0;2;1;0;3;-18,854442;-48,225134;"SPRF-MG";"DEL15-MG";"UOP01-DEL15-MG"
762526;2026-04-02;"quinta-feira";"22:22:00";"PA";316;169;"SANTA LUZIA DO PARA";"Pedestre andava na pista";"Atropelamento de Pedestre";"Com Vítimas Fatais";"Plena Noite";"Crescente";"Céu Claro";"Simples";"Reta;Aclive";"Sim";3;1;0;0;1;3;0;5;-1,33475735;-47,06862185;"SPRF-PA";"DEL01-PA";"UOP03-DEL01-PA"
762536;2026-04-02;"quinta-feira";"18:40:00";"PI";343;480,4;"ANGICAL DO PIAUI";"Ausência de reação do condutor";"Colisão com objeto";"Com Vítimas Fatais";"Plena Noite";"Decrescente";"Chuva";"Simples";"Reta;Aclive";"Não";3;1;0;0;1;2;0;4;-6,1646;-42,70896;"SPRF-PI";"DEL01-PI";"UOP02-DEL01-PI"
762548;2026-04-03;"sexta-feira";"02:30:00";"RO";319;138;"PORTO VELHO";"Ingestão de álcool pelo condutor";"Colisão transversal";"Sem Vítimas";"Plena Noite";"Decrescente";"Céu Claro";"Dupla";"Interseção de Vias";"Sim";2;0;0;0;2;0;0;2;-8,74325755;-63,91288877;"SPRF-RO";"DEL01-RO";"UOP01-DEL01-RO"
762557;2026-04-02;"quinta-feira";"23:20:00";"RJ";116;258;"PIRAI";"Acumulo de água sobre o pavimento";"Atropelamento de Pedestre";"Com Vítimas Feridas";"Plena Noite";"Decrescente";"Chuva";"Dupla";"Reta";"Não";2;0;1;0;0;1;1;2;-22,58453353;-44,01826859;"SPRF-RJ";"DEL07-RJ";"UOP02-DEL07-RJ"
762564;2026-04-03;"sexta-feira";"00:05:00";"SC";280;22,8;"ARAQUARI";"Ingestão de álcool pelo condutor";"Colisão traseira";"Com Vítimas Feridas";"Plena Noite";"Crescente";"Céu Claro";"Simples";"Rotatória;Reta;Interseção de Vias";"Sim";3;0;1;0;1;1;1;3;-26,37133956;-48,71024609;"SPRF-SC";"DEL03-SC";"UOP03-DEL03-SC"
762565;2026-04-03;"sexta-feira";"05:00:00";"CE";116;456,5;"BARRO";"Reação tardia ou ineficiente do condutor";"Saída de leito carroçável";"Sem Vítimas";"Amanhecer";"Decrescente";"Chuva";"Simples";"Reta";"Não";1;0;0;0;1;0;0;1;-7,209908;-38,82854;"SPRF-CE";"DEL05-CE";"UOP03-DEL05-CE"
762570;2026-04-03;"sexta-feira";"06:15:00";"PA";316;53;"CASTANHAL";"Condutor deixou de manter distância do veículo da frente";"Colisão traseira";"Com Vítimas Feridas";"Amanhecer";"Crescente";"Sol";"Dupla";"Reta";"Não";4;0;1;0;2;2;1;4;-1,30657315;-48,01780701;"SPRF-PA";"DEL01-PA";"UOP01-DEL01-PA"
762581;2026-03-14;"sábado";"09:14:00";"SC";101;10,8;"GARUVA";"Manobra de mudança de faixa";"Colisão traseira";"Com Vítimas Feridas";"Pleno dia";"Crescente";"Céu Claro";"Dupla";"Reta";"Sim";5;0;1;0;3;1;1;3;-26,07753941;-48,86142536;"SPRF-SC";"DEL03-SC";"UOP01-DEL03-SC"
762598;2026-02-02;"segunda-feira";"15:45:00";"MG";381;943;"EXTREMA";"Reação tardia ou ineficiente do condutor";"Colisão traseira";"Com Vítimas Feridas";"Pleno dia";"Crescente";"Céu Claro";"Múltipla";"Reta";"Sim";3;0;0;1;1;3;1;5;-22,8383866;-46,32810686;"SPRF-MG";"DEL16-MG";"UOP03-DEL16-MG"
762602;2026-04-03;"sexta-feira";"09:00:00";"AL";101;132,1;"SAO MIGUEL DOS CAMPOS";"Estacionar ou parar em local proibido";"Engavetamento";"Com Vítimas Feridas";"Pleno dia";"Crescente";"Chuva";"Dupla";"Curva;Declive";"Não";6;0;0;1;2;3;1;4;-9,76848;-36,08044;"SPRF-AL";"DEL02-AL";"UOP01-DEL02-AL"
762604;2026-03-30;"segunda-feira";"05:20:00";"PI";407;427;"PICOS";"Reação tardia ou ineficiente do condutor";"Colisão transversal";"Com Vítimas Feridas";"Amanhecer";"Crescente";"Céu Claro";"Simples";"Reta";"Sim";3;0;1;0;2;0;1;2;-7,11108;-41,411838;"SPRF-PI";"DEL04-PI";"UOP01-DEL04-PI"