"id";"data_inversa";"dia_semana";"horario";"uf";"br";"km";"municipio";"causa_acidente";"tipo_acidente";"classificacao_acidente";"fase_dia";"sentido_via";"condicao_metereologica";"tipo_pista";"tracado_via";"uso_solo";"pessoas";"mortos";"feridos_leves";"feridos_graves";"ilesos";"ignorados";"feridos";"veiculos";"latitude";"longitude";"regional";"delegacia";"uop"
763093;2026-04-05;"domingo";"08:30:00";"PA";163;519;"TRAIRAO";"Condutor Dormindo";"Colisão lateral sentido oposto";"Com Vítimas Feridas";"Pleno dia";"Decrescente";"Céu Claro";"Simples";"Declive;Reta";"Não";3;0;1;0;1;5;1;7;-5,3622;-55,8973;"SPRF-PA";"DEL05-PA";"UOP03-DEL05-PA"
763097;2026-04-05;"domingo";"18:30:00";"BA";101;942;"MUCURI";"Acessar a via sem observar a presença dos outros veículos";"Colisão transversal";"Com Vítimas Feridas";"Plena Noite";"Crescente";"Céu Claro";"Simples";"Reta";"Não";4;0;0;2;2;0;2;2;-18,070828;-39,88202;"SPRF-BA";"DEL09-BA";"UOP02-DEL09-BA"
763102;2026-04-05;"domingo";"16:30:00";"BA";101;221;"CRUZ DAS ALMAS";"Condutor deixou de manter distância do veículo da frente";"Engavetamento";"Com Vítimas Feridas";"Pleno dia";"Decrescente";"Nublado";"Simples";"Reta";"Não";8;0;3;0;5;0;3;3;-12,673322;-39,134638;"SPRF-BA";"DEL11-BA";"UOP01-DEL11-BA"
763105;2026-04-05;"domingo";"19:30:00";"MG";50;179;"UBERABA";"Manobra de mudança de faixa";"Colisão traseira";"Com Vítimas Feridas";"Plena Noite";"Decrescente";"Céu Claro";"Dupla";"Reta";"Sim";3;0;1;0;1;1;1;3;-19,778397;-47,930162;"SPRF-MG";"DEL13-MG";"UOP01-DEL13-MG"
763108;2026-04-05;"domingo";"19:50:00";"PE";101;49;"ABREU E LIMA";"Condutor desrespeitou a iluminação vermelha do semáforo";"Colisão transversal";"Sem Vítimas";"Plena Noite";"Decrescente";"Céu Claro";"Simples";"Interseção de Vias";"Sim";2;0;0;0;2;0;0;2;-7,905091;-34,90193;"SPRF-PE";"DEL01-PE";"UOP02-DEL01-PE"
763118;2026-04-05;"domingo";"15:55:00";"PR";476;198;"LAPA";"Chuva";"Colisão frontal";"Com Vítimas Feridas";"Pleno dia";"Crescente";"Chuva";"Simples";"Curva";"Não";6;0;2;3;1;0;5;2;-25,77100325;-49,74323837;"SPRF-PR";"DEL01-PR";"UOP06-DEL01-PR"
763120;2026-04-05;"domingo";"19:00:00";"MG";365;344;"PRESIDENTE OLEGARIO";"Ausência de reação do condutor";"Colisão transversal";"Com Vítimas Feridas";"Plena Noite";"Crescente";"Nublado";"Simples";"Reta";"Sim";3;0;1;0;2;0;1;2;-18,38145;-46,03472;"SPRF-MG";"DEL10-MG";"UOP01-DEL10-MG"
763145;2026-04-05;"domingo";"20:10:00";"PR";277;583,5;"CASCAVEL";"Manobra de mudança de faixa";"Colisão lateral mesmo sentido";"Com Vítimas Feridas";"Plena Noite";"Crescente";"Céu Claro";"Dupla";"Reta";"Sim";2;0;1;0;1;0;1;2;-24,97900739;-53,38205338;"SPRF-PR";"DEL04-PR";"UOP01-DEL04-PR"
763153;2026-04-05;"domingo";"20:39:00";"TO";153;723;"FIGUEIROPOLIS";"Ingestão de álcool pelo condutor";"Colisão frontal";"Sem Vítimas";"Plena Noite";"Crescente";"Nublado";"Simples";"Reta";"Sim";3;0;0;0;2;3;0;5;-12,1355;-49,1698;"SPRF-TO";"DEL01-TO";"UOP02-DEL01-TO"
763154;2026-04-05;"domingo";"21:00:00";"MA";135;17;"SAO LUIS";"Reação tardia ou ineficiente do condutor";"Colisão traseira";"Sem Vítimas";"Plena Noite";"Decrescente";"Chuva";"Dupla";"Reta";"Sim";2;0;0;0;2;0;0;2;-2,714072;-44,318733;"SPRF-MA";"DEL01-MA";"UOP01-DEL01-MA"
763156;2026-04-05;"domingo";"20:05:00";"BA";324;366;"SAO JOSE DO JACUIPE";"Transitar na contramão";"Colisão lateral sentido oposto";"Com Vítimas Feridas";"Plena Noite";"Decrescente";"Céu Claro";"Simples";"Reta";"Não";3;0;1;0;1;2;1;4;-11,4257305;-39,8863561;"SPRF-BA";"DEL04-BA";"UOP02-DEL04-BA"
763160;2026-04-05;"domingo";"21:10:00";"PR";116;152,2;"MANDIRITUBA";"Condutor Dormindo";"Colisão traseira";"Com Vítimas Feridas";"Plena Noite";"Decrescente";"Nublado";"Simples";"Aclive;Reta";"Não";3;0;1;0;2;0;1;2;-25,86620268;-49,36380085;"SPRF-PR";"DEL01-PR";"UOP03-DEL01-PR"
763162;2026-04-05;"domingo";"20:11:00";"MA";10;245,9;"DAVINOPOLIS";"Acessar a via sem observar a presença dos outros veículos";"Colisão frontal";"Com Vítimas Feridas";"Plena Noite";"Crescente";"Céu Claro";"Simples";"Declive";"Não";5;0;3;0;1;2;3;4;-5,58116;-47,43887;"SPRF-MA";"DEL04-MA";"UOP01-DEL04-MA"
763165;2026-04-05;"domingo";"22:10:00";"MG";381;503;"BETIM";"Trafegar com motocicleta (ou similar) entre as faixas";"Colisão lateral mesmo sentido";"Com Vítimas Feridas";"Plena Noite";"Decrescente";"Céu Claro";"Dupla";"Reta;Declive";"Sim";4;0;0;1;2;1;1;4;-20,02787099;-44,23404694;"SPRF-MG";"DEL01-MG";"UOP03-DEL01-MG"
763171;2026-04-05;"domingo";"19:20:00";"MG";365;160;"PIRAPORA";"Ingestão de álcool pelo condutor";"Colisão frontal";"Com Vítimas Feridas";"Plena Noite";"Crescente";"Céu Claro";"Simples";"Reta";"Sim";3;0;1;0;1;2;1;4;-17,34864251;-44,90767747;"SPRF-MG";"DEL10-MG";"UOP02-DEL010-MG"
763177;2026-04-05;"domingo";"23:00:00";"MG";40;751,4;"SANTOS DUMONT";"Reação tardia ou ineficiente do condutor";"Tombamento";"Com Vítimas Feridas";"Plena Noite";"Decrescente";"Céu Claro";"Simples";"Declive;Curva";"Não";1;0;1;0;0;0;1;1;-21,47862931;-43,54431152;"SPRF-MG";"DEL05-MG";"UOP01-DEL05-MG"
763178;2026-04-05;"domingo";"22:00:00";"BA";242;599;"IBOTIRAMA";"Reação tardia ou ineficiente do condutor";"Colisão lateral mesmo sentido";"Com Vítimas Feridas";"Plena Noite";"Decrescente";"Ignorado";"Simples";"Reta";"Não";3;0;0;1;1;1;1;3;-12,12944;-43,17706;"SPRF-BA";"DEL06-BA";"UOP03-DEL06-BA"
763181;2026-04-05;"domingo";"22:00:00";"PR";376;631;"SAO JOSE DOS PINHAIS";"Ausência de reação do condutor";"Colisão traseira";"Com Vítimas Feridas";"Plena Noite";"Decrescente";"Chuva";"Múltipla";"Reta";"Não";3;0;1;0;1;1;1;3;-25,71020365;-49,13951588;"SPRF-PR";"DEL01-PR";"UOP04-DEL01-PR"
763183;2026-04-05;"domingo";"22:50:00";"PR";116;17,5;"CAMPINA GRANDE DO SUL";"Pedestre andava na pista";"Atropelamento de Pedestre";"Com Vítimas Fatais";"Plena Noite";"Crescente";"Chuva";"Dupla";"Aclive;Reta";"Não";2;1;0;0;0;1;0;2;-25,10344744;-48,70754242;"SPRF-PR";"DEL01-PR";"UOP02-DEL01-PR"
763187;2026-04-05;"domingo";"21:40:00";"SC";116;107,7;"MONTE CASTELO";"Transitar na contramão";"Colisão frontal";"Com Vítimas Feridas";"Plena Noite";"Decrescente";"Garoa/Chuvisco";"Simples";"Curva;Declive";"Não";5;0;0;3;1;1;3;3;-26,753594;-50,332529;"SPRF-SC";"DEL06-SC";"UOP02-DEL06-SC"
763192;2026-04-05;"domingo";"23:40:00";"SC";101;2,3;"GARUVA";"Chuva";"Colisão traseira";"Com Vítimas Feridas";"Plena Noite";"Crescente";"Chuva";"Dupla";"Curva;Aclive";"Não";6;0;5;0;0;1;5;2;-25,99954514;-48,87711938;"SPRF-SC";"DEL03-SC";"UOP01-DEL03-SC"
763194;2026-04-05;"domingo";"19:00:00";"MT";163;844;"SINOP";"Demais falhas mecânicas ou elétricas";"Eventos atípicos";"Sem Vítimas";"Plena Noite";"Decrescente";"Céu Claro";"Simples";"Reta";"Sim";2;0;0;0;1;3;0;4;-11,7744736;-55,4718696;"SPRF-MT";"DEL06-MT";"UOP02-DEL06-MT"
763197;2026-03-26;"quinta-feira";"13:10:00";"BA";116;504,8;"SANTA TERESINHA";"Sinalização mal posicionada";"Colisão traseira";"Com Vítimas Feridas";"Pleno dia";"Crescente";"Céu Claro";"Simples";"Curva";"Não";3;0;1;0;0;2;1;3;-12,62852244;-39,59605618;"SPRF-BA";"DEL02-BA";"UOP01-DEL02-BA"
763198;2026-04-05;"domingo";"22:45:00";"MT";163;704;"SORRISO";"Conversão proibida";"Colisão transversal";"Com Vítimas Feridas";"Plena Noite";"Decrescente";"Nublado";"Simples";"Reta";"Não";2;0;0;1;1;0;1;2;-12,935455;-55,861607;"SPRF-MT";"DEL06-MT";"UOP01-DEL06-MT"
763213;2026-04-06;"segunda-feira";"05:23:00";"PB";101;123;"PEDRAS DE FOGO";"Manobra de mudança de faixa";"Colisão transversal";"Com Vítimas Feridas";"Pleno dia";"Crescente";"Garoa/Chuvisco";"Dupla";"Reta";"Não";2;0;1;0;0;1;1;2;-7,40065255;-34,95526738;"SPRF-PB";"DEL01-PB";"UOP01-DEL01-PB"
763225;2026-04-06;"segunda-feira";"06:25:00";"RS";101;62;"MAQUINE";"Velocidade Incompatível";"Colisão traseira";"Com Vítimas Feridas";"Pleno dia";"Crescente";"Nublado";"Dupla";"Reta";"Não";5;0;1;0;3;1;1;3;-29,68852489;-50,15456418;"SPRF-RS";"DEL03-RS";"UOP02-DEL03-RS"
763236;2026-04-06;"segunda-feira";"04:00:00";"MT";163;891;"CLAUDIA";"Condutor Dormindo";"Saída de leito carroçável";"Com Vítimas Feridas";"Plena Noite";"Crescente";"Céu Claro";"Simples";"Reta";"Não";2;0;1;0;0;3;1;4;-11,386417;-55,3433482;"SPRF-MT";"DEL06-MT";"UOP02-DEL06-MT"
763244;2026-04-06;"segunda-feira";"07:20:00";"SC";282;418,8;"VARGEM BONITA";"Velocidade Incompatível";"Colisão lateral sentido oposto";"Com Vítimas Feridas";"Amanhecer";"Decrescente";"Céu Claro";"Simples";"Curva";"Não";3;0;0;1;2;0;1;2;-27,026472;-51,729205;"SPRF-SC";"DEL07-SC";"UOP05-DEL07-SC"
763246;2026-04-06;"segunda-feira";"07:46:00";"MG";381;563,8;"ITAGUARA";"Velocidade Incompatível";"Tombamento";"Com Vítimas Feridas";"Pleno dia";"Crescente";"Sol";"Dupla";"Declive;Curva";"Não";2;0;1;0;0;1;1;2;-20,386011;-44,490268;"SPRF-MG";"DEL04-MG";"UOP03-DEL04-MG"
763255;2026-04-06;"segunda-feira";"07:35:00";"CE";122;42,1;"ARACOIABA";"Acessar a via sem observar a presença dos outros veículos";"Colisão transversal";"Com Vítimas Feridas";"Pleno dia";"Crescente";"Sol";"Simples";"Reta";"Sim";2;0;0;1;1;0;1;2;-4,62329;-38,646735;"SPRF-CE";"DEL03-CE";"UOP01-DEL03-CE"
763257;2026-04-06;"segunda-feira";"09:15:00";"MG";262;381;"MATEUS LEME";"Velocidade Incompatível";"Tombamento";"Com Vítimas Feridas";"Pleno dia";"Decrescente";"Céu Claro";"Dupla";"Declive;Curva";"Não";2;0;0;1;0;1;1;2;-19,91818894;-44,48150603;"SPRF-MG";"DEL01-MG";"UOP03-DEL01-MG"
763259;2026-04-06;"segunda-feira";"10:00:00";"BA";324;594;"CANDEIAS";"Reação tardia ou ineficiente do condutor";"Colisão lateral mesmo sentido";"Sem Vítimas";"Pleno dia";"Crescente";"Nublado";"Dupla";"Reta";"Sim";5;0;0;0;4;1;0;2;-12,7353869;-38,4434204;"SPRF-BA";"DEL01-BA";"UOP01-DEL01-BA"
763260;2026-04-06;"segunda-feira";"06:30:00";"MT";70;268;"PRIMAVERA DO LESTE";"Manobra de mudança de faixa";"Colisão frontal";"Com Vítimas Fatais";"Pleno dia";"Crescente";"Sol";"Simples";"Reta";"Não";2;1;0;0;1;0;0;2;-15,56950051;-54,19132626;"SPRF-MT";"DEL05-MT";"UOP01-DEL05-MT"
763261;2026-04-06;"segunda-feira";"10:00:00";"SC";280;262,8;"CANOINHAS";"Acesso irregular";"Colisão transversal";"Sem Vítimas";"Pleno dia";"Crescente";"Nublado";"Simples";"Reta";"Não";2;0;0;0;1;1;0;2;-26,2625604;-50,6666177;"SPRF-SC";"DEL06-SC";"UOP04-DEL06-SC"
763269;2026-04-06;"segunda-feira";"08:00:00";"GO";153;623;"PROFESSOR JAMIL";"Ausência de reação do condutor";"Colisão traseira";"Sem Vítimas";"Pleno dia";"Crescente";"Céu Claro";"Dupla";"Aclive";"Não";3;0;0;0;2;1;0;3;-17,21369895;-49,2258668;"SPRF-GO";"DEL03-GO";"UOP01-DEL03-GO"
763276;2026-04-06;"segunda-feira";"09:00:00";"RJ";116;43;"TERESOPOLIS";"Condutor Dormindo";"Colisão frontal";"Com Vítimas Feridas";"Pleno dia";"Crescente";"Céu Claro";"Simples";"Curva";"Não";3;0;0;1;1;1;1;3;-22,14901771;-42,79994337;"SPRF-RJ";"DEL04-RJ";"UOP01-DEL04-RJ"
763281;2026-04-06;"segunda-feira";"07:25:00";"RJ";393;278,1;"BARRA DO PIRAI";"Pista esburacada";"Colisão frontal";"Com Vítimas Feridas";"Pleno dia";"Decrescente";"Nublado";"Simples";"Reta";"Sim";4;0;1;1;0;3;2;5;-22,4803263;-44,03119532;"SPRF-RJ";"DEL05-RJ";"UOP04-DEL05-RJ"
763282;2026-04-06;"segunda-feira";"10:40:00";"SP";116;410;"JUQUIA";"Demais falhas mecânicas ou elétricas";"Incêndio";"Sem Vítimas";"Pleno dia";"Decrescente";"Céu Claro";"Dupla";"Reta";"Não";2;0;0;0;1;1;0;2;-24,33491193;-47,59546638;"SPRF-SP";"DEL05-SP";"UOP01-DEL05-SP"
763284;2026-04-06;"segunda-feira";"12:10:00";"RS";116;429;"CRISTAL";"Ausência de reação do condutor";"Colisão com objeto";"Sem Vítimas";"Pleno dia";"Decrescente";"Sol";"Simples";"Reta;Ponte";"Não";1;0;0;0;1;0;0;1;-31,02014714;-52,0523843;"SPRF-RS";"DEL02-RS";"UOP02-DEL02-RS"
763287;2026-04-06;"segunda-feira";"11:55:00";"MS";163;490;"CAMPO GRANDE";"Reação tardia ou ineficiente do condutor";"Colisão lateral sentido oposto";"Com Vítimas Feridas";"Pleno dia";"Crescente";"Céu Claro";"Simples";"Declive;Reta";"Sim";4;0;0;1;2;3;1;5;-20,393058;-54,552453;"SPRF-MS";"DEL01-MS";"UOP02-DEL01-MS"
763289;2026-04-06;"segunda-feira";"11:49:00";"PE";232;181,4;"BELO JARDIM";"Condutor deixou de manter distância do veículo da frente";"Engavetamento";"Sem Vítimas";"Pleno dia";"Crescente";"Céu Claro";"Simples";"Reta";"Sim";3;0;0;0;3;0;0;3;-8,346577;-36,441106;"SPRF-PE";"DEL03-PE";"UOP02-DEL03-PE"
763290;2026-04-06;"segunda-feira";"12:40:00";"MA";226;448;"GRAJAU";"Transitar na contramão";"Colisão frontal";"Com Vítimas Fatais";"Pleno dia";"Decrescente";"Chuva";"Simples";"Curva";"Não";3;1;0;0;1;2;0;4;-5,94238;-46,383122;"SPRF-MA";"DEL04-MA";"UOP02-DEL04-MA"
763296;2026-04-06;"segunda-feira";"11:40:00";"PR";476;158,1;"ARAUCARIA";"Mal súbito do condutor";"Saída de leito carroçável";"Sem Vítimas";"Pleno dia";"Decrescente";"Céu Claro";"Simples";"Reta";"Não";1;0;0;0;1;0;0;1;-25,609833;-49,42265002;"SPRF-PR";"DEL01-PR";"UOP06-DEL01-PR"
763298;2026-04-06;"segunda-feira";"14:15:00";"RS";285;435,8;"BOZANO";"Transitar na contramão";"Colisão frontal";"Com Vítimas Fatais";"Pleno dia";"Decrescente";"Céu Claro";"Múltipla";"Declive;Reta";"Não";3;1;0;0;1;2;0;4;-28,345783;-53,705021;"SPRF-RS";"DEL10-RS";"UOP01-DEL10-RS"
763299;2026-04-06;"segunda-feira";"13:00:00";"PE";101;77,6;"RECIFE";"Trafegar com motocicleta (ou similar) entre as faixas";"Colisão lateral mesmo sentido";"Sem Vítimas";"Pleno dia";"Crescente";"Nublado";"Múltipla";"Reta";"Sim";3;0;0;0;2;1;0;3;-8,1317;-34,9457;"SPRF-PE";"DEL01-PE";"UOP01-DEL01-PE"
763306;2026-04-06;"segunda-feira";"13:00:00";"BA";101;736,4;"ITABELA";"Reação tardia ou ineficiente do condutor";"Colisão traseira";"Com Vítimas Feridas";"Pleno dia";"Crescente";"Céu Claro";"Simples";"Curva";"Não";3;0;1;0;1;1;1;3;-16,51508;-39,574778;"SPRF-BA";"DEL09-BA";"UOP01-DEL09-BA"
763310;2026-04-06;"segunda-feira";"11:18:00";"AP";156;225;"SANTANA";"Reação tardia ou ineficiente do condutor";"Colisão frontal";"Com Vítimas Feridas";"Pleno dia";"Crescente";"Céu Claro";"Simples";"Declive;Ponte;Reta";"Não";5;0;1;0;3;1;1;3;0,20078922;-51,48212068;"SPRF-AP";"DEL01-AP";"UOP01-DEL01-AP"
763319;2026-04-06;"segunda-feira";"14:30:00";"SC";116;234,5;"CORREIA PINTO";"Reação tardia ou ineficiente do condutor";"Colisão lateral sentido oposto";"Com Vítimas Feridas";"Pleno dia";"Crescente";"Nublado";"Simples";"Curva";"Não";3;0;0;1;1;3;1;5;-27,71238;-50,33623;"SPRF-SC";"DEL05-SC";"UOP01-DEL05-SC"
763320;2026-04-06;"segunda-feira";"15:40:00";"BA";101;887;"TEIXEIRA DE FREITAS";"Transitar na contramão";"Colisão frontal";"Com Vítimas Fatais";"Pleno dia";"Crescente";"Céu Claro";"Simples";"Reta";"Não";3;1;0;0;1;1;0;3;-17,61469;-39,76077;"SPRF-BA";"DEL09-BA";"UOP02-DEL09-BA"
763329;2026-04-06;"segunda-feira";"15:10:00";"PB";230;39;"SANTA RITA";"Reação tardia ou ineficiente do condutor";"Capotamento";"Com Vítimas Feridas";"Pleno dia";"Crescente";"Céu Claro";"Dupla";"Reta;Declive";"Não";1;0;1;0;0;0;1;1;-7,139733;-34,97415;"SPRF-PB";"DEL01-PB";"UOP02-DEL01-PB"
763331;2026-04-06;"segunda-feira";"16:20:00";"PR";277;586,4;"CASCAVEL";"Manobra de mudança de faixa";"Colisão lateral mesmo sentido";"Com Vítimas Feridas";"Pleno dia";"Decrescente";"Céu Claro";"Dupla";"Reta";"Não";3;0;1;0;1;1;1;3;-24,984256;-53,372794;"SPRF-PR";"DEL04-PR";"UOP01-DEL04-PR"
763334;2026-04-06;"segunda-feira";"16:40:00";"MG";50;72;"UBERLANDIA";"Reação tardia ou ineficiente do condutor";"Colisão traseira";"Com Vítimas Feridas";"Pleno dia";"Decrescente";"Céu Claro";"Dupla";"Reta;Interseção de Vias";"Sim";2;0;1;0;1;0;1;2;-18,9036899;-48,233215;"SPRF-MG";"DEL15-MG";"UOP01-DEL15-MG"
763335;2026-04-06;"segunda-feira";"14:20:00";"RS";116;147;"CAXIAS DO SUL";"Trafegar com motocicleta (ou similar) entre as faixas";"Colisão traseira";"Com Vítimas Feridas";"Pleno dia";"Decrescente";"Céu Claro";"Dupla";"Reta;Interseção de Vias";"Sim";2;0;1;0;1;0;1;2;-29,15172894;-51,14795492;"SPRF-RS";"DEL05-RS";"UOP01-DEL05-RS"
763336;2026-04-06;"segunda-feira";"16:00:00";"SC";101;134;"BALNEARIO CAMBORIU";"Chuva";"Colisão traseira";"Com Vítimas Feridas";"Pleno dia";"Decrescente";"Chuva";"Dupla";"Reta";"Sim";2;0;1;0;1;0;1;2;-27,00283084;-48,63389818;"SPRF-SC";"DEL04-SC";"UOP03-DEL04-SC"
763341;2026-04-06;"segunda-feira";"15:40:00";"PA";316;77;"SAO FRANCISCO DO PARA";"Reação tardia ou ineficiente do condutor";"Colisão lateral mesmo sentido";"Com Vítimas Feridas";"Pleno dia";"Crescente";"Nublado";"Simples";"Reta";"Não";2;0;1;0;1;0;1;2;-1,303762;-47,796783;"SPRF-PA";"DEL01-PA";"UOP01-DEL01-PA"
763346;2026-04-06;"segunda-feira";"10:40:00";"RO";364;335,9;"JI-PARANA";"Reação tardia ou ineficiente do condutor";"Colisão traseira";"Sem Vítimas";"Pleno dia";"Crescente";"Sol";"Simples";"Reta";"Não";5;0;0;0;4;3;0;5;-10,93510371;-61,92954853;"SPRF-RO";"DEL02-RO";"UOP01-DEL02-RO"
763347;2026-04-06;"segunda-feira";"14:00:00";"PE";428;70;"SANTA MARIA DA BOA VISTA";"Demais falhas mecânicas ou elétricas";"Incêndio";"Sem Vítimas";"Pleno dia";"Decrescente";"Chuva";"Simples";"Em Obras;Reta";"Não";1;0;0;0;1;0;0;1;-8,698558;-39,76833;"SPRF-PE";"DEL06-PE";"UOP03-DEL06-PE"
763350;2026-04-06;"segunda-feira";"14:00:00";"MT";364;355;"SANTO ANTONIO DO LEVERGER";"Mal súbito do condutor";"Derramamento de carga";"Com Vítimas Feridas";"Pleno dia";"Crescente";"Céu Claro";"Dupla";"Reta";"Não";2;0;1;0;0;1;1;2;-15,7737;-55,6232;"SPRF-MT";"DEL05-MT";"UOP02-DEL05-MT"
763379;2026-04-06;"segunda-feira";"17:30:00";"PR";277;352;"GUARAPUAVA";"Manobra de mudança de faixa";"Colisão traseira";"Sem Vítimas";"Anoitecer";"Decrescente";"Céu Claro";"Dupla";"Reta";"Sim";7;0;0;0;6;2;0;4;-25,37522167;-51,50292;"SPRF-PR";"DEL08-PR";"UOP01-DEL08-PR"
763380;2026-04-06;"segunda-feira";"16:00:00";"GO";153;570;"PROFESSOR JAMIL";"Ausência de reação do condutor";"Saída de leito carroçável";"Com Vítimas Feridas";"Pleno dia";"Crescente";"Céu Claro";"Dupla";"Reta";"Não";2;0;0;1;0;1;1;2;-17,28581643;-49,23617899;"SPRF-GO";"DEL03-GO";"UOP01-DEL03-GO"
763383;2026-04-06;"segunda-feira";"18:40:00";"SP";116;145,3;"SAO JOSE DOS CAMPOS";"Reação tardia ou ineficiente do condutor";"Engavetamento";"Com Vítimas Feridas";"Anoitecer";"Decrescente";"Céu Claro";"Dupla";"Reta";"Sim";5;0;2;0;3;0;2;3;-23,18627131;-45,85330574;"SPRF-SP";"DEL02-SP";"UOP01-DEL02-SP"
763386;2026-04-06;"segunda-feira";"17:25:00";"MT";163;1070;"GUARANTA DO NORTE";"Acessar a via sem observar a presença dos outros veículos";"Colisão transversal";"Com Vítimas Feridas";"Anoitecer";"Crescente";"Céu Claro";"Simples";"Reta";"Não";3;0;1;0;1;2;1;4;-9,90294;-54,89943;"SPRF-MT";"DEL06-MT";"UOP03-DEL06-MT"
763387;2026-04-06;"segunda-feira";"18:30:00";"BA";110;190;"RIBEIRA DO AMPARO";"Ingestão de álcool pelo condutor";"Colisão lateral sentido oposto";"Sem Vítimas";"Plena Noite";"Crescente";"Céu Claro";"Simples";"Declive;Reta";"Não";2;0;0;0;1;1;0;2;-10,9770945;-38,5147937;"SPRF-BA";"DEL07-BA";"UOP02-DEL07-BA"
763388;2026-04-06;"segunda-feira";"18:00:00";"GO";70;358;"JUSSARA";"Ultrapassagem Indevida";"Colisão frontal";"Com Vítimas Feridas";"Anoitecer";"Crescente";"Garoa/Chuvisco";"Simples";"Reta;Declive;Ponte";"Não";4;0;1;0;2;1;1;3;-15,93811053;-51,19012902;"SPRF-GO";"DEL04-GO";"UOP02-DEL04-GO"
763392;2026-04-06;"segunda-feira";"19:08:00";"GO";60;330;"ACREUNA";"Chuva";"Saída de leito carroçável";"Com Vítimas Feridas";"Anoitecer";"Crescente";"Garoa/Chuvisco";"Simples";"Aclive;Reta";"Não";2;0;0;1;1;0;1;1;-17,555143;-50,533937;"SPRF-GO";"DEL04-GO";"UOP02-DEL04-GO"
763394;2026-04-06;"segunda-feira";"17:57:00";"MT";163;684;"LUCAS DO RIO VERDE";"Acessar a via sem observar a presença dos outros veículos";"Colisão transversal";"Com Vítimas Feridas";"Plena Noite";"Decrescente";"Chuva";"Simples";"Interseção de Vias;Curva";"Sim";3;0;1;0;1;1;1;3;-13,083685;-55,941048;"SPRF-MT";"DEL06-MT";"UOP01-DEL06-MT"
763395;2026-04-06;"segunda-feira";"18:15:00";"SC";470;266,2;"CURITIBANOS";"Ingestão de álcool pelo condutor";"Colisão lateral mesmo sentido";"Sem Vítimas";"Plena Noite";"Decrescente";"Céu Claro";"Simples";"Curva";"Não";2;0;0;0;2;0;0;2;-27,31303463;-50,73958992;"SPRF-SC";"DEL05-SC";"UOP03-DEL05-SC"
763402;2026-04-06;"segunda-feira";"19:30:00";"PR";163;139,6;"CAPITAO LEONIDAS MARQUES";"Transitar na contramão";"Colisão frontal";"Com Vítimas Fatais";"Plena Noite";"Decrescente";"Céu Claro";"Simples";"Curva";"Não";3;1;0;0;1;1;0;3;-25,479184;-53,591251;"SPRF-PR";"DEL05-PR";"UOP05-DEL05-PR"
763412;2026-04-06;"segunda-feira";"21:40:00";"GO";153;303;"RIALMA";"Manobra de mudança de faixa";"Tombamento";"Com Vítimas Feridas";"Plena Noite";"Decrescente";"Céu Claro";"Simples";"Declive;Em Obras;Reta";"Sim";2;0;1;0;0;1;1;2;-15,33129;-49,570594;"SPRF-GO";"DEL02-GO";"UOP02-DEL02-GO"
763416;2026-04-06;"segunda-feira";"21:19:00";"PR";373;282,3;"PRUDENTOPOLIS";"Ausência de reação do condutor";"Colisão com objeto";"Com Vítimas Feridas";"Plena Noite";"Decrescente";"Céu Claro";"Simples";"Reta";"Não";3;0;0;1;1;1;1;3;-25,2889283;-51,1254193;"SPRF-PR";"DEL08-PR";"UOP01-DEL08-PR"
763420;2026-04-06;"segunda-feira";"21:30:00";"PR";116;92,8;"SAO JOSE DOS PINHAIS";"Curva acentuada";"Saída de leito carroçável";"Sem Vítimas";"Plena Noite";"Crescente";"Nublado";"Simples";"Aclive;Curva;Viaduto;Interseção de Vias";"Sim";2;0;0;0;1;1;0;2;-25,510269;-49,127438;"SPRF-PR";"DEL01-PR";"UOP08-DEL01-PR"
763423;2026-04-06;"segunda-feira";"22:35:00";"MG";40;424,4;"CURVELO";"Ausência de reação do condutor";"Colisão traseira";"Com Vítimas Fatais";"Plena Noite";"Decrescente";"Céu Claro";"Dupla";"Aclive;Reta";"Não";2;1;0;0;1;0;0;2;-19,160498;-44,524733;"SPRF-MG";"DEL02-MG";"UOP01-DEL02-MG"
763424;2026-04-06;"segunda-feira";"22:40:00";"PR";116;93;"SAO JOSE DOS PINHAIS";"Ausência de reação do condutor";"Colisão com objeto";"Com Vítimas Feridas";"Plena Noite";"Decrescente";"Nublado";"Dupla";"Viaduto";"Não";1;0;1;0;0;0;1;1;-25,51445;-49,12985;"SPRF-PR";"DEL01-PR";"UOP08-DEL01-PR"
763430;2026-04-07;"terça-feira";"01:30:00";"SP";116;544;"BARRA DO TURVO";"Reação tardia ou ineficiente do condutor";"Tombamento";"Com Vítimas Feridas";"Plena Noite";"Decrescente";"Nublado";"Dupla";"Curva;Declive";"Não";1;0;1;0;0;0;1;1;-24,96450808;-48,42553818;"SPRF-SP";"DEL05-SP";"UOP02-DEL05-SP"
763435;2026-02-27;"sexta-feira";"01:55:00";"MG";40;433;"PARAOPEBA";"Manobra de mudança de faixa";"Saída de leito carroçável";"Com Vítimas Feridas";"Plena Noite";"Decrescente";"Céu Claro";"Dupla";"Reta";"Não";1;0;1;0;0;0;1;1;-19,2568363;-44,42035678;"SPRF-MG";"DEL02-MG";"UOP01-DEL02-MG"