"id";"data_inversa";"dia_semana";"horario";"uf";"br";"km";"municipio";"causa_acidente";"tipo_acidente";"classificacao_acidente";"fase_dia";"sentido_via";"condicao_metereologica";"tipo_pista";"tracado_via";"uso_solo";"pessoas";"mortos";"feridos_leves";"feridos_graves";"ilesos";"ignorados";"feridos";"veiculos";"latitude";"longitude";"regional";"delegacia";"uop"
764034;2026-04-10;"sexta-feira";"02:13:00";"SP";116;204,5;"ARUJA";"Entrada inopinada do pedestre";"Atropelamento de Pedestre";"Com Vítimas Feridas";"Plena Noite";"Decrescente";"Céu Claro";"Múltipla";"Reta";"Não";2;0;1;0;0;1;1;2;-23,41266446;-46,35835497;"SPRF-SP";"DEL01-SP";"UOP01-DEL01-SP"
764035;2026-04-10;"sexta-feira";"00:05:00";"MT";163;693;"SORRISO";"Reação tardia ou ineficiente do condutor";"Saída de leito carroçável";"Com Vítimas Feridas";"Plena Noite";"Decrescente";"Garoa/Chuvisco";"Simples";"Reta";"Não";1;0;1;0;0;0;1;1;-13,04487851;-55,9040646;"SPRF-MT";"DEL06-MT";"UOP01-DEL06-MT"
764040;2026-04-10;"sexta-feira";"02:46:00";"MT";364;283,4;"JACIARA";"Condutor Dormindo";"Colisão traseira";"Com Vítimas Feridas";"Plena Noite";"Decrescente";"Céu Claro";"Dupla";"Aclive;Curva";"Não";3;0;1;0;1;3;1;5;-15,91214012;-55,03652573;"SPRF-MT";"DEL05-MT";"UOP02-DEL05-MT"
764044;2026-04-10;"sexta-feira";"05:00:00";"SP";116;80,3;"ROSEIRA";"Acessar a via sem observar a presença dos outros veículos";"Colisão traseira";"Com Vítimas Feridas";"Plena Noite";"Crescente";"Céu Claro";"Dupla";"Reta";"Não";2;0;1;0;1;0;1;2;-22,90019;-45,30368;"SPRF-SP";"DEL08-SP";"UOP01-DEL08-SP"
764046;2026-04-10;"sexta-feira";"05:10:00";"MA";10;244;"DAVINOPOLIS";"Velocidade Incompatível";"Tombamento";"Com Vítimas Feridas";"Amanhecer";"Crescente";"Céu Claro";"Simples";"Reta";"Não";2;0;1;0;0;1;1;2;-5,59563;-47,42908;"SPRF-MA";"DEL04-MA";"UOP01-DEL04-MA"
764052;2026-04-09;"quinta-feira";"09:30:00";"SC";282;180;"BOCAINA DO SUL";"Reação tardia ou ineficiente do condutor";"Saída de leito carroçável";"Com Vítimas Feridas";"Pleno dia";"Crescente";"Céu Claro";"Simples";"Reta";"Não";1;0;1;0;0;0;1;1;-27,74152;-49,94249;"SPRF-SC";"DEL05-SC";"UOP01-DEL05-SC"
764059;2026-04-10;"sexta-feira";"06:45:00";"RS";285;510,9;"VITORIA DAS MISSOES";"Carga excessiva e/ou mal acondicionada";"Colisão lateral mesmo sentido";"Com Vítimas Fatais";"Amanhecer";"Crescente";"Céu Claro";"Simples";"Reta";"Não";4;1;0;0;2;2;0;5;-28,401995;-54,387617;"SPRF-RS";"DEL10-RS";"UOP01-DEL10-RS"
764060;2026-04-10;"sexta-feira";"06:20:00";"PR";277;665,3;"MEDIANEIRA";"Restrição de visibilidade em curvas verticais";"Colisão traseira";"Com Vítimas Feridas";"Amanhecer";"Crescente";"Céu Claro";"Dupla";"Aclive";"Não";4;0;2;0;1;1;2;3;-25,25253;-54,02451;"SPRF-PR";"DEL05-PR";"UOP02-DEL05-PR"
764064;2026-04-10;"sexta-feira";"05:15:00";"PR";476;358;"UNIAO DA VITORIA";"Condutor deixou de manter distância do veículo da frente";"Colisão traseira";"Com Vítimas Feridas";"Amanhecer";"Crescente";"Céu Claro";"Simples";"Reta";"Sim";3;0;0;2;0;1;2;3;-26,2002851;-51,05676524;"SPRF-PR";"DEL02-PR";"UOP03-DEL02-PR"
764065;2026-04-10;"sexta-feira";"07:00:00";"BA";242;885;"BARREIRAS";"Conversão proibida";"Colisão transversal";"Com Vítimas Fatais";"Pleno dia";"Crescente";"Sol";"Simples";"Reta";"Não";2;1;0;0;1;0;0;2;-12,0643102;-45,5844115;"SPRF-BA";"DEL10-BA";"UOP01-DEL10-BA"
764078;2026-04-10;"sexta-feira";"07:20:00";"MG";40;572,7;"ITABIRITO";"Ausência de reação do condutor";"Atropelamento de Pedestre";"Com Vítimas Fatais";"Amanhecer";"Decrescente";"Nevoeiro/Neblina";"Simples";"Reta";"Não";2;1;0;0;0;1;0;2;-20,23367;-43,9682;"SPRF-MG";"DEL01-MG";"UOP02-DEL01-MG"
764079;2026-04-10;"sexta-feira";"08:35:00";"PE";101;57,3;"RECIFE";"Trafegar com motocicleta (ou similar) entre as faixas";"Colisão lateral mesmo sentido";"Com Vítimas Fatais";"Pleno dia";"Decrescente";"Céu Claro";"Dupla";"Reta";"Sim";3;1;0;0;1;1;0;3;-7,966812;-34,918158;"SPRF-PE";"DEL01-PE";"UOP02-DEL01-PE"
764084;2026-04-10;"sexta-feira";"08:30:00";"RJ";40;87;"PETROPOLIS";"Demais falhas mecânicas ou elétricas";"Saída de leito carroçável";"Com Vítimas Feridas";"Pleno dia";"Crescente";"Nublado";"Dupla";"Curva;Declive";"Não";2;0;1;0;0;1;1;2;-22,544012;-43,233667;"SPRF-RJ";"DEL01-RJ";"UOP01-DEL01-RJ"
764088;2026-04-10;"sexta-feira";"08:00:00";"MT";163;851;"SINOP";"Afundamento ou ondulação no pavimento";"Saída de leito carroçável";"Com Vítimas Feridas";"Pleno dia";"Crescente";"Sol";"Simples";"Declive";"Não";2;0;1;0;0;2;1;3;-11,72252;-55,45918;"SPRF-MT";"DEL06-MT";"UOP02-DEL06-MT"
764096;2026-04-10;"sexta-feira";"07:20:00";"RO";435;91;"COLORADO DO OESTE";"Condutor deixou de manter distância do veículo da frente";"Colisão traseira";"Sem Vítimas";"Pleno dia";"Decrescente";"Céu Claro";"Simples";"Reta;Declive";"Não";4;0;0;0;4;0;0;2;-13,164652;-60,544965;"SPRF-RO";"DEL04-RO";"UOP02-DEL04-RO"
764099;2026-04-10;"sexta-feira";"09:50:00";"BA";324;620;"SALVADOR";"Trafegar com motocicleta (ou similar) entre as faixas";"Colisão lateral mesmo sentido";"Com Vítimas Feridas";"Pleno dia";"Crescente";"Nublado";"Múltipla";"Reta";"Sim";5;0;2;0;3;0;2;3;-12,91764598;-38,46370557;"SPRF-BA";"DEL01-BA";"UOP01-DEL01-BA"
764100;2026-04-10;"sexta-feira";"10:30:00";"PE";101;61,4;"RECIFE";"Acessar a via sem observar a presença dos outros veículos";"Colisão lateral mesmo sentido";"Sem Vítimas";"Pleno dia";"Decrescente";"Sol";"Dupla";"Reta";"Sim";3;0;0;0;2;1;0;3;-7,994088;-34,937735;"SPRF-PE";"DEL01-PE";"UOP02-DEL01-PE"
764103;2026-04-10;"sexta-feira";"12:20:00";"RN";101;118;"SAO JOSE DE MIPIBU";"Reação tardia ou ineficiente do condutor";"Colisão traseira";"Com Vítimas Feridas";"Pleno dia";"Crescente";"Céu Claro";"Dupla";"Reta";"Não";6;0;3;0;3;0;3;3;-6,01897665;-35,2525264;"SPRF-RN";"DEL01-RN";"UOP01-DEL01-RN"
764106;2026-04-10;"sexta-feira";"12:15:00";"RJ";116;181;"NOVA IGUACU";"Reação tardia ou ineficiente do condutor";"Colisão traseira";"Com Vítimas Feridas";"Pleno dia";"Crescente";"Céu Claro";"Múltipla";"Reta";"Sim";3;0;2;0;1;0;2;2;-22,7598217;-43,4256256;"SPRF-RJ";"DEL06-RJ";"UOP01-DEL06-RJ"
764119;2026-04-10;"sexta-feira";"11:30:00";"SC";101;127;"ITAJAI";"Acessar a via sem observar a presença dos outros veículos";"Colisão traseira";"Sem Vítimas";"Pleno dia";"Crescente";"Céu Claro";"Dupla";"Reta";"Não";3;0;0;0;1;2;0;3;-26,96976108;-48,68314236;"SPRF-SC";"DEL04-SC";"UOP04-DEL04-SC"
764122;2026-04-10;"sexta-feira";"13:00:00";"MG";267;59;"GUARARA";"Ausência de reação do condutor";"Colisão lateral sentido oposto";"Com Vítimas Feridas";"Pleno dia";"Crescente";"Chuva";"Simples";"Curva";"Não";4;0;1;0;2;1;1;3;-21,7245573;-43,04402678;"SPRF-MG";"DEL07-MG";"UOP01-DEL07-MG"
764131;2026-04-10;"sexta-feira";"13:45:00";"ES";262;23,4;"VIANA";"Ingestão de álcool pelo condutor";"Colisão frontal";"Com Vítimas Feridas";"Pleno dia";"Decrescente";"Nublado";"Simples";"Curva";"Não";2;0;1;0;1;0;1;2;-20,378058;-40,520822;"SPRF-ES";"DEL01-ES";"UOP01-DEL01-ES"
764135;2026-04-10;"sexta-feira";"08:20:00";"PR";277;633;"CEU AZUL";"Ultrapassagem Indevida";"Colisão frontal";"Com Vítimas Feridas";"Pleno dia";"Decrescente";"Céu Claro";"Simples";"Reta;Declive";"Não";4;0;0;1;1;2;1;4;-25,1222;-53,8093;"SPRF-PR";"DEL05-PR";"UOP02-DEL05-PR"
764138;2026-04-10;"sexta-feira";"13:45:00";"MG";365;31;"MONTES CLAROS";"Chuva";"Saída de leito carroçável";"Com Vítimas Feridas";"Pleno dia";"Decrescente";"Garoa/Chuvisco";"Simples";"Declive;Curva";"Não";2;0;2;0;0;0;2;1;-16,65421896;-43,71769151;"SPRF-MG";"DEL12-MG";"UOP01-DEL12-MG"
764143;2026-04-10;"sexta-feira";"14:33:00";"MG";381;491;"BETIM";"Condutor deixou de manter distância do veículo da frente";"Colisão lateral mesmo sentido";"Com Vítimas Feridas";"Pleno dia";"Decrescente";"Nublado";"Múltipla";"Reta";"Não";2;0;0;1;1;0;1;2;-19,96334562;-44,15774345;"SPRF-MG";"DEL01-MG";"UOP03-DEL01-MG"
764146;2026-04-10;"sexta-feira";"15:10:00";"SE";101;193,3;"CRISTINAPOLIS";"Frear bruscamente";"Colisão traseira";"Com Vítimas Feridas";"Pleno dia";"Decrescente";"Céu Claro";"Simples";"Curva";"Não";6;0;1;0;4;2;1;6;-11,435832;-37,731732;"SPRF-SE";"DEL02-SE";"UOP03-DEL02-SE"
764147;2026-04-10;"sexta-feira";"13:25:00";"MG";116;25;"CACHOEIRA DE PAJEU";"Demais falhas mecânicas ou elétricas";"Incêndio";"Sem Vítimas";"Pleno dia";"Decrescente";"Céu Claro";"Simples";"Aclive;Reta";"Não";2;0;0;0;1;1;0;2;-15,8738;-41,43113;"SPRF-BA";"DEL08-BA";"UOP03-DEL08-BA"
764148;2026-04-10;"sexta-feira";"13:20:00";"PR";163;128,3;"REALEZA";"Reação tardia ou ineficiente do condutor";"Colisão traseira";"Com Vítimas Feridas";"Pleno dia";"Crescente";"Céu Claro";"Dupla";"Reta;Em Obras;Declive";"Não";5;0;1;0;4;0;1;2;-25,56681;-53,574948;"SPRF-PR";"DEL02-PR";"UOP02-DEL02-PR"
764149;2026-04-10;"sexta-feira";"15:00:00";"BA";116;692;"JEQUIE";"Ingestão de álcool pelo condutor";"Colisão frontal";"Com Vítimas Feridas";"Pleno dia";"Decrescente";"Céu Claro";"Dupla";"Aclive";"Sim";3;0;0;1;1;1;1;3;-13,88402;-40,17646;"SPRF-BA";"DEL03-BA";"UOP01-DEL03-BA"
764151;2026-04-10;"sexta-feira";"15:45:00";"MG";116;632;"DIVINO";"Chuva";"Colisão frontal";"Com Vítimas Fatais";"Pleno dia";"Crescente";"Chuva";"Simples";"Declive;Curva";"Não";4;1;0;3;0;0;3;2;-20,60715078;-42,21105248;"SPRF-MG";"DEL07-MG";"UOP02-DEL07-MG"
764155;2026-04-10;"sexta-feira";"16:00:00";"RS";293;11,5;"CAPAO DO LEAO";"Estacionar ou parar em local proibido";"Colisão traseira";"Com Vítimas Feridas";"Pleno dia";"Crescente";"Céu Claro";"Simples";"Reta";"Não";5;0;1;0;3;1;1;3;-31,75688;-52,435858;"SPRF-RS";"DEL07-RS";"UOP01-DEL07-RS"
764160;2026-04-10;"sexta-feira";"06:30:00";"AC";364;200;"BUJARI";"Transitar na contramão";"Colisão lateral sentido oposto";"Com Vítimas Feridas";"Amanhecer";"Decrescente";"Ignorado";"Simples";"Reta";"Não";2;0;1;0;0;1;1;2;-9,588913;-68,26604;"SPRF-AC";"DEL01-AC";"UOP01-DEL01-AC"
764167;2026-04-10;"sexta-feira";"16:00:00";"SC";101;123;"ITAJAI";"Condutor deixou de manter distância do veículo da frente";"Colisão traseira";"Com Vítimas Fatais";"Pleno dia";"Decrescente";"Céu Claro";"Múltipla";"Reta;Viaduto";"Não";2;1;0;0;1;0;0;2;-26,937446;-48,697728;"SPRF-SC";"DEL04-SC";"UOP04-DEL04-SC"
764169;2026-04-10;"sexta-feira";"14:30:00";"MT";163;850;"SINOP";"Transitar na contramão";"Colisão lateral sentido oposto";"Com Vítimas Fatais";"Pleno dia";"Decrescente";"Céu Claro";"Simples";"Reta;Em Obras";"Não";4;2;0;0;1;2;0;4;-11,722983;-55,459296;"SPRF-MT";"DEL06-MT";"UOP02-DEL06-MT"
764184;2026-04-10;"sexta-feira";"17:10:00";"PR";476;147,2;"CURITIBA";"Condutor deixou de manter distância do veículo da frente";"Colisão lateral mesmo sentido";"Com Vítimas Feridas";"Pleno dia";"Decrescente";"Nublado";"Dupla";"Reta";"Sim";6;0;2;0;2;4;2;8;-25,55565143;-49,34200136;"SPRF-PR";"DEL01-PR";"UOP06-DEL01-PR"
764189;2026-04-10;"sexta-feira";"17:00:00";"RS";392;260;"CACAPAVA DO SUL";"Ausência de reação do condutor";"Colisão traseira";"Com Vítimas Feridas";"Pleno dia";"Crescente";"Sol";"Simples";"Reta;Em Obras";"Não";4;0;1;1;1;1;2;3;-30,472759;-53,484382;"SPRF-RS";"DEL09-RS";"UOP02-DEL09-RS"
764190;2026-04-10;"sexta-feira";"17:10:00";"RN";304;30;"MOSSORO";"Condutor deixou de manter distância do veículo da frente";"Engavetamento";"Com Vítimas Feridas";"Anoitecer";"Decrescente";"Chuva";"Simples";"Reta";"Sim";4;0;0;2;2;0;2;3;-5,12222;-37,342363;"SPRF-RN";"DEL04-RN";"UOP02-DEL04-RN"
764202;2026-04-10;"sexta-feira";"18:30:00";"MA";135;10;"SAO LUIS";"Condutor deixou de manter distância do veículo da frente";"Colisão traseira";"Com Vítimas Feridas";"Plena Noite";"Crescente";"Nublado";"Dupla";"Reta";"Sim";3;0;1;1;1;0;2;2;-2,65818041;-44,28612497;"SPRF-MA";"DEL01-MA";"UOP01-DEL01-MA"
764216;2026-04-10;"sexta-feira";"17:00:00";"MT";163;1041;"MATUPA";"Desrespeitar a preferência no cruzamento";"Colisão traseira";"Com Vítimas Feridas";"Pleno dia";"Crescente";"Céu Claro";"Simples";"Reta";"Sim";4;0;1;0;1;4;1;6;-10,15113299;-54,93081719;"SPRF-MT";"DEL06-MT";"UOP03-DEL06-MT"
764224;2026-04-10;"sexta-feira";"15:00:00";"BA";235;60;"JEREMOABO";"Reação tardia ou ineficiente do condutor";"Saída de leito carroçável";"Com Vítimas Feridas";"Pleno dia";"Crescente";"Céu Claro";"Simples";"Curva";"Não";2;0;1;0;0;1;1;2;-10,08758875;-38,20160564;"SPRF-SE";"DEL01-SE";"UOP02-DEL01-SE"
764225;2026-04-10;"sexta-feira";"20:00:00";"MG";381;588,2;"CARMOPOLIS DE MINAS";"Pedestre andava na pista";"Atropelamento de Pedestre";"Com Vítimas Fatais";"Plena Noite";"Crescente";"Nublado";"Dupla";"Reta";"Sim";2;1;0;0;0;1;0;2;-20,5330699;-44,63924074;"SPRF-MG";"DEL04-MG";"UOP01-DEL04-MG"
764226;2026-04-10;"sexta-feira";"17:45:00";"BA";242;353;"LENCOIS";"Velocidade Incompatível";"Tombamento";"Com Vítimas Feridas";"Pleno dia";"Decrescente";"Céu Claro";"Simples";"Curva";"Não";2;0;1;0;0;2;1;3;-12,499;-41,331;"SPRF-BA";"DEL06-BA";"UOP02-DEL06-BA"
764228;2026-04-10;"sexta-feira";"21:00:00";"PR";376;464;"PONTA GROSSA";"Demais falhas mecânicas ou elétricas";"Incêndio";"Sem Vítimas";"Plena Noite";"Crescente";"Ignorado";"Dupla";"Reta";"Não";2;0;0;0;1;2;0;3;-25,0260472;-50,339226;"SPRF-PR";"DEL03-PR";"UOP01-DEL03-PR"
764230;2026-04-10;"sexta-feira";"19:30:00";"BA";116;677;"JEQUIE";"Condutor Dormindo";"Saída de leito carroçável";"Com Vítimas Fatais";"Plena Noite";"Decrescente";"Céu Claro";"Simples";"Reta";"Sim";2;1;0;0;0;1;0;2;-13,882233;-40,137227;"SPRF-BA";"DEL03-BA";"UOP01-DEL03-BA"
764235;2026-04-10;"sexta-feira";"19:50:00";"PR";277;203;"PALMEIRA";"Transitar na contramão";"Colisão frontal";"Com Vítimas Feridas";"Plena Noite";"Decrescente";"Céu Claro";"Simples";"Reta;Declive";"Não";4;0;1;0;2;1;1;3;-25,464154;-50,225942;"SPRF-PR";"DEL08-PR";"UOP02-DEL08-PR"
764236;2026-04-10;"sexta-feira";"18:30:00";"RS";290;489;"ROSARIO DO SUL";"Problema com o freio";"Incêndio";"Sem Vítimas";"Anoitecer";"Crescente";"Céu Claro";"Simples";"Reta";"Não";2;0;0;0;1;1;0;2;-30,23860753;-55,01212684;"SPRF-RS";"DEL11-RS";"UOP02-DEL11-RS"
764239;2026-04-10;"sexta-feira";"21:40:00";"ES";101;287,4;"CARIACICA";"Conversão proibida";"Saída de leito carroçável";"Com Vítimas Feridas";"Plena Noite";"Crescente";"Céu Claro";"Dupla";"Reta;Interseção de Vias";"Sim";1;0;1;0;0;0;1;1;-20,26142382;-40,37917056;"SPRF-ES";"DEL01-ES";"UOP01-DEL01-ES"
764247;2026-04-10;"sexta-feira";"22:50:00";"MG";381;489;"BETIM";"Ausência de reação do condutor";"Colisão transversal";"Com Vítimas Feridas";"Plena Noite";"Crescente";"Chuva";"Dupla";"Declive";"Sim";4;0;2;0;1;1;2;3;-19,95601333;-44,13305707;"SPRF-MG";"DEL01-MG";"UOP03-DEL01-MG"
764253;2026-04-10;"sexta-feira";"23:20:00";"SP";116;403;"MIRACATU";"Reação tardia ou ineficiente do condutor";"Colisão traseira";"Com Vítimas Feridas";"Plena Noite";"Decrescente";"Nublado";"Dupla";"Reta";"Não";2;0;1;0;0;1;1;2;-24,321508;-47,537075;"SPRF-SP";"DEL04-SP";"UOP02-DEL04-SP"
764259;2026-04-06;"segunda-feira";"14:00:00";"RJ";116;71;"TERESOPOLIS";"Chuva";"Colisão lateral sentido oposto";"Com Vítimas Feridas";"Pleno dia";"Crescente";"Chuva";"Simples";"Curva";"Sim";2;0;1;0;1;0;1;2;-22,32053681;-42,93873159;"SPRF-RJ";"DEL04-RJ";"UOP01-DEL04-RJ"
764260;2026-04-11;"sábado";"00:50:00";"RN";101;114;"SAO JOSE DE MIPIBU";"Demais falhas mecânicas ou elétricas";"Incêndio";"Sem Vítimas";"Plena Noite";"Decrescente";"Céu Claro";"Dupla";"Reta";"Não";2;0;0;0;1;1;0;2;-5,9820665;-35,2644914;"SPRF-RN";"DEL01-RN";"UOP01-DEL01-RN"
764267;2026-04-11;"sábado";"02:15:00";"MG";381;187,8;"PERIQUITO";"Condutor Dormindo";"Colisão lateral sentido oposto";"Com Vítimas Feridas";"Plena Noite";"Decrescente";"Céu Claro";"Simples";"Reta";"Não";3;0;1;0;2;0;1;2;-19,108;-42,203;"SPRF-MG";"DEL06-MG";"UOP01-DEL06-MG"
764268;2026-04-11;"sábado";"02:50:00";"MG";381;746;"TRES CORACOES";"Condutor Dormindo";"Colisão traseira";"Com Vítimas Feridas";"Plena Noite";"Crescente";"Céu Claro";"Dupla";"Curva";"Não";6;0;3;0;2;2;3;4;-21,6144365;-45,2612117;"SPRF-MG";"DEL16-MG";"UOP02-DEL16-MG"
764271;2026-04-11;"sábado";"02:26:00";"MT";364;348;"SANTO ANTONIO DO LEVERGER";"Reação tardia ou ineficiente do condutor";"Saída de leito carroçável";"Com Vítimas Feridas";"Plena Noite";"Crescente";"Céu Claro";"Dupla";"Declive;Curva";"Não";1;0;1;0;0;0;1;1;-15,793924;-55,573869;"SPRF-MT";"DEL05-MT";"UOP02-DEL05-MT"
764274;2026-04-11;"sábado";"04:00:00";"PR";277;429,3;"CANTAGALO";"Condutor Dormindo";"Colisão traseira";"Com Vítimas Feridas";"Plena Noite";"Decrescente";"Céu Claro";"Múltipla";"Aclive;Reta";"Não";3;0;0;1;1;1;1;3;-25,383384;-52,15438;"SPRF-PR";"DEL04-PR";"UOP02-DEL04-PR"
764276;2026-04-11;"sábado";"04:30:00";"PR";376;623;"SAO JOSE DOS PINHAIS";"Reação tardia ou ineficiente do condutor";"Saída de leito carroçável";"Com Vítimas Feridas";"Plena Noite";"Decrescente";"Nublado";"Múltipla";"Reta;Declive";"Sim";3;0;1;0;0;5;1;6;-25,644353;-49,158467;"SPRF-PR";"DEL01-PR";"UOP04-DEL01-PR"
764287;2026-04-11;"sábado";"05:30:00";"GO";153;377,9;"SAO FRANCISCO DE GOIAS";"Ausência de reação do condutor";"Colisão traseira";"Com Vítimas Feridas";"Amanhecer";"Decrescente";"Céu Claro";"Simples";"Aclive;Reta";"Não";2;0;0;1;1;0;1;2;-15,902895;-49,230877;"SPRF-GO";"DEL02-GO";"UOP02-DEL02-GO"
764289;2026-04-11;"sábado";"04:00:00";"RJ";101;186;"CASIMIRO DE ABREU";"Ausência de reação do condutor";"Saída de leito carroçável";"Com Vítimas Feridas";"Plena Noite";"Decrescente";"Ignorado";"Simples";"Reta";"Não";2;0;1;0;0;2;1;3;-22,43832688;-42,04376665;"SPRF-RJ";"DEL08-RJ";"UOP04-DEL08-RJ"
764298;2026-04-11;"sábado";"05:20:00";"PI";316;277,4;"DOM EXPEDITO LOPES";"Objeto estático sobre o leito carroçável";"Colisão com objeto";"Com Vítimas Fatais";"Amanhecer";"Crescente";"Céu Claro";"Simples";"Aclive;Reta";"Não";2;1;0;0;0;1;0;2;-6,952968;-41,706508;"SPRF-PI";"DEL04-PI";"UOP01-DEL04-PI"
764304;2026-04-11;"sábado";"05:40:00";"PR";369;430,5;"UBIRATA";"Condutor Dormindo";"Saída de leito carroçável";"Com Vítimas Feridas";"Plena Noite";"Crescente";"Nublado";"Simples";"Reta";"Sim";2;0;1;0;0;1;1;2;-24,554794;-52,968577;"SPRF-PR";"DEL04-PR";"UOP03-DEL04-PR"
764306;2026-04-11;"sábado";"05:10:00";"MS";262;303;"CAMPO GRANDE";"Demais falhas mecânicas ou elétricas";"Colisão lateral sentido oposto";"Com Vítimas Feridas";"Pleno dia";"Crescente";"Céu Claro";"Simples";"Curva";"Não";3;0;2;0;0;2;2;4;-20,495371;-54,324026;"SPRF-MS";"DEL01-MS";"UOP05-DEL01-MS"
764310;2026-04-11;"sábado";"07:50:00";"PI";343;337,6;"TERESINA";"Ausência de reação do condutor";"Colisão lateral mesmo sentido";"Com Vítimas Feridas";"Pleno dia";"Crescente";"Céu Claro";"Dupla";"Reta";"Não";2;0;1;0;1;0;1;2;-5,062608;-42,720005;"SPRF-PI";"DEL01-PI";"UOP01-DEL01-PI"
764314;2026-04-11;"sábado";"08:00:00";"PR";369;99,6;"CORNELIO PROCOPIO";"Reação tardia ou ineficiente do condutor";"Colisão traseira";"Com Vítimas Feridas";"Pleno dia";"Decrescente";"Sol";"Dupla";"Reta";"Não";5;0;1;1;2;1;2;3;-23,241722;-50,702145;"SPRF-PR";"DEL07-PR";"UOP05-DEL07-PR"
764323;2026-04-11;"sábado";"08:55:00";"SP";116;316;"JUQUITIBA";"Ausência de reação do condutor";"Saída de leito carroçável";"Com Vítimas Feridas";"Pleno dia";"Crescente";"Céu Claro";"Dupla";"Curva";"Não";2;0;1;0;0;1;1;2;-23,9143162;-46,9892781;"SPRF-SP";"DEL04-SP";"UOP03-DEL04-SP"
764330;2026-04-11;"sábado";"10:00:00";"PE";101;44,4;"IGARASSU";"Condutor deixou de manter distância do veículo da frente";"Colisão transversal";"Com Vítimas Feridas";"Pleno dia";"Decrescente";"Céu Claro";"Dupla";"Reta";"Sim";5;0;2;0;2;1;2;3;-7,85524;-34,90845;"SPRF-PE";"DEL01-PE";"UOP02-DEL01-PE"
764331;2026-04-11;"sábado";"03:30:00";"BA";324;459;"CANDEAL";"Transitar na contramão";"Colisão transversal";"Com Vítimas Feridas";"Plena Noite";"Crescente";"Nublado";"Simples";"Curva";"Não";3;0;1;1;0;2;2;4;-11,9315758;-39,23330996;"SPRF-BA";"DEL04-BA";"UOP02-DEL04-BA"
764333;2026-04-11;"sábado";"08:30:00";"GO";153;697;"ITUMBIARA";"Reação tardia ou ineficiente do condutor";"Colisão com objeto";"Com Vítimas Feridas";"Pleno dia";"Decrescente";"Céu Claro";"Dupla";"Reta";"Sim";2;0;1;0;0;1;1;2;-18,368422;-49,213201;"SPRF-GO";"DEL03-GO";"UOP02-DEL03-GO"
764340;2026-04-11;"sábado";"10:05:00";"MG";116;783,1;"LEOPOLDINA";"Reação tardia ou ineficiente do condutor";"Tombamento";"Com Vítimas Feridas";"Pleno dia";"Decrescente";"Nublado";"Simples";"Curva";"Não";2;0;0;1;0;1;1;2;-21,54264373;-42,65585183;"SPRF-MG";"DEL07-MG";"UOP01-DEL07-MG"
764345;2026-04-11;"sábado";"11:50:00";"ES";101;408;"ITAPEMIRIM";"Velocidade Incompatível";"Tombamento";"Com Vítimas Feridas";"Pleno dia";"Decrescente";"Nublado";"Simples";"Curva";"Não";2;0;0;1;0;1;1;2;-20,890756;-41,03891;"SPRF-ES";"DEL03-ES";"UOP02-DEL03-ES"
764347;2026-04-11;"sábado";"11:45:00";"MG";50;152,3;"UBERABA";"Reação tardia ou ineficiente do condutor";"Colisão lateral mesmo sentido";"Com Vítimas Feridas";"Pleno dia";"Decrescente";"Sol";"Dupla";"Aclive;Reta";"Não";4;0;0;1;2;1;1;3;-19,60771216;-48,02233156;"SPRF-MG";"DEL13-MG";"UOP01-DEL13-MG"
764351;2026-04-11;"sábado";"11:40:00";"SC";101;97,9;"BALNEARIO PICARRAS";"Manobra de mudança de faixa";"Colisão lateral mesmo sentido";"Com Vítimas Fatais";"Pleno dia";"Crescente";"Céu Claro";"Múltipla";"Reta";"Não";4;1;1;0;1;1;1;3;-26,74027798;-48,69852517;"SPRF-SC";"DEL03-SC";"UOP02-DEL03-SC"
764353;2026-04-11;"sábado";"12:40:00";"PA";10;15,7;"DOM ELISEU";"Conversão proibida";"Colisão transversal";"Com Vítimas Feridas";"Pleno dia";"Crescente";"Céu Claro";"Simples";"Reta";"Sim";3;0;1;0;1;1;1;3;-4,31282;-47,554263;"SPRF-PA";"DEL02-PA";"UOP02-DEL02-PA"
764356;2026-04-11;"sábado";"12:00:00";"RS";116;300;"GUAIBA";"Manobra de mudança de faixa";"Colisão lateral mesmo sentido";"Com Vítimas Fatais";"Pleno dia";"Decrescente";"Céu Claro";"Dupla";"Reta";"Sim";4;2;0;0;1;1;0;3;-30,1185323;-51,34700891;"SPRF-RS";"DEL02-RS";"UOP01-DEL02-RS"
764359;2026-04-11;"sábado";"14:00:00";"MA";316;271,7;"BELA VISTA DO MARANHAO";"Manobra de mudança de faixa";"Colisão traseira";"Com Vítimas Feridas";"Pleno dia";"Decrescente";"Chuva";"Simples";"Reta";"Sim";3;0;1;0;2;0;1;3;-3,70701336;-45,30590057;"SPRF-MA";"DEL02-MA";"UOP01-DEL02-MA"
764360;2026-04-11;"sábado";"14:00:00";"MG";40;794;"JUIZ DE FORA";"Acessar a via sem observar a presença dos outros veículos";"Colisão traseira";"Com Vítimas Feridas";"Pleno dia";"Decrescente";"Céu Claro";"Dupla";"Retorno Regulamentado";"Não";3;0;0;1;1;1;1;3;-21,77884926;-43,42444897;"SPRF-MG";"DEL05-MG";"UOP01-DEL05-MG"
764361;2026-04-11;"sábado";"13:35:00";"SC";470;53;"BLUMENAU";"Condutor Dormindo";"Colisão frontal";"Sem Vítimas";"Pleno dia";"Decrescente";"Céu Claro";"Simples";"Reta";"Sim";3;0;0;0;2;1;0;3;-26,8703142;-49,1064209;"SPRF-SC";"DEL04-SC";"UOP01-DEL04-SC"