"id";"data_inversa";"dia_semana";"horario";"uf";"br";"km";"municipio";"causa_acidente";"tipo_acidente";"classificacao_acidente";"fase_dia";"sentido_via";"condicao_metereologica";"tipo_pista";"tracado_via";"uso_solo";"pessoas";"mortos";"feridos_leves";"feridos_graves";"ilesos";"ignorados";"feridos";"veiculos";"latitude";"longitude";"regional";"delegacia";"uop"
764377;2026-04-11;"sábado";"14:00:00";"MS";376;9;"DOURADOS";"Ausência de reação do condutor";"Colisão traseira";"Com Vítimas Feridas";"Pleno dia";"Decrescente";"Céu Claro";"Simples";"Reta";"Não";2;0;1;0;1;0;1;2;-22,262269;-54,632621;"SPRF-MS";"DEL04-MS";"UOP01-DEL04-MS"
764381;2026-04-11;"sábado";"14:11:00";"PB";101;75;"SANTA RITA";"Velocidade Incompatível";"Colisão com objeto";"Com Vítimas Feridas";"Pleno dia";"Crescente";"Sol";"Dupla";"Curva";"Não";2;0;1;0;0;1;1;2;-7,0842261;-34,9705219;"SPRF-PB";"DEL01-PB";"UOP03-DEL01-PB"
764386;2026-03-17;"terça-feira";"18:40:00";"GO";20;107;"FLORES DE GOIAS";"Ultrapassagem Indevida";"Colisão frontal";"Com Vítimas Fatais";"Anoitecer";"Crescente";"Céu Claro";"Simples";"Reta";"Não";2;1;0;0;1;0;0;2;-14,911802;-46,939768;"SPRF-DF";"DEL02-DF";"UOP03-DEL02-DF"
764392;2026-04-11;"sábado";"16:30:00";"MA";135;18;"SAO LUIS";"Ausência de reação do condutor";"Colisão traseira";"Com Vítimas Feridas";"Pleno dia";"Decrescente";"Céu Claro";"Dupla";"Reta";"Não";3;0;0;1;1;1;1;3;-2,72366296;-44,3243715;"SPRF-MA";"DEL01-MA";"UOP01-DEL01-MA"
764399;2026-04-11;"sábado";"14:00:00";"MA";135;242,2;"PERITORO";"Transitar na contramão";"Colisão frontal";"Com Vítimas Fatais";"Pleno dia";"Crescente";"Chuva";"Simples";"Aclive;Reta";"Não";3;1;0;0;1;1;0;3;-4,505758;-44,356483;"SPRF-MA";"DEL03-MA";"UOP01-DEL03-MA"
764400;2026-04-11;"sábado";"06:57:00";"SC";282;162;"BOM RETIRO";"Objeto estático sobre o leito carroçável";"Colisão com objeto";"Sem Vítimas";"Pleno dia";"Decrescente";"Céu Claro";"Simples";"Curva";"Não";2;0;0;0;1;1;0;2;-27,75681068;-49,68202114;"SPRF-SC";"DEL05-SC";"UOP01-DEL05-SC"
764401;2026-04-11;"sábado";"16:00:00";"CE";222;338,1;"TIANGUA";"Ausência de reação do condutor";"Saída de leito carroçável";"Com Vítimas Feridas";"Pleno dia";"Crescente";"Céu Claro";"Simples";"Reta";"Não";1;0;1;0;0;0;1;1;-3,874758;-41,173075;"SPRF-CE";"DEL04-CE";"UOP02-DEL04-CE"
764409;2026-04-11;"sábado";"18:30:00";"PR";277;12,4;"PARANAGUA";"Desrespeitar a preferência no cruzamento";"Colisão transversal";"Com Vítimas Feridas";"Plena Noite";"Decrescente";"Nublado";"Dupla";"Reta;Retorno Regulamentado";"Não";6;0;2;0;3;2;2;4;-25,56284044;-48,63858668;"SPRF-PR";"DEL01-PR";"UOP05-DEL01-PR"
764411;2026-04-11;"sábado";"16:00:00";"MT";163;931;"ITAUBA";"Objeto estático sobre o leito carroçável";"Colisão lateral mesmo sentido";"Sem Vítimas";"Anoitecer";"Decrescente";"Nublado";"Simples";"Declive";"Não";3;0;0;0;2;2;0;4;-11,05598804;-55,27234554;"SPRF-MT";"DEL06-MT";"UOP02-DEL06-MT"
764412;2026-04-11;"sábado";"13:30:00";"MT";70;200;"GENERAL CARNEIRO";"Reação tardia ou ineficiente do condutor";"Saída de leito carroçável";"Sem Vítimas";"Pleno dia";"Decrescente";"Céu Claro";"Simples";"Curva";"Não";2;0;0;0;1;2;0;3;-15,719674;-53,730576;"SPRF-MT";"DEL05-MT";"UOP01-DEL05-MT"
764430;2026-04-11;"sábado";"19:35:00";"AL";101;201,7;"SAO SEBASTIAO";"Reação tardia ou ineficiente do condutor";"Colisão traseira";"Com Vítimas Feridas";"Plena Noite";"Crescente";"Céu Claro";"Dupla";"Reta";"Sim";3;0;0;1;1;1;1;3;-9,960577;-36,546798;"SPRF-AL";"DEL02-AL";"UOP02-DEL02-AL"
764438;2026-04-11;"sábado";"18:35:00";"MG";364;4,3;"PLANURA";"Condutor deixou de manter distância do veículo da frente";"Colisão traseira";"Com Vítimas Feridas";"Anoitecer";"Crescente";"Céu Claro";"Simples";"Reta";"Sim";5;0;1;0;3;1;1;3;-20,132402;-48,704716;"SPRF-MG";"DEL13-MG";"UOP02-DEL13-MG"
764439;2026-04-11;"sábado";"19:15:00";"MG";153;115;"PRATA";"Ingestão de álcool pelo condutor";"Colisão lateral sentido oposto";"Com Vítimas Feridas";"Plena Noite";"Decrescente";"Céu Claro";"Simples";"Reta";"Não";3;0;0;1;1;1;1;3;-19,36481453;-48,89970526;"SPRF-MG";"DEL15-MG";"UOP03-DEL15-MG"
764448;2026-04-11;"sábado";"15:20:00";"MT";163;930,5;"ITAUBA";"Manobra de mudança de faixa";"Colisão frontal";"Com Vítimas Fatais";"Pleno dia";"Decrescente";"Sol";"Simples";"Reta";"Não";3;1;0;0;1;2;0;4;-11,05648;-55,27256;"SPRF-MT";"DEL06-MT";"UOP02-DEL06-MT"
764458;2026-04-11;"sábado";"18:30:00";"BA";116;585;"NOVA ITARANA";"Reação tardia ou ineficiente do condutor";"Tombamento";"Com Vítimas Feridas";"Plena Noite";"Decrescente";"Nublado";"Simples";"Curva;Declive";"Não";3;0;1;0;1;1;1;2;-13,13610993;-39,99610474;"SPRF-BA";"DEL03-BA";"UOP02-DEL03-BA"
764478;2026-04-11;"sábado";"23:00:00";"MG";50;92,3;"UBERLANDIA";"Manobra de mudança de faixa";"Colisão lateral mesmo sentido";"Sem Vítimas";"Plena Noite";"Crescente";"Céu Claro";"Dupla";"Reta";"Não";2;0;0;0;1;1;0;2;-19,0717289;-48,189967;"SPRF-MG";"DEL15-MG";"UOP01-DEL15-MG"
764479;2026-04-11;"sábado";"21:00:00";"MS";262;366;"CAMPO GRANDE";"Manobra de mudança de faixa";"Colisão frontal";"Com Vítimas Fatais";"Plena Noite";"Crescente";"Céu Claro";"Simples";"Reta;Interseção de Vias";"Sim";2;1;0;0;1;0;0;2;-20,48300691;-54,74807775;"SPRF-MS";"DEL01-MS";"UOP03-DEL01-MS"
764485;2026-04-11;"sábado";"23:30:00";"PR";277;40,3;"MORRETES";"Ausência de reação do condutor";"Colisão traseira";"Com Vítimas Feridas";"Plena Noite";"Decrescente";"Chuva";"Dupla";"Declive;Curva";"Não";3;0;1;0;1;1;1;3;-25,580038;-48,872202;"SPRF-PR";"DEL01-PR";"UOP05-DEL01-PR"
764493;2026-04-12;"domingo";"00:45:00";"RJ";116;134;"MAGE";"Condutor deixou de manter distância do veículo da frente";"Colisão traseira";"Com Vítimas Feridas";"Plena Noite";"Crescente";"Nevoeiro/Neblina";"Dupla";"Curva";"Sim";2;0;0;1;0;1;1;2;-22,653518;-43,157351;"SPRF-RJ";"DEL04-RJ";"UOP02-DEL04-RJ"
764507;2026-04-12;"domingo";"02:20:00";"BA";116;10,4;"VITORIA DA CONQUISTA";"Desrespeitar a preferência no cruzamento";"Colisão transversal";"Com Vítimas Fatais";"Plena Noite";"Decrescente";"Nevoeiro/Neblina";"Simples";"Interseção de Vias;Reta";"Sim";3;1;0;0;1;1;0;3;-14,863977;-40,873013;"SPRF-BA";"DEL08-BA";"UOP01-DEL08-BA"
764510;2026-04-12;"domingo";"02:00:00";"PE";423;98;"GARANHUNS";"Ultrapassagem Indevida";"Colisão frontal";"Com Vítimas Feridas";"Pleno dia";"Decrescente";"Céu Claro";"Simples";"Reta;Declive";"Não";3;0;0;1;1;1;1;3;-8,8761761;-36,5035995;"SPRF-PE";"DEL03-PE";"UOP01-DEL03-PE"
764516;2026-04-12;"domingo";"03:00:00";"CE";116;416,6;"IPAUMIRIM";"Pista esburacada";"Colisão lateral sentido oposto";"Com Vítimas Feridas";"Pleno dia";"Decrescente";"Garoa/Chuvisco";"Simples";"Reta;Declive";"Não";3;0;0;1;1;1;1;3;-6,752597;-38,785565;"SPRF-CE";"DEL05-CE";"UOP01-DEL05-CE"
764519;2026-04-12;"domingo";"03:15:00";"SP";116;168;"JACAREI";"Transitar na contramão";"Colisão frontal";"Com Vítimas Fatais";"Plena Noite";"Decrescente";"Céu Claro";"Múltipla";"Reta";"Não";3;1;0;0;1;1;0;3;-23,3039385;-46,0375342;"SPRF-SP";"DEL02-SP";"UOP01-DEL02-SP"
764538;2026-04-12;"domingo";"05:30:00";"RJ";101;260;"RIO BONITO";"Animais na Pista";"Atropelamento de Animal";"Com Vítimas Feridas";"Amanhecer";"Decrescente";"Céu Claro";"Dupla";"Declive";"Sim";2;0;1;0;1;0;1;2;-22,71235824;-42,61279672;"SPRF-RJ";"DEL02-RJ";"UOP03-DEL02-RJ"
764539;2026-04-12;"domingo";"04:10:00";"RJ";116;303;"RESENDE";"Deficiência do Sistema de Iluminação/Sinalização";"Colisão traseira";"Sem Vítimas";"Plena Noite";"Decrescente";"Céu Claro";"Dupla";"Reta";"Sim";3;0;0;0;0;3;0;3;-22,45376532;-44,37031237;"SPRF-RJ";"DEL07-RJ";"UOP02-DEL07-RJ"
764540;2026-04-11;"sábado";"22:00:00";"MT";158;578;"AGUA BOA";"Problema com o freio";"Incêndio";"Sem Vítimas";"Plena Noite";"Crescente";"Nublado";"Simples";"Declive";"Não";2;0;0;0;1;2;0;3;-14,1520875;-52,19771487;"SPRF-MT";"DEL07-MT";"UOP02-DEL07-MT"
764542;2026-04-12;"domingo";"06:45:00";"GO";40;9;"LUZIANIA";"Ingestão de álcool pelo condutor";"Colisão lateral mesmo sentido";"Sem Vítimas";"Amanhecer";"Decrescente";"Céu Claro";"Dupla";"Reta";"Sim";6;0;0;0;5;1;0;5;-16,1284;-47,95937;"SPRF-DF";"DEL01-DF";"UOP01-DEL01-DF"
764544;2026-04-12;"domingo";"04:45:00";"RO";364;667;"CANDEIAS DO JAMARI";"Reação tardia ou ineficiente do condutor";"Tombamento";"Com Vítimas Feridas";"Plena Noite";"Crescente";"Céu Claro";"Dupla";"Curva;Interseção de Vias";"Não";1;0;1;0;0;0;1;1;-8,77442668;-63,48046152;"SPRF-RO";"DEL01-RO";"UOP01-DEL01-RO"
764548;2026-04-12;"domingo";"05:10:00";"PA";10;322;"SAO MIGUEL DO GUAMA";"Transitar na contramão";"Colisão frontal";"Sem Vítimas";"Amanhecer";"Crescente";"Nublado";"Simples";"Reta";"Sim";2;0;0;0;1;1;0;2;-1,61162842;-47,48206261;"SPRF-PA";"DEL01-PA";"UOP02-DEL01-PA"
764551;2026-04-12;"domingo";"07:40:00";"GO";153;493;"GOIANIA";"Velocidade Incompatível";"Colisão traseira";"Com Vítimas Feridas";"Pleno dia";"Decrescente";"Céu Claro";"Dupla";"Reta";"Sim";3;0;0;1;1;1;1;3;-16,65097754;-49,21520455;"SPRF-GO";"DEL01-GO";"UOP01-DEL01-GO"
764560;2026-04-12;"domingo";"04:20:00";"BA";101;23;"ESPLANADA";"Reação tardia ou ineficiente do condutor";"Colisão com objeto";"Com Vítimas Feridas";"Amanhecer";"Crescente";"Chuva";"Dupla";"Reta";"Não";2;0;1;0;0;1;1;2;-11,695452;-37,9033755;"SPRF-SE";"DEL02-SE";"UOP03-DEL02-SE"
764563;2026-04-12;"domingo";"08:15:00";"PR";376;393,5;"TIBAGI";"Ausência de reação do condutor";"Tombamento";"Com Vítimas Feridas";"Pleno dia";"Crescente";"Céu Claro";"Dupla";"Declive;Curva";"Não";2;0;0;1;0;1;1;2;-24,532142;-50,695382;"SPRF-PR";"DEL03-PR";"UOP02-DEL03-PR"
764564;2026-04-12;"domingo";"08:40:00";"BA";101;32;"ESPLANADA";"Ausência de reação do condutor";"Tombamento";"Sem Vítimas";"Pleno dia";"Decrescente";"Céu Claro";"Dupla";"Curva";"Não";3;0;0;0;2;1;0;2;-11,74337;-37,939425;"SPRF-SE";"DEL02-SE";"UOP03-DEL02-SE"
764565;2026-04-12;"domingo";"02:00:00";"BA";116;288;"TUCANO";"Ingestão de álcool pelo condutor";"Colisão frontal";"Com Vítimas Fatais";"Plena Noite";"Crescente";"Céu Claro";"Simples";"Reta";"Não";4;1;1;0;1;1;1;3;-11,080705;-38,835197;"SPRF-BA";"DEL07-BA";"UOP02-DEL07-BA"
764567;2026-04-12;"domingo";"08:30:00";"RJ";116;134;"MAGE";"Ausência de reação do condutor";"Colisão lateral mesmo sentido";"Com Vítimas Feridas";"Pleno dia";"Crescente";"Céu Claro";"Dupla";"Reta";"Sim";3;0;1;0;1;1;1;3;-22,65383698;-43,14457789;"SPRF-RJ";"DEL04-RJ";"UOP02-DEL04-RJ"
764569;2026-04-12;"domingo";"06:30:00";"GO";452;102;"BOM JESUS DE GOIAS";"Transitar na contramão";"Colisão lateral sentido oposto";"Com Vítimas Feridas";"Pleno dia";"Decrescente";"Céu Claro";"Simples";"Reta";"Não";3;0;1;0;1;3;1;5;-18,125067;-50,010974;"SPRF-GO";"DEL03-GO";"UOP02-DEL03-GO"
764572;2026-04-12;"domingo";"08:30:00";"PR";476;357;"UNIAO DA VITORIA";"Acessar a via sem observar a presença dos outros veículos";"Colisão transversal";"Com Vítimas Feridas";"Pleno dia";"Decrescente";"Garoa/Chuvisco";"Simples";"Reta";"Não";3;0;1;0;1;2;1;4;-26,19878612;-51,05402818;"SPRF-PR";"DEL02-PR";"UOP03-DEL02-PR"
764575;2026-04-12;"domingo";"09:40:00";"CE";20;386;"CAUCAIA";"Carga excessiva e/ou mal acondicionada";"Eventos atípicos";"Sem Vítimas";"Pleno dia";"Crescente";"Nublado";"Simples";"Reta";"Não";2;0;0;0;2;0;0;2;-3,87506604;-38,81152153;"SPRF-CE";"DEL01-CE";"UOP01-DEL01-CE"
764576;2026-04-12;"domingo";"09:31:00";"MG";381;627;"OLIVEIRA";"Demais falhas mecânicas ou elétricas";"Incêndio";"Sem Vítimas";"Pleno dia";"Crescente";"Céu Claro";"Dupla";"Reta";"Não";2;0;0;0;1;1;0;2;-20,78996478;-44,78709161;"SPRF-MG";"DEL04-MG";"UOP01-DEL04-MG"
764577;2026-04-12;"domingo";"10:26:00";"PE";101;68;"RECIFE";"Reação tardia ou ineficiente do condutor";"Colisão lateral mesmo sentido";"Sem Vítimas";"Pleno dia";"Decrescente";"Garoa/Chuvisco";"Múltipla";"Reta";"Sim";3;0;0;0;3;0;0;2;-8,04814;-34,94527;"SPRF-PE";"DEL01-PE";"UOP01-DEL01-PE"
764580;2026-04-12;"domingo";"08:40:00";"RJ";101;425;"MANGARATIBA";"Acessar a via sem observar a presença dos outros veículos";"Colisão transversal";"Com Vítimas Feridas";"Pleno dia";"Crescente";"Céu Claro";"Simples";"Retorno Regulamentado";"Não";3;0;0;1;1;1;1;3;-22,935329;-43,9987806;"SPRF-RJ";"DEL03-RJ";"UOP02-DEL03-RJ"
764585;2026-04-12;"domingo";"11:15:00";"GO";153;357;"JARAGUA";"Desrespeitar a preferência no cruzamento";"Colisão transversal";"Com Vítimas Feridas";"Pleno dia";"Crescente";"Sol";"Simples";"Interseção de Vias";"Sim";3;0;1;0;1;1;1;3;-15,73495266;-49,32320444;"SPRF-GO";"DEL02-GO";"UOP02-DEL02-GO"
764591;2026-04-12;"domingo";"02:30:00";"GO";158;200;"CAIAPONIA";"Velocidade Incompatível";"Tombamento";"Com Vítimas Feridas";"Plena Noite";"Crescente";"Céu Claro";"Simples";"Ponte;Curva;Declive";"Não";2;0;1;0;0;1;1;2;-17,310676;-51,8826834;"SPRF-GO";"DEL05-GO";"UOP01-DEL05-GO"
764593;2026-04-12;"domingo";"03:30:00";"PI";316;69,7;"MONSENHOR GIL";"Ausência de reação do condutor";"Saída de leito carroçável";"Com Vítimas Feridas";"Amanhecer";"Decrescente";"Céu Claro";"Simples";"Reta";"Não";1;0;1;0;0;0;1;1;-5,65961472;-42,59100851;"SPRF-PI";"DEL01-PI";"UOP02-DEL01-PI"
764600;2026-04-12;"domingo";"11:20:00";"RJ";116;175,9;"SAO JOAO DE MERITI";"Velocidade Incompatível";"Colisão traseira";"Com Vítimas Feridas";"Pleno dia";"Crescente";"Céu Claro";"Dupla";"Reta";"Sim";3;0;1;0;2;0;1;2;-22,78474792;-43,38032126;"SPRF-RJ";"DEL06-RJ";"UOP01-DEL06-RJ"
764605;2026-04-12;"domingo";"13:45:00";"MG";365;772,5;"ITUIUTABA";"Demais falhas mecânicas ou elétricas";"Incêndio";"Sem Vítimas";"Pleno dia";"Decrescente";"Céu Claro";"Simples";"Aclive;Reta";"Não";3;0;0;0;3;0;0;1;-18,95995115;-49,65120792;"SPRF-MG";"DEL15-MG";"UOP03-DEL15-MG"
764607;2026-04-12;"domingo";"13:10:00";"AL";423;8;"OURO BRANCO";"Acessar a via sem observar a presença dos outros veículos";"Colisão transversal";"Com Vítimas Feridas";"Pleno dia";"Crescente";"Nublado";"Simples";"Reta";"Não";3;0;1;0;1;1;1;3;-9,144512;-37,364051;"SPRF-AL";"DEL03-AL";"UOP02-DEL03-AL"
764608;2026-04-12;"domingo";"13:00:00";"MG";365;94,4;"JEQUITAI";"Velocidade Incompatível";"Tombamento";"Com Vítimas Fatais";"Pleno dia";"Decrescente";"Céu Claro";"Múltipla";"Declive;Curva";"Não";2;1;0;0;0;1;0;2;-17,21214792;-44,44374984;"SPRF-MG";"DEL12-MG";"UOP01-DEL12-MG"
764611;2026-04-12;"domingo";"09:30:00";"PR";476;87,7;"BOCAIUVA DO SUL";"Reação tardia ou ineficiente do condutor";"Colisão lateral sentido oposto";"Com Vítimas Feridas";"Pleno dia";"Crescente";"Sol";"Simples";"Declive;Curva";"Não";4;0;0;2;1;1;2;3;-25,17553405;-49,11311388;"SPRF-PR";"DEL01-PR";"UOP01-DEL01-PR"
764613;2026-04-12;"domingo";"14:30:00";"TO";226;8,7;"PALMEIRAS DO TOCANTINS";"Transitar na contramão";"Colisão transversal";"Com Vítimas Feridas";"Pleno dia";"Crescente";"Sol";"Simples";"Declive;Reta";"Não";4;0;0;1;2;1;1;3;-6,593769;-47,527899;"SPRF-TO";"DEL02-TO";"UOP03-DEL02-TO"
764615;2026-04-12;"domingo";"12:30:00";"RN";304;118;"ITAJA";"Conversão proibida";"Colisão traseira";"Com Vítimas Feridas";"Pleno dia";"Crescente";"Nublado";"Simples";"Reta";"Não";3;0;2;0;1;0;2;2;-5,625788;-36,872653;"SPRF-RN";"DEL04-RN";"UOP01-DEL04-RN"
764619;2026-04-12;"domingo";"14:40:00";"RS";116;252,8;"SAPUCAIA DO SUL";"Acessar a via sem observar a presença dos outros veículos";"Colisão lateral mesmo sentido";"Com Vítimas Feridas";"Pleno dia";"Crescente";"Céu Claro";"Múltipla";"Reta";"Sim";4;0;2;0;1;1;2;3;-29,82340433;-51,17179362;"SPRF-RS";"DEL01-RS";"UOP02-DEL01-RS"
764623;2026-04-12;"domingo";"13:36:00";"AL";101;40;"FLEXEIRAS";"Ausência de reação do condutor";"Tombamento";"Com Vítimas Feridas";"Pleno dia";"Decrescente";"Céu Claro";"Dupla";"Reta";"Não";1;0;1;0;0;0;1;1;-9,20401114;-35,78657851;"SPRF-AL";"DEL01-AL";"UOP02-DEL01-AL"
764625;2026-04-12;"domingo";"16:50:00";"MG";116;124;"ITAOBIM";"Ausência de reação do condutor";"Saída de leito carroçável";"Com Vítimas Feridas";"Pleno dia";"Crescente";"Nublado";"Simples";"Ponte;Reta";"Não";1;0;1;0;0;0;1;1;-16,6352328;-41,5027444;"SPRF-MG";"DEL11-MG";"UOP02-DEL11-MG"
764630;2026-04-12;"domingo";"14:00:00";"RO";364;236,9;"CACOAL";"Ingestão de álcool pelo condutor";"Colisão traseira";"Sem Vítimas";"Pleno dia";"Decrescente";"Nublado";"Simples";"Declive;Reta;Interseção de Vias;Retorno Regulamentado";"Sim";3;0;0;0;2;1;0;3;-11,4439345;-61,44503687;"SPRF-RO";"DEL02-RO";"UOP02-DEL02-RO"
764631;2026-04-12;"domingo";"16:40:00";"CE";116;53,9;"PACAJUS";"Velocidade Incompatível";"Saída de leito carroçável";"Com Vítimas Feridas";"Anoitecer";"Crescente";"Céu Claro";"Dupla";"Curva;Retorno Regulamentado";"Sim";1;0;1;0;0;0;1;1;-4,19718124;-38,47035527;"SPRF-CE";"DEL01-CE";"UOP04-DEL01-CE"
764642;2026-04-12;"domingo";"16:45:00";"SC";282;523,4;"XAXIM";"Desrespeitar a preferência no cruzamento";"Colisão transversal";"Com Vítimas Feridas";"Pleno dia";"Decrescente";"Garoa/Chuvisco";"Simples";"Aclive;Interseção de Vias;Reta";"Não";4;0;2;0;2;0;2;2;-26,96556263;-52,55370176;"SPRF-SC";"DEL07-SC";"UOP01-DEL07-SC"
764651;2026-03-19;"quinta-feira";"12:30:00";"RJ";393;257,2;"BARRA DO PIRAI";"Ausência de reação do condutor";"Colisão lateral sentido oposto";"Com Vítimas Fatais";"Pleno dia";"Crescente";"Nublado";"Simples";"Reta";"Não";5;1;1;0;2;3;1;7;-22,462602;-43,852819;"SPRF-RJ";"DEL05-RJ";"UOP04-DEL05-RJ"
764652;2026-04-12;"domingo";"09:04:00";"MS";262;759;"LADARIO";"Transitar na contramão";"Colisão frontal";"Com Vítimas Feridas";"Pleno dia";"Crescente";"Céu Claro";"Simples";"Reta;Interseção de Vias";"Não";5;0;2;0;1;2;2;3;-19,153563;-57,630386;"SPRF-MS";"DEL03-MS";"UOP03-DEL03-MS"
764661;2026-03-05;"quinta-feira";"01:21:00";"MT";163;1056;"GUARANTA DO NORTE";"Pista esburacada";"Colisão lateral sentido oposto";"Com Vítimas Feridas";"Plena Noite";"Crescente";"Nevoeiro/Neblina";"Simples";"Reta";"Não";3;0;0;1;1;3;1;5;-10,028307;-54,90944;"SPRF-MT";"DEL06-MT";"UOP03-DEL06-MT"
764664;2026-04-12;"domingo";"17:30:00";"BA";242;188;"RAFAEL JAMBEIRO";"Pista esburacada";"Tombamento";"Com Vítimas Feridas";"Pleno dia";"Decrescente";"Céu Claro";"Simples";"Reta";"Não";2;0;1;0;0;2;1;3;-12,57965002;-39,52407584;"SPRF-BA";"DEL02-BA";"UOP02-DEL02-BA"
764670;2026-03-12;"quinta-feira";"13:00:00";"PA";163;30;"NOVO PROGRESSO";"Demais falhas mecânicas ou elétricas";"Incêndio";"Com Vítimas Feridas";"Pleno dia";"Crescente";"Céu Claro";"Simples";"Reta";"Não";2;0;1;0;0;3;1;4;-9,27720222;-54,82679368;"SPRF-MT";"DEL06-MT";"UOP03-DEL06-MT"
764692;2026-04-12;"domingo";"21:25:00";"RN";304;76,9;"MOSSORO";"Transitar na contramão";"Colisão frontal";"Com Vítimas Fatais";"Plena Noite";"Crescente";"Chuva";"Simples";"Reta";"Não";3;1;0;0;1;1;0;3;-5,44989773;-37,18805552;"SPRF-RN";"DEL04-RN";"UOP01-DEL04-RN"
764700;2026-04-12;"domingo";"19:40:00";"BA";116;249;"QUIJINGUE";"Reação tardia ou ineficiente do condutor";"Tombamento";"Com Vítimas Fatais";"Plena Noite";"Decrescente";"Céu Claro";"Simples";"Reta;Declive";"Não";3;1;1;0;0;1;1;3;-10,76447684;-38,89963746;"SPRF-BA";"DEL07-BA";"UOP02-DEL07-BA"
764703;2026-04-12;"domingo";"21:30:00";"RJ";493;80;"JAPERI";"Ausência de reação do condutor";"Atropelamento de Pedestre";"Com Vítimas Feridas";"Plena Noite";"Decrescente";"Céu Claro";"Dupla";"Reta";"Não";4;0;0;1;0;3;1;3;-22,66402966;-43,58470988;"SPRF-RJ";"DEL01-RJ";"UOP03-DEL01-RJ"
764705;2026-04-12;"domingo";"21:20:00";"SC";282;633;"DESCANSO";"Ausência de reação do condutor";"Colisão lateral sentido oposto";"Sem Vítimas";"Plena Noite";"Crescente";"Céu Claro";"Simples";"Reta;Declive";"Não";3;0;0;0;1;3;0;4;-26,82516712;-53,4129989;"SPRF-SC";"DEL07-SC";"UOP03-DEL07-SC"
764712;2026-04-12;"domingo";"18:00:00";"PR";116;202;"RIO NEGRO";"Transitar na contramão";"Colisão frontal";"Com Vítimas Fatais";"Plena Noite";"Decrescente";"Céu Claro";"Simples";"Curva";"Não";5;3;0;0;1;1;0;3;-26,0615673;-49,731095;"SPRF-SC";"DEL06-SC";"UOP01-DEL06-SC"
764717;2026-04-12;"domingo";"23:20:00";"RS";116;259;"CANOAS";"Velocidade Incompatível";"Tombamento";"Sem Vítimas";"Pleno dia";"Decrescente";"Céu Claro";"Simples";"Curva;Em Obras";"Sim";2;0;0;0;1;1;0;2;-29,8709314;-51,17956281;"SPRF-RS";"DEL01-RS";"UOP02-DEL01-RS"
764718;2026-04-12;"domingo";"20:20:00";"MG";116;383;"MATHIAS LOBATO";"Ausência de reação do condutor";"Colisão lateral sentido oposto";"Com Vítimas Feridas";"Plena Noite";"Crescente";"Nublado";"Simples";"Reta";"Não";2;0;0;1;1;0;1;2;-18,633182;-41,947329;"SPRF-MG";"DEL06-MG";"UOP01-DEL06-MG"
764719;2026-04-12;"domingo";"22:00:00";"MT";163;101,4;"RONDONOPOLIS";"Reação tardia ou ineficiente do condutor";"Saída de leito carroçável";"Com Vítimas Feridas";"Plena Noite";"Decrescente";"Nublado";"Dupla";"Reta";"Não";2;0;0;1;0;1;1;2;-16,642758;-54,690995;"SPRF-MT";"DEL02-MT";"UOP03-DEL02-MT"
764722;2026-04-13;"segunda-feira";"00:05:00";"PR";376;624;"SAO JOSE DOS PINHAIS";"Reação tardia ou ineficiente do condutor";"Colisão traseira";"Com Vítimas Feridas";"Plena Noite";"Decrescente";"Céu Claro";"Dupla";"Reta";"Não";3;0;0;1;1;2;1;4;-25,6202392;-49,167749;"SPRF-PR";"DEL01-PR";"UOP04-DEL01-PR"
764724;2026-04-13;"segunda-feira";"01:21:00";"SC";101;97,8;"BALNEARIO PICARRAS";"Estacionar ou parar em local proibido";"Colisão traseira";"Com Vítimas Feridas";"Plena Noite";"Decrescente";"Nublado";"Dupla";"Reta";"Não";3;0;0;1;1;2;1;4;-26,73988659;-48,69846602;"SPRF-SC";"DEL03-SC";"UOP02-DEL03-SC"
764733;2026-04-13;"segunda-feira";"04:10:00";"GO";153;561,8;"PROFESSOR JAMIL";"Reação tardia ou ineficiente do condutor";"Colisão traseira";"Com Vítimas Feridas";"Plena Noite";"Decrescente";"Céu Claro";"Dupla";"Reta";"Não";2;0;1;0;1;0;1;2;-17,222457;-49,22928;"SPRF-GO";"DEL03-GO";"UOP01-DEL03-GO"
764734;2026-04-13;"segunda-feira";"04:50:00";"MG";116;697,8;"MURIAE";"Condutor Dormindo";"Saída de leito carroçável";"Com Vítimas Feridas";"Amanhecer";"Crescente";"Nublado";"Simples";"Curva";"Não";1;0;1;0;0;0;1;1;-21,089;-42,374;"SPRF-MG";"DEL07-MG";"UOP02-DEL07-MG"
764735;2026-04-13;"segunda-feira";"05:50:00";"TO";153;672;"GURUPI";"Condutor Dormindo";"Saída de leito carroçável";"Com Vítimas Feridas";"Amanhecer";"Crescente";"Céu Claro";"Dupla";"Reta";"Sim";2;0;1;0;0;1;1;2;-11,7202362;-49,07715941;"SPRF-TO";"DEL01-TO";"UOP02-DEL01-TO"
764740;2026-04-13;"segunda-feira";"04:00:00";"MG";153;31;"CENTRALINA";"Condutor Dormindo";"Saída de leito carroçável";"Com Vítimas Feridas";"Plena Noite";"Decrescente";"Céu Claro";"Dupla";"Aclive;Reta";"Não";2;0;1;0;0;1;1;2;-18,64859594;-49,17392224;"SPRF-MG";"DEL15-MG";"UOP03-DEL15-MG"
764746;2026-04-12;"domingo";"16:20:00";"MG";40;474,2;"SETE LAGOAS";"Carga excessiva e/ou mal acondicionada";"Tombamento";"Sem Vítimas";"Pleno dia";"Crescente";"Céu Claro";"Dupla";"Curva";"Não";1;0;0;0;1;0;0;1;-19,49912018;-44,27984532;"SPRF-MG";"DEL02-MG";"UOP01-DEL02-MG"