"id";"data_inversa";"dia_semana";"horario";"uf";"br";"km";"municipio";"causa_acidente";"tipo_acidente";"classificacao_acidente";"fase_dia";"sentido_via";"condicao_metereologica";"tipo_pista";"tracado_via";"uso_solo";"pessoas";"mortos";"feridos_leves";"feridos_graves";"ilesos";"ignorados";"feridos";"veiculos";"latitude";"longitude";"regional";"delegacia";"uop"
765019;2026-04-14;"terça-feira";"14:40:00";"TO";153;146;"ARAGUAINA";"Acessar a via sem observar a presença dos outros veículos";"Colisão transversal";"Com Vítimas Feridas";"Pleno dia";"Crescente";"Céu Claro";"Dupla";"Reta;Rotatória";"Sim";2;0;1;0;1;0;1;2;-7,219965;-48,248329;"SPRF-TO";"DEL02-TO";"UOP01-DEL02-TO"
765022;2026-04-10;"sexta-feira";"15:20:00";"PR";0;0;"APUCARANA";"Carga excessiva e/ou mal acondicionada";"Colisão com objeto";"Sem Vítimas";"Pleno dia";"Não Informado";"Céu Claro";"Dupla";"Reta";"Não";1;0;0;0;1;0;0;1;-23,47517397;-51,5817976;"SPRF-PR";"DEL09-PR";"UOP01-DEL09-PR"
765024;2026-04-14;"terça-feira";"14:20:00";"RS";290;19;"SANTO ANTONIO DA PATRULHA";"Reação tardia ou ineficiente do condutor";"Colisão lateral mesmo sentido";"Com Vítimas Feridas";"Pleno dia";"Crescente";"Nublado";"Dupla";"Reta";"Não";3;0;1;0;1;1;1;3;-29,884784;-50,445694;"SPRF-RS";"DEL03-RS";"UOP01-DEL03-RS"
765028;2026-04-14;"terça-feira";"14:50:00";"MS";163;546;"BANDEIRANTES";"Condutor Dormindo";"Colisão lateral sentido oposto";"Com Vítimas Feridas";"Pleno dia";"Decrescente";"Céu Claro";"Simples";"Reta";"Não";3;0;1;0;1;2;1;4;-19,932167;-54,367043;"SPRF-MS";"DEL01-MS";"UOP02-DEL01-MS"
765031;2026-04-14;"terça-feira";"15:50:00";"SC";101;47,9;"JOINVILLE";"Ausência de reação do condutor";"Colisão traseira";"Com Vítimas Fatais";"Pleno dia";"Decrescente";"Céu Claro";"Dupla";"Declive;Curva";"Sim";3;1;1;0;0;1;1;3;-26,37467935;-48,85534136;"SPRF-SC";"DEL03-SC";"UOP01-DEL03-SC"
765034;2026-04-14;"terça-feira";"13:00:00";"SC";282;41,9;"AGUAS MORNAS";"Mal súbito do condutor";"Colisão frontal";"Com Vítimas Feridas";"Pleno dia";"Crescente";"Céu Claro";"Simples";"Curva";"Sim";2;0;1;1;0;0;2;2;-27,720595;-48,88667;"SPRF-SC";"DEL01-SC";"UOP03-DEL01-SC"
765035;2026-04-14;"terça-feira";"13:45:00";"PI";316;40,5;"LAGOA DO PIAUI";"Manobra de mudança de faixa";"Colisão lateral sentido oposto";"Com Vítimas Feridas";"Pleno dia";"Decrescente";"Nublado";"Simples";"Curva";"Sim";3;0;1;0;1;1;1;3;-5,4143523;-42,6427386;"SPRF-PI";"DEL01-PI";"UOP02-DEL01-PI"
765038;2026-04-14;"terça-feira";"12:00:00";"SC";470;190;"POUSO REDONDO";"Velocidade Incompatível";"Tombamento";"Com Vítimas Fatais";"Pleno dia";"Decrescente";"Sol";"Simples";"Curva";"Não";2;1;0;0;0;1;0;2;-27,28346791;-50,07104874;"SPRF-SC";"DEL04-SC";"UOP02-DEL04-SC"
765041;2026-04-14;"terça-feira";"16:10:00";"DF";40;8;"BRASILIA";"Manobra de mudança de faixa";"Colisão lateral mesmo sentido";"Com Vítimas Feridas";"Pleno dia";"Crescente";"Céu Claro";"Dupla";"Reta";"Sim";4;0;1;0;2;1;1;3;-16,046228;-47,980878;"SPRF-DF";"DEL01-DF";"UOP01-DEL01-DF"
765042;2026-04-14;"terça-feira";"15:20:00";"MS";163;546;"BANDEIRANTES";"Acostamento em desnível";"Tombamento";"Com Vítimas Feridas";"Pleno dia";"Crescente";"Céu Claro";"Simples";"Reta";"Não";2;0;1;0;0;1;1;2;-19,932167;-54,367043;"SPRF-MS";"DEL01-MS";"UOP02-DEL01-MS"
765046;2026-04-14;"terça-feira";"10:00:00";"PB";230;31,5;"BAYEUX";"Reação tardia ou ineficiente do condutor";"Colisão lateral mesmo sentido";"Com Vítimas Feridas";"Pleno dia";"Decrescente";"Céu Claro";"Dupla";"Reta";"Sim";3;0;1;0;1;1;1;3;-7,1420089;-34,92046148;"SPRF-PB";"DEL01-PB";"UOP01-DEL01-PB"
765048;2026-04-06;"segunda-feira";"15:00:00";"SC";282;115,6;"ALFREDO WAGNER";"Mal súbito do condutor";"Colisão transversal";"Com Vítimas Feridas";"Pleno dia";"Crescente";"Chuva";"Simples";"Curva";"Não";5;0;1;3;0;1;4;3;-27,760715;-49,397155;"SPRF-SC";"DEL01-SC";"UOP03-DEL01-SC"
765049;2026-04-14;"terça-feira";"15:30:00";"MG";116;508,7;"UBAPORANGA";"Ausência de reação do condutor";"Colisão traseira";"Com Vítimas Feridas";"Pleno dia";"Crescente";"Nublado";"Simples";"Reta;Declive";"Sim";3;0;1;0;1;1;1;2;-19,63726237;-42,10619688;"SPRF-MG";"DEL06-MG";"UOP02-DEL06-MG"
765051;2026-04-14;"terça-feira";"17:25:00";"SC";280;24,1;"ARAQUARI";"Acesso irregular";"Colisão traseira";"Com Vítimas Feridas";"Anoitecer";"Crescente";"Nublado";"Simples";"Reta";"Sim";3;0;0;1;1;1;1;3;-26,37839479;-48,72096419;"SPRF-SC";"DEL03-SC";"UOP03-DEL03-SC"
765057;2026-04-06;"segunda-feira";"00:01:00";"PB";230;158,2;"CAMPINA GRANDE";"Suicídio (presumido)";"Atropelamento de Pedestre";"Com Vítimas Fatais";"Plena Noite";"Crescente";"Garoa/Chuvisco";"Simples";"Reta";"Sim";2;1;0;0;0;1;0;2;-7,256553;-35,928312;"SPRF-PB";"DEL02-PB";"UOP01-DEL02-PB"
765064;2026-04-14;"terça-feira";"17:40:00";"GO";40;24,1;"LUZIANIA";"Acessar a via sem observar a presença dos outros veículos";"Colisão lateral mesmo sentido";"Com Vítimas Feridas";"Anoitecer";"Crescente";"Céu Claro";"Simples";"Reta";"Sim";3;0;2;0;1;0;2;2;-16,251488;-47,90127;"SPRF-DF";"DEL01-DF";"UOP01-DEL01-DF"
765065;2026-03-18;"quarta-feira";"00:10:00";"PR";116;108;"CURITIBA";"Transitar na contramão";"Colisão frontal";"Com Vítimas Feridas";"Plena Noite";"Crescente";"Céu Claro";"Dupla";"Reta";"Não";2;0;1;0;1;0;1;2;-25,561783;-49,260793;"SPRF-PR";"DEL01-PR";"UOP03-DEL01-PR"
765067;2026-04-14;"terça-feira";"18:15:00";"ES";101;94,1;"JAGUARE";"Pedestre cruzava a pista fora da faixa";"Atropelamento de Pedestre";"Com Vítimas Fatais";"Anoitecer";"Decrescente";"Céu Claro";"Simples";"Interseção de Vias";"Sim";4;1;0;0;2;1;0;4;-18,93291801;-39,97238159;"SPRF-ES";"DEL04-ES";"UOP02-DEL04-ES"
765071;2026-04-14;"terça-feira";"16:30:00";"PR";163;330;"GUAIRA";"Problema com o freio";"Incêndio";"Sem Vítimas";"Pleno dia";"Crescente";"Céu Claro";"Simples";"Reta";"Não";2;0;0;0;1;3;0;4;-24,21534398;-54,19967651;"SPRF-PR";"DEL06-PR";"UOP01-DEL06-PR"
765072;2026-04-14;"terça-feira";"17:30:00";"MG";40;487,3;"SETE LAGOAS";"Transitar no Acostamento";"Colisão traseira";"Com Vítimas Feridas";"Anoitecer";"Decrescente";"Céu Claro";"Dupla";"Reta";"Não";3;0;0;1;1;1;1;3;-19,5917;-44,2267;"SPRF-MG";"DEL02-MG";"UOP01-DEL02-MG"
765080;2026-04-14;"terça-feira";"17:15:00";"MT";163;842;"SINOP";"Ausência de reação do condutor";"Colisão traseira";"Com Vítimas Feridas";"Anoitecer";"Decrescente";"Céu Claro";"Simples";"Reta";"Sim";3;0;1;0;1;1;1;3;-11,80236164;-55,47991633;"SPRF-MT";"DEL06-MT";"UOP02-DEL06-MT"
765083;2026-04-14;"terça-feira";"19:50:00";"SC";282;522,4;"XAXIM";"Ingestão de substâncias psicoativas pelo condutor";"Colisão transversal";"Com Vítimas Feridas";"Plena Noite";"Crescente";"Céu Claro";"Dupla";"Rotatória;Interseção de Vias";"Sim";3;0;1;0;1;2;1;4;-26,9489509;-52,5301233;"SPRF-SC";"DEL07-SC";"UOP01-DEL07-SC"
765086;2026-04-14;"terça-feira";"19:45:00";"RS";158;566,2;"SANTANA DO LIVRAMENTO";"Ausência de reação do condutor";"Colisão frontal";"Com Vítimas Feridas";"Plena Noite";"Crescente";"Nublado";"Simples";"Reta";"Sim";2;0;1;0;1;0;1;2;-30,87975482;-55,50968735;"SPRF-RS";"DEL11-RS";"UOP01-DEL11-RS"
765087;2026-04-14;"terça-feira";"18:00:00";"MG";365;257,8;"SAO GONCALO DO ABAETE";"Demais falhas mecânicas ou elétricas";"Incêndio";"Sem Vítimas";"Plena Noite";"Crescente";"Céu Claro";"Simples";"Reta";"Não";2;0;0;0;1;1;0;2;-17,859266;-45,504974;"SPRF-MG";"DEL10-MG";"UOP02-DEL010-MG"
765090;2026-04-14;"terça-feira";"18:45:00";"PR";153;396;"MALLET";"Reação tardia ou ineficiente do condutor";"Colisão transversal";"Com Vítimas Feridas";"Anoitecer";"Crescente";"Céu Claro";"Simples";"Reta;Declive";"Não";4;0;1;1;1;2;2;4;-25,938057;-50,857835;"SPRF-PR";"DEL08-PR";"UOP02-DEL08-PR"
765096;2026-04-14;"terça-feira";"20:30:00";"MG";153;175;"COMENDADOR GOMES";"Acessar a via sem observar a presença dos outros veículos";"Colisão transversal";"Sem Vítimas";"Plena Noite";"Decrescente";"Nublado";"Simples";"Reta";"Não";3;0;0;0;2;1;0;3;-19,75050768;-48,96906853;"SPRF-MG";"DEL13-MG";"UOP02-DEL13-MG"
765098;2026-04-14;"terça-feira";"20:30:00";"MS";262;563;"MIRANDA";"Velocidade Incompatível";"Atropelamento de Animal";"Com Vítimas Feridas";"Plena Noite";"Crescente";"Céu Claro";"Simples";"Reta";"Não";4;0;1;0;2;1;1;3;-20,21134;-56,42014;"SPRF-MS";"DEL03-MS";"UOP02-DEL03-MS"
765100;2026-04-14;"terça-feira";"17:20:00";"PR";277;22;"MORRETES";"Ausência de reação do condutor";"Colisão traseira";"Com Vítimas Feridas";"Pleno dia";"Crescente";"Céu Claro";"Dupla";"Reta";"Não";4;0;2;0;1;1;2;3;-25,528711;-48,733853;"SPRF-PR";"DEL01-PR";"UOP05-DEL01-PR"
765101;2026-04-14;"terça-feira";"21:37:00";"RS";386;333,1;"MARQUES DE SOUZA";"Ingestão de álcool pelo condutor";"Tombamento";"Com Vítimas Feridas";"Plena Noite";"Crescente";"Nublado";"Dupla";"Curva";"Não";2;0;1;0;0;2;1;3;-29,38788612;-52,04755481;"SPRF-RS";"DEL04-RS";"UOP01-DEL04-RS"
765103;2026-04-14;"terça-feira";"19:40:00";"BA";116;546;"MILAGRES";"Problema com o freio";"Colisão lateral sentido oposto";"Com Vítimas Feridas";"Plena Noite";"Decrescente";"Céu Claro";"Simples";"Reta";"Sim";9;0;1;1;6;5;2;11;-12,87996;-39,85833;"SPRF-BA";"DEL03-BA";"UOP02-DEL03-BA"
765105;2026-04-14;"terça-feira";"19:40:00";"MT";364;554;"NOBRES";"Ausência de reação do condutor";"Colisão traseira";"Com Vítimas Feridas";"Plena Noite";"Decrescente";"Céu Claro";"Dupla";"Reta";"Não";3;0;0;1;2;0;1;2;-14,7603483;-56,3438367;"SPRF-MT";"DEL01-MT";"UOP01-DEL01-MT"
765111;2026-04-14;"terça-feira";"23:00:00";"PR";277;121;"CAMPO LARGO";"Manobra de mudança de faixa";"Colisão traseira";"Com Vítimas Feridas";"Plena Noite";"Decrescente";"Céu Claro";"Dupla";"Reta";"Não";4;0;0;2;1;1;2;3;-25,44547;-49,49557;"SPRF-PR";"DEL01-PR";"UOP07-DEL01-PR"
765112;2026-04-14;"terça-feira";"22:20:00";"MS";60;413;"SIDROLANDIA";"Ausência de reação do condutor";"Saída de leito carroçável";"Com Vítimas Feridas";"Plena Noite";"Crescente";"Céu Claro";"Simples";"Reta;Declive";"Não";3;0;1;0;1;1;1;2;-20,894682;-54,862779;"SPRF-MS";"DEL01-MS";"UOP04-DEL01-MS"
765115;2026-04-14;"terça-feira";"21:50:00";"SP";116;346;"MIRACATU";"Demais falhas mecânicas ou elétricas";"Incêndio";"Sem Vítimas";"Plena Noite";"Decrescente";"Céu Claro";"Múltipla";"Reta";"Não";2;0;0;0;1;1;0;2;-24,0416575;-47,1927413;"SPRF-SP";"DEL04-SP";"UOP03-DEL04-SP"
765116;2026-04-14;"terça-feira";"23:20:00";"PR";277;41;"MORRETES";"Condutor Dormindo";"Colisão traseira";"Com Vítimas Feridas";"Plena Noite";"Decrescente";"Nublado";"Dupla";"Declive;Curva";"Não";6;0;3;0;2;2;3;4;-25,58039494;-48,875031;"SPRF-PR";"DEL01-PR";"UOP05-DEL01-PR"
765117;2026-04-14;"terça-feira";"20:40:00";"PI";343;640;"JERUMENHA";"Reação tardia ou ineficiente do condutor";"Colisão traseira";"Com Vítimas Feridas";"Plena Noite";"Crescente";"Nublado";"Simples";"Reta";"Não";2;0;2;0;0;0;2;2;-7,025379;-43,378029;"SPRF-PI";"DEL03-PI";"UOP01-DEL03-PI"
765121;2026-04-15;"quarta-feira";"00:07:00";"GO";70;190;"ITABERAI";"Ingestão de álcool pelo condutor";"Colisão transversal";"Com Vítimas Fatais";"Plena Noite";"Decrescente";"Céu Claro";"Simples";"Reta";"Sim";3;1;0;0;1;2;0;4;-16,031862;-49,781647;"SPRF-GO";"DEL02-GO";"UOP02-DEL02-GO"
765124;2026-04-14;"terça-feira";"19:30:00";"RJ";101;321,7;"NITEROI";"Ausência de reação do condutor";"Colisão traseira";"Com Vítimas Fatais";"Plena Noite";"Crescente";"Céu Claro";"Múltipla";"Reta";"Não";2;1;0;0;1;0;0;2;-22,873983;-43,110243;"SPRF-RJ";"DEL02-RJ";"UOP01-DEL02-RJ"
765127;2026-04-14;"terça-feira";"18:26:00";"PI";316;320;"PICOS";"Conversão proibida";"Colisão transversal";"Com Vítimas Feridas";"Plena Noite";"Crescente";"Céu Claro";"Simples";"Reta";"Sim";4;0;0;2;1;1;2;3;-7,093187;-41,386813;"SPRF-PI";"DEL04-PI";"UOP01-DEL04-PI"
765130;2026-04-15;"quarta-feira";"03:00:00";"RJ";101;83,9;"CAMPOS DOS GOYTACAZES";"Reação tardia ou ineficiente do condutor";"Saída de leito carroçável";"Sem Vítimas";"Plena Noite";"Decrescente";"Céu Claro";"Simples";"Aclive;Curva";"Não";2;0;0;0;1;1;0;2;-21,821471;-41,46696;"SPRF-RJ";"DEL08-RJ";"UOP02-DEL08-RJ"
765132;2026-04-15;"quarta-feira";"01:30:00";"PI";407;430;"GEMINIANO";"Carga excessiva e/ou mal acondicionada";"Tombamento";"Com Vítimas Feridas";"Plena Noite";"Decrescente";"Nublado";"Simples";"Reta";"Não";1;0;0;1;0;0;1;1;-7,129973;-41,389678;"SPRF-PI";"DEL04-PI";"UOP01-DEL04-PI"
765139;2026-04-15;"quarta-feira";"03:45:00";"MA";316;250,4;"BOM JARDIM";"Manobra de mudança de faixa";"Colisão lateral mesmo sentido";"Com Vítimas Feridas";"Plena Noite";"Decrescente";"Céu Claro";"Simples";"Reta";"Não";3;0;0;1;0;2;1;3;-3,655871;-45,472981;"SPRF-MA";"DEL02-MA";"UOP01-DEL02-MA"
765142;2026-04-14;"terça-feira";"23:30:00";"RJ";116;97,9;"GUAPIMIRIM";"Velocidade Incompatível";"Saída de leito carroçável";"Com Vítimas Feridas";"Plena Noite";"Crescente";"Nublado";"Simples";"Curva;Declive";"Não";2;0;2;0;0;0;2;1;-22,45925455;-42,96045017;"SPRF-RJ";"DEL04-RJ";"UOP01-DEL04-RJ"
765143;2026-04-15;"quarta-feira";"04:45:00";"MG";262;426,9;"NOVA SERRANA";"Velocidade Incompatível";"Saída de leito carroçável";"Com Vítimas Fatais";"Plena Noite";"Decrescente";"Céu Claro";"Dupla";"Curva;Declive";"Não";2;1;0;0;0;1;0;2;-19,8931817;-44,8771367;"SPRF-MG";"DEL08-MG";"UOP03-DEL08-MG"
765144;2026-04-14;"terça-feira";"14:00:00";"MG";365;752;"ITUIUTABA";"Reação tardia ou ineficiente do condutor";"Colisão traseira";"Com Vítimas Feridas";"Pleno dia";"Crescente";"Céu Claro";"Simples";"Reta;Em Obras;Declive";"Não";4;0;1;0;2;1;1;3;-18,953499;-49,466327;"SPRF-MG";"DEL15-MG";"UOP03-DEL15-MG"
765145;2026-04-15;"quarta-feira";"06:29:00";"ES";101;296;"CARIACICA";"Ausência de reação do condutor";"Colisão traseira";"Com Vítimas Feridas";"Pleno dia";"Decrescente";"Céu Claro";"Dupla";"Reta;Viaduto";"Sim";3;0;0;1;1;1;1;3;-20,343;-40,407312;"SPRF-ES";"DEL01-ES";"UOP01-DEL01-ES"
765148;2026-04-15;"quarta-feira";"04:30:00";"PE";424;22;"PEDRA";"Pedestre andava na pista";"Atropelamento de Pedestre";"Com Vítimas Fatais";"Plena Noite";"Decrescente";"Nevoeiro/Neblina";"Simples";"Reta";"Não";2;1;0;0;1;0;0;2;-8,525316;-36,920097;"SPRF-PE";"DEL04-PE";"UOP02-DEL04-PE"
765151;2026-04-15;"quarta-feira";"07:13:00";"PE";101;73,5;"RECIFE";"Reação tardia ou ineficiente do condutor";"Colisão transversal";"Com Vítimas Feridas";"Pleno dia";"Decrescente";"Céu Claro";"Dupla";"Interseção de Vias";"Sim";2;0;0;1;1;0;1;2;-8,0992;-34,95001;"SPRF-PE";"DEL01-PE";"UOP01-DEL01-PE"
765153;2026-04-15;"quarta-feira";"07:00:00";"RJ";101;190;"CASIMIRO DE ABREU";"Ausência de reação do condutor";"Tombamento";"Sem Vítimas";"Pleno dia";"Crescente";"Céu Claro";"Simples";"Aclive;Rotatória";"Não";1;0;0;0;1;0;0;1;-22,46413;-42,07135;"SPRF-RJ";"DEL08-RJ";"UOP04-DEL08-RJ"
765154;2026-04-15;"quarta-feira";"06:40:00";"BA";324;611;"SIMOES FILHO";"Manobra de mudança de faixa";"Colisão lateral mesmo sentido";"Com Vítimas Feridas";"Pleno dia";"Decrescente";"Céu Claro";"Dupla";"Reta";"Não";2;0;0;1;1;0;1;2;-12,84366293;-38,41590071;"SPRF-BA";"DEL01-BA";"UOP01-DEL01-BA"
765155;2026-04-15;"quarta-feira";"06:40:00";"TO";226;18;"PALMEIRAS DO TOCANTINS";"Avarias e/ou desgaste excessivo no pneu";"Colisão frontal";"Com Vítimas Fatais";"Pleno dia";"Decrescente";"Céu Claro";"Simples";"Reta;Declive";"Não";4;2;0;0;1;2;0;4;-6,65322247;-47,70674452;"SPRF-TO";"DEL02-TO";"UOP03-DEL02-TO"
765159;2026-03-12;"quinta-feira";"02:58:00";"MG";365;593;"ARAGUARI";"Demais falhas mecânicas ou elétricas";"Incêndio";"Sem Vítimas";"Plena Noite";"Decrescente";"Céu Claro";"Simples";"Aclive";"Não";2;0;0;0;1;1;0;2;-18,88259469;-48,04415703;"SPRF-MG";"DEL15-MG";"UOP02-DEL15-MG"
765160;2026-04-15;"quarta-feira";"06:30:00";"PR";163;203;"CASCAVEL";"Condutor Dormindo";"Colisão traseira";"Com Vítimas Feridas";"Amanhecer";"Crescente";"Céu Claro";"Dupla";"Aclive";"Não";3;0;1;0;1;3;1;5;-24,97364864;-53,55347872;"SPRF-PR";"DEL05-PR";"UOP05-DEL05-PR"
765169;2026-04-15;"quarta-feira";"07:20:00";"CE";222;37,8;"CAUCAIA";"Condutor Dormindo";"Colisão lateral sentido oposto";"Com Vítimas Feridas";"Pleno dia";"Decrescente";"Céu Claro";"Simples";"Reta";"Não";2;0;0;1;1;0;1;2;-3,69175663;-38,89136553;"SPRF-CE";"DEL01-CE";"UOP01-DEL01-CE"
765172;2026-04-15;"quarta-feira";"07:00:00";"CE";222;202;"FORQUILHA";"Velocidade Incompatível";"Tombamento";"Sem Vítimas";"Pleno dia";"Crescente";"Céu Claro";"Simples";"Curva";"Não";2;0;0;0;1;1;0;2;-3,794336;-40,218335;"SPRF-CE";"DEL04-CE";"UOP01-DEL04-CE"
765173;2026-04-14;"terça-feira";"18:30:00";"BA";242;681;"MUQUEM DE SAO FRANCISCO";"Estacionar ou parar em local proibido";"Colisão traseira";"Com Vítimas Feridas";"Plena Noite";"Decrescente";"Céu Claro";"Simples";"Reta";"Não";5;0;3;0;1;1;3;3;-12,219278;-43,81836;"SPRF-BA";"DEL10-BA";"UOP01-DEL10-BA"
765174;2026-04-15;"quarta-feira";"06:35:00";"AL";101;122,2;"SAO MIGUEL DOS CAMPOS";"Transitar na contramão";"Colisão frontal";"Com Vítimas Fatais";"Pleno dia";"Crescente";"Nublado";"Simples";"Em Obras;Declive;Curva";"Não";2;1;1;0;0;0;1;2;-9,699716;-36,032175;"SPRF-AL";"DEL02-AL";"UOP01-DEL02-AL"
765183;2026-04-15;"quarta-feira";"07:30:00";"TO";153;314;"GUARAI";"Reação tardia ou ineficiente do condutor";"Saída de leito carroçável";"Com Vítimas Feridas";"Pleno dia";"Decrescente";"Garoa/Chuvisco";"Simples";"Aclive;Reta";"Não";2;0;1;0;0;1;1;2;-8,66031;-48,495773;"SPRF-TO";"DEL02-TO";"UOP02-DEL02-TO"
765184;2026-04-07;"terça-feira";"18:30:00";"MG";50;53;"ARAGUARI";"Objeto estático sobre o leito carroçável";"Colisão traseira";"Com Vítimas Feridas";"Anoitecer";"Crescente";"Garoa/Chuvisco";"Dupla";"Declive";"Não";3;0;1;0;2;0;1;3;-18,76836122;-48,24525531;"SPRF-MG";"DEL15-MG";"UOP02-DEL15-MG"
765188;2026-04-15;"quarta-feira";"05:00:00";"MG";381;718,9;"CARMO DA CACHOEIRA";"Demais falhas mecânicas ou elétricas";"Incêndio";"Sem Vítimas";"Pleno dia";"Crescente";"Céu Claro";"Dupla";"Reta";"Não";2;0;0;0;1;1;0;2;-21,37912514;-45,19456101;"SPRF-MG";"DEL04-MG";"UOP02-DEL04-MG"
765192;2026-04-15;"quarta-feira";"04:20:00";"MG";381;434;"SABARA";"Demais falhas mecânicas ou elétricas";"Incêndio";"Sem Vítimas";"Plena Noite";"Crescente";"Nublado";"Simples";"Reta";"Não";2;0;0;0;1;3;0;4;-19,80937476;-43,77050502;"SPRF-MG";"DEL01-MG";"UOP01-DEL01-MG"
765196;2026-04-15;"quarta-feira";"01:30:00";"MA";230;98,4;"SAO JOAO DOS PATOS";"Demais falhas mecânicas ou elétricas";"Saída de leito carroçável";"Com Vítimas Feridas";"Plena Noite";"Decrescente";"Nublado";"Simples";"Curva";"Não";2;0;0;1;0;1;1;2;-6,496937;-43,75378;"SPRF-PI";"DEL03-PI";"UOP01-DEL03-PI"
765199;2026-04-15;"quarta-feira";"09:30:00";"PR";116;27;"CAMPINA GRANDE DO SUL";"Ausência de reação do condutor";"Saída de leito carroçável";"Com Vítimas Feridas";"Pleno dia";"Decrescente";"Sol";"Dupla";"Reta";"Não";2;0;1;0;0;1;1;2;-25,110063;-48,796162;"SPRF-PR";"DEL01-PR";"UOP02-DEL01-PR"
765204;2026-04-15;"quarta-feira";"09:55:00";"MG";251;472,7;"FRANCISCO SA";"Manobra de mudança de faixa";"Colisão lateral sentido oposto";"Com Vítimas Feridas";"Pleno dia";"Crescente";"Céu Claro";"Simples";"Declive;Curva";"Não";5;0;2;2;0;2;4;6;-16,468768;-43,427067;"SPRF-MG";"DEL12-MG";"UOP01-DEL12-MG"
765205;2026-04-15;"quarta-feira";"10:37:00";"MG";153;27;"CENTRALINA";"Ausência de reação do condutor";"Colisão frontal";"Com Vítimas Fatais";"Pleno dia";"Crescente";"Céu Claro";"Dupla";"Reta";"Não";3;2;0;0;0;2;0;4;-18,659531;-49,167645;"SPRF-MG";"DEL15-MG";"UOP03-DEL15-MG"
765212;2026-04-15;"quarta-feira";"10:45:00";"PR";116;22;"ANTONINA";"Condutor deixou de manter distância do veículo da frente";"Colisão traseira";"Com Vítimas Feridas";"Pleno dia";"Decrescente";"Sol";"Dupla";"Reta";"Não";3;0;0;1;1;2;1;4;-25,111166;-48,752751;"SPRF-PR";"DEL01-PR";"UOP02-DEL01-PR"
765215;2026-04-15;"quarta-feira";"11:30:00";"PR";467;109,9;"CASCAVEL";"Desrespeitar a preferência no cruzamento";"Colisão transversal";"Com Vítimas Feridas";"Pleno dia";"Decrescente";"Céu Claro";"Múltipla";"Retorno Regulamentado;Reta";"Sim";2;0;1;0;1;0;1;2;-24,927736;-53,455728;"SPRF-PR";"DEL04-PR";"UOP01-DEL04-PR"
765217;2026-04-15;"quarta-feira";"10:00:00";"GO";70;340;"SANTA FE DE GOIAS";"Ausência de reação do condutor";"Tombamento";"Com Vítimas Feridas";"Pleno dia";"Crescente";"Céu Claro";"Dupla";"Retorno Regulamentado";"Não";1;0;1;0;0;0;1;1;-15,88448254;-51,06787252;"SPRF-GO";"DEL04-GO";"UOP02-DEL04-GO"
765218;2026-04-15;"quarta-feira";"10:24:00";"SP";116;206,9;"GUARULHOS";"Reação tardia ou ineficiente do condutor";"Colisão lateral mesmo sentido";"Sem Vítimas";"Pleno dia";"Crescente";"Céu Claro";"Dupla";"Reta";"Sim";4;0;0;0;3;1;0;4;-23,41910121;-46,38356972;"SPRF-SP";"DEL01-SP";"UOP01-DEL01-SP"
765221;2026-04-15;"quarta-feira";"12:17:00";"ES";101;177;"LINHARES";"Acessar a via sem observar a presença dos outros veículos";"Colisão transversal";"Com Vítimas Feridas";"Pleno dia";"Crescente";"Céu Claro";"Simples";"Reta";"Sim";3;0;0;2;1;0;2;2;-19,50854603;-40,13601566;"SPRF-ES";"DEL04-ES";"UOP01-DEL04-ES"
765222;2026-04-15;"quarta-feira";"12:38:00";"MG";381;439;"SANTA LUZIA";"Condutor Dormindo";"Colisão frontal";"Com Vítimas Fatais";"Pleno dia";"Decrescente";"Céu Claro";"Simples";"Reta";"Não";4;1;0;1;2;0;1;2;-19,81545;-43,80843;"SPRF-MG";"DEL01-MG";"UOP01-DEL01-MG"
765223;2026-04-15;"quarta-feira";"11:30:00";"RO";364;705;"PORTO VELHO";"Condutor deixou de manter distância do veículo da frente";"Colisão traseira";"Com Vítimas Feridas";"Pleno dia";"Decrescente";"Céu Claro";"Dupla";"Reta;Declive";"Não";3;0;1;0;1;1;1;3;-8,80046633;-63,81428191;"SPRF-RO";"DEL01-RO";"UOP01-DEL01-RO"
765226;2026-04-15;"quarta-feira";"12:52:00";"TO";242;373;"GURUPI";"Demais falhas mecânicas ou elétricas";"Incêndio";"Sem Vítimas";"Pleno dia";"Crescente";"Sol";"Simples";"Aclive;Reta";"Não";1;0;0;0;1;0;0;1;-11,7552192;-48,997854;"SPRF-TO";"DEL01-TO";"UOP02-DEL01-TO"
765229;2026-04-15;"quarta-feira";"10:15:00";"BA";242;169;"RAFAEL JAMBEIRO";"Transitar na contramão";"Colisão frontal";"Com Vítimas Fatais";"Pleno dia";"Decrescente";"Sol";"Simples";"Reta";"Não";5;2;1;1;0;2;2;4;-12,482125;-39,756294;"SPRF-BA";"DEL02-BA";"UOP02-DEL02-BA"
765235;2026-04-15;"quarta-feira";"12:55:00";"GO";153;291;"RIALMA";"Reação tardia ou ineficiente do condutor";"Colisão lateral mesmo sentido";"Com Vítimas Feridas";"Pleno dia";"Crescente";"Sol";"Simples";"Reta;Declive";"Não";4;0;2;0;1;1;2;3;-15,237155;-49,555967;"SPRF-GO";"DEL02-GO";"UOP02-DEL02-GO"
765239;2026-04-15;"quarta-feira";"14:20:00";"RJ";101;65,5;"CAMPOS DOS GOYTACAZES";"Reação tardia ou ineficiente do condutor";"Colisão lateral mesmo sentido";"Com Vítimas Feridas";"Pleno dia";"Decrescente";"Céu Claro";"Dupla";"Reta";"Sim";2;0;1;0;1;0;1;2;-21,7580574;-41,3482428;"SPRF-RJ";"DEL08-RJ";"UOP02-DEL08-RJ"