"id";"data_inversa";"dia_semana";"horario";"uf";"br";"km";"municipio";"causa_acidente";"tipo_acidente";"classificacao_acidente";"fase_dia";"sentido_via";"condicao_metereologica";"tipo_pista";"tracado_via";"uso_solo";"pessoas";"mortos";"feridos_leves";"feridos_graves";"ilesos";"ignorados";"feridos";"veiculos";"latitude";"longitude";"regional";"delegacia";"uop"
766894;2026-04-23;"quinta-feira";"07:40:00";"MG";153;225,7;"FRONTEIRA";"Condutor Dormindo";"Tombamento";"Com Vítimas Feridas";"Pleno dia";"Decrescente";"Céu Claro";"Dupla";"Reta";"Não";2;0;1;0;0;1;1;2;-20,147163;-49,110893;"SPRF-MG";"DEL13-MG";"UOP02-DEL13-MG"
766896;2026-04-23;"quinta-feira";"06:30:00";"SC";101;9;"GARUVA";"Carga excessiva e/ou mal acondicionada";"Colisão traseira";"Com Vítimas Feridas";"Pleno dia";"Decrescente";"Céu Claro";"Dupla";"Reta";"Não";6;0;0;1;3;2;1;4;-26,05899788;-48,85967128;"SPRF-SC";"DEL03-SC";"UOP01-DEL03-SC"
766897;2026-04-23;"quinta-feira";"07:25:00";"PR";376;420;"TIBAGI";"Reação tardia ou ineficiente do condutor";"Tombamento";"Com Vítimas Feridas";"Amanhecer";"Crescente";"Céu Claro";"Dupla";"Declive;Curva";"Não";2;0;1;0;0;1;1;2;-24,709494;-50,55595;"SPRF-PR";"DEL03-PR";"UOP02-DEL03-PR"
766900;2026-04-22;"quarta-feira";"22:04:00";"AC";364;58;"SENADOR GUIOMARD";"Ausência de reação do condutor";"Colisão traseira";"Com Vítimas Feridas";"Plena Noite";"Decrescente";"Chuva";"Simples";"Reta";"Não";2;0;1;0;1;0;1;2;-10,0262;-67,24813;"SPRF-AC";"DEL01-AC";"UOP01-DEL01-AC"
766901;2026-04-23;"quinta-feira";"08:00:00";"GO";153;505;"APARECIDA DE GOIANIA";"Ausência de reação do condutor";"Colisão traseira";"Com Vítimas Feridas";"Pleno dia";"Decrescente";"Céu Claro";"Dupla";"Reta";"Não";2;0;0;1;0;1;1;2;-16,750593;-49,241328;"SPRF-GO";"DEL01-GO";"UOP01-DEL01-GO"
766902;2026-04-22;"quarta-feira";"19:14:00";"BA";242;260;"ITABERABA";"Pista esburacada";"Colisão frontal";"Com Vítimas Feridas";"Plena Noite";"Decrescente";"Céu Claro";"Simples";"Reta;Declive";"Não";3;0;0;1;1;5;1;7;-12,47608;-40,53886;"SPRF-BA";"DEL06-BA";"UOP02-DEL06-BA"
766904;2026-04-23;"quinta-feira";"08:45:00";"MG";153;15;"CENTRALINA";"Velocidade Incompatível";"Atropelamento de Pedestre";"Com Vítimas Feridas";"Pleno dia";"Crescente";"Céu Claro";"Dupla";"Reta;Em Obras;Declive";"Não";2;0;0;1;1;0;1;2;-18,63348446;-49,18256761;"SPRF-MG";"DEL15-MG";"UOP03-DEL15-MG"
766906;2026-04-23;"quinta-feira";"09:10:00";"PR";277;639,5;"CEU AZUL";"Ausência de reação do condutor";"Colisão traseira";"Com Vítimas Feridas";"Pleno dia";"Crescente";"Céu Claro";"Simples";"Aclive;Reta";"Sim";2;0;1;0;1;0;1;2;-25,14940247;-53,84262085;"SPRF-PR";"DEL05-PR";"UOP02-DEL05-PR"
766907;2026-04-23;"quinta-feira";"07:45:00";"PR";376;598;"CURITIBA";"Reação tardia ou ineficiente do condutor";"Colisão lateral mesmo sentido";"Com Vítimas Feridas";"Pleno dia";"Crescente";"Céu Claro";"Dupla";"Reta";"Sim";3;0;1;0;1;1;1;3;-25,493637;-49,343833;"SPRF-PR";"DEL01-PR";"UOP03-DEL01-PR"
766911;2026-04-23;"quinta-feira";"08:20:00";"RN";304;32;"MOSSORO";"Ausência de reação do condutor";"Colisão traseira";"Com Vítimas Feridas";"Pleno dia";"Crescente";"Céu Claro";"Dupla";"Reta";"Sim";2;0;0;1;1;0;1;2;-5,146531;-37,347481;"SPRF-RN";"DEL04-RN";"UOP02-DEL04-RN"
766913;2026-03-27;"sexta-feira";"07:20:00";"AL";101;51,8;"FLEXEIRAS";"Pista Escorregadia";"Tombamento";"Com Vítimas Fatais";"Pleno dia";"Decrescente";"Chuva";"Dupla";"Curva";"Não";2;1;1;0;0;0;1;1;-9,249097;-35,757556;"SPRF-AL";"DEL01-AL";"UOP02-DEL01-AL"
766923;2026-04-23;"quinta-feira";"10:10:00";"CE";116;46;"PACAJUS";"Reação tardia ou ineficiente do condutor";"Tombamento";"Sem Vítimas";"Pleno dia";"Decrescente";"Céu Claro";"Múltipla";"Reta";"Não";2;0;0;0;1;1;0;2;-4,145849;-38,477093;"SPRF-CE";"DEL01-CE";"UOP02-DEL01-CE"
766933;2026-04-23;"quinta-feira";"11:00:00";"MG";50;149,8;"UBERABA";"Reação tardia ou ineficiente do condutor";"Colisão traseira";"Sem Vítimas";"Pleno dia";"Crescente";"Sol";"Dupla";"Reta";"Não";4;0;0;0;3;2;0;4;-19,54463956;-48,03631274;"SPRF-MG";"DEL13-MG";"UOP01-DEL13-MG"
766935;2026-04-23;"quinta-feira";"08:40:00";"PE";232;351;"FLORES";"Acessar a via sem observar a presença dos outros veículos";"Colisão traseira";"Com Vítimas Feridas";"Pleno dia";"Crescente";"Céu Claro";"Simples";"Reta";"Não";2;0;1;0;1;0;1;2;-8,07107089;-37,80033636;"SPRF-PE";"DEL04-PE";"UOP02-DEL04-PE"
766936;2026-04-16;"quinta-feira";"03:30:00";"GO";20;134;"FLORES DE GOIAS";"Animais na Pista";"Saída de leito carroçável";"Sem Vítimas";"Plena Noite";"Decrescente";"Céu Claro";"Simples";"Reta";"Não";3;0;0;0;1;4;0;5;-14,8122;-46,71464;"SPRF-DF";"DEL02-DF";"UOP03-DEL02-DF"
766937;2026-04-23;"quinta-feira";"11:10:00";"PR";116;1,1;"CAMPINA GRANDE DO SUL";"Velocidade Incompatível";"Colisão lateral mesmo sentido";"Com Vítimas Fatais";"Pleno dia";"Decrescente";"Sol";"Dupla";"Curva";"Não";4;1;0;0;1;2;0;4;-25,06303431;-48,56944084;"SPRF-PR";"DEL01-PR";"UOP02-DEL01-PR"
766939;2026-03-07;"sábado";"14:20:00";"PI";135;556,4;"SAO GONCALO DO GURGUEIA";"Reação tardia ou ineficiente do condutor";"Saída de leito carroçável";"Com Vítimas Feridas";"Pleno dia";"Crescente";"Céu Claro";"Simples";"Curva";"Não";2;0;1;0;0;1;1;2;-10,143192;-45,19908;"SPRF-PI";"DEL03-PI";"UOP02-DEL03-PI"
766940;2026-04-18;"sábado";"01:00:00";"GO";364;270;"MINEIROS";"Transitar na contramão";"Colisão frontal";"Sem Vítimas";"Plena Noite";"Crescente";"Céu Claro";"Simples";"Reta";"Não";4;0;0;0;1;3;0;4;-17,667894;-52,320549;"SPRF-GO";"DEL05-GO";"UOP01-DEL05-GO"
766941;2026-04-23;"quinta-feira";"11:00:00";"SC";153;83;"CONCORDIA";"Transitar na contramão";"Colisão frontal";"Com Vítimas Feridas";"Pleno dia";"Decrescente";"Céu Claro";"Simples";"Reta";"Não";4;0;0;1;2;1;1;3;-27,19185267;-51,93615272;"SPRF-SC";"DEL07-SC";"UOP04-DEL07-SC"
766943;2026-04-23;"quinta-feira";"12:20:00";"PB";230;108,2;"INGA";"Condutor Dormindo";"Colisão traseira";"Com Vítimas Feridas";"Pleno dia";"Crescente";"Sol";"Dupla";"Reta";"Não";3;0;1;0;1;2;1;4;-7,203957;-35,560988;"SPRF-PB";"DEL01-PB";"UOP02-DEL01-PB"
766954;2026-04-23;"quinta-feira";"09:10:00";"MG";153;172,7;"FRUTAL";"Velocidade Incompatível";"Tombamento";"Com Vítimas Feridas";"Pleno dia";"Crescente";"Céu Claro";"Dupla";"Retorno Regulamentado";"Não";2;0;1;0;0;3;1;4;-19,816667;-48,968;"SPRF-MG";"DEL13-MG";"UOP02-DEL13-MG"
766958;2026-04-23;"quinta-feira";"13:30:00";"BA";116;827;"VITORIA DA CONQUISTA";"Conversão proibida";"Colisão transversal";"Com Vítimas Fatais";"Pleno dia";"Crescente";"Sol";"Dupla";"Reta";"Sim";3;1;0;0;1;1;0;3;-14,88918989;-40,86142508;"SPRF-BA";"DEL08-BA";"UOP01-DEL08-BA"
766963;2026-04-23;"quinta-feira";"15:30:00";"ES";262;41,8;"MARECHAL FLORIANO";"Ausência de reação do condutor";"Colisão lateral sentido oposto";"Com Vítimas Feridas";"Pleno dia";"Crescente";"Nublado";"Simples";"Curva";"Sim";3;0;2;0;1;0;2;2;-20,385588;-40,651698;"SPRF-ES";"DEL01-ES";"UOP01-DEL01-ES"
766964;2026-04-23;"quinta-feira";"15:15:00";"SP";116;219;"GUARULHOS";"Demais falhas mecânicas ou elétricas";"Colisão lateral mesmo sentido";"Com Vítimas Feridas";"Pleno dia";"Crescente";"Céu Claro";"Múltipla";"Reta";"Sim";3;0;1;0;1;1;1;3;-23,45975247;-46,48562193;"SPRF-SP";"DEL01-SP";"UOP01-DEL01-SP"
766966;2026-04-11;"sábado";"23:20:00";"MS";60;396,1;"SIDROLANDIA";"Animais na Pista";"Atropelamento de Animal";"Sem Vítimas";"Plena Noite";"Decrescente";"Céu Claro";"Simples";"Reta";"Não";4;0;0;0;4;0;0;1;-20,770066;-54,78952;"SPRF-MS";"DEL01-MS";"UOP04-DEL01-MS"
766971;2026-04-23;"quinta-feira";"15:10:00";"AL";316;262;"SATUBA";"Condutor Dormindo";"Colisão lateral sentido oposto";"Com Vítimas Feridas";"Pleno dia";"Decrescente";"Céu Claro";"Simples";"Reta";"Não";3;0;1;0;2;0;1;2;-9,58868;-35,88618;"SPRF-AL";"DEL02-AL";"UOP01-DEL02-AL"
766972;2026-04-23;"quinta-feira";"16:00:00";"PR";376;167,5;"MARINGA";"Objeto estático sobre o leito carroçável";"Colisão traseira";"Com Vítimas Feridas";"Pleno dia";"Decrescente";"Céu Claro";"Dupla";"Curva;Em Obras";"Não";4;0;1;0;2;1;1;4;-23,390917;-52,01305;"SPRF-PR";"DEL09-PR";"UOP01-DEL09-PR"
766973;2026-04-23;"quinta-feira";"16:30:00";"MG";40;658,6;"CARANDAI";"Acessar a via sem observar a presença dos outros veículos";"Colisão transversal";"Com Vítimas Feridas";"Pleno dia";"Crescente";"Céu Claro";"Simples";"Retorno Regulamentado";"Não";3;0;1;0;2;0;1;2;-20,89186667;-43,81716667;"SPRF-MG";"DEL05-MG";"UOP02-DEL05-MG"
766983;2026-03-25;"quarta-feira";"13:30:00";"SP";116;539;"BARRA DO TURVO";"Reação tardia ou ineficiente do condutor";"Colisão traseira";"Com Vítimas Feridas";"Pleno dia";"Decrescente";"Céu Claro";"Dupla";"Reta";"Não";4;0;1;0;2;3;1;6;-24,96667328;-48,34468715;"SPRF-SP";"DEL05-SP";"UOP02-DEL05-SP"
766991;2026-04-23;"quinta-feira";"16:00:00";"PE";232;40,7;"VITORIA DE SANTO ANTAO";"Acessar a via sem observar a presença dos outros veículos";"Saída de leito carroçável";"Sem Vítimas";"Pleno dia";"Crescente";"Chuva";"Dupla";"Reta;Retorno Regulamentado";"Não";3;0;0;0;2;1;0;3;-8,11405;-35,2405;"SPRF-PE";"DEL02-PE";"UOP02-DEL02PE"
766993;2026-04-23;"quinta-feira";"14:45:00";"RO";364;622;"ITAPUA DO OESTE";"Manobra de mudança de faixa";"Colisão lateral sentido oposto";"Com Vítimas Feridas";"Pleno dia";"Crescente";"Céu Claro";"Simples";"Reta";"Não";8;0;7;0;1;0;7;3;-9,076773;-63,31056;"SPRF-RO";"DEL01-RO";"UOP04-DEL01-RO"
767003;2026-04-23;"quinta-feira";"17:00:00";"BA";116;701,9;"JEQUIE";"Velocidade Incompatível";"Saída de leito carroçável";"Com Vítimas Feridas";"Pleno dia";"Decrescente";"Céu Claro";"Simples";"Curva";"Não";2;0;1;0;0;1;1;2;-14,0860034;-40,2145519;"SPRF-BA";"DEL03-BA";"UOP01-DEL03-BA"
767009;2026-04-23;"quinta-feira";"19:15:00";"ES";101;298;"VIANA";"Manobra de mudança de faixa";"Colisão lateral mesmo sentido";"Com Vítimas Feridas";"Plena Noite";"Decrescente";"Céu Claro";"Dupla";"Reta;Viaduto";"Sim";4;0;2;0;1;1;2;3;-20,355782;-40,417863;"SPRF-ES";"DEL01-ES";"UOP01-DEL01-ES"
767010;2026-04-23;"quinta-feira";"18:00:00";"RS";392;123;"CANGUCU";"Acessar a via sem observar a presença dos outros veículos";"Colisão transversal";"Com Vítimas Feridas";"Anoitecer";"Crescente";"Céu Claro";"Simples";"Reta";"Não";13;0;1;0;12;0;1;2;-31,37581;-52,715651;"SPRF-RS";"DEL07-RS";"UOP01-DEL07-RS"
767016;2026-04-23;"quinta-feira";"16:00:00";"GO";153;193,4;"URUACU";"Conversão proibida";"Colisão transversal";"Com Vítimas Feridas";"Pleno dia";"Decrescente";"Céu Claro";"Simples";"Reta";"Não";7;0;1;0;5;1;1;5;-14,47034069;-49,15587545;"SPRF-GO";"DEL07-GO";"UOP02-DEL07-GO"
767018;2026-04-23;"quinta-feira";"18:40:00";"SC";101;340,2;"TUBARAO";"Condutor deixou de manter distância do veículo da frente";"Colisão traseira";"Com Vítimas Feridas";"Plena Noite";"Crescente";"Nublado";"Dupla";"Reta";"Sim";4;0;0;1;1;2;1;4;-28,5138;-49,0521;"SPRF-SC";"DEL02-SC";"UOP01-DEL02-SC"
767034;2026-04-23;"quinta-feira";"20:50:00";"PE";101;77,5;"RECIFE";"Velocidade Incompatível";"Colisão traseira";"Com Vítimas Feridas";"Plena Noite";"Decrescente";"Chuva";"Dupla";"Reta";"Não";4;0;1;1;1;1;2;3;-8,134409;-34,947276;"SPRF-PE";"DEL01-PE";"UOP01-DEL01-PE"
767037;2026-04-23;"quinta-feira";"07:00:00";"AL";101;51,7;"FLEXEIRAS";"Reação tardia ou ineficiente do condutor";"Saída de leito carroçável";"Sem Vítimas";"Pleno dia";"Decrescente";"Céu Claro";"Dupla";"Aclive";"Não";2;0;0;0;1;1;0;2;-9,24491404;-35,75680733;"SPRF-AL";"DEL01-AL";"UOP02-DEL01-AL"
767039;2026-04-23;"quinta-feira";"19:15:00";"RJ";116;20;"SAPUCAIA";"Ingestão de álcool pelo condutor";"Tombamento";"Sem Vítimas";"Plena Noite";"Decrescente";"Céu Claro";"Dupla";"Aclive;Reta";"Não";1;0;0;0;1;0;0;1;-22,02209318;-42,7730561;"SPRF-RJ";"DEL05-RJ";"UOP01-DEL05-RJ"
767048;2026-04-23;"quinta-feira";"15:20:00";"SC";101;276;"IMBITUBA";"Ausência de reação do condutor";"Colisão transversal";"Com Vítimas Feridas";"Pleno dia";"Decrescente";"Céu Claro";"Dupla";"Reta";"Não";2;0;0;1;1;0;1;2;-28,07718109;-48,71222505;"SPRF-SC";"DEL02-SC";"UOP03-DEL02-SC"
767054;2026-04-23;"quinta-feira";"22:50:00";"PR";116;178;"QUITANDINHA";"Transitar na contramão";"Colisão lateral sentido oposto";"Com Vítimas Feridas";"Plena Noite";"Decrescente";"Nublado";"Simples";"Curva";"Não";5;0;4;0;0;1;4;3;-25,911483;-49,592893;"SPRF-PR";"DEL01-PR";"UOP03-DEL01-PR"
767059;2026-04-24;"sexta-feira";"00:20:00";"SC";101;192;"BIGUACU";"Reação tardia ou ineficiente do condutor";"Colisão traseira";"Com Vítimas Feridas";"Plena Noite";"Decrescente";"Nublado";"Múltipla";"Curva";"Sim";2;0;1;0;0;1;1;2;-27,48599;-48,64812;"SPRF-SC";"DEL01-SC";"UOP01-DEL01-SC"
767062;2026-04-24;"sexta-feira";"01:00:00";"BA";324;530;"FEIRA DE SANTANA";"Velocidade Incompatível";"Colisão lateral mesmo sentido";"Com Vítimas Feridas";"Plena Noite";"Crescente";"Nublado";"Dupla";"Reta";"Não";3;0;1;0;1;1;1;3;-12,336615;-38,850598;"SPRF-BA";"DEL11-BA";"UOP02-DEL11-BA"
767063;2026-04-23;"quinta-feira";"20:00:00";"MA";222;545;"BOM JESUS DAS SELVAS";"Velocidade Incompatível";"Saída de leito carroçável";"Com Vítimas Feridas";"Plena Noite";"Crescente";"Céu Claro";"Simples";"Curva;Declive";"Não";2;0;1;0;0;1;1;2;-4,32698;-46,5958;"SPRF-MA";"DEL04-MA";"UOP03-DEL04-MA"
767065;2026-04-23;"quinta-feira";"09:50:00";"BA";324;604;"SIMOES FILHO";"Chuva";"Tombamento";"Com Vítimas Feridas";"Pleno dia";"Decrescente";"Chuva";"Dupla";"Reta";"Não";1;0;1;0;0;0;1;1;-12,7591591;-38,42629192;"SPRF-BA";"DEL01-BA";"UOP01-DEL01-BA"
767067;2026-04-24;"sexta-feira";"04:00:00";"RS";472;132,2;"TRES DE MAIO";"Condutor Dormindo";"Tombamento";"Com Vítimas Feridas";"Plena Noite";"Crescente";"Nublado";"Simples";"Interseção de Vias;Rotatória";"Sim";2;0;1;0;1;0;1;1;-27,75259514;-54,24310684;"SPRF-RS";"DEL10-RS";"UOP01-DEL10-RS"
767090;2026-04-24;"sexta-feira";"06:30:00";"RO";364;522,5;"ARIQUEMES";"Condutor Dormindo";"Saída de leito carroçável";"Sem Vítimas";"Amanhecer";"Decrescente";"Céu Claro";"Simples";"Reta";"Não";1;0;0;0;1;0;0;1;-9,856787;-63,058608;"SPRF-RO";"DEL03-RO";"UOP01-DEL03-RO"
767099;2026-04-17;"sexta-feira";"23:30:00";"CE";222;112;"ITAPAJE";"Reação tardia ou ineficiente do condutor";"Colisão lateral mesmo sentido";"Com Vítimas Fatais";"Plena Noite";"Crescente";"Nublado";"Simples";"Reta";"Não";3;1;1;0;1;0;1;2;-3,74513698;-39,51953586;"SPRF-CE";"DEL04-CE";"UOP03-DEL04-CE"
767100;2026-04-16;"quinta-feira";"18:20:00";"PR";373;174;"PONTA GROSSA";"Manobra de mudança de faixa";"Engavetamento";"Com Vítimas Feridas";"Plena Noite";"Decrescente";"Céu Claro";"Dupla";"Reta";"Sim";9;0;1;0;7;1;1;6;-25,07184501;-50,2115521;"SPRF-PR";"DEL03-PR";"UOP01-DEL03-PR"
767107;2026-04-24;"sexta-feira";"08:30:00";"PE";104;50;"CARUARU";"Ausência de reação do condutor";"Colisão traseira";"Com Vítimas Feridas";"Pleno dia";"Decrescente";"Céu Claro";"Dupla";"Declive;Reta";"Não";3;0;0;1;1;3;1;5;-8,15706986;-35,98274438;"SPRF-PE";"DEL02-PE";"UOP01-DEL02-PE"
767109;2026-04-24;"sexta-feira";"02:25:00";"BA";242;221;"ITABERABA";"Reação tardia ou ineficiente do condutor";"Colisão traseira";"Com Vítimas Feridas";"Plena Noite";"Crescente";"Céu Claro";"Simples";"Reta";"Não";3;0;0;1;1;5;1;7;-12,52172029;-40,14610291;"SPRF-BA";"DEL06-BA";"UOP02-DEL06-BA"
767114;2026-03-10;"terça-feira";"01:00:00";"AM";319;614;"HUMAITA";"Demais falhas mecânicas ou elétricas";"Incêndio";"Sem Vítimas";"Plena Noite";"Crescente";"Ignorado";"Simples";"Reta";"Não";2;0;0;0;0;2;0;2;-7,20025;-63,133917;"SPRF-AM";"DEL01-AM";"UOP04-DEL01-AM"
767116;2026-04-24;"sexta-feira";"10:45:00";"ES";101;300;"VIANA";"Ausência de reação do condutor";"Colisão lateral mesmo sentido";"Com Vítimas Feridas";"Pleno dia";"Crescente";"Sol";"Dupla";"Curva";"Sim";3;0;1;0;2;0;1;3;-20,3625335;-40,4370404;"SPRF-ES";"DEL01-ES";"UOP01-DEL01-ES"
767121;2026-04-24;"sexta-feira";"11:15:00";"ES";101;293;"CARIACICA";"Acessar a via sem observar a presença dos outros veículos";"Colisão transversal";"Com Vítimas Feridas";"Pleno dia";"Crescente";"Céu Claro";"Dupla";"Reta;Viaduto;Interseção de Vias";"Sim";2;0;1;0;1;0;1;2;-20,31259055;-40,39572001;"SPRF-ES";"DEL01-ES";"UOP01-DEL01-ES"
767124;2026-04-24;"sexta-feira";"11:00:00";"DF";70;5;"BRASILIA";"Trafegar com motocicleta (ou similar) entre as faixas";"Colisão lateral mesmo sentido";"Com Vítimas Feridas";"Pleno dia";"Crescente";"Céu Claro";"Dupla";"Reta";"Sim";2;0;1;0;1;0;1;2;-15,79252;-48,10362;"SPRF-DF";"DEL03-DF";"UOP02-DEL03-DF"
767126;2026-04-24;"sexta-feira";"11:00:00";"PR";277;645;"CEU AZUL";"Ultrapassagem Indevida";"Colisão lateral mesmo sentido";"Sem Vítimas";"Pleno dia";"Crescente";"Céu Claro";"Simples";"Aclive;Curva";"Não";5;0;0;0;1;4;0;5;-25,1740078;-53,8814532;"SPRF-PR";"DEL05-PR";"UOP02-DEL05-PR"
767129;2026-04-24;"sexta-feira";"11:20:00";"PR";116;208,5;"RIO NEGRO";"Acessar a via sem observar a presença dos outros veículos";"Colisão transversal";"Com Vítimas Feridas";"Pleno dia";"Decrescente";"Céu Claro";"Simples";"Reta";"Sim";2;0;0;1;1;0;1;2;-26,08231209;-49,77337718;"SPRF-SC";"DEL06-SC";"UOP01-DEL06-SC"
767133;2026-04-17;"sexta-feira";"18:20:00";"MS";158;67;"PARANAIBA";"Animais na Pista";"Atropelamento de Animal";"Com Vítimas Fatais";"Plena Noite";"Decrescente";"Céu Claro";"Simples";"Reta";"Não";2;1;0;0;0;1;0;2;-19,471331;-51,321224;"SPRF-MS";"DEL08-MS";"UOP01-DEL08-MS"
767135;2026-04-24;"sexta-feira";"12:30:00";"MG";40;352,6;"FELIXLANDIA";"Acessar a via sem observar a presença dos outros veículos";"Queda de ocupante de veículo";"Com Vítimas Feridas";"Pleno dia";"Decrescente";"Céu Claro";"Simples";"Reta";"Não";3;0;1;0;1;3;1;5;-18,72834;-44,91992;"SPRF-MG";"DEL02-MG";"UOP01-DEL02-MG"
767139;2026-04-24;"sexta-feira";"11:00:00";"RJ";40;122;"DUQUE DE CAXIAS";"Ausência de reação do condutor";"Colisão traseira";"Com Vítimas Feridas";"Pleno dia";"Crescente";"Céu Claro";"Dupla";"Reta";"Sim";2;0;1;0;1;0;1;2;-22,79264121;-43,2875061;"SPRF-RJ";"DEL01-RJ";"UOP02-DEL01-RJ"
767150;2026-04-24;"sexta-feira";"08:40:00";"MG";381;936,3;"EXTREMA";"Velocidade Incompatível";"Tombamento";"Com Vítimas Feridas";"Pleno dia";"Crescente";"Céu Claro";"Dupla";"Curva;Declive";"Não";3;0;1;0;1;1;1;2;-22,80834829;-46,27769065;"SPRF-MG";"DEL16-MG";"UOP03-DEL16-MG"
767153;2026-04-24;"sexta-feira";"14:30:00";"MG";40;498,5;"ESMERALDAS";"Acessar a via sem observar a presença dos outros veículos";"Colisão traseira";"Com Vítimas Feridas";"Pleno dia";"Crescente";"Nublado";"Dupla";"Declive;Reta;Retorno Regulamentado";"Não";3;0;0;1;1;1;1;3;-19,68744983;-44,1806802;"SPRF-MG";"DEL02-MG";"UOP01-DEL02-MG"
767154;2026-04-24;"sexta-feira";"12:53:00";"MT";163;951;"NOVA SANTA HELENA";"Condutor deixou de manter distância do veículo da frente";"Colisão traseira";"Com Vítimas Feridas";"Pleno dia";"Crescente";"Sol";"Simples";"Reta";"Não";7;0;3;0;3;5;3;8;-10,880845;-55,199204;"SPRF-MT";"DEL06-MT";"UOP02-DEL06-MT"
767155;2026-04-24;"sexta-feira";"12:15:00";"SC";101;7,8;"GARUVA";"Manobra de mudança de faixa";"Colisão traseira";"Com Vítimas Feridas";"Pleno dia";"Decrescente";"Sol";"Dupla";"Reta";"Não";2;0;1;0;1;0;1;2;-26,03968758;-48,85964362;"SPRF-SC";"DEL03-SC";"UOP01-DEL03-SC"
767156;2026-04-24;"sexta-feira";"09:30:00";"PR";376;305;"MAUA DA SERRA";"Velocidade Incompatível";"Tombamento";"Com Vítimas Feridas";"Pleno dia";"Decrescente";"Céu Claro";"Dupla";"Curva";"Não";2;0;1;0;0;1;1;2;-23,9504192;-51,11899551;"SPRF-PR";"DEL07-PR";"UOP02-DEL07-PR"
767158;2026-04-24;"sexta-feira";"15:00:00";"SC";101;202,4;"SAO JOSE";"Carga excessiva e/ou mal acondicionada";"Derramamento de carga";"Com Vítimas Feridas";"Pleno dia";"Decrescente";"Céu Claro";"Múltipla";"Reta";"Sim";4;0;1;1;2;0;2;3;-27,56057;-48,61687;"SPRF-SC";"DEL01-SC";"UOP01-DEL01-SC"
767159;2026-04-24;"sexta-feira";"14:50:00";"BA";116;491;"CASTRO ALVES";"Carga excessiva e/ou mal acondicionada";"Incêndio";"Com Vítimas Feridas";"Pleno dia";"Crescente";"Garoa/Chuvisco";"Dupla";"Reta;Declive";"Não";3;0;1;0;1;1;1;3;-12,7598232;-39,4312716;"SPRF-BA";"DEL02-BA";"UOP01-DEL02-BA"
767160;2026-04-24;"sexta-feira";"13:20:00";"PR";369;493,9;"CASCAVEL";"Ultrapassagem Indevida";"Colisão frontal";"Com Vítimas Feridas";"Pleno dia";"Decrescente";"Céu Claro";"Simples";"Curva;Aclive";"Não";6;0;1;4;1;0;5;4;-24,85642459;-53,3339213;"SPRF-PR";"DEL04-PR";"UOP01-DEL04-PR"
767161;2026-04-15;"quarta-feira";"17:00:00";"ES";101;228,3;"FUNDAO";"Transitar na contramão";"Colisão frontal";"Com Vítimas Feridas";"Anoitecer";"Decrescente";"Céu Claro";"Simples";"Reta";"Não";5;0;1;1;3;0;2;3;-19,92162;-40,40564;"SPRF-ES";"DEL02-ES";"UOP01-DEL02-ES"
767162;2026-04-24;"sexta-feira";"14:35:00";"PR";277;594,5;"CASCAVEL";"Transitar na contramão";"Colisão frontal";"Com Vítimas Feridas";"Pleno dia";"Crescente";"Sol";"Simples";"Curva;Declive";"Sim";3;0;1;0;1;2;1;4;-24,98237561;-53,47407046;"SPRF-PR";"DEL04-PR";"UOP01-DEL04-PR"
767165;2026-04-24;"sexta-feira";"14:50:00";"MS";158;138,2;"APARECIDA DO TABOADO";"Ausência de reação do condutor";"Colisão lateral sentido oposto";"Com Vítimas Feridas";"Pleno dia";"Crescente";"Céu Claro";"Simples";"Declive";"Não";3;0;1;0;1;2;1;4;-20,01077;-51,11488;"SPRF-MS";"DEL08-MS";"UOP01-DEL08-MS"
767166;2026-04-24;"sexta-feira";"15:15:00";"RJ";116;290;"BARRA MANSA";"Avarias e/ou desgaste excessivo no pneu";"Tombamento";"Sem Vítimas";"Pleno dia";"Decrescente";"Céu Claro";"Dupla";"Curva";"Não";2;0;0;0;2;0;0;1;-22,4828205;-44,25966056;"SPRF-RJ";"DEL07-RJ";"UOP02-DEL07-RJ"
767172;2026-04-24;"sexta-feira";"12:51:00";"SC";282;324;"CAMPOS NOVOS";"Reação tardia ou ineficiente do condutor";"Colisão lateral sentido oposto";"Com Vítimas Feridas";"Pleno dia";"Decrescente";"Céu Claro";"Simples";"Aclive;Curva";"Não";4;0;1;2;1;0;3;2;-27,376452;-51,080422;"SPRF-SC";"DEL07-SC";"UOP06-DEL07-SC"
767173;2026-04-24;"sexta-feira";"14:00:00";"AM";319;110;"CANUTAMA";"Transitar na contramão";"Colisão lateral sentido oposto";"Com Vítimas Fatais";"Pleno dia";"Crescente";"Céu Claro";"Simples";"Reta";"Não";6;1;0;1;1;5;1;6;-8,55591;-63,98869;"SPRF-AM";"DEL01-AM";"UOP04-DEL01-AM"
767174;2026-04-24;"sexta-feira";"16:05:00";"PR";376;665,9;"GUARATUBA";"Ausência de reação do condutor";"Colisão traseira";"Com Vítimas Feridas";"Pleno dia";"Crescente";"Céu Claro";"Simples";"Curva";"Não";5;0;2;0;2;2;2;4;-25,86584457;-48,94910686;"SPRF-PR";"DEL01-PR";"UOP04-DEL01-PR"
767175;2026-04-24;"sexta-feira";"15:45:00";"ES";101;289;"CARIACICA";"Manobra de mudança de faixa";"Colisão lateral mesmo sentido";"Sem Vítimas";"Pleno dia";"Crescente";"Céu Claro";"Dupla";"Reta";"Não";3;0;0;0;2;3;0;5;-20,28107083;-40,39312363;"SPRF-ES";"DEL01-ES";"UOP01-DEL01-ES"