"id";"data_inversa";"dia_semana";"horario";"uf";"br";"km";"municipio";"causa_acidente";"tipo_acidente";"classificacao_acidente";"fase_dia";"sentido_via";"condicao_metereologica";"tipo_pista";"tracado_via";"uso_solo";"pessoas";"mortos";"feridos_leves";"feridos_graves";"ilesos";"ignorados";"feridos";"veiculos";"latitude";"longitude";"regional";"delegacia";"uop"
767180;2026-04-24;"sexta-feira";"15:45:00";"PR";163;256;"TOLEDO";"Reação tardia ou ineficiente do condutor";"Atropelamento de Pedestre";"Com Vítimas Fatais";"Pleno dia";"Crescente";"Céu Claro";"Múltipla";"Reta;Em Obras";"Não";2;1;0;0;1;0;0;2;-24,65456;-53,830493;"SPRF-PR";"DEL06-PR";"UOP02-DEL06-PR"
767182;2026-04-24;"sexta-feira";"16:00:00";"PR";476;197;"LAPA";"Pedestre cruzava a pista fora da faixa";"Atropelamento de Pedestre";"Com Vítimas Feridas";"Pleno dia";"Crescente";"Sol";"Simples";"Reta";"Sim";2;0;0;1;1;0;1;2;-25,76123241;-49,73476259;"SPRF-PR";"DEL01-PR";"UOP06-DEL01-PR"
767187;2026-04-24;"sexta-feira";"17:27:00";"RS";386;432,9;"NOVA SANTA RITA";"Acumulo de água sobre o pavimento";"Colisão frontal";"Com Vítimas Feridas";"Pleno dia";"Crescente";"Chuva";"Simples";"Reta;Declive";"Não";7;0;4;0;2;1;4;5;-29,840078;-51,29473;"SPRF-RS";"DEL04-RS";"UOP02-DEL04-RS"
767189;2026-04-24;"sexta-feira";"16:45:00";"GO";414;436;"ANAPOLIS";"Desrespeitar a preferência no cruzamento";"Colisão transversal";"Com Vítimas Feridas";"Pleno dia";"Crescente";"Céu Claro";"Simples";"Interseção de Vias;Declive";"Sim";3;0;0;2;1;0;2;2;-16,25347;-48,935808;"SPRF-GO";"DEL02-GO";"UOP01-DEL02-GO"
767200;2026-03-24;"terça-feira";"00:55:00";"RN";304;123;"ITAJA";"Demais falhas mecânicas ou elétricas";"Incêndio";"Sem Vítimas";"Plena Noite";"Crescente";"Céu Claro";"Simples";"Reta;Declive";"Não";1;0;0;0;1;0;0;1;-5,65322719;-36,81724548;"SPRF-RN";"DEL04-RN";"UOP01-DEL04-RN"
767202;2026-04-24;"sexta-feira";"17:40:00";"MG";50;51;"ARAGUARI";"Demais falhas mecânicas ou elétricas";"Incêndio";"Sem Vítimas";"Anoitecer";"Decrescente";"Céu Claro";"Dupla";"Aclive;Reta";"Não";2;0;0;0;1;1;0;2;-18,74996439;-48,23551655;"SPRF-MG";"DEL15-MG";"UOP02-DEL15-MG"
767203;2026-04-24;"sexta-feira";"19:00:00";"GO";60;137;"GOIANIA";"Demais falhas mecânicas ou elétricas";"Colisão frontal";"Com Vítimas Feridas";"Plena Noite";"Crescente";"Céu Claro";"Simples";"Reta";"Sim";3;0;0;1;2;0;1;3;-16,607546;-49,205129;"SPRF-GO";"DEL01-GO";"UOP01-DEL01-GO"
767205;2026-04-24;"sexta-feira";"18:50:00";"SC";101;129,3;"ITAPEMA";"Demais falhas mecânicas ou elétricas";"Colisão com objeto";"Com Vítimas Feridas";"Plena Noite";"Decrescente";"Céu Claro";"Dupla";"Reta";"Sim";3;0;1;0;2;0;1;3;-27,09472084;-48,61377716;"SPRF-SC";"DEL04-SC";"UOP03-DEL04-SC"
767209;2026-04-24;"sexta-feira";"18:50:00";"MS";60;18;"CHAPADAO DO SUL";"Reação tardia ou ineficiente do condutor";"Colisão lateral sentido oposto";"Com Vítimas Feridas";"Plena Noite";"Crescente";"Céu Claro";"Simples";"Reta;Declive";"Não";4;0;3;0;0;1;3;3;-18,83551289;-52,68232614;"SPRF-MS";"DEL08-MS";"UOP01-DEL08-MS"
767211;2026-04-24;"sexta-feira";"15:05:00";"PR";277;5;"FOZ DO IGUACU";"Ausência de reação do condutor";"Colisão transversal";"Com Vítimas Feridas";"Pleno dia";"Crescente";"Céu Claro";"Simples";"Reta;Declive";"Sim";3;0;1;0;1;1;1;3;-25,53287699;-54,52836514;"SPRF-PR";"DEL05-PR";"UOP04-DEL05-PR"
767214;2026-03-15;"domingo";"15:00:00";"SC";101;259,2;"GAROPABA";"Manobra de mudança de faixa";"Colisão lateral mesmo sentido";"Com Vítimas Feridas";"Pleno dia";"Decrescente";"Céu Claro";"Múltipla";"Curva";"Não";3;0;2;0;1;0;2;2;-28,0179089;-48,69511914;"SPRF-SC";"DEL02-SC";"UOP03-DEL02-SC"
767225;2026-04-24;"sexta-feira";"19:10:00";"RJ";116;292;"BARRA MANSA";"Reação tardia ou ineficiente do condutor";"Colisão traseira";"Com Vítimas Feridas";"Plena Noite";"Crescente";"Nublado";"Dupla";"Curva";"Não";4;0;3;0;1;0;3;2;-22,47577667;-44,26557333;"SPRF-RJ";"DEL07-RJ";"UOP02-DEL07-RJ"
767227;2026-04-24;"sexta-feira";"12:50:00";"RS";158;292;"JULIO DE CASTILHOS";"Reação tardia ou ineficiente do condutor";"Saída de leito carroçável";"Com Vítimas Feridas";"Pleno dia";"Decrescente";"Chuva";"Simples";"Reta;Declive";"Não";1;0;1;0;0;0;1;1;-29,48366;-53,684253;"SPRF-RS";"DEL09-RS";"UOP01-DEL09-RS"
767232;2026-04-24;"sexta-feira";"19:02:00";"PR";116;136;"MANDIRITUBA";"Acessar a via sem observar a presença dos outros veículos";"Colisão traseira";"Com Vítimas Feridas";"Plena Noite";"Crescente";"Nublado";"Dupla";"Reta";"Não";2;0;0;1;1;0;1;2;-25,7278120901;-49,3177462606;"SPRF-PR";"DEL01-PR";"UOP03-DEL01-PR"
767235;2026-04-24;"sexta-feira";"19:00:00";"BA";135;56,9;"FORMOSA DO RIO PRETO";"Acostamento em desnível";"Tombamento";"Com Vítimas Feridas";"Plena Noite";"Decrescente";"Céu Claro";"Simples";"Reta";"Não";4;0;1;1;0;2;2;3;-11,239906;-45,036891;"SPRF-BA";"DEL10-BA";"UOP01-DEL10-BA"
767254;2026-04-24;"sexta-feira";"20:30:00";"BA";135;258;"SAO DESIDERIO";"Demais falhas mecânicas ou elétricas";"Colisão frontal";"Com Vítimas Fatais";"Plena Noite";"Crescente";"Céu Claro";"Simples";"Aclive;Reta";"Não";4;1;1;2;0;0;3;2;-12,63778;-44,71275;"SPRF-BA";"DEL10-BA";"UOP02-DEL10-BA"
767261;2026-04-24;"sexta-feira";"23:40:00";"BA";235;125;"JEREMOABO";"Transitar na contramão";"Colisão frontal";"Com Vítimas Fatais";"Plena Noite";"Crescente";"Céu Claro";"Simples";"Reta";"Não";3;1;0;1;0;1;1;2;-9,973904;-38,664673;"SPRF-BA";"DEL07-BA";"UOP03-DEL07-BA"
767263;2026-04-25;"sábado";"00:00:00";"ES";101;450;"MIMOSO DO SUL";"Reação tardia ou ineficiente do condutor";"Tombamento";"Com Vítimas Feridas";"Plena Noite";"Crescente";"Céu Claro";"Simples";"Curva";"Não";3;0;1;0;1;1;1;2;-21,1451;-41,2704;"SPRF-ES";"DEL03-ES";"UOP02-DEL03-ES"
767265;2026-04-25;"sábado";"01:30:00";"PR";376;505;"PONTA GROSSA";"Ausência de reação do condutor";"Colisão traseira";"Com Vítimas Feridas";"Plena Noite";"Decrescente";"Céu Claro";"Dupla";"Reta;Declive";"Não";3;0;1;0;1;3;1;5;-25,17376147;-50,10484311;"SPRF-PR";"DEL03-PR";"UOP03-DEL03-PR"
767267;2026-04-25;"sábado";"01:35:00";"GO";60;372;"RIO VERDE";"Reação tardia ou ineficiente do condutor";"Colisão traseira";"Com Vítimas Feridas";"Plena Noite";"Crescente";"Céu Claro";"Dupla";"Reta";"Não";3;0;2;0;0;1;2;3;-17,718003;-50,856637;"SPRF-GO";"DEL04-GO";"UOP02-DEL04-GO"
767272;2026-04-24;"sexta-feira";"22:50:00";"MA";135;54;"BACABEIRA";"Ausência de reação do condutor";"Saída de leito carroçável";"Com Vítimas Feridas";"Plena Noite";"Decrescente";"Garoa/Chuvisco";"Dupla";"Reta";"Não";1;0;1;0;0;0;1;1;-2,99112;-44,31265;"SPRF-MA";"DEL01-MA";"UOP02-DEL01-MA"
767274;2026-04-25;"sábado";"04:40:00";"CE";116;15,2;"FORTALEZA";"Ausência de reação do condutor";"Colisão traseira";"Sem Vítimas";"Plena Noite";"Crescente";"Nublado";"Dupla";"Reta";"Sim";2;0;0;0;0;2;0;2;-3,87870549;-38,50077152;"SPRF-CE";"DEL01-CE";"UOP02-DEL01-CE"
767276;2026-04-25;"sábado";"03:30:00";"MG";153;8,5;"ARAPORA";"Condutor Dormindo";"Saída de leito carroçável";"Com Vítimas Feridas";"Plena Noite";"Decrescente";"Céu Claro";"Dupla";"Reta";"Não";3;0;2;0;0;1;2;2;-18,49397261;-49,18869719;"SPRF-MG";"DEL15-MG";"UOP03-DEL15-MG"
767280;2026-04-25;"sábado";"02:24:00";"SP";116;511,9;"CAJATI";"Reação tardia ou ineficiente do condutor";"Colisão lateral mesmo sentido";"Com Vítimas Feridas";"Plena Noite";"Decrescente";"Céu Claro";"Dupla";"Curva;Declive";"Não";20;0;2;0;17;4;2;13;-24,847072;-48,214377;"SPRF-SP";"DEL05-SP";"UOP02-DEL05-SP"
767287;2026-04-25;"sábado";"06:45:00";"PE";101;46;"IGARASSU";"Manobra de mudança de faixa";"Colisão traseira";"Com Vítimas Feridas";"Pleno dia";"Crescente";"Céu Claro";"Múltipla";"Reta";"Sim";3;0;0;1;1;1;1;3;-7,88038;-34,905323;"SPRF-PE";"DEL01-PE";"UOP02-DEL01-PE"
767289;2026-04-25;"sábado";"00:20:00";"SP";116;108;"TAUBATE";"Pedestre - Ingestão de álcool/ substâncias psicoativas";"Atropelamento de Pedestre";"Com Vítimas Fatais";"Plena Noite";"Decrescente";"Céu Claro";"Dupla";"Reta";"Sim";2;1;0;0;0;1;0;2;-23,02417311;-45,53918076;"SPRF-SP";"DEL02-SP";"UOP02-DEL02-SP"
767293;2026-04-25;"sábado";"05:20:00";"MG";40;824,5;"SIMAO PEREIRA";"Restrição de visibilidade em curvas horizontais";"Colisão lateral mesmo sentido";"Com Vítimas Feridas";"Amanhecer";"Decrescente";"Céu Claro";"Dupla";"Curva;Aclive";"Não";3;0;0;1;1;1;1;3;-21,964919;-43,295935;"SPRF-MG";"DEL05-MG";"UOP01-DEL05-MG"
767296;2026-04-25;"sábado";"07:30:00";"MG";40;215;"SAO GONCALO DO ABAETE";"Restrição de visibilidade em curvas horizontais";"Colisão traseira";"Com Vítimas Feridas";"Pleno dia";"Crescente";"Céu Claro";"Simples";"Curva";"Não";6;0;4;0;1;3;4;5;-18,00581;-45,5635783;"SPRF-MG";"DEL14-MG";"UOP02-DEL14-MG"
767301;2026-04-25;"sábado";"08:15:00";"CE";222;223;"SOBRAL";"Reação tardia ou ineficiente do condutor";"Saída de leito carroçável";"Com Vítimas Feridas";"Pleno dia";"Crescente";"Chuva";"Simples";"Rotatória";"Sim";2;0;1;0;0;1;1;2;-3,71190517;-40,3435678;"SPRF-CE";"DEL04-CE";"UOP01-DEL04-CE"
767303;2026-04-25;"sábado";"06:20:00";"PA";163;652;"ITAITUBA";"Afundamento ou ondulação no pavimento";"Saída de leito carroçável";"Com Vítimas Feridas";"Amanhecer";"Crescente";"Nevoeiro/Neblina";"Simples";"Reta";"Não";5;0;3;0;0;4;3;5;-4,51459;-55,866111;"SPRF-PA";"DEL05-PA";"UOP02-DEL05-PA"
767308;2026-04-22;"quarta-feira";"05:00:00";"RO";364;556;"ALTO PARAISO";"Reação tardia ou ineficiente do condutor";"Tombamento";"Com Vítimas Feridas";"Plena Noite";"Crescente";"Nublado";"Simples";"Reta";"Não";3;0;1;0;1;2;1;3;-9,58846333;-63,0735805;"SPRF-RO";"DEL03-RO";"UOP01-DEL03-RO"
767313;2026-03-23;"segunda-feira";"17:00:00";"BA";101;397;"IBIRAPITANGA";"Velocidade Incompatível";"Tombamento";"Com Vítimas Feridas";"Anoitecer";"Decrescente";"Céu Claro";"Simples";"Declive;Curva";"Não";2;0;0;1;0;1;1;2;-13,98876292;-39,46604061;"SPRF-BA";"DEL05-BA";"UOP03-DEL05-BA"
767314;2026-04-25;"sábado";"09:30:00";"PE";101;46;"IGARASSU";"Reação tardia ou ineficiente do condutor";"Colisão traseira";"Com Vítimas Fatais";"Pleno dia";"Crescente";"Nublado";"Múltipla";"Declive;Reta";"Sim";3;1;0;0;1;1;0;3;-7,88070501;-34,90524888;"SPRF-PE";"DEL01-PE";"UOP02-DEL01-PE"
767318;2026-04-25;"sábado";"09:13:00";"TO";153;134;"ARAGUAINA";"Acessar a via sem observar a presença dos outros veículos";"Colisão transversal";"Com Vítimas Feridas";"Pleno dia";"Crescente";"Céu Claro";"Simples";"Reta";"Não";4;0;1;0;3;0;1;2;-7,12559;-48,19594;"SPRF-TO";"DEL02-TO";"UOP01-DEL02-TO"
767328;2026-04-25;"sábado";"11:50:00";"PR";277;125;"CAMPO LARGO";"Reação tardia ou ineficiente do condutor";"Colisão traseira";"Com Vítimas Feridas";"Pleno dia";"Decrescente";"Céu Claro";"Dupla";"Reta";"Sim";3;0;1;0;1;2;1;4;-25,4353;-49,5348;"SPRF-PR";"DEL01-PR";"UOP07-DEL01-PR"
767329;2026-04-25;"sábado";"11:50:00";"PR";376;139,5;"NOVA ESPERANCA";"Reação tardia ou ineficiente do condutor";"Colisão traseira";"Com Vítimas Feridas";"Pleno dia";"Crescente";"Sol";"Dupla";"Curva";"Não";2;0;0;1;1;0;1;2;-23,2242858;-52,1783599;"SPRF-PR";"DEL09-PR";"UOP02-DEL09-PR"
767334;2026-04-25;"sábado";"08:55:00";"AL";101;180,5;"JUNQUEIRO";"Demais falhas na via";"Tombamento";"Sem Vítimas";"Pleno dia";"Decrescente";"Garoa/Chuvisco";"Dupla";"Curva";"Não";2;0;0;0;1;3;0;4;-9,893597;-36,404832;"SPRF-AL";"DEL02-AL";"UOP02-DEL02-AL"
767339;2026-04-25;"sábado";"12:40:00";"PR";467;106,4;"CASCAVEL";"Condutor Dormindo";"Queda de ocupante de veículo";"Com Vítimas Feridas";"Pleno dia";"Crescente";"Céu Claro";"Dupla";"Em Obras;Aclive;Reta";"Não";2;0;1;0;1;0;1;2;-24,91863315;-53,48306277;"SPRF-PR";"DEL04-PR";"UOP01-DEL04-PR"
767349;2026-04-25;"sábado";"12:40:00";"SC";282;633,7;"DESCANSO";"Ausência de reação do condutor";"Saída de leito carroçável";"Com Vítimas Feridas";"Pleno dia";"Decrescente";"Nublado";"Simples";"Declive;Curva";"Não";2;0;0;1;0;1;1;2;-26,82666017;-53,41986028;"SPRF-SC";"DEL07-SC";"UOP03-DEL07-SC"
767362;2026-04-25;"sábado";"14:57:00";"SP";116;347;"MIRACATU";"Demais falhas mecânicas ou elétricas";"Colisão traseira";"Com Vítimas Feridas";"Pleno dia";"Crescente";"Céu Claro";"Dupla";"Curva";"Não";2;0;1;0;1;0;1;2;-24,03822406;-47,19193172;"SPRF-SP";"DEL04-SP";"UOP03-DEL04-SP"
767368;2026-04-25;"sábado";"15:34:00";"SP";116;568;"BARRA DO TURVO";"Velocidade Incompatível";"Tombamento";"Com Vítimas Feridas";"Pleno dia";"Decrescente";"Céu Claro";"Dupla";"Curva;Aclive";"Não";2;0;1;0;0;1;1;2;-25,055805;-48,5503943;"SPRF-SP";"DEL05-SP";"UOP02-DEL05-SP"
767370;2026-04-25;"sábado";"15:00:00";"PR";116;109;"CURITIBA";"Reação tardia ou ineficiente do condutor";"Colisão lateral mesmo sentido";"Com Vítimas Feridas";"Pleno dia";"Crescente";"Céu Claro";"Dupla";"Curva";"Não";2;0;1;0;0;1;1;2;-25,562152;-49,259647;"SPRF-PR";"DEL01-PR";"UOP03-DEL01-PR"
767371;2026-04-25;"sábado";"14:37:00";"SP";116;169;"JACAREI";"Reação tardia ou ineficiente do condutor";"Tombamento";"Com Vítimas Fatais";"Pleno dia";"Decrescente";"Céu Claro";"Dupla";"Declive;Interseção de Vias;Curva";"Não";2;1;0;0;0;1;0;2;-23,30744427;-46,04392023;"SPRF-SP";"DEL02-SP";"UOP01-DEL02-SP"
767373;2026-04-25;"sábado";"15:40:00";"PR";376;300;"MAUA DA SERRA";"Demais falhas mecânicas ou elétricas";"Incêndio";"Sem Vítimas";"Pleno dia";"Decrescente";"Céu Claro";"Dupla";"Aclive;Curva";"Não";2;0;0;0;1;1;0;2;-23,93818589;-51,14436313;"SPRF-PR";"DEL07-PR";"UOP02-DEL07-PR"
767377;2026-04-25;"sábado";"15:30:00";"MT";364;582;"NOBRES";"Ausência de reação do condutor";"Colisão traseira";"Com Vítimas Feridas";"Pleno dia";"Decrescente";"Chuva";"Dupla";"Curva;Declive";"Não";5;0;1;0;3;1;1;3;-14,578103;-56,22465;"SPRF-MT";"DEL01-MT";"UOP01-DEL01-MT"
767379;2026-04-25;"sábado";"14:35:00";"MG";116;715,6;"MURIAE";"Velocidade Incompatível";"Tombamento";"Com Vítimas Feridas";"Pleno dia";"Decrescente";"Sol";"Simples";"Curva";"Não";2;0;1;0;0;1;1;2;-21,211981;-42,389138;"SPRF-MG";"DEL07-MG";"UOP02-DEL07-MG"
767380;2026-04-25;"sábado";"16:10:00";"GO";153;574;"PROFESSOR JAMIL";"Condutor Dormindo";"Saída de leito carroçável";"Com Vítimas Feridas";"Pleno dia";"Crescente";"Céu Claro";"Dupla";"Reta";"Não";2;0;1;0;1;0;1;1;-17,3342667;-49,238995;"SPRF-GO";"DEL03-GO";"UOP01-DEL03-GO"
767382;2026-04-25;"sábado";"10:05:00";"MA";222;287,4;"VITORIA DO MEARIM";"Pista esburacada";"Colisão lateral sentido oposto";"Sem Vítimas";"Pleno dia";"Decrescente";"Chuva";"Simples";"Curva";"Não";3;0;0;0;1;2;0;3;-3,448425;-44,836477;"SPRF-MA";"DEL02-MA";"UOP01-DEL02-MA"
767392;2026-04-25;"sábado";"13:30:00";"MS";463;5,7;"DOURADOS";"Pista esburacada";"Saída de leito carroçável";"Com Vítimas Feridas";"Pleno dia";"Decrescente";"Céu Claro";"Simples";"Reta";"Não";3;0;1;0;1;1;1;3;-22,2569466;-54,85962264;"SPRF-MS";"DEL04-MS";"UOP01-DEL04-MS"
767395;2026-04-25;"sábado";"16:10:00";"PR";376;453,7;"TIBAGI";"Velocidade Incompatível";"Tombamento";"Com Vítimas Feridas";"Pleno dia";"Crescente";"Céu Claro";"Dupla";"Ponte;Declive;Curva";"Não";2;0;1;0;0;1;1;2;-24,94773916;-50,39496784;"SPRF-PR";"DEL03-PR";"UOP02-DEL03-PR"
767405;2026-04-25;"sábado";"20:05:00";"PR";277;4,5;"PARANAGUA";"Desrespeitar a preferência no cruzamento";"Colisão traseira";"Sem Vítimas";"Plena Noite";"Decrescente";"Nublado";"Simples";"Viaduto;Curva;Interseção de Vias";"Sim";3;0;0;0;1;5;0;6;-25,5543;-48,562758;"SPRF-PR";"DEL01-PR";"UOP05-DEL01-PR"
767408;2026-04-25;"sábado";"19:55:00";"SP";116;148;"SAO JOSE DOS CAMPOS";"Ausência de reação do condutor";"Capotamento";"Com Vítimas Feridas";"Plena Noite";"Decrescente";"Céu Claro";"Dupla";"Reta";"Sim";2;0;1;0;0;1;1;2;-23,20870262;-45,88833722;"SPRF-SP";"DEL02-SP";"UOP01-DEL02-SP"
767420;2026-03-08;"domingo";"14:40:00";"SP";116;565;"BARRA DO TURVO";"Reação tardia ou ineficiente do condutor";"Saída de leito carroçável";"Com Vítimas Feridas";"Pleno dia";"Crescente";"Chuva";"Simples";"Curva;Aclive";"Não";4;0;1;0;2;1;1;3;-25,03680285;-48,54848099;"SPRF-SP";"DEL05-SP";"UOP02-DEL05-SP"
767421;2026-04-25;"sábado";"18:30:00";"MG";40;638,5;"CONSELHEIRO LAFAIETE";"Manobra de mudança de faixa";"Saída de leito carroçável";"Com Vítimas Feridas";"Plena Noite";"Crescente";"Céu Claro";"Simples";"Reta";"Não";1;0;1;0;0;0;1;1;-20,722758;-43,801953;"SPRF-MG";"DEL05-MG";"UOP02-DEL05-MG"
767423;2026-04-25;"sábado";"21:27:00";"CE";222;128,5;"ITAPAJE";"Reação tardia ou ineficiente do condutor";"Capotamento";"Com Vítimas Feridas";"Plena Noite";"Crescente";"Nublado";"Simples";"Curva";"Não";3;0;1;0;1;1;1;2;-3,69184128;-39,60068174;"SPRF-CE";"DEL04-CE";"UOP03-DEL04-CE"
767426;2026-04-25;"sábado";"22:10:00";"MG";381;443;"SABARA";"Iluminação deficiente";"Atropelamento de Pedestre";"Com Vítimas Fatais";"Plena Noite";"Decrescente";"Céu Claro";"Simples";"Aclive;Reta";"Sim";2;1;0;0;1;0;0;2;-19,833952;-43,848386;"SPRF-MG";"DEL01-MG";"UOP01-DEL01-MG"
767436;2026-04-25;"sábado";"16:35:00";"MG";116;299;"ITAMBACURI";"Demais falhas mecânicas ou elétricas";"Incêndio";"Sem Vítimas";"Pleno dia";"Decrescente";"Céu Claro";"Simples";"Declive;Curva";"Não";2;0;0;0;1;1;0;2;-18,015617;-41,612167;"SPRF-MG";"DEL11-MG";"UOP01-DEL11-MG"
767440;2026-04-25;"sábado";"18:30:00";"PA";230;584;"VITORIA DO XINGU";"Curva acentuada";"Tombamento";"Com Vítimas Fatais";"Anoitecer";"Decrescente";"Céu Claro";"Simples";"Curva;Declive";"Não";2;1;0;0;0;1;0;2;-3,0947941;-51,85192734;"SPRF-PA";"DEL04-PA";"UOP01-DEL04-PA"
767443;2026-04-26;"domingo";"00:10:00";"MG";365;563,7;"INDIANOPOLIS";"Reação tardia ou ineficiente do condutor";"Saída de leito carroçável";"Com Vítimas Feridas";"Pleno dia";"Crescente";"Nublado";"Simples";"Reta";"Não";2;0;1;0;0;3;1;4;-18,9202;-47,7953;"SPRF-MG";"DEL15-MG";"UOP02-DEL15-MG"
767446;2026-04-26;"domingo";"00:50:00";"RJ";116;184;"NOVA IGUACU";"Ausência de reação do condutor";"Colisão traseira";"Com Vítimas Feridas";"Plena Noite";"Crescente";"Céu Claro";"Dupla";"Reta;Interseção de Vias";"Sim";3;0;2;0;1;0;2;2;-22,76023427;-43,42530727;"SPRF-RJ";"DEL06-RJ";"UOP01-DEL06-RJ"
767454;2026-04-26;"domingo";"01:20:00";"PA";230;150;"MARABA";"Transitar na contramão";"Colisão frontal";"Com Vítimas Feridas";"Plena Noite";"Crescente";"Céu Claro";"Simples";"Reta;Declive";"Não";2;0;0;1;1;0;1;2;-5,25245;-49,32761;"SPRF-PA";"DEL03-PA";"UOP01-DEL03-PA"
767461;2026-04-26;"domingo";"03:30:00";"BA";116;476;"SANTO ESTEVAO";"Acessar a via sem observar a presença dos outros veículos";"Colisão lateral mesmo sentido";"Sem Vítimas";"Plena Noite";"Decrescente";"Céu Claro";"Dupla";"Reta";"Não";5;0;0;0;3;2;0;5;-12,51091691;-39,37221594;"SPRF-BA";"DEL02-BA";"UOP01-DEL02-BA"
767465;2026-04-26;"domingo";"04:55:00";"PR";153;10,3;"JACAREZINHO";"Ausência de reação do condutor";"Colisão traseira";"Com Vítimas Feridas";"Plena Noite";"Crescente";"Céu Claro";"Simples";"Reta";"Não";4;0;1;0;1;2;1;3;-23,08015525;-49,93551906;"SPRF-PR";"DEL07-PR";"UOP04-DEL07-PR"
767471;2026-04-25;"sábado";"19:45:00";"CE";222;297,9;"TIANGUA";"Pista Escorregadia";"Colisão lateral sentido oposto";"Com Vítimas Feridas";"Plena Noite";"Crescente";"Chuva";"Simples";"Declive;Curva";"Não";3;0;1;0;1;1;1;3;-3,64888548;-40,9298199;"SPRF-CE";"DEL04-CE";"UOP02-DEL04-CE"
767472;2026-04-26;"domingo";"04:30:00";"MT";364;541,7;"ROSARIO OESTE";"Falta de acostamento";"Colisão lateral mesmo sentido";"Com Vítimas Fatais";"Plena Noite";"Decrescente";"Nublado";"Simples";"Reta";"Não";3;1;0;0;0;2;0;3;-14,847218;-56,44754;"SPRF-MT";"DEL01-MT";"UOP01-DEL01-MT"
767476;2026-04-26;"domingo";"07:30:00";"GO";452;62;"MAURILANDIA";"Demais falhas mecânicas ou elétricas";"Derramamento de carga";"Com Vítimas Feridas";"Pleno dia";"Crescente";"Céu Claro";"Simples";"Curva";"Não";4;0;1;0;2;2;1;4;-18,001752;-50,375877;"SPRF-GO";"DEL04-GO";"UOP01-DEL04-GO"
767479;2026-04-26;"domingo";"08:15:00";"SP";116;137,8;"SAO JOSE DOS CAMPOS";"Trafegar com motocicleta (ou similar) entre as faixas";"Engavetamento";"Com Vítimas Feridas";"Pleno dia";"Decrescente";"Céu Claro";"Múltipla";"Reta";"Sim";7;0;0;2;4;1;2;5;-23,15515;-45,79066;"SPRF-SP";"DEL02-SP";"UOP01-DEL02-SP"
767480;2026-03-11;"quarta-feira";"09:00:00";"MG";153;140,8;"PRATA";"Ausência de reação do condutor";"Saída de leito carroçável";"Sem Vítimas";"Pleno dia";"Crescente";"Nublado";"Simples";"Reta;Declive";"Não";1;0;0;0;1;0;0;1;-19,570029;-48,8264726;"SPRF-MG";"DEL15-MG";"UOP03-DEL15-MG"
767482;2026-04-26;"domingo";"07:45:00";"SP";116;562;"BARRA DO TURVO";"Ausência de reação do condutor";"Tombamento";"Com Vítimas Feridas";"Pleno dia";"Crescente";"Nublado";"Dupla";"Reta";"Não";2;0;1;0;0;1;1;2;-25,02453519;-48,52299437;"SPRF-SP";"DEL05-SP";"UOP02-DEL05-SP"
767484;2026-04-26;"domingo";"07:20:00";"GO";364;270;"MINEIROS";"Ausência de reação do condutor";"Saída de leito carroçável";"Com Vítimas Feridas";"Pleno dia";"Crescente";"Céu Claro";"Simples";"Curva;Declive";"Não";2;0;1;0;0;2;1;3;-17,666843;-52,317708;"SPRF-GO";"DEL05-GO";"UOP01-DEL05-GO"
767485;2026-04-26;"domingo";"08:26:00";"RN";110;52;"MOSSORO";"Conversão proibida";"Colisão transversal";"Com Vítimas Feridas";"Pleno dia";"Crescente";"Céu Claro";"Simples";"Reta";"Sim";3;0;2;0;1;0;2;2;-5,239963;-37,332017;"SPRF-RN";"DEL04-RN";"UOP01-DEL04-RN"
767490;2026-04-26;"domingo";"07:10:00";"RJ";40;108;"DUQUE DE CAXIAS";"Carga excessiva e/ou mal acondicionada";"Derramamento de carga";"Sem Vítimas";"Pleno dia";"Crescente";"Céu Claro";"Simples";"Curva;Viaduto";"Não";1;0;0;0;1;0;0;1;-22,67083874;-43,28411256;"SPRF-RJ";"DEL01-RJ";"UOP02-DEL01-RJ"
767494;2026-04-26;"domingo";"07:55:00";"SC";280;170;"MAFRA";"Reação tardia ou ineficiente do condutor";"Colisão traseira";"Com Vítimas Feridas";"Pleno dia";"Crescente";"Garoa/Chuvisco";"Simples";"Reta";"Sim";3;0;2;0;0;1;2;2;-26,13994;-49,8127;"SPRF-SC";"DEL06-SC";"UOP01-DEL06-SC"
767510;2026-03-26;"quinta-feira";"06:15:00";"PA";316;33;"SANTA IZABEL DO PARA";"Condutor deixou de manter distância do veículo da frente";"Colisão traseira";"Com Vítimas Feridas";"Amanhecer";"Crescente";"Nevoeiro/Neblina";"Dupla";"Retorno Regulamentado";"Sim";4;0;1;0;2;1;1;4;-1,295285;-48,17311;"SPRF-PA";"DEL01-PA";"UOP01-DEL01-PA"
767511;2026-04-26;"domingo";"11:05:00";"SC";470;60,2;"BLUMENAU";"Desrespeitar a preferência no cruzamento";"Colisão transversal";"Com Vítimas Feridas";"Pleno dia";"Decrescente";"Garoa/Chuvisco";"Simples";"Reta";"Sim";5;0;2;0;2;1;2;3;-26,88070818;-49,16711211;"SPRF-SC";"DEL04-SC";"UOP01-DEL04-SC"
767513;2026-04-26;"domingo";"10:00:00";"RS";285;252;"AGUA SANTA";"Ultrapassagem Indevida";"Colisão frontal";"Com Vítimas Feridas";"Pleno dia";"Decrescente";"Nublado";"Simples";"Aclive;Reta";"Não";4;0;2;0;1;1;2;3;-28,296614;-52,007867;"SPRF-RS";"DEL08-RS";"UOP03-DEL08-RS"