"id";"data_inversa";"dia_semana";"horario";"uf";"br";"km";"municipio";"causa_acidente";"tipo_acidente";"classificacao_acidente";"fase_dia";"sentido_via";"condicao_metereologica";"tipo_pista";"tracado_via";"uso_solo";"pessoas";"mortos";"feridos_leves";"feridos_graves";"ilesos";"ignorados";"feridos";"veiculos";"latitude";"longitude";"regional";"delegacia";"uop"
767521;2026-04-26;"domingo";"12:15:00";"SP";116;213;"GUARULHOS";"Ausência de reação do condutor";"Colisão lateral mesmo sentido";"Com Vítimas Feridas";"Pleno dia";"Decrescente";"Céu Claro";"Múltipla";"Reta";"Não";3;0;0;1;1;2;1;4;-23,44143972;-46,44084899;"SPRF-SP";"DEL01-SP";"UOP01-DEL01-SP"
767527;2026-04-26;"domingo";"09:30:00";"MT";364;615;"DIAMANTINO";"Ausência de reação do condutor";"Tombamento";"Com Vítimas Feridas";"Pleno dia";"Decrescente";"Céu Claro";"Simples";"Curva";"Não";2;0;1;0;0;2;1;3;-14,4773597;-56,2431642;"SPRF-MT";"DEL01-MT";"UOP01-DEL01-MT"
767536;2026-02-12;"quinta-feira";"12:00:00";"MG";262;361,5;"BETIM";"Reação tardia ou ineficiente do condutor";"Colisão traseira";"Sem Vítimas";"Pleno dia";"Decrescente";"Céu Claro";"Dupla";"Reta;Em Obras";"Não";2;0;0;0;2;0;0;2;-19,9740748;-44,26940918;"SPRF-MG";"DEL01-MG";"UOP03-DEL01-MG"
767545;2026-04-26;"domingo";"13:45:00";"SC";101;157;"PORTO BELO";"Carga excessiva e/ou mal acondicionada";"Colisão com objeto";"Sem Vítimas";"Pleno dia";"Crescente";"Céu Claro";"Múltipla";"Reta";"Sim";1;0;0;0;1;0;0;1;-27,18509173;-48,61248342;"SPRF-SC";"DEL04-SC";"UOP03-DEL04-SC"
767553;2026-04-26;"domingo";"11:10:00";"BA";324;558;"SANTO AMARO";"Demais falhas mecânicas ou elétricas";"Incêndio";"Sem Vítimas";"Pleno dia";"Crescente";"Sol";"Dupla";"Reta";"Não";2;0;0;0;1;1;0;2;-12,49068503;-38,65553498;"SPRF-BA";"DEL11-BA";"UOP02-DEL11-BA"
767559;2026-04-03;"sexta-feira";"10:00:00";"GO";153;669;"ITUMBIARA";"Reação tardia ou ineficiente do condutor";"Colisão lateral mesmo sentido";"Com Vítimas Feridas";"Pleno dia";"Crescente";"Céu Claro";"Dupla";"Reta";"Não";7;0;1;0;5;1;1;3;-18,29109894;-49,23860457;"SPRF-GO";"DEL03-GO";"UOP02-DEL03-GO"
767569;2026-04-26;"domingo";"16:30:00";"MG";365;511;"PATROCINIO";"Mal súbito do condutor";"Saída de leito carroçável";"Com Vítimas Feridas";"Pleno dia";"Crescente";"Céu Claro";"Simples";"Reta";"Não";1;0;1;0;0;0;1;1;-18,94006233;-47,30609894;"SPRF-MG";"DEL10-MG";"UOP01-DEL10-MG"
767573;2026-04-26;"domingo";"13:25:00";"SP";116;409;"JUQUIA";"Demais falhas mecânicas ou elétricas";"Incêndio";"Sem Vítimas";"Pleno dia";"Decrescente";"Céu Claro";"Dupla";"Reta";"Sim";1;0;0;0;0;1;0;1;-24,33172733;-47,61431124;"SPRF-SP";"DEL05-SP";"UOP01-DEL05-SP"
767576;2026-04-26;"domingo";"17:05:00";"SP";116;529;"BARRA DO TURVO";"Frear bruscamente";"Colisão traseira";"Com Vítimas Feridas";"Pleno dia";"Decrescente";"Sol";"Dupla";"Reta";"Não";7;0;1;3;2;2;4;4;-24,93899895;-48,30074184;"SPRF-SP";"DEL05-SP";"UOP02-DEL05-SP"
767580;2026-02-27;"sexta-feira";"02:45:00";"SP";116;349;"MIRACATU";"Demais falhas mecânicas ou elétricas";"Incêndio";"Sem Vítimas";"Plena Noite";"Decrescente";"Garoa/Chuvisco";"Dupla";"Reta;Aclive";"Não";2;0;0;0;1;1;0;2;-24,056167;-47,219607;"SPRF-SP";"DEL04-SP";"UOP03-DEL04-SP"
767583;2026-04-26;"domingo";"16:45:00";"RS";116;121,7;"SAO MARCOS";"Ausência de reação do condutor";"Tombamento";"Com Vítimas Feridas";"Pleno dia";"Crescente";"Céu Claro";"Simples";"Aclive;Curva";"Não";2;0;1;0;0;1;1;2;-29,01027451;-51,07027385;"SPRF-RS";"DEL05-RS";"UOP01-DEL05-RS"
767584;2026-04-26;"domingo";"16:25:00";"MT";174;499;"COMODORO";"Demais falhas mecânicas ou elétricas";"Incêndio";"Sem Vítimas";"Pleno dia";"Decrescente";"Céu Claro";"Simples";"Reta";"Sim";3;0;0;0;1;2;0;3;-13,6690449;-59,7929491;"SPRF-MT";"DEL04-MT";"UOP02-DEL04-MT"
767585;2026-04-26;"domingo";"16:10:00";"MT";163;1081;"GUARANTA DO NORTE";"Velocidade Incompatível";"Tombamento";"Sem Vítimas";"Pleno dia";"Decrescente";"Céu Claro";"Simples";"Ponte;Reta;Declive";"Não";2;0;0;0;1;3;0;4;-9,817428;-54,88634;"SPRF-MT";"DEL06-MT";"UOP03-DEL06-MT"
767593;2026-04-26;"domingo";"17:30:00";"MG";381;636,2;"SANTO ANTONIO DO AMPARO";"Acesso irregular";"Tombamento";"Com Vítimas Fatais";"Plena Noite";"Crescente";"Céu Claro";"Dupla";"Reta";"Não";2;1;0;0;0;1;0;2;-20,867585;-44,842132;"SPRF-MG";"DEL04-MG";"UOP01-DEL04-MG"
767594;2026-04-26;"domingo";"12:00:00";"MT";364;135;"PEDRA PRETA";"Demais falhas mecânicas ou elétricas";"Saída de leito carroçável";"Com Vítimas Feridas";"Pleno dia";"Decrescente";"Céu Claro";"Dupla";"Declive";"Não";2;0;1;0;0;2;1;3;-16,7876632;-54,1686747;"SPRF-MT";"DEL02-MT";"UOP01-DEL02-MT"
767597;2026-04-26;"domingo";"15:45:00";"SC";116;12,4;"MAFRA";"Acessar a via sem observar a presença dos outros veículos";"Colisão transversal";"Com Vítimas Feridas";"Pleno dia";"Crescente";"Chuva";"Simples";"Interseção de Vias";"Não";4;0;2;1;1;0;3;2;-26,17981;-49,87132;"SPRF-SC";"DEL06-SC";"UOP01-DEL06-SC"
767600;2026-04-26;"domingo";"18:27:00";"PR";116;57;"CAMPINA GRANDE DO SUL";"Manobra de mudança de faixa";"Colisão lateral mesmo sentido";"Com Vítimas Feridas";"Plena Noite";"Decrescente";"Chuva";"Dupla";"Curva";"Não";5;0;2;0;2;1;2;3;-25,29745622;-48,93895721;"SPRF-PR";"DEL01-PR";"UOP02-DEL01-PR"
767618;2026-04-26;"domingo";"18:00:00";"MS";158;44,9;"PARANAIBA";"Transitar na contramão";"Colisão frontal";"Com Vítimas Feridas";"Plena Noite";"Decrescente";"Céu Claro";"Simples";"Reta";"Não";3;0;1;0;1;1;1;3;-19,33346;-51,439552;"SPRF-MS";"DEL08-MS";"UOP01-DEL08-MS"
767625;2026-04-23;"quinta-feira";"05:30:00";"MG";354;745;"POUSO ALTO";"Condutor Dormindo";"Colisão frontal";"Com Vítimas Feridas";"Amanhecer";"Crescente";"Céu Claro";"Simples";"Reta";"Não";2;0;1;0;1;0;1;2;-22,25639447;-44,92558301;"SPRF-MG";"DEL17-MG";"UOP01-DEL17-MG"
767629;2026-04-26;"domingo";"18:30:00";"MG";381;428;"SABARA";"Reação tardia ou ineficiente do condutor";"Tombamento";"Com Vítimas Feridas";"Plena Noite";"Crescente";"Céu Claro";"Simples";"Curva";"Não";3;0;3;0;0;0;3;1;-19,78510776;-43,72350153;"SPRF-MG";"DEL01-MG";"UOP01-DEL01-MG"
767657;2026-04-26;"domingo";"21:15:00";"MG";381;810;"CAREACU";"Ausência de reação do condutor";"Saída de leito carroçável";"Com Vítimas Feridas";"Plena Noite";"Decrescente";"Céu Claro";"Dupla";"Declive";"Não";1;0;1;0;0;0;1;1;-22,00527129;-45,6747923;"SPRF-MG";"DEL16-MG";"UOP02-DEL16-MG"
767664;2026-04-26;"domingo";"19:33:00";"RN";226;342;"PATU";"Ausência de sinalização";"Colisão lateral sentido oposto";"Com Vítimas Feridas";"Plena Noite";"Crescente";"Céu Claro";"Simples";"Reta";"Sim";2;0;0;1;0;1;1;2;-6,095212;-37,642745;"SPRF-RN";"DEL04-RN";"UOP01-DEL04-RN"
767670;2026-04-26;"domingo";"22:40:00";"BA";116;802;"VITORIA DA CONQUISTA";"Pista esburacada";"Queda de ocupante de veículo";"Com Vítimas Feridas";"Plena Noite";"Decrescente";"Céu Claro";"Simples";"Reta";"Não";5;0;3;0;1;1;3;4;-14,75644861;-40,68991801;"SPRF-BA";"DEL08-BA";"UOP02-DEL08-BA"
767675;2026-04-26;"domingo";"22:00:00";"PI";343;520;"AMARANTE";"Condutor Dormindo";"Saída de leito carroçável";"Com Vítimas Feridas";"Plena Noite";"Decrescente";"Céu Claro";"Simples";"Reta";"Não";1;0;1;0;0;0;1;1;-6,399823;-42,795967;"SPRF-PI";"DEL03-PI";"UOP01-DEL03-PI"
767678;2026-04-27;"segunda-feira";"01:15:00";"SC";101;58;"ARAQUARI";"Chuva";"Colisão traseira";"Com Vítimas Feridas";"Plena Noite";"Crescente";"Chuva";"Múltipla";"Curva";"Não";3;0;1;0;2;0;1;2;-26,44122695;-48,80190468;"SPRF-SC";"DEL03-SC";"UOP02-DEL03-SC"
767679;2026-04-26;"domingo";"22:30:00";"PR";116;42,6;"CAMPINA GRANDE DO SUL";"Velocidade Incompatível";"Saída de leito carroçável";"Com Vítimas Fatais";"Plena Noite";"Decrescente";"Chuva";"Dupla";"Curva";"Não";3;2;1;0;0;0;1;1;-25,18185446;-48,87934017;"SPRF-PR";"DEL01-PR";"UOP02-DEL01-PR"
767682;2026-04-27;"segunda-feira";"03:00:00";"MG";381;289;"ANTONIO DIAS";"Demais falhas mecânicas ou elétricas";"Incêndio";"Sem Vítimas";"Plena Noite";"Decrescente";"Céu Claro";"Simples";"Curva;Em Obras";"Não";2;0;0;0;1;1;0;2;-19,637533;-42,828739;"SPRF-MG";"DEL03-MG";"UOP02-DEL03-MG"
767687;2026-04-26;"domingo";"20:50:00";"SC";280;92;"CORUPA";"Ausência de reação do condutor";"Colisão com objeto";"Com Vítimas Feridas";"Plena Noite";"Decrescente";"Chuva";"Simples";"Curva;Declive";"Não";1;0;1;0;0;0;1;1;-26,39720945;-49,29984793;"SPRF-SC";"DEL06-SC";"UOP03-DEL06-SC"
767689;2026-04-26;"domingo";"18:20:00";"SC";280;91;"CORUPA";"Pista Escorregadia";"Colisão lateral sentido oposto";"Com Vítimas Feridas";"Plena Noite";"Crescente";"Chuva";"Múltipla";"Curva;Declive";"Não";5;0;1;0;4;0;1;2;-26,39677969;-49,29442819;"SPRF-SC";"DEL06-SC";"UOP03-DEL06-SC"
767690;2026-04-27;"segunda-feira";"04:00:00";"GO";364;256;"JATAI";"Condutor Dormindo";"Colisão lateral sentido oposto";"Com Vítimas Feridas";"Plena Noite";"Decrescente";"Céu Claro";"Simples";"Reta";"Não";3;0;0;1;1;1;1;3;-17,67687;-52,213491;"SPRF-GO";"DEL05-GO";"UOP01-DEL05-GO"
767691;2026-04-27;"segunda-feira";"05:40:00";"BA";116;630,2;"JAGUAQUARA";"Manobra de mudança de faixa";"Colisão frontal";"Com Vítimas Fatais";"Amanhecer";"Crescente";"Céu Claro";"Simples";"Reta";"Não";7;2;0;2;2;2;2;5;-13,4971832;-40,0494158;"SPRF-BA";"DEL03-BA";"UOP01-DEL03-BA"
767693;2026-04-27;"segunda-feira";"05:40:00";"MG";40;525;"CONTAGEM";"Condutor deixou de manter distância do veículo da frente";"Colisão traseira";"Com Vítimas Fatais";"Amanhecer";"Decrescente";"Céu Claro";"Dupla";"Reta";"Sim";2;1;0;0;0;1;0;2;-19,89077914;-44,04998302;"SPRF-MG";"DEL01-MG";"UOP02-DEL01-MG"
767702;2026-04-27;"segunda-feira";"01:14:00";"MG";381;526;"BRUMADINHO";"Velocidade Incompatível";"Tombamento";"Com Vítimas Feridas";"Plena Noite";"Crescente";"Céu Claro";"Dupla";"Curva;Declive";"Não";3;0;1;0;1;1;1;2;-20,156953;-44,328402;"SPRF-MG";"DEL04-MG";"UOP03-DEL04-MG"
767707;2026-04-27;"segunda-feira";"07:25:00";"MG";262;186;"SAO DOMINGOS DO PRATA";"Demais falhas mecânicas ou elétricas";"Incêndio";"Sem Vítimas";"Amanhecer";"Crescente";"Céu Claro";"Simples";"Aclive;Reta";"Não";2;0;0;0;1;1;0;2;-19,894448;-43,040921;"SPRF-MG";"DEL03-MG";"UOP01-DEL03-MG"
767709;2026-04-27;"segunda-feira";"07:15:00";"RS";290;107;"ELDORADO DO SUL";"Manobra de mudança de faixa";"Colisão lateral mesmo sentido";"Com Vítimas Feridas";"Pleno dia";"Decrescente";"Céu Claro";"Dupla";"Reta";"Não";2;0;1;0;0;1;1;2;-30,00338523;-51,30915491;"SPRF-RS";"DEL02-RS";"UOP01-DEL02-RS"
767710;2026-04-26;"domingo";"21:30:00";"RR";174;133,2;"RORAINOPOLIS";"Carga excessiva e/ou mal acondicionada";"Tombamento";"Sem Vítimas";"Plena Noite";"Crescente";"Céu Claro";"Simples";"Reta";"Não";2;0;0;0;1;2;0;3;0,254293;-60,516292;"SPRF-RR";"DEL01-RR";"UOP02-DEL01-RR"
767712;2026-04-26;"domingo";"12:00:00";"PR";476;181;"LAPA";"Avarias e/ou desgaste excessivo no pneu";"Colisão transversal";"Com Vítimas Feridas";"Pleno dia";"Crescente";"Garoa/Chuvisco";"Simples";"Curva";"Não";4;0;1;0;2;1;1;3;-25,71156871;-49,60618822;"SPRF-PR";"DEL01-PR";"UOP06-DEL01-PR"
767714;2026-04-27;"segunda-feira";"07:28:00";"RS";116;484,1;"TURUCU";"Ausência de reação do condutor";"Colisão traseira";"Com Vítimas Fatais";"Amanhecer";"Decrescente";"Céu Claro";"Dupla";"Reta";"Sim";3;1;0;0;1;3;0;5;-31,423735;-52,179577;"SPRF-RS";"DEL07-RS";"UOP01-DEL07-RS"
767717;2026-04-27;"segunda-feira";"07:00:00";"RS";392;193,7;"SANTANA DA BOA VISTA";"Reação tardia ou ineficiente do condutor";"Tombamento";"Com Vítimas Feridas";"Pleno dia";"Crescente";"Céu Claro";"Simples";"Reta";"Não";3;0;2;0;0;3;2;4;-30,91268195;-53,10597897;"SPRF-RS";"DEL09-RS";"UOP02-DEL09-RS"
767719;2026-04-01;"quarta-feira";"12:50:00";"BA";116;646;"JAGUAQUARA";"Acessar a via sem observar a presença dos outros veículos";"Colisão lateral mesmo sentido";"Com Vítimas Feridas";"Pleno dia";"Decrescente";"Céu Claro";"Simples";"Reta";"Não";2;0;0;1;1;0;1;2;-13,62311632;-40,14007062;"SPRF-BA";"DEL03-BA";"UOP01-DEL03-BA"
767733;2026-04-27;"segunda-feira";"06:50:00";"PR";369;352,6;"CAMPO MOURAO";"Ultrapassagem Indevida";"Colisão frontal";"Com Vítimas Feridas";"Amanhecer";"Crescente";"Nublado";"Simples";"Reta";"Não";7;0;2;2;2;1;4;4;-24,1416235;-52,45091915;"SPRF-PR";"DEL09-PR";"UOP03-DEL09-PR"
767743;2026-04-27;"segunda-feira";"08:30:00";"MG";381;488,5;"BETIM";"Ausência de reação do condutor";"Colisão traseira";"Com Vítimas Feridas";"Pleno dia";"Decrescente";"Céu Claro";"Múltipla";"Aclive;Reta";"Não";3;0;1;0;1;1;1;3;-19,95677846;-44,1261186;"SPRF-MG";"DEL01-MG";"UOP03-DEL01-MG"
767744;2026-04-27;"segunda-feira";"09:07:00";"RJ";116;184;"NOVA IGUACU";"Condutor deixou de manter distância do veículo da frente";"Colisão traseira";"Com Vítimas Fatais";"Pleno dia";"Decrescente";"Céu Claro";"Múltipla";"Reta";"Não";3;1;0;0;1;1;0;3;-22,73827509;-43,48151255;"SPRF-RJ";"DEL06-RJ";"UOP01-DEL06-RJ"
767745;2026-04-27;"segunda-feira";"08:50:00";"MG";40;517;"RIBEIRAO DAS NEVES";"Manobra de mudança de faixa";"Colisão lateral mesmo sentido";"Com Vítimas Feridas";"Pleno dia";"Decrescente";"Céu Claro";"Dupla";"Retorno Regulamentado;Reta";"Sim";2;0;1;0;1;0;1;2;-19,82954738;-44,08338928;"SPRF-MG";"DEL01-MG";"UOP02-DEL01-MG"
767747;2026-04-27;"segunda-feira";"08:43:00";"RJ";40;124;"RIO DE JANEIRO";"Reação tardia ou ineficiente do condutor";"Colisão traseira";"Com Vítimas Feridas";"Pleno dia";"Crescente";"Céu Claro";"Múltipla";"Reta";"Sim";4;0;2;0;1;1;2;3;-22,812567;-43,288116;"SPRF-RJ";"DEL01-RJ";"UOP02-DEL01-RJ"
767751;2026-04-27;"segunda-feira";"05:30:00";"MA";222;386,2;"SANTA INES";"Pedestre andava na pista";"Atropelamento de Pedestre";"Com Vítimas Feridas";"Amanhecer";"Crescente";"Nublado";"Simples";"Declive";"Não";2;0;0;1;0;1;1;2;-3,84338;-45,516048;"SPRF-MA";"DEL02-MA";"UOP01-DEL02-MA"
767754;2026-04-10;"sexta-feira";"18:30:00";"MA";10;251;"IMPERATRIZ";"Estacionar ou parar em local proibido";"Tombamento";"Com Vítimas Feridas";"Plena Noite";"Decrescente";"Céu Claro";"Simples";"Reta";"Sim";4;0;1;1;1;3;2;5;-5,536348;-47,469485;"SPRF-MA";"DEL04-MA";"UOP01-DEL04-MA"
767756;2026-04-23;"quinta-feira";"08:30:00";"PR";116;112;"CURITIBA";"Trafegar com motocicleta (ou similar) entre as faixas";"Colisão traseira";"Com Vítimas Feridas";"Pleno dia";"Crescente";"Céu Claro";"Dupla";"Reta";"Não";4;0;0;1;1;2;1;3;-25,554462;-49,274268;"SPRF-PR";"DEL01-PR";"UOP03-DEL01-PR"
767757;2026-04-27;"segunda-feira";"09:40:00";"BA";116;775;"PLANALTO";"Manobra de mudança de faixa";"Colisão lateral mesmo sentido";"Com Vítimas Fatais";"Pleno dia";"Crescente";"Céu Claro";"Simples";"Curva";"Não";2;1;0;0;1;0;0;2;-14,66383;-40,46258;"SPRF-BA";"DEL08-BA";"UOP02-DEL08-BA"
767758;2026-04-27;"segunda-feira";"09:55:00";"RS";386;33,9;"FREDERICO WESTPHALEN";"Condutor deixou de manter distância do veículo da frente";"Engavetamento";"Com Vítimas Feridas";"Pleno dia";"Crescente";"Sol";"Simples";"Interseção de Vias;Reta";"Sim";7;0;5;0;1;1;5;3;-27,35943783;-53,38872671;"SPRF-RS";"DEL08-RS";"UOP02-DEL08-RS"
767764;2026-04-27;"segunda-feira";"10:03:00";"PI";343;255;"CAMPO MAIOR";"Ausência de reação do condutor";"Colisão frontal";"Com Vítimas Fatais";"Pleno dia";"Decrescente";"Céu Claro";"Simples";"Reta";"Não";6;4;0;0;1;1;0;3;-4,755134;-42,110648;"SPRF-PI";"DEL01-PI";"UOP03-DEL01-PI"
767765;2026-04-27;"segunda-feira";"10:00:00";"MT";364;120;"PEDRA PRETA";"Acostamento em desnível";"Saída de leito carroçável";"Com Vítimas Feridas";"Pleno dia";"Crescente";"Céu Claro";"Simples";"Reta";"Não";2;0;1;0;0;3;1;4;-16,828362;-54,045057;"SPRF-MT";"DEL02-MT";"UOP02-DEL02-MT"
767767;2026-04-27;"segunda-feira";"11:20:00";"MG";50;189;"UBERABA";"Reação tardia ou ineficiente do condutor";"Colisão traseira";"Com Vítimas Feridas";"Pleno dia";"Decrescente";"Céu Claro";"Dupla";"Aclive;Reta";"Não";5;0;2;0;3;0;2;2;-19,843653;-47,879325;"SPRF-MG";"DEL13-MG";"UOP01-DEL13-MG"
767770;2026-03-27;"sexta-feira";"06:50:00";"MG";116;814;"ALEM PARAIBA";"Acessar a via sem observar a presença dos outros veículos";"Colisão lateral mesmo sentido";"Com Vítimas Feridas";"Pleno dia";"Decrescente";"Ignorado";"Simples";"Reta";"Não";2;0;1;0;1;0;1;2;-21,859555;-42,663333;"SPRF-MG";"DEL07-MG";"UOP01-DEL07-MG"
767773;2026-04-27;"segunda-feira";"10:30:00";"TO";230;35;"NAZARE";"Reação tardia ou ineficiente do condutor";"Tombamento";"Com Vítimas Feridas";"Pleno dia";"Crescente";"Sol";"Simples";"Rotatória";"Não";1;0;1;0;0;0;1;1;-6,39946048;-47,66438842;"SPRF-TO";"DEL02-TO";"UOP03-DEL02-TO"
767788;2026-04-27;"segunda-feira";"14:00:00";"SP";381;63;"MAIRIPORA";"Manobra de mudança de faixa";"Engavetamento";"Com Vítimas Feridas";"Pleno dia";"Decrescente";"Céu Claro";"Múltipla";"Aclive;Reta";"Não";2;0;1;0;1;0;1;2;-23,25705;-46,59167;"SPRF-SP";"DEL03-SP";"UOP01-DEL03-SP"
767791;2026-04-27;"segunda-feira";"12:00:00";"SC";101;280;"IMBITUBA";"Objeto estático sobre o leito carroçável";"Tombamento";"Com Vítimas Feridas";"Pleno dia";"Crescente";"Céu Claro";"Múltipla";"Reta";"Sim";2;0;1;0;0;2;1;3;-28,19491965;-48,69743586;"SPRF-SC";"DEL02-SC";"UOP03-DEL02-SC"
767800;2026-04-27;"segunda-feira";"14:40:00";"RS";285;482;"ENTRE-IJUIS";"Ultrapassagem Indevida";"Colisão lateral mesmo sentido";"Com Vítimas Feridas";"Pleno dia";"Decrescente";"Céu Claro";"Simples";"Curva";"Não";4;0;1;0;2;3;1;6;-28,373647;-54,123887;"SPRF-RS";"DEL10-RS";"UOP01-DEL10-RS"
767801;2026-04-27;"segunda-feira";"14:15:00";"CE";222;39;"CAUCAIA";"Condutor Dormindo";"Colisão lateral sentido oposto";"Com Vítimas Feridas";"Pleno dia";"Decrescente";"Céu Claro";"Simples";"Reta;Ponte";"Não";6;0;4;0;1;2;4;4;-3,68802973;-38,90333589;"SPRF-CE";"DEL01-CE";"UOP01-DEL01-CE"
767805;2026-03-17;"terça-feira";"08:00:00";"SP";116;198;"ARUJA";"Reação tardia ou ineficiente do condutor";"Colisão traseira";"Com Vítimas Feridas";"Pleno dia";"Crescente";"Céu Claro";"Dupla";"Reta;Aclive";"Sim";2;0;1;0;0;1;1;2;-23,40105259;-46,30813326;"SPRF-SP";"DEL01-SP";"UOP01-DEL01-SP"
767807;2026-04-27;"segunda-feira";"15:00:00";"MG";40;6,9;"PARACATU";"Demais falhas mecânicas ou elétricas";"Colisão frontal";"Com Vítimas Feridas";"Pleno dia";"Decrescente";"Céu Claro";"Simples";"Reta;Declive";"Não";3;0;1;1;0;3;2;5;-17,067953;-47,11097;"SPRF-MG";"DEL14-MG";"UOP01-DEL14-MG"
767815;2026-04-27;"segunda-feira";"13:00:00";"PI";343;2,7;"TERESINA";"Ausência de reação do condutor";"Colisão lateral mesmo sentido";"Sem Vítimas";"Pleno dia";"Crescente";"Céu Claro";"Múltipla";"Rotatória";"Não";8;0;0;0;5;3;0;8;-5,08092126;-42,77431279;"SPRF-PI";"DEL01-PI";"UOP01-DEL01-PI"
767818;2026-04-27;"segunda-feira";"16:10:00";"CE";116;65;"CHOROZINHO";"Acessar a via sem observar a presença dos outros veículos";"Colisão transversal";"Com Vítimas Feridas";"Pleno dia";"Decrescente";"Céu Claro";"Simples";"Interseção de Vias";"Sim";2;0;0;1;1;0;1;2;-4,29932482;-38,50172136;"SPRF-CE";"DEL01-CE";"UOP04-DEL01-CE"
767819;2026-04-27;"segunda-feira";"16:30:00";"MG";40;446,7;"CAETANOPOLIS";"Ausência de reação do condutor";"Saída de leito carroçável";"Com Vítimas Feridas";"Pleno dia";"Decrescente";"Céu Claro";"Múltipla";"Reta";"Sim";1;0;0;1;0;0;1;1;-19,293056;-44,385005;"SPRF-MG";"DEL02-MG";"UOP01-DEL02-MG"
767820;2026-04-27;"segunda-feira";"11:50:00";"RJ";101;332;"RIO DE JANEIRO";"Reação tardia ou ineficiente do condutor";"Colisão traseira";"Com Vítimas Feridas";"Pleno dia";"Crescente";"Céu Claro";"Dupla";"Reta;Ponte";"Não";3;0;1;0;2;0;1;2;-22,869947;-43,202832;"SPRF-RJ";"DEL02-RJ";"UOP01-DEL02-RJ"
767828;2026-04-15;"quarta-feira";"12:00:00";"PI";135;360,4;"BOM JESUS";"Reação tardia ou ineficiente do condutor";"Tombamento";"Com Vítimas Feridas";"Pleno dia";"Decrescente";"Céu Claro";"Simples";"Curva;Declive";"Não";2;0;0;1;0;2;1;3;-9,136332;-44,38906;"SPRF-PI";"DEL03-PI";"UOP02-DEL03-PI"
767834;2026-04-27;"segunda-feira";"16:00:00";"SC";470;141;"RIO DO SUL";"Ausência de reação do condutor";"Colisão traseira";"Com Vítimas Feridas";"Pleno dia";"Decrescente";"Céu Claro";"Simples";"Reta";"Sim";2;0;1;0;1;0;1;2;-27,2045857;-49,6410337;"SPRF-SC";"DEL04-SC";"UOP02-DEL04-SC"
767840;2026-04-27;"segunda-feira";"17:45:00";"MG";365;628;"UBERLANDIA";"Estacionar ou parar em local proibido";"Atropelamento de Pedestre";"Com Vítimas Feridas";"Pleno dia";"Crescente";"Céu Claro";"Dupla";"Aclive;Reta";"Sim";4;0;0;1;0;4;1;5;-18,905595;-48,322049;"SPRF-MG";"DEL15-MG";"UOP01-DEL15-MG"
767841;2026-04-27;"segunda-feira";"17:50:00";"MG";381;355,5;"SAO GONCALO DO RIO ABAIXO";"Pedestre andava na pista";"Atropelamento de Pedestre";"Com Vítimas Fatais";"Anoitecer";"Decrescente";"Céu Claro";"Múltipla";"Aclive;Reta";"Não";5;1;0;0;1;3;0;3;-19,854861;-43,21713;"SPRF-MG";"DEL03-MG";"UOP01-DEL03-MG"
767843;2026-04-27;"segunda-feira";"18:00:00";"PB";101;95;"JOAO PESSOA";"Acessar a via sem observar a presença dos outros veículos";"Colisão lateral mesmo sentido";"Com Vítimas Feridas";"Plena Noite";"Decrescente";"Céu Claro";"Dupla";"Reta;Declive";"Não";2;0;1;0;1;0;1;2;-7,21168119;-34,91066605;"SPRF-PB";"DEL01-PB";"UOP01-DEL01-PB"
767844;2026-04-27;"segunda-feira";"15:20:00";"MT";364;268;"JACIARA";"Manobra de mudança de faixa";"Colisão lateral mesmo sentido";"Sem Vítimas";"Pleno dia";"Crescente";"Nublado";"Dupla";"Aclive;Reta";"Não";3;0;0;0;2;4;0;6;-15,97491843;-54,93721459;"SPRF-MT";"DEL02-MT";"UOP01-DEL02-MT"
767845;2026-04-27;"segunda-feira";"15:00:00";"BA";242;628;"MUQUEM DE SAO FRANCISCO";"Ultrapassagem Indevida";"Saída de leito carroçável";"Com Vítimas Feridas";"Pleno dia";"Crescente";"Céu Claro";"Simples";"Curva";"Não";5;0;2;1;1;1;3;2;-12,14439635;-43,37539673;"SPRF-BA";"DEL10-BA";"UOP01-DEL10-BA"
767847;2026-04-27;"segunda-feira";"12:50:00";"RS";392;0;"PELOTAS";"Desrespeitar a preferência no cruzamento";"Colisão transversal";"Sem Vítimas";"Pleno dia";"Decrescente";"Céu Claro";"Simples";"Rotatória";"Sim";2;0;0;0;1;1;0;2;-31,75647906;-52,39996791;"SPRF-RS";"DEL07-RS";"UOP01-DEL07-RS"
767848;2026-04-27;"segunda-feira";"17:30:00";"RS";116;88,2;"CAMPESTRE DA SERRA";"Ausência de reação do condutor";"Colisão lateral sentido oposto";"Com Vítimas Feridas";"Pleno dia";"Crescente";"Céu Claro";"Simples";"Curva";"Não";4;0;0;1;2;1;1;4;-28,85207529;-51,13018736;"SPRF-RS";"DEL05-RS";"UOP03-DEL05-RS"
767854;2026-04-27;"segunda-feira";"16:00:00";"MT";70;66;"BARRA DO GARCAS";"Reação tardia ou ineficiente do condutor";"Saída de leito carroçável";"Com Vítimas Feridas";"Pleno dia";"Crescente";"Céu Claro";"Simples";"Reta";"Não";2;0;1;0;0;1;1;2;-15,7104208;-52,66877675;"SPRF-MT";"DEL07-MT";"UOP01-DEL07-MT"
767858;2026-04-27;"segunda-feira";"19:05:00";"MG";40;447,9;"CAETANOPOLIS";"Pedestre cruzava a pista fora da faixa";"Atropelamento de Pedestre";"Com Vítimas Feridas";"Plena Noite";"Crescente";"Céu Claro";"Dupla";"Reta";"Sim";2;0;0;1;1;0;1;2;-19,29176;-44,38563;"SPRF-MG";"DEL02-MG";"UOP01-DEL02-MG"