"id";"data_inversa";"dia_semana";"horario";"uf";"br";"km";"municipio";"causa_acidente";"tipo_acidente";"classificacao_acidente";"fase_dia";"sentido_via";"condicao_metereologica";"tipo_pista";"tracado_via";"uso_solo";"pessoas";"mortos";"feridos_leves";"feridos_graves";"ilesos";"ignorados";"feridos";"veiculos";"latitude";"longitude";"regional";"delegacia";"uop"
770179;2026-05-08;"sexta-feira";"05:20:00";"BA";101;923;"TEIXEIRA DE FREITAS";"Transitar na contramão";"Colisão frontal";"Com Vítimas Fatais";"Amanhecer";"Decrescente";"Céu Claro";"Simples";"Reta";"Não";18;1;12;3;0;3;15;5;-17,596398;-39,749318;"SPRF-BA";"DEL09-BA";"UOP02-DEL09-BA"
770184;2026-05-08;"sexta-feira";"08:00:00";"MG";381;499;"BETIM";"Ausência de reação do condutor";"Colisão lateral mesmo sentido";"Com Vítimas Feridas";"Pleno dia";"Decrescente";"Céu Claro";"Simples";"Reta";"Sim";2;0;1;0;1;0;1;2;-19,99527339;-44,20786707;"SPRF-MG";"DEL01-MG";"UOP03-DEL01-MG"
770190;2026-05-07;"quinta-feira";"23:00:00";"RJ";116;222;"PARACAMBI";"Ausência de reação do condutor";"Colisão traseira";"Sem Vítimas";"Plena Noite";"Decrescente";"Céu Claro";"Dupla";"Reta";"Não";2;0;0;0;2;0;0;2;-22,689136;-43,797064;"SPRF-RJ";"DEL06-RJ";"UOP02-DEL06-RJ"
770193;2026-05-08;"sexta-feira";"08:30:00";"BA";101;912;"NOVA VICOSA";"Acessar a via sem observar a presença dos outros veículos";"Colisão transversal";"Com Vítimas Fatais";"Pleno dia";"Crescente";"Nublado";"Simples";"Declive;Reta";"Sim";3;1;1;0;1;0;1;2;-17,82887525;-39,79621109;"SPRF-BA";"DEL09-BA";"UOP02-DEL09-BA"
770194;2026-05-08;"sexta-feira";"05:00:00";"MA";230;35,9;"BARAO DE GRAJAU";"Ausência de reação do condutor";"Saída de leito carroçável";"Com Vítimas Feridas";"Amanhecer";"Decrescente";"Céu Claro";"Simples";"Aclive;Reta";"Não";2;0;1;0;0;3;1;4;-6,674653;-43,302833;"SPRF-PI";"DEL03-PI";"UOP01-DEL03-PI"
770199;2026-04-22;"quarta-feira";"08:00:00";"MG";381;423,4;"CAETE";"Reação tardia ou ineficiente do condutor";"Tombamento";"Com Vítimas Feridas";"Pleno dia";"Decrescente";"Céu Claro";"Simples";"Curva;Declive";"Não";3;0;2;0;0;1;2;2;-19,78705713;-43,68644714;"SPRF-MG";"DEL01-MG";"UOP01-DEL01-MG"
770201;2026-05-08;"sexta-feira";"06:30:00";"PA";316;111;"SANTA MARIA DO PARA";"Desrespeitar a preferência no cruzamento";"Colisão transversal";"Com Vítimas Feridas";"Pleno dia";"Crescente";"Céu Claro";"Simples";"Curva;Interseção de Vias";"Não";5;0;3;0;1;1;3;3;-1,316575;-47,510765;"SPRF-PA";"DEL01-PA";"UOP02-DEL01-PA"
770202;2026-05-08;"sexta-feira";"09:40:00";"GO";40;6;"VALPARAISO DE GOIAS";"Manobra de mudança de faixa";"Colisão lateral mesmo sentido";"Com Vítimas Feridas";"Pleno dia";"Decrescente";"Céu Claro";"Dupla";"Reta";"Sim";6;0;4;0;0;2;4;3;-16,104869;-47,974657;"SPRF-DF";"DEL01-DF";"UOP01-DEL01-DF"
770204;2026-05-07;"quinta-feira";"21:30:00";"RJ";116;147;"DUQUE DE CAXIAS";"Demais falhas mecânicas ou elétricas";"Eventos atípicos";"Com Vítimas Fatais";"Plena Noite";"Crescente";"Céu Claro";"Dupla";"Reta";"Não";2;1;0;0;0;1;0;2;-22,671611;-43,282933;"SPRF-RJ";"DEL01-RJ";"UOP02-DEL01-RJ"
770207;2026-05-08;"sexta-feira";"08:38:00";"PE";101;43;"IGARASSU";"Acessar a via sem observar a presença dos outros veículos";"Colisão transversal";"Com Vítimas Feridas";"Pleno dia";"Crescente";"Céu Claro";"Múltipla";"Reta";"Não";2;0;0;1;1;0;1;2;-7,84708033;-34,91010261;"SPRF-PE";"DEL01-PE";"UOP02-DEL01-PE"
770209;2026-05-08;"sexta-feira";"08:00:00";"SP";101;50,3;"UBATUBA";"Reação tardia ou ineficiente do condutor";"Engavetamento";"Com Vítimas Fatais";"Pleno dia";"Decrescente";"Céu Claro";"Simples";"Reta";"Sim";3;1;0;0;2;0;0;3;-23,44884483;-45,07886623;"SPRF-SP";"DEL06-SP";"UOP01-DEL06-SP"
770212;2026-05-08;"sexta-feira";"10:35:00";"MG";153;188;"FRUTAL";"Transitar na contramão";"Colisão frontal";"Com Vítimas Feridas";"Pleno dia";"Crescente";"Céu Claro";"Simples";"Curva;Declive";"Não";3;0;0;2;1;0;2;2;-19,86870776;-48,97185802;"SPRF-MG";"DEL13-MG";"UOP02-DEL13-MG"
770214;2026-05-08;"sexta-feira";"07:30:00";"ES";101;233;"FUNDAO";"Ausência de reação do condutor";"Saída de leito carroçável";"Com Vítimas Feridas";"Pleno dia";"Decrescente";"Céu Claro";"Simples";"Reta";"Não";2;0;1;0;0;1;1;2;-19,960067;-40,40715;"SPRF-ES";"DEL02-ES";"UOP01-DEL02-ES"
770216;2026-05-08;"sexta-feira";"07:40:00";"MG";50;166;"MARTINHO CAMPOS";"Manobra de mudança de faixa";"Colisão traseira";"Com Vítimas Feridas";"Pleno dia";"Decrescente";"Céu Claro";"Dupla";"Reta";"Não";2;0;1;0;1;0;1;2;-19,3713974;-45,21354675;"SPRF-MG";"DEL13-MG";"UOP01-DEL13-MG"
770217;2026-05-08;"sexta-feira";"07:35:00";"MS";262;359,9;"CAMPO GRANDE";"Fumaça";"Colisão traseira";"Com Vítimas Feridas";"Pleno dia";"Crescente";"Nublado";"Simples";"Reta";"Não";10;0;1;0;8;2;1;9;-20,527614;-54,70811;"SPRF-MS";"DEL01-MS";"UOP03-DEL01-MS"
770223;2026-05-08;"sexta-feira";"10:00:00";"BA";242;858;"BARREIRAS";"Acessar a via sem observar a presença dos outros veículos";"Colisão lateral mesmo sentido";"Com Vítimas Feridas";"Pleno dia";"Crescente";"Sol";"Simples";"Reta";"Não";3;0;0;1;1;3;1;5;-12,10305;-45,33367;"SPRF-BA";"DEL10-BA";"UOP01-DEL10-BA"
770224;2026-05-08;"sexta-feira";"11:00:00";"PR";277;436,2;"VIRMOND";"Chuva";"Saída de leito carroçável";"Com Vítimas Feridas";"Pleno dia";"Decrescente";"Chuva";"Simples";"Declive;Curva";"Não";2;0;2;0;0;0;2;1;-25,376138;-52,215568;"SPRF-PR";"DEL04-PR";"UOP02-DEL04-PR"
770226;2026-05-08;"sexta-feira";"11:20:00";"MG";40;773,8;"JUIZ DE FORA";"Ausência de reação do condutor";"Tombamento";"Com Vítimas Feridas";"Pleno dia";"Decrescente";"Céu Claro";"Simples";"Reta;Em Obras";"Não";2;0;2;0;0;0;2;1;-21,62881829;-43,44541222;"SPRF-MG";"DEL05-MG";"UOP01-DEL05-MG"
770227;2026-03-08;"domingo";"00:40:00";"MG";381;926;"ITAPEVA";"Demais Fenômenos da natureza";"Incêndio";"Sem Vítimas";"Plena Noite";"Decrescente";"Chuva";"Dupla";"Reta";"Sim";2;0;0;0;1;1;0;2;-22,77098065;-46,20198796;"SPRF-MG";"DEL16-MG";"UOP03-DEL16-MG"
770228;2026-05-08;"sexta-feira";"11:15:00";"SC";470;125;"LONTRAS";"Reação tardia ou ineficiente do condutor";"Colisão traseira";"Com Vítimas Feridas";"Pleno dia";"Crescente";"Nublado";"Simples";"Reta;Retorno Regulamentado";"Sim";3;0;1;0;1;2;1;4;-27,12326021;-49,53666184;"SPRF-SC";"DEL04-SC";"UOP02-DEL04-SC"
770230;2026-05-08;"sexta-feira";"12:20:00";"BA";242;883;"BARREIRAS";"Ultrapassagem Indevida";"Colisão frontal";"Com Vítimas Fatais";"Pleno dia";"Decrescente";"Sol";"Simples";"Reta";"Não";3;1;0;0;1;3;0;5;-12,06798;-45,56395;"SPRF-BA";"DEL10-BA";"UOP01-DEL10-BA"
770231;2026-05-08;"sexta-feira";"12:00:00";"SC";101;217;"PALHOCA";"Manobra de mudança de faixa";"Colisão transversal";"Com Vítimas Feridas";"Pleno dia";"Crescente";"Céu Claro";"Simples";"Rotatória;Reta";"Não";3;0;1;0;1;2;1;4;-27,670787;-48,672318;"SPRF-SC";"DEL01-SC";"UOP02-DEL01-SC"
770237;2026-05-08;"sexta-feira";"08:25:00";"MA";10;253,3;"IMPERATRIZ";"Desrespeitar a preferência no cruzamento";"Colisão transversal";"Com Vítimas Feridas";"Pleno dia";"Crescente";"Sol";"Simples";"Reta;Interseção de Vias";"Sim";2;0;1;0;1;0;1;2;-5,524295;-47,471437;"SPRF-MA";"DEL04-MA";"UOP01-DEL04-MA"
770241;2026-05-08;"sexta-feira";"12:25:00";"PE";104;64;"CARUARU";"Reação tardia ou ineficiente do condutor";"Colisão com objeto";"Sem Vítimas";"Pleno dia";"Crescente";"Céu Claro";"Dupla";"Reta;Declive;Viaduto";"Sim";1;0;0;0;1;0;0;1;-8,26593419;-35,97795932;"SPRF-PE";"DEL02-PE";"UOP01-DEL02-PE"
770244;2026-05-08;"sexta-feira";"11:30:00";"MT";174;138;"MIRASSOL DOESTE";"Falta de acostamento";"Saída de leito carroçável";"Com Vítimas Feridas";"Pleno dia";"Decrescente";"Céu Claro";"Simples";"Reta;Aclive";"Não";3;0;2;0;0;1;2;2;-15,825728;-58,074517;"SPRF-MT";"DEL03-MT";"UOP01-DEL03-MT"
770245;2026-05-08;"sexta-feira";"14:10:00";"MG";116;625;"ORIZANIA";"Condutor Dormindo";"Colisão frontal";"Com Vítimas Feridas";"Pleno dia";"Crescente";"Nublado";"Simples";"Reta";"Não";4;0;1;0;2;1;1;3;-20,5525;-42,20849;"SPRF-MG";"DEL07-MG";"UOP02-DEL07-MG"
770246;2026-05-08;"sexta-feira";"12:00:00";"RS";285;300,4;"PASSO FUNDO";"Condutor usando celular";"Colisão lateral sentido oposto";"Com Vítimas Feridas";"Pleno dia";"Crescente";"Sol";"Simples";"Reta";"Sim";4;0;0;1;2;2;1;5;-28,228294;-52,444058;"SPRF-RS";"DEL08-RS";"UOP03-DEL08-RS"
770251;2026-05-08;"sexta-feira";"14:40:00";"RS";448;15;"CANOAS";"Condutor deixou de manter distância do veículo da frente";"Colisão traseira";"Com Vítimas Feridas";"Pleno dia";"Crescente";"Céu Claro";"Dupla";"Reta";"Sim";3;0;1;0;2;0;1;3;-29,92341915;-51,2289364;"SPRF-RS";"DEL01-RS";"UOP01-DEL01-RS"
770254;2026-04-29;"quarta-feira";"19:10:00";"SP";116;513;"CAJATI";"Reação tardia ou ineficiente do condutor";"Colisão traseira";"Com Vítimas Feridas";"Plena Noite";"Decrescente";"Chuva";"Simples";"Declive;Curva";"Não";2;0;0;1;1;0;1;2;-24,857847;-48,211793;"SPRF-SP";"DEL05-SP";"UOP02-DEL05-SP"
770255;2026-05-08;"sexta-feira";"16:45:00";"PR";277;3,1;"PARANAGUA";"Reação tardia ou ineficiente do condutor";"Colisão lateral mesmo sentido";"Com Vítimas Feridas";"Pleno dia";"Decrescente";"Chuva";"Dupla";"Reta";"Não";3;0;1;0;1;2;1;4;-25,542288;-48,538827;"SPRF-PR";"DEL01-PR";"UOP05-DEL01-PR"
770256;2026-05-08;"sexta-feira";"09:20:00";"BA";235;58;"JEREMOABO";"Chuva";"Colisão frontal";"Com Vítimas Feridas";"Pleno dia";"Decrescente";"Chuva";"Simples";"Reta";"Não";3;0;3;0;0;0;3;2;-10,08526489;-38,27932533;"SPRF-SE";"DEL01-SE";"UOP02-DEL01-SE"
770258;2026-05-08;"sexta-feira";"18:40:00";"MG";116;802;"ALEM PARAIBA";"Reação tardia ou ineficiente do condutor";"Engavetamento";"Com Vítimas Feridas";"Plena Noite";"Decrescente";"Céu Claro";"Simples";"Reta;Em Obras";"Não";4;0;1;0;2;1;1;3;-21,781985;-42,722834;"SPRF-MG";"DEL07-MG";"UOP01-DEL07-MG"
770259;2026-05-08;"sexta-feira";"11:50:00";"RJ";116;305;"RESENDE";"Pedestre andava na pista";"Atropelamento de Pedestre";"Com Vítimas Fatais";"Pleno dia";"Crescente";"Céu Claro";"Dupla";"Reta";"Sim";3;1;0;0;1;1;0;3;-22,45958108;-44,43145752;"SPRF-RJ";"DEL07-RJ";"UOP02-DEL07-RJ"
770261;2026-05-08;"sexta-feira";"14:40:00";"RJ";393;298;"BARRA MANSA";"Ultrapassagem Indevida";"Colisão lateral mesmo sentido";"Com Vítimas Feridas";"Pleno dia";"Decrescente";"Céu Claro";"Simples";"Reta";"Sim";2;0;1;0;1;0;1;2;-22,53589327;-44,1154586;"SPRF-RJ";"DEL07-RJ";"UOP02-DEL07-RJ"
770265;2026-05-08;"sexta-feira";"19:00:00";"PE";101;69,8;"RECIFE";"Trafegar com motocicleta (ou similar) entre as faixas";"Colisão lateral mesmo sentido";"Com Vítimas Feridas";"Plena Noite";"Decrescente";"Garoa/Chuvisco";"Dupla";"Aclive;Viaduto;Reta";"Sim";3;0;2;0;0;1;2;2;-8,0661;-34,94333;"SPRF-PE";"DEL01-PE";"UOP01-DEL01-PE"
770269;2026-05-08;"sexta-feira";"16:40:00";"CE";116;15;"FORTALEZA";"Acessar a via sem observar a presença dos outros veículos";"Colisão traseira";"Sem Vítimas";"Pleno dia";"Crescente";"Céu Claro";"Dupla";"Reta";"Sim";3;0;0;0;2;1;0;3;-3,87426321;-38,49963427;"SPRF-CE";"DEL01-CE";"UOP02-DEL01-CE"
770284;2026-05-08;"sexta-feira";"14:47:00";"CE";222;31;"CAUCAIA";"Reação tardia ou ineficiente do condutor";"Colisão com objeto";"Com Vítimas Feridas";"Pleno dia";"Crescente";"Chuva";"Múltipla";"Reta";"Sim";1;0;1;0;0;0;1;1;-3,710306;-38,828225;"SPRF-CE";"DEL01-CE";"UOP01-DEL01-CE"
770289;2026-05-08;"sexta-feira";"15:13:00";"MG";50;6;"UBERLANDIA";"Condutor deixou de manter distância do veículo da frente";"Colisão lateral mesmo sentido";"Com Vítimas Feridas";"Pleno dia";"Decrescente";"Céu Claro";"Dupla";"Curva";"Não";2;0;1;0;1;0;1;2;-18,85917;-48,207962;"SPRF-MG";"DEL15-MG";"UOP01-DEL15-MG"
770294;2026-05-08;"sexta-feira";"20:20:00";"PE";101;4,3;"GOIANA";"Manobra de mudança de faixa";"Colisão traseira";"Com Vítimas Feridas";"Plena Noite";"Decrescente";"Nublado";"Dupla";"Reta;Aclive";"Não";3;0;1;0;2;0;1;2;-7,52311444;-34,99422563;"SPRF-PE";"DEL01-PE";"UOP02-DEL01-PE"
770295;2026-05-08;"sexta-feira";"16:30:00";"SP";381;79;"MAIRIPORA";"Frear bruscamente";"Derramamento de carga";"Sem Vítimas";"Pleno dia";"Decrescente";"Céu Claro";"Dupla";"Reta";"Sim";2;0;0;0;1;1;0;2;-23,3527596;-46,55527689;"SPRF-SP";"DEL03-SP";"UOP01-DEL03-SP"
770301;2026-05-08;"sexta-feira";"21:00:00";"SC";101;116,2;"ITAJAI";"Pedestre andava na pista";"Atropelamento de Pedestre";"Com Vítimas Fatais";"Plena Noite";"Crescente";"Chuva";"Dupla";"Reta";"Não";2;1;0;0;1;0;0;2;-26,880409;-48,725413;"SPRF-SC";"DEL04-SC";"UOP04-DEL04-SC"
770304;2026-05-08;"sexta-feira";"16:15:00";"SC";101;49,7;"JOINVILLE";"Manobra de mudança de faixa";"Colisão lateral mesmo sentido";"Com Vítimas Feridas";"Pleno dia";"Crescente";"Garoa/Chuvisco";"Múltipla";"Interseção de Vias";"Não";4;0;1;0;3;0;1;3;-26,38615557;-48,84585707;"SPRF-SC";"DEL03-SC";"UOP01-DEL03-SC"
770306;2026-05-08;"sexta-feira";"20:15:00";"BA";116;10,9;"VITORIA DA CONQUISTA";"Condutor deixou de manter distância do veículo da frente";"Colisão traseira";"Com Vítimas Feridas";"Plena Noite";"Crescente";"Céu Claro";"Simples";"Curva;Aclive";"Sim";7;0;1;0;5;2;1;5;-14,866966;-40,871905;"SPRF-BA";"DEL08-BA";"UOP01-DEL08-BA"
770316;2026-05-08;"sexta-feira";"11:15:00";"MS";163;570;"BANDEIRANTES";"Demais falhas mecânicas ou elétricas";"Incêndio";"Sem Vítimas";"Pleno dia";"Decrescente";"Nublado";"Simples";"Aclive;Reta";"Não";3;0;0;0;2;2;0;3;-19,7227972;-54,3519586;"SPRF-MS";"DEL01-MS";"UOP02-DEL01-MS"
770318;2026-05-08;"sexta-feira";"19:30:00";"PR";376;618;"SAO JOSE DOS PINHAIS";"Reação tardia ou ineficiente do condutor";"Saída de leito carroçável";"Com Vítimas Feridas";"Plena Noite";"Decrescente";"Chuva";"Dupla";"Reta";"Sim";4;0;1;0;2;1;1;3;-25,606517;-49,172275;"SPRF-PR";"DEL01-PR";"UOP04-DEL01-PR"
770323;2026-05-08;"sexta-feira";"20:49:00";"RN";406;83,9;"JOAO CAMARA";"Demais falhas mecânicas ou elétricas";"Incêndio";"Sem Vítimas";"Plena Noite";"Decrescente";"Nublado";"Simples";"Reta";"Não";1;0;0;0;1;0;0;1;-5,446847;-35,955638;"SPRF-RN";"DEL02-RN";"UOP01-DEL02-RN"
770325;2026-05-08;"sexta-feira";"15:00:00";"MS";163;620;"SAO GABRIEL DO OESTE";"Ausência de reação do condutor";"Colisão traseira";"Com Vítimas Feridas";"Pleno dia";"Decrescente";"Céu Claro";"Dupla";"Reta";"Não";4;0;1;0;2;1;1;3;-19,35796473;-54,59109731;"SPRF-MS";"DEL06-MS";"UOP02-DEL06-MS"
770327;2026-05-08;"sexta-feira";"18:30:00";"RN";304;103;"PARNAMIRIM";"Ausência de reação do condutor";"Colisão traseira";"Sem Vítimas";"Plena Noite";"Crescente";"Chuva";"Múltipla";"Reta";"Sim";2;0;0;0;2;0;0;2;-5,89053055;-35,25105;"SPRF-RN";"DEL04-RN";"UOP01-DEL04-RN"
770334;2026-05-08;"sexta-feira";"12:00:00";"MG";116;274,3;"TEOFILO OTONI";"Ausência de reação do condutor";"Colisão com objeto";"Sem Vítimas";"Pleno dia";"Decrescente";"Céu Claro";"Simples";"Reta";"Sim";1;0;0;0;1;0;0;1;-17,836686;-41,511936;"SPRF-MG";"DEL11-MG";"UOP01-DEL11-MG"
770343;2026-05-08;"sexta-feira";"22:00:00";"RJ";116;334;"RESENDE";"Acessar a via sem observar a presença dos outros veículos";"Colisão traseira";"Com Vítimas Feridas";"Plena Noite";"Crescente";"Céu Claro";"Dupla";"Curva";"Não";3;0;1;0;1;1;1;3;-22,50070166;-44,6669159;"SPRF-RJ";"DEL07-RJ";"UOP02-DEL07-RJ"
770346;2026-05-08;"sexta-feira";"21:15:00";"RJ";40;120;"DUQUE DE CAXIAS";"Ausência de reação do condutor";"Colisão lateral mesmo sentido";"Com Vítimas Feridas";"Plena Noite";"Decrescente";"Céu Claro";"Dupla";"Reta";"Não";4;0;1;0;3;0;1;4;-22,77491529;-43,28670502;"SPRF-RJ";"DEL01-RJ";"UOP02-DEL01-RJ"
770352;2026-05-08;"sexta-feira";"16:50:00";"PA";316;100;"IGARAPE-ACU";"Acumulo de água sobre o pavimento";"Colisão traseira";"Sem Vítimas";"Anoitecer";"Crescente";"Chuva";"Simples";"Reta";"Não";3;0;0;0;1;2;0;3;-1,330783;-47,627855;"SPRF-PA";"DEL01-PA";"UOP02-DEL01-PA"
770358;2026-05-08;"sexta-feira";"21:10:00";"SC";282;509,1;"XANXERE";"Ingestão de álcool pelo condutor";"Colisão frontal";"Com Vítimas Feridas";"Plena Noite";"Decrescente";"Céu Claro";"Simples";"Reta";"Não";2;0;1;0;1;0;1;2;-26,889532;-52,455888;"SPRF-SC";"DEL07-SC";"UOP01-DEL07-SC"
770359;2026-05-08;"sexta-feira";"22:20:00";"PR";376;353;"ORTIGUEIRA";"Condutor deixou de manter distância do veículo da frente";"Colisão traseira";"Com Vítimas Feridas";"Plena Noite";"Decrescente";"Chuva";"Simples";"Reta";"Não";4;0;2;0;1;1;2;3;-24,25040791;-50,90377808;"SPRF-PR";"DEL07-PR";"UOP02-DEL07-PR"
770361;2026-05-08;"sexta-feira";"20:19:00";"MT";163;785;"SORRISO";"Transitar na contramão";"Colisão lateral sentido oposto";"Com Vítimas Feridas";"Plena Noite";"Crescente";"Céu Claro";"Simples";"Reta";"Não";4;0;1;0;2;2;1;5;-12,30553;-55,57516667;"SPRF-MT";"DEL06-MT";"UOP02-DEL06-MT"
770368;2026-05-08;"sexta-feira";"23:05:00";"PR";376;671;"GUARATUBA";"Reação tardia ou ineficiente do condutor";"Colisão traseira";"Com Vítimas Feridas";"Plena Noite";"Crescente";"Garoa/Chuvisco";"Dupla";"Declive;Reta";"Não";4;0;2;0;1;1;2;3;-25,896217;-48,929569;"SPRF-PR";"DEL01-PR";"UOP04-DEL01-PR"
770373;2026-05-08;"sexta-feira";"19:20:00";"MG";365;207;"BURITIZEIRO";"Ultrapassagem Indevida";"Colisão frontal";"Com Vítimas Fatais";"Plena Noite";"Crescente";"Céu Claro";"Simples";"Reta";"Não";5;1;0;1;2;4;1;7;-17,52794;-45,26883167;"SPRF-MG";"DEL10-MG";"UOP02-DEL010-MG"
770385;2026-05-09;"sábado";"01:10:00";"SC";116;51,6;"PAPANDUVA";"Ingestão de álcool pelo condutor";"Colisão lateral sentido oposto";"Com Vítimas Feridas";"Plena Noite";"Decrescente";"Garoa/Chuvisco";"Simples";"Reta";"Não";2;0;1;0;1;0;1;2;-26,38831969;-50,14108054;"SPRF-SC";"DEL06-SC";"UOP01-DEL06-SC"
770388;2026-05-08;"sexta-feira";"17:15:00";"PB";230;159;"CAMPINA GRANDE";"Acessar a via sem observar a presença dos outros veículos";"Colisão lateral mesmo sentido";"Sem Vítimas";"Anoitecer";"Decrescente";"Chuva";"Dupla";"Viaduto;Interseção de Vias;Retorno Regulamentado;Em Obras";"Sim";6;0;0;0;5;1;0;3;-7,25173042;-35,93370706;"SPRF-PB";"DEL02-PB";"UOP01-DEL02-PB"
770389;2026-04-30;"quinta-feira";"18:00:00";"BA";324;611;"SIMOES FILHO";"Trafegar com motocicleta (ou similar) entre as faixas";"Colisão lateral mesmo sentido";"Com Vítimas Fatais";"Plena Noite";"Decrescente";"Nublado";"Dupla";"Reta";"Não";4;1;0;1;1;1;1;3;-12,841811;-38,41554;"SPRF-BA";"DEL01-BA";"UOP01-DEL01-BA"
770392;2026-05-09;"sábado";"03:40:00";"CE";116;46;"PACAJUS";"Transitar na contramão";"Colisão frontal";"Com Vítimas Fatais";"Plena Noite";"Decrescente";"Chuva";"Dupla";"Curva";"Não";2;1;0;0;0;1;0;2;-4,144772;-38,476841;"SPRF-CE";"DEL01-CE";"UOP02-DEL01-CE"
770396;2026-05-09;"sábado";"04:23:00";"PR";116;61;"QUATRO BARRAS";"Acumulo de água sobre o pavimento";"Saída de leito carroçável";"Com Vítimas Feridas";"Plena Noite";"Decrescente";"Chuva";"Dupla";"Curva";"Não";3;0;1;0;1;1;1;3;-25,30359813;-48,96295041;"SPRF-PR";"DEL01-PR";"UOP02-DEL01-PR"
770397;2026-05-08;"sexta-feira";"13:15:00";"GO";153;225;"HIDROLINA";"Reação tardia ou ineficiente do condutor";"Saída de leito carroçável";"Com Vítimas Feridas";"Pleno dia";"Crescente";"Céu Claro";"Simples";"Declive;Reta";"Não";2;0;1;0;0;1;1;2;-14,73885;-49,2444632;"SPRF-GO";"DEL07-GO";"UOP02-DEL07-GO"
770403;2026-05-09;"sábado";"05:20:00";"TO";153;661;"GURUPI";"Ausência de reação do condutor";"Colisão lateral sentido oposto";"Com Vítimas Feridas";"Amanhecer";"Crescente";"Céu Claro";"Simples";"Reta";"Não";7;0;0;1;5;2;1;5;-11,62065203;-49,04721022;"SPRF-TO";"DEL01-TO";"UOP02-DEL01-TO"
770405;2026-05-09;"sábado";"05:30:00";"PR";376;499;"PONTA GROSSA";"Reação tardia ou ineficiente do condutor";"Saída de leito carroçável";"Com Vítimas Feridas";"Amanhecer";"Crescente";"Chuva";"Dupla";"Viaduto;Reta;Declive";"Não";3;0;0;1;1;4;1;6;-25,183809;-50,090965;"SPRF-PR";"DEL03-PR";"UOP03-DEL03-PR"
770412;2026-05-09;"sábado";"05:30:00";"GO";60;410;"RIO VERDE";"Ausência de reação do condutor";"Colisão traseira";"Com Vítimas Feridas";"Amanhecer";"Crescente";"Céu Claro";"Dupla";"Reta";"Não";2;0;0;1;1;0;1;2;-17,81777;-51,16296;"SPRF-GO";"DEL04-GO";"UOP02-DEL04-GO"
770417;2026-05-08;"sexta-feira";"17:30:00";"PR";116;118;"CURITIBA";"Reação tardia ou ineficiente do condutor";"Tombamento";"Com Vítimas Feridas";"Plena Noite";"Crescente";"Chuva";"Dupla";"Reta";"Sim";5;0;0;2;1;3;2;5;-25,569578;-49,31065;"SPRF-PR";"DEL01-PR";"UOP03-DEL01-PR"
770420;2026-05-09;"sábado";"04:00:00";"SP";116;218;"GUARULHOS";"Condutor Dormindo";"Saída de leito carroçável";"Sem Vítimas";"Plena Noite";"Decrescente";"Céu Claro";"Múltipla";"Aclive";"Sim";2;0;0;0;0;2;0;2;-23,45712463;-46,47781134;"SPRF-SP";"DEL01-SP";"UOP01-DEL01-SP"
770422;2026-05-08;"sexta-feira";"19:30:00";"AP";210;33;"PORTO GRANDE";"Ultrapassagem Indevida";"Colisão lateral mesmo sentido";"Com Vítimas Feridas";"Plena Noite";"Crescente";"Céu Claro";"Simples";"Reta";"Não";5;0;0;1;4;0;1;2;0,56835006;-51,18490601;"SPRF-AP";"DEL01-AP";"UOP01-DEL01-AP"
770426;2026-05-09;"sábado";"00:40:00";"MG";381;377;"SAO GONCALO DO RIO ABAIXO";"Ultrapassagem Indevida";"Colisão lateral sentido oposto";"Com Vítimas Feridas";"Plena Noite";"Crescente";"Céu Claro";"Simples";"Reta;Aclive";"Não";3;0;0;1;1;1;1;3;-19,83809117;-43,34381104;"SPRF-MG";"DEL01-MG";"UOP01-DEL01-MG"
770427;2026-05-09;"sábado";"05:40:00";"BA";101;413;"IBIRAPITANGA";"Demais falhas mecânicas ou elétricas";"Incêndio";"Sem Vítimas";"Amanhecer";"Decrescente";"Chuva";"Simples";"Aclive";"Não";2;0;0;0;1;2;0;3;-14,072997;-39,38715;"SPRF-BA";"DEL05-BA";"UOP03-DEL05-BA"
770435;2026-05-09;"sábado";"05:00:00";"MS";267;3,9;"BATAGUASSU";"Ultrapassagem Indevida";"Colisão lateral sentido oposto";"Sem Vítimas";"Amanhecer";"Decrescente";"Garoa/Chuvisco";"Simples";"Curva";"Não";7;0;0;0;5;3;0;6;-21,75463485;-52,18239985;"SPRF-MS";"DEL02-MS";"UOP04-DEL02-MS"
770449;2026-05-09;"sábado";"09:03:00";"ES";101;380,3;"ICONHA";"Reação tardia ou ineficiente do condutor";"Colisão frontal";"Com Vítimas Fatais";"Pleno dia";"Decrescente";"Sol";"Simples";"Reta";"Não";5;1;1;0;1;2;1;4;-20,808638;-40,835659;"SPRF-ES";"DEL03-ES";"UOP01-DEL03-ES"
770451;2026-05-09;"sábado";"05:30:00";"PR";277;528;"GUARANIACU";"Ausência de reação do condutor";"Colisão com objeto";"Com Vítimas Feridas";"Plena Noite";"Crescente";"Nublado";"Simples";"Curva;Declive";"Não";2;0;1;0;0;2;1;3;-25,09106;-52,918699;"SPRF-PR";"DEL04-PR";"UOP04-DEL04-PR"
770454;2026-05-09;"sábado";"07:00:00";"SE";101;44;"JAPARATUBA";"Condutor Dormindo";"Saída de leito carroçável";"Com Vítimas Feridas";"Pleno dia";"Crescente";"Chuva";"Dupla";"Curva;Aclive";"Não";1;0;1;0;0;0;1;1;-10,551882;-36,972279;"SPRF-SE";"DEL02-SE";"UOP02-DEL02-SE"