"id";"data_inversa";"dia_semana";"horario";"uf";"br";"km";"municipio";"causa_acidente";"tipo_acidente";"classificacao_acidente";"fase_dia";"sentido_via";"condicao_metereologica";"tipo_pista";"tracado_via";"uso_solo";"pessoas";"mortos";"feridos_leves";"feridos_graves";"ilesos";"ignorados";"feridos";"veiculos";"latitude";"longitude";"regional";"delegacia";"uop"
770465;2026-05-09;"sábado";"07:10:00";"BA";101;24;"ESPLANADA";"Velocidade Incompatível";"Colisão traseira";"Com Vítimas Feridas";"Pleno dia";"Decrescente";"Céu Claro";"Dupla";"Declive;Desvio Temporário";"Não";2;0;1;0;0;1;1;2;-11,692887;-37,902612;"SPRF-SE";"DEL02-SE";"UOP03-DEL02-SE"
770466;2026-05-09;"sábado";"10:12:00";"MG";40;480,5;"SETE LAGOAS";"Reação tardia ou ineficiente do condutor";"Colisão traseira";"Com Vítimas Feridas";"Pleno dia";"Decrescente";"Céu Claro";"Dupla";"Declive;Reta";"Não";29;0;7;0;22;0;7;2;-19,54712;-44,24683;"SPRF-MG";"DEL02-MG";"UOP01-DEL02-MG"
770470;2026-05-09;"sábado";"07:30:00";"GO";70;402;"MONTES CLAROS DE GOIAS";"Transitar na contramão";"Colisão lateral sentido oposto";"Com Vítimas Feridas";"Amanhecer";"Decrescente";"Sol";"Simples";"Reta";"Não";3;0;0;1;1;1;1;2;-15,87020444;-51,54613495;"SPRF-GO";"DEL04-GO";"UOP02-DEL04-GO"
770478;2026-05-09;"sábado";"07:20:00";"SC";282;399;"JOACABA";"Transitar na contramão";"Colisão frontal";"Com Vítimas Fatais";"Pleno dia";"Crescente";"Céu Claro";"Simples";"Curva";"Não";6;1;0;1;3;2;1;6;-27,1427;-51,61427;"SPRF-SC";"DEL07-SC";"UOP05-DEL07-SC"
770488;2026-03-07;"sábado";"04:00:00";"PA";163;404,9;"ITAITUBA";"Ausência de reação do condutor";"Colisão frontal";"Com Vítimas Feridas";"Plena Noite";"Crescente";"Ignorado";"Simples";"Curva";"Não";2;0;1;0;1;0;1;2;-6,2595244;-55,60654656;"SPRF-PA";"DEL05-PA";"UOP03-DEL05-PA"
770502;2026-03-22;"domingo";"08:55:00";"GO";80;102;"VILA PROPICIO";"Condutor Dormindo";"Saída de leito carroçável";"Com Vítimas Feridas";"Pleno dia";"Crescente";"Sol";"Simples";"Reta";"Não";1;0;0;1;0;0;1;1;-15,2053496;-48,73260498;"SPRF-GO";"DEL07-GO";"UOP02-DEL07-GO"
770518;2026-04-27;"segunda-feira";"14:20:00";"MG";116;561;"MANHUACU";"Acessar a via sem observar a presença dos outros veículos";"Colisão transversal";"Com Vítimas Fatais";"Pleno dia";"Crescente";"Céu Claro";"Simples";"Reta";"Sim";2;1;0;0;1;0;0;2;-20,047092;-42,178822;"SPRF-MG";"DEL06-MG";"UOP03-DEL06-MG"
770519;2026-01-29;"quinta-feira";"13:20:00";"ES";101;264,5;"SERRA";"Entrada inopinada do pedestre";"Atropelamento de Pedestre";"Com Vítimas Feridas";"Pleno dia";"Decrescente";"Céu Claro";"Dupla";"Curva";"Sim";2;0;0;1;0;1;1;2;-20,18204992;-40,26546031;"SPRF-ES";"DEL02-ES";"UOP01-DEL02-ES"
770520;2026-05-09;"sábado";"13:12:00";"MG";116;600;"SAO JOAO DO MANHUACU";"Ausência de reação do condutor";"Tombamento";"Com Vítimas Feridas";"Pleno dia";"Decrescente";"Céu Claro";"Simples";"Curva";"Não";2;0;1;0;0;1;1;2;-20,30184109;-42,14970589;"SPRF-MG";"DEL06-MG";"UOP03-DEL06-MG"
770521;2026-05-09;"sábado";"14:00:00";"SC";280;90,9;"CORUPA";"Reação tardia ou ineficiente do condutor";"Tombamento";"Com Vítimas Feridas";"Pleno dia";"Decrescente";"Chuva";"Simples";"Declive;Curva";"Não";2;0;1;0;0;1;1;2;-26,399648;-49,296331;"SPRF-SC";"DEL06-SC";"UOP03-DEL06-SC"
770524;2026-04-08;"quarta-feira";"14:45:00";"GO";153;171;"CAMPINORTE";"Acessar a via sem observar a presença dos outros veículos";"Colisão transversal";"Com Vítimas Feridas";"Pleno dia";"Crescente";"Céu Claro";"Simples";"Reta;Em Obras;Retorno Regulamentado";"Sim";3;0;0;1;1;1;1;3;-14,28296057;-49,14879101;"SPRF-GO";"DEL07-GO";"UOP02-DEL07-GO"
770532;2026-05-08;"sexta-feira";"21:30:00";"SC";153;4,1;"AGUA DOCE";"Ingestão de álcool pelo condutor";"Tombamento";"Com Vítimas Feridas";"Plena Noite";"Crescente";"Céu Claro";"Simples";"Curva;Declive";"Não";2;0;1;0;0;1;1;2;-26,6411243;-51,5128677;"SPRF-SC";"DEL07-SC";"UOP07-DEL07-SC"
770535;2026-05-09;"sábado";"14:55:00";"SC";280;143,2;"MAFRA";"Curva acentuada";"Colisão lateral sentido oposto";"Com Vítimas Feridas";"Pleno dia";"Crescente";"Chuva";"Simples";"Curva";"Não";4;0;1;0;2;1;1;3;-26,1164;-49,8091;"SPRF-SC";"DEL06-SC";"UOP03-DEL06-SC"
770536;2026-05-09;"sábado";"15:15:00";"GO";153;517,9;"HIDROLANDIA";"Ausência de reação do condutor";"Colisão lateral mesmo sentido";"Com Vítimas Feridas";"Pleno dia";"Crescente";"Nublado";"Dupla";"Reta";"Não";6;0;1;0;4;2;1;4;-16,8584545;-49,2495734;"SPRF-GO";"DEL01-GO";"UOP03-DEL01-GO"
770537;2026-04-19;"domingo";"14:26:00";"RJ";116;273;"BARRA MANSA";"Ausência de reação do condutor";"Colisão com objeto";"Com Vítimas Fatais";"Pleno dia";"Crescente";"Céu Claro";"Dupla";"Curva";"Sim";15;2;5;3;3;3;8;12;-22,47021516;-44,27925653;"SPRF-RJ";"DEL07-RJ";"UOP02-DEL07-RJ"
770539;2026-05-09;"sábado";"15:30:00";"MG";50;52;"ARAGUARI";"Reação tardia ou ineficiente do condutor";"Colisão com objeto";"Com Vítimas Feridas";"Pleno dia";"Crescente";"Céu Claro";"Dupla";"Declive;Reta";"Não";2;0;0;1;0;1;1;2;-18,75692;-48,240507;"SPRF-MG";"DEL15-MG";"UOP02-DEL15-MG"
770543;2026-05-09;"sábado";"16:10:00";"SE";101;54;"JAPARATUBA";"Reação tardia ou ineficiente do condutor";"Colisão frontal";"Com Vítimas Feridas";"Pleno dia";"Crescente";"Chuva";"Simples";"Declive;Em Obras";"Não";4;0;2;0;1;1;2;3;-10,63007199;-37,00100899;"SPRF-SE";"DEL02-SE";"UOP02-DEL02-SE"
770559;2026-05-09;"sábado";"15:05:00";"PR";376;290;"MAUA DA SERRA";"Chuva";"Colisão com objeto";"Sem Vítimas";"Pleno dia";"Crescente";"Nevoeiro/Neblina";"Dupla";"Curva";"Sim";3;0;0;0;3;0;0;1;-23,90418546;-51,223056;"SPRF-PR";"DEL07-PR";"UOP02-DEL07-PR"
770562;2026-05-09;"sábado";"15:30:00";"MS";163;670;"RIO VERDE DE MATO GROSSO";"Ausência de reação do condutor";"Colisão lateral mesmo sentido";"Com Vítimas Feridas";"Pleno dia";"Crescente";"Chuva";"Simples";"Reta;Declive";"Não";4;0;1;1;1;1;2;4;-19,00308575;-54,83186513;"SPRF-MS";"DEL06-MS";"UOP02-DEL06-MS"
770565;2026-05-09;"sábado";"17:20:00";"MA";230;390;"BALSAS";"Manobra de mudança de faixa";"Colisão lateral mesmo sentido";"Sem Vítimas";"Plena Noite";"Crescente";"Céu Claro";"Simples";"Reta";"Não";2;0;0;0;2;0;0;2;-7,49775254;-46,02671417;"SPRF-MA";"DEL05-MA";"UOP01-DEL05-MA"
770566;2026-05-09;"sábado";"18:15:00";"PE";101;78;"JABOATAO DOS GUARARAPES";"Ultrapassagem Indevida";"Colisão lateral mesmo sentido";"Com Vítimas Feridas";"Plena Noite";"Crescente";"Chuva";"Dupla";"Reta";"Sim";4;0;0;1;2;1;1;4;-8,1401;-34,94662;"SPRF-PE";"DEL01-PE";"UOP01-DEL01-PE"
770578;2026-05-09;"sábado";"11:30:00";"PR";116;59,5;"CAMPINA GRANDE DO SUL";"Velocidade Incompatível";"Colisão com objeto";"Com Vítimas Feridas";"Pleno dia";"Crescente";"Chuva";"Dupla";"Curva;Aclive";"Não";2;0;1;0;0;1;1;2;-25,30509729;-48,94992225;"SPRF-PR";"DEL01-PR";"UOP02-DEL01-PR"
770585;2026-05-09;"sábado";"19:11:00";"PE";232;492;"VERDEJANTE";"Manobra de mudança de faixa";"Colisão frontal";"Com Vítimas Feridas";"Plena Noite";"Crescente";"Céu Claro";"Simples";"Reta";"Não";2;0;0;1;1;0;1;2;-8,013872;-39,002345;"SPRF-PE";"DEL05-PE";"UOP01-DEL05-PE"
770587;2026-05-09;"sábado";"19:00:00";"MS";163;636;"SAO GABRIEL DO OESTE";"Transitar na contramão";"Colisão frontal";"Com Vítimas Feridas";"Plena Noite";"Crescente";"Garoa/Chuvisco";"Simples";"Em Obras;Reta;Desvio Temporário";"Não";3;0;0;1;1;1;1;3;-19,232641;-54,683816;"SPRF-MS";"DEL06-MS";"UOP02-DEL06-MS"
770590;2026-05-09;"sábado";"18:00:00";"CE";222;329;"TIANGUA";"Acesso irregular";"Colisão lateral sentido oposto";"Com Vítimas Fatais";"Plena Noite";"Crescente";"Nublado";"Simples";"Reta";"Não";4;2;0;0;1;1;0;3;-3,82613;-41,10781;"SPRF-CE";"DEL04-CE";"UOP02-DEL04-CE"
770596;2026-04-19;"domingo";"08:55:00";"BA";116;585;"NOVA ITARANA";"Ultrapassagem Indevida";"Colisão transversal";"Com Vítimas Feridas";"Pleno dia";"Crescente";"Céu Claro";"Simples";"Aclive;Curva";"Não";5;0;0;2;2;1;2;3;-13,135526;-39,995634;"SPRF-BA";"DEL03-BA";"UOP02-DEL03-BA"
770598;2026-05-09;"sábado";"19:50:00";"RS";392;91;"PELOTAS";"Transitar na contramão";"Colisão lateral sentido oposto";"Com Vítimas Feridas";"Plena Noite";"Crescente";"Céu Claro";"Simples";"Aclive;Reta";"Não";4;0;2;0;1;2;2;4;-31,599592;-52,5257885;"SPRF-RS";"DEL07-RS";"UOP01-DEL07-RS"
770602;2026-05-09;"sábado";"17:15:00";"MG";365;391;"PATOS DE MINAS";"Reação tardia ou ineficiente do condutor";"Colisão traseira";"Com Vítimas Fatais";"Anoitecer";"Crescente";"Céu Claro";"Simples";"Reta";"Não";3;1;0;0;1;1;0;3;-18,637777;-46,33043;"SPRF-MG";"DEL10-MG";"UOP01-DEL10-MG"
770604;2026-05-09;"sábado";"20:15:00";"GO";153;355;"JARAGUA";"Manobra de mudança de faixa";"Colisão transversal";"Com Vítimas Feridas";"Plena Noite";"Crescente";"Céu Claro";"Simples";"Reta";"Não";3;0;0;1;1;1;1;3;-15,73141852;-49,32483598;"SPRF-GO";"DEL02-GO";"UOP02-DEL02-GO"
770607;2026-05-09;"sábado";"19:20:00";"MS";163;833;"SONORA";"Demais falhas mecânicas ou elétricas";"Incêndio";"Sem Vítimas";"Plena Noite";"Decrescente";"Nevoeiro/Neblina";"Simples";"Aclive;Reta";"Não";2;0;0;0;1;1;0;2;-17,608336;-54,745403;"SPRF-MS";"DEL06-MS";"UOP01-DEL06-MS"
770615;2026-05-09;"sábado";"17:30:00";"MA";10;304;"ACAILANDIA";"Demais falhas mecânicas ou elétricas";"Colisão frontal";"Com Vítimas Feridas";"Anoitecer";"Decrescente";"Céu Claro";"Simples";"Declive";"Não";2;0;2;0;0;0;2;2;-5,075302;-47,558437;"SPRF-MA";"DEL04-MA";"UOP03-DEL04-MA"
770617;2026-05-09;"sábado";"19:26:00";"MT";364;165;"PEDRA PRETA";"Transitar na contramão";"Colisão frontal";"Com Vítimas Fatais";"Plena Noite";"Crescente";"Céu Claro";"Simples";"Reta";"Não";3;1;0;0;1;1;0;3;-16,654557;-54,351555;"SPRF-MT";"DEL02-MT";"UOP01-DEL02-MT"
770618;2026-05-09;"sábado";"20:10:00";"PR";376;419;"TIBAGI";"Acumulo de areia ou detritos sobre o pavimento";"Saída de leito carroçável";"Sem Vítimas";"Plena Noite";"Crescente";"Chuva";"Dupla";"Curva";"Não";2;0;0;0;1;1;0;2;-24,70467;-50,55755;"SPRF-PR";"DEL03-PR";"UOP02-DEL03-PR"
770622;2026-05-09;"sábado";"19:10:00";"MG";40;14;"PARACATU";"Reação tardia ou ineficiente do condutor";"Saída de leito carroçável";"Com Vítimas Feridas";"Plena Noite";"Decrescente";"Céu Claro";"Simples";"Reta;Aclive";"Não";2;0;1;1;0;0;2;2;-17,07129;-47,042039;"SPRF-MG";"DEL14-MG";"UOP01-DEL14-MG"
770643;2026-05-09;"sábado";"22:00:00";"PR";116;168,5;"QUITANDINHA";"Desrespeitar a preferência no cruzamento";"Colisão transversal";"Com Vítimas Feridas";"Plena Noite";"Crescente";"Chuva";"Simples";"Aclive;Retorno Regulamentado;Reta";"Não";3;0;0;1;1;1;1;3;-25,886879;-49,506702;"SPRF-PR";"DEL01-PR";"UOP03-DEL01-PR"
770645;2026-05-09;"sábado";"20:30:00";"PI";316;100;"BARRO DURO";"Ausência de reação do condutor";"Colisão traseira";"Com Vítimas Feridas";"Plena Noite";"Decrescente";"Céu Claro";"Simples";"Reta";"Não";3;0;0;2;1;0;2;2;-5,83745951;-42,48822498;"SPRF-PI";"DEL04-PI";"UOP02-DEL04-PI"
770672;2026-05-10;"domingo";"01:30:00";"SP";153;190,1;"GETULINA";"Condutor Dormindo";"Saída de leito carroçável";"Sem Vítimas";"Plena Noite";"Crescente";"Nublado";"Simples";"Reta";"Não";2;0;0;0;1;3;0;4;-21,74528981;-49,85928297;"SPRF-SP";"DEL07-SP";"UOP01-DEL07-SP"
770682;2026-05-10;"domingo";"04:16:00";"TO";153;154,3;"ARAGUAINA";"Ingestão de álcool pelo condutor";"Saída de leito carroçável";"Com Vítimas Feridas";"Plena Noite";"Crescente";"Céu Claro";"Simples";"Reta";"Sim";1;0;0;1;0;0;1;1;-7,282033;-48,274578;"SPRF-TO";"DEL02-TO";"UOP01-DEL02-TO"
770708;2026-05-10;"domingo";"06:20:00";"PI";222;73,2;"PIRIPIRI";"Condutor Dormindo";"Colisão lateral sentido oposto";"Com Vítimas Feridas";"Amanhecer";"Decrescente";"Céu Claro";"Simples";"Reta";"Não";4;0;1;0;2;6;1;9;-4,2614873;-41,7538352;"SPRF-PI";"DEL02-PI";"UOP01-DEL02-PI"
770716;2026-05-10;"domingo";"07:50:00";"BA";116;13;"VITORIA DA CONQUISTA";"Condutor Dormindo";"Colisão frontal";"Com Vítimas Feridas";"Pleno dia";"Crescente";"Céu Claro";"Simples";"Curva";"Não";6;0;2;1;1;2;3;4;-14,88760819;-40,8705109;"SPRF-BA";"DEL08-BA";"UOP01-DEL08-BA"
770722;2026-05-10;"domingo";"07:56:00";"SC";101;86,2;"BARRA VELHA";"Ausência de reação do condutor";"Colisão traseira";"Com Vítimas Fatais";"Pleno dia";"Crescente";"Nublado";"Múltipla";"Aclive;Reta";"Sim";3;1;0;0;1;1;0;3;-26,6386612;-48,6946726;"SPRF-SC";"DEL03-SC";"UOP02-DEL03-SC"
770724;2026-05-09;"sábado";"19:38:00";"GO";153;302,8;"RIALMA";"Reação tardia ou ineficiente do condutor";"Colisão traseira";"Sem Vítimas";"Plena Noite";"Decrescente";"Céu Claro";"Simples";"Aclive;Reta";"Não";3;0;0;0;1;2;0;3;-15,3310982;-49,57055775;"SPRF-GO";"DEL02-GO";"UOP02-DEL02-GO"
770729;2026-05-10;"domingo";"07:50:00";"PI";402;65;"LUIS CORREIA";"Reação tardia ou ineficiente do condutor";"Capotamento";"Com Vítimas Fatais";"Pleno dia";"Decrescente";"Céu Claro";"Simples";"Curva";"Não";2;1;1;0;0;0;1;1;-3,092295;-41,53936;"SPRF-PI";"DEL05-PI";"UOP01-DEL05-PI"
770739;2026-05-10;"domingo";"08:07:00";"BA";116;543;"ITATIM";"Desrespeitar a preferência no cruzamento";"Colisão transversal";"Com Vítimas Feridas";"Pleno dia";"Decrescente";"Céu Claro";"Simples";"Interseção de Vias;Rotatória";"Não";4;0;0;2;1;3;2;5;-12,8467306;-39,84103918;"SPRF-BA";"DEL03-BA";"UOP02-DEL03-BA"
770746;2026-05-09;"sábado";"13:00:00";"BA";116;891,5;"CANDIDO SALES";"Demais falhas mecânicas ou elétricas";"Tombamento";"Sem Vítimas";"Pleno dia";"Crescente";"Nublado";"Simples";"Curva";"Não";1;0;0;0;1;0;0;1;-15,37410483;-41,19214141;"SPRF-BA";"DEL08-BA";"UOP03-DEL08-BA"
770750;2026-05-10;"domingo";"08:40:00";"MG";153;66;"MONTE ALEGRE DE MINAS";"Reação tardia ou ineficiente do condutor";"Saída de leito carroçável";"Com Vítimas Feridas";"Pleno dia";"Crescente";"Céu Claro";"Múltipla";"Aclive";"Não";2;0;1;0;0;1;1;2;-18,90716447;-49,03948724;"SPRF-MG";"DEL15-MG";"UOP03-DEL15-MG"
770769;2026-05-10;"domingo";"12:30:00";"PI";343;588,7;"FLORIANO";"Reação tardia ou ineficiente do condutor";"Colisão traseira";"Com Vítimas Feridas";"Pleno dia";"Crescente";"Céu Claro";"Simples";"Reta";"Sim";2;0;1;0;1;0;1;2;-6,775337;-43,008195;"SPRF-PI";"DEL03-PI";"UOP01-DEL03-PI"
770772;2026-05-10;"domingo";"11:15:00";"TO";153;558;"OLIVEIRA DE FATIMA";"Acesso irregular";"Colisão lateral mesmo sentido";"Com Vítimas Feridas";"Pleno dia";"Crescente";"Céu Claro";"Simples";"Interseção de Vias;Retorno Regulamentado";"Não";3;0;1;0;1;1;1;3;-10,72831656;-48,90417902;"SPRF-TO";"DEL01-TO";"UOP01-DEL01-TO"
770778;2026-05-10;"domingo";"13:49:00";"SP";116;282,2;"EMBU DAS ARTES";"Acessar a via sem observar a presença dos outros veículos";"Colisão lateral mesmo sentido";"Sem Vítimas";"Pleno dia";"Decrescente";"Chuva";"Dupla";"Reta";"Sim";3;0;0;0;2;1;0;3;-23,661068;-46,852089;"SPRF-SP";"DEL04-SP";"UOP01-DEL04-SP"
770779;2026-05-10;"domingo";"12:10:00";"MT";70;521;"VARZEA GRANDE";"Acessar a via sem observar a presença dos outros veículos";"Colisão transversal";"Com Vítimas Feridas";"Pleno dia";"Decrescente";"Céu Claro";"Simples";"Interseção de Vias";"Não";3;0;0;1;1;3;1;5;-15,6677533;-56,18202218;"SPRF-MT";"DEL01-MT";"UOP02-DEL01-MT"
770783;2026-05-09;"sábado";"09:00:00";"MA";316;72;"GOVERNADOR NUNES FREIRE";"Ultrapassagem Indevida";"Colisão transversal";"Com Vítimas Feridas";"Pleno dia";"Decrescente";"Céu Claro";"Simples";"Reta";"Não";5;0;0;3;1;1;3;3;-2,1738968;-45,8739388;"SPRF-MA";"DEL02-MA";"UOP02-DEL02-MA"
770787;2026-05-10;"domingo";"14:30:00";"PR";376;664,7;"GUARATUBA";"Demais falhas mecânicas ou elétricas";"Incêndio";"Sem Vítimas";"Pleno dia";"Decrescente";"Céu Claro";"Dupla";"Curva;Aclive";"Não";1;0;0;0;1;0;0;1;-25,853098;-48,953565;"SPRF-PR";"DEL01-PR";"UOP04-DEL01-PR"
770795;2026-05-10;"domingo";"15:00:00";"RS";290;189;"MINAS DO LEAO";"Ultrapassagem Indevida";"Colisão frontal";"Com Vítimas Fatais";"Pleno dia";"Decrescente";"Céu Claro";"Simples";"Reta";"Não";3;1;0;0;1;1;0;3;-30,1553483;-52,1103117;"SPRF-RS";"DEL02-RS";"UOP03-DEL02-RS"
770806;2026-05-10;"domingo";"15:15:00";"RS";153;29,6;"TRES ARROIOS";"Reação tardia ou ineficiente do condutor";"Colisão lateral mesmo sentido";"Com Vítimas Feridas";"Pleno dia";"Crescente";"Nublado";"Simples";"Aclive;Reta";"Não";7;0;1;0;4;2;1;5;-27,52700331;-52,15545623;"SPRF-RS";"DEL08-RS";"UOP04-DEL08-RS"
770809;2026-05-10;"domingo";"14:00:00";"PA";10;111,8;"PARAGOMINAS";"Ausência de reação do condutor";"Saída de leito carroçável";"Com Vítimas Feridas";"Pleno dia";"Crescente";"Céu Claro";"Simples";"Reta";"Não";2;0;0;1;0;1;1;2;-3,460645;-47,466278;"SPRF-PA";"DEL02-PA";"UOP02-DEL02-PA"
770820;2026-05-10;"domingo";"15:00:00";"PE";407;115;"PETROLINA";"Ausência de reação do condutor";"Saída de leito carroçável";"Com Vítimas Feridas";"Pleno dia";"Decrescente";"Céu Claro";"Simples";"Reta";"Não";1;0;0;1;0;0;1;1;-9,3040817;-40,578915;"SPRF-PE";"DEL06-PE";"UOP01-DEL06-PE"
770824;2026-05-10;"domingo";"10:30:00";"PR";476;255;"ANTONIO OLINTO";"Transitar na contramão";"Saída de leito carroçável";"Sem Vítimas";"Pleno dia";"Crescente";"Céu Claro";"Simples";"Curva";"Não";1;0;0;0;1;0;0;1;-25,89045;-50,2015;"SPRF-PR";"DEL02-PR";"UOP03-DEL02-PR"
770829;2026-05-06;"quarta-feira";"23:30:00";"RO";364;54;"VILHENA";"Demais falhas mecânicas ou elétricas";"Incêndio";"Sem Vítimas";"Plena Noite";"Crescente";"Céu Claro";"Simples";"Reta";"Não";2;0;0;0;1;3;0;4;-12,5252539;-60,3883543;"SPRF-RO";"DEL04-RO";"UOP01-DEL04-RO"
770835;2026-05-10;"domingo";"16:00:00";"MG";381;432;"SABARA";"Reação tardia ou ineficiente do condutor";"Tombamento";"Com Vítimas Feridas";"Pleno dia";"Decrescente";"Céu Claro";"Simples";"Curva";"Não";3;0;1;0;0;2;1;3;-19,79918579;-43,76052825;"SPRF-MG";"DEL01-MG";"UOP01-DEL01-MG"
770838;2026-05-10;"domingo";"19:00:00";"MG";381;925;"ITAPEVA";"Pista Escorregadia";"Colisão lateral mesmo sentido";"Com Vítimas Feridas";"Plena Noite";"Decrescente";"Garoa/Chuvisco";"Dupla";"Curva;Declive";"Não";9;0;1;0;7;1;1;5;-22,768909;-46,205805;"SPRF-MG";"DEL16-MG";"UOP03-DEL16-MG"
770850;2026-05-10;"domingo";"14:30:00";"MG";116;638,1;"DIVINO";"Velocidade Incompatível";"Tombamento";"Com Vítimas Feridas";"Pleno dia";"Decrescente";"Céu Claro";"Simples";"Curva";"Não";2;0;0;2;0;0;2;2;-20,64145914;-42,24517822;"SPRF-MG";"DEL07-MG";"UOP02-DEL07-MG"
770852;2026-05-10;"domingo";"16:00:00";"BA";116;543;"MILAGRES";"Desrespeitar a preferência no cruzamento";"Colisão transversal";"Com Vítimas Feridas";"Pleno dia";"Decrescente";"Céu Claro";"Simples";"Interseção de Vias";"Não";3;0;0;1;1;2;1;4;-12,8466061;-39,8409134;"SPRF-BA";"DEL03-BA";"UOP02-DEL03-BA"
770856;2026-05-10;"domingo";"15:20:00";"MT";364;628;"DIAMANTINO";"Suicídio (presumido)";"Colisão lateral sentido oposto";"Com Vítimas Fatais";"Pleno dia";"Decrescente";"Nublado";"Simples";"Reta";"Não";3;1;0;0;1;1;0;3;-14,36567324;-56,41315911;"SPRF-MT";"DEL01-MT";"UOP01-DEL01-MT"
770860;2026-05-10;"domingo";"17:00:00";"PR";373;415;"FOZ DO JORDAO";"Desrespeitar a preferência no cruzamento";"Colisão transversal";"Com Vítimas Feridas";"Pleno dia";"Crescente";"Céu Claro";"Simples";"Curva";"Sim";2;0;1;0;1;0;1;2;-25,67364;-52,12551;"SPRF-PR";"DEL08-PR";"UOP01-DEL08-PR"
770862;2026-05-10;"domingo";"15:43:00";"PA";163;591;"TRAIRAO";"Transitar na contramão";"Colisão frontal";"Com Vítimas Feridas";"Pleno dia";"Decrescente";"Céu Claro";"Simples";"Curva";"Não";4;0;0;1;2;2;1;4;-4,900512;-56,185135;"SPRF-PA";"DEL05-PA";"UOP03-DEL05-PA"
770867;2026-05-10;"domingo";"16:10:00";"RO";364;548;"RIO CRESPO";"Ultrapassagem Indevida";"Colisão lateral mesmo sentido";"Com Vítimas Feridas";"Pleno dia";"Crescente";"Céu Claro";"Simples";"Reta";"Não";6;0;2;0;3;6;2;9;-9,659989;-63,0856916;"SPRF-RO";"DEL03-RO";"UOP01-DEL03-RO"
770876;2026-05-10;"domingo";"20:10:00";"PR";277;137;"BALSA NOVA";"Ingestão de álcool pelo condutor";"Colisão traseira";"Sem Vítimas";"Plena Noite";"Decrescente";"Céu Claro";"Dupla";"Reta";"Não";3;0;0;0;2;2;0;4;-25,47314195;-49,63477062;"SPRF-PR";"DEL01-PR";"UOP07-DEL01-PR"
770890;2026-05-10;"domingo";"19:30:00";"SC";116;5,8;"MAFRA";"Ingestão de álcool pelo condutor";"Colisão traseira";"Sem Vítimas";"Plena Noite";"Crescente";"Céu Claro";"Simples";"Reta";"Não";4;0;0;0;3;1;0;4;-26,145195;-49,821317;"SPRF-SC";"DEL06-SC";"UOP01-DEL06-SC"
770925;2026-05-10;"domingo";"22:30:00";"PR";153;10,2;"JACAREZINHO";"Acessar a via sem observar a presença dos outros veículos";"Colisão transversal";"Com Vítimas Feridas";"Plena Noite";"Decrescente";"Nevoeiro/Neblina";"Simples";"Reta";"Não";3;0;1;0;0;2;1;3;-23,08041;-49,93534;"SPRF-PR";"DEL07-PR";"UOP04-DEL07-PR"
770927;2026-05-10;"domingo";"22:40:00";"SC";116;216;"PONTE ALTA";"Transitar na contramão";"Colisão transversal";"Com Vítimas Feridas";"Plena Noite";"Crescente";"Céu Claro";"Simples";"Reta";"Não";3;0;0;1;1;1;1;3;-27,55576442;-50,37699223;"SPRF-SC";"DEL05-SC";"UOP03-DEL05-SC"
770937;2026-05-10;"domingo";"22:50:00";"RJ";393;193,1;"PARAIBA DO SUL";"Acessar a via sem observar a presença dos outros veículos";"Atropelamento de Pedestre";"Com Vítimas Fatais";"Plena Noite";"Decrescente";"Nublado";"Simples";"Reta";"Não";3;1;0;0;1;1;0;3;-22,200761;-43,365786;"SPRF-RJ";"DEL05-RJ";"UOP03-DEL05-RJ"
770941;2026-05-11;"segunda-feira";"01:45:00";"MG";153;28;"CENTRALINA";"Velocidade Incompatível";"Saída de leito carroçável";"Com Vítimas Feridas";"Plena Noite";"Decrescente";"Céu Claro";"Dupla";"Reta";"Não";1;0;1;0;0;0;1;1;-18,659017;-49,167838;"SPRF-MG";"DEL15-MG";"UOP03-DEL15-MG"
770942;2026-05-11;"segunda-feira";"02:00:00";"GO";20;135;"FLORES DE GOIAS";"Ingestão de álcool pelo condutor";"Colisão lateral sentido oposto";"Com Vítimas Feridas";"Plena Noite";"Decrescente";"Céu Claro";"Simples";"Reta";"Não";3;0;1;0;1;1;1;3;-14,81659;-46,7150583;"SPRF-DF";"DEL02-DF";"UOP03-DEL02-DF"
770943;2026-05-11;"segunda-feira";"03:25:00";"MG";40;523;"CONTAGEM";"Reação tardia ou ineficiente do condutor";"Colisão traseira";"Com Vítimas Feridas";"Plena Noite";"Crescente";"Céu Claro";"Dupla";"Curva";"Sim";2;0;0;1;1;0;1;2;-19,8715017;-44,0570183;"SPRF-MG";"DEL01-MG";"UOP02-DEL01-MG"
770951;2026-05-11;"segunda-feira";"02:12:00";"MT";364;132;"PEDRA PRETA";"Demais falhas mecânicas ou elétricas";"Tombamento";"Com Vítimas Feridas";"Plena Noite";"Crescente";"Céu Claro";"Dupla";"Declive";"Não";2;0;1;0;1;0;1;1;-16,784954;-54,166781;"SPRF-MT";"DEL02-MT";"UOP01-DEL02-MT"
770957;2026-05-11;"segunda-feira";"06:50:00";"PR";369;114,9;"URAI";"Neblina";"Colisão traseira";"Com Vítimas Feridas";"Amanhecer";"Decrescente";"Nevoeiro/Neblina";"Dupla";"Reta";"Não";4;0;1;1;2;0;2;2;-23,27965;-50,851044;"SPRF-PR";"DEL07-PR";"UOP05-DEL07-PR"
770959;2026-05-11;"segunda-feira";"05:30:00";"RS";290;39,8;"SANTO ANTONIO DA PATRULHA";"Ausência de reação do condutor";"Saída de leito carroçável";"Com Vítimas Feridas";"Plena Noite";"Decrescente";"Céu Claro";"Dupla";"Reta";"Não";5;0;3;0;1;2;3;5;-29,8865;-50,6537;"SPRF-RS";"DEL03-RS";"UOP01-DEL03-RS"