"id";"data_inversa";"dia_semana";"horario";"uf";"br";"km";"municipio";"causa_acidente";"tipo_acidente";"classificacao_acidente";"fase_dia";"sentido_via";"condicao_metereologica";"tipo_pista";"tracado_via";"uso_solo";"pessoas";"mortos";"feridos_leves";"feridos_graves";"ilesos";"ignorados";"feridos";"veiculos";"latitude";"longitude";"regional";"delegacia";"uop"
772723;2026-05-19;"terça-feira";"08:20:00";"RS";290;177;"BUTIA";"Acessar a via sem observar a presença dos outros veículos";"Colisão traseira";"Com Vítimas Feridas";"Pleno dia";"Crescente";"Nevoeiro/Neblina";"Simples";"Reta";"Não";2;0;1;0;1;0;1;2;-30,13433156;-51,97961379;"SPRF-RS";"DEL02-RS";"UOP03-DEL02-RS"
772732;2026-05-19;"terça-feira";"08:25:00";"RJ";116;145;"DUQUE DE CAXIAS";"Trafegar com motocicleta (ou similar) entre as faixas";"Colisão traseira";"Com Vítimas Feridas";"Pleno dia";"Crescente";"Nublado";"Dupla";"Reta";"Sim";5;0;2;0;2;1;2;3;-22,6623541;-43,25566376;"SPRF-RJ";"DEL01-RJ";"UOP02-DEL01-RJ"
772738;2026-05-19;"terça-feira";"10:50:00";"PR";277;660,6;"MATELANDIA";"Reação tardia ou ineficiente do condutor";"Colisão traseira";"Sem Vítimas";"Pleno dia";"Crescente";"Céu Claro";"Dupla";"Curva";"Sim";2;0;0;0;1;1;0;2;-25,247905;-53,984343;"SPRF-PR";"DEL05-PR";"UOP02-DEL05-PR"
772740;2026-05-19;"terça-feira";"10:21:00";"CE";222;302;"TIANGUA";"Demais falhas mecânicas ou elétricas";"Colisão lateral mesmo sentido";"Sem Vítimas";"Pleno dia";"Decrescente";"Céu Claro";"Simples";"Declive";"Não";5;0;0;0;4;1;0;5;-3,66422375;-40,9566829;"SPRF-CE";"DEL04-CE";"UOP02-DEL04-CE"
772751;2026-05-19;"terça-feira";"13:00:00";"RS";448;22;"PORTO ALEGRE";"Reação tardia ou ineficiente do condutor";"Tombamento";"Com Vítimas Feridas";"Pleno dia";"Crescente";"Céu Claro";"Múltipla";"Declive;Reta;Viaduto";"Sim";2;0;1;0;0;1;1;2;-29,97594052;-51,19978666;"SPRF-RS";"DEL01-RS";"UOP01-DEL01-RS"
772755;2026-05-19;"terça-feira";"12:30:00";"MG";40;807,5;"MATIAS BARBOSA";"Condutor deixou de manter distância do veículo da frente";"Colisão lateral mesmo sentido";"Com Vítimas Feridas";"Pleno dia";"Decrescente";"Céu Claro";"Dupla";"Aclive";"Não";4;0;2;0;1;1;2;3;-21,86516297;-43,3686161;"SPRF-MG";"DEL05-MG";"UOP01-DEL05-MG"
772757;2026-05-19;"terça-feira";"13:20:00";"PR";376;648;"TIJUCAS DO SUL";"Transtornos Mentais (exceto suicidio)";"Queda de ocupante de veículo";"Com Vítimas Feridas";"Pleno dia";"Decrescente";"Nublado";"Dupla";"Declive;Curva";"Não";3;0;1;0;1;1;1;3;-25,84581173;-49,09740385;"SPRF-PR";"DEL01-PR";"UOP04-DEL01-PR"
772758;2026-05-19;"terça-feira";"12:30:00";"GO";40;8,1;"VALPARAISO DE GOIAS";"Trafegar com motocicleta (ou similar) entre as faixas";"Colisão traseira";"Com Vítimas Fatais";"Pleno dia";"Decrescente";"Céu Claro";"Dupla";"Reta";"Sim";5;1;0;1;3;0;1;3;-16,11775;-47,96627;"SPRF-DF";"DEL01-DF";"UOP01-DEL01-DF"
772759;2026-05-19;"terça-feira";"10:21:00";"PE";423;156;"IATI";"Demais falhas mecânicas ou elétricas";"Saída de leito carroçável";"Com Vítimas Feridas";"Pleno dia";"Decrescente";"Céu Claro";"Simples";"Curva";"Não";2;0;0;1;0;1;1;2;-9,06028081;-36,93392694;"SPRF-PE";"DEL03-PE";"UOP01-DEL03-PE"
772761;2026-05-19;"terça-feira";"13:00:00";"MS";163;87;"ITAQUIRAI";"Condutor deixou de manter distância do veículo da frente";"Colisão traseira";"Com Vítimas Feridas";"Pleno dia";"Crescente";"Céu Claro";"Simples";"Declive;Reta";"Não";3;0;0;1;1;1;1;3;-23,39781;-54,21039;"SPRF-MS";"DEL09-MS";"UOP01-DEL09-MS"
772763;2026-05-19;"terça-feira";"11:25:00";"MT";163;793;"VERA";"Ausência de reação do condutor";"Colisão traseira";"Sem Vítimas";"Pleno dia";"Crescente";"Céu Claro";"Simples";"Aclive";"Não";3;0;0;0;2;5;0;7;-12,218986;-55,542046;"SPRF-MT";"DEL06-MT";"UOP02-DEL06-MT"
772766;2026-05-19;"terça-feira";"11:46:00";"SC";282;207,9;"LAGES";"Transitar na contramão";"Colisão frontal";"Com Vítimas Fatais";"Pleno dia";"Crescente";"Sol";"Simples";"Aclive;Reta";"Não";2;1;0;0;1;0;0;2;-27,77511;-50,21054;"SPRF-SC";"DEL05-SC";"UOP01-DEL05-SC"
772775;2026-05-19;"terça-feira";"13:30:00";"MT";174;535;"COMODORO";"Reação tardia ou ineficiente do condutor";"Colisão lateral mesmo sentido";"Sem Vítimas";"Pleno dia";"Decrescente";"Céu Claro";"Simples";"Reta";"Não";4;0;0;0;3;2;0;4;-13,27388241;-59,8659575;"SPRF-MT";"DEL04-MT";"UOP02-DEL04-MT"
772778;2026-05-19;"terça-feira";"11:30:00";"MG";153;246;"FRONTEIRA";"Ausência de reação do condutor";"Saída de leito carroçável";"Com Vítimas Feridas";"Pleno dia";"Crescente";"Céu Claro";"Simples";"Declive;Curva";"Não";4;0;1;0;1;5;1;7;-20,303092;-49,207301;"SPRF-MG";"DEL13-MG";"UOP02-DEL13-MG"
772779;2026-05-15;"sexta-feira";"20:00:00";"SC";101;37;"JOINVILLE";"Acessar a via sem observar a presença dos outros veículos";"Colisão traseira";"Com Vítimas Feridas";"Plena Noite";"Decrescente";"Chuva";"Dupla";"Reta;Interseção de Vias";"Sim";6;0;4;0;1;1;4;3;-26,2798499;-48,89091365;"SPRF-SC";"DEL03-SC";"UOP01-DEL03-SC"
772780;2026-05-19;"terça-feira";"12:30:00";"RO";364;194,2;"PIMENTA BUENO";"Ausência de reação do condutor";"Colisão com objeto";"Sem Vítimas";"Pleno dia";"Decrescente";"Nublado";"Simples";"Reta";"Sim";2;0;0;0;1;1;0;2;-11,697349;-61,173192;"SPRF-RO";"DEL02-RO";"UOP02-DEL02-RO"
772782;2026-05-19;"terça-feira";"15:20:00";"MG";50;71;"UBERLANDIA";"Manobra de mudança de faixa";"Colisão lateral mesmo sentido";"Com Vítimas Feridas";"Pleno dia";"Crescente";"Céu Claro";"Dupla";"Reta";"Sim";3;0;2;0;1;0;2;2;-18,89463847;-48,24958054;"SPRF-MG";"DEL15-MG";"UOP01-DEL15-MG"
772794;2026-05-19;"terça-feira";"14:12:00";"BA";101;122;"ALAGOINHAS";"Ultrapassagem Indevida";"Colisão frontal";"Com Vítimas Feridas";"Pleno dia";"Crescente";"Sol";"Simples";"Reta";"Não";3;0;0;1;1;2;1;4;-12,153289;-38,514126;"SPRF-BA";"DEL01-BA";"UOP04-DEL01-BA"
772797;2026-05-19;"terça-feira";"16:30:00";"BA";101;712;"EUNAPOLIS";"Reação tardia ou ineficiente do condutor";"Colisão traseira";"Com Vítimas Feridas";"Pleno dia";"Crescente";"Céu Claro";"Simples";"Aclive;Curva";"Não";2;0;1;0;1;0;1;2;-16,328322;-39,581567;"SPRF-BA";"DEL09-BA";"UOP01-DEL09-BA"
772799;2026-05-19;"terça-feira";"16:34:00";"SC";280;22,2;"ARAQUARI";"Ultrapassagem Indevida";"Colisão frontal";"Com Vítimas Fatais";"Pleno dia";"Crescente";"Céu Claro";"Simples";"Reta;Em Obras";"Sim";9;2;0;3;1;4;3;5;-26,371013;-48,704315;"SPRF-SC";"DEL03-SC";"UOP03-DEL03-SC"
772801;2026-05-19;"terça-feira";"09:20:00";"RS";116;139,5;"CAXIAS DO SUL";"Ausência de reação do condutor";"Colisão com objeto";"Sem Vítimas";"Pleno dia";"Crescente";"Nevoeiro/Neblina";"Dupla";"Curva";"Não";1;0;0;0;1;0;0;1;-29,101297;-51,11047;"SPRF-RS";"DEL05-RS";"UOP01-DEL05-RS"
772808;2026-05-19;"terça-feira";"17:20:00";"DF";60;3,1;"BRASILIA";"Acessar a via sem observar a presença dos outros veículos";"Colisão lateral mesmo sentido";"Com Vítimas Feridas";"Pleno dia";"Decrescente";"Céu Claro";"Dupla";"Reta";"Sim";3;0;0;1;2;0;1;2;-15,889913;-48,085228;"SPRF-DF";"DEL03-DF";"UOP01-DEL03-DF"
772809;2026-05-19;"terça-feira";"16:47:00";"RJ";116;203;"QUEIMADOS";"Reação tardia ou ineficiente do condutor";"Colisão traseira";"Com Vítimas Feridas";"Pleno dia";"Decrescente";"Nublado";"Dupla";"Reta;Em Obras";"Não";3;0;0;1;2;0;1;3;-22,73049;-43,624645;"SPRF-RJ";"DEL06-RJ";"UOP02-DEL06-RJ"
772813;2026-05-19;"terça-feira";"18:04:00";"SP";116;220;"GUARULHOS";"Demais falhas mecânicas ou elétricas";"Incêndio";"Sem Vítimas";"Plena Noite";"Decrescente";"Nublado";"Múltipla";"Reta";"Sim";1;0;0;0;1;0;0;1;-23,46412833;-46,49738176;"SPRF-SP";"DEL01-SP";"UOP01-DEL01-SP"
772815;2026-04-09;"quinta-feira";"11:40:00";"RO";364;516;"ARIQUEMES";"Acessar a via sem observar a presença dos outros veículos";"Colisão transversal";"Com Vítimas Feridas";"Pleno dia";"Crescente";"Céu Claro";"Simples";"Rotatória";"Sim";3;0;2;0;1;0;2;2;-9,91563795;-63,05534053;"SPRF-RO";"DEL03-RO";"UOP01-DEL03-RO"
772820;2026-04-10;"sexta-feira";"02:50:00";"RJ";40;92;"PETROPOLIS";"Demais falhas mecânicas ou elétricas";"Incêndio";"Sem Vítimas";"Plena Noite";"Crescente";"Chuva";"Dupla";"Declive;Reta";"Não";2;0;0;0;1;1;0;2;-22,551993;-43,249633;"SPRF-RJ";"DEL01-RJ";"UOP01-DEL01-RJ"
772823;2026-05-19;"terça-feira";"18:10:00";"MT";158;551;"AGUA BOA";"Ausência de reação do condutor";"Colisão lateral sentido oposto";"Com Vítimas Feridas";"Anoitecer";"Decrescente";"Céu Claro";"Simples";"Reta";"Não";4;0;0;1;2;3;1;6;-13,939036;-52,101108;"SPRF-MT";"DEL07-MT";"UOP02-DEL07-MT"
772826;2026-05-19;"terça-feira";"15:40:00";"MG";116;626,1;"ORIZANIA";"Ausência de reação do condutor";"Tombamento";"Com Vítimas Feridas";"Pleno dia";"Crescente";"Nublado";"Simples";"Curva";"Não";2;0;1;0;0;1;1;2;-20,46336443;-42,17651367;"SPRF-MG";"DEL07-MG";"UOP02-DEL07-MG"
772828;2026-05-19;"terça-feira";"14:20:00";"MT";364;174;"PEDRA PRETA";"Transitar na contramão";"Colisão frontal";"Com Vítimas Fatais";"Pleno dia";"Crescente";"Céu Claro";"Simples";"Reta";"Não";3;1;0;0;1;3;0;5;-16,63371753;-54,43763888;"SPRF-MT";"DEL02-MT";"UOP01-DEL02-MT"
772830;2026-05-19;"terça-feira";"19:45:00";"PR";277;195,3;"PALMEIRA";"Ausência de reação do condutor";"Atropelamento de Pedestre";"Com Vítimas Fatais";"Plena Noite";"Crescente";"Nevoeiro/Neblina";"Simples";"Reta";"Não";2;1;0;0;0;1;0;2;-25,42281127;-50,0938797;"SPRF-PR";"DEL08-PR";"UOP02-DEL08-PR"
772842;2026-05-19;"terça-feira";"22:10:00";"PR";116;126;"FAZENDA RIO GRANDE";"Manobra de mudança de faixa";"Colisão lateral mesmo sentido";"Com Vítimas Feridas";"Plena Noite";"Crescente";"Céu Claro";"Dupla";"Reta;Interseção de Vias";"Sim";5;0;2;0;3;0;2;2;-25,640936;-49,313053;"SPRF-PR";"DEL01-PR";"UOP03-DEL01-PR"
772850;2026-05-19;"terça-feira";"23:14:00";"BA";135;25;"FORMOSA DO RIO PRETO";"Pedestre - Ingestão de álcool/ substâncias psicoativas";"Eventos atípicos";"Com Vítimas Fatais";"Plena Noite";"Decrescente";"Nublado";"Dupla";"Reta";"Não";2;1;0;0;0;1;0;2;-11,048023;-45,207713;"SPRF-BA";"DEL10-BA";"UOP01-DEL10-BA"
772851;2026-05-19;"terça-feira";"23:23:00";"GO";153;621,4;"MORRINHOS";"Suicídio (presumido)";"Atropelamento de Pedestre";"Com Vítimas Fatais";"Plena Noite";"Decrescente";"Céu Claro";"Dupla";"Reta";"Não";3;1;0;0;1;1;0;3;-17,72525;-49,154465;"SPRF-GO";"DEL03-GO";"UOP01-DEL03-GO"
772853;2026-05-20;"quarta-feira";"01:30:00";"SP";116;507;"CAJATI";"Reação tardia ou ineficiente do condutor";"Colisão traseira";"Com Vítimas Feridas";"Plena Noite";"Decrescente";"Chuva";"Dupla";"Curva";"Não";4;0;1;0;2;1;1;3;-24,77888959;-48,19860332;"SPRF-SP";"DEL05-SP";"UOP02-DEL05-SP"
772857;2026-05-20;"quarta-feira";"05:30:00";"PR";277;486,1;"NOVA LARANJEIRAS";"Transitar na contramão";"Colisão frontal";"Com Vítimas Feridas";"Plena Noite";"Decrescente";"Nevoeiro/Neblina";"Simples";"Declive;Curva";"Não";4;0;1;1;1;1;2;3;-25,26588458;-52,62522994;"SPRF-PR";"DEL04-PR";"UOP02-DEL04-PR"
772859;2026-05-20;"quarta-feira";"05:50:00";"BA";349;925;"CORRENTINA";"Reação tardia ou ineficiente do condutor";"Colisão traseira";"Sem Vítimas";"Amanhecer";"Crescente";"Céu Claro";"Simples";"Reta";"Não";4;0;0;0;3;1;0;2;-13,39027616;-44,5374554;"SPRF-BA";"DEL10-BA";"UOP02-DEL10-BA"
772873;2026-05-20;"quarta-feira";"04:30:00";"AM";174;997;"PRESIDENTE FIGUEIREDO";"Afundamento ou ondulação no pavimento";"Saída de leito carroçável";"Com Vítimas Feridas";"Plena Noite";"Crescente";"Céu Claro";"Simples";"Reta";"Não";2;0;1;0;0;2;1;3;-2,00013532;-60,02620697;"SPRF-AM";"DEL01-AM";"UOP02-DEL01-AM"
772876;2026-05-18;"segunda-feira";"06:50:00";"SC";282;483;"FAXINAL DOS GUEDES";"Condutor deixou de manter distância do veículo da frente";"Colisão traseira";"Com Vítimas Feridas";"Amanhecer";"Crescente";"Nevoeiro/Neblina";"Simples";"Reta";"Não";4;0;2;0;2;0;2;2;-26,864975;-52,211827;"SPRF-SC";"DEL07-SC";"UOP01-DEL07-SC"
772882;2026-05-20;"quarta-feira";"05:30:00";"MT";163;1102;"GUARANTA DO NORTE";"Declive acentuado";"Tombamento";"Sem Vítimas";"Amanhecer";"Decrescente";"Nublado";"Simples";"Curva;Declive";"Não";1;0;0;0;0;1;0;1;-9,64864629;-54,87224579;"SPRF-MT";"DEL06-MT";"UOP03-DEL06-MT"
772899;2026-04-21;"terça-feira";"22:50:00";"BA";349;889;"SANTA MARIA DA VITORIA";"Demais falhas mecânicas ou elétricas";"Tombamento";"Com Vítimas Feridas";"Plena Noite";"Crescente";"Céu Claro";"Simples";"Curva;Declive";"Não";2;0;1;0;0;1;1;2;-13,38837;-44,28149;"SPRF-BA";"DEL10-BA";"UOP02-DEL10-BA"
772902;2026-05-20;"quarta-feira";"06:56:00";"RJ";101;23,5;"CAMPOS DOS GOYTACAZES";"Condutor Dormindo";"Tombamento";"Com Vítimas Feridas";"Pleno dia";"Crescente";"Céu Claro";"Simples";"Curva";"Não";2;0;2;0;0;0;2;1;-21,404036;-41,344078;"SPRF-RJ";"DEL08-RJ";"UOP01-DEL08-RJ"
772908;2026-05-20;"quarta-feira";"11:45:00";"MG";365;604,8;"UBERLANDIA";"Ausência de reação do condutor";"Colisão lateral mesmo sentido";"Com Vítimas Feridas";"Pleno dia";"Decrescente";"Nublado";"Simples";"Curva;Declive";"Não";2;0;1;0;0;1;1;2;-18,892512;-48,150445;"SPRF-MG";"DEL15-MG";"UOP01-DEL15-MG"
772909;2026-04-28;"terça-feira";"09:00:00";"RO";364;179,8;"PIMENTA BUENO";"Reação tardia ou ineficiente do condutor";"Colisão lateral sentido oposto";"Com Vítimas Feridas";"Pleno dia";"Decrescente";"Sol";"Simples";"Curva;Declive";"Não";3;0;2;0;0;5;2;7;-11,73175801;-61,12563372;"SPRF-RO";"DEL02-RO";"UOP02-DEL02-RO"
772914;2026-05-20;"quarta-feira";"11:00:00";"MG";381;855,2;"POUSO ALEGRE";"Condutor deixou de manter distância do veículo da frente";"Colisão traseira";"Com Vítimas Feridas";"Pleno dia";"Decrescente";"Nublado";"Dupla";"Reta";"Não";4;0;1;0;2;1;1;3;-22,28256469;-45,89563206;"SPRF-MG";"DEL16-MG";"UOP01-DEL16-MG"
772915;2026-04-22;"quarta-feira";"21:50:00";"RJ";393;132;"SAPUCAIA";"Ultrapassagem Indevida";"Colisão frontal";"Com Vítimas Fatais";"Plena Noite";"Decrescente";"Céu Claro";"Simples";"Reta";"Não";2;1;0;0;0;1;0;2;-21,99094443;-42,90661097;"SPRF-RJ";"DEL05-RJ";"UOP01-DEL05-RJ"
772920;2026-05-20;"quarta-feira";"13:00:00";"MG";381;496;"BETIM";"Condutor deixou de manter distância do veículo da frente";"Colisão traseira";"Sem Vítimas";"Pleno dia";"Decrescente";"Céu Claro";"Múltipla";"Reta;Aclive";"Sim";4;0;0;0;2;3;0;5;-19,97551121;-44,19464562;"SPRF-MG";"DEL01-MG";"UOP03-DEL01-MG"
772921;2026-05-12;"terça-feira";"13:50:00";"BA";116;516;"ITATIM";"Ultrapassagem Indevida";"Colisão lateral sentido oposto";"Sem Vítimas";"Pleno dia";"Crescente";"Céu Claro";"Simples";"Reta";"Não";2;0;0;0;2;0;0;2;-12,68643481;-39,68294844;"SPRF-BA";"DEL02-BA";"UOP01-DEL02-BA"
772922;2026-05-01;"sexta-feira";"03:41:00";"RJ";101;286;"ITABORAI";"Ausência de reação do condutor";"Colisão traseira";"Com Vítimas Feridas";"Amanhecer";"Decrescente";"Nublado";"Dupla";"Reta";"Não";8;0;1;1;6;0;2;8;-22,76328;-42,85059787;"SPRF-RJ";"DEL02-RJ";"UOP02-DEL02-RJ"
772924;2026-05-20;"quarta-feira";"14:00:00";"GO";153;443;"ANAPOLIS";"Acessar a via sem observar a presença dos outros veículos";"Colisão transversal";"Sem Vítimas";"Pleno dia";"Crescente";"Céu Claro";"Dupla";"Em Obras;Rotatória";"Sim";3;0;0;0;3;0;0;2;-16,354598;-48,929433;"SPRF-GO";"DEL02-GO";"UOP01-DEL02-GO"
772928;2026-05-20;"quarta-feira";"14:40:00";"SC";101;151;"ITAPEMA";"Transitar no Acostamento";"Colisão traseira";"Com Vítimas Feridas";"Pleno dia";"Decrescente";"Céu Claro";"Dupla";"Reta";"Sim";2;0;1;0;1;0;1;2;-27,130093;-48,609545;"SPRF-SC";"DEL04-SC";"UOP03-DEL04-SC"
772929;2026-05-20;"quarta-feira";"12:20:00";"PR";376;225;"APUCARANA";"Reação tardia ou ineficiente do condutor";"Saída de leito carroçável";"Com Vítimas Feridas";"Pleno dia";"Decrescente";"Céu Claro";"Dupla";"Curva";"Não";3;0;1;0;1;1;1;3;-23,58530595;-51,56450272;"SPRF-PR";"DEL07-PR";"UOP03-DEL07-PR"
772932;2026-05-20;"quarta-feira";"14:58:00";"SC";101;162,4;"TIJUCAS";"Manobra de mudança de faixa";"Colisão lateral mesmo sentido";"Com Vítimas Fatais";"Pleno dia";"Decrescente";"Sol";"Dupla";"Interseção de Vias;Viaduto";"Sim";4;1;0;0;2;1;0;4;-27,23082088;-48,62939358;"SPRF-SC";"DEL04-SC";"UOP03-DEL04-SC"
772934;2026-05-20;"quarta-feira";"14:45:00";"SC";470;67,2;"INDAIAL";"Reação tardia ou ineficiente do condutor";"Tombamento";"Com Vítimas Feridas";"Pleno dia";"Decrescente";"Céu Claro";"Dupla";"Reta";"Sim";1;0;1;0;0;0;1;1;-26,87314796;-49,23278332;"SPRF-SC";"DEL04-SC";"UOP01-DEL04-SC"
772949;2026-05-10;"domingo";"05:15:00";"MS";262;733,5;"CORUMBA";"Ultrapassagem Indevida";"Saída de leito carroçável";"Sem Vítimas";"Amanhecer";"Crescente";"Nevoeiro/Neblina";"Simples";"Curva";"Não";4;0;0;0;1;5;0;5;-19,349259;-57,570926;"SPRF-MS";"DEL03-MS";"UOP03-DEL03-MS"
772952;2026-05-20;"quarta-feira";"15:30:00";"PR";277;184;"PALMEIRA";"Ausência de reação do condutor";"Colisão frontal";"Com Vítimas Feridas";"Pleno dia";"Crescente";"Céu Claro";"Simples";"Reta;Em Obras";"Não";4;0;3;0;0;3;3;5;-25,424847;-50,07293;"SPRF-PR";"DEL08-PR";"UOP02-DEL08-PR"
772954;2026-05-20;"quarta-feira";"16:00:00";"RJ";101;297;"ITABORAI";"Reação tardia ou ineficiente do condutor";"Engavetamento";"Com Vítimas Feridas";"Pleno dia";"Crescente";"Nublado";"Múltipla";"Reta";"Sim";4;0;1;0;2;1;1;4;-22,77132762;-42,92597294;"SPRF-RJ";"DEL02-RJ";"UOP02-DEL02-RJ"
772956;2026-05-20;"quarta-feira";"11:20:00";"RJ";101;450;"MANGARATIBA";"Reação tardia ou ineficiente do condutor";"Colisão lateral sentido oposto";"Com Vítimas Fatais";"Pleno dia";"Crescente";"Chuva";"Simples";"Curva";"Não";3;1;1;1;0;0;2;3;-23,024701;-44,121302;"SPRF-RJ";"DEL03-RJ";"UOP02-DEL03-RJ"
772959;2026-05-20;"quarta-feira";"15:00:00";"BA";242;257;"ITABERABA";"Reação tardia ou ineficiente do condutor";"Tombamento";"Com Vítimas Feridas";"Pleno dia";"Decrescente";"Céu Claro";"Simples";"Reta";"Não";2;0;1;0;0;2;1;3;-12,488716;-40,522037;"SPRF-BA";"DEL06-BA";"UOP02-DEL06-BA"
772961;2026-05-20;"quarta-feira";"10:30:00";"AL";316;128;"MINADOR DO NEGRAO";"Carga excessiva e/ou mal acondicionada";"Colisão com objeto";"Com Vítimas Feridas";"Pleno dia";"Crescente";"Céu Claro";"Simples";"Reta";"Não";2;0;0;1;1;0;1;2;-9,39252618;-36,86637131;"SPRF-AL";"DEL03-AL";"UOP01-DEL03-AL"
772965;2026-05-20;"quarta-feira";"16:46:00";"SC";282;362,3;"ERVAL VELHO";"Acessar a via sem observar a presença dos outros veículos";"Colisão transversal";"Com Vítimas Feridas";"Pleno dia";"Decrescente";"Céu Claro";"Simples";"Reta;Declive";"Não";2;0;0;1;1;0;1;2;-27,307608;-51,377341;"SPRF-SC";"DEL07-SC";"UOP05-DEL07-SC"
772968;2026-05-20;"quarta-feira";"08:10:00";"MG";381;936,1;"EXTREMA";"Carga excessiva e/ou mal acondicionada";"Derramamento de carga";"Sem Vítimas";"Pleno dia";"Crescente";"Nublado";"Dupla";"Curva;Declive";"Não";2;0;0;0;1;1;0;2;-22,81250495;-46,28451634;"SPRF-MG";"DEL16-MG";"UOP03-DEL16-MG"
772971;2026-05-20;"quarta-feira";"17:00:00";"SP";116;282;"EMBU DAS ARTES";"Trafegar com motocicleta (ou similar) entre as faixas";"Colisão lateral mesmo sentido";"Com Vítimas Feridas";"Anoitecer";"Decrescente";"Nublado";"Dupla";"Reta";"Sim";5;0;0;1;1;4;1;6;-23,662775;-46,852975;"SPRF-SP";"DEL04-SP";"UOP01-DEL04-SP"
772973;2026-05-20;"quarta-feira";"17:25:00";"MA";10;237;"IMPERATRIZ";"Reação tardia ou ineficiente do condutor";"Engavetamento";"Com Vítimas Feridas";"Anoitecer";"Decrescente";"Céu Claro";"Simples";"Reta";"Não";6;0;1;0;4;1;1;4;-5,64256;-47,39787;"SPRF-MA";"DEL04-MA";"UOP01-DEL04-MA"
772989;2026-05-20;"quarta-feira";"19:00:00";"MG";381;359,4;"SAO GONCALO DO RIO ABAIXO";"Chuva";"Colisão frontal";"Com Vítimas Feridas";"Plena Noite";"Crescente";"Chuva";"Dupla";"Curva";"Não";2;0;0;1;1;0;1;2;-19,85437231;-43,24699044;"SPRF-MG";"DEL03-MG";"UOP01-DEL03-MG"
772992;2026-05-20;"quarta-feira";"17:45:00";"SE";101;36;"JAPARATUBA";"Demais falhas mecânicas ou elétricas";"Colisão com objeto";"Sem Vítimas";"Plena Noite";"Decrescente";"Céu Claro";"Dupla";"Reta";"Não";2;0;0;0;1;3;0;4;-10,49322279;-36,9448727;"SPRF-SE";"DEL02-SE";"UOP02-DEL02-SE"
772995;2026-05-20;"quarta-feira";"16:58:00";"SC";101;281;"IMBITUBA";"Ausência de reação do condutor";"Colisão com objeto";"Com Vítimas Feridas";"Pleno dia";"Crescente";"Céu Claro";"Múltipla";"Reta";"Sim";3;0;0;1;1;1;1;3;-28,2029757;-48,69870186;"SPRF-SC";"DEL02-SC";"UOP03-DEL02-SC"
772997;2026-05-20;"quarta-feira";"17:30:00";"BA";101;820;"ITAMARAJU";"Objeto estático sobre o leito carroçável";"Colisão com objeto";"Com Vítimas Feridas";"Anoitecer";"Crescente";"Céu Claro";"Simples";"Curva;Aclive";"Não";5;0;2;1;1;1;3;3;-17,10625745;-39,56515789;"SPRF-BA";"DEL09-BA";"UOP01-DEL09-BA"
772999;2026-05-20;"quarta-feira";"15:00:00";"PA";163;405,1;"ITAITUBA";"Reação tardia ou ineficiente do condutor";"Tombamento";"Com Vítimas Feridas";"Pleno dia";"Crescente";"Céu Claro";"Simples";"Curva;Declive";"Não";3;0;1;0;1;3;1;5;-6,258667;-55,607185;"SPRF-PA";"DEL05-PA";"UOP03-DEL05-PA"
773002;2026-05-20;"quarta-feira";"16:00:00";"MG";116;319;"ITAMBACURI";"Demais falhas mecânicas ou elétricas";"Incêndio";"Sem Vítimas";"Pleno dia";"Decrescente";"Céu Claro";"Simples";"Reta";"Não";1;0;0;0;1;0;0;1;-18,147842;-41,697542;"SPRF-MG";"DEL11-MG";"UOP01-DEL11-MG"
773004;2026-05-20;"quarta-feira";"17:19:00";"AC";364;142;"RIO BRANCO";"Acessar a via sem observar a presença dos outros veículos";"Colisão lateral mesmo sentido";"Com Vítimas Feridas";"Plena Noite";"Decrescente";"Nublado";"Dupla";"Reta;Declive";"Sim";4;0;1;0;3;0;1;2;-9,93613;-67,88239;"SPRF-AC";"DEL01-AC";"UOP01-DEL01-AC"
773006;2026-05-20;"quarta-feira";"16:30:00";"MT";70;645,4;"CACERES";"Manobra de mudança de faixa";"Colisão lateral mesmo sentido";"Com Vítimas Feridas";"Pleno dia";"Decrescente";"Céu Claro";"Simples";"Reta";"Não";4;0;1;0;1;2;1;4;-15,96215;-57,16235;"SPRF-MT";"DEL03-MT";"UOP02-DEL03-MT"
773007;2026-05-20;"quarta-feira";"19:10:00";"PI";316;313,6;"PICOS";"Manobra de mudança de faixa";"Tombamento";"Sem Vítimas";"Plena Noite";"Decrescente";"Céu Claro";"Simples";"Reta";"Sim";3;0;0;0;1;2;0;3;-7,077927;-41,44492;"SPRF-PI";"DEL04-PI";"UOP01-DEL04-PI"
773008;2026-05-20;"quarta-feira";"19:40:00";"AL";316;238,5;"ATALAIA";"Velocidade Incompatível";"Tombamento";"Com Vítimas Feridas";"Plena Noite";"Crescente";"Céu Claro";"Simples";"Reta";"Não";2;0;1;0;0;1;1;2;-9,505395;-36,044688;"SPRF-AL";"DEL01-AL";"UOP01-DEL01-AL"
773018;2026-05-20;"quarta-feira";"22:15:00";"SP";153;60;"SAO JOSE DO RIO PRETO";"Ausência de reação do condutor";"Colisão lateral mesmo sentido";"Sem Vítimas";"Plena Noite";"Decrescente";"Céu Claro";"Dupla";"Reta";"Sim";3;0;0;0;3;0;0;2;-20,79656407;-49,35480086;"SPRF-SP";"DEL09-SP";"UOP01-DEL09-SP"
773020;2026-05-20;"quarta-feira";"22:00:00";"RS";470;218;"BENTO GONCALVES";"Transitar na contramão";"Colisão frontal";"Sem Vítimas";"Plena Noite";"Decrescente";"Céu Claro";"Simples";"Curva;Aclive";"Não";3;0;0;0;2;1;0;3;-29,185625;-51,521089;"SPRF-RS";"DEL06-RS";"UOP01-DEL06-RS"