"id";"data_inversa";"dia_semana";"horario";"uf";"br";"km";"municipio";"causa_acidente";"tipo_acidente";"classificacao_acidente";"fase_dia";"sentido_via";"condicao_metereologica";"tipo_pista";"tracado_via";"uso_solo";"pessoas";"mortos";"feridos_leves";"feridos_graves";"ilesos";"ignorados";"feridos";"veiculos";"latitude";"longitude";"regional";"delegacia";"uop"
774326;2026-05-26;"terça-feira";"14:23:00";"PR";376;667,3;"GUARATUBA";"Reação tardia ou ineficiente do condutor";"Colisão com objeto";"Com Vítimas Fatais";"Pleno dia";"Crescente";"Nevoeiro/Neblina";"Simples";"Curva;Declive";"Não";4;2;0;0;0;2;0;3;-25,86354338;-48,93649578;"SPRF-PR";"DEL01-PR";"UOP04-DEL01-PR"
774330;2026-05-26;"terça-feira";"18:25:00";"BA";101;253;"CONCEICAO DO ALMEIDA";"Ausência de reação do condutor";"Colisão traseira";"Sem Vítimas";"Plena Noite";"Decrescente";"Céu Claro";"Simples";"Declive";"Não";2;0;0;0;2;0;0;2;-12,9106243;-39,2408052;"SPRF-BA";"DEL11-BA";"UOP01-DEL11-BA"
774337;2026-05-26;"terça-feira";"14:30:00";"RS";290;161,2;"SAO JERONIMO";"Transitar na contramão";"Colisão lateral sentido oposto";"Com Vítimas Feridas";"Pleno dia";"Crescente";"Nublado";"Simples";"Declive";"Não";3;0;2;0;1;0;2;2;-30,11340874;-51,82992809;"SPRF-RS";"DEL02-RS";"UOP01-DEL02-RS"
774339;2026-05-26;"terça-feira";"19:55:00";"SP";116;302;"SAO LOURENCO DA SERRA";"Manobra de mudança de faixa";"Colisão com objeto";"Com Vítimas Feridas";"Plena Noite";"Crescente";"Céu Claro";"Dupla";"Reta;Declive";"Não";2;0;1;0;1;0;1;2;-23,823;-46,92568;"SPRF-SP";"DEL04-SP";"UOP01-DEL04-SP"
774347;2026-05-26;"terça-feira";"19:35:00";"SP";116;210;"GUARULHOS";"Ausência de reação do condutor";"Colisão lateral mesmo sentido";"Sem Vítimas";"Anoitecer";"Crescente";"Céu Claro";"Múltipla";"Interseção de Vias;Curva";"Sim";3;0;0;0;2;1;0;3;-23,431065;-46,417387;"SPRF-SP";"DEL01-SP";"UOP01-DEL01-SP"
774349;2026-05-26;"terça-feira";"19:50:00";"PR";476;97;"BOCAIUVA DO SUL";"Condutor Dormindo";"Tombamento";"Sem Vítimas";"Plena Noite";"Crescente";"Garoa/Chuvisco";"Simples";"Declive;Reta";"Não";2;0;0;0;0;2;0;2;-25,2413239;-49,1298981;"SPRF-PR";"DEL01-PR";"UOP01-DEL01-PR"
774352;2026-05-26;"terça-feira";"19:20:00";"PR";376;631,8;"SAO JOSE DOS PINHAIS";"Acessar a via sem observar a presença dos outros veículos";"Colisão traseira";"Com Vítimas Feridas";"Plena Noite";"Decrescente";"Nublado";"Múltipla";"Reta";"Sim";3;0;0;1;1;1;1;3;-25,71473689;-49,13859336;"SPRF-PR";"DEL01-PR";"UOP04-DEL01-PR"
774357;2026-05-26;"terça-feira";"18:45:00";"PR";376;301;"MAUA DA SERRA";"Velocidade Incompatível";"Tombamento";"Com Vítimas Feridas";"Plena Noite";"Crescente";"Nublado";"Dupla";"Curva;Declive";"Não";1;0;1;0;0;0;1;1;-23,93336433;-51,13679633;"SPRF-PR";"DEL07-PR";"UOP02-DEL07-PR"
774360;2026-05-26;"terça-feira";"20:00:00";"PR";116;93,5;"SAO JOSE DOS PINHAIS";"Manobra de mudança de faixa";"Colisão lateral mesmo sentido";"Sem Vítimas";"Plena Noite";"Decrescente";"Nublado";"Dupla";"Reta";"Não";3;0;0;0;2;1;0;3;-25,516962;-49,131829;"SPRF-PR";"DEL01-PR";"UOP08-DEL01-PR"
774361;2026-05-26;"terça-feira";"20:50:00";"SP";116;511;"CAJATI";"Ausência de reação do condutor";"Tombamento";"Com Vítimas Fatais";"Plena Noite";"Decrescente";"Céu Claro";"Simples";"Declive;Curva";"Não";4;2;0;1;0;1;1;2;-24,81696517;-48,20972443;"SPRF-SP";"DEL05-SP";"UOP02-DEL05-SP"
774364;2026-05-26;"terça-feira";"20:08:00";"RJ";40;111;"DUQUE DE CAXIAS";"Demais falhas mecânicas ou elétricas";"Incêndio";"Sem Vítimas";"Plena Noite";"Decrescente";"Céu Claro";"Múltipla";"Reta";"Não";1;0;0;0;1;0;0;1;-22,6933676;-43,2875152;"SPRF-RJ";"DEL01-RJ";"UOP02-DEL01-RJ"
774366;2026-05-26;"terça-feira";"21:00:00";"MG";40;429,4;"PARAOPEBA";"Ausência de reação do condutor";"Colisão traseira";"Com Vítimas Feridas";"Plena Noite";"Decrescente";"Ignorado";"Dupla";"Reta";"Não";3;0;1;0;1;2;1;4;-19,191324;-44,487767;"SPRF-MG";"DEL02-MG";"UOP01-DEL02-MG"
774367;2026-05-26;"terça-feira";"18:00:00";"RS";386;235;"SOLEDADE";"Condutor Dormindo";"Saída de leito carroçável";"Sem Vítimas";"Anoitecer";"Crescente";"Garoa/Chuvisco";"Simples";"Curva";"Não";2;0;0;0;1;1;0;2;-28,73298;-52,55566;"SPRF-RS";"DEL04-RS";"UOP03-DEL04-RS"
774368;2026-05-26;"terça-feira";"20:40:00";"SC";470;100;"APIUNA";"Ausência de reação do condutor";"Colisão lateral sentido oposto";"Com Vítimas Feridas";"Plena Noite";"Crescente";"Nevoeiro/Neblina";"Simples";"Curva";"Sim";3;0;0;1;1;1;1;3;-27,0469;-49,3925;"SPRF-SC";"DEL04-SC";"UOP02-DEL04-SC"
774377;2026-05-26;"terça-feira";"22:00:00";"MG";40;516;"RIBEIRAO DAS NEVES";"Ausência de reação do condutor";"Colisão traseira";"Com Vítimas Feridas";"Plena Noite";"Decrescente";"Céu Claro";"Dupla";"Reta";"Sim";2;0;0;1;0;1;1;2;-19,8163999;-44,0891742;"SPRF-MG";"DEL01-MG";"UOP02-DEL01-MG"
774379;2026-05-26;"terça-feira";"20:27:00";"PI";316;0,9;"TERESINA";"Ausência de reação do condutor";"Colisão traseira";"Com Vítimas Feridas";"Plena Noite";"Decrescente";"Céu Claro";"Simples";"Reta";"Sim";2;0;1;0;0;1;1;2;-5,128818;-42,807761;"SPRF-PI";"DEL01-PI";"UOP02-DEL01-PI"
774386;2026-05-26;"terça-feira";"23:30:00";"ES";101;123,6;"SOORETAMA";"Acessar a via sem observar a presença dos outros veículos";"Atropelamento de Pedestre";"Com Vítimas Fatais";"Plena Noite";"Decrescente";"Céu Claro";"Simples";"Aclive;Reta";"Não";2;1;0;0;0;1;0;2;-19,17376247;-40,08981616;"SPRF-ES";"DEL04-ES";"UOP01-DEL04-ES"
774395;2026-05-27;"quarta-feira";"00:15:00";"MG";381;674,7;"PERDOES";"Velocidade Incompatível";"Tombamento";"Com Vítimas Feridas";"Plena Noite";"Crescente";"Nublado";"Dupla";"Curva;Aclive";"Não";2;0;1;0;0;1;1;2;-21,089921;-45,070049;"SPRF-MG";"DEL04-MG";"UOP02-DEL04-MG"
774396;2026-05-27;"quarta-feira";"01:15:00";"SC";101;140;"BALNEARIO CAMBORIU";"Reação tardia ou ineficiente do condutor";"Colisão traseira";"Com Vítimas Feridas";"Plena Noite";"Crescente";"Garoa/Chuvisco";"Múltipla";"Reta";"Não";4;0;1;0;1;2;1;4;-27,04076066;-48,59994292;"SPRF-SC";"DEL04-SC";"UOP03-DEL04-SC"
774397;2026-05-26;"terça-feira";"23:30:00";"MS";262;25,8;"TRES LAGOAS";"Transitar na contramão";"Colisão frontal";"Com Vítimas Feridas";"Plena Noite";"Crescente";"Céu Claro";"Simples";"Reta";"Não";4;0;1;1;1;1;2;4;-20,80867506;-51,84328079;"SPRF-MS";"DEL07-MS";"UOP01-DEL07-MS"
774400;2026-05-27;"quarta-feira";"02:10:00";"PR";277;705;"SAO MIGUEL DO IGUACU";"Ausência de reação do condutor";"Saída de leito carroçável";"Com Vítimas Feridas";"Plena Noite";"Crescente";"Nevoeiro/Neblina";"Dupla";"Declive;Reta";"Sim";1;0;1;0;0;0;1;1;-25,42958872;-54,36867563;"SPRF-PR";"DEL05-PR";"UOP01-DEL05-PR"
774402;2026-05-26;"terça-feira";"19:32:00";"BA";101;703,5;"EUNAPOLIS";"Transitar na contramão";"Colisão lateral sentido oposto";"Com Vítimas Feridas";"Plena Noite";"Crescente";"Chuva";"Simples";"Curva;Declive";"Não";3;0;1;0;1;2;1;4;-16,268368;-39,582145;"SPRF-BA";"DEL09-BA";"UOP01-DEL09-BA"
774403;2026-05-27;"quarta-feira";"05:30:00";"MG";381;406,6;"NOVA UNIAO";"Objeto estático sobre o leito carroçável";"Colisão traseira";"Com Vítimas Fatais";"Amanhecer";"Crescente";"Nevoeiro/Neblina";"Dupla";"Declive;Reta";"Não";4;1;0;0;2;1;0;3;-19,726907;-43,565534;"SPRF-MG";"DEL01-MG";"UOP01-DEL01-MG"
774405;2026-05-26;"terça-feira";"20:40:00";"BA";242;258;"ITABERABA";"Transitar na contramão";"Saída de leito carroçável";"Com Vítimas Feridas";"Plena Noite";"Decrescente";"Céu Claro";"Simples";"Curva";"Não";28;0;1;0;26;3;1;6;-12,48065;-40,527763;"SPRF-BA";"DEL06-BA";"UOP02-DEL06-BA"
774408;2026-05-26;"terça-feira";"23:40:00";"RJ";356;49;"ITAPERUNA";"Declive acentuado";"Tombamento";"Com Vítimas Feridas";"Plena Noite";"Decrescente";"Céu Claro";"Simples";"Curva;Declive";"Não";2;0;1;0;0;1;1;2;-21,252745;-41,7834167;"SPRF-RJ";"DEL08-RJ";"UOP03-DEL08-RJ"
774410;2026-05-18;"segunda-feira";"15:00:00";"SC";282;532;"CORDILHEIRA ALTA";"Velocidade Incompatível";"Colisão traseira";"Sem Vítimas";"Pleno dia";"Crescente";"Nublado";"Simples";"Reta";"Não";8;0;0;0;4;4;0;6;-26,99246294;-52,61001773;"SPRF-SC";"DEL07-SC";"UOP01-DEL07-SC"
774411;2026-05-27;"quarta-feira";"06:30:00";"BA";324;599;"SIMOES FILHO";"Pedestre andava na pista";"Atropelamento de Pedestre";"Com Vítimas Feridas";"Pleno dia";"Crescente";"Céu Claro";"Dupla";"Reta";"Não";4;0;0;1;1;2;1;3;-12,7531983;-38,4305417;"SPRF-BA";"DEL01-BA";"UOP01-DEL01-BA"
774417;2026-05-26;"terça-feira";"06:45:00";"SC";470;181;"POUSO REDONDO";"Reação tardia ou ineficiente do condutor";"Colisão lateral sentido oposto";"Com Vítimas Feridas";"Amanhecer";"Decrescente";"Chuva";"Simples";"Reta";"Não";4;0;1;0;3;0;1;3;-27,24971;-49,988184;"SPRF-SC";"DEL04-SC";"UOP02-DEL04-SC"
774421;2026-05-27;"quarta-feira";"06:43:00";"RN";101;94,9;"NATAL";"Condutor deixou de manter distância do veículo da frente";"Engavetamento";"Com Vítimas Feridas";"Pleno dia";"Decrescente";"Céu Claro";"Dupla";"Reta";"Sim";6;0;1;0;5;0;1;5;-5,836635;-35,211583;"SPRF-RN";"DEL01-RN";"UOP01-DEL01-RN"
774425;2026-05-27;"quarta-feira";"06:30:00";"PB";230;19;"JOAO PESSOA";"Manobra de mudança de faixa";"Colisão lateral mesmo sentido";"Com Vítimas Feridas";"Pleno dia";"Decrescente";"Chuva";"Dupla";"Reta";"Sim";3;0;2;0;1;0;2;2;-7,13034007;-34,85111165;"SPRF-PB";"DEL01-PB";"UOP01-DEL01-PB"
774431;2026-05-27;"quarta-feira";"08:00:00";"ES";101;278;"SERRA";"Condutor deixou de manter distância do veículo da frente";"Colisão traseira";"Com Vítimas Feridas";"Pleno dia";"Crescente";"Sol";"Dupla";"Reta";"Não";2;0;1;0;1;0;1;2;-20,21698365;-40,32974606;"SPRF-ES";"DEL02-ES";"UOP01-DEL02-ES"
774443;2026-05-27;"quarta-feira";"09:05:00";"MG";381;302,9;"ANTONIO DIAS";"Velocidade Incompatível";"Colisão lateral mesmo sentido";"Com Vítimas Feridas";"Pleno dia";"Crescente";"Sol";"Simples";"Reta;Declive";"Não";3;0;0;1;1;1;1;3;-19,64281;-42,92084;"SPRF-MG";"DEL03-MG";"UOP02-DEL03-MG"
774450;2026-05-27;"quarta-feira";"09:10:00";"PR";476;145;"CURITIBA";"Frear bruscamente";"Colisão traseira";"Com Vítimas Feridas";"Amanhecer";"Crescente";"Nublado";"Dupla";"Retorno Regulamentado";"Não";2;0;1;0;1;0;1;2;-25,54779892;-49,32176678;"SPRF-PR";"DEL01-PR";"UOP06-DEL01-PR"
774460;2026-05-03;"domingo";"13:00:00";"AL";101;41;"FLEXEIRAS";"Demais falhas na via";"Tombamento";"Com Vítimas Feridas";"Pleno dia";"Decrescente";"Céu Claro";"Dupla";"Curva";"Não";2;0;1;0;0;2;1;3;-9,171585;-35,774786;"SPRF-AL";"DEL01-AL";"UOP02-DEL01-AL"
774462;2026-05-27;"quarta-feira";"10:10:00";"RO";364;380;"THEOBROMA";"Acessar a via sem observar a presença dos outros veículos";"Colisão lateral mesmo sentido";"Com Vítimas Feridas";"Pleno dia";"Decrescente";"Céu Claro";"Simples";"Reta";"Não";3;0;1;0;1;3;1;5;-10;-62;"SPRF-RO";"DEL02-RO";"UOP01-DEL02-RO"
774463;2026-05-27;"quarta-feira";"05:10:00";"BA";324;572;"SAO SEBASTIAO DO PASSE";"Ausência de reação do condutor";"Saída de leito carroçável";"Com Vítimas Feridas";"Pleno dia";"Crescente";"Céu Claro";"Dupla";"Reta";"Não";2;0;1;0;0;1;1;2;-12,5572;-38,56637;"SPRF-BA";"DEL01-BA";"UOP01-DEL01-BA"
774467;2026-05-27;"quarta-feira";"11:45:00";"PR";369;160;"CAMBE";"Ausência de reação do condutor";"Colisão transversal";"Com Vítimas Feridas";"Pleno dia";"Decrescente";"Céu Claro";"Dupla";"Reta";"Não";3;0;1;0;2;0;1;3;-23,28235;-51,2519183;"SPRF-PR";"DEL07-PR";"UOP01-DEL07-PR"
774477;2026-05-27;"quarta-feira";"11:40:00";"GO";20;219;"POSSE";"Ausência de reação do condutor";"Colisão frontal";"Com Vítimas Fatais";"Pleno dia";"Decrescente";"Céu Claro";"Simples";"Reta";"Não";3;1;0;1;0;2;1;4;-14,12769919;-46,3154912;"SPRF-DF";"DEL02-DF";"UOP03-DEL02-DF"
774480;2026-05-27;"quarta-feira";"12:00:00";"PR";369;239,2;"JANDAIA DO SUL";"Acessar a via sem observar a presença dos outros veículos";"Colisão transversal";"Com Vítimas Fatais";"Pleno dia";"Crescente";"Céu Claro";"Simples";"Reta;Declive";"Não";4;2;0;0;2;0;0;3;-23,65915;-51,69089;"SPRF-PR";"DEL09-PR";"UOP01-DEL09-PR"
774481;2026-05-27;"quarta-feira";"12:45:00";"PR";277;115;"CAMPO LARGO";"Acessar a via sem observar a presença dos outros veículos";"Colisão lateral mesmo sentido";"Com Vítimas Feridas";"Pleno dia";"Decrescente";"Céu Claro";"Dupla";"Curva";"Sim";3;0;0;1;1;1;1;3;-25,43744315;-49,44496661;"SPRF-PR";"DEL01-PR";"UOP07-DEL01-PR"
774490;2026-05-27;"quarta-feira";"13:19:00";"PE";101;128,2;"ESCADA";"Ausência de reação do condutor";"Colisão traseira";"Com Vítimas Feridas";"Pleno dia";"Decrescente";"Chuva";"Dupla";"Reta";"Sim";3;0;1;0;1;1;1;3;-8,381036;-35,24555;"SPRF-PE";"DEL01-PE";"UOP03-DEL01-PE"
774493;2026-05-27;"quarta-feira";"11:20:00";"BA";101;448;"AURELINO LEAL";"Velocidade Incompatível";"Colisão frontal";"Com Vítimas Fatais";"Pleno dia";"Decrescente";"Céu Claro";"Simples";"Curva";"Não";2;1;0;0;1;0;0;2;-14,33328;-39,31716;"SPRF-BA";"DEL05-BA";"UOP01-DEL05-BA"
774505;2026-04-17;"sexta-feira";"21:57:00";"RJ";493;0;"ITABORAI";"Ausência de reação do condutor";"Engavetamento";"Com Vítimas Feridas";"Plena Noite";"Decrescente";"Céu Claro";"Simples";"Reta";"Não";3;0;1;0;2;0;1;3;-22,7693107;-42,92255251;"SPRF-RJ";"DEL02-RJ";"UOP02-DEL02-RJ"
774507;2026-05-27;"quarta-feira";"08:00:00";"PR";476;53,5;"TUNAS DO PARANA";"Velocidade Incompatível";"Saída de leito carroçável";"Com Vítimas Feridas";"Pleno dia";"Crescente";"Sol";"Simples";"Declive;Curva";"Não";2;0;0;1;0;2;1;3;-24,96139004;-49,09548385;"SPRF-PR";"DEL01-PR";"UOP01-DEL01-PR"
774508;2026-05-27;"quarta-feira";"12:30:00";"BA";101;734,3;"ITABELA";"Velocidade Incompatível";"Colisão lateral sentido oposto";"Com Vítimas Feridas";"Pleno dia";"Crescente";"Chuva";"Simples";"Curva;Declive";"Não";3;0;2;0;1;0;2;3;-16,49345596;-39,57466826;"SPRF-BA";"DEL09-BA";"UOP01-DEL09-BA"
774509;2026-05-27;"quarta-feira";"15:25:00";"RS";285;121,8;"VACARIA";"Condutor deixou de manter distância do veículo da frente";"Colisão traseira";"Sem Vítimas";"Pleno dia";"Crescente";"Céu Claro";"Simples";"Em Obras;Interseção de Vias;Rotatória";"Sim";2;0;0;0;2;0;0;2;-28,50575;-50,9433467;"SPRF-RS";"DEL05-RS";"UOP03-DEL05-RS"
774511;2026-05-27;"quarta-feira";"11:00:00";"RO";364;1052;"PORTO VELHO";"Reação tardia ou ineficiente do condutor";"Colisão lateral sentido oposto";"Com Vítimas Feridas";"Pleno dia";"Decrescente";"Céu Claro";"Simples";"Reta";"Não";6;0;4;1;0;1;5;3;-9,788951;-66,467335;"SPRF-RO";"DEL01-RO";"UOP03-DEL01-RO"
774513;2026-05-27;"quarta-feira";"15:05:00";"PR";153;37,5;"SANTO ANTONIO DA PLATINA";"Acessar a via sem observar a presença dos outros veículos";"Colisão transversal";"Com Vítimas Feridas";"Pleno dia";"Decrescente";"Céu Claro";"Simples";"Reta";"Não";3;0;2;0;1;0;2;2;-23,26208075;-50,05827991;"SPRF-PR";"DEL07-PR";"UOP04-DEL07-PR"
774514;2026-05-27;"quarta-feira";"15:30:00";"SC";101;129,2;"BALNEARIO CAMBORIU";"Condutor deixou de manter distância do veículo da frente";"Colisão traseira";"Sem Vítimas";"Pleno dia";"Decrescente";"Nublado";"Dupla";"Reta";"Sim";2;0;0;0;2;0;0;2;-26,98144;-48,67617;"SPRF-SC";"DEL04-SC";"UOP03-DEL04-SC"
774522;2026-05-27;"quarta-feira";"14:08:00";"GO";158;137;"CAIAPONIA";"Acesso irregular";"Colisão traseira";"Com Vítimas Feridas";"Pleno dia";"Decrescente";"Céu Claro";"Simples";"Interseção de Vias;Reta";"Não";5;0;1;0;3;4;1;7;-16,82091761;-51,76126957;"SPRF-GO";"DEL04-GO";"UOP02-DEL04-GO"
774524;2026-05-27;"quarta-feira";"15:30:00";"MG";365;528;"MONTE CARMELO";"Entrada inopinada do pedestre";"Atropelamento de Pedestre";"Com Vítimas Feridas";"Pleno dia";"Crescente";"Céu Claro";"Simples";"Reta;Aclive";"Não";3;0;0;1;0;2;1;2;-18,914108;-47,462448;"SPRF-MG";"DEL10-MG";"UOP01-DEL10-MG"
774530;2026-05-27;"quarta-feira";"15:30:00";"CE";222;40;"CAUCAIA";"Reação tardia ou ineficiente do condutor";"Saída de leito carroçável";"Com Vítimas Feridas";"Pleno dia";"Crescente";"Sol";"Simples";"Reta";"Sim";2;0;1;1;0;0;2;2;-3,685266;-38,913434;"SPRF-CE";"DEL01-CE";"UOP03-DEL01-CE"
774536;2026-05-27;"quarta-feira";"15:30:00";"GO";153;641;"MORRINHOS";"Demais falhas mecânicas ou elétricas";"Saída de leito carroçável";"Com Vítimas Feridas";"Pleno dia";"Decrescente";"Céu Claro";"Dupla";"Reta";"Não";1;0;1;0;0;0;1;1;-17,880605;-49,23039;"SPRF-GO";"DEL03-GO";"UOP01-DEL03-GO"
774541;2026-05-27;"quarta-feira";"19:00:00";"MG";381;1;"BETIM";"Trafegar com motocicleta (ou similar) entre as faixas";"Colisão traseira";"Com Vítimas Feridas";"Plena Noite";"Decrescente";"Céu Claro";"Dupla";"Reta";"Não";3;0;1;0;2;0;1;2;-19,9694184;-44,15977669;"SPRF-MG";"DEL01-MG";"UOP03-DEL01-MG"
774553;2026-05-27;"quarta-feira";"18:40:00";"MT";70;528;"VARZEA GRANDE";"Transitar na contramão";"Colisão frontal";"Com Vítimas Feridas";"Anoitecer";"Decrescente";"Ignorado";"Simples";"Reta";"Não";3;0;0;1;1;2;1;4;-15,67871427;-56,27185824;"SPRF-MT";"DEL01-MT";"UOP02-DEL01-MT"
774564;2026-05-27;"quarta-feira";"20:45:00";"RS";392;252,3;"CACAPAVA DO SUL";"Transitar na contramão";"Colisão frontal";"Com Vítimas Feridas";"Plena Noite";"Crescente";"Céu Claro";"Simples";"Reta";"Não";3;0;0;1;1;2;1;4;-30,5293708;-53,442965;"SPRF-RS";"DEL09-RS";"UOP02-DEL09-RS"
774572;2026-05-27;"quarta-feira";"17:30:00";"PB";104;143,4;"QUEIMADAS";"Condutor Dormindo";"Colisão lateral sentido oposto";"Com Vítimas Feridas";"Plena Noite";"Crescente";"Chuva";"Simples";"Curva";"Não";5;0;0;2;3;0;2;4;-7,392425;-35,897432;"SPRF-PB";"DEL02-PB";"UOP03-DEL02-PB"
774577;2026-05-27;"quarta-feira";"21:00:00";"PA";316;72;"CASTANHAL";"Acessar a via sem observar a presença dos outros veículos";"Colisão transversal";"Com Vítimas Feridas";"Plena Noite";"Crescente";"Céu Claro";"Simples";"Reta";"Não";4;0;0;2;1;1;2;3;-1,289108;-47,846233;"SPRF-PA";"DEL01-PA";"UOP01-DEL01-PA"
774580;2026-05-27;"quarta-feira";"20:20:00";"MG";50;107;"UBERABA";"Condutor Dormindo";"Saída de leito carroçável";"Com Vítimas Feridas";"Plena Noite";"Decrescente";"Céu Claro";"Dupla";"Reta;Declive";"Não";2;0;1;0;0;2;1;3;-19,28781324;-48,12149048;"SPRF-MG";"DEL13-MG";"UOP01-DEL13-MG"
774583;2026-05-27;"quarta-feira";"22:26:00";"GO";60;4,4;"SANTO ANTONIO DO DESCOBERTO";"Reação tardia ou ineficiente do condutor";"Tombamento";"Com Vítimas Feridas";"Plena Noite";"Decrescente";"Céu Claro";"Múltipla";"Declive;Curva";"Não";2;0;1;0;0;1;1;2;-16,08911;-48,273733;"SPRF-DF";"DEL03-DF";"UOP01-DEL03-DF"
774585;2026-05-28;"quinta-feira";"00:00:00";"SP";116;360;"MIRACATU";"Ausência de reação do condutor";"Tombamento";"Com Vítimas Feridas";"Plena Noite";"Decrescente";"Céu Claro";"Dupla";"Curva;Declive";"Não";2;0;1;0;0;1;1;2;-24,11315896;-47,26922923;"SPRF-SP";"DEL04-SP";"UOP03-DEL04-SP"
774586;2026-05-27;"quarta-feira";"23:40:00";"RJ";116;180;"NOVA IGUACU";"Demais falhas mecânicas ou elétricas";"Eventos atípicos";"Sem Vítimas";"Plena Noite";"Crescente";"Céu Claro";"Dupla";"Reta";"Sim";6;0;0;0;6;0;0;5;-22,750606;-43,439993;"SPRF-RJ";"DEL06-RJ";"UOP01-DEL06-RJ"
774587;2026-05-27;"quarta-feira";"23:49:00";"SC";101;26,9;"JOINVILLE";"Pedestre andava na pista";"Atropelamento de Pedestre";"Com Vítimas Fatais";"Plena Noite";"Decrescente";"Nublado";"Múltipla";"Interseção de Vias;Reta";"Não";2;1;0;0;1;0;0;2;-26,20145607;-48,91315905;"SPRF-SC";"DEL03-SC";"UOP01-DEL03-SC"
774593;2026-05-28;"quinta-feira";"02:30:00";"MG";50;8,3;"ARAGUARI";"Condutor Dormindo";"Saída de leito carroçável";"Com Vítimas Feridas";"Plena Noite";"Decrescente";"Céu Claro";"Dupla";"Reta;Declive";"Não";2;0;1;0;0;1;1;2;-18,487585;-48,046325;"SPRF-MG";"DEL15-MG";"UOP02-DEL15-MG"
774595;2026-05-28;"quinta-feira";"05:45:00";"ES";259;99,5;"BAIXO GUANDU";"Acessar a via sem observar a presença dos outros veículos";"Colisão transversal";"Com Vítimas Fatais";"Amanhecer";"Crescente";"Céu Claro";"Simples";"Reta";"Sim";2;1;0;0;1;0;0;2;-19,51753721;-40,99932343;"SPRF-ES";"DEL02-ES";"UOP01-DEL02-ES"
774597;2026-05-27;"quarta-feira";"22:50:00";"MG";40;556,8;"NOVA LIMA";"Velocidade Incompatível";"Colisão lateral mesmo sentido";"Com Vítimas Feridas";"Plena Noite";"Crescente";"Céu Claro";"Dupla";"Reta";"Sim";2;0;0;1;1;0;1;2;-20,0978;-43,9755;"SPRF-MG";"DEL01-MG";"UOP02-DEL01-MG"
774605;2026-05-28;"quinta-feira";"05:15:00";"RJ";493;80;"JAPERI";"Demais falhas mecânicas ou elétricas";"Colisão traseira";"Com Vítimas Feridas";"Pleno dia";"Decrescente";"Céu Claro";"Dupla";"Reta";"Sim";3;0;3;0;0;0;3;2;-22,663296;-43,582026;"SPRF-RJ";"DEL01-RJ";"UOP03-DEL01-RJ"
774607;2026-05-28;"quinta-feira";"06:15:00";"MG";262;784;"UBERABA";"Acessar a via sem observar a presença dos outros veículos";"Colisão traseira";"Com Vítimas Feridas";"Amanhecer";"Decrescente";"Céu Claro";"Simples";"Viaduto";"Sim";3;0;1;0;1;1;1;3;-19,767998;-47,8886721;"SPRF-MG";"DEL13-MG";"UOP01-DEL13-MG"
774608;2026-05-20;"quarta-feira";"15:12:00";"CE";222;128,9;"ITAPAJE";"Velocidade Incompatível";"Colisão com objeto";"Com Vítimas Feridas";"Pleno dia";"Crescente";"Céu Claro";"Simples";"Curva";"Sim";3;0;2;0;0;1;2;2;-3,70705;-39,622986;"SPRF-CE";"DEL04-CE";"UOP03-DEL04-CE"
774614;2026-05-27;"quarta-feira";"23:50:00";"MG";262;623,8;"IBIA";"Ausência de reação do condutor";"Colisão traseira";"Com Vítimas Feridas";"Plena Noite";"Decrescente";"Céu Claro";"Simples";"Reta";"Não";3;0;1;0;1;2;1;4;-19,586434;-46,502868;"SPRF-MG";"DEL08-MG";"UOP02-DEL08-MG"
774616;2026-05-28;"quinta-feira";"06:00:00";"PI";402;76;"LUIS CORREIA";"Demais falhas mecânicas ou elétricas";"Eventos atípicos";"Com Vítimas Feridas";"Amanhecer";"Decrescente";"Céu Claro";"Simples";"Curva";"Sim";3;0;0;1;1;2;1;4;-3,08069;-41,444785;"SPRF-PI";"DEL05-PI";"UOP01-DEL05-PI"
774618;2026-05-27;"quarta-feira";"08:00:00";"RS";386;150,9;"ALMIRANTE TAMANDARE DO SUL";"Velocidade Incompatível";"Tombamento";"Sem Vítimas";"Pleno dia";"Crescente";"Céu Claro";"Simples";"Reta";"Não";2;0;0;0;1;1;0;2;-28,08469;-52,86777;"SPRF-RS";"DEL08-RS";"UOP01-DEL08-RS"
774629;2026-05-28;"quinta-feira";"07:00:00";"MT";364;207;"RONDONOPOLIS";"Acostamento em desnível";"Saída de leito carroçável";"Com Vítimas Fatais";"Pleno dia";"Decrescente";"Céu Claro";"Dupla";"Reta";"Sim";4;1;0;1;1;1;1;3;-16,44250629;-54,67376232;"SPRF-MT";"DEL02-MT";"UOP01-DEL02-MT"
774630;2026-05-28;"quinta-feira";"06:40:00";"MT";70;275;"PRIMAVERA DO LESTE";"Reação tardia ou ineficiente do condutor";"Colisão lateral mesmo sentido";"Com Vítimas Feridas";"Pleno dia";"Crescente";"Céu Claro";"Simples";"Reta;Interseção de Vias";"Não";3;0;1;0;1;2;1;4;-15,55615;-54,27324;"SPRF-MT";"DEL05-MT";"UOP01-DEL05-MT"