"id";"data_inversa";"dia_semana";"horario";"uf";"br";"km";"municipio";"causa_acidente";"tipo_acidente";"classificacao_acidente";"fase_dia";"sentido_via";"condicao_metereologica";"tipo_pista";"tracado_via";"uso_solo";"pessoas";"mortos";"feridos_leves";"feridos_graves";"ilesos";"ignorados";"feridos";"veiculos";"latitude";"longitude";"regional";"delegacia";"uop"
774637;2026-05-28;"quinta-feira";"08:10:00";"RO";319;127;"PORTO VELHO";"Transitar na contramão";"Colisão frontal";"Com Vítimas Fatais";"Pleno dia";"Crescente";"Céu Claro";"Simples";"Reta";"Não";3;1;0;0;1;1;0;3;-8,70506;-63,98852;"SPRF-RO";"DEL01-RO";"UOP01-DEL01-RO"
774638;2026-05-21;"quinta-feira";"20:35:00";"MG";40;207;"JOAO PINHEIRO";"Ausência de reação do condutor";"Colisão traseira";"Com Vítimas Feridas";"Plena Noite";"Decrescente";"Céu Claro";"Simples";"Reta;Aclive";"Não";3;0;0;1;1;1;1;3;-17,986365;-45,743887;"SPRF-MG";"DEL14-MG";"UOP02-DEL14-MG"
774639;2026-05-03;"domingo";"16:50:00";"GO";153;126,9;"ESTRELA DO NORTE";"Ausência de reação do condutor";"Colisão lateral mesmo sentido";"Com Vítimas Feridas";"Pleno dia";"Crescente";"Céu Claro";"Simples";"Reta";"Não";2;0;0;1;1;0;1;2;-13,87261769;-49,05265555;"SPRF-GO";"DEL07-GO";"UOP01-DEL07-GO"
774643;2026-03-26;"quinta-feira";"10:00:00";"PI";316;230;"VALENCA DO PIAUI";"Reação tardia ou ineficiente do condutor";"Saída de leito carroçável";"Com Vítimas Feridas";"Pleno dia";"Crescente";"Céu Claro";"Simples";"Reta;Declive";"Não";2;0;0;1;0;2;1;3;-6,371566;-41,777223;"SPRF-PI";"DEL04-PI";"UOP02-DEL04-PI"
774646;2026-05-28;"quinta-feira";"07:26:00";"RO";364;341,9;"JI-PARANA";"Ultrapassagem Indevida";"Colisão com objeto";"Com Vítimas Feridas";"Pleno dia";"Crescente";"Céu Claro";"Dupla";"Interseção de Vias";"Sim";4;0;0;1;1;3;1;5;-10,884548;-61,936283;"SPRF-RO";"DEL02-RO";"UOP01-DEL02-RO"
774653;2026-05-28;"quinta-feira";"10:10:00";"SC";116;8;"MAFRA";"Carga excessiva e/ou mal acondicionada";"Colisão lateral mesmo sentido";"Sem Vítimas";"Pleno dia";"Crescente";"Céu Claro";"Simples";"Reta";"Sim";4;0;0;0;3;1;0;3;-26,1594388;-49,84197585;"SPRF-SC";"DEL06-SC";"UOP01-DEL06-SC"
774656;2026-05-28;"quinta-feira";"06:00:00";"PR";153;121,5;"IBAITI";"Velocidade Incompatível";"Tombamento";"Com Vítimas Feridas";"Amanhecer";"Crescente";"Céu Claro";"Simples";"Curva";"Não";2;0;0;1;0;3;1;4;-23,93506;-50,23952;"SPRF-PR";"DEL07-PR";"UOP04-DEL07-PR"
774657;2026-05-28;"quinta-feira";"09:15:00";"AL";101;211,8;"SAO SEBASTIAO";"Reação tardia ou ineficiente do condutor";"Tombamento";"Com Vítimas Feridas";"Pleno dia";"Decrescente";"Céu Claro";"Simples";"Em Obras;Reta";"Não";2;0;1;0;0;1;1;2;-10,013265;-36,616078;"SPRF-AL";"DEL02-AL";"UOP02-DEL02-AL"
774660;2026-05-28;"quinta-feira";"11:10:00";"RS";290;315;"BARRA DO RIBEIRO";"Ausência de reação do condutor";"Saída de leito carroçável";"Sem Vítimas";"Pleno dia";"Decrescente";"Céu Claro";"Dupla";"Reta";"Não";2;0;0;0;1;1;0;2;-30,24192832;-51,40630527;"SPRF-RS";"DEL09-RS";"UOP02-DEL09-RS"
774664;2026-05-28;"quinta-feira";"08:40:00";"SC";101;395,8;"MARACAJA";"Ausência de reação do condutor";"Colisão traseira";"Com Vítimas Feridas";"Pleno dia";"Decrescente";"Céu Claro";"Dupla";"Reta;Aclive";"Não";3;0;0;1;1;2;1;4;-28,83611201;-49,42041993;"SPRF-SC";"DEL02-SC";"UOP02-DEL02-SC"
774667;2026-05-08;"sexta-feira";"19:30:00";"MG";381;518;"IGARAPE";"Condutor deixou de manter distância do veículo da frente";"Colisão lateral mesmo sentido";"Com Vítimas Feridas";"Plena Noite";"Crescente";"Céu Claro";"Dupla";"Aclive;Reta";"Sim";6;0;2;0;3;1;2;4;-20,110213;-44,326948;"SPRF-MG";"DEL01-MG";"UOP03-DEL01-MG"
774671;2026-05-28;"quinta-feira";"12:30:00";"PA";316;64;"CASTANHAL";"Conversão proibida";"Colisão transversal";"Com Vítimas Feridas";"Pleno dia";"Crescente";"Céu Claro";"Simples";"Reta";"Sim";2;0;0;1;1;0;1;2;-1,2959;-47,91461;"SPRF-PA";"DEL01-PA";"UOP01-DEL01-PA"
774672;2026-05-28;"quinta-feira";"13:30:00";"BA";116;414;"FEIRA DE SANTANA";"Acessar a via sem observar a presença dos outros veículos";"Colisão transversal";"Com Vítimas Feridas";"Pleno dia";"Decrescente";"Céu Claro";"Dupla";"Retorno Regulamentado";"Não";3;0;0;1;1;2;1;4;-12,15870735;-38,96497456;"SPRF-BA";"DEL02-BA";"UOP01-DEL02-BA"
774673;2026-05-28;"quinta-feira";"10:40:00";"RJ";101;33;"CAMPOS DOS GOYTACAZES";"Acessar a via sem observar a presença dos outros veículos";"Colisão transversal";"Com Vítimas Feridas";"Pleno dia";"Decrescente";"Céu Claro";"Simples";"Reta;Interseção de Vias";"Sim";3;0;2;0;1;0;2;2;-21,497723;-41,341076;"SPRF-RJ";"DEL08-RJ";"UOP01-DEL08-RJ"
774677;2026-05-28;"quinta-feira";"07:40:00";"SC";282;540,5;"CHAPECO";"Ultrapassagem Indevida";"Colisão traseira";"Com Vítimas Fatais";"Amanhecer";"Crescente";"Nevoeiro/Neblina";"Simples";"Curva";"Não";6;1;2;0;3;0;2;5;-26,9971151;-52,6931053;"SPRF-SC";"DEL07-SC";"UOP01-DEL07-SC"
774680;2026-05-28;"quinta-feira";"14:00:00";"PR";277;458,5;"LARANJEIRAS DO SUL";"Ausência de reação do condutor";"Colisão lateral mesmo sentido";"Com Vítimas Feridas";"Pleno dia";"Crescente";"Céu Claro";"Simples";"Reta";"Sim";3;0;0;1;1;3;1;5;-25,384622;-52,42211;"SPRF-PR";"DEL04-PR";"UOP02-DEL04-PR"
774682;2026-05-28;"quinta-feira";"14:15:00";"PR";277;729;"FOZ DO IGUACU";"Reação tardia ou ineficiente do condutor";"Colisão lateral mesmo sentido";"Sem Vítimas";"Pleno dia";"Crescente";"Sol";"Dupla";"Viaduto;Reta";"Sim";4;0;0;0;3;1;0;3;-25,50977242;-54,57159913;"SPRF-PR";"DEL05-PR";"UOP03-DEL05-PR"
774684;2026-05-28;"quinta-feira";"13:26:00";"MS";163;615;"SAO GABRIEL DO OESTE";"Acessar a via sem observar a presença dos outros veículos";"Colisão transversal";"Com Vítimas Feridas";"Pleno dia";"Crescente";"Céu Claro";"Simples";"Interseção de Vias;Reta";"Sim";3;0;1;0;1;1;1;3;-19,389201;-54,571615;"SPRF-MS";"DEL06-MS";"UOP02-DEL06-MS"
774688;2026-05-28;"quinta-feira";"14:30:00";"PR";158;396,9;"LARANJEIRAS DO SUL";"Ultrapassagem Indevida";"Colisão traseira";"Com Vítimas Feridas";"Pleno dia";"Crescente";"Céu Claro";"Simples";"Declive;Reta";"Não";3;0;0;2;1;0;2;2;-25,32306582;-52,33888328;"SPRF-PR";"DEL04-PR";"UOP02-DEL04-PR"
774689;2026-05-28;"quinta-feira";"14:30:00";"BA";116;547;"MILAGRES";"Velocidade Incompatível";"Colisão traseira";"Com Vítimas Feridas";"Pleno dia";"Decrescente";"Céu Claro";"Simples";"Reta";"Sim";2;0;1;0;1;0;1;2;-12,87983;-39,85833;"SPRF-BA";"DEL03-BA";"UOP02-DEL03-BA"
774691;2026-05-28;"quinta-feira";"12:00:00";"MG";116;449,9;"ENGENHEIRO CALDAS";"Condutor Dormindo";"Saída de leito carroçável";"Com Vítimas Feridas";"Pleno dia";"Crescente";"Céu Claro";"Simples";"Reta";"Não";2;0;0;1;0;1;1;2;-19,15344272;-42,02180028;"SPRF-MG";"DEL06-MG";"UOP02-DEL06-MG"
774693;2026-05-28;"quinta-feira";"13:10:00";"RO";319;140;"PORTO VELHO";"Manobra de mudança de faixa";"Colisão lateral mesmo sentido";"Sem Vítimas";"Pleno dia";"Decrescente";"Sol";"Múltipla";"Reta";"Sim";3;0;0;0;2;2;0;4;-8,74237741;-63,90224576;"SPRF-RO";"DEL01-RO";"UOP01-DEL01-RO"
774699;2026-05-28;"quinta-feira";"09:00:00";"SC";116;107,9;"MONTE CASTELO";"Velocidade Incompatível";"Saída de leito carroçável";"Com Vítimas Feridas";"Pleno dia";"Decrescente";"Sol";"Simples";"Declive;Curva";"Não";2;0;0;1;0;1;1;2;-26,75686989;-50,32937497;"SPRF-SC";"DEL06-SC";"UOP02-DEL06-SC"
774700;2026-05-28;"quinta-feira";"15:45:00";"PR";376;492;"PONTA GROSSA";"Reação tardia ou ineficiente do condutor";"Colisão traseira";"Sem Vítimas";"Pleno dia";"Decrescente";"Sol";"Dupla";"Aclive;Reta";"Sim";2;0;0;0;2;0;0;2;-25,14193829;-50,15830133;"SPRF-PR";"DEL03-PR";"UOP03-DEL03-PR"
774704;2026-05-28;"quinta-feira";"13:15:00";"BA";367;72,8;"EUNAPOLIS";"Velocidade Incompatível";"Tombamento";"Com Vítimas Fatais";"Pleno dia";"Decrescente";"Céu Claro";"Simples";"Ponte;Curva";"Não";2;1;0;1;0;0;1;1;-16,38485742;-39,48916404;"SPRF-BA";"DEL09-BA";"UOP03-DEL09-BA"
774705;2026-05-28;"quinta-feira";"16:20:00";"SP";116;207;"GUARULHOS";"Demais falhas mecânicas ou elétricas";"Colisão lateral mesmo sentido";"Com Vítimas Feridas";"Pleno dia";"Decrescente";"Céu Claro";"Múltipla";"Reta";"Sim";4;0;1;0;3;0;1;3;-23,42198336;-46,39286041;"SPRF-SP";"DEL01-SP";"UOP01-DEL01-SP"
774708;2026-05-28;"quinta-feira";"14:55:00";"MS";163;18,7;"MUNDO NOVO";"Acessar a via sem observar a presença dos outros veículos";"Colisão transversal";"Sem Vítimas";"Pleno dia";"Crescente";"Sol";"Simples";"Reta;Interseção de Vias";"Sim";2;0;0;0;1;1;0;2;-23,935665;-54,2814;"SPRF-MS";"DEL09-MS";"UOP02-DEL09-MS"
774711;2026-05-20;"quarta-feira";"01:40:00";"TO";226;42;"DARCINOPOLIS";"Transitar na contramão";"Colisão lateral sentido oposto";"Com Vítimas Feridas";"Plena Noite";"Crescente";"Céu Claro";"Simples";"Reta";"Não";3;0;1;0;1;1;1;3;-6,731342;-47,77211;"SPRF-TO";"DEL02-TO";"UOP03-DEL02-TO"
774716;2026-05-28;"quinta-feira";"16:50:00";"SP";381;53,8;"ATIBAIA";"Reação tardia ou ineficiente do condutor";"Engavetamento";"Com Vítimas Feridas";"Pleno dia";"Crescente";"Céu Claro";"Dupla";"Reta";"Não";3;0;1;0;1;1;1;3;-23,16922087;-46,57198286;"SPRF-SP";"DEL03-SP";"UOP01-DEL03-SP"
774722;2026-05-28;"quinta-feira";"16:00:00";"MT";158;514;"CANARANA";"Reação tardia ou ineficiente do condutor";"Saída de leito carroçável";"Sem Vítimas";"Pleno dia";"Crescente";"Céu Claro";"Simples";"Reta";"Não";2;0;0;0;1;3;0;4;-13,65607616;-51,97144318;"SPRF-MT";"DEL07-MT";"UOP02-DEL07-MT"
774724;2026-05-28;"quinta-feira";"15:20:00";"PI";343;279;"CAMPO MAIOR";"Acessar a via sem observar a presença dos outros veículos";"Colisão transversal";"Com Vítimas Feridas";"Pleno dia";"Decrescente";"Céu Claro";"Simples";"Reta";"Não";3;0;1;0;1;1;1;3;-4,8482471;-42,1926378;"SPRF-PI";"DEL01-PI";"UOP03-DEL01-PI"
774733;2026-05-28;"quinta-feira";"16:50:00";"PR";277;670;"MEDIANEIRA";"Manobra de mudança de faixa";"Colisão traseira";"Com Vítimas Feridas";"Anoitecer";"Crescente";"Céu Claro";"Dupla";"Reta";"Não";2;0;1;0;1;0;1;2;-25,26984657;-54,06148911;"SPRF-PR";"DEL05-PR";"UOP02-DEL05-PR"
774741;2026-05-28;"quinta-feira";"14:25:00";"RJ";493;60;"NOVA IGUACU";"Ausência de reação do condutor";"Colisão traseira";"Com Vítimas Feridas";"Pleno dia";"Crescente";"Céu Claro";"Dupla";"Reta";"Não";2;0;1;0;1;0;1;2;-22,676966;-43,399738;"SPRF-RJ";"DEL01-RJ";"UOP03-DEL01-RJ"
774744;2026-05-28;"quinta-feira";"17:20:00";"MT";364;399;"CUIABA";"Condutor deixou de manter distância do veículo da frente";"Colisão traseira";"Com Vítimas Feridas";"Plena Noite";"Decrescente";"Céu Claro";"Dupla";"Retorno Regulamentado;Reta";"Sim";6;0;1;0;4;1;1;3;-15,66631542;-55,96048987;"SPRF-MT";"DEL01-MT";"UOP02-DEL01-MT"
774745;2026-05-28;"quinta-feira";"18:00:00";"MG";381;345;"JOAO MONLEVADE";"Declive acentuado";"Tombamento";"Sem Vítimas";"Plena Noite";"Decrescente";"Nublado";"Simples";"Reta";"Não";2;0;0;0;1;1;0;2;-19,85001253;-43,15106265;"SPRF-MG";"DEL03-MG";"UOP01-DEL03-MG"
774747;2026-05-28;"quinta-feira";"18:40:00";"SP";116;57;"GUARATINGUETA";"Acessar a via sem observar a presença dos outros veículos";"Atropelamento de Pedestre";"Com Vítimas Feridas";"Plena Noite";"Crescente";"Céu Claro";"Dupla";"Reta";"Não";2;0;1;0;1;0;1;2;-22,7767748;-45,1412658;"SPRF-SP";"DEL08-SP";"UOP01-DEL08-SP"
774749;2026-05-28;"quinta-feira";"18:33:00";"SC";101;351,3;"JAGUARUNA";"Reação tardia ou ineficiente do condutor";"Colisão traseira";"Com Vítimas Feridas";"Plena Noite";"Decrescente";"Céu Claro";"Dupla";"Curva";"Não";3;0;1;1;1;0;2;2;-28,60822686;-49,05851517;"SPRF-SC";"DEL02-SC";"UOP01-DEL02-SC"
774752;2026-05-28;"quinta-feira";"05:30:00";"SP";116;446;"REGISTRO";"Reação tardia ou ineficiente do condutor";"Colisão traseira";"Com Vítimas Feridas";"Amanhecer";"Crescente";"Nevoeiro/Neblina";"Simples";"Reta";"Não";3;0;0;1;1;1;1;3;-24,505663;-47,848099;"SPRF-SP";"DEL05-SP";"UOP01-DEL05-SP"
774753;2026-05-28;"quinta-feira";"17:40:00";"MS";163;486,7;"CAMPO GRANDE";"Conversão proibida";"Colisão transversal";"Com Vítimas Feridas";"Plena Noite";"Crescente";"Céu Claro";"Simples";"Reta";"Não";4;0;2;0;1;1;2;4;-20,427728;-54,54479;"SPRF-MS";"DEL01-MS";"UOP02-DEL01-MS"
774759;2026-05-28;"quinta-feira";"10:40:00";"RS";158;232;"SANTANA DO LIVRAMENTO";"Velocidade Incompatível";"Tombamento";"Sem Vítimas";"Pleno dia";"Decrescente";"Nublado";"Simples";"Interseção de Vias;Rotatória";"Não";2;0;0;0;1;1;0;2;-30,78696715;-55,18671719;"SPRF-RS";"DEL10-RS";"UOP02-DEL10-RS"
774762;2026-05-28;"quinta-feira";"18:23:00";"RN";304;82;"ACU";"Transitar na contramão";"Colisão frontal";"Sem Vítimas";"Plena Noite";"Crescente";"Céu Claro";"Simples";"Reta";"Não";3;0;0;0;1;2;0;3;-5,486742;-37,158783;"SPRF-RN";"DEL04-RN";"UOP01-DEL04-RN"
774763;2026-05-28;"quinta-feira";"20:00:00";"ES";101;340,4;"GUARAPARI";"Manobra de mudança de faixa";"Colisão traseira";"Sem Vítimas";"Plena Noite";"Crescente";"Nublado";"Dupla";"Aclive";"Não";3;0;0;0;2;1;0;3;-20,64954;-40,57034;"SPRF-ES";"DEL03-ES";"UOP01-DEL03-ES"
774764;2026-05-28;"quinta-feira";"19:30:00";"PR";153;36,9;"SANTO ANTONIO DA PLATINA";"Conversão proibida";"Colisão transversal";"Sem Vítimas";"Plena Noite";"Crescente";"Céu Claro";"Simples";"Curva";"Não";4;0;0;0;3;1;0;3;-23,26187915;-50,05830288;"SPRF-PR";"DEL07-PR";"UOP04-DEL07-PR"
774774;2026-05-28;"quinta-feira";"21:00:00";"MG";364;31;"FRUTAL";"Reação tardia ou ineficiente do condutor";"Colisão traseira";"Com Vítimas Feridas";"Plena Noite";"Crescente";"Nublado";"Simples";"Reta";"Não";2;0;1;0;0;1;1;2;-20,012332;-48,922224;"SPRF-MG";"DEL13-MG";"UOP02-DEL13-MG"
774778;2026-05-28;"quinta-feira";"19:10:00";"RS";116;180;"NOVA PETROPOLIS";"Reação tardia ou ineficiente do condutor";"Engavetamento";"Sem Vítimas";"Plena Noite";"Decrescente";"Céu Claro";"Simples";"Curva;Em Obras";"Não";6;0;0;0;6;0;0;3;-29,364582;-51,130638;"SPRF-RS";"DEL05-RS";"UOP02-DEL05-RS"
774780;2026-05-28;"quinta-feira";"15:56:00";"CE";222;314;"TIANGUA";"Condutor deixou de manter distância do veículo da frente";"Colisão traseira";"Com Vítimas Feridas";"Pleno dia";"Decrescente";"Céu Claro";"Dupla";"Reta";"Sim";2;0;0;1;1;0;1;2;-3,69230259;-40,97584783;"SPRF-CE";"DEL04-CE";"UOP02-DEL04-CE"
774787;2026-05-28;"quinta-feira";"21:48:00";"SP";116;285;"ITAPECERICA DA SERRA";"Reação tardia ou ineficiente do condutor";"Colisão lateral mesmo sentido";"Sem Vítimas";"Plena Noite";"Decrescente";"Nublado";"Dupla";"Reta";"Não";2;0;0;0;1;1;0;2;-23,694325;-46,86399;"SPRF-SP";"DEL04-SP";"UOP01-DEL04-SP"
774788;2026-05-28;"quinta-feira";"22:00:00";"GO";452;144;"BOM JESUS DE GOIAS";"Ausência de reação do condutor";"Colisão traseira";"Com Vítimas Feridas";"Plena Noite";"Decrescente";"Céu Claro";"Simples";"Reta";"Não";3;0;2;0;0;1;2;2;-18,261787;-49,663517;"SPRF-GO";"DEL03-GO";"UOP02-DEL03-GO"
774790;2026-05-28;"quinta-feira";"09:20:00";"MT";174;273;"VALE DE SAO DOMINGOS";"Acesso irregular";"Colisão transversal";"Sem Vítimas";"Pleno dia";"Decrescente";"Céu Claro";"Múltipla";"Declive;Reta";"Não";2;0;0;0;0;2;0;2;-15,4378;-59,1081;"SPRF-MT";"DEL04-MT";"UOP01-DEL04-MT"
774804;2026-05-28;"quinta-feira";"21:45:00";"RJ";116;92,4;"TERESOPOLIS";"Reação tardia ou ineficiente do condutor";"Colisão frontal";"Com Vítimas Fatais";"Plena Noite";"Crescente";"Céu Claro";"Simples";"Reta";"Não";4;1;1;0;2;0;1;2;-22,461163;-42,981087;"SPRF-RJ";"DEL04-RJ";"UOP01-DEL04-RJ"
774806;2026-05-29;"sexta-feira";"00:20:00";"PB";230;288,6;"SAO MAMEDE";"Acessar a via sem observar a presença dos outros veículos";"Colisão transversal";"Com Vítimas Fatais";"Plena Noite";"Crescente";"Céu Claro";"Simples";"Reta";"Sim";3;1;0;0;2;0;0;2;-6,927179;-37,06945;"SPRF-PB";"DEL03-PB";"UOP01-DEL03-PB"
774808;2026-05-29;"sexta-feira";"01:02:00";"MT";70;301;"POXOREU";"Acostamento em desnível";"Saída de leito carroçável";"Com Vítimas Feridas";"Plena Noite";"Decrescente";"Nublado";"Simples";"Reta";"Não";1;0;0;1;0;0;1;1;-15,57781704;-54,48437691;"SPRF-MT";"DEL05-MT";"UOP01-DEL05-MT"
774809;2026-05-29;"sexta-feira";"02:40:00";"CE";116;160,1;"RUSSAS";"Transitar na contramão";"Colisão frontal";"Com Vítimas Feridas";"Plena Noite";"Decrescente";"Céu Claro";"Dupla";"Curva";"Sim";2;0;0;1;0;1;1;2;-4,91794729;-37,99500816;"SPRF-CE";"DEL03-CE";"UOP01-DEL03-CE"
774812;2026-05-28;"quinta-feira";"22:30:00";"MG";381;364;"SAO GONCALO DO RIO ABAIXO";"Velocidade Incompatível";"Tombamento";"Com Vítimas Feridas";"Plena Noite";"Decrescente";"Céu Claro";"Simples";"Curva";"Não";2;0;0;1;0;1;1;2;-19,85066358;-43,26827399;"SPRF-MG";"DEL03-MG";"UOP01-DEL03-MG"
774816;2026-05-29;"sexta-feira";"04:34:00";"MS";163;200;"CAARAPO";"Transitar na contramão";"Colisão lateral sentido oposto";"Com Vítimas Fatais";"Plena Noite";"Crescente";"Céu Claro";"Dupla";"Reta";"Não";3;1;0;0;1;3;0;5;-22,704899;-54,78584;"SPRF-MS";"DEL04-MS";"UOP02-DEL04-MS"
774817;2026-05-28;"quinta-feira";"21:40:00";"MT";70;514;"VARZEA GRANDE";"Ausência de reação do condutor";"Saída de leito carroçável";"Com Vítimas Feridas";"Plena Noite";"Decrescente";"Céu Claro";"Simples";"Reta";"Não";2;0;0;1;0;3;1;4;-15,70616518;-56,13439679;"SPRF-MT";"DEL01-MT";"UOP02-DEL01-MT"
774818;2026-05-29;"sexta-feira";"05:40:00";"PR";376;470;"PONTA GROSSA";"Ingestão de álcool pelo condutor";"Colisão traseira";"Com Vítimas Feridas";"Plena Noite";"Crescente";"Nevoeiro/Neblina";"Dupla";"Viaduto";"Não";5;0;1;1;2;1;2;3;-25,04052829;-50,28286664;"SPRF-PR";"DEL03-PR";"UOP01-DEL03-PR"
774833;2026-05-29;"sexta-feira";"05:00:00";"RJ";40;76;"PETROPOLIS";"Condutor Dormindo";"Tombamento";"Com Vítimas Feridas";"Amanhecer";"Crescente";"Céu Claro";"Dupla";"Reta;Aclive";"Não";2;0;1;0;1;0;1;1;-22,478767;-43,236515;"SPRF-RJ";"DEL01-RJ";"UOP01-DEL01-RJ"
774838;2026-05-29;"sexta-feira";"06:15:00";"GO";153;305;"RIALMA";"Acessar a via sem observar a presença dos outros veículos";"Colisão transversal";"Com Vítimas Feridas";"Amanhecer";"Crescente";"Céu Claro";"Simples";"Em Obras";"Não";4;0;1;0;2;1;1;4;-15,362134;-49,562749;"SPRF-GO";"DEL02-GO";"UOP02-DEL02-GO"
774839;2026-05-29;"sexta-feira";"06:00:00";"SC";470;16;"ILHOTA";"Animais na Pista";"Atropelamento de Animal";"Sem Vítimas";"Amanhecer";"Crescente";"Nublado";"Dupla";"Reta;Viaduto";"Não";2;0;0;0;2;0;0;2;-26,8488974;-48,8016057;"SPRF-SC";"DEL04-SC";"UOP04-DEL04-SC"
774840;2026-05-29;"sexta-feira";"06:35:00";"RJ";116;147;"DUQUE DE CAXIAS";"Manobra de mudança de faixa";"Colisão lateral mesmo sentido";"Com Vítimas Feridas";"Pleno dia";"Crescente";"Nublado";"Múltipla";"Reta";"Sim";3;0;1;0;1;1;1;3;-22,67104156;-43,27771873;"SPRF-RJ";"DEL01-RJ";"UOP02-DEL01-RJ"
774841;2026-05-29;"sexta-feira";"07:15:00";"SP";116;295;"ITAPECERICA DA SERRA";"Velocidade Incompatível";"Engavetamento";"Com Vítimas Feridas";"Pleno dia";"Decrescente";"Céu Claro";"Dupla";"Reta";"Sim";5;0;1;0;4;0;1;3;-23,763593;-46,90618;"SPRF-SP";"DEL04-SP";"UOP01-DEL04-SP"
774846;2026-05-29;"sexta-feira";"07:50:00";"RS";285;303,1;"PASSO FUNDO";"Acessar a via sem observar a presença dos outros veículos";"Colisão transversal";"Com Vítimas Feridas";"Pleno dia";"Decrescente";"Sol";"Simples";"Interseção de Vias;Reta";"Sim";2;0;0;1;1;0;1;2;-28,22220992;-52,46818034;"SPRF-RS";"DEL08-RS";"UOP03-DEL08-RS"
774858;2026-05-29;"sexta-feira";"09:30:00";"PR";476;110;"COLOMBO";"Ausência de reação do condutor";"Tombamento";"Com Vítimas Feridas";"Pleno dia";"Crescente";"Nublado";"Simples";"Curva";"Sim";2;0;1;0;0;2;1;3;-25,31302034;-49,14629666;"SPRF-PR";"DEL01-PR";"UOP01-DEL01-PR"
774859;2026-05-29;"sexta-feira";"09:10:00";"GO";60;114;"TEREZOPOLIS DE GOIAS";"Desrespeitar a preferência no cruzamento";"Colisão transversal";"Com Vítimas Feridas";"Pleno dia";"Decrescente";"Céu Claro";"Dupla";"Interseção de Vias";"Sim";3;0;1;1;1;0;2;2;-16,4841;-49,092788;"SPRF-GO";"DEL01-GO";"UOP01-DEL01-GO"
774865;2026-05-29;"sexta-feira";"10:20:00";"PR";116;16;"COLOMBO";"Condutor deixou de manter distância do veículo da frente";"Colisão traseira";"Com Vítimas Feridas";"Pleno dia";"Crescente";"Nublado";"Dupla";"Reta";"Sim";2;0;1;0;1;0;1;2;-25,38839661;-49,18458637;"SPRF-PR";"DEL01-PR";"UOP02-DEL01-PR"
774875;2026-05-29;"sexta-feira";"10:50:00";"PB";230;17;"JOAO PESSOA";"Ingestão de álcool pelo condutor";"Colisão lateral mesmo sentido";"Sem Vítimas";"Pleno dia";"Crescente";"Céu Claro";"Dupla";"Reta";"Sim";3;0;0;0;3;0;0;2;-7,11629536;-34,84225678;"SPRF-PB";"DEL01-PB";"UOP01-DEL01-PB"
774877;2026-05-29;"sexta-feira";"11:35:00";"BA";116;423;"FEIRA DE SANTANA";"Entrada inopinada do pedestre";"Queda de ocupante de veículo";"Com Vítimas Feridas";"Pleno dia";"Decrescente";"Céu Claro";"Simples";"Reta";"Sim";3;0;0;1;1;1;1;3;-12,23617;-38,97823;"SPRF-BA";"DEL02-BA";"UOP01-DEL02-BA"
774881;2026-04-23;"quinta-feira";"14:20:00";"SP";153;64;"SAO JOSE DO RIO PRETO";"Acumulo de óleo sobre o pavimento";"Tombamento";"Com Vítimas Feridas";"Pleno dia";"Decrescente";"Céu Claro";"Dupla";"Reta";"Sim";3;0;1;0;1;1;1;3;-20,829909;-49,360891;"SPRF-SP";"DEL09-SP";"UOP01-DEL09-SP"
774886;2026-05-29;"sexta-feira";"12:00:00";"SC";480;128,5;"CHAPECO";"Entrada inopinada do pedestre";"Atropelamento de Pedestre";"Com Vítimas Feridas";"Pleno dia";"Crescente";"Nublado";"Simples";"Reta";"Sim";2;0;0;1;1;0;1;2;-27,03379197;-52,63364502;"SPRF-SC";"DEL07-SC";"UOP01-DEL07-SC"
774902;2026-05-29;"sexta-feira";"12:00:00";"RO";364;784;"PORTO VELHO";"Demais falhas mecânicas ou elétricas";"Incêndio";"Sem Vítimas";"Pleno dia";"Crescente";"Céu Claro";"Simples";"Reta";"Não";1;0;0;0;1;0;0;1;-9,20428518;-64,28792059;"SPRF-RO";"DEL01-RO";"UOP02-DEL01-RO"
774905;2026-04-24;"sexta-feira";"10:40:00";"RJ";393;255;"BARRA DO PIRAI";"Transitar na contramão";"Colisão lateral sentido oposto";"Sem Vítimas";"Pleno dia";"Decrescente";"Céu Claro";"Simples";"Reta";"Não";3;0;0;0;2;2;0;4;-22,44971658;-43,82818655;"SPRF-RJ";"DEL05-RJ";"UOP04-DEL05-RJ"
774906;2026-05-29;"sexta-feira";"09:55:00";"PR";376;171;"MARINGA";"Velocidade Incompatível";"Tombamento";"Com Vítimas Feridas";"Pleno dia";"Decrescente";"Céu Claro";"Dupla";"Rotatória;Viaduto";"Sim";2;0;1;0;0;3;1;4;-23,41850271;-51,97176782;"SPRF-PR";"DEL09-PR";"UOP01-DEL09-PR"
774912;2026-05-19;"terça-feira";"01:10:00";"RJ";116;128;"MAGE";"Reação tardia ou ineficiente do condutor";"Colisão traseira";"Com Vítimas Feridas";"Amanhecer";"Crescente";"Chuva";"Dupla";"Curva";"Não";2;0;1;0;0;1;1;2;-22,66399699;-43,09533119;"SPRF-RJ";"DEL04-RJ";"UOP02-DEL04-RJ"
774914;2026-05-29;"sexta-feira";"09:30:00";"MA";226;341;"JENIPAPO DOS VIEIRAS";"Pedestre andava na pista";"Atropelamento de Pedestre";"Com Vítimas Feridas";"Pleno dia";"Decrescente";"Céu Claro";"Simples";"Reta";"Não";2;0;0;1;1;0;1;2;-5,503409;-45,547366;"SPRF-MA";"DEL06-MA";"UOP01-DEL06-MA"