"id";"data_inversa";"dia_semana";"horario";"uf";"br";"km";"municipio";"causa_acidente";"tipo_acidente";"classificacao_acidente";"fase_dia";"sentido_via";"condicao_metereologica";"tipo_pista";"tracado_via";"uso_solo";"pessoas";"mortos";"feridos_leves";"feridos_graves";"ilesos";"ignorados";"feridos";"veiculos";"latitude";"longitude";"regional";"delegacia";"uop"
775987;2026-06-03;"quarta-feira";"08:00:00";"CE";116;22;"AQUIRAZ";"Demais falhas mecânicas ou elétricas";"Colisão traseira";"Com Vítimas Feridas";"Pleno dia";"Decrescente";"Chuva";"Dupla";"Reta";"Não";4;0;1;0;3;0;1;4;-3,9422016;-38,5086366;"SPRF-CE";"DEL01-CE";"UOP02-DEL01-CE"
775989;2026-06-03;"quarta-feira";"08:42:00";"PB";101;85,9;"JOAO PESSOA";"Ausência de reação do condutor";"Engavetamento";"Com Vítimas Feridas";"Pleno dia";"Decrescente";"Nublado";"Dupla";"Declive;Reta";"Não";5;0;1;0;4;0;1;5;-7,15114644;-34,90971057;"SPRF-PB";"DEL01-PB";"UOP01-DEL01-PB"
775992;2026-06-03;"quarta-feira";"08:15:00";"SC";101;105,5;"PENHA";"Reação tardia ou ineficiente do condutor";"Colisão traseira";"Com Vítimas Feridas";"Pleno dia";"Crescente";"Nublado";"Dupla";"Reta";"Não";8;0;2;2;3;1;4;6;-26,80662927;-48,68036125;"SPRF-SC";"DEL03-SC";"UOP02-DEL03-SC"
776000;2026-06-03;"quarta-feira";"07:50:00";"PR";277;594,8;"CASCAVEL";"Demais falhas mecânicas ou elétricas";"Colisão traseira";"Com Vítimas Feridas";"Pleno dia";"Crescente";"Céu Claro";"Simples";"Reta;Aclive";"Sim";3;0;1;0;1;1;1;3;-24,98161108;-53,47648071;"SPRF-PR";"DEL04-PR";"UOP01-DEL04-PR"
776006;2026-06-03;"quarta-feira";"01:40:00";"MA";316;166;"NOVA OLINDA DO MARANHAO";"Condutor Dormindo";"Colisão lateral sentido oposto";"Com Vítimas Feridas";"Plena Noite";"Crescente";"Céu Claro";"Simples";"Reta";"Não";6;0;1;0;4;1;1;3;-2,93283086;-45,67040568;"SPRF-MA";"DEL02-MA";"UOP02-DEL02-MA"
776007;2026-06-03;"quarta-feira";"08:28:00";"RN";101;104;"PARNAMIRIM";"Ausência de reação do condutor";"Colisão traseira";"Com Vítimas Fatais";"Pleno dia";"Decrescente";"Céu Claro";"Dupla";"Reta";"Sim";5;1;1;0;1;2;1;4;-5,895159;-35,257826;"SPRF-RN";"DEL01-RN";"UOP01-DEL01-RN"
776014;2026-06-03;"quarta-feira";"10:00:00";"RS";392;48,2;"RIO GRANDE";"Mal súbito do condutor";"Saída de leito carroçável";"Com Vítimas Feridas";"Pleno dia";"Decrescente";"Céu Claro";"Dupla";"Reta";"Não";2;0;1;0;0;1;1;2;-31,83601869;-52,32872486;"SPRF-RS";"DEL07-RS";"UOP02-DEL07-RS"
776015;2026-06-03;"quarta-feira";"09:20:00";"BA";324;567;"SAO SEBASTIAO DO PASSE";"Reação tardia ou ineficiente do condutor";"Saída de leito carroçável";"Com Vítimas Feridas";"Pleno dia";"Crescente";"Chuva";"Dupla";"Aclive;Reta";"Não";2;0;1;0;0;2;1;3;-12,5395382;-38,5906399;"SPRF-BA";"DEL01-BA";"UOP01-DEL01-BA"
776017;2026-06-03;"quarta-feira";"10:16:00";"MG";40;477;"SETE LAGOAS";"Mal súbito do condutor";"Colisão traseira";"Com Vítimas Fatais";"Pleno dia";"Decrescente";"Céu Claro";"Dupla";"Aclive;Reta";"Não";3;1;0;0;1;1;0;3;-19,520781;-44,265619;"SPRF-MG";"DEL02-MG";"UOP01-DEL02-MG"
776021;2026-06-03;"quarta-feira";"11:00:00";"MG";365;631;"UBERLANDIA";"Reação tardia ou ineficiente do condutor";"Colisão com objeto";"Sem Vítimas";"Pleno dia";"Crescente";"Sol";"Dupla";"Reta";"Não";1;0;0;0;1;0;0;1;-18,89765321;-48,38198511;"SPRF-MG";"DEL15-MG";"UOP01-DEL15-MG"
776024;2026-06-03;"quarta-feira";"08:06:00";"PB";230;462;"SOUSA";"Conversão proibida";"Colisão lateral sentido oposto";"Com Vítimas Fatais";"Pleno dia";"Decrescente";"Céu Claro";"Simples";"Interseção de Vias;Reta";"Sim";2;1;0;0;0;1;0;2;-6,78112067;-38,25301051;"SPRF-PB";"DEL03-PB";"UOP03-DEL03-PB"
776025;2026-06-03;"quarta-feira";"08:15:00";"PB";230;275,7;"SANTA LUZIA";"Ausência de reação do condutor";"Colisão traseira";"Com Vítimas Feridas";"Pleno dia";"Decrescente";"Céu Claro";"Simples";"Curva;Declive";"Não";5;0;3;0;2;0;3;3;-6,948986;-36,844068;"SPRF-PB";"DEL03-PB";"UOP01-DEL03-PB"
776026;2026-06-03;"quarta-feira";"10:55:00";"PR";376;605;"CURITIBA";"Condutor deixou de manter distância do veículo da frente";"Colisão traseira";"Sem Vítimas";"Pleno dia";"Crescente";"Céu Claro";"Dupla";"Reta";"Sim";3;0;0;0;2;1;0;3;-25,541126;-49,310828;"SPRF-PR";"DEL01-PR";"UOP03-DEL01-PR"
776030;2026-06-03;"quarta-feira";"12:00:00";"SP";381;86;"SAO PAULO";"Entrada inopinada do pedestre";"Atropelamento de Pedestre";"Com Vítimas Feridas";"Pleno dia";"Crescente";"Céu Claro";"Múltipla";"Curva";"Sim";2;0;0;1;1;0;1;2;-23,4691961;-46,5695337;"SPRF-SP";"DEL03-SP";"UOP01-DEL03-SP"
776038;2026-06-03;"quarta-feira";"12:50:00";"SP";381;51;"ATIBAIA";"Reação tardia ou ineficiente do condutor";"Colisão traseira";"Com Vítimas Feridas";"Pleno dia";"Decrescente";"Céu Claro";"Dupla";"Curva";"Não";6;0;1;0;4;1;1;4;-23,22871157;-46,59855976;"SPRF-SP";"DEL03-SP";"UOP01-DEL03-SP"
776042;2026-06-03;"quarta-feira";"12:46:00";"SP";116;280,6;"EMBU DAS ARTES";"Ausência de reação do condutor";"Colisão traseira";"Com Vítimas Feridas";"Pleno dia";"Crescente";"Céu Claro";"Dupla";"Declive;Reta";"Não";3;0;1;0;1;1;1;3;-23,649033;-46,844619;"SPRF-SP";"DEL04-SP";"UOP01-DEL04-SP"
776043;2026-04-07;"terça-feira";"16:20:00";"SC";282;44;"AGUAS MORNAS";"Problema com o freio";"Colisão traseira";"Com Vítimas Feridas";"Pleno dia";"Crescente";"Céu Claro";"Simples";"Declive;Curva";"Não";6;0;1;1;3;1;2;4;-27,70886938;-48,95231947;"SPRF-SC";"DEL01-SC";"UOP03-DEL01-SC"
776045;2026-06-01;"segunda-feira";"21:01:00";"MT";364;200;"RONDONOPOLIS";"Condutor deixou de manter distância do veículo da frente";"Colisão traseira";"Com Vítimas Feridas";"Plena Noite";"Crescente";"Céu Claro";"Dupla";"Reta";"Sim";3;0;0;1;1;1;1;3;-16,48500895;-54,64910444;"SPRF-MT";"DEL02-MT";"UOP01-DEL02-MT"
776051;2026-06-03;"quarta-feira";"13:40:00";"SC";116;1,1;"MAFRA";"Condutor deixou de manter distância do veículo da frente";"Colisão lateral mesmo sentido";"Sem Vítimas";"Pleno dia";"Crescente";"Céu Claro";"Simples";"Rotatória";"Sim";4;0;0;0;3;1;0;3;-26,118338;-49,78766;"SPRF-SC";"DEL06-SC";"UOP01-DEL06-SC"
776052;2026-06-03;"quarta-feira";"07:30:00";"PB";230;276;"SANTA LUZIA";"Ausência de reação do condutor";"Tombamento";"Com Vítimas Fatais";"Pleno dia";"Crescente";"Céu Claro";"Simples";"Declive;Curva";"Não";2;1;0;0;0;1;0;2;-6,948986;-36,844068;"SPRF-PB";"DEL03-PB";"UOP01-DEL03-PB"
776054;2026-06-03;"quarta-feira";"14:25:00";"PR";369;186;"ARAPONGAS";"Conversão proibida";"Colisão transversal";"Com Vítimas Feridas";"Pleno dia";"Crescente";"Céu Claro";"Simples";"Reta";"Sim";3;0;0;1;1;3;1;5;-23,41828;-51,42616;"SPRF-PR";"DEL07-PR";"UOP03-DEL07-PR"
776055;2026-06-03;"quarta-feira";"13:30:00";"MG";381;596,6;"CARMOPOLIS DE MINAS";"Reação tardia ou ineficiente do condutor";"Colisão traseira";"Com Vítimas Feridas";"Pleno dia";"Decrescente";"Céu Claro";"Dupla";"Reta;Declive";"Não";3;0;1;0;1;1;1;3;-20,584292;-44,692746;"SPRF-MG";"DEL04-MG";"UOP01-DEL04-MG"
776057;2026-06-03;"quarta-feira";"15:30:00";"SP";101;47;"UBATUBA";"Acessar a via sem observar a presença dos outros veículos";"Colisão transversal";"Com Vítimas Feridas";"Pleno dia";"Crescente";"Nublado";"Simples";"Interseção de Vias;Reta";"Sim";2;0;1;0;1;0;1;2;-23,42827178;-45,08038044;"SPRF-SP";"DEL06-SP";"UOP01-DEL06-SP"
776059;2026-06-03;"quarta-feira";"15:00:00";"PI";316;6;"TERESINA";"Manobra de mudança de faixa";"Colisão lateral mesmo sentido";"Com Vítimas Feridas";"Pleno dia";"Decrescente";"Céu Claro";"Múltipla";"Reta";"Sim";3;0;1;0;1;1;1;3;-5,152785;-42,772417;"SPRF-PI";"DEL01-PI";"UOP02-DEL01-PI"
776065;2026-06-03;"quarta-feira";"12:10:00";"SP";116;356;"MIRACATU";"Velocidade Incompatível";"Colisão lateral mesmo sentido";"Com Vítimas Feridas";"Pleno dia";"Crescente";"Garoa/Chuvisco";"Dupla";"Curva;Declive";"Não";5;0;1;0;4;0;1;5;-24,23954929;-47,36100198;"SPRF-SP";"DEL04-SP";"UOP03-DEL04-SP"
776069;2026-06-03;"quarta-feira";"15:47:00";"MG";40;544,2;"BELO HORIZONTE";"Ausência de reação do condutor";"Engavetamento";"Com Vítimas Feridas";"Pleno dia";"Crescente";"Céu Claro";"Dupla";"Curva;Retorno Regulamentado;Declive";"Sim";7;0;2;0;4;1;2;4;-20,000868;-43,964148;"SPRF-MG";"DEL01-MG";"UOP02-DEL01-MG"
776075;2026-06-03;"quarta-feira";"16:15:00";"PR";369;87;"CORNELIO PROCOPIO";"Ausência de reação do condutor";"Colisão lateral mesmo sentido";"Com Vítimas Feridas";"Pleno dia";"Decrescente";"Céu Claro";"Simples";"Curva;Aclive";"Não";2;0;1;0;1;0;1;2;-23,179386;-50,623512;"SPRF-PR";"DEL07-PR";"UOP05-DEL07-PR"
776078;2026-06-03;"quarta-feira";"12:00:00";"SC";101;46;"JOINVILLE";"Velocidade Incompatível";"Colisão lateral mesmo sentido";"Sem Vítimas";"Pleno dia";"Decrescente";"Céu Claro";"Simples";"Reta";"Sim";4;0;0;0;3;1;0;4;-26,35692452;-48,85861365;"SPRF-SC";"DEL03-SC";"UOP01-DEL03-SC"
776082;2026-06-03;"quarta-feira";"15:44:00";"BA";324;518,1;"FEIRA DE SANTANA";"Velocidade Incompatível";"Engavetamento";"Com Vítimas Feridas";"Pleno dia";"Decrescente";"Nublado";"Dupla";"Reta";"Não";3;0;0;1;2;0;1;3;-12,27398862;-38,88334465;"SPRF-BA";"DEL02-BA";"UOP01-DEL02-BA"
776084;2026-06-03;"quarta-feira";"17:55:00";"RJ";116;172;"SAO JOAO DE MERITI";"Condutor deixou de manter distância do veículo da frente";"Colisão traseira";"Com Vítimas Feridas";"Anoitecer";"Crescente";"Céu Claro";"Dupla";"Reta";"Sim";5;0;2;0;2;1;2;4;-22,80023733;-43,35342407;"SPRF-RJ";"DEL06-RJ";"UOP01-DEL06-RJ"
776087;2026-04-28;"terça-feira";"19:35:00";"PR";277;32;"MORRETES";"Objeto estático sobre o leito carroçável";"Colisão com objeto";"Com Vítimas Feridas";"Plena Noite";"Crescente";"Nevoeiro/Neblina";"Dupla";"Declive;Reta";"Não";6;0;1;0;5;0;1;2;-25,56600841;-48,81094925;"SPRF-PR";"DEL01-PR";"UOP05-DEL01-PR"
776089;2026-06-03;"quarta-feira";"16:00:00";"RO";364;343,7;"JI-PARANA";"Manobra de mudança de faixa";"Colisão lateral mesmo sentido";"Com Vítimas Feridas";"Pleno dia";"Crescente";"Céu Claro";"Dupla";"Interseção de Vias";"Não";2;0;1;0;1;0;1;2;-10,87415659;-61,95200857;"SPRF-RO";"DEL02-RO";"UOP01-DEL02-RO"
776090;2026-06-03;"quarta-feira";"16:20:00";"RO";364;619;"ITAPUA DO OESTE";"Reação tardia ou ineficiente do condutor";"Colisão traseira";"Com Vítimas Feridas";"Pleno dia";"Decrescente";"Céu Claro";"Simples";"Reta";"Não";3;0;1;0;1;2;1;4;-9,09277413;-63,28176498;"SPRF-RO";"DEL01-RO";"UOP04-DEL01-RO"
776092;2026-06-03;"quarta-feira";"18:20:00";"RS";116;245;"SAO LEOPOLDO";"Ausência de reação do condutor";"Colisão traseira";"Com Vítimas Feridas";"Anoitecer";"Decrescente";"Céu Claro";"Múltipla";"Reta";"Sim";2;0;1;0;1;0;1;2;-29,751577;-51,151483;"SPRF-RS";"DEL01-RS";"UOP02-DEL01-RS"
776097;2026-06-03;"quarta-feira";"16:50:00";"PR";277;366;"GUARAPUAVA";"Manobra de mudança de faixa";"Colisão lateral mesmo sentido";"Com Vítimas Feridas";"Pleno dia";"Decrescente";"Céu Claro";"Simples";"Declive;Reta";"Não";2;0;1;0;0;1;1;2;-25,437532;-51,619387;"SPRF-PR";"DEL08-PR";"UOP01-DEL08-PR"
776100;2026-06-03;"quarta-feira";"16:00:00";"MT";163;901;"CLAUDIA";"Demais falhas mecânicas ou elétricas";"Incêndio";"Sem Vítimas";"Anoitecer";"Crescente";"Céu Claro";"Simples";"Aclive";"Não";2;0;0;0;1;3;0;4;-11,28599243;-55,31779289;"SPRF-MT";"DEL06-MT";"UOP02-DEL06-MT"
776101;2026-06-03;"quarta-feira";"18:30:00";"RJ";493;23;"MAGE";"Trafegar com motocicleta (ou similar) entre as faixas";"Colisão lateral mesmo sentido";"Com Vítimas Feridas";"Plena Noite";"Crescente";"Céu Claro";"Simples";"Reta";"Sim";2;0;1;0;1;0;1;2;-22,65762998;-43,07434257;"SPRF-RJ";"DEL04-RJ";"UOP02-DEL04-RJ"
776102;2026-06-03;"quarta-feira";"18:00:00";"ES";101;283,6;"CARIACICA";"Reação tardia ou ineficiente do condutor";"Colisão traseira";"Com Vítimas Feridas";"Plena Noite";"Crescente";"Céu Claro";"Dupla";"Aclive;Reta";"Sim";2;0;1;0;1;0;1;2;-20,24061;-40,3698;"SPRF-ES";"DEL01-ES";"UOP01-DEL01-ES"
776116;2026-06-03;"quarta-feira";"18:35:00";"RS";116;408;"CAMAQUA";"Demais falhas mecânicas ou elétricas";"Incêndio";"Sem Vítimas";"Anoitecer";"Decrescente";"Nublado";"Dupla";"Reta";"Não";2;0;0;0;1;1;0;2;-30,8328995;-51,7327395;"SPRF-RS";"DEL02-RS";"UOP02-DEL02-RS"
776120;2026-06-03;"quarta-feira";"19:34:00";"SP";116;307,9;"SAO LOURENCO DA SERRA";"Suicídio (presumido)";"Atropelamento de Pedestre";"Com Vítimas Fatais";"Plena Noite";"Crescente";"Céu Claro";"Dupla";"Reta";"Sim";3;1;0;0;1;1;0;3;-23,8594488;-46,9461774;"SPRF-SP";"DEL04-SP";"UOP01-DEL04-SP"
776124;2026-06-03;"quarta-feira";"20:15:00";"SC";101;106,8;"PENHA";"Ausência de reação do condutor";"Colisão traseira";"Com Vítimas Feridas";"Plena Noite";"Crescente";"Céu Claro";"Dupla";"Reta";"Não";2;0;1;0;1;0;1;2;-26,8186707;-48,68366003;"SPRF-SC";"DEL03-SC";"UOP02-DEL03-SC"
776129;2026-06-03;"quarta-feira";"18:45:00";"RS";285;298;"PASSO FUNDO";"Ausência de reação do condutor";"Colisão lateral sentido oposto";"Com Vítimas Feridas";"Plena Noite";"Decrescente";"Céu Claro";"Simples";"Reta";"Não";3;0;1;0;1;1;1;3;-28,23664427;-52,42475001;"SPRF-RS";"DEL08-RS";"UOP03-DEL08-RS"
776131;2026-06-03;"quarta-feira";"20:10:00";"SC";282;1,2;"FLORIANOPOLIS";"Manobra de mudança de faixa";"Colisão lateral mesmo sentido";"Com Vítimas Feridas";"Plena Noite";"Crescente";"Céu Claro";"Múltipla";"Reta";"Sim";3;0;1;0;1;1;1;3;-27,59678012;-48,60076603;"SPRF-SC";"DEL01-SC";"UOP01-DEL01-SC"
776139;2026-06-03;"quarta-feira";"20:20:00";"MG";116;415;"GOVERNADOR VALADARES";"Ultrapassagem Indevida";"Colisão lateral mesmo sentido";"Sem Vítimas";"Plena Noite";"Decrescente";"Céu Claro";"Simples";"Interseção de Vias";"Sim";2;0;0;0;2;0;0;2;-18,88891483;-41,9460623;"SPRF-MG";"DEL06-MG";"UOP01-DEL06-MG"
776140;2026-06-03;"quarta-feira";"15:20:00";"PR";153;146,2;"VENTANIA";"Velocidade Incompatível";"Tombamento";"Com Vítimas Feridas";"Pleno dia";"Decrescente";"Céu Claro";"Simples";"Declive;Curva;Ponte";"Não";2;0;1;0;0;1;1;2;-24,12786448;-50,23635252;"SPRF-PR";"DEL07-PR";"UOP04-DEL07-PR"
776143;2026-06-03;"quarta-feira";"19:00:00";"PR";277;330,8;"GUARAPUAVA";"Transitar na contramão";"Colisão lateral sentido oposto";"Com Vítimas Feridas";"Plena Noite";"Decrescente";"Céu Claro";"Simples";"Reta";"Não";5;0;1;0;3;1;1;4;-25,37193;-51,320582;"SPRF-PR";"DEL08-PR";"UOP01-DEL08-PR"
776145;2026-06-03;"quarta-feira";"21:30:00";"MG";381;484;"BETIM";"Pedestre andava na pista";"Atropelamento de Pedestre";"Com Vítimas Fatais";"Plena Noite";"Crescente";"Céu Claro";"Dupla";"Reta";"Sim";6;1;0;0;1;4;0;3;-19,958946;-44,090854;"SPRF-MG";"DEL01-MG";"UOP03-DEL01-MG"
776147;2026-06-03;"quarta-feira";"20:30:00";"RJ";101;402;"ITAGUAI";"Manobra de mudança de faixa";"Colisão transversal";"Com Vítimas Feridas";"Plena Noite";"Crescente";"Céu Claro";"Dupla";"Reta";"Não";4;0;1;0;2;1;1;4;-22,84767;-43,77218;"SPRF-RJ";"DEL03-RJ";"UOP01-DEL03-RJ"
776153;2026-06-03;"quarta-feira";"19:30:00";"BA";324;576;"SAO SEBASTIAO DO PASSE";"Condutor deixou de manter distância do veículo da frente";"Saída de leito carroçável";"Com Vítimas Feridas";"Plena Noite";"Decrescente";"Chuva";"Dupla";"Reta";"Não";2;0;1;0;0;2;1;3;-12,588456;-38,523853;"SPRF-BA";"DEL01-BA";"UOP01-DEL01-BA"
776155;2026-06-03;"quarta-feira";"21:56:00";"TO";153;103;"WANDERLANDIA";"Ausência de reação do condutor";"Colisão lateral sentido oposto";"Com Vítimas Feridas";"Plena Noite";"Decrescente";"Céu Claro";"Simples";"Reta";"Sim";2;0;0;1;1;0;1;2;-6,912935;-48,0486;"SPRF-TO";"DEL02-TO";"UOP01-DEL02-TO"
776159;2026-06-03;"quarta-feira";"19:00:00";"GO";158;9;"ARAGARCAS";"Reação tardia ou ineficiente do condutor";"Colisão lateral mesmo sentido";"Sem Vítimas";"Anoitecer";"Crescente";"Céu Claro";"Simples";"Reta";"Não";3;0;0;0;2;3;0;5;-15,95385385;-52,21455575;"SPRF-GO";"DEL04-GO";"UOP02-DEL04-GO"
776163;2026-06-03;"quarta-feira";"23:10:00";"MG";40;682;"RESSAQUINHA";"Demais falhas mecânicas ou elétricas";"Incêndio";"Sem Vítimas";"Plena Noite";"Decrescente";"Nevoeiro/Neblina";"Simples";"Reta";"Não";2;0;0;0;1;1;0;2;-21,0406366;-43,7629249;"SPRF-MG";"DEL05-MG";"UOP02-DEL05-MG"
776165;2026-06-03;"quarta-feira";"22:00:00";"MG";365;622;"UBERLANDIA";"Ingestão de álcool pelo condutor";"Colisão lateral mesmo sentido";"Sem Vítimas";"Plena Noite";"Crescente";"Céu Claro";"Dupla";"Declive;Curva";"Sim";2;0;0;0;1;1;0;2;-18,897448;-48,27165;"SPRF-MG";"DEL15-MG";"UOP01-DEL15-MG"
776168;2026-06-04;"quinta-feira";"01:25:00";"RS";116;239,9;"NOVO HAMBURGO";"Condutor Dormindo";"Colisão com objeto";"Sem Vítimas";"Plena Noite";"Decrescente";"Céu Claro";"Múltipla";"Curva";"Sim";2;0;0;0;1;1;0;2;-29,704368;-51,146642;"SPRF-RS";"DEL01-RS";"UOP02-DEL01-RS"
776171;2026-06-04;"quinta-feira";"01:26:00";"RJ";116;185;"NOVA IGUACU";"Ausência de sinalização";"Engavetamento";"Com Vítimas Feridas";"Plena Noite";"Crescente";"Céu Claro";"Dupla";"Reta";"Sim";5;0;2;3;0;0;5;4;-22,7425739;-43,45154679;"SPRF-RJ";"DEL06-RJ";"UOP01-DEL06-RJ"
776173;2026-06-04;"quinta-feira";"02:20:00";"GO";40;94,9;"CRISTALINA";"Condutor deixou de manter distância do veículo da frente";"Colisão traseira";"Com Vítimas Feridas";"Plena Noite";"Crescente";"Céu Claro";"Simples";"Reta";"Sim";2;0;0;1;0;1;1;2;-16,754088;-47,604677;"SPRF-DF";"DEL01-DF";"UOP02-DEL01-DF"
776174;2026-06-04;"quinta-feira";"02:50:00";"PR";277;134;"CAMPO LARGO";"Condutor Dormindo";"Colisão traseira";"Com Vítimas Feridas";"Plena Noite";"Crescente";"Nublado";"Simples";"Aclive;Reta";"Não";3;0;1;0;1;4;1;6;-25,4494847;-49,6144739;"SPRF-PR";"DEL01-PR";"UOP07-DEL01-PR"
776176;2026-06-04;"quinta-feira";"02:39:00";"MT";364;378;"SANTO ANTONIO DO LEVERGER";"Ausência de reação do condutor";"Saída de leito carroçável";"Sem Vítimas";"Plena Noite";"Crescente";"Céu Claro";"Dupla";"Reta";"Não";2;0;0;0;1;1;0;2;-15,7028643;-55,7864328;"SPRF-MT";"DEL01-MT";"UOP02-DEL01-MT"
776184;2026-06-04;"quinta-feira";"05:20:00";"DF";40;4;"BRASILIA";"Ingestão de álcool pelo condutor";"Colisão lateral mesmo sentido";"Sem Vítimas";"Plena Noite";"Crescente";"Céu Claro";"Dupla";"Reta";"Sim";2;0;0;0;2;0;0;2;-16,02530315;-47,97971662;"SPRF-DF";"DEL01-DF";"UOP01-DEL01-DF"
776186;2026-06-04;"quinta-feira";"05:31:00";"MG";381;531,9;"ITATIAIUCU";"Velocidade Incompatível";"Saída de leito carroçável";"Com Vítimas Fatais";"Pleno dia";"Crescente";"Céu Claro";"Dupla";"Curva";"Não";4;1;1;0;1;2;1;5;-20,16409369;-44,36631203;"SPRF-MG";"DEL04-MG";"UOP03-DEL04-MG"
776191;2026-06-03;"quarta-feira";"22:00:00";"MG";381;936;"EXTREMA";"Ausência de reação do condutor";"Colisão lateral mesmo sentido";"Com Vítimas Feridas";"Plena Noite";"Decrescente";"Céu Claro";"Múltipla";"Reta";"Não";5;0;1;0;3;3;1;5;-22,811902;-46,2811;"SPRF-MG";"DEL16-MG";"UOP03-DEL16-MG"
776193;2026-06-04;"quinta-feira";"04:15:00";"PR";116;22;"ANTONINA";"Chuva";"Colisão com objeto";"Com Vítimas Feridas";"Plena Noite";"Crescente";"Chuva";"Dupla";"Reta";"Não";7;0;1;0;5;1;1;3;-25,10922624;-48,74659689;"SPRF-PR";"DEL01-PR";"UOP02-DEL01-PR"
776198;2026-06-04;"quinta-feira";"06:30:00";"SP";116;317;"JUQUITIBA";"Reação tardia ou ineficiente do condutor";"Tombamento";"Com Vítimas Feridas";"Pleno dia";"Decrescente";"Céu Claro";"Dupla";"Curva";"Sim";2;0;1;0;0;1;1;2;-23,912895;-46,990005;"SPRF-SP";"DEL04-SP";"UOP03-DEL04-SP"
776199;2026-06-04;"quinta-feira";"04:12:00";"GO";50;232;"CATALAO";"Condutor Dormindo";"Colisão traseira";"Com Vítimas Feridas";"Plena Noite";"Decrescente";"Céu Claro";"Dupla";"Reta";"Não";4;0;2;0;1;1;2;3;-17,826018;-47,7731;"SPRF-GO";"DEL06-GO";"UOP01-DEL06-GO"
776202;2026-06-04;"quinta-feira";"05:20:00";"SC";280;3;"SAO FRANCISCO DO SUL";"Ingestão de álcool pelo condutor";"Colisão frontal";"Com Vítimas Feridas";"Amanhecer";"Decrescente";"Garoa/Chuvisco";"Simples";"Reta";"Não";6;0;0;4;1;1;4;3;-26,24505031;-48,61562915;"SPRF-SC";"DEL03-SC";"UOP03-DEL03-SC"
776203;2026-06-04;"quinta-feira";"06:15:00";"SC";470;121;"IBIRAMA";"Reação tardia ou ineficiente do condutor";"Tombamento";"Com Vítimas Feridas";"Amanhecer";"Decrescente";"Garoa/Chuvisco";"Simples";"Declive;Curva";"Não";2;0;1;0;0;1;1;2;-27,09579;-49,527388;"SPRF-SC";"DEL04-SC";"UOP02-DEL04-SC"
776205;2026-06-04;"quinta-feira";"07:40:00";"MG";381;853,8;"POUSO ALEGRE";"Velocidade Incompatível";"Engavetamento";"Com Vítimas Feridas";"Pleno dia";"Decrescente";"Céu Claro";"Dupla";"Reta;Aclive";"Não";8;0;1;0;6;1;1;5;-22,269893;-45,892292;"SPRF-MG";"DEL16-MG";"UOP01-DEL16-MG"
776209;2026-06-04;"quinta-feira";"06:00:00";"PB";230;410;"POMBAL";"Manobra de mudança de faixa";"Colisão frontal";"Com Vítimas Feridas";"Pleno dia";"Decrescente";"Céu Claro";"Simples";"Declive";"Não";3;0;0;1;1;1;1;3;-6,7388983;-37,788016;"SPRF-PB";"DEL03-PB";"UOP02-DEL03-PB"
776213;2026-05-11;"segunda-feira";"15:30:00";"PR";376;669;"TIJUCAS DO SUL";"Demais falhas mecânicas ou elétricas";"Incêndio";"Sem Vítimas";"Pleno dia";"Crescente";"Céu Claro";"Dupla";"Reta;Declive";"Não";2;0;0;0;1;1;0;2;-25,853101;-48,977316;"SPRF-PR";"DEL01-PR";"UOP04-DEL01-PR"
776215;2026-06-03;"quarta-feira";"22:30:00";"MT";158;578;"AGUA BOA";"Reação tardia ou ineficiente do condutor";"Derramamento de carga";"Sem Vítimas";"Plena Noite";"Decrescente";"Céu Claro";"Simples";"Reta";"Não";2;0;0;0;1;2;0;3;-14,141375;-52,199167;"SPRF-MT";"DEL07-MT";"UOP02-DEL07-MT"
776218;2026-05-23;"sábado";"09:30:00";"MG";381;497;"BETIM";"Pedestre andava na pista";"Atropelamento de Pedestre";"Com Vítimas Feridas";"Pleno dia";"Decrescente";"Céu Claro";"Múltipla";"Reta";"Sim";3;0;0;1;1;1;1;3;-19,97571493;-44,19595806;"SPRF-MG";"DEL01-MG";"UOP03-DEL01-MG"
776219;2026-05-02;"sábado";"14:30:00";"PE";232;180;"BELO JARDIM";"Demais falhas mecânicas ou elétricas";"Derramamento de carga";"Sem Vítimas";"Pleno dia";"Decrescente";"Céu Claro";"Simples";"Reta";"Não";2;0;0;0;1;2;0;3;-8,34777766;-36,4114455;"SPRF-PE";"DEL03-PE";"UOP02-DEL03-PE"
776220;2026-06-04;"quinta-feira";"07:20:00";"GO";60;115,6;"TEREZOPOLIS DE GOIAS";"Ausência de reação do condutor";"Colisão traseira";"Com Vítimas Feridas";"Pleno dia";"Decrescente";"Céu Claro";"Dupla";"Aclive;Reta";"Não";3;0;1;0;1;2;1;4;-16,4713278;-49,0750165;"SPRF-GO";"DEL01-GO";"UOP01-DEL01-GO"
776222;2026-05-23;"sábado";"14:40:00";"MG";381;482,8;"BETIM";"Ausência de reação do condutor";"Colisão traseira";"Com Vítimas Fatais";"Pleno dia";"Decrescente";"Céu Claro";"Múltipla";"Reta;Aclive";"Sim";3;1;0;0;1;1;0;3;-19,95788654;-44,07771556;"SPRF-MG";"DEL01-MG";"UOP03-DEL01-MG"
776223;2026-06-04;"quinta-feira";"08:50:00";"PB";230;147,5;"CAMPINA GRANDE";"Demais falhas mecânicas ou elétricas";"Incêndio";"Sem Vítimas";"Pleno dia";"Crescente";"Nublado";"Dupla";"Reta";"Sim";1;0;0;0;1;0;0;1;-7,23861493;-35,86499691;"SPRF-PB";"DEL02-PB";"UOP01-DEL02-PB"
776227;2026-06-04;"quinta-feira";"09:15:00";"ES";262;41,6;"DOMINGOS MARTINS";"Velocidade Incompatível";"Colisão frontal";"Com Vítimas Fatais";"Pleno dia";"Decrescente";"Chuva";"Simples";"Curva";"Não";4;1;0;1;1;1;1;3;-20,38576;-40,65143;"SPRF-ES";"DEL01-ES";"UOP01-DEL01-ES"