"id";"data_inversa";"dia_semana";"horario";"uf";"br";"km";"municipio";"causa_acidente";"tipo_acidente";"classificacao_acidente";"fase_dia";"sentido_via";"condicao_metereologica";"tipo_pista";"tracado_via";"uso_solo";"pessoas";"mortos";"feridos_leves";"feridos_graves";"ilesos";"ignorados";"feridos";"veiculos";"latitude";"longitude";"regional";"delegacia";"uop"
777611;2026-06-10;"quarta-feira";"11:03:00";"BA";101;107;"ALAGOINHAS";"Condutor deixou de manter distância do veículo da frente";"Colisão traseira";"Sem Vítimas";"Pleno dia";"Crescente";"Céu Claro";"Simples";"Reta";"Sim";2;0;0;0;2;0;0;2;-12,150448;-38,398722;"SPRF-BA";"DEL01-BA";"UOP04-DEL01-BA"
777615;2026-06-10;"quarta-feira";"13:50:00";"SC";101;193;"BIGUACU";"Velocidade Incompatível";"Tombamento";"Com Vítimas Feridas";"Pleno dia";"Crescente";"Nublado";"Múltipla";"Curva";"Sim";2;0;1;0;0;1;1;2;-27,490465;-48,6564117;"SPRF-SC";"DEL01-SC";"UOP01-DEL01-SC"
777616;2026-06-10;"quarta-feira";"13:44:00";"ES";101;67;"SAO MATEUS";"Acessar a via sem observar a presença dos outros veículos";"Colisão lateral mesmo sentido";"Com Vítimas Feridas";"Pleno dia";"Crescente";"Céu Claro";"Dupla";"Interseção de Vias";"Não";5;0;1;0;4;0;1;2;-18,72266832;-39,86141173;"SPRF-ES";"DEL04-ES";"UOP02-DEL04-ES"
777623;2026-06-10;"quarta-feira";"12:30:00";"GO";60;49;"APARECIDA DE GOIANIA";"Reação tardia ou ineficiente do condutor";"Colisão transversal";"Com Vítimas Fatais";"Pleno dia";"Decrescente";"Céu Claro";"Dupla";"Reta";"Sim";3;1;0;0;1;1;0;3;-16,785832;-49,25419;"SPRF-GO";"DEL01-GO";"UOP03-DEL01-GO"
777628;2026-05-11;"segunda-feira";"10:15:00";"MG";40;530;"CONTAGEM";"Frear bruscamente";"Colisão traseira";"Com Vítimas Feridas";"Pleno dia";"Crescente";"Céu Claro";"Dupla";"Reta";"Sim";5;0;1;0;4;0;1;5;-19,9191305;-44,03938293;"SPRF-MG";"DEL01-MG";"UOP02-DEL01-MG"
777629;2026-06-10;"quarta-feira";"13:15:00";"PR";376;377;"IMBAU";"Reação tardia ou ineficiente do condutor";"Saída de leito carroçável";"Com Vítimas Feridas";"Pleno dia";"Crescente";"Chuva";"Dupla";"Curva;Aclive";"Não";1;0;1;0;0;0;1;1;-24,41798;-50,77574;"SPRF-PR";"DEL03-PR";"UOP02-DEL03-PR"
777631;2026-06-10;"quarta-feira";"14:55:00";"BA";324;534;"CONCEICAO DO JACUIPE";"Condutor deixou de manter distância do veículo da frente";"Colisão traseira";"Com Vítimas Feridas";"Pleno dia";"Decrescente";"Céu Claro";"Dupla";"Reta";"Não";2;0;1;0;1;0;1;2;-12,3669816;-38,8164324;"SPRF-BA";"DEL11-BA";"UOP02-DEL11-BA"
777633;2026-06-10;"quarta-feira";"14:49:00";"PE";101;20,8;"GOIANA";"Manobra de mudança de faixa";"Colisão lateral mesmo sentido";"Com Vítimas Feridas";"Pleno dia";"Crescente";"Céu Claro";"Dupla";"Reta";"Não";3;0;1;0;2;0;1;2;-7,668131;-34,933386;"SPRF-PE";"DEL01-PE";"UOP02-DEL01-PE"
777634;2026-06-10;"quarta-feira";"15:00:00";"MG";365;83,4;"MONTES CLAROS";"Velocidade Incompatível";"Colisão com objeto";"Com Vítimas Feridas";"Pleno dia";"Crescente";"Céu Claro";"Simples";"Declive";"Não";1;0;0;1;0;0;1;1;-16,7313408;-43,8697984;"SPRF-MG";"DEL12-MG";"UOP01-DEL12-MG"
777636;2026-06-10;"quarta-feira";"15:25:00";"SC";101;117,7;"ITAJAI";"Manobra de mudança de faixa";"Colisão lateral mesmo sentido";"Sem Vítimas";"Pleno dia";"Decrescente";"Nublado";"Múltipla";"Reta";"Sim";3;0;0;0;2;1;0;3;-26,89307141;-48,71986985;"SPRF-SC";"DEL04-SC";"UOP04-DEL04-SC"
777642;2026-06-10;"quarta-feira";"15:00:00";"GO";60;400;"RIO VERDE";"Manobra de mudança de faixa";"Colisão traseira";"Com Vítimas Feridas";"Pleno dia";"Decrescente";"Céu Claro";"Dupla";"Curva";"Não";3;0;1;0;1;1;1;3;-17,8157053;-51,0987854;"SPRF-GO";"DEL04-GO";"UOP02-DEL04-GO"
777644;2026-06-10;"quarta-feira";"15:36:00";"GO";153;506;"GOIANAPOLIS";"Reação tardia ou ineficiente do condutor";"Colisão traseira";"Com Vítimas Feridas";"Pleno dia";"Crescente";"Céu Claro";"Dupla";"Reta";"Sim";3;0;0;1;1;1;1;3;-16,57469069;-49,15968294;"SPRF-GO";"DEL01-GO";"UOP01-DEL01-GO"
777645;2026-06-10;"quarta-feira";"10:00:00";"SC";280;91;"CORUPA";"Velocidade Incompatível";"Tombamento";"Com Vítimas Feridas";"Pleno dia";"Decrescente";"Garoa/Chuvisco";"Simples";"Declive;Curva";"Não";2;0;1;0;0;2;1;3;-26,39677969;-49,29442819;"SPRF-SC";"DEL06-SC";"UOP03-DEL06-SC"
777648;2026-06-10;"quarta-feira";"14:34:00";"MT";163;827,9;"SINOP";"Acessar a via sem observar a presença dos outros veículos";"Colisão transversal";"Com Vítimas Feridas";"Pleno dia";"Decrescente";"Céu Claro";"Dupla";"Retorno Regulamentado";"Sim";3;0;2;0;1;0;2;2;-11,93033025;-55,51330447;"SPRF-MT";"DEL06-MT";"UOP02-DEL06-MT"
777657;2026-06-10;"quarta-feira";"17:00:00";"MG";381;513;"IGARAPE";"Reação tardia ou ineficiente do condutor";"Colisão lateral mesmo sentido";"Com Vítimas Feridas";"Anoitecer";"Decrescente";"Céu Claro";"Dupla";"Aclive;Reta";"Sim";4;0;1;0;3;0;1;2;-20,07295683;-44,30051378;"SPRF-MG";"DEL01-MG";"UOP03-DEL01-MG"
777663;2026-05-24;"domingo";"10:00:00";"RO";364;36;"VILHENA";"Ultrapassagem Indevida";"Colisão lateral sentido oposto";"Com Vítimas Fatais";"Pleno dia";"Decrescente";"Céu Claro";"Simples";"Curva";"Não";5;1;0;0;3;6;0;10;-12,66497;-60,31008;"SPRF-RO";"DEL04-RO";"UOP01-DEL04-RO"
777665;2026-04-18;"sábado";"18:40:00";"SC";163;107,7;"GUARUJA DO SUL";"Transitar na contramão";"Colisão lateral sentido oposto";"Com Vítimas Feridas";"Anoitecer";"Crescente";"Céu Claro";"Simples";"Curva";"Não";3;0;1;0;1;1;1;3;-26,4213609;-53,52590561;"SPRF-SC";"DEL07-SC";"UOP03-DEL07-SC"
777667;2026-06-10;"quarta-feira";"16:15:00";"MS";163;123,3;"NAVIRAI";"Acessar a via sem observar a presença dos outros veículos";"Colisão transversal";"Com Vítimas Feridas";"Pleno dia";"Crescente";"Nublado";"Simples";"Reta";"Não";2;0;0;1;1;0;1;2;-23,086193;-54,226755;"SPRF-MS";"DEL09-MS";"UOP01-DEL09-MS"
777674;2026-06-10;"quarta-feira";"18:00:00";"MG";40;547;"NOVA LIMA";"Velocidade Incompatível";"Colisão traseira";"Com Vítimas Feridas";"Pleno dia";"Crescente";"Céu Claro";"Dupla";"Aclive;Reta";"Não";3;0;0;1;1;1;1;3;-20,027917;-43,969153;"SPRF-MG";"DEL01-MG";"UOP02-DEL01-MG"
777679;2026-06-10;"quarta-feira";"18:06:00";"ES";101;66,5;"SAO MATEUS";"Iluminação deficiente";"Colisão frontal";"Com Vítimas Fatais";"Anoitecer";"Crescente";"Céu Claro";"Simples";"Reta;Interseção de Vias";"Sim";3;1;0;0;0;2;0;3;-18,71846713;-39,87046838;"SPRF-ES";"DEL04-ES";"UOP02-DEL04-ES"
777681;2026-06-10;"quarta-feira";"18:00:00";"RJ";40;92;"PETROPOLIS";"Problema com o freio";"Colisão traseira";"Com Vítimas Feridas";"Anoitecer";"Crescente";"Céu Claro";"Simples";"Curva";"Não";4;0;2;0;1;1;2;3;-22,55175659;-43,24626714;"SPRF-RJ";"DEL01-RJ";"UOP01-DEL01-RJ"
777683;2026-05-15;"sexta-feira";"11:40:00";"GO";153;175;"CAMPINORTE";"Ultrapassagem Indevida";"Atropelamento de Pedestre";"Com Vítimas Feridas";"Pleno dia";"Crescente";"Céu Claro";"Simples";"Reta";"Sim";3;0;0;1;1;3;1;5;-14,31067047;-49,14905548;"SPRF-GO";"DEL07-GO";"UOP02-DEL07-GO"
777695;2026-06-10;"quarta-feira";"18:15:00";"MG";116;415;"GOVERNADOR VALADARES";"Acessar a via sem observar a presença dos outros veículos";"Colisão transversal";"Com Vítimas Feridas";"Plena Noite";"Decrescente";"Céu Claro";"Múltipla";"Reta";"Sim";3;0;1;0;1;1;1;3;-18,88944;-41,946232;"SPRF-MG";"DEL06-MG";"UOP01-DEL06-MG"
777698;2026-06-10;"quarta-feira";"18:40:00";"MG";116;21;"CACHOEIRA DE PAJEU";"Ausência de sinalização";"Colisão lateral sentido oposto";"Com Vítimas Feridas";"Plena Noite";"Crescente";"Nublado";"Simples";"Curva";"Não";5;0;1;0;2;4;1;7;-15,84771937;-41,41111851;"SPRF-BA";"DEL08-BA";"UOP03-DEL08-BA"
777699;2026-06-10;"quarta-feira";"18:00:00";"BA";116;454;"SANTO ESTEVAO";"Animais na Pista";"Atropelamento de Animal";"Com Vítimas Feridas";"Plena Noite";"Decrescente";"Céu Claro";"Dupla";"Reta";"Não";3;0;1;0;1;3;1;5;-12,413927;-39,18843;"SPRF-BA";"DEL02-BA";"UOP01-DEL02-BA"
777702;2026-06-10;"quarta-feira";"18:00:00";"RJ";40;97;"DUQUE DE CAXIAS";"Demais falhas mecânicas ou elétricas";"Incêndio";"Sem Vítimas";"Plena Noite";"Crescente";"Céu Claro";"Dupla";"Curva";"Sim";1;0;0;0;1;0;0;1;-22,574187;-43,273083;"SPRF-RJ";"DEL01-RJ";"UOP01-DEL01-RJ"
777703;2026-06-10;"quarta-feira";"18:00:00";"MS";163;528;"JARAGUARI";"Ausência de reação do condutor";"Colisão lateral sentido oposto";"Sem Vítimas";"Plena Noite";"Crescente";"Nublado";"Simples";"Reta;Aclive";"Não";12;0;0;0;11;1;0;4;-20,091839;-54,435152;"SPRF-MS";"DEL01-MS";"UOP02-DEL01-MS"
777713;2026-06-10;"quarta-feira";"16:55:00";"MT";163;685;"LUCAS DO RIO VERDE";"Acessar a via sem observar a presença dos outros veículos";"Colisão lateral mesmo sentido";"Com Vítimas Feridas";"Pleno dia";"Decrescente";"Céu Claro";"Simples";"Reta";"Não";3;0;1;0;1;4;1;6;-13,095844;-55,946513;"SPRF-MT";"DEL06-MT";"UOP01-DEL06-MT"
777715;2026-05-21;"quinta-feira";"19:45:00";"SC";116;246,6;"LAGES";"Manobra de mudança de faixa";"Colisão frontal";"Com Vítimas Feridas";"Plena Noite";"Crescente";"Céu Claro";"Simples";"Reta";"Sim";4;0;0;1;1;3;1;5;-27,80913925;-50,36692556;"SPRF-SC";"DEL05-SC";"UOP02-DEL05-SC"
777722;2026-06-10;"quarta-feira";"12:34:00";"PA";230;1126;"ITAITUBA";"Ausência de reação do condutor";"Saída de leito carroçável";"Com Vítimas Feridas";"Pleno dia";"Decrescente";"Céu Claro";"Simples";"Curva";"Não";2;0;1;0;0;1;1;2;-4,31696986;-55,95731735;"SPRF-PA";"DEL05-PA";"UOP02-DEL05-PA"
777724;2026-06-10;"quarta-feira";"17:30:00";"RO";364;516;"ARIQUEMES";"Desrespeitar a preferência no cruzamento";"Colisão transversal";"Sem Vítimas";"Pleno dia";"Crescente";"Céu Claro";"Simples";"Rotatória";"Sim";3;0;0;0;2;3;0;5;-9,915699;-63,055323;"SPRF-RO";"DEL03-RO";"UOP01-DEL03-RO"
777732;2026-06-10;"quarta-feira";"21:10:00";"SC";470;119;"IBIRAMA";"Transitar na contramão";"Colisão lateral sentido oposto";"Sem Vítimas";"Plena Noite";"Crescente";"Garoa/Chuvisco";"Simples";"Curva";"Não";3;0;0;0;2;1;0;3;-27,083018;-49,52088;"SPRF-SC";"DEL04-SC";"UOP02-DEL04-SC"
777738;2026-06-11;"quinta-feira";"01:00:00";"GO";414;393;"CORUMBA DE GOIAS";"Demais falhas mecânicas ou elétricas";"Incêndio";"Sem Vítimas";"Plena Noite";"Crescente";"Céu Claro";"Simples";"Declive;Curva";"Sim";2;0;0;0;1;2;0;3;-15,916776;-48,808375;"SPRF-GO";"DEL02-GO";"UOP01-DEL02-GO"
777742;2026-06-11;"quinta-feira";"03:25:00";"BA";116;509;"SANTA TERESINHA";"Ultrapassagem Indevida";"Colisão frontal";"Com Vítimas Feridas";"Plena Noite";"Crescente";"Céu Claro";"Simples";"Reta";"Não";3;0;1;1;0;4;2;6;-12,658561;-39,624992;"SPRF-BA";"DEL02-BA";"UOP01-DEL02-BA"
777745;2026-06-11;"quinta-feira";"02:40:00";"MG";381;947,9;"EXTREMA";"Condutor deixou de manter distância do veículo da frente";"Colisão traseira";"Com Vítimas Feridas";"Plena Noite";"Crescente";"Chuva";"Dupla";"Reta;Declive";"Não";4;0;1;0;2;3;1;6;-22,87030259;-46,35854452;"SPRF-MG";"DEL16-MG";"UOP03-DEL16-MG"
777748;2026-06-11;"quinta-feira";"05:50:00";"BA";101;941;"MUCURI";"Neblina";"Colisão traseira";"Com Vítimas Feridas";"Amanhecer";"Crescente";"Nevoeiro/Neblina";"Simples";"Reta";"Não";5;0;1;0;3;2;1;6;-18,05471;-39,872681;"SPRF-BA";"DEL09-BA";"UOP02-DEL09-BA"
777749;2026-06-11;"quinta-feira";"03:30:00";"SP";116;555;"BARRA DO TURVO";"Reação tardia ou ineficiente do condutor";"Colisão traseira";"Com Vítimas Feridas";"Plena Noite";"Decrescente";"Chuva";"Dupla";"Curva";"Não";3;0;1;0;1;1;1;3;-24,975817;-48,502498;"SPRF-SP";"DEL05-SP";"UOP02-DEL05-SP"
777761;2026-06-11;"quinta-feira";"06:00:00";"GO";452;5;"RIO VERDE";"Reação tardia ou ineficiente do condutor";"Colisão frontal";"Com Vítimas Fatais";"Amanhecer";"Crescente";"Céu Claro";"Simples";"Aclive;Reta";"Não";5;2;0;1;1;2;1;4;-17,8090416;-50,86314631;"SPRF-GO";"DEL04-GO";"UOP01-DEL04-GO"
777767;2026-06-11;"quinta-feira";"06:40:00";"BA";116;814;"VITORIA DA CONQUISTA";"Ausência de reação do condutor";"Colisão traseira";"Com Vítimas Feridas";"Pleno dia";"Crescente";"Sol";"Simples";"Reta";"Sim";3;0;1;0;1;1;1;3;-14,807232;-40,78739;"SPRF-BA";"DEL08-BA";"UOP01-DEL08-BA"
777769;2026-06-11;"quinta-feira";"07:30:00";"PR";476;153;"ARAUCARIA";"Entrada inopinada do pedestre";"Atropelamento de Pedestre";"Com Vítimas Feridas";"Pleno dia";"Decrescente";"Céu Claro";"Dupla";"Curva;Viaduto";"Sim";3;0;1;0;1;1;1;3;-25,58009965;-49,396156;"SPRF-PR";"DEL01-PR";"UOP06-DEL01-PR"
777773;2026-06-11;"quinta-feira";"07:40:00";"BA";324;626;"SALVADOR";"Condutor deixou de manter distância do veículo da frente";"Engavetamento";"Com Vítimas Feridas";"Pleno dia";"Crescente";"Céu Claro";"Múltipla";"Reta";"Sim";6;0;1;0;5;0;1;4;-12,960256;-38,474159;"SPRF-BA";"DEL01-BA";"UOP01-DEL01-BA"
777778;2026-06-11;"quinta-feira";"06:58:00";"RO";364;328,3;"PRESIDENTE MEDICI";"Transitar na contramão";"Capotamento";"Com Vítimas Feridas";"Pleno dia";"Crescente";"Céu Claro";"Simples";"Reta";"Não";3;0;2;0;1;0;2;2;-10,998733;-61,917062;"SPRF-RO";"DEL02-RO";"UOP01-DEL02-RO"
777779;2026-06-11;"quinta-feira";"02:00:00";"RJ";116;274;"BARRA MANSA";"Reação tardia ou ineficiente do condutor";"Tombamento";"Com Vítimas Feridas";"Amanhecer";"Decrescente";"Garoa/Chuvisco";"Dupla";"Curva";"Não";3;0;2;0;0;1;2;2;-22,562409;-44,15931;"SPRF-RJ";"DEL07-RJ";"UOP02-DEL07-RJ"
777789;2026-05-10;"domingo";"11:00:00";"SP";116;52;"LORENA";"Ausência de reação do condutor";"Colisão traseira";"Com Vítimas Feridas";"Pleno dia";"Crescente";"Céu Claro";"Dupla";"Reta";"Sim";3;0;1;0;2;0;1;2;-22,74377425;-45,09530718;"SPRF-SP";"DEL08-SP";"UOP02-DEL08-SP"
777791;2026-06-11;"quinta-feira";"07:50:00";"AL";101;134;"SAO MIGUEL DOS CAMPOS";"Manobra de mudança de faixa";"Colisão lateral mesmo sentido";"Com Vítimas Feridas";"Pleno dia";"Crescente";"Céu Claro";"Dupla";"Retorno Regulamentado";"Sim";2;0;1;0;1;0;1;2;-9,78312;-36,106029;"SPRF-AL";"DEL02-AL";"UOP01-DEL02-AL"
777793;2026-06-11;"quinta-feira";"08:50:00";"SP";116;388;"MIRACATU";"Reação tardia ou ineficiente do condutor";"Engavetamento";"Com Vítimas Feridas";"Pleno dia";"Decrescente";"Nublado";"Dupla";"Reta";"Não";6;0;2;0;3;3;2;6;-24,27145;-47,40332;"SPRF-SP";"DEL04-SP";"UOP02-DEL04-SP"
777797;2026-06-11;"quinta-feira";"09:52:00";"MG";40;464,3;"SETE LAGOAS";"Demais falhas na via";"Saída de leito carroçável";"Com Vítimas Feridas";"Pleno dia";"Crescente";"Chuva";"Dupla";"Aclive;Curva";"Não";3;0;0;3;0;0;3;1;-19,433;-44,33589;"SPRF-MG";"DEL02-MG";"UOP01-DEL02-MG"
777800;2026-06-11;"quinta-feira";"08:50:00";"RJ";101;530;"ANGRA DOS REIS";"Condutor deixou de manter distância do veículo da frente";"Colisão traseira";"Com Vítimas Feridas";"Pleno dia";"Crescente";"Chuva";"Simples";"Curva";"Não";5;0;1;0;4;0;1;2;-23,02296084;-44,52342208;"SPRF-RJ";"DEL03-RJ";"UOP03-DEL03-RJ"
777801;2026-06-11;"quinta-feira";"08:55:00";"RS";287;300;"SAO PEDRO DO SUL";"Ultrapassagem Indevida";"Colisão lateral sentido oposto";"Com Vítimas Feridas";"Pleno dia";"Decrescente";"Nevoeiro/Neblina";"Simples";"Reta";"Não";4;0;1;0;2;3;1;6;-29,645162;-54,377169;"SPRF-RS";"DEL09-RS";"UOP01-DEL09-RS"
777810;2026-06-11;"quinta-feira";"09:09:00";"RJ";101;529;"ANGRA DOS REIS";"Reação tardia ou ineficiente do condutor";"Colisão lateral mesmo sentido";"Com Vítimas Feridas";"Pleno dia";"Crescente";"Garoa/Chuvisco";"Dupla";"Reta";"Não";10;0;2;0;8;0;2;9;-23,022975;-44,5149343;"SPRF-RJ";"DEL03-RJ";"UOP03-DEL03-RJ"
777811;2026-06-11;"quinta-feira";"05:10:00";"MG";381;907;"CAMBUI";"Acumulo de óleo sobre o pavimento";"Colisão traseira";"Com Vítimas Feridas";"Amanhecer";"Decrescente";"Chuva";"Dupla";"Declive;Curva";"Não";5;0;0;1;3;1;1;5;-22,65333223;-46,0883334;"SPRF-MG";"DEL16-MG";"UOP03-DEL16-MG"
777813;2026-06-11;"quinta-feira";"10:30:00";"PR";277;716;"SANTA TEREZINHA DE ITAIPU";"Ausência de reação do condutor";"Saída de leito carroçável";"Com Vítimas Feridas";"Pleno dia";"Crescente";"Chuva";"Dupla";"Reta";"Não";4;0;1;0;2;1;1;3;-25,47383167;-54,47015333;"SPRF-PR";"DEL05-PR";"UOP01-DEL05-PR"
777815;2026-06-11;"quinta-feira";"10:15:00";"RJ";116;185;"NOVA IGUACU";"Transitar no Acostamento";"Colisão lateral mesmo sentido";"Com Vítimas Feridas";"Pleno dia";"Decrescente";"Chuva";"Dupla";"Reta";"Não";2;0;1;0;1;0;1;2;-22,74075327;-43,45593488;"SPRF-RJ";"DEL06-RJ";"UOP01-DEL06-RJ"
777827;2026-06-11;"quinta-feira";"09:30:00";"SP";116;503,3;"CAJATI";"Curva acentuada";"Tombamento";"Com Vítimas Feridas";"Pleno dia";"Crescente";"Nublado";"Dupla";"Curva";"Não";2;0;1;0;0;1;1;2;-24,77866554;-48,21160063;"SPRF-SP";"DEL05-SP";"UOP02-DEL05-SP"
777828;2026-06-11;"quinta-feira";"10:30:00";"PA";230;82;"SAO JOAO DO ARAGUAIA";"Ausência de reação do condutor";"Colisão lateral mesmo sentido";"Com Vítimas Feridas";"Pleno dia";"Crescente";"Céu Claro";"Simples";"Ponte;Reta";"Não";4;0;0;1;2;1;1;4;-5,47407753;-48,81448746;"SPRF-PA";"DEL03-PA";"UOP01-DEL03-PA"
777831;2026-06-11;"quinta-feira";"08:48:00";"PR";277;0,6;"PARANAGUA";"Pedestre andava na pista";"Atropelamento de Pedestre";"Com Vítimas Fatais";"Pleno dia";"Crescente";"Céu Claro";"Simples";"Reta;Interseção de Vias";"Sim";2;1;0;0;1;0;0;2;-25,51719707;-48,54021046;"SPRF-PR";"DEL01-PR";"UOP05-DEL01-PR"
777834;2026-06-11;"quinta-feira";"12:00:00";"SC";280;8,4;"SAO FRANCISCO DO SUL";"Condutor deixou de manter distância do veículo da frente";"Colisão traseira";"Com Vítimas Feridas";"Pleno dia";"Decrescente";"Nublado";"Simples";"Reta";"Não";15;0;9;3;2;1;12;3;-26,282238;-48,646545;"SPRF-SC";"DEL03-SC";"UOP03-DEL03-SC"
777835;2026-06-11;"quinta-feira";"12:40:00";"MG";116;775,2;"LEOPOLDINA";"Chuva";"Colisão frontal";"Com Vítimas Feridas";"Pleno dia";"Crescente";"Chuva";"Simples";"Curva";"Não";3;0;0;1;1;1;1;3;-21,54265771;-42,6558681;"SPRF-MG";"DEL07-MG";"UOP01-DEL07-MG"
777840;2026-06-11;"quinta-feira";"09:25:00";"MG";153;188;"FRUTAL";"Velocidade Incompatível";"Colisão lateral sentido oposto";"Com Vítimas Feridas";"Pleno dia";"Crescente";"Garoa/Chuvisco";"Simples";"Curva;Declive";"Não";3;0;0;1;2;0;1;3;-19,867448;-48,969652;"SPRF-MG";"DEL13-MG";"UOP02-DEL13-MG"
777843;2026-06-11;"quinta-feira";"12:54:00";"RS";158;334,7;"SANTA MARIA";"Acessar a via sem observar a presença dos outros veículos";"Colisão transversal";"Com Vítimas Feridas";"Pleno dia";"Crescente";"Nublado";"Simples";"Reta";"Não";3;0;0;1;1;3;1;5;-29,70733926;-53,87925832;"SPRF-RS";"DEL09-RS";"UOP01-DEL09-RS"
777850;2026-06-11;"quinta-feira";"13:00:00";"PR";369;179;"ROLANDIA";"Frear bruscamente";"Engavetamento";"Com Vítimas Feridas";"Pleno dia";"Crescente";"Céu Claro";"Dupla";"Reta";"Não";7;0;1;0;6;0;1;3;-23,35867;-51,39682;"SPRF-PR";"DEL07-PR";"UOP03-DEL07-PR"
777853;2026-06-11;"quinta-feira";"14:10:00";"BA";116;426;"FEIRA DE SANTANA";"Manobra de mudança de faixa";"Colisão lateral mesmo sentido";"Com Vítimas Feridas";"Pleno dia";"Decrescente";"Céu Claro";"Dupla";"Curva;Declive";"Sim";3;0;1;0;1;1;1;3;-12,26689741;-38,98923397;"SPRF-BA";"DEL02-BA";"UOP01-DEL02-BA"
777855;2026-06-11;"quinta-feira";"12:50:00";"SP";116;508;"CAJATI";"Demais falhas mecânicas ou elétricas";"Incêndio";"Sem Vítimas";"Pleno dia";"Decrescente";"Céu Claro";"Dupla";"Curva;Declive";"Não";2;0;0;0;1;1;0;2;-24,8187517;-48,2114517;"SPRF-SP";"DEL05-SP";"UOP02-DEL05-SP"
777856;2026-06-11;"quinta-feira";"13:30:00";"BA";367;63;"PORTO SEGURO";"Velocidade Incompatível";"Colisão frontal";"Com Vítimas Fatais";"Pleno dia";"Crescente";"Nublado";"Simples";"Curva";"Não";3;1;0;0;1;1;0;3;-16,396007;-39,41549;"SPRF-BA";"DEL09-BA";"UOP03-DEL09-BA"
777872;2026-06-11;"quinta-feira";"12:30:00";"MG";50;28,5;"ARAGUARI";"Ausência de reação do condutor";"Colisão traseira";"Com Vítimas Feridas";"Pleno dia";"Crescente";"Sol";"Dupla";"Reta;Aclive";"Não";3;0;0;1;1;2;1;4;-18,61498741;-48,11476481;"SPRF-MG";"DEL15-MG";"UOP02-DEL15-MG"
777874;2026-03-27;"sexta-feira";"22:19:00";"PA";163;281;"NOVO PROGRESSO";"Ausência de reação do condutor";"Colisão lateral mesmo sentido";"Com Vítimas Feridas";"Plena Noite";"Decrescente";"Nublado";"Simples";"Curva";"Não";2;0;1;0;0;1;1;2;-7,28175758;-55,31310976;"SPRF-PA";"DEL05-PA";"UOP03-DEL05-PA"
777879;2026-04-15;"quarta-feira";"20:30:00";"RJ";40;67;"PETROPOLIS";"Demais falhas mecânicas ou elétricas";"Eventos atípicos";"Com Vítimas Feridas";"Plena Noite";"Decrescente";"Vento";"Simples";"Reta";"Não";2;0;0;1;0;1;1;2;-22,47451048;-43,15386169;"SPRF-RJ";"DEL05-RJ";"UOP02-DEL05-RJ"
777881;2026-06-11;"quinta-feira";"14:21:00";"PI";316;157;"DOM EXPEDITO LOPES";"Transitar na contramão";"Colisão transversal";"Com Vítimas Feridas";"Pleno dia";"Decrescente";"Céu Claro";"Simples";"Declive;Reta";"Não";3;0;0;1;2;0;1;2;-6,931822;-41,788112;"SPRF-PI";"DEL04-PI";"UOP02-DEL04-PI"
777882;2026-05-20;"quarta-feira";"03:15:00";"BA";242;451;"SEABRA";"Manobra de mudança de faixa";"Colisão frontal";"Com Vítimas Fatais";"Plena Noite";"Decrescente";"Céu Claro";"Simples";"Reta";"Não";4;1;0;0;1;3;0;5;-12,42277;-42,06792;"SPRF-BA";"DEL06-BA";"UOP01-DEL06-BA"
777883;2026-06-11;"quinta-feira";"15:00:00";"RJ";40;114;"DUQUE DE CAXIAS";"Ultrapassagem Indevida";"Colisão lateral mesmo sentido";"Com Vítimas Fatais";"Pleno dia";"Decrescente";"Nublado";"Simples";"Ponte;Retorno Regulamentado;Curva";"Sim";3;1;0;0;1;1;0;3;-22,71615654;-43,28916756;"SPRF-RJ";"DEL01-RJ";"UOP02-DEL01-RJ"
777884;2026-06-11;"quinta-feira";"17:00:00";"PR";369;76,9;"SANTA MARIANA";"Ausência de reação do condutor";"Colisão traseira";"Sem Vítimas";"Anoitecer";"Crescente";"Céu Claro";"Simples";"Reta";"Não";2;0;0;0;2;0;0;2;-23,147907;-50,5474627;"SPRF-PR";"DEL07-PR";"UOP05-DEL07-PR"
777890;2026-06-11;"quinta-feira";"15:00:00";"PR";376;482;"PONTA GROSSA";"Manobra de mudança de faixa";"Colisão lateral mesmo sentido";"Com Vítimas Feridas";"Pleno dia";"Crescente";"Chuva";"Dupla";"Interseção de Vias;Reta";"Sim";4;0;2;0;1;3;2;5;-25,08475262;-50,19131597;"SPRF-PR";"DEL03-PR";"UOP01-DEL03-PR"
777892;2026-06-08;"segunda-feira";"05:50:00";"PR";369;394,9;"JURANDA";"Ausência de reação do condutor";"Saída de leito carroçável";"Com Vítimas Feridas";"Amanhecer";"Decrescente";"Céu Claro";"Simples";"Reta;Declive";"Não";1;0;0;1;0;0;1;1;-24,34323803;-52,72174582;"SPRF-PR";"DEL04-PR";"UOP03-DEL04-PR"
777893;2026-06-11;"quinta-feira";"17:10:00";"RJ";40;105;"DUQUE DE CAXIAS";"Demais falhas mecânicas ou elétricas";"Incêndio";"Sem Vítimas";"Anoitecer";"Decrescente";"Nublado";"Múltipla";"Reta";"Sim";1;0;0;0;1;0;0;1;-22,6460666;-43,283236;"SPRF-RJ";"DEL01-RJ";"UOP02-DEL01-RJ"
777895;2026-06-11;"quinta-feira";"17:20:00";"BA";367;83,7;"EUNAPOLIS";"Acessar a via sem observar a presença dos outros veículos";"Colisão transversal";"Com Vítimas Feridas";"Anoitecer";"Crescente";"Nublado";"Simples";"Reta";"Sim";3;0;1;0;1;1;1;3;-16,374168;-39,577315;"SPRF-BA";"DEL09-BA";"UOP03-DEL09-BA"