"id";"data_inversa";"dia_semana";"horario";"uf";"br";"km";"municipio";"causa_acidente";"tipo_acidente";"classificacao_acidente";"fase_dia";"sentido_via";"condicao_metereologica";"tipo_pista";"tracado_via";"uso_solo";"pessoas";"mortos";"feridos_leves";"feridos_graves";"ilesos";"ignorados";"feridos";"veiculos";"latitude";"longitude";"regional";"delegacia";"uop"
778261;2026-06-12;"sexta-feira";"22:10:00";"BA";242;139;"RAFAEL JAMBEIRO";"Transitar na contramão";"Colisão frontal";"Com Vítimas Feridas";"Plena Noite";"Decrescente";"Céu Claro";"Simples";"Reta";"Não";2;0;0;1;0;1;1;2;-12,56638;-39,53122;"SPRF-BA";"DEL02-BA";"UOP01-DEL02-BA"
778267;2026-06-13;"sábado";"01:45:00";"MS";262;238,3;"RIBAS DO RIO PARDO";"Pedestre andava na pista";"Atropelamento de Pedestre";"Com Vítimas Feridas";"Plena Noite";"Decrescente";"Céu Claro";"Simples";"Reta";"Sim";3;0;0;1;1;3;1;5;-20,456272;-53,749244;"SPRF-MS";"DEL01-MS";"UOP05-DEL01-MS"
778270;2026-06-13;"sábado";"03:15:00";"RS";285;567,9;"SAO LUIZ GONZAGA";"Reação tardia ou ineficiente do condutor";"Colisão frontal";"Sem Vítimas";"Plena Noite";"Crescente";"Nevoeiro/Neblina";"Simples";"Reta";"Não";3;0;0;0;2;1;0;2;-28,419107;-54,956947;"SPRF-RS";"DEL12-RS";"UOP01-DEL12-RS"
778271;2026-06-13;"sábado";"01:50:00";"ES";259;88,4;"BAIXO GUANDU";"Condutor Dormindo";"Saída de leito carroçável";"Com Vítimas Feridas";"Plena Noite";"Crescente";"Ignorado";"Simples";"Curva";"Não";2;0;1;0;0;2;1;3;-19,5115982;-40,88115089;"SPRF-ES";"DEL02-ES";"UOP01-DEL02-ES"
778272;2026-06-13;"sábado";"03:00:00";"BA";116;782;"PLANALTO";"Ingestão de álcool pelo condutor";"Colisão lateral sentido oposto";"Com Vítimas Feridas";"Plena Noite";"Decrescente";"Nevoeiro/Neblina";"Simples";"Reta";"Sim";10;0;4;1;2;3;5;5;-14,679869;-40,519046;"SPRF-BA";"DEL08-BA";"UOP02-DEL08-BA"
778273;2026-06-13;"sábado";"02:25:00";"SP";116;56;"LORENA";"Reação tardia ou ineficiente do condutor";"Colisão traseira";"Com Vítimas Feridas";"Plena Noite";"Decrescente";"Nublado";"Dupla";"Reta";"Não";3;0;1;0;2;0;1;2;-22,77082;-45,13265;"SPRF-SP";"DEL08-SP";"UOP02-DEL08-SP"
778274;2026-06-13;"sábado";"02:40:00";"TO";153;498;"PARAISO DO TOCANTINS";"Ausência de reação do condutor";"Colisão traseira";"Sem Vítimas";"Plena Noite";"Crescente";"Ignorado";"Dupla";"Reta;Aclive";"Sim";4;0;0;0;3;1;0;3;-10,1880222;-48,88042873;"SPRF-TO";"DEL01-TO";"UOP01-DEL01-TO"
778299;2026-06-13;"sábado";"07:15:00";"BA";324;487;"SANTA BARBARA";"Ultrapassagem Indevida";"Colisão frontal";"Com Vítimas Fatais";"Pleno dia";"Crescente";"Céu Claro";"Simples";"Curva";"Não";2;1;0;0;1;0;0;2;-12,033815;-39,01481;"SPRF-BA";"DEL02-BA";"UOP01-DEL02-BA"
778300;2026-06-12;"sexta-feira";"23:00:00";"BA";110;205;"CIPO";"Acessar a via sem observar a presença dos outros veículos";"Colisão frontal";"Sem Vítimas";"Plena Noite";"Decrescente";"Céu Claro";"Simples";"Reta";"Sim";2;0;0;0;0;2;0;2;-11,10396;-38,51775;"SPRF-BA";"DEL07-BA";"UOP02-DEL07-BA"
778301;2026-06-13;"sábado";"03:51:00";"PA";163;667;"ITAITUBA";"Ingestão de álcool pelo condutor";"Colisão lateral sentido oposto";"Sem Vítimas";"Plena Noite";"Decrescente";"Nevoeiro/Neblina";"Simples";"Declive";"Não";4;0;0;0;3;3;0;5;-4,4031;-55,7945;"SPRF-PA";"DEL05-PA";"UOP02-DEL05-PA"
778303;2026-06-13;"sábado";"05:00:00";"RJ";116;256;"PINHEIRAL";"Reação tardia ou ineficiente do condutor";"Colisão traseira";"Com Vítimas Feridas";"Amanhecer";"Crescente";"Nevoeiro/Neblina";"Dupla";"Reta";"Não";2;0;1;0;1;0;1;2;-22,58490683;-44,05358891;"SPRF-RJ";"DEL07-RJ";"UOP01-DEL07-RJ"
778311;2026-06-13;"sábado";"07:50:00";"MG";40;248;"SAO GONCALO DO ABAETE";"Chuva";"Saída de leito carroçável";"Com Vítimas Feridas";"Pleno dia";"Decrescente";"Chuva";"Simples";"Curva";"Não";2;0;1;1;0;0;2;1;-18,113958;-45,458367;"SPRF-MG";"DEL14-MG";"UOP02-DEL14-MG"
778317;2026-06-13;"sábado";"09:10:00";"GO";60;72,9;"ABADIANIA";"Demais falhas mecânicas ou elétricas";"Colisão com objeto";"Com Vítimas Feridas";"Pleno dia";"Crescente";"Céu Claro";"Dupla";"Declive;Reta";"Não";3;0;0;1;2;0;1;3;-16,269444;-48,769193;"SPRF-GO";"DEL02-GO";"UOP01-DEL02-GO"
778318;2026-06-13;"sábado";"07:30:00";"BA";101;320,5;"PRESIDENTE TANCREDO NEVES";"Pedestre cruzava a pista fora da faixa";"Atropelamento de Pedestre";"Com Vítimas Fatais";"Pleno dia";"Decrescente";"Céu Claro";"Simples";"Reta";"Não";3;1;0;0;1;2;0;4;-13,3986594;-39,4032393;"SPRF-BA";"DEL05-BA";"UOP03-DEL05-BA"
778321;2026-06-13;"sábado";"08:47:00";"MG";381;907,3;"CAMBUI";"Avarias e/ou desgaste excessivo no pneu";"Colisão traseira";"Com Vítimas Feridas";"Pleno dia";"Decrescente";"Nublado";"Dupla";"Curva;Declive";"Não";3;0;1;0;1;1;1;2;-22,67573603;-46,09785374;"SPRF-MG";"DEL16-MG";"UOP03-DEL16-MG"
778327;2026-06-13;"sábado";"08:00:00";"MG";381;314,9;"NOVA ERA";"Velocidade Incompatível";"Colisão traseira";"Com Vítimas Fatais";"Pleno dia";"Decrescente";"Nublado";"Simples";"Curva";"Não";3;1;0;1;1;0;1;3;-19,70104;-42,9959;"SPRF-MG";"DEL03-MG";"UOP02-DEL03-MG"
778328;2026-06-13;"sábado";"09:20:00";"PR";476;151,3;"ARAUCARIA";"Ausência de reação do condutor";"Colisão lateral mesmo sentido";"Com Vítimas Fatais";"Pleno dia";"Crescente";"Céu Claro";"Dupla";"Reta";"Sim";7;1;1;0;4;1;1;6;-25,56561379;-49,37974691;"SPRF-PR";"DEL01-PR";"UOP06-DEL01-PR"
778329;2026-06-13;"sábado";"09:20:00";"ES";262;95;"DOMINGOS MARTINS";"Reação tardia ou ineficiente do condutor";"Colisão lateral sentido oposto";"Com Vítimas Feridas";"Pleno dia";"Decrescente";"Céu Claro";"Simples";"Reta";"Sim";3;0;0;1;1;1;1;3;-20,3629567;-41,07084;"SPRF-ES";"DEL01-ES";"UOP02-DEL01-ES"
778340;2026-06-13;"sábado";"11:10:00";"BA";116;688;"JEQUIE";"Ausência de reação do condutor";"Colisão transversal";"Com Vítimas Feridas";"Pleno dia";"Crescente";"Céu Claro";"Simples";"Reta";"Não";5;0;1;0;3;2;1;4;-13,97109;-40,170397;"SPRF-BA";"DEL03-BA";"UOP01-DEL03-BA"
778342;2026-06-13;"sábado";"10:00:00";"MG";116;777;"LEOPOLDINA";"Ausência de reação do condutor";"Tombamento";"Com Vítimas Feridas";"Pleno dia";"Decrescente";"Céu Claro";"Simples";"Curva";"Não";2;0;1;0;0;1;1;2;-21,60159985;-42,69912624;"SPRF-MG";"DEL07-MG";"UOP01-DEL07-MG"
778344;2026-06-13;"sábado";"12:40:00";"TO";153;692;"CARIRI DO TOCANTINS";"Condutor deixou de manter distância do veículo da frente";"Colisão traseira";"Sem Vítimas";"Pleno dia";"Crescente";"Céu Claro";"Simples";"Reta;Aclive";"Não";3;0;0;0;2;1;0;3;-11,884821;-49,163131;"SPRF-TO";"DEL01-TO";"UOP02-DEL01-TO"
778345;2026-06-13;"sábado";"08:30:00";"MT";158;630;"NOVA XAVANTINA";"Reação tardia ou ineficiente do condutor";"Saída de leito carroçável";"Com Vítimas Feridas";"Pleno dia";"Crescente";"Céu Claro";"Simples";"Reta";"Não";3;0;2;0;0;2;2;3;-14,53573263;-52,34779358;"SPRF-MT";"DEL07-MT";"UOP02-DEL07-MT"
778360;2026-06-13;"sábado";"12:10:00";"SC";116;267,7;"CAPAO ALTO";"Acessar a via sem observar a presença dos outros veículos";"Colisão transversal";"Com Vítimas Fatais";"Pleno dia";"Crescente";"Nublado";"Simples";"Reta;Interseção de Vias";"Não";5;2;0;0;1;2;0;4;-27,9563;-50,4842267;"SPRF-SC";"DEL05-SC";"UOP02-DEL05-SC"
778361;2026-06-13;"sábado";"12:37:00";"PR";277;585;"CASCAVEL";"Manobra de mudança de faixa";"Colisão lateral mesmo sentido";"Com Vítimas Feridas";"Pleno dia";"Decrescente";"Céu Claro";"Dupla";"Aclive;Reta";"Sim";6;0;3;0;2;3;3;5;-24,973973;-53,391397;"SPRF-PR";"DEL04-PR";"UOP01-DEL04-PR"
778364;2026-06-04;"quinta-feira";"01:40:00";"GO";364;262;"MINEIROS";"Ausência de reação do condutor";"Saída de leito carroçável";"Com Vítimas Feridas";"Plena Noite";"Crescente";"Céu Claro";"Simples";"Reta";"Não";1;0;0;1;0;0;1;1;-17,66848119;-52,2469197;"SPRF-GO";"DEL05-GO";"UOP01-DEL05-GO"
778377;2026-06-13;"sábado";"15:30:00";"MG";381;937,5;"EXTREMA";"Velocidade Incompatível";"Tombamento";"Com Vítimas Feridas";"Pleno dia";"Decrescente";"Nublado";"Múltipla";"Curva";"Não";1;0;1;0;0;0;1;1;-22,8119394;-46,2873488;"SPRF-MG";"DEL16-MG";"UOP03-DEL16-MG"
778382;2026-06-13;"sábado";"16:00:00";"PR";116;62;"CAMPINA GRANDE DO SUL";"Condutor Dormindo";"Colisão traseira";"Com Vítimas Feridas";"Pleno dia";"Crescente";"Céu Claro";"Dupla";"Reta";"Não";2;0;0;1;1;0;1;2;-25,28034486;-48,92651637;"SPRF-PR";"DEL01-PR";"UOP02-DEL01-PR"
778385;2026-06-13;"sábado";"14:00:00";"RJ";40;88;"PETROPOLIS";"Problema com o freio";"Saída de leito carroçável";"Sem Vítimas";"Pleno dia";"Crescente";"Céu Claro";"Dupla";"Reta";"Não";2;0;0;0;2;0;0;1;-22,5478;-43,23127333;"SPRF-RJ";"DEL01-RJ";"UOP01-DEL01-RJ"
778390;2026-06-13;"sábado";"14:11:00";"GO";364;239;"JATAI";"Condutor Dormindo";"Colisão lateral sentido oposto";"Com Vítimas Feridas";"Pleno dia";"Crescente";"Céu Claro";"Simples";"Reta";"Não";4;0;2;0;0;5;2;7;-17,784954;-52,077362;"SPRF-GO";"DEL05-GO";"UOP01-DEL05-GO"
778392;2026-06-13;"sábado";"16:00:00";"PR";476;180,3;"CONTENDA";"Condutor deixou de manter distância do veículo da frente";"Colisão traseira";"Com Vítimas Feridas";"Pleno dia";"Crescente";"Céu Claro";"Simples";"Reta";"Não";3;0;1;0;1;2;1;4;-25,70872384;-49,60052188;"SPRF-PR";"DEL01-PR";"UOP06-DEL01-PR"
778404;2026-06-13;"sábado";"13:40:00";"SP";116;127;"CACAPAVA";"Manobra de mudança de faixa";"Colisão lateral mesmo sentido";"Com Vítimas Feridas";"Pleno dia";"Decrescente";"Sol";"Dupla";"Curva;Declive";"Sim";5;0;2;0;2;1;2;3;-23,11029044;-45,70326447;"SPRF-SP";"DEL02-SP";"UOP02-DEL02-SP"
778405;2026-06-13;"sábado";"16:24:00";"MT";364;367;"SANTO ANTONIO DO LEVERGER";"Ausência de reação do condutor";"Colisão lateral mesmo sentido";"Com Vítimas Feridas";"Pleno dia";"Crescente";"Céu Claro";"Dupla";"Curva";"Não";5;0;1;0;3;1;1;3;-15,725114;-55,672352;"SPRF-MT";"DEL01-MT";"UOP02-DEL01-MT"
778406;2026-06-13;"sábado";"13:00:00";"AL";101;181,2;"JUNQUEIRO";"Reação tardia ou ineficiente do condutor";"Tombamento";"Com Vítimas Fatais";"Pleno dia";"Decrescente";"Nublado";"Dupla";"Declive;Curva";"Não";2;1;0;0;0;1;0;2;-9,896235;-36,405907;"SPRF-AL";"DEL02-AL";"UOP02-DEL02-AL"
778411;2026-06-13;"sábado";"16:00:00";"MG";381;156;"GOVERNADOR VALADARES";"Demais falhas na via";"Queda de ocupante de veículo";"Com Vítimas Feridas";"Pleno dia";"Crescente";"Nublado";"Simples";"Reta";"Não";2;0;1;0;1;0;1;1;-18,915489;-42,011366;"SPRF-MG";"DEL06-MG";"UOP01-DEL06-MG"
778415;2026-06-13;"sábado";"17:00:00";"PI";316;274,9;"DOM EXPEDITO LOPES";"Condutor Dormindo";"Tombamento";"Com Vítimas Feridas";"Anoitecer";"Decrescente";"Céu Claro";"Simples";"Aclive;Curva";"Não";2;0;0;1;0;1;1;2;-6,95141034;-41,72460906;"SPRF-PI";"DEL04-PI";"UOP01-DEL04-PI"
778418;2026-06-13;"sábado";"18:40:00";"GO";414;392,5;"CORUMBA DE GOIAS";"Pedestre andava na pista";"Atropelamento de Pedestre";"Com Vítimas Fatais";"Plena Noite";"Crescente";"Céu Claro";"Simples";"Reta";"Não";3;1;0;0;1;1;0;3;-15,913249;-48,803611;"SPRF-GO";"DEL02-GO";"UOP01-DEL02-GO"
778424;2026-06-13;"sábado";"19:35:00";"SC";101;144;"ITAPEMA";"Animais na Pista";"Atropelamento de Animal";"Com Vítimas Feridas";"Plena Noite";"Decrescente";"Céu Claro";"Dupla";"Reta";"Sim";2;0;1;0;1;0;1;2;-27,07868499;-48,59947857;"SPRF-SC";"DEL04-SC";"UOP03-DEL04-SC"
778425;2026-05-12;"terça-feira";"21:00:00";"SC";116;107,2;"MONTE CASTELO";"Velocidade Incompatível";"Saída de leito carroçável";"Com Vítimas Fatais";"Plena Noite";"Decrescente";"Nublado";"Simples";"Curva;Declive";"Não";1;1;0;0;0;0;0;1;-26,756555;-50,3291;"SPRF-SC";"DEL06-SC";"UOP02-DEL06-SC"
778440;2026-06-13;"sábado";"20:30:00";"MG";262;49;"MANHUACU";"Conversão proibida";"Colisão traseira";"Com Vítimas Feridas";"Plena Noite";"Decrescente";"Nublado";"Simples";"Reta";"Não";2;0;1;0;1;0;1;2;-20,242783;-42,135285;"SPRF-MG";"DEL06-MG";"UOP03-DEL06-MG"
778442;2026-04-15;"quarta-feira";"04:00:00";"PR";277;38;"MORRETES";"Velocidade Incompatível";"Tombamento";"Com Vítimas Feridas";"Plena Noite";"Decrescente";"Céu Claro";"Dupla";"Curva";"Não";3;0;0;1;1;5;1;7;-25,574583;-48,853855;"SPRF-PR";"DEL01-PR";"UOP05-DEL01-PR"
778445;2026-06-13;"sábado";"16:00:00";"MA";230;310;"SAO RAIMUNDO DAS MANGABEIRAS";"Ultrapassagem Indevida";"Tombamento";"Com Vítimas Feridas";"Pleno dia";"Decrescente";"Céu Claro";"Simples";"Reta";"Não";3;0;1;0;1;2;1;4;-7,003897;-45,450188;"SPRF-MA";"DEL05-MA";"UOP01-DEL05-MA"
778448;2026-06-13;"sábado";"20:40:00";"PR";163;148,4;"SANTA LUCIA";"Ausência de reação do condutor";"Colisão traseira";"Com Vítimas Feridas";"Plena Noite";"Decrescente";"Céu Claro";"Simples";"Reta;Em Obras;Viaduto;Declive";"Sim";4;0;1;0;2;2;1;4;-25,408976;-53,572052;"SPRF-PR";"DEL05-PR";"UOP05-DEL05-PR"
778455;2026-06-13;"sábado";"13:06:00";"BA";116;793;"VITORIA DA CONQUISTA";"Velocidade Incompatível";"Saída de leito carroçável";"Com Vítimas Feridas";"Pleno dia";"Decrescente";"Céu Claro";"Simples";"Reta;Aclive";"Não";5;0;4;0;0;1;4;2;-14,717305;-40,615247;"SPRF-BA";"DEL08-BA";"UOP02-DEL08-BA"
778456;2026-06-13;"sábado";"20:10:00";"SP";116;454;"REGISTRO";"Ausência de reação do condutor";"Colisão traseira";"Com Vítimas Feridas";"Anoitecer";"Decrescente";"Céu Claro";"Dupla";"Reta";"Não";2;0;0;1;1;0;1;2;-24,57295965;-47,88167886;"SPRF-SP";"DEL05-SP";"UOP01-DEL05-SP"
778466;2026-06-13;"sábado";"22:45:00";"PR";116;94;"SAO JOSE DOS PINHAIS";"Manobra de mudança de faixa";"Colisão lateral mesmo sentido";"Com Vítimas Feridas";"Plena Noite";"Decrescente";"Nublado";"Múltipla";"Reta";"Não";3;0;1;0;1;1;1;3;-25,52143164;-49,13523071;"SPRF-PR";"DEL01-PR";"UOP08-DEL01-PR"
778476;2026-06-14;"domingo";"00:10:00";"BA";242;815,7;"BARREIRAS";"Reação tardia ou ineficiente do condutor";"Tombamento";"Com Vítimas Fatais";"Plena Noite";"Crescente";"Céu Claro";"Simples";"Curva";"Não";2;1;0;0;0;2;0;3;-12,10379;-44,96559;"SPRF-BA";"DEL10-BA";"UOP01-DEL10-BA"
778490;2026-06-14;"domingo";"01:30:00";"PR";277;333;"GUARAPUAVA";"Ausência de reação do condutor";"Saída de leito carroçável";"Sem Vítimas";"Plena Noite";"Decrescente";"Céu Claro";"Simples";"Curva";"Não";2;0;0;0;1;1;0;2;-25,3678132;-51,3393494;"SPRF-PR";"DEL08-PR";"UOP01-DEL08-PR"
778491;2026-06-14;"domingo";"00:15:00";"MG";365;418;"PATOS DE MINAS";"Reação tardia ou ineficiente do condutor";"Colisão com objeto";"Com Vítimas Feridas";"Plena Noite";"Decrescente";"Chuva";"Simples";"Curva";"Não";2;0;1;0;0;1;1;2;-18,6834678;-46,57640934;"SPRF-MG";"DEL10-MG";"UOP01-DEL10-MG"
778492;2026-06-14;"domingo";"01:15:00";"SP";116;51;"LORENA";"Ausência de reação do condutor";"Atropelamento de Pedestre";"Com Vítimas Fatais";"Plena Noite";"Crescente";"Céu Claro";"Múltipla";"Reta";"Sim";2;1;0;0;0;1;0;2;-22,74262287;-45,09335708;"SPRF-SP";"DEL08-SP";"UOP02-DEL08-SP"
778493;2026-06-14;"domingo";"02:10:00";"GO";153;359;"JARAGUA";"Velocidade Incompatível";"Saída de leito carroçável";"Com Vítimas Feridas";"Plena Noite";"Decrescente";"Céu Claro";"Dupla";"Reta";"Sim";2;0;1;0;0;1;1;2;-15,7587248;-49,3142759;"SPRF-GO";"DEL02-GO";"UOP02-DEL02-GO"
778499;2026-06-14;"domingo";"02:15:00";"PR";476;139,3;"CURITIBA";"Ingestão de álcool pelo condutor";"Colisão lateral mesmo sentido";"Com Vítimas Feridas";"Plena Noite";"Crescente";"Nublado";"Dupla";"Aclive;Curva";"Sim";4;0;1;0;2;1;1;3;-25,51694384;-49,29152048;"SPRF-PR";"DEL01-PR";"UOP03-DEL01-PR"
778500;2026-06-14;"domingo";"00:30:00";"PR";376;307;"MAUA DA SERRA";"Ausência de reação do condutor";"Atropelamento de Pedestre";"Com Vítimas Fatais";"Plena Noite";"Decrescente";"Chuva";"Dupla";"Reta";"Não";3;1;0;0;2;0;0;2;-23,965579;-51,114015;"SPRF-PR";"DEL07-PR";"UOP02-DEL07-PR"
778516;2026-06-14;"domingo";"04:10:00";"PI";316;362;"CAMPO GRANDE DO PIAUI";"Ultrapassagem Indevida";"Colisão frontal";"Com Vítimas Fatais";"Amanhecer";"Crescente";"Céu Claro";"Simples";"Reta";"Não";3;1;0;0;1;1;0;3;-7,136038;-41,003902;"SPRF-PI";"DEL04-PI";"UOP03-DEL04-PI"
778520;2026-06-14;"domingo";"04:15:00";"PR";369;508;"CASCAVEL";"Transitar na contramão";"Colisão frontal";"Sem Vítimas";"Plena Noite";"Crescente";"Chuva";"Simples";"Curva";"Não";3;0;0;0;2;1;0;3;-24,96405;-53,40041;"SPRF-PR";"DEL04-PR";"UOP01-DEL04-PR"
778524;2026-06-14;"domingo";"05:15:00";"SC";101;22;"JOINVILLE";"Ingestão de álcool pelo condutor";"Colisão traseira";"Com Vítimas Feridas";"Plena Noite";"Decrescente";"Céu Claro";"Dupla";"Declive;Reta";"Não";3;0;1;0;1;1;1;3;-26,15808535;-48,90750345;"SPRF-SC";"DEL03-SC";"UOP01-DEL03-SC"
778527;2026-06-14;"domingo";"06:15:00";"PR";277;119;"CAMPO LARGO";"Ingestão de álcool pelo condutor";"Colisão lateral mesmo sentido";"Com Vítimas Feridas";"Pleno dia";"Decrescente";"Garoa/Chuvisco";"Dupla";"Declive";"Sim";7;0;3;0;2;2;3;5;-25,4434928;-49,4615576;"SPRF-PR";"DEL01-PR";"UOP07-DEL01-PR"
778532;2026-06-14;"domingo";"02:00:00";"MG";50;130;"UBERABA";"Reação tardia ou ineficiente do condutor";"Saída de leito carroçável";"Sem Vítimas";"Plena Noite";"Decrescente";"Chuva";"Dupla";"Aclive;Reta";"Não";1;0;0;0;1;0;0;1;-19,390966;-48,077113;"SPRF-MG";"DEL13-MG";"UOP01-DEL13-MG"
778548;2026-05-25;"segunda-feira";"09:25:00";"SC";282;624,2;"IRACEMINHA";"Ultrapassagem Indevida";"Colisão traseira";"Com Vítimas Feridas";"Pleno dia";"Decrescente";"Garoa/Chuvisco";"Simples";"Reta";"Não";5;0;1;0;3;1;1;4;-26,7986233;-53,3462083;"SPRF-SC";"DEL07-SC";"UOP02-DEL07-SC"
778563;2026-06-14;"domingo";"04:00:00";"AM";319;64;"CANUTAMA";"Pedestre - Ingestão de álcool/ substâncias psicoativas";"Atropelamento de Pedestre";"Com Vítimas Fatais";"Amanhecer";"Crescente";"Ignorado";"Simples";"Reta";"Não";2;1;0;0;0;1;0;2;-8,30449478;-63,93315126;"SPRF-AM";"DEL01-AM";"UOP04-DEL01-AM"
778574;2026-06-14;"domingo";"08:30:00";"PE";232;128,2;"CARUARU";"Frear bruscamente";"Colisão traseira";"Com Vítimas Feridas";"Pleno dia";"Crescente";"Garoa/Chuvisco";"Dupla";"Reta";"Sim";3;0;1;0;1;1;1;3;-8,3020773;-35,98023224;"SPRF-PE";"DEL02-PE";"UOP03-DEL02-PE"
778581;2026-06-14;"domingo";"07:00:00";"BA";242;367;"LENCOIS";"Reação tardia ou ineficiente do condutor";"Colisão com objeto";"Sem Vítimas";"Pleno dia";"Decrescente";"Céu Claro";"Simples";"Ponte;Reta";"Não";2;0;0;0;1;2;0;3;-12,468388;-41,441732;"SPRF-BA";"DEL06-BA";"UOP01-DEL06-BA"
778584;2026-06-13;"sábado";"23:30:00";"MA";135;266,1;"CAPINZAL DO NORTE";"Ausência de reação do condutor";"Saída de leito carroçável";"Com Vítimas Feridas";"Plena Noite";"Decrescente";"Céu Claro";"Simples";"Curva";"Sim";2;0;0;1;0;1;1;2;-4,712255;-44,329753;"SPRF-MA";"DEL03-MA";"UOP01-DEL03-MA"
778593;2026-06-14;"domingo";"12:08:00";"RJ";393;279;"BARRA DO PIRAI";"Reação tardia ou ineficiente do condutor";"Colisão transversal";"Sem Vítimas";"Pleno dia";"Crescente";"Céu Claro";"Simples";"Reta";"Sim";3;0;0;0;3;0;0;2;-22,477675;-44,0468117;"SPRF-RJ";"DEL05-RJ";"UOP04-DEL05-RJ"
778598;2026-06-14;"domingo";"10:20:00";"MG";251;362;"GRAO MOGOL";"Demais falhas mecânicas ou elétricas";"Incêndio";"Sem Vítimas";"Pleno dia";"Crescente";"Céu Claro";"Simples";"Aclive;Reta";"Não";2;0;0;0;1;1;0;2;-16,266834;-42,607674;"SPRF-MG";"DEL12-MG";"UOP02-DEL12-MG"
778599;2026-06-14;"domingo";"10:20:00";"RN";110;99,2;"UPANEMA";"Ultrapassagem Indevida";"Colisão com objeto";"Com Vítimas Feridas";"Pleno dia";"Decrescente";"Céu Claro";"Dupla";"Reta";"Sim";3;0;0;1;1;1;1;3;-5,64011611;-37,25925207;"SPRF-RN";"DEL04-RN";"UOP01-DEL04-RN"
778602;2026-06-14;"domingo";"12:00:00";"RO";364;66;"VILHENA";"Reação tardia ou ineficiente do condutor";"Tombamento";"Com Vítimas Fatais";"Pleno dia";"Crescente";"Céu Claro";"Simples";"Aclive;Reta";"Não";2;1;0;0;0;2;0;3;-12,5048217;-60,4739;"SPRF-RO";"DEL04-RO";"UOP01-DEL04-RO"
778603;2026-06-14;"domingo";"11:30:00";"PR";373;420,5;"FOZ DO JORDAO";"Ausência de reação do condutor";"Tombamento";"Com Vítimas Feridas";"Pleno dia";"Crescente";"Céu Claro";"Simples";"Curva";"Não";2;0;1;0;0;1;1;2;-25,699488;-52,166719;"SPRF-PR";"DEL08-PR";"UOP01-DEL08-PR"
778612;2026-06-14;"domingo";"16:00:00";"PR";163;159,4;"LINDOESTE";"Velocidade Incompatível";"Tombamento";"Sem Vítimas";"Pleno dia";"Decrescente";"Sol";"Dupla";"Curva;Declive";"Não";3;0;0;0;0;4;0;4;-25,317261;-53,591486;"SPRF-PR";"DEL05-PR";"UOP05-DEL05-PR"
778614;2026-06-02;"terça-feira";"20:52:00";"MG";153;142;"PRATA";"Carga excessiva e/ou mal acondicionada";"Incêndio";"Sem Vítimas";"Plena Noite";"Decrescente";"Céu Claro";"Simples";"Reta";"Não";2;0;0;0;1;2;0;3;-19,22115965;-48,93479348;"SPRF-MG";"DEL15-MG";"UOP03-DEL15-MG"
778622;2026-06-14;"domingo";"13:05:00";"RO";364;9;"VILHENA";"Acumulo de água sobre o pavimento";"Colisão frontal";"Com Vítimas Feridas";"Pleno dia";"Crescente";"Chuva";"Dupla";"Curva";"Sim";4;0;0;1;1;4;1;6;-12,76132998;-60,0982073;"SPRF-RO";"DEL04-RO";"UOP01-DEL04-RO"
778625;2026-06-14;"domingo";"16:36:00";"PE";104;64,2;"CARUARU";"Acessar a via sem observar a presença dos outros veículos";"Colisão lateral mesmo sentido";"Com Vítimas Feridas";"Pleno dia";"Decrescente";"Céu Claro";"Dupla";"Interseção de Vias";"Sim";4;0;1;0;2;1;1;4;-8,269893;-35,980227;"SPRF-PE";"DEL02-PE";"UOP01-DEL02-PE"
778627;2026-06-14;"domingo";"14:33:00";"MT";163;766;"SORRISO";"Ausência de reação do condutor";"Colisão traseira";"Com Vítimas Feridas";"Pleno dia";"Crescente";"Céu Claro";"Dupla";"Reta";"Não";4;0;1;0;2;2;1;4;-12,44176264;-55,65376639;"SPRF-MT";"DEL06-MT";"UOP01-DEL06-MT"
778629;2026-05-29;"sexta-feira";"21:10:00";"ES";101;182,1;"ARACRUZ";"Ausência de reação do condutor";"Colisão traseira";"Com Vítimas Fatais";"Plena Noite";"Decrescente";"Céu Claro";"Simples";"Reta";"Não";5;1;0;0;2;2;0;5;-19,64093084;-40,23272955;"SPRF-ES";"DEL04-ES";"UOP01-DEL04-ES"
778633;2026-06-14;"domingo";"16:43:00";"MA";316;140,6;"NOVA OLINDA DO MARANHAO";"Pista esburacada";"Tombamento";"Com Vítimas Feridas";"Pleno dia";"Crescente";"Céu Claro";"Simples";"Reta;Aclive";"Não";2;0;1;0;1;0;1;1;-2,770937;-45,71409;"SPRF-MA";"DEL02-MA";"UOP02-DEL02-MA"
778636;2026-06-14;"domingo";"10:30:00";"AM";174;913;"MANAUS";"Demais falhas mecânicas ou elétricas";"Incêndio";"Sem Vítimas";"Pleno dia";"Crescente";"Céu Claro";"Simples";"Reta";"Não";4;0;0;0;2;2;0;3;-2,72443166;-60,04656;"SPRF-AM";"DEL01-AM";"UOP01-DEL01-AM"
778641;2026-06-14;"domingo";"17:45:00";"BA";418;106;"NOVA VICOSA";"Velocidade Incompatível";"Saída de leito carroçável";"Com Vítimas Feridas";"Anoitecer";"Crescente";"Céu Claro";"Simples";"Reta";"Sim";2;0;1;0;0;1;1;2;-17,89772799;-40,02044678;"SPRF-BA";"DEL09-BA";"UOP02-DEL09-BA"
778644;2026-06-14;"domingo";"17:40:00";"GO";364;208;"JATAI";"Acostamento em desnível";"Saída de leito carroçável";"Com Vítimas Feridas";"Anoitecer";"Decrescente";"Garoa/Chuvisco";"Múltipla";"Curva";"Não";2;0;1;0;0;2;1;3;-17,87902477;-51,87380982;"SPRF-GO";"DEL05-GO";"UOP01-DEL05-GO"