"id";"data_inversa";"dia_semana";"horario";"uf";"br";"km";"municipio";"causa_acidente";"tipo_acidente";"classificacao_acidente";"fase_dia";"sentido_via";"condicao_metereologica";"tipo_pista";"tracado_via";"uso_solo";"pessoas";"mortos";"feridos_leves";"feridos_graves";"ilesos";"ignorados";"feridos";"veiculos";"latitude";"longitude";"regional";"delegacia";"uop"
778664;2026-06-13;"sábado";"11:00:00";"BA";116;615;"JAGUAQUARA";"Velocidade Incompatível";"Tombamento";"Com Vítimas Feridas";"Plena Noite";"Decrescente";"Céu Claro";"Simples";"Reta";"Não";2;0;1;0;0;1;1;2;-13,363626;-40,018154;"SPRF-BA";"DEL03-BA";"UOP02-DEL03-BA"
778684;2026-06-14;"domingo";"20:11:00";"MG";40;352,8;"FELIXLANDIA";"Acessar a via sem observar a presença dos outros veículos";"Colisão transversal";"Com Vítimas Feridas";"Plena Noite";"Crescente";"Céu Claro";"Simples";"Reta";"Não";3;0;1;0;1;1;1;3;-18,7283378;-44,9200658;"SPRF-MG";"DEL02-MG";"UOP01-DEL02-MG"
778687;2026-06-14;"domingo";"18:56:00";"MG";365;347,1;"VARJAO DE MINAS";"Ultrapassagem Indevida";"Colisão lateral sentido oposto";"Sem Vítimas";"Plena Noite";"Crescente";"Céu Claro";"Simples";"Curva";"Não";6;0;0;0;4;2;0;5;-18,40078;-46,05545;"SPRF-MG";"DEL10-MG";"UOP01-DEL10-MG"
778696;2026-06-14;"domingo";"19:15:00";"MS";163;475;"CAMPO GRANDE";"Ingestão de substâncias psicoativas pelo condutor";"Saída de leito carroçável";"Com Vítimas Feridas";"Plena Noite";"Crescente";"Nublado";"Simples";"Reta";"Sim";2;0;1;0;0;1;1;2;-20,51865;-54,56679;"SPRF-MS";"DEL01-MS";"UOP01-DEL01-MS"
778707;2026-06-14;"domingo";"19:50:00";"MA";316;469;"CODO";"Ausência de reação do condutor";"Capotamento";"Com Vítimas Feridas";"Plena Noite";"Decrescente";"Céu Claro";"Simples";"Reta";"Sim";3;0;1;0;1;1;1;3;-4,6953;-43,994884;"SPRF-MA";"DEL03-MA";"UOP02-DEL03-MA"
778713;2026-06-14;"domingo";"21:00:00";"SC";282;265;"SAO JOSE DO CERRITO";"Ingestão de álcool pelo condutor";"Colisão lateral sentido oposto";"Sem Vítimas";"Plena Noite";"Decrescente";"Céu Claro";"Simples";"Reta";"Não";2;0;0;0;2;0;0;2;-27,622042;-50,640022;"SPRF-SC";"DEL05-SC";"UOP02-DEL05-SC"
778722;2026-06-14;"domingo";"23:00:00";"PR";116;93;"SAO JOSE DOS PINHAIS";"Acessar a via sem observar a presença dos outros veículos";"Colisão transversal";"Com Vítimas Fatais";"Plena Noite";"Decrescente";"Garoa/Chuvisco";"Múltipla";"Reta";"Sim";3;1;0;0;0;2;0;3;-25,516;-49,132;"SPRF-PR";"DEL01-PR";"UOP08-DEL01-PR"
778723;2026-06-14;"domingo";"21:30:00";"BA";116;729;"BOA NOVA";"Manobra de mudança de faixa";"Colisão lateral sentido oposto";"Com Vítimas Fatais";"Plena Noite";"Crescente";"Céu Claro";"Simples";"Reta";"Não";4;1;1;0;1;3;1;6;-14,3049517;-40,3187683;"SPRF-BA";"DEL08-BA";"UOP02-DEL08-BA"
778727;2026-06-15;"segunda-feira";"01:00:00";"MG";381;357;"SAO GONCALO DO RIO ABAIXO";"Reação tardia ou ineficiente do condutor";"Tombamento";"Com Vítimas Feridas";"Plena Noite";"Crescente";"Céu Claro";"Simples";"Curva";"Não";1;0;1;0;0;0;1;1;-19,85515921;-43,22403431;"SPRF-MG";"DEL03-MG";"UOP01-DEL03-MG"
778728;2026-06-14;"domingo";"16:45:00";"PR";476;243;"LAPA";"Reação tardia ou ineficiente do condutor";"Capotamento";"Com Vítimas Feridas";"Pleno dia";"Decrescente";"Céu Claro";"Simples";"Curva";"Não";2;0;1;0;0;1;1;2;-25,8584702;-49,96293377;"SPRF-PR";"DEL02-PR";"UOP03-DEL02-PR"
778734;2026-06-15;"segunda-feira";"01:50:00";"MG";116;101;"MEDINA";"Velocidade Incompatível";"Tombamento";"Com Vítimas Feridas";"Plena Noite";"Crescente";"Céu Claro";"Simples";"Curva";"Não";2;0;1;0;0;2;1;3;-16,43926;-41,49919;"SPRF-MG";"DEL11-MG";"UOP02-DEL11-MG"
778753;2026-06-15;"segunda-feira";"06:50:00";"SC";280;45,9;"GUARAMIRIM";"Velocidade Incompatível";"Tombamento";"Com Vítimas Feridas";"Pleno dia";"Decrescente";"Garoa/Chuvisco";"Simples";"Curva;Em Obras;Desvio Temporário";"Não";2;0;1;0;0;1;1;2;-26,4554175;-48,9076054;"SPRF-SC";"DEL03-SC";"UOP03-DEL03-SC"
778754;2026-06-15;"segunda-feira";"07:00:00";"SP";116;200;"ARUJA";"Ausência de reação do condutor";"Colisão traseira";"Com Vítimas Feridas";"Pleno dia";"Crescente";"Chuva";"Dupla";"Declive";"Não";5;0;2;0;2;1;2;3;-23,402718;-46,322728;"SPRF-SP";"DEL01-SP";"UOP01-DEL01-SP"
778758;2026-06-15;"segunda-feira";"03:30:00";"SP";116;350;"MIRACATU";"Problema com o freio";"Derramamento de carga";"Sem Vítimas";"Plena Noite";"Crescente";"Garoa/Chuvisco";"Dupla";"Declive;Curva";"Não";2;0;0;0;1;2;0;3;-24,06144458;-47,22594816;"SPRF-SP";"DEL04-SP";"UOP03-DEL04-SP"
778767;2026-06-15;"segunda-feira";"06:20:00";"MG";459;89,4;"CONGONHAL";"Ausência de reação do condutor";"Colisão frontal";"Com Vítimas Feridas";"Pleno dia";"Decrescente";"Chuva";"Simples";"Reta";"Sim";4;0;3;0;1;0;3;2;-22,149858;-46,025808;"SPRF-MG";"DEL09-MG";"UOP01-DEL09-MG"
778769;2026-06-15;"segunda-feira";"05:37:00";"RO";364;515;"ARIQUEMES";"Ausência de reação do condutor";"Colisão traseira";"Com Vítimas Feridas";"Plena Noite";"Crescente";"Ignorado";"Simples";"Reta;Aclive";"Não";3;0;1;1;1;0;2;3;-9,918238;-63,055253;"SPRF-RO";"DEL03-RO";"UOP01-DEL03-RO"
778772;2026-06-15;"segunda-feira";"07:32:00";"RS";116;257,5;"ESTEIO";"Manobra de mudança de faixa";"Colisão lateral mesmo sentido";"Sem Vítimas";"Pleno dia";"Crescente";"Nublado";"Dupla";"Reta";"Sim";2;0;0;0;2;0;0;2;-29,8534704;-51,1802751;"SPRF-RS";"DEL01-RS";"UOP02-DEL01-RS"
778779;2026-06-15;"segunda-feira";"07:25:00";"RS";153;621;"HULHA NEGRA";"Transitar na contramão";"Colisão frontal";"Com Vítimas Fatais";"Pleno dia";"Crescente";"Céu Claro";"Simples";"Reta";"Não";6;1;2;0;2;1;2;3;-31,323855;-53,971293;"SPRF-RS";"DEL11-RS";"UOP03-DEL11-RS"
778783;2026-06-15;"segunda-feira";"09:20:00";"PB";230;28;"JOAO PESSOA";"Manobra de mudança de faixa";"Colisão lateral mesmo sentido";"Sem Vítimas";"Pleno dia";"Crescente";"Céu Claro";"Dupla";"Reta";"Sim";2;0;0;0;2;0;0;2;-7,162691;-34,902385;"SPRF-PB";"DEL01-PB";"UOP01-DEL01-PB"
778787;2026-06-15;"segunda-feira";"09:15:00";"MG";381;280;"JAGUARACU";"Ausência de reação do condutor";"Colisão traseira";"Com Vítimas Feridas";"Pleno dia";"Decrescente";"Céu Claro";"Simples";"Reta;Em Obras;Desvio Temporário";"Não";5;0;2;0;2;2;2;4;-19,61166478;-42,76768327;"SPRF-MG";"DEL03-MG";"UOP02-DEL03-MG"
778792;2026-06-15;"segunda-feira";"10:20:00";"MA";135;9,7;"SAO LUIS";"Condutor deixou de manter distância do veículo da frente";"Colisão traseira";"Com Vítimas Feridas";"Pleno dia";"Decrescente";"Céu Claro";"Dupla";"Reta";"Não";2;0;0;1;0;1;1;2;-2,68803925;-44,29970173;"SPRF-MA";"DEL01-MA";"UOP01-DEL01-MA"
778793;2026-06-15;"segunda-feira";"07:20:00";"MG";116;665,2;"SAO FRANCISCO DO GLORIA";"Velocidade Incompatível";"Tombamento";"Com Vítimas Feridas";"Pleno dia";"Crescente";"Céu Claro";"Simples";"Curva";"Não";3;0;1;0;1;1;1;3;-20,83441;-42,32217;"SPRF-MG";"DEL07-MG";"UOP02-DEL07-MG"
778794;2026-06-15;"segunda-feira";"10:20:00";"ES";101;342,5;"GUARAPARI";"Condutor deixou de manter distância do veículo da frente";"Colisão traseira";"Com Vítimas Feridas";"Pleno dia";"Decrescente";"Céu Claro";"Dupla";"Aclive;Reta";"Não";3;0;0;1;1;1;1;3;-20,65935581;-40,58688037;"SPRF-ES";"DEL03-ES";"UOP01-DEL03-ES"
778799;2026-06-15;"segunda-feira";"07:45:00";"MT";163;930;"ITAUBA";"Condutor deixou de manter distância do veículo da frente";"Engavetamento";"Com Vítimas Feridas";"Pleno dia";"Crescente";"Céu Claro";"Simples";"Reta;Ponte";"Não";5;0;1;1;1;4;2;7;-11,05703525;-55,27258728;"SPRF-MT";"DEL06-MT";"UOP02-DEL06-MT"
778806;2026-06-15;"segunda-feira";"10:50:00";"PR";116;125;"FAZENDA RIO GRANDE";"Reação tardia ou ineficiente do condutor";"Colisão traseira";"Com Vítimas Feridas";"Pleno dia";"Decrescente";"Garoa/Chuvisco";"Múltipla";"Reta";"Sim";5;0;0;1;3;2;1;4;-25,637795;-49,312957;"SPRF-PR";"DEL01-PR";"UOP03-DEL01-PR"
778812;2026-06-15;"segunda-feira";"11:25:00";"MG";116;311;"ITAMBACURI";"Reação tardia ou ineficiente do condutor";"Saída de leito carroçável";"Com Vítimas Feridas";"Pleno dia";"Decrescente";"Céu Claro";"Simples";"Reta";"Não";2;0;2;0;0;0;2;2;-18,18944125;-41,71200871;"SPRF-MG";"DEL11-MG";"UOP01-DEL11-MG"
778814;2026-06-15;"segunda-feira";"11:15:00";"MG";40;562,2;"NOVA LIMA";"Demais falhas mecânicas ou elétricas";"Incêndio";"Sem Vítimas";"Pleno dia";"Crescente";"Sol";"Dupla";"Reta";"Não";1;0;0;0;1;0;0;1;-20,14232036;-43,96066031;"SPRF-MG";"DEL01-MG";"UOP02-DEL01-MG"
778817;2026-06-15;"segunda-feira";"12:00:00";"MG";381;414,6;"CAETE";"Desrespeitar a preferência no cruzamento";"Colisão transversal";"Com Vítimas Feridas";"Pleno dia";"Decrescente";"Sol";"Simples";"Interseção de Vias;Reta";"Sim";4;0;3;0;1;0;3;2;-19,757653;-43,633869;"SPRF-MG";"DEL01-MG";"UOP01-DEL01-MG"
778818;2026-06-15;"segunda-feira";"12:17:00";"RJ";116;194;"NOVA IGUACU";"Condutor deixou de manter distância do veículo da frente";"Colisão traseira";"Com Vítimas Feridas";"Pleno dia";"Decrescente";"Nublado";"Dupla";"Reta";"Não";5;0;1;0;3;1;1;3;-22,737393;-43,53686;"SPRF-RJ";"DEL06-RJ";"UOP01-DEL06-RJ"
778820;2026-06-15;"segunda-feira";"11:45:00";"RS";386;393,3;"TRIUNFO";"Condutor Dormindo";"Colisão frontal";"Com Vítimas Feridas";"Pleno dia";"Decrescente";"Sol";"Dupla";"Curva";"Não";9;0;2;0;6;1;2;5;-29,714047;-51,647885;"SPRF-RS";"DEL04-RS";"UOP02-DEL04-RS"
778821;2026-06-15;"segunda-feira";"12:00:00";"MG";50;83;"UBERLANDIA";"Manobra de mudança de faixa";"Colisão traseira";"Com Vítimas Feridas";"Pleno dia";"Crescente";"Céu Claro";"Dupla";"Aclive;Reta";"Não";5;0;2;0;2;4;2;7;-18,99063616;-48,21132946;"SPRF-MG";"DEL15-MG";"UOP01-DEL15-MG"
778824;2026-06-15;"segunda-feira";"11:50:00";"SP";116;516;"CAJATI";"Reação tardia ou ineficiente do condutor";"Colisão com objeto";"Com Vítimas Feridas";"Pleno dia";"Decrescente";"Garoa/Chuvisco";"Simples";"Declive;Curva";"Não";1;0;1;0;0;0;1;1;-24,87545033;-48,20935696;"SPRF-SP";"DEL05-SP";"UOP02-DEL05-SP"
778826;2026-06-15;"segunda-feira";"11:45:00";"MG";40;672,7;"CARANDAI";"Ausência de reação do condutor";"Colisão traseira";"Com Vítimas Feridas";"Pleno dia";"Crescente";"Sol";"Simples";"Reta";"Não";3;0;1;0;1;1;1;3;-20,9831166;-43,78112166;"SPRF-MG";"DEL05-MG";"UOP02-DEL05-MG"
778831;2026-06-15;"segunda-feira";"14:30:00";"MG";116;699,7;"MURIAE";"Acessar a via sem observar a presença dos outros veículos";"Colisão transversal";"Com Vítimas Feridas";"Pleno dia";"Crescente";"Nublado";"Simples";"Reta";"Não";2;0;1;0;1;0;1;2;-21,09470198;-42,37369904;"SPRF-MG";"DEL07-MG";"UOP02-DEL07-MG"
778832;2026-05-26;"terça-feira";"10:48:00";"SP";116;465;"PARIQUERA-ACU";"Mal súbito do condutor";"Saída de leito carroçável";"Com Vítimas Feridas";"Pleno dia";"Crescente";"Céu Claro";"Dupla";"Curva";"Não";2;0;1;0;0;1;1;2;-24,64770768;-47,92385928;"SPRF-SP";"DEL05-SP";"UOP01-DEL05-SP"
778833;2026-06-15;"segunda-feira";"13:57:00";"ES";101;226,5;"IBIRACU";"Reação tardia ou ineficiente do condutor";"Saída de leito carroçável";"Com Vítimas Feridas";"Pleno dia";"Decrescente";"Céu Claro";"Simples";"Reta";"Não";4;0;1;0;2;1;1;3;-19,87471588;-40,41390387;"SPRF-ES";"DEL02-ES";"UOP01-DEL02-ES"
778834;2026-06-15;"segunda-feira";"11:30:00";"AL";316;74;"POCO DAS TRINCHEIRAS";"Ausência de reação do condutor";"Colisão traseira";"Com Vítimas Feridas";"Pleno dia";"Decrescente";"Nublado";"Simples";"Reta";"Não";6;0;0;3;2;1;3;2;-9,317107;-37,31643677;"SPRF-AL";"DEL03-AL";"UOP02-DEL03-AL"
778837;2026-06-15;"segunda-feira";"09:00:00";"PR";153;164;"VENTANIA";"Reação tardia ou ineficiente do condutor";"Colisão traseira";"Com Vítimas Feridas";"Pleno dia";"Decrescente";"Céu Claro";"Simples";"Reta";"Não";2;0;1;0;1;0;1;2;-24,25778157;-50,2489268;"SPRF-PR";"DEL03-PR";"UOP02-DEL03-PR"
778842;2026-06-15;"segunda-feira";"15:20:00";"BA";324;610;"SIMOES FILHO";"Ingestão de álcool pelo condutor";"Colisão com objeto";"Com Vítimas Feridas";"Pleno dia";"Crescente";"Sol";"Dupla";"Reta";"Sim";3;0;1;0;1;2;1;4;-12,82658836;-38,40998074;"SPRF-BA";"DEL01-BA";"UOP01-DEL01-BA"
778843;2026-06-15;"segunda-feira";"15:20:00";"SC";101;122;"ITAJAI";"Velocidade Incompatível";"Colisão transversal";"Com Vítimas Feridas";"Pleno dia";"Crescente";"Nublado";"Dupla";"Reta";"Sim";2;0;1;0;1;0;1;2;-26,933495;-48,701587;"SPRF-SC";"DEL04-SC";"UOP04-DEL04-SC"
778850;2026-06-15;"segunda-feira";"15:40:00";"PR";376;394;"TIBAGI";"Manobra de mudança de faixa";"Colisão lateral mesmo sentido";"Sem Vítimas";"Pleno dia";"Crescente";"Nublado";"Dupla";"Curva";"Não";14;0;0;0;14;0;0;2;-24,539326;-50,694413;"SPRF-PR";"DEL03-PR";"UOP02-DEL03-PR"
778852;2026-06-15;"segunda-feira";"14:30:00";"RJ";393;257,9;"BARRA DO PIRAI";"Velocidade Incompatível";"Tombamento";"Com Vítimas Feridas";"Pleno dia";"Crescente";"Céu Claro";"Simples";"Aclive;Curva";"Não";2;0;1;0;0;1;1;2;-22,4666433;-43,857875;"SPRF-RJ";"DEL05-RJ";"UOP04-DEL05-RJ"
778853;2026-05-20;"quarta-feira";"18:20:00";"PR";376;519;"PONTA GROSSA";"Ausência de reação do condutor";"Colisão traseira";"Com Vítimas Feridas";"Plena Noite";"Crescente";"Céu Claro";"Dupla";"Aclive;Reta";"Não";3;0;1;0;1;2;1;4;-25,270031;-49,938105;"SPRF-PR";"DEL03-PR";"UOP03-DEL03-PR"
778856;2026-06-15;"segunda-feira";"17:00:00";"ES";101;320;"GUARAPARI";"Manobra de mudança de faixa";"Colisão lateral mesmo sentido";"Sem Vítimas";"Anoitecer";"Crescente";"Garoa/Chuvisco";"Dupla";"Reta";"Não";5;0;0;0;4;1;0;4;-20,5190866;-40,4787867;"SPRF-ES";"DEL03-ES";"UOP01-DEL03-ES"
778857;2026-06-15;"segunda-feira";"13:30:00";"RO";364;460,6;"ARIQUEMES";"Velocidade Incompatível";"Tombamento";"Com Vítimas Feridas";"Pleno dia";"Crescente";"Sol";"Simples";"Reta";"Sim";1;0;1;0;0;0;1;1;-10,246572;-62,732065;"SPRF-RO";"DEL03-RO";"UOP02-DEL03-RO"
778862;2026-06-15;"segunda-feira";"10:00:00";"GO";60;110;"GOIANAPOLIS";"Demais falhas mecânicas ou elétricas";"Incêndio";"Sem Vítimas";"Pleno dia";"Decrescente";"Céu Claro";"Dupla";"Reta";"Não";2;0;0;0;1;3;0;4;-16,57466788;-49,15964975;"SPRF-GO";"DEL01-GO";"UOP01-DEL01-GO"
778863;2026-06-15;"segunda-feira";"17:10:00";"PR";277;456,3;"LARANJEIRAS DO SUL";"Transitar na contramão";"Colisão frontal";"Com Vítimas Fatais";"Pleno dia";"Decrescente";"Céu Claro";"Simples";"Reta";"Sim";5;3;0;0;1;1;0;3;-25,38002;-52,39954;"SPRF-PR";"DEL04-PR";"UOP02-DEL04-PR"
778864;2026-06-15;"segunda-feira";"14:20:00";"RJ";101;433;"MANGARATIBA";"Ausência de reação do condutor";"Saída de leito carroçável";"Sem Vítimas";"Pleno dia";"Decrescente";"Chuva";"Simples";"Curva";"Não";2;0;0;0;2;0;0;1;-22,91704369;-43,93064324;"SPRF-RJ";"DEL03-RJ";"UOP02-DEL03-RJ"
778865;2026-06-15;"segunda-feira";"17:00:00";"PR";376;248,9;"APUCARANA";"Acessar a via sem observar a presença dos outros veículos";"Atropelamento de Pedestre";"Com Vítimas Feridas";"Pleno dia";"Decrescente";"Céu Claro";"Dupla";"Declive;Reta";"Não";2;0;0;1;1;0;1;2;-23,61395;-51,39695;"SPRF-PR";"DEL07-PR";"UOP03-DEL07-PR"
778866;2026-06-15;"segunda-feira";"15:10:00";"BA";420;348,5;"JAGUAQUARA";"Manobra de mudança de faixa";"Colisão frontal";"Com Vítimas Feridas";"Pleno dia";"Crescente";"Sol";"Simples";"Declive;Reta";"Não";2;0;1;0;1;0;1;2;-13,50288;-40,02398;"SPRF-BA";"DEL03-BA";"UOP01-DEL03-BA"
778869;2026-06-15;"segunda-feira";"16:20:00";"SC";280;267,7;"IRINEOPOLIS";"Ausência de reação do condutor";"Colisão traseira";"Com Vítimas Feridas";"Pleno dia";"Decrescente";"Nublado";"Simples";"Reta";"Sim";7;0;4;0;2;2;4;5;-26,2644204;-50,7078554;"SPRF-SC";"DEL06-SC";"UOP04-DEL06-SC"
778870;2026-06-15;"segunda-feira";"16:50:00";"SP";116;545;"BARRA DO TURVO";"Reação tardia ou ineficiente do condutor";"Eventos atípicos";"Com Vítimas Feridas";"Anoitecer";"Crescente";"Chuva";"Múltipla";"Declive;Curva";"Não";2;0;1;0;0;1;1;2;-24,94796643;-48,42403159;"SPRF-SP";"DEL05-SP";"UOP02-DEL05-SP"
778871;2026-05-28;"quinta-feira";"13:30:00";"MS";163;757,6;"COXIM";"Reação tardia ou ineficiente do condutor";"Engavetamento";"Com Vítimas Fatais";"Pleno dia";"Decrescente";"Céu Claro";"Simples";"Em Obras;Reta;Aclive";"Não";5;2;0;1;1;4;1;7;-18,272226;-54,667138;"SPRF-MS";"DEL06-MS";"UOP01-DEL06-MS"
778873;2026-06-05;"sexta-feira";"13:45:00";"ES";101;66,9;"SAO MATEUS";"Manobra de mudança de faixa";"Colisão lateral mesmo sentido";"Com Vítimas Feridas";"Pleno dia";"Crescente";"Nublado";"Dupla";"Interseção de Vias";"Não";2;0;1;0;1;0;1;2;-18,71994719;-39,86665813;"SPRF-ES";"DEL04-ES";"UOP02-DEL04-ES"
778875;2026-06-15;"segunda-feira";"13:00:00";"RO";364;649;"CANDEIAS DO JAMARI";"Reação tardia ou ineficiente do condutor";"Saída de leito carroçável";"Com Vítimas Feridas";"Pleno dia";"Decrescente";"Céu Claro";"Simples";"Aclive";"Não";2;0;1;0;0;2;1;3;-8,93713994;-63,43182233;"SPRF-RO";"DEL01-RO";"UOP04-DEL01-RO"
778880;2026-06-15;"segunda-feira";"17:50:00";"MG";40;469,5;"SETE LAGOAS";"Reação tardia ou ineficiente do condutor";"Saída de leito carroçável";"Com Vítimas Feridas";"Anoitecer";"Decrescente";"Céu Claro";"Dupla";"Reta;Em Obras;Declive";"Sim";1;0;0;1;0;0;1;1;-19,46166;-44,29968;"SPRF-MG";"DEL02-MG";"UOP01-DEL02-MG"
778888;2026-06-15;"segunda-feira";"18:50:00";"RS";287;247;"SANTA MARIA";"Manobra de mudança de faixa";"Colisão lateral mesmo sentido";"Com Vítimas Feridas";"Plena Noite";"Crescente";"Céu Claro";"Dupla";"Reta";"Não";2;0;1;0;1;0;1;2;-29,69774984;-53,8460633;"SPRF-RS";"DEL09-RS";"UOP01-DEL09-RS"
778899;2026-06-15;"segunda-feira";"19:10:00";"RS";158;217,9;"CRUZ ALTA";"Demais falhas mecânicas ou elétricas";"Colisão com objeto";"Sem Vítimas";"Plena Noite";"Decrescente";"Céu Claro";"Simples";"Reta";"Não";5;0;0;0;5;0;0;2;-28,84298208;-53,61225128;"SPRF-RS";"DEL10-RS";"UOP02-DEL10-RS"
778909;2026-06-15;"segunda-feira";"16:35:00";"SC";153;64;"IRANI";"Neblina";"Colisão transversal";"Com Vítimas Feridas";"Plena Noite";"Decrescente";"Nevoeiro/Neblina";"Simples";"Curva";"Sim";2;0;1;0;1;0;1;2;-27,01094633;-51,87651722;"SPRF-SC";"DEL07-SC";"UOP04-DEL07-SC"
778913;2026-06-15;"segunda-feira";"07:30:00";"BA";110;141;"CICERO DANTAS";"Mal súbito do condutor";"Colisão com objeto";"Com Vítimas Feridas";"Pleno dia";"Crescente";"Céu Claro";"Simples";"Reta";"Sim";3;0;2;0;1;0;2;2;-10,592067;-38,373097;"SPRF-BA";"DEL07-BA";"UOP02-DEL07-BA"
778915;2026-06-15;"segunda-feira";"19:00:00";"ES";101;403,6;"ITAPEMIRIM";"Acostamento em desnível";"Colisão com objeto";"Sem Vítimas";"Plena Noite";"Crescente";"Nublado";"Simples";"Reta";"Não";2;0;0;0;1;1;0;2;-20,8899759;-40,995749;"SPRF-ES";"DEL03-ES";"UOP02-DEL03-ES"
778916;2026-06-15;"segunda-feira";"20:30:00";"SC";116;221;"CORREIA PINTO";"Mal súbito do condutor";"Colisão frontal";"Com Vítimas Feridas";"Plena Noite";"Decrescente";"Céu Claro";"Simples";"Curva;Declive";"Sim";3;0;0;1;1;2;1;4;-27,59423574;-50,35919833;"SPRF-SC";"DEL05-SC";"UOP03-DEL05-SC"
778917;2026-06-15;"segunda-feira";"20:20:00";"PR";376;261,4;"CALIFORNIA";"Velocidade Incompatível";"Colisão com objeto";"Com Vítimas Feridas";"Plena Noite";"Crescente";"Nublado";"Dupla";"Declive;Curva";"Não";3;0;0;2;0;2;2;4;-23,69957;-51,33493;"SPRF-PR";"DEL07-PR";"UOP03-DEL07-PR"
778924;2026-06-15;"segunda-feira";"19:40:00";"MS";163;426;"CAMPO GRANDE";"Ausência de reação do condutor";"Saída de leito carroçável";"Com Vítimas Feridas";"Plena Noite";"Crescente";"Céu Claro";"Simples";"Reta;Em Obras";"Não";2;0;1;0;1;0;1;1;-20,934801;-54,499245;"SPRF-MS";"DEL01-MS";"UOP01-DEL01-MS"
778929;2026-06-15;"segunda-feira";"18:50:00";"BA";407;162;"FILADELFIA";"Transitar na contramão";"Colisão lateral sentido oposto";"Com Vítimas Feridas";"Plena Noite";"Crescente";"Céu Claro";"Simples";"Reta";"Não";3;0;0;2;0;1;2;3;-10,77089;-40,11901;"SPRF-BA";"DEL04-BA";"UOP01-DEL04-BA"
778932;2026-06-15;"segunda-feira";"18:00:00";"MA";222;320;"VITORIA DO MEARIM";"Demais falhas na via";"Colisão com objeto";"Sem Vítimas";"Anoitecer";"Decrescente";"Céu Claro";"Simples";"Aclive;Reta";"Não";2;0;0;0;1;3;0;4;-3,570816;-44,9497642;"SPRF-MA";"DEL02-MA";"UOP01-DEL02-MA"
778933;2026-06-15;"segunda-feira";"19:00:00";"SC";282;356,8;"CAMPOS NOVOS";"Transitar na contramão";"Colisão frontal";"Com Vítimas Fatais";"Plena Noite";"Crescente";"Nublado";"Simples";"Reta;Aclive";"Não";3;1;0;1;1;0;1;2;-27,342;-51,3408;"SPRF-SC";"DEL07-SC";"UOP05-DEL07-SC"
778934;2026-06-15;"segunda-feira";"22:30:00";"PR";277;476,6;"NOVA LARANJEIRAS";"Pedestre - Ingestão de álcool/ substâncias psicoativas";"Atropelamento de Pedestre";"Com Vítimas Fatais";"Plena Noite";"Decrescente";"Nevoeiro/Neblina";"Simples";"Curva";"Não";4;2;0;1;0;1;1;2;-25,3065308;-52,5531865;"SPRF-PR";"DEL04-PR";"UOP02-DEL04-PR"
778936;2026-06-16;"terça-feira";"00:09:00";"DF";40;0;"BRASILIA";"Condutor Dormindo";"Colisão traseira";"Com Vítimas Fatais";"Plena Noite";"Crescente";"Nublado";"Dupla";"Reta";"Sim";3;1;0;0;1;2;0;4;-15,97696633;-47,98999786;"SPRF-DF";"DEL01-DF";"UOP01-DEL01-DF"
778937;2026-06-15;"segunda-feira";"19:35:00";"RO";364;10;"VILHENA";"Ingestão de álcool pelo condutor";"Saída de leito carroçável";"Com Vítimas Feridas";"Plena Noite";"Crescente";"Nublado";"Simples";"Reta";"Sim";5;0;2;1;1;3;3;6;-12,746937;-60,112748;"SPRF-RO";"DEL04-RO";"UOP01-DEL04-RO"
778939;2026-06-15;"segunda-feira";"22:25:00";"MG";262;582,7;"CAMPOS ALTOS";"Carga excessiva e/ou mal acondicionada";"Derramamento de carga";"Sem Vítimas";"Plena Noite";"Decrescente";"Céu Claro";"Simples";"Curva";"Não";2;0;0;0;1;1;0;2;-19,667107;-46,166336;"SPRF-MG";"DEL08-MG";"UOP02-DEL08-MG"
778944;2026-06-16;"terça-feira";"01:50:00";"MG";381;860,2;"POUSO ALEGRE";"Ausência de reação do condutor";"Saída de leito carroçável";"Com Vítimas Fatais";"Plena Noite";"Crescente";"Chuva";"Dupla";"Reta";"Não";30;1;1;1;26;1;2;3;-22,32383119;-45,90932742;"SPRF-MG";"DEL16-MG";"UOP01-DEL16-MG"
778947;2026-06-16;"terça-feira";"04:20:00";"BA";116;701,9;"JEQUIE";"Ausência de reação do condutor";"Tombamento";"Com Vítimas Feridas";"Plena Noite";"Decrescente";"Céu Claro";"Simples";"Curva";"Não";2;0;1;0;0;2;1;3;-14,08633377;-40,21457132;"SPRF-BA";"DEL03-BA";"UOP01-DEL03-BA"
778950;2026-06-16;"terça-feira";"06:10:00";"RJ";40;111;"DUQUE DE CAXIAS";"Ausência de reação do condutor";"Colisão traseira";"Sem Vítimas";"Pleno dia";"Crescente";"Chuva";"Múltipla";"Reta";"Sim";2;0;0;0;0;2;0;2;-22,68451;-43,2854;"SPRF-RJ";"DEL01-RJ";"UOP02-DEL01-RJ"
778954;2026-06-16;"terça-feira";"05:30:00";"MT";163;881;"CLAUDIA";"Falta de acostamento";"Colisão traseira";"Com Vítimas Feridas";"Amanhecer";"Crescente";"Céu Claro";"Simples";"Reta";"Não";3;0;1;0;1;1;1;3;-11,26017884;-55,31153297;"SPRF-MT";"DEL06-MT";"UOP02-DEL06-MT"
778959;2026-06-16;"terça-feira";"05:30:00";"RS";153;47;"ERECHIM";"Animais na Pista";"Saída de leito carroçável";"Sem Vítimas";"Amanhecer";"Crescente";"Nevoeiro/Neblina";"Simples";"Rotatória";"Não";2;0;0;0;1;1;0;2;-27,6430468;-52,2450377;"SPRF-RS";"DEL08-RS";"UOP04-DEL08-RS"