"id";"data_inversa";"dia_semana";"horario";"uf";"br";"km";"municipio";"causa_acidente";"tipo_acidente";"classificacao_acidente";"fase_dia";"sentido_via";"condicao_metereologica";"tipo_pista";"tracado_via";"uso_solo";"pessoas";"mortos";"feridos_leves";"feridos_graves";"ilesos";"ignorados";"feridos";"veiculos";"latitude";"longitude";"regional";"delegacia";"uop"
779192;2026-06-12;"sexta-feira";"19:05:00";"PR";277;495,7;"NOVA LARANJEIRAS";"Ingestão de álcool pelo condutor";"Colisão lateral sentido oposto";"Com Vítimas Feridas";"Plena Noite";"Crescente";"Céu Claro";"Simples";"Reta";"Não";4;0;1;0;2;2;1;4;-25,20136155;-52,65430152;"SPRF-PR";"DEL04-PR";"UOP04-DEL04-PR"
779197;2026-06-17;"quarta-feira";"08:00:00";"PR";376;652;"TIJUCAS DO SUL";"Reação tardia ou ineficiente do condutor";"Colisão lateral mesmo sentido";"Com Vítimas Fatais";"Pleno dia";"Decrescente";"Céu Claro";"Simples";"Reta;Aclive";"Não";3;1;1;0;1;0;1;3;-25,84241;-49,05589;"SPRF-PR";"DEL01-PR";"UOP04-DEL01-PR"
779204;2026-06-17;"quarta-feira";"08:50:00";"PR";376;604;"CURITIBA";"Manobra de mudança de faixa";"Queda de ocupante de veículo";"Com Vítimas Feridas";"Pleno dia";"Crescente";"Céu Claro";"Dupla";"Reta";"Sim";3;0;1;0;0;2;1;3;-25,53405277;-49,31814043;"SPRF-PR";"DEL01-PR";"UOP03-DEL01-PR"
779205;2026-06-17;"quarta-feira";"06:21:00";"MG";381;630,7;"OLIVEIRA";"Reação tardia ou ineficiente do condutor";"Colisão traseira";"Com Vítimas Feridas";"Amanhecer";"Crescente";"Nevoeiro/Neblina";"Dupla";"Declive;Curva";"Não";3;0;1;0;1;1;1;3;-20,83039;-44,819396;"SPRF-MG";"DEL04-MG";"UOP01-DEL04-MG"
779209;2026-06-17;"quarta-feira";"09:27:00";"SC";470;64,6;"INDAIAL";"Condutor deixou de manter distância do veículo da frente";"Engavetamento";"Com Vítimas Fatais";"Pleno dia";"Decrescente";"Céu Claro";"Dupla";"Reta;Aclive;Em Obras";"Não";10;1;3;1;4;1;4;8;-26,87008;-49,20872;"SPRF-SC";"DEL04-SC";"UOP01-DEL04-SC"
779216;2026-06-17;"quarta-feira";"09:35:00";"BA";324;533;"FEIRA DE SANTANA";"Condutor deixou de manter distância do veículo da frente";"Colisão traseira";"Sem Vítimas";"Pleno dia";"Decrescente";"Céu Claro";"Dupla";"Reta";"Não";4;0;0;0;4;0;0;2;-12,35595039;-38,82972838;"SPRF-BA";"DEL11-BA";"UOP02-DEL11-BA"
779218;2026-06-17;"quarta-feira";"09:30:00";"MG";381;829,5;"SAO SEBASTIAO DA BELA VISTA";"Acessar a via sem observar a presença dos outros veículos";"Colisão traseira";"Com Vítimas Feridas";"Pleno dia";"Crescente";"Sol";"Dupla";"Curva";"Não";4;0;1;0;2;1;1;3;-22,11641114;-45,75191796;"SPRF-MG";"DEL16-MG";"UOP01-DEL16-MG"
779221;2026-06-17;"quarta-feira";"10:00:00";"PB";101;94,5;"CONDE";"Reação tardia ou ineficiente do condutor";"Colisão traseira";"Com Vítimas Feridas";"Pleno dia";"Decrescente";"Chuva";"Dupla";"Aclive;Reta";"Não";4;0;3;1;0;0;4;2;-7,219234;-34,913109;"SPRF-PB";"DEL01-PB";"UOP01-DEL01-PB"
779222;2026-06-17;"quarta-feira";"07:59:00";"CE";122;85,9;"QUIXADA";"Manobra de mudança de faixa";"Colisão frontal";"Com Vítimas Fatais";"Pleno dia";"Decrescente";"Sol";"Simples";"Reta";"Não";3;1;0;0;1;1;0;3;-4,894493;-38,921315;"SPRF-CE";"DEL03-CE";"UOP01-DEL03-CE"
779223;2026-05-16;"sábado";"08:40:00";"SP";381;49,7;"ATIBAIA";"Velocidade Incompatível";"Colisão com objeto";"Sem Vítimas";"Pleno dia";"Decrescente";"Céu Claro";"Dupla";"Reta";"Não";2;0;0;0;2;0;0;2;-23,21505616;-46,59399239;"SPRF-SP";"DEL03-SP";"UOP01-DEL03-SP"
779232;2026-06-17;"quarta-feira";"10:30:00";"PR";116;17;"CAMPINA GRANDE DO SUL";"Condutor Dormindo";"Tombamento";"Com Vítimas Feridas";"Pleno dia";"Decrescente";"Céu Claro";"Dupla";"Curva";"Não";4;0;1;0;2;2;1;5;-25,101836;-48,699065;"SPRF-PR";"DEL01-PR";"UOP02-DEL01-PR"
779236;2026-06-17;"quarta-feira";"10:30:00";"MT";70;30;"BARRA DO GARCAS";"Reação tardia ou ineficiente do condutor";"Colisão frontal";"Com Vítimas Feridas";"Pleno dia";"Crescente";"Céu Claro";"Simples";"Declive";"Não";3;0;1;0;1;2;1;4;-15,78249211;-52,55637288;"SPRF-MT";"DEL07-MT";"UOP01-DEL07-MT"
779244;2026-06-17;"quarta-feira";"09:30:00";"AL";423;27;"CANAPI";"Acessar a via sem observar a presença dos outros veículos";"Colisão lateral sentido oposto";"Com Vítimas Fatais";"Pleno dia";"Crescente";"Céu Claro";"Simples";"Reta";"Não";4;1;0;0;2;5;0;8;-9,197542;-37,527013;"SPRF-AL";"DEL03-AL";"UOP02-DEL03-AL"
779253;2026-06-17;"quarta-feira";"10:15:00";"SC";101;119,2;"ITAJAI";"Trafegar com motocicleta (ou similar) entre as faixas";"Colisão traseira";"Com Vítimas Fatais";"Pleno dia";"Decrescente";"Sol";"Dupla";"Reta";"Sim";6;1;1;0;1;3;1;5;-26,90668661;-48,71440887;"SPRF-SC";"DEL04-SC";"UOP04-DEL04-SC"
779257;2026-06-17;"quarta-feira";"06:10:00";"MG";267;182,9;"OLARIA";"Ausência de reação do condutor";"Colisão traseira";"Com Vítimas Fatais";"Amanhecer";"Crescente";"Céu Claro";"Simples";"Aclive;Reta";"Não";3;1;0;0;1;1;0;3;-21,90174;-43,95521;"SPRF-MG";"DEL05-MG";"UOP01-DEL05-MG"
779258;2026-06-17;"quarta-feira";"13:20:00";"SC";470;138;"RIO DO SUL";"Desrespeitar a preferência no cruzamento";"Colisão transversal";"Com Vítimas Feridas";"Pleno dia";"Crescente";"Sol";"Simples";"Retorno Regulamentado;Reta";"Sim";2;0;0;1;1;0;1;2;-27,19401471;-49,62409465;"SPRF-SC";"DEL04-SC";"UOP02-DEL04-SC"
779260;2026-06-17;"quarta-feira";"07:20:00";"MA";230;447,4;"RIACHAO";"Transitar na contramão";"Colisão frontal";"Com Vítimas Fatais";"Pleno dia";"Crescente";"Céu Claro";"Simples";"Reta";"Não";4;2;0;0;1;5;0;8;-7,399228;-46,41021;"SPRF-MA";"DEL05-MA";"UOP01-DEL05-MA"
779264;2026-04-11;"sábado";"03:45:00";"SC";282;16,2;"PALHOCA";"Transitar na contramão";"Colisão frontal";"Com Vítimas Fatais";"Plena Noite";"Decrescente";"Céu Claro";"Simples";"Reta";"Sim";2;1;0;0;1;0;0;2;-27,660329;-48,683343;"SPRF-SC";"DEL01-SC";"UOP02-DEL01-SC"
779268;2026-06-02;"terça-feira";"04:30:00";"MG";50;155;"UBERABA";"Objeto estático sobre o leito carroçável";"Colisão traseira";"Com Vítimas Feridas";"Plena Noite";"Decrescente";"Ignorado";"Dupla";"Reta;Aclive";"Não";5;0;0;1;4;0;1;2;-19,606844;-48,022551;"SPRF-MG";"DEL13-MG";"UOP01-DEL13-MG"
779270;2026-06-07;"domingo";"19:40:00";"MT";163;1077;"GUARANTA DO NORTE";"Transitar na contramão";"Colisão frontal";"Com Vítimas Fatais";"Anoitecer";"Crescente";"Céu Claro";"Simples";"Curva";"Não";5;2;0;0;1;3;0;5;-9,85011;-54,880058;"SPRF-MT";"DEL06-MT";"UOP03-DEL06-MT"
779279;2026-06-17;"quarta-feira";"15:00:00";"ES";101;72,7;"SAO MATEUS";"Transitar na contramão";"Colisão frontal";"Com Vítimas Fatais";"Pleno dia";"Crescente";"Céu Claro";"Simples";"Declive;Reta";"Não";5;1;0;0;1;3;0;4;-18,7672533;-39,86604;"SPRF-ES";"DEL04-ES";"UOP02-DEL04-ES"
779292;2026-06-17;"quarta-feira";"16:30:00";"PA";308;153;"CAPANEMA";"Falta de acostamento";"Tombamento";"Com Vítimas Feridas";"Pleno dia";"Crescente";"Sol";"Simples";"Reta";"Não";1;0;1;0;0;0;1;1;-1,205029;-47,164585;"SPRF-PA";"DEL01-PA";"UOP03-DEL01-PA"
779293;2026-06-17;"quarta-feira";"10:30:00";"MT";163;104;"RONDONOPOLIS";"Velocidade Incompatível";"Tombamento";"Com Vítimas Feridas";"Pleno dia";"Crescente";"Céu Claro";"Dupla";"Curva;Viaduto";"Não";3;0;2;0;0;3;2;4;-16,63735;-54,693007;"SPRF-MT";"DEL02-MT";"UOP03-DEL02-MT"
779296;2026-03-30;"segunda-feira";"15:00:00";"MA";330;90;"TASSO FRAGOSO";"Estacionar ou parar em local proibido";"Colisão lateral sentido oposto";"Com Vítimas Feridas";"Anoitecer";"Decrescente";"Garoa/Chuvisco";"Simples";"Declive;Curva";"Não";10;0;1;1;4;13;2;17;-8,45829504;-45,9262692;"SPRF-MA";"DEL05-MA";"UOP01-DEL05-MA"
779299;2026-06-17;"quarta-feira";"13:00:00";"MT";163;1087;"GUARANTA DO NORTE";"Reação tardia ou ineficiente do condutor";"Engavetamento";"Com Vítimas Feridas";"Pleno dia";"Decrescente";"Céu Claro";"Simples";"Reta;Aclive;Em Obras";"Não";5;0;2;0;2;5;2;8;-9,771382;-54,900783;"SPRF-MT";"DEL06-MT";"UOP03-DEL06-MT"
779315;2026-06-17;"quarta-feira";"17:30:00";"PR";373;433;"CHOPINZINHO";"Ausência de reação do condutor";"Tombamento";"Com Vítimas Feridas";"Pleno dia";"Decrescente";"Céu Claro";"Simples";"Curva;Declive";"Não";2;0;0;1;0;2;1;3;-25,76932209;-52,25851743;"SPRF-PR";"DEL02-PR";"UOP01-DEL02-PR"
779320;2026-06-17;"quarta-feira";"17:00:00";"PA";230;114;"MARABA";"Acessar a via sem observar a presença dos outros veículos";"Colisão transversal";"Com Vítimas Feridas";"Pleno dia";"Decrescente";"Céu Claro";"Dupla";"Retorno Regulamentado;Reta";"Sim";2;0;0;1;1;0;1;2;-5,3593936;-49,08361995;"SPRF-PA";"DEL03-PA";"UOP01-DEL03-PA"
779322;2026-06-17;"quarta-feira";"17:15:00";"PE";407;124;"PETROLINA";"Acessar a via sem observar a presença dos outros veículos";"Colisão lateral mesmo sentido";"Com Vítimas Feridas";"Pleno dia";"Crescente";"Céu Claro";"Simples";"Retorno Regulamentado;Curva";"Sim";3;0;0;1;2;0;1;2;-9,37405486;-40,53934542;"SPRF-PE";"DEL06-PE";"UOP01-DEL06-PE"
779325;2026-06-17;"quarta-feira";"17:00:00";"MT";163;94,1;"RONDONOPOLIS";"Ausência de reação do condutor";"Colisão com objeto";"Com Vítimas Feridas";"Plena Noite";"Decrescente";"Céu Claro";"Simples";"Retorno Regulamentado;Rotatória;Viaduto";"Não";3;0;0;2;0;2;2;4;-16,70001691;-54,65933747;"SPRF-MT";"DEL02-MT";"UOP03-DEL02-MT"
779344;2026-06-17;"quarta-feira";"18:00:00";"BA";110;345;"ALAGOINHAS";"Manobra de mudança de faixa";"Colisão lateral sentido oposto";"Com Vítimas Feridas";"Anoitecer";"Decrescente";"Nublado";"Simples";"Aclive;Reta";"Não";3;0;0;2;1;0;2;2;-12,19882834;-38,41558966;"SPRF-BA";"DEL01-BA";"UOP04-DEL01-BA"
779351;2026-06-17;"quarta-feira";"20:30:00";"RJ";116;185;"NOVA IGUACU";"Condutor deixou de manter distância do veículo da frente";"Queda de ocupante de veículo";"Com Vítimas Feridas";"Plena Noite";"Crescente";"Céu Claro";"Dupla";"Interseção de Vias;Reta";"Sim";2;0;1;0;1;0;1;2;-22,73984152;-43,4599584;"SPRF-RJ";"DEL06-RJ";"UOP01-DEL06-RJ"
779363;2026-04-26;"domingo";"09:30:00";"PR";376;519;"PONTA GROSSA";"Ausência de reação do condutor";"Colisão traseira";"Com Vítimas Feridas";"Pleno dia";"Decrescente";"Ignorado";"Dupla";"Reta";"Não";4;0;2;0;1;2;2;4;-25,269813;-49,93871;"SPRF-PR";"DEL03-PR";"UOP03-DEL03-PR"
779368;2026-06-17;"quarta-feira";"21:40:00";"PR";369;228,8;"JANDAIA DO SUL";"Condutor desrespeitou a iluminação vermelha do semáforo";"Colisão transversal";"Com Vítimas Feridas";"Plena Noite";"Decrescente";"Céu Claro";"Simples";"Curva;Interseção de Vias";"Sim";3;0;1;0;1;2;1;4;-23,58871244;-51,64622275;"SPRF-PR";"DEL09-PR";"UOP01-DEL09-PR"
779369;2026-06-17;"quarta-feira";"17:00:00";"MG";381;374;"SAO GONCALO DO RIO ABAIXO";"Desrespeitar a preferência no cruzamento";"Colisão transversal";"Com Vítimas Feridas";"Pleno dia";"Crescente";"Céu Claro";"Simples";"Retorno Regulamentado;Reta";"Sim";4;0;2;0;2;0;2;2;-19,83591582;-43,34759681;"SPRF-MG";"DEL01-MG";"UOP01-DEL01-MG"
779370;2026-06-17;"quarta-feira";"20:31:00";"MS";163;465;"CAMPO GRANDE";"Manobra de mudança de faixa";"Colisão frontal";"Com Vítimas Feridas";"Plena Noite";"Crescente";"Céu Claro";"Simples";"Reta";"Não";3;0;1;0;1;1;1;3;-20,59279157;-54,58103148;"SPRF-MS";"DEL01-MS";"UOP01-DEL01-MS"
779371;2026-06-17;"quarta-feira";"20:40:00";"PE";232;278;"SERTANIA";"Manobra de mudança de faixa";"Colisão lateral mesmo sentido";"Sem Vítimas";"Plena Noite";"Crescente";"Céu Claro";"Dupla";"Curva";"Não";5;0;0;0;4;1;0;3;-8,359927;-37,27361;"SPRF-PE";"DEL04-PE";"UOP02-DEL04-PE"
779372;2026-06-17;"quarta-feira";"22:15:00";"AL";101;172,8;"TEOTONIO VILELA";"Manobra de mudança de faixa";"Saída de leito carroçável";"Com Vítimas Feridas";"Plena Noite";"Crescente";"Céu Claro";"Dupla";"Reta";"Não";1;0;1;0;0;0;1;1;-9,907157;-36,340041;"SPRF-AL";"DEL02-AL";"UOP02-DEL02-AL"
779376;2026-06-17;"quarta-feira";"23:35:00";"AL";316;260;"PILAR";"Ingestão de álcool pelo condutor";"Colisão lateral sentido oposto";"Com Vítimas Feridas";"Plena Noite";"Crescente";"Céu Claro";"Simples";"Reta";"Não";5;0;0;1;3;1;1;4;-9,590676;-35,90041;"SPRF-AL";"DEL02-AL";"UOP01-DEL02-AL"
779381;2026-06-18;"quinta-feira";"01:10:00";"SP";153;7,3;"ICEM";"Condutor Dormindo";"Saída de leito carroçável";"Com Vítimas Feridas";"Plena Noite";"Decrescente";"Céu Claro";"Simples";"Reta";"Não";2;0;1;0;1;0;1;1;-20,36695;-49,223125;"SPRF-SP";"DEL09-SP";"UOP01-DEL09-SP"
779382;2026-06-18;"quinta-feira";"01:45:00";"PI";316;13;"TERESINA";"Transitar na contramão";"Colisão frontal";"Com Vítimas Feridas";"Plena Noite";"Crescente";"Céu Claro";"Múltipla";"Reta";"Sim";3;0;0;1;1;1;1;3;-5,2101363;-42,75518373;"SPRF-PI";"DEL01-PI";"UOP02-DEL01-PI"
779386;2026-06-18;"quinta-feira";"00:10:00";"MT";163;857;"SINOP";"Ingestão de álcool pelo condutor";"Tombamento";"Com Vítimas Feridas";"Plena Noite";"Decrescente";"Céu Claro";"Simples";"Reta";"Não";2;0;1;0;0;3;1;4;-11,67270471;-55,44636726;"SPRF-MT";"DEL06-MT";"UOP02-DEL06-MT"
779390;2026-06-18;"quinta-feira";"05:26:00";"MG";381;499;"BETIM";"Trafegar com motocicleta (ou similar) entre as faixas";"Colisão lateral mesmo sentido";"Com Vítimas Feridas";"Amanhecer";"Decrescente";"Céu Claro";"Dupla";"Reta";"Sim";3;0;1;0;1;1;1;3;-19,99622774;-44,20845556;"SPRF-MG";"DEL01-MG";"UOP03-DEL01-MG"
779393;2026-06-17;"quarta-feira";"22:20:00";"RN";226;290;"CAMPO GRANDE";"Reação tardia ou ineficiente do condutor";"Capotamento";"Com Vítimas Feridas";"Plena Noite";"Crescente";"Céu Claro";"Simples";"Curva;Interseção de Vias";"Não";1;0;1;0;0;0;1;1;-5,8701;-37,316;"SPRF-RN";"DEL03-RN";"UOP01-DEL03-RN"
779394;2026-06-18;"quinta-feira";"04:00:00";"PR";369;61,7;"BANDEIRANTES";"Ausência de reação do condutor";"Colisão traseira";"Com Vítimas Feridas";"Plena Noite";"Crescente";"Céu Claro";"Simples";"Declive;Reta";"Não";4;0;1;0;2;1;1;3;-23,135286;-50,411038;"SPRF-PR";"DEL07-PR";"UOP05-DEL07-PR"
779401;2026-06-18;"quinta-feira";"05:50:00";"GO";50;113;"CRISTALINA";"Reação tardia ou ineficiente do condutor";"Colisão traseira";"Com Vítimas Feridas";"Amanhecer";"Decrescente";"Céu Claro";"Múltipla";"Reta";"Sim";3;0;0;1;1;2;1;4;-16,886055;-47,67999;"SPRF-DF";"DEL01-DF";"UOP02-DEL01-DF"
779410;2026-06-11;"quinta-feira";"02:54:00";"MG";50;117,3;"UBERABA";"Condutor Dormindo";"Saída de leito carroçável";"Com Vítimas Feridas";"Amanhecer";"Decrescente";"Chuva";"Dupla";"Retorno Regulamentado;Reta";"Não";1;0;1;0;0;0;1;1;-19,28768;-48,11916;"SPRF-MG";"DEL13-MG";"UOP01-DEL13-MG"
779412;2026-06-18;"quinta-feira";"07:55:00";"PR";277;588,9;"CASCAVEL";"Acessar a via sem observar a presença dos outros veículos";"Colisão transversal";"Sem Vítimas";"Pleno dia";"Crescente";"Céu Claro";"Simples";"Reta;Retorno Regulamentado";"Sim";2;0;0;0;1;1;0;2;-24,966813;-53,424523;"SPRF-PR";"DEL04-PR";"UOP01-DEL04-PR"
779413;2026-06-14;"domingo";"13:00:00";"PR";116;103;"SAO JOSE DOS PINHAIS";"Estacionar ou parar em local proibido";"Colisão lateral mesmo sentido";"Com Vítimas Feridas";"Pleno dia";"Crescente";"Chuva";"Dupla";"Reta";"Não";4;0;1;0;2;1;1;3;-25,57;-49,188;"SPRF-PR";"DEL01-PR";"UOP08-DEL01-PR"
779421;2026-06-14;"domingo";"17:20:00";"PA";230;415;"PACAJA";"Reação tardia ou ineficiente do condutor";"Colisão lateral mesmo sentido";"Com Vítimas Feridas";"Pleno dia";"Crescente";"Céu Claro";"Simples";"Reta";"Sim";11;0;6;3;1;1;9;3;-3,8337464;-50,64747155;"SPRF-PA";"DEL04-PA";"UOP01-DEL04-PA"
779426;2026-06-18;"quinta-feira";"08:05:00";"RO";364;239;"CACOAL";"Condutor deixou de manter distância do veículo da frente";"Atropelamento de Pedestre";"Com Vítimas Feridas";"Pleno dia";"Crescente";"Céu Claro";"Simples";"Reta";"Não";2;0;1;0;0;1;1;2;-11,43707;-61,457662;"SPRF-RO";"DEL02-RO";"UOP02-DEL02-RO"
779427;2026-06-18;"quinta-feira";"06:45:00";"MT";163;708;"SORRISO";"Transitar na contramão";"Colisão frontal";"Com Vítimas Feridas";"Pleno dia";"Decrescente";"Céu Claro";"Simples";"Em Obras;Reta";"Não";4;0;1;1;1;1;2;3;-12,911502;-55,852254;"SPRF-MT";"DEL06-MT";"UOP01-DEL06-MT"
779428;2026-06-18;"quinta-feira";"07:40:00";"MT";163;119;"RONDONOPOLIS";"Trafegar com motocicleta (ou similar) entre as faixas";"Colisão lateral mesmo sentido";"Com Vítimas Feridas";"Pleno dia";"Decrescente";"Céu Claro";"Dupla";"Rotatória";"Sim";4;0;1;0;2;2;1;5;-16,491092;-54,646962;"SPRF-MT";"DEL02-MT";"UOP01-DEL02-MT"
779430;2026-06-18;"quinta-feira";"06:37:00";"TO";153;743;"ALVORADA";"Ausência de reação do condutor";"Colisão lateral sentido oposto";"Sem Vítimas";"Amanhecer";"Crescente";"Céu Claro";"Simples";"Curva";"Não";4;0;0;0;3;5;0;8;-12,3281;-49,1481;"SPRF-TO";"DEL01-TO";"UOP02-DEL01-TO"
779436;2026-06-18;"quinta-feira";"09:00:00";"PA";230;110;"MARABA";"Acessar a via sem observar a presença dos outros veículos";"Saída de leito carroçável";"Com Vítimas Feridas";"Pleno dia";"Decrescente";"Céu Claro";"Simples";"Reta";"Sim";2;0;1;0;0;1;1;2;-5,37312881;-49,03261453;"SPRF-PA";"DEL03-PA";"UOP01-DEL03-PA"
779440;2026-06-18;"quinta-feira";"09:20:00";"PR";277;601,8;"CASCAVEL";"Acessar a via sem observar a presença dos outros veículos";"Colisão lateral mesmo sentido";"Com Vítimas Feridas";"Pleno dia";"Crescente";"Sol";"Dupla";"Reta";"Sim";6;0;1;1;2;4;2;7;-25,02057065;-53,54641411;"SPRF-PR";"DEL04-PR";"UOP01-DEL04-PR"
779441;2026-06-18;"quinta-feira";"07:50:00";"BA";116;608,4;"IRAJUBA";"Manobra de mudança de faixa";"Colisão frontal";"Com Vítimas Feridas";"Pleno dia";"Crescente";"Céu Claro";"Simples";"Curva";"Não";7;0;2;0;4;1;2;3;-13,3079;-40,025833;"SPRF-BA";"DEL03-BA";"UOP02-DEL03-BA"
779442;2026-06-18;"quinta-feira";"09:40:00";"PE";232;139,8;"SAO CAITANO";"Manobra de mudança de faixa";"Colisão lateral mesmo sentido";"Com Vítimas Feridas";"Pleno dia";"Decrescente";"Céu Claro";"Dupla";"Curva";"Não";4;0;2;0;2;0;2;2;-8,32064;-36,08239;"SPRF-PE";"DEL02-PE";"UOP03-DEL02-PE"
779444;2026-06-18;"quinta-feira";"02:00:00";"RO";364;968;"PORTO VELHO";"Estacionar ou parar em local proibido";"Incêndio";"Com Vítimas Feridas";"Plena Noite";"Crescente";"Ignorado";"Simples";"Declive;Reta";"Não";6;0;1;0;3;5;1;7;-9,64972;-65,706632;"SPRF-RO";"DEL01-RO";"UOP03-DEL01-RO"
779448;2026-06-18;"quinta-feira";"11:40:00";"SC";101;176;"GOVERNADOR CELSO RAMOS";"Manobra de mudança de faixa";"Colisão lateral mesmo sentido";"Com Vítimas Feridas";"Pleno dia";"Decrescente";"Nublado";"Dupla";"Interseção de Vias;Curva";"Não";5;0;2;0;2;1;2;3;-27,34654;-48,63274;"SPRF-SC";"DEL01-SC";"UOP01-DEL01-SC"
779452;2026-06-18;"quinta-feira";"11:36:00";"SP";116;39;"CACHOEIRA PAULISTA";"Ausência de reação do condutor";"Colisão traseira";"Com Vítimas Feridas";"Pleno dia";"Decrescente";"Céu Claro";"Dupla";"Reta";"Sim";4;0;1;0;3;0;1;3;-22,675578;-44,999337;"SPRF-SP";"DEL08-SP";"UOP02-DEL08-SP"
779458;2026-06-18;"quinta-feira";"09:36:00";"RJ";116;325,9;"ITATIAIA";"Estacionar ou parar em local proibido";"Colisão traseira";"Com Vítimas Feridas";"Pleno dia";"Decrescente";"Céu Claro";"Dupla";"Reta";"Não";4;0;1;0;1;2;1;4;-22,498206;-44,577982;"SPRF-RJ";"DEL07-RJ";"UOP02-DEL07-RJ"
779463;2026-06-18;"quinta-feira";"13:50:00";"GO";153;500;"GOIANIA";"Condutor deixou de manter distância do veículo da frente";"Colisão traseira";"Sem Vítimas";"Pleno dia";"Crescente";"Sol";"Dupla";"Reta";"Sim";2;0;0;0;2;0;0;2;-16,7072594;-49,2308935;"SPRF-GO";"DEL01-GO";"UOP01-DEL01-GO"
779464;2026-06-18;"quinta-feira";"12:35:00";"SC";282;476,6;"XANXERE";"Reação tardia ou ineficiente do condutor";"Colisão lateral mesmo sentido";"Com Vítimas Feridas";"Pleno dia";"Decrescente";"Céu Claro";"Simples";"Reta";"Sim";3;0;1;0;1;2;1;4;-26,8786985;-52,3383845;"SPRF-SC";"DEL07-SC";"UOP01-DEL07-SC"
779468;2026-06-18;"quinta-feira";"14:15:00";"MG";116;177;"PADRE PARAISO";"Manobra de mudança de faixa";"Colisão lateral sentido oposto";"Com Vítimas Feridas";"Pleno dia";"Crescente";"Céu Claro";"Simples";"Curva;Aclive";"Não";2;0;1;0;1;0;1;2;-17,06623564;-41,47434203;"SPRF-MG";"DEL11-MG";"UOP02-DEL11-MG"
779475;2026-06-18;"quinta-feira";"13:40:00";"SC";101;41;"JOINVILLE";"Reação tardia ou ineficiente do condutor";"Engavetamento";"Com Vítimas Feridas";"Pleno dia";"Decrescente";"Céu Claro";"Múltipla";"Reta;Viaduto";"Sim";5;0;1;0;3;3;1;7;-26,31869046;-48,87173653;"SPRF-SC";"DEL03-SC";"UOP01-DEL03-SC"
779476;2026-06-18;"quinta-feira";"13:00:00";"SC";101;40;"JOINVILLE";"Entrada inopinada do pedestre";"Atropelamento de Pedestre";"Com Vítimas Feridas";"Pleno dia";"Decrescente";"Céu Claro";"Simples";"Curva";"Sim";2;0;1;0;1;0;1;2;-26,30960863;-48,8779041;"SPRF-SC";"DEL03-SC";"UOP01-DEL03-SC"
779481;2026-06-18;"quinta-feira";"15:25:00";"BA";324;534;"CONCEICAO DO JACUIPE";"Ausência de reação do condutor";"Saída de leito carroçável";"Sem Vítimas";"Pleno dia";"Decrescente";"Chuva";"Dupla";"Reta";"Não";1;0;0;0;1;0;0;1;-12,35184;-38,833217;"SPRF-BA";"DEL11-BA";"UOP02-DEL11-BA"
779483;2026-06-18;"quinta-feira";"16:30:00";"SC";101;197,6;"BIGUACU";"Reação tardia ou ineficiente do condutor";"Colisão lateral mesmo sentido";"Com Vítimas Feridas";"Anoitecer";"Decrescente";"Garoa/Chuvisco";"Múltipla";"Reta";"Sim";4;0;2;0;1;1;2;3;-27,52510803;-48,635765;"SPRF-SC";"DEL01-SC";"UOP01-DEL01-SC"
779485;2026-06-18;"quinta-feira";"16:25:00";"PR";116;7;"CAMPINA GRANDE DO SUL";"Ausência de reação do condutor";"Colisão traseira";"Com Vítimas Feridas";"Pleno dia";"Decrescente";"Céu Claro";"Dupla";"Reta";"Sim";2;0;1;0;1;0;1;2;-25,36942384;-49,11471114;"SPRF-PR";"DEL01-PR";"UOP02-DEL01-PR"
779488;2026-06-18;"quinta-feira";"16:30:00";"GO";40;15;"LUZIANIA";"Acessar a via sem observar a presença dos outros veículos";"Colisão lateral mesmo sentido";"Com Vítimas Feridas";"Pleno dia";"Decrescente";"Céu Claro";"Dupla";"Interseção de Vias";"Sim";3;0;1;0;1;3;1;5;-16,172793;-47,929543;"SPRF-DF";"DEL01-DF";"UOP01-DEL01-DF"
779490;2026-06-18;"quinta-feira";"13:35:00";"SC";153;61;"IRANI";"Reação tardia ou ineficiente do condutor";"Colisão lateral sentido oposto";"Com Vítimas Feridas";"Pleno dia";"Decrescente";"Céu Claro";"Simples";"Curva";"Não";6;0;2;0;3;1;2;3;-26,9868704;-51,8704251;"SPRF-SC";"DEL07-SC";"UOP04-DEL07-SC"
779494;2026-06-18;"quinta-feira";"17:31:00";"PB";230;246,5;"JUAZEIRINHO";"Ultrapassagem Indevida";"Colisão frontal";"Com Vítimas Fatais";"Pleno dia";"Crescente";"Sol";"Simples";"Reta";"Não";3;1;0;0;2;0;0;2;-7,072701;-36,618858;"SPRF-PB";"DEL02-PB";"UOP02-DEL02-PB"
779497;2026-06-06;"sábado";"14:01:00";"PA";163;492;"ITAITUBA";"Transitar na contramão";"Colisão lateral sentido oposto";"Sem Vítimas";"Pleno dia";"Decrescente";"Céu Claro";"Simples";"Reta";"Não";4;0;0;0;3;6;0;8;-5,66094;-55,820483;"SPRF-PA";"DEL05-PA";"UOP03-DEL05-PA"
779499;2026-06-18;"quinta-feira";"06:30:00";"BA";116;490;"RAFAEL JAMBEIRO";"Demais falhas mecânicas ou elétricas";"Incêndio";"Sem Vítimas";"Amanhecer";"Crescente";"Nevoeiro/Neblina";"Dupla";"Reta;Declive";"Não";2;0;0;0;1;1;0;2;-12,56440338;-39,48053151;"SPRF-BA";"DEL02-BA";"UOP01-DEL02-BA"