"id";"data_inversa";"dia_semana";"horario";"uf";"br";"km";"municipio";"causa_acidente";"tipo_acidente";"classificacao_acidente";"fase_dia";"sentido_via";"condicao_metereologica";"tipo_pista";"tracado_via";"uso_solo";"pessoas";"mortos";"feridos_leves";"feridos_graves";"ilesos";"ignorados";"feridos";"veiculos";"latitude";"longitude";"regional";"delegacia";"uop"
779845;2026-06-20;"sábado";"06:00:00";"GO";60;164;"GOIANIA";"Ausência de reação do condutor";"Colisão lateral mesmo sentido";"Sem Vítimas";"Amanhecer";"Crescente";"Céu Claro";"Dupla";"Reta";"Sim";6;0;0;0;4;4;0;6;-16,716397;-49,363747;"SPRF-GO";"DEL01-GO";"UOP02-DEL01-GO"
779850;2026-05-10;"domingo";"10:20:00";"MG";381;235,1;"SANTANA DO PARAISO";"Transitar na contramão";"Colisão lateral sentido oposto";"Com Vítimas Fatais";"Pleno dia";"Decrescente";"Sol";"Simples";"Reta";"Não";4;1;0;1;1;1;1;3;-19,393325;-42,481303;"SPRF-MG";"DEL06-MG";"UOP01-DEL06-MG"
779851;2026-06-19;"sexta-feira";"20:50:00";"GO";452;58;"MAURILANDIA";"Demais falhas mecânicas ou elétricas";"Incêndio";"Sem Vítimas";"Plena Noite";"Crescente";"Céu Claro";"Simples";"Reta";"Não";2;0;0;0;0;2;0;2;-17,997417;-50,406387;"SPRF-GO";"DEL04-GO";"UOP01-DEL04-GO"
779853;2026-06-20;"sábado";"06:40:00";"MG";262;350,6;"BETIM";"Neblina";"Engavetamento";"Com Vítimas Fatais";"Amanhecer";"Decrescente";"Nevoeiro/Neblina";"Dupla";"Reta";"Não";19;1;5;2;8;4;7;17;-19,979699;-44,225687;"SPRF-MG";"DEL01-MG";"UOP03-DEL01-MG"
779856;2026-06-20;"sábado";"06:20:00";"MS";163;669;"RIO VERDE DE MATO GROSSO";"Ultrapassagem Indevida";"Colisão frontal";"Com Vítimas Fatais";"Amanhecer";"Crescente";"Nevoeiro/Neblina";"Simples";"Declive;Reta";"Não";3;1;0;0;1;1;0;3;-19,006301;-54,82902;"SPRF-MS";"DEL06-MS";"UOP02-DEL06-MS"
779858;2026-06-20;"sábado";"06:15:00";"MG";365;668,8;"MONTE ALEGRE DE MINAS";"Condutor Dormindo";"Colisão traseira";"Com Vítimas Feridas";"Amanhecer";"Decrescente";"Céu Claro";"Dupla";"Reta";"Não";5;0;3;0;1;3;3;5;-18,88683009;-48,72059329;"SPRF-MG";"DEL15-MG";"UOP01-DEL15-MG"
779859;2026-06-19;"sexta-feira";"17:00:00";"BA";410;26;"TUCANO";"Reação tardia ou ineficiente do condutor";"Colisão frontal";"Com Vítimas Fatais";"Anoitecer";"Crescente";"Céu Claro";"Múltipla";"Reta;Declive";"Não";2;1;0;0;1;0;0;2;-10,94549318;-38,72472288;"SPRF-BA";"DEL07-BA";"UOP02-DEL07-BA"
779860;2026-06-20;"sábado";"07:30:00";"MA";135;3;"SAO LUIS";"Condutor deixou de manter distância do veículo da frente";"Colisão traseira";"Sem Vítimas";"Pleno dia";"Crescente";"Céu Claro";"Dupla";"Reta";"Sim";3;0;0;0;3;0;0;3;-2,6103283;-44,2500054;"SPRF-MA";"DEL01-MA";"UOP01-DEL01-MA"
779862;2026-06-05;"sexta-feira";"05:15:00";"RS";285;521;"VITORIA DAS MISSOES";"Demais falhas mecânicas ou elétricas";"Incêndio";"Sem Vítimas";"Plena Noite";"Crescente";"Céu Claro";"Simples";"Reta";"Não";2;0;0;0;1;1;0;2;-28,39973098;-54,4872818;"SPRF-RS";"DEL10-RS";"UOP01-DEL10-RS"
779864;2026-06-20;"sábado";"02:43:00";"MT";163;1102;"GUARANTA DO NORTE";"Curva acentuada";"Tombamento";"Com Vítimas Feridas";"Plena Noite";"Crescente";"Céu Claro";"Simples";"Curva;Declive";"Não";3;0;1;0;1;1;1;2;-9,649105;-54,872683;"SPRF-MT";"DEL06-MT";"UOP03-DEL06-MT"
779867;2026-06-20;"sábado";"06:35:00";"CE";222;48,1;"SAO GONCALO DO AMARANTE";"Acessar a via sem observar a presença dos outros veículos";"Colisão transversal";"Com Vítimas Feridas";"Pleno dia";"Decrescente";"Nublado";"Simples";"Reta";"Sim";5;0;1;0;4;0;1;2;-3,668983;-38,979275;"SPRF-CE";"DEL01-CE";"UOP03-DEL01-CE"
779869;2026-06-20;"sábado";"03:35:00";"TO";153;548;"OLIVEIRA DE FATIMA";"Velocidade Incompatível";"Capotamento";"Com Vítimas Feridas";"Plena Noite";"Crescente";"Garoa/Chuvisco";"Simples";"Reta";"Não";4;0;1;0;2;1;1;3;-10,6545443;-48,90908428;"SPRF-TO";"DEL01-TO";"UOP01-DEL01-TO"
779874;2026-06-20;"sábado";"03:10:00";"MG";40;624,5;"CONSELHEIRO LAFAIETE";"Condutor Dormindo";"Colisão lateral mesmo sentido";"Sem Vítimas";"Plena Noite";"Decrescente";"Céu Claro";"Simples";"Declive;Reta";"Não";3;0;0;0;2;1;0;3;-20,61146;-43,80617;"SPRF-MG";"DEL05-MG";"UOP02-DEL05-MG"
779875;2026-01-21;"quarta-feira";"23:47:00";"GO";452;19;"RIO VERDE";"Ausência de reação do condutor";"Tombamento";"Sem Vítimas";"Plena Noite";"Crescente";"Chuva";"Dupla";"Interseção de Vias;Declive";"Não";2;0;0;0;1;2;0;3;-17,86719554;-50,7361779;"SPRF-GO";"DEL04-GO";"UOP01-DEL04-GO"
779877;2026-06-20;"sábado";"04:42:00";"BA";367;23;"PORTO SEGURO";"Condutor Dormindo";"Colisão frontal";"Com Vítimas Feridas";"Plena Noite";"Crescente";"Céu Claro";"Simples";"Reta";"Sim";2;0;0;1;0;1;1;2;-16,43565764;-39,07411901;"SPRF-BA";"DEL09-BA";"UOP03-DEL09-BA"
779879;2026-03-22;"domingo";"13:10:00";"GO";153;296,9;"RIALMA";"Transitar na contramão";"Colisão frontal";"Com Vítimas Feridas";"Pleno dia";"Crescente";"Céu Claro";"Simples";"Reta";"Não";4;0;0;1;2;2;1;5;-15,28225204;-49,55807954;"SPRF-GO";"DEL02-GO";"UOP02-DEL02-GO"
779881;2026-06-20;"sábado";"08:30:00";"RN";304;257,6;"SANTA MARIA";"Ausência de reação do condutor";"Colisão lateral sentido oposto";"Com Vítimas Feridas";"Pleno dia";"Decrescente";"Sol";"Simples";"Reta";"Não";3;0;1;0;1;1;1;3;-5,84318672;-35,68595409;"SPRF-RN";"DEL01-RN";"UOP02-DEL01-RN"
779887;2026-06-20;"sábado";"06:20:00";"MT";158;704;"BARRA DO GARCAS";"Reação tardia ou ineficiente do condutor";"Colisão traseira";"Com Vítimas Feridas";"Amanhecer";"Decrescente";"Céu Claro";"Simples";"Reta";"Não";5;0;2;0;1;4;2;6;-15,09715124;-52,21647263;"SPRF-MT";"DEL07-MT";"UOP01-DEL07-MT"
779890;2026-06-20;"sábado";"09:35:00";"PR";277;59;"SAO JOSE DOS PINHAIS";"Ausência de reação do condutor";"Colisão traseira";"Com Vítimas Fatais";"Pleno dia";"Decrescente";"Chuva";"Dupla";"Reta";"Não";4;1;1;0;1;2;1;4;-25,555761;-49,029514;"SPRF-PR";"DEL01-PR";"UOP01-DEL01-PR"
779892;2026-06-20;"sábado";"07:30:00";"MT";158;530;"AGUA BOA";"Reação tardia ou ineficiente do condutor";"Saída de leito carroçável";"Sem Vítimas";"Pleno dia";"Crescente";"Céu Claro";"Simples";"Declive";"Não";2;0;0;0;1;3;0;4;-13,7794662894;-52,040715522;"SPRF-MT";"DEL07-MT";"UOP02-DEL07-MT"
779897;2026-06-20;"sábado";"06:20:00";"RO";364;308;"PRESIDENTE MEDICI";"Transitar na contramão";"Colisão frontal";"Com Vítimas Feridas";"Pleno dia";"Crescente";"Céu Claro";"Simples";"Reta";"Sim";3;0;1;0;1;3;1;5;-11,166155;-61,901498;"SPRF-RO";"DEL02-RO";"UOP01-DEL02-RO"
779909;2026-06-20;"sábado";"12:00:00";"MG";381;439;"SANTA LUZIA";"Reação tardia ou ineficiente do condutor";"Colisão traseira";"Com Vítimas Feridas";"Pleno dia";"Decrescente";"Céu Claro";"Simples";"Reta";"Sim";2;0;1;0;0;1;1;2;-19,824852;-43,820056;"SPRF-MG";"DEL01-MG";"UOP01-DEL01-MG"
779914;2026-06-20;"sábado";"09:30:00";"BA";116;510;"SANTA TERESINHA";"Condutor Dormindo";"Saída de leito carroçável";"Com Vítimas Feridas";"Pleno dia";"Decrescente";"Sol";"Simples";"Reta";"Não";1;0;1;0;0;0;1;1;-12,661365;-39,63079;"SPRF-BA";"DEL02-BA";"UOP01-DEL02-BA"
779919;2026-06-20;"sábado";"08:12:00";"MA";222;210;"ITAPECURU MIRIM";"Acessar a via sem observar a presença dos outros veículos";"Colisão transversal";"Com Vítimas Feridas";"Pleno dia";"Decrescente";"Céu Claro";"Simples";"Reta";"Sim";2;0;1;0;1;0;1;2;-3,37753007;-44,37933594;"SPRF-MA";"DEL01-MA";"UOP02-DEL01-MA"
779922;2026-06-20;"sábado";"12:49:00";"SP";116;291;"ITAPECERICA DA SERRA";"Manobra de mudança de faixa";"Colisão traseira";"Com Vítimas Feridas";"Pleno dia";"Crescente";"Céu Claro";"Dupla";"Reta";"Não";4;0;2;0;1;1;2;3;-23,72552655;-46,8930077;"SPRF-SP";"DEL04-SP";"UOP01-DEL04-SP"
779923;2026-06-20;"sábado";"11:15:00";"CE";222;79;"SAO LUIS DO CURU";"Conversão proibida";"Colisão transversal";"Com Vítimas Feridas";"Pleno dia";"Crescente";"Céu Claro";"Simples";"Reta;Interseção de Vias";"Não";4;0;1;1;1;1;2;3;-3,674411;-39,249109;"SPRF-CE";"DEL01-CE";"UOP03-DEL01-CE"
779929;2026-06-20;"sábado";"13:50:00";"PR";277;620;"CEU AZUL";"Ultrapassagem Indevida";"Colisão frontal";"Com Vítimas Feridas";"Pleno dia";"Crescente";"Céu Claro";"Simples";"Reta";"Não";4;0;1;0;3;0;1;4;-25,076418;-53,694399;"SPRF-PR";"DEL05-PR";"UOP02-DEL05-PR"
779931;2026-06-20;"sábado";"12:25:00";"PA";230;1137;"ITAITUBA";"Acessar a via sem observar a presença dos outros veículos";"Colisão transversal";"Com Vítimas Feridas";"Pleno dia";"Decrescente";"Céu Claro";"Simples";"Reta;Interseção de Vias";"Sim";5;0;0;1;3;2;1;4;-4,30380278;-55,959575;"SPRF-PA";"DEL05-PA";"UOP02-DEL05-PA"
779941;2026-06-20;"sábado";"13:40:00";"MG";381;690,9;"LAVRAS";"Reação tardia ou ineficiente do condutor";"Colisão lateral mesmo sentido";"Sem Vítimas";"Pleno dia";"Decrescente";"Céu Claro";"Dupla";"Reta";"Não";3;0;0;0;2;2;0;4;-21,209551;-45,12336;"SPRF-MG";"DEL04-MG";"UOP02-DEL04-MG"
779952;2026-06-20;"sábado";"15:40:00";"AL";101;227;"PORTO REAL DO COLEGIO";"Acesso irregular";"Colisão transversal";"Com Vítimas Feridas";"Pleno dia";"Decrescente";"Céu Claro";"Dupla";"Reta";"Não";3;0;0;1;1;3;1;5;-10,102523;-36,7098;"SPRF-AL";"DEL02-AL";"UOP02-DEL02-AL"
779955;2026-06-20;"sábado";"16:00:00";"DF";20;7,3;"BRASILIA";"Ausência de reação do condutor";"Colisão traseira";"Com Vítimas Feridas";"Pleno dia";"Decrescente";"Céu Claro";"Dupla";"Declive;Reta";"Sim";3;0;1;0;1;2;1;4;-15,6602166;-47,7989049;"SPRF-DF";"DEL02-DF";"UOP01-DEL02-DF"
779981;2026-06-20;"sábado";"18:16:00";"MG";50;23;"ARAGUARI";"Ausência de reação do condutor";"Colisão traseira";"Sem Vítimas";"Anoitecer";"Crescente";"Céu Claro";"Dupla";"Declive";"Não";6;0;0;0;5;1;0;3;-18,60844492;-48,05580854;"SPRF-MG";"DEL15-MG";"UOP02-DEL15-MG"
779986;2026-06-20;"sábado";"17:50:00";"SC";101;296;"IMBITUBA";"Pedestre andava na pista";"Atropelamento de Pedestre";"Com Vítimas Feridas";"Plena Noite";"Crescente";"Chuva";"Múltipla";"Reta";"Sim";2;0;0;1;1;0;1;2;-28,332334;-48,732472;"SPRF-SC";"DEL02-SC";"UOP03-DEL02-SC"
780004;2026-06-20;"sábado";"20:20:00";"SC";282;3,7;"FLORIANOPOLIS";"Reação tardia ou ineficiente do condutor";"Colisão traseira";"Com Vítimas Feridas";"Plena Noite";"Decrescente";"Garoa/Chuvisco";"Múltipla";"Curva";"Sim";4;0;1;0;3;0;1;3;-27,5947;-48,60174;"SPRF-SC";"DEL01-SC";"UOP01-DEL01-SC"
780010;2026-06-20;"sábado";"18:10:00";"SC";153;97,9;"CONCORDIA";"Conversão proibida";"Colisão transversal";"Com Vítimas Fatais";"Plena Noite";"Decrescente";"Nublado";"Simples";"Curva";"Sim";4;1;0;0;1;2;0;4;-27,234433;-51,94975;"SPRF-SC";"DEL07-SC";"UOP04-DEL07-SC"
780012;2026-06-20;"sábado";"17:30:00";"MA";10;316;"ACAILANDIA";"Condutor deixou de manter distância do veículo da frente";"Colisão frontal";"Com Vítimas Feridas";"Pleno dia";"Decrescente";"Chuva";"Simples";"Reta";"Não";4;0;0;1;2;2;1;5;-4,98185;-47,52165;"SPRF-MA";"DEL04-MA";"UOP03-DEL04-MA"
780017;2026-06-20;"sábado";"20:29:00";"SC";280;23;"ARAQUARI";"Iluminação deficiente";"Queda de ocupante de veículo";"Com Vítimas Feridas";"Plena Noite";"Crescente";"Chuva";"Simples";"Reta";"Não";3;0;2;0;0;1;2;2;-26,375607;-48,717613;"SPRF-SC";"DEL03-SC";"UOP03-DEL03-SC"
780021;2026-06-20;"sábado";"20:00:00";"MA";135;95;"ITAPECURU MIRIM";"Transitar na contramão";"Colisão frontal";"Com Vítimas Fatais";"Plena Noite";"Crescente";"Céu Claro";"Simples";"Reta";"Não";3;1;0;0;1;2;0;4;-3,33002;-44,44424;"SPRF-MA";"DEL01-MA";"UOP02-DEL01-MA"
780035;2026-06-20;"sábado";"22:00:00";"SC";101;294,7;"IMBITUBA";"Reação tardia ou ineficiente do condutor";"Colisão traseira";"Com Vítimas Feridas";"Plena Noite";"Crescente";"Chuva";"Múltipla";"Reta";"Sim";2;0;0;1;1;0;1;2;-28,31776498;-48,72671485;"SPRF-SC";"DEL02-SC";"UOP03-DEL02-SC"
780037;2026-06-20;"sábado";"23:10:00";"MG";40;480,6;"SETE LAGOAS";"Condutor Dormindo";"Colisão traseira";"Com Vítimas Feridas";"Plena Noite";"Crescente";"Céu Claro";"Dupla";"Aclive;Reta";"Não";3;0;1;0;0;2;1;3;-19,54719;-44,24697;"SPRF-MG";"DEL02-MG";"UOP01-DEL02-MG"
780054;2026-06-21;"domingo";"00:30:00";"PR";277;480,7;"NOVA LARANJEIRAS";"Pedestre andava na pista";"Atropelamento de Pedestre";"Com Vítimas Fatais";"Plena Noite";"Decrescente";"Céu Claro";"Simples";"Reta";"Sim";2;1;0;0;0;1;0;2;-25,29619134;-52,5725565;"SPRF-PR";"DEL04-PR";"UOP02-DEL04-PR"
780067;2026-06-21;"domingo";"04:00:00";"BA";116;604;"IRAJUBA";"Ultrapassagem Indevida";"Colisão frontal";"Com Vítimas Feridas";"Plena Noite";"Crescente";"Céu Claro";"Simples";"Declive";"Não";3;0;1;1;0;2;2;4;-13,28593084;-40,02016354;"SPRF-BA";"DEL03-BA";"UOP02-DEL03-BA"
780076;2026-06-21;"domingo";"04:25:00";"ES";262;80,2;"DOMINGOS MARTINS";"Ingestão de álcool pelo condutor";"Colisão frontal";"Com Vítimas Feridas";"Plena Noite";"Decrescente";"Céu Claro";"Simples";"Curva";"Não";7;0;6;0;1;0;6;2;-20,40708;-40,94269;"SPRF-ES";"DEL01-ES";"UOP02-DEL01-ES"
780090;2026-06-21;"domingo";"05:00:00";"BA";116;88;"CHORROCHO";"Condutor Dormindo";"Colisão frontal";"Com Vítimas Fatais";"Amanhecer";"Crescente";"Céu Claro";"Simples";"Declive;Reta";"Não";3;1;0;0;1;3;0;5;-9,382545;-39,085773;"SPRF-BA";"DEL07-BA";"UOP03-DEL07-BA"
780092;2026-06-21;"domingo";"07:20:00";"MG";40;733;"OLIVEIRA FORTES";"Velocidade Incompatível";"Tombamento";"Com Vítimas Fatais";"Pleno dia";"Crescente";"Céu Claro";"Dupla";"Curva";"Não";2;1;0;0;0;1;0;2;-21,33410896;-43,58652815;"SPRF-MG";"DEL05-MG";"UOP01-DEL05-MG"
780108;2026-06-21;"domingo";"07:20:00";"PI";316;353,6;"CAMPO GRANDE DO PIAUI";"Transitar na contramão";"Colisão lateral sentido oposto";"Com Vítimas Fatais";"Pleno dia";"Crescente";"Sol";"Simples";"Reta";"Sim";3;1;0;0;1;2;0;4;-7,1271;-41,08632;"SPRF-PI";"DEL04-PI";"UOP03-DEL04-PI"
780123;2026-06-21;"domingo";"10:35:00";"ES";101;32;"CONCEICAO DA BARRA";"Acessar a via sem observar a presença dos outros veículos";"Colisão transversal";"Com Vítimas Feridas";"Pleno dia";"Decrescente";"Céu Claro";"Simples";"Reta;Interseção de Vias;Retorno Regulamentado";"Sim";3;0;1;0;1;1;1;3;-18,43300857;-39,93375778;"SPRF-ES";"DEL04-ES";"UOP02-DEL04-ES"
780127;2026-06-20;"sábado";"06:40:00";"MG";262;350;"BETIM";"Ausência de reação do condutor";"Colisão traseira";"Com Vítimas Feridas";"Amanhecer";"Decrescente";"Nevoeiro/Neblina";"Dupla";"Reta";"Sim";3;0;1;0;1;2;1;4;-19,980293;-44,205965;"SPRF-MG";"DEL01-MG";"UOP03-DEL01-MG"
780129;2026-06-21;"domingo";"12:00:00";"PR";476;154;"ARAUCARIA";"Manobra de mudança de faixa";"Colisão traseira";"Com Vítimas Feridas";"Pleno dia";"Decrescente";"Céu Claro";"Dupla";"Reta";"Sim";4;0;1;0;2;1;1;3;-25,58501367;-49,40226736;"SPRF-PR";"DEL01-PR";"UOP06-DEL01-PR"
780132;2026-06-21;"domingo";"10:44:00";"MT";364;1260;"COMODORO";"Velocidade Incompatível";"Tombamento";"Com Vítimas Feridas";"Pleno dia";"Decrescente";"Céu Claro";"Simples";"Rotatória";"Não";3;0;1;0;0;3;1;4;-13,6416951;-59,7986643;"SPRF-MT";"DEL04-MT";"UOP02-DEL04-MT"
780137;2026-06-21;"domingo";"13:15:00";"RS";285;293,2;"PASSO FUNDO";"Reação tardia ou ineficiente do condutor";"Tombamento";"Com Vítimas Feridas";"Pleno dia";"Crescente";"Céu Claro";"Simples";"Curva;Aclive;Interseção de Vias";"Sim";2;0;1;0;0;1;1;2;-28,2369853;-52,3747232;"SPRF-RS";"DEL08-RS";"UOP03-DEL08-RS"
780138;2026-06-17;"quarta-feira";"08:30:00";"PR";277;30;"MORRETES";"Condutor deixou de manter distância do veículo da frente";"Tombamento";"Com Vítimas Feridas";"Pleno dia";"Decrescente";"Céu Claro";"Dupla";"Reta";"Sim";2;0;1;0;0;1;1;2;-25,552416;-48,799503;"SPRF-PR";"DEL01-PR";"UOP05-DEL01-PR"
780140;2026-06-02;"terça-feira";"03:20:00";"BA";116;9,2;"ABARE";"Ausência de reação do condutor";"Colisão lateral sentido oposto";"Com Vítimas Feridas";"Plena Noite";"Crescente";"Céu Claro";"Simples";"Reta";"Não";3;0;0;1;1;4;1;6;-8,69761926;-39,26009266;"SPRF-PE";"DEL05-PE";"UOP03-DEL05-PE"
780157;2026-06-21;"domingo";"15:00:00";"SP";116;287;"ITAPECERICA DA SERRA";"Ingestão de álcool pelo condutor";"Colisão lateral mesmo sentido";"Sem Vítimas";"Pleno dia";"Decrescente";"Céu Claro";"Dupla";"Reta";"Sim";8;0;0;0;7;1;0;3;-23,70000225;-46,8677187;"SPRF-SP";"DEL04-SP";"UOP01-DEL04-SP"
780158;2026-06-21;"domingo";"14:35:00";"SC";480;128;"CHAPECO";"Manobra de mudança de faixa";"Colisão traseira";"Sem Vítimas";"Pleno dia";"Crescente";"Céu Claro";"Dupla";"Reta";"Sim";2;0;0;0;1;1;0;2;-27,035872;-52,633708;"SPRF-SC";"DEL07-SC";"UOP01-DEL07-SC"
780164;2026-05-08;"sexta-feira";"22:15:00";"RJ";116;332;"ITATIAIA";"Demais falhas mecânicas ou elétricas";"Incêndio";"Sem Vítimas";"Plena Noite";"Decrescente";"Céu Claro";"Dupla";"Reta";"Não";2;0;0;0;1;1;0;2;-22,50371583;-44,6277523;"SPRF-RJ";"DEL07-RJ";"UOP02-DEL07-RJ"
780171;2026-06-21;"domingo";"14:00:00";"AM";174;895;"MANAUS";"Acesso irregular";"Colisão traseira";"Com Vítimas Feridas";"Pleno dia";"Crescente";"Céu Claro";"Simples";"Declive;Reta";"Não";5;0;1;0;3;1;1;4;-2,88712;-60,035;"SPRF-AM";"DEL01-AM";"UOP01-DEL01-AM"
780177;2026-06-21;"domingo";"12:50:00";"MT";70;180;"GENERAL CARNEIRO";"Condutor Dormindo";"Saída de leito carroçável";"Com Vítimas Feridas";"Pleno dia";"Crescente";"Céu Claro";"Simples";"Reta";"Não";2;0;0;1;0;3;1;4;-15,68357605;-53,60353947;"SPRF-MT";"DEL05-MT";"UOP01-DEL05-MT"
780180;2026-06-21;"domingo";"16:30:00";"MG";40;807,5;"MATIAS BARBOSA";"Velocidade Incompatível";"Colisão traseira";"Com Vítimas Feridas";"Pleno dia";"Decrescente";"Céu Claro";"Dupla";"Curva";"Não";5;0;2;0;2;1;2;3;-21,865398;-43,367802;"SPRF-MG";"DEL05-MG";"UOP01-DEL05-MG"
780183;2026-06-21;"domingo";"09:54:00";"MT";163;1082;"GUARANTA DO NORTE";"Demais falhas mecânicas ou elétricas";"Colisão lateral mesmo sentido";"Com Vítimas Feridas";"Pleno dia";"Crescente";"Céu Claro";"Simples";"Reta";"Não";2;0;1;0;0;3;1;4;-9,80846996;-54,89179373;"SPRF-MT";"DEL06-MT";"UOP03-DEL06-MT"
780185;2026-06-21;"domingo";"17:40:00";"ES";101;142,9;"LINHARES";"Trafegar com motocicleta (ou similar) entre as faixas";"Colisão lateral sentido oposto";"Com Vítimas Fatais";"Anoitecer";"Crescente";"Céu Claro";"Múltipla";"Curva";"Sim";2;1;0;0;1;0;0;2;-19,342509;-40,06394;"SPRF-ES";"DEL04-ES";"UOP01-DEL04-ES"
780218;2026-06-21;"domingo";"16:20:00";"SC";470;105,3;"APIUNA";"Transitar na contramão";"Colisão lateral sentido oposto";"Com Vítimas Feridas";"Pleno dia";"Crescente";"Sol";"Simples";"Reta";"Não";2;0;1;0;1;0;1;2;-27,06622271;-49,41731326;"SPRF-SC";"DEL04-SC";"UOP02-DEL04-SC"
780230;2026-06-21;"domingo";"20:40:00";"RS";470;178,8;"VERANOPOLIS";"Reação tardia ou ineficiente do condutor";"Colisão traseira";"Com Vítimas Feridas";"Plena Noite";"Decrescente";"Céu Claro";"Simples";"Aclive;Reta";"Sim";4;0;0;1;2;1;1;3;-28,949825;-51,556184;"SPRF-RS";"DEL06-RS";"UOP02-DEL06-RS"
780231;2026-06-21;"domingo";"18:10:00";"MG";381;260,4;"TIMOTEO";"Reação tardia ou ineficiente do condutor";"Colisão frontal";"Com Vítimas Feridas";"Anoitecer";"Crescente";"Céu Claro";"Simples";"Curva";"Não";2;0;0;1;1;0;1;2;-19,53407;-42,6263;"SPRF-MG";"DEL03-MG";"UOP02-DEL03-MG"
780232;2026-06-21;"domingo";"20:20:00";"MG";40;472;"SETE LAGOAS";"Carga excessiva e/ou mal acondicionada";"Tombamento";"Com Vítimas Feridas";"Plena Noite";"Decrescente";"Céu Claro";"Dupla";"Aclive;Curva";"Sim";1;0;1;0;0;0;1;1;-19,49597;-44,279891;"SPRF-MG";"DEL02-MG";"UOP01-DEL02-MG"
780235;2026-06-21;"domingo";"20:50:00";"ES";101;200,6;"JOAO NEIVA";"Ingestão de álcool pelo condutor";"Colisão traseira";"Com Vítimas Feridas";"Plena Noite";"Crescente";"Ignorado";"Simples";"Reta";"Sim";8;0;1;1;4;2;2;4;-19,72992173;-40,35904733;"SPRF-ES";"DEL04-ES";"UOP01-DEL04-ES"
780239;2026-06-01;"segunda-feira";"16:55:00";"MT";163;114;"RONDONOPOLIS";"Ausência de reação do condutor";"Colisão traseira";"Com Vítimas Fatais";"Anoitecer";"Decrescente";"Céu Claro";"Dupla";"Reta;Declive";"Não";4;1;0;0;1;4;0;6;-16,52325624;-54,65949297;"SPRF-MT";"DEL02-MT";"UOP01-DEL02-MT"
780252;2026-06-21;"domingo";"15:44:00";"PR";277;653;"MATELANDIA";"Afundamento ou ondulação no pavimento";"Tombamento";"Com Vítimas Feridas";"Pleno dia";"Decrescente";"Céu Claro";"Simples";"Reta";"Não";2;0;1;0;0;1;1;2;-25,20410632;-53,94924402;"SPRF-PR";"DEL05-PR";"UOP02-DEL05-PR"
780256;2026-06-21;"domingo";"22:00:00";"MG";40;484;"SETE LAGOAS";"Reação tardia ou ineficiente do condutor";"Tombamento";"Com Vítimas Fatais";"Plena Noite";"Crescente";"Céu Claro";"Dupla";"Aclive;Reta";"Não";2;1;0;0;0;1;0;2;-19,576917;-44,229466;"SPRF-MG";"DEL02-MG";"UOP01-DEL02-MG"
780259;2026-06-21;"domingo";"21:40:00";"SC";280;130;"RIO NEGRINHO";"Ingestão de álcool pelo condutor";"Colisão lateral sentido oposto";"Com Vítimas Feridas";"Plena Noite";"Decrescente";"Nublado";"Simples";"Curva;Interseção de Vias;Ponte";"Sim";4;0;1;0;2;1;1;4;-26,25192169;-49,5273596;"SPRF-SC";"DEL06-SC";"UOP03-DEL06-SC"
780285;2026-06-22;"segunda-feira";"02:30:00";"AM";319;717;"HUMAITA";"Ausência de reação do condutor";"Saída de leito carroçável";"Com Vítimas Fatais";"Plena Noite";"Crescente";"Céu Claro";"Simples";"Reta";"Não";3;2;0;0;0;1;0;2;-7,83687;-63,2163483;"SPRF-AM";"DEL02-AM";"UOP01-DEL02-AM"
780289;2026-06-22;"segunda-feira";"05:20:00";"SP";116;65,8;"GUARATINGUETA";"Condutor Dormindo";"Colisão com objeto";"Com Vítimas Feridas";"Amanhecer";"Crescente";"Nublado";"Dupla";"Curva";"Não";6;0;2;0;3;1;2;4;-22,8216293;-45,20038502;"SPRF-SP";"DEL08-SP";"UOP01-DEL08-SP"
780293;2026-05-24;"domingo";"15:44:00";"GO";60;114;"GOIANAPOLIS";"Ausência de reação do condutor";"Colisão traseira";"Com Vítimas Feridas";"Pleno dia";"Crescente";"Céu Claro";"Dupla";"Reta";"Não";4;0;0;1;2;1;1;3;-16,45046871;-49,04729716;"SPRF-GO";"DEL01-GO";"UOP01-DEL01-GO"
780299;2026-06-22;"segunda-feira";"05:50:00";"PR";476;180,8;"CONTENDA";"Velocidade Incompatível";"Tombamento";"Com Vítimas Feridas";"Amanhecer";"Decrescente";"Céu Claro";"Simples";"Curva";"Não";2;0;1;0;0;1;1;2;-25,710424;-49,604293;"SPRF-PR";"DEL01-PR";"UOP06-DEL01-PR"
780303;2026-06-21;"domingo";"19:00:00";"MG";381;238,2;"SANTANA DO PARAISO";"Condutor deixou de manter distância do veículo da frente";"Colisão traseira";"Com Vítimas Feridas";"Pleno dia";"Crescente";"Nublado";"Simples";"Reta";"Não";3;0;1;0;1;1;1;3;-19,41220201;-42,48962402;"SPRF-MG";"DEL06-MG";"UOP01-DEL06-MG"
780304;2026-06-22;"segunda-feira";"07:20:00";"MG";381;426,9;"SABARA";"Pista Escorregadia";"Queda de ocupante de veículo";"Com Vítimas Feridas";"Pleno dia";"Crescente";"Sol";"Simples";"Curva;Declive";"Não";6;0;1;3;2;0;4;5;-19,78674922;-43,71735789;"SPRF-MG";"DEL01-MG";"UOP01-DEL01-MG"
780305;2026-06-21;"domingo";"21:48:00";"RO";364;381,4;"OURO PRETO DO OESTE";"Transitar na contramão";"Colisão lateral sentido oposto";"Com Vítimas Feridas";"Plena Noite";"Decrescente";"Céu Claro";"Simples";"Reta";"Não";4;0;2;0;2;0;2;2;-10,726985;-62,232168;"SPRF-RO";"DEL02-RO";"UOP01-DEL02-RO"