"id";"data_inversa";"dia_semana";"horario";"uf";"br";"km";"municipio";"causa_acidente";"tipo_acidente";"classificacao_acidente";"fase_dia";"sentido_via";"condicao_metereologica";"tipo_pista";"tracado_via";"uso_solo";"pessoas";"mortos";"feridos_leves";"feridos_graves";"ilesos";"ignorados";"feridos";"veiculos";"latitude";"longitude";"regional";"delegacia";"uop"
780313;2026-05-25;"segunda-feira";"17:10:00";"SC";101;127,8;"CAMBORIU";"Reação tardia ou ineficiente do condutor";"Colisão traseira";"Com Vítimas Feridas";"Anoitecer";"Crescente";"Nublado";"Dupla";"Reta";"Não";6;0;1;0;5;0;1;6;-26,975055;-48,682654;"SPRF-SC";"DEL04-SC";"UOP04-DEL04-SC"
780321;2026-06-22;"segunda-feira";"06:15:00";"MT";70;513;"VARZEA GRANDE";"Acessar a via sem observar a presença dos outros veículos";"Colisão transversal";"Com Vítimas Fatais";"Amanhecer";"Decrescente";"Céu Claro";"Dupla";"Reta;Desvio Temporário";"Não";2;1;0;0;1;0;0;2;-15,70583467;-56,1258781;"SPRF-MT";"DEL01-MT";"UOP02-DEL01-MT"
780322;2026-06-22;"segunda-feira";"08:00:00";"SP";116;145;"SAO JOSE DOS CAMPOS";"Ausência de reação do condutor";"Colisão traseira";"Com Vítimas Feridas";"Pleno dia";"Decrescente";"Céu Claro";"Dupla";"Reta";"Não";3;0;2;0;1;0;2;2;-23,18725207;-45,85298615;"SPRF-SP";"DEL02-SP";"UOP01-DEL02-SP"
780331;2026-06-22;"segunda-feira";"06:00:00";"GO";153;441;"ANAPOLIS";"Reação tardia ou ineficiente do condutor";"Colisão lateral mesmo sentido";"Com Vítimas Feridas";"Amanhecer";"Crescente";"Céu Claro";"Dupla";"Curva";"Sim";2;0;1;0;1;0;1;2;-16,3385291;-48,9223293;"SPRF-GO";"DEL02-GO";"UOP01-DEL02-GO"
780333;2026-06-22;"segunda-feira";"05:30:00";"RJ";493;64;"NOVA IGUACU";"Ausência de reação do condutor";"Colisão traseira";"Com Vítimas Feridas";"Amanhecer";"Decrescente";"Céu Claro";"Dupla";"Reta";"Não";3;0;1;0;2;0;1;2;-22,686056;-43,434354;"SPRF-RJ";"DEL01-RJ";"UOP03-DEL01-RJ"
780334;2026-06-22;"segunda-feira";"06:45:00";"RS";285;365,6;"SALDANHA MARINHO";"Chuva";"Colisão frontal";"Com Vítimas Fatais";"Amanhecer";"Crescente";"Chuva";"Simples";"Aclive;Reta";"Não";5;3;0;0;1;1;0;3;-28,3875365;-53,019814;"SPRF-RS";"DEL08-RS";"UOP03-DEL08-RS"
780336;2026-06-22;"segunda-feira";"08:45:00";"ES";101;301;"VIANA";"Manobra de mudança de faixa";"Colisão lateral mesmo sentido";"Sem Vítimas";"Pleno dia";"Crescente";"Céu Claro";"Dupla";"Curva";"Sim";2;0;0;0;2;0;0;2;-20,3637078;-40,44249471;"SPRF-ES";"DEL01-ES";"UOP01-DEL01-ES"
780347;2026-06-22;"segunda-feira";"06:45:00";"MG";40;665,5;"CARANDAI";"Conversão proibida";"Colisão traseira";"Com Vítimas Feridas";"Pleno dia";"Decrescente";"Nublado";"Simples";"Declive;Reta";"Não";2;0;1;0;1;0;1;2;-20,92446684;-43,82058007;"SPRF-MG";"DEL05-MG";"UOP02-DEL05-MG"
780354;2026-06-22;"segunda-feira";"08:30:00";"PR";116;189;"CAMPO DO TENENTE";"Acessar a via sem observar a presença dos outros veículos";"Colisão transversal";"Com Vítimas Feridas";"Pleno dia";"Crescente";"Céu Claro";"Simples";"Reta";"Não";3;0;0;2;1;0;2;2;-25,99477942;-49,66706363;"SPRF-PR";"DEL01-PR";"UOP03-DEL01-PR"
780365;2026-06-22;"segunda-feira";"06:50:00";"AC";364;156;"BUJARI";"Pedestre andava na pista";"Atropelamento de Pedestre";"Com Vítimas Feridas";"Pleno dia";"Crescente";"Céu Claro";"Simples";"Aclive;Reta";"Sim";3;0;0;1;1;1;1;3;-9,83210974;-67,95128406;"SPRF-AC";"DEL01-AC";"UOP01-DEL01-AC"
780367;2026-06-22;"segunda-feira";"09:30:00";"PR";277;588,7;"CASCAVEL";"Frear bruscamente";"Colisão traseira";"Com Vítimas Feridas";"Pleno dia";"Crescente";"Nublado";"Simples";"Reta";"Sim";3;0;1;0;2;0;1;3;-24,9682;-53,4243;"SPRF-PR";"DEL04-PR";"UOP01-DEL04-PR"
780369;2026-06-07;"domingo";"19:10:00";"MT";163;1073;"GUARANTA DO NORTE";"Ausência de reação do condutor";"Colisão traseira";"Com Vítimas Fatais";"Plena Noite";"Crescente";"Céu Claro";"Simples";"Reta";"Não";8;1;0;5;1;3;5;5;-9,890902;-54,900458;"SPRF-MT";"DEL06-MT";"UOP03-DEL06-MT"
780372;2026-06-06;"sábado";"03:58:00";"MT";174;135,1;"CACERES";"Demais falhas mecânicas ou elétricas";"Eventos atípicos";"Com Vítimas Feridas";"Plena Noite";"Crescente";"Céu Claro";"Simples";"Aclive;Reta";"Não";2;0;0;1;1;0;1;2;-15,82410549;-58,04527357;"SPRF-MT";"DEL03-MT";"UOP01-DEL03-MT"
780373;2026-06-22;"segunda-feira";"11:30:00";"RS";290;110;"ELDORADO DO SUL";"Reação tardia ou ineficiente do condutor";"Colisão traseira";"Com Vítimas Feridas";"Pleno dia";"Crescente";"Chuva";"Dupla";"Reta";"Não";3;0;2;0;1;0;2;2;-30,03600606;-51,327269;"SPRF-RS";"DEL02-RS";"UOP01-DEL02-RS"
780374;2026-06-22;"segunda-feira";"11:10:00";"BA";135;165;"RIACHAO DAS NEVES";"Ingestão de álcool pelo condutor";"Colisão lateral sentido oposto";"Com Vítimas Fatais";"Pleno dia";"Crescente";"Céu Claro";"Simples";"Reta";"Não";6;1;0;0;5;0;0;3;-11,95377;-44,90887;"SPRF-BA";"DEL10-BA";"UOP01-DEL10-BA"
780382;2026-06-22;"segunda-feira";"10:10:00";"MT";70;510;"CUIABA";"Ausência de reação do condutor";"Colisão traseira";"Com Vítimas Fatais";"Pleno dia";"Crescente";"Sol";"Dupla";"Reta";"Não";4;1;0;0;2;4;0;7;-15,695917;-56,107609;"SPRF-MT";"DEL01-MT";"UOP02-DEL01-MT"
780383;2026-05-22;"sexta-feira";"13:40:00";"SP";381;58;"MAIRIPORA";"Reação tardia ou ineficiente do condutor";"Colisão traseira";"Com Vítimas Feridas";"Pleno dia";"Crescente";"Céu Claro";"Dupla";"Reta";"Não";2;0;1;0;1;0;1;2;-23,27619357;-46,58570194;"SPRF-SP";"DEL03-SP";"UOP01-DEL03-SP"
780384;2026-06-22;"segunda-feira";"10:00:00";"RJ";356;64;"ITAPERUNA";"Velocidade Incompatível";"Saída de leito carroçável";"Com Vítimas Feridas";"Pleno dia";"Crescente";"Céu Claro";"Simples";"Declive;Curva";"Não";2;0;1;0;0;1;1;2;-21,3358764;-41,710301;"SPRF-RJ";"DEL08-RJ";"UOP03-DEL08-RJ"
780387;2026-06-11;"quinta-feira";"11:10:00";"BA";20;95;"SAO DESIDERIO";"Ultrapassagem Indevida";"Colisão frontal";"Com Vítimas Feridas";"Pleno dia";"Crescente";"Céu Claro";"Simples";"Reta";"Não";8;0;0;4;3;8;4;12;-13,14411;-46,02629;"SPRF-BA";"DEL10-BA";"UOP01-DEL10-BA"
780390;2026-06-08;"segunda-feira";"11:10:00";"PR";116;27,7;"CAMPINA GRANDE DO SUL";"Mal súbito do condutor";"Tombamento";"Com Vítimas Feridas";"Pleno dia";"Crescente";"Sol";"Múltipla";"Aclive;Curva";"Sim";2;0;1;0;0;1;1;2;-25,11025245;-48,79740564;"SPRF-PR";"DEL01-PR";"UOP02-DEL01-PR"
780391;2026-06-22;"segunda-feira";"10:16:00";"MT";364;130;"PEDRA PRETA";"Ausência de reação do condutor";"Colisão traseira";"Com Vítimas Feridas";"Pleno dia";"Crescente";"Céu Claro";"Simples";"Reta;Em Obras";"Não";4;0;1;1;1;4;2;6;-16,7902;-54,142;"SPRF-MT";"DEL02-MT";"UOP01-DEL02-MT"
780395;2026-06-22;"segunda-feira";"08:30:00";"PR";163;127;"REALEZA";"Demais falhas mecânicas ou elétricas";"Incêndio";"Sem Vítimas";"Pleno dia";"Decrescente";"Céu Claro";"Simples";"Reta";"Não";2;0;0;0;1;1;0;2;-25,57622084;-53,56573105;"SPRF-PR";"DEL02-PR";"UOP02-DEL02-PR"
780396;2026-06-22;"segunda-feira";"10:45:00";"BA";116;641,6;"JAGUAQUARA";"Problema com o freio";"Saída de leito carroçável";"Com Vítimas Feridas";"Pleno dia";"Crescente";"Céu Claro";"Simples";"Reta";"Não";2;0;1;0;0;1;1;2;-13,58919;-40,085973;"SPRF-BA";"DEL03-BA";"UOP01-DEL03-BA"
780399;2026-06-07;"domingo";"01:20:00";"SC";470;269,5;"CURITIBANOS";"Ingestão de álcool pelo condutor";"Colisão frontal";"Com Vítimas Feridas";"Plena Noite";"Crescente";"Nevoeiro/Neblina";"Simples";"Reta";"Não";4;0;2;0;1;3;2;5;-27,31480289;-50,76006243;"SPRF-SC";"DEL07-SC";"UOP06-DEL07-SC"
780403;2026-06-10;"quarta-feira";"08:55:00";"ES";101;287,6;"CARIACICA";"Trafegar com motocicleta (ou similar) entre as faixas";"Colisão transversal";"Com Vítimas Feridas";"Pleno dia";"Decrescente";"Céu Claro";"Dupla";"Interseção de Vias";"Não";3;0;1;0;1;1;1;3;-20,25028;-40,372353;"SPRF-ES";"DEL01-ES";"UOP01-DEL01-ES"
780405;2026-06-22;"segunda-feira";"07:30:00";"AL";101;150,6;"JEQUIA DA PRAIA";"Ausência de reação do condutor";"Tombamento";"Com Vítimas Feridas";"Pleno dia";"Crescente";"Céu Claro";"Dupla";"Curva";"Não";2;0;1;0;0;2;1;3;-9,89492976;-36,13968596;"SPRF-AL";"DEL02-AL";"UOP02-DEL02-AL"
780406;2026-06-22;"segunda-feira";"12:15:00";"MG";381;665;"PERDOES";"Ausência de reação do condutor";"Tombamento";"Sem Vítimas";"Pleno dia";"Decrescente";"Céu Claro";"Dupla";"Retorno Regulamentado;Declive";"Não";1;0;0;0;1;0;0;1;-21,0449;-45,0005;"SPRF-MG";"DEL04-MG";"UOP02-DEL04-MG"
780425;2026-06-22;"segunda-feira";"13:25:00";"PR";376;155,5;"MANDAGUACU";"Entrada inopinada do pedestre";"Atropelamento de Pedestre";"Com Vítimas Fatais";"Pleno dia";"Decrescente";"Nublado";"Dupla";"Reta";"Sim";2;1;0;0;1;0;0;2;-23,33807367;-52,10101811;"SPRF-PR";"DEL09-PR";"UOP02-DEL09-PR"
780426;2026-06-22;"segunda-feira";"11:19:00";"RO";421;0,5;"ARIQUEMES";"Manobra de mudança de faixa";"Colisão transversal";"Com Vítimas Feridas";"Pleno dia";"Crescente";"Céu Claro";"Simples";"Reta";"Sim";3;0;0;2;1;0;2;2;-9,918434;-63,059851;"SPRF-RO";"DEL03-RO";"UOP01-DEL03-RO"
780429;2026-06-22;"segunda-feira";"12:55:00";"MT";163;784;"SORRISO";"Manobra de mudança de faixa";"Colisão frontal";"Com Vítimas Feridas";"Pleno dia";"Crescente";"Sol";"Simples";"Reta";"Não";3;0;2;0;0;2;2;4;-12,3117;-55,5782;"SPRF-MT";"DEL06-MT";"UOP02-DEL06-MT"
780431;2026-06-22;"segunda-feira";"07:50:00";"MT";158;797;"BARRA DO GARCAS";"Ausência de reação do condutor";"Saída de leito carroçável";"Sem Vítimas";"Pleno dia";"Decrescente";"Nublado";"Simples";"Reta";"Sim";3;0;0;0;1;3;0;4;-15,876865;-52,314346;"SPRF-MT";"DEL07-MT";"UOP01-DEL07-MT"
780435;2026-06-04;"quinta-feira";"12:00:00";"GO";364;325;"PORTELANDIA";"Transitar na contramão";"Colisão lateral sentido oposto";"Com Vítimas Feridas";"Pleno dia";"Crescente";"Céu Claro";"Múltipla";"Reta";"Não";3;0;1;0;1;2;1;4;-17,400317;-52,676328;"SPRF-GO";"DEL05-GO";"UOP01-DEL05-GO"
780442;2026-06-22;"segunda-feira";"16:30:00";"BA";101;167;"CONCEICAO DO JACUIPE";"Frear bruscamente";"Colisão traseira";"Sem Vítimas";"Pleno dia";"Crescente";"Céu Claro";"Simples";"Viaduto";"Não";2;0;0;0;2;0;0;2;-12,3591733;-38,82446;"SPRF-BA";"DEL11-BA";"UOP02-DEL11-BA"
780443;2026-06-22;"segunda-feira";"16:15:00";"SP";116;296;"ITAPECERICA DA SERRA";"Velocidade Incompatível";"Engavetamento";"Com Vítimas Feridas";"Pleno dia";"Crescente";"Céu Claro";"Dupla";"Reta";"Não";5;0;2;0;2;2;2;6;-23,77262063;-46,9129622;"SPRF-SP";"DEL04-SP";"UOP01-DEL04-SP"
780444;2026-06-22;"segunda-feira";"15:00:00";"RJ";40;122;"DUQUE DE CAXIAS";"Manobra de mudança de faixa";"Queda de ocupante de veículo";"Com Vítimas Feridas";"Pleno dia";"Crescente";"Sol";"Dupla";"Reta";"Sim";2;0;1;0;0;1;1;2;-22,799673;-43,290377;"SPRF-RJ";"DEL01-RJ";"UOP02-DEL01-RJ"
780446;2026-06-22;"segunda-feira";"16:33:00";"PE";408;33,7;"ALIANCA";"Conversão proibida";"Colisão lateral mesmo sentido";"Com Vítimas Feridas";"Anoitecer";"Decrescente";"Céu Claro";"Simples";"Interseção de Vias";"Não";2;0;1;0;1;0;1;2;-7,65248248;-35,25113583;"SPRF-PE";"DEL01-PE";"UOP01-DEL01-PE"
780465;2026-06-22;"segunda-feira";"18:00:00";"PR";116;9,6;"CURITIBA";"Pedestre andava na pista";"Atropelamento de Pedestre";"Com Vítimas Fatais";"Anoitecer";"Crescente";"Chuva";"Dupla";"Reta";"Sim";2;1;0;0;1;0;0;2;-25,38549938;-49,21360016;"SPRF-PR";"DEL01-PR";"UOP02-DEL01-PR"
780468;2026-06-22;"segunda-feira";"15:03:00";"MG";153;174,6;"COMENDADOR GOMES";"Condutor deixou de manter distância do veículo da frente";"Colisão traseira";"Com Vítimas Feridas";"Pleno dia";"Crescente";"Céu Claro";"Simples";"Reta";"Não";3;0;1;0;2;0;1;2;-19,746921;-48,969774;"SPRF-MG";"DEL13-MG";"UOP02-DEL13-MG"
780469;2026-06-22;"segunda-feira";"15:40:00";"MG";262;823,8;"UBERABA";"Ausência de reação do condutor";"Saída de leito carroçável";"Com Vítimas Feridas";"Pleno dia";"Crescente";"Sol";"Simples";"Reta";"Não";1;0;0;1;0;0;1;1;-19,74261566;-48,19825379;"SPRF-MG";"DEL13-MG";"UOP01-DEL13-MG"
780472;2026-06-22;"segunda-feira";"19:20:00";"PR";476;147;"ARAUCARIA";"Ausência de reação do condutor";"Tombamento";"Sem Vítimas";"Plena Noite";"Decrescente";"Chuva";"Simples";"Reta";"Não";2;0;0;0;1;1;0;1;-25,61000612;-49,422661;"SPRF-PR";"DEL01-PR";"UOP06-DEL01-PR"
780473;2026-06-22;"segunda-feira";"19:05:00";"PR";277;711;"SANTA TEREZINHA DE ITAIPU";"Ausência de reação do condutor";"Saída de leito carroçável";"Com Vítimas Feridas";"Plena Noite";"Decrescente";"Nublado";"Dupla";"Viaduto;Declive";"Não";3;0;1;0;1;1;1;3;-25,449659;-54,41138864;"SPRF-PR";"DEL05-PR";"UOP01-DEL05-PR"
780476;2026-06-22;"segunda-feira";"19:30:00";"MG";381;396;"BOM JESUS DO AMPARO";"Manobra de mudança de faixa";"Colisão traseira";"Com Vítimas Feridas";"Plena Noite";"Crescente";"Céu Claro";"Dupla";"Reta";"Sim";3;0;1;0;1;1;1;3;-19,74219611;-43,49411901;"SPRF-MG";"DEL01-MG";"UOP01-DEL01-MG"
780477;2026-06-22;"segunda-feira";"17:50:00";"MT";70;552,3;"NOSSA SENHORA DO LIVRAMENTO";"Ausência de reação do condutor";"Saída de leito carroçável";"Com Vítimas Feridas";"Anoitecer";"Decrescente";"Nublado";"Simples";"Declive;Reta";"Não";2;0;1;0;0;1;1;2;-15,70501874;-56,40930176;"SPRF-MT";"DEL03-MT";"UOP02-DEL03-MT"
780478;2026-06-22;"segunda-feira";"20:00:00";"PR";116;15;"CAMPINA GRANDE DO SUL";"Velocidade Incompatível";"Tombamento";"Com Vítimas Feridas";"Plena Noite";"Decrescente";"Chuva";"Dupla";"Curva";"Não";2;0;1;0;0;1;1;2;-25,099385;-48,688738;"SPRF-PR";"DEL01-PR";"UOP02-DEL01-PR"
780479;2026-06-22;"segunda-feira";"19:40:00";"SP";116;492,6;"CAJATI";"Ausência de reação do condutor";"Saída de leito carroçável";"Com Vítimas Feridas";"Plena Noite";"Decrescente";"Céu Claro";"Dupla";"Curva";"Não";1;0;1;0;0;0;1;1;-24,74498442;-48,14521043;"SPRF-SP";"DEL05-SP";"UOP01-DEL05-SP"
780485;2026-06-22;"segunda-feira";"16:35:00";"MG";116;552,4;"SANTA BARBARA DO LESTE";"Demais falhas mecânicas ou elétricas";"Tombamento";"Com Vítimas Feridas";"Pleno dia";"Decrescente";"Céu Claro";"Simples";"Curva";"Não";2;0;1;0;0;1;1;2;-19,99641818;-42,14406967;"SPRF-MG";"DEL06-MG";"UOP02-DEL06-MG"
780486;2026-06-22;"segunda-feira";"20:25:00";"RJ";116;199;"QUEIMADOS";"Demais falhas mecânicas ou elétricas";"Incêndio";"Sem Vítimas";"Plena Noite";"Crescente";"Nublado";"Dupla";"Em Obras;Reta";"Não";1;0;0;0;0;1;0;1;-22,730023;-43,591935;"SPRF-RJ";"DEL06-RJ";"UOP02-DEL06-RJ"
780487;2026-06-22;"segunda-feira";"20:40:00";"PR";476;117;"COLOMBO";"Ausência de reação do condutor";"Colisão traseira";"Com Vítimas Feridas";"Plena Noite";"Crescente";"Garoa/Chuvisco";"Dupla";"Declive;Reta";"Sim";3;0;1;0;1;1;1;3;-25,35481272;-49,18027881;"SPRF-PR";"DEL01-PR";"UOP01-DEL01-PR"
780496;2026-06-22;"segunda-feira";"21:50:00";"PR";476;196,4;"LAPA";"Ausência de reação do condutor";"Colisão frontal";"Com Vítimas Fatais";"Plena Noite";"Decrescente";"Chuva";"Simples";"Reta";"Sim";3;1;0;0;1;1;0;3;-25,75682;-49,72971;"SPRF-PR";"DEL01-PR";"UOP06-DEL01-PR"
780498;2026-06-22;"segunda-feira";"21:15:00";"SC";280;143;"RIO NEGRINHO";"Transitar no Acostamento";"Atropelamento de Pedestre";"Com Vítimas Feridas";"Plena Noite";"Crescente";"Garoa/Chuvisco";"Simples";"Curva;Declive";"Não";4;0;1;2;1;0;3;2;-26,25405255;-49,6157047;"SPRF-SC";"DEL06-SC";"UOP03-DEL06-SC"
780501;2026-06-22;"segunda-feira";"23:00:00";"RJ";116;184;"NOVA IGUACU";"Condutor deixou de manter distância do veículo da frente";"Colisão traseira";"Com Vítimas Feridas";"Plena Noite";"Crescente";"Céu Claro";"Dupla";"Em Obras;Reta";"Sim";2;0;1;0;1;0;1;2;-22,7546212;-43,43414633;"SPRF-RJ";"DEL06-RJ";"UOP01-DEL06-RJ"
780505;2026-06-22;"segunda-feira";"22:00:00";"MA";135;72;"SANTA RITA";"Ausência de reação do condutor";"Colisão transversal";"Com Vítimas Feridas";"Plena Noite";"Crescente";"Chuva";"Simples";"Reta";"Sim";3;0;1;0;1;1;1;3;-3,18982024;-44,35117006;"SPRF-MA";"DEL01-MA";"UOP02-DEL01-MA"
780508;2026-06-22;"segunda-feira";"22:30:00";"MT";364;350,8;"SANTO ANTONIO DO LEVERGER";"Problema com o freio";"Saída de leito carroçável";"Com Vítimas Feridas";"Plena Noite";"Crescente";"Céu Claro";"Simples";"Curva;Declive";"Não";1;0;1;0;0;0;1;1;-15,79345221;-55,58575541;"SPRF-MT";"DEL05-MT";"UOP02-DEL05-MT"
780509;2026-06-22;"segunda-feira";"18:40:00";"MG";116;89;"MEDINA";"Ausência de reação do condutor";"Tombamento";"Com Vítimas Feridas";"Plena Noite";"Crescente";"Céu Claro";"Simples";"Curva;Declive";"Não";2;0;0;1;0;1;1;2;-16,34969;-41,475588;"SPRF-MG";"DEL11-MG";"UOP02-DEL11-MG"
780512;2026-06-22;"segunda-feira";"00:11:00";"MT";174;148;"MIRASSOL DOESTE";"Transtornos Mentais (exceto suicidio)";"Colisão lateral sentido oposto";"Sem Vítimas";"Plena Noite";"Crescente";"Céu Claro";"Simples";"Curva";"Não";2;0;0;0;2;0;0;2;-15,82759943;-58,09879303;"SPRF-MT";"DEL03-MT";"UOP01-DEL03-MT"
780514;2026-06-23;"terça-feira";"01:45:00";"MG";262;140,8;"RIO CASCA";"Condutor Dormindo";"Colisão traseira";"Com Vítimas Feridas";"Plena Noite";"Crescente";"Nevoeiro/Neblina";"Simples";"Aclive;Reta";"Não";2;0;1;0;1;0;1;2;-20,064792;-42,718332;"SPRF-MG";"DEL03-MG";"UOP03-DEL03-MG"
780519;2026-06-22;"segunda-feira";"23:30:00";"MG";251;261;"TAIOBEIRAS";"Ausência de reação do condutor";"Saída de leito carroçável";"Com Vítimas Fatais";"Plena Noite";"Decrescente";"Céu Claro";"Simples";"Curva;Declive";"Não";2;1;0;0;0;3;0;4;-16,007457;-41,92581;"SPRF-MG";"DEL12-MG";"UOP02-DEL12-MG"
780520;2026-06-22;"segunda-feira";"19:30:00";"MG";365;503,5;"PATROCINIO";"Reação tardia ou ineficiente do condutor";"Saída de leito carroçável";"Com Vítimas Feridas";"Anoitecer";"Decrescente";"Céu Claro";"Simples";"Curva";"Não";2;0;1;0;0;1;1;2;-18,960477;-47,243547;"SPRF-MG";"DEL10-MG";"UOP01-DEL10-MG"
780523;2026-06-23;"terça-feira";"05:37:00";"PE";232;249;"ARCOVERDE";"Ausência de reação do condutor";"Atropelamento de Animal";"Com Vítimas Feridas";"Amanhecer";"Crescente";"Céu Claro";"Simples";"Reta";"Não";2;0;0;1;1;0;1;2;-8,423117;-37,044342;"SPRF-PE";"DEL04-PE";"UOP02-DEL04-PE"
780526;2026-06-23;"terça-feira";"06:00:00";"PE";232;6;"RECIFE";"Pista Escorregadia";"Colisão com objeto";"Com Vítimas Feridas";"Pleno dia";"Crescente";"Chuva";"Dupla";"Reta";"Não";3;0;2;0;1;0;2;2;-8,07137;-34,95523;"SPRF-PE";"DEL01-PE";"UOP01-DEL01-PE"
780529;2026-06-22;"segunda-feira";"18:45:00";"MS";376;13,2;"DOURADOS";"Ausência de reação do condutor";"Colisão traseira";"Sem Vítimas";"Plena Noite";"Decrescente";"Céu Claro";"Simples";"Reta";"Não";4;0;0;0;2;2;0;3;-22,287433;-54,610194;"SPRF-MS";"DEL04-MS";"UOP01-DEL04-MS"
780530;2026-06-22;"segunda-feira";"19:30:00";"MT";364;523;"ROSARIO OESTE";"Reação tardia ou ineficiente do condutor";"Tombamento";"Com Vítimas Feridas";"Plena Noite";"Decrescente";"Céu Claro";"Simples";"Reta";"Não";2;0;1;0;0;1;1;2;-14,99088669;-56,51781082;"SPRF-MT";"DEL01-MT";"UOP01-DEL01-MT"
780532;2026-06-23;"terça-feira";"07:20:00";"SP";116;514;"CAJATI";"Reação tardia ou ineficiente do condutor";"Colisão traseira";"Com Vítimas Feridas";"Amanhecer";"Decrescente";"Nublado";"Dupla";"Declive;Curva";"Não";3;0;1;0;1;1;1;3;-24,861861;-48,214116;"SPRF-SP";"DEL05-SP";"UOP02-DEL05-SP"
780534;2026-06-23;"terça-feira";"06:10:00";"MG";356;272,3;"MURIAE";"Velocidade Incompatível";"Tombamento";"Com Vítimas Feridas";"Pleno dia";"Crescente";"Nublado";"Simples";"Curva";"Não";3;0;2;0;0;1;2;2;-21,12581789;-42,35332489;"SPRF-MG";"DEL07-MG";"UOP02-DEL07-MG"
780536;2026-06-22;"segunda-feira";"22:00:00";"PR";163;81;"PLANALTO";"Ingestão de álcool pelo condutor";"Saída de leito carroçável";"Sem Vítimas";"Plena Noite";"Crescente";"Céu Claro";"Simples";"Curva";"Não";2;0;0;0;1;1;0;2;-25,71597945;-53,77794743;"SPRF-PR";"DEL02-PR";"UOP02-DEL02-PR"
780542;2026-06-23;"terça-feira";"07:45:00";"SC";101;45;"JOINVILLE";"Manobra de mudança de faixa";"Colisão lateral mesmo sentido";"Sem Vítimas";"Pleno dia";"Decrescente";"Nublado";"Dupla";"Declive;Reta";"Não";2;0;0;0;2;0;0;2;-26,350654;-48,857756;"SPRF-SC";"DEL03-SC";"UOP01-DEL03-SC"
780547;2026-05-15;"sexta-feira";"02:59:00";"SP";116;352;"MIRACATU";"Reação tardia ou ineficiente do condutor";"Colisão traseira";"Com Vítimas Feridas";"Plena Noite";"Decrescente";"Céu Claro";"Dupla";"Aclive;Reta";"Não";3;0;1;0;1;2;1;4;-24,0676;-47,24106;"SPRF-SP";"DEL04-SP";"UOP03-DEL04-SP"
780548;2026-06-23;"terça-feira";"07:10:00";"RJ";116;138;"MAGE";"Condutor Dormindo";"Saída de leito carroçável";"Com Vítimas Feridas";"Pleno dia";"Decrescente";"Nublado";"Dupla";"Reta";"Não";5;0;2;0;2;1;2;4;-22,64697;-43,19165;"SPRF-RJ";"DEL04-RJ";"UOP02-DEL04-RJ"
780549;2026-06-23;"terça-feira";"06:45:00";"RO";364;332;"JI-PARANA";"Ultrapassagem Indevida";"Colisão frontal";"Com Vítimas Feridas";"Amanhecer";"Crescente";"Nevoeiro/Neblina";"Simples";"Reta";"Não";4;0;1;1;1;1;2;3;-10,91294578;-61,84616089;"SPRF-RO";"DEL02-RO";"UOP01-DEL02-RO"
780554;2026-03-07;"sábado";"11:52:00";"SC";101;101;"BALNEARIO PICARRAS";"Reação tardia ou ineficiente do condutor";"Colisão traseira";"Com Vítimas Feridas";"Pleno dia";"Crescente";"Sol";"Dupla";"Viaduto;Reta";"Sim";5;0;1;0;3;1;1;5;-26,76510603;-48,6865139;"SPRF-SC";"DEL03-SC";"UOP02-DEL03-SC"
780558;2026-06-23;"terça-feira";"08:00:00";"MT";163;843,5;"SINOP";"Manobra de mudança de faixa";"Colisão transversal";"Com Vítimas Feridas";"Pleno dia";"Decrescente";"Céu Claro";"Simples";"Reta";"Sim";4;0;1;1;1;3;2;5;-11,7869587;-55,475895;"SPRF-MT";"DEL06-MT";"UOP02-DEL06-MT"
780559;2026-06-23;"terça-feira";"07:10:00";"MG";116;129;"ITAOBIM";"Reação tardia ou ineficiente do condutor";"Colisão lateral sentido oposto";"Com Vítimas Feridas";"Amanhecer";"Crescente";"Céu Claro";"Simples";"Reta";"Não";4;0;1;1;1;2;2;5;-16,682945;-41,502033;"SPRF-MG";"DEL11-MG";"UOP02-DEL11-MG"
780560;2026-06-23;"terça-feira";"07:10:00";"MT";70;388;"CAMPO VERDE";"Acessar a via sem observar a presença dos outros veículos";"Colisão transversal";"Com Vítimas Feridas";"Pleno dia";"Crescente";"Garoa/Chuvisco";"Simples";"Reta";"Sim";2;0;1;0;1;0;1;2;-15,59356955;-55,18485737;"SPRF-MT";"DEL05-MT";"UOP02-DEL05-MT"
780571;2026-06-23;"terça-feira";"08:00:00";"MG";153;56;"MONTE ALEGRE DE MINAS";"Ausência de reação do condutor";"Saída de leito carroçável";"Com Vítimas Feridas";"Pleno dia";"Decrescente";"Céu Claro";"Dupla";"Declive;Reta";"Não";2;0;1;0;0;1;1;2;-18,864787;-49,0696887;"SPRF-MG";"DEL15-MG";"UOP03-DEL15-MG"
780573;2026-06-23;"terça-feira";"10:20:00";"SC";101;143;"ITAPEMA";"Ausência de reação do condutor";"Colisão traseira";"Com Vítimas Feridas";"Pleno dia";"Decrescente";"Nublado";"Dupla";"Reta";"Sim";2;0;1;0;1;0;1;2;-27,06616534;-48,59570011;"SPRF-SC";"DEL04-SC";"UOP03-DEL04-SC"
780574;2026-05-05;"terça-feira";"12:17:00";"GO";452;100;"BOM JESUS DE GOIAS";"Ultrapassagem Indevida";"Colisão transversal";"Com Vítimas Feridas";"Pleno dia";"Decrescente";"Céu Claro";"Simples";"Reta";"Não";4;0;1;0;1;4;1;6;-18,115879;-50,035284;"SPRF-GO";"DEL03-GO";"UOP02-DEL03-GO"