"id";"data_inversa";"dia_semana";"horario";"uf";"br";"km";"municipio";"causa_acidente";"tipo_acidente";"classificacao_acidente";"fase_dia";"sentido_via";"condicao_metereologica";"tipo_pista";"tracado_via";"uso_solo";"pessoas";"mortos";"feridos_leves";"feridos_graves";"ilesos";"ignorados";"feridos";"veiculos";"latitude";"longitude";"regional";"delegacia";"uop"
780861;2026-06-24;"quarta-feira";"14:50:00";"PR";376;189,2;"MARIALVA";"Manobra de mudança de faixa";"Colisão lateral mesmo sentido";"Com Vítimas Feridas";"Pleno dia";"Crescente";"Sol";"Dupla";"Reta";"Sim";2;0;1;0;1;0;1;2;-23,46712;-51,826975;"SPRF-PR";"DEL09-PR";"UOP01-DEL09-PR"
780867;2026-06-24;"quarta-feira";"14:30:00";"SC";101;21;"BIGUACU";"Velocidade Incompatível";"Tombamento";"Com Vítimas Feridas";"Pleno dia";"Decrescente";"Céu Claro";"Dupla";"Curva;Declive";"Não";2;0;1;0;0;1;1;2;-27,511687;-48,711458;"SPRF-SC";"DEL01-SC";"UOP02-DEL01-SC"
780869;2026-06-24;"quarta-feira";"14:00:00";"RS";290;173,2;"BUTIA";"Reação tardia ou ineficiente do condutor";"Engavetamento";"Sem Vítimas";"Pleno dia";"Crescente";"Céu Claro";"Simples";"Em Obras;Reta";"Não";4;0;0;0;3;1;0;4;-30,12770015;-51,94498412;"SPRF-RS";"DEL02-RS";"UOP03-DEL02-RS"
780871;2026-06-24;"quarta-feira";"13:00:00";"MT";364;1227;"COMODORO";"Ultrapassagem Indevida";"Colisão frontal";"Com Vítimas Fatais";"Pleno dia";"Crescente";"Garoa/Chuvisco";"Simples";"Reta";"Não";4;1;0;0;1;4;0;6;-13,82503694;-59,5860672;"SPRF-MT";"DEL04-MT";"UOP02-DEL04-MT"
780881;2026-06-24;"quarta-feira";"17:00:00";"GO";60;168,5;"GOIANIA";"Manobra de mudança de faixa";"Colisão lateral mesmo sentido";"Com Vítimas Feridas";"Pleno dia";"Crescente";"Céu Claro";"Dupla";"Reta;Declive";"Sim";3;0;1;0;2;0;1;2;-16,731618;-49,394565;"SPRF-GO";"DEL01-GO";"UOP02-DEL01-GO"
780882;2026-06-24;"quarta-feira";"17:10:00";"RJ";101;230;"SILVA JARDIM";"Conversão proibida";"Colisão transversal";"Com Vítimas Feridas";"Anoitecer";"Crescente";"Céu Claro";"Dupla";"Reta";"Não";3;0;0;1;1;1;1;3;-22,56538993;-42,3647283;"SPRF-RJ";"DEL02-RJ";"UOP03-DEL02-RJ"
780883;2026-06-24;"quarta-feira";"17:26:00";"SP";116;225;"GUARULHOS";"Manobra de mudança de faixa";"Colisão lateral mesmo sentido";"Com Vítimas Feridas";"Anoitecer";"Crescente";"Vento";"Múltipla";"Aclive;Reta";"Sim";5;0;0;1;3;1;1;5;-23,49178164;-46,55045938;"SPRF-SP";"DEL01-SP";"UOP01-DEL01-SP"
780884;2026-06-24;"quarta-feira";"15:10:00";"MT";364;586;"DIAMANTINO";"Velocidade Incompatível";"Saída de leito carroçável";"Com Vítimas Feridas";"Pleno dia";"Decrescente";"Chuva";"Dupla";"Reta";"Não";4;0;1;0;2;3;1;4;-14,54761;-56,229892;"SPRF-MT";"DEL01-MT";"UOP01-DEL01-MT"
780900;2026-06-24;"quarta-feira";"17:40:00";"MS";163;172;"JUTI";"Condutor deixou de manter distância do veículo da frente";"Colisão traseira";"Com Vítimas Feridas";"Plena Noite";"Crescente";"Céu Claro";"Simples";"Reta";"Sim";12;0;1;0;10;1;1;3;-22,86524644;-54,61276738;"SPRF-MS";"DEL09-MS";"UOP01-DEL09-MS"
780905;2026-06-24;"quarta-feira";"17:50:00";"SC";101;151;"ITAPEMA";"Condutor deixou de manter distância do veículo da frente";"Engavetamento";"Com Vítimas Feridas";"Anoitecer";"Crescente";"Céu Claro";"Múltipla";"Reta";"Não";4;0;1;0;3;0;1;4;-27,12748271;-48,60969393;"SPRF-SC";"DEL04-SC";"UOP03-DEL04-SC"
780910;2026-06-24;"quarta-feira";"18:20:00";"GO";153;309,4;"RIALMA";"Demais falhas mecânicas ou elétricas";"Saída de leito carroçável";"Com Vítimas Feridas";"Plena Noite";"Crescente";"Chuva";"Simples";"Reta;Em Obras;Declive";"Não";2;0;1;1;0;0;2;1;-15,384076;-49,552389;"SPRF-GO";"DEL02-GO";"UOP02-DEL02-GO"
780915;2026-06-24;"quarta-feira";"18:00:00";"SC";101;259,1;"GAROPABA";"Objeto estático sobre o leito carroçável";"Colisão com objeto";"Com Vítimas Feridas";"Plena Noite";"Crescente";"Céu Claro";"Dupla";"Reta;Declive";"Não";4;0;0;1;1;2;1;4;-28,0163;-48,695;"SPRF-SC";"DEL02-SC";"UOP03-DEL02-SC"
780918;2026-06-24;"quarta-feira";"20:00:00";"MA";135;12;"SAO LUIS";"Reação tardia ou ineficiente do condutor";"Tombamento";"Com Vítimas Feridas";"Plena Noite";"Decrescente";"Céu Claro";"Dupla";"Aclive;Curva";"Sim";2;0;1;0;0;1;1;2;-2,67425;-44,292977;"SPRF-MA";"DEL01-MA";"UOP01-DEL01-MA"
780926;2026-06-24;"quarta-feira";"20:00:00";"BA";101;862,4;"TEIXEIRA DE FREITAS";"Ausência de reação do condutor";"Saída de leito carroçável";"Com Vítimas Feridas";"Plena Noite";"Decrescente";"Céu Claro";"Simples";"Curva";"Não";1;0;0;1;0;0;1;1;-17,417138;-39,682247;"SPRF-BA";"DEL09-BA";"UOP02-DEL09-BA"
780929;2026-06-24;"quarta-feira";"21:30:00";"PR";376;174,2;"MARINGA";"Ingestão de álcool pelo condutor";"Colisão lateral mesmo sentido";"Sem Vítimas";"Plena Noite";"Crescente";"Céu Claro";"Dupla";"Reta";"Sim";3;0;0;0;2;1;0;3;-23,41674582;-51,95666313;"SPRF-PR";"DEL09-PR";"UOP01-DEL09-PR"
780932;2026-06-24;"quarta-feira";"20:50:00";"PA";316;40;"SANTA IZABEL DO PARA";"Acessar a via sem observar a presença dos outros veículos";"Colisão transversal";"Com Vítimas Feridas";"Plena Noite";"Crescente";"Chuva";"Dupla";"Interseção de Vias;Reta";"Não";3;0;1;0;1;1;1;3;-1,279287;-48,12128;"SPRF-PA";"DEL01-PA";"UOP01-DEL01-PA"
780938;2026-06-24;"quarta-feira";"20:30:00";"MS";262;364,9;"CAMPO GRANDE";"Velocidade Incompatível";"Tombamento";"Com Vítimas Feridas";"Plena Noite";"Crescente";"Céu Claro";"Simples";"Interseção de Vias;Rotatória";"Sim";3;0;1;0;1;1;1;2;-20,49215465;-54,73957149;"SPRF-MS";"DEL01-MS";"UOP03-DEL01-MS"
780940;2026-06-24;"quarta-feira";"18:55:00";"SC";282;532,3;"CORDILHEIRA ALTA";"Transitar na contramão";"Colisão frontal";"Com Vítimas Fatais";"Plena Noite";"Decrescente";"Céu Claro";"Simples";"Reta";"Não";3;1;0;0;1;1;0;3;-26,996582;-52,617551;"SPRF-SC";"DEL07-SC";"UOP01-DEL07-SC"
780947;2026-06-24;"quarta-feira";"20:30:00";"MA";135;193;"ALTO ALEGRE DO MARANHAO";"Demais falhas mecânicas ou elétricas";"Incêndio";"Sem Vítimas";"Plena Noite";"Crescente";"Céu Claro";"Simples";"Reta";"Não";2;0;0;0;1;2;0;3;-4,133247;-44,470773;"SPRF-MA";"DEL03-MA";"UOP01-DEL03-MA"
780948;2026-06-24;"quarta-feira";"22:30:00";"SC";280;20,9;"ARAQUARI";"Reação tardia ou ineficiente do condutor";"Colisão frontal";"Com Vítimas Feridas";"Plena Noite";"Crescente";"Céu Claro";"Simples";"Reta";"Não";5;0;4;0;1;0;4;3;-26,37037927;-48,68946669;"SPRF-SC";"DEL03-SC";"UOP03-DEL03-SC"
780950;2026-06-24;"quarta-feira";"21:15:00";"PR";158;514,2;"PATO BRANCO";"Ingestão de álcool pelo condutor";"Colisão lateral sentido oposto";"Com Vítimas Feridas";"Plena Noite";"Crescente";"Nevoeiro/Neblina";"Simples";"Curva;Declive";"Não";4;0;1;0;2;3;1;6;-26,0706402;-52,63763778;"SPRF-PR";"DEL02-PR";"UOP01-DEL02-PR"
780953;2026-06-24;"quarta-feira";"21:15:00";"MT";364;509;"ROSARIO OESTE";"Ingestão de álcool pelo condutor";"Saída de leito carroçável";"Com Vítimas Feridas";"Plena Noite";"Crescente";"Nublado";"Simples";"Reta";"Não";2;0;1;0;0;2;1;3;-15,111852;-56,520629;"SPRF-MT";"DEL01-MT";"UOP01-DEL01-MT"
780955;2026-06-24;"quarta-feira";"19:09:00";"MT";364;492;"JANGADA";"Pedestre cruzava a pista fora da faixa";"Atropelamento de Pedestre";"Com Vítimas Fatais";"Plena Noite";"Crescente";"Chuva";"Simples";"Reta";"Não";2;1;0;0;0;1;0;2;-15,249518;-56,470358;"SPRF-MT";"DEL01-MT";"UOP01-DEL01-MT"
780964;2026-06-25;"quinta-feira";"02:30:00";"RJ";40;110;"DUQUE DE CAXIAS";"Reação tardia ou ineficiente do condutor";"Colisão traseira";"Com Vítimas Feridas";"Plena Noite";"Crescente";"Garoa/Chuvisco";"Múltipla";"Reta";"Sim";3;0;1;1;1;0;2;2;-22,6833917;-43,2854117;"SPRF-RJ";"DEL01-RJ";"UOP02-DEL01-RJ"
780966;2026-06-25;"quinta-feira";"02:22:00";"PE";101;53;"PAULISTA";"Pedestre andava na pista";"Atropelamento de Pedestre";"Com Vítimas Fatais";"Plena Noite";"Decrescente";"Chuva";"Múltipla";"Reta";"Sim";2;1;0;0;0;1;0;2;-7,9364;-34,90319;"SPRF-PE";"DEL01-PE";"UOP02-DEL01-PE"
780972;2026-06-25;"quinta-feira";"04:45:00";"PB";230;154,8;"CAMPINA GRANDE";"Animais na Pista";"Atropelamento de Animal";"Sem Vítimas";"Amanhecer";"Decrescente";"Nublado";"Dupla";"Reta";"Sim";1;0;0;0;0;1;0;1;-7,27744011;-35,90022437;"SPRF-PB";"DEL02-PB";"UOP01-DEL02-PB"
780975;2026-06-24;"quarta-feira";"14:45:00";"MG";50;165,1;"UBERABA";"Acumulo de água sobre o pavimento";"Colisão traseira";"Sem Vítimas";"Pleno dia";"Decrescente";"Chuva";"Dupla";"Ponte;Reta";"Não";3;0;0;0;2;3;0;5;-19,70501;-47,98261;"SPRF-MG";"DEL13-MG";"UOP01-DEL13-MG"
780987;2026-06-25;"quinta-feira";"05:55:00";"SP";116;428;"JUQUIA";"Reação tardia ou ineficiente do condutor";"Saída de leito carroçável";"Com Vítimas Feridas";"Amanhecer";"Crescente";"Nublado";"Dupla";"Reta";"Não";2;0;1;0;0;1;1;2;-24,39295105;-47,72413731;"SPRF-SP";"DEL05-SP";"UOP01-DEL05-SP"
780989;2026-06-25;"quinta-feira";"07:00:00";"SE";235;12,3;"NOSSA SENHORA DO SOCORRO";"Velocidade Incompatível";"Colisão frontal";"Com Vítimas Fatais";"Pleno dia";"Decrescente";"Chuva";"Simples";"Curva";"Sim";5;1;0;1;2;1;1;4;-10,871429;-37,165524;"SPRF-SE";"DEL01-SE";"UOP01-DEL01-SE"
780995;2026-06-25;"quinta-feira";"02:10:00";"RJ";493;17;"GUAPIMIRIM";"Ausência de reação do condutor";"Saída de leito carroçável";"Com Vítimas Feridas";"Plena Noite";"Decrescente";"Chuva";"Simples";"Reta";"Sim";1;0;1;0;0;0;1;1;-22,66805;-43,00939;"SPRF-RJ";"DEL04-RJ";"UOP02-DEL04-RJ"
780999;2026-06-25;"quinta-feira";"05:45:00";"SE";235;28,6;"AREIA BRANCA";"Velocidade Incompatível";"Tombamento";"Com Vítimas Feridas";"Amanhecer";"Decrescente";"Céu Claro";"Simples";"Curva";"Não";1;0;1;0;0;0;1;1;-10,79756022;-37,27455139;"SPRF-SE";"DEL01-SE";"UOP02-DEL01-SE"
781003;2026-06-25;"quinta-feira";"05:20:00";"PR";476;313;"PAULO FRONTIN";"Condutor Dormindo";"Saída de leito carroçável";"Sem Vítimas";"Plena Noite";"Decrescente";"Nublado";"Simples";"Reta";"Não";1;0;0;0;1;0;0;1;-26,03361965;-50,69494128;"SPRF-PR";"DEL02-PR";"UOP03-DEL02-PR"
781004;2026-06-25;"quinta-feira";"07:35:00";"RJ";101;294;"ITABORAI";"Condutor deixou de manter distância do veículo da frente";"Engavetamento";"Sem Vítimas";"Pleno dia";"Decrescente";"Chuva";"Dupla";"Reta";"Sim";4;0;0;0;4;0;0;4;-22,75864452;-42,89522834;"SPRF-RJ";"DEL02-RJ";"UOP02-DEL02-RJ"
781005;2026-06-25;"quinta-feira";"08:10:00";"MG";40;519;"RIBEIRAO DAS NEVES";"Trafegar com motocicleta (ou similar) entre as faixas";"Colisão traseira";"Com Vítimas Feridas";"Pleno dia";"Crescente";"Céu Claro";"Dupla";"Aclive;Reta";"Não";3;0;1;0;2;0;1;3;-19,84062333;-44,07637294;"SPRF-MG";"DEL01-MG";"UOP02-DEL01-MG"
781008;2026-06-25;"quinta-feira";"05:20:00";"MG";116;424,3;"ALPERCATA";"Transitar na contramão";"Colisão frontal";"Com Vítimas Fatais";"Amanhecer";"Decrescente";"Céu Claro";"Simples";"Reta";"Não";3;1;0;0;1;1;0;3;-18,958598;-41,96931;"SPRF-MG";"DEL06-MG";"UOP01-DEL06-MG"
781012;2026-06-25;"quinta-feira";"08:10:00";"PR";116;97;"SAO JOSE DOS PINHAIS";"Demais falhas mecânicas ou elétricas";"Colisão lateral mesmo sentido";"Com Vítimas Feridas";"Amanhecer";"Crescente";"Nevoeiro/Neblina";"Dupla";"Reta";"Sim";7;0;2;0;4;2;2;4;-25,54747949;-49,15024487;"SPRF-PR";"DEL01-PR";"UOP08-DEL01-PR"
781016;2026-06-25;"quinta-feira";"08:05:00";"PR";153;67,5;"CONSELHEIRO MAIRINCK";"Mal súbito do condutor";"Colisão frontal";"Com Vítimas Fatais";"Pleno dia";"Decrescente";"Céu Claro";"Simples";"Reta";"Não";3;1;0;0;1;3;0;5;-23,506833;-50,111399;"SPRF-PR";"DEL07-PR";"UOP04-DEL07-PR"
781024;2026-06-25;"quinta-feira";"07:45:00";"RS";153;43,6;"ERECHIM";"Transitar na contramão";"Colisão frontal";"Com Vítimas Fatais";"Pleno dia";"Decrescente";"Céu Claro";"Simples";"Curva";"Não";3;1;0;0;2;0;0;2;-27,61452101;-52,23960098;"SPRF-RS";"DEL08-RS";"UOP04-DEL08-RS"
781027;2026-06-25;"quinta-feira";"08:10:00";"GO";60;95;"ANAPOLIS";"Ausência de reação do condutor";"Colisão traseira";"Com Vítimas Feridas";"Pleno dia";"Decrescente";"Céu Claro";"Dupla";"Reta;Declive";"Sim";2;0;1;0;0;1;1;2;-16,361584;-48,933319;"SPRF-GO";"DEL02-GO";"UOP01-DEL02-GO"
781034;2026-06-25;"quinta-feira";"09:30:00";"ES";101;297,8;"VIANA";"Manobra de mudança de faixa";"Colisão lateral mesmo sentido";"Com Vítimas Feridas";"Pleno dia";"Crescente";"Nublado";"Simples";"Reta";"Sim";4;0;2;0;2;0;2;3;-20,35159;-40,413736;"SPRF-ES";"DEL01-ES";"UOP01-DEL01-ES"
781036;2026-06-25;"quinta-feira";"09:20:00";"PR";277;0,9;"PARANAGUA";"Ausência de reação do condutor";"Saída de leito carroçável";"Com Vítimas Feridas";"Pleno dia";"Crescente";"Ignorado";"Dupla";"Curva";"Não";3;0;1;1;1;0;2;1;-25,554105;-48,556175;"SPRF-PR";"DEL01-PR";"UOP05-DEL01-PR"
781038;2026-06-25;"quinta-feira";"09:30:00";"MG";381;796;"SAO GONCALO DO SAPUCAI";"Ausência de reação do condutor";"Colisão traseira";"Com Vítimas Feridas";"Pleno dia";"Decrescente";"Céu Claro";"Dupla";"Reta";"Não";3;0;1;0;1;2;1;4;-21,91491457;-45,58083773;"SPRF-MG";"DEL16-MG";"UOP02-DEL16-MG"
781052;2026-06-25;"quinta-feira";"08:40:00";"BA";242;780;"BARREIRAS";"Reação tardia ou ineficiente do condutor";"Capotamento";"Com Vítimas Feridas";"Pleno dia";"Crescente";"Céu Claro";"Simples";"Reta";"Não";2;0;1;0;1;0;1;1;-12,141163;-44,741533;"SPRF-BA";"DEL10-BA";"UOP01-DEL10-BA"
781053;2026-06-25;"quinta-feira";"08:40:00";"MG";381;205;"NAQUE";"Velocidade Incompatível";"Tombamento";"Com Vítimas Feridas";"Pleno dia";"Decrescente";"Sol";"Simples";"Curva";"Não";3;0;1;1;0;1;2;2;-19,216055;-42,306441;"SPRF-MG";"DEL06-MG";"UOP01-DEL06-MG"
781056;2026-05-04;"segunda-feira";"15:00:00";"PR";277;658;"MATELANDIA";"Ausência de reação do condutor";"Saída de leito carroçável";"Com Vítimas Feridas";"Pleno dia";"Crescente";"Céu Claro";"Dupla";"Reta";"Sim";2;0;1;0;0;1;1;2;-25,24136;-53,9712;"SPRF-PR";"DEL05-PR";"UOP02-DEL05-PR"
781057;2026-06-25;"quinta-feira";"11:45:00";"MG";116;705,5;"MURIAE";"Reação tardia ou ineficiente do condutor";"Colisão com objeto";"Sem Vítimas";"Pleno dia";"Crescente";"Nublado";"Simples";"Reta";"Sim";2;0;0;0;2;0;0;2;-21,14665259;-42,38124132;"SPRF-MG";"DEL07-MG";"UOP02-DEL07-MG"
781059;2026-06-25;"quinta-feira";"08:30:00";"MT";364;120;"PEDRA PRETA";"Neblina";"Colisão lateral sentido oposto";"Sem Vítimas";"Pleno dia";"Crescente";"Nevoeiro/Neblina";"Simples";"Reta";"Não";5;0;0;0;4;6;0;10;-16,82631811;-54,05542159;"SPRF-MT";"DEL02-MT";"UOP02-DEL02-MT"
781062;2026-06-25;"quinta-feira";"12:35:00";"GO";20;180;"ALVORADA DO NORTE";"Ausência de reação do condutor";"Saída de leito carroçável";"Com Vítimas Feridas";"Pleno dia";"Crescente";"Céu Claro";"Simples";"Reta";"Sim";2;0;1;1;0;0;2;1;-14,4839241;-46,4967471;"SPRF-DF";"DEL02-DF";"UOP03-DEL02-DF"
781063;2026-06-25;"quinta-feira";"10:50:00";"SP";116;406;"MIRACATU";"Ausência de reação do condutor";"Colisão traseira";"Com Vítimas Feridas";"Pleno dia";"Crescente";"Nublado";"Dupla";"Reta";"Não";3;0;1;0;1;1;1;3;-24,3263698;-47,550413;"SPRF-SP";"DEL04-SP";"UOP02-DEL04-SP"
781069;2026-06-25;"quinta-feira";"13:00:00";"ES";101;408,5;"ITAPEMIRIM";"Reação tardia ou ineficiente do condutor";"Colisão lateral sentido oposto";"Com Vítimas Feridas";"Pleno dia";"Crescente";"Céu Claro";"Simples";"Curva";"Não";3;0;1;0;1;1;1;3;-20,89046177;-41,03548789;"SPRF-ES";"DEL03-ES";"UOP02-DEL03-ES"
781071;2026-04-29;"quarta-feira";"14:30:00";"RJ";116;296;"BARRA MANSA";"Ausência de reação do condutor";"Engavetamento";"Com Vítimas Feridas";"Pleno dia";"Crescente";"Nublado";"Dupla";"Reta";"Não";5;0;1;0;3;1;1;4;-22,45545636;-44,29344177;"SPRF-RJ";"DEL07-RJ";"UOP02-DEL07-RJ"
781075;2026-06-25;"quinta-feira";"13:00:00";"RS";285;456,3;"IJUI";"Retorno proibido";"Colisão lateral mesmo sentido";"Sem Vítimas";"Pleno dia";"Decrescente";"Nublado";"Simples";"Reta;Em Obras";"Sim";2;0;0;0;2;0;0;2;-28,391478;-53,894262;"SPRF-RS";"DEL10-RS";"UOP01-DEL10-RS"
781077;2026-06-25;"quinta-feira";"09:01:00";"AM";319;0,5;"MANAUS";"Carga excessiva e/ou mal acondicionada";"Colisão com objeto";"Sem Vítimas";"Pleno dia";"Crescente";"Céu Claro";"Dupla";"Declive";"Não";2;0;0;0;1;2;0;3;-3,13145422;-59,94444162;"SPRF-AM";"DEL01-AM";"UOP03-DEL01-AM"
781078;2026-04-01;"quarta-feira";"04:55:00";"MG";262;744,7;"SACRAMENTO";"Ausência de reação do condutor";"Colisão frontal";"Com Vítimas Feridas";"Amanhecer";"Crescente";"Céu Claro";"Simples";"Reta";"Não";2;0;0;1;1;0;1;2;-19,653427;-47,553592;"SPRF-MG";"DEL08-MG";"UOP01-DEL08-MG"
781082;2026-06-25;"quinta-feira";"08:00:00";"SC";470;318,2;"CAMPOS NOVOS";"Mal súbito do condutor";"Colisão lateral sentido oposto";"Com Vítimas Feridas";"Pleno dia";"Decrescente";"Céu Claro";"Simples";"Reta";"Sim";3;0;1;0;1;1;1;3;-27,387224;-51,113985;"SPRF-SC";"DEL07-SC";"UOP06-DEL07-SC"
781083;2026-06-25;"quinta-feira";"13:05:00";"CE";20;391;"CAUCAIA";"Reação tardia ou ineficiente do condutor";"Colisão frontal";"Com Vítimas Fatais";"Pleno dia";"Crescente";"Céu Claro";"Simples";"Reta;Em Obras";"Não";8;1;0;1;6;0;1;4;-3,847743;-38,777595;"SPRF-CE";"DEL01-CE";"UOP01-DEL01-CE"
781085;2026-06-25;"quinta-feira";"13:50:00";"ES";262;190,2;"IUNA";"Transitar na contramão";"Colisão frontal";"Com Vítimas Feridas";"Pleno dia";"Decrescente";"Nublado";"Simples";"Reta";"Não";3;0;1;0;1;1;1;3;-20,30813663;-41,74695253;"SPRF-ES";"DEL01-ES";"UOP02-DEL01-ES"
781095;2026-06-25;"quinta-feira";"13:30:00";"RJ";40;39;"AREAL";"Reação tardia ou ineficiente do condutor";"Tombamento";"Com Vítimas Feridas";"Pleno dia";"Decrescente";"Nublado";"Simples";"Curva";"Não";2;0;1;0;0;2;1;3;-22,23339825;-43,11230991;"SPRF-RJ";"DEL05-RJ";"UOP02-DEL05-RJ"
781096;2026-06-25;"quinta-feira";"07:30:00";"MA";230;95,9;"SAO JOAO DOS PATOS";"Ultrapassagem Indevida";"Colisão frontal";"Com Vítimas Fatais";"Pleno dia";"Decrescente";"Céu Claro";"Simples";"Reta";"Sim";3;1;1;0;0;1;1;3;-6,48958891;-43,72071505;"SPRF-PI";"DEL03-PI";"UOP01-DEL03-PI"
781100;2026-06-17;"quarta-feira";"16:30:00";"RJ";101;503;"ANGRA DOS REIS";"Acesso irregular";"Colisão transversal";"Com Vítimas Feridas";"Pleno dia";"Decrescente";"Garoa/Chuvisco";"Simples";"Reta";"Não";2;0;1;0;1;0;1;2;-22,92853;-44,37798;"SPRF-RJ";"DEL03-RJ";"UOP03-DEL03-RJ"
781101;2026-06-25;"quinta-feira";"14:30:00";"SP";116;533;"BARRA DO TURVO";"Condutor deixou de manter distância do veículo da frente";"Engavetamento";"Com Vítimas Feridas";"Pleno dia";"Decrescente";"Nublado";"Dupla";"Reta;Em Obras";"Não";4;0;1;0;2;1;1;4;-24,953662;-48,326255;"SPRF-SP";"DEL05-SP";"UOP02-DEL05-SP"
781108;2026-06-24;"quarta-feira";"09:47:00";"RN";101;151;"GOIANINHA";"Demais Fenômenos da natureza";"Incêndio";"Sem Vítimas";"Pleno dia";"Crescente";"Céu Claro";"Dupla";"Reta;Declive";"Não";1;0;0;0;1;0;0;1;-6,302132;-35,192145;"SPRF-RN";"DEL01-RN";"UOP01-DEL01-RN"
781111;2026-06-25;"quinta-feira";"15:05:00";"SC";116;5,8;"MAFRA";"Acessar a via sem observar a presença dos outros veículos";"Colisão transversal";"Com Vítimas Feridas";"Pleno dia";"Decrescente";"Céu Claro";"Simples";"Interseção de Vias";"Sim";3;0;0;1;1;2;1;4;-26,14534943;-49,82135503;"SPRF-SC";"DEL06-SC";"UOP01-DEL06-SC"
781117;2026-06-25;"quinta-feira";"12:38:00";"MG";50;56;"UBERLANDIA";"Demais falhas mecânicas ou elétricas";"Incêndio";"Sem Vítimas";"Pleno dia";"Decrescente";"Céu Claro";"Dupla";"Curva";"Não";2;0;0;0;1;2;0;3;-18,781495;-48,237801;"SPRF-MG";"DEL15-MG";"UOP02-DEL15-MG"
781119;2026-06-25;"quinta-feira";"10:15:00";"MG";116;178,7;"PADRE PARAISO";"Reação tardia ou ineficiente do condutor";"Colisão traseira";"Com Vítimas Fatais";"Pleno dia";"Crescente";"Céu Claro";"Simples";"Curva";"Sim";4;1;0;0;2;1;0;4;-17,07331;-41,486322;"SPRF-MG";"DEL11-MG";"UOP02-DEL11-MG"
781122;2026-06-25;"quinta-feira";"16:50:00";"PR";369;157;"LONDRINA";"Reação tardia ou ineficiente do condutor";"Colisão traseira";"Com Vítimas Feridas";"Pleno dia";"Decrescente";"Céu Claro";"Dupla";"Reta";"Sim";3;0;1;0;1;1;1;3;-23,28995519;-51,22099682;"SPRF-PR";"DEL07-PR";"UOP01-DEL07-PR"
781125;2026-06-25;"quinta-feira";"17:05:00";"GO";60;89;"ANAPOLIS";"Manobra de mudança de faixa";"Saída de leito carroçável";"Com Vítimas Feridas";"Pleno dia";"Crescente";"Céu Claro";"Dupla";"Retorno Regulamentado;Reta";"Sim";3;0;2;0;0;1;2;2;-16,3399246;-48,8986038;"SPRF-GO";"DEL02-GO";"UOP01-DEL02-GO"
781128;2026-06-25;"quinta-feira";"14:50:00";"SC";101;385,8;"ICARA";"Ausência de reação do condutor";"Colisão com objeto";"Com Vítimas Feridas";"Pleno dia";"Crescente";"Céu Claro";"Dupla";"Reta";"Não";1;0;1;0;0;0;1;1;-28,78416211;-49,33543682;"SPRF-SC";"DEL02-SC";"UOP02-DEL02-SC"
781130;2026-06-25;"quinta-feira";"16:00:00";"SP";116;213;"GUARULHOS";"Acessar a via sem observar a presença dos outros veículos";"Colisão lateral mesmo sentido";"Com Vítimas Feridas";"Pleno dia";"Decrescente";"Garoa/Chuvisco";"Múltipla";"Reta";"Não";2;0;1;0;0;1;1;2;-23,442799;-46,443951;"SPRF-SP";"DEL01-SP";"UOP01-DEL01-SP"
781133;2026-06-25;"quinta-feira";"16:28:00";"CE";222;279;"FRECHEIRINHA";"Acessar a via sem observar a presença dos outros veículos";"Colisão transversal";"Com Vítimas Feridas";"Pleno dia";"Decrescente";"Céu Claro";"Simples";"Reta;Interseção de Vias";"Sim";3;0;0;1;1;1;1;3;-3,7591996;-40,80409018;"SPRF-CE";"DEL04-CE";"UOP02-DEL04-CE"
781134;2026-06-25;"quinta-feira";"16:00:00";"PR";116;9;"CAMPINA GRANDE DO SUL";"Demais falhas mecânicas ou elétricas";"Incêndio";"Sem Vítimas";"Pleno dia";"Decrescente";"Nublado";"Dupla";"Curva";"Não";2;0;0;0;1;1;0;2;-25,08541039;-48,64202905;"SPRF-PR";"DEL01-PR";"UOP02-DEL01-PR"
781142;2026-06-25;"quinta-feira";"17:30:00";"MG";40;523;"CONTAGEM";"Manobra de mudança de faixa";"Colisão lateral mesmo sentido";"Com Vítimas Feridas";"Anoitecer";"Decrescente";"Céu Claro";"Dupla";"Reta";"Não";3;0;0;1;1;1;1;3;-19,86597787;-44,06500909;"SPRF-MG";"DEL01-MG";"UOP02-DEL01-MG"
781145;2026-02-22;"domingo";"18:45:00";"PA";163;250;"NOVO PROGRESSO";"Velocidade Incompatível";"Colisão frontal";"Sem Vítimas";"Plena Noite";"Decrescente";"Ignorado";"Simples";"Reta";"Não";2;0;0;0;0;2;0;2;-7,08862768;-55,40250778;"SPRF-PA";"DEL05-PA";"UOP03-DEL05-PA"
781147;2026-06-25;"quinta-feira";"13:00:00";"MG";116;264;"TEOFILO OTONI";"Ausência de reação do condutor";"Saída de leito carroçável";"Com Vítimas Feridas";"Pleno dia";"Crescente";"Céu Claro";"Simples";"Declive;Reta";"Não";2;0;1;0;0;1;1;2;-17,755657;-41,50437;"SPRF-MG";"DEL11-MG";"UOP01-DEL11-MG"
781157;2026-06-25;"quinta-feira";"19:10:00";"RS";116;419;"CRISTAL";"Ausência de reação do condutor";"Saída de leito carroçável";"Com Vítimas Feridas";"Plena Noite";"Decrescente";"Céu Claro";"Simples";"Reta;Em Obras";"Não";1;0;1;0;0;0;1;1;-30,964345;-51,984999;"SPRF-RS";"DEL02-RS";"UOP02-DEL02-RS"
781158;2026-06-25;"quinta-feira";"17:55:00";"BA";101;23,2;"RIO REAL";"Frear bruscamente";"Colisão com objeto";"Sem Vítimas";"Anoitecer";"Crescente";"Garoa/Chuvisco";"Dupla";"Reta;Declive";"Não";2;0;0;0;1;1;0;2;-11,67923;-37,9;"SPRF-SE";"DEL02-SE";"UOP03-DEL02-SE"