"id";"data_inversa";"dia_semana";"horario";"uf";"br";"km";"municipio";"causa_acidente";"tipo_acidente";"classificacao_acidente";"fase_dia";"sentido_via";"condicao_metereologica";"tipo_pista";"tracado_via";"uso_solo";"pessoas";"mortos";"feridos_leves";"feridos_graves";"ilesos";"ignorados";"feridos";"veiculos";"latitude";"longitude";"regional";"delegacia";"uop"
781476;2026-06-27;"sábado";"08:45:00";"PR";376;236;"APUCARANA";"Ausência de reação do condutor";"Colisão com objeto";"Com Vítimas Feridas";"Pleno dia";"Crescente";"Garoa/Chuvisco";"Dupla";"Curva";"Não";2;0;1;0;0;1;1;2;-23,586788;-51,477478;"SPRF-PR";"DEL07-PR";"UOP03-DEL07-PR"
781481;2026-06-04;"quinta-feira";"13:20:00";"SC";153;74;"IRANI";"Reação tardia ou ineficiente do condutor";"Saída de leito carroçável";"Com Vítimas Feridas";"Pleno dia";"Crescente";"Céu Claro";"Simples";"Curva";"Não";2;0;0;1;0;1;1;2;-27,084339;-51,90775657;"SPRF-SC";"DEL07-SC";"UOP04-DEL07-SC"
781483;2026-05-18;"segunda-feira";"12:20:00";"TO";153;240;"COLINAS DO TOCANTINS";"Reação tardia ou ineficiente do condutor";"Colisão frontal";"Com Vítimas Feridas";"Pleno dia";"Crescente";"Sol";"Simples";"Reta";"Não";3;0;0;1;1;1;1;3;-8,018895;-48,465473;"SPRF-TO";"DEL02-TO";"UOP01-DEL02-TO"
781484;2026-06-27;"sábado";"08:10:00";"BA";101;734;"ITABELA";"Reação tardia ou ineficiente do condutor";"Colisão com objeto";"Com Vítimas Feridas";"Pleno dia";"Crescente";"Nublado";"Simples";"Declive;Curva";"Não";4;0;4;0;0;0;4;1;-16,4896536;-39,5758818;"SPRF-BA";"DEL09-BA";"UOP01-DEL09-BA"
781487;2026-06-27;"sábado";"11:20:00";"BA";242;167;"RAFAEL JAMBEIRO";"Problema com o freio";"Incêndio";"Sem Vítimas";"Pleno dia";"Crescente";"Céu Claro";"Simples";"Reta";"Não";2;0;0;0;1;2;0;3;-12,5373052;-39,59201959;"SPRF-BA";"DEL02-BA";"UOP02-DEL02-BA"
781488;2026-06-27;"sábado";"07:20:00";"MG";381;793,3;"SAO GONCALO DO SAPUCAI";"Neblina";"Colisão traseira";"Sem Vítimas";"Pleno dia";"Decrescente";"Sol";"Dupla";"Reta";"Não";3;0;0;0;2;2;0;4;-21,92027844;-45,60207653;"SPRF-MG";"DEL16-MG";"UOP02-DEL16-MG"
781493;2026-06-27;"sábado";"10:20:00";"PR";163;38;"PRANCHITA";"Velocidade Incompatível";"Colisão lateral sentido oposto";"Com Vítimas Feridas";"Pleno dia";"Crescente";"Chuva";"Simples";"Curva;Aclive";"Não";5;0;1;0;3;1;1;4;-26,040177;-53,729333;"SPRF-PR";"DEL02-PR";"UOP02-DEL02-PR"
781500;2026-06-27;"sábado";"11:20:00";"RO";435;84,9;"COLORADO DO OESTE";"Acessar a via sem observar a presença dos outros veículos";"Colisão transversal";"Com Vítimas Feridas";"Pleno dia";"Crescente";"Nublado";"Dupla";"Aclive;Reta";"Sim";2;0;1;0;1;0;1;2;-13,12515317;-60,54438829;"SPRF-RO";"DEL04-RO";"UOP02-DEL04-RO"
781501;2026-06-27;"sábado";"11:38:00";"SC";101;140;"BALNEARIO CAMBORIU";"Ausência de reação do condutor";"Colisão lateral mesmo sentido";"Com Vítimas Feridas";"Pleno dia";"Crescente";"Céu Claro";"Dupla";"Aclive;Reta";"Não";3;0;1;0;1;1;1;3;-27,04995276;-48,60074043;"SPRF-SC";"DEL04-SC";"UOP03-DEL04-SC"
781503;2026-06-27;"sábado";"12:50:00";"MG";40;503,9;"ESMERALDAS";"Reação tardia ou ineficiente do condutor";"Colisão traseira";"Com Vítimas Feridas";"Pleno dia";"Decrescente";"Céu Claro";"Dupla";"Declive;Reta";"Sim";7;0;2;0;4;1;2;3;-19,728369;-44,153133;"SPRF-MG";"DEL02-MG";"UOP01-DEL02-MG"
781505;2026-06-27;"sábado";"12:20:00";"MG";40;735,2;"SANTOS DUMONT";"Manobra de mudança de faixa";"Colisão traseira";"Com Vítimas Feridas";"Pleno dia";"Crescente";"Céu Claro";"Dupla";"Aclive;Reta";"Não";2;0;1;0;1;0;1;2;-21,366768;-43,576893;"SPRF-MG";"DEL05-MG";"UOP01-DEL05-MG"
781514;2026-06-27;"sábado";"10:40:00";"RJ";493;57;"DUQUE DE CAXIAS";"Reação tardia ou ineficiente do condutor";"Colisão traseira";"Com Vítimas Feridas";"Pleno dia";"Decrescente";"Céu Claro";"Dupla";"Reta";"Não";3;0;1;0;1;2;1;4;-22,66393;-43,36497;"SPRF-RJ";"DEL01-RJ";"UOP03-DEL01-RJ"
781516;2026-06-27;"sábado";"06:30:00";"MG";381;888,6;"CAMBUI";"Velocidade Incompatível";"Tombamento";"Com Vítimas Feridas";"Amanhecer";"Decrescente";"Nevoeiro/Neblina";"Dupla";"Curva";"Não";2;0;1;0;0;1;1;2;-22,5325418;-46,02826613;"SPRF-MG";"DEL16-MG";"UOP01-DEL16-MG"
781521;2026-06-27;"sábado";"14:50:00";"BA";116;544;"MILAGRES";"Condutor deixou de manter distância do veículo da frente";"Colisão traseira";"Com Vítimas Feridas";"Pleno dia";"Decrescente";"Garoa/Chuvisco";"Simples";"Reta";"Não";4;0;2;0;1;1;2;3;-12,8620126;-39,85187531;"SPRF-BA";"DEL03-BA";"UOP02-DEL03-BA"
781522;2026-06-27;"sábado";"13:25:00";"MG";381;569,6;"ITAGUARA";"Entrada inopinada do pedestre";"Atropelamento de Pedestre";"Com Vítimas Feridas";"Pleno dia";"Decrescente";"Sol";"Dupla";"Retorno Regulamentado;Curva";"Não";4;0;0;1;1;3;1;4;-20,41651589;-44,52955127;"SPRF-MG";"DEL04-MG";"UOP03-DEL04-MG"
781536;2026-06-27;"sábado";"15:25:00";"RJ";116;264;"VOLTA REDONDA";"Ausência de reação do condutor";"Colisão traseira";"Com Vítimas Feridas";"Pleno dia";"Decrescente";"Céu Claro";"Dupla";"Reta";"Não";3;0;1;0;1;1;1;3;-22,5902483;-44,0775667;"SPRF-RJ";"DEL07-RJ";"UOP02-DEL07-RJ"
781545;2026-06-27;"sábado";"16:05:00";"SP";116;16;"LAVRINHAS";"Objeto estático sobre o leito carroçável";"Colisão traseira";"Com Vítimas Feridas";"Pleno dia";"Crescente";"Céu Claro";"Dupla";"Reta";"Não";3;0;1;0;1;2;1;4;-22,55806589;-44,83766842;"SPRF-SP";"DEL08-SP";"UOP02-DEL08-SP"
781546;2026-06-27;"sábado";"13:30:00";"RJ";116;169;"RIO DE JANEIRO";"Condutor deixou de manter distância do veículo da frente";"Colisão traseira";"Com Vítimas Fatais";"Pleno dia";"Decrescente";"Céu Claro";"Simples";"Curva";"Sim";4;1;0;0;2;1;0;3;-22,81877;-43,320757;"SPRF-RJ";"DEL06-RJ";"UOP01-DEL06-RJ"
781560;2026-06-27;"sábado";"18:30:00";"PB";101;116;"PEDRAS DE FOGO";"Reação tardia ou ineficiente do condutor";"Colisão traseira";"Com Vítimas Feridas";"Plena Noite";"Decrescente";"Garoa/Chuvisco";"Dupla";"Declive;Em Obras";"Não";9;0;1;0;7;1;1;3;-7,40221018;-34,95496637;"SPRF-PB";"DEL01-PB";"UOP01-DEL01-PB"
781563;2026-06-27;"sábado";"18:40:00";"SP";153;57,8;"SAO JOSE DO RIO PRETO";"Ingestão de álcool pelo condutor";"Saída de leito carroçável";"Com Vítimas Feridas";"Plena Noite";"Crescente";"Céu Claro";"Dupla";"Reta";"Sim";3;0;0;1;1;2;1;4;-20,777158;-49,352832;"SPRF-SP";"DEL09-SP";"UOP01-DEL09-SP"
781564;2026-06-27;"sábado";"18:15:00";"RS";386;356,5;"ESTRELA";"Acessar a via sem observar a presença dos outros veículos";"Colisão traseira";"Com Vítimas Feridas";"Plena Noite";"Decrescente";"Nublado";"Dupla";"Reta;Interseção de Vias";"Não";4;0;1;0;3;0;1;3;-29,5264441;-51,9320066;"SPRF-RS";"DEL04-RS";"UOP01-DEL04-RS"
781568;2026-06-27;"sábado";"14:00:00";"MA";316;399;"ALTO ALEGRE DO MARANHAO";"Ausência de reação do condutor";"Colisão lateral sentido oposto";"Com Vítimas Feridas";"Pleno dia";"Decrescente";"Céu Claro";"Simples";"Curva";"Sim";2;0;1;0;1;0;1;2;-4,195661;-44,459486;"SPRF-MA";"DEL03-MA";"UOP01-DEL03-MA"
781578;2026-06-27;"sábado";"18:20:00";"PR";376;663,5;"GUARATUBA";"Reação tardia ou ineficiente do condutor";"Colisão traseira";"Com Vítimas Fatais";"Plena Noite";"Crescente";"Nublado";"Dupla";"Reta;Retorno Regulamentado;Declive";"Não";3;1;0;0;1;1;0;3;-25,8542224;-48,96356463;"SPRF-PR";"DEL01-PR";"UOP04-DEL01-PR"
781580;2026-06-27;"sábado";"13:15:00";"BA";110;168;"RIBEIRA DO POMBAL";"Demais falhas mecânicas ou elétricas";"Incêndio";"Sem Vítimas";"Pleno dia";"Decrescente";"Céu Claro";"Simples";"Reta";"Não";2;0;0;0;1;2;0;3;-10,80008954;-38,52424622;"SPRF-BA";"DEL07-BA";"UOP02-DEL07-BA"
781583;2026-06-27;"sábado";"19:30:00";"PR";116;1;"CAMPINA GRANDE DO SUL";"Estacionar ou parar em local proibido";"Colisão traseira";"Com Vítimas Feridas";"Plena Noite";"Crescente";"Garoa/Chuvisco";"Dupla";"Reta";"Sim";3;0;1;0;1;1;1;3;-25,350383;-49,05865;"SPRF-PR";"DEL01-PR";"UOP02-DEL01-PR"
781592;2026-06-27;"sábado";"19:40:00";"GO";153;285,6;"RIALMA";"Ingestão de álcool pelo condutor";"Colisão traseira";"Sem Vítimas";"Plena Noite";"Crescente";"Céu Claro";"Simples";"Reta";"Não";2;0;0;0;2;0;0;2;-15,189315;-49,545002;"SPRF-GO";"DEL07-GO";"UOP02-DEL07-GO"
781593;2026-06-27;"sábado";"17:50:00";"PR";373;235;"IMBITUVA";"Reação tardia ou ineficiente do condutor";"Colisão lateral mesmo sentido";"Com Vítimas Feridas";"Anoitecer";"Decrescente";"Chuva";"Simples";"Reta";"Sim";4;0;1;0;2;1;1;3;-25,1793587;-50,66190418;"SPRF-PR";"DEL03-PR";"UOP01-DEL03-PR"
781598;2026-06-27;"sábado";"20:45:00";"MG";262;358;"JUATUBA";"Condutor deixou de manter distância do veículo da frente";"Colisão traseira";"Com Vítimas Feridas";"Plena Noite";"Decrescente";"Ignorado";"Dupla";"Reta";"Sim";2;0;0;1;0;1;1;2;-19,971225;-44,295935;"SPRF-MG";"DEL01-MG";"UOP03-DEL01-MG"
781605;2026-06-27;"sábado";"18:40:00";"PR";277;528,3;"CASCAVEL";"Transitar na contramão";"Colisão lateral sentido oposto";"Com Vítimas Feridas";"Plena Noite";"Crescente";"Chuva";"Simples";"Curva;Aclive";"Não";4;0;2;1;0;1;3;3;-24,983926;-53,3731714;"SPRF-PR";"DEL04-PR";"UOP04-DEL04-PR"
781611;2026-06-27;"sábado";"21:00:00";"MG";251;398;"GRAO MOGOL";"Chuva";"Saída de leito carroçável";"Com Vítimas Feridas";"Plena Noite";"Crescente";"Garoa/Chuvisco";"Simples";"Curva;Declive";"Não";2;0;1;0;0;11;1;12;-16,213389;-42,878219;"SPRF-MG";"DEL12-MG";"UOP01-DEL12-MG"
781616;2026-06-27;"sábado";"16:15:00";"SC";282;89,2;"ALFREDO WAGNER";"Velocidade Incompatível";"Tombamento";"Com Vítimas Feridas";"Pleno dia";"Decrescente";"Céu Claro";"Simples";"Curva";"Não";2;0;0;1;0;1;1;2;-27,679125;-49,21837;"SPRF-SC";"DEL01-SC";"UOP03-DEL01-SC"
781623;2026-06-27;"sábado";"19:00:00";"PR";373;478;"CORONEL VIVIDA";"Ingestão de álcool pelo condutor";"Colisão lateral sentido oposto";"Sem Vítimas";"Plena Noite";"Crescente";"Chuva";"Simples";"Reta;Rotatória";"Sim";2;0;0;0;1;1;0;2;-25,98971;-52,555557;"SPRF-PR";"DEL02-PR";"UOP01-DEL02-PR"
781630;2026-06-27;"sábado";"23:50:00";"BA";116;426,9;"FEIRA DE SANTANA";"Acostamento em desnível";"Tombamento";"Com Vítimas Feridas";"Plena Noite";"Decrescente";"Chuva";"Dupla";"Curva";"Não";2;0;1;0;0;1;1;2;-12,27496701;-38,99556055;"SPRF-BA";"DEL02-BA";"UOP01-DEL02-BA"
781647;2026-06-28;"domingo";"01:00:00";"PB";230;89;"GURINHEM";"Demais falhas mecânicas ou elétricas";"Eventos atípicos";"Com Vítimas Fatais";"Plena Noite";"Decrescente";"Céu Claro";"Dupla";"Reta";"Sim";2;1;0;0;0;1;0;2;-7,173352;-35,394582;"SPRF-PB";"DEL01-PB";"UOP02-DEL01-PB"
781649;2026-06-28;"domingo";"01:30:00";"RO";364;567;"ALTO PARAISO";"Condutor Dormindo";"Saída de leito carroçável";"Com Vítimas Feridas";"Plena Noite";"Crescente";"Céu Claro";"Simples";"Reta";"Não";2;0;1;0;0;1;1;2;-9,50204287;-63,08436513;"SPRF-RO";"DEL01-RO";"UOP04-DEL01-RO"
781654;2026-06-28;"domingo";"03:00:00";"MA";10;241,9;"DAVINOPOLIS";"Reação tardia ou ineficiente do condutor";"Colisão traseira";"Com Vítimas Feridas";"Plena Noite";"Crescente";"Céu Claro";"Simples";"Reta";"Sim";2;0;0;1;1;0;1;2;-5,611005;-47,418842;"SPRF-MA";"DEL04-MA";"UOP01-DEL04-MA"
781663;2026-06-28;"domingo";"03:15:00";"PA";163;610;"ITAITUBA";"Reação tardia ou ineficiente do condutor";"Saída de leito carroçável";"Com Vítimas Feridas";"Plena Noite";"Crescente";"Nevoeiro/Neblina";"Simples";"Reta";"Não";2;0;1;0;0;2;1;3;-4,7704136;-56,1032064;"SPRF-PA";"DEL05-PA";"UOP03-DEL05-PA"
781667;2026-06-28;"domingo";"01:55:00";"SC";101;119;"ITAJAI";"Reação tardia ou ineficiente do condutor";"Colisão traseira";"Sem Vítimas";"Plena Noite";"Decrescente";"Garoa/Chuvisco";"Dupla";"Reta";"Não";3;0;0;0;2;1;0;2;-26,89728;-48,71811;"SPRF-SC";"DEL04-SC";"UOP04-DEL04-SC"
781669;2026-06-28;"domingo";"06:10:00";"SC";280;67;"JARAGUA DO SUL";"Ingestão de álcool pelo condutor";"Colisão traseira";"Sem Vítimas";"Amanhecer";"Decrescente";"Garoa/Chuvisco";"Simples";"Reta";"Sim";2;0;0;0;2;0;0;2;-26,47215678;-49,11210235;"SPRF-SC";"DEL03-SC";"UOP03-DEL03-SC"
781672;2026-06-28;"domingo";"06:30:00";"CE";116;445;"BARRO";"Reação tardia ou ineficiente do condutor";"Colisão transversal";"Sem Vítimas";"Pleno dia";"Crescente";"Céu Claro";"Simples";"Reta";"Sim";2;0;0;0;2;0;0;2;-7,046336;-38,781633;"SPRF-CE";"DEL05-CE";"UOP03-DEL05-CE"
781674;2026-06-28;"domingo";"07:00:00";"PR";277;2;"PARANAGUA";"Ausência de reação do condutor";"Colisão lateral mesmo sentido";"Sem Vítimas";"Amanhecer";"Decrescente";"Nevoeiro/Neblina";"Dupla";"Reta";"Sim";3;0;0;0;2;3;0;5;-25,54641667;-48,54476301;"SPRF-PR";"DEL01-PR";"UOP05-DEL01-PR"
781677;2026-04-25;"sábado";"15:00:00";"TO";153;173;"ARAGUAINA";"Condutor deixou de manter distância do veículo da frente";"Engavetamento";"Com Vítimas Feridas";"Pleno dia";"Decrescente";"Céu Claro";"Simples";"Reta";"Não";4;0;1;0;3;0;1;3;-7,425711;-48,362286;"SPRF-TO";"DEL02-TO";"UOP01-DEL02-TO"
781682;2026-06-02;"terça-feira";"08:30:00";"MG";262;20;"REDUTO";"Reação tardia ou ineficiente do condutor";"Tombamento";"Com Vítimas Feridas";"Pleno dia";"Crescente";"Céu Claro";"Simples";"Declive;Curva";"Não";1;0;0;1;0;0;1;1;-20,253067;-41,914297;"SPRF-MG";"DEL06-MG";"UOP03-DEL06-MG"
781683;2026-06-28;"domingo";"08:30:00";"MT";70;66;"BARRA DO GARCAS";"Velocidade Incompatível";"Tombamento";"Com Vítimas Feridas";"Pleno dia";"Crescente";"Céu Claro";"Simples";"Curva";"Não";2;0;1;0;0;1;1;2;-15,7059683;-52,7283583;"SPRF-MT";"DEL07-MT";"UOP01-DEL07-MT"
781686;2026-06-28;"domingo";"06:37:00";"RO";364;154,4;"PIMENTA BUENO";"Acessar a via sem observar a presença dos outros veículos";"Colisão lateral mesmo sentido";"Sem Vítimas";"Pleno dia";"Crescente";"Nevoeiro/Neblina";"Simples";"Declive";"Não";5;0;0;0;2;3;0;5;-11,968209;-60,956622;"SPRF-RO";"DEL02-RO";"UOP02-DEL02-RO"
781687;2026-05-16;"sábado";"04:00:00";"SC";280;22;"ARAQUARI";"Acessar a via sem observar a presença dos outros veículos";"Colisão transversal";"Com Vítimas Feridas";"Plena Noite";"Crescente";"Garoa/Chuvisco";"Simples";"Reta";"Não";3;0;1;0;1;1;1;3;-26,369343;-48,709107;"SPRF-SC";"DEL03-SC";"UOP03-DEL03-SC"
781700;2026-06-12;"sexta-feira";"17:39:00";"SC";280;19,7;"BALNEARIO BARRA DO SUL";"Demais falhas mecânicas ou elétricas";"Colisão frontal";"Com Vítimas Feridas";"Anoitecer";"Crescente";"Céu Claro";"Simples";"Reta";"Não";5;0;0;2;2;3;2;6;-26,36975721;-48,67929029;"SPRF-SC";"DEL03-SC";"UOP03-DEL03-SC"
781703;2026-06-28;"domingo";"09:25:00";"AL";101;234,7;"OLHO DAGUA GRANDE";"Velocidade Incompatível";"Tombamento";"Sem Vítimas";"Pleno dia";"Decrescente";"Nublado";"Dupla";"Reta;Declive;Ponte";"Não";3;0;0;0;1;4;0;5;-10,1165967;-36,767325;"SPRF-AL";"DEL02-AL";"UOP02-DEL02-AL"
781705;2026-06-28;"domingo";"07:11:00";"PA";230;1111;"ITAITUBA";"Reação tardia ou ineficiente do condutor";"Saída de leito carroçável";"Com Vítimas Feridas";"Amanhecer";"Crescente";"Céu Claro";"Simples";"Curva;Declive";"Não";2;0;1;0;0;3;1;4;-4,3966;-55,9065;"SPRF-PA";"DEL05-PA";"UOP02-DEL05-PA"
781712;2026-06-28;"domingo";"10:00:00";"SC";280;180;"MAFRA";"Reação tardia ou ineficiente do condutor";"Saída de leito carroçável";"Com Vítimas Feridas";"Pleno dia";"Crescente";"Céu Claro";"Simples";"Aclive;Curva";"Não";2;0;1;0;0;1;1;2;-26,17200125;-49,89437015;"SPRF-SC";"DEL06-SC";"UOP01-DEL06-SC"
781732;2026-06-28;"domingo";"13:48:00";"PR";376;661;"TIJUCAS DO SUL";"Mal súbito do condutor";"Colisão lateral mesmo sentido";"Com Vítimas Feridas";"Pleno dia";"Crescente";"Céu Claro";"Dupla";"Reta";"Não";4;0;2;0;1;1;2;3;-25,85461538;-48,98493497;"SPRF-PR";"DEL01-PR";"UOP04-DEL01-PR"
781735;2026-06-28;"domingo";"11:25:00";"MG";354;713,3;"CAXAMBU";"Velocidade Incompatível";"Colisão lateral sentido oposto";"Com Vítimas Fatais";"Pleno dia";"Crescente";"Sol";"Simples";"Curva";"Não";5;1;0;1;2;1;1;4;-22,05678648;-44,92726922;"SPRF-MG";"DEL17-MG";"UOP01-DEL17-MG"
781740;2026-06-28;"domingo";"15:45:00";"MG";251;474;"FRANCISCO SA";"Reação tardia ou ineficiente do condutor";"Colisão traseira";"Com Vítimas Feridas";"Pleno dia";"Decrescente";"Céu Claro";"Simples";"Aclive;Reta";"Não";5;0;1;1;2;2;2;4;-16,469671;-43,443767;"SPRF-MG";"DEL12-MG";"UOP01-DEL12-MG"
781745;2026-06-28;"domingo";"16:30:00";"RN";304;135,9;"ANGICOS";"Ausência de reação do condutor";"Saída de leito carroçável";"Sem Vítimas";"Pleno dia";"Decrescente";"Céu Claro";"Simples";"Reta";"Não";1;0;0;0;1;0;0;1;-5,67133451;-36,65863037;"SPRF-RN";"DEL04-RN";"UOP01-DEL04-RN"
781749;2026-06-28;"domingo";"16:05:00";"SE";101;63,8;"ROSARIO DO CATETE";"Manobra de mudança de faixa";"Saída de leito carroçável";"Com Vítimas Feridas";"Pleno dia";"Crescente";"Nublado";"Dupla";"Reta;Declive";"Não";5;0;3;0;2;0;3;2;-10,696217;-37,044883;"SPRF-SE";"DEL02-SE";"UOP02-DEL02-SE"
781752;2026-06-28;"domingo";"16:40:00";"PE";316;59;"TRINDADE";"Condutor deixou de manter distância do veículo da frente";"Colisão traseira";"Com Vítimas Feridas";"Pleno dia";"Crescente";"Céu Claro";"Simples";"Reta";"Não";5;0;0;2;2;1;2;4;-7,77622275;-40,25054245;"SPRF-PE";"DEL05-PE";"UOP02-DEL05-PE"
781754;2026-06-28;"domingo";"16:15:00";"ES";262;117,8;"CONCEICAO DO CASTELO";"Conversão proibida";"Colisão transversal";"Com Vítimas Feridas";"Pleno dia";"Decrescente";"Céu Claro";"Simples";"Curva;Declive";"Não";7;0;4;2;0;1;6;3;-20,31146072;-41,24137455;"SPRF-ES";"DEL01-ES";"UOP02-DEL01-ES"
781759;2026-06-28;"domingo";"16:00:00";"RO";364;282;"PRESIDENTE MEDICI";"Transitar na contramão";"Colisão frontal";"Com Vítimas Fatais";"Pleno dia";"Crescente";"Céu Claro";"Simples";"Reta";"Não";5;1;1;0;2;1;1;3;-11,38552041;-61,78074583;"SPRF-RO";"DEL02-RO";"UOP01-DEL02-RO"
781764;2026-06-28;"domingo";"10:00:00";"RJ";40;109;"DUQUE DE CAXIAS";"Carga excessiva e/ou mal acondicionada";"Tombamento";"Com Vítimas Feridas";"Pleno dia";"Decrescente";"Céu Claro";"Dupla";"Curva";"Não";2;0;1;0;0;1;1;2;-22,67158045;-43,28717351;"SPRF-RJ";"DEL01-RJ";"UOP02-DEL01-RJ"
781765;2026-06-28;"domingo";"16:20:00";"MG";381;926;"ITAPEVA";"Velocidade Incompatível";"Tombamento";"Com Vítimas Feridas";"Pleno dia";"Decrescente";"Sol";"Dupla";"Reta";"Sim";1;0;1;0;0;0;1;1;-22,77104783;-46,20308554;"SPRF-MG";"DEL16-MG";"UOP03-DEL16-MG"
781777;2026-06-28;"domingo";"17:40:00";"PR";376;509;"PONTA GROSSA";"Demais falhas mecânicas ou elétricas";"Incêndio";"Sem Vítimas";"Anoitecer";"Decrescente";"Céu Claro";"Dupla";"Reta";"Não";1;0;0;0;1;0;0;1;-25,2498218;-50,0187356;"SPRF-PR";"DEL03-PR";"UOP03-DEL03-PR"
781794;2026-06-28;"domingo";"14:00:00";"BA";242;375;"PALMEIRAS";"Demais falhas mecânicas ou elétricas";"Incêndio";"Sem Vítimas";"Pleno dia";"Decrescente";"Chuva";"Simples";"Aclive;Reta";"Não";2;0;0;0;1;2;0;3;-12,43913293;-41,48607016;"SPRF-BA";"DEL06-BA";"UOP01-DEL06-BA"
781801;2026-06-23;"terça-feira";"10:30:00";"MS";163;368;"NOVA ALVORADA DO SUL";"Acessar a via sem observar a presença dos outros veículos";"Colisão transversal";"Com Vítimas Feridas";"Pleno dia";"Crescente";"Nublado";"Simples";"Reta;Rotatória";"Sim";3;0;1;1;1;0;2;2;-21,43763;-54,376;"SPRF-MS";"DEL02-MS";"UOP01-DEL02-MS"
781810;2026-06-28;"domingo";"09:45:00";"MG";262;587,3;"CAMPOS ALTOS";"Velocidade Incompatível";"Tombamento";"Com Vítimas Feridas";"Pleno dia";"Decrescente";"Céu Claro";"Simples";"Curva;Declive";"Não";2;0;1;0;0;1;1;2;-19,65792;-46,129233;"SPRF-MG";"DEL08-MG";"UOP02-DEL08-MG"
781818;2026-06-28;"domingo";"19:40:00";"SC";280;140;"RIO NEGRINHO";"Reação tardia ou ineficiente do condutor";"Saída de leito carroçável";"Com Vítimas Feridas";"Plena Noite";"Decrescente";"Chuva";"Simples";"Aclive;Reta";"Não";1;0;0;1;0;0;1;1;-26,254167;-49,616582;"SPRF-SC";"DEL06-SC";"UOP03-DEL06-SC"
781822;2026-06-28;"domingo";"20:40:00";"ES";262;192,3;"IUNA";"Ingestão de álcool pelo condutor";"Colisão lateral sentido oposto";"Com Vítimas Feridas";"Plena Noite";"Crescente";"Céu Claro";"Simples";"Reta";"Não";7;0;0;1;6;0;1;3;-20,29411;-41,74926;"SPRF-ES";"DEL01-ES";"UOP02-DEL01-ES"
781836;2026-06-28;"domingo";"22:00:00";"GO";40;108;"CRISTALINA";"Demais falhas mecânicas ou elétricas";"Incêndio";"Sem Vítimas";"Plena Noite";"Decrescente";"Céu Claro";"Dupla";"Reta";"Não";2;0;0;0;1;1;0;2;-16,83637292;-47,52573171;"SPRF-DF";"DEL01-DF";"UOP02-DEL01-DF"
781838;2026-06-28;"domingo";"22:22:00";"RS";116;40,6;"VACARIA";"Ausência de reação do condutor";"Colisão frontal";"Com Vítimas Feridas";"Plena Noite";"Crescente";"Céu Claro";"Simples";"Reta;Interseção de Vias";"Sim";2;0;0;1;1;0;1;2;-28,5228835;-50,944218;"SPRF-RS";"DEL05-RS";"UOP03-DEL05-RS"
781847;2026-06-28;"domingo";"19:30:00";"MS";262;617,3;"MIRANDA";"Ausência de reação do condutor";"Tombamento";"Com Vítimas Feridas";"Plena Noite";"Decrescente";"Céu Claro";"Simples";"Reta";"Não";2;0;1;0;0;1;1;2;-20,16715197;-56,79428101;"SPRF-MS";"DEL03-MS";"UOP02-DEL03-MS"
781851;2026-06-28;"domingo";"23:55:00";"SC";470;59,6;"BLUMENAU";"Ingestão de álcool pelo condutor";"Colisão transversal";"Com Vítimas Feridas";"Plena Noite";"Decrescente";"Chuva";"Simples";"Reta";"Sim";2;0;1;0;1;0;1;2;-26,88219;-49,16179;"SPRF-SC";"DEL04-SC";"UOP01-DEL04-SC"
781858;2026-05-29;"sexta-feira";"16:44:00";"MS";60;516;"NIOAQUE";"Demais falhas mecânicas ou elétricas";"Tombamento";"Sem Vítimas";"Anoitecer";"Crescente";"Céu Claro";"Simples";"Curva";"Não";2;0;0;0;1;2;0;3;-21,173542;-55,63871;"SPRF-MS";"DEL05-MS";"UOP01-DEL05-MS"
781866;2026-06-29;"segunda-feira";"04:30:00";"PR";476;185;"LAPA";"Ausência de reação do condutor";"Colisão frontal";"Com Vítimas Feridas";"Plena Noite";"Decrescente";"Chuva";"Dupla";"Curva";"Não";6;0;2;0;3;1;2;4;-25,7179601;-49,64217123;"SPRF-PR";"DEL01-PR";"UOP06-DEL01-PR"
781869;2026-06-28;"domingo";"23:15:00";"SC";163;1;"DIONISIO CERQUEIRA";"Ausência de reação do condutor";"Colisão traseira";"Sem Vítimas";"Pleno dia";"Crescente";"Chuva";"Simples";"Reta";"Sim";3;0;0;0;1;3;0;4;-26,2620316;-53,62142368;"SPRF-SC";"DEL07-SC";"UOP03-DEL07-SC"
781871;2026-06-29;"segunda-feira";"06:30:00";"GO";60;100;"ANAPOLIS";"Acessar a via sem observar a presença dos outros veículos";"Colisão transversal";"Com Vítimas Feridas";"Amanhecer";"Decrescente";"Céu Claro";"Dupla";"Reta;Interseção de Vias";"Sim";3;0;0;1;1;1;1;3;-16,3938053;-48,9605465;"SPRF-GO";"DEL02-GO";"UOP01-DEL02-GO"
781876;2026-06-29;"segunda-feira";"05:00:00";"PR";376;657,9;"TIJUCAS DO SUL";"Condutor Dormindo";"Saída de leito carroçável";"Com Vítimas Fatais";"Plena Noite";"Decrescente";"Chuva";"Dupla";"Curva";"Não";2;1;0;0;0;2;0;3;-25,84639635;-49,01261536;"SPRF-PR";"DEL01-PR";"UOP04-DEL01-PR"
781880;2026-06-29;"segunda-feira";"06:40:00";"BA";116;433;"FEIRA DE SANTANA";"Reação tardia ou ineficiente do condutor";"Tombamento";"Com Vítimas Feridas";"Amanhecer";"Decrescente";"Nublado";"Dupla";"Curva";"Não";3;0;0;1;1;1;1;3;-12,30301453;-39,04189646;"SPRF-BA";"DEL02-BA";"UOP01-DEL02-BA"