"id";"data_inversa";"dia_semana";"horario";"uf";"br";"km";"municipio";"causa_acidente";"tipo_acidente";"classificacao_acidente";"fase_dia";"sentido_via";"condicao_metereologica";"tipo_pista";"tracado_via";"uso_solo";"pessoas";"mortos";"feridos_leves";"feridos_graves";"ilesos";"ignorados";"feridos";"veiculos";"latitude";"longitude";"regional";"delegacia";"uop"
782756;2026-06-22;"segunda-feira";"23:20:00";"SC";101;206,6;"SAO JOSE";"Demais falhas mecânicas ou elétricas";"Incêndio";"Sem Vítimas";"Plena Noite";"Decrescente";"Nublado";"Múltipla";"Declive;Curva";"Sim";2;0;0;0;2;0;0;1;-27,60092131;-48,62350194;"SPRF-SC";"DEL01-SC";"UOP01-DEL01-SC"
782757;2026-07-03;"sexta-feira";"08:45:00";"PI";316;401,7;"FRANCISCO MACEDO";"Avarias e/ou desgaste excessivo no pneu";"Saída de leito carroçável";"Com Vítimas Feridas";"Pleno dia";"Decrescente";"Sol";"Simples";"Curva;Aclive";"Não";2;0;1;0;0;1;1;2;-7,356409;-40,759633;"SPRF-PI";"DEL04-PI";"UOP03-DEL04-PI"
782767;2026-07-03;"sexta-feira";"07:12:00";"MT";163;844;"SINOP";"Conversão proibida";"Colisão transversal";"Com Vítimas Feridas";"Pleno dia";"Decrescente";"Céu Claro";"Simples";"Reta;Em Obras";"Sim";2;0;1;0;1;0;1;2;-11,77733419;-55,47336102;"SPRF-MT";"DEL06-MT";"UOP02-DEL06-MT"
782771;2026-07-03;"sexta-feira";"09:15:00";"SC";282;386,1;"JOACABA";"Manobra de mudança de faixa";"Colisão traseira";"Com Vítimas Feridas";"Pleno dia";"Crescente";"Chuva";"Dupla";"Reta";"Não";3;0;1;0;1;2;1;4;-27,192335;-51,516805;"SPRF-SC";"DEL07-SC";"UOP05-DEL07-SC"
782775;2026-07-03;"sexta-feira";"11:30:00";"ES";101;299;"VIANA";"Acesso irregular";"Colisão lateral mesmo sentido";"Com Vítimas Feridas";"Pleno dia";"Crescente";"Sol";"Simples";"Reta";"Não";2;0;1;0;1;0;1;2;-20,35021445;-40,41304557;"SPRF-ES";"DEL01-ES";"UOP01-DEL01-ES"
782776;2026-07-03;"sexta-feira";"09:30:00";"SC";153;81;"IRANI";"Demais falhas mecânicas ou elétricas";"Saída de leito carroçável";"Com Vítimas Feridas";"Pleno dia";"Crescente";"Nevoeiro/Neblina";"Simples";"Declive";"Não";2;0;1;0;0;1;1;2;-27,12178533;-51,92893982;"SPRF-SC";"DEL07-SC";"UOP04-DEL07-SC"
782777;2026-07-03;"sexta-feira";"11:38:00";"PA";230;120;"MARABA";"Reação tardia ou ineficiente do condutor";"Colisão lateral mesmo sentido";"Sem Vítimas";"Pleno dia";"Decrescente";"Céu Claro";"Dupla";"Interseção de Vias";"Sim";2;0;0;0;2;0;0;2;-5,3812;-49,1331;"SPRF-PA";"DEL03-PA";"UOP01-DEL03-PA"
782783;2026-07-03;"sexta-feira";"05:00:00";"MG";251;259;"SANTA CRUZ DE SALINAS";"Ausência de reação do condutor";"Saída de leito carroçável";"Com Vítimas Feridas";"Amanhecer";"Decrescente";"Nublado";"Simples";"Curva";"Não";1;0;1;0;0;0;1;1;-16,01442475;-41,90468788;"SPRF-MG";"DEL12-MG";"UOP02-DEL12-MG"
782787;2026-07-03;"sexta-feira";"13:00:00";"MG";262;750;"SACRAMENTO";"Demais falhas mecânicas ou elétricas";"Incêndio";"Sem Vítimas";"Pleno dia";"Crescente";"Céu Claro";"Simples";"Reta";"Não";2;0;0;0;1;1;0;2;-19,665156;-47,597283;"SPRF-MG";"DEL13-MG";"UOP01-DEL13-MG"
782793;2026-07-03;"sexta-feira";"12:12:00";"RO";319;143;"PORTO VELHO";"Pedestre - Ingestão de álcool/ substâncias psicoativas";"Atropelamento de Pedestre";"Sem Vítimas";"Pleno dia";"Crescente";"Céu Claro";"Múltipla";"Reta";"Não";2;0;0;0;2;0;0;2;-8,7584;-63,88622;"SPRF-RO";"DEL01-RO";"UOP01-DEL01-RO"
782800;2026-07-03;"sexta-feira";"12:45:00";"SP";153;301,2;"CAMPOS NOVOS PAULISTA";"Ingestão de álcool pelo condutor";"Colisão traseira";"Sem Vítimas";"Pleno dia";"Decrescente";"Céu Claro";"Simples";"Reta;Aclive;Em Obras";"Não";3;0;0;0;2;2;0;4;-22,5956;-49,8895267;"SPRF-SP";"DEL07-SP";"UOP03-DEL07-SP"
782806;2026-07-03;"sexta-feira";"08:30:00";"MG";381;392;"BOM JESUS DO AMPARO";"Curva acentuada";"Tombamento";"Com Vítimas Feridas";"Pleno dia";"Decrescente";"Céu Claro";"Dupla";"Rotatória";"Não";1;0;1;0;0;0;1;1;-19,75383799;-43,47628467;"SPRF-MG";"DEL01-MG";"UOP01-DEL01-MG"
782807;2026-07-03;"sexta-feira";"11:55:00";"MG";262;46,5;"MANHUACU";"Condutor deixou de manter distância do veículo da frente";"Colisão traseira";"Com Vítimas Feridas";"Pleno dia";"Crescente";"Nublado";"Simples";"Curva";"Não";2;0;1;0;1;0;1;2;-20,25632;-42,113872;"SPRF-MG";"DEL06-MG";"UOP03-DEL06-MG"
782808;2026-06-27;"sábado";"16:30:00";"MT";364;540;"ROSARIO OESTE";"Ausência de reação do condutor";"Colisão traseira";"Com Vítimas Fatais";"Pleno dia";"Decrescente";"Céu Claro";"Simples";"Reta";"Não";3;1;0;0;1;1;0;3;-14,857092;-56,453383;"SPRF-MT";"DEL01-MT";"UOP01-DEL01-MT"
782814;2026-06-22;"segunda-feira";"16:25:00";"MS";163;710;"RIO VERDE DE MATO GROSSO";"Transitar na contramão";"Colisão frontal";"Com Vítimas Feridas";"Pleno dia";"Crescente";"Nublado";"Simples";"Reta";"Não";4;0;1;0;2;3;1;5;-18,668683;-54,805547;"SPRF-MS";"DEL06-MS";"UOP01-DEL06-MS"
782818;2026-06-10;"quarta-feira";"06:45:00";"ES";101;335;"GUARAPARI";"Retorno proibido";"Colisão transversal";"Com Vítimas Feridas";"Amanhecer";"Crescente";"Céu Claro";"Dupla";"Curva;Interseção de Vias;Rotatória";"Sim";3;0;1;0;1;1;1;3;-20,62826;-40,52756;"SPRF-ES";"DEL03-ES";"UOP01-DEL03-ES"
782822;2026-07-03;"sexta-feira";"14:30:00";"PR";277;299,6;"PRUDENTOPOLIS";"Condutor deixou de manter distância do veículo da frente";"Colisão lateral mesmo sentido";"Com Vítimas Feridas";"Pleno dia";"Crescente";"Céu Claro";"Simples";"Curva";"Não";4;0;0;2;2;0;2;3;-25,314221;-51,090209;"SPRF-PR";"DEL08-PR";"UOP01-DEL08-PR"
782828;2026-07-03;"sexta-feira";"13:00:00";"MA";135;59;"BACABEIRA";"Acessar a via sem observar a presença dos outros veículos";"Colisão lateral mesmo sentido";"Com Vítimas Feridas";"Pleno dia";"Decrescente";"Céu Claro";"Dupla";"Reta";"Sim";5;0;1;0;2;2;1;4;-3,04415;-44,31775;"SPRF-MA";"DEL01-MA";"UOP02-DEL01-MA"
782829;2026-07-03;"sexta-feira";"05:45:00";"SC";282;59;"RANCHO QUEIMADO";"Ausência de reação do condutor";"Colisão com objeto";"Sem Vítimas";"Amanhecer";"Decrescente";"Chuva";"Simples";"Desvio Temporário";"Não";1;0;0;0;1;0;0;1;-27,67747509;-49,0139335;"SPRF-SC";"DEL01-SC";"UOP03-DEL01-SC"
782830;2026-06-05;"sexta-feira";"17:00:00";"SP";381;62;"MAIRIPORA";"Demais falhas mecânicas ou elétricas";"Incêndio";"Sem Vítimas";"Plena Noite";"Decrescente";"Céu Claro";"Dupla";"Aclive;Reta";"Não";1;0;0;0;1;0;0;1;-23,299985;-46,571791;"SPRF-SP";"DEL03-SP";"UOP01-DEL03-SP"
782833;2026-07-03;"sexta-feira";"13:30:00";"PE";101;161,1;"GAMELEIRA";"Manobra de mudança de faixa";"Colisão traseira";"Com Vítimas Fatais";"Pleno dia";"Crescente";"Céu Claro";"Dupla";"Declive;Reta";"Não";3;1;0;0;1;1;0;3;-8,550407;-35,444452;"SPRF-PE";"DEL01-PE";"UOP03-DEL01-PE"
782836;2026-07-03;"sexta-feira";"16:00:00";"SC";470;63;"INDAIAL";"Acessar a via sem observar a presença dos outros veículos";"Colisão transversal";"Com Vítimas Feridas";"Pleno dia";"Crescente";"Céu Claro";"Simples";"Aclive;Interseção de Vias;Reta";"Sim";5;0;0;1;3;1;1;3;-26,87210218;-49,19362231;"SPRF-SC";"DEL04-SC";"UOP01-DEL04-SC"
782837;2026-07-03;"sexta-feira";"16:40:00";"MG";50;68;"UBERLANDIA";"Ausência de reação do condutor";"Saída de leito carroçável";"Com Vítimas Feridas";"Pleno dia";"Crescente";"Sol";"Dupla";"Reta";"Sim";1;0;1;0;0;0;1;1;-18,87114;-48,256351;"SPRF-MG";"DEL15-MG";"UOP02-DEL15-MG"
782843;2026-07-03;"sexta-feira";"16:40:00";"PE";101;65,2;"RECIFE";"Manobra de mudança de faixa";"Colisão lateral mesmo sentido";"Com Vítimas Feridas";"Anoitecer";"Crescente";"Céu Claro";"Dupla";"Reta";"Sim";3;0;1;0;1;1;1;3;-8,02581;-34,94303;"SPRF-PE";"DEL01-PE";"UOP01-DEL01-PE"
782847;2026-07-03;"sexta-feira";"15:16:00";"AL";101;207;"SAO SEBASTIAO";"Transitar na contramão";"Colisão lateral sentido oposto";"Com Vítimas Feridas";"Pleno dia";"Crescente";"Céu Claro";"Simples";"Interseção de Vias";"Não";3;0;0;1;2;0;1;3;-9,98572543;-36,57373309;"SPRF-AL";"DEL02-AL";"UOP02-DEL02-AL"
782848;2026-07-03;"sexta-feira";"16:30:00";"PR";376;497;"PONTA GROSSA";"Acessar a via sem observar a presença dos outros veículos";"Colisão transversal";"Com Vítimas Feridas";"Pleno dia";"Decrescente";"Nublado";"Simples";"Reta";"Sim";5;0;3;0;2;0;3;2;-25,17140736;-50,10720072;"SPRF-PR";"DEL03-PR";"UOP03-DEL03-PR"
782849;2026-07-03;"sexta-feira";"14:00:00";"BA";116;567;"NOVA ITARANA";"Acessar a via sem observar a presença dos outros veículos";"Tombamento";"Sem Vítimas";"Pleno dia";"Decrescente";"Nublado";"Simples";"Reta";"Não";3;0;0;0;2;2;0;4;-13,01457268;-39,95843089;"SPRF-BA";"DEL03-BA";"UOP02-DEL03-BA"
782851;2026-07-03;"sexta-feira";"16:23:00";"SC";470;43,2;"GASPAR";"Ausência de reação do condutor";"Saída de leito carroçável";"Com Vítimas Feridas";"Pleno dia";"Crescente";"Céu Claro";"Dupla";"Curva;Declive";"Não";2;0;1;0;0;1;1;2;-26,8717223;-49,015997;"SPRF-SC";"DEL04-SC";"UOP01-DEL04-SC"
782853;2026-07-03;"sexta-feira";"15:35:00";"MT";364;318;"CAMPO VERDE";"Demais falhas mecânicas ou elétricas";"Incêndio";"Sem Vítimas";"Pleno dia";"Decrescente";"Nevoeiro/Neblina";"Simples";"Reta";"Não";2;0;0;0;1;3;0;4;-15,815913;-55,314762;"SPRF-MT";"DEL05-MT";"UOP02-DEL05-MT"
782860;2026-07-03;"sexta-feira";"17:30:00";"MG";381;864,8;"POUSO ALEGRE";"Reação tardia ou ineficiente do condutor";"Colisão lateral mesmo sentido";"Sem Vítimas";"Anoitecer";"Crescente";"Céu Claro";"Múltipla";"Reta;Aclive";"Não";4;0;0;0;3;1;0;3;-22,354505;-45,928095;"SPRF-MG";"DEL16-MG";"UOP01-DEL16-MG"
782861;2026-07-03;"sexta-feira";"10:40:00";"RJ";40;114;"DUQUE DE CAXIAS";"Manobra de mudança de faixa";"Colisão lateral mesmo sentido";"Com Vítimas Feridas";"Pleno dia";"Crescente";"Céu Claro";"Dupla";"Retorno Regulamentado";"Não";2;0;1;0;1;0;1;2;-22,7162;-43,2907;"SPRF-RJ";"DEL01-RJ";"UOP02-DEL01-RJ"
782867;2026-07-03;"sexta-feira";"09:30:00";"PA";10;313;"IRITUIA";"Condutor deixou de manter distância do veículo da frente";"Engavetamento";"Sem Vítimas";"Pleno dia";"Crescente";"Céu Claro";"Simples";"Declive";"Não";4;0;0;0;3;1;0;3;-1,692083;-47,502195;"SPRF-PA";"DEL01-PA";"UOP02-DEL01-PA"
782871;2026-07-03;"sexta-feira";"17:00:00";"RS";116;640,9;"JAGUARAO";"Demais falhas mecânicas ou elétricas";"Saída de leito carroçável";"Com Vítimas Feridas";"Pleno dia";"Decrescente";"Nublado";"Simples";"Reta;Aclive";"Não";1;0;1;0;0;0;1;1;-32,44710731;-53,26623408;"SPRF-RS";"DEL07-RS";"UOP03-DEL07-RS"
782873;2026-07-03;"sexta-feira";"17:10:00";"TO";10;474;"PALMAS";"Acessar a via sem observar a presença dos outros veículos";"Colisão transversal";"Com Vítimas Feridas";"Anoitecer";"Crescente";"Céu Claro";"Simples";"Reta";"Não";2;0;1;0;1;0;1;2;-10,238022;-48,225217;"SPRF-TO";"DEL01-TO";"UOP03-DEL01-TO"
782878;2026-06-28;"domingo";"02:50:00";"AL";104;86;"RIO LARGO";"Ingestão de álcool pelo condutor";"Saída de leito carroçável";"Sem Vítimas";"Plena Noite";"Crescente";"Céu Claro";"Dupla";"Reta";"Sim";2;0;0;0;1;1;0;2;-9,472081;-35,822494;"SPRF-AL";"DEL01-AL";"UOP01-DEL01-AL"
782880;2026-07-03;"sexta-feira";"14:28:00";"MT";158;636;"NOVA XAVANTINA";"Demais falhas mecânicas ou elétricas";"Incêndio";"Sem Vítimas";"Plena Noite";"Decrescente";"Céu Claro";"Simples";"Reta";"Não";2;0;0;0;1;1;0;2;-14,5358917;-52,356885;"SPRF-MT";"DEL07-MT";"UOP02-DEL07-MT"
782885;2026-07-03;"sexta-feira";"19:00:00";"PR";277;485,1;"NOVA LARANJEIRAS";"Transitar na contramão";"Colisão frontal";"Com Vítimas Fatais";"Plena Noite";"Decrescente";"Céu Claro";"Simples";"Reta;Declive";"Não";3;1;0;0;1;1;0;3;-25,266625;-52,61789;"SPRF-PR";"DEL04-PR";"UOP02-DEL04-PR"
782887;2026-07-03;"sexta-feira";"14:45:00";"MT";364;356,9;"SANTO ANTONIO DO LEVERGER";"Manobra de mudança de faixa";"Colisão lateral mesmo sentido";"Com Vítimas Feridas";"Pleno dia";"Crescente";"Nublado";"Dupla";"Curva;Aclive";"Não";2;0;0;1;0;1;1;2;-15,77746924;-55,62891841;"SPRF-MT";"DEL05-MT";"UOP02-DEL05-MT"
782894;2026-07-03;"sexta-feira";"18:30:00";"MG";40;494;"ESMERALDAS";"Acessar a via sem observar a presença dos outros veículos";"Colisão transversal";"Com Vítimas Fatais";"Plena Noite";"Crescente";"Céu Claro";"Dupla";"Reta;Retorno Regulamentado";"Não";3;1;0;0;1;1;0;3;-19,66702329;-44,2027359;"SPRF-MG";"DEL02-MG";"UOP01-DEL02-MG"
782897;2026-07-03;"sexta-feira";"19:33:00";"RJ";116;182;"NOVA IGUACU";"Ausência de reação do condutor";"Colisão traseira";"Sem Vítimas";"Plena Noite";"Crescente";"Céu Claro";"Simples";"Interseção de Vias";"Não";2;0;0;0;2;0;0;2;-22,75823;-43,4289;"SPRF-RJ";"DEL06-RJ";"UOP01-DEL06-RJ"
782900;2026-07-03;"sexta-feira";"19:50:00";"ES";262;37;"DOMINGOS MARTINS";"Acessar a via sem observar a presença dos outros veículos";"Colisão transversal";"Sem Vítimas";"Plena Noite";"Crescente";"Céu Claro";"Simples";"Declive;Interseção de Vias;Retorno Regulamentado";"Sim";2;0;0;0;2;0;0;2;-20,3813623;-40,61921166;"SPRF-ES";"DEL01-ES";"UOP01-DEL01-ES"
782908;2026-07-03;"sexta-feira";"20:30:00";"MG";40;674,2;"CARANDAI";"Conversão proibida";"Colisão frontal";"Com Vítimas Feridas";"Plena Noite";"Decrescente";"Nublado";"Simples";"Reta";"Não";4;0;0;1;2;1;1;4;-20,99633442;-43,77681077;"SPRF-MG";"DEL05-MG";"UOP02-DEL05-MG"
782909;2026-07-03;"sexta-feira";"20:30:00";"RS";290;89;"PORTO ALEGRE";"Manobra de mudança de faixa";"Colisão lateral mesmo sentido";"Com Vítimas Feridas";"Plena Noite";"Crescente";"Céu Claro";"Dupla";"Reta";"Não";2;0;1;0;0;1;1;2;-29,96786799;-51,15401452;"SPRF-RS";"DEL01-RS";"UOP01-DEL01-RS"
782918;2026-07-03;"sexta-feira";"19:30:00";"SC";282;457,2;"PONTE SERRADA";"Reação tardia ou ineficiente do condutor";"Colisão lateral sentido oposto";"Com Vítimas Feridas";"Plena Noite";"Crescente";"Céu Claro";"Simples";"Declive";"Não";2;0;1;0;1;0;1;2;-26,88857844;-51,99253885;"SPRF-SC";"DEL07-SC";"UOP04-DEL07-SC"
782921;2026-07-03;"sexta-feira";"19:00:00";"MS";158;3,6;"CASSILANDIA";"Carga excessiva e/ou mal acondicionada";"Derramamento de carga";"Com Vítimas Feridas";"Plena Noite";"Crescente";"Céu Claro";"Simples";"Reta;Interseção de Vias";"Sim";2;0;0;1;0;1;1;2;-19,11750249;-51,72911232;"SPRF-MS";"DEL08-MS";"UOP01-DEL08-MS"
782928;2026-07-03;"sexta-feira";"21:00:00";"PR";476;214;"LAPA";"Ultrapassagem Indevida";"Colisão frontal";"Com Vítimas Feridas";"Plena Noite";"Crescente";"Nublado";"Simples";"Curva";"Não";3;0;1;1;1;0;2;2;-25,786673;-49,87804;"SPRF-PR";"DEL01-PR";"UOP06-DEL01-PR"
782931;2026-07-03;"sexta-feira";"18:50:00";"BA";116;815;"VITORIA DA CONQUISTA";"Ausência de reação do condutor";"Colisão traseira";"Com Vítimas Fatais";"Plena Noite";"Decrescente";"Céu Claro";"Simples";"Declive;Reta";"Sim";9;1;4;0;4;0;4;5;-14,812547;-40,797453;"SPRF-BA";"DEL08-BA";"UOP01-DEL08-BA"
782934;2026-07-03;"sexta-feira";"23:30:00";"RS";386;346,6;"LAJEADO";"Manobra de mudança de faixa";"Colisão lateral mesmo sentido";"Com Vítimas Feridas";"Plena Noite";"Decrescente";"Céu Claro";"Dupla";"Reta";"Sim";3;0;1;0;1;1;1;3;-29,450273;-51,968205;"SPRF-RS";"DEL04-RS";"UOP01-DEL04-RS"
782936;2026-07-03;"sexta-feira";"22:35:00";"MG";116;572,5;"MANHUACU";"Transitar no Acostamento";"Colisão lateral mesmo sentido";"Sem Vítimas";"Plena Noite";"Decrescente";"Céu Claro";"Simples";"Reta";"Não";2;0;0;0;2;0;0;2;-20,1326789;-42,1782643;"SPRF-MG";"DEL06-MG";"UOP03-DEL06-MG"
782943;2026-07-03;"sexta-feira";"21:50:00";"GO";153;166;"CAMPINORTE";"Transitar na contramão";"Colisão frontal";"Com Vítimas Fatais";"Plena Noite";"Crescente";"Céu Claro";"Simples";"Declive;Reta";"Não";2;1;0;0;1;0;0;2;-14,231355;-49,134058;"SPRF-GO";"DEL07-GO";"UOP02-DEL07-GO"
782946;2026-07-04;"sábado";"00:15:00";"RS";386;216,9;"TIO HUGO";"Ingestão de álcool pelo condutor";"Colisão lateral sentido oposto";"Sem Vítimas";"Plena Noite";"Decrescente";"Céu Claro";"Simples";"Reta";"Não";2;0;0;0;1;1;0;2;-28,59235;-52,60338;"SPRF-RS";"DEL04-RS";"UOP03-DEL04-RS"
782954;2026-07-03;"sexta-feira";"23:40:00";"RS";392;11,3;"RIO GRANDE";"Ausência de reação do condutor";"Colisão traseira";"Com Vítimas Feridas";"Plena Noite";"Decrescente";"Nublado";"Dupla";"Reta";"Não";3;0;0;1;1;2;1;4;-32,08574704;-52,23852038;"SPRF-RS";"DEL07-RS";"UOP02-DEL07-RS"
782956;2026-07-04;"sábado";"01:35:00";"MG";381;413;"CAETE";"Entrada inopinada do pedestre";"Atropelamento de Pedestre";"Com Vítimas Fatais";"Plena Noite";"Decrescente";"Céu Claro";"Dupla";"Curva;Ponte";"Não";3;1;0;0;1;1;0;3;-19,7472866;-43,62287977;"SPRF-MG";"DEL01-MG";"UOP01-DEL01-MG"
782963;2026-07-04;"sábado";"05:00:00";"SE";101;149,5;"ESTANCIA";"Condutor deixou de manter distância do veículo da frente";"Colisão traseira";"Com Vítimas Feridas";"Plena Noite";"Decrescente";"Céu Claro";"Simples";"Reta;Declive";"Sim";2;0;0;1;0;1;1;2;-11,24755;-37,43477;"SPRF-SE";"DEL02-SE";"UOP01-DEL02-SE"
782964;2026-07-04;"sábado";"04:00:00";"RN";427;94,4;"SAO FERNANDO";"Condutor Dormindo";"Colisão com objeto";"Sem Vítimas";"Amanhecer";"Decrescente";"Céu Claro";"Múltipla";"Rotatória";"Sim";2;0;0;0;1;2;0;3;-6,44431754;-37,15832258;"SPRF-RN";"DEL03-RN";"UOP01-DEL03-RN"
782967;2026-07-04;"sábado";"05:40:00";"SC";101;148;"ITAPEMA";"Acessar a via sem observar a presença dos outros veículos";"Colisão transversal";"Com Vítimas Feridas";"Amanhecer";"Crescente";"Nublado";"Dupla";"Reta";"Sim";3;0;0;1;1;1;1;3;-27,09487638;-48,61846304;"SPRF-SC";"DEL04-SC";"UOP03-DEL04-SC"
782973;2026-07-03;"sexta-feira";"23:50:00";"PE";407;73;"PETROLINA";"Demais falhas mecânicas ou elétricas";"Incêndio";"Sem Vítimas";"Plena Noite";"Decrescente";"Céu Claro";"Simples";"Reta";"Sim";2;0;0;0;1;1;0;2;-8,95923;-40,72204;"SPRF-PE";"DEL06-PE";"UOP02-DEL06-PE"
782982;2026-07-04;"sábado";"07:00:00";"SP";116;219,7;"GUARULHOS";"Objeto estático sobre o leito carroçável";"Colisão com objeto";"Com Vítimas Feridas";"Pleno dia";"Decrescente";"Nublado";"Múltipla";"Reta";"Não";3;0;0;1;1;1;1;3;-23,465463;-46,499965;"SPRF-SP";"DEL01-SP";"UOP01-DEL01-SP"
782983;2026-07-04;"sábado";"06:30:00";"PR";277;7;"PARANAGUA";"Demais falhas mecânicas ou elétricas";"Incêndio";"Sem Vítimas";"Amanhecer";"Decrescente";"Garoa/Chuvisco";"Dupla";"Reta";"Não";2;0;0;0;1;1;0;2;-25,56206418;-48,58392209;"SPRF-PR";"DEL01-PR";"UOP05-DEL01-PR"
782997;2026-07-04;"sábado";"07:15:00";"SP";381;85;"SAO PAULO";"Ausência de reação do condutor";"Colisão lateral mesmo sentido";"Com Vítimas Feridas";"Pleno dia";"Decrescente";"Nublado";"Múltipla";"Reta";"Sim";3;0;1;0;2;0;1;2;-23,45694747;-46,57138824;"SPRF-SP";"DEL03-SP";"UOP01-DEL03-SP"
783002;2026-07-04;"sábado";"08:00:00";"PR";277;40,9;"MORRETES";"Velocidade Incompatível";"Colisão com objeto";"Com Vítimas Feridas";"Pleno dia";"Decrescente";"Garoa/Chuvisco";"Dupla";"Curva;Declive";"Não";2;0;1;0;0;2;1;3;-25,582448;-48,878094;"SPRF-PR";"DEL01-PR";"UOP05-DEL01-PR"
783005;2026-06-26;"sexta-feira";"23:30:00";"SC";101;101,2;"BALNEARIO PICARRAS";"Sinalização mal posicionada";"Colisão transversal";"Com Vítimas Feridas";"Plena Noite";"Decrescente";"Céu Claro";"Simples";"Interseção de Vias";"Não";3;0;1;0;2;0;1;2;-26,76909531;-48,68598668;"SPRF-SC";"DEL03-SC";"UOP02-DEL03-SC"
783006;2026-07-04;"sábado";"09:20:00";"SE";101;63,7;"ROSARIO DO CATETE";"Condutor Dormindo";"Atropelamento de Pedestre";"Com Vítimas Fatais";"Pleno dia";"Crescente";"Sol";"Dupla";"Curva";"Sim";4;2;1;0;0;1;1;3;-10,690308;-37,039602;"SPRF-SE";"DEL02-SE";"UOP02-DEL02-SE"
783009;2026-07-04;"sábado";"09:30:00";"MG";40;508,8;"RIBEIRAO DAS NEVES";"Reação tardia ou ineficiente do condutor";"Colisão traseira";"Com Vítimas Feridas";"Pleno dia";"Crescente";"Céu Claro";"Dupla";"Reta;Viaduto";"Sim";2;0;1;0;0;1;1;2;-19,7658767;-44,1300717;"SPRF-MG";"DEL01-MG";"UOP02-DEL01-MG"
783012;2026-07-03;"sexta-feira";"22:00:00";"BA";101;290;"VALENCA";"Ausência de reação do condutor";"Colisão traseira";"Com Vítimas Fatais";"Plena Noite";"Decrescente";"Céu Claro";"Simples";"Reta";"Não";2;1;0;0;0;1;0;2;-13,23215441;-39,32764292;"SPRF-BA";"DEL11-BA";"UOP01-DEL11-BA"
783018;2026-07-04;"sábado";"08:42:00";"TO";153;444,2;"BARROLANDIA";"Velocidade Incompatível";"Tombamento";"Com Vítimas Feridas";"Pleno dia";"Decrescente";"Céu Claro";"Simples";"Curva;Declive";"Não";2;0;1;0;0;1;1;2;-9,77406439;-48,70580433;"SPRF-TO";"DEL01-TO";"UOP01-DEL01-TO"
783019;2026-07-04;"sábado";"07:50:00";"MG";116;305;"ITAMBACURI";"Velocidade Incompatível";"Saída de leito carroçável";"Com Vítimas Feridas";"Pleno dia";"Crescente";"Céu Claro";"Simples";"Curva;Declive";"Não";2;0;0;1;0;1;1;2;-18,03327846;-41,6531121;"SPRF-MG";"DEL11-MG";"UOP01-DEL11-MG"
783023;2026-07-04;"sábado";"00:20:00";"RJ";116;25;"SAPUCAIA";"Velocidade Incompatível";"Tombamento";"Com Vítimas Feridas";"Plena Noite";"Decrescente";"Céu Claro";"Simples";"Curva;Declive";"Não";3;0;1;1;0;1;2;2;-22,03999614;-42,78261878;"SPRF-RJ";"DEL05-RJ";"UOP01-DEL05-RJ"
783035;2026-07-04;"sábado";"11:30:00";"GO";60;16,1;"ALEXANIA";"Manobra de mudança de faixa";"Colisão lateral mesmo sentido";"Com Vítimas Feridas";"Pleno dia";"Crescente";"Céu Claro";"Dupla";"Reta;Retorno Regulamentado";"Não";2;0;1;0;1;0;1;2;-16,113838;-48,368748;"SPRF-DF";"DEL03-DF";"UOP01-DEL03-DF"
783036;2026-07-04;"sábado";"10:15:00";"MT";163;717,3;"SORRISO";"Ultrapassagem Indevida";"Colisão lateral sentido oposto";"Com Vítimas Feridas";"Pleno dia";"Crescente";"Céu Claro";"Simples";"Desvio Temporário;Curva;Em Obras";"Não";5;0;1;0;3;1;1;4;-12,83905648;-55,82425582;"SPRF-MT";"DEL06-MT";"UOP01-DEL06-MT"
783038;2026-07-04;"sábado";"11:35:00";"PR";376;483,5;"PONTA GROSSA";"Ausência de reação do condutor";"Colisão lateral mesmo sentido";"Com Vítimas Feridas";"Pleno dia";"Crescente";"Nublado";"Dupla";"Reta;Aclive";"Sim";2;0;0;1;1;0;1;2;-25,09762244;-50,19722907;"SPRF-PR";"DEL03-PR";"UOP03-DEL03-PR"
783041;2026-07-04;"sábado";"12:20:00";"ES";101;400,7;"ITAPEMIRIM";"Carga excessiva e/ou mal acondicionada";"Derramamento de carga";"Com Vítimas Feridas";"Pleno dia";"Crescente";"Céu Claro";"Simples";"Reta;Declive";"Não";2;0;1;0;0;1;1;2;-20,88346745;-40,9798607;"SPRF-ES";"DEL03-ES";"UOP02-DEL03-ES"
783042;2026-07-04;"sábado";"12:00:00";"ES";262;154,8;"IBATIBA";"Ultrapassagem Indevida";"Colisão transversal";"Com Vítimas Feridas";"Pleno dia";"Crescente";"Céu Claro";"Simples";"Reta";"Não";5;0;2;1;1;1;3;3;-20,22662;-41,47086;"SPRF-ES";"DEL01-ES";"UOP02-DEL01-ES"
783044;2026-07-04;"sábado";"09:05:00";"AL";101;16,5;"NOVO LINO";"Reação tardia ou ineficiente do condutor";"Colisão com objeto";"Com Vítimas Feridas";"Pleno dia";"Crescente";"Céu Claro";"Dupla";"Curva";"Não";2;0;1;0;0;2;1;3;-9,00360383;-35,67638397;"SPRF-AL";"DEL01-AL";"UOP02-DEL01-AL"
783054;2026-07-04;"sábado";"10:10:00";"SC";116;156;"SANTA CECILIA";"Reação tardia ou ineficiente do condutor";"Tombamento";"Com Vítimas Feridas";"Pleno dia";"Decrescente";"Sol";"Simples";"Curva";"Não";2;0;1;0;0;1;1;2;-27,0826825;-50,4374819;"SPRF-SC";"DEL06-SC";"UOP02-DEL06-SC"