"id";"data_inversa";"dia_semana";"horario";"uf";"br";"km";"municipio";"causa_acidente";"tipo_acidente";"classificacao_acidente";"fase_dia";"sentido_via";"condicao_metereologica";"tipo_pista";"tracado_via";"uso_solo";"pessoas";"mortos";"feridos_leves";"feridos_graves";"ilesos";"ignorados";"feridos";"veiculos";"latitude";"longitude";"regional";"delegacia";"uop"
783804;2026-07-07;"terça-feira";"02:25:00";"RN";101;104,1;"PARNAMIRIM";"Demais falhas mecânicas ou elétricas";"Tombamento";"Sem Vítimas";"Plena Noite";"Crescente";"Céu Claro";"Dupla";"Curva;Viaduto";"Sim";2;0;0;0;1;1;0;2;-5,891498;-35,258747;"SPRF-RN";"DEL01-RN";"UOP01-DEL01-RN"
783807;2026-07-07;"terça-feira";"15:33:00";"GO";153;264;"NOVA GLORIA";"Reação tardia ou ineficiente do condutor";"Colisão lateral sentido oposto";"Sem Vítimas";"Pleno dia";"Crescente";"Céu Claro";"Simples";"Reta";"Não";3;0;0;0;2;3;0;5;-15,03351393;-49,4344732;"SPRF-GO";"DEL07-GO";"UOP02-DEL07-GO"
783812;2026-07-07;"terça-feira";"21:40:00";"MG";116;656,5;"SAO FRANCISCO DO GLORIA";"Ausência de reação do condutor";"Tombamento";"Com Vítimas Feridas";"Plena Noite";"Crescente";"Céu Claro";"Simples";"Curva";"Não";2;0;0;1;0;1;1;2;-20,77067661;-42,29981214;"SPRF-MG";"DEL07-MG";"UOP02-DEL07-MG"
783815;2026-07-08;"quarta-feira";"01:55:00";"RS";116;54,5;"VACARIA";"Reação tardia ou ineficiente do condutor";"Tombamento";"Com Vítimas Feridas";"Plena Noite";"Crescente";"Céu Claro";"Simples";"Curva;Declive";"Não";2;0;1;0;0;1;1;2;-28,59833;-51,037187;"SPRF-RS";"DEL05-RS";"UOP03-DEL05-RS"
783816;2026-07-08;"quarta-feira";"03:21:00";"SP";116;369;"MIRACATU";"Demais falhas mecânicas ou elétricas";"Incêndio";"Sem Vítimas";"Amanhecer";"Crescente";"Céu Claro";"Dupla";"Reta";"Sim";2;0;0;0;1;1;0;2;-24,15054693;-47,31404873;"SPRF-SP";"DEL04-SP";"UOP02-DEL04-SP"
783817;2026-07-08;"quarta-feira";"00:35:00";"RJ";101;183;"RIO DAS OSTRAS";"Demais falhas mecânicas ou elétricas";"Colisão com objeto";"Com Vítimas Feridas";"Plena Noite";"Crescente";"Chuva";"Simples";"Reta";"Sim";3;0;1;0;2;0;1;3;-22,4258227;-42,0084148;"SPRF-RJ";"DEL08-RJ";"UOP04-DEL08-RJ"
783819;2026-07-08;"quarta-feira";"00:00:00";"MA";230;33,4;"BARAO DE GRAJAU";"Problema com o freio";"Tombamento";"Com Vítimas Feridas";"Plena Noite";"Decrescente";"Céu Claro";"Simples";"Curva;Declive";"Não";2;0;1;0;0;3;1;4;-6,68263;-43,283338;"SPRF-PI";"DEL03-PI";"UOP01-DEL03-PI"
783820;2026-07-08;"quarta-feira";"03:50:00";"RS";293;3,4;"PELOTAS";"Ingestão de álcool pelo condutor";"Saída de leito carroçável";"Sem Vítimas";"Plena Noite";"Decrescente";"Garoa/Chuvisco";"Simples";"Reta;Declive";"Sim";2;0;0;0;1;2;0;3;-31,7359902;-52,3678039;"SPRF-RS";"DEL07-RS";"UOP01-DEL07-RS"
783824;2026-07-08;"quarta-feira";"02:40:00";"RO";364;305;"PRESIDENTE MEDICI";"Condutor Dormindo";"Saída de leito carroçável";"Com Vítimas Feridas";"Plena Noite";"Crescente";"Ignorado";"Simples";"Reta;Declive";"Não";3;0;2;0;0;2;2;3;-11,201443;-61,901722;"SPRF-RO";"DEL02-RO";"UOP01-DEL02-RO"
783826;2026-07-08;"quarta-feira";"05:50:00";"RS";116;269;"CANOAS";"Ausência de reação do condutor";"Colisão com objeto";"Sem Vítimas";"Amanhecer";"Decrescente";"Céu Claro";"Dupla";"Reta";"Não";1;0;0;0;1;0;0;1;-29,95973192;-51,17591929;"SPRF-RS";"DEL01-RS";"UOP01-DEL01-RS"
783831;2026-07-08;"quarta-feira";"06:05:00";"MG";381;915,4;"CAMANDUCAIA";"Manobra de mudança de faixa";"Colisão lateral mesmo sentido";"Com Vítimas Feridas";"Amanhecer";"Decrescente";"Nevoeiro/Neblina";"Dupla";"Reta;Aclive";"Não";4;0;1;0;2;1;1;3;-22,70270007;-46,11732379;"SPRF-MG";"DEL16-MG";"UOP03-DEL16-MG"
783837;2026-07-08;"quarta-feira";"06:30:00";"RJ";116;37;"SAPUCAIA";"Demais falhas mecânicas ou elétricas";"Incêndio";"Sem Vítimas";"Pleno dia";"Crescente";"Nevoeiro/Neblina";"Simples";"Reta;Aclive";"Não";1;0;0;0;1;0;0;1;-22,11419825;-42,78230365;"SPRF-RJ";"DEL05-RJ";"UOP01-DEL05-RJ"
783841;2026-07-08;"quarta-feira";"06:22:00";"RJ";465;1;"SEROPEDICA";"Condutor deixou de manter distância do veículo da frente";"Colisão traseira";"Com Vítimas Feridas";"Pleno dia";"Crescente";"Garoa/Chuvisco";"Simples";"Reta";"Não";3;0;2;0;0;1;2;3;-22,7220404;-43,72369766;"SPRF-RJ";"DEL06-RJ";"UOP02-DEL06-RJ"
783852;2026-07-08;"quarta-feira";"06:30:00";"RS";116;157;"CAXIAS DO SUL";"Acessar a via sem observar a presença dos outros veículos";"Colisão transversal";"Com Vítimas Feridas";"Pleno dia";"Crescente";"Céu Claro";"Simples";"Curva;Interseção de Vias";"Não";5;0;0;3;1;1;3;3;-29,2149272;-51,1771963;"SPRF-RS";"DEL05-RS";"UOP01-DEL05-RS"
783854;2026-07-08;"quarta-feira";"07:45:00";"SP";116;411;"JUQUIA";"Manobra de mudança de faixa";"Colisão lateral mesmo sentido";"Com Vítimas Feridas";"Pleno dia";"Crescente";"Céu Claro";"Dupla";"Reta";"Não";3;0;1;0;1;1;1;3;-24,3324231;-47,60562357;"SPRF-SP";"DEL05-SP";"UOP01-DEL05-SP"
783855;2026-07-08;"quarta-feira";"06:30:00";"PR";163;313;"TERRA ROXA";"Condutor Dormindo";"Saída de leito carroçável";"Com Vítimas Fatais";"Amanhecer";"Decrescente";"Céu Claro";"Simples";"Curva;Declive";"Não";2;1;0;0;0;2;0;3;-24,3556;-54,14847;"SPRF-PR";"DEL06-PR";"UOP02-DEL06-PR"
783857;2026-07-08;"quarta-feira";"06:50:00";"MT";163;840,5;"SINOP";"Acessar a via sem observar a presença dos outros veículos";"Colisão transversal";"Com Vítimas Feridas";"Pleno dia";"Decrescente";"Céu Claro";"Simples";"Reta;Em Obras";"Sim";3;0;1;0;1;3;1;5;-11,8116;-55,4823;"SPRF-MT";"DEL06-MT";"UOP02-DEL06-MT"
783864;2026-07-08;"quarta-feira";"06:10:00";"PR";277;445;"LARANJEIRAS DO SUL";"Demais falhas mecânicas ou elétricas";"Incêndio";"Sem Vítimas";"Amanhecer";"Decrescente";"Nevoeiro/Neblina";"Simples";"Reta";"Não";2;0;0;0;1;2;0;3;-25,37;-52,3;"SPRF-PR";"DEL04-PR";"UOP02-DEL04-PR"
783867;2026-07-08;"quarta-feira";"08:30:00";"RJ";101;405;"ITAGUAI";"Demais falhas mecânicas ou elétricas";"Colisão traseira";"Com Vítimas Feridas";"Pleno dia";"Decrescente";"Garoa/Chuvisco";"Dupla";"Reta";"Sim";3;0;1;0;2;0;1;2;-22,87071857;-43,80703926;"SPRF-RJ";"DEL03-RJ";"UOP01-DEL03-RJ"
783868;2026-07-08;"quarta-feira";"10:00:00";"ES";262;69,3;"MARECHAL FLORIANO";"Reação tardia ou ineficiente do condutor";"Queda de ocupante de veículo";"Com Vítimas Feridas";"Pleno dia";"Decrescente";"Céu Claro";"Simples";"Reta;Declive";"Não";1;0;1;0;0;0;1;1;-20,416035;-40,862685;"SPRF-ES";"DEL01-ES";"UOP02-DEL01-ES"
783870;2026-07-08;"quarta-feira";"09:30:00";"MG";153;195;"FRUTAL";"Demais falhas mecânicas ou elétricas";"Engavetamento";"Sem Vítimas";"Pleno dia";"Decrescente";"Céu Claro";"Simples";"Ponte;Reta";"Não";4;0;0;0;3;1;0;4;-19,91105063;-48,96463752;"SPRF-MG";"DEL13-MG";"UOP02-DEL13-MG"
783871;2026-07-08;"quarta-feira";"09:55:00";"BA";116;851,2;"VITORIA DA CONQUISTA";"Reação tardia ou ineficiente do condutor";"Engavetamento";"Com Vítimas Feridas";"Pleno dia";"Crescente";"Sol";"Simples";"Reta;Em Obras";"Não";4;0;1;0;2;3;1;6;-15,063127;-40,992116;"SPRF-BA";"DEL08-BA";"UOP01-DEL08-BA"
783872;2026-07-08;"quarta-feira";"10:30:00";"SC";470;37,7;"GASPAR";"Reação tardia ou ineficiente do condutor";"Colisão traseira";"Com Vítimas Feridas";"Pleno dia";"Crescente";"Céu Claro";"Dupla";"Reta";"Sim";3;0;1;0;1;1;1;3;-26,90738503;-48,97825241;"SPRF-SC";"DEL04-SC";"UOP01-DEL04-SC"
783876;2026-07-08;"quarta-feira";"09:45:00";"MG";116;430,8;"ENGENHEIRO CALDAS";"Transitar na contramão";"Colisão frontal";"Com Vítimas Feridas";"Pleno dia";"Decrescente";"Céu Claro";"Simples";"Curva";"Não";2;0;1;0;1;0;1;2;-19,0043683;-41,97644;"SPRF-MG";"DEL06-MG";"UOP01-DEL06-MG"
783881;2026-07-08;"quarta-feira";"10:50:00";"PE";232;110,7;"BEZERROS";"Demais falhas mecânicas ou elétricas";"Eventos atípicos";"Com Vítimas Feridas";"Pleno dia";"Crescente";"Sol";"Dupla";"Reta";"Não";2;0;1;0;1;0;1;2;-8,29394;-35,82606;"SPRF-PE";"DEL02-PE";"UOP03-DEL02-PE"
783882;2026-07-08;"quarta-feira";"09:15:00";"GO";20;96;"VILA BOA";"Condutor deixou de manter distância do veículo da frente";"Colisão lateral mesmo sentido";"Com Vítimas Feridas";"Pleno dia";"Crescente";"Céu Claro";"Simples";"Reta";"Não";5;0;1;0;3;2;1;4;-15,012456;-47,040913;"SPRF-DF";"DEL02-DF";"UOP02-DEL02-DF"
783884;2026-07-08;"quarta-feira";"12:40:00";"SP";116;471;"JACUPIRANGA";"Manobra de mudança de faixa";"Colisão lateral mesmo sentido";"Com Vítimas Feridas";"Pleno dia";"Crescente";"Céu Claro";"Dupla";"Reta";"Não";4;0;1;0;2;1;1;4;-24,68542517;-47,98684359;"SPRF-SP";"DEL05-SP";"UOP01-DEL05-SP"
783885;2026-07-08;"quarta-feira";"10:10:00";"MG";381;525;"BRUMADINHO";"Demais falhas mecânicas ou elétricas";"Saída de leito carroçável";"Com Vítimas Feridas";"Pleno dia";"Crescente";"Céu Claro";"Dupla";"Curva;Declive";"Não";3;0;0;3;0;0;3;1;-20,14625648;-44,32349324;"SPRF-MG";"DEL04-MG";"UOP03-DEL04-MG"
783886;2026-07-08;"quarta-feira";"12:00:00";"AL";101;153,9;"JEQUIA DA PRAIA";"Ausência de reação do condutor";"Colisão traseira";"Com Vítimas Feridas";"Pleno dia";"Crescente";"Céu Claro";"Dupla";"Reta";"Não";3;0;0;1;1;2;1;4;-9,8897;-36,16906;"SPRF-AL";"DEL02-AL";"UOP02-DEL02-AL"
783890;2026-07-08;"quarta-feira";"06:40:00";"MT";364;401,5;"CUIABA";"Ingestão de álcool pelo condutor";"Saída de leito carroçável";"Com Vítimas Feridas";"Pleno dia";"Crescente";"Nublado";"Dupla";"Reta";"Sim";5;0;1;0;3;5;1;8;-15,65401118;-55,99006176;"SPRF-MT";"DEL01-MT";"UOP02-DEL01-MT"
783893;2026-07-08;"quarta-feira";"12:05:00";"RS";116;57,4;"VACARIA";"Ingestão de substâncias psicoativas pelo condutor";"Colisão transversal";"Com Vítimas Feridas";"Pleno dia";"Decrescente";"Nublado";"Simples";"Reta;Interseção de Vias";"Não";3;0;1;0;1;1;1;3;-28,62209586;-51,04189575;"SPRF-RS";"DEL05-RS";"UOP03-DEL05-RS"
783894;2026-07-08;"quarta-feira";"13:40:00";"MG";381;644;"OLIVEIRA";"Reação tardia ou ineficiente do condutor";"Saída de leito carroçável";"Com Vítimas Fatais";"Pleno dia";"Decrescente";"Céu Claro";"Dupla";"Reta";"Não";4;2;1;0;0;1;1;3;-20,669554;-44,738094;"SPRF-MG";"DEL04-MG";"UOP02-DEL04-MG"
783895;2026-07-08;"quarta-feira";"09:30:00";"BA";242;323;"LAJEDINHO";"Demais falhas mecânicas ou elétricas";"Colisão lateral sentido oposto";"Com Vítimas Feridas";"Pleno dia";"Crescente";"Sol";"Simples";"Curva";"Não";3;0;1;0;1;3;1;5;-12,465412;-41,08397;"SPRF-BA";"DEL06-BA";"UOP02-DEL06-BA"
783903;2026-07-08;"quarta-feira";"13:30:00";"MG";40;287,7;"TRES MARIAS";"Reação tardia ou ineficiente do condutor";"Colisão traseira";"Com Vítimas Feridas";"Pleno dia";"Decrescente";"Céu Claro";"Simples";"Reta;Aclive";"Não";4;0;1;0;3;0;1;2;-18,262152;-45,155562;"SPRF-MG";"DEL14-MG";"UOP02-DEL14-MG"
783908;2026-07-08;"quarta-feira";"14:30:00";"PR";369;200;"APUCARANA";"Reação tardia ou ineficiente do condutor";"Colisão lateral mesmo sentido";"Com Vítimas Feridas";"Pleno dia";"Decrescente";"Céu Claro";"Dupla";"Retorno Regulamentado;Curva";"Sim";4;0;2;0;1;1;2;3;-23,52253;-51,44063;"SPRF-PR";"DEL07-PR";"UOP03-DEL07-PR"
783914;2026-07-08;"quarta-feira";"07:30:00";"SC";101;117;"ITAJAI";"Acessar a via sem observar a presença dos outros veículos";"Colisão lateral mesmo sentido";"Com Vítimas Feridas";"Pleno dia";"Decrescente";"Sol";"Dupla";"Reta";"Sim";3;0;1;0;2;0;1;3;-26,884523;-48,723422;"SPRF-SC";"DEL04-SC";"UOP04-DEL04-SC"
783916;2026-07-08;"quarta-feira";"15:40:00";"SC";470;50,7;"BLUMENAU";"Condutor Dormindo";"Colisão traseira";"Com Vítimas Feridas";"Pleno dia";"Crescente";"Céu Claro";"Simples";"Reta";"Sim";4;0;1;0;2;1;1;4;-26,86093046;-49,08050744;"SPRF-SC";"DEL04-SC";"UOP01-DEL04-SC"
783917;2026-07-08;"quarta-feira";"12:10:00";"MG";262;32,6;"MANHUACU";"Condutor deixou de manter distância do veículo da frente";"Engavetamento";"Com Vítimas Feridas";"Pleno dia";"Crescente";"Céu Claro";"Simples";"Reta;Aclive";"Não";5;0;1;0;3;1;1;5;-20,257388;-42,012715;"SPRF-MG";"DEL06-MG";"UOP03-DEL06-MG"
783924;2026-07-08;"quarta-feira";"16:19:00";"BA";116;813,5;"VITORIA DA CONQUISTA";"Ingestão de álcool pelo condutor";"Colisão traseira";"Com Vítimas Feridas";"Pleno dia";"Crescente";"Céu Claro";"Simples";"Reta";"Sim";2;0;1;0;1;0;1;2;-14,80433;-40,78167;"SPRF-BA";"DEL08-BA";"UOP01-DEL08-BA"
783925;2026-07-08;"quarta-feira";"16:20:00";"PR";277;0,5;"PARANAGUA";"Trafegar com motocicleta (ou similar) entre as faixas";"Colisão lateral mesmo sentido";"Com Vítimas Feridas";"Pleno dia";"Crescente";"Sol";"Dupla";"Reta";"Sim";5;0;1;1;2;2;2;5;-25,555092;-48,558492;"SPRF-PR";"DEL01-PR";"UOP05-DEL01-PR"
783926;2026-07-08;"quarta-feira";"14:40:00";"MG";262;437,7;"NOVA SERRANA";"Ausência de reação do condutor";"Colisão traseira";"Com Vítimas Feridas";"Pleno dia";"Crescente";"Sol";"Simples";"Reta";"Sim";4;0;0;1;3;0;1;2;-19,83380447;-45,0627476;"SPRF-MG";"DEL08-MG";"UOP03-DEL08-MG"
783931;2026-07-08;"quarta-feira";"15:25:00";"PR";163;152;"SANTA LUCIA";"Reação tardia ou ineficiente do condutor";"Saída de leito carroçável";"Com Vítimas Feridas";"Pleno dia";"Crescente";"Céu Claro";"Dupla";"Reta";"Não";2;0;1;0;0;1;1;2;-25,378421;-53,575527;"SPRF-PR";"DEL05-PR";"UOP05-DEL05-PR"
783933;2026-07-08;"quarta-feira";"17:00:00";"PR";277;652,7;"MATELANDIA";"Acessar a via sem observar a presença dos outros veículos";"Colisão transversal";"Com Vítimas Fatais";"Pleno dia";"Crescente";"Céu Claro";"Simples";"Reta;Interseção de Vias";"Sim";3;1;0;1;1;0;1;2;-25,19705322;-53,94310562;"SPRF-PR";"DEL05-PR";"UOP02-DEL05-PR"
783936;2026-07-08;"quarta-feira";"16:45:00";"MT";70;10;"BARRA DO GARCAS";"Acessar a via sem observar a presença dos outros veículos";"Colisão frontal";"Com Vítimas Feridas";"Pleno dia";"Crescente";"Céu Claro";"Simples";"Reta";"Não";2;0;1;0;1;0;1;2;-15,87822751;-52,32879851;"SPRF-MT";"DEL07-MT";"UOP01-DEL07-MT"
783938;2026-07-08;"quarta-feira";"17:05:00";"BA";101;169,2;"FEIRA DE SANTANA";"Acessar a via sem observar a presença dos outros veículos";"Colisão transversal";"Com Vítimas Fatais";"Pleno dia";"Decrescente";"Céu Claro";"Simples";"Reta";"Não";2;1;0;0;1;0;0;2;-12,35803657;-38,84267514;"SPRF-BA";"DEL11-BA";"UOP02-DEL11-BA"
783941;2026-07-08;"quarta-feira";"16:20:00";"GO";60;37;"NEROPOLIS";"Demais falhas mecânicas ou elétricas";"Tombamento";"Com Vítimas Feridas";"Pleno dia";"Decrescente";"Céu Claro";"Dupla";"Rotatória";"Sim";2;0;1;0;0;1;1;2;-16,44372;-49,2038;"SPRF-GO";"DEL01-GO";"UOP02-DEL01-GO"
783943;2026-07-08;"quarta-feira";"17:15:00";"PR";376;236;"APUCARANA";"Velocidade Incompatível";"Tombamento";"Com Vítimas Feridas";"Pleno dia";"Crescente";"Céu Claro";"Simples";"Curva";"Não";3;0;2;0;0;2;2;4;-23,58770508;-51,47927284;"SPRF-PR";"DEL07-PR";"UOP03-DEL07-PR"
783945;2026-07-08;"quarta-feira";"09:12:00";"MT";364;539,5;"ROSARIO OESTE";"Reação tardia ou ineficiente do condutor";"Saída de leito carroçável";"Com Vítimas Feridas";"Pleno dia";"Crescente";"Céu Claro";"Simples";"Reta";"Não";2;0;1;0;0;1;1;2;-14,86461489;-56,45749066;"SPRF-MT";"DEL01-MT";"UOP01-DEL01-MT"
783946;2026-07-08;"quarta-feira";"15:40:00";"MT";364;140;"PEDRA PRETA";"Condutor deixou de manter distância do veículo da frente";"Colisão traseira";"Sem Vítimas";"Pleno dia";"Decrescente";"Nublado";"Simples";"Aclive";"Não";3;0;0;0;2;2;0;4;-16,7905275;-54,2009519;"SPRF-MT";"DEL02-MT";"UOP01-DEL02-MT"
783947;2026-07-08;"quarta-feira";"17:00:00";"SP";116;113,5;"TAUBATE";"Reação tardia ou ineficiente do condutor";"Colisão traseira";"Com Vítimas Feridas";"Pleno dia";"Decrescente";"Céu Claro";"Dupla";"Reta";"Sim";4;0;1;0;2;1;1;4;-23,045262;-45,585327;"SPRF-SP";"DEL02-SP";"UOP02-DEL02-SP"
783953;2026-07-08;"quarta-feira";"18:15:00";"PR";153;24,5;"JACAREZINHO";"Condutor deixou de manter distância do veículo da frente";"Colisão traseira";"Com Vítimas Feridas";"Anoitecer";"Crescente";"Céu Claro";"Simples";"Curva;Interseção de Vias;Em Obras";"Não";4;0;1;0;2;1;1;3;-23,18851002;-49,98561351;"SPRF-PR";"DEL07-PR";"UOP04-DEL07-PR"
783954;2026-07-08;"quarta-feira";"11:32:00";"RJ";101;59;"CAMPOS DOS GOYTACAZES";"Reação tardia ou ineficiente do condutor";"Colisão traseira";"Sem Vítimas";"Pleno dia";"Crescente";"Céu Claro";"Simples";"Reta";"Sim";3;0;0;0;2;2;0;4;-21,70745083;-41,30926816;"SPRF-RJ";"DEL08-RJ";"UOP01-DEL08-RJ"
783964;2026-05-17;"domingo";"21:10:00";"BA";410;11;"TUCANO";"Ingestão de álcool pelo condutor";"Colisão frontal";"Com Vítimas Feridas";"Plena Noite";"Crescente";"Céu Claro";"Simples";"Reta";"Não";3;0;0;1;1;1;1;3;-10,866129;-38,615552;"SPRF-BA";"DEL07-BA";"UOP02-DEL07-BA"
783976;2026-07-08;"quarta-feira";"18:25:00";"ES";259;27,5;"COLATINA";"Reação tardia ou ineficiente do condutor";"Colisão lateral sentido oposto";"Com Vítimas Feridas";"Plena Noite";"Decrescente";"Nublado";"Simples";"Reta;Aclive";"Não";3;0;2;0;0;2;2;4;-19,606065;-40,496041;"SPRF-ES";"DEL02-ES";"UOP01-DEL02-ES"
783977;2026-07-08;"quarta-feira";"16:32:00";"MT";364;402;"CUIABA";"Carga excessiva e/ou mal acondicionada";"Colisão com objeto";"Com Vítimas Feridas";"Pleno dia";"Decrescente";"Céu Claro";"Dupla";"Viaduto";"Sim";2;0;1;0;0;1;1;2;-15,64961125;-56,0007146;"SPRF-MT";"DEL01-MT";"UOP02-DEL01-MT"
783979;2026-07-08;"quarta-feira";"18:32:00";"MS";262;760;"LADARIO";"Demais falhas mecânicas ou elétricas";"Tombamento";"Com Vítimas Feridas";"Anoitecer";"Decrescente";"Céu Claro";"Simples";"Reta";"Não";1;0;1;0;0;0;1;1;-19,14705338;-57,6277074;"SPRF-MS";"DEL03-MS";"UOP03-DEL03-MS"
783980;2026-07-08;"quarta-feira";"18:50:00";"PR";153;38,5;"SANTO ANTONIO DA PLATINA";"Ultrapassagem Indevida";"Colisão frontal";"Com Vítimas Fatais";"Plena Noite";"Decrescente";"Céu Claro";"Simples";"Curva";"Não";9;3;2;0;2;2;2;4;-23,27292264;-50,05644528;"SPRF-PR";"DEL07-PR";"UOP04-DEL07-PR"
783988;2026-07-08;"quarta-feira";"18:35:00";"SC";101;123;"ITAJAI";"Reação tardia ou ineficiente do condutor";"Colisão traseira";"Sem Vítimas";"Plena Noite";"Crescente";"Céu Claro";"Dupla";"Aclive;Viaduto;Reta";"Sim";4;0;0;0;4;0;0;2;-26,93640325;-48,69904744;"SPRF-SC";"DEL04-SC";"UOP04-DEL04-SC"
783990;2026-07-08;"quarta-feira";"20:10:00";"MG";50;31,4;"ARAGUARI";"Demais falhas mecânicas ou elétricas";"Incêndio";"Sem Vítimas";"Plena Noite";"Crescente";"Céu Claro";"Dupla";"Curva;Aclive";"Não";2;0;0;0;2;0;0;1;-18,629078;-48,117168;"SPRF-MG";"DEL15-MG";"UOP02-DEL15-MG"
783993;2026-07-08;"quarta-feira";"19:30:00";"PR";163;333;"GUAIRA";"Desrespeitar a preferência no cruzamento";"Colisão transversal";"Com Vítimas Feridas";"Plena Noite";"Crescente";"Céu Claro";"Simples";"Reta;Retorno Regulamentado";"Não";3;0;1;0;1;1;1;3;-24,199412;-54,2049991;"SPRF-PR";"DEL06-PR";"UOP01-DEL06-PR"
783994;2026-07-08;"quarta-feira";"18:50:00";"MG";365;356;"VARJAO DE MINAS";"Demais falhas mecânicas ou elétricas";"Incêndio";"Sem Vítimas";"Plena Noite";"Crescente";"Céu Claro";"Simples";"Reta";"Não";2;0;0;0;1;1;0;2;-18,4747768;-46,0892674;"SPRF-MG";"DEL10-MG";"UOP01-DEL10-MG"
783997;2026-07-08;"quarta-feira";"12:20:00";"SC";470;295,9;"CAMPOS NOVOS";"Velocidade Incompatível";"Tombamento";"Com Vítimas Feridas";"Pleno dia";"Crescente";"Céu Claro";"Simples";"Ponte;Reta";"Não";2;0;0;1;0;1;1;2;-27,351519;-51,019789;"SPRF-SC";"DEL07-SC";"UOP06-DEL07-SC"
784000;2026-07-08;"quarta-feira";"20:40:00";"SC";101;104,2;"BALNEARIO PICARRAS";"Manobra de mudança de faixa";"Colisão lateral mesmo sentido";"Com Vítimas Feridas";"Plena Noite";"Crescente";"Céu Claro";"Dupla";"Reta";"Não";2;0;1;0;1;0;1;2;-26,79562601;-48,68010736;"SPRF-SC";"DEL03-SC";"UOP02-DEL03-SC"
784005;2026-07-08;"quarta-feira";"19:00:00";"MT";174;309;"PONTES E LACERDA";"Acessar a via sem observar a presença dos outros veículos";"Colisão transversal";"Com Vítimas Fatais";"Plena Noite";"Crescente";"Céu Claro";"Simples";"Reta";"Não";3;1;0;0;1;1;0;3;-15,2125602;-59,3204423;"SPRF-MT";"DEL04-MT";"UOP01-DEL04-MT"
784013;2026-07-08;"quarta-feira";"22:00:00";"PR";376;252;"CALIFORNIA";"Mal súbito do condutor";"Colisão com objeto";"Com Vítimas Feridas";"Plena Noite";"Crescente";"Céu Claro";"Dupla";"Reta";"Não";2;0;1;0;0;1;1;2;-23,63787235;-51,3781417;"SPRF-PR";"DEL07-PR";"UOP03-DEL07-PR"
784018;2026-07-08;"quarta-feira";"23:30:00";"PR";277;37,5;"MORRETES";"Condutor Dormindo";"Colisão traseira";"Com Vítimas Feridas";"Plena Noite";"Decrescente";"Nublado";"Dupla";"Declive;Reta";"Não";3;0;1;0;1;3;1;5;-25,5728158;-48,8245281;"SPRF-PR";"DEL01-PR";"UOP05-DEL01-PR"
784021;2026-07-09;"quinta-feira";"01:00:00";"MG";381;481,5;"CONTAGEM";"Velocidade Incompatível";"Colisão traseira";"Com Vítimas Feridas";"Plena Noite";"Decrescente";"Céu Claro";"Múltipla";"Reta;Declive";"Sim";3;0;1;0;2;0;1;3;-19,9590225;-44,0652609;"SPRF-MG";"DEL01-MG";"UOP03-DEL01-MG"
784027;2026-07-09;"quinta-feira";"03:50:00";"ES";101;362,9;"ANCHIETA";"Demais falhas mecânicas ou elétricas";"Incêndio";"Sem Vítimas";"Plena Noite";"Crescente";"Céu Claro";"Simples";"Em Obras;Reta";"Não";2;0;0;0;2;0;0;1;-20,71644924;-40,72987732;"SPRF-ES";"DEL03-ES";"UOP01-DEL03-ES"
784034;2026-07-09;"quinta-feira";"05:15:00";"PI";316;275,2;"DOM EXPEDITO LOPES";"Ausência de reação do condutor";"Saída de leito carroçável";"Com Vítimas Feridas";"Amanhecer";"Crescente";"Céu Claro";"Simples";"Curva;Declive";"Não";1;0;0;1;0;0;1;1;-6,951589;-41,7244;"SPRF-PI";"DEL04-PI";"UOP01-DEL04-PI"
784037;2026-07-08;"quarta-feira";"21:00:00";"RS";116;306;"GUAIBA";"Ingestão de álcool pelo condutor";"Saída de leito carroçável";"Sem Vítimas";"Plena Noite";"Crescente";"Céu Claro";"Simples";"Reta;Declive";"Não";1;0;0;0;1;0;0;1;-30,17042966;-51,38576493;"SPRF-RS";"DEL02-RS";"UOP01-DEL02-RS"
784039;2026-07-09;"quinta-feira";"03:45:00";"SC";101;106,9;"PENHA";"Suicídio (presumido)";"Atropelamento de Pedestre";"Com Vítimas Fatais";"Plena Noite";"Decrescente";"Céu Claro";"Dupla";"Curva";"Não";2;1;0;0;0;1;0;2;-26,8199998;-48,68379012;"SPRF-SC";"DEL03-SC";"UOP02-DEL03-SC"
784042;2026-07-08;"quarta-feira";"23:40:00";"SC";470;119;"IBIRAMA";"Reação tardia ou ineficiente do condutor";"Tombamento";"Com Vítimas Feridas";"Plena Noite";"Decrescente";"Nublado";"Simples";"Curva";"Não";2;0;1;0;0;1;1;2;-27,082815;-49,520565;"SPRF-SC";"DEL04-SC";"UOP02-DEL04-SC"
784047;2026-07-09;"quinta-feira";"07:36:00";"PA";230;118;"MARABA";"Manobra de mudança de faixa";"Colisão lateral mesmo sentido";"Sem Vítimas";"Pleno dia";"Crescente";"Céu Claro";"Dupla";"Reta";"Sim";2;0;0;0;2;0;0;2;-5,35031674;-49,10475612;"SPRF-PA";"DEL03-PA";"UOP01-DEL03-PA"
784048;2026-07-09;"quinta-feira";"07:15:00";"SC";101;91,7;"BARRA VELHA";"Trafegar com motocicleta (ou similar) entre as faixas";"Colisão traseira";"Com Vítimas Feridas";"Pleno dia";"Crescente";"Céu Claro";"Dupla";"Reta";"Não";2;0;1;0;1;0;1;2;-26,68219438;-48,69367775;"SPRF-SC";"DEL03-SC";"UOP02-DEL03-SC"