"id";"data_inversa";"dia_semana";"horario";"uf";"br";"km";"municipio";"causa_acidente";"tipo_acidente";"classificacao_acidente";"fase_dia";"sentido_via";"condicao_metereologica";"tipo_pista";"tracado_via";"uso_solo";"pessoas";"mortos";"feridos_leves";"feridos_graves";"ilesos";"ignorados";"feridos";"veiculos";"latitude";"longitude";"regional";"delegacia";"uop"
784050;2026-07-09;"quinta-feira";"08:00:00";"MG";40;520;"CONTAGEM";"Ausência de reação do condutor";"Colisão traseira";"Com Vítimas Feridas";"Pleno dia";"Crescente";"Céu Claro";"Dupla";"Reta";"Sim";3;0;1;1;1;0;2;2;-19,86941407;-44,05963898;"SPRF-MG";"DEL01-MG";"UOP02-DEL01-MG"
784053;2026-07-09;"quinta-feira";"06:20:00";"BA";101;142;"TEODORO SAMPAIO";"Velocidade Incompatível";"Tombamento";"Com Vítimas Feridas";"Amanhecer";"Decrescente";"Nevoeiro/Neblina";"Simples";"Curva";"Não";2;0;1;0;0;2;1;3;-12,257078;-38,645144;"SPRF-BA";"DEL01-BA";"UOP04-DEL01-BA"
784054;2026-07-09;"quinta-feira";"08:15:00";"DF";60;14,3;"BRASILIA";"Ausência de reação do condutor";"Colisão traseira";"Com Vítimas Feridas";"Pleno dia";"Decrescente";"Céu Claro";"Dupla";"Reta";"Não";3;0;1;0;1;2;1;4;-15,937851;-48,170364;"SPRF-DF";"DEL03-DF";"UOP01-DEL03-DF"
784057;2026-05-11;"segunda-feira";"12:50:00";"MG";365;65,9;"CLARO DOS POCOES";"Velocidade Incompatível";"Colisão frontal";"Com Vítimas Feridas";"Pleno dia";"Crescente";"Céu Claro";"Simples";"Curva";"Não";4;0;2;1;1;0;3;3;-17,034058;-44,318537;"SPRF-MG";"DEL12-MG";"UOP01-DEL12-MG"
784059;2026-07-09;"quinta-feira";"05:25:00";"MT";163;710;"SORRISO";"Condutor Dormindo";"Colisão lateral sentido oposto";"Com Vítimas Feridas";"Pleno dia";"Crescente";"Céu Claro";"Simples";"Reta";"Não";4;0;1;0;2;8;1;11;-12,8996;-55,8477;"SPRF-MT";"DEL06-MT";"UOP01-DEL06-MT"
784062;2026-07-09;"quinta-feira";"07:17:00";"MG";50;157;"UBERABA";"Reação tardia ou ineficiente do condutor";"Tombamento";"Com Vítimas Feridas";"Pleno dia";"Crescente";"Céu Claro";"Dupla";"Interseção de Vias";"Não";2;0;1;0;0;2;1;3;-19,5884164;-48,0296882;"SPRF-MG";"DEL13-MG";"UOP01-DEL13-MG"
784065;2026-07-09;"quinta-feira";"09:12:00";"GO";60;52,4;"ABADIANIA";"Acessar a via sem observar a presença dos outros veículos";"Colisão lateral mesmo sentido";"Sem Vítimas";"Pleno dia";"Decrescente";"Céu Claro";"Dupla";"Reta;Interseção de Vias";"Não";2;0;0;0;1;1;0;2;-16,171518;-48,643646;"SPRF-GO";"DEL02-GO";"UOP01-DEL02-GO"
784066;2026-07-09;"quinta-feira";"08:30:00";"RJ";116;183;"NOVA IGUACU";"Ausência de reação do condutor";"Colisão lateral mesmo sentido";"Com Vítimas Feridas";"Pleno dia";"Decrescente";"Céu Claro";"Dupla";"Reta";"Sim";3;0;1;0;1;1;1;3;-22,7479015;-43,4443735;"SPRF-RJ";"DEL06-RJ";"UOP01-DEL06-RJ"
784069;2026-07-08;"quarta-feira";"18:35:00";"RJ";465;21;"NOVA IGUACU";"Reação tardia ou ineficiente do condutor";"Queda de ocupante de veículo";"Com Vítimas Feridas";"Plena Noite";"Crescente";"Céu Claro";"Simples";"Reta";"Sim";3;0;2;0;1;0;2;2;-22,84868676;-43,60377995;"SPRF-RJ";"DEL06-RJ";"UOP02-DEL06-RJ"
784071;2026-07-09;"quinta-feira";"07:00:00";"PR";476;274;"SAO MATEUS DO SUL";"Condutor Dormindo";"Colisão com objeto";"Com Vítimas Feridas";"Pleno dia";"Crescente";"Nevoeiro/Neblina";"Simples";"Curva";"Sim";1;0;1;0;0;0;1;1;-25,89265491;-50,37755549;"SPRF-PR";"DEL02-PR";"UOP03-DEL02-PR"
784073;2026-06-20;"sábado";"02:30:00";"RJ";101;231;"SILVA JARDIM";"Reação tardia ou ineficiente do condutor";"Derramamento de carga";"Sem Vítimas";"Plena Noite";"Crescente";"Nevoeiro/Neblina";"Dupla";"Curva";"Não";2;0;0;0;1;1;0;2;-22,60372445;-42,38853526;"SPRF-RJ";"DEL02-RJ";"UOP03-DEL02-RJ"
784078;2026-07-01;"quarta-feira";"09:45:00";"PE";232;172;"BELO JARDIM";"Transitar na contramão";"Colisão frontal";"Com Vítimas Fatais";"Pleno dia";"Decrescente";"Céu Claro";"Simples";"Reta;Declive";"Não";12;5;7;0;0;0;7;4;-8,339305;-36,35737;"SPRF-PE";"DEL03-PE";"UOP02-DEL03-PE"
784080;2026-07-09;"quinta-feira";"09:50:00";"MG";381;445,6;"SABARA";"Condutor deixou de manter distância do veículo da frente";"Colisão traseira";"Com Vítimas Feridas";"Pleno dia";"Decrescente";"Céu Claro";"Simples";"Reta;Aclive";"Sim";2;0;0;1;1;0;1;2;-19,83643605;-43,861413;"SPRF-MG";"DEL01-MG";"UOP01-DEL01-MG"
784081;2026-07-09;"quinta-feira";"08:30:00";"SC";101;148;"ITAPEMA";"Ausência de reação do condutor";"Colisão lateral mesmo sentido";"Com Vítimas Feridas";"Pleno dia";"Decrescente";"Céu Claro";"Dupla";"Ponte;Reta";"Não";2;0;0;1;0;1;1;2;-27,09479113;-48,61847732;"SPRF-SC";"DEL04-SC";"UOP03-DEL04-SC"
784084;2026-07-09;"quinta-feira";"09:27:00";"RJ";116;316;"ITATIAIA";"Condutor deixou de manter distância do veículo da frente";"Engavetamento";"Com Vítimas Feridas";"Amanhecer";"Decrescente";"Céu Claro";"Dupla";"Reta";"Sim";5;0;1;0;3;1;1;4;-22,466837;-44,496753;"SPRF-RJ";"DEL07-RJ";"UOP02-DEL07-RJ"
784093;2026-06-18;"quinta-feira";"07:30:00";"BA";110;375;"CATU";"Ausência de reação do condutor";"Colisão frontal";"Com Vítimas Fatais";"Pleno dia";"Crescente";"Céu Claro";"Simples";"Curva";"Não";8;3;0;0;4;1;0;3;-12,405662;-38,403353;"SPRF-BA";"DEL01-BA";"UOP01-DEL01-BA"
784095;2026-07-09;"quinta-feira";"10:20:00";"MG";262;594,1;"CAMPOS ALTOS";"Ausência de reação do condutor";"Colisão traseira";"Com Vítimas Feridas";"Pleno dia";"Decrescente";"Sol";"Simples";"Reta;Em Obras";"Não";3;0;0;1;1;3;1;5;-19,6351347;-46,2577;"SPRF-MG";"DEL08-MG";"UOP02-DEL08-MG"
784100;2026-07-09;"quinta-feira";"11:30:00";"TO";153;466;"BARROLANDIA";"Demais falhas mecânicas ou elétricas";"Incêndio";"Sem Vítimas";"Pleno dia";"Decrescente";"Céu Claro";"Simples";"Reta";"Não";2;0;0;0;0;3;0;3;-9,965847;-48,743475;"SPRF-TO";"DEL01-TO";"UOP01-DEL01-TO"
784107;2026-07-09;"quinta-feira";"11:55:00";"ES";101;310;"VIANA";"Condutor Dormindo";"Colisão com objeto";"Com Vítimas Feridas";"Pleno dia";"Crescente";"Céu Claro";"Dupla";"Curva";"Não";2;0;1;0;0;1;1;2;-20,427231;-40,460449;"SPRF-ES";"DEL01-ES";"UOP01-DEL01-ES"
784110;2026-07-09;"quinta-feira";"11:00:00";"BA";116;532;"ITATIM";"Reação tardia ou ineficiente do condutor";"Saída de leito carroçável";"Com Vítimas Feridas";"Pleno dia";"Decrescente";"Céu Claro";"Simples";"Reta";"Não";5;0;3;0;1;1;3;3;-12,730732;-39,777913;"SPRF-BA";"DEL03-BA";"UOP02-DEL03-BA"
784114;2026-07-09;"quinta-feira";"11:15:00";"PR";277;38;"MORRETES";"Reação tardia ou ineficiente do condutor";"Colisão com objeto";"Com Vítimas Fatais";"Pleno dia";"Decrescente";"Céu Claro";"Dupla";"Curva;Declive";"Não";4;1;1;0;1;1;1;4;-25,577237;-48,859587;"SPRF-PR";"DEL01-PR";"UOP05-DEL01-PR"
784117;2026-07-09;"quinta-feira";"12:30:00";"BA";101;20,8;"RIO REAL";"Demais falhas mecânicas ou elétricas";"Incêndio";"Sem Vítimas";"Pleno dia";"Decrescente";"Céu Claro";"Dupla";"Reta;Aclive";"Não";2;0;0;0;1;1;0;2;-11,657587;-37,89402;"SPRF-SE";"DEL02-SE";"UOP03-DEL02-SE"
784124;2026-07-09;"quinta-feira";"11:15:00";"PR";277;693;"SAO MIGUEL DO IGUACU";"Acessar a via sem observar a presença dos outros veículos";"Colisão traseira";"Com Vítimas Feridas";"Pleno dia";"Crescente";"Céu Claro";"Dupla";"Reta;Aclive";"Não";2;0;1;0;1;0;1;2;-25,38139436;-54,28168237;"SPRF-PR";"DEL05-PR";"UOP01-DEL05-PR"
784125;2026-07-09;"quinta-feira";"14:08:00";"RS";116;235,7;"NOVO HAMBURGO";"Manobra de mudança de faixa";"Colisão lateral mesmo sentido";"Com Vítimas Feridas";"Pleno dia";"Crescente";"Céu Claro";"Múltipla";"Reta";"Sim";9;0;5;2;2;0;7;4;-29,66340629;-51,14382505;"SPRF-RS";"DEL01-RS";"UOP02-DEL01-RS"
784126;2026-07-09;"quinta-feira";"13:20:00";"PR";376;182;"SARANDI";"Manobra de mudança de faixa";"Colisão lateral mesmo sentido";"Com Vítimas Feridas";"Pleno dia";"Decrescente";"Céu Claro";"Múltipla";"Reta";"Sim";2;0;0;1;1;0;1;2;-23,433961;-51,88382734;"SPRF-PR";"DEL09-PR";"UOP01-DEL09-PR"
784132;2026-07-09;"quinta-feira";"14:00:00";"GO";20;195;"POSSE";"Condutor Dormindo";"Colisão traseira";"Com Vítimas Feridas";"Pleno dia";"Decrescente";"Céu Claro";"Simples";"Curva;Declive;Em Obras";"Não";3;0;1;0;1;1;1;3;-14,32232659;-46,44331679;"SPRF-DF";"DEL02-DF";"UOP03-DEL02-DF"
784137;2026-07-09;"quinta-feira";"14:15:00";"RJ";116;285;"BARRA MANSA";"Reação tardia ou ineficiente do condutor";"Colisão traseira";"Com Vítimas Feridas";"Pleno dia";"Crescente";"Sol";"Dupla";"Curva;Em Obras";"Não";3;0;0;1;1;3;1;5;-22,509531;-44,218695;"SPRF-RJ";"DEL07-RJ";"UOP02-DEL07-RJ"
784142;2026-07-09;"quinta-feira";"11:20:00";"PR";369;391;"MAMBORE";"Avarias e/ou desgaste excessivo no pneu";"Saída de leito carroçável";"Com Vítimas Feridas";"Pleno dia";"Crescente";"Céu Claro";"Simples";"Aclive";"Não";2;0;2;0;0;0;2;1;-24,33323;-52,67443;"SPRF-PR";"DEL04-PR";"UOP03-DEL04-PR"
784144;2026-04-22;"quarta-feira";"20:15:00";"RO";364;514,7;"ARIQUEMES";"Reação tardia ou ineficiente do condutor";"Colisão traseira";"Com Vítimas Feridas";"Plena Noite";"Crescente";"Nublado";"Simples";"Reta";"Sim";4;0;0;1;2;3;1;6;-9,926752;-63,054912;"SPRF-RO";"DEL03-RO";"UOP01-DEL03-RO"
784145;2026-07-09;"quinta-feira";"15:20:00";"RJ";101;286;"ITABORAI";"Manobra de mudança de faixa";"Colisão traseira";"Com Vítimas Feridas";"Pleno dia";"Decrescente";"Céu Claro";"Dupla";"Reta";"Não";3;0;1;0;1;1;1;3;-22,76119099;-42,8464636;"SPRF-RJ";"DEL02-RJ";"UOP02-DEL02-RJ"
784146;2026-07-09;"quinta-feira";"14:20:00";"BA";116;406;"FEIRA DE SANTANA";"Condutor deixou de manter distância do veículo da frente";"Colisão traseira";"Com Vítimas Feridas";"Pleno dia";"Crescente";"Céu Claro";"Dupla";"Reta";"Sim";3;0;1;0;2;0;1;2;-12,08562;-38,969362;"SPRF-BA";"DEL02-BA";"UOP01-DEL02-BA"
784147;2026-07-09;"quinta-feira";"12:40:00";"PB";230;463,4;"SOUSA";"Pedestre andava na pista";"Atropelamento de Pedestre";"Com Vítimas Feridas";"Pleno dia";"Crescente";"Nublado";"Simples";"Reta;Aclive";"Sim";3;0;0;1;1;2;1;4;-6,781478;-38,264533;"SPRF-PB";"DEL03-PB";"UOP03-DEL03-PB"
784148;2026-07-09;"quinta-feira";"13:47:00";"BA";116;741,4;"BOA NOVA";"Ultrapassagem Indevida";"Saída de leito carroçável";"Sem Vítimas";"Pleno dia";"Decrescente";"Céu Claro";"Simples";"Reta";"Não";4;0;0;0;3;1;0;3;-14,405467;-40,354978;"SPRF-BA";"DEL08-BA";"UOP02-DEL08-BA"
784149;2026-07-09;"quinta-feira";"15:00:00";"RS";285;253,9;"AGUA SANTA";"Manobra de mudança de faixa";"Colisão lateral mesmo sentido";"Com Vítimas Feridas";"Pleno dia";"Crescente";"Sol";"Simples";"Reta";"Não";6;0;1;0;3;2;1;5;-28,30059273;-52,01548934;"SPRF-RS";"DEL08-RS";"UOP03-DEL08-RS"
784150;2026-07-09;"quinta-feira";"14:40:00";"BA";349;981;"CORRENTINA";"Reação tardia ou ineficiente do condutor";"Saída de leito carroçável";"Sem Vítimas";"Pleno dia";"Decrescente";"Céu Claro";"Simples";"Curva";"Não";2;0;0;0;1;3;0;4;-13,50448483;-44,98764038;"SPRF-BA";"DEL10-BA";"UOP02-DEL10-BA"
784164;2026-07-09;"quinta-feira";"17:01:00";"GO";70;10;"AGUAS LINDAS DE GOIAS";"Reação tardia ou ineficiente do condutor";"Colisão lateral mesmo sentido";"Sem Vítimas";"Pleno dia";"Crescente";"Céu Claro";"Dupla";"Interseção de Vias";"Sim";5;0;0;0;5;0;0;2;-15,7383563;-48,29661405;"SPRF-DF";"DEL03-DF";"UOP02-DEL03-DF"
784167;2026-07-09;"quinta-feira";"15:30:00";"PI";343;294;"ALTOS";"Ultrapassagem Indevida";"Colisão lateral mesmo sentido";"Com Vítimas Feridas";"Pleno dia";"Decrescente";"Céu Claro";"Simples";"Reta;Declive";"Não";5;0;3;0;1;1;3;2;-4,9732;-42,376;"SPRF-PI";"DEL01-PI";"UOP03-DEL01-PI"
784169;2026-07-09;"quinta-feira";"15:00:00";"MT";364;277,4;"JACIARA";"Reação tardia ou ineficiente do condutor";"Colisão traseira";"Com Vítimas Feridas";"Pleno dia";"Decrescente";"Céu Claro";"Dupla";"Curva;Declive";"Não";6;0;2;1;2;4;3;7;-15,947102;-55,004859;"SPRF-MT";"DEL05-MT";"UOP02-DEL05-MT"
784170;2026-07-09;"quinta-feira";"16:00:00";"PE";407;115;"PETROLINA";"Acessar a via sem observar a presença dos outros veículos";"Colisão transversal";"Com Vítimas Feridas";"Pleno dia";"Decrescente";"Céu Claro";"Simples";"Reta;Interseção de Vias";"Não";3;0;2;0;1;0;2;2;-9,30878;-40,57688;"SPRF-PE";"DEL06-PE";"UOP01-DEL06-PE"
784172;2026-07-09;"quinta-feira";"17:00:00";"SC";158;120,7;"CUNHA PORA";"Manobra de mudança de faixa";"Colisão lateral mesmo sentido";"Com Vítimas Feridas";"Pleno dia";"Crescente";"Céu Claro";"Simples";"Reta;Aclive";"Não";6;0;2;0;3;1;2;3;-26,931933;-53,200457;"SPRF-SC";"DEL07-SC";"UOP02-DEL07-SC"
784175;2026-07-09;"quinta-feira";"12:55:00";"AL";101;51;"FLEXEIRAS";"Demais falhas mecânicas ou elétricas";"Tombamento";"Sem Vítimas";"Pleno dia";"Decrescente";"Céu Claro";"Dupla";"Curva";"Não";2;0;0;0;1;1;0;2;-9,17048932;-35,77257564;"SPRF-AL";"DEL01-AL";"UOP02-DEL01-AL"
784178;2026-07-09;"quinta-feira";"17:35:00";"PR";376;151,8;"MANDAGUACU";"Condutor Dormindo";"Colisão traseira";"Com Vítimas Feridas";"Pleno dia";"Decrescente";"Céu Claro";"Dupla";"Reta";"Não";3;0;1;0;1;1;1;3;-23,30938;-52,11001;"SPRF-PR";"DEL09-PR";"UOP02-DEL09-PR"
784179;2026-07-09;"quinta-feira";"17:40:00";"PE";316;39;"ARARIPINA";"Transitar na contramão";"Colisão frontal";"Com Vítimas Fatais";"Anoitecer";"Decrescente";"Céu Claro";"Simples";"Reta";"Não";3;1;0;0;2;0;0;2;-7,66086;-40,405568;"SPRF-PE";"DEL05-PE";"UOP02-DEL05-PE"
784182;2026-07-09;"quinta-feira";"17:40:00";"RJ";101;169;"MACAE";"Condutor deixou de manter distância do veículo da frente";"Colisão lateral mesmo sentido";"Sem Vítimas";"Anoitecer";"Crescente";"Céu Claro";"Dupla";"Viaduto";"Não";2;0;0;0;2;0;0;2;-22,35434707;-41,92780701;"SPRF-RJ";"DEL08-RJ";"UOP04-DEL08-RJ"
784184;2026-07-09;"quinta-feira";"17:00:00";"MG";153;21;"CENTRALINA";"Velocidade Incompatível";"Colisão lateral mesmo sentido";"Com Vítimas Feridas";"Pleno dia";"Decrescente";"Céu Claro";"Dupla";"Reta";"Não";3;0;1;0;2;0;1;2;-18,59246524;-49,19249654;"SPRF-MG";"DEL15-MG";"UOP03-DEL15-MG"
784190;2026-07-09;"quinta-feira";"17:10:00";"RO";364;25,3;"VILHENA";"Ausência de reação do condutor";"Saída de leito carroçável";"Com Vítimas Fatais";"Pleno dia";"Decrescente";"Céu Claro";"Simples";"Reta;Declive";"Não";2;1;1;0;0;0;1;1;-12,724285;-60,240468;"SPRF-RO";"DEL04-RO";"UOP01-DEL04-RO"
784192;2026-07-09;"quinta-feira";"19:00:00";"MG";40;511;"RIBEIRAO DAS NEVES";"Ausência de reação do condutor";"Colisão traseira";"Com Vítimas Feridas";"Plena Noite";"Decrescente";"Céu Claro";"Dupla";"Reta;Aclive";"Sim";5;0;1;1;3;0;2;2;-19,7843296;-44,1160806;"SPRF-MG";"DEL01-MG";"UOP02-DEL01-MG"
784203;2026-07-09;"quinta-feira";"20:20:00";"MG";381;332;"BELA VISTA DE MINAS";"Conversão proibida";"Colisão transversal";"Com Vítimas Feridas";"Plena Noite";"Decrescente";"Céu Claro";"Simples";"Curva";"Sim";4;0;1;0;3;0;1;2;-19,808244;-43,0647584;"SPRF-MG";"DEL03-MG";"UOP01-DEL03-MG"
784208;2026-07-09;"quinta-feira";"20:00:00";"SC";116;207;"PONTE ALTA";"Transitar na contramão";"Colisão frontal";"Com Vítimas Feridas";"Plena Noite";"Decrescente";"Céu Claro";"Simples";"Reta";"Não";3;0;1;1;1;0;2;2;-27,4816767;-50,3792817;"SPRF-SC";"DEL05-SC";"UOP03-DEL05-SC"
784215;2026-07-09;"quinta-feira";"20:55:00";"RS";386;256,8;"SOLEDADE";"Ausência de reação do condutor";"Colisão traseira";"Com Vítimas Feridas";"Plena Noite";"Decrescente";"Céu Claro";"Dupla";"Reta";"Não";2;0;1;0;1;0;1;2;-28,8608365;-52,44512558;"SPRF-RS";"DEL04-RS";"UOP03-DEL04-RS"
784218;2026-07-09;"quinta-feira";"13:30:00";"MG";116;398,5;"GOVERNADOR VALADARES";"Velocidade Incompatível";"Tombamento";"Com Vítimas Feridas";"Pleno dia";"Decrescente";"Céu Claro";"Simples";"Reta";"Não";2;0;1;0;0;2;1;3;-18,749396;-41,984308;"SPRF-MG";"DEL06-MG";"UOP01-DEL06-MG"
784219;2026-07-09;"quinta-feira";"20:20:00";"RJ";493;22,9;"MAGE";"Ausência de reação do condutor";"Colisão traseira";"Com Vítimas Fatais";"Plena Noite";"Decrescente";"Céu Claro";"Simples";"Reta;Em Obras";"Sim";3;1;0;0;1;1;0;3;-22,65708;-43,064933;"SPRF-RJ";"DEL04-RJ";"UOP02-DEL04-RJ"
784231;2026-07-09;"quinta-feira";"22:10:00";"TO";153;363;"FORTALEZA DO TABOCAO";"Transitar na contramão";"Colisão frontal";"Com Vítimas Fatais";"Plena Noite";"Crescente";"Céu Claro";"Simples";"Reta";"Não";4;1;0;0;2;3;0;5;-9,103434;-48,528644;"SPRF-TO";"DEL02-TO";"UOP02-DEL02-TO"
784233;2026-07-09;"quinta-feira";"20:48:00";"PA";230;65;"SAO DOMINGOS DO ARAGUAIA";"Fumaça";"Colisão lateral sentido oposto";"Com Vítimas Feridas";"Plena Noite";"Crescente";"Céu Claro";"Simples";"Reta";"Não";4;0;2;0;0;2;2;3;-5,520626;-48,678988;"SPRF-PA";"DEL03-PA";"UOP01-DEL03-PA"
784234;2026-07-09;"quinta-feira";"22:00:00";"PE";232;136,4;"CARUARU";"Transitar no Acostamento";"Atropelamento de Pedestre";"Com Vítimas Feridas";"Plena Noite";"Crescente";"Céu Claro";"Dupla";"Aclive";"Não";2;0;0;1;0;1;1;2;-8,31577648;-36,04972212;"SPRF-PE";"DEL02-PE";"UOP03-DEL02-PE"
784237;2026-07-09;"quinta-feira";"22:10:00";"MG";381;937;"EXTREMA";"Reação tardia ou ineficiente do condutor";"Colisão traseira";"Com Vítimas Feridas";"Plena Noite";"Crescente";"Nublado";"Dupla";"Declive;Reta";"Não";3;0;1;0;1;1;1;3;-22,81513234;-46,29051209;"SPRF-MG";"DEL16-MG";"UOP03-DEL16-MG"
784241;2026-07-09;"quinta-feira";"15:30:00";"RJ";116;79;"TERESOPOLIS";"Conversão proibida";"Colisão transversal";"Com Vítimas Feridas";"Pleno dia";"Crescente";"Nublado";"Simples";"Reta";"Sim";2;0;0;1;1;0;1;2;-22,38443893;-42,95448873;"SPRF-RJ";"DEL04-RJ";"UOP01-DEL04-RJ"
784242;2026-07-09;"quinta-feira";"22:40:00";"SP";116;121;"CACAPAVA";"Manobra de mudança de faixa";"Colisão lateral mesmo sentido";"Com Vítimas Feridas";"Plena Noite";"Crescente";"Céu Claro";"Dupla";"Reta";"Não";4;0;2;0;2;0;2;3;-23,07873129;-45,65715681;"SPRF-SP";"DEL02-SP";"UOP02-DEL02-SP"
784244;2026-07-09;"quinta-feira";"22:50:00";"PR";163;223;"CASCAVEL";"Reação tardia ou ineficiente do condutor";"Saída de leito carroçável";"Com Vítimas Feridas";"Anoitecer";"Decrescente";"Céu Claro";"Dupla";"Reta";"Não";2;0;1;0;0;2;1;3;-24,8424027;-53,6159066;"SPRF-PR";"DEL04-PR";"UOP01-DEL04-PR"
784245;2026-07-09;"quinta-feira";"23:10:00";"PR";369;16;"CAMBARA";"Reação tardia ou ineficiente do condutor";"Colisão traseira";"Com Vítimas Feridas";"Plena Noite";"Crescente";"Céu Claro";"Simples";"Reta";"Não";3;0;1;0;2;0;1;2;-23,02935;-50,04658;"SPRF-PR";"DEL07-PR";"UOP05-DEL07-PR"
784249;2026-07-10;"sexta-feira";"02:31:00";"PE";424;91,3;"GARANHUNS";"Acessar a via sem observar a presença dos outros veículos";"Colisão transversal";"Com Vítimas Fatais";"Plena Noite";"Crescente";"Céu Claro";"Simples";"Reta";"Sim";2;1;0;0;0;1;0;2;-8,90653;-36,498073;"SPRF-PE";"DEL03-PE";"UOP01-DEL03-PE"
784251;2026-07-10;"sexta-feira";"01:25:00";"PB";101;124,4;"CAAPORA";"Ingestão de substâncias psicoativas pelo condutor";"Capotamento";"Com Vítimas Fatais";"Plena Noite";"Crescente";"Céu Claro";"Dupla";"Curva";"Não";1;1;0;0;0;0;0;1;-7,469705;-34,976862;"SPRF-PB";"DEL01-PB";"UOP01-DEL01-PB"
784254;2026-07-10;"sexta-feira";"03:50:00";"PR";376;525;"PALMEIRA";"Demais falhas mecânicas ou elétricas";"Incêndio";"Sem Vítimas";"Plena Noite";"Crescente";"Céu Claro";"Dupla";"Curva;Aclive";"Não";1;0;0;0;1;0;0;1;-25,307372;-49,887955;"SPRF-PR";"DEL03-PR";"UOP03-DEL03-PR"
784258;2026-07-09;"quinta-feira";"05:27:00";"CE";222;24,1;"CAUCAIA";"Entrada inopinada do pedestre";"Atropelamento de Pedestre";"Com Vítimas Fatais";"Amanhecer";"Decrescente";"Céu Claro";"Dupla";"Reta";"Não";2;1;0;0;0;1;0;2;-3,7288481;-38,7717387;"SPRF-CE";"DEL01-CE";"UOP01-DEL01-CE"
784260;2026-07-10;"sexta-feira";"05:30:00";"PR";369;498,9;"CASCAVEL";"Transitar na contramão";"Colisão frontal";"Com Vítimas Fatais";"Amanhecer";"Crescente";"Céu Claro";"Simples";"Reta";"Não";2;1;0;0;1;0;0;2;-24,889569;-53,3485291;"SPRF-PR";"DEL04-PR";"UOP01-DEL04-PR"
784262;2026-07-10;"sexta-feira";"06:00:00";"RJ";101;303;"SAO GONCALO";"Ausência de reação do condutor";"Colisão lateral mesmo sentido";"Com Vítimas Feridas";"Amanhecer";"Decrescente";"Céu Claro";"Dupla";"Reta";"Não";3;0;2;0;0;1;2;2;-22,77987126;-42,96805501;"SPRF-RJ";"DEL02-RJ";"UOP02-DEL02-RJ"
784263;2026-07-10;"sexta-feira";"06:05:00";"MG";116;524,2;"CARATINGA";"Condutor Dormindo";"Colisão traseira";"Com Vítimas Feridas";"Amanhecer";"Decrescente";"Nublado";"Simples";"Reta";"Sim";2;0;1;0;1;0;1;2;-19,7645259;-42,1317769;"SPRF-MG";"DEL06-MG";"UOP02-DEL06-MG"
784267;2026-07-10;"sexta-feira";"07:05:00";"RJ";116;183;"NOVA IGUACU";"Ausência de reação do condutor";"Colisão lateral mesmo sentido";"Com Vítimas Feridas";"Pleno dia";"Decrescente";"Céu Claro";"Dupla";"Reta";"Sim";4;0;1;0;2;1;1;4;-22,7388869;-43,4667316;"SPRF-RJ";"DEL06-RJ";"UOP01-DEL06-RJ"
784269;2026-07-09;"quinta-feira";"09:55:00";"AM";174;1005;"PRESIDENTE FIGUEIREDO";"Reação tardia ou ineficiente do condutor";"Saída de leito carroçável";"Com Vítimas Feridas";"Pleno dia";"Decrescente";"Sol";"Simples";"Reta;Declive";"Não";2;0;0;1;0;3;1;4;-1,92904;-60,0508;"SPRF-AM";"DEL01-AM";"UOP02-DEL01-AM"
784274;2026-07-10;"sexta-feira";"06:10:00";"SC";470;81,9;"RODEIO";"Ausência de reação do condutor";"Colisão lateral sentido oposto";"Com Vítimas Feridas";"Amanhecer";"Decrescente";"Céu Claro";"Simples";"Curva";"Não";2;0;1;0;1;0;1;2;-26,95959573;-49,3249747;"SPRF-SC";"DEL04-SC";"UOP01-DEL04-SC"
784275;2026-07-10;"sexta-feira";"07:10:00";"BA";324;594;"CANDEIAS";"Estacionar ou parar em local proibido";"Colisão traseira";"Com Vítimas Feridas";"Pleno dia";"Decrescente";"Sol";"Dupla";"Reta";"Sim";4;0;2;0;1;2;2;4;-12,7147083;-38,4526833;"SPRF-BA";"DEL01-BA";"UOP01-DEL01-BA"
784276;2026-07-10;"sexta-feira";"07:00:00";"PR";277;12,4;"PARANAGUA";"Reação tardia ou ineficiente do condutor";"Colisão traseira";"Sem Vítimas";"Pleno dia";"Decrescente";"Céu Claro";"Dupla";"Reta;Retorno Regulamentado";"Não";2;0;0;0;1;1;0;2;-25,56278981;-48,6385745;"SPRF-PR";"DEL01-PR";"UOP05-DEL01-PR"
784287;2026-07-10;"sexta-feira";"05:42:00";"MG";40;754;"SANTOS DUMONT";"Ausência de sinalização";"Derramamento de carga";"Com Vítimas Feridas";"Amanhecer";"Crescente";"Nevoeiro/Neblina";"Simples";"Curva;Aclive";"Sim";3;0;1;0;1;1;1;3;-21,50241774;-43,53488155;"SPRF-MG";"DEL05-MG";"UOP01-DEL05-MG"
784290;2026-07-10;"sexta-feira";"08:06:00";"PR";373;173;"PONTA GROSSA";"Trafegar com motocicleta (ou similar) entre as faixas";"Colisão lateral mesmo sentido";"Com Vítimas Feridas";"Pleno dia";"Decrescente";"Céu Claro";"Dupla";"Reta";"Sim";4;0;0;1;1;2;1;4;-25,0796296;-50,2037996;"SPRF-PR";"DEL03-PR";"UOP01-DEL03-PR"
784291;2026-07-10;"sexta-feira";"08:00:00";"SP";116;112;"TAUBATE";"Reação tardia ou ineficiente do condutor";"Engavetamento";"Com Vítimas Feridas";"Pleno dia";"Decrescente";"Sol";"Dupla";"Reta";"Sim";7;0;1;0;5;1;1;5;-23,04311268;-45,57676909;"SPRF-SP";"DEL02-SP";"UOP02-DEL02-SP"
784295;2026-07-10;"sexta-feira";"08:50:00";"RN";304;300;"MACAIBA";"Ingestão de álcool pelo condutor";"Colisão lateral mesmo sentido";"Sem Vítimas";"Pleno dia";"Crescente";"Céu Claro";"Dupla";"Reta";"Sim";3;0;0;0;2;2;0;4;-5,86;-35,34;"SPRF-RN";"DEL01-RN";"UOP02-DEL01-RN"