"id";"data_inversa";"dia_semana";"horario";"uf";"br";"km";"municipio";"causa_acidente";"tipo_acidente";"classificacao_acidente";"fase_dia";"sentido_via";"condicao_metereologica";"tipo_pista";"tracado_via";"uso_solo";"pessoas";"mortos";"feridos_leves";"feridos_graves";"ilesos";"ignorados";"feridos";"veiculos";"latitude";"longitude";"regional";"delegacia";"uop"
784597;2026-07-11;"sábado";"09:40:00";"BA";242;551;"OLIVEIRA DOS BREJINHOS";"Condutor Dormindo";"Saída de leito carroçável";"Com Vítimas Feridas";"Pleno dia";"Decrescente";"Céu Claro";"Simples";"Reta";"Não";2;0;1;0;0;1;1;2;-12,16792;-42,84781;"SPRF-BA";"DEL06-BA";"UOP03-DEL06-BA"
784601;2026-07-11;"sábado";"13:10:00";"PR";376;639;"TIJUCAS DO SUL";"Reação tardia ou ineficiente do condutor";"Saída de leito carroçável";"Com Vítimas Feridas";"Pleno dia";"Decrescente";"Céu Claro";"Simples";"Reta;Aclive";"Não";2;0;1;0;0;1;1;2;-25,78059;-49,12043;"SPRF-PR";"DEL01-PR";"UOP04-DEL01-PR"
784603;2026-05-21;"quinta-feira";"01:50:00";"SC";470;93,4;"APIUNA";"Condutor Dormindo";"Colisão frontal";"Com Vítimas Fatais";"Plena Noite";"Crescente";"Céu Claro";"Simples";"Reta";"Sim";5;1;0;2;1;1;2;4;-27,000037;-49,375378;"SPRF-SC";"DEL04-SC";"UOP01-DEL04-SC"
784604;2026-07-11;"sábado";"10:30:00";"TO";153;238,5;"COLINAS DO TOCANTINS";"Ausência de reação do condutor";"Colisão frontal";"Com Vítimas Fatais";"Pleno dia";"Decrescente";"Céu Claro";"Simples";"Reta";"Não";3;2;0;0;0;1;0;3;-7,98308;-48,4643817;"SPRF-TO";"DEL02-TO";"UOP01-DEL02-TO"
784610;2026-07-11;"sábado";"13:30:00";"PR";376;155,1;"MANDAGUACU";"Reação tardia ou ineficiente do condutor";"Colisão lateral mesmo sentido";"Sem Vítimas";"Pleno dia";"Decrescente";"Céu Claro";"Dupla";"Reta";"Sim";2;0;0;0;2;0;0;2;-23,337534;-52,106045;"SPRF-PR";"DEL09-PR";"UOP02-DEL09-PR"
784616;2026-07-11;"sábado";"14:00:00";"PR";476;145,3;"CURITIBA";"Condutor deixou de manter distância do veículo da frente";"Colisão traseira";"Sem Vítimas";"Pleno dia";"Crescente";"Nublado";"Dupla";"Reta;Declive";"Sim";2;0;0;0;1;1;0;2;-25,54989662;-49,32707082;"SPRF-PR";"DEL01-PR";"UOP06-DEL01-PR"
784624;2026-07-11;"sábado";"13:00:00";"MS";163;86,7;"ITAQUIRAI";"Condutor Dormindo";"Colisão lateral sentido oposto";"Sem Vítimas";"Pleno dia";"Decrescente";"Nublado";"Simples";"Declive";"Não";3;0;0;0;2;1;0;3;-23,399437;-54,210221;"SPRF-MS";"DEL09-MS";"UOP01-DEL09-MS"
784629;2026-07-11;"sábado";"14:50:00";"SC";282;474,2;"VARGEAO";"Neblina";"Colisão lateral sentido oposto";"Com Vítimas Feridas";"Pleno dia";"Decrescente";"Nevoeiro/Neblina";"Simples";"Reta;Interseção de Vias";"Sim";6;0;3;1;1;1;4;3;-26,87534909;-52,15709925;"SPRF-SC";"DEL07-SC";"UOP01-DEL07-SC"
784639;2026-07-11;"sábado";"15:00:00";"SP";116;162;"JACAREI";"Reação tardia ou ineficiente do condutor";"Engavetamento";"Com Vítimas Feridas";"Pleno dia";"Crescente";"Céu Claro";"Dupla";"Reta";"Sim";8;0;5;0;2;2;5;6;-23,28173617;-45,98487496;"SPRF-SP";"DEL02-SP";"UOP01-DEL02-SP"
784642;2026-07-11;"sábado";"15:10:00";"SE";101;46,7;"JAPARATUBA";"Demais falhas mecânicas ou elétricas";"Colisão com objeto";"Com Vítimas Feridas";"Pleno dia";"Crescente";"Céu Claro";"Dupla";"Reta;Interseção de Vias";"Não";3;0;0;2;1;0;2;1;-10,59473922;-36,97520234;"SPRF-SE";"DEL02-SE";"UOP02-DEL02-SE"
784644;2026-07-11;"sábado";"15:02:00";"PE";101;76;"RECIFE";"Manobra de mudança de faixa";"Colisão lateral mesmo sentido";"Com Vítimas Fatais";"Pleno dia";"Crescente";"Céu Claro";"Dupla";"Reta";"Sim";4;1;1;0;1;1;1;3;-8,12003519;-34,94300215;"SPRF-PE";"DEL01-PE";"UOP01-DEL01-PE"
784647;2026-07-11;"sábado";"16:25:00";"CE";222;239,9;"SOBRAL";"Demais falhas mecânicas ou elétricas";"Eventos atípicos";"Sem Vítimas";"Pleno dia";"Decrescente";"Céu Claro";"Simples";"Reta";"Não";2;0;0;0;1;1;0;2;-3,71881509;-40,33231258;"SPRF-CE";"DEL04-CE";"UOP01-DEL04-CE"
784653;2026-07-11;"sábado";"17:00:00";"PR";116;51;"CAMPINA GRANDE DO SUL";"Reação tardia ou ineficiente do condutor";"Saída de leito carroçável";"Com Vítimas Feridas";"Pleno dia";"Decrescente";"Chuva";"Dupla";"Curva";"Não";1;0;0;1;0;0;1;1;-25,21162661;-48,89796054;"SPRF-PR";"DEL01-PR";"UOP02-DEL01-PR"
784662;2026-07-11;"sábado";"16:45:00";"RS";392;283,2;"SAO SEPE";"Transitar na contramão";"Colisão frontal";"Com Vítimas Feridas";"Pleno dia";"Crescente";"Nublado";"Simples";"Reta";"Não";3;0;0;2;0;2;2;4;-30,27985;-53,5414;"SPRF-RS";"DEL09-RS";"UOP02-DEL09-RS"
784667;2026-07-11;"sábado";"18:09:00";"BA";324;517,6;"FEIRA DE SANTANA";"Condutor deixou de manter distância do veículo da frente";"Colisão traseira";"Com Vítimas Feridas";"Plena Noite";"Decrescente";"Céu Claro";"Simples";"Interseção de Vias";"Sim";3;0;1;0;2;0;1;2;-12,26080047;-38,93207995;"SPRF-BA";"DEL02-BA";"UOP01-DEL02-BA"
784671;2026-07-11;"sábado";"11:30:00";"RS";293;97;"PINHEIRO MACHADO";"Reação tardia ou ineficiente do condutor";"Colisão traseira";"Com Vítimas Feridas";"Pleno dia";"Crescente";"Garoa/Chuvisco";"Dupla";"Declive;Reta";"Não";5;0;2;1;1;1;3;3;-31,609006;-53,298737;"SPRF-RS";"DEL11-RS";"UOP03-DEL11-RS"
784678;2026-07-11;"sábado";"17:30:00";"MT";163;55,9;"RONDONOPOLIS";"Reação tardia ou ineficiente do condutor";"Saída de leito carroçável";"Com Vítimas Feridas";"Anoitecer";"Crescente";"Céu Claro";"Dupla";"Reta;Em Obras";"Não";1;0;1;0;0;0;1;1;-17,01898;-54,761494;"SPRF-MT";"DEL02-MT";"UOP03-DEL02-MT"
784706;2026-04-02;"quinta-feira";"14:20:00";"SC";101;367;"ICARA";"Acumulo de água sobre o pavimento";"Colisão com objeto";"Com Vítimas Feridas";"Pleno dia";"Decrescente";"Chuva";"Dupla";"Curva";"Não";3;0;1;1;1;0;2;1;-28,69672127;-49,17540475;"SPRF-SC";"DEL02-SC";"UOP01-DEL02-SC"
784714;2026-07-11;"sábado";"15:30:00";"PR";476;312;"PAULO FRONTIN";"Ultrapassagem Indevida";"Colisão frontal";"Com Vítimas Feridas";"Pleno dia";"Crescente";"Chuva";"Simples";"Curva";"Não";4;0;1;2;0;1;3;3;-26,03426554;-50,69606781;"SPRF-PR";"DEL02-PR";"UOP03-DEL02-PR"
784715;2026-07-11;"sábado";"18:00:00";"MA";230;409;"BALSAS";"Ingestão de álcool pelo condutor";"Colisão lateral mesmo sentido";"Sem Vítimas";"Anoitecer";"Crescente";"Céu Claro";"Simples";"Reta";"Não";3;0;0;0;2;5;0;7;-7,515589;-46,076771;"SPRF-MA";"DEL05-MA";"UOP01-DEL05-MA"
784719;2026-07-11;"sábado";"19:00:00";"MA";316;213;"GOVERNADOR NEWTON BELLO";"Ultrapassagem Indevida";"Colisão lateral sentido oposto";"Com Vítimas Fatais";"Plena Noite";"Crescente";"Céu Claro";"Simples";"Reta";"Não";3;1;0;0;1;1;0;3;-3,40863355;-45,66802561;"SPRF-MA";"DEL02-MA";"UOP01-DEL02-MA"
784721;2026-07-11;"sábado";"21:00:00";"GO";153;443;"ANAPOLIS";"Objeto estático sobre o leito carroçável";"Colisão com objeto";"Com Vítimas Feridas";"Plena Noite";"Crescente";"Céu Claro";"Dupla";"Rotatória";"Sim";3;0;1;0;2;0;1;2;-16,35444064;-48,92835796;"SPRF-GO";"DEL02-GO";"UOP01-DEL02-GO"
784722;2026-07-11;"sábado";"20:40:00";"PR";277;339;"GUARAPUAVA";"Ausência de reação do condutor";"Saída de leito carroçável";"Com Vítimas Feridas";"Plena Noite";"Decrescente";"Chuva";"Dupla";"Curva";"Não";2;0;1;0;0;1;1;2;-25,34044294;-51,42171565;"SPRF-PR";"DEL08-PR";"UOP01-DEL08-PR"
784728;2026-07-11;"sábado";"19:58:00";"AP";210;9,4;"MACAPA";"Ingestão de álcool pelo condutor";"Colisão lateral sentido oposto";"Com Vítimas Feridas";"Plena Noite";"Decrescente";"Céu Claro";"Simples";"Curva";"Não";2;0;1;0;1;0;1;2;0,11538956;-51,13277134;"SPRF-AP";"DEL01-AP";"UOP01-DEL01-AP"
784730;2026-07-11;"sábado";"18:00:00";"PB";104;192,6;"ALCANTIL";"Desrespeitar a preferência no cruzamento";"Colisão transversal";"Com Vítimas Fatais";"Plena Noite";"Crescente";"Céu Claro";"Simples";"Declive";"Sim";2;1;0;0;1;0;0;2;-7,734378;-36,077323;"SPRF-PB";"DEL02-PB";"UOP03-DEL02-PB"
784740;2026-07-11;"sábado";"20:08:00";"SC";153;66;"IRANI";"Transitar na contramão";"Colisão frontal";"Com Vítimas Feridas";"Plena Noite";"Crescente";"Garoa/Chuvisco";"Simples";"Reta";"Não";3;0;1;0;1;1;1;3;-27,02140288;-51,88522903;"SPRF-SC";"DEL07-SC";"UOP04-DEL07-SC"
784747;2026-07-11;"sábado";"17:56:00";"MT";364;278,8;"JACIARA";"Demais falhas mecânicas ou elétricas";"Saída de leito carroçável";"Sem Vítimas";"Pleno dia";"Decrescente";"Nublado";"Dupla";"Curva;Declive";"Não";2;0;0;0;1;1;0;2;-15,94227598;-55,01579762;"SPRF-MT";"DEL05-MT";"UOP02-DEL05-MT"
784748;2026-07-11;"sábado";"22:15:00";"PR";476;109;"COLOMBO";"Manobra de mudança de faixa";"Colisão lateral mesmo sentido";"Com Vítimas Feridas";"Plena Noite";"Decrescente";"Nublado";"Simples";"Interseção de Vias;Reta;Rotatória";"Sim";3;0;1;0;2;0;1;2;-25,30362416;-49,14698386;"SPRF-PR";"DEL01-PR";"UOP01-DEL01-PR"
784755;2026-07-11;"sábado";"21:10:00";"PR";373;229;"IMBITUVA";"Pedestre cruzava a pista fora da faixa";"Atropelamento de Pedestre";"Com Vítimas Fatais";"Plena Noite";"Crescente";"Céu Claro";"Simples";"Reta;Rotatória";"Sim";2;1;0;0;0;1;0;2;-25,1784052;-50,65256087;"SPRF-PR";"DEL03-PR";"UOP01-DEL03-PR"
784756;2026-07-11;"sábado";"23:31:00";"PE";101;63;"RECIFE";"Condutor deixou de manter distância do veículo da frente";"Tombamento";"Com Vítimas Fatais";"Plena Noite";"Crescente";"Céu Claro";"Dupla";"Reta";"Não";2;1;0;0;0;1;0;2;-8,0015261;-34,9382704;"SPRF-PE";"DEL01-PE";"UOP01-DEL01-PE"
784760;2026-07-11;"sábado";"19:05:00";"BA";242;314;"LAJEDINHO";"Pista esburacada";"Queda de ocupante de veículo";"Com Vítimas Fatais";"Plena Noite";"Decrescente";"Céu Claro";"Simples";"Reta";"Não";2;1;0;0;0;1;0;2;-12,46182;-40,99993;"SPRF-BA";"DEL06-BA";"UOP02-DEL06-BA"
784762;2026-07-11;"sábado";"19:30:00";"RS";116;63,9;"CAMPESTRE DA SERRA";"Reação tardia ou ineficiente do condutor";"Tombamento";"Com Vítimas Feridas";"Plena Noite";"Decrescente";"Garoa/Chuvisco";"Simples";"Curva;Declive";"Não";7;0;5;1;0;1;6;3;-28,670022;-51,062887;"SPRF-RS";"DEL05-RS";"UOP03-DEL05-RS"
784766;2026-07-11;"sábado";"21:30:00";"BA";101;292;"LAJE";"Transitar na contramão";"Colisão frontal";"Com Vítimas Fatais";"Plena Noite";"Crescente";"Céu Claro";"Simples";"Curva";"Não";2;1;0;0;1;0;0;2;-13,20441;-39,32197;"SPRF-BA";"DEL11-BA";"UOP01-DEL11-BA"
784774;2026-07-12;"domingo";"03:30:00";"SP";381;78;"SAO PAULO";"Demais falhas mecânicas ou elétricas";"Colisão traseira";"Com Vítimas Feridas";"Plena Noite";"Decrescente";"Céu Claro";"Dupla";"Curva";"Não";3;0;1;0;2;0;1;2;-23,4049;-46,5776;"SPRF-SP";"DEL03-SP";"UOP01-DEL03-SP"
784781;2026-07-11;"sábado";"22:00:00";"PI";135;131,3;"BERTOLINIA";"Ingestão de álcool pelo condutor";"Tombamento";"Com Vítimas Fatais";"Plena Noite";"Decrescente";"Céu Claro";"Simples";"Reta;Aclive";"Não";3;2;0;0;0;1;0;2;-7,64931;-43,95359;"SPRF-PI";"DEL03-PI";"UOP01-DEL03-PI"
784782;2026-07-12;"domingo";"04:35:00";"SP";116;70;"APARECIDA";"Chuva";"Colisão lateral mesmo sentido";"Com Vítimas Feridas";"Plena Noite";"Crescente";"Garoa/Chuvisco";"Dupla";"Curva";"Não";8;0;1;0;6;1;1;3;-22,848736;-45,226615;"SPRF-SP";"DEL08-SP";"UOP01-DEL08-SP"
784787;2026-07-12;"domingo";"04:30:00";"SP";116;202,8;"ARUJA";"Condutor Dormindo";"Colisão com objeto";"Com Vítimas Feridas";"Plena Noite";"Crescente";"Nublado";"Dupla";"Reta;Aclive";"Não";1;0;1;0;0;0;1;1;-23,410383;-46,347405;"SPRF-SP";"DEL01-SP";"UOP01-DEL01-SP"
784794;2026-07-12;"domingo";"05:00:00";"SC";101;47;"JOINVILLE";"Estacionar ou parar em local proibido";"Colisão traseira";"Com Vítimas Feridas";"Plena Noite";"Crescente";"Garoa/Chuvisco";"Simples";"Reta";"Não";4;0;1;0;2;1;1;3;-26,35691491;-48,85909645;"SPRF-SC";"DEL03-SC";"UOP01-DEL03-SC"
784805;2026-07-12;"domingo";"07:00:00";"BA";242;826;"BARREIRAS";"Pista Escorregadia";"Saída de leito carroçável";"Com Vítimas Fatais";"Pleno dia";"Decrescente";"Garoa/Chuvisco";"Simples";"Curva";"Não";2;1;0;0;0;2;0;3;-12,119501;-45,051766;"SPRF-BA";"DEL10-BA";"UOP01-DEL10-BA"
784807;2026-07-12;"domingo";"05:31:00";"MT";364;350;"SANTO ANTONIO DO LEVERGER";"Problema com o freio";"Colisão traseira";"Com Vítimas Feridas";"Amanhecer";"Decrescente";"Céu Claro";"Dupla";"Curva";"Não";4;0;1;1;1;3;2;5;-15,79351308;-55,58532715;"SPRF-MT";"DEL05-MT";"UOP02-DEL05-MT"
784811;2026-07-12;"domingo";"06:18:00";"RO";319;143;"PORTO VELHO";"Condutor deixou de manter distância do veículo da frente";"Colisão traseira";"Com Vítimas Feridas";"Pleno dia";"Decrescente";"Céu Claro";"Múltipla";"Reta";"Não";4;0;1;0;2;2;1;5;-8,7584;-63,88622;"SPRF-RO";"DEL01-RO";"UOP01-DEL01-RO"
784812;2026-07-12;"domingo";"05:55:00";"SC";280;305,6;"PORTO UNIAO";"Ingestão de álcool pelo condutor";"Colisão com objeto";"Com Vítimas Feridas";"Amanhecer";"Decrescente";"Nevoeiro/Neblina";"Simples";"Curva";"Sim";4;0;0;1;0;3;1;4;-26,26282;-51,06359;"SPRF-SC";"DEL06-SC";"UOP04-DEL06-SC"
784825;2026-07-12;"domingo";"07:20:00";"MG";251;474;"FRANCISCO SA";"Ausência de reação do condutor";"Colisão com objeto";"Com Vítimas Fatais";"Pleno dia";"Crescente";"Nublado";"Simples";"Curva;Declive";"Não";4;1;1;0;1;4;1;7;-16,47170463;-43,46408072;"SPRF-MG";"DEL12-MG";"UOP01-DEL12-MG"
784828;2026-07-12;"domingo";"08:50:00";"MG";40;511;"RIBEIRAO DAS NEVES";"Acessar a via sem observar a presença dos outros veículos";"Colisão traseira";"Com Vítimas Feridas";"Pleno dia";"Crescente";"Céu Claro";"Dupla";"Reta;Retorno Regulamentado";"Sim";3;0;1;0;1;1;1;3;-19,7847783;-44,1149733;"SPRF-MG";"DEL01-MG";"UOP02-DEL01-MG"
784829;2026-07-12;"domingo";"08:15:00";"MG";251;506;"MONTES CLAROS";"Pista Escorregadia";"Colisão traseira";"Com Vítimas Feridas";"Pleno dia";"Crescente";"Garoa/Chuvisco";"Simples";"Curva;Declive";"Não";5;0;1;0;4;0;1;2;-16,655733;-43,720983;"SPRF-MG";"DEL12-MG";"UOP01-DEL12-MG"
784831;2026-07-01;"quarta-feira";"18:10:00";"MS";163;609;"SAO GABRIEL DO OESTE";"Acessar a via sem observar a presença dos outros veículos";"Colisão traseira";"Com Vítimas Feridas";"Plena Noite";"Crescente";"Céu Claro";"Simples";"Declive;Reta";"Não";40;0;26;11;2;4;37;6;-19,438481;-54,532973;"SPRF-MS";"DEL06-MS";"UOP02-DEL06-MS"
784834;2026-07-12;"domingo";"09:10:00";"SP";116;73;"APARECIDA";"Manobra de mudança de faixa";"Colisão lateral mesmo sentido";"Com Vítimas Feridas";"Pleno dia";"Decrescente";"Nublado";"Dupla";"Curva;Aclive";"Não";5;0;2;0;2;2;2;4;-22,8698258;-45,243877;"SPRF-SP";"DEL08-SP";"UOP01-DEL08-SP"
784848;2026-07-12;"domingo";"11:00:00";"MG";381;924,5;"CAMANDUCAIA";"Ausência de reação do condutor";"Colisão lateral mesmo sentido";"Com Vítimas Feridas";"Pleno dia";"Crescente";"Chuva";"Dupla";"Curva";"Não";7;0;2;0;4;1;2;3;-22,77006255;-46,19423596;"SPRF-MG";"DEL16-MG";"UOP03-DEL16-MG"
784869;2026-07-12;"domingo";"12:00:00";"MS";163;675;"RIO VERDE DE MATO GROSSO";"Ausência de reação do condutor";"Saída de leito carroçável";"Com Vítimas Fatais";"Pleno dia";"Crescente";"Nublado";"Simples";"Declive;Reta";"Não";2;1;1;0;0;0;1;1;-18,9620487;-54,8264956;"SPRF-MS";"DEL06-MS";"UOP02-DEL06-MS"
784875;2026-07-12;"domingo";"07:45:00";"PA";163;103;"ALTAMIRA";"Problema com o freio";"Colisão lateral mesmo sentido";"Com Vítimas Feridas";"Pleno dia";"Crescente";"Céu Claro";"Simples";"Curva";"Não";3;0;1;0;1;4;1;6;-8,72700765;-54,9725993;"SPRF-MT";"DEL06-MT";"UOP03-DEL06-MT"
784877;2026-07-12;"domingo";"13:10:00";"MG";381;903,6;"CAMBUI";"Velocidade Incompatível";"Colisão lateral mesmo sentido";"Com Vítimas Feridas";"Pleno dia";"Decrescente";"Nublado";"Dupla";"Curva";"Não";4;0;1;0;2;1;1;3;-22,64616585;-46,08757138;"SPRF-MG";"DEL16-MG";"UOP03-DEL16-MG"
784893;2026-07-12;"domingo";"14:50:00";"ES";262;33;"DOMINGOS MARTINS";"Manobra de mudança de faixa";"Colisão lateral mesmo sentido";"Com Vítimas Feridas";"Pleno dia";"Decrescente";"Céu Claro";"Simples";"Declive";"Não";2;0;1;0;1;0;1;2;-20,375782;-40,58364;"SPRF-ES";"DEL01-ES";"UOP01-DEL01-ES"
784908;2026-07-12;"domingo";"15:00:00";"PI";343;444,3;"AGUA BRANCA";"Mal súbito do condutor";"Colisão frontal";"Com Vítimas Feridas";"Pleno dia";"Crescente";"Sol";"Simples";"Curva;Aclive";"Sim";8;0;5;0;2;1;5;4;-5,89136176;-42,64431193;"SPRF-PI";"DEL01-PI";"UOP02-DEL01-PI"
784909;2026-07-12;"domingo";"09:20:00";"MA";10;257;"IMPERATRIZ";"Acumulo de areia ou detritos sobre o pavimento";"Tombamento";"Com Vítimas Feridas";"Pleno dia";"Crescente";"Céu Claro";"Simples";"Reta";"Sim";3;0;1;0;1;1;1;3;-5,48571;-47,46942;"SPRF-MA";"DEL04-MA";"UOP01-DEL04-MA"
784912;2026-07-12;"domingo";"09:00:00";"MG";365;396,6;"PATOS DE MINAS";"Acessar a via sem observar a presença dos outros veículos";"Colisão transversal";"Com Vítimas Feridas";"Pleno dia";"Decrescente";"Céu Claro";"Simples";"Interseção de Vias;Reta";"Não";4;0;2;0;1;2;2;4;-18,62567315;-46,39187185;"SPRF-MG";"DEL10-MG";"UOP01-DEL10-MG"
784921;2026-07-12;"domingo";"13:40:00";"BA";242;665;"MUQUEM DE SAO FRANCISCO";"Velocidade Incompatível";"Atropelamento de Pedestre";"Com Vítimas Feridas";"Pleno dia";"Decrescente";"Sol";"Simples";"Reta";"Não";4;0;2;0;1;2;2;5;-12,19949485;-43,67525083;"SPRF-BA";"DEL10-BA";"UOP01-DEL10-BA"
784934;2026-07-12;"domingo";"18:50:00";"PR";153;9;"JACAREZINHO";"Ausência de reação do condutor";"Colisão transversal";"Com Vítimas Fatais";"Plena Noite";"Crescente";"Céu Claro";"Simples";"Reta";"Não";7;1;0;3;1;3;3;5;-23,0707029;-49,9333535;"SPRF-PR";"DEL07-PR";"UOP04-DEL07-PR"
784940;2026-07-12;"domingo";"18:10:00";"BA";116;350;"SERRINHA";"Ingestão de álcool pelo condutor";"Colisão frontal";"Com Vítimas Feridas";"Plena Noite";"Decrescente";"Céu Claro";"Simples";"Reta";"Não";2;0;1;0;1;0;1;2;-11,59328;-38,98561;"SPRF-BA";"DEL02-BA";"UOP01-DEL02-BA"
784942;2026-07-12;"domingo";"18:50:00";"PA";10;355;"SANTA MARIA DO PARA";"Reação tardia ou ineficiente do condutor";"Colisão transversal";"Com Vítimas Feridas";"Plena Noite";"Crescente";"Céu Claro";"Simples";"Curva";"Sim";2;0;0;1;0;1;1;2;-1,34011434;-47,58070976;"SPRF-PA";"DEL01-PA";"UOP02-DEL01-PA"
784946;2026-07-12;"domingo";"20:00:00";"ES";262;170;"IBATIBA";"Reação tardia ou ineficiente do condutor";"Tombamento";"Com Vítimas Feridas";"Plena Noite";"Crescente";"Céu Claro";"Simples";"Curva";"Não";2;0;1;0;0;1;1;2;-20,264693;-41,590833;"SPRF-ES";"DEL01-ES";"UOP02-DEL01-ES"
784950;2026-07-12;"domingo";"16:30:00";"RO";364;247;"CACOAL";"Ultrapassagem Indevida";"Queda de ocupante de veículo";"Com Vítimas Feridas";"Anoitecer";"Decrescente";"Nublado";"Simples";"Reta";"Não";4;0;1;1;0;2;2;3;-11,439;-61,5334;"SPRF-RO";"DEL02-RO";"UOP02-DEL02-RO"
784956;2026-07-12;"domingo";"12:00:00";"PA";153;68,4;"SAO DOMINGOS DO ARAGUAIA";"Ausência de reação do condutor";"Saída de leito carroçável";"Com Vítimas Fatais";"Pleno dia";"Decrescente";"Céu Claro";"Simples";"Curva";"Não";2;1;0;0;0;1;0;2;-5,713774;-48,690884;"SPRF-PA";"DEL03-PA";"UOP01-DEL03-PA"
784957;2026-07-12;"domingo";"19:40:00";"MG";381;303;"ANTONIO DIAS";"Ausência de reação do condutor";"Colisão lateral mesmo sentido";"Sem Vítimas";"Plena Noite";"Decrescente";"Céu Claro";"Dupla";"Curva;Em Obras";"Não";4;0;0;0;3;1;0;3;-19,64508143;-42,92449392;"SPRF-MG";"DEL03-MG";"UOP02-DEL03-MG"
784965;2026-07-12;"domingo";"19:55:00";"GO";60;301;"ACREUNA";"Acessar a via sem observar a presença dos outros veículos";"Colisão traseira";"Com Vítimas Feridas";"Plena Noite";"Crescente";"Chuva";"Dupla";"Reta";"Sim";2;0;0;1;1;0;1;2;-17,38449168;-50,37205626;"SPRF-GO";"DEL04-GO";"UOP01-DEL04-GO"
784967;2026-07-12;"domingo";"18:30:00";"MG";116;393;"GOVERNADOR VALADARES";"Reação tardia ou ineficiente do condutor";"Colisão traseira";"Sem Vítimas";"Plena Noite";"Crescente";"Céu Claro";"Simples";"Aclive;Reta";"Não";3;0;0;0;3;0;0;3;-18,702104;-41,985134;"SPRF-MG";"DEL06-MG";"UOP01-DEL06-MG"
784968;2026-06-22;"segunda-feira";"16:50:00";"BA";101;268;"SANTO ANTONIO DE JESUS";"Condutor deixou de manter distância do veículo da frente";"Colisão traseira";"Com Vítimas Feridas";"Pleno dia";"Decrescente";"Céu Claro";"Simples";"Curva";"Não";3;0;0;1;2;0;1;2;-13,0136;-39,2905;"SPRF-BA";"DEL11-BA";"UOP01-DEL11-BA"
784969;2026-07-12;"domingo";"20:00:00";"GO";364;123;"APARECIDA DO RIO DOCE";"Problema com o freio";"Incêndio";"Sem Vítimas";"Plena Noite";"Decrescente";"Céu Claro";"Simples";"Reta";"Não";2;0;0;0;1;2;0;3;-18,262371;-51,226585;"SPRF-GO";"DEL05-GO";"UOP02-DEL05-GO"
784979;2026-07-12;"domingo";"20:30:00";"PA";316;172;"SANTA LUZIA DO PARA";"Manobra de mudança de faixa";"Colisão lateral sentido oposto";"Sem Vítimas";"Plena Noite";"Decrescente";"Céu Claro";"Simples";"Reta";"Não";3;0;0;0;1;2;0;3;-1,351645;-47,053718;"SPRF-PA";"DEL01-PA";"UOP03-DEL01-PA"
784984;2026-07-12;"domingo";"21:30:00";"BA";116;479,8;"RAFAEL JAMBEIRO";"Ausência de reação do condutor";"Saída de leito carroçável";"Com Vítimas Fatais";"Plena Noite";"Crescente";"Céu Claro";"Dupla";"Reta";"Não";2;1;0;0;0;1;0;2;-12,5219;-39,3945;"SPRF-BA";"DEL02-BA";"UOP01-DEL02-BA"
784987;2026-07-12;"domingo";"07:45:00";"MG";251;506;"FRANCISCO SA";"Pista Escorregadia";"Saída de leito carroçável";"Com Vítimas Feridas";"Pleno dia";"Crescente";"Garoa/Chuvisco";"Simples";"Curva;Declive";"Não";3;0;0;1;1;1;1;2;-16,616706;-43,670139;"SPRF-MG";"DEL12-MG";"UOP01-DEL12-MG"
784996;2026-07-12;"domingo";"21:20:00";"PR";277;495;"NOVA LARANJEIRAS";"Ingestão de álcool pelo condutor";"Colisão traseira";"Sem Vítimas";"Plena Noite";"Decrescente";"Céu Claro";"Simples";"Aclive;Reta";"Não";4;0;0;0;2;3;0;4;-25,2076231;-52,6523051;"SPRF-PR";"DEL04-PR";"UOP04-DEL04-PR"
785006;2026-07-12;"domingo";"21:30:00";"PB";104;1,8;"NOVA FLORESTA";"Reação tardia ou ineficiente do condutor";"Tombamento";"Com Vítimas Fatais";"Plena Noite";"Crescente";"Nublado";"Simples";"Reta";"Não";2;1;0;0;0;1;0;2;-6,449103;-36,202918;"SPRF-PB";"DEL02-PB";"UOP04-DEL02-PB"
785011;2026-07-12;"domingo";"23:25:00";"GO";153;321;"RIANAPOLIS";"Ausência de reação do condutor";"Tombamento";"Com Vítimas Feridas";"Plena Noite";"Decrescente";"Ignorado";"Simples";"Reta";"Não";2;0;1;0;0;2;1;3;-15,47428176;-49,49619695;"SPRF-GO";"DEL02-GO";"UOP02-DEL02-GO"
785015;2026-07-13;"segunda-feira";"02:30:00";"ES";101;435,4;"MIMOSO DO SUL";"Demais falhas na via";"Colisão com objeto";"Com Vítimas Feridas";"Plena Noite";"Crescente";"Nublado";"Simples";"Curva";"Não";1;0;1;0;0;0;1;1;-21,058;-41,1993;"SPRF-ES";"DEL03-ES";"UOP02-DEL03-ES"
785022;2026-07-12;"domingo";"23:52:00";"GO";364;24;"PARANAIGUARA";"Ingestão de álcool pelo condutor";"Colisão lateral sentido oposto";"Com Vítimas Feridas";"Plena Noite";"Decrescente";"Chuva";"Simples";"Reta";"Não";8;0;1;0;5;2;1;5;-18,91291;-50,682223;"SPRF-GO";"DEL05-GO";"UOP02-DEL05-GO"
785042;2026-07-13;"segunda-feira";"06:30:00";"MG";40;286;"TRES MARIAS";"Condutor Dormindo";"Tombamento";"Sem Vítimas";"Amanhecer";"Crescente";"Céu Claro";"Simples";"Curva";"Não";1;0;0;0;1;0;0;1;-18,24988278;-45,16481336;"SPRF-MG";"DEL14-MG";"UOP02-DEL14-MG"