"id";"data_inversa";"dia_semana";"horario";"uf";"br";"km";"municipio";"causa_acidente";"tipo_acidente";"classificacao_acidente";"fase_dia";"sentido_via";"condicao_metereologica";"tipo_pista";"tracado_via";"uso_solo";"pessoas";"mortos";"feridos_leves";"feridos_graves";"ilesos";"ignorados";"feridos";"veiculos";"latitude";"longitude";"regional";"delegacia";"uop"
785628;2026-07-16;"quinta-feira";"05:40:00";"ES";262;78,8;"DOMINGOS MARTINS";"Condutor Dormindo";"Saída de leito carroçável";"Com Vítimas Feridas";"Plena Noite";"Crescente";"Nublado";"Simples";"Curva";"Não";2;0;1;0;1;0;1;2;-20,40835112;-40,9154892;"SPRF-ES";"DEL01-ES";"UOP02-DEL01-ES"
785632;2026-07-16;"quinta-feira";"06:30:00";"AL";101;184,3;"JUNQUEIRO";"Demais falhas mecânicas ou elétricas";"Saída de leito carroçável";"Com Vítimas Feridas";"Pleno dia";"Decrescente";"Céu Claro";"Dupla";"Reta";"Não";2;0;1;0;0;2;1;3;-9,89951061;-36,42279911;"SPRF-AL";"DEL02-AL";"UOP02-DEL02-AL"
785637;2026-07-16;"quinta-feira";"07:50:00";"ES";259;75;"COLATINA";"Transitar na contramão";"Colisão frontal";"Com Vítimas Fatais";"Pleno dia";"Decrescente";"Nublado";"Simples";"Reta";"Não";4;2;0;1;1;0;1;2;-19,527497;-40,793496;"SPRF-ES";"DEL02-ES";"UOP01-DEL02-ES"
785638;2026-07-15;"quarta-feira";"06:10:00";"BA";242;373;"PALMEIRAS";"Chuva";"Saída de leito carroçável";"Com Vítimas Feridas";"Pleno dia";"Crescente";"Chuva";"Simples";"Curva;Declive";"Não";1;0;1;0;0;0;1;1;-12,45529;-41,48215;"SPRF-BA";"DEL06-BA";"UOP01-DEL06-BA"
785643;2026-07-16;"quinta-feira";"08:05:00";"RJ";101;296;"ITABORAI";"Manobra de mudança de faixa";"Colisão lateral mesmo sentido";"Com Vítimas Feridas";"Pleno dia";"Decrescente";"Céu Claro";"Dupla";"Reta";"Sim";2;0;1;0;0;1;1;2;-22,770322;-42,9240174;"SPRF-RJ";"DEL02-RJ";"UOP02-DEL02-RJ"
785644;2026-07-10;"sexta-feira";"16:00:00";"SC";470;45,5;"GASPAR";"Velocidade Incompatível";"Derramamento de carga";"Com Vítimas Feridas";"Pleno dia";"Decrescente";"Céu Claro";"Dupla";"Curva";"Sim";5;0;1;0;3;2;1;6;-26,861391;-49,0360337;"SPRF-SC";"DEL04-SC";"UOP01-DEL04-SC"
785651;2026-07-16;"quinta-feira";"08:00:00";"PR";376;4,8;"MARINGA";"Reação tardia ou ineficiente do condutor";"Colisão traseira";"Com Vítimas Feridas";"Pleno dia";"Decrescente";"Sol";"Dupla";"Reta;Aclive";"Sim";3;0;0;1;1;1;1;3;-23,38013;-51,95514;"SPRF-PR";"DEL09-PR";"UOP01-DEL09-PR"
785654;2026-05-17;"domingo";"22:03:00";"PA";163;257,5;"NOVO PROGRESSO";"Ausência de reação do condutor";"Colisão lateral sentido oposto";"Com Vítimas Fatais";"Pleno dia";"Crescente";"Céu Claro";"Simples";"Curva";"Não";3;1;0;0;0;5;0;6;-7,472456;-55,289321;"SPRF-PA";"DEL05-PA";"UOP03-DEL05-PA"
785655;2026-07-16;"quinta-feira";"06:15:00";"RJ";40;121;"DUQUE DE CAXIAS";"Trafegar com motocicleta (ou similar) entre as faixas";"Colisão traseira";"Com Vítimas Feridas";"Pleno dia";"Crescente";"Céu Claro";"Múltipla";"Reta";"Sim";3;0;2;0;1;0;2;3;-22,78963;-43,28567;"SPRF-RJ";"DEL01-RJ";"UOP02-DEL01-RJ"
785658;2026-07-15;"quarta-feira";"10:29:00";"PE";101;42;"IGARASSU";"Condutor deixou de manter distância do veículo da frente";"Colisão traseira";"Com Vítimas Feridas";"Pleno dia";"Crescente";"Céu Claro";"Dupla";"Declive;Reta";"Não";2;0;0;1;1;0;1;2;-7,843255;-34,911113;"SPRF-PE";"DEL01-PE";"UOP02-DEL01-PE"
785662;2026-07-16;"quinta-feira";"09:10:00";"RN";304;301;"MACAIBA";"Avarias e/ou desgaste excessivo no pneu";"Colisão traseira";"Com Vítimas Feridas";"Pleno dia";"Decrescente";"Chuva";"Dupla";"Reta";"Sim";5;0;1;0;3;1;1;3;-5,8790033;-35,298215;"SPRF-RN";"DEL01-RN";"UOP02-DEL01-RN"
785665;2026-07-16;"quinta-feira";"08:13:00";"MS";163;481,7;"CAMPO GRANDE";"Condutor deixou de manter distância do veículo da frente";"Colisão traseira";"Com Vítimas Feridas";"Pleno dia";"Decrescente";"Céu Claro";"Simples";"Viaduto;Reta;Aclive";"Sim";4;0;1;0;2;1;1;3;-20,463631;-54,555506;"SPRF-MS";"DEL01-MS";"UOP01-DEL01-MS"
785667;2026-07-16;"quinta-feira";"09:13:00";"MT";163;951;"NOVA SANTA HELENA";"Transitar na contramão";"Colisão lateral sentido oposto";"Com Vítimas Feridas";"Pleno dia";"Crescente";"Céu Claro";"Simples";"Curva;Declive";"Não";3;0;1;0;1;5;1;7;-10,88561019;-55,20110607;"SPRF-MT";"DEL06-MT";"UOP02-DEL06-MT"
785671;2026-07-16;"quinta-feira";"10:50:00";"SC";280;35;"ARAQUARI";"Acessar a via sem observar a presença dos outros veículos";"Colisão transversal";"Com Vítimas Feridas";"Pleno dia";"Decrescente";"Céu Claro";"Simples";"Interseção de Vias";"Não";3;0;1;0;1;2;1;4;-26,4350348;-48,8046889;"SPRF-SC";"DEL03-SC";"UOP03-DEL03-SC"
785675;2026-07-16;"quinta-feira";"11:00:00";"RS";116;264,9;"CANOAS";"Reação tardia ou ineficiente do condutor";"Colisão traseira";"Com Vítimas Feridas";"Pleno dia";"Crescente";"Céu Claro";"Dupla";"Reta";"Sim";5;0;2;0;2;1;2;4;-29,92183331;-51,17811669;"SPRF-RS";"DEL01-RS";"UOP01-DEL01-RS"
785678;2026-07-16;"quinta-feira";"09:50:00";"MT";364;518;"ROSARIO OESTE";"Reação tardia ou ineficiente do condutor";"Tombamento";"Com Vítimas Feridas";"Pleno dia";"Decrescente";"Céu Claro";"Simples";"Reta";"Não";3;0;0;1;1;4;1;6;-15,02833677;-56,51468173;"SPRF-MT";"DEL01-MT";"UOP01-DEL01-MT"
785684;2026-07-16;"quinta-feira";"12:00:00";"PR";116;3,1;"CAMPINA GRANDE DO SUL";"Reação tardia ou ineficiente do condutor";"Colisão transversal";"Sem Vítimas";"Pleno dia";"Decrescente";"Céu Claro";"Dupla";"Reta";"Não";4;0;0;0;2;2;0;4;-25,072554;-48,585887;"SPRF-PR";"DEL01-PR";"UOP02-DEL01-PR"
785690;2026-07-16;"quinta-feira";"12:30:00";"MG";381;284;"ANTONIO DIAS";"Trafegar com motocicleta (ou similar) entre as faixas";"Colisão lateral mesmo sentido";"Com Vítimas Feridas";"Pleno dia";"Decrescente";"Céu Claro";"Dupla";"Curva;Declive";"Não";3;0;0;1;2;0;1;3;-19,61856639;-42,79856857;"SPRF-MG";"DEL03-MG";"UOP02-DEL03-MG"
785693;2026-07-16;"quinta-feira";"11:30:00";"SC";101;116;"ITAJAI";"Acessar a via sem observar a presença dos outros veículos";"Colisão lateral mesmo sentido";"Com Vítimas Feridas";"Pleno dia";"Crescente";"Céu Claro";"Dupla";"Reta";"Sim";3;0;1;0;1;1;1;3;-26,8831623;-48,72456757;"SPRF-SC";"DEL04-SC";"UOP04-DEL04-SC"
785699;2026-05-19;"terça-feira";"15:30:00";"GO";153;600;"MORRINHOS";"Reação tardia ou ineficiente do condutor";"Tombamento";"Com Vítimas Feridas";"Pleno dia";"Crescente";"Céu Claro";"Dupla";"Aclive";"Não";1;0;1;0;0;0;1;1;-17,54912738;-49,20702338;"SPRF-GO";"DEL03-GO";"UOP01-DEL03-GO"
785705;2026-07-16;"quinta-feira";"08:30:00";"BA";116;633;"JAGUAQUARA";"Acessar a via sem observar a presença dos outros veículos";"Colisão transversal";"Com Vítimas Feridas";"Pleno dia";"Decrescente";"Céu Claro";"Simples";"Reta";"Não";3;0;0;1;1;1;1;3;-13,52480641;-40,06141698;"SPRF-BA";"DEL03-BA";"UOP01-DEL03-BA"
785708;2026-07-16;"quinta-feira";"14:20:00";"SC";101;201,1;"SAO JOSE";"Reação tardia ou ineficiente do condutor";"Engavetamento";"Com Vítimas Feridas";"Pleno dia";"Crescente";"Céu Claro";"Múltipla";"Reta";"Sim";7;0;1;1;4;1;2;6;-27,54929;-48,61968;"SPRF-SC";"DEL01-SC";"UOP01-DEL01-SC"
785718;2026-07-16;"quinta-feira";"14:55:00";"PE";423;107;"CAETES";"Reação tardia ou ineficiente do condutor";"Colisão lateral mesmo sentido";"Sem Vítimas";"Pleno dia";"Decrescente";"Chuva";"Simples";"Reta";"Não";2;0;0;0;2;0;0;2;-8,89321244;-36,61434174;"SPRF-PE";"DEL03-PE";"UOP01-DEL03-PE"
785733;2026-07-16;"quinta-feira";"16:56:00";"MG";153;230,6;"FRONTEIRA";"Condutor deixou de manter distância do veículo da frente";"Colisão lateral sentido oposto";"Com Vítimas Feridas";"Pleno dia";"Decrescente";"Céu Claro";"Simples";"Reta";"Não";4;0;1;0;2;1;1;3;-20,185018;-49,116892;"SPRF-MG";"DEL13-MG";"UOP02-DEL13-MG"
785737;2026-06-18;"quinta-feira";"14:00:00";"MG";365;271;"JOAO PINHEIRO";"Ausência de reação do condutor";"Saída de leito carroçável";"Com Vítimas Feridas";"Pleno dia";"Decrescente";"Céu Claro";"Simples";"Reta";"Não";3;0;1;0;0;3;1;4;-17,937047;-45,580883;"SPRF-MG";"DEL10-MG";"UOP02-DEL010-MG"
785746;2026-07-16;"quinta-feira";"17:00:00";"PR";277;696;"SAO MIGUEL DO IGUACU";"Ausência de reação do condutor";"Colisão traseira";"Com Vítimas Feridas";"Pleno dia";"Crescente";"Céu Claro";"Dupla";"Reta";"Não";3;0;1;0;1;1;1;3;-25,394216;-54,307962;"SPRF-PR";"DEL05-PR";"UOP01-DEL05-PR"
785747;2026-07-16;"quinta-feira";"16:00:00";"SC";101;140;"BALNEARIO CAMBORIU";"Reação tardia ou ineficiente do condutor";"Engavetamento";"Com Vítimas Feridas";"Pleno dia";"Decrescente";"Nublado";"Múltipla";"Reta;Túnel";"Não";4;0;1;0;2;1;1;4;-27,03613642;-48,60404563;"SPRF-SC";"DEL04-SC";"UOP03-DEL04-SC"
785748;2026-07-16;"quinta-feira";"18:12:00";"MG";381;498;"BETIM";"Manobra de mudança de faixa";"Colisão lateral mesmo sentido";"Com Vítimas Feridas";"Plena Noite";"Crescente";"Céu Claro";"Múltipla";"Interseção de Vias";"Sim";3;0;0;1;1;1;1;3;-19,99062909;-44,20683257;"SPRF-MG";"DEL01-MG";"UOP03-DEL01-MG"
785751;2026-07-16;"quinta-feira";"18:00:00";"MG";116;519,9;"CARATINGA";"Ausência de reação do condutor";"Colisão transversal";"Com Vítimas Feridas";"Plena Noite";"Decrescente";"Nublado";"Simples";"Interseção de Vias";"Não";3;0;1;0;2;0;1;3;-19,72657436;-42,13286877;"SPRF-MG";"DEL06-MG";"UOP02-DEL06-MG"
785756;2026-07-16;"quinta-feira";"16:00:00";"SC";101;317;"PESCARIA BRAVA";"Ausência de reação do condutor";"Colisão lateral mesmo sentido";"Sem Vítimas";"Pleno dia";"Decrescente";"Céu Claro";"Dupla";"Reta";"Não";4;0;0;0;3;1;0;3;-28,42669;-48,861868;"SPRF-SC";"DEL02-SC";"UOP01-DEL02-SC"
785757;2026-07-16;"quinta-feira";"18:50:00";"RS";293;4;"PELOTAS";"Acessar a via sem observar a presença dos outros veículos";"Colisão transversal";"Com Vítimas Feridas";"Plena Noite";"Crescente";"Céu Claro";"Simples";"Reta";"Não";3;0;0;1;2;0;1;2;-31,7339;-52,371928;"SPRF-RS";"DEL07-RS";"UOP01-DEL07-RS"
785758;2026-06-08;"segunda-feira";"14:00:00";"GO";364;296;"MINEIROS";"Demais falhas mecânicas ou elétricas";"Incêndio";"Sem Vítimas";"Pleno dia";"Crescente";"Céu Claro";"Dupla";"Interseção de Vias";"Não";1;0;0;0;1;0;0;1;-17,577453;-52,518588;"SPRF-GO";"DEL05-GO";"UOP01-DEL05-GO"
785762;2026-07-16;"quinta-feira";"15:22:00";"MS";262;61;"TRES LAGOAS";"Condutor deixou de manter distância do veículo da frente";"Colisão traseira";"Com Vítimas Feridas";"Pleno dia";"Decrescente";"Céu Claro";"Simples";"Reta";"Não";7;0;5;0;1;1;5;3;-20,7726238;-51,98087597;"SPRF-MS";"DEL07-MS";"UOP01-DEL07-MS"
785766;2026-07-08;"quarta-feira";"23:20:00";"MG";381;525;"BRUMADINHO";"Problema com o freio";"Saída de leito carroçável";"Com Vítimas Fatais";"Plena Noite";"Crescente";"Nevoeiro/Neblina";"Dupla";"Curva;Declive";"Não";1;1;0;0;0;0;0;1;-20,14625648;-44,32349324;"SPRF-MG";"DEL04-MG";"UOP03-DEL04-MG"
785767;2026-07-16;"quinta-feira";"17:17:00";"MT";364;368;"SANTO ANTONIO DO LEVERGER";"Acessar a via sem observar a presença dos outros veículos";"Saída de leito carroçável";"Sem Vítimas";"Anoitecer";"Crescente";"Céu Claro";"Dupla";"Reta;Retorno Regulamentado";"Não";5;0;0;0;4;1;0;2;-15,71285681;-55,6948005;"SPRF-MT";"DEL01-MT";"UOP02-DEL01-MT"
785770;2026-06-21;"domingo";"13:00:00";"GO";153;562;"PROFESSOR JAMIL";"Ausência de reação do condutor";"Colisão lateral mesmo sentido";"Com Vítimas Feridas";"Pleno dia";"Decrescente";"Céu Claro";"Dupla";"Aclive";"Não";4;0;1;0;2;1;1;3;-17,232823;-49,233902;"SPRF-GO";"DEL03-GO";"UOP01-DEL03-GO"
785774;2026-07-14;"terça-feira";"20:55:00";"RN";304;68;"MOSSORO";"Acessar a via sem observar a presença dos outros veículos";"Colisão transversal";"Com Vítimas Feridas";"Plena Noite";"Decrescente";"Céu Claro";"Simples";"Interseção de Vias;Reta";"Não";3;0;1;0;1;1;1;3;-5,386102;-37,234538;"SPRF-RN";"DEL04-RN";"UOP01-DEL04-RN"
785778;2026-07-16;"quinta-feira";"15:30:00";"MG";381;568;"ITAGUARA";"Demais falhas mecânicas ou elétricas";"Incêndio";"Sem Vítimas";"Pleno dia";"Crescente";"Céu Claro";"Dupla";"Reta";"Não";2;0;0;0;1;2;0;3;-20,41178815;-44,52728145;"SPRF-MG";"DEL04-MG";"UOP03-DEL04-MG"
785780;2026-07-16;"quinta-feira";"20:05:00";"PR";369;39;"ANDIRA";"Conversão proibida";"Colisão transversal";"Com Vítimas Feridas";"Plena Noite";"Crescente";"Céu Claro";"Simples";"Reta";"Sim";4;0;3;0;1;0;3;2;-23,054922;-50,24338;"SPRF-PR";"DEL07-PR";"UOP05-DEL07-PR"
785785;2026-07-16;"quinta-feira";"21:30:00";"BA";116;317;"ARACI";"Acesso irregular";"Colisão frontal";"Com Vítimas Fatais";"Plena Noite";"Decrescente";"Nublado";"Simples";"Reta";"Não";3;1;0;0;2;0;0;2;-11,29825781;-38,93497811;"SPRF-BA";"DEL02-BA";"UOP01-DEL02-BA"
785787;2026-07-16;"quinta-feira";"21:00:00";"PR";369;464,6;"CORBELIA";"Acessar a via sem observar a presença dos outros veículos";"Colisão transversal";"Com Vítimas Feridas";"Plena Noite";"Decrescente";"Céu Claro";"Simples";"Curva;Interseção de Vias";"Não";6;0;1;0;1;4;1;4;-24,63825;-53,20836;"SPRF-PR";"DEL04-PR";"UOP03-DEL04-PR"
785794;2026-07-16;"quinta-feira";"19:40:00";"PR";163;181,5;"SANTA TEREZA DO OESTE";"Reação tardia ou ineficiente do condutor";"Colisão lateral mesmo sentido";"Sem Vítimas";"Plena Noite";"Crescente";"Céu Claro";"Dupla";"Curva;Declive";"Não";2;0;0;0;1;1;0;2;-25,143836;-53,592673;"SPRF-PR";"DEL05-PR";"UOP05-DEL05-PR"
785795;2026-07-16;"quinta-feira";"18:32:00";"BA";242;360;"LENCOIS";"Retorno proibido";"Colisão transversal";"Com Vítimas Feridas";"Plena Noite";"Decrescente";"Garoa/Chuvisco";"Simples";"Reta;Declive";"Não";4;0;2;0;1;1;2;3;-12,46931;-41,38319;"SPRF-BA";"DEL06-BA";"UOP02-DEL06-BA"
785814;2026-07-17;"sexta-feira";"00:00:00";"RJ";101;297;"ITABORAI";"Entrada inopinada do pedestre";"Atropelamento de Pedestre";"Com Vítimas Fatais";"Plena Noite";"Decrescente";"Céu Claro";"Dupla";"Viaduto";"Sim";2;1;0;0;0;1;0;2;-22,77100005;-42,92254579;"SPRF-RJ";"DEL02-RJ";"UOP02-DEL02-RJ"
785820;2026-07-17;"sexta-feira";"02:00:00";"SP";116;199;"ARUJA";"Reação tardia ou ineficiente do condutor";"Colisão traseira";"Com Vítimas Feridas";"Plena Noite";"Crescente";"Céu Claro";"Dupla";"Reta;Aclive";"Sim";2;0;1;0;1;0;1;2;-23,40222555;-46,31478119;"SPRF-SP";"DEL01-SP";"UOP01-DEL01-SP"
785822;2026-07-17;"sexta-feira";"03:00:00";"PE";408;69;"PAUDALHO";"Demais falhas mecânicas ou elétricas";"Tombamento";"Sem Vítimas";"Plena Noite";"Crescente";"Nublado";"Dupla";"Reta";"Sim";1;0;0;0;1;0;0;1;-7,956413;-35,099552;"SPRF-PE";"DEL01-PE";"UOP01-DEL01-PE"
785824;2026-07-17;"sexta-feira";"03:08:00";"MS";163;495,2;"CAMPO GRANDE";"Ausência de reação do condutor";"Colisão com objeto";"Com Vítimas Fatais";"Plena Noite";"Decrescente";"Céu Claro";"Dupla";"Rotatória";"Não";2;1;0;1;0;0;1;1;-20,36266279;-54,52760241;"SPRF-MS";"DEL01-MS";"UOP02-DEL01-MS"
785834;2026-07-17;"sexta-feira";"04:08:00";"SE";101;115;"ITAPORANGA DAJUDA";"Curva acentuada";"Capotamento";"Sem Vítimas";"Amanhecer";"Decrescente";"Céu Claro";"Dupla";"Curva;Declive";"Não";5;0;0;0;4;2;0;5;-11,012093;-37,3149146;"SPRF-SE";"DEL02-SE";"UOP01-DEL02-SE"
785838;2026-07-17;"sexta-feira";"05:10:00";"MG";40;432,8;"PARAOPEBA";"Mal súbito do condutor";"Saída de leito carroçável";"Com Vítimas Fatais";"Plena Noite";"Decrescente";"Céu Claro";"Dupla";"Reta;Declive";"Não";3;1;0;0;0;3;0;4;-19,20923;-44,46475;"SPRF-MG";"DEL02-MG";"UOP01-DEL02-MG"
785841;2026-07-17;"sexta-feira";"07:38:00";"DF";20;8;"BRASILIA";"Demais Fenômenos da natureza";"Colisão traseira";"Com Vítimas Feridas";"Amanhecer";"Crescente";"Céu Claro";"Dupla";"Viaduto";"Sim";4;0;1;1;1;1;2;4;-15,65439859;-47,78348208;"SPRF-DF";"DEL02-DF";"UOP01-DEL02-DF"
785846;2026-07-17;"sexta-feira";"06:40:00";"SP";116;144;"SAO JOSE DOS CAMPOS";"Ausência de reação do condutor";"Colisão traseira";"Com Vítimas Feridas";"Pleno dia";"Crescente";"Céu Claro";"Dupla";"Aclive;Reta";"Sim";4;0;1;0;2;2;1;4;-23,19149374;-45,8631134;"SPRF-SP";"DEL02-SP";"UOP01-DEL02-SP"
785848;2026-06-19;"sexta-feira";"20:49:00";"MT";364;465;"VARZEA GRANDE";"Reação tardia ou ineficiente do condutor";"Saída de leito carroçável";"Com Vítimas Feridas";"Plena Noite";"Decrescente";"Garoa/Chuvisco";"Simples";"Curva";"Não";3;0;2;0;1;0;2;2;-15,42673893;-56,34298515;"SPRF-MT";"DEL01-MT";"UOP02-DEL01-MT"
785850;2026-07-17;"sexta-feira";"07:46:00";"CE";116;17;"EUSEBIO";"Ausência de reação do condutor";"Colisão traseira";"Com Vítimas Fatais";"Pleno dia";"Decrescente";"Céu Claro";"Dupla";"Reta";"Não";4;1;0;0;1;2;0;4;-3,8967356;-38,503223;"SPRF-CE";"DEL01-CE";"UOP02-DEL01-CE"
785852;2026-07-17;"sexta-feira";"02:50:00";"RN";304;79,3;"MOSSORO";"Ausência de reação do condutor";"Colisão lateral mesmo sentido";"Sem Vítimas";"Plena Noite";"Crescente";"Céu Claro";"Simples";"Reta";"Não";3;0;0;0;1;2;0;3;-5,46699;-37,1744567;"SPRF-RN";"DEL04-RN";"UOP01-DEL04-RN"
785853;2026-07-17;"sexta-feira";"00:10:00";"RO";364;970;"PORTO VELHO";"Ausência de reação do condutor";"Colisão traseira";"Com Vítimas Feridas";"Plena Noite";"Crescente";"Céu Claro";"Simples";"Reta";"Não";2;0;1;0;0;1;1;2;-9,65832896;-65,73360292;"SPRF-RO";"DEL01-RO";"UOP03-DEL01-RO"
785855;2026-07-10;"sexta-feira";"06:40:00";"PR";277;43,9;"MORRETES";"Ausência de reação do condutor";"Saída de leito carroçável";"Com Vítimas Feridas";"Pleno dia";"Crescente";"Céu Claro";"Múltipla";"Reta";"Não";2;0;1;0;0;1;1;2;-25,592933;-48,889812;"SPRF-PR";"DEL01-PR";"UOP05-DEL01-PR"
785860;2026-06-03;"quarta-feira";"05:50:00";"MG";381;871;"POUSO ALEGRE";"Neblina";"Colisão traseira";"Com Vítimas Feridas";"Amanhecer";"Decrescente";"Nevoeiro/Neblina";"Dupla";"Reta";"Sim";3;0;0;1;1;2;1;4;-22,393551;-45,95673323;"SPRF-MG";"DEL16-MG";"UOP01-DEL16-MG"
785862;2026-07-17;"sexta-feira";"07:45:00";"GO";153;506;"APARECIDA DE GOIANIA";"Demais falhas mecânicas ou elétricas";"Saída de leito carroçável";"Com Vítimas Feridas";"Pleno dia";"Crescente";"Céu Claro";"Dupla";"Reta";"Sim";3;0;2;0;1;0;2;2;-16,7545443;-49,24118861;"SPRF-GO";"DEL01-GO";"UOP01-DEL01-GO"
785875;2026-06-12;"sexta-feira";"07:25:00";"GO";153;264;"NOVA GLORIA";"Reação tardia ou ineficiente do condutor";"Colisão traseira";"Com Vítimas Feridas";"Pleno dia";"Decrescente";"Garoa/Chuvisco";"Simples";"Curva;Aclive";"Não";4;0;1;0;2;1;1;3;-15,03538274;-49,43555228;"SPRF-GO";"DEL07-GO";"UOP02-DEL07-GO"
785876;2026-07-17;"sexta-feira";"08:38:00";"SC";470;214;"SAO CRISTOVAO DO SUL";"Condutor Dormindo";"Colisão frontal";"Com Vítimas Feridas";"Pleno dia";"Crescente";"Céu Claro";"Simples";"Reta";"Não";5;0;2;0;3;0;2;4;-27,31984131;-50,3358981;"SPRF-SC";"DEL05-SC";"UOP03-DEL05-SC"
785883;2026-07-17;"sexta-feira";"10:00:00";"MG";381;512;"IGARAPE";"Reação tardia ou ineficiente do condutor";"Colisão lateral mesmo sentido";"Com Vítimas Feridas";"Pleno dia";"Decrescente";"Céu Claro";"Dupla";"Aclive";"Sim";6;0;0;1;4;4;1;9;-20,065105;-44,294865;"SPRF-MG";"DEL01-MG";"UOP03-DEL01-MG"
785886;2026-07-17;"sexta-feira";"10:20:00";"PR";369;200;"APUCARANA";"Ausência de reação do condutor";"Colisão traseira";"Com Vítimas Feridas";"Pleno dia";"Crescente";"Céu Claro";"Dupla";"Reta";"Sim";3;0;1;0;1;1;1;2;-23,548134;-51,450944;"SPRF-PR";"DEL07-PR";"UOP03-DEL07-PR"
785887;2026-07-17;"sexta-feira";"09:50:00";"MS";376;96;"IVINHEMA";"Acessar a via sem observar a presença dos outros veículos";"Colisão transversal";"Com Vítimas Feridas";"Pleno dia";"Crescente";"Céu Claro";"Simples";"Reta";"Não";2;0;1;0;1;0;1;2;-22,30558181;-54,02398034;"SPRF-MS";"DEL04-MS";"UOP04-DEL04-MS"
785888;2026-07-17;"sexta-feira";"10:40:00";"RS";448;14;"CANOAS";"Condutor Dormindo";"Saída de leito carroçável";"Com Vítimas Feridas";"Pleno dia";"Decrescente";"Céu Claro";"Múltipla";"Reta";"Sim";2;0;1;0;0;1;1;2;-29,94851346;-51,2036887;"SPRF-RS";"DEL01-RS";"UOP01-DEL01-RS"
785895;2026-07-17;"sexta-feira";"10:45:00";"RJ";356;164;"SAO JOAO DA BARRA";"Ultrapassagem Indevida";"Colisão lateral mesmo sentido";"Com Vítimas Feridas";"Pleno dia";"Crescente";"Céu Claro";"Simples";"Reta";"Não";3;0;2;0;1;0;2;2;-21,712891;-41,160744;"SPRF-RJ";"DEL08-RJ";"UOP02-DEL08-RJ"
785896;2026-07-17;"sexta-feira";"11:00:00";"RS";116;248;"SAO LEOPOLDO";"Manobra de mudança de faixa";"Colisão lateral mesmo sentido";"Com Vítimas Feridas";"Pleno dia";"Crescente";"Céu Claro";"Dupla";"Reta";"Sim";3;0;1;0;1;1;1;3;-29,777568;-51,155932;"SPRF-RS";"DEL01-RS";"UOP02-DEL01-RS"
785899;2026-07-17;"sexta-feira";"08:10:00";"MG";381;920;"ITAPEVA";"Pedestre cruzava a pista fora da faixa";"Atropelamento de Pedestre";"Com Vítimas Feridas";"Pleno dia";"Decrescente";"Céu Claro";"Dupla";"Reta";"Não";3;0;0;1;1;1;1;3;-22,77031435;-46,19516082;"SPRF-MG";"DEL16-MG";"UOP03-DEL16-MG"
785901;2026-07-17;"sexta-feira";"10:00:00";"MG";116;763,9;"LEOPOLDINA";"Acessar a via sem observar a presença dos outros veículos";"Colisão transversal";"Com Vítimas Feridas";"Pleno dia";"Crescente";"Céu Claro";"Simples";"Interseção de Vias";"Não";3;0;1;0;1;1;1;3;-21,5202964;-42,6511038;"SPRF-MG";"DEL07-MG";"UOP01-DEL07-MG"
785908;2026-07-17;"sexta-feira";"11:40:00";"SP";381;59;"MAIRIPORA";"Condutor não acionou o farol baixo durante o dia em rodovias de pista simples";"Colisão lateral mesmo sentido";"Com Vítimas Feridas";"Pleno dia";"Decrescente";"Céu Claro";"Múltipla";"Curva;Aclive";"Não";4;0;2;0;2;0;2;3;-23,28957883;-46,58362852;"SPRF-SP";"DEL03-SP";"UOP01-DEL03-SP"
785911;2026-07-15;"quarta-feira";"10:35:00";"RS";290;134,1;"ELDORADO DO SUL";"Reação tardia ou ineficiente do condutor";"Colisão frontal";"Com Vítimas Feridas";"Pleno dia";"Crescente";"Céu Claro";"Simples";"Reta";"Não";5;0;0;2;1;2;2;4;-30,065514;-51,554407;"SPRF-RS";"DEL02-RS";"UOP01-DEL02-RS"
785912;2026-07-17;"sexta-feira";"12:50:00";"RS";116;268;"CANOAS";"Condutor deixou de manter distância do veículo da frente";"Engavetamento";"Com Vítimas Feridas";"Pleno dia";"Crescente";"Céu Claro";"Múltipla";"Reta";"Sim";4;0;2;0;2;0;2;3;-29,95453165;-51,17643226;"SPRF-RS";"DEL01-RS";"UOP01-DEL01-RS"
785916;2026-06-27;"sábado";"12:45:00";"AL";316;97;"SANTANA DO IPANEMA";"Conversão proibida";"Colisão transversal";"Com Vítimas Feridas";"Pleno dia";"Crescente";"Chuva";"Simples";"Declive;Reta";"Sim";9;0;1;0;7;1;1;3;-9,387605;-37,135437;"SPRF-AL";"DEL03-AL";"UOP02-DEL03-AL"
785920;2026-07-17;"sexta-feira";"12:20:00";"MG";381;670,9;"PERDOES";"Condutor usando celular";"Colisão traseira";"Com Vítimas Feridas";"Pleno dia";"Decrescente";"Céu Claro";"Dupla";"Reta;Aclive";"Não";3;0;1;0;1;1;1;3;-21,06102599;-45,049586;"SPRF-MG";"DEL04-MG";"UOP02-DEL04-MG"
785921;2026-07-17;"sexta-feira";"11:30:00";"SP";116;500;"CAJATI";"Problema com o freio";"Incêndio";"Sem Vítimas";"Pleno dia";"Decrescente";"Céu Claro";"Simples";"Reta";"Não";2;0;0;0;1;1;0;2;-24,78764481;-48,17775099;"SPRF-SP";"DEL05-SP";"UOP02-DEL05-SP"