"id";"data_inversa";"dia_semana";"horario";"uf";"br";"km";"municipio";"causa_acidente";"tipo_acidente";"classificacao_acidente";"fase_dia";"sentido_via";"condicao_metereologica";"tipo_pista";"tracado_via";"uso_solo";"pessoas";"mortos";"feridos_leves";"feridos_graves";"ilesos";"ignorados";"feridos";"veiculos";"latitude";"longitude";"regional";"delegacia";"uop"
787034;2026-07-21;"terça-feira";"18:29:00";"MT";163;183;"PEDRA PRETA";"Ausência de reação do condutor";"Colisão traseira";"Com Vítimas Feridas";"Plena Noite";"Decrescente";"Céu Claro";"Simples";"Reta";"Não";3;0;1;0;2;0;1;3;-16,595851;-54,505289;"SPRF-MT";"DEL02-MT";"UOP01-DEL02-MT"
787035;2026-07-21;"terça-feira";"19:00:00";"MT";364;183;"RONDONOPOLIS";"Acessar a via sem observar a presença dos outros veículos";"Colisão traseira";"Com Vítimas Feridas";"Plena Noite";"Crescente";"Céu Claro";"Dupla";"Reta";"Sim";2;0;1;0;0;1;1;2;-16,5563027;-54,6758616;"SPRF-MT";"DEL02-MT";"UOP01-DEL02-MT"
787037;2026-07-21;"terça-feira";"21:15:00";"SP";116;457;"PARIQUERA-ACU";"Ausência de reação do condutor";"Colisão lateral mesmo sentido";"Sem Vítimas";"Plena Noite";"Decrescente";"Céu Claro";"Dupla";"Reta";"Não";2;0;0;0;2;0;0;2;-24,59822942;-47,87600867;"SPRF-SP";"DEL05-SP";"UOP01-DEL05-SP"
787041;2026-05-22;"sexta-feira";"22:00:00";"PA";163;777;"RUROPOLIS";"Demais falhas mecânicas ou elétricas";"Incêndio";"Sem Vítimas";"Plena Noite";"Crescente";"Céu Claro";"Simples";"Reta;Aclive";"Não";2;0;0;0;1;3;0;4;-4,120585;-54,989729;"SPRF-PA";"DEL05-PA";"UOP01-DEL05-PA"
787046;2026-07-21;"terça-feira";"22:40:00";"MG";262;84;"ABRE CAMPO";"Ultrapassagem Indevida";"Colisão frontal";"Com Vítimas Feridas";"Plena Noite";"Crescente";"Céu Claro";"Simples";"Reta";"Não";3;0;0;1;2;0;1;3;-20,33838612;-42,41991743;"SPRF-MG";"DEL03-MG";"UOP03-DEL03-MG"
787047;2026-07-21;"terça-feira";"22:20:00";"PE";407;129;"PETROLINA";"Manobra de mudança de faixa";"Colisão lateral mesmo sentido";"Sem Vítimas";"Plena Noite";"Crescente";"Céu Claro";"Dupla";"Reta";"Sim";2;0;0;0;2;0;0;2;-9,401735;-40,503582;"SPRF-PE";"DEL06-PE";"UOP01-DEL06-PE"
787051;2026-07-21;"terça-feira";"23:00:00";"SP";381;67;"MAIRIPORA";"Reação tardia ou ineficiente do condutor";"Tombamento";"Com Vítimas Feridas";"Plena Noite";"Decrescente";"Céu Claro";"Dupla";"Curva;Declive";"Não";2;0;1;0;0;1;1;2;-23,34200366;-46,5734787;"SPRF-SP";"DEL03-SP";"UOP01-DEL03-SP"
787053;2026-07-21;"terça-feira";"21:50:00";"PR";376;377;"IMBAU";"Problema com o freio";"Incêndio";"Sem Vítimas";"Plena Noite";"Crescente";"Céu Claro";"Dupla";"Reta";"Não";2;0;0;0;1;2;0;3;-24,43644;-50,76456;"SPRF-PR";"DEL03-PR";"UOP02-DEL03-PR"
787056;2026-07-21;"terça-feira";"22:20:00";"MT";163;783;"SORRISO";"Ausência de reação do condutor";"Colisão transversal";"Com Vítimas Fatais";"Plena Noite";"Decrescente";"Céu Claro";"Simples";"Reta;Em Obras";"Não";5;1;1;0;2;4;1;7;-12,31382017;-55,57932884;"SPRF-MT";"DEL06-MT";"UOP02-DEL06-MT"
787057;2026-07-21;"terça-feira";"15:53:00";"PA";163;608,2;"ITAITUBA";"Velocidade Incompatível";"Tombamento";"Com Vítimas Feridas";"Pleno dia";"Crescente";"Céu Claro";"Simples";"Curva;Declive";"Não";2;0;0;1;0;2;1;3;-4,782677;-56,111274;"SPRF-PA";"DEL05-PA";"UOP03-DEL05-PA"
787059;2026-07-21;"terça-feira";"23:30:00";"MG";381;708,5;"LAVRAS";"Ausência de reação do condutor";"Colisão traseira";"Com Vítimas Feridas";"Plena Noite";"Crescente";"Céu Claro";"Dupla";"Aclive;Reta";"Não";3;0;1;0;1;1;1;3;-21,30566805;-45,15783191;"SPRF-MG";"DEL04-MG";"UOP02-DEL04-MG"
787061;2026-07-21;"terça-feira";"23:50:00";"MG";262;716,9;"PERDIZES";"Ausência de reação do condutor";"Tombamento";"Com Vítimas Feridas";"Plena Noite";"Crescente";"Céu Claro";"Simples";"Reta";"Não";1;0;1;0;0;0;1;1;-19,62165;-47,3007764;"SPRF-MG";"DEL08-MG";"UOP01-DEL08-MG"
787062;2026-07-22;"quarta-feira";"00:15:00";"PR";277;164;"PORTO AMAZONAS";"Condutor Dormindo";"Tombamento";"Com Vítimas Feridas";"Plena Noite";"Crescente";"Nublado";"Simples";"Reta";"Não";1;0;1;0;0;0;1;1;-25,473526;-49,894066;"SPRF-PR";"DEL01-PR";"UOP07-DEL01-PR"
787063;2026-07-21;"terça-feira";"23:00:00";"SC";116;254,5;"LAGES";"Velocidade Incompatível";"Colisão lateral sentido oposto";"Com Vítimas Feridas";"Plena Noite";"Decrescente";"Chuva";"Simples";"Reta";"Não";3;0;1;0;1;2;1;4;-27,86371903;-50,39204948;"SPRF-SC";"DEL05-SC";"UOP02-DEL05-SC"
787064;2026-07-22;"quarta-feira";"00:12:00";"MG";50;186;"UBERABA";"Acessar a via sem observar a presença dos outros veículos";"Colisão lateral mesmo sentido";"Com Vítimas Feridas";"Plena Noite";"Crescente";"Céu Claro";"Dupla";"Reta";"Não";4;0;1;0;2;3;1;6;-19,84810225;-47,87841797;"SPRF-MG";"DEL13-MG";"UOP01-DEL13-MG"
787066;2026-07-22;"quarta-feira";"01:30:00";"AL";104;87,2;"RIO LARGO";"Entrada inopinada do pedestre";"Atropelamento de Pedestre";"Com Vítimas Feridas";"Plena Noite";"Crescente";"Céu Claro";"Dupla";"Reta";"Sim";3;0;0;1;1;1;1;3;-9,474714;-35,821895;"SPRF-AL";"DEL01-AL";"UOP01-DEL01-AL"
787073;2026-07-22;"quarta-feira";"02:26:00";"PI";343;348;"TERESINA";"Suicídio (presumido)";"Atropelamento de Pedestre";"Com Vítimas Fatais";"Plena Noite";"Crescente";"Céu Claro";"Simples";"Reta";"Sim";2;1;0;0;0;1;0;2;-5,11840208;-42,78585641;"SPRF-PI";"DEL01-PI";"UOP01-DEL01-PI"
787075;2026-07-22;"quarta-feira";"04:10:00";"SC";280;54,7;"GUARAMIRIM";"Acessar a via sem observar a presença dos outros veículos";"Colisão traseira";"Com Vítimas Feridas";"Amanhecer";"Crescente";"Chuva";"Dupla";"Reta";"Sim";5;0;2;0;2;2;2;4;-26,47524;-48,99045;"SPRF-SC";"DEL03-SC";"UOP03-DEL03-SC"
787079;2026-07-22;"quarta-feira";"05:40:00";"MG";251;379,1;"GRAO MOGOL";"Velocidade Incompatível";"Saída de leito carroçável";"Com Vítimas Feridas";"Amanhecer";"Decrescente";"Céu Claro";"Simples";"Reta;Declive";"Não";2;0;0;1;0;1;1;2;-16,298419;-42,745764;"SPRF-MG";"DEL12-MG";"UOP01-DEL12-MG"
787080;2026-07-22;"quarta-feira";"02:31:00";"RJ";116;193;"QUEIMADOS";"Reação tardia ou ineficiente do condutor";"Colisão traseira";"Com Vítimas Fatais";"Plena Noite";"Decrescente";"Céu Claro";"Dupla";"Reta;Em Obras";"Não";3;1;0;0;2;0;0;2;-22,73859;-43,53315;"SPRF-RJ";"DEL06-RJ";"UOP01-DEL06-RJ"
787081;2026-07-22;"quarta-feira";"05:40:00";"MG";40;548,8;"NOVA LIMA";"Condutor deixou de manter distância do veículo da frente";"Colisão traseira";"Com Vítimas Feridas";"Amanhecer";"Crescente";"Céu Claro";"Dupla";"Aclive;Reta";"Não";3;0;1;0;1;1;1;3;-20,035886;-43,968449;"SPRF-MG";"DEL01-MG";"UOP02-DEL01-MG"
787083;2026-07-22;"quarta-feira";"06:20:00";"BA";324;599;"SIMOES FILHO";"Estacionar ou parar em local proibido";"Colisão traseira";"Com Vítimas Feridas";"Pleno dia";"Crescente";"Nublado";"Dupla";"Reta";"Não";2;0;1;0;1;0;1;2;-12,75276362;-38,43064282;"SPRF-BA";"DEL01-BA";"UOP01-DEL01-BA"
787092;2026-07-22;"quarta-feira";"07:35:00";"RS";285;480,9;"ENTRE-IJUIS";"Pista Escorregadia";"Saída de leito carroçável";"Com Vítimas Feridas";"Pleno dia";"Crescente";"Nublado";"Simples";"Reta";"Não";2;0;1;0;0;1;1;2;-28,370767;-54,112453;"SPRF-RS";"DEL10-RS";"UOP01-DEL10-RS"
787095;2026-07-22;"quarta-feira";"08:15:00";"MG";116;739,1;"LARANJAL";"Objeto estático sobre o leito carroçável";"Colisão com objeto";"Com Vítimas Feridas";"Pleno dia";"Decrescente";"Céu Claro";"Simples";"Reta";"Não";3;0;1;0;1;1;1;3;-21,39002645;-42,48756409;"SPRF-MG";"DEL07-MG";"UOP01-DEL07-MG"
787098;2026-07-22;"quarta-feira";"06:50:00";"RO";364;713;"PORTO VELHO";"Reação tardia ou ineficiente do condutor";"Colisão lateral mesmo sentido";"Com Vítimas Feridas";"Pleno dia";"Crescente";"Céu Claro";"Dupla";"Reta";"Sim";4;0;1;1;1;3;2;5;-8,77265402;-63,88088392;"SPRF-RO";"DEL01-RO";"UOP01-DEL01-RO"
787102;2026-07-12;"domingo";"14:00:00";"MG";153;75;"MONTE ALEGRE DE MINAS";"Reação tardia ou ineficiente do condutor";"Saída de leito carroçável";"Sem Vítimas";"Pleno dia";"Decrescente";"Nublado";"Simples";"Curva;Declive";"Não";2;0;0;0;1;2;0;3;-19,027554;-49,010804;"SPRF-MG";"DEL15-MG";"UOP03-DEL15-MG"
787104;2026-06-29;"segunda-feira";"05:40:00";"PR";277;178;"PALMEIRA";"Manobra de mudança de faixa";"Colisão lateral mesmo sentido";"Com Vítimas Feridas";"Amanhecer";"Crescente";"Chuva";"Dupla";"Reta;Aclive";"Sim";4;0;1;0;3;0;1;2;-25,43487773;-50,01025915;"SPRF-PR";"DEL08-PR";"UOP02-DEL08-PR"
787108;2026-07-22;"quarta-feira";"08:51:00";"PI";343;2,6;"TERESINA";"Condutor deixou de manter distância do veículo da frente";"Colisão traseira";"Com Vítimas Feridas";"Pleno dia";"Crescente";"Céu Claro";"Dupla";"Reta";"Sim";2;0;0;1;1;0;1;2;-5,081243;-42,773285;"SPRF-PI";"DEL01-PI";"UOP01-DEL01-PI"
787111;2026-07-22;"quarta-feira";"04:30:00";"MG";262;156;"SAO DOMINGOS DO PRATA";"Problema com o freio";"Saída de leito carroçável";"Com Vítimas Feridas";"Plena Noite";"Decrescente";"Céu Claro";"Simples";"Curva;Declive";"Não";1;0;0;1;0;0;1;1;-19,96632409;-42,806706;"SPRF-MG";"DEL03-MG";"UOP03-DEL03-MG"
787113;2026-07-01;"quarta-feira";"16:59:00";"PR";116;106;"SAO JOSE DOS PINHAIS";"Demais falhas mecânicas ou elétricas";"Incêndio";"Sem Vítimas";"Pleno dia";"Decrescente";"Céu Claro";"Dupla";"Reta";"Não";1;0;0;0;1;0;0;1;-25,5703496;-49,2169466;"SPRF-PR";"DEL01-PR";"UOP03-DEL01-PR"
787115;2026-07-22;"quarta-feira";"08:31:00";"MS";158;36,9;"PARANAIBA";"Manobra de mudança de faixa";"Colisão lateral mesmo sentido";"Com Vítimas Feridas";"Pleno dia";"Decrescente";"Céu Claro";"Simples";"Reta";"Não";6;0;2;0;3;3;2;6;-19,284924;-51,480558;"SPRF-MS";"DEL08-MS";"UOP01-DEL08-MS"
787118;2026-07-22;"quarta-feira";"09:30:00";"BA";101;877,6;"TEIXEIRA DE FREITAS";"Acesso irregular";"Colisão lateral mesmo sentido";"Sem Vítimas";"Pleno dia";"Crescente";"Céu Claro";"Simples";"Interseção de Vias;Reta";"Sim";2;0;0;0;2;0;0;2;-17,543187;-39,717218;"SPRF-BA";"DEL09-BA";"UOP02-DEL09-BA"
787122;2026-07-22;"quarta-feira";"10:15:00";"SE";101;39;"JAPARATUBA";"Velocidade Incompatível";"Colisão com objeto";"Com Vítimas Feridas";"Pleno dia";"Crescente";"Céu Claro";"Dupla";"Reta;Declive";"Não";1;0;1;0;0;0;1;1;-10,521038;-36,952571;"SPRF-SE";"DEL02-SE";"UOP02-DEL02-SE"
787124;2026-07-22;"quarta-feira";"09:38:00";"MT";163;102;"RONDONOPOLIS";"Ausência de reação do condutor";"Tombamento";"Com Vítimas Feridas";"Pleno dia";"Crescente";"Céu Claro";"Simples";"Viaduto";"Não";3;0;2;0;0;2;2;4;-16,637297;-54,693063;"SPRF-MT";"DEL02-MT";"UOP03-DEL02-MT"
787125;2026-07-22;"quarta-feira";"06:20:00";"RJ";40;122;"DUQUE DE CAXIAS";"Reação tardia ou ineficiente do condutor";"Colisão traseira";"Sem Vítimas";"Pleno dia";"Crescente";"Céu Claro";"Dupla";"Reta";"Sim";4;0;0;0;3;1;0;4;-22,78644147;-43,28560776;"SPRF-RJ";"DEL01-RJ";"UOP02-DEL01-RJ"
787126;2026-07-22;"quarta-feira";"08:20:00";"RO";0;0;"PORTO VELHO";"Reação tardia ou ineficiente do condutor";"Engavetamento";"Sem Vítimas";"Pleno dia";"Não Informado";"Céu Claro";"Simples";"Reta";"Sim";3;0;0;0;3;0;0;3;-8,749672;-63,890318;"SPRF-RO";"DEL01-RO";"UOP01-DEL01-RO"
787128;2026-07-22;"quarta-feira";"07:00:00";"GO";153;128,7;"ESTRELA DO NORTE";"Condutor Dormindo";"Colisão frontal";"Com Vítimas Fatais";"Pleno dia";"Decrescente";"Céu Claro";"Simples";"Reta";"Não";4;1;2;0;0;1;2;3;-13,89516019;-49,05835093;"SPRF-GO";"DEL07-GO";"UOP01-DEL07-GO"
787141;2026-07-22;"quarta-feira";"11:30:00";"PR";277;119;"CAMPO LARGO";"Trafegar com motocicleta (ou similar) entre as faixas";"Colisão lateral mesmo sentido";"Com Vítimas Fatais";"Pleno dia";"Crescente";"Chuva";"Dupla";"Reta;Aclive";"Sim";4;1;0;0;2;3;0;6;-25,44715424;-49,47810385;"SPRF-PR";"DEL01-PR";"UOP07-DEL01-PR"
787142;2026-07-22;"quarta-feira";"10:00:00";"BA";101;35,4;"ESPLANADA";"Manobra de mudança de faixa";"Colisão lateral mesmo sentido";"Com Vítimas Feridas";"Pleno dia";"Crescente";"Chuva";"Dupla";"Reta;Desvio Temporário";"Sim";3;0;0;1;1;1;1;3;-11,7744;-37,94529;"SPRF-SE";"DEL02-SE";"UOP03-DEL02-SE"
787147;2026-07-22;"quarta-feira";"12:30:00";"RN";406;171;"SAO GONCALO DO AMARANTE";"Ausência de reação do condutor";"Colisão traseira";"Com Vítimas Feridas";"Pleno dia";"Decrescente";"Céu Claro";"Dupla";"Reta";"Sim";3;0;0;1;1;1;1;3;-5,76169177;-35,29107928;"SPRF-RN";"DEL02-RN";"UOP01-DEL02-RN"
787150;2026-07-22;"quarta-feira";"11:50:00";"PR";376;172;"MARINGA";"Reação tardia ou ineficiente do condutor";"Colisão traseira";"Com Vítimas Feridas";"Pleno dia";"Decrescente";"Chuva";"Dupla";"Reta";"Sim";3;0;1;0;1;2;1;4;-23,41661796;-51,97859515;"SPRF-PR";"DEL09-PR";"UOP01-DEL09-PR"
787158;2026-07-22;"quarta-feira";"14:00:00";"ES";101;316,5;"VILA VELHA";"Velocidade Incompatível";"Colisão traseira";"Com Vítimas Feridas";"Pleno dia";"Crescente";"Céu Claro";"Dupla";"Reta";"Não";2;0;0;1;1;0;1;2;-20,48112;-40,4737;"SPRF-ES";"DEL01-ES";"UOP01-DEL01-ES"
787165;2026-07-22;"quarta-feira";"12:30:00";"RJ";101;186;"CASIMIRO DE ABREU";"Reação tardia ou ineficiente do condutor";"Colisão frontal";"Com Vítimas Feridas";"Pleno dia";"Crescente";"Céu Claro";"Simples";"Curva";"Não";3;0;0;1;1;2;1;4;-22,43556;-42,04317;"SPRF-RJ";"DEL08-RJ";"UOP04-DEL08-RJ"
787167;2026-07-06;"segunda-feira";"08:10:00";"SC";470;3,8;"NAVEGANTES";"Desrespeitar a preferência no cruzamento";"Colisão transversal";"Com Vítimas Feridas";"Pleno dia";"Decrescente";"Nublado";"Múltipla";"Em Obras;Desvio Temporário;Rotatória;Viaduto;Retorno Regulamentado";"Sim";2;0;0;1;0;1;1;2;-26,85891791;-48,68972109;"SPRF-SC";"DEL04-SC";"UOP04-DEL04-SC"
787175;2026-07-22;"quarta-feira";"14:25:00";"SP";116;89,5;"PINDAMONHANGABA";"Acessar a via sem observar a presença dos outros veículos";"Colisão traseira";"Com Vítimas Fatais";"Pleno dia";"Crescente";"Céu Claro";"Dupla";"Reta";"Não";3;1;0;0;1;1;0;3;-22,94084;-45,38206;"SPRF-SP";"DEL08-SP";"UOP01-DEL08-SP"
787176;2026-07-22;"quarta-feira";"14:30:00";"PI";343;347;"TERESINA";"Ausência de reação do condutor";"Colisão lateral mesmo sentido";"Com Vítimas Fatais";"Pleno dia";"Crescente";"Céu Claro";"Simples";"Reta";"Sim";3;1;1;0;0;1;1;2;-5,11169705;-42,78831482;"SPRF-PI";"DEL01-PI";"UOP01-DEL01-PI"
787184;2026-07-22;"quarta-feira";"10:40:00";"PR";476;99,3;"BOCAIUVA DO SUL";"Velocidade Incompatível";"Colisão lateral sentido oposto";"Com Vítimas Feridas";"Pleno dia";"Crescente";"Chuva";"Simples";"Curva";"Não";9;0;3;0;5;1;3;5;-25,2421167;-49,12997127;"SPRF-PR";"DEL01-PR";"UOP01-DEL01-PR"
787185;2026-07-22;"quarta-feira";"15:45:00";"MG";40;588;"ITABIRITO";"Velocidade Incompatível";"Colisão lateral sentido oposto";"Com Vítimas Feridas";"Pleno dia";"Crescente";"Céu Claro";"Simples";"Curva;Declive";"Não";4;0;1;0;2;1;1;4;-20,352872;-43,912376;"SPRF-MG";"DEL01-MG";"UOP02-DEL01-MG"
787188;2026-07-22;"quarta-feira";"14:45:00";"RS";386;334,1;"MARQUES DE SOUZA";"Reação tardia ou ineficiente do condutor";"Colisão com objeto";"Com Vítimas Feridas";"Pleno dia";"Crescente";"Chuva";"Dupla";"Curva";"Não";4;0;4;0;0;0;4;1;-29,379078;-52,057057;"SPRF-RS";"DEL04-RS";"UOP01-DEL04-RS"
787189;2026-07-22;"quarta-feira";"14:00:00";"MT";364;387;"SANTO ANTONIO DO LEVERGER";"Mal súbito do condutor";"Saída de leito carroçável";"Com Vítimas Feridas";"Pleno dia";"Decrescente";"Céu Claro";"Dupla";"Reta";"Não";2;0;0;1;0;1;1;2;-15,7011418;-55,87377375;"SPRF-MT";"DEL01-MT";"UOP02-DEL01-MT"
787191;2026-07-22;"quarta-feira";"15:45:00";"MG";153;4,5;"ARAPORA";"Suicídio (presumido)";"Atropelamento de Pedestre";"Com Vítimas Fatais";"Pleno dia";"Crescente";"Céu Claro";"Dupla";"Reta";"Não";3;1;0;0;1;1;0;3;-18,453454;-49,188008;"SPRF-MG";"DEL15-MG";"UOP03-DEL15-MG"
787195;2026-07-22;"quarta-feira";"16:30:00";"BA";116;380;"SANTA BARBARA";"Manobra de mudança de faixa";"Colisão lateral sentido oposto";"Com Vítimas Fatais";"Pleno dia";"Crescente";"Céu Claro";"Simples";"Declive;Em Obras;Reta";"Não";6;1;1;0;3;2;1;6;-11,850548;-38,976054;"SPRF-BA";"DEL02-BA";"UOP01-DEL02-BA"
787198;2026-07-22;"quarta-feira";"15:45:00";"PA";316;56;"CASTANHAL";"Frear bruscamente";"Engavetamento";"Sem Vítimas";"Pleno dia";"Decrescente";"Céu Claro";"Dupla";"Ponte;Curva;Declive";"Sim";11;0;0;0;11;0;0;5;-1,301071;-47,985301;"SPRF-PA";"DEL01-PA";"UOP01-DEL01-PA"
787203;2026-07-22;"quarta-feira";"17:40:00";"SE";235;49;"ITABAIANA";"Desrespeitar a preferência no cruzamento";"Colisão transversal";"Com Vítimas Feridas";"Anoitecer";"Crescente";"Céu Claro";"Simples";"Reta";"Sim";2;0;1;0;1;0;1;2;-10,69771937;-37,43488312;"SPRF-SE";"DEL01-SE";"UOP02-DEL01-SE"
787209;2026-07-22;"quarta-feira";"18:00:00";"PR";369;156;"LONDRINA";"Trafegar com motocicleta (ou similar) entre as faixas";"Colisão traseira";"Com Vítimas Feridas";"Plena Noite";"Decrescente";"Chuva";"Dupla";"Declive;Reta";"Sim";3;0;1;0;1;1;1;3;-23,28927252;-51,22302381;"SPRF-PR";"DEL07-PR";"UOP01-DEL07-PR"
787212;2026-07-22;"quarta-feira";"17:25:00";"MG";50;95,7;"UBERLANDIA";"Ausência de reação do condutor";"Colisão traseira";"Com Vítimas Feridas";"Anoitecer";"Crescente";"Céu Claro";"Dupla";"Reta";"Não";3;0;1;0;1;1;1;3;-19,099616;-48,181561;"SPRF-MG";"DEL15-MG";"UOP01-DEL15-MG"
787217;2026-07-22;"quarta-feira";"14:19:00";"BA";110;170;"RIBEIRA DO POMBAL";"Ingestão de álcool pelo condutor";"Colisão traseira";"Sem Vítimas";"Pleno dia";"Decrescente";"Céu Claro";"Simples";"Rotatória";"Não";2;0;0;0;2;0;0;2;-10,813903;-38,529483;"SPRF-BA";"DEL07-BA";"UOP02-DEL07-BA"
787220;2026-06-12;"sexta-feira";"18:15:00";"AL";423;24;"CANAPI";"Deficiência do Sistema de Iluminação/Sinalização";"Colisão traseira";"Com Vítimas Feridas";"Plena Noite";"Decrescente";"Céu Claro";"Simples";"Reta";"Não";5;0;2;2;1;0;4;3;-9,189298;-37,501898;"SPRF-AL";"DEL03-AL";"UOP02-DEL03-AL"
787229;2026-06-28;"domingo";"12:50:00";"BA";116;643;"JAGUAQUARA";"Condutor deixou de manter distância do veículo da frente";"Colisão traseira";"Com Vítimas Fatais";"Pleno dia";"Crescente";"Céu Claro";"Simples";"Curva";"Não";48;1;1;0;45;1;1;4;-13,606939;-40,089875;"SPRF-BA";"DEL03-BA";"UOP01-DEL03-BA"
787230;2026-07-06;"segunda-feira";"21:00:00";"BA";116;692,9;"JEQUIE";"Pedestre andava na pista";"Atropelamento de Pedestre";"Com Vítimas Fatais";"Plena Noite";"Crescente";"Céu Claro";"Simples";"Reta";"Não";4;1;0;2;0;2;2;5;-14,0114156;-40,1869272;"SPRF-BA";"DEL03-BA";"UOP01-DEL03-BA"
787233;2026-07-22;"quarta-feira";"18:35:00";"BA";116;14,9;"VITORIA DA CONQUISTA";"Manobra de mudança de faixa";"Colisão frontal";"Com Vítimas Feridas";"Plena Noite";"Decrescente";"Garoa/Chuvisco";"Simples";"Reta";"Não";3;0;0;1;1;1;1;3;-14,896784;-40,859607;"SPRF-BA";"DEL08-BA";"UOP01-DEL08-BA"
787238;2026-07-22;"quarta-feira";"17:30:00";"BA";110;342;"ALAGOINHAS";"Conversão proibida";"Colisão frontal";"Com Vítimas Feridas";"Anoitecer";"Crescente";"Garoa/Chuvisco";"Simples";"Curva;Declive";"Não";2;0;1;0;1;0;1;2;-12,19602163;-38,41681411;"SPRF-BA";"DEL01-BA";"UOP04-DEL01-BA"
787245;2026-07-22;"quarta-feira";"16:40:00";"PA";230;140;"MARABA";"Ultrapassagem Indevida";"Colisão traseira";"Sem Vítimas";"Pleno dia";"Crescente";"Céu Claro";"Simples";"Aclive;Reta";"Não";10;0;0;0;10;0;0;3;-5,30797;-49,25551;"SPRF-PA";"DEL03-PA";"UOP01-DEL03-PA"
787247;2026-07-22;"quarta-feira";"18:26:00";"MT";364;350;"SANTO ANTONIO DO LEVERGER";"Reação tardia ou ineficiente do condutor";"Saída de leito carroçável";"Com Vítimas Feridas";"Plena Noite";"Crescente";"Céu Claro";"Dupla";"Curva;Declive";"Não";2;0;1;0;0;1;1;2;-15,793364;-55,585697;"SPRF-MT";"DEL05-MT";"UOP02-DEL05-MT"
787249;2026-07-22;"quarta-feira";"20:30:00";"MG";381;429,7;"SABARA";"Velocidade Incompatível";"Colisão frontal";"Com Vítimas Feridas";"Plena Noite";"Crescente";"Céu Claro";"Simples";"Curva;Declive";"Não";4;0;2;0;1;2;2;4;-19,787186;-43,742055;"SPRF-MG";"DEL01-MG";"UOP01-DEL01-MG"
787251;2026-07-22;"quarta-feira";"18:35:00";"PR";369;187,2;"ARAPONGAS";"Transitar na contramão";"Colisão lateral sentido oposto";"Com Vítimas Feridas";"Plena Noite";"Crescente";"Chuva";"Simples";"Reta";"Sim";3;0;1;0;1;1;1;3;-23,414461;-51,426999;"SPRF-PR";"DEL07-PR";"UOP03-DEL07-PR"
787256;2026-07-22;"quarta-feira";"19:58:00";"RJ";493;19;"MAGE";"Reação tardia ou ineficiente do condutor";"Colisão frontal";"Com Vítimas Feridas";"Plena Noite";"Decrescente";"Céu Claro";"Simples";"Reta";"Sim";3;0;0;1;1;1;1;3;-22,66499925;-43,03050447;"SPRF-RJ";"DEL04-RJ";"UOP02-DEL04-RJ"
787258;2026-07-22;"quarta-feira";"21:10:00";"SP";116;25;"LAVRINHAS";"Manobra de mudança de faixa";"Colisão lateral mesmo sentido";"Sem Vítimas";"Plena Noite";"Crescente";"Céu Claro";"Dupla";"Reta";"Não";2;0;0;0;2;0;0;2;-22,60437332;-44,89367104;"SPRF-SP";"DEL08-SP";"UOP02-DEL08-SP"
787259;2026-07-22;"quarta-feira";"22:00:00";"GO";40;89;"CRISTALINA";"Demais falhas mecânicas ou elétricas";"Saída de leito carroçável";"Sem Vítimas";"Plena Noite";"Crescente";"Céu Claro";"Simples";"Reta";"Não";2;0;0;0;1;1;0;2;-16,76618649;-47,60572314;"SPRF-DF";"DEL01-DF";"UOP02-DEL01-DF"
787270;2026-07-22;"quarta-feira";"22:20:00";"MG";381;397,6;"BOM JESUS DO AMPARO";"Condutor deixou de manter distância do veículo da frente";"Colisão traseira";"Com Vítimas Feridas";"Plena Noite";"Crescente";"Céu Claro";"Dupla";"Reta";"Não";5;0;2;0;3;0;2;2;-19,739651;-43,516832;"SPRF-MG";"DEL01-MG";"UOP01-DEL01-MG"
787271;2026-07-22;"quarta-feira";"19:50:00";"RS";116;389;"CAMAQUA";"Ausência de reação do condutor";"Saída de leito carroçável";"Com Vítimas Feridas";"Plena Noite";"Decrescente";"Chuva";"Dupla";"Reta";"Não";2;0;0;1;0;1;1;2;-30,81864772;-51,70372009;"SPRF-RS";"DEL02-RS";"UOP02-DEL02-RS"
787276;2026-07-22;"quarta-feira";"17:00:00";"PR";277;350;"GUARAPUAVA";"Entrada inopinada do pedestre";"Atropelamento de Pedestre";"Com Vítimas Fatais";"Pleno dia";"Decrescente";"Chuva";"Dupla";"Reta";"Sim";2;1;0;0;1;0;0;2;-25,36593;-51,48812;"SPRF-PR";"DEL08-PR";"UOP01-DEL08-PR"
787279;2026-07-22;"quarta-feira";"22:30:00";"MG";381;490;"BETIM";"Manobra de mudança de faixa";"Colisão com objeto";"Com Vítimas Feridas";"Pleno dia";"Crescente";"Céu Claro";"Múltipla";"Reta";"Não";3;0;1;0;2;0;1;2;-19,95644231;-44,14037633;"SPRF-MG";"DEL01-MG";"UOP03-DEL01-MG"
787280;2026-07-22;"quarta-feira";"23:45:00";"SP";381;55;"MAIRIPORA";"Ingestão de álcool pelo condutor";"Colisão com objeto";"Sem Vítimas";"Plena Noite";"Decrescente";"Céu Claro";"Dupla";"Reta;Declive";"Não";2;0;0;0;2;0;0;2;-23,25581167;-46,59279319;"SPRF-SP";"DEL03-SP";"UOP01-DEL03-SP"
787281;2026-07-23;"quinta-feira";"00:40:00";"SC";101;224,2;"PALHOCA";"Pedestre andava na pista";"Atropelamento de Pedestre";"Com Vítimas Fatais";"Plena Noite";"Decrescente";"Nublado";"Dupla";"Reta";"Não";4;1;0;0;2;2;0;5;-27,726934;-48,64265;"SPRF-SC";"DEL01-SC";"UOP02-DEL01-SC"
787284;2026-07-23;"quinta-feira";"00:20:00";"MG";40;634;"CONSELHEIRO LAFAIETE";"Animais na Pista";"Atropelamento de Animal";"Com Vítimas Feridas";"Plena Noite";"Crescente";"Céu Claro";"Simples";"Aclive;Reta";"Não";2;0;1;0;1;0;1;2;-20,683417;-43,7936469;"SPRF-MG";"DEL05-MG";"UOP02-DEL05-MG"