"id";"data_inversa";"dia_semana";"horario";"uf";"br";"km";"municipio";"causa_acidente";"tipo_acidente";"classificacao_acidente";"fase_dia";"sentido_via";"condicao_metereologica";"tipo_pista";"tracado_via";"uso_solo";"pessoas";"mortos";"feridos_leves";"feridos_graves";"ilesos";"ignorados";"feridos";"veiculos";"latitude";"longitude";"regional";"delegacia";"uop"
787286;2026-07-23;"quinta-feira";"01:35:00";"SP";153;103,3;"JOSE BONIFACIO";"Suicídio (presumido)";"Colisão frontal";"Com Vítimas Fatais";"Plena Noite";"Crescente";"Nublado";"Simples";"Reta";"Não";3;1;0;0;1;1;0;3;-21,032591;-49,647112;"SPRF-SP";"DEL09-SP";"UOP01-DEL09-SP"
787293;2026-07-23;"quinta-feira";"05:40:00";"MG";40;413,3;"CURVELO";"Acessar a via sem observar a presença dos outros veículos";"Colisão transversal";"Com Vítimas Feridas";"Amanhecer";"Decrescente";"Céu Claro";"Simples";"Reta";"Não";3;0;0;1;1;1;1;3;-19,134907;-44,619215;"SPRF-MG";"DEL02-MG";"UOP01-DEL02-MG"
787294;2026-07-23;"quinta-feira";"06:25:00";"GO";153;519;"HIDROLANDIA";"Transitar na contramão";"Colisão frontal";"Com Vítimas Feridas";"Amanhecer";"Decrescente";"Céu Claro";"Dupla";"Aclive;Reta";"Não";3;0;0;1;1;1;1;3;-16,8650114;-49,2499082;"SPRF-GO";"DEL01-GO";"UOP03-DEL01-GO"
787295;2026-07-22;"quarta-feira";"22:00:00";"MG";365;728;"MONTE ALEGRE DE MINAS";"Acesso irregular";"Saída de leito carroçável";"Sem Vítimas";"Plena Noite";"Decrescente";"Céu Claro";"Simples";"Aclive;Reta";"Não";1;0;0;0;0;1;0;1;-18,8875942;-49,22179163;"SPRF-MG";"DEL15-MG";"UOP03-DEL15-MG"
787297;2026-07-23;"quinta-feira";"04:40:00";"MG";262;521,5;"LUZ";"Condutor Dormindo";"Tombamento";"Com Vítimas Feridas";"Plena Noite";"Crescente";"Céu Claro";"Simples";"Reta";"Não";3;0;1;0;0;3;1;4;-19,7809;-45,73148;"SPRF-MG";"DEL08-MG";"UOP03-DEL08-MG"
787304;2026-07-23;"quinta-feira";"06:28:00";"RJ";40;110;"DUQUE DE CAXIAS";"Demais falhas mecânicas ou elétricas";"Incêndio";"Sem Vítimas";"Pleno dia";"Decrescente";"Céu Claro";"Dupla";"Reta";"Não";2;0;0;0;1;1;0;2;-22,6981;-43,2845;"SPRF-RJ";"DEL01-RJ";"UOP02-DEL01-RJ"
787309;2026-07-23;"quinta-feira";"06:15:00";"MG";40;414,5;"CURVELO";"Condutor deixou de manter distância do veículo da frente";"Colisão traseira";"Com Vítimas Feridas";"Amanhecer";"Crescente";"Céu Claro";"Simples";"Reta";"Não";7;0;4;0;2;1;4;3;-19,14276;-44,61085;"SPRF-MG";"DEL02-MG";"UOP01-DEL02-MG"
787311;2026-07-23;"quinta-feira";"07:36:00";"PR";277;729;"FOZ DO IGUACU";"Acessar a via sem observar a presença dos outros veículos";"Colisão lateral mesmo sentido";"Com Vítimas Feridas";"Pleno dia";"Crescente";"Chuva";"Dupla";"Interseção de Vias";"Sim";2;0;1;0;1;0;1;2;-25,51070633;-54,55327106;"SPRF-PR";"DEL05-PR";"UOP03-DEL05-PR"
787316;2026-07-23;"quinta-feira";"05:00:00";"BA";242;214;"ITABERABA";"Demais falhas mecânicas ou elétricas";"Incêndio";"Sem Vítimas";"Pleno dia";"Crescente";"Céu Claro";"Simples";"Reta";"Não";2;0;0;0;1;3;0;4;-12,52172029;-40,16052246;"SPRF-BA";"DEL06-BA";"UOP02-DEL06-BA"
787320;2026-07-23;"quinta-feira";"06:00:00";"MG";153;64;"MONTE ALEGRE DE MINAS";"Ultrapassagem Indevida";"Saída de leito carroçável";"Com Vítimas Feridas";"Pleno dia";"Decrescente";"Céu Claro";"Simples";"Curva;Aclive";"Não";3;0;2;0;1;0;2;1;-18,9274625;-49,0322253;"SPRF-MG";"DEL15-MG";"UOP03-DEL15-MG"
787321;2026-07-23;"quinta-feira";"07:04:00";"MT";70;522,1;"VARZEA GRANDE";"Acessar a via sem observar a presença dos outros veículos";"Colisão transversal";"Com Vítimas Feridas";"Pleno dia";"Decrescente";"Céu Claro";"Simples";"Reta";"Não";3;0;1;0;1;3;1;5;-15,662773;-56,185788;"SPRF-MT";"DEL01-MT";"UOP02-DEL01-MT"
787322;2026-07-23;"quinta-feira";"06:37:00";"MG";365;671;"MONTE ALEGRE DE MINAS";"Ausência de reação do condutor";"Colisão traseira";"Com Vítimas Feridas";"Pleno dia";"Decrescente";"Céu Claro";"Dupla";"Reta";"Não";2;0;1;0;0;1;1;2;-18,88965582;-48,67687989;"SPRF-MG";"DEL15-MG";"UOP01-DEL15-MG"
787324;2026-07-23;"quinta-feira";"07:42:00";"PR";369;461,9;"CORBELIA";"Ultrapassagem Indevida";"Colisão frontal";"Com Vítimas Fatais";"Pleno dia";"Crescente";"Nublado";"Simples";"Reta;Aclive";"Não";4;1;0;0;2;1;0;3;-24,614957;-53,20457;"SPRF-PR";"DEL04-PR";"UOP03-DEL04-PR"
787325;2026-07-23;"quinta-feira";"08:00:00";"RJ";40;70;"PETROPOLIS";"Manobra de mudança de faixa";"Colisão lateral mesmo sentido";"Com Vítimas Feridas";"Pleno dia";"Decrescente";"Céu Claro";"Múltipla";"Curva";"Sim";3;0;2;0;0;1;2;2;-22,4385466;-43,17874454;"SPRF-RJ";"DEL05-RJ";"UOP02-DEL05-RJ"
787328;2026-06-22;"segunda-feira";"04:50:00";"MG";381;613,8;"OLIVEIRA";"Condutor Dormindo";"Tombamento";"Com Vítimas Feridas";"Plena Noite";"Crescente";"Nublado";"Dupla";"Reta";"Não";3;0;2;0;0;1;2;2;-20,711326;-44,758695;"SPRF-MG";"DEL04-MG";"UOP01-DEL04-MG"
787330;2026-07-23;"quinta-feira";"09:45:00";"MG";365;628,5;"UBERLANDIA";"Condutor deixou de manter distância do veículo da frente";"Colisão traseira";"Com Vítimas Feridas";"Pleno dia";"Crescente";"Céu Claro";"Dupla";"Curva";"Sim";2;0;1;0;1;0;1;2;-18,90587;-48,337436;"SPRF-MG";"DEL15-MG";"UOP01-DEL15-MG"
787335;2026-07-23;"quinta-feira";"07:50:00";"RS";116;22;"VACARIA";"Carga excessiva e/ou mal acondicionada";"Colisão com objeto";"Com Vítimas Feridas";"Pleno dia";"Decrescente";"Nublado";"Simples";"Reta;Declive";"Não";3;0;1;0;1;2;1;4;-28,56651;-50,99632;"SPRF-RS";"DEL05-RS";"UOP03-DEL05-RS"
787338;2026-07-23;"quinta-feira";"10:20:00";"ES";101;297,3;"VIANA";"Condutor deixou de manter distância do veículo da frente";"Colisão traseira";"Com Vítimas Feridas";"Pleno dia";"Crescente";"Céu Claro";"Dupla";"Reta";"Sim";4;0;1;0;3;0;1;3;-20,34931743;-40,41238225;"SPRF-ES";"DEL01-ES";"UOP01-DEL01-ES"
787340;2026-07-23;"quinta-feira";"10:00:00";"AL";316;216;"ATALAIA";"Conversão proibida";"Colisão transversal";"Com Vítimas Feridas";"Pleno dia";"Crescente";"Chuva";"Simples";"Reta";"Não";8;0;6;0;2;0;6;2;-9,50215397;-36,21501446;"SPRF-AL";"DEL01-AL";"UOP01-DEL01-AL"
787344;2026-07-23;"quinta-feira";"09:50:00";"PI";343;183;"PIRIPIRI";"Pedestre cruzava a pista fora da faixa";"Atropelamento de Pedestre";"Com Vítimas Feridas";"Pleno dia";"Decrescente";"Céu Claro";"Simples";"Reta";"Sim";3;0;0;1;0;3;1;4;-4,26527457;-41,75669342;"SPRF-PI";"DEL02-PI";"UOP01-DEL02-PI"
787347;2026-07-23;"quinta-feira";"09:30:00";"RO";319;52;"PORTO VELHO";"Acessar a via sem observar a presença dos outros veículos";"Colisão transversal";"Sem Vítimas";"Pleno dia";"Crescente";"Céu Claro";"Simples";"Reta";"Não";3;0;0;0;1;2;0;3;-8,73482;-63,96397;"SPRF-RO";"DEL01-RO";"UOP01-DEL01-RO"
787350;2026-07-23;"quinta-feira";"11:35:00";"PR";369;146,8;"LONDRINA";"Manobra de mudança de faixa";"Tombamento";"Com Vítimas Fatais";"Pleno dia";"Decrescente";"Céu Claro";"Dupla";"Reta;Declive";"Sim";4;1;0;0;1;2;0;3;-23,29321;-51,13164;"SPRF-PR";"DEL07-PR";"UOP01-DEL07-PR"
787351;2026-07-12;"domingo";"18:20:00";"MT";364;134,8;"PEDRA PRETA";"Demais falhas mecânicas ou elétricas";"Incêndio";"Sem Vítimas";"Anoitecer";"Crescente";"Ignorado";"Simples";"Declive";"Não";1;0;0;0;1;0;0;1;-16,79236993;-54,16771336;"SPRF-MT";"DEL02-MT";"UOP01-DEL02-MT"
787353;2026-07-23;"quinta-feira";"12:00:00";"SP";381;83;"SAO PAULO";"Ausência de reação do condutor";"Engavetamento";"Com Vítimas Feridas";"Pleno dia";"Crescente";"Céu Claro";"Simples";"Reta";"Sim";5;0;1;0;3;1;1;4;-23,439111;-46,568518;"SPRF-SP";"DEL03-SP";"UOP01-DEL03-SP"
787355;2026-06-21;"domingo";"18:30:00";"PR";277;666;"MATELANDIA";"Acessar a via sem observar a presença dos outros veículos";"Colisão lateral mesmo sentido";"Sem Vítimas";"Plena Noite";"Crescente";"Céu Claro";"Dupla";"Reta";"Não";3;0;0;0;3;0;0;3;-25,243886;-53,976424;"SPRF-PR";"DEL05-PR";"UOP02-DEL05-PR"
787363;2026-07-23;"quinta-feira";"13:28:00";"SP";116;341;"MIRACATU";"Condutor Dormindo";"Colisão traseira";"Com Vítimas Fatais";"Pleno dia";"Decrescente";"Céu Claro";"Múltipla";"Reta;Aclive";"Não";5;1;0;1;2;3;1;5;-24,0126104;-47,1663392;"SPRF-SP";"DEL04-SP";"UOP03-DEL04-SP"
787364;2026-07-23;"quinta-feira";"11:15:00";"RN";304;46,3;"MOSSORO";"Reação tardia ou ineficiente do condutor";"Colisão traseira";"Com Vítimas Feridas";"Pleno dia";"Decrescente";"Céu Claro";"Dupla";"Reta";"Sim";4;0;1;0;2;1;1;4;-5,225763;-37,338015;"SPRF-RN";"DEL04-RN";"UOP01-DEL04-RN"
787365;2026-07-23;"quinta-feira";"12:30:00";"SP";101;51;"UBATUBA";"Conversão proibida";"Colisão transversal";"Com Vítimas Feridas";"Pleno dia";"Crescente";"Céu Claro";"Simples";"Reta";"Sim";2;0;0;1;1;0;1;2;-23,45165673;-45,07595865;"SPRF-SP";"DEL06-SP";"UOP01-DEL06-SP"
787367;2026-07-23;"quinta-feira";"12:30:00";"PR";153;454;"UNIAO DA VITORIA";"Reação tardia ou ineficiente do condutor";"Colisão lateral sentido oposto";"Com Vítimas Feridas";"Pleno dia";"Decrescente";"Céu Claro";"Simples";"Curva";"Não";4;0;1;0;2;1;1;4;-26,27584012;-51,17765307;"SPRF-PR";"DEL02-PR";"UOP03-DEL02-PR"
787369;2026-07-23;"quinta-feira";"14:00:00";"PB";101;18;"MAMANGUAPE";"Reação tardia ou ineficiente do condutor";"Saída de leito carroçável";"Sem Vítimas";"Pleno dia";"Crescente";"Chuva";"Múltipla";"Reta;Declive";"Não";2;0;0;0;1;1;0;2;-6,6431133;-35,1225417;"SPRF-PB";"DEL01-PB";"UOP03-DEL01-PB"
787371;2026-07-23;"quinta-feira";"14:50:00";"RS";290;721;"URUGUAIANA";"Reação tardia ou ineficiente do condutor";"Colisão com objeto";"Sem Vítimas";"Pleno dia";"Crescente";"Nublado";"Simples";"Reta;Declive;Viaduto";"Não";2;0;0;0;1;1;0;2;-29,76614272;-57,05823165;"SPRF-RS";"DEL13-RS";"UOP01-DEL13-RS"
787373;2026-07-23;"quinta-feira";"15:00:00";"SP";116;339,8;"JUQUITIBA";"Manobra de mudança de faixa";"Colisão lateral mesmo sentido";"Com Vítimas Feridas";"Pleno dia";"Crescente";"Céu Claro";"Dupla";"Reta";"Não";4;0;2;0;1;1;2;3;-24,00268;-47,15393;"SPRF-SP";"DEL04-SP";"UOP03-DEL04-SP"
787376;2026-07-23;"quinta-feira";"14:00:00";"MT";163;937;"ITAUBA";"Ausência de sinalização";"Colisão traseira";"Com Vítimas Feridas";"Pleno dia";"Crescente";"Céu Claro";"Simples";"Reta;Declive";"Não";7;0;2;1;3;4;3;9;-10,99844806;-55,2445364;"SPRF-MT";"DEL06-MT";"UOP02-DEL06-MT"
787377;2026-07-23;"quinta-feira";"15:00:00";"BA";349;924;"CORRENTINA";"Reação tardia ou ineficiente do condutor";"Saída de leito carroçável";"Com Vítimas Feridas";"Pleno dia";"Decrescente";"Céu Claro";"Simples";"Reta";"Não";1;0;1;0;0;0;1;1;-13,38449;-44,59611;"SPRF-BA";"DEL10-BA";"UOP02-DEL10-BA"
787381;2026-07-23;"quinta-feira";"12:00:00";"RO";364;420;"JARU";"Ausência de reação do condutor";"Eventos atípicos";"Com Vítimas Feridas";"Pleno dia";"Crescente";"Céu Claro";"Simples";"Reta;Em Obras";"Não";2;0;1;0;1;0;1;2;-10,39559361;-62,53230408;"SPRF-RO";"DEL03-RO";"UOP02-DEL03-RO"
787383;2026-07-23;"quinta-feira";"14:20:00";"PI";343;213;"CAPITAO DE CAMPOS";"Acessar a via sem observar a presença dos outros veículos";"Colisão transversal";"Com Vítimas Feridas";"Pleno dia";"Decrescente";"Céu Claro";"Dupla";"Reta";"Sim";2;0;0;1;1;0;1;2;-4,45778077;-41,94086462;"SPRF-PI";"DEL02-PI";"UOP01-DEL02-PI"
787385;2026-07-23;"quinta-feira";"14:45:00";"MG";116;131;"ITAOBIM";"Demais falhas mecânicas ou elétricas";"Colisão com objeto";"Com Vítimas Feridas";"Pleno dia";"Decrescente";"Céu Claro";"Simples";"Curva;Declive";"Não";4;0;1;0;2;3;1;6;-16,70469;-41,49881;"SPRF-MG";"DEL11-MG";"UOP02-DEL11-MG"
787388;2026-07-23;"quinta-feira";"16:00:00";"SC";101;204,5;"SAO JOSE";"Reação tardia ou ineficiente do condutor";"Colisão lateral mesmo sentido";"Sem Vítimas";"Pleno dia";"Decrescente";"Céu Claro";"Múltipla";"Interseção de Vias";"Sim";2;0;0;0;2;0;0;2;-27,577177;-48,613198;"SPRF-SC";"DEL01-SC";"UOP01-DEL01-SC"
787394;2026-07-23;"quinta-feira";"15:00:00";"PR";163;139;"CAPITAO LEONIDAS MARQUES";"Transitar na contramão";"Colisão transversal";"Com Vítimas Feridas";"Pleno dia";"Crescente";"Céu Claro";"Simples";"Reta";"Não";3;0;0;1;1;1;1;3;-25,4850192;-53,593177;"SPRF-PR";"DEL05-PR";"UOP05-DEL05-PR"
787420;2026-07-23;"quinta-feira";"18:40:00";"PB";101;50;"RIO TINTO";"Reação tardia ou ineficiente do condutor";"Saída de leito carroçável";"Sem Vítimas";"Pleno dia";"Decrescente";"Chuva";"Dupla";"Curva;Aclive";"Não";1;0;0;0;1;0;0;1;-6,933928;-35,101565;"SPRF-PB";"DEL01-PB";"UOP03-DEL01-PB"
787426;2026-07-23;"quinta-feira";"17:50:00";"SC";101;157;"PORTO BELO";"Condutor deixou de manter distância do veículo da frente";"Colisão traseira";"Sem Vítimas";"Plena Noite";"Crescente";"Céu Claro";"Dupla";"Reta";"Não";2;0;0;0;2;0;0;2;-27,177791;-48,611979;"SPRF-SC";"DEL04-SC";"UOP03-DEL04-SC"
787427;2026-07-23;"quinta-feira";"18:50:00";"RS";293;160;"HULHA NEGRA";"Ultrapassagem Indevida";"Colisão frontal";"Com Vítimas Feridas";"Plena Noite";"Crescente";"Céu Claro";"Simples";"Reta";"Sim";6;0;0;5;1;0;5;3;-31,39053;-53,8795;"SPRF-RS";"DEL11-RS";"UOP03-DEL11-RS"
787434;2026-07-23;"quinta-feira";"18:20:00";"PR";376;170,2;"MARINGA";"Condutor deixou de manter distância do veículo da frente";"Colisão traseira";"Com Vítimas Feridas";"Plena Noite";"Crescente";"Chuva";"Dupla";"Declive";"Não";15;0;3;0;1;12;3;4;-23,40566587;-51,99357942;"SPRF-PR";"DEL09-PR";"UOP01-DEL09-PR"
787437;2026-07-23;"quinta-feira";"18:50:00";"PB";101;105,6;"ALHANDRA";"Ausência de reação do condutor";"Colisão lateral mesmo sentido";"Com Vítimas Feridas";"Plena Noite";"Crescente";"Chuva";"Dupla";"Reta";"Não";7;0;4;0;2;1;4;3;-7,31226513;-34,94584068;"SPRF-PB";"DEL01-PB";"UOP01-DEL01-PB"
787439;2026-07-23;"quinta-feira";"19:00:00";"RJ";116;189;"NOVA IGUACU";"Pedestre cruzava a pista fora da faixa";"Atropelamento de Pedestre";"Com Vítimas Fatais";"Plena Noite";"Decrescente";"Céu Claro";"Dupla";"Reta;Em Obras";"Sim";5;1;0;0;3;1;0;3;-22,73854903;-43,49433368;"SPRF-RJ";"DEL06-RJ";"UOP01-DEL06-RJ"
787440;2026-07-23;"quinta-feira";"13:31:00";"RJ";40;105;"DUQUE DE CAXIAS";"Manobra de mudança de faixa";"Colisão lateral mesmo sentido";"Sem Vítimas";"Pleno dia";"Decrescente";"Céu Claro";"Dupla";"Reta";"Sim";7;0;0;0;7;0;0;2;-22,64367004;-43,28360081;"SPRF-RJ";"DEL01-RJ";"UOP02-DEL01-RJ"
787452;2026-06-04;"quinta-feira";"08:22:00";"RN";406;141;"CEARA-MIRIM";"Transitar na contramão";"Colisão lateral sentido oposto";"Com Vítimas Fatais";"Pleno dia";"Crescente";"Céu Claro";"Simples";"Reta";"Não";5;1;1;1;1;1;2;4;-5,649872;-35,50875;"SPRF-RN";"DEL02-RN";"UOP01-DEL02-RN"
787453;2026-07-23;"quinta-feira";"16:30:00";"SC";470;7;"NAVEGANTES";"Acessar a via sem observar a presença dos outros veículos";"Colisão traseira";"Com Vítimas Feridas";"Pleno dia";"Crescente";"Céu Claro";"Múltipla";"Curva;Interseção de Vias";"Sim";3;0;1;0;1;1;1;3;-26,8436067;-48,71510788;"SPRF-SC";"DEL04-SC";"UOP04-DEL04-SC"
787454;2026-07-23;"quinta-feira";"19:30:00";"BA";101;208;"GOVERNADOR MANGABEIRA";"Ingestão de álcool pelo condutor";"Colisão transversal";"Sem Vítimas";"Plena Noite";"Decrescente";"Céu Claro";"Simples";"Reta";"Sim";3;0;0;0;3;0;0;2;-12,59919261;-39,04516339;"SPRF-BA";"DEL11-BA";"UOP01-DEL11-BA"
787457;2026-07-23;"quinta-feira";"18:00:00";"RJ";101;584;"PARATY";"Reação tardia ou ineficiente do condutor";"Colisão lateral sentido oposto";"Com Vítimas Feridas";"Plena Noite";"Decrescente";"Chuva";"Simples";"Curva;Declive";"Não";2;0;1;0;1;0;1;2;-23,27756514;-44,68963623;"SPRF-RJ";"DEL03-RJ";"UOP04-DEL03-RJ"
787462;2026-07-23;"quinta-feira";"20:10:00";"SP";153;27,9;"NOVA GRANADA";"Ultrapassagem Indevida";"Saída de leito carroçável";"Com Vítimas Feridas";"Plena Noite";"Crescente";"Céu Claro";"Simples";"Reta";"Não";3;0;1;0;1;1;1;2;-20,52221;-49,327355;"SPRF-SP";"DEL09-SP";"UOP01-DEL09-SP"
787464;2026-07-19;"domingo";"10:00:00";"RJ";116;256,6;"PIRAI";"Reação tardia ou ineficiente do condutor";"Colisão traseira";"Com Vítimas Fatais";"Pleno dia";"Decrescente";"Céu Claro";"Dupla";"Reta";"Sim";3;1;0;0;1;1;0;3;-22,586059;-44,010657;"SPRF-RJ";"DEL07-RJ";"UOP01-DEL07-RJ"
787466;2026-07-23;"quinta-feira";"20:00:00";"SC";101;334,6;"TUBARAO";"Ausência de reação do condutor";"Colisão lateral mesmo sentido";"Com Vítimas Feridas";"Plena Noite";"Crescente";"Céu Claro";"Múltipla";"Interseção de Vias;Reta";"Não";2;0;0;1;1;0;1;2;-28,47260441;-49,02406454;"SPRF-SC";"DEL02-SC";"UOP01-DEL02-SC"
787467;2026-07-23;"quinta-feira";"21:00:00";"DF";60;20;"BRASILIA";"Ausência de reação do condutor";"Tombamento";"Com Vítimas Feridas";"Plena Noite";"Crescente";"Céu Claro";"Dupla";"Reta";"Sim";2;0;0;1;1;0;1;1;-15,978009;-48,202813;"SPRF-DF";"DEL03-DF";"UOP01-DEL03-DF"
787470;2026-07-23;"quinta-feira";"21:00:00";"BA";101;688,9;"EUNAPOLIS";"Ausência de reação do condutor";"Colisão traseira";"Com Vítimas Feridas";"Plena Noite";"Crescente";"Céu Claro";"Simples";"Aclive;Reta";"Não";5;0;3;0;2;0;3;2;-16,158465;-39,596472;"SPRF-BA";"DEL09-BA";"UOP03-DEL09-BA"
787473;2026-07-23;"quinta-feira";"18:30:00";"MT";163;841;"SINOP";"Acessar a via sem observar a presença dos outros veículos";"Colisão traseira";"Com Vítimas Feridas";"Pleno dia";"Crescente";"Sol";"Simples";"Declive;Reta";"Sim";3;0;1;0;1;3;1;5;-11,8089;-55,4816;"SPRF-MT";"DEL06-MT";"UOP02-DEL06-MT"
787474;2026-07-23;"quinta-feira";"20:00:00";"MA";222;392,4;"SANTA INES";"Pista esburacada";"Colisão frontal";"Sem Vítimas";"Plena Noite";"Decrescente";"Céu Claro";"Simples";"Curva";"Não";3;0;0;0;0;3;0;2;-3,876918;-45,560941;"SPRF-MA";"DEL02-MA";"UOP01-DEL02-MA"
787475;2026-07-23;"quinta-feira";"19:40:00";"MT";364;504;"JANGADA";"Reação tardia ou ineficiente do condutor";"Saída de leito carroçável";"Com Vítimas Feridas";"Plena Noite";"Crescente";"Céu Claro";"Simples";"Reta";"Não";4;0;0;1;2;2;1;3;-15,155702;-56,523512;"SPRF-MT";"DEL01-MT";"UOP01-DEL01-MT"
787480;2026-07-23;"quinta-feira";"22:34:00";"SP";101;15;"UBATUBA";"Demais falhas mecânicas ou elétricas";"Incêndio";"Sem Vítimas";"Plena Noite";"Crescente";"Céu Claro";"Simples";"Reta";"Não";1;0;0;0;1;0;0;1;-23,333109;-44,881588;"SPRF-SP";"DEL06-SP";"UOP01-DEL06-SP"
787482;2026-07-19;"domingo";"07:40:00";"SC";101;330;"TUBARAO";"Reação tardia ou ineficiente do condutor";"Colisão traseira";"Com Vítimas Feridas";"Pleno dia";"Decrescente";"Céu Claro";"Múltipla";"Reta";"Não";2;0;1;0;1;0;1;2;-28,46005598;-48,9890027;"SPRF-SC";"DEL02-SC";"UOP01-DEL02-SC"
787483;2026-07-23;"quinta-feira";"22:10:00";"SC";280;88,5;"CORUPA";"Problema com o freio";"Tombamento";"Com Vítimas Feridas";"Plena Noite";"Decrescente";"Céu Claro";"Simples";"Curva;Declive";"Não";2;0;1;0;0;1;1;2;-26,40714;-49,28359;"SPRF-SC";"DEL06-SC";"UOP03-DEL06-SC"
787485;2026-07-23;"quinta-feira";"22:40:00";"BA";116;797,1;"VITORIA DA CONQUISTA";"Demais falhas mecânicas ou elétricas";"Saída de leito carroçável";"Com Vítimas Feridas";"Plena Noite";"Decrescente";"Céu Claro";"Simples";"Reta";"Não";2;0;0;1;0;1;1;2;-14,733438;-40,645818;"SPRF-BA";"DEL08-BA";"UOP02-DEL08-BA"
787491;2026-07-24;"sexta-feira";"00:35:00";"MG";365;683;"MONTE ALEGRE DE MINAS";"Demais falhas mecânicas ou elétricas";"Incêndio";"Sem Vítimas";"Plena Noite";"Crescente";"Céu Claro";"Dupla";"Reta";"Não";2;0;0;0;1;1;0;2;-18,851533;-48,849743;"SPRF-MG";"DEL15-MG";"UOP01-DEL15-MG"
787494;2026-07-24;"sexta-feira";"01:30:00";"GO";452;187;"ITUMBIARA";"Reação tardia ou ineficiente do condutor";"Colisão traseira";"Com Vítimas Feridas";"Plena Noite";"Crescente";"Céu Claro";"Simples";"Reta";"Não";3;0;1;0;1;4;1;6;-18,38695;-49,28335;"SPRF-GO";"DEL03-GO";"UOP02-DEL03-GO"
787497;2026-07-24;"sexta-feira";"01:13:00";"MT";364;5;"ALTO ARAGUAIA";"Manobra de mudança de faixa";"Colisão frontal";"Com Vítimas Fatais";"Plena Noite";"Crescente";"Céu Claro";"Simples";"Reta";"Não";3;1;0;0;1;1;0;3;-17,28858693;-53,2453783;"SPRF-MT";"DEL02-MT";"UOP02-DEL02-MT"
787500;2026-07-23;"quinta-feira";"09:09:00";"MT";364;150;"PEDRA PRETA";"Ausência de reação do condutor";"Colisão traseira";"Com Vítimas Feridas";"Pleno dia";"Decrescente";"Céu Claro";"Simples";"Reta";"Não";3;0;0;1;1;3;1;5;-16,742438;-54,26869;"SPRF-MT";"DEL02-MT";"UOP01-DEL02-MT"
787506;2026-07-24;"sexta-feira";"05:15:00";"ES";101;361,7;"ANCHIETA";"Acesso irregular";"Colisão frontal";"Com Vítimas Feridas";"Amanhecer";"Decrescente";"Nublado";"Simples";"Reta";"Não";2;0;0;1;1;0;1;2;-20,7146261;-40,7273918;"SPRF-ES";"DEL03-ES";"UOP01-DEL03-ES"
787508;2026-07-24;"sexta-feira";"04:40:00";"CE";116;46;"PACAJUS";"Ultrapassagem Indevida";"Colisão com objeto";"Com Vítimas Fatais";"Amanhecer";"Decrescente";"Nublado";"Múltipla";"Reta";"Sim";2;1;0;0;0;1;0;2;-4,144691;-38,477628;"SPRF-CE";"DEL01-CE";"UOP02-DEL01-CE"
787509;2026-07-24;"sexta-feira";"05:05:00";"SP";116;71;"APARECIDA";"Acesso irregular";"Colisão frontal";"Com Vítimas Feridas";"Plena Noite";"Crescente";"Garoa/Chuvisco";"Dupla";"Reta";"Não";3;0;2;1;0;0;3;2;-22,8596122;-45,234188;"SPRF-SP";"DEL08-SP";"UOP01-DEL08-SP"
787518;2026-07-24;"sexta-feira";"05:30:00";"SC";282;329;"CAMPOS NOVOS";"Ultrapassagem Indevida";"Colisão frontal";"Com Vítimas Feridas";"Plena Noite";"Decrescente";"Garoa/Chuvisco";"Simples";"Declive;Reta";"Não";7;0;2;3;1;1;5;4;-27,3777124;-51,09339952;"SPRF-SC";"DEL07-SC";"UOP06-DEL07-SC"
787519;2026-07-24;"sexta-feira";"04:30:00";"RJ";116;27;"SAPUCAIA";"Condutor Dormindo";"Colisão com objeto";"Com Vítimas Feridas";"Amanhecer";"Crescente";"Céu Claro";"Simples";"Curva";"Não";2;0;1;0;1;0;1;1;-22,05084;-42,78853;"SPRF-RJ";"DEL05-RJ";"UOP01-DEL05-RJ"
787521;2026-07-24;"sexta-feira";"06:25:00";"RJ";116;171;"RIO DE JANEIRO";"Manobra de mudança de faixa";"Colisão com objeto";"Com Vítimas Feridas";"Pleno dia";"Crescente";"Garoa/Chuvisco";"Dupla";"Em Obras;Reta";"Sim";3;0;1;0;1;1;1;3;-22,80482375;-43,34525424;"SPRF-RJ";"DEL06-RJ";"UOP01-DEL06-RJ"
787523;2026-07-24;"sexta-feira";"05:10:00";"MG";365;431;"PATOS DE MINAS";"Acessar a via sem observar a presença dos outros veículos";"Colisão transversal";"Com Vítimas Feridas";"Plena Noite";"Decrescente";"Céu Claro";"Simples";"Reta";"Não";2;0;0;2;0;0;2;2;-18,75905;-46,66373;"SPRF-MG";"DEL10-MG";"UOP01-DEL10-MG"
787527;2026-07-24;"sexta-feira";"07:15:00";"SP";116;391;"MIRACATU";"Demais falhas mecânicas ou elétricas";"Incêndio";"Sem Vítimas";"Amanhecer";"Decrescente";"Garoa/Chuvisco";"Dupla";"Reta";"Não";2;0;0;0;1;1;0;2;-24,28013;-47,428643;"SPRF-SP";"DEL04-SP";"UOP02-DEL04-SP"
787528;2026-07-24;"sexta-feira";"06:30:00";"RS";116;464;"SAO LOURENCO DO SUL";"Reação tardia ou ineficiente do condutor";"Colisão transversal";"Com Vítimas Feridas";"Amanhecer";"Decrescente";"Céu Claro";"Dupla";"Reta";"Não";6;0;2;0;3;1;2;3;-31,315526;-52,023602;"SPRF-RS";"DEL02-RS";"UOP02-DEL02-RS"