"id";"data_inversa";"dia_semana";"horario";"uf";"br";"km";"municipio";"causa_acidente";"tipo_acidente";"classificacao_acidente";"fase_dia";"sentido_via";"condicao_metereologica";"tipo_pista";"tracado_via";"uso_solo";"pessoas";"mortos";"feridos_leves";"feridos_graves";"ilesos";"ignorados";"feridos";"veiculos";"latitude";"longitude";"regional";"delegacia";"uop"
787530;2026-07-24;"sexta-feira";"06:02:00";"MG";116;495,3;"INHAPIM";"Ultrapassagem Indevida";"Colisão frontal";"Com Vítimas Fatais";"Amanhecer";"Crescente";"Céu Claro";"Simples";"Curva";"Não";5;1;1;0;2;1;1;4;-19,5240638;-42,1265682;"SPRF-MG";"DEL06-MG";"UOP02-DEL06-MG"
787531;2026-07-24;"sexta-feira";"06:35:00";"MG";116;89;"MEDINA";"Demais falhas mecânicas ou elétricas";"Incêndio";"Sem Vítimas";"Pleno dia";"Decrescente";"Céu Claro";"Simples";"Aclive";"Não";2;0;0;0;1;1;0;2;-16,34058204;-41,47552255;"SPRF-MG";"DEL11-MG";"UOP02-DEL11-MG"
787532;2026-07-24;"sexta-feira";"05:20:00";"BA";101;229;"SAPEACU";"Reação tardia ou ineficiente do condutor";"Saída de leito carroçável";"Com Vítimas Feridas";"Amanhecer";"Decrescente";"Nublado";"Simples";"Reta";"Não";1;0;1;0;0;0;1;1;-12,71987;-39,18114;"SPRF-BA";"DEL11-BA";"UOP01-DEL11-BA"
787543;2026-07-24;"sexta-feira";"09:50:00";"PR";369;165;"CAMBE";"Reação tardia ou ineficiente do condutor";"Colisão traseira";"Com Vítimas Feridas";"Pleno dia";"Crescente";"Chuva";"Dupla";"Reta;Aclive";"Não";8;0;0;1;6;2;1;6;-23,29513;-51,297617;"SPRF-PR";"DEL07-PR";"UOP01-DEL07-PR"
787547;2026-07-24;"sexta-feira";"08:20:00";"MT";364;236;"RONDONOPOLIS";"Acessar a via sem observar a presença dos outros veículos";"Queda de ocupante de veículo";"Com Vítimas Feridas";"Pleno dia";"Crescente";"Céu Claro";"Dupla";"Reta";"Não";3;0;0;1;1;2;1;4;-16,206;-54,7806;"SPRF-MT";"DEL02-MT";"UOP01-DEL02-MT"
787549;2026-07-24;"sexta-feira";"08:40:00";"MG";381;761;"CAMPANHA";"Chuva";"Engavetamento";"Com Vítimas Feridas";"Pleno dia";"Crescente";"Chuva";"Dupla";"Curva";"Não";10;0;1;0;8;1;1;6;-21,70030812;-45,36730237;"SPRF-MG";"DEL16-MG";"UOP02-DEL16-MG"
787550;2026-07-24;"sexta-feira";"10:30:00";"SC";282;622;"IRACEMINHA";"Velocidade Incompatível";"Tombamento";"Com Vítimas Feridas";"Pleno dia";"Decrescente";"Céu Claro";"Simples";"Curva";"Não";2;0;0;1;1;0;1;2;-26,799493;-53,330418;"SPRF-SC";"DEL07-SC";"UOP02-DEL07-SC"
787552;2026-07-24;"sexta-feira";"07:35:00";"SC";163;72,2;"SAO MIGUEL DO OESTE";"Ausência de reação do condutor";"Colisão traseira";"Sem Vítimas";"Pleno dia";"Crescente";"Nevoeiro/Neblina";"Dupla";"Reta;Aclive";"Sim";3;0;0;0;2;1;0;3;-26,71927876;-53,51564884;"SPRF-SC";"DEL07-SC";"UOP03-DEL07-SC"
787553;2026-07-07;"terça-feira";"11:17:00";"SC";280;27,8;"ARAQUARI";"Transitar na contramão";"Colisão frontal";"Com Vítimas Feridas";"Pleno dia";"Crescente";"Céu Claro";"Simples";"Reta";"Sim";3;0;0;1;1;2;1;4;-26,4028637;-48,7444067;"SPRF-SC";"DEL03-SC";"UOP03-DEL03-SC"
787554;2026-07-24;"sexta-feira";"10:45:00";"PE";101;154,6;"RIBEIRAO";"Reação tardia ou ineficiente do condutor";"Colisão traseira";"Com Vítimas Feridas";"Pleno dia";"Crescente";"Sol";"Simples";"Reta";"Não";4;0;1;1;1;1;2;3;-8,53468;-35,3915;"SPRF-PE";"DEL01-PE";"UOP03-DEL01-PE"
787555;2026-03-06;"sexta-feira";"22:25:00";"RJ";40;1,2;"COMENDADOR LEVY GASPARIAN";"Reação tardia ou ineficiente do condutor";"Tombamento";"Com Vítimas Feridas";"Plena Noite";"Decrescente";"Céu Claro";"Dupla";"Curva";"Não";4;0;1;0;2;1;1;4;-22,0094241;-43,26078979;"SPRF-RJ";"DEL05-RJ";"UOP02-DEL05-RJ"
787559;2026-07-24;"sexta-feira";"11:20:00";"SP";116;127;"CACAPAVA";"Manobra de mudança de faixa";"Colisão lateral mesmo sentido";"Com Vítimas Feridas";"Pleno dia";"Crescente";"Nublado";"Dupla";"Reta";"Sim";3;0;1;0;1;2;1;4;-23,10936425;-45,70182983;"SPRF-SP";"DEL02-SP";"UOP02-DEL02-SP"
787568;2026-07-24;"sexta-feira";"06:50:00";"RJ";116;103,5;"GUAPIMIRIM";"Ultrapassagem Indevida";"Tombamento";"Sem Vítimas";"Pleno dia";"Crescente";"Nevoeiro/Neblina";"Simples";"Declive;Curva;Retorno Regulamentado";"Não";5;0;0;0;1;4;0;3;-22,50278861;-43,00110904;"SPRF-RJ";"DEL04-RJ";"UOP01-DEL04-RJ"
787569;2026-07-24;"sexta-feira";"12:40:00";"SE";235;43,8;"ITABAIANA";"Acessar a via sem observar a presença dos outros veículos";"Colisão transversal";"Com Vítimas Feridas";"Pleno dia";"Crescente";"Céu Claro";"Simples";"Reta;Declive;Retorno Regulamentado";"Não";2;0;0;1;1;0;1;2;-10,75850532;-37,39259259;"SPRF-SE";"DEL01-SE";"UOP02-DEL01-SE"
787572;2026-07-24;"sexta-feira";"12:35:00";"MG";50;170;"UBERABA";"Condutor deixou de manter distância do veículo da frente";"Colisão traseira";"Com Vítimas Feridas";"Pleno dia";"Crescente";"Céu Claro";"Dupla";"Reta";"Sim";3;0;1;0;1;1;1;3;-19,735031;-47,983344;"SPRF-MG";"DEL13-MG";"UOP01-DEL13-MG"
787574;2026-07-24;"sexta-feira";"12:30:00";"MS";163;499,1;"CAMPO GRANDE";"Reação tardia ou ineficiente do condutor";"Colisão traseira";"Com Vítimas Feridas";"Pleno dia";"Decrescente";"Céu Claro";"Simples";"Reta";"Sim";5;0;1;0;3;5;1;7;-20,33012;-54,51858;"SPRF-MS";"DEL01-MS";"UOP02-DEL01-MS"
787581;2026-07-24;"sexta-feira";"08:10:00";"MG";381;942;"EXTREMA";"Ausência de reação do condutor";"Colisão com objeto";"Com Vítimas Feridas";"Pleno dia";"Decrescente";"Chuva";"Dupla";"Reta";"Não";2;0;0;1;0;1;1;2;-22,82887721;-46,31445408;"SPRF-MG";"DEL16-MG";"UOP03-DEL16-MG"
787593;2026-06-07;"domingo";"01:37:00";"SP";116;485;"CAJATI";"Reação tardia ou ineficiente do condutor";"Colisão traseira";"Com Vítimas Fatais";"Plena Noite";"Decrescente";"Céu Claro";"Múltipla";"Reta";"Não";3;1;0;0;1;1;0;3;-24,72186187;-48,08063197;"SPRF-SP";"DEL05-SP";"UOP01-DEL05-SP"
787596;2026-07-24;"sexta-feira";"14:40:00";"GO";364;112;"CACHOEIRA ALTA";"Mal súbito do condutor";"Saída de leito carroçável";"Com Vítimas Feridas";"Pleno dia";"Decrescente";"Céu Claro";"Simples";"Reta";"Não";1;0;1;0;0;0;1;1;-18,309102;-51,143177;"SPRF-GO";"DEL05-GO";"UOP02-DEL05-GO"
787597;2026-07-24;"sexta-feira";"15:50:00";"DF";70;2;"BRASILIA";"Reação tardia ou ineficiente do condutor";"Capotamento";"Sem Vítimas";"Pleno dia";"Decrescente";"Céu Claro";"Dupla";"Reta";"Sim";1;0;0;0;1;0;0;1;-15,800687;-48,077055;"SPRF-DF";"DEL03-DF";"UOP02-DEL03-DF"
787604;2026-07-24;"sexta-feira";"16:00:00";"GO";153;698;"ITUMBIARA";"Ultrapassagem Indevida";"Colisão frontal";"Com Vítimas Feridas";"Pleno dia";"Decrescente";"Céu Claro";"Simples";"Reta";"Sim";4;0;0;1;2;1;1;4;-18,373728;-49,211922;"SPRF-GO";"DEL03-GO";"UOP02-DEL03-GO"
787607;2026-07-24;"sexta-feira";"15:15:00";"SP";153;5,9;"ICEM";"Reação tardia ou ineficiente do condutor";"Colisão traseira";"Com Vítimas Feridas";"Pleno dia";"Crescente";"Garoa/Chuvisco";"Simples";"Reta;Em Obras";"Não";3;0;0;1;2;0;1;2;-20,3573216;-49,2172054;"SPRF-SP";"DEL09-SP";"UOP01-DEL09-SP"
787609;2026-07-24;"sexta-feira";"02:30:00";"BA";420;346,8;"JAGUAQUARA";"Velocidade Incompatível";"Tombamento";"Com Vítimas Feridas";"Plena Noite";"Crescente";"Céu Claro";"Simples";"Curva";"Não";2;0;0;1;0;1;1;2;-13,5215;-39,98107;"SPRF-BA";"DEL03-BA";"UOP01-DEL03-BA"
787612;2026-07-24;"sexta-feira";"16:20:00";"RJ";393;278,5;"BARRA DO PIRAI";"Condutor deixou de manter distância do veículo da frente";"Colisão traseira";"Com Vítimas Feridas";"Pleno dia";"Crescente";"Chuva";"Simples";"Reta";"Não";3;0;1;0;1;1;1;3;-22,4801161;-44,03363764;"SPRF-RJ";"DEL05-RJ";"UOP04-DEL05-RJ"
787613;2026-07-24;"sexta-feira";"16:40:00";"SP";116;74,4;"APARECIDA";"Trafegar com motocicleta (ou similar) entre as faixas";"Tombamento";"Com Vítimas Fatais";"Pleno dia";"Crescente";"Chuva";"Dupla";"Reta";"Não";3;1;0;0;1;1;0;3;-22,87405093;-45,25609531;"SPRF-SP";"DEL08-SP";"UOP01-DEL08-SP"
787631;2026-07-24;"sexta-feira";"18:20:00";"MG";381;431;"SABARA";"Ausência de reação do condutor";"Colisão transversal";"Com Vítimas Feridas";"Anoitecer";"Decrescente";"Céu Claro";"Simples";"Reta";"Sim";4;0;0;1;1;3;1;5;-19,795704;-43,747729;"SPRF-MG";"DEL01-MG";"UOP01-DEL01-MG"
787636;2026-07-24;"sexta-feira";"17:30:00";"PI";135;318,3;"CRISTINO CASTRO";"Condutor deixou de manter distância do veículo da frente";"Colisão traseira";"Com Vítimas Feridas";"Anoitecer";"Decrescente";"Céu Claro";"Simples";"Reta";"Não";6;0;1;0;3;2;1;4;-8,82917213;-44,22752079;"SPRF-PI";"DEL03-PI";"UOP02-DEL03-PI"
787637;2026-07-24;"sexta-feira";"18:20:00";"RN";304;277;"MACAIBA";"Avarias e/ou desgaste excessivo no pneu";"Colisão lateral sentido oposto";"Com Vítimas Feridas";"Plena Noite";"Crescente";"Nublado";"Simples";"Aclive;Reta";"Não";5;0;2;0;2;1;2;3;-5,884468;-35,515071;"SPRF-RN";"DEL01-RN";"UOP02-DEL01-RN"
787639;2026-07-24;"sexta-feira";"18:40:00";"SP";116;287;"ITAPECERICA DA SERRA";"Manobra de mudança de faixa";"Colisão lateral mesmo sentido";"Sem Vítimas";"Plena Noite";"Crescente";"Céu Claro";"Dupla";"Reta";"Não";3;0;0;0;2;1;0;3;-23,70073664;-46,86924982;"SPRF-SP";"DEL04-SP";"UOP01-DEL04-SP"
787644;2026-07-24;"sexta-feira";"17:20:00";"MT";364;436,2;"VARZEA GRANDE";"Transitar no Acostamento";"Colisão transversal";"Com Vítimas Feridas";"Anoitecer";"Decrescente";"Céu Claro";"Dupla";"Reta";"Sim";2;0;1;0;1;0;1;2;-15,63971273;-56,20262146;"SPRF-MT";"DEL01-MT";"UOP02-DEL01-MT"
787650;2026-07-24;"sexta-feira";"10:00:00";"MA";230;71,3;"SUCUPIRA DO RIACHAO";"Reação tardia ou ineficiente do condutor";"Saída de leito carroçável";"Com Vítimas Feridas";"Pleno dia";"Crescente";"Céu Claro";"Simples";"Reta";"Não";2;0;1;0;1;0;1;1;-6,517015;-43,548733;"SPRF-PI";"DEL03-PI";"UOP01-DEL03-PI"
787677;2026-07-24;"sexta-feira";"17:40:00";"MT";158;754;"BARRA DO GARCAS";"Acessar a via sem observar a presença dos outros veículos";"Colisão transversal";"Com Vítimas Feridas";"Anoitecer";"Crescente";"Céu Claro";"Simples";"Reta";"Não";6;0;4;0;1;2;4;4;-15,5296383;-52,204285;"SPRF-MT";"DEL07-MT";"UOP01-DEL07-MT"
787678;2026-07-24;"sexta-feira";"16:20:00";"MT";174;299;"PONTES E LACERDA";"Acessar a via sem observar a presença dos outros veículos";"Colisão frontal";"Com Vítimas Fatais";"Pleno dia";"Decrescente";"Céu Claro";"Simples";"Reta";"Não";5;1;0;1;2;2;1;5;-15,28422134;-59,284603;"SPRF-MT";"DEL04-MT";"UOP01-DEL04-MT"
787679;2026-07-24;"sexta-feira";"18:50:00";"PR";476;204;"LAPA";"Ausência de reação do condutor";"Colisão lateral sentido oposto";"Com Vítimas Fatais";"Plena Noite";"Crescente";"Garoa/Chuvisco";"Simples";"Reta";"Não";3;1;0;0;0;2;0;3;-25,77893;-49,79956;"SPRF-PR";"DEL01-PR";"UOP06-DEL01-PR"
787696;2026-07-24;"sexta-feira";"18:00:00";"MG";50;72;"UBERLANDIA";"Condutor deixou de manter distância do veículo da frente";"Engavetamento";"Com Vítimas Feridas";"Anoitecer";"Decrescente";"Céu Claro";"Dupla";"Declive";"Não";7;0;4;0;0;3;4;4;-18,89394822;-48,25057833;"SPRF-MG";"DEL15-MG";"UOP01-DEL15-MG"
787699;2026-07-24;"sexta-feira";"17:10:00";"RJ";40;78;"PETROPOLIS";"Pista Escorregadia";"Colisão com objeto";"Com Vítimas Feridas";"Anoitecer";"Crescente";"Nevoeiro/Neblina";"Dupla";"Curva;Declive";"Não";1;0;1;0;0;0;1;1;-22,471959;-43,23775146;"SPRF-RJ";"DEL01-RJ";"UOP01-DEL01-RJ"
787700;2026-07-24;"sexta-feira";"21:20:00";"PR";116;140;"MANDIRITUBA";"Ausência de reação do condutor";"Colisão traseira";"Com Vítimas Feridas";"Plena Noite";"Crescente";"Chuva";"Dupla";"Reta";"Não";6;0;2;0;3;1;2;4;-25,764257;-49,321133;"SPRF-PR";"DEL01-PR";"UOP03-DEL01-PR"
787707;2026-07-24;"sexta-feira";"19:45:00";"BA";101;203;"MURITIBA";"Ausência de reação do condutor";"Colisão traseira";"Com Vítimas Feridas";"Plena Noite";"Crescente";"Céu Claro";"Dupla";"Curva;Aclive";"Não";2;0;1;0;1;0;1;2;-12,60009;-39,000136;"SPRF-BA";"DEL11-BA";"UOP01-DEL11-BA"
787709;2026-07-24;"sexta-feira";"21:30:00";"RJ";116;180;"NOVA IGUACU";"Manobra de mudança de faixa";"Colisão traseira";"Com Vítimas Feridas";"Plena Noite";"Crescente";"Chuva";"Múltipla";"Em Obras;Reta";"Sim";6;0;3;0;3;0;3;5;-22,76599659;-43,41409413;"SPRF-RJ";"DEL06-RJ";"UOP01-DEL06-RJ"
787716;2026-07-24;"sexta-feira";"21:45:00";"MG";381;409,2;"NOVA UNIAO";"Reação tardia ou ineficiente do condutor";"Colisão traseira";"Com Vítimas Feridas";"Plena Noite";"Crescente";"Chuva";"Dupla";"Curva;Aclive";"Não";4;0;1;0;2;1;1;2;-19,72701572;-43,59246103;"SPRF-MG";"DEL01-MG";"UOP01-DEL01-MG"
787718;2026-07-24;"sexta-feira";"16:50:00";"MT";364;124;"PEDRA PRETA";"Transitar na contramão";"Colisão frontal";"Com Vítimas Fatais";"Pleno dia";"Crescente";"Céu Claro";"Simples";"Reta";"Não";4;1;0;0;2;1;0;4;-16,81193582;-54,08363342;"SPRF-MT";"DEL02-MT";"UOP02-DEL02-MT"
787721;2026-07-24;"sexta-feira";"14:00:00";"BA";101;617;"MASCOTE";"Carga excessiva e/ou mal acondicionada";"Tombamento";"Com Vítimas Feridas";"Pleno dia";"Crescente";"Céu Claro";"Simples";"Curva";"Não";2;0;1;0;0;1;1;2;-15,629986;-39,436251;"SPRF-BA";"DEL05-BA";"UOP02-DEL05-BA"
787727;2026-07-25;"sábado";"00:15:00";"SC";280;129;"RIO NEGRINHO";"Ausência de reação do condutor";"Colisão lateral sentido oposto";"Com Vítimas Feridas";"Plena Noite";"Decrescente";"Nublado";"Simples";"Curva";"Sim";3;0;1;0;1;2;1;4;-26,25204;-49,52754;"SPRF-SC";"DEL06-SC";"UOP03-DEL06-SC"
787730;2026-07-25;"sábado";"01:05:00";"DF";20;7,4;"BRASILIA";"Demais falhas mecânicas ou elétricas";"Incêndio";"Sem Vítimas";"Plena Noite";"Crescente";"Céu Claro";"Dupla";"Reta";"Sim";2;0;0;0;1;1;0;2;-15,658953;-47,792882;"SPRF-DF";"DEL02-DF";"UOP01-DEL02-DF"
787732;2026-07-24;"sexta-feira";"11:30:00";"SC";101;282;"IMBITUBA";"Desrespeitar a preferência no cruzamento";"Colisão transversal";"Com Vítimas Feridas";"Pleno dia";"Crescente";"Céu Claro";"Simples";"Reta;Interseção de Vias;Rotatória";"Sim";2;0;1;0;1;0;1;2;-28,2147041;-48,69891107;"SPRF-SC";"DEL02-SC";"UOP03-DEL02-SC"
787734;2026-07-25;"sábado";"03:00:00";"MG";262;592;"CAMPOS ALTOS";"Condutor Dormindo";"Colisão lateral sentido oposto";"Com Vítimas Feridas";"Plena Noite";"Crescente";"Céu Claro";"Simples";"Reta";"Não";3;0;1;0;1;3;1;5;-19,64874;-46,23601;"SPRF-MG";"DEL08-MG";"UOP02-DEL08-MG"
787737;2026-07-25;"sábado";"03:25:00";"SC";101;38,4;"JOINVILLE";"Acessar a via sem observar a presença dos outros veículos";"Atropelamento de Pedestre";"Com Vítimas Feridas";"Plena Noite";"Decrescente";"Nublado";"Dupla";"Declive;Reta";"Sim";2;0;0;1;0;1;1;2;-26,28849969;-48,88589859;"SPRF-SC";"DEL03-SC";"UOP01-DEL03-SC"
787741;2026-07-25;"sábado";"04:15:00";"PR";116;13;"COLOMBO";"Entrada inopinada do pedestre";"Colisão lateral mesmo sentido";"Sem Vítimas";"Plena Noite";"Decrescente";"Garoa/Chuvisco";"Dupla";"Reta";"Sim";5;0;0;0;1;4;0;4;-25,387638;-49,17856;"SPRF-PR";"DEL01-PR";"UOP02-DEL01-PR"
787742;2026-07-24;"sexta-feira";"15:40:00";"BA";415;52;"ITABUNA";"Transtornos Mentais (exceto suicidio)";"Colisão lateral mesmo sentido";"Com Vítimas Feridas";"Pleno dia";"Crescente";"Céu Claro";"Simples";"Reta";"Sim";2;0;1;0;0;1;1;2;-14,840487;-39,329382;"SPRF-BA";"DEL05-BA";"UOP01-DEL05-BA"
787755;2026-07-25;"sábado";"06:50:00";"PR";116;100;"SAO JOSE DOS PINHAIS";"Avarias e/ou desgaste excessivo no pneu";"Saída de leito carroçável";"Sem Vítimas";"Pleno dia";"Decrescente";"Nublado";"Múltipla";"Aclive;Reta";"Sim";2;0;0;0;1;1;0;2;-25,565648;-49,16334;"SPRF-PR";"DEL01-PR";"UOP08-DEL01-PR"
787756;2026-07-25;"sábado";"06:30:00";"PR";376;668;"GUARATUBA";"Demais falhas mecânicas ou elétricas";"Tombamento";"Com Vítimas Feridas";"Pleno dia";"Crescente";"Nublado";"Dupla";"Curva";"Não";2;0;0;2;0;0;2;1;-25,8731089;-48,9361413;"SPRF-PR";"DEL01-PR";"UOP04-DEL01-PR"
787759;2026-07-21;"terça-feira";"08:15:00";"CE";222;12,3;"CAUCAIA";"Reação tardia ou ineficiente do condutor";"Colisão traseira";"Com Vítimas Feridas";"Pleno dia";"Decrescente";"Nublado";"Dupla";"Reta";"Sim";3;0;0;1;1;2;1;4;-3,76498069;-38,66866557;"SPRF-CE";"DEL01-CE";"UOP01-DEL01-CE"
787772;2026-07-25;"sábado";"07:40:00";"MS";463;6,6;"DOURADOS";"Condutor usando celular";"Engavetamento";"Com Vítimas Feridas";"Pleno dia";"Crescente";"Céu Claro";"Simples";"Reta;Aclive";"Não";4;0;1;1;1;4;2;7;-22,25520086;-54,86763239;"SPRF-MS";"DEL04-MS";"UOP01-DEL04-MS"
787781;2026-07-25;"sábado";"06:00:00";"PB";412;40;"SAO JOAO DO CARIRI";"Demais falhas mecânicas ou elétricas";"Incêndio";"Sem Vítimas";"Amanhecer";"Crescente";"Céu Claro";"Simples";"Reta";"Não";2;0;0;0;1;2;0;3;-7,328202;-36,40323;"SPRF-PB";"DEL02-PB";"UOP02-DEL02-PB"
787798;2026-07-25;"sábado";"09:40:00";"BA";116;777;"PLANALTO";"Entrada inopinada do pedestre";"Atropelamento de Pedestre";"Com Vítimas Fatais";"Pleno dia";"Crescente";"Céu Claro";"Múltipla";"Rotatória;Reta";"Sim";3;1;0;0;1;1;0;3;-14,670422;-40,475773;"SPRF-BA";"DEL08-BA";"UOP02-DEL08-BA"
787801;2026-07-25;"sábado";"09:50:00";"MG";381;556,4;"ITAGUARA";"Demais falhas mecânicas ou elétricas";"Incêndio";"Sem Vítimas";"Pleno dia";"Decrescente";"Céu Claro";"Dupla";"Reta;Declive";"Não";1;0;0;0;1;0;0;1;-20,34786609;-44,44344163;"SPRF-MG";"DEL04-MG";"UOP03-DEL04-MG"
787810;2026-07-25;"sábado";"10:00:00";"GO";70;1;"AGUAS LINDAS DE GOIAS";"Manobra de mudança de faixa";"Incêndio";"Sem Vítimas";"Pleno dia";"Crescente";"Céu Claro";"Múltipla";"Reta";"Não";2;0;0;0;2;0;0;2;-15,78223723;-48,2337939;"SPRF-DF";"DEL03-DF";"UOP02-DEL03-DF"
787811;2026-07-25;"sábado";"12:20:00";"RN";110;47,6;"MOSSORO";"Acessar a via sem observar a presença dos outros veículos";"Colisão lateral mesmo sentido";"Com Vítimas Feridas";"Pleno dia";"Decrescente";"Céu Claro";"Simples";"Reta";"Sim";2;0;1;0;1;0;1;2;-5,207125;-37,330647;"SPRF-RN";"DEL04-RN";"UOP01-DEL04-RN"
787812;2026-06-18;"quinta-feira";"21:30:00";"BA";101;192;"CONCEICAO DA FEIRA";"Ultrapassagem Indevida";"Colisão lateral mesmo sentido";"Com Vítimas Feridas";"Plena Noite";"Decrescente";"Céu Claro";"Simples";"Reta";"Não";4;0;0;1;2;1;1;3;-12,51806185;-38,97014586;"SPRF-BA";"DEL11-BA";"UOP02-DEL11-BA"
787821;2026-07-25;"sábado";"09:20:00";"MG";50;86;"UBERLANDIA";"Reação tardia ou ineficiente do condutor";"Colisão transversal";"Com Vítimas Feridas";"Pleno dia";"Decrescente";"Chuva";"Dupla";"Reta;Retorno Regulamentado";"Não";3;0;1;0;1;3;1;5;-19,014339;-48,208725;"SPRF-MG";"DEL15-MG";"UOP01-DEL15-MG"
787829;2026-07-25;"sábado";"10:00:00";"BA";242;368;"LENCOIS";"Reação tardia ou ineficiente do condutor";"Colisão lateral sentido oposto";"Sem Vítimas";"Pleno dia";"Decrescente";"Céu Claro";"Simples";"Declive;Reta";"Não";3;0;0;0;2;3;0;5;-12,46746266;-41,37684953;"SPRF-BA";"DEL06-BA";"UOP01-DEL06-BA"
787832;2026-07-25;"sábado";"13:20:00";"BA";242;849;"BARREIRAS";"Demais Fenômenos da natureza";"Incêndio";"Sem Vítimas";"Pleno dia";"Decrescente";"Céu Claro";"Simples";"Declive;Reta";"Não";1;0;0;0;1;0;0;1;-12,11668;-45,242989;"SPRF-BA";"DEL10-BA";"UOP01-DEL10-BA"
787838;2026-06-24;"quarta-feira";"03:30:00";"PR";277;48;"MORRETES";"Demais falhas mecânicas ou elétricas";"Incêndio";"Sem Vítimas";"Plena Noite";"Crescente";"Céu Claro";"Dupla";"Aclive;Reta";"Não";2;0;0;0;1;2;0;3;-25,592333;-48,895569;"SPRF-PR";"DEL01-PR";"UOP05-DEL01-PR"
787840;2026-07-25;"sábado";"13:00:00";"MG";381;652;"SANTO ANTONIO DO AMPARO";"Carga excessiva e/ou mal acondicionada";"Tombamento";"Com Vítimas Feridas";"Pleno dia";"Decrescente";"Nublado";"Dupla";"Curva;Declive";"Não";2;0;1;0;0;2;1;3;-20,962184;-44,928853;"SPRF-MG";"DEL04-MG";"UOP02-DEL04-MG"
787846;2026-07-25;"sábado";"15:00:00";"MG";267;203,5;"BOM JARDIM DE MINAS";"Carga excessiva e/ou mal acondicionada";"Tombamento";"Com Vítimas Feridas";"Pleno dia";"Crescente";"Céu Claro";"Simples";"Curva;Declive";"Não";3;0;1;1;0;1;2;2;-21,93181969;-44,10987139;"SPRF-MG";"DEL05-MG";"UOP01-DEL05-MG"
787847;2026-07-25;"sábado";"15:19:00";"SP";116;284;"EMBU DAS ARTES";"Trafegar com motocicleta (ou similar) entre as faixas";"Colisão lateral mesmo sentido";"Com Vítimas Fatais";"Pleno dia";"Crescente";"Céu Claro";"Dupla";"Reta";"Não";3;2;0;0;0;1;0;2;-23,674867;-46,856683;"SPRF-SP";"DEL04-SP";"UOP01-DEL04-SP"
787854;2026-07-25;"sábado";"14:20:00";"GO";364;242;"JATAI";"Ausência de reação do condutor";"Saída de leito carroçável";"Com Vítimas Feridas";"Pleno dia";"Decrescente";"Céu Claro";"Simples";"Reta;Aclive";"Não";2;0;1;0;0;3;1;4;-17,773873;-52,10095;"SPRF-GO";"DEL05-GO";"UOP01-DEL05-GO"
787881;2026-07-25;"sábado";"18:20:00";"SC";101;214,6;"PALHOCA";"Entrada inopinada do pedestre";"Atropelamento de Pedestre";"Com Vítimas Fatais";"Anoitecer";"Decrescente";"Céu Claro";"Múltipla";"Reta";"Sim";2;1;0;0;1;0;0;2;-27,649568;-48,67416;"SPRF-SC";"DEL01-SC";"UOP02-DEL01-SC"
787885;2026-07-25;"sábado";"15:50:00";"MS";163;844;"SONORA";"Reação tardia ou ineficiente do condutor";"Saída de leito carroçável";"Com Vítimas Feridas";"Pleno dia";"Decrescente";"Céu Claro";"Dupla";"Reta";"Não";2;0;1;0;0;1;1;2;-17,57050482;-54,74130806;"SPRF-MS";"DEL06-MS";"UOP01-DEL06-MS"
787891;2026-07-25;"sábado";"18:08:00";"SE";101;93;"NOSSA SENHORA DO SOCORRO";"Ingestão de álcool pelo condutor";"Colisão com objeto";"Sem Vítimas";"Plena Noite";"Crescente";"Céu Claro";"Dupla";"Interseção de Vias;Rotatória";"Sim";3;0;0;0;2;2;0;4;-10,90496857;-37,14931218;"SPRF-SE";"DEL01-SE";"UOP01-DEL01-SE"
787907;2026-07-25;"sábado";"20:08:00";"TO";153;718;"CARIRI DO TOCANTINS";"Ausência de reação do condutor";"Colisão lateral sentido oposto";"Sem Vítimas";"Plena Noite";"Crescente";"Céu Claro";"Simples";"Reta;Declive";"Não";5;0;0;0;3;2;0;3;-11,99570033;-49,20000459;"SPRF-TO";"DEL01-TO";"UOP02-DEL01-TO"
787908;2026-07-25;"sábado";"19:30:00";"RJ";116;7;"SAPUCAIA";"Ingestão de álcool pelo condutor";"Colisão frontal";"Com Vítimas Feridas";"Plena Noite";"Decrescente";"Céu Claro";"Simples";"Reta;Declive";"Não";3;0;0;1;1;2;1;4;-21,914795;-42,694925;"SPRF-RJ";"DEL05-RJ";"UOP01-DEL05-RJ"
787915;2026-07-25;"sábado";"17:30:00";"MA";222;214;"ITAPECURU MIRIM";"Ultrapassagem Indevida";"Colisão frontal";"Com Vítimas Feridas";"Anoitecer";"Crescente";"Céu Claro";"Simples";"Curva";"Não";4;0;2;0;2;0;2;2;-3,35476;-44,41172;"SPRF-MA";"DEL01-MA";"UOP02-DEL01-MA"
787928;2026-07-25;"sábado";"18:55:00";"PR";487;177,3;"CAMPO MOURAO";"Acessar a via sem observar a presença dos outros veículos";"Colisão lateral mesmo sentido";"Com Vítimas Feridas";"Plena Noite";"Crescente";"Céu Claro";"Múltipla";"Aclive;Reta";"Sim";6;0;1;0;4;2;1;4;-24,0424;-52,403;"SPRF-PR";"DEL09-PR";"UOP03-DEL09-PR"
787940;2026-07-25;"sábado";"21:40:00";"RJ";393;284,2;"VOLTA REDONDA";"Condutor desrespeitou a iluminação vermelha do semáforo";"Colisão transversal";"Com Vítimas Feridas";"Plena Noite";"Decrescente";"Céu Claro";"Simples";"Interseção de Vias;Reta";"Sim";2;0;1;0;1;0;1;2;-22,49625647;-44,07049505;"SPRF-RJ";"DEL05-RJ";"UOP04-DEL05-RJ"