"id";"data_inversa";"dia_semana";"horario";"uf";"br";"km";"municipio";"causa_acidente";"tipo_acidente";"classificacao_acidente";"fase_dia";"sentido_via";"condicao_metereologica";"tipo_pista";"tracado_via";"uso_solo";"pessoas";"mortos";"feridos_leves";"feridos_graves";"ilesos";"ignorados";"feridos";"veiculos";"latitude";"longitude";"regional";"delegacia";"uop"
787951;2026-07-25;"sábado";"22:50:00";"PR";369;80,7;"SANTA MARIANA";"Velocidade Incompatível";"Colisão traseira";"Com Vítimas Feridas";"Plena Noite";"Decrescente";"Céu Claro";"Simples";"Reta";"Não";4;0;1;0;2;1;1;2;-23,14459;-50,58493;"SPRF-PR";"DEL07-PR";"UOP05-DEL07-PR"
787962;2026-07-26;"domingo";"00:30:00";"MT";364;443;"VARZEA GRANDE";"Entrada inopinada do pedestre";"Atropelamento de Pedestre";"Com Vítimas Feridas";"Plena Noite";"Decrescente";"Céu Claro";"Simples";"Reta";"Não";3;0;1;0;1;2;1;4;-15,59603636;-56,22508764;"SPRF-MT";"DEL01-MT";"UOP02-DEL01-MT"
787974;2026-07-26;"domingo";"04:50:00";"MG";40;456,9;"CAETANOPOLIS";"Animais na Pista";"Atropelamento de Animal";"Com Vítimas Feridas";"Plena Noite";"Decrescente";"Céu Claro";"Dupla";"Reta;Declive";"Não";11;0;5;0;5;1;5;7;-19,367908;-44,337189;"SPRF-MG";"DEL02-MG";"UOP01-DEL02-MG"
787985;2026-07-26;"domingo";"04:20:00";"MG";354;740;"POUSO ALTO";"Transitar na contramão";"Colisão frontal";"Com Vítimas Feridas";"Plena Noite";"Crescente";"Céu Claro";"Simples";"Curva";"Não";4;0;1;0;2;1;1;3;-22,2192562;-44,9464926;"SPRF-MG";"DEL17-MG";"UOP01-DEL17-MG"
787987;2026-07-26;"domingo";"05:00:00";"RJ";101;284;"ITABORAI";"Ausência de reação do condutor";"Colisão traseira";"Com Vítimas Feridas";"Amanhecer";"Crescente";"Céu Claro";"Dupla";"Reta";"Sim";3;0;1;0;2;0;1;2;-22,74548589;-42,81026711;"SPRF-RJ";"DEL02-RJ";"UOP02-DEL02-RJ"
787994;2026-07-24;"sexta-feira";"22:00:00";"GO";153;126;"ESTRELA DO NORTE";"Acessar a via sem observar a presença dos outros veículos";"Colisão transversal";"Com Vítimas Feridas";"Plena Noite";"Crescente";"Céu Claro";"Simples";"Reta";"Não";6;0;1;3;1;1;4;3;-13,88837444;-49,05632526;"SPRF-GO";"DEL07-GO";"UOP01-DEL07-GO"
788008;2026-07-26;"domingo";"07:23:00";"MG";50;189;"UBERABA";"Condutor Dormindo";"Colisão traseira";"Com Vítimas Feridas";"Pleno dia";"Decrescente";"Céu Claro";"Dupla";"Aclive;Reta";"Não";3;0;1;0;1;2;1;4;-19,84841919;-47,87483152;"SPRF-MG";"DEL13-MG";"UOP01-DEL13-MG"
788013;2026-07-26;"domingo";"07:20:00";"MA";10;255;"IMPERATRIZ";"Ingestão de álcool pelo condutor";"Colisão frontal";"Sem Vítimas";"Pleno dia";"Crescente";"Céu Claro";"Simples";"Reta";"Sim";2;0;0;0;2;0;0;2;-5,50437;-47,47177;"SPRF-MA";"DEL04-MA";"UOP01-DEL04-MA"
788025;2026-07-26;"domingo";"07:33:00";"CE";116;444,1;"BARRO";"Ausência de reação do condutor";"Colisão traseira";"Sem Vítimas";"Pleno dia";"Crescente";"Céu Claro";"Simples";"Reta";"Não";3;0;0;0;2;3;0;5;-7,078518;-38,784;"SPRF-CE";"DEL05-CE";"UOP03-DEL05-CE"
788026;2026-07-26;"domingo";"07:55:00";"CE";116;73;"CHOROZINHO";"Reação tardia ou ineficiente do condutor";"Tombamento";"Com Vítimas Feridas";"Pleno dia";"Decrescente";"Céu Claro";"Simples";"Reta";"Sim";4;0;0;1;1;2;1;4;-4,351293;-38,46464;"SPRF-CE";"DEL01-CE";"UOP04-DEL01-CE"
788030;2026-07-26;"domingo";"10:30:00";"MG";262;376;"FLORESTAL";"Velocidade Incompatível";"Tombamento";"Com Vítimas Feridas";"Pleno dia";"Decrescente";"Céu Claro";"Dupla";"Curva;Declive";"Não";2;0;1;0;1;0;1;2;-19,921;-44,4903;"SPRF-MG";"DEL01-MG";"UOP03-DEL01-MG"
788032;2026-07-26;"domingo";"09:50:00";"RO";364;281,4;"PRESIDENTE MEDICI";"Reação tardia ou ineficiente do condutor";"Colisão lateral mesmo sentido";"Com Vítimas Feridas";"Pleno dia";"Crescente";"Sol";"Simples";"Reta;Declive";"Não";41;0;3;0;37;2;3;5;-11,377031;-61,816239;"SPRF-RO";"DEL02-RO";"UOP01-DEL02-RO"
788037;2026-07-26;"domingo";"11:00:00";"MS";262;521,5;"AQUIDAUANA";"Velocidade Incompatível";"Colisão frontal";"Com Vítimas Feridas";"Pleno dia";"Crescente";"Céu Claro";"Simples";"Curva;Aclive";"Não";4;0;0;1;2;3;1;5;-20,3969843;-56,0839793;"SPRF-MS";"DEL03-MS";"UOP01-DEL03-MS"
788038;2026-07-26;"domingo";"11:10:00";"MT";364;275,5;"JACIARA";"Reação tardia ou ineficiente do condutor";"Colisão transversal";"Com Vítimas Feridas";"Pleno dia";"Crescente";"Céu Claro";"Simples";"Reta;Aclive";"Não";8;0;1;1;5;2;2;5;-15,95296062;-54,98951081;"SPRF-MT";"DEL05-MT";"UOP02-DEL05-MT"
788040;2026-05-19;"terça-feira";"14:35:00";"SC";101;362;"SANGAO";"Ausência de reação do condutor";"Colisão traseira";"Com Vítimas Feridas";"Pleno dia";"Decrescente";"Nublado";"Múltipla";"Curva;Aclive";"Sim";3;0;1;0;1;1;1;3;-28,677774;-49,136561;"SPRF-SC";"DEL02-SC";"UOP01-DEL02-SC"
788043;2026-07-26;"domingo";"12:11:00";"SP";116;48,3;"CANAS";"Demais falhas mecânicas ou elétricas";"Eventos atípicos";"Com Vítimas Feridas";"Pleno dia";"Crescente";"Céu Claro";"Dupla";"Reta";"Não";1;0;1;0;0;0;1;1;-22,72648;-45,0712;"SPRF-SP";"DEL08-SP";"UOP02-DEL08-SP"
788044;2026-07-26;"domingo";"12:45:00";"CE";222;16,5;"CAUCAIA";"Ingestão de álcool pelo condutor";"Colisão lateral mesmo sentido";"Sem Vítimas";"Pleno dia";"Decrescente";"Céu Claro";"Dupla";"Reta";"Não";3;0;0;0;2;1;0;3;-3,73298467;-38,69474284;"SPRF-CE";"DEL01-CE";"UOP01-DEL01-CE"
788045;2026-07-26;"domingo";"11:28:00";"GO";60;269,4;"JANDAIA";"Ingestão de álcool pelo condutor";"Saída de leito carroçável";"Sem Vítimas";"Pleno dia";"Crescente";"Céu Claro";"Dupla";"Reta";"Não";2;0;0;0;1;1;0;2;-17,207757;-50,128343;"SPRF-GO";"DEL01-GO";"UOP02-DEL01-GO"
788049;2026-07-26;"domingo";"09:00:00";"BA";101;422;"IBIRAPITANGA";"Ausência de reação do condutor";"Tombamento";"Com Vítimas Feridas";"Pleno dia";"Decrescente";"Céu Claro";"Simples";"Curva";"Não";2;0;1;0;0;1;1;2;-14,138551;-39,351918;"SPRF-BA";"DEL05-BA";"UOP03-DEL05-BA"
788051;2026-07-26;"domingo";"11:00:00";"MT";163;778;"SORRISO";"Demais falhas mecânicas ou elétricas";"Incêndio";"Sem Vítimas";"Pleno dia";"Decrescente";"Sol";"Dupla";"Reta";"Não";2;0;0;0;1;3;0;4;-12,359894;-55,602169;"SPRF-MT";"DEL06-MT";"UOP02-DEL06-MT"
788054;2026-07-26;"domingo";"13:15:00";"MG";262;482,9;"MOEMA";"Velocidade Incompatível";"Colisão com objeto";"Com Vítimas Feridas";"Pleno dia";"Decrescente";"Sol";"Simples";"Ponte;Declive;Reta";"Não";2;0;1;0;0;2;1;3;-19,78571444;-45,3780359;"SPRF-MG";"DEL08-MG";"UOP03-DEL08-MG"
788055;2026-07-26;"domingo";"11:10:00";"MG";116;494,4;"INHAPIM";"Velocidade Incompatível";"Atropelamento de Pedestre";"Com Vítimas Fatais";"Pleno dia";"Crescente";"Céu Claro";"Simples";"Reta";"Não";5;1;0;2;1;1;2;3;-19,516568;-42,128107;"SPRF-MG";"DEL06-MG";"UOP02-DEL06-MG"
788059;2026-07-26;"domingo";"13:00:00";"SC";470;73,4;"INDAIAL";"Suicídio (presumido)";"Colisão frontal";"Com Vítimas Fatais";"Pleno dia";"Decrescente";"Céu Claro";"Simples";"Reta";"Não";4;1;0;0;1;2;0;4;-26,91189115;-49,27774787;"SPRF-SC";"DEL04-SC";"UOP01-DEL04-SC"
788063;2026-07-26;"domingo";"13:30:00";"MT";364;234;"RONDONOPOLIS";"Reação tardia ou ineficiente do condutor";"Saída de leito carroçável";"Sem Vítimas";"Pleno dia";"Crescente";"Céu Claro";"Dupla";"Reta;Aclive";"Não";3;0;0;0;2;1;0;3;-16,231;-54,7814;"SPRF-MT";"DEL02-MT";"UOP01-DEL02-MT"
788068;2026-07-26;"domingo";"14:30:00";"MS";163;79,3;"ITAQUIRAI";"Conversão proibida";"Saída de leito carroçável";"Com Vítimas Fatais";"Pleno dia";"Crescente";"Céu Claro";"Simples";"Reta";"Não";4;1;1;0;1;1;1;3;-23,463738;-54,192498;"SPRF-MS";"DEL09-MS";"UOP01-DEL09-MS"
788073;2026-07-26;"domingo";"14:27:00";"PI";316;410;"MARCOLANDIA";"Velocidade Incompatível";"Tombamento";"Com Vítimas Feridas";"Pleno dia";"Decrescente";"Céu Claro";"Simples";"Curva;Declive";"Não";2;0;1;0;0;2;1;3;-7,40746736;-40,71489608;"SPRF-PI";"DEL04-PI";"UOP03-DEL04-PI"
788081;2026-07-26;"domingo";"11:26:00";"PA";163;617;"TRAIRAO";"Velocidade Incompatível";"Tombamento";"Com Vítimas Feridas";"Pleno dia";"Crescente";"Céu Claro";"Simples";"Curva;Declive";"Não";2;0;1;0;0;3;1;4;-4,73297302;-56,04706403;"SPRF-PA";"DEL05-PA";"UOP03-DEL05-PA"
788085;2026-07-22;"quarta-feira";"17:00:00";"PA";230;710;"BRASIL NOVO";"Reação tardia ou ineficiente do condutor";"Colisão transversal";"Com Vítimas Feridas";"Anoitecer";"Decrescente";"Céu Claro";"Simples";"Reta;Declive";"Não";2;0;0;1;1;0;1;2;-3,35911795;-52,62940407;"SPRF-PA";"DEL04-PA";"UOP01-DEL04-PA"
788093;2026-07-26;"domingo";"12:00:00";"RJ";40;125;"RIO DE JANEIRO";"Transitar na contramão";"Colisão traseira";"Sem Vítimas";"Pleno dia";"Crescente";"Céu Claro";"Múltipla";"Curva;Declive";"Sim";5;0;0;0;5;0;0;3;-22,81709087;-43,2893803;"SPRF-RJ";"DEL01-RJ";"UOP02-DEL01-RJ"
788111;2026-07-26;"domingo";"17:30:00";"MG";365;626,2;"UBERLANDIA";"Acessar a via sem observar a presença dos outros veículos";"Colisão lateral mesmo sentido";"Com Vítimas Fatais";"Anoitecer";"Decrescente";"Céu Claro";"Dupla";"Curva;Declive";"Sim";4;1;0;0;1;2;0;4;-18,906292;-48,336863;"SPRF-MG";"DEL15-MG";"UOP01-DEL15-MG"
788117;2026-07-26;"domingo";"17:30:00";"BA";135;26;"FORMOSA DO RIO PRETO";"Demais falhas mecânicas ou elétricas";"Incêndio";"Sem Vítimas";"Anoitecer";"Crescente";"Céu Claro";"Simples";"Reta";"Não";2;0;0;0;1;2;0;3;-11,08184392;-45,14647275;"SPRF-BA";"DEL10-BA";"UOP01-DEL10-BA"
788121;2026-07-26;"domingo";"18:20:00";"RJ";393;281,9;"VOLTA REDONDA";"Ultrapassagem Indevida";"Colisão lateral mesmo sentido";"Com Vítimas Feridas";"Plena Noite";"Crescente";"Céu Claro";"Simples";"Reta;Ponte";"Não";3;0;1;0;1;1;1;3;-22,47754226;-44,0631178;"SPRF-RJ";"DEL05-RJ";"UOP04-DEL05-RJ"
788128;2026-07-26;"domingo";"18:00:00";"MG";116;685;"MURIAE";"Ausência de reação do condutor";"Colisão lateral sentido oposto";"Com Vítimas Feridas";"Anoitecer";"Decrescente";"Céu Claro";"Simples";"Curva";"Não";3;0;1;0;1;1;1;3;-20,99590037;-42,36087799;"SPRF-MG";"DEL07-MG";"UOP02-DEL07-MG"
788136;2026-07-26;"domingo";"19:25:00";"SP";116;10,8;"QUELUZ";"Condutor deixou de manter distância do veículo da frente";"Colisão lateral mesmo sentido";"Sem Vítimas";"Plena Noite";"Decrescente";"Céu Claro";"Dupla";"Curva";"Não";2;0;0;0;2;0;0;2;-22,54173436;-44,79798555;"SPRF-SP";"DEL08-SP";"UOP02-DEL08-SP"
788141;2026-07-26;"domingo";"16:30:00";"MT";163;678;"LUCAS DO RIO VERDE";"Acessar a via sem observar a presença dos outros veículos";"Colisão transversal";"Sem Vítimas";"Pleno dia";"Crescente";"Céu Claro";"Simples";"Reta";"Não";2;0;0;0;2;0;0;2;-13,17903633;-55,98431077;"SPRF-MT";"DEL06-MT";"UOP01-DEL06-MT"
788146;2026-07-26;"domingo";"19:50:00";"SC";101;125,9;"ITAJAI";"Ausência de reação do condutor";"Tombamento";"Sem Vítimas";"Plena Noite";"Crescente";"Nublado";"Dupla";"Reta";"Não";3;0;0;0;1;2;0;3;-26,95458332;-48,67963739;"SPRF-SC";"DEL04-SC";"UOP04-DEL04-SC"
788160;2026-07-26;"domingo";"19:15:00";"RO";364;504;"ARIQUEMES";"Transitar na contramão";"Colisão frontal";"Com Vítimas Feridas";"Plena Noite";"Decrescente";"Céu Claro";"Simples";"Curva";"Não";5;0;2;0;1;2;2;4;-9,999703;-63,011593;"SPRF-RO";"DEL03-RO";"UOP01-DEL03-RO"
788168;2026-07-26;"domingo";"19:20:00";"RO";319;0;"PORTO VELHO";"Reação tardia ou ineficiente do condutor";"Colisão com objeto";"Com Vítimas Feridas";"Plena Noite";"Crescente";"Céu Claro";"Simples";"Desvio Temporário";"Não";9;0;2;0;5;2;2;5;-7,97699041;-63,39036465;"SPRF-AM";"DEL02-AM";"UOP01-DEL02-AM"
788186;2026-07-26;"domingo";"22:00:00";"PE";101;103;"CABO DE SANTO AGOSTINHO";"Ausência de reação do condutor";"Colisão lateral mesmo sentido";"Com Vítimas Feridas";"Plena Noite";"Crescente";"Céu Claro";"Dupla";"Curva";"Sim";4;0;0;2;1;1;2;4;-8,34028079;-35,00774605;"SPRF-PE";"DEL01-PE";"UOP03-DEL01-PE"
788195;2026-07-26;"domingo";"23:50:00";"ES";259;74;"COLATINA";"Ausência de reação do condutor";"Colisão frontal";"Sem Vítimas";"Plena Noite";"Decrescente";"Céu Claro";"Simples";"Reta";"Não";2;0;0;0;2;0;0;2;-19,523302;-40,788759;"SPRF-ES";"DEL02-ES";"UOP01-DEL02-ES"
788196;2026-07-26;"domingo";"20:15:00";"MT";163;840;"SINOP";"Ausência de reação do condutor";"Colisão frontal";"Com Vítimas Feridas";"Plena Noite";"Decrescente";"Céu Claro";"Simples";"Reta";"Sim";3;0;1;1;0;2;2;4;-11,81260056;-55,48252042;"SPRF-MT";"DEL06-MT";"UOP02-DEL06-MT"
788203;2026-07-26;"domingo";"23:30:00";"BA";116;528;"ITATIM";"Carga excessiva e/ou mal acondicionada";"Saída de leito carroçável";"Sem Vítimas";"Plena Noite";"Crescente";"Céu Claro";"Simples";"Reta";"Não";3;0;0;0;0;3;0;3;-12,7302;-39,7774;"SPRF-BA";"DEL03-BA";"UOP02-DEL03-BA"
788204;2026-07-27;"segunda-feira";"01:20:00";"SP";116;136;"SAO JOSE DOS CAMPOS";"Acessar a via sem observar a presença dos outros veículos";"Colisão traseira";"Com Vítimas Feridas";"Plena Noite";"Decrescente";"Céu Claro";"Múltipla";"Interseção de Vias";"Sim";5;0;3;0;1;1;3;3;-23,14535006;-45,77144019;"SPRF-SP";"DEL02-SP";"UOP01-DEL02-SP"
788205;2026-07-26;"domingo";"15:40:00";"CE";20;170,6;"BOA VIAGEM";"Velocidade Incompatível";"Tombamento";"Sem Vítimas";"Pleno dia";"Crescente";"Sol";"Simples";"Curva";"Não";2;0;0;0;1;3;0;4;-5,329773;-39,93064;"SPRF-CE";"DEL02-CE";"UOP02-DEL02-CE"
788208;2026-07-27;"segunda-feira";"00:01:00";"BA";101;189;"CONCEICAO DA FEIRA";"Condutor Dormindo";"Colisão lateral sentido oposto";"Com Vítimas Fatais";"Plena Noite";"Crescente";"Céu Claro";"Simples";"Reta";"Não";5;2;0;2;0;1;2;4;-12,49045564;-38,95262824;"SPRF-BA";"DEL11-BA";"UOP02-DEL11-BA"
788211;2026-07-26;"domingo";"23:30:00";"PE";232;313;"SERTANIA";"Transitar na contramão";"Colisão frontal";"Com Vítimas Feridas";"Plena Noite";"Decrescente";"Céu Claro";"Simples";"Reta";"Não";2;0;0;1;1;0;1;2;-8,135208;-37,487505;"SPRF-PE";"DEL04-PE";"UOP02-DEL04-PE"
788222;2026-07-27;"segunda-feira";"06:50:00";"ES";262;34,8;"DOMINGOS MARTINS";"Ausência de reação do condutor";"Colisão lateral sentido oposto";"Com Vítimas Feridas";"Pleno dia";"Crescente";"Nublado";"Dupla";"Curva";"Não";3;0;1;0;1;1;1;3;-20,378215;-40,59464167;"SPRF-ES";"DEL01-ES";"UOP01-DEL01-ES"
788232;2026-07-27;"segunda-feira";"05:50:00";"RO";435;44;"VILHENA";"Problema com o freio";"Incêndio";"Sem Vítimas";"Pleno dia";"Decrescente";"Céu Claro";"Simples";"Aclive;Reta";"Não";2;0;0;0;1;3;0;4;-12,8871649;-60,3681706;"SPRF-RO";"DEL04-RO";"UOP02-DEL04-RO"
788238;2026-07-27;"segunda-feira";"07:20:00";"SP";116;507;"CAJATI";"Ausência de reação do condutor";"Saída de leito carroçável";"Com Vítimas Feridas";"Pleno dia";"Decrescente";"Sol";"Dupla";"Curva;Declive";"Não";2;0;1;0;0;1;1;2;-24,82801647;-48,20907768;"SPRF-SP";"DEL05-SP";"UOP02-DEL05-SP"
788252;2026-07-27;"segunda-feira";"08:10:00";"RN";226;4;"NATAL";"Demais falhas mecânicas ou elétricas";"Eventos atípicos";"Com Vítimas Feridas";"Pleno dia";"Crescente";"Céu Claro";"Simples";"Reta";"Sim";2;0;0;1;0;1;1;2;-5,8202512;-35,2652332;"SPRF-RN";"DEL01-RN";"UOP02-DEL01-RN"
788259;2026-07-27;"segunda-feira";"06:30:00";"MT";70;511;"VARZEA GRANDE";"Acessar a via sem observar a presença dos outros veículos";"Colisão transversal";"Com Vítimas Feridas";"Pleno dia";"Crescente";"Céu Claro";"Simples";"Reta;Em Obras";"Não";2;0;0;1;1;0;1;2;-15,70309379;-56,11851519;"SPRF-MT";"DEL01-MT";"UOP02-DEL01-MT"
788261;2026-07-27;"segunda-feira";"09:15:00";"RJ";40;110;"DUQUE DE CAXIAS";"Trafegar com motocicleta (ou similar) entre as faixas";"Queda de ocupante de veículo";"Com Vítimas Feridas";"Pleno dia";"Crescente";"Céu Claro";"Múltipla";"Reta";"Sim";2;0;1;0;1;0;1;2;-22,683686;-43,285255;"SPRF-RJ";"DEL01-RJ";"UOP02-DEL01-RJ"
788265;2026-07-27;"segunda-feira";"09:40:00";"TO";10;465;"PALMAS";"Reação tardia ou ineficiente do condutor";"Colisão traseira";"Com Vítimas Fatais";"Pleno dia";"Crescente";"Céu Claro";"Dupla";"Reta";"Não";3;1;0;0;1;1;0;3;-10,24;-48,301729;"SPRF-TO";"DEL01-TO";"UOP03-DEL01-TO"
788266;2026-07-27;"segunda-feira";"10:00:00";"RJ";101;314;"SAO GONCALO";"Reação tardia ou ineficiente do condutor";"Colisão com objeto";"Sem Vítimas";"Pleno dia";"Crescente";"Céu Claro";"Dupla";"Reta";"Sim";1;0;0;0;1;0;0;1;-22,8170267;-43,0778616;"SPRF-RJ";"DEL02-RJ";"UOP02-DEL02-RJ"
788272;2026-07-27;"segunda-feira";"09:30:00";"RS";116;85;"CAMPESTRE DA SERRA";"Reação tardia ou ineficiente do condutor";"Saída de leito carroçável";"Com Vítimas Feridas";"Pleno dia";"Decrescente";"Céu Claro";"Simples";"Reta";"Não";2;0;1;0;0;1;1;2;-28,82439995;-51,11794408;"SPRF-RS";"DEL05-RS";"UOP03-DEL05-RS"
788277;2026-07-07;"terça-feira";"15:45:00";"SC";470;209,5;"SAO CRISTOVAO DO SUL";"Ausência de reação do condutor";"Colisão lateral sentido oposto";"Com Vítimas Feridas";"Pleno dia";"Crescente";"Sol";"Simples";"Reta";"Não";2;0;1;0;1;0;1;2;-27,29913754;-50,28993694;"SPRF-SC";"DEL05-SC";"UOP03-DEL05-SC"
788278;2026-07-27;"segunda-feira";"06:13:00";"RS";290;150,8;"ARROIO DOS RATOS";"Transitar na contramão";"Colisão frontal";"Com Vítimas Fatais";"Plena Noite";"Crescente";"Nublado";"Simples";"Ponte;Reta";"Não";4;1;0;0;2;2;0;4;-30,105408;-51,715939;"SPRF-RS";"DEL02-RS";"UOP01-DEL02-RS"
788281;2026-07-27;"segunda-feira";"11:40:00";"PE";101;158,5;"GAMELEIRA";"Ausência de reação do condutor";"Colisão traseira";"Com Vítimas Fatais";"Pleno dia";"Crescente";"Céu Claro";"Dupla";"Curva";"Não";7;2;0;3;1;1;3;3;-8,551177;-35,410297;"SPRF-PE";"DEL01-PE";"UOP03-DEL01-PE"
788285;2026-07-27;"segunda-feira";"12:50:00";"SP";116;222;"GUARULHOS";"Trafegar com motocicleta (ou similar) entre as faixas";"Colisão lateral mesmo sentido";"Com Vítimas Feridas";"Pleno dia";"Crescente";"Sol";"Múltipla";"Reta";"Sim";3;0;0;1;1;2;1;4;-23,47804746;-46,52950287;"SPRF-SP";"DEL01-SP";"UOP01-DEL01-SP"
788286;2026-07-27;"segunda-feira";"12:50:00";"MG";40;246,7;"SAO GONCALO DO ABAETE";"Transitar na contramão";"Colisão lateral mesmo sentido";"Com Vítimas Feridas";"Pleno dia";"Crescente";"Céu Claro";"Simples";"Curva;Aclive";"Não";12;0;1;4;4;4;5;7;-18,10890026;-45,46580315;"SPRF-MG";"DEL14-MG";"UOP02-DEL14-MG"
788292;2026-07-27;"segunda-feira";"11:00:00";"RO";319;142;"PORTO VELHO";"Condutor deixou de manter distância do veículo da frente";"Colisão traseira";"Com Vítimas Feridas";"Pleno dia";"Crescente";"Céu Claro";"Dupla";"Reta";"Sim";6;0;3;0;2;1;3;5;-8,80032412;-63,76177773;"SPRF-RO";"DEL01-RO";"UOP01-DEL01-RO"
788293;2026-07-27;"segunda-feira";"12:33:00";"RN";304;281;"MACAIBA";"Reação tardia ou ineficiente do condutor";"Colisão traseira";"Com Vítimas Feridas";"Pleno dia";"Decrescente";"Céu Claro";"Dupla";"Reta";"Não";5;0;2;0;2;2;2;4;-5,887398;-35,481867;"SPRF-RN";"DEL01-RN";"UOP02-DEL01-RN"
788296;2026-07-27;"segunda-feira";"13:20:00";"MG";116;262;"TEOFILO OTONI";"Reação tardia ou ineficiente do condutor";"Colisão traseira";"Sem Vítimas";"Pleno dia";"Crescente";"Céu Claro";"Simples";"Curva;Aclive";"Não";5;0;0;0;5;0;0;2;-17,7476986;-41,49822;"SPRF-MG";"DEL11-MG";"UOP01-DEL11-MG"
788297;2026-07-27;"segunda-feira";"14:00:00";"MG";381;496;"BETIM";"Reação tardia ou ineficiente do condutor";"Engavetamento";"Com Vítimas Feridas";"Pleno dia";"Crescente";"Céu Claro";"Múltipla";"Reta";"Sim";6;0;2;0;2;3;2;6;-19,97248451;-44,18392944;"SPRF-MG";"DEL01-MG";"UOP03-DEL01-MG"
788301;2026-04-30;"quinta-feira";"16:45:00";"PR";376;484,2;"PONTA GROSSA";"Reação tardia ou ineficiente do condutor";"Colisão lateral mesmo sentido";"Com Vítimas Feridas";"Pleno dia";"Crescente";"Nublado";"Dupla";"Curva;Declive";"Sim";6;0;1;0;4;1;1;5;-25,10112763;-50,1973693;"SPRF-PR";"DEL03-PR";"UOP03-DEL03-PR"
788304;2026-05-26;"terça-feira";"13:27:00";"PA";163;169;"ALTAMIRA";"Ultrapassagem Indevida";"Colisão lateral sentido oposto";"Sem Vítimas";"Pleno dia";"Decrescente";"Céu Claro";"Simples";"Reta";"Não";2;0;0;0;0;2;0;2;-8,2202572;-55,1219935;"SPRF-PA";"DEL05-PA";"UOP03-DEL05-PA"
788306;2026-07-27;"segunda-feira";"14:25:00";"PR";116;114,6;"CURITIBA";"Ausência de reação do condutor";"Colisão traseira";"Com Vítimas Fatais";"Pleno dia";"Decrescente";"Céu Claro";"Dupla";"Reta";"Sim";4;1;0;0;2;2;0;5;-25,54595006;-49,29557769;"SPRF-PR";"DEL01-PR";"UOP03-DEL01-PR"
788308;2026-07-27;"segunda-feira";"10:50:00";"SC";470;270;"BRUNOPOLIS";"Velocidade Incompatível";"Tombamento";"Com Vítimas Feridas";"Pleno dia";"Decrescente";"Céu Claro";"Simples";"Curva";"Não";4;0;0;3;0;1;3;2;-27,319248;-50,766453;"SPRF-SC";"DEL07-SC";"UOP06-DEL07-SC"
788314;2026-07-27;"segunda-feira";"15:16:00";"SP";116;201;"ARUJA";"Ultrapassagem Indevida";"Colisão lateral mesmo sentido";"Sem Vítimas";"Pleno dia";"Crescente";"Céu Claro";"Múltipla";"Reta;Retorno Regulamentado";"Não";2;0;0;0;0;2;0;2;-23,40333599;-46,3287878;"SPRF-SP";"DEL01-SP";"UOP01-DEL01-SP"
788317;2026-07-27;"segunda-feira";"14:00:00";"GO";153;563;"PROFESSOR JAMIL";"Problema com o freio";"Incêndio";"Sem Vítimas";"Pleno dia";"Decrescente";"Céu Claro";"Dupla";"Aclive;Reta";"Não";2;0;0;0;1;1;0;2;-17,230414;-49,231361;"SPRF-GO";"DEL03-GO";"UOP01-DEL03-GO"
788320;2026-07-27;"segunda-feira";"14:15:00";"SC";101;262;"GAROPABA";"Reação tardia ou ineficiente do condutor";"Engavetamento";"Com Vítimas Feridas";"Pleno dia";"Decrescente";"Céu Claro";"Dupla";"Reta;Em Obras";"Não";4;0;1;0;3;0;1;3;-28,04232682;-48,71325786;"SPRF-SC";"DEL02-SC";"UOP03-DEL02-SC"
788322;2026-07-27;"segunda-feira";"16:00:00";"SP";116;207;"GUARULHOS";"Reação tardia ou ineficiente do condutor";"Colisão traseira";"Com Vítimas Feridas";"Pleno dia";"Crescente";"Sol";"Dupla";"Reta";"Não";4;0;1;1;2;0;2;3;-23,4201;-46,3867;"SPRF-SP";"DEL01-SP";"UOP01-DEL01-SP"
788325;2026-07-27;"segunda-feira";"14:00:00";"MT";70;515;"VARZEA GRANDE";"Transitar no Acostamento";"Colisão transversal";"Com Vítimas Feridas";"Pleno dia";"Crescente";"Sol";"Simples";"Curva";"Sim";2;0;0;1;1;0;1;2;-15,705698;-56,143532;"SPRF-MT";"DEL01-MT";"UOP02-DEL01-MT"
788328;2026-07-27;"segunda-feira";"16:30:00";"PR";277;67;"SAO JOSE DOS PINHAIS";"Trafegar com motocicleta (ou similar) entre as faixas";"Colisão traseira";"Com Vítimas Feridas";"Pleno dia";"Decrescente";"Sol";"Dupla";"Reta";"Sim";3;0;1;0;1;1;1;3;-25,52430367;-49,09933303;"SPRF-PR";"DEL01-PR";"UOP01-DEL01-PR"
788330;2026-07-27;"segunda-feira";"15:31:00";"GO";50;100;"CRISTALINA";"Mal súbito do condutor";"Colisão traseira";"Com Vítimas Feridas";"Pleno dia";"Decrescente";"Céu Claro";"Simples";"Declive;Reta";"Sim";3;0;1;0;1;3;1;5;-16,78189192;-47,63154443;"SPRF-DF";"DEL01-DF";"UOP02-DEL01-DF"
788332;2026-07-27;"segunda-feira";"15:35:00";"MT";174;535;"COMODORO";"Ultrapassagem Indevida";"Colisão lateral mesmo sentido";"Com Vítimas Feridas";"Pleno dia";"Crescente";"Céu Claro";"Simples";"Reta";"Não";7;0;3;0;2;4;3;6;-13,36111;-59,86761;"SPRF-MT";"DEL04-MT";"UOP02-DEL04-MT"
788334;2026-07-27;"segunda-feira";"17:00:00";"MG";262;363;"JUATUBA";"Ausência de reação do condutor";"Tombamento";"Sem Vítimas";"Pleno dia";"Decrescente";"Céu Claro";"Dupla";"Curva";"Não";1;0;0;0;1;0;0;1;-19,960369;-44,33739405;"SPRF-MG";"DEL01-MG";"UOP03-DEL01-MG"