"id";"data_inversa";"dia_semana";"horario";"uf";"br";"km";"municipio";"causa_acidente";"tipo_acidente";"classificacao_acidente";"fase_dia";"sentido_via";"condicao_metereologica";"tipo_pista";"tracado_via";"uso_solo";"pessoas";"mortos";"feridos_leves";"feridos_graves";"ilesos";"ignorados";"feridos";"veiculos";"latitude";"longitude";"regional";"delegacia";"uop"
788336;2026-07-27;"segunda-feira";"16:40:00";"SP";116;346;"MIRACATU";"Problema com o freio";"Tombamento";"Sem Vítimas";"Pleno dia";"Crescente";"Nublado";"Dupla";"Curva";"Não";1;0;0;0;1;0;0;1;-24,051603;-47,203353;"SPRF-SP";"DEL04-SP";"UOP03-DEL04-SP"
788338;2026-07-27;"segunda-feira";"16:15:00";"SC";282;383;"HERVAL DOESTE";"Ausência de reação do condutor";"Colisão lateral sentido oposto";"Com Vítimas Feridas";"Pleno dia";"Crescente";"Céu Claro";"Simples";"Declive;Em Obras;Curva;Ponte";"Não";4;0;1;0;1;2;1;4;-27,200003;-51,507423;"SPRF-SC";"DEL07-SC";"UOP05-DEL07-SC"
788342;2026-07-27;"segunda-feira";"18:20:00";"ES";101;405;"ITAPEMIRIM";"Condutor Dormindo";"Colisão lateral sentido oposto";"Com Vítimas Fatais";"Anoitecer";"Crescente";"Céu Claro";"Simples";"Reta";"Não";4;1;0;0;2;2;0;5;-20,89073015;-40,997715;"SPRF-ES";"DEL03-ES";"UOP02-DEL03-ES"
788346;2026-07-27;"segunda-feira";"19:00:00";"SC";101;152;"ITAPEMA";"Condutor deixou de manter distância do veículo da frente";"Colisão traseira";"Com Vítimas Feridas";"Anoitecer";"Decrescente";"Nublado";"Dupla";"Reta";"Sim";3;0;1;0;1;1;1;2;-27,13458353;-48,60978782;"SPRF-SC";"DEL04-SC";"UOP03-DEL04-SC"
788350;2026-07-27;"segunda-feira";"18:20:00";"SC";116;183,5;"SAO CRISTOVAO DO SUL";"Pedestre andava na pista";"Atropelamento de Pedestre";"Com Vítimas Feridas";"Plena Noite";"Crescente";"Céu Claro";"Simples";"Curva";"Não";3;0;0;1;1;1;1;3;-27,29343954;-50,43329112;"SPRF-SC";"DEL05-SC";"UOP03-DEL05-SC"
788351;2026-07-27;"segunda-feira";"15:30:00";"GO";153;562;"PROFESSOR JAMIL";"Pista Escorregadia";"Colisão lateral mesmo sentido";"Sem Vítimas";"Pleno dia";"Decrescente";"Céu Claro";"Dupla";"Aclive";"Não";2;0;0;0;2;0;0;2;-17,230415;-49,231361;"SPRF-GO";"DEL03-GO";"UOP01-DEL03-GO"
788352;2026-07-27;"segunda-feira";"18:40:00";"SP";116;157,3;"SAO JOSE DOS CAMPOS";"Acessar a via sem observar a presença dos outros veículos";"Colisão traseira";"Com Vítimas Feridas";"Anoitecer";"Decrescente";"Céu Claro";"Dupla";"Reta";"Sim";3;0;0;1;1;1;1;3;-23,25712956;-45,94585567;"SPRF-SP";"DEL02-SP";"UOP01-DEL02-SP"
788353;2026-07-27;"segunda-feira";"19:25:00";"PR";116;152;"MANDIRITUBA";"Pedestre andava na pista";"Atropelamento de Pedestre";"Com Vítimas Feridas";"Plena Noite";"Crescente";"Nublado";"Simples";"Reta;Aclive";"Sim";3;0;0;2;0;1;2;3;-25,85786829;-49,35958609;"SPRF-PR";"DEL01-PR";"UOP03-DEL01-PR"
788354;2026-07-27;"segunda-feira";"18:28:00";"PR";277;457,7;"LARANJEIRAS DO SUL";"Reação tardia ou ineficiente do condutor";"Colisão transversal";"Com Vítimas Feridas";"Pleno dia";"Crescente";"Céu Claro";"Simples";"Curva;Aclive;Interseção de Vias;Rotatória";"Não";3;0;1;0;1;1;1;3;-25,38595933;-52,41355984;"SPRF-PR";"DEL04-PR";"UOP02-DEL04-PR"
788355;2026-07-27;"segunda-feira";"18:55:00";"PR";376;343;"ORTIGUEIRA";"Acessar a via sem observar a presença dos outros veículos";"Atropelamento de Pedestre";"Com Vítimas Feridas";"Plena Noite";"Decrescente";"Céu Claro";"Simples";"Curva;Declive";"Não";2;0;0;1;1;0;1;2;-24,18332406;-50,95965385;"SPRF-PR";"DEL07-PR";"UOP02-DEL07-PR"
788361;2026-07-27;"segunda-feira";"18:50:00";"SP";153;174;"GUAICARA";"Acessar a via sem observar a presença dos outros veículos";"Colisão transversal";"Com Vítimas Feridas";"Plena Noite";"Crescente";"Céu Claro";"Simples";"Reta;Interseção de Vias";"Sim";2;0;1;0;1;0;1;2;-21,63308037;-49,78780596;"SPRF-SP";"DEL07-SP";"UOP01-DEL07-SP"
788362;2026-07-27;"segunda-feira";"19:30:00";"SC";282;498;"XANXERE";"Ausência de reação do condutor";"Colisão lateral mesmo sentido";"Com Vítimas Feridas";"Plena Noite";"Decrescente";"Céu Claro";"Simples";"Curva;Aclive";"Não";2;0;1;0;0;1;1;2;-26,87921965;-52,34745948;"SPRF-SC";"DEL07-SC";"UOP01-DEL07-SC"
788363;2026-07-27;"segunda-feira";"20:24:00";"SP";116;359;"MIRACATU";"Curva acentuada";"Tombamento";"Com Vítimas Feridas";"Plena Noite";"Decrescente";"Céu Claro";"Múltipla";"Curva";"Não";2;0;1;0;0;1;1;2;-24,1092;-47,2689;"SPRF-SP";"DEL04-SP";"UOP03-DEL04-SP"
788364;2026-07-27;"segunda-feira";"19:05:00";"AL";101;39,8;"FLEXEIRAS";"Ausência de reação do condutor";"Saída de leito carroçável";"Com Vítimas Feridas";"Plena Noite";"Decrescente";"Céu Claro";"Dupla";"Reta";"Não";2;0;0;1;0;1;1;2;-9,163;-35,769;"SPRF-AL";"DEL01-AL";"UOP02-DEL01-AL"
788365;2026-07-27;"segunda-feira";"18:00:00";"MG";381;380;"SAO GONCALO DO RIO ABAIXO";"Demais falhas mecânicas ou elétricas";"Tombamento";"Sem Vítimas";"Anoitecer";"Decrescente";"Céu Claro";"Simples";"Declive;Reta";"Não";2;0;0;0;1;1;0;2;-19,82237599;-43,38700231;"SPRF-MG";"DEL01-MG";"UOP01-DEL01-MG"
788369;2026-07-27;"segunda-feira";"20:25:00";"PR";163;241,6;"TOLEDO";"Manobra de mudança de faixa";"Colisão lateral mesmo sentido";"Com Vítimas Feridas";"Plena Noite";"Crescente";"Nublado";"Dupla";"Reta";"Não";3;0;1;0;1;2;1;4;-24,71882513;-53,71079206;"SPRF-PR";"DEL04-PR";"UOP01-DEL04-PR"
788371;2026-07-27;"segunda-feira";"17:40:00";"MG";116;253,7;"TEOFILO OTONI";"Transitar na contramão";"Colisão frontal";"Com Vítimas Fatais";"Anoitecer";"Decrescente";"Céu Claro";"Simples";"Curva;Aclive";"Não";5;1;2;1;0;1;3;4;-17,672211;-41,488937;"SPRF-MG";"DEL11-MG";"UOP01-DEL11-MG"
788373;2026-07-27;"segunda-feira";"21:40:00";"MG";40;732,4;"OLIVEIRA FORTES";"Velocidade Incompatível";"Colisão com objeto";"Com Vítimas Feridas";"Plena Noite";"Crescente";"Céu Claro";"Dupla";"Curva;Declive";"Não";2;0;1;0;0;1;1;2;-21,35941442;-43,57967377;"SPRF-MG";"DEL05-MG";"UOP01-DEL05-MG"
788374;2026-07-27;"segunda-feira";"18:30:00";"AC";364;138;"RIO BRANCO";"Entrada inopinada do pedestre";"Atropelamento de Pedestre";"Com Vítimas Feridas";"Plena Noite";"Crescente";"Nublado";"Dupla";"Reta";"Sim";4;0;0;1;3;0;1;4;-9,954973;-67,859802;"SPRF-AC";"DEL01-AC";"UOP01-DEL01-AC"
788376;2026-07-27;"segunda-feira";"19:30:00";"MA";10;223,4;"GOVERNADOR EDISON LOBAO";"Ausência de reação do condutor";"Atropelamento de Pedestre";"Com Vítimas Fatais";"Plena Noite";"Decrescente";"Céu Claro";"Simples";"Reta";"Não";4;1;0;0;1;2;0;4;-5,75981;-47,35964723;"SPRF-MA";"DEL04-MA";"UOP01-DEL04-MA"
788379;2026-07-27;"segunda-feira";"22:50:00";"SP";153;61,7;"SAO JOSE DO RIO PRETO";"Ausência de reação do condutor";"Colisão com objeto";"Com Vítimas Feridas";"Plena Noite";"Decrescente";"Céu Claro";"Dupla";"Declive";"Sim";2;0;1;0;0;1;1;2;-20,80502876;-49,35574909;"SPRF-SP";"DEL09-SP";"UOP01-DEL09-SP"
788380;2026-07-27;"segunda-feira";"19:00:00";"PI";230;267;"NAZARE DO PIAUI";"Transitar na contramão";"Colisão frontal";"Com Vítimas Feridas";"Plena Noite";"Decrescente";"Céu Claro";"Simples";"Reta";"Sim";2;0;1;0;0;1;1;2;-6,962307;-42,67734;"SPRF-PI";"DEL03-PI";"UOP01-DEL03-PI"
788385;2026-07-27;"segunda-feira";"20:30:00";"MA";135;73;"SANTA RITA";"Transitar na contramão";"Colisão frontal";"Com Vítimas Feridas";"Plena Noite";"Decrescente";"Céu Claro";"Simples";"Reta";"Não";4;0;1;1;1;1;2;3;-3,168593;-44,339855;"SPRF-MA";"DEL01-MA";"UOP02-DEL01-MA"
788386;2026-07-27;"segunda-feira";"21:30:00";"MG";50;127;"UBERABA";"Ausência de reação do condutor";"Colisão traseira";"Com Vítimas Feridas";"Plena Noite";"Decrescente";"Céu Claro";"Dupla";"Aclive";"Não";3;0;1;0;1;1;1;3;-19,371291;-48,078402;"SPRF-MG";"DEL13-MG";"UOP01-DEL13-MG"
788392;2026-07-27;"segunda-feira";"13:04:00";"SC";116;308;"CAPAO ALTO";"Velocidade Incompatível";"Tombamento";"Com Vítimas Feridas";"Pleno dia";"Decrescente";"Céu Claro";"Simples";"Curva;Aclive";"Não";2;0;1;0;0;1;1;2;-28,197162;-50,7592322;"SPRF-SC";"DEL05-SC";"UOP02-DEL05-SC"
788393;2026-07-28;"terça-feira";"00:40:00";"PR";373;384;"CANDOI";"Transitar na contramão";"Colisão lateral mesmo sentido";"Com Vítimas Feridas";"Plena Noite";"Crescente";"Céu Claro";"Simples";"Reta";"Não";3;0;0;1;1;1;1;3;-25,48366894;-51,96123306;"SPRF-PR";"DEL08-PR";"UOP01-DEL08-PR"
788397;2026-07-27;"segunda-feira";"22:50:00";"SP";116;369;"MIRACATU";"Pedestre andava na pista";"Atropelamento de Pedestre";"Com Vítimas Fatais";"Plena Noite";"Crescente";"Nublado";"Dupla";"Reta";"Não";3;1;0;0;1;1;0;3;-24,150447;-47,313478;"SPRF-SP";"DEL04-SP";"UOP02-DEL04-SP"
788401;2026-07-27;"segunda-feira";"19:25:00";"GO";153;176;"CAMPINORTE";"Reação tardia ou ineficiente do condutor";"Colisão traseira";"Com Vítimas Feridas";"Plena Noite";"Decrescente";"Céu Claro";"Simples";"Reta";"Não";2;0;1;0;1;0;1;2;-14,32313886;-49,15339757;"SPRF-GO";"DEL07-GO";"UOP02-DEL07-GO"
788402;2026-07-28;"terça-feira";"03:45:00";"SP";116;54,9;"LORENA";"Ausência de sinalização";"Colisão traseira";"Com Vítimas Fatais";"Amanhecer";"Crescente";"Nublado";"Dupla";"Reta";"Não";3;1;0;0;1;1;0;3;-22,74452265;-45,09338379;"SPRF-SP";"DEL08-SP";"UOP02-DEL08-SP"
788403;2026-07-28;"terça-feira";"03:30:00";"PB";101;116;"CAAPORA";"Reação tardia ou ineficiente do condutor";"Colisão traseira";"Com Vítimas Feridas";"Amanhecer";"Crescente";"Nublado";"Dupla";"Reta;Aclive";"Não";3;0;1;0;1;2;1;4;-7,410587;-34,955605;"SPRF-PB";"DEL01-PB";"UOP01-DEL01-PB"
788407;2026-07-28;"terça-feira";"05:50:00";"SP";116;54,9;"LORENA";"Condutor deixou de manter distância do veículo da frente";"Colisão traseira";"Com Vítimas Feridas";"Amanhecer";"Crescente";"Céu Claro";"Dupla";"Reta";"Não";3;0;1;0;1;1;1;3;-22,76199343;-45,12024276;"SPRF-SP";"DEL08-SP";"UOP02-DEL08-SP"
788411;2026-07-28;"terça-feira";"06:45:00";"RS";290;25,4;"SANTO ANTONIO DA PATRULHA";"Pedestre andava na pista";"Atropelamento de Pedestre";"Com Vítimas Feridas";"Plena Noite";"Decrescente";"Chuva";"Dupla";"Reta";"Não";3;0;0;1;2;0;1;2;-29,879914;-50,508823;"SPRF-RS";"DEL03-RS";"UOP01-DEL03-RS"
788414;2026-07-28;"terça-feira";"06:00:00";"GO";414;307;"VILA PROPICIO";"Ausência de reação do condutor";"Colisão traseira";"Com Vítimas Feridas";"Amanhecer";"Crescente";"Céu Claro";"Simples";"Reta;Aclive";"Não";5;0;2;0;3;0;2;2;-15,2747249;-48,6836678;"SPRF-GO";"DEL02-GO";"UOP01-DEL02-GO"
788415;2026-07-28;"terça-feira";"05:20:00";"GO";153;509;"APARECIDA DE GOIANIA";"Demais falhas mecânicas ou elétricas";"Colisão traseira";"Com Vítimas Feridas";"Amanhecer";"Decrescente";"Céu Claro";"Múltipla";"Reta;Aclive";"Não";4;0;1;0;2;2;1;5;-16,772177;-49,23828;"SPRF-GO";"DEL01-GO";"UOP03-DEL01-GO"
788419;2026-07-28;"terça-feira";"06:36:00";"PE";232;72;"GRAVATA";"Demais falhas mecânicas ou elétricas";"Incêndio";"Sem Vítimas";"Pleno dia";"Crescente";"Chuva";"Dupla";"Reta";"Sim";1;0;0;0;1;0;0;1;-8,187295;-35,501227;"SPRF-PE";"DEL02-PE";"UOP02-DEL02PE"
788420;2026-07-28;"terça-feira";"06:20:00";"RS";470;164;"VILA FLORES";"Acessar a via sem observar a presença dos outros veículos";"Colisão transversal";"Com Vítimas Feridas";"Amanhecer";"Crescente";"Chuva";"Simples";"Interseção de Vias;Reta";"Sim";4;0;2;1;1;0;3;2;-28,84566044;-51,57493114;"SPRF-RS";"DEL06-RS";"UOP02-DEL06-RS"
788426;2026-07-27;"segunda-feira";"21:40:00";"SC";282;385;"JOACABA";"Manobra de mudança de faixa";"Colisão lateral sentido oposto";"Sem Vítimas";"Plena Noite";"Decrescente";"Céu Claro";"Simples";"Curva;Declive";"Não";3;0;0;0;3;0;0;2;-27,20339307;-51,51522383;"SPRF-SC";"DEL07-SC";"UOP05-DEL07-SC"
788429;2026-07-28;"terça-feira";"07:20:00";"MG";381;516;"IGARAPE";"Reação tardia ou ineficiente do condutor";"Tombamento";"Com Vítimas Feridas";"Pleno dia";"Crescente";"Céu Claro";"Dupla";"Curva";"Sim";2;0;0;1;0;2;1;3;-20,102721;-44,319026;"SPRF-MG";"DEL01-MG";"UOP03-DEL01-MG"
788432;2026-07-28;"terça-feira";"05:55:00";"PI";316;261,3;"IPIRANGA DO PIAUI";"Velocidade Incompatível";"Engavetamento";"Com Vítimas Feridas";"Amanhecer";"Decrescente";"Céu Claro";"Simples";"Reta";"Sim";8;0;3;1;4;0;4;3;-6,84031;-41,73838;"SPRF-PI";"DEL04-PI";"UOP02-DEL04-PI"
788433;2026-07-28;"terça-feira";"08:30:00";"PR";369;150,1;"LONDRINA";"Condutor deixou de manter distância do veículo da frente";"Colisão traseira";"Com Vítimas Feridas";"Pleno dia";"Decrescente";"Céu Claro";"Dupla";"Reta";"Sim";3;0;1;0;1;1;1;3;-23,292731;-51,16105255;"SPRF-PR";"DEL07-PR";"UOP01-DEL07-PR"
788435;2026-07-28;"terça-feira";"07:10:00";"PI";316;36;"DEMERVAL LOBAO";"Manobra de mudança de faixa";"Colisão lateral sentido oposto";"Com Vítimas Feridas";"Pleno dia";"Crescente";"Sol";"Simples";"Curva";"Não";4;0;1;0;2;1;1;3;-5,38941194;-42,66815186;"SPRF-PI";"DEL01-PI";"UOP02-DEL01-PI"
788441;2026-07-28;"terça-feira";"09:30:00";"MG";381;497;"BETIM";"Reação tardia ou ineficiente do condutor";"Colisão traseira";"Com Vítimas Feridas";"Pleno dia";"Decrescente";"Céu Claro";"Múltipla";"Curva;Declive";"Não";4;0;1;0;2;2;1;5;-19,9772;-44,199725;"SPRF-MG";"DEL01-MG";"UOP03-DEL01-MG"
788445;2026-07-28;"terça-feira";"09:40:00";"RJ";493;19;"MAGE";"Acessar a via sem observar a presença dos outros veículos";"Colisão transversal";"Com Vítimas Feridas";"Pleno dia";"Crescente";"Céu Claro";"Simples";"Interseção de Vias;Reta";"Sim";3;0;1;0;1;1;1;3;-22,66572954;-43,02887678;"SPRF-RJ";"DEL04-RJ";"UOP02-DEL04-RJ"
788447;2026-07-28;"terça-feira";"08:00:00";"MA";226;361;"JENIPAPO DOS VIEIRAS";"Condutor deixou de manter distância do veículo da frente";"Colisão traseira";"Com Vítimas Feridas";"Pleno dia";"Crescente";"Céu Claro";"Simples";"Reta";"Não";7;0;3;0;3;1;3;4;-5,582597;-45,693133;"SPRF-MA";"DEL06-MA";"UOP01-DEL06-MA"
788449;2026-07-28;"terça-feira";"07:30:00";"MS";267;360,5;"MARACAJU";"Ultrapassagem Indevida";"Colisão frontal";"Com Vítimas Feridas";"Pleno dia";"Crescente";"Céu Claro";"Simples";"Reta";"Não";3;0;0;3;0;0;3;2;-21,64465233;-55,12089126;"SPRF-MS";"DEL02-MS";"UOP02-DEL02-MS"
788450;2026-07-28;"terça-feira";"09:00:00";"RJ";40;124,6;"RIO DE JANEIRO";"Condutor deixou de manter distância do veículo da frente";"Colisão traseira";"Com Vítimas Feridas";"Pleno dia";"Crescente";"Céu Claro";"Dupla";"Reta";"Sim";3;0;2;0;1;0;2;2;-22,81360863;-43,28799963;"SPRF-RJ";"DEL01-RJ";"UOP02-DEL01-RJ"
788452;2026-07-28;"terça-feira";"11:45:00";"SC";101;192;"BIGUACU";"Acessar a via sem observar a presença dos outros veículos";"Colisão lateral mesmo sentido";"Com Vítimas Feridas";"Pleno dia";"Crescente";"Céu Claro";"Dupla";"Interseção de Vias";"Sim";2;0;1;0;1;0;1;2;-27,48722;-48,65191;"SPRF-SC";"DEL01-SC";"UOP01-DEL01-SC"
788457;2026-07-28;"terça-feira";"11:30:00";"GO";60;124;"GOIANAPOLIS";"Avarias e/ou desgaste excessivo no pneu";"Saída de leito carroçável";"Sem Vítimas";"Pleno dia";"Crescente";"Céu Claro";"Dupla";"Declive";"Não";2;0;0;0;1;1;0;2;-16,521543;-49,128297;"SPRF-GO";"DEL01-GO";"UOP01-DEL01-GO"
788458;2026-07-28;"terça-feira";"09:30:00";"PR";277;238;"FERNANDES PINHEIRO";"Condutor deixou de manter distância do veículo da frente";"Engavetamento";"Com Vítimas Feridas";"Pleno dia";"Crescente";"Céu Claro";"Simples";"Reta";"Não";3;0;1;0;1;1;1;3;-25,46361823;-50,55431843;"SPRF-PR";"DEL08-PR";"UOP02-DEL08-PR"
788462;2026-07-28;"terça-feira";"11:20:00";"GO";20;70;"FORMOSA";"Demais falhas mecânicas ou elétricas";"Incêndio";"Sem Vítimas";"Pleno dia";"Crescente";"Céu Claro";"Simples";"Reta;Declive";"Não";2;0;0;0;1;2;0;3;-15,17354205;-47,14508057;"SPRF-DF";"DEL02-DF";"UOP02-DEL02-DF"
788463;2026-07-28;"terça-feira";"12:23:00";"PE";407;122,9;"PETROLINA";"Reação tardia ou ineficiente do condutor";"Tombamento";"Com Vítimas Feridas";"Pleno dia";"Decrescente";"Céu Claro";"Dupla";"Reta";"Sim";2;0;1;0;1;0;1;2;-9,36779;-40,54202;"SPRF-PE";"DEL06-PE";"UOP01-DEL06-PE"
788466;2026-07-28;"terça-feira";"12:00:00";"PR";277;118,9;"CAMPO LARGO";"Ausência de reação do condutor";"Colisão traseira";"Com Vítimas Feridas";"Pleno dia";"Crescente";"Céu Claro";"Dupla";"Reta;Aclive";"Sim";3;0;1;0;1;1;1;3;-25,445785;-49,470653;"SPRF-PR";"DEL01-PR";"UOP07-DEL01-PR"
788468;2026-07-28;"terça-feira";"13:30:00";"TO";10;297,5;"SANTA ROSA DO TOCANTINS";"Transitar na contramão";"Colisão lateral sentido oposto";"Com Vítimas Fatais";"Pleno dia";"Crescente";"Céu Claro";"Simples";"Reta";"Não";3;1;0;0;1;3;0;5;-11,47319987;-48,05488586;"SPRF-TO";"DEL01-TO";"UOP03-DEL01-TO"
788470;2026-07-28;"terça-feira";"11:35:00";"SC";101;128,9;"CAMBORIU";"Reação tardia ou ineficiente do condutor";"Colisão lateral mesmo sentido";"Com Vítimas Feridas";"Pleno dia";"Decrescente";"Sol";"Dupla";"Curva";"Sim";3;0;0;1;1;1;1;3;-26,98079;-48,67871;"SPRF-SC";"DEL04-SC";"UOP03-DEL04-SC"
788471;2026-07-28;"terça-feira";"12:03:00";"CE";116;92;"CASCAVEL";"Velocidade Incompatível";"Colisão traseira";"Com Vítimas Feridas";"Pleno dia";"Crescente";"Céu Claro";"Simples";"Reta;Em Obras";"Sim";2;0;0;1;1;0;1;2;-4,49696914;-38,36106498;"SPRF-CE";"DEL01-CE";"UOP04-DEL01-CE"
788474;2026-07-28;"terça-feira";"08:03:00";"PI";135;597;"CORRENTE";"Reação tardia ou ineficiente do condutor";"Saída de leito carroçável";"Com Vítimas Fatais";"Pleno dia";"Decrescente";"Sol";"Simples";"Reta";"Não";2;1;0;0;0;1;0;2;-10,500385;-45,185075;"SPRF-PI";"DEL03-PI";"UOP02-DEL03-PI"
788476;2026-07-28;"terça-feira";"13:53:00";"MG";381;490;"BETIM";"Manobra de mudança de faixa";"Colisão traseira";"Com Vítimas Feridas";"Pleno dia";"Crescente";"Céu Claro";"Dupla";"Reta";"Sim";3;0;1;0;1;1;1;3;-19,955951;-44,14726;"SPRF-MG";"DEL01-MG";"UOP03-DEL01-MG"
788484;2026-07-28;"terça-feira";"00:30:00";"MA";135;125;"MIRANDA DO NORTE";"Acesso irregular";"Colisão frontal";"Com Vítimas Feridas";"Plena Noite";"Crescente";"Céu Claro";"Simples";"Em Obras";"Sim";4;0;1;0;2;2;1;4;-3,55305299;-44,58276629;"SPRF-MA";"DEL01-MA";"UOP02-DEL01-MA"
788485;2026-07-28;"terça-feira";"13:35:00";"SP";116;49,7;"LORENA";"Ausência de reação do condutor";"Colisão traseira";"Com Vítimas Feridas";"Pleno dia";"Decrescente";"Sol";"Dupla";"Reta";"Não";3;0;2;0;0;1;2;2;-22,73424;-45,081572;"SPRF-SP";"DEL08-SP";"UOP02-DEL08-SP"
788487;2026-07-28;"terça-feira";"13:20:00";"PR";373;190,3;"PONTA GROSSA";"Mal súbito do condutor";"Colisão lateral mesmo sentido";"Com Vítimas Feridas";"Pleno dia";"Decrescente";"Céu Claro";"Simples";"Reta;Aclive";"Não";4;0;1;0;1;2;1;3;-25,055152;-50,341197;"SPRF-PR";"DEL03-PR";"UOP01-DEL03-PR"
788489;2026-07-28;"terça-feira";"11:30:00";"AL";101;108,3;"PILAR";"Carga excessiva e/ou mal acondicionada";"Derramamento de carga";"Com Vítimas Fatais";"Pleno dia";"Crescente";"Sol";"Dupla";"Reta";"Não";4;1;0;0;1;2;0;4;-9,59641;-36,00998;"SPRF-AL";"DEL02-AL";"UOP01-DEL02-AL"
788491;2026-07-28;"terça-feira";"14:10:00";"PR";369;392,1;"MAMBORE";"Condutor Dormindo";"Colisão lateral sentido oposto";"Com Vítimas Feridas";"Pleno dia";"Crescente";"Céu Claro";"Simples";"Reta";"Sim";4;0;2;0;1;2;2;4;-24,33355117;-52,68142962;"SPRF-PR";"DEL04-PR";"UOP03-DEL04-PR"
788496;2026-07-28;"terça-feira";"09:17:00";"RO";364;389;"OURO PRETO DO OESTE";"Transitar na contramão";"Colisão lateral sentido oposto";"Com Vítimas Fatais";"Pleno dia";"Crescente";"Céu Claro";"Simples";"Reta;Declive";"Não";6;1;2;2;0;3;4;5;-10,6772;-62,2822;"SPRF-RO";"DEL03-RO";"UOP02-DEL03-RO"
788500;2026-07-28;"terça-feira";"15:01:00";"MG";381;887;"CAMBUI";"Carga excessiva e/ou mal acondicionada";"Tombamento";"Sem Vítimas";"Pleno dia";"Decrescente";"Céu Claro";"Dupla";"Reta";"Não";1;0;0;0;1;0;0;1;-22,52806719;-46,02300525;"SPRF-MG";"DEL16-MG";"UOP01-DEL16-MG"
788503;2026-07-28;"terça-feira";"08:10:00";"MG";365;235;"BURITIZEIRO";"Ultrapassagem Indevida";"Colisão frontal";"Com Vítimas Fatais";"Pleno dia";"Decrescente";"Céu Claro";"Simples";"Reta";"Não";5;1;0;1;2;5;1;9;-17,713198;-45,41115;"SPRF-MG";"DEL10-MG";"UOP02-DEL010-MG"
788506;2026-07-28;"terça-feira";"15:19:00";"SP";153;168,9;"GUAICARA";"Ausência de reação do condutor";"Colisão traseira";"Com Vítimas Feridas";"Pleno dia";"Crescente";"Sol";"Simples";"Interseção de Vias;Reta";"Não";2;0;1;0;1;0;1;2;-21,5916415;-49,78476048;"SPRF-SP";"DEL07-SP";"UOP01-DEL07-SP"
788508;2026-07-28;"terça-feira";"10:30:00";"AC";364;130;"RIO BRANCO";"Demais falhas na via";"Colisão traseira";"Com Vítimas Fatais";"Pleno dia";"Decrescente";"Sol";"Dupla";"Reta";"Sim";4;1;0;0;2;1;0;3;-10,01536362;-67,84087014;"SPRF-AC";"DEL01-AC";"UOP01-DEL01-AC"
788510;2026-07-28;"terça-feira";"15:50:00";"SC";101;46;"JOINVILLE";"Ingestão de álcool pelo condutor";"Colisão com objeto";"Sem Vítimas";"Pleno dia";"Crescente";"Céu Claro";"Múltipla";"Interseção de Vias;Reta;Declive";"Sim";2;0;0;0;1;1;0;2;-26,35496335;-48,85903208;"SPRF-SC";"DEL03-SC";"UOP01-DEL03-SC"
788511;2026-07-28;"terça-feira";"15:10:00";"SC";282;406,7;"CATANDUVAS";"Ultrapassagem Indevida";"Colisão lateral sentido oposto";"Com Vítimas Feridas";"Pleno dia";"Decrescente";"Céu Claro";"Simples";"Curva;Declive";"Não";4;0;0;1;2;1;1;4;-27,08585;-51,6618;"SPRF-SC";"DEL07-SC";"UOP05-DEL07-SC"
788520;2026-07-28;"terça-feira";"17:05:00";"BA";116;906,8;"CANDIDO SALES";"Condutor deixou de manter distância do veículo da frente";"Engavetamento";"Com Vítimas Feridas";"Pleno dia";"Crescente";"Céu Claro";"Simples";"Reta";"Não";5;0;2;0;1;2;2;4;-15,4632764;-41,23512268;"SPRF-BA";"DEL08-BA";"UOP03-DEL08-BA"
788530;2026-07-28;"terça-feira";"06:00:00";"PE";101;69,4;"RECIFE";"Manobra de mudança de faixa";"Colisão lateral mesmo sentido";"Sem Vítimas";"Amanhecer";"Crescente";"Céu Claro";"Dupla";"Reta";"Não";2;0;0;0;2;0;0;2;-8,062869;-34,944933;"SPRF-PE";"DEL01-PE";"UOP01-DEL01-PE"
788531;2026-07-28;"terça-feira";"12:00:00";"MG";50;28;"ARAGUARI";"Mal súbito do condutor";"Saída de leito carroçável";"Com Vítimas Feridas";"Pleno dia";"Crescente";"Céu Claro";"Dupla";"Aclive";"Não";5;0;4;1;0;0;5;2;-18,6181583;-48,1034667;"SPRF-MG";"DEL15-MG";"UOP02-DEL15-MG"
788537;2026-07-28;"terça-feira";"08:30:00";"SP";116;145;"SAO JOSE DOS CAMPOS";"Manobra de mudança de faixa";"Colisão lateral mesmo sentido";"Sem Vítimas";"Pleno dia";"Decrescente";"Céu Claro";"Múltipla";"Reta";"Não";3;0;0;0;2;1;0;3;-23,186392;-45,852943;"SPRF-SP";"DEL02-SP";"UOP01-DEL02-SP"
788549;2026-07-28;"terça-feira";"12:16:00";"PA";163;495,5;"ITAITUBA";"Reação tardia ou ineficiente do condutor";"Tombamento";"Com Vítimas Feridas";"Pleno dia";"Crescente";"Céu Claro";"Simples";"Reta";"Não";2;0;1;0;0;1;1;2;-5,54518;-55,82517;"SPRF-PA";"DEL05-PA";"UOP03-DEL05-PA"
788551;2026-07-28;"terça-feira";"20:15:00";"ES";101;44;"CONCEICAO DA BARRA";"Condutor deixou de manter distância do veículo da frente";"Colisão traseira";"Com Vítimas Feridas";"Plena Noite";"Crescente";"Céu Claro";"Simples";"Reta";"Não";3;0;1;0;1;1;1;3;-18,530613;-39,909353;"SPRF-ES";"DEL04-ES";"UOP02-DEL04-ES"