"id";"data_inversa";"dia_semana";"horario";"uf";"br";"km";"municipio";"causa_acidente";"tipo_acidente";"classificacao_acidente";"fase_dia";"sentido_via";"condicao_metereologica";"tipo_pista";"tracado_via";"uso_solo";"pessoas";"mortos";"feridos_leves";"feridos_graves";"ilesos";"ignorados";"feridos";"veiculos";"latitude";"longitude";"regional";"delegacia";"uop"
788553;2026-07-28;"terça-feira";"10:00:00";"PA";155;196,5;"XINGUARA";"Ultrapassagem Indevida";"Colisão frontal";"Com Vítimas Fatais";"Pleno dia";"Decrescente";"Céu Claro";"Simples";"Reta";"Não";4;1;2;0;0;2;2;5;-6,55525;-49,42203;"SPRF-PA";"DEL03-PA";"UOP01-DEL03-PA"
788555;2026-07-28;"terça-feira";"20:15:00";"PR";163;300;"MERCEDES";"Reação tardia ou ineficiente do condutor";"Colisão traseira";"Com Vítimas Feridas";"Plena Noite";"Decrescente";"Céu Claro";"Simples";"Curva";"Não";3;0;1;0;2;0;1;2;-24,46280408;-54,15547069;"SPRF-PR";"DEL06-PR";"UOP02-DEL06-PR"
788563;2026-06-18;"quinta-feira";"18:00:00";"MT";158;673;"NOVA XAVANTINA";"Reação tardia ou ineficiente do condutor";"Colisão lateral sentido oposto";"Com Vítimas Feridas";"Anoitecer";"Crescente";"Céu Claro";"Simples";"Reta";"Não";3;0;0;1;1;4;1;6;-14,842076;-52,294937;"SPRF-MT";"DEL07-MT";"UOP01-DEL07-MT"
788564;2026-07-28;"terça-feira";"21:45:00";"RJ";493;55;"DUQUE DE CAXIAS";"Acessar a via sem observar a presença dos outros veículos";"Colisão transversal";"Com Vítimas Feridas";"Plena Noite";"Decrescente";"Nublado";"Dupla";"Reta";"Não";7;0;0;2;4;1;2;4;-22,65966056;-43,35577369;"SPRF-RJ";"DEL01-RJ";"UOP03-DEL01-RJ"
788565;2026-06-29;"segunda-feira";"11:20:00";"TO";10;456,4;"PALMAS";"Reação tardia ou ineficiente do condutor";"Colisão lateral mesmo sentido";"Com Vítimas Feridas";"Pleno dia";"Decrescente";"Céu Claro";"Dupla";"Reta";"Não";4;0;0;1;3;0;1;3;-10,288358;-48,297762;"SPRF-TO";"DEL01-TO";"UOP03-DEL01-TO"
788569;2026-07-28;"terça-feira";"20:41:00";"RN";304;171,3;"ANGICOS";"Animais na Pista";"Atropelamento de Animal";"Com Vítimas Feridas";"Plena Noite";"Decrescente";"Céu Claro";"Simples";"Reta";"Não";1;0;1;0;0;0;1;1;-5,687083;-36,416993;"SPRF-RN";"DEL01-RN";"UOP03-DEL01-RN"
788571;2026-07-28;"terça-feira";"22:30:00";"ES";101;439,1;"PRESIDENTE KENNEDY";"Transitar na contramão";"Colisão frontal";"Com Vítimas Feridas";"Plena Noite";"Decrescente";"Céu Claro";"Dupla";"Curva";"Não";2;0;2;0;0;0;2;2;-21,07456;-41,2285;"SPRF-ES";"DEL03-ES";"UOP02-DEL03-ES"
788574;2026-07-24;"sexta-feira";"13:10:00";"RO";429;12,7;"PRESIDENTE MEDICI";"Curva acentuada";"Tombamento";"Sem Vítimas";"Pleno dia";"Decrescente";"Sol";"Simples";"Curva";"Não";2;0;0;0;1;3;0;4;-11,2015;-62,007553;"SPRF-RO";"DEL02-RO";"UOP03-DEL02-RO"
788575;2026-06-20;"sábado";"08:20:00";"SC";470;122;"IBIRAMA";"Ultrapassagem Indevida";"Colisão frontal";"Com Vítimas Fatais";"Pleno dia";"Crescente";"Chuva";"Simples";"Aclive;Reta";"Não";3;1;0;0;2;0;0;3;-27,1030227;-49,5250875;"SPRF-SC";"DEL04-SC";"UOP02-DEL04-SC"
788579;2026-07-29;"quarta-feira";"01:00:00";"TO";153;656;"DUERE";"Ausência de reação do condutor";"Colisão traseira";"Com Vítimas Feridas";"Plena Noite";"Crescente";"Céu Claro";"Simples";"Aclive";"Não";4;0;0;1;2;1;1;3;-11,5841;-49,0348;"SPRF-TO";"DEL01-TO";"UOP02-DEL01-TO"
788580;2026-07-28;"terça-feira";"22:00:00";"RJ";116;94;"GUAPIMIRIM";"Manobra de mudança de faixa";"Colisão frontal";"Sem Vítimas";"Plena Noite";"Decrescente";"Céu Claro";"Simples";"Declive";"Não";4;0;0;0;3;1;0;2;-22,46643918;-43,00096957;"SPRF-RJ";"DEL04-RJ";"UOP01-DEL04-RJ"
788585;2026-07-29;"quarta-feira";"02:00:00";"MG";262;160;"SAO DOMINGOS DO PRATA";"Reação tardia ou ineficiente do condutor";"Tombamento";"Com Vítimas Feridas";"Plena Noite";"Decrescente";"Céu Claro";"Simples";"Curva;Declive";"Não";3;0;0;2;0;1;2;2;-19,963141;-42,835206;"SPRF-MG";"DEL03-MG";"UOP03-DEL03-MG"
788587;2026-07-29;"quarta-feira";"02:10:00";"GO";40;92;"CRISTALINA";"Ausência de sinalização";"Colisão transversal";"Com Vítimas Feridas";"Plena Noite";"Crescente";"Céu Claro";"Simples";"Interseção de Vias";"Não";3;0;1;0;2;0;1;2;-16,733787;-47,621668;"SPRF-DF";"DEL01-DF";"UOP02-DEL01-DF"
788588;2026-07-28;"terça-feira";"21:30:00";"RJ";116;235,7;"PIRAI";"Ausência de reação do condutor";"Tombamento";"Com Vítimas Feridas";"Plena Noite";"Crescente";"Céu Claro";"Dupla";"Aclive";"Não";4;0;3;0;0;1;3;2;-22,64024265;-43,89841032;"SPRF-RJ";"DEL07-RJ";"UOP01-DEL07-RJ"
788591;2026-07-29;"quarta-feira";"01:45:00";"MG";365;581;"INDIANOPOLIS";"Velocidade Incompatível";"Colisão traseira";"Com Vítimas Feridas";"Plena Noite";"Crescente";"Céu Claro";"Dupla";"Interseção de Vias;Retorno Regulamentado";"Não";3;0;1;0;1;3;1;5;-18,877092;-47,944232;"SPRF-MG";"DEL15-MG";"UOP02-DEL15-MG"
788594;2026-07-29;"quarta-feira";"02:00:00";"BA";101;7;"RIO REAL";"Demais falhas mecânicas ou elétricas";"Incêndio";"Sem Vítimas";"Plena Noite";"Crescente";"Céu Claro";"Simples";"Reta";"Não";2;0;0;0;1;3;0;4;-11,53933109;-37,85731006;"SPRF-SE";"DEL02-SE";"UOP03-DEL02-SE"
788595;2026-07-29;"quarta-feira";"05:05:00";"MG";381;505;"BETIM";"Reação tardia ou ineficiente do condutor";"Colisão traseira";"Com Vítimas Feridas";"Pleno dia";"Decrescente";"Céu Claro";"Múltipla";"Aclive;Reta";"Sim";2;0;1;0;1;0;1;2;-20,0338039;-44,2415273;"SPRF-MG";"DEL01-MG";"UOP03-DEL01-MG"
788596;2026-07-29;"quarta-feira";"05:30:00";"DF";60;12,2;"BRASILIA";"Ausência de reação do condutor";"Engavetamento";"Com Vítimas Feridas";"Amanhecer";"Decrescente";"Céu Claro";"Dupla";"Reta";"Sim";4;0;1;0;2;1;1;4;-15,918413;-48,164725;"SPRF-DF";"DEL03-DF";"UOP01-DEL03-DF"
788597;2026-07-29;"quarta-feira";"04:40:00";"SC";282;56,1;"RANCHO QUEIMADO";"Chuva";"Colisão frontal";"Com Vítimas Fatais";"Plena Noite";"Decrescente";"Chuva";"Simples";"Curva";"Não";3;1;0;0;1;1;0;3;-27,690331;-48,992324;"SPRF-SC";"DEL01-SC";"UOP03-DEL01-SC"
788599;2026-07-29;"quarta-feira";"06:10:00";"CE";222;231;"SOBRAL";"Acessar a via sem observar a presença dos outros veículos";"Colisão transversal";"Com Vítimas Feridas";"Pleno dia";"Decrescente";"Céu Claro";"Simples";"Reta";"Sim";4;0;1;0;2;1;1;4;-3,70676;-40,40802;"SPRF-CE";"DEL04-CE";"UOP01-DEL04-CE"
788601;2026-07-29;"quarta-feira";"06:12:00";"BA";324;531;"FEIRA DE SANTANA";"Manobra de mudança de faixa";"Colisão lateral mesmo sentido";"Com Vítimas Feridas";"Pleno dia";"Decrescente";"Céu Claro";"Dupla";"Declive;Reta";"Não";4;0;1;0;2;2;1;4;-12,3471533;-38,83733;"SPRF-BA";"DEL11-BA";"UOP02-DEL11-BA"
788606;2026-07-29;"quarta-feira";"06:30:00";"SC";116;267,1;"CAPAO ALTO";"Manobra de mudança de faixa";"Colisão lateral sentido oposto";"Com Vítimas Feridas";"Plena Noite";"Crescente";"Chuva";"Simples";"Curva";"Não";4;0;2;0;1;1;2;3;-27,95231624;-50,47977297;"SPRF-SC";"DEL05-SC";"UOP02-DEL05-SC"
788608;2026-07-29;"quarta-feira";"05:20:00";"PR";116;105;"SAO JOSE DOS PINHAIS";"Ausência de reação do condutor";"Colisão traseira";"Com Vítimas Fatais";"Plena Noite";"Crescente";"Céu Claro";"Dupla";"Reta";"Não";3;1;0;0;2;0;0;2;-25,57104929;-49,21041235;"SPRF-PR";"DEL01-PR";"UOP08-DEL01-PR"
788612;2026-07-29;"quarta-feira";"07:30:00";"ES";101;203,4;"JOAO NEIVA";"Transitar no Acostamento";"Colisão lateral mesmo sentido";"Com Vítimas Feridas";"Pleno dia";"Decrescente";"Céu Claro";"Simples";"Reta";"Sim";3;0;1;0;1;1;1;3;-19,74447178;-40,37370297;"SPRF-ES";"DEL04-ES";"UOP01-DEL04-ES"
788618;2026-07-29;"quarta-feira";"07:55:00";"PE";232;11;"JABOATAO DOS GUARARAPES";"Reação tardia ou ineficiente do condutor";"Colisão traseira";"Com Vítimas Feridas";"Pleno dia";"Crescente";"Sol";"Dupla";"Aclive;Reta";"Sim";3;0;1;0;1;1;1;3;-8,0827957;-34,99653904;"SPRF-PE";"DEL01-PE";"UOP01-DEL01-PE"
788619;2026-07-29;"quarta-feira";"07:40:00";"MG";116;553,1;"SANTA BARBARA DO LESTE";"Velocidade Incompatível";"Colisão traseira";"Com Vítimas Feridas";"Pleno dia";"Crescente";"Sol";"Múltipla";"Em Obras";"Não";2;0;0;1;1;0;1;2;-20,000855;-42,140428;"SPRF-MG";"DEL06-MG";"UOP02-DEL06-MG"
788629;2026-07-29;"quarta-feira";"08:10:00";"MG";153;104,7;"PRATA";"Demais falhas mecânicas ou elétricas";"Saída de leito carroçável";"Com Vítimas Feridas";"Pleno dia";"Crescente";"Céu Claro";"Simples";"Declive;Curva";"Não";1;0;1;0;0;0;1;1;-19,266808;-48,92162;"SPRF-MG";"DEL15-MG";"UOP03-DEL15-MG"
788639;2026-07-29;"quarta-feira";"09:00:00";"ES";101;215;"IBIRACU";"Acessar a via sem observar a presença dos outros veículos";"Colisão transversal";"Com Vítimas Feridas";"Pleno dia";"Crescente";"Céu Claro";"Simples";"Reta;Retorno Regulamentado";"Não";5;0;2;0;2;1;2;4;-19,831462;-40,380069;"SPRF-ES";"DEL02-ES";"UOP01-DEL02-ES"
788644;2026-06-12;"sexta-feira";"07:30:00";"RJ";493;25;"MAGE";"Condutor deixou de manter distância do veículo da frente";"Engavetamento";"Com Vítimas Feridas";"Pleno dia";"Decrescente";"Nevoeiro/Neblina";"Simples";"Em Obras;Reta";"Não";6;0;0;1;4;2;1;7;-22,657985;-43,078437;"SPRF-RJ";"DEL04-RJ";"UOP02-DEL04-RJ"
788651;2026-07-29;"quarta-feira";"10:35:00";"MA";135;10;"SAO LUIS";"Acessar a via sem observar a presença dos outros veículos";"Colisão lateral mesmo sentido";"Sem Vítimas";"Pleno dia";"Decrescente";"Céu Claro";"Dupla";"Curva";"Sim";2;0;0;0;2;0;0;2;-2,66277229;-44,285671;"SPRF-MA";"DEL01-MA";"UOP01-DEL01-MA"
788653;2026-07-29;"quarta-feira";"10:00:00";"MS";267;155,1;"NOVA ANDRADINA";"Condutor Dormindo";"Colisão traseira";"Com Vítimas Feridas";"Pleno dia";"Crescente";"Céu Claro";"Simples";"Reta;Aclive";"Não";3;0;1;0;1;3;1;5;-21,63724;-53,534;"SPRF-MS";"DEL02-MS";"UOP03-DEL02-MS"
788655;2026-07-29;"quarta-feira";"10:50:00";"GO";60;164,7;"GOIANIA";"Demais falhas mecânicas ou elétricas";"Saída de leito carroçável";"Com Vítimas Feridas";"Pleno dia";"Decrescente";"Céu Claro";"Dupla";"Reta";"Sim";3;0;2;0;0;1;2;2;-16,715817;-49,362745;"SPRF-GO";"DEL01-GO";"UOP02-DEL01-GO"
788656;2026-07-29;"quarta-feira";"10:50:00";"RS";290;292;"ELDORADO DO SUL";"Ausência de reação do condutor";"Colisão traseira";"Com Vítimas Feridas";"Pleno dia";"Crescente";"Céu Claro";"Dupla";"Reta;Interseção de Vias";"Não";6;0;1;0;3;2;1;4;-30,04602018;-51,33217093;"SPRF-RS";"DEL02-RS";"UOP03-DEL02-RS"
788658;2026-07-29;"quarta-feira";"11:15:00";"MG";116;705,3;"MURIAE";"Desrespeitar a preferência no cruzamento";"Colisão transversal";"Com Vítimas Feridas";"Pleno dia";"Crescente";"Sol";"Simples";"Reta;Interseção de Vias";"Sim";3;0;1;0;1;1;1;3;-21,14530172;-42,38003969;"SPRF-MG";"DEL07-MG";"UOP02-DEL07-MG"
788662;2026-07-29;"quarta-feira";"12:00:00";"PB";230;108,6;"INGA";"Demais falhas mecânicas ou elétricas";"Incêndio";"Sem Vítimas";"Pleno dia";"Crescente";"Céu Claro";"Dupla";"Reta";"Não";1;0;0;0;1;0;0;1;-7,204007;-35,561112;"SPRF-PB";"DEL01-PB";"UOP02-DEL01-PB"
788665;2026-05-05;"terça-feira";"12:25:00";"PA";163;286;"NOVO PROGRESSO";"Ausência de reação do condutor";"Colisão lateral sentido oposto";"Sem Vítimas";"Pleno dia";"Crescente";"Ignorado";"Simples";"Reta;Declive";"Não";3;0;0;0;0;7;0;7;-7,242648;-55,33917;"SPRF-PA";"DEL05-PA";"UOP03-DEL05-PA"
788667;2026-07-29;"quarta-feira";"12:36:00";"PE";101;55;"PAULISTA";"Ausência de reação do condutor";"Colisão traseira";"Com Vítimas Feridas";"Pleno dia";"Crescente";"Céu Claro";"Dupla";"Curva";"Não";2;0;1;0;0;1;1;2;-7,94883716;-34,90723221;"SPRF-PE";"DEL01-PE";"UOP02-DEL01-PE"
788669;2026-07-29;"quarta-feira";"13:00:00";"ES";101;145,5;"LINHARES";"Condutor deixou de manter distância do veículo da frente";"Colisão traseira";"Com Vítimas Feridas";"Pleno dia";"Crescente";"Sol";"Múltipla";"Reta";"Sim";6;0;0;1;5;0;1;6;-19,36672581;-40,06552784;"SPRF-ES";"DEL04-ES";"UOP01-DEL04-ES"
788677;2026-07-29;"quarta-feira";"12:34:00";"MG";251;509,7;"FRANCISCO SA";"Acumulo de óleo sobre o pavimento";"Tombamento";"Com Vítimas Fatais";"Pleno dia";"Decrescente";"Céu Claro";"Simples";"Reta;Aclive";"Não";4;1;0;1;1;2;1;4;-16,62713215;-43,69374124;"SPRF-MG";"DEL12-MG";"UOP01-DEL12-MG"
788679;2026-07-29;"quarta-feira";"12:00:00";"MG";116;702,7;"MURIAE";"Velocidade Incompatível";"Colisão traseira";"Com Vítimas Feridas";"Pleno dia";"Decrescente";"Céu Claro";"Simples";"Reta";"Sim";2;0;1;0;1;0;1;2;-21,127438;-42,38326;"SPRF-MG";"DEL07-MG";"UOP02-DEL07-MG"
788682;2026-07-29;"quarta-feira";"10:00:00";"SC";280;144;"MAFRA";"Velocidade Incompatível";"Colisão frontal";"Com Vítimas Feridas";"Pleno dia";"Crescente";"Chuva";"Simples";"Curva;Declive";"Não";3;0;2;0;0;3;2;5;-26,2448;-49,64445;"SPRF-SC";"DEL06-SC";"UOP03-DEL06-SC"
788688;2026-07-29;"quarta-feira";"12:50:00";"TO";153;345;"GUARAI";"Acostamento em desnível";"Tombamento";"Sem Vítimas";"Pleno dia";"Decrescente";"Céu Claro";"Simples";"Reta";"Não";2;0;0;0;1;3;0;4;-8,941612;-48,504768;"SPRF-TO";"DEL02-TO";"UOP02-DEL02-TO"
788692;2026-07-29;"quarta-feira";"15:30:00";"PR";277;117;"CAMPO LARGO";"Condutor deixou de manter distância do veículo da frente";"Colisão traseira";"Com Vítimas Feridas";"Pleno dia";"Decrescente";"Sol";"Dupla";"Reta";"Sim";4;0;1;0;2;1;1;3;-25,43422983;-49,41556899;"SPRF-PR";"DEL01-PR";"UOP07-DEL01-PR"
788694;2026-07-29;"quarta-feira";"15:00:00";"PB";230;27;"JOAO PESSOA";"Reação tardia ou ineficiente do condutor";"Colisão traseira";"Com Vítimas Feridas";"Pleno dia";"Crescente";"Céu Claro";"Dupla";"Reta";"Sim";2;0;1;0;1;0;1;2;-7,16680945;-34,88696909;"SPRF-PB";"DEL01-PB";"UOP01-DEL01-PB"
788695;2026-07-29;"quarta-feira";"12:00:00";"BA";116;183;"CANUDOS";"Ultrapassagem Indevida";"Colisão frontal";"Sem Vítimas";"Pleno dia";"Decrescente";"Céu Claro";"Simples";"Reta";"Não";4;0;0;0;3;1;0;2;-10,00741311;-39,16084815;"SPRF-BA";"DEL07-BA";"UOP03-DEL07-BA"
788697;2026-07-29;"quarta-feira";"16:20:00";"ES";101;119,8;"SOORETAMA";"Condutor deixou de manter distância do veículo da frente";"Engavetamento";"Com Vítimas Feridas";"Pleno dia";"Decrescente";"Céu Claro";"Simples";"Aclive;Reta";"Não";4;0;1;1;1;3;2;6;-19,17532848;-40,09048462;"SPRF-ES";"DEL04-ES";"UOP01-DEL04-ES"
788700;2026-07-29;"quarta-feira";"15:15:00";"PR";376;525,2;"PALMEIRA";"Ausência de reação do condutor";"Colisão com objeto";"Com Vítimas Feridas";"Pleno dia";"Crescente";"Nublado";"Dupla";"Declive;Reta";"Não";3;0;1;0;1;1;1;3;-25,30665488;-49,8880781;"SPRF-PR";"DEL03-PR";"UOP03-DEL03-PR"
788701;2026-07-29;"quarta-feira";"16:25:00";"GO";50;280,6;"CATALAO";"Condutor desrespeitou a iluminação vermelha do semáforo";"Colisão transversal";"Com Vítimas Feridas";"Anoitecer";"Decrescente";"Céu Claro";"Simples";"Interseção de Vias";"Sim";2;0;1;0;1;0;1;2;-18,18151576;-47,94126246;"SPRF-GO";"DEL06-GO";"UOP01-DEL06-GO"
788705;2026-07-29;"quarta-feira";"16:30:00";"RS";285;464;"IJUI";"Acessar a via sem observar a presença dos outros veículos";"Colisão transversal";"Sem Vítimas";"Pleno dia";"Crescente";"Céu Claro";"Simples";"Interseção de Vias";"Não";3;0;0;0;3;0;0;2;-28,40098933;-53,95554185;"SPRF-RS";"DEL10-RS";"UOP01-DEL10-RS"
788716;2026-07-29;"quarta-feira";"16:30:00";"SP";488;2;"APARECIDA";"Condutor deixou de manter distância do veículo da frente";"Colisão lateral mesmo sentido";"Sem Vítimas";"Pleno dia";"Decrescente";"Céu Claro";"Dupla";"Rotatória";"Sim";3;0;0;0;3;0;0;2;-22,84744859;-45,2343792;"SPRF-SP";"DEL08-SP";"UOP01-DEL08-SP"
788717;2026-07-29;"quarta-feira";"16:45:00";"RJ";493;22,9;"MAGE";"Ausência de reação do condutor";"Engavetamento";"Com Vítimas Feridas";"Pleno dia";"Decrescente";"Vento";"Simples";"Reta;Em Obras";"Sim";8;0;1;0;6;1;1;4;-22,657014;-43,066054;"SPRF-RJ";"DEL04-RJ";"UOP02-DEL04-RJ"
788721;2026-07-13;"segunda-feira";"06:40:00";"GO";452;32;"SANTA HELENA DE GOIAS";"Acessar a via sem observar a presença dos outros veículos";"Colisão transversal";"Com Vítimas Feridas";"Amanhecer";"Crescente";"Nublado";"Simples";"Interseção de Vias;Reta";"Não";3;0;1;0;2;0;1;2;-17,9064383;-50,6311817;"SPRF-GO";"DEL04-GO";"UOP01-DEL04-GO"
788728;2026-07-29;"quarta-feira";"13:56:00";"RO";364;460,7;"ARIQUEMES";"Transitar na contramão";"Colisão frontal";"Com Vítimas Fatais";"Pleno dia";"Decrescente";"Céu Claro";"Simples";"Reta";"Não";2;1;0;0;1;0;0;2;-10,24676;-62,7342;"SPRF-RO";"DEL03-RO";"UOP02-DEL03-RO"
788733;2026-07-29;"quarta-feira";"16:45:00";"GO";364;307;"MINEIROS";"Demais falhas mecânicas ou elétricas";"Tombamento";"Sem Vítimas";"Pleno dia";"Crescente";"Céu Claro";"Múltipla";"Interseção de Vias";"Não";2;0;0;0;1;1;0;2;-17,486727;-52,554972;"SPRF-GO";"DEL05-GO";"UOP01-DEL05-GO"
788736;2026-07-29;"quarta-feira";"18:50:00";"PR";369;157,9;"LONDRINA";"Reação tardia ou ineficiente do condutor";"Colisão traseira";"Com Vítimas Feridas";"Plena Noite";"Decrescente";"Chuva";"Dupla";"Viaduto";"Sim";7;0;1;0;5;1;1;5;-23,285448;-51,235033;"SPRF-PR";"DEL07-PR";"UOP01-DEL07-PR"
788741;2026-07-29;"quarta-feira";"18:34:00";"PE";232;192,9;"SANHARO";"Pedestre andava na pista";"Atropelamento de Pedestre";"Com Vítimas Fatais";"Plena Noite";"Crescente";"Céu Claro";"Simples";"Reta";"Não";2;1;0;0;0;1;0;2;-8,35995555;-36,545579;"SPRF-PE";"DEL03-PE";"UOP02-DEL03-PE"
788748;2026-07-29;"quarta-feira";"18:40:00";"GO";50;114,9;"CRISTALINA";"Ausência de reação do condutor";"Colisão traseira";"Sem Vítimas";"Plena Noite";"Decrescente";"Céu Claro";"Dupla";"Reta";"Não";3;0;0;0;2;2;0;4;-16,965076;-47,267398;"SPRF-DF";"DEL01-DF";"UOP02-DEL01-DF"
788750;2026-07-29;"quarta-feira";"19:45:00";"RJ";116;217;"PARACAMBI";"Acesso irregular";"Atropelamento de Pedestre";"Com Vítimas Feridas";"Plena Noite";"Decrescente";"Céu Claro";"Dupla";"Reta";"Não";3;0;0;1;2;0;1;3;-22,70058383;-43,75545502;"SPRF-RJ";"DEL06-RJ";"UOP02-DEL06-RJ"
788752;2026-07-29;"quarta-feira";"20:20:00";"TO";153;247;"COLINAS DO TOCANTINS";"Ingestão de álcool pelo condutor";"Colisão lateral sentido oposto";"Com Vítimas Feridas";"Plena Noite";"Decrescente";"Céu Claro";"Simples";"Reta";"Não";3;0;0;1;1;1;1;3;-8,00848364;-48,46478909;"SPRF-TO";"DEL02-TO";"UOP02-DEL02-TO"
788753;2026-07-29;"quarta-feira";"21:30:00";"RN";406;162,1;"SAO GONCALO DO AMARANTE";"Condutor deixou de manter distância do veículo da frente";"Colisão traseira";"Com Vítimas Feridas";"Plena Noite";"Decrescente";"Céu Claro";"Simples";"Reta;Declive";"Não";5;0;3;0;2;0;3;4;-5,72980853;-35,35997314;"SPRF-RN";"DEL02-RN";"UOP01-DEL02-RN"
788764;2026-07-18;"sábado";"00:45:00";"SP";116;29,5;"CRUZEIRO";"Condutor Dormindo";"Colisão traseira";"Com Vítimas Feridas";"Plena Noite";"Decrescente";"Céu Claro";"Dupla";"Reta";"Não";15;0;13;0;1;1;13;3;-22,63230475;-44,92753476;"SPRF-SP";"DEL08-SP";"UOP02-DEL08-SP"
788765;2026-07-29;"quarta-feira";"20:30:00";"RJ";101;261;"RIO BONITO";"Velocidade Incompatível";"Colisão com objeto";"Com Vítimas Feridas";"Plena Noite";"Crescente";"Céu Claro";"Dupla";"Curva";"Sim";3;0;0;1;1;3;1;5;-22,71211419;-42,61282861;"SPRF-RJ";"DEL02-RJ";"UOP03-DEL02-RJ"
788766;2026-07-29;"quarta-feira";"20:00:00";"PE";316;140;"PARNAMIRIM";"Reação tardia ou ineficiente do condutor";"Tombamento";"Com Vítimas Feridas";"Plena Noite";"Crescente";"Céu Claro";"Simples";"Reta";"Não";2;0;1;0;0;1;1;2;-8,084903;-39,60445;"SPRF-PE";"DEL05-PE";"UOP02-DEL05-PE"
788769;2026-01-19;"segunda-feira";"14:40:00";"BA";324;617;"SALVADOR";"Ausência de reação do condutor";"Colisão lateral mesmo sentido";"Com Vítimas Feridas";"Pleno dia";"Crescente";"Céu Claro";"Dupla";"Reta";"Sim";4;0;0;1;2;2;1;4;-12,8881;-38,441347;"SPRF-BA";"DEL01-BA";"UOP01-DEL01-BA"
788774;2026-07-30;"quinta-feira";"01:00:00";"SC";101;154,4;"PORTO BELO";"Reação tardia ou ineficiente do condutor";"Atropelamento de Pedestre";"Com Vítimas Feridas";"Plena Noite";"Crescente";"Nublado";"Dupla";"Reta";"Não";5;0;0;1;1;3;1;4;-27,1562266;-48,61087723;"SPRF-SC";"DEL04-SC";"UOP03-DEL04-SC"
788775;2026-07-29;"quarta-feira";"23:30:00";"SC";116;129;"SANTA CECILIA";"Ausência de reação do condutor";"Colisão transversal";"Sem Vítimas";"Plena Noite";"Crescente";"Céu Claro";"Simples";"Reta";"Não";2;0;0;0;2;0;0;2;-26,88665;-50,432415;"SPRF-SC";"DEL06-SC";"UOP02-DEL06-SC"
788781;2026-07-30;"quinta-feira";"04:10:00";"BA";101;840,8;"PRADO";"Ausência de reação do condutor";"Saída de leito carroçável";"Com Vítimas Feridas";"Plena Noite";"Decrescente";"Nevoeiro/Neblina";"Simples";"Curva;Declive";"Não";1;0;0;1;0;0;1;1;-17,252062;-39,627533;"SPRF-BA";"DEL09-BA";"UOP02-DEL09-BA"
788783;2026-07-30;"quinta-feira";"04:00:00";"MS";158;116;"APARECIDA DO TABOADO";"Entrada inopinada do pedestre";"Atropelamento de Pedestre";"Com Vítimas Feridas";"Plena Noite";"Crescente";"Nublado";"Simples";"Reta;Aclive";"Não";4;0;0;1;2;2;1;4;-19,876252;-51,130535;"SPRF-MS";"DEL08-MS";"UOP01-DEL08-MS"
788785;2026-07-30;"quinta-feira";"05:15:00";"MG";40;512,4;"RIBEIRAO DAS NEVES";"Trafegar com motocicleta (ou similar) entre as faixas";"Colisão traseira";"Com Vítimas Feridas";"Pleno dia";"Crescente";"Céu Claro";"Dupla";"Reta";"Sim";2;0;0;1;0;1;1;2;-19,795087;-44,109946;"SPRF-MG";"DEL01-MG";"UOP02-DEL01-MG"
788786;2026-07-30;"quinta-feira";"05:05:00";"GO";40;21,3;"LUZIANIA";"Retorno proibido";"Colisão transversal";"Com Vítimas Fatais";"Amanhecer";"Crescente";"Céu Claro";"Dupla";"Reta";"Sim";3;1;0;0;1;2;0;4;-16,2221;-47,915;"SPRF-DF";"DEL01-DF";"UOP01-DEL01-DF"
788797;2026-07-30;"quinta-feira";"07:00:00";"BA";116;230;"QUIJINGUE";"Ausência de reação do condutor";"Tombamento";"Sem Vítimas";"Pleno dia";"Decrescente";"Céu Claro";"Simples";"Declive";"Não";2;0;0;0;1;1;0;2;-10,6479553;-38,953228;"SPRF-BA";"DEL07-BA";"UOP03-DEL07-BA"
788801;2026-07-30;"quinta-feira";"07:10:00";"SP";153;62,1;"SAO JOSE DO RIO PRETO";"Reação tardia ou ineficiente do condutor";"Colisão com objeto";"Com Vítimas Feridas";"Pleno dia";"Decrescente";"Chuva";"Dupla";"Viaduto;Declive;Reta";"Sim";5;0;1;2;0;2;3;4;-20,81309;-49,35677;"SPRF-SP";"DEL09-SP";"UOP01-DEL09-SP"
788805;2026-07-30;"quinta-feira";"08:00:00";"ES";101;330;"GUARAPARI";"Reação tardia ou ineficiente do condutor";"Colisão lateral mesmo sentido";"Com Vítimas Feridas";"Pleno dia";"Crescente";"Céu Claro";"Dupla";"Curva";"Não";3;0;0;1;1;2;1;4;-20,59492;-40,50267;"SPRF-ES";"DEL03-ES";"UOP01-DEL03-ES"
788806;2026-07-30;"quinta-feira";"07:45:00";"SC";101;204,4;"SAO JOSE";"Manobra de mudança de faixa";"Colisão lateral mesmo sentido";"Com Vítimas Feridas";"Pleno dia";"Crescente";"Céu Claro";"Múltipla";"Reta";"Não";2;0;1;0;1;0;1;2;-27,579424;-48,614078;"SPRF-SC";"DEL01-SC";"UOP01-DEL01-SC"
788807;2026-07-30;"quinta-feira";"07:54:00";"RN";304;46,8;"MOSSORO";"Acessar a via sem observar a presença dos outros veículos";"Colisão lateral mesmo sentido";"Sem Vítimas";"Pleno dia";"Decrescente";"Céu Claro";"Dupla";"Reta";"Sim";2;0;0;0;2;0;0;2;-5,22558;-37,33322;"SPRF-RN";"DEL04-RN";"UOP01-DEL04-RN"