"id";"data_inversa";"dia_semana";"horario";"uf";"br";"km";"municipio";"causa_acidente";"tipo_acidente";"classificacao_acidente";"fase_dia";"sentido_via";"condicao_metereologica";"tipo_pista";"tracado_via";"uso_solo";"pessoas";"mortos";"feridos_leves";"feridos_graves";"ilesos";"ignorados";"feridos";"veiculos";"latitude";"longitude";"regional";"delegacia";"uop"
788809;2026-07-30;"quinta-feira";"08:00:00";"MG";381;726,5;"CARMO DA CACHOEIRA";"Velocidade Incompatível";"Colisão traseira";"Com Vítimas Feridas";"Pleno dia";"Decrescente";"Céu Claro";"Dupla";"Reta;Declive;Retorno Regulamentado";"Não";3;0;1;0;1;2;1;4;-21,48454863;-45,20489629;"SPRF-MG";"DEL04-MG";"UOP02-DEL04-MG"
788810;2026-07-29;"quarta-feira";"23:00:00";"RJ";393;197;"RIO DAS FLORES";"Ultrapassagem Indevida";"Colisão lateral sentido oposto";"Com Vítimas Feridas";"Plena Noite";"Crescente";"Ignorado";"Simples";"Reta";"Não";3;0;1;0;1;1;1;3;-22,213055;-43,404121;"SPRF-RJ";"DEL05-RJ";"UOP03-DEL05-RJ"
788811;2026-07-30;"quinta-feira";"02:50:00";"RJ";116;270;"BARRA MANSA";"Neblina";"Colisão traseira";"Com Vítimas Feridas";"Plena Noite";"Crescente";"Nevoeiro/Neblina";"Múltipla";"Curva";"Não";3;0;1;0;1;1;1;2;-22,56926454;-44,12011933;"SPRF-RJ";"DEL07-RJ";"UOP02-DEL07-RJ"
788816;2026-07-30;"quinta-feira";"07:10:00";"MT";364;239;"JUSCIMEIRA";"Condutor Dormindo";"Colisão traseira";"Com Vítimas Feridas";"Pleno dia";"Decrescente";"Céu Claro";"Dupla";"Reta";"Não";3;0;0;1;1;4;1;6;-16,18241489;-54,78787243;"SPRF-MT";"DEL02-MT";"UOP01-DEL02-MT"
788818;2026-07-30;"quinta-feira";"07:30:00";"BA";101;299;"VALENCA";"Reação tardia ou ineficiente do condutor";"Colisão transversal";"Sem Vítimas";"Pleno dia";"Crescente";"Céu Claro";"Simples";"Interseção de Vias;Reta;Em Obras";"Não";2;0;0;0;1;1;0;2;-13,2238818;-39,3258194;"SPRF-BA";"DEL11-BA";"UOP01-DEL11-BA"
788823;2026-07-30;"quinta-feira";"08:35:00";"MG";40;730,1;"OLIVEIRA FORTES";"Reação tardia ou ineficiente do condutor";"Tombamento";"Com Vítimas Feridas";"Pleno dia";"Crescente";"Céu Claro";"Dupla";"Curva";"Não";2;0;1;0;0;1;1;2;-21,32893591;-43,58538151;"SPRF-MG";"DEL05-MG";"UOP01-DEL05-MG"
788829;2026-07-30;"quinta-feira";"09:00:00";"SP";116;66,4;"GUARATINGUETA";"Ausência de reação do condutor";"Saída de leito carroçável";"Com Vítimas Fatais";"Pleno dia";"Decrescente";"Céu Claro";"Dupla";"Curva";"Não";1;1;0;0;0;0;0;1;-22,82582;-45,20394;"SPRF-SP";"DEL08-SP";"UOP01-DEL08-SP"
788831;2026-07-30;"quinta-feira";"07:13:00";"MT";364;519;"ROSARIO OESTE";"Reação tardia ou ineficiente do condutor";"Saída de leito carroçável";"Com Vítimas Feridas";"Pleno dia";"Decrescente";"Céu Claro";"Simples";"Reta";"Não";2;0;0;1;0;1;1;2;-15,031656;-56,51512;"SPRF-MT";"DEL01-MT";"UOP01-DEL01-MT"
788839;2026-07-30;"quinta-feira";"09:30:00";"MG";40;177,8;"JOAO PINHEIRO";"Transitar na contramão";"Colisão lateral sentido oposto";"Com Vítimas Feridas";"Pleno dia";"Decrescente";"Céu Claro";"Simples";"Reta";"Não";5;0;0;1;3;1;1;4;-17,96875;-45,99675;"SPRF-MG";"DEL14-MG";"UOP02-DEL14-MG"
788843;2026-07-30;"quinta-feira";"06:00:00";"PI";230;235,9;"OEIRAS";"Acessar a via sem observar a presença dos outros veículos";"Colisão transversal";"Com Vítimas Feridas";"Amanhecer";"Crescente";"Céu Claro";"Simples";"Reta";"Não";4;0;0;2;1;3;2;5;-6,988127;-42,419203;"SPRF-PI";"DEL03-PI";"UOP01-DEL03-PI"
788845;2026-07-30;"quinta-feira";"09:20:00";"MT";364;397;"CUIABA";"Reação tardia ou ineficiente do condutor";"Colisão traseira";"Com Vítimas Feridas";"Pleno dia";"Decrescente";"Sol";"Dupla";"Reta";"Não";3;0;1;0;1;3;1;5;-15,67366;-55,9433;"SPRF-MT";"DEL01-MT";"UOP02-DEL01-MT"
788850;2026-07-30;"quinta-feira";"11:15:00";"MG";40;155;"JOAO PINHEIRO";"Manobra de mudança de faixa";"Colisão com objeto";"Com Vítimas Feridas";"Pleno dia";"Decrescente";"Céu Claro";"Simples";"Reta";"Não";2;0;1;0;0;1;1;2;-17,83446;-46,13142;"SPRF-MG";"DEL14-MG";"UOP02-DEL14-MG"
788851;2026-07-30;"quinta-feira";"10:26:00";"MS";158;152,3;"APARECIDA DO TABOADO";"Condutor deixou de manter distância do veículo da frente";"Colisão traseira";"Com Vítimas Feridas";"Pleno dia";"Crescente";"Céu Claro";"Simples";"Reta;Declive";"Não";2;0;1;0;1;0;1;2;-20,114072;-51,176597;"SPRF-MS";"DEL08-MS";"UOP01-DEL08-MS"
788856;2026-07-30;"quinta-feira";"11:30:00";"PA";155;343;"MARABA";"Ingestão de álcool pelo condutor";"Colisão traseira";"Sem Vítimas";"Pleno dia";"Decrescente";"Céu Claro";"Simples";"Reta";"Não";5;0;0;0;5;0;0;2;-5,373;-49,077;"SPRF-PA";"DEL03-PA";"UOP01-DEL03-PA"
788858;2026-07-30;"quinta-feira";"11:50:00";"PE";101;46,3;"IGARASSU";"Desrespeitar a preferência no cruzamento";"Colisão transversal";"Sem Vítimas";"Pleno dia";"Decrescente";"Céu Claro";"Múltipla";"Retorno Regulamentado";"Sim";2;0;0;0;2;0;0;2;-7,87538541;-34,90580175;"SPRF-PE";"DEL01-PE";"UOP02-DEL01-PE"
788859;2026-07-30;"quinta-feira";"11:55:00";"PR";116;107;"SAO JOSE DOS PINHAIS";"Reação tardia ou ineficiente do condutor";"Colisão traseira";"Com Vítimas Feridas";"Pleno dia";"Crescente";"Nublado";"Dupla";"Reta";"Não";4;0;1;0;2;1;1;4;-25,5687563;-49,2281697;"SPRF-PR";"DEL01-PR";"UOP03-DEL01-PR"
788860;2026-07-30;"quinta-feira";"12:10:00";"BA";116;12,9;"VITORIA DA CONQUISTA";"Acessar a via sem observar a presença dos outros veículos";"Colisão transversal";"Com Vítimas Feridas";"Pleno dia";"Crescente";"Sol";"Simples";"Reta";"Sim";2;0;1;0;1;0;1;2;-14,88453644;-40,87073922;"SPRF-BA";"DEL08-BA";"UOP01-DEL08-BA"
788861;2026-07-30;"quinta-feira";"09:00:00";"MG";40;42;"PARACATU";"Reação tardia ou ineficiente do condutor";"Queda de ocupante de veículo";"Com Vítimas Feridas";"Pleno dia";"Decrescente";"Céu Claro";"Simples";"Retorno Regulamentado";"Sim";2;0;0;1;1;0;1;2;-17,22240006;-46,86527908;"SPRF-MG";"DEL14-MG";"UOP01-DEL14-MG"
788862;2026-07-30;"quinta-feira";"10:40:00";"MT";163;652;"LUCAS DO RIO VERDE";"Reação tardia ou ineficiente do condutor";"Colisão traseira";"Com Vítimas Feridas";"Pleno dia";"Crescente";"Céu Claro";"Simples";"Reta";"Não";3;0;1;0;1;6;1;8;-13,36440717;-56,06930107;"SPRF-MT";"DEL06-MT";"UOP01-DEL06-MT"
788865;2026-07-30;"quinta-feira";"12:20:00";"PR";277;41;"MORRETES";"Velocidade Incompatível";"Tombamento";"Com Vítimas Fatais";"Pleno dia";"Decrescente";"Garoa/Chuvisco";"Dupla";"Curva;Declive";"Não";11;1;7;0;2;2;7;6;-25,58181069;-48,87781844;"SPRF-PR";"DEL01-PR";"UOP05-DEL01-PR"
788866;2026-07-30;"quinta-feira";"12:40:00";"RJ";393;282;"VOLTA REDONDA";"Retorno proibido";"Colisão frontal";"Com Vítimas Feridas";"Pleno dia";"Decrescente";"Céu Claro";"Simples";"Interseção de Vias";"Sim";5;0;3;0;1;1;3;4;-22,48212064;-44,06312434;"SPRF-RJ";"DEL05-RJ";"UOP04-DEL05-RJ"
788874;2026-07-27;"segunda-feira";"14:00:00";"BA";116;570;"BREJOES";"Demais falhas mecânicas ou elétricas";"Incêndio";"Sem Vítimas";"Pleno dia";"Decrescente";"Céu Claro";"Simples";"Curva";"Não";2;0;0;0;1;1;0;2;-12,9822839;-39,9408;"SPRF-BA";"DEL03-BA";"UOP02-DEL03-BA"
788878;2026-07-30;"quinta-feira";"14:00:00";"RJ";101;422,9;"MANGARATIBA";"Acessar a via sem observar a presença dos outros veículos";"Colisão transversal";"Com Vítimas Fatais";"Pleno dia";"Decrescente";"Céu Claro";"Simples";"Curva;Declive";"Não";2;1;0;0;1;0;0;2;-22,9198885;-43,95350631;"SPRF-RJ";"DEL03-RJ";"UOP02-DEL03-RJ"
788879;2026-07-30;"quinta-feira";"14:15:00";"MG";381;433,5;"SABARA";"Reação tardia ou ineficiente do condutor";"Colisão lateral mesmo sentido";"Com Vítimas Feridas";"Pleno dia";"Crescente";"Céu Claro";"Simples";"Reta;Aclive";"Não";5;0;2;0;2;1;2;3;-19,806348;-43,76239;"SPRF-MG";"DEL01-MG";"UOP01-DEL01-MG"
788880;2026-07-30;"quinta-feira";"14:10:00";"SP";153;107,3;"JOSE BONIFACIO";"Avarias e/ou desgaste excessivo no pneu";"Colisão com objeto";"Com Vítimas Feridas";"Pleno dia";"Crescente";"Céu Claro";"Simples";"Rotatória";"Sim";3;0;0;2;1;0;2;1;-21,06667679;-49,66410398;"SPRF-SP";"DEL09-SP";"UOP01-DEL09-SP"
788882;2026-07-30;"quinta-feira";"14:10:00";"MG";262;457;"ARAUJOS";"Carga excessiva e/ou mal acondicionada";"Colisão com objeto";"Sem Vítimas";"Pleno dia";"Decrescente";"Sol";"Simples";"Reta";"Não";2;0;0;0;2;0;0;2;-19,79849;-45,14285;"SPRF-MG";"DEL08-MG";"UOP03-DEL08-MG"
788885;2026-07-30;"quinta-feira";"10:30:00";"PA";163;525;"TRAIRAO";"Reação tardia ou ineficiente do condutor";"Eventos atípicos";"Sem Vítimas";"Pleno dia";"Crescente";"Sol";"Simples";"Reta;Aclive";"Não";2;0;0;0;1;2;0;3;-5,32544;-55,933265;"SPRF-PA";"DEL05-PA";"UOP03-DEL05-PA"
788887;2026-07-30;"quinta-feira";"15:20:00";"MG";262;524;"LUZ";"Velocidade Incompatível";"Saída de leito carroçável";"Com Vítimas Feridas";"Pleno dia";"Crescente";"Céu Claro";"Simples";"Reta";"Não";1;0;1;0;0;0;1;1;-19,77439513;-45,76066844;"SPRF-MG";"DEL08-MG";"UOP03-DEL08-MG"
788889;2026-07-30;"quinta-feira";"13:55:00";"MA";230;401,7;"BALSAS";"Transitar na contramão";"Colisão transversal";"Com Vítimas Fatais";"Pleno dia";"Decrescente";"Céu Claro";"Simples";"Reta";"Sim";2;1;0;0;1;0;0;2;-7,50634;-46,030455;"SPRF-MA";"DEL05-MA";"UOP01-DEL05-MA"
788890;2026-07-30;"quinta-feira";"14:10:00";"RJ";393;243;"VASSOURAS";"Ultrapassagem Indevida";"Colisão transversal";"Com Vítimas Feridas";"Pleno dia";"Crescente";"Céu Claro";"Simples";"Curva;Declive";"Não";3;0;1;0;1;1;1;3;-22,43163;-43,739375;"SPRF-RJ";"DEL05-RJ";"UOP04-DEL05-RJ"
788892;2026-07-29;"quarta-feira";"08:30:00";"RJ";493;89;"JAPERI";"Reação tardia ou ineficiente do condutor";"Saída de leito carroçável";"Com Vítimas Feridas";"Pleno dia";"Crescente";"Céu Claro";"Dupla";"Reta";"Não";3;0;1;0;1;1;1;3;-22,66082342;-43,62100694;"SPRF-RJ";"DEL01-RJ";"UOP03-DEL01-RJ"
788893;2026-07-30;"quinta-feira";"15:30:00";"SC";470;60;"BLUMENAU";"Desrespeitar a preferência no cruzamento";"Colisão transversal";"Com Vítimas Feridas";"Pleno dia";"Decrescente";"Nublado";"Múltipla";"Reta;Interseção de Vias";"Não";2;0;1;0;1;0;1;2;-26,88047761;-49,16790672;"SPRF-SC";"DEL04-SC";"UOP01-DEL04-SC"
788895;2026-07-30;"quinta-feira";"11:15:00";"BA";116;346,5;"SERRINHA";"Reação tardia ou ineficiente do condutor";"Colisão frontal";"Com Vítimas Feridas";"Pleno dia";"Crescente";"Céu Claro";"Simples";"Ponte";"Não";3;0;2;0;0;1;2;3;-11,5555848;-38,98985473;"SPRF-BA";"DEL02-BA";"UOP01-DEL02-BA"
788896;2026-07-30;"quinta-feira";"12:40:00";"BA";116;642;"JAGUAQUARA";"Demais falhas mecânicas ou elétricas";"Incêndio";"Sem Vítimas";"Pleno dia";"Decrescente";"Sol";"Simples";"Reta";"Não";2;0;0;0;1;1;0;2;-13,588673;-40,086089;"SPRF-BA";"DEL03-BA";"UOP01-DEL03-BA"
788898;2026-07-30;"quinta-feira";"10:15:00";"BA";242;377,8;"PALMEIRAS";"Ausência de reação do condutor";"Colisão lateral sentido oposto";"Com Vítimas Feridas";"Pleno dia";"Crescente";"Céu Claro";"Simples";"Curva";"Não";3;0;1;0;1;4;1;6;-12,432169;-41,50474;"SPRF-BA";"DEL06-BA";"UOP01-DEL06-BA"
788902;2026-07-30;"quinta-feira";"14:00:00";"MG";116;6,3;"DIVISA ALEGRE";"Ingestão de álcool pelo condutor";"Saída de leito carroçável";"Sem Vítimas";"Pleno dia";"Decrescente";"Céu Claro";"Dupla";"Reta;Declive";"Não";1;0;0;0;1;0;0;1;-15,7542898;-41,33059795;"SPRF-BA";"DEL08-BA";"UOP03-DEL08-BA"
788905;2026-07-30;"quinta-feira";"16:00:00";"RS";290;181,7;"MINAS DO LEAO";"Transitar na contramão";"Colisão frontal";"Com Vítimas Fatais";"Pleno dia";"Decrescente";"Céu Claro";"Simples";"Reta;Declive";"Sim";3;1;0;0;1;1;0;3;-30,14109545;-52,02835171;"SPRF-RS";"DEL02-RS";"UOP03-DEL02-RS"
788908;2026-07-30;"quinta-feira";"16:20:00";"GO";50;115;"CRISTALINA";"Ausência de reação do condutor";"Colisão traseira";"Com Vítimas Feridas";"Pleno dia";"Decrescente";"Céu Claro";"Dupla";"Reta";"Não";3;0;0;1;1;1;1;3;-16,76464557;-47,60768652;"SPRF-DF";"DEL01-DF";"UOP02-DEL01-DF"
788911;2026-07-30;"quinta-feira";"17:10:00";"CE";116;42;"HORIZONTE";"Acessar a via sem observar a presença dos outros veículos";"Colisão traseira";"Com Vítimas Feridas";"Pleno dia";"Crescente";"Céu Claro";"Dupla";"Curva";"Sim";3;0;0;1;2;0;1;2;-4,10502691;-38,49918365;"SPRF-CE";"DEL01-CE";"UOP02-DEL01-CE"
788912;2026-07-30;"quinta-feira";"16:30:00";"PR";163;142,1;"CAPITAO LEONIDAS MARQUES";"Reação tardia ou ineficiente do condutor";"Colisão traseira";"Com Vítimas Feridas";"Pleno dia";"Decrescente";"Céu Claro";"Dupla";"Reta";"Não";3;0;0;1;1;2;1;4;-25,461019;-53,58236;"SPRF-PR";"DEL05-PR";"UOP05-DEL05-PR"
788919;2026-07-30;"quinta-feira";"17:45:00";"RS";290;103;"ELDORADO DO SUL";"Manobra de mudança de faixa";"Colisão lateral mesmo sentido";"Com Vítimas Feridas";"Anoitecer";"Decrescente";"Céu Claro";"Dupla";"Reta";"Não";3;0;2;0;1;0;2;2;-29,99177224;-51,27076572;"SPRF-RS";"DEL01-RS";"UOP01-DEL01-RS"
788921;2026-07-30;"quinta-feira";"17:50:00";"ES";259;63;"COLATINA";"Transitar na contramão";"Colisão lateral sentido oposto";"Com Vítimas Feridas";"Anoitecer";"Crescente";"Céu Claro";"Simples";"Curva";"Não";2;0;0;1;1;0;1;2;-19,49947907;-40,74825732;"SPRF-ES";"DEL02-ES";"UOP01-DEL02-ES"
788922;2026-07-30;"quinta-feira";"16:58:00";"SC";470;33,5;"GASPAR";"Ingestão de álcool pelo condutor";"Colisão lateral mesmo sentido";"Com Vítimas Feridas";"Pleno dia";"Decrescente";"Céu Claro";"Dupla";"Reta";"Não";3;0;0;2;1;0;2;2;-26,90840611;-48,94493326;"SPRF-SC";"DEL04-SC";"UOP01-DEL04-SC"
788925;2026-07-30;"quinta-feira";"18:40:00";"ES";101;29,4;"PINHEIROS";"Reação tardia ou ineficiente do condutor";"Saída de leito carroçável";"Com Vítimas Feridas";"Plena Noite";"Crescente";"Céu Claro";"Simples";"Reta";"Não";1;0;1;0;0;0;1;1;-18,40416833;-39,9380166;"SPRF-ES";"DEL04-ES";"UOP02-DEL04-ES"
788935;2026-07-30;"quinta-feira";"15:15:00";"SC";282;401,9;"JOACABA";"Ultrapassagem Indevida";"Colisão traseira";"Com Vítimas Feridas";"Pleno dia";"Crescente";"Céu Claro";"Simples";"Reta;Aclive";"Não";5;0;1;1;2;2;2;5;-27,12333;-51,631384;"SPRF-SC";"DEL07-SC";"UOP05-DEL07-SC"
788941;2026-07-30;"quinta-feira";"18:45:00";"PR";373;218,7;"IMBITUVA";"Reação tardia ou ineficiente do condutor";"Colisão traseira";"Com Vítimas Feridas";"Plena Noite";"Decrescente";"Céu Claro";"Simples";"Reta";"Não";3;0;2;0;1;0;2;2;-25,1663204;-50,5647324;"SPRF-PR";"DEL03-PR";"UOP01-DEL03-PR"
788943;2026-07-30;"quinta-feira";"19:20:00";"SP";381;63;"MAIRIPORA";"Demais falhas mecânicas ou elétricas";"Incêndio";"Sem Vítimas";"Plena Noite";"Crescente";"Céu Claro";"Dupla";"Reta";"Não";1;0;0;0;1;0;0;1;-23,30866553;-46,57820642;"SPRF-SP";"DEL03-SP";"UOP01-DEL03-SP"
788946;2026-07-30;"quinta-feira";"19:20:00";"RJ";116;304;"RESENDE";"Condutor deixou de manter distância do veículo da frente";"Colisão traseira";"Com Vítimas Feridas";"Plena Noite";"Decrescente";"Céu Claro";"Dupla";"Reta";"Não";7;0;2;0;3;2;2;4;-22,45859407;-44,42694638;"SPRF-RJ";"DEL07-RJ";"UOP02-DEL07-RJ"
788948;2026-07-30;"quinta-feira";"19:40:00";"SP";116;293,9;"ITAPECERICA DA SERRA";"Manobra de mudança de faixa";"Tombamento";"Com Vítimas Fatais";"Plena Noite";"Crescente";"Garoa/Chuvisco";"Dupla";"Reta";"Não";2;1;0;0;0;1;0;2;-23,74974458;-46,90114824;"SPRF-SP";"DEL04-SP";"UOP01-DEL04-SP"
788949;2026-07-30;"quinta-feira";"20:10:00";"ES";259;90;"BAIXO GUANDU";"Ausência de reação do condutor";"Colisão traseira";"Com Vítimas Feridas";"Plena Noite";"Crescente";"Céu Claro";"Simples";"Reta";"Não";3;0;1;0;2;0;1;2;-19,50726073;-40,93035635;"SPRF-ES";"DEL02-ES";"UOP01-DEL02-ES"
788952;2026-07-30;"quinta-feira";"19:30:00";"PR";369;507,2;"CASCAVEL";"Transitar na contramão";"Colisão frontal";"Com Vítimas Fatais";"Plena Noite";"Crescente";"Céu Claro";"Simples";"Reta;Interseção de Vias";"Sim";3;1;0;0;1;1;0;3;-24,945165;-53,398146;"SPRF-PR";"DEL04-PR";"UOP01-DEL04-PR"
788957;2026-07-17;"sexta-feira";"10:00:00";"AC";364;73;"SENADOR GUIOMARD";"Condutor deixou de manter distância do veículo da frente";"Colisão traseira";"Sem Vítimas";"Pleno dia";"Crescente";"Céu Claro";"Simples";"Reta";"Não";2;0;0;0;2;0;0;2;-10,06913;-67,3643;"SPRF-AC";"DEL01-AC";"UOP01-DEL01-AC"
788960;2026-07-30;"quinta-feira";"21:20:00";"PR";116;8;"CAMPINA GRANDE DO SUL";"Velocidade Incompatível";"Saída de leito carroçável";"Com Vítimas Feridas";"Plena Noite";"Crescente";"Chuva";"Dupla";"Reta";"Não";2;0;1;0;0;1;1;2;-25,07718382;-48,59488964;"SPRF-PR";"DEL01-PR";"UOP02-DEL01-PR"
788962;2026-07-30;"quinta-feira";"15:05:00";"BA";242;266;"BOA VISTA DO TUPIM";"Transitar na contramão";"Colisão lateral mesmo sentido";"Com Vítimas Feridas";"Pleno dia";"Decrescente";"Céu Claro";"Simples";"Reta";"Não";9;0;2;0;6;6;2;11;-12,459212;-40,580865;"SPRF-BA";"DEL06-BA";"UOP02-DEL06-BA"
788964;2026-07-30;"quinta-feira";"18:30:00";"PB";230;414;"POMBAL";"Reação tardia ou ineficiente do condutor";"Tombamento";"Com Vítimas Fatais";"Plena Noite";"Crescente";"Céu Claro";"Simples";"Reta;Interseção de Vias";"Não";5;1;1;2;0;2;3;4;-6,715525;-37,835588;"SPRF-PB";"DEL03-PB";"UOP02-DEL03-PB"
788966;2026-07-30;"quinta-feira";"15:14:00";"MS";158;70,2;"PARANAIBA";"Manobra de mudança de faixa";"Colisão lateral sentido oposto";"Com Vítimas Feridas";"Pleno dia";"Crescente";"Céu Claro";"Simples";"Reta";"Não";5;0;0;3;1;6;3;10;-19,485634;-51,295762;"SPRF-MS";"DEL08-MS";"UOP01-DEL08-MS"
788969;2026-07-22;"quarta-feira";"04:30:00";"MG";381;599;"OLIVEIRA";"Ausência de reação do condutor";"Colisão traseira";"Com Vítimas Feridas";"Plena Noite";"Crescente";"Céu Claro";"Dupla";"Reta";"Não";3;0;2;0;1;0;2;2;-20,69293603;-44,7457223;"SPRF-MG";"DEL04-MG";"UOP01-DEL04-MG"
788972;2026-07-30;"quinta-feira";"21:00:00";"BA";410;19;"TUCANO";"Objeto estático sobre o leito carroçável";"Colisão com objeto";"Com Vítimas Feridas";"Plena Noite";"Crescente";"Céu Claro";"Simples";"Reta";"Não";5;0;3;0;2;0;3;3;-10,9099702;-38,6809231;"SPRF-BA";"DEL07-BA";"UOP02-DEL07-BA"
788975;2026-07-30;"quinta-feira";"11:30:00";"MT";163;915;"ITAUBA";"Ausência de reação do condutor";"Engavetamento";"Com Vítimas Feridas";"Pleno dia";"Crescente";"Céu Claro";"Simples";"Declive";"Não";6;0;3;0;2;4;3;7;-11,176285;-55,310851;"SPRF-MT";"DEL06-MT";"UOP02-DEL06-MT"
788978;2026-07-30;"quinta-feira";"22:00:00";"PR";163;59,4;"PEROLA DOESTE";"Reação tardia ou ineficiente do condutor";"Colisão lateral sentido oposto";"Com Vítimas Feridas";"Plena Noite";"Decrescente";"Céu Claro";"Simples";"Reta;Declive";"Não";4;0;1;0;1;2;1;4;-25,875632;-53,745433;"SPRF-PR";"DEL02-PR";"UOP02-DEL02-PR"
788982;2026-07-30;"quinta-feira";"15:22:00";"MT";163;906;"CLAUDIA";"Ultrapassagem Indevida";"Colisão frontal";"Com Vítimas Fatais";"Plena Noite";"Crescente";"Céu Claro";"Simples";"Reta;Declive";"Não";6;2;0;1;2;1;1;4;-11,260147;-55,3110136;"SPRF-MT";"DEL06-MT";"UOP02-DEL06-MT"
788984;2026-07-30;"quinta-feira";"22:30:00";"BA";242;248;"ITABERABA";"Condutor deixou de manter distância do veículo da frente";"Colisão lateral mesmo sentido";"Com Vítimas Fatais";"Plena Noite";"Decrescente";"Céu Claro";"Simples";"Curva";"Não";3;2;0;0;0;1;0;2;-12,50852;-40,4477;"SPRF-BA";"DEL06-BA";"UOP02-DEL06-BA"
788988;2026-07-30;"quinta-feira";"22:50:00";"PA";163;978;"SANTAREM";"Conversão proibida";"Colisão transversal";"Com Vítimas Feridas";"Plena Noite";"Crescente";"Céu Claro";"Simples";"Reta";"Não";3;0;0;1;2;0;1;2;-2,63554107;-54,75126442;"SPRF-PA";"DEL05-PA";"UOP01-DEL05-PA"
788990;2026-07-30;"quinta-feira";"18:45:00";"PR";163;127,7;"REALEZA";"Reação tardia ou ineficiente do condutor";"Engavetamento";"Com Vítimas Feridas";"Anoitecer";"Decrescente";"Céu Claro";"Dupla";"Reta";"Não";4;0;1;0;2;1;1;4;-25,570102;-53,571896;"SPRF-PR";"DEL02-PR";"UOP02-DEL02-PR"
788994;2026-07-31;"sexta-feira";"00:20:00";"MG";153;164;"COMENDADOR GOMES";"Demais falhas mecânicas ou elétricas";"Incêndio";"Sem Vítimas";"Plena Noite";"Crescente";"Céu Claro";"Simples";"Reta";"Não";3;0;0;0;2;1;0;3;-19,659138;-48,97903;"SPRF-MG";"DEL13-MG";"UOP02-DEL13-MG"
788998;2026-07-31;"sexta-feira";"01:30:00";"SP";116;541;"BARRA DO TURVO";"Reação tardia ou ineficiente do condutor";"Tombamento";"Com Vítimas Feridas";"Plena Noite";"Crescente";"Céu Claro";"Dupla";"Curva";"Não";2;0;1;0;1;0;1;1;-24,95065491;-48,31605149;"SPRF-SP";"DEL05-SP";"UOP02-DEL05-SP"
788999;2026-07-31;"sexta-feira";"02:00:00";"PR";277;117;"CAMPO LARGO";"Deficiência do Sistema de Iluminação/Sinalização";"Incêndio";"Sem Vítimas";"Plena Noite";"Decrescente";"Nublado";"Dupla";"Reta;Declive";"Sim";1;0;0;0;1;0;0;1;-25,44182575;-49,44775198;"SPRF-PR";"DEL01-PR";"UOP07-DEL01-PR"
789005;2026-07-31;"sexta-feira";"03:20:00";"PR";277;127;"CAMPO LARGO";"Ausência de reação do condutor";"Colisão traseira";"Com Vítimas Fatais";"Plena Noite";"Crescente";"Nublado";"Dupla";"Declive";"Não";8;2;0;0;5;5;0;8;-25,44026546;-49,5558041;"SPRF-PR";"DEL01-PR";"UOP07-DEL01-PR"
789009;2026-07-31;"sexta-feira";"04:40:00";"MG";153;92;"PRATA";"Mal súbito do condutor";"Saída de leito carroçável";"Com Vítimas Fatais";"Plena Noite";"Decrescente";"Céu Claro";"Simples";"Declive";"Não";2;1;0;0;0;1;0;2;-19,159789;-48,959203;"SPRF-MG";"DEL15-MG";"UOP03-DEL15-MG"
789016;2026-07-31;"sexta-feira";"05:20:00";"MT";158;516;"CANARANA";"Demais falhas mecânicas ou elétricas";"Incêndio";"Sem Vítimas";"Amanhecer";"Crescente";"Céu Claro";"Simples";"Reta";"Não";3;0;0;0;2;1;0;2;-13,6677263;-51,9813515;"SPRF-MT";"DEL07-MT";"UOP02-DEL07-MT"
789021;2026-07-30;"quinta-feira";"19:30:00";"RJ";493;21;"MAGE";"Ausência de reação do condutor";"Tombamento";"Com Vítimas Feridas";"Plena Noite";"Crescente";"Céu Claro";"Simples";"Reta";"Sim";2;0;1;0;0;1;1;2;-22,65959033;-43,05255599;"SPRF-RJ";"DEL04-RJ";"UOP02-DEL04-RJ"
789024;2026-07-31;"sexta-feira";"07:25:00";"MG";40;704,2;"BARBACENA";"Reação tardia ou ineficiente do condutor";"Colisão traseira";"Com Vítimas Feridas";"Pleno dia";"Decrescente";"Nublado";"Dupla";"Curva";"Não";3;0;0;1;1;2;1;4;-21,20472667;-43,74908;"SPRF-MG";"DEL05-MG";"UOP02-DEL05-MG"
789026;2026-07-31;"sexta-feira";"06:50:00";"BA";242;839;"BARREIRAS";"Reação tardia ou ineficiente do condutor";"Engavetamento";"Sem Vítimas";"Pleno dia";"Decrescente";"Céu Claro";"Simples";"Curva;Declive";"Não";5;0;0;0;4;2;0;6;-12,12024823;-45,14766566;"SPRF-BA";"DEL10-BA";"UOP01-DEL10-BA"
789038;2026-07-11;"sábado";"20:39:00";"TO";10;391;"PORTO NACIONAL";"Reação tardia ou ineficiente do condutor";"Tombamento";"Com Vítimas Feridas";"Plena Noite";"Crescente";"Céu Claro";"Simples";"Reta";"Não";2;0;0;1;0;2;1;3;-10,8168;-48,3637;"SPRF-TO";"DEL01-TO";"UOP03-DEL01-TO"
789045;2026-07-31;"sexta-feira";"07:45:00";"PI";343;1,2;"TERESINA";"Condutor deixou de manter distância do veículo da frente";"Saída de leito carroçável";"Com Vítimas Feridas";"Pleno dia";"Crescente";"Céu Claro";"Dupla";"Reta;Retorno Regulamentado";"Sim";4;0;2;0;1;3;2;5;-5,081012;-42,760797;"SPRF-PI";"DEL05-PI";"UOP01-DEL05-PI"