"id";"data_inversa";"dia_semana";"horario";"uf";"br";"km";"municipio";"causa_acidente";"tipo_acidente";"classificacao_acidente";"fase_dia";"sentido_via";"condicao_metereologica";"tipo_pista";"tracado_via";"uso_solo";"pessoas";"mortos";"feridos_leves";"feridos_graves";"ilesos";"ignorados";"feridos";"veiculos";"latitude";"longitude";"regional";"delegacia";"uop"
795395;2026-06-23;"terça-feira";"15:15:00";"MG";262;38,9;"CARATINGA";"Demais falhas mecânicas ou elétricas";"Colisão lateral mesmo sentido";"Com Vítimas Feridas";"Pleno dia";"Crescente";"Sol";"Simples";"Curva";"Sim";3;0;0;1;1;1;1;3;-19,76407702;-42,13212634;"SPRF-MG";"DEL06-MG";"UOP03-DEL06-MG"
795579;2026-06-13;"sábado";"09:26:00";"TO";153;677;"GURUPI";"Ausência de reação do condutor";"Colisão traseira";"Com Vítimas Feridas";"Pleno dia";"Crescente";"Céu Claro";"Simples";"Reta;Em Obras";"Sim";5;0;1;1;2;1;2;4;-11,76628169;-49,10100532;"SPRF-TO";"DEL01-TO";"UOP02-DEL01-TO"
795658;2026-06-12;"sexta-feira";"14:40:00";"BA";116;794,5;"VITORIA DA CONQUISTA";"Demais falhas mecânicas ou elétricas";"Incêndio";"Sem Vítimas";"Pleno dia";"Decrescente";"Céu Claro";"Simples";"Aclive;Reta";"Não";2;0;0;0;1;2;0;3;-14,72377;-40,62749;"SPRF-BA";"DEL08-BA";"UOP02-DEL08-BA"
795705;2026-07-24;"sexta-feira";"15:23:00";"PA";163;225,9;"NOVO PROGRESSO";"Ausência de reação do condutor";"Colisão transversal";"Sem Vítimas";"Pleno dia";"Crescente";"Céu Claro";"Simples";"Reta";"Não";4;0;0;0;0;5;0;4;-7,729373;-55,2070442;"SPRF-PA";"DEL05-PA";"UOP03-DEL05-PA"
795763;2026-07-16;"quinta-feira";"00:01:00";"PA";163;347;"NOVO PROGRESSO";"Ultrapassagem Indevida";"Saída de leito carroçável";"Sem Vítimas";"Plena Noite";"Crescente";"Ignorado";"Simples";"Reta";"Não";1;0;0;0;0;1;0;1;-6,745613;-55,47865;"SPRF-PA";"DEL05-PA";"UOP03-DEL05-PA"
795846;2026-07-08;"quarta-feira";"08:27:00";"RJ";116;229;"PIRAI";"Problema com o freio";"Colisão lateral mesmo sentido";"Com Vítimas Feridas";"Pleno dia";"Decrescente";"Céu Claro";"Dupla";"Curva;Declive";"Não";4;0;0;1;2;1;1;4;-22,677981;-43,834744;"SPRF-RJ";"DEL07-RJ";"UOP01-DEL07-RJ"
746684;2026-01-19;"segunda-feira";"08:42:00";"PB";230;159;"CAMPINA GRANDE";"Ultrapassagem Indevida";"Colisão lateral mesmo sentido";"Com Vítimas Feridas";"Pleno dia";"Decrescente";"Céu Claro";"Dupla";"Desvio Temporário;Em Obras;Reta";"Sim";2;0;0;1;1;0;1;2;-7,253101;-35,932585;"SPRF-PB";"DEL02-PB";"UOP01-DEL02-PB"
747335;2026-01-22;"quinta-feira";"13:05:00";"RO";364;242,5;"CACOAL";"Demais falhas mecânicas ou elétricas";"Colisão com objeto";"Sem Vítimas";"Pleno dia";"Crescente";"Nublado";"Simples";"Reta;Declive";"Não";3;0;0;0;3;0;0;2;-11,440412;-61,492537;"SPRF-RO";"DEL02-RO";"UOP02-DEL02-RO"
747900;2026-01-25;"domingo";"06:00:00";"PB";230;165,7;"CAMPINA GRANDE";"Condutor deixou de manter distância do veículo da frente";"Colisão traseira";"Com Vítimas Feridas";"Pleno dia";"Crescente";"Nublado";"Simples";"Declive;Reta";"Sim";5;0;4;0;1;0;4;2;-7,20093;-35,952453;"SPRF-PB";"DEL02-PB";"UOP02-DEL02-PB"
747960;2026-01-25;"domingo";"17:54:00";"ES";101;277,4;"SERRA";"Demais falhas mecânicas ou elétricas";"Engavetamento";"Sem Vítimas";"Pleno dia";"Crescente";"Céu Claro";"Dupla";"Reta";"Não";4;0;0;0;2;2;0;4;-20,21496;-40,32358;"SPRF-ES";"DEL02-ES";"UOP01-DEL02-ES"
749936;2026-02-04;"quarta-feira";"05:50:00";"SE";101;117;"ITAPORANGA DAJUDA";"Ausência de reação do condutor";"Colisão traseira";"Com Vítimas Feridas";"Amanhecer";"Decrescente";"Céu Claro";"Dupla";"Reta";"Não";2;0;1;0;0;1;1;2;-11,0168416;-37,320441;"SPRF-SE";"DEL02-SE";"UOP01-DEL02-SE"
750969;2026-02-08;"domingo";"14:10:00";"BA";116;615;"JAGUAQUARA";"Ultrapassagem Indevida";"Colisão lateral mesmo sentido";"Com Vítimas Feridas";"Pleno dia";"Crescente";"Céu Claro";"Simples";"Reta;Declive";"Não";5;0;4;0;0;1;4;2;-13,48311873;-40,04241943;"SPRF-BA";"DEL03-BA";"UOP02-DEL03-BA"
752296;2026-02-14;"sábado";"10:45:00";"RO";319;140;"PORTO VELHO";"Condutor deixou de manter distância do veículo da frente";"Colisão traseira";"Com Vítimas Feridas";"Pleno dia";"Decrescente";"Nublado";"Múltipla";"Reta";"Sim";4;0;2;0;2;0;2;3;-8,74181539;-63,88953209;"SPRF-RO";"DEL01-RO";"UOP01-DEL01-RO"
753077;2026-02-18;"quarta-feira";"08:30:00";"CE";222;68;"SAO GONCALO DO AMARANTE";"Manobra de mudança de faixa";"Colisão frontal";"Com Vítimas Feridas";"Pleno dia";"Crescente";"Chuva";"Simples";"Reta";"Não";5;0;0;1;2;2;1;4;-3,671026;-39,196456;"SPRF-CE";"DEL01-CE";"UOP03-DEL01-CE"
754053;2026-02-22;"domingo";"22:10:00";"ES";101;57;"SAO MATEUS";"Reação tardia ou ineficiente do condutor";"Colisão traseira";"Sem Vítimas";"Plena Noite";"Crescente";"Céu Claro";"Simples";"Reta";"Não";3;0;0;0;3;0;0;2;-18,64894333;-39,87363195;"SPRF-ES";"DEL04-ES";"UOP02-DEL04-ES"
755838;2026-03-03;"terça-feira";"13:00:00";"PB";101;99;"CONDE";"Acessar a via sem observar a presença dos outros veículos";"Colisão transversal";"Com Vítimas Feridas";"Pleno dia";"Decrescente";"Céu Claro";"Dupla";"Reta";"Sim";3;0;1;1;0;1;2;2;-7,260607;-34,935795;"SPRF-PB";"DEL01-PB";"UOP01-DEL01-PB"
756558;2026-01-21;"quarta-feira";"13:00:00";"BA";116;422;"FEIRA DE SANTANA";"Ausência de reação do condutor";"Colisão lateral mesmo sentido";"Com Vítimas Feridas";"Pleno dia";"Decrescente";"Céu Claro";"Dupla";"Reta";"Não";3;0;0;2;0;1;2;2;-12,22809847;-38,96448825;"SPRF-BA";"DEL02-BA";"UOP01-DEL02-BA"
757175;2026-03-09;"segunda-feira";"10:35:00";"RJ";40;101;"DUQUE DE CAXIAS";"Demais falhas mecânicas ou elétricas";"Incêndio";"Com Vítimas Feridas";"Pleno dia";"Crescente";"Chuva";"Dupla";"Reta";"Não";1;0;1;0;0;0;1;1;-22,602556;-43,283979;"SPRF-RJ";"DEL01-RJ";"UOP01-DEL01-RJ"
757802;2026-03-12;"quinta-feira";"07:00:00";"RJ";356;49;"ITAPERUNA";"Velocidade Incompatível";"Tombamento";"Com Vítimas Feridas";"Pleno dia";"Crescente";"Céu Claro";"Simples";"Curva";"Não";2;0;1;0;0;1;1;2;-21,258741;-41,769386;"SPRF-RJ";"DEL08-RJ";"UOP03-DEL08-RJ"
758207;2026-03-14;"sábado";"03:30:00";"RJ";101;407;"ITAGUAI";"Condutor deixou de manter distância do veículo da frente";"Colisão traseira";"Com Vítimas Feridas";"Plena Noite";"Crescente";"Nublado";"Dupla";"Reta";"Sim";3;0;0;1;1;1;1;3;-22,87848146;-43,82002115;"SPRF-RJ";"DEL03-RJ";"UOP01-DEL03-RJ"
764097;2026-04-10;"sexta-feira";"09:20:00";"PI";316;64,7;"MONSENHOR GIL";"Condutor deixou de manter distância do veículo da frente";"Colisão lateral mesmo sentido";"Com Vítimas Feridas";"Pleno dia";"Crescente";"Céu Claro";"Simples";"Reta";"Não";8;0;1;0;7;0;1;3;-5,614243;-42,60474;"SPRF-PI";"DEL01-PI";"UOP02-DEL01-PI"
764196;2026-04-10;"sexta-feira";"17:00:00";"PE";104;103;"CUPIRA";"Velocidade Incompatível";"Colisão lateral mesmo sentido";"Com Vítimas Fatais";"Anoitecer";"Crescente";"Céu Claro";"Simples";"Aclive;Reta";"Sim";3;1;0;1;0;1;1;3;-8,5926;-35,95524;"SPRF-PE";"DEL02-PE";"UOP01-DEL02-PE"
765141;2026-01-09;"sexta-feira";"11:10:00";"ES";101;211,7;"IBIRACU";"Ausência de reação do condutor";"Colisão traseira";"Com Vítimas Fatais";"Pleno dia";"Decrescente";"Céu Claro";"Simples";"Reta";"Não";2;1;0;0;0;1;0;2;-19,814664;-40,366088;"SPRF-ES";"DEL02-ES";"UOP01-DEL02-ES"
765701;2026-04-17;"sexta-feira";"18:25:00";"PI";343;341;"TERESINA";"Faixas de trânsito com largura insuficiente";"Colisão lateral mesmo sentido";"Com Vítimas Feridas";"Plena Noite";"Crescente";"Céu Claro";"Múltipla";"Rotatória";"Sim";2;0;1;0;0;1;1;2;-5,07834465;-42,74998069;"SPRF-PI";"DEL01-PI";"UOP01-DEL01-PI"
766311;2026-04-19;"domingo";"22:30:00";"MA";316;179;"PERITORO";"Estacionar ou parar em local proibido";"Colisão traseira";"Com Vítimas Feridas";"Plena Noite";"Crescente";"Céu Claro";"Simples";"Reta";"Sim";4;0;0;3;0;1;3;2;-4,36706039;-44,3464287;"SPRF-MA";"DEL02-MA";"UOP02-DEL02-MA"
767236;2026-04-24;"sexta-feira";"16:45:00";"RS";287;280;"SAO PEDRO DO SUL";"Avarias e/ou desgaste excessivo no pneu";"Incêndio";"Sem Vítimas";"Pleno dia";"Crescente";"Chuva";"Simples";"Em Obras;Aclive;Reta";"Não";1;0;0;0;1;0;0;1;-29,638452;-54,176624;"SPRF-RS";"DEL09-RS";"UOP01-DEL09-RS"
769901;2026-05-06;"quarta-feira";"12:05:00";"AL";101;77;"RIO LARGO";"Ausência de reação do condutor";"Colisão com objeto";"Com Vítimas Feridas";"Pleno dia";"Decrescente";"Nublado";"Dupla";"Reta";"Não";3;0;2;0;0;1;2;2;-9,424237;-35,838808;"SPRF-AL";"DEL01-AL";"UOP01-DEL01-AL"
770030;2026-03-06;"sexta-feira";"11:15:00";"SC";470;186;"POUSO REDONDO";"Problema com o freio";"Incêndio";"Sem Vítimas";"Pleno dia";"Decrescente";"Céu Claro";"Simples";"Reta;Declive";"Não";1;0;0;0;1;0;0;1;-27,255931;-50,044318;"SPRF-SC";"DEL04-SC";"UOP02-DEL04-SC"
770250;2026-05-08;"sexta-feira";"13:07:00";"PI";316;7,5;"TERESINA";"Condutor deixou de manter distância do veículo da frente";"Colisão traseira";"Com Vítimas Feridas";"Pleno dia";"Decrescente";"Sol";"Múltipla";"Reta;Aclive";"Sim";2;0;0;1;0;1;1;2;-5,1602;-42,77006;"SPRF-PI";"DEL01-PI";"UOP02-DEL01-PI"
770597;2026-05-09;"sábado";"19:50:00";"MG";40;504;"ESMERALDAS";"Reação tardia ou ineficiente do condutor";"Colisão traseira";"Com Vítimas Feridas";"Plena Noite";"Crescente";"Céu Claro";"Dupla";"Reta;Aclive";"Não";2;0;0;1;0;1;1;2;-19,735;-44,1508;"SPRF-MG";"DEL02-MG";"UOP01-DEL02-MG"
770705;2026-05-10;"domingo";"05:24:00";"BA";324;534,7;"CONCEICAO DO JACUIPE";"Manobra de mudança de faixa";"Colisão lateral mesmo sentido";"Com Vítimas Fatais";"Amanhecer";"Crescente";"Céu Claro";"Dupla";"Reta;Interseção de Vias";"Não";2;1;0;0;0;1;0;2;-12,356858;-38,829038;"SPRF-BA";"DEL11-BA";"UOP02-DEL11-BA"
771879;2026-05-15;"sexta-feira";"14:05:00";"MG";50;12;"ARAGUARI";"Ausência de reação do condutor";"Colisão traseira";"Com Vítimas Feridas";"Pleno dia";"Crescente";"Nublado";"Dupla";"Curva";"Não";2;0;1;0;0;1;1;2;-18,61715941;-48,11249889;"SPRF-MG";"DEL15-MG";"UOP02-DEL15-MG"
774592;2026-05-28;"quinta-feira";"01:55:00";"RS";293;3,7;"PELOTAS";"Ingestão de álcool pelo condutor";"Saída de leito carroçável";"Com Vítimas Feridas";"Plena Noite";"Crescente";"Céu Claro";"Simples";"Reta";"Não";2;0;1;0;0;1;1;2;-31,73413;-52,37197487;"SPRF-RS";"DEL07-RS";"UOP01-DEL07-RS"
775250;2026-05-30;"sábado";"18:30:00";"ES";101;19;"PEDRO CANARIO";"Reação tardia ou ineficiente do condutor";"Colisão traseira";"Com Vítimas Feridas";"Plena Noite";"Crescente";"Céu Claro";"Simples";"Reta";"Não";4;0;1;0;2;1;1;2;-18,31987603;-39,95595336;"SPRF-ES";"DEL04-ES";"UOP02-DEL04-ES"
775871;2026-06-02;"terça-feira";"17:20:00";"SC";101;112;"ITAJAI";"Reação tardia ou ineficiente do condutor";"Colisão traseira";"Com Vítimas Feridas";"Anoitecer";"Decrescente";"Céu Claro";"Múltipla";"Reta";"Sim";2;0;0;1;0;1;1;2;-26,84633;-48,7217;"SPRF-SC";"DEL04-SC";"UOP04-DEL04-SC"
776342;2026-06-04;"quinta-feira";"18:50:00";"PR";277;68;"SAO JOSE DOS PINHAIS";"Entrada inopinada do pedestre";"Atropelamento de Pedestre";"Com Vítimas Feridas";"Plena Noite";"Crescente";"Garoa/Chuvisco";"Múltipla";"Reta";"Sim";2;0;0;1;0;1;1;2;-25,52069;-49,107163;"SPRF-PR";"DEL01-PR";"UOP01-DEL01-PR"
776603;2026-06-05;"sexta-feira";"19:38:00";"PR";487;42,2;"UMUARAMA";"Demais falhas mecânicas ou elétricas";"Incêndio";"Sem Vítimas";"Plena Noite";"Crescente";"Céu Claro";"Simples";"Reta";"Não";2;0;0;0;0;2;0;2;-23,4854559;-53,4968038;"SPRF-PR";"DEL06-PR";"UOP03-DEL06-PR"
776740;2026-06-06;"sábado";"08:10:00";"PA";163;9,8;"NOVO PROGRESSO";"Reação tardia ou ineficiente do condutor";"Colisão traseira";"Com Vítimas Feridas";"Pleno dia";"Decrescente";"Sol";"Simples";"Aclive;Reta";"Não";2;0;1;0;0;1;1;2;-9,4834;-54,8588;"SPRF-MT";"DEL06-MT";"UOP03-DEL06-MT"
778383;2026-06-13;"sábado";"11:00:00";"RS";116;195;"PICADA CAFE";"Ausência de reação do condutor";"Tombamento";"Com Vítimas Feridas";"Pleno dia";"Crescente";"Céu Claro";"Simples";"Curva";"Não";5;0;1;1;3;0;2;2;-29,45589506;-51,13849955;"SPRF-RS";"DEL05-RS";"UOP02-DEL05-RS"
778858;2026-04-23;"quinta-feira";"12:00:00";"SC";282;540;"CHAPECO";"Demais falhas mecânicas ou elétricas";"Incêndio";"Sem Vítimas";"Pleno dia";"Crescente";"Céu Claro";"Simples";"Reta";"Não";2;0;0;0;1;1;0;2;-27,00154079;-52,66932607;"SPRF-SC";"DEL07-SC";"UOP01-DEL07-SC"
779280;2026-06-17;"quarta-feira";"14:10:00";"SP";116;298;"ITAPECERICA DA SERRA";"Demais falhas mecânicas ou elétricas";"Incêndio";"Sem Vítimas";"Pleno dia";"Decrescente";"Céu Claro";"Dupla";"Declive";"Sim";1;0;0;0;1;0;0;1;-23,784513;-46,913648;"SPRF-SP";"DEL04-SP";"UOP01-DEL04-SP"
779589;2026-06-19;"sexta-feira";"02:08:00";"PR";277;76;"SAO JOSE DOS PINHAIS";"Objeto estático sobre o leito carroçável";"Colisão com objeto";"Com Vítimas Feridas";"Amanhecer";"Decrescente";"Ignorado";"Dupla";"Reta";"Não";2;0;1;0;0;1;1;2;-25,555;-49,029;"SPRF-PR";"DEL01-PR";"UOP08-DEL01-PR"
779741;2026-06-19;"sexta-feira";"18:30:00";"ES";101;145,1;"LINHARES";"Demais falhas mecânicas ou elétricas";"Colisão transversal";"Com Vítimas Feridas";"Plena Noite";"Decrescente";"Céu Claro";"Dupla";"Reta";"Não";2;0;1;0;1;0;1;2;-19,36179664;-40,06433845;"SPRF-ES";"DEL04-ES";"UOP01-DEL04-ES"
781385;2026-06-26;"sexta-feira";"18:30:00";"MG";262;16;"MARTINS SOARES";"Reação tardia ou ineficiente do condutor";"Colisão lateral sentido oposto";"Sem Vítimas";"Plena Noite";"Decrescente";"Nublado";"Simples";"Curva";"Não";5;0;0;0;3;2;0;5;-20,26351897;-41,87973976;"SPRF-MG";"DEL06-MG";"UOP03-DEL06-MG"
781775;2026-06-28;"domingo";"18:00:00";"PE";101;13,3;"GOIANA";"Objeto estático sobre o leito carroçável";"Colisão com objeto";"Com Vítimas Feridas";"Plena Noite";"Decrescente";"Céu Claro";"Dupla";"Reta";"Não";2;0;1;0;0;1;1;2;-7,610727;-34,975026;"SPRF-PE";"DEL01-PE";"UOP02-DEL01-PE"
781901;2026-06-29;"segunda-feira";"07:15:00";"SC";282;1,6;"FLORIANOPOLIS";"Manobra de mudança de faixa";"Colisão lateral mesmo sentido";"Com Vítimas Feridas";"Pleno dia";"Decrescente";"Céu Claro";"Dupla";"Reta";"Não";4;0;1;0;3;0;1;4;-27,60293696;-48,58067242;"SPRF-SC";"DEL01-SC";"UOP01-DEL01-SC"
783052;2026-07-01;"quarta-feira";"07:03:00";"RJ";40;14,6;"TRES RIOS";"Condutor usando celular";"Colisão traseira";"Com Vítimas Fatais";"Amanhecer";"Crescente";"Nevoeiro/Neblina";"Dupla";"Curva";"Não";3;1;0;0;0;2;0;3;-22,103436;-43,169721;"SPRF-RJ";"DEL05-RJ";"UOP02-DEL05-RJ"
784174;2026-07-09;"quinta-feira";"17:30:00";"RJ";116;187;"NOVA IGUACU";"Ausência de reação do condutor";"Colisão traseira";"Com Vítimas Feridas";"Anoitecer";"Decrescente";"Céu Claro";"Dupla";"Reta";"Sim";5;0;0;1;4;0;1;2;-22,73828895;-43,48181605;"SPRF-RJ";"DEL06-RJ";"UOP01-DEL06-RJ"
784860;2026-07-12;"domingo";"09:50:00";"BA";407;36;"JUAZEIRO";"Ausência de reação do condutor";"Colisão traseira";"Com Vítimas Feridas";"Pleno dia";"Decrescente";"Céu Claro";"Simples";"Reta";"Não";2;0;0;1;0;1;1;2;-9,698427;-40,370433;"SPRF-BA";"DEL04-BA";"UOP01-DEL04-BA"
785024;2026-07-13;"segunda-feira";"04:45:00";"ES";101;15,2;"PEDRO CANARIO";"Acessar a via sem observar a presença dos outros veículos";"Colisão transversal";"Com Vítimas Feridas";"Plena Noite";"Decrescente";"Céu Claro";"Múltipla";"Reta;Retorno Regulamentado";"Não";2;0;0;1;1;0;1;2;-18,29018185;-39,95485637;"SPRF-ES";"DEL04-ES";"UOP02-DEL04-ES"
785941;2026-07-17;"sexta-feira";"14:16:00";"MS";163;14,8;"MUNDO NOVO";"Ausência de reação do condutor";"Saída de leito carroçável";"Com Vítimas Fatais";"Pleno dia";"Decrescente";"Céu Claro";"Simples";"Reta";"Sim";2;1;0;0;1;0;0;2;-23,952033;-54,304645;"SPRF-MS";"DEL09-MS";"UOP02-DEL09-MS"
786329;2026-07-18;"sábado";"22:00:00";"MG";116;608,4;"SAO JOAO DO MANHUACU";"Reação tardia ou ineficiente do condutor";"Colisão traseira";"Com Vítimas Feridas";"Plena Noite";"Crescente";"Céu Claro";"Simples";"Reta";"Não";3;0;2;0;0;1;2;2;-20,412039;-42,152483;"SPRF-MG";"DEL06-MG";"UOP03-DEL06-MG"
787025;2026-07-21;"terça-feira";"04:35:00";"BA";116;135;"CANUDOS";"Demais falhas mecânicas ou elétricas";"Incêndio";"Sem Vítimas";"Pleno dia";"Crescente";"Céu Claro";"Simples";"Reta";"Não";1;0;0;0;1;0;0;1;-9,83933456;-39,16238022;"SPRF-BA";"DEL07-BA";"UOP03-DEL07-BA"
787626;2026-07-24;"sexta-feira";"17:05:00";"SC";101;122,6;"ITAJAI";"Velocidade Incompatível";"Colisão traseira";"Com Vítimas Feridas";"Pleno dia";"Decrescente";"Nublado";"Múltipla";"Reta";"Sim";5;0;0;1;3;1;1;5;-26,94519735;-48,68864763;"SPRF-SC";"DEL04-SC";"UOP04-DEL04-SC"
787919;2026-07-25;"sábado";"19:40:00";"DF";251;35;"BRASILIA";"Pedestre andava na pista";"Atropelamento de Pedestre";"Com Vítimas Feridas";"Plena Noite";"Crescente";"Céu Claro";"Simples";"Reta";"Não";2;0;0;1;1;0;1;2;-15,98257596;-47,98839124;"SPRF-DF";"DEL01-DF";"UOP01-DEL01-DF"
792157;2026-06-14;"domingo";"19:28:00";"PA";163;312;"NOVO PROGRESSO";"Ausência de reação do condutor";"Colisão transversal";"Com Vítimas Fatais";"Plena Noite";"Crescente";"Ignorado";"Simples";"Reta";"Não";2;1;0;0;1;0;0;2;-7,02434129;-55,42095065;"SPRF-PA";"DEL05-PA";"UOP03-DEL05-PA"
744009;2026-01-06;"terça-feira";"11:30:00";"PE";232;118;"CARUARU";"Ausência de reação do condutor";"Saída de leito carroçável";"Com Vítimas Feridas";"Pleno dia";"Crescente";"Céu Claro";"Dupla";"Declive;Reta";"Não";3;0;1;0;0;2;1;3;-8,29748777;-35,86410491;"SPRF-PE";"DEL02-PE";"UOP03-DEL02-PE"
744885;2026-01-10;"sábado";"21:35:00";"RJ";101;326;"NITEROI";"Demais falhas mecânicas ou elétricas";"Incêndio";"Sem Vítimas";"Plena Noite";"Decrescente";"Céu Claro";"Múltipla";"Reta";"Não";2;0;0;0;1;1;0;2;-22,870422;-43,1606381;"SPRF-RJ";"DEL02-RJ";"UOP01-DEL02-RJ"
747362;2026-01-22;"quinta-feira";"09:30:00";"RO";429;53,5;"ALVORADA DOESTE";"Ausência de reação do condutor";"Colisão traseira";"Com Vítimas Feridas";"Pleno dia";"Decrescente";"Nublado";"Dupla";"Aclive;Reta";"Sim";3;0;0;1;1;1;1;3;-11,362455;-62,301543;"SPRF-RO";"DEL02-RO";"UOP03-DEL02-RO"
748840;2026-01-29;"quinta-feira";"20:20:00";"PA";10;5,1;"DOM ELISEU";"Chuva";"Capotamento";"Com Vítimas Fatais";"Plena Noite";"Crescente";"Chuva";"Simples";"Curva;Aclive";"Não";4;1;2;0;0;1;2;2;-4,39944;-47,531287;"SPRF-PA";"DEL02-PA";"UOP02-DEL02-PA"
749198;2026-01-31;"sábado";"16:00:00";"SP";101;51;"UBATUBA";"Transitar na contramão";"Colisão transversal";"Sem Vítimas";"Pleno dia";"Decrescente";"Nublado";"Simples";"Reta";"Sim";3;0;0;0;2;1;0;3;-23,45567413;-45,07173434;"SPRF-SP";"DEL06-SP";"UOP01-DEL06-SP"
750434;2026-02-06;"sexta-feira";"05:10:00";"GO";80;379;"SAO MIGUEL DO ARAGUAIA";"Ausência de reação do condutor";"Colisão traseira";"Com Vítimas Fatais";"Amanhecer";"Crescente";"Céu Claro";"Simples";"Reta";"Não";4;1;0;0;1;2;0;4;-13,29924;-50,3146;"SPRF-GO";"DEL07-GO";"UOP01-DEL07-GO"
752647;2026-02-15;"domingo";"21:40:00";"GO";60;95;"ANAPOLIS";"Ingestão de álcool pelo condutor";"Queda de ocupante de veículo";"Com Vítimas Feridas";"Plena Noite";"Crescente";"Céu Claro";"Dupla";"Reta";"Sim";3;0;1;0;1;1;1;3;-16,368087;-48,939522;"SPRF-GO";"DEL02-GO";"UOP01-DEL02-GO"
754229;2026-02-23;"segunda-feira";"16:00:00";"RS";386;207;"VICTOR GRAEFF";"Pista esburacada";"Saída de leito carroçável";"Com Vítimas Feridas";"Pleno dia";"Crescente";"Céu Claro";"Simples";"Reta";"Não";3;0;2;0;0;2;2;3;-28,516662;-52,634054;"SPRF-RS";"DEL04-RS";"UOP03-DEL04-RS"
756281;2026-03-05;"quinta-feira";"18:25:00";"MG";40;522;"CONTAGEM";"Transitar no Acostamento";"Colisão com objeto";"Com Vítimas Fatais";"Pleno dia";"Decrescente";"Céu Claro";"Dupla";"Reta";"Não";4;1;0;0;1;2;0;4;-19,867476;-44,062109;"SPRF-MG";"DEL01-MG";"UOP02-DEL01-MG"
758417;2026-03-15;"domingo";"00:30:00";"SP";116;387,7;"MIRACATU";"Velocidade Incompatível";"Colisão traseira";"Sem Vítimas";"Plena Noite";"Crescente";"Nublado";"Dupla";"Reta";"Não";4;0;0;0;3;2;0;4;-24,26844696;-47,39548402;"SPRF-SP";"DEL04-SP";"UOP02-DEL04-SP"
759870;2026-03-21;"sábado";"18:16:00";"RJ";101;505;"ANGRA DOS REIS";"Acessar a via sem observar a presença dos outros veículos";"Colisão transversal";"Com Vítimas Feridas";"Pleno dia";"Decrescente";"Céu Claro";"Simples";"Reta";"Sim";4;0;3;0;0;1;3;3;-22,93563022;-44,4039917;"SPRF-RJ";"DEL03-RJ";"UOP03-DEL03-RJ"
762468;2026-04-02;"quinta-feira";"17:25:00";"PE";232;58;"POMBOS";"Condutor deixou de manter distância do veículo da frente";"Colisão traseira";"Sem Vítimas";"Pleno dia";"Crescente";"Céu Claro";"Dupla";"Aclive;Reta";"Não";7;0;0;0;6;3;0;5;-8,145155;-35,39161;"SPRF-PE";"DEL02-PE";"UOP02-DEL02PE"
762907;2026-04-04;"sábado";"20:30:00";"AM";319;115;"CANUTAMA";"Velocidade Incompatível";"Capotamento";"Com Vítimas Feridas";"Plena Noite";"Crescente";"Céu Claro";"Simples";"Reta";"Não";3;0;1;1;0;1;2;2;-8,5995;-63,9964;"SPRF-AM";"DEL01-AM";"UOP04-DEL01-AM"
763157;2026-04-05;"domingo";"20:50:00";"MT";364;204;"RONDONOPOLIS";"Demais falhas mecânicas ou elétricas";"Colisão traseira";"Com Vítimas Feridas";"Plena Noite";"Crescente";"Céu Claro";"Dupla";"Retorno Regulamentado";"Sim";5;0;1;0;3;1;1;3;-16,44483869;-54,66785434;"SPRF-MT";"DEL02-MT";"UOP01-DEL02-MT"
764245;2026-04-10;"sexta-feira";"17:25:00";"SE";101;97,6;"SAO CRISTOVAO";"Acessar a via sem observar a presença dos outros veículos";"Colisão transversal";"Sem Vítimas";"Pleno dia";"Crescente";"Sol";"Dupla";"Retorno Regulamentado;Reta";"Não";3;0;0;0;2;1;0;3;-10,92471;-37,17733;"SPRF-SE";"DEL02-SE";"UOP01-DEL02-SE"
764248;2026-04-10;"sexta-feira";"16:30:00";"MA";135;182;"SAO MATEUS DO MARANHAO";"Acessar a via sem observar a presença dos outros veículos";"Colisão transversal";"Com Vítimas Feridas";"Pleno dia";"Crescente";"Céu Claro";"Simples";"Reta";"Sim";3;0;0;1;1;1;1;3;-4,038653;-44,468235;"SPRF-MA";"DEL03-MA";"UOP01-DEL03-MA"
768202;2026-04-29;"quarta-feira";"10:45:00";"MS";163;578,1;"BANDEIRANTES";"Reação tardia ou ineficiente do condutor";"Colisão traseira";"Com Vítimas Feridas";"Pleno dia";"Decrescente";"Céu Claro";"Simples";"Reta;Em Obras";"Não";5;0;2;0;2;5;2;8;-19,6544617;-54,3562587;"SPRF-MS";"DEL06-MS";"UOP02-DEL06-MS"
774370;2026-05-26;"terça-feira";"17:30:00";"MS";376;94;"IVINHEMA";"Ausência de reação do condutor";"Colisão lateral sentido oposto";"Sem Vítimas";"Anoitecer";"Crescente";"Céu Claro";"Simples";"Reta";"Não";4;0;0;0;2;3;0;4;-22,30957101;-54,05332915;"SPRF-MS";"DEL04-MS";"UOP04-DEL04-MS"
776265;2026-06-04;"quinta-feira";"11:55:00";"RS";285;58,3;"BOM JESUS";"Transitar na contramão";"Colisão traseira";"Com Vítimas Feridas";"Pleno dia";"Crescente";"Céu Claro";"Simples";"Reta;Declive;Interseção de Vias";"Não";5;0;2;0;2;1;2;4;-28,65403;-50,40337;"SPRF-RS";"DEL05-RS";"UOP03-DEL05-RS"
789010;2026-07-31;"sexta-feira";"05:56:00";"MG";50;80,9;"UBERLANDIA";"Condutor Dormindo";"Saída de leito carroçável";"Com Vítimas Feridas";"Amanhecer";"Crescente";"Céu Claro";"Dupla";"Declive;Reta";"Sim";2;0;1;0;0;2;1;3;-18,969423;-48,214612;"SPRF-MG";"DEL15-MG";"UOP01-DEL15-MG"