"id";"data_inversa";"dia_semana";"horario";"uf";"br";"km";"municipio";"causa_acidente";"tipo_acidente";"classificacao_acidente";"fase_dia";"sentido_via";"condicao_metereologica";"tipo_pista";"tracado_via";"uso_solo";"pessoas";"mortos";"feridos_leves";"feridos_graves";"ilesos";"ignorados";"feridos";"veiculos";"latitude";"longitude";"regional";"delegacia";"uop"
746121;2026-01-17;"sábado";"05:00:00";"PI";135;271;"ALVORADA DO GURGUEIA";"Transitar na contramão";"Colisão frontal";"Com Vítimas Fatais";"Amanhecer";"Decrescente";"Céu Claro";"Simples";"Reta;Aclive";"Não";3;1;2;0;0;0;2;2;-8,539077;-43,938587;"SPRF-PI";"DEL03-PI";"UOP02-DEL03-PI"
746122;2026-01-17;"sábado";"06:20:00";"DF";70;7,7;"BRASILIA";"Demais falhas mecânicas ou elétricas";"Tombamento";"Com Vítimas Feridas";"Pleno dia";"Crescente";"Céu Claro";"Dupla";"Reta";"Sim";1;0;0;1;0;0;1;1;-15,783833;-48,124553;"SPRF-DF";"DEL03-DF";"UOP02-DEL03-DF"
746123;2026-01-17;"sábado";"06:30:00";"SC";101;192,2;"BIGUACU";"Ausência de reação do condutor";"Colisão com objeto";"Com Vítimas Feridas";"Pleno dia";"Decrescente";"Céu Claro";"Dupla";"Viaduto;Reta";"Sim";2;0;2;0;0;0;2;1;-27,48722;-48,64933;"SPRF-SC";"DEL01-SC";"UOP01-DEL01-SC"
746124;2026-01-17;"sábado";"06:30:00";"PE";101;83,7;"JABOATAO DOS GUARARAPES";"Reação tardia ou ineficiente do condutor";"Queda de ocupante de veículo";"Com Vítimas Feridas";"Pleno dia";"Decrescente";"Chuva";"Dupla";"Viaduto";"Não";2;0;2;0;0;0;2;1;-8,17668;-34,94421;"SPRF-PE";"DEL01-PE";"UOP01-DEL01-PE"
746127;2026-01-16;"sexta-feira";"17:00:00";"BA";324;387;"GAVIAO";"Ultrapassagem Indevida";"Colisão frontal";"Com Vítimas Fatais";"Anoitecer";"Decrescente";"Céu Claro";"Simples";"Declive";"Não";4;1;2;1;0;0;3;2;-11,503489;-39,739506;"SPRF-BA";"DEL04-BA";"UOP02-DEL04-BA"
746128;2026-01-17;"sábado";"04:00:00";"MT";70;86,4;"GENERAL CARNEIRO";"Condutor Dormindo";"Saída de leito carroçável";"Sem Vítimas";"Plena Noite";"Crescente";"Nevoeiro/Neblina";"Simples";"Aclive;Curva";"Não";2;0;0;0;2;0;0;1;-15,68269288;-52,81798482;"SPRF-MT";"DEL07-MT";"UOP01-DEL07-MT"
746131;2026-01-17;"sábado";"07:45:00";"SC";101;122;"ITAJAI";"Afundamento ou ondulação no pavimento";"Tombamento";"Com Vítimas Feridas";"Pleno dia";"Decrescente";"Nublado";"Dupla";"Reta;Ponte";"Sim";1;0;1;0;0;0;1;1;-26,933128;-48,7019981;"SPRF-SC";"DEL04-SC";"UOP04-DEL04-SC"
746132;2026-01-17;"sábado";"06:00:00";"MS";163;254;"DOURADOS";"Ausência de reação do condutor";"Saída de leito carroçável";"Sem Vítimas";"Amanhecer";"Crescente";"Céu Claro";"Dupla";"Rotatória";"Não";1;0;0;0;0;1;0;1;-22,27295386;-54,81752872;"SPRF-MS";"DEL04-MS";"UOP01-DEL04-MS"
746133;2026-01-17;"sábado";"06:30:00";"MG";381;732,5;"CARMO DA CACHOEIRA";"Chuva";"Colisão com objeto";"Com Vítimas Feridas";"Pleno dia";"Crescente";"Chuva";"Dupla";"Curva";"Não";1;0;1;0;0;0;1;1;-21,522907;-45,22407;"SPRF-MG";"DEL16-MG";"UOP02-DEL16-MG"
746134;2026-01-17;"sábado";"07:40:00";"MG";364;13,9;"FRUTAL";"Ingestão de álcool pelo condutor";"Colisão frontal";"Com Vítimas Fatais";"Pleno dia";"Crescente";"Céu Claro";"Simples";"Reta";"Não";3;2;1;0;0;0;1;2;-20,076772;-48,774442;"SPRF-MG";"DEL13-MG";"UOP02-DEL13-MG"
746136;2026-01-17;"sábado";"07:51:00";"RJ";40;124;"RIO DE JANEIRO";"Mal súbito do condutor";"Colisão com objeto";"Com Vítimas Feridas";"Pleno dia";"Crescente";"Céu Claro";"Dupla";"Reta";"Sim";2;0;2;0;0;0;2;1;-22,81247155;-43,28805161;"SPRF-RJ";"DEL01-RJ";"UOP02-DEL01-RJ"
746138;2026-01-17;"sábado";"07:00:00";"MG";381;480,5;"CONTAGEM";"Ausência de reação do condutor";"Colisão traseira";"Com Vítimas Feridas";"Pleno dia";"Decrescente";"Nublado";"Dupla";"Curva";"Sim";2;0;1;0;0;1;1;2;-19,9582168;-44,056423;"SPRF-MG";"DEL01-MG";"UOP03-DEL01-MG"
746139;2026-01-17;"sábado";"07:50:00";"RJ";101;533;"PARATY";"Reação tardia ou ineficiente do condutor";"Colisão frontal";"Com Vítimas Feridas";"Pleno dia";"Crescente";"Céu Claro";"Simples";"Reta";"Não";4;0;3;1;0;0;4;2;-23,02904911;-44,54239368;"SPRF-RJ";"DEL03-RJ";"UOP03-DEL03-RJ"
746140;2026-01-17;"sábado";"05:00:00";"RS";285;39,1;"BOM JESUS";"Ingestão de álcool pelo condutor";"Saída de leito carroçável";"Com Vítimas Feridas";"Plena Noite";"Crescente";"Nublado";"Simples";"Reta";"Não";1;0;0;1;0;0;1;1;-28,699787;-50,223491;"SPRF-RS";"DEL05-RS";"UOP03-DEL05-RS"
746141;2026-01-17;"sábado";"07:40:00";"MG";116;564,2;"MANHUACU";"Pedestre andava na pista";"Colisão traseira";"Com Vítimas Feridas";"Pleno dia";"Crescente";"Céu Claro";"Simples";"Reta";"Não";2;0;0;1;1;0;1;2;-20,2503486;-42,1424015;"SPRF-MG";"DEL06-MG";"UOP03-DEL06-MG"
746143;2026-01-17;"sábado";"08:26:00";"SP";116;187;"SANTA ISABEL";"Pedestre andava na pista";"Atropelamento de Pedestre";"Com Vítimas Feridas";"Pleno dia";"Decrescente";"Sol";"Dupla";"Aclive;Curva";"Sim";2;0;0;1;1;0;1;2;-23,35651646;-46,20603919;"SPRF-SP";"DEL01-SP";"UOP01-DEL01-SP"
746145;2026-01-17;"sábado";"08:55:00";"PR";277;70;"SAO JOSE DOS PINHAIS";"Ausência de reação do condutor";"Colisão traseira";"Com Vítimas Feridas";"Pleno dia";"Decrescente";"Céu Claro";"Dupla";"Reta";"Sim";3;0;1;0;2;0;1;2;-25,51702717;-49,1162581;"SPRF-PR";"DEL01-PR";"UOP01-DEL01-PR"
746148;2026-01-17;"sábado";"09:30:00";"ES";101;18;"SERRA";"Reação tardia ou ineficiente do condutor";"Tombamento";"Com Vítimas Feridas";"Pleno dia";"Crescente";"Sol";"Múltipla";"Reta";"Não";2;0;2;0;0;0;2;1;-20,218801;-40,33911333;"SPRF-ES";"DEL02-ES";"UOP01-DEL02-ES"
746150;2026-01-17;"sábado";"09:44:00";"PB";101;89,6;"JOAO PESSOA";"Animais na Pista";"Atropelamento de Animal";"Com Vítimas Feridas";"Pleno dia";"Decrescente";"Céu Claro";"Dupla";"Retorno Regulamentado";"Sim";1;0;1;0;0;0;1;1;-7,177858;-34,899595;"SPRF-PB";"DEL01-PB";"UOP01-DEL01-PB"
746151;2026-01-17;"sábado";"09:15:00";"SC";101;136;"BALNEARIO CAMBORIU";"Manobra de mudança de faixa";"Colisão lateral mesmo sentido";"Com Vítimas Feridas";"Pleno dia";"Crescente";"Céu Claro";"Simples";"Reta";"Sim";2;0;1;0;0;1;1;2;-27,0046662;-48,6293277;"SPRF-SC";"DEL04-SC";"UOP03-DEL04-SC"
746152;2026-01-17;"sábado";"09:45:00";"ES";101;130,1;"LINHARES";"Ingestão de álcool pelo condutor";"Colisão com objeto";"Sem Vítimas";"Pleno dia";"Crescente";"Nublado";"Simples";"Declive;Reta";"Não";1;0;0;0;1;0;0;1;-19,23082405;-40,09270473;"SPRF-ES";"DEL04-ES";"UOP01-DEL04-ES"
746154;2026-01-17;"sábado";"08:15:00";"MG";40;45;"PARACATU";"Ausência de reação do condutor";"Tombamento";"Com Vítimas Feridas";"Pleno dia";"Crescente";"Céu Claro";"Simples";"Reta;Aclive";"Não";1;0;0;1;0;0;1;1;-17,237036;-46,841772;"SPRF-MG";"DEL14-MG";"UOP01-DEL14-MG"
746158;2026-01-17;"sábado";"10:00:00";"PR";277;574;"CASCAVEL";"Avarias e/ou desgaste excessivo no pneu";"Tombamento";"Com Vítimas Feridas";"Pleno dia";"Crescente";"Céu Claro";"Simples";"Reta";"Não";2;0;2;0;0;0;2;1;-24,99573142;-53,30198871;"SPRF-PR";"DEL04-PR";"UOP01-DEL04-PR"
746161;2026-01-17;"sábado";"07:50:00";"RO";364;293,9;"PRESIDENTE MEDICI";"Acessar a via sem observar a presença dos outros veículos";"Colisão transversal";"Com Vítimas Feridas";"Pleno dia";"Crescente";"Nublado";"Simples";"Reta";"Não";6;0;3;0;3;0;3;2;-11,299595;-61,89245;"SPRF-RO";"DEL02-RO";"UOP01-DEL02-RO"
746162;2026-01-17;"sábado";"09:50:00";"AL";101;68;"MESSIAS";"Avarias e/ou desgaste excessivo no pneu";"Queda de ocupante de veículo";"Com Vítimas Feridas";"Pleno dia";"Decrescente";"Céu Claro";"Dupla";"Curva";"Não";2;0;2;0;0;0;2;1;-9,349747;-35,833038;"SPRF-AL";"DEL01-AL";"UOP02-DEL01-AL"
746163;2026-01-17;"sábado";"09:07:00";"SC";101;322;"PESCARIA BRAVA";"Ultrapassagem Indevida";"Colisão traseira";"Com Vítimas Feridas";"Pleno dia";"Decrescente";"Céu Claro";"Múltipla";"Aclive;Reta";"Não";2;0;1;1;0;0;2;2;-28,4247692;-48,89791489;"SPRF-SC";"DEL02-SC";"UOP01-DEL02-SC"
746165;2026-01-17;"sábado";"11:10:00";"SP";116;144,6;"SAO JOSE DOS CAMPOS";"Condutor Dormindo";"Engavetamento";"Com Vítimas Feridas";"Pleno dia";"Crescente";"Nublado";"Dupla";"Reta";"Sim";5;0;1;0;1;3;1;4;-23,18374206;-45,84883507;"SPRF-SP";"DEL02-SP";"UOP01-DEL02-SP"
746167;2026-01-17;"sábado";"10:30:00";"PE";101;80;"JABOATAO DOS GUARARAPES";"Velocidade Incompatível";"Colisão traseira";"Com Vítimas Feridas";"Pleno dia";"Crescente";"Céu Claro";"Múltipla";"Reta";"Não";3;0;2;0;1;0;2;2;-8,16837644;-34,93667412;"SPRF-PE";"DEL01-PE";"UOP01-DEL01-PE"
746168;2026-01-17;"sábado";"10:30:00";"RJ";356;153;"CAMPOS DOS GOYTACAZES";"Velocidade Incompatível";"Queda de ocupante de veículo";"Com Vítimas Feridas";"Pleno dia";"Crescente";"Céu Claro";"Simples";"Reta";"Não";1;0;1;0;0;0;1;1;-21,757308;-41,241805;"SPRF-RJ";"DEL08-RJ";"UOP02-DEL08-RJ"
746169;2026-01-17;"sábado";"11:45:00";"RS";290;130;"ELDORADO DO SUL";"Reação tardia ou ineficiente do condutor";"Colisão transversal";"Com Vítimas Feridas";"Pleno dia";"Crescente";"Céu Claro";"Simples";"Reta";"Não";6;0;4;2;0;0;6;2;-30,05815741;-51,5067302;"SPRF-RS";"DEL02-RS";"UOP01-DEL02-RS"
746171;2026-01-17;"sábado";"11:50:00";"ES";101;267,3;"SERRA";"Acessar a via sem observar a presença dos outros veículos";"Colisão transversal";"Com Vítimas Feridas";"Pleno dia";"Decrescente";"Sol";"Múltipla";"Aclive;Interseção de Vias";"Sim";3;0;1;2;0;0;3;2;-20,20282333;-40,26964333;"SPRF-ES";"DEL02-ES";"UOP01-DEL02-ES"
746173;2026-01-17;"sábado";"12:00:00";"SC";282;21,9;"SANTO AMARO DA IMPERATRIZ";"Reação tardia ou ineficiente do condutor";"Colisão traseira";"Com Vítimas Feridas";"Pleno dia";"Decrescente";"Nublado";"Simples";"Reta";"Sim";2;0;1;0;1;0;1;2;-27,68856333;-48,72719765;"SPRF-SC";"DEL01-SC";"UOP02-DEL01-SC"
746175;2026-01-17;"sábado";"12:20:00";"SC";101;145;"ITAPEMA";"Trafegar com motocicleta (ou similar) entre as faixas";"Colisão traseira";"Com Vítimas Feridas";"Pleno dia";"Decrescente";"Nublado";"Dupla";"Declive;Reta";"Sim";4;0;2;0;1;1;2;3;-27,08719319;-48,61023188;"SPRF-SC";"DEL04-SC";"UOP03-DEL04-SC"
746176;2026-01-15;"quinta-feira";"22:20:00";"BA";116;662;"JEQUIE";"Ausência de reação do condutor";"Colisão lateral sentido oposto";"Com Vítimas Feridas";"Plena Noite";"Crescente";"Céu Claro";"Simples";"Reta";"Não";5;0;4;0;1;0;4;3;-13,766179;-40,101773;"SPRF-BA";"DEL03-BA";"UOP01-DEL03-BA"
746177;2026-01-17;"sábado";"12:00:00";"MG";50;15;"ARAGUARI";"Reação tardia ou ineficiente do condutor";"Saída de leito carroçável";"Com Vítimas Feridas";"Pleno dia";"Decrescente";"Céu Claro";"Dupla";"Reta";"Não";1;0;1;0;0;0;1;1;-18,49735442;-48,04458618;"SPRF-MG";"DEL15-MG";"UOP02-DEL15-MG"
746178;2026-01-17;"sábado";"12:09:00";"SC";101;204;"SAO JOSE";"Acesso irregular";"Colisão transversal";"Com Vítimas Feridas";"Pleno dia";"Crescente";"Garoa/Chuvisco";"Dupla";"Reta;Interseção de Vias";"Sim";2;0;1;0;0;1;1;2;-27,57286956;-48,61387817;"SPRF-SC";"DEL01-SC";"UOP01-DEL01-SC"
746179;2026-01-17;"sábado";"12:15:00";"PR";277;317;"GUARAPUAVA";"Reação tardia ou ineficiente do condutor";"Saída de leito carroçável";"Com Vítimas Feridas";"Pleno dia";"Decrescente";"Céu Claro";"Simples";"Reta";"Não";5;0;1;0;4;0;1;1;-25,331787;-51,2180895;"SPRF-PR";"DEL08-PR";"UOP01-DEL08-PR"
746181;2026-01-15;"quinta-feira";"06:00:00";"RS";116;243;"SAO LEOPOLDO";"Estacionar ou parar em local proibido";"Colisão traseira";"Com Vítimas Feridas";"Pleno dia";"Crescente";"Céu Claro";"Dupla";"Viaduto";"Sim";2;0;1;0;1;0;1;2;-29,72978556;-51,14947412;"SPRF-RS";"DEL01-RS";"UOP02-DEL01-RS"
746183;2026-01-17;"sábado";"11:05:00";"PA";10;17;"DOM ELISEU";"Acessar a via sem observar a presença dos outros veículos";"Colisão transversal";"Com Vítimas Feridas";"Pleno dia";"Decrescente";"Sol";"Simples";"Reta";"Sim";2;0;1;0;1;0;1;2;-4,295727;-47,556687;"SPRF-PA";"DEL02-PA";"UOP02-DEL02-PA"
746184;2026-01-17;"sábado";"13:00:00";"MG";381;2;"BETIM";"Condutor deixou de manter distância do veículo da frente";"Colisão traseira";"Com Vítimas Feridas";"Pleno dia";"Decrescente";"Nublado";"Dupla";"Curva";"Sim";3;0;2;0;1;0;2;2;-19,99644525;-44,208853;"SPRF-MG";"DEL01-MG";"UOP03-DEL01-MG"
746185;2026-01-17;"sábado";"10:40:00";"MT";174;280;"PONTES E LACERDA";"Condutor deixou de manter distância do veículo da frente";"Colisão traseira";"Com Vítimas Feridas";"Pleno dia";"Decrescente";"Sol";"Simples";"Reta;Aclive";"Não";2;0;0;1;1;0;1;2;-15,291677;-59,274832;"SPRF-MT";"DEL04-MT";"UOP01-DEL04-MT"
746186;2026-01-17;"sábado";"09:10:00";"SC";282;601,8;"CUNHA PORA";"Ultrapassagem Indevida";"Colisão frontal";"Com Vítimas Fatais";"Pleno dia";"Decrescente";"Sol";"Simples";"Reta";"Não";3;1;2;0;0;0;2;2;-26,806212;-53,177502;"SPRF-SC";"DEL07-SC";"UOP02-DEL07-SC"
746188;2026-01-17;"sábado";"09:00:00";"MG";40;559,8;"NOVA LIMA";"Demais falhas mecânicas ou elétricas";"Incêndio";"Sem Vítimas";"Pleno dia";"Crescente";"Céu Claro";"Dupla";"Reta";"Não";1;0;0;0;1;0;0;1;-20,12709756;-43,96557017;"SPRF-MG";"DEL01-MG";"UOP02-DEL01-MG"
746190;2026-01-17;"sábado";"13:00:00";"CE";116;27;"ITAITINGA";"Manobra de mudança de faixa";"Colisão lateral mesmo sentido";"Com Vítimas Feridas";"Pleno dia";"Crescente";"Sol";"Dupla";"Reta";"Não";4;0;1;2;1;0;3;2;-3,98684;-38,515737;"SPRF-CE";"DEL01-CE";"UOP02-DEL01-CE"
746191;2026-01-17;"sábado";"12:45:00";"SC";282;26,7;"SANTO AMARO DA IMPERATRIZ";"Acessar a via sem observar a presença dos outros veículos";"Colisão transversal";"Com Vítimas Feridas";"Pleno dia";"Crescente";"Nublado";"Simples";"Interseção de Vias;Reta";"Sim";4;0;1;0;3;0;1;2;-27,675539;-48,767767;"SPRF-SC";"DEL01-SC";"UOP03-DEL01-SC"
746192;2026-01-17;"sábado";"13:34:00";"DF";70;10;"BRASILIA";"Pedestre cruzava a pista fora da faixa";"Atropelamento de Pedestre";"Com Vítimas Feridas";"Pleno dia";"Decrescente";"Céu Claro";"Múltipla";"Reta";"Não";2;0;1;0;1;0;1;2;-15,788183;-48,143638;"SPRF-DF";"DEL03-DF";"UOP02-DEL03-DF"
746193;2026-01-17;"sábado";"13:35:00";"MG";146;484,5;"POCOS DE CALDAS";"Ausência de reação do condutor";"Saída de leito carroçável";"Com Vítimas Feridas";"Pleno dia";"Crescente";"Nublado";"Simples";"Reta";"Não";1;0;1;0;0;0;1;1;-21,8056529;-46,4578107;"SPRF-MG";"DEL09-MG";"UOP01-DEL09-MG"
746194;2026-01-17;"sábado";"13:30:00";"PR";116;99;"SAO JOSE DOS PINHAIS";"Mal súbito do condutor";"Colisão com objeto";"Com Vítimas Fatais";"Pleno dia";"Crescente";"Céu Claro";"Dupla";"Reta";"Sim";2;1;1;0;0;0;1;1;-25,56420476;-49,15660501;"SPRF-PR";"DEL01-PR";"UOP08-DEL01-PR"
746195;2026-01-17;"sábado";"13:25:00";"SP";153;184,5;"LINS";"Reação tardia ou ineficiente do condutor";"Queda de ocupante de veículo";"Com Vítimas Feridas";"Pleno dia";"Crescente";"Céu Claro";"Simples";"Reta";"Não";1;0;1;0;0;0;1;1;-21,71496105;-49,81402572;"SPRF-SP";"DEL07-SP";"UOP01-DEL07-SP"
746196;2026-01-17;"sábado";"12:00:00";"PR";277;694,5;"SAO MIGUEL DO IGUACU";"Avarias e/ou desgaste excessivo no pneu";"Tombamento";"Com Vítimas Feridas";"Pleno dia";"Crescente";"Sol";"Dupla";"Declive;Reta";"Não";2;0;2;0;0;0;2;1;-25,38265402;-54,28756563;"SPRF-PR";"DEL05-PR";"UOP01-DEL05-PR"
746197;2026-01-17;"sábado";"14:00:00";"RS";472;152,5;"SANTA ROSA";"Acessar a via sem observar a presença dos outros veículos";"Colisão transversal";"Com Vítimas Feridas";"Pleno dia";"Decrescente";"Céu Claro";"Simples";"Interseção de Vias;Reta";"Sim";3;0;2;1;0;0;3;2;-27,8207834;-54,405756;"SPRF-RS";"DEL10-RS";"UOP01-DEL10-RS"
746198;2026-01-17;"sábado";"07:00:00";"RS";472;586;"URUGUAIANA";"Ausência de reação do condutor";"Saída de leito carroçável";"Sem Vítimas";"Pleno dia";"Crescente";"Céu Claro";"Simples";"Reta";"Não";1;0;0;0;0;1;0;1;-29,842904;-57,108863;"SPRF-RS";"DEL13-RS";"UOP01-DEL13-RS"
746202;2026-01-17;"sábado";"13:30:00";"PI";316;7,2;"TERESINA";"Demais falhas mecânicas ou elétricas";"Queda de ocupante de veículo";"Com Vítimas Feridas";"Pleno dia";"Crescente";"Nublado";"Múltipla";"Reta";"Sim";2;0;1;0;0;1;1;1;-5,157639;-42,771354;"SPRF-PI";"DEL01-PI";"UOP02-DEL01-PI"
746203;2026-01-17;"sábado";"14:49:00";"RJ";101;296;"ITABORAI";"Trafegar com motocicleta (ou similar) entre as faixas";"Colisão traseira";"Com Vítimas Feridas";"Pleno dia";"Decrescente";"Nublado";"Dupla";"Reta";"Sim";2;0;1;0;1;0;1;2;-22,76727819;-42,91371346;"SPRF-RJ";"DEL02-RJ";"UOP02-DEL02-RJ"
746204;2026-01-17;"sábado";"14:30:00";"SP";381;67;"MAIRIPORA";"Ausência de reação do condutor";"Colisão com objeto";"Com Vítimas Feridas";"Pleno dia";"Decrescente";"Chuva";"Múltipla";"Declive;Curva";"Não";1;0;1;0;0;0;1;1;-23,34148455;-46,57377575;"SPRF-SP";"DEL03-SP";"UOP01-DEL03-SP"
746206;2026-01-17;"sábado";"14:45:00";"RS";290;198;"PANTANO GRANDE";"Reação tardia ou ineficiente do condutor";"Colisão com objeto";"Com Vítimas Feridas";"Pleno dia";"Crescente";"Sol";"Simples";"Reta";"Não";2;0;2;0;0;0;2;1;-30,1678578;-52,3189382;"SPRF-RS";"DEL02-RS";"UOP03-DEL02-RS"
746208;2026-01-17;"sábado";"15:05:00";"SC";101;148,8;"ITAPEMA";"Condutor deixou de manter distância do veículo da frente";"Colisão traseira";"Com Vítimas Feridas";"Pleno dia";"Decrescente";"Céu Claro";"Dupla";"Reta";"Sim";3;0;1;0;2;0;1;3;-27,10192147;-48,61896515;"SPRF-SC";"DEL04-SC";"UOP03-DEL04-SC"
746209;2026-01-17;"sábado";"12:20:00";"BA";101;48;"ESPLANADA";"Velocidade Incompatível";"Saída de leito carroçável";"Com Vítimas Feridas";"Pleno dia";"Decrescente";"Chuva";"Dupla";"Curva";"Não";2;0;1;0;1;0;1;1;-11,871498;-37,99124;"SPRF-SE";"DEL02-SE";"UOP03-DEL02-SE"
746210;2026-01-17;"sábado";"15:30:00";"SP";116;200;"ARUJA";"Demais falhas mecânicas ou elétricas";"Incêndio";"Sem Vítimas";"Pleno dia";"Decrescente";"Céu Claro";"Dupla";"Reta";"Sim";1;0;0;0;0;1;0;1;-23,40301126;-46,32365776;"SPRF-SP";"DEL01-SP";"UOP01-DEL01-SP"
746211;2026-01-17;"sábado";"15:40:00";"MG";267;125;"JUIZ DE FORA";"Velocidade Incompatível";"Colisão traseira";"Com Vítimas Feridas";"Pleno dia";"Crescente";"Céu Claro";"Simples";"Reta";"Não";2;0;1;0;1;0;1;2;-21,70509836;-43,51373283;"SPRF-MG";"DEL05-MG";"UOP01-DEL05-MG"
746212;2026-01-17;"sábado";"13:50:00";"RS";285;312,6;"PASSO FUNDO";"Avarias e/ou desgaste excessivo no pneu";"Saída de leito carroçável";"Com Vítimas Feridas";"Pleno dia";"Decrescente";"Céu Claro";"Simples";"Curva";"Não";3;0;3;0;0;0;3;1;-28,242;-52,5554;"SPRF-RS";"DEL08-RS";"UOP03-DEL08-RS"
746213;2026-01-17;"sábado";"15:00:00";"MS";163;107;"ITAQUIRAI";"Ausência de reação do condutor";"Tombamento";"Com Vítimas Feridas";"Pleno dia";"Crescente";"Céu Claro";"Dupla";"Reta";"Não";2;0;2;0;0;0;2;1;-23,218819;-54,215346;"SPRF-MS";"DEL09-MS";"UOP01-DEL09-MS"
746215;2026-01-17;"sábado";"15:00:00";"AL";316;255,2;"PILAR";"Ingestão de álcool pelo condutor";"Colisão transversal";"Com Vítimas Feridas";"Pleno dia";"Decrescente";"Sol";"Simples";"Reta";"Sim";2;0;0;1;1;0;1;2;-9,59054;-35,94788;"SPRF-AL";"DEL02-AL";"UOP01-DEL02-AL"
746216;2026-01-17;"sábado";"16:05:00";"SP";116;72,1;"APARECIDA";"Avarias e/ou desgaste excessivo no pneu";"Tombamento";"Com Vítimas Feridas";"Pleno dia";"Decrescente";"Nublado";"Dupla";"Declive;Reta";"Não";2;0;2;0;0;0;2;1;-22,863725;-45,237668;"SPRF-SP";"DEL08-SP";"UOP01-DEL08-SP"
746217;2026-01-17;"sábado";"16:20:00";"PR";369;144,9;"LONDRINA";"Manobra de mudança de faixa";"Colisão lateral mesmo sentido";"Sem Vítimas";"Pleno dia";"Decrescente";"Céu Claro";"Dupla";"Reta";"Sim";2;0;0;0;2;0;0;2;-23,29334243;-51,10489933;"SPRF-PR";"DEL07-PR";"UOP01-DEL07-PR"
746218;2026-01-17;"sábado";"16:35:00";"TO";153;140;"ARAGUAINA";"Suicídio (presumido)";"Saída de leito carroçável";"Com Vítimas Feridas";"Pleno dia";"Crescente";"Nublado";"Dupla";"Reta";"Sim";2;0;1;0;0;1;1;2;-7,17512;-48,218843;"SPRF-TO";"DEL02-TO";"UOP01-DEL02-TO"
746219;2026-01-17;"sábado";"15:00:00";"RJ";40;113;"DUQUE DE CAXIAS";"Avarias e/ou desgaste excessivo no pneu";"Tombamento";"Com Vítimas Feridas";"Pleno dia";"Crescente";"Céu Claro";"Múltipla";"Reta;Aclive";"Não";2;0;2;0;0;0;2;1;-22,71126398;-43,29014904;"SPRF-RJ";"DEL01-RJ";"UOP02-DEL01-RJ"
746220;2026-01-17;"sábado";"16:10:00";"PI";316;13,1;"TERESINA";"Ingestão de álcool pelo condutor";"Colisão traseira";"Sem Vítimas";"Pleno dia";"Decrescente";"Céu Claro";"Dupla";"Reta";"Não";2;0;0;0;2;0;0;2;-5,21870643;-42,75258065;"SPRF-PI";"DEL01-PI";"UOP02-DEL01-PI"
746222;2026-01-17;"sábado";"11:00:00";"RJ";101;296;"ITABORAI";"Ausência de reação do condutor";"Colisão traseira";"Com Vítimas Feridas";"Pleno dia";"Decrescente";"Céu Claro";"Dupla";"Reta";"Sim";3;0;2;0;1;0;2;2;-22,7671217;-42,9120027;"SPRF-RJ";"DEL02-RJ";"UOP02-DEL02-RJ"
746224;2026-01-17;"sábado";"13:30:00";"MG";381;161,8;"GOVERNADOR VALADARES";"Acessar a via sem observar a presença dos outros veículos";"Colisão transversal";"Com Vítimas Feridas";"Pleno dia";"Decrescente";"Céu Claro";"Simples";"Reta";"Não";3;0;1;2;0;0;3;2;-18,938531;-42,055194;"SPRF-MG";"DEL06-MG";"UOP01-DEL06-MG"
746225;2026-01-17;"sábado";"16:00:00";"SC";470;32;"GASPAR";"Reação tardia ou ineficiente do condutor";"Colisão lateral mesmo sentido";"Com Vítimas Feridas";"Pleno dia";"Crescente";"Céu Claro";"Dupla";"Reta";"Não";3;0;3;0;0;0;3;2;-26,903718;-48,935581;"SPRF-SC";"DEL04-SC";"UOP01-DEL04-SC"
746226;2026-01-17;"sábado";"16:20:00";"PE";101;63,9;"RECIFE";"Reação tardia ou ineficiente do condutor";"Colisão traseira";"Com Vítimas Feridas";"Pleno dia";"Crescente";"Céu Claro";"Dupla";"Interseção de Vias;Reta";"Sim";2;0;1;0;1;0;1;2;-8,01524;-34,94005;"SPRF-PE";"DEL01-PE";"UOP01-DEL01-PE"
746228;2026-01-17;"sábado";"16:05:00";"PB";230;73;"SOBRADO";"Ausência de reação do condutor";"Colisão com objeto";"Com Vítimas Feridas";"Pleno dia";"Crescente";"Céu Claro";"Dupla";"Reta";"Não";1;0;0;1;0;0;1;1;-7,189918;-35,253248;"SPRF-PB";"DEL01-PB";"UOP02-DEL01-PB"
746229;2026-01-17;"sábado";"15:00:00";"MT";163;529,9;"DIAMANTINO";"Ausência de reação do condutor";"Saída de leito carroçável";"Com Vítimas Feridas";"Pleno dia";"Decrescente";"Céu Claro";"Dupla";"Reta";"Não";1;0;0;1;0;0;1;1;-14,37788841;-56,12796932;"SPRF-MT";"DEL01-MT";"UOP01-DEL01-MT"
746230;2026-01-17;"sábado";"16:00:00";"BA";116;24,9;"VITORIA DA CONQUISTA";"Ingestão de álcool pelo condutor";"Colisão traseira";"Sem Vítimas";"Pleno dia";"Crescente";"Sol";"Dupla";"Rotatória";"Sim";2;0;0;0;2;0;0;2;-14,858822;-40,798707;"SPRF-BA";"DEL08-BA";"UOP01-DEL08-BA"
746233;2026-01-17;"sábado";"13:59:00";"MS";60;64;"PARAISO DAS AGUAS";"Ausência de reação do condutor";"Saída de leito carroçável";"Sem Vítimas";"Pleno dia";"Crescente";"Céu Claro";"Simples";"Reta";"Não";1;0;0;0;0;1;0;1;-19,05666679;-53,01824072;"SPRF-MS";"DEL06-MS";"UOP02-DEL06-MS"
746235;2026-01-17;"sábado";"16:00:00";"PR";277;718,8;"SANTA TEREZINHA DE ITAIPU";"Chuva";"Saída de leito carroçável";"Com Vítimas Feridas";"Pleno dia";"Decrescente";"Chuva";"Dupla";"Reta";"Não";2;0;1;0;1;0;1;1;-25,47783;-54,47968;"SPRF-PR";"DEL05-PR";"UOP03-DEL05-PR"