"id";"data_inversa";"dia_semana";"horario";"uf";"br";"km";"municipio";"causa_acidente";"tipo_acidente";"classificacao_acidente";"fase_dia";"sentido_via";"condicao_metereologica";"tipo_pista";"tracado_via";"uso_solo";"pessoas";"mortos";"feridos_leves";"feridos_graves";"ilesos";"ignorados";"feridos";"veiculos";"latitude";"longitude";"regional";"delegacia";"uop"
746333;2026-01-17;"sábado";"22:10:00";"SC";163;101,3;"SAO JOSE DO CEDRO";"Ausência de reação do condutor";"Tombamento";"Com Vítimas Feridas";"Plena Noite";"Crescente";"Nublado";"Simples";"Aclive;Reta";"Não";1;0;1;0;0;0;1;1;-26,47536205;-53,50704281;"SPRF-SC";"DEL07-SC";"UOP03-DEL07-SC"
746334;2026-01-17;"sábado";"23:20:00";"PR";376;9,9;"MARINGA";"Ausência de reação do condutor";"Colisão com objeto";"Com Vítimas Feridas";"Plena Noite";"Crescente";"Céu Claro";"Dupla";"Interseção de Vias";"Sim";1;0;1;0;0;0;1;1;-23,380669;-51,9127034;"SPRF-PR";"DEL09-PR";"UOP01-DEL09-PR"
746335;2026-01-17;"sábado";"23:40:00";"RS";386;52,8;"SEBERI";"Transitar na contramão";"Colisão frontal";"Com Vítimas Feridas";"Plena Noite";"Crescente";"Chuva";"Simples";"Reta";"Sim";6;0;3;0;3;0;3;2;-27,5076757;-53,3822289;"SPRF-RS";"DEL08-RS";"UOP02-DEL08-RS"
746336;2026-01-18;"domingo";"00:20:00";"ES";101;143,6;"LINHARES";"Reação tardia ou ineficiente do condutor";"Colisão traseira";"Com Vítimas Feridas";"Plena Noite";"Decrescente";"Céu Claro";"Dupla";"Reta;Declive";"Não";4;0;1;0;3;0;1;2;-19,36963626;-40,06556797;"SPRF-ES";"DEL04-ES";"UOP01-DEL04-ES"
746337;2026-01-18;"domingo";"00:20:00";"RN";406;166,8;"SAO GONCALO DO AMARANTE";"Ultrapassagem Indevida";"Colisão traseira";"Com Vítimas Feridas";"Plena Noite";"Crescente";"Céu Claro";"Simples";"Reta";"Não";4;0;2;0;2;0;2;2;-5,73981902;-35,34995604;"SPRF-RN";"DEL02-RN";"UOP01-DEL02-RN"
746338;2026-01-17;"sábado";"22:47:00";"RN";226;112,2;"SANTA CRUZ";"Conversão proibida";"Colisão transversal";"Com Vítimas Feridas";"Plena Noite";"Decrescente";"Céu Claro";"Simples";"Reta";"Sim";2;0;0;1;1;0;1;2;-6,21856;-36,019882;"SPRF-RN";"DEL03-RN";"UOP02-DEL03-RN"
746339;2026-01-17;"sábado";"23:12:00";"RJ";40;113,8;"DUQUE DE CAXIAS";"Reação tardia ou ineficiente do condutor";"Colisão com objeto";"Com Vítimas Feridas";"Plena Noite";"Crescente";"Nublado";"Simples";"Retorno Regulamentado;Curva;Ponte";"Sim";1;0;0;1;0;0;1;1;-22,716885;-43,290383;"SPRF-RJ";"DEL01-RJ";"UOP02-DEL01-RJ"
746341;2026-01-17;"sábado";"20:20:00";"MG";381;158;"GOVERNADOR VALADARES";"Velocidade Incompatível";"Saída de leito carroçável";"Com Vítimas Feridas";"Plena Noite";"Crescente";"Ignorado";"Simples";"Reta";"Não";1;0;0;1;0;0;1;1;-18,92877741;-42,0426178;"SPRF-MG";"DEL06-MG";"UOP01-DEL06-MG"
746342;2026-01-18;"domingo";"00:34:00";"GO";60;281;"JANDAIA";"Animais na Pista";"Atropelamento de Animal";"Com Vítimas Feridas";"Plena Noite";"Decrescente";"Céu Claro";"Dupla";"Reta";"Não";4;0;1;1;2;0;2;1;-17,25119526;-50,21916032;"SPRF-GO";"DEL04-GO";"UOP02-DEL04-GO"
746343;2026-01-18;"domingo";"00:40:00";"SP";116;372;"MIRACATU";"Reação tardia ou ineficiente do condutor";"Colisão com objeto";"Com Vítimas Feridas";"Plena Noite";"Decrescente";"Chuva";"Dupla";"Reta";"Não";3;0;1;0;2;0;1;1;-24,1582919;-47,326769;"SPRF-SP";"DEL04-SP";"UOP02-DEL04-SP"
746344;2026-01-18;"domingo";"00:59:00";"PR";376;3,5;"MANDAGUARI";"Desrespeitar a preferência no cruzamento";"Colisão transversal";"Sem Vítimas";"Plena Noite";"Crescente";"Céu Claro";"Simples";"Rotatória";"Sim";2;0;0;0;1;1;0;2;-23,517091;-51,687347;"SPRF-PR";"DEL09-PR";"UOP01-DEL09-PR"
746345;2026-01-18;"domingo";"00:30:00";"MA";316;365,7;"SANTA INES";"Pedestre andava na pista";"Atropelamento de Pedestre";"Com Vítimas Fatais";"Plena Noite";"Decrescente";"Céu Claro";"Simples";"Reta";"Não";2;1;0;0;0;1;0;2;-3,6954844;-45,4067056;"SPRF-MA";"DEL03-MA";"UOP01-DEL03-MA"
746346;2026-01-18;"domingo";"00:05:00";"PR";277;723,5;"FOZ DO IGUACU";"Ingestão de álcool pelo condutor";"Saída de leito carroçável";"Sem Vítimas";"Plena Noite";"Decrescente";"Céu Claro";"Dupla";"Reta";"Sim";1;0;0;0;1;0;0;1;-25,496345;-54,523713;"SPRF-PR";"DEL05-PR";"UOP03-DEL05-PR"
746348;2026-01-18;"domingo";"01:40:00";"MG";40;667,7;"CARANDAI";"Ausência de reação do condutor";"Colisão com objeto";"Com Vítimas Feridas";"Plena Noite";"Crescente";"Céu Claro";"Simples";"Curva";"Não";1;0;0;1;0;0;1;1;-20,95592368;-43,79146669;"SPRF-MG";"DEL05-MG";"UOP02-DEL05-MG"
746349;2026-01-18;"domingo";"01:50:00";"MG";381;500;"BETIM";"Velocidade Incompatível";"Colisão com objeto";"Sem Vítimas";"Plena Noite";"Crescente";"Céu Claro";"Dupla";"Reta";"Não";1;0;0;0;1;0;0;1;-20,00086;-44,21155;"SPRF-MG";"DEL01-MG";"UOP03-DEL01-MG"
746350;2026-01-18;"domingo";"01:30:00";"RS";285;335;"CARAZINHO";"Ingestão de álcool pelo condutor";"Saída de leito carroçável";"Com Vítimas Feridas";"Plena Noite";"Decrescente";"Nublado";"Simples";"Curva";"Não";5;0;4;0;1;0;4;1;-28,317;-52,752;"SPRF-RS";"DEL08-RS";"UOP03-DEL08-RS"
746351;2026-01-18;"domingo";"01:50:00";"MG";381;493,9;"BETIM";"Ausência de reação do condutor";"Colisão com objeto";"Sem Vítimas";"Plena Noite";"Decrescente";"Garoa/Chuvisco";"Dupla";"Reta";"Sim";1;0;0;0;0;1;0;1;-19,96502841;-44,17375734;"SPRF-MG";"DEL01-MG";"UOP03-DEL01-MG"
746352;2026-01-18;"domingo";"02:00:00";"PR";277;82;"CURITIBA";"Reação tardia ou ineficiente do condutor";"Colisão traseira";"Com Vítimas Fatais";"Plena Noite";"Decrescente";"Nublado";"Dupla";"Reta";"Sim";3;1;0;1;1;0;1;2;-25,45585567;-49,22397494;"SPRF-PR";"DEL01-PR";"UOP03-DEL01-PR"
746353;2026-01-18;"domingo";"00:40:00";"MG";381;635,6;"SANTO ANTONIO DO AMPARO";"Acumulo de óleo sobre o pavimento";"Capotamento";"Com Vítimas Feridas";"Plena Noite";"Decrescente";"Chuva";"Dupla";"Aclive;Curva";"Não";5;0;2;0;3;0;2;1;-20,8630169;-44,8413379;"SPRF-MG";"DEL04-MG";"UOP01-DEL04-MG"
746354;2026-01-18;"domingo";"00:05:00";"PR";153;324,3;"IRATI";"Ultrapassagem Indevida";"Colisão transversal";"Com Vítimas Feridas";"Plena Noite";"Crescente";"Nublado";"Simples";"Reta";"Não";6;0;5;0;0;1;5;2;-25,412004;-50,608655;"SPRF-PR";"DEL08-PR";"UOP02-DEL08-PR"
746355;2026-01-18;"domingo";"02:14:00";"SC";101;32;"JOINVILLE";"Condutor Dormindo";"Colisão com objeto";"Com Vítimas Feridas";"Plena Noite";"Decrescente";"Ignorado";"Dupla";"Curva;Interseção de Vias";"Não";1;0;0;1;0;0;1;1;-26,24419478;-48,91034961;"SPRF-SC";"DEL03-SC";"UOP01-DEL03-SC"
746356;2026-01-18;"domingo";"03:00:00";"GO";20;171,9;"ALVORADA DO NORTE";"Condutor Dormindo";"Colisão frontal";"Com Vítimas Fatais";"Plena Noite";"Decrescente";"Céu Claro";"Simples";"Reta";"Não";2;1;0;0;1;0;0;2;-14,4514626;-46,4691384;"SPRF-DF";"DEL02-DF";"UOP03-DEL02-DF"
746358;2026-01-18;"domingo";"04:06:00";"RS";116;253;"SAPUCAIA DO SUL";"Chuva";"Colisão com objeto";"Sem Vítimas";"Plena Noite";"Decrescente";"Chuva";"Dupla";"Reta";"Sim";1;0;0;0;0;1;0;1;-29,8142747;-51,1684167;"SPRF-RS";"DEL01-RS";"UOP02-DEL01-RS"
746359;2026-01-18;"domingo";"02:05:00";"RS";470;173;"VERANOPOLIS";"Pedestre andava na pista";"Atropelamento de Pedestre";"Com Vítimas Fatais";"Plena Noite";"Crescente";"Nublado";"Simples";"Curva";"Sim";2;1;0;0;0;1;0;2;-28,91499606;-51,53987853;"SPRF-RS";"DEL06-RS";"UOP02-DEL06-RS"
746360;2026-01-18;"domingo";"02:08:00";"MT";70;518;"VARZEA GRANDE";"Condutor deixou de manter distância do veículo da frente";"Colisão traseira";"Sem Vítimas";"Plena Noite";"Crescente";"Céu Claro";"Simples";"Reta";"Sim";2;0;0;0;1;1;0;2;-15,69439499;-56,16726466;"SPRF-MT";"DEL01-MT";"UOP02-DEL01-MT"
746361;2026-01-18;"domingo";"04:40:00";"SP";116;210;"GUARULHOS";"Reação tardia ou ineficiente do condutor";"Colisão com objeto";"Com Vítimas Feridas";"Amanhecer";"Crescente";"Chuva";"Múltipla";"Aclive;Reta";"Sim";1;0;1;0;0;0;1;1;-23,428215;-46,410138;"SPRF-SP";"DEL01-SP";"UOP01-DEL01-SP"
746362;2026-01-18;"domingo";"04:15:00";"SC";280;53;"GUARAMIRIM";"Ingestão de álcool pelo condutor";"Saída de leito carroçável";"Com Vítimas Feridas";"Amanhecer";"Decrescente";"Céu Claro";"Dupla";"Reta";"Sim";4;0;3;0;1;0;3;1;-26,47421056;-48,97825336;"SPRF-SC";"DEL03-SC";"UOP03-DEL03-SC"
746363;2026-01-18;"domingo";"02:21:00";"BA";367;32;"PORTO SEGURO";"Reação tardia ou ineficiente do condutor";"Tombamento";"Com Vítimas Feridas";"Plena Noite";"Decrescente";"Céu Claro";"Simples";"Reta";"Não";2;0;2;0;0;0;2;1;-16,41901938;-39,15133813;"SPRF-BA";"DEL09-BA";"UOP03-DEL09-BA"
746364;2026-01-18;"domingo";"04:15:00";"MT";364;1,5;"ALTO ARAGUAIA";"Ausência de reação do condutor";"Saída de leito carroçável";"Com Vítimas Feridas";"Amanhecer";"Decrescente";"Céu Claro";"Simples";"Curva";"Sim";4;0;3;0;0;1;3;2;-17,310357;-53,222189;"SPRF-MT";"DEL02-MT";"UOP02-DEL02-MT"
746365;2026-01-18;"domingo";"04:30:00";"RS";386;346,9;"LAJEADO";"Ausência de reação do condutor";"Saída de leito carroçável";"Sem Vítimas";"Plena Noite";"Crescente";"Céu Claro";"Dupla";"Curva";"Sim";1;0;0;0;0;1;0;1;-29,45132717;-51,96737973;"SPRF-RS";"DEL04-RS";"UOP01-DEL04-RS"
746366;2026-01-18;"domingo";"05:05:00";"RS";153;412;"CACHOEIRA DO SUL";"Ausência de reação do condutor";"Colisão lateral sentido oposto";"Com Vítimas Feridas";"Amanhecer";"Decrescente";"Garoa/Chuvisco";"Simples";"Ponte;Reta";"Não";3;0;0;1;1;1;1;3;-30,06298826;-52,89687857;"SPRF-RS";"DEL02-RS";"UOP03-DEL02-RS"
746367;2026-01-18;"domingo";"04:30:00";"CE";116;43;"HORIZONTE";"Objeto estático sobre o leito carroçável";"Colisão com objeto";"Com Vítimas Fatais";"Amanhecer";"Decrescente";"Chuva";"Dupla";"Reta";"Sim";2;1;0;0;0;1;0;1;-4,122858;-38,486072;"SPRF-CE";"DEL01-CE";"UOP02-DEL01-CE"
746369;2026-01-18;"domingo";"03:45:00";"SC";470;14;"NAVEGANTES";"Acessar a via sem observar a presença dos outros veículos";"Colisão transversal";"Com Vítimas Feridas";"Plena Noite";"Decrescente";"Céu Claro";"Dupla";"Reta";"Não";2;0;1;0;1;0;1;2;-26,83881077;-48,76509458;"SPRF-SC";"DEL04-SC";"UOP04-DEL04-SC"
746370;2026-01-18;"domingo";"03:00:00";"SP";116;161;"SAO JOSE DOS CAMPOS";"Reação tardia ou ineficiente do condutor";"Colisão com objeto";"Com Vítimas Feridas";"Plena Noite";"Crescente";"Céu Claro";"Dupla";"Interseção de Vias;Reta";"Não";1;0;1;0;0;0;1;1;-23,2492092;-45,9356255;"SPRF-SP";"DEL02-SP";"UOP01-DEL02-SP"
746371;2026-01-18;"domingo";"00:10:00";"SE";101;6,7;"CEDRO DE SAO JOAO";"Velocidade Incompatível";"Saída de leito carroçável";"Sem Vítimas";"Plena Noite";"Decrescente";"Céu Claro";"Dupla";"Reta";"Não";1;0;0;0;1;0;0;1;-10,24358811;-36,85424924;"SPRF-SE";"DEL02-SE";"UOP02-DEL02-SE"
746373;2026-01-18;"domingo";"05:00:00";"SE";235;30,4;"AREIA BRANCA";"Ingestão de álcool pelo condutor";"Colisão com objeto";"Sem Vítimas";"Amanhecer";"Decrescente";"Céu Claro";"Simples";"Curva";"Não";1;0;0;0;0;1;0;1;-10,783612;-37,292877;"SPRF-SE";"DEL01-SE";"UOP02-DEL01-SE"
746377;2026-01-18;"domingo";"06:40:00";"RN";101;112;"PARNAMIRIM";"Manobra de mudança de faixa";"Colisão lateral mesmo sentido";"Com Vítimas Feridas";"Pleno dia";"Crescente";"Sol";"Dupla";"Declive";"Não";2;0;0;1;1;0;1;2;-5,9573937;-35,2649731;"SPRF-RN";"DEL01-RN";"UOP01-DEL01-RN"
746378;2026-01-18;"domingo";"06:30:00";"RS";116;310;"GUAIBA";"Ausência de reação do condutor";"Saída de leito carroçável";"Com Vítimas Feridas";"Pleno dia";"Decrescente";"Chuva";"Dupla";"Reta";"Não";2;0;1;1;0;0;2;1;-30,205797;-51,401835;"SPRF-RS";"DEL02-RS";"UOP01-DEL02-RS"
746379;2026-01-18;"domingo";"06:50:00";"RN";101;111;"PARNAMIRIM";"Condutor deixou de manter distância do veículo da frente";"Saída de leito carroçável";"Com Vítimas Feridas";"Pleno dia";"Crescente";"Céu Claro";"Dupla";"Declive;Reta";"Não";3;0;2;0;1;0;2;1;-5,9492784;-35,2630871;"SPRF-RN";"DEL01-RN";"UOP01-DEL01-RN"
746380;2026-01-18;"domingo";"04:30:00";"MG";354;729,1;"POUSO ALTO";"Chuva";"Saída de leito carroçável";"Com Vítimas Feridas";"Plena Noite";"Decrescente";"Chuva";"Simples";"Curva;Declive";"Não";4;0;2;0;2;0;2;1;-22,14730402;-44,96592522;"SPRF-MG";"DEL17-MG";"UOP01-DEL17-MG"
746381;2026-01-18;"domingo";"05:17:00";"CE";222;229;"SOBRAL";"Condutor Dormindo";"Colisão com objeto";"Sem Vítimas";"Amanhecer";"Crescente";"Céu Claro";"Simples";"Ponte;Reta;Declive";"Não";1;0;0;0;0;1;0;1;-3,7027077;-40,3921224;"SPRF-CE";"DEL04-CE";"UOP01-DEL04-CE"
746384;2026-01-18;"domingo";"06:35:00";"PB";230;19;"JOAO PESSOA";"Mal súbito do condutor";"Tombamento";"Com Vítimas Feridas";"Pleno dia";"Decrescente";"Céu Claro";"Dupla";"Reta";"Sim";1;0;1;0;0;0;1;1;-7,12927903;-34,84987646;"SPRF-PB";"DEL01-PB";"UOP01-DEL01-PB"
746385;2026-01-18;"domingo";"07:00:00";"SC";282;1,3;"FLORIANOPOLIS";"Reação tardia ou ineficiente do condutor";"Colisão com objeto";"Sem Vítimas";"Pleno dia";"Decrescente";"Nublado";"Múltipla";"Reta";"Sim";1;0;0;0;1;0;0;1;-27,603702;-48,58402;"SPRF-SC";"DEL01-SC";"UOP01-DEL01-SC"
746386;2026-01-18;"domingo";"07:00:00";"RS";116;173;"CAXIAS DO SUL";"Acessar a via sem observar a presença dos outros veículos";"Colisão transversal";"Com Vítimas Feridas";"Pleno dia";"Decrescente";"Nublado";"Simples";"Reta";"Não";3;0;1;0;2;0;1;2;-29,322663;-51,170787;"SPRF-RS";"DEL05-RS";"UOP02-DEL05-RS"
746387;2026-01-18;"domingo";"01:00:00";"CE";20;82;"TAUA";"Condutor deixou de manter distância do veículo da frente";"Colisão traseira";"Sem Vítimas";"Plena Noite";"Crescente";"Ignorado";"Simples";"Reta";"Não";1;0;0;0;0;1;0;1;-6,011568;-40,29094;"SPRF-CE";"DEL02-CE";"UOP02-DEL02-CE"
746388;2026-01-18;"domingo";"02:45:00";"PE";316;79;"OURICURI";"Reação tardia ou ineficiente do condutor";"Queda de ocupante de veículo";"Com Vítimas Feridas";"Plena Noite";"Crescente";"Garoa/Chuvisco";"Simples";"Aclive";"Sim";1;0;1;0;0;0;1;1;-7,85668572;-40,11444258;"SPRF-PE";"DEL05-PE";"UOP02-DEL05-PE"
746389;2026-01-18;"domingo";"03:05:00";"RJ";116;146;"DUQUE DE CAXIAS";"Velocidade Incompatível";"Queda de ocupante de veículo";"Com Vítimas Feridas";"Plena Noite";"Decrescente";"Céu Claro";"Simples";"Reta";"Sim";1;0;0;1;0;0;1;1;-22,6682449;-43,2675234;"SPRF-RJ";"DEL01-RJ";"UOP02-DEL01-RJ"
746390;2026-01-18;"domingo";"08:00:00";"ES";101;147,4;"LINHARES";"Condutor desrespeitou a iluminação vermelha do semáforo";"Colisão transversal";"Com Vítimas Feridas";"Pleno dia";"Crescente";"Céu Claro";"Dupla";"Interseção de Vias;Reta";"Sim";3;0;1;0;2;0;1;2;-19,38235742;-40,06721608;"SPRF-ES";"DEL04-ES";"UOP01-DEL04-ES"
746391;2026-01-02;"sexta-feira";"18:45:00";"PR";376;466;"PONTA GROSSA";"Ausência de reação do condutor";"Saída de leito carroçável";"Com Vítimas Feridas";"Anoitecer";"Crescente";"Chuva";"Dupla";"Curva";"Não";7;0;3;2;2;0;5;3;-25,024267;-50,319798;"SPRF-PR";"DEL03-PR";"UOP01-DEL03-PR"
746392;2026-01-18;"domingo";"03:40:00";"RS";470;275;"SAO JOSE DO SUL";"Reação tardia ou ineficiente do condutor";"Saída de leito carroçável";"Com Vítimas Fatais";"Plena Noite";"Crescente";"Nublado";"Simples";"Reta";"Não";1;1;0;0;0;0;0;1;-29,562923;-51,48351;"SPRF-RS";"DEL06-RS";"UOP01-DEL06-RS"
746393;2026-01-18;"domingo";"07:30:00";"RS";386;306,3;"POUSO NOVO";"Acumulo de óleo sobre o pavimento";"Colisão frontal";"Com Vítimas Feridas";"Pleno dia";"Decrescente";"Chuva";"Simples";"Curva;Declive";"Não";8;0;8;0;0;0;8;2;-29,17116;-52,20932;"SPRF-RS";"DEL04-RS";"UOP01-DEL04-RS"
746394;2026-01-18;"domingo";"06:30:00";"RJ";40;109;"DUQUE DE CAXIAS";"Ingestão de álcool pelo condutor";"Colisão traseira";"Com Vítimas Feridas";"Pleno dia";"Decrescente";"Céu Claro";"Dupla";"Reta";"Não";2;0;1;0;1;0;1;2;-22,67561193;-43,28605503;"SPRF-RJ";"DEL01-RJ";"UOP02-DEL01-RJ"
746395;2026-01-18;"domingo";"08:10:00";"SC";282;521,7;"XAXIM";"Desrespeitar a preferência no cruzamento";"Colisão transversal";"Com Vítimas Feridas";"Pleno dia";"Crescente";"Céu Claro";"Múltipla";"Interseção de Vias;Rotatória";"Sim";3;0;1;0;2;0;1;2;-26,9535573;-52,5380137;"SPRF-SC";"DEL07-SC";"UOP01-DEL07-SC"
746396;2026-01-18;"domingo";"08:20:00";"RN";101;75;"EXTREMOZ";"Manobra de mudança de faixa";"Colisão transversal";"Com Vítimas Feridas";"Pleno dia";"Crescente";"Céu Claro";"Dupla";"Rotatória";"Não";2;0;1;0;1;0;1;2;-5,721418;-35,2775;"SPRF-RN";"DEL02-RN";"UOP01-DEL02-RN"
746397;2026-01-18;"domingo";"03:30:00";"MT";163;794;"VERA";"Reação tardia ou ineficiente do condutor";"Saída de leito carroçável";"Sem Vítimas";"Plena Noite";"Decrescente";"Nublado";"Simples";"Declive;Reta";"Não";1;0;0;0;1;0;0;1;-12,231256;-55,545616;"SPRF-MT";"DEL06-MT";"UOP02-DEL06-MT"
746398;2026-01-14;"quarta-feira";"06:49:00";"RJ";40;113;"DUQUE DE CAXIAS";"Ausência de reação do condutor";"Colisão lateral mesmo sentido";"Com Vítimas Feridas";"Pleno dia";"Crescente";"Céu Claro";"Múltipla";"Reta";"Sim";2;0;2;0;0;0;2;2;-22,7057089;-43,29040423;"SPRF-RJ";"DEL01-RJ";"UOP02-DEL01-RJ"
746400;2026-01-18;"domingo";"06:20:00";"RJ";40;114;"DUQUE DE CAXIAS";"Ausência de reação do condutor";"Colisão traseira";"Com Vítimas Feridas";"Pleno dia";"Decrescente";"Céu Claro";"Múltipla";"Reta";"Não";2;0;1;0;1;0;1;2;-22,72187151;-43,28870773;"SPRF-RJ";"DEL01-RJ";"UOP02-DEL01-RJ"
746401;2026-01-18;"domingo";"09:20:00";"MG";40;660,9;"CARANDAI";"Acumulo de água sobre o pavimento";"Saída de leito carroçável";"Com Vítimas Feridas";"Pleno dia";"Decrescente";"Chuva";"Simples";"Curva";"Não";2;0;2;0;0;0;2;1;-20,908849;-43,82889;"SPRF-MG";"DEL05-MG";"UOP02-DEL05-MG"
746402;2026-01-18;"domingo";"09:00:00";"MG";262;380;"MATEUS LEME";"Velocidade Incompatível";"Saída de leito carroçável";"Com Vítimas Feridas";"Pleno dia";"Crescente";"Chuva";"Dupla";"Curva";"Não";6;0;4;0;2;0;4;1;-19,922816;-44,465275;"SPRF-MG";"DEL01-MG";"UOP03-DEL01-MG"
746403;2026-01-18;"domingo";"08:00:00";"RO";364;258,9;"CACOAL";"Reação tardia ou ineficiente do condutor";"Tombamento";"Com Vítimas Feridas";"Pleno dia";"Crescente";"Céu Claro";"Simples";"Reta";"Não";2;0;0;1;0;1;1;2;-11,424962;-61,638327;"SPRF-RO";"DEL02-RO";"UOP02-DEL02-RO"
746404;2026-01-18;"domingo";"08:00:00";"PR";116;15;"COLOMBO";"Condutor Dormindo";"Saída de leito carroçável";"Com Vítimas Feridas";"Pleno dia";"Decrescente";"Céu Claro";"Dupla";"Curva;Declive";"Sim";1;0;1;0;0;0;1;1;-25,386242;-49,174368;"SPRF-PR";"DEL01-PR";"UOP02-DEL01-PR"
746406;2026-01-18;"domingo";"09:00:00";"RS";386;396;"TRIUNFO";"Velocidade Incompatível";"Saída de leito carroçável";"Com Vítimas Feridas";"Pleno dia";"Decrescente";"Chuva";"Simples";"Declive;Reta";"Não";1;0;1;0;0;0;1;1;-29,7467473;-51,6088688;"SPRF-RS";"DEL04-RS";"UOP02-DEL04-RS"
746407;2026-01-18;"domingo";"09:03:00";"RS";448;22;"PORTO ALEGRE";"Reação tardia ou ineficiente do condutor";"Colisão com objeto";"Com Vítimas Feridas";"Pleno dia";"Decrescente";"Chuva";"Simples";"Viaduto;Curva";"Não";5;0;3;0;2;0;3;1;-29,97301893;-51,19863903;"SPRF-RS";"DEL01-RS";"UOP01-DEL01-RS"
746410;2026-01-18;"domingo";"08:30:00";"MG";381;424,9;"SABARA";"Velocidade Incompatível";"Saída de leito carroçável";"Com Vítimas Feridas";"Pleno dia";"Crescente";"Nublado";"Simples";"Declive;Curva";"Não";1;0;1;0;0;0;1;1;-19,786957;-43,701557;"SPRF-MG";"DEL01-MG";"UOP01-DEL01-MG"
746411;2026-01-18;"domingo";"09:44:00";"PE";232;10;"JABOATAO DOS GUARARAPES";"Retorno proibido";"Colisão traseira";"Com Vítimas Feridas";"Pleno dia";"Decrescente";"Céu Claro";"Simples";"Rotatória;Curva";"Sim";2;0;1;0;1;0;1;2;-8,08188;-34,9908;"SPRF-PE";"DEL01-PE";"UOP01-DEL01-PE"
746412;2026-01-18;"domingo";"08:30:00";"SC";101;169;"TIJUCAS";"Avarias e/ou desgaste excessivo no pneu";"Tombamento";"Com Vítimas Feridas";"Pleno dia";"Crescente";"Céu Claro";"Dupla";"Reta";"Não";2;0;2;0;0;0;2;1;-27,27532928;-48,63132477;"SPRF-SC";"DEL04-SC";"UOP03-DEL04-SC"
746414;2026-01-18;"domingo";"10:40:00";"MG";40;464;"SETE LAGOAS";"Chuva";"Saída de leito carroçável";"Com Vítimas Feridas";"Pleno dia";"Crescente";"Chuva";"Dupla";"Curva;Aclive";"Não";5;0;1;0;4;0;1;1;-19,433158;-44,335698;"SPRF-MG";"DEL02-MG";"UOP01-DEL02-MG"
746417;2026-01-18;"domingo";"10:37:00";"MG";381;550;"ITAGUARA";"Chuva";"Saída de leito carroçável";"Com Vítimas Feridas";"Pleno dia";"Decrescente";"Chuva";"Dupla";"Curva";"Não";2;0;1;0;1;0;1;1;-20,30070887;-44,44162242;"SPRF-MG";"DEL04-MG";"UOP03-DEL04-MG"
746418;2026-01-18;"domingo";"09:45:00";"MG";262;564,9;"CORREGO DANTA";"Condutor deixou de manter distância do veículo da frente";"Tombamento";"Com Vítimas Feridas";"Pleno dia";"Crescente";"Garoa/Chuvisco";"Simples";"Curva";"Não";6;0;1;0;5;0;1;2;-19,69126174;-46,03858821;"SPRF-MG";"DEL08-MG";"UOP02-DEL08-MG"
746419;2026-01-18;"domingo";"11:05:00";"MG";40;738;"SANTOS DUMONT";"Ausência de reação do condutor";"Colisão com objeto";"Com Vítimas Feridas";"Pleno dia";"Decrescente";"Chuva";"Dupla";"Curva";"Não";2;0;1;0;1;0;1;1;-21,4327933;-43,55167866;"SPRF-MG";"DEL05-MG";"UOP01-DEL05-MG"
746420;2026-01-18;"domingo";"07:15:00";"RO";429;43,3;"ALVORADA DOESTE";"Desrespeitar a preferência no cruzamento";"Colisão transversal";"Com Vítimas Fatais";"Pleno dia";"Crescente";"Sol";"Simples";"Reta;Interseção de Vias";"Não";2;1;0;0;1;0;0;2;-11,295945;-62,237881;"SPRF-RO";"DEL02-RO";"UOP03-DEL02-RO"
746423;2026-01-18;"domingo";"10:40:00";"MG";381;653,9;"SANTO ANTONIO DO AMPARO";"Ausência de reação do condutor";"Colisão com objeto";"Com Vítimas Feridas";"Pleno dia";"Decrescente";"Nublado";"Dupla";"Aclive;Curva";"Não";3;0;3;0;0;0;3;1;-20,97489428;-44,93767619;"SPRF-MG";"DEL04-MG";"UOP02-DEL04-MG"
746425;2026-01-18;"domingo";"11:30:00";"MG";381;713,1;"CARMO DA CACHOEIRA";"Ausência de reação do condutor";"Colisão com objeto";"Com Vítimas Feridas";"Pleno dia";"Crescente";"Chuva";"Dupla";"Reta";"Não";3;0;3;0;0;0;3;1;-21,37652158;-45,19362116;"SPRF-MG";"DEL04-MG";"UOP02-DEL04-MG"
746427;2026-01-18;"domingo";"11:30:00";"SC";101;196,4;"BIGUACU";"Reação tardia ou ineficiente do condutor";"Tombamento";"Com Vítimas Feridas";"Pleno dia";"Decrescente";"Sol";"Múltipla";"Curva";"Sim";1;0;1;0;0;0;1;1;-27,513302;-48,640483;"SPRF-SC";"DEL01-SC";"UOP01-DEL01-SC"
746430;2026-01-18;"domingo";"11:00:00";"MG";40;764;"JUIZ DE FORA";"Avarias e/ou desgaste excessivo no pneu";"Saída de leito carroçável";"Com Vítimas Feridas";"Pleno dia";"Decrescente";"Chuva";"Simples";"Curva";"Não";2;0;2;0;0;0;2;1;-21,58785057;-43,45899582;"SPRF-MG";"DEL05-MG";"UOP01-DEL05-MG"
746431;2026-01-18;"domingo";"11:30:00";"SC";101;230;"PALHOCA";"Reação tardia ou ineficiente do condutor";"Colisão lateral mesmo sentido";"Com Vítimas Feridas";"Pleno dia";"Decrescente";"Céu Claro";"Dupla";"Reta";"Não";3;0;1;1;1;0;2;2;-27,77437801;-48,63412349;"SPRF-SC";"DEL01-SC";"UOP02-DEL01-SC"
746432;2026-01-11;"domingo";"03:00:00";"PR";277;41,3;"MORRETES";"Reação tardia ou ineficiente do condutor";"Saída de leito carroçável";"Sem Vítimas";"Plena Noite";"Crescente";"Céu Claro";"Dupla";"Curva;Aclive";"Não";1;0;0;0;1;0;0;1;-25,56136883;-48,81594356;"SPRF-PR";"DEL01-PR";"UOP05-DEL01-PR"