"id";"data_inversa";"dia_semana";"horario";"uf";"br";"km";"municipio";"causa_acidente";"tipo_acidente";"classificacao_acidente";"fase_dia";"sentido_via";"condicao_metereologica";"tipo_pista";"tracado_via";"uso_solo";"pessoas";"mortos";"feridos_leves";"feridos_graves";"ilesos";"ignorados";"feridos";"veiculos";"latitude";"longitude";"regional";"delegacia";"uop"
748201;2026-01-26;"segunda-feira";"14:30:00";"GO";153;514,5;"APARECIDA DE GOIANIA";"Desrespeitar a preferência no cruzamento";"Colisão transversal";"Com Vítimas Feridas";"Pleno dia";"Decrescente";"Céu Claro";"Dupla";"Interseção de Vias";"Sim";2;0;1;0;1;0;1;2;-16,826689;-49,242174;"SPRF-GO";"DEL01-GO";"UOP03-DEL01-GO"
748202;2026-01-26;"segunda-feira";"19:30:00";"RN";304;304,8;"PARNAMIRIM";"Condutor Dormindo";"Tombamento";"Com Vítimas Fatais";"Plena Noite";"Decrescente";"Céu Claro";"Dupla";"Reta";"Não";1;1;0;0;0;0;0;1;-5,887422;-35,27276;"SPRF-RN";"DEL01-RN";"UOP02-DEL01-RN"
748204;2026-01-26;"segunda-feira";"17:30:00";"RJ";116;147;"DUQUE DE CAXIAS";"Ausência de reação do condutor";"Colisão lateral mesmo sentido";"Com Vítimas Feridas";"Anoitecer";"Crescente";"Nublado";"Múltipla";"Reta";"Sim";2;0;1;0;1;0;1;2;-22,66825379;-43,27289542;"SPRF-RJ";"DEL01-RJ";"UOP02-DEL01-RJ"
748205;2026-01-26;"segunda-feira";"20:05:00";"PR";376;124,7;"ALTO PARANA";"Reação tardia ou ineficiente do condutor";"Saída de leito carroçável";"Com Vítimas Feridas";"Plena Noite";"Crescente";"Céu Claro";"Dupla";"Aclive;Reta";"Não";2;0;1;1;0;0;2;1;-23,14087747;-52,28588669;"SPRF-PR";"DEL09-PR";"UOP02-DEL09-PR"
748206;2026-01-26;"segunda-feira";"20:15:00";"RN";304;305;"PARNAMIRIM";"Reação tardia ou ineficiente do condutor";"Colisão traseira";"Com Vítimas Feridas";"Plena Noite";"Decrescente";"Céu Claro";"Dupla";"Reta";"Sim";2;0;0;1;1;0;1;2;-5,89001729;-35,26483722;"SPRF-RN";"DEL01-RN";"UOP02-DEL01-RN"
748210;2026-01-26;"segunda-feira";"20:00:00";"GO";60;187,8;"GUAPO";"Animais na Pista";"Atropelamento de Animal";"Com Vítimas Feridas";"Plena Noite";"Crescente";"Nublado";"Dupla";"Reta";"Sim";1;0;1;0;0;0;1;1;-16,827423;-49,536917;"SPRF-GO";"DEL01-GO";"UOP02-DEL01-GO"
748211;2026-01-26;"segunda-feira";"19:30:00";"TO";10;458;"PALMAS";"Chuva";"Engavetamento";"Com Vítimas Feridas";"Plena Noite";"Decrescente";"Chuva";"Dupla";"Reta";"Não";4;0;2;0;2;0;2;3;-10,27633679;-48,30223918;"SPRF-TO";"DEL01-TO";"UOP03-DEL01-TO"
748212;2026-01-01;"quinta-feira";"17:30:00";"MS";163;396;"NOVA ALVORADA DO SUL";"Ingestão de álcool pelo condutor";"Saída de leito carroçável";"Sem Vítimas";"Anoitecer";"Decrescente";"Céu Claro";"Simples";"Reta";"Não";1;0;0;0;1;0;0;1;-21,202031;-54,462355;"SPRF-MS";"DEL02-MS";"UOP01-DEL02-MS"
748213;2026-01-17;"sábado";"12:40:00";"MG";40;509,7;"RIBEIRAO DAS NEVES";"Ausência de reação do condutor";"Colisão lateral mesmo sentido";"Com Vítimas Feridas";"Pleno dia";"Decrescente";"Nublado";"Dupla";"Reta;Aclive";"Sim";2;0;1;0;1;0;1;2;-19,772878;-44,124678;"SPRF-MG";"DEL01-MG";"UOP02-DEL01-MG"
748214;2026-01-26;"segunda-feira";"18:40:00";"SP";116;98,5;"PINDAMONHANGABA";"Estacionar ou parar em local proibido";"Colisão traseira";"Com Vítimas Feridas";"Plena Noite";"Crescente";"Nublado";"Dupla";"Reta";"Não";3;0;2;1;0;0;3;2;-22,97980214;-45,45977281;"SPRF-SP";"DEL08-SP";"UOP01-DEL08-SP"
748215;2026-01-12;"segunda-feira";"11:45:00";"BA";116;853,9;"VITORIA DA CONQUISTA";"Transitar na contramão";"Colisão frontal";"Com Vítimas Feridas";"Pleno dia";"Crescente";"Sol";"Simples";"Reta";"Não";8;0;2;0;6;0;2;2;-15,08703071;-41,01255298;"SPRF-BA";"DEL08-BA";"UOP01-DEL08-BA"
748216;2026-01-26;"segunda-feira";"20:55:00";"PR";277;587;"CASCAVEL";"Ausência de reação do condutor";"Tombamento";"Com Vítimas Feridas";"Plena Noite";"Decrescente";"Céu Claro";"Simples";"Curva";"Sim";1;0;1;0;0;0;1;1;-24,96343;-53,406;"SPRF-PR";"DEL04-PR";"UOP01-DEL04-PR"
748217;2026-01-26;"segunda-feira";"20:20:00";"PR";153;51;"SANTO ANTONIO DA PLATINA";"Acesso irregular";"Saída de leito carroçável";"Sem Vítimas";"Plena Noite";"Crescente";"Céu Claro";"Simples";"Reta;Aclive";"Não";1;0;0;0;1;0;0;1;-23,374081;-50,063376;"SPRF-PR";"DEL07-PR";"UOP04-DEL07-PR"
748219;2026-01-26;"segunda-feira";"21:30:00";"SE";235;106,4;"CARIRA";"Manobra de mudança de faixa";"Colisão frontal";"Com Vítimas Fatais";"Plena Noite";"Crescente";"Céu Claro";"Simples";"Reta";"Não";2;1;0;0;0;1;0;2;-10,36575018;-37,69072294;"SPRF-SE";"DEL01-SE";"UOP02-DEL01-SE"
748220;2026-01-26;"segunda-feira";"21:30:00";"SC";470;126,4;"LONTRAS";"Acesso irregular";"Tombamento";"Com Vítimas Fatais";"Plena Noite";"Crescente";"Céu Claro";"Simples";"Declive;Reta;Interseção de Vias";"Sim";3;1;1;0;0;1;1;2;-27,13427917;-49,54049556;"SPRF-SC";"DEL04-SC";"UOP02-DEL04-SC"
748221;2026-01-26;"segunda-feira";"20:15:00";"RS";293;107,5;"PINHEIRO MACHADO";"Pedestre - Ingestão de álcool/ substâncias psicoativas";"Atropelamento de Pedestre";"Com Vítimas Feridas";"Plena Noite";"Crescente";"Céu Claro";"Simples";"Reta;Interseção de Vias";"Sim";5;0;1;0;4;0;1;2;-31,5685502;-53,38770437;"SPRF-RS";"DEL11-RS";"UOP03-DEL11-RS"
748223;2026-01-26;"segunda-feira";"21:50:00";"MG";146;459;"BOTELHOS";"Acessar a via sem observar a presença dos outros veículos";"Colisão transversal";"Com Vítimas Feridas";"Plena Noite";"Crescente";"Garoa/Chuvisco";"Simples";"Reta";"Sim";4;0;1;0;3;0;1;2;-21,63638793;-46,40540153;"SPRF-MG";"DEL09-MG";"UOP01-DEL09-MG"
748226;2026-01-26;"segunda-feira";"18:57:00";"AC";317;37;"RIO BRANCO";"Reação tardia ou ineficiente do condutor";"Colisão transversal";"Sem Vítimas";"Plena Noite";"Decrescente";"Nublado";"Simples";"Reta";"Não";2;0;0;0;1;1;0;2;-9,95768395;-67,83432737;"SPRF-AC";"DEL01-AC";"UOP01-DEL01-AC"
748229;2026-01-26;"segunda-feira";"22:00:00";"MS";60;431;"SIDROLANDIA";"Velocidade Incompatível";"Saída de leito carroçável";"Sem Vítimas";"Plena Noite";"Decrescente";"Céu Claro";"Simples";"Interseção de Vias";"Não";1;0;0;0;0;1;0;1;-20,97971386;-54,97263301;"SPRF-MS";"DEL01-MS";"UOP04-DEL01-MS"
748233;2026-01-26;"segunda-feira";"22:40:00";"PR";376;491,5;"PONTA GROSSA";"Pista esburacada";"Queda de ocupante de veículo";"Com Vítimas Feridas";"Plena Noite";"Crescente";"Céu Claro";"Dupla";"Reta;Declive";"Sim";2;0;2;0;0;0;2;1;-25,14587;-50,15234;"SPRF-PR";"DEL03-PR";"UOP03-DEL03-PR"
748234;2026-01-27;"terça-feira";"00:10:00";"GO";60;181,9;"ABADIA DE GOIAS";"Ingestão de álcool pelo condutor";"Tombamento";"Com Vítimas Feridas";"Plena Noite";"Crescente";"Céu Claro";"Dupla";"Aclive";"Não";1;0;1;0;0;0;1;1;-16,78904664;-49,50084178;"SPRF-GO";"DEL01-GO";"UOP02-DEL01-GO"
748235;2026-01-27;"terça-feira";"00:00:00";"SE";101;102;"SAO CRISTOVAO";"Animais na Pista";"Atropelamento de Animal";"Sem Vítimas";"Plena Noite";"Crescente";"Céu Claro";"Dupla";"Reta";"Não";4;0;0;0;4;0;0;1;-10,95551743;-37,22534895;"SPRF-SE";"DEL02-SE";"UOP01-DEL02-SE"
748241;2026-01-27;"terça-feira";"05:23:00";"PE";232;522;"SALGUEIRO";"Animais na Pista";"Atropelamento de Animal";"Com Vítimas Fatais";"Pleno dia";"Crescente";"Céu Claro";"Simples";"Reta";"Não";2;1;0;1;0;0;1;1;-8,0654729;-39,2427064;"SPRF-PE";"DEL05-PE";"UOP01-DEL05-PE"
748243;2026-01-27;"terça-feira";"05:40:00";"ES";101;246;"SERRA";"Ausência de reação do condutor";"Queda de ocupante de veículo";"Com Vítimas Feridas";"Amanhecer";"Crescente";"Céu Claro";"Simples";"Aclive;Reta";"Não";1;0;1;0;0;0;1;1;-20,067012;-40,373933;"SPRF-ES";"DEL02-ES";"UOP01-DEL02-ES"
748245;2026-01-27;"terça-feira";"04:50:00";"MT";163;112;"RONDONOPOLIS";"Ausência de reação do condutor";"Queda de ocupante de veículo";"Com Vítimas Feridas";"Amanhecer";"Decrescente";"Céu Claro";"Dupla";"Reta";"Não";1;0;1;0;0;0;1;1;-16,63925736;-54,69296515;"SPRF-MT";"DEL02-MT";"UOP01-DEL02-MT"
748246;2026-01-26;"segunda-feira";"20:00:00";"MT";70;505;"CUIABA";"Ausência de reação do condutor";"Colisão transversal";"Sem Vítimas";"Plena Noite";"Crescente";"Céu Claro";"Simples";"Reta";"Sim";2;0;0;0;0;2;0;2;-15,70057408;-56,04158879;"SPRF-MT";"DEL01-MT";"UOP02-DEL01-MT"
748247;2026-01-27;"terça-feira";"05:30:00";"SC";282;19,9;"PALHOCA";"Reação tardia ou ineficiente do condutor";"Colisão traseira";"Com Vítimas Feridas";"Amanhecer";"Decrescente";"Céu Claro";"Simples";"Reta";"Sim";2;0;1;0;0;1;1;2;-27,68384;-48,70983;"SPRF-SC";"DEL01-SC";"UOP02-DEL01-SC"
748248;2026-01-27;"terça-feira";"07:05:00";"PB";101;83,4;"BAYEUX";"Condutor deixou de manter distância do veículo da frente";"Engavetamento";"Com Vítimas Feridas";"Pleno dia";"Decrescente";"Céu Claro";"Dupla";"Reta";"Sim";8;0;2;0;6;0;2;3;-7,136063;-34,92709;"SPRF-PB";"DEL01-PB";"UOP01-DEL01-PB"
748249;2026-01-27;"terça-feira";"07:00:00";"PB";230;21,5;"JOAO PESSOA";"Trafegar com motocicleta (ou similar) entre as faixas";"Colisão lateral mesmo sentido";"Com Vítimas Feridas";"Pleno dia";"Decrescente";"Céu Claro";"Dupla";"Curva";"Sim";6;0;6;0;0;0;6;4;-7,14867;-34,85092;"SPRF-PB";"DEL01-PB";"UOP01-DEL01-PB"
748250;2026-01-26;"segunda-feira";"18:40:00";"MG";354;746,3;"POUSO ALTO";"Objeto estático sobre o leito carroçável";"Colisão com objeto";"Sem Vítimas";"Anoitecer";"Crescente";"Chuva";"Simples";"Reta;Aclive";"Não";1;0;0;0;1;0;0;1;-22,257472;-44,92441;"SPRF-MG";"DEL17-MG";"UOP01-DEL17-MG"
748251;2026-01-27;"terça-feira";"07:30:00";"MA";135;6,7;"SAO LUIS";"Manobra de mudança de faixa";"Colisão traseira";"Sem Vítimas";"Pleno dia";"Crescente";"Céu Claro";"Dupla";"Reta";"Sim";2;0;0;0;2;0;0;2;-2,68828885;-44,29990083;"SPRF-MA";"DEL01-MA";"UOP01-DEL01-MA"
748252;2026-01-27;"terça-feira";"08:00:00";"RS";290;92;"PORTO ALEGRE";"Manobra de mudança de faixa";"Colisão lateral mesmo sentido";"Com Vítimas Feridas";"Pleno dia";"Decrescente";"Céu Claro";"Múltipla";"Viaduto";"Não";3;0;2;0;0;1;2;2;-29,97165488;-51,17524458;"SPRF-RS";"DEL01-RS";"UOP01-DEL01-RS"
748253;2026-01-27;"terça-feira";"08:10:00";"PB";101;88,7;"JOAO PESSOA";"Animais na Pista";"Atropelamento de Animal";"Com Vítimas Feridas";"Pleno dia";"Crescente";"Céu Claro";"Dupla";"Reta";"Sim";1;0;0;1;0;0;1;1;-7,1681;-34,89687;"SPRF-PB";"DEL01-PB";"UOP01-DEL01-PB"
748256;2026-01-27;"terça-feira";"08:35:00";"RJ";116;176;"RIO DE JANEIRO";"Reação tardia ou ineficiente do condutor";"Colisão lateral mesmo sentido";"Com Vítimas Feridas";"Pleno dia";"Decrescente";"Sol";"Dupla";"Reta";"Sim";2;0;1;0;1;0;1;2;-22,80483328;-43,34526003;"SPRF-RJ";"DEL06-RJ";"UOP01-DEL06-RJ"
748257;2026-01-27;"terça-feira";"08:20:00";"SE";101;100,2;"SAO CRISTOVAO";"Demais falhas mecânicas ou elétricas";"Incêndio";"Sem Vítimas";"Pleno dia";"Crescente";"Céu Claro";"Dupla";"Curva;Aclive";"Não";1;0;0;0;1;0;0;1;-10,94065;-37,19447;"SPRF-SE";"DEL02-SE";"UOP01-DEL02-SE"
748258;2026-01-27;"terça-feira";"07:36:00";"RN";101;100,3;"PARNAMIRIM";"Ausência de sinalização";"Colisão traseira";"Com Vítimas Feridas";"Pleno dia";"Crescente";"Céu Claro";"Múltipla";"Reta";"Sim";5;0;2;0;3;0;2;5;-5,883834;-35,226662;"SPRF-RN";"DEL01-RN";"UOP01-DEL01-RN"
748260;2026-01-27;"terça-feira";"07:45:00";"RS";386;37;"FREDERICO WESTPHALEN";"Acessar a via sem observar a presença dos outros veículos";"Colisão transversal";"Com Vítimas Feridas";"Pleno dia";"Crescente";"Céu Claro";"Simples";"Reta";"Sim";2;0;1;0;1;0;1;2;-27,38605247;-53,39982426;"SPRF-RS";"DEL08-RS";"UOP02-DEL08-RS"
748262;2026-01-27;"terça-feira";"04:45:00";"BA";324;356;"CAPIM GROSSO";"Ausência de reação do condutor";"Colisão com objeto";"Sem Vítimas";"Amanhecer";"Crescente";"Céu Claro";"Simples";"Reta";"Não";1;0;0;0;1;0;0;1;-11,38769494;-39,98916149;"SPRF-BA";"DEL04-BA";"UOP02-DEL04-BA"
748263;2026-01-27;"terça-feira";"08:15:00";"SC";101;437,8;"SOMBRIO";"Condutor deixou de manter distância do veículo da frente";"Colisão lateral mesmo sentido";"Com Vítimas Feridas";"Pleno dia";"Decrescente";"Céu Claro";"Dupla";"Reta";"Não";2;0;0;1;1;0;1;2;-29,12389291;-49,65220825;"SPRF-SC";"DEL02-SC";"UOP02-DEL02-SC"
748264;2026-01-27;"terça-feira";"08:00:00";"DF";20;2;"BRASILIA";"Velocidade Incompatível";"Colisão traseira";"Com Vítimas Feridas";"Pleno dia";"Decrescente";"Céu Claro";"Dupla";"Reta;Aclive";"Sim";6;0;2;0;3;1;2;3;-15,60848822;-47,6902771;"SPRF-DF";"DEL02-DF";"UOP01-DEL02-DF"
748265;2026-01-27;"terça-feira";"07:25:00";"MT";163;834,5;"SINOP";"Acessar a via sem observar a presença dos outros veículos";"Colisão transversal";"Com Vítimas Feridas";"Pleno dia";"Crescente";"Sol";"Dupla";"Retorno Regulamentado";"Sim";2;0;1;0;1;0;1;2;-11,86608047;-55,49662113;"SPRF-MT";"DEL06-MT";"UOP02-DEL06-MT"
748267;2026-01-27;"terça-feira";"07:03:00";"PE";428;24;"CABROBO";"Animais na Pista";"Atropelamento de Animal";"Sem Vítimas";"Amanhecer";"Crescente";"Céu Claro";"Simples";"Reta";"Não";1;0;0;0;1;0;0;1;-8,486677;-39,42259;"SPRF-PE";"DEL05-PE";"UOP03-DEL05-PE"
748268;2026-01-12;"segunda-feira";"02:50:00";"AM";174;942;"RIO PRETO DA EVA";"Ingestão de álcool pelo condutor";"Colisão traseira";"Sem Vítimas";"Plena Noite";"Crescente";"Céu Claro";"Simples";"Reta";"Não";5;0;0;0;5;0;0;4;-2,472435;-60,02962;"SPRF-AM";"DEL01-AM";"UOP01-DEL01-AM"
748269;2026-01-27;"terça-feira";"07:50:00";"PR";376;605;"CURITIBA";"Reação tardia ou ineficiente do condutor";"Colisão traseira";"Com Vítimas Feridas";"Amanhecer";"Crescente";"Céu Claro";"Múltipla";"Interseção de Vias";"Não";2;0;1;0;1;0;1;2;-25,542751;-49,309236;"SPRF-PR";"DEL01-PR";"UOP03-DEL01-PR"
748271;2026-01-27;"terça-feira";"08:10:00";"SP";116;5;"QUELUZ";"Manobra de mudança de faixa";"Colisão traseira";"Com Vítimas Feridas";"Pleno dia";"Decrescente";"Céu Claro";"Dupla";"Reta";"Não";2;0;1;0;1;0;1;2;-22,52834732;-44,74169469;"SPRF-SP";"DEL08-SP";"UOP02-DEL08-SP"
748272;2026-01-27;"terça-feira";"08:00:00";"MG";146;484,8;"POCOS DE CALDAS";"Frear bruscamente";"Saída de leito carroçável";"Com Vítimas Feridas";"Pleno dia";"Decrescente";"Céu Claro";"Simples";"Reta;Declive";"Não";3;0;2;0;0;1;2;2;-21,805473;-46,459212;"SPRF-MG";"DEL09-MG";"UOP01-DEL09-MG"
748273;2026-01-27;"terça-feira";"09:10:00";"PR";277;2,9;"PARANAGUA";"Ultrapassagem Indevida";"Colisão transversal";"Com Vítimas Feridas";"Pleno dia";"Crescente";"Céu Claro";"Simples";"Reta";"Sim";2;0;0;1;1;0;1;2;-25,53965352;-48,55854034;"SPRF-PR";"DEL01-PR";"UOP05-DEL01-PR"
748274;2026-01-27;"terça-feira";"08:15:00";"MG";381;869;"POUSO ALEGRE";"Demais falhas mecânicas ou elétricas";"Incêndio";"Sem Vítimas";"Pleno dia";"Crescente";"Céu Claro";"Dupla";"Aclive;Reta";"Não";1;0;0;0;1;0;0;1;-22,38313;-45,948234;"SPRF-MG";"DEL16-MG";"UOP01-DEL16-MG"
748275;2026-01-27;"terça-feira";"09:00:00";"MG";40;532,2;"BELO HORIZONTE";"Reação tardia ou ineficiente do condutor";"Tombamento";"Com Vítimas Feridas";"Pleno dia";"Crescente";"Céu Claro";"Dupla";"Reta;Declive";"Sim";1;0;1;0;0;0;1;1;-19,9248333;-44,0140571;"SPRF-MG";"DEL01-MG";"UOP02-DEL01-MG"
748276;2026-01-27;"terça-feira";"07:00:00";"BA";242;234;"ITABERABA";"Afundamento ou ondulação no pavimento";"Saída de leito carroçável";"Com Vítimas Feridas";"Pleno dia";"Decrescente";"Céu Claro";"Simples";"Declive;Reta";"Não";3;0;2;0;1;0;2;1;-12,53048;-40,35054;"SPRF-BA";"DEL06-BA";"UOP02-DEL06-BA"
748277;2026-01-27;"terça-feira";"03:20:00";"BA";116;597;"IRAJUBA";"Demais falhas na via";"Saída de leito carroçável";"Com Vítimas Fatais";"Plena Noite";"Crescente";"Chuva";"Simples";"Reta;Declive";"Não";37;1;22;11;3;0;33;1;-13,30944855;-40,02456665;"SPRF-BA";"DEL03-BA";"UOP02-DEL03-BA"
748280;2026-01-27;"terça-feira";"09:15:00";"RJ";40;125;"RIO DE JANEIRO";"Ausência de reação do condutor";"Colisão lateral mesmo sentido";"Com Vítimas Feridas";"Pleno dia";"Crescente";"Nublado";"Múltipla";"Reta";"Sim";2;0;1;0;0;1;1;2;-22,81453817;-43,28835365;"SPRF-RJ";"DEL01-RJ";"UOP02-DEL01-RJ"
748285;2026-01-27;"terça-feira";"06:30:00";"RO";319;20;"PORTO VELHO";"Condutor Dormindo";"Saída de leito carroçável";"Sem Vítimas";"Amanhecer";"Decrescente";"Nublado";"Simples";"Reta";"Não";4;0;0;0;4;0;0;1;-8,0595;-63,54669;"SPRF-RO";"DEL01-RO";"UOP01-DEL01-RO"
748286;2026-01-27;"terça-feira";"09:30:00";"MG";116;736,5;"LARANJAL";"Mal súbito do condutor";"Colisão traseira";"Com Vítimas Feridas";"Pleno dia";"Decrescente";"Sol";"Simples";"Reta";"Não";2;0;0;1;1;0;1;2;-21,36778147;-42,47584518;"SPRF-MG";"DEL07-MG";"UOP02-DEL07-MG"
748288;2026-01-07;"quarta-feira";"06:45:00";"MG";381;211;"BELO ORIENTE";"Demais falhas mecânicas ou elétricas";"Incêndio";"Sem Vítimas";"Pleno dia";"Crescente";"Céu Claro";"Simples";"Reta";"Não";1;0;0;0;1;0;0;1;-19,257059;-42,341917;"SPRF-MG";"DEL06-MG";"UOP01-DEL06-MG"
748289;2026-01-27;"terça-feira";"10:30:00";"ES";101;390,5;"RIO NOVO DO SUL";"Acessar a via sem observar a presença dos outros veículos";"Colisão transversal";"Com Vítimas Feridas";"Pleno dia";"Crescente";"Céu Claro";"Simples";"Reta";"Não";2;0;1;0;1;0;1;2;-20,864841;-40,90039643;"SPRF-ES";"DEL03-ES";"UOP02-DEL03-ES"
748290;2026-01-27;"terça-feira";"10:40:00";"PI";316;307;"PICOS";"Condutor deixou de manter distância do veículo da frente";"Colisão traseira";"Com Vítimas Feridas";"Pleno dia";"Decrescente";"Chuva";"Simples";"Reta";"Sim";3;0;0;1;2;0;1;2;-7,077754;-41,495061;"SPRF-PI";"DEL04-PI";"UOP01-DEL04-PI"
748291;2026-01-27;"terça-feira";"12:20:00";"DF";70;17;"BRASILIA";"Ausência de reação do condutor";"Saída de leito carroçável";"Com Vítimas Feridas";"Pleno dia";"Decrescente";"Céu Claro";"Dupla";"Reta";"Não";1;0;1;0;0;0;1;1;-15,791615;-48,210271;"SPRF-DF";"DEL03-DF";"UOP02-DEL03-DF"
748292;2026-01-27;"terça-feira";"08:25:00";"BA";101;719;"EUNAPOLIS";"Acessar a via sem observar a presença dos outros veículos";"Colisão transversal";"Com Vítimas Feridas";"Pleno dia";"Decrescente";"Céu Claro";"Simples";"Reta;Interseção de Vias";"Sim";3;0;2;0;1;0;2;2;-16,387;-39,586;"SPRF-BA";"DEL09-BA";"UOP01-DEL09-BA"
748296;2026-01-27;"terça-feira";"12:15:00";"SC";101;210,3;"SAO JOSE";"Acessar a via sem observar a presença dos outros veículos";"Colisão com objeto";"Com Vítimas Feridas";"Pleno dia";"Decrescente";"Céu Claro";"Múltipla";"Reta";"Sim";4;0;1;1;0;2;2;2;-27,619007;-48,648252;"SPRF-SC";"DEL01-SC";"UOP01-DEL01-SC"
748298;2026-01-25;"domingo";"21:40:00";"RO";364;342;"JI-PARANA";"Condutor desrespeitou a iluminação vermelha do semáforo";"Colisão transversal";"Com Vítimas Feridas";"Plena Noite";"Decrescente";"Céu Claro";"Dupla";"Reta";"Sim";3;0;2;1;0;0;3;3;-10,879075;-61,944943;"SPRF-RO";"DEL02-RO";"UOP01-DEL02-RO"
748299;2026-01-27;"terça-feira";"12:50:00";"SE";101;86,9;"NOSSA SENHORA DO SOCORRO";"Reação tardia ou ineficiente do condutor";"Capotamento";"Com Vítimas Feridas";"Pleno dia";"Crescente";"Céu Claro";"Dupla";"Reta;Declive";"Não";4;0;4;0;0;0;4;1;-10,85863342;-37,13609442;"SPRF-SE";"DEL01-SE";"UOP01-DEL01-SE"
748300;2026-01-27;"terça-feira";"12:50:00";"SP";116;135,5;"SAO JOSE DOS CAMPOS";"Trafegar com motocicleta (ou similar) entre as faixas";"Colisão lateral mesmo sentido";"Com Vítimas Feridas";"Pleno dia";"Crescente";"Céu Claro";"Dupla";"Reta";"Não";3;0;0;1;2;0;1;2;-23,14466;-45,77102;"SPRF-SP";"DEL02-SP";"UOP01-DEL02-SP"
748301;2026-01-27;"terça-feira";"10:50:00";"SC";163;114,2;"GUARUJA DO SUL";"Entrada inopinada do pedestre";"Atropelamento de Pedestre";"Com Vítimas Feridas";"Pleno dia";"Decrescente";"Sol";"Simples";"Reta;Aclive";"Não";3;0;0;1;1;1;1;2;-26,37327598;-53,5305175;"SPRF-SC";"DEL07-SC";"UOP03-DEL07-SC"
748302;2026-01-27;"terça-feira";"12:40:00";"PE";101;24;"ITAPISSUMA";"Ausência de reação do condutor";"Saída de leito carroçável";"Com Vítimas Feridas";"Pleno dia";"Crescente";"Sol";"Dupla";"Curva;Aclive";"Não";2;0;2;0;0;0;2;1;-7,69707353;-34,92168448;"SPRF-PE";"DEL01-PE";"UOP02-DEL01-PE"
748305;2026-01-27;"terça-feira";"11:20:00";"RO";319;118;"PORTO VELHO";"Acessar a via sem observar a presença dos outros veículos";"Colisão transversal";"Com Vítimas Feridas";"Pleno dia";"Decrescente";"Chuva";"Simples";"Reta";"Não";2;0;0;1;1;0;1;2;-8,6304;-63,99639;"SPRF-RO";"DEL01-RO";"UOP01-DEL01-RO"
748306;2026-01-27;"terça-feira";"13:45:00";"SP";101;50;"UBATUBA";"Conversão proibida";"Colisão traseira";"Com Vítimas Feridas";"Pleno dia";"Crescente";"Sol";"Simples";"Interseção de Vias";"Sim";2;0;1;0;1;0;1;2;-23,45325122;-45,07427422;"SPRF-SP";"DEL06-SP";"UOP01-DEL06-SP"
748307;2026-01-27;"terça-feira";"14:10:00";"SC";101;221,7;"PALHOCA";"Ausência de reação do condutor";"Colisão traseira";"Com Vítimas Feridas";"Pleno dia";"Decrescente";"Céu Claro";"Dupla";"Reta";"Não";3;0;2;0;1;0;2;2;-27,70402149;-48,6584352;"SPRF-SC";"DEL01-SC";"UOP02-DEL01-SC"
748310;2026-01-27;"terça-feira";"06:56:00";"MT";70;522;"VARZEA GRANDE";"Acessar a via sem observar a presença dos outros veículos";"Colisão transversal";"Com Vítimas Feridas";"Pleno dia";"Decrescente";"Céu Claro";"Simples";"Reta";"Não";2;0;1;0;0;1;1;2;-15,66006499;-56,18785858;"SPRF-MT";"DEL01-MT";"UOP02-DEL01-MT"
748311;2026-01-27;"terça-feira";"14:20:00";"PR";376;158,3;"MANDAGUACU";"Acessar a via sem observar a presença dos outros veículos";"Colisão transversal";"Com Vítimas Feridas";"Pleno dia";"Crescente";"Nublado";"Dupla";"Curva";"Sim";2;0;0;2;0;0;2;2;-23,36330702;-52,08503292;"SPRF-PR";"DEL09-PR";"UOP02-DEL09-PR"
748314;2026-01-27;"terça-feira";"13:30:00";"BA";101;573;"CAMACAN";"Velocidade Incompatível";"Saída de leito carroçável";"Com Vítimas Feridas";"Pleno dia";"Crescente";"Chuva";"Simples";"Reta";"Não";1;0;0;1;0;0;1;1;-15,31163499;-39,49575841;"SPRF-BA";"DEL05-BA";"UOP02-DEL05-BA"
748315;2026-01-27;"terça-feira";"13:30:00";"PR";369;153;"LONDRINA";"Ingestão de álcool pelo condutor";"Colisão traseira";"Com Vítimas Feridas";"Pleno dia";"Decrescente";"Chuva";"Dupla";"Reta;Declive";"Sim";3;0;1;0;2;0;1;3;-23,2940464;-51,18797489;"SPRF-PR";"DEL07-PR";"UOP01-DEL07-PR"
748316;2026-01-27;"terça-feira";"14:40:00";"PE";101;70,8;"RECIFE";"Reação tardia ou ineficiente do condutor";"Colisão traseira";"Com Vítimas Feridas";"Pleno dia";"Crescente";"Céu Claro";"Múltipla";"Reta";"Sim";2;0;0;1;1;0;1;2;-8,07485;-34,94291;"SPRF-PE";"DEL01-PE";"UOP01-DEL01-PE"
748319;2026-01-27;"terça-feira";"15:00:00";"ES";101;265;"SERRA";"Acessar a via sem observar a presença dos outros veículos";"Tombamento";"Com Vítimas Feridas";"Pleno dia";"Crescente";"Céu Claro";"Múltipla";"Interseção de Vias";"Sim";2;0;1;0;1;0;1;2;-20,192874;-40,268529;"SPRF-ES";"DEL02-ES";"UOP01-DEL02-ES"
748320;2026-01-27;"terça-feira";"15:00:00";"RJ";101;433;"MANGARATIBA";"Manobra de mudança de faixa";"Colisão lateral mesmo sentido";"Com Vítimas Feridas";"Pleno dia";"Decrescente";"Chuva";"Simples";"Retorno Regulamentado";"Não";2;0;1;0;1;0;1;2;-22,938606;-44,039528;"SPRF-RJ";"DEL03-RJ";"UOP02-DEL03-RJ"