"id";"data_inversa";"dia_semana";"horario";"uf";"br";"km";"municipio";"causa_acidente";"tipo_acidente";"classificacao_acidente";"fase_dia";"sentido_via";"condicao_metereologica";"tipo_pista";"tracado_via";"uso_solo";"pessoas";"mortos";"feridos_leves";"feridos_graves";"ilesos";"ignorados";"feridos";"veiculos";"latitude";"longitude";"regional";"delegacia";"uop"
748687;2026-01-29;"quinta-feira";"12:45:00";"PE";101;60;"RECIFE";"Acessar a via sem observar a presença dos outros veículos";"Colisão transversal";"Com Vítimas Feridas";"Pleno dia";"Crescente";"Sol";"Dupla";"Interseção de Vias";"Não";2;0;1;0;1;0;1;2;-7,98783398;-34,93404508;"SPRF-PE";"DEL01-PE";"UOP02-DEL01-PE"
748688;2026-01-29;"quinta-feira";"12:50:00";"GO";60;81,2;"ANAPOLIS";"Ausência de reação do condutor";"Saída de leito carroçável";"Com Vítimas Feridas";"Pleno dia";"Decrescente";"Céu Claro";"Dupla";"Curva";"Não";2;0;1;0;1;0;1;1;-16,312753;-48,830309;"SPRF-GO";"DEL02-GO";"UOP01-DEL02-GO"
748691;2026-01-29;"quinta-feira";"12:44:00";"RN";226;3,8;"NATAL";"Acessar a via sem observar a presença dos outros veículos";"Colisão transversal";"Sem Vítimas";"Pleno dia";"Decrescente";"Céu Claro";"Simples";"Reta";"Sim";3;0;0;0;3;0;0;2;-5,819737;-35,258968;"SPRF-RN";"DEL01-RN";"UOP02-DEL01-RN"
748693;2026-01-29;"quinta-feira";"12:00:00";"RJ";493;98;"JAPERI";"Ausência de reação do condutor";"Queda de ocupante de veículo";"Com Vítimas Feridas";"Pleno dia";"Decrescente";"Céu Claro";"Dupla";"Reta";"Não";1;0;1;0;0;0;1;1;-22,66283515;-43,62526983;"SPRF-RJ";"DEL01-RJ";"UOP03-DEL01-RJ"
748696;2026-01-29;"quinta-feira";"13:50:00";"BA";324;3;"FEIRA DE SANTANA";"Acessar a via sem observar a presença dos outros veículos";"Colisão traseira";"Com Vítimas Feridas";"Pleno dia";"Decrescente";"Céu Claro";"Dupla";"Reta";"Sim";3;0;2;0;0;1;2;2;-12,27716093;-38,93966675;"SPRF-BA";"DEL02-BA";"UOP01-DEL02-BA"
748697;2026-01-25;"domingo";"19:00:00";"RJ";101;544;"PARATY";"Transitar na contramão";"Colisão frontal";"Com Vítimas Fatais";"Plena Noite";"Crescente";"Chuva";"Simples";"Reta";"Não";2;1;0;1;0;0;1;2;-23,04713674;-44,60412741;"SPRF-RJ";"DEL03-RJ";"UOP04-DEL03-RJ"
748698;2026-01-17;"sábado";"21:20:00";"ES";101;256;"SERRA";"Reação tardia ou ineficiente do condutor";"Colisão transversal";"Com Vítimas Feridas";"Plena Noite";"Crescente";"Céu Claro";"Simples";"Reta;Aclive";"Não";3;0;1;1;1;0;2;2;-20,120703;-40,308191;"SPRF-ES";"DEL02-ES";"UOP01-DEL02-ES"
748704;2026-01-29;"quinta-feira";"11:51:00";"RO";364;350;"JI-PARANA";"Ausência de reação do condutor";"Colisão lateral mesmo sentido";"Com Vítimas Feridas";"Pleno dia";"Decrescente";"Céu Claro";"Simples";"Reta";"Não";3;0;1;0;1;1;1;3;-10,843435;-62,002258;"SPRF-RO";"DEL02-RO";"UOP01-DEL02-RO"
748705;2026-01-29;"quinta-feira";"14:10:00";"SC";101;132;"BALNEARIO CAMBORIU";"Ausência de reação do condutor";"Tombamento";"Com Vítimas Feridas";"Pleno dia";"Crescente";"Céu Claro";"Dupla";"Reta";"Sim";1;0;1;0;0;0;1;1;-26,9988;-48,648862;"SPRF-SC";"DEL04-SC";"UOP03-DEL04-SC"
748706;2026-01-29;"quinta-feira";"14:00:00";"SP";153;61;"SAO JOSE DO RIO PRETO";"Reação tardia ou ineficiente do condutor";"Engavetamento";"Com Vítimas Feridas";"Pleno dia";"Crescente";"Sol";"Dupla";"Reta";"Sim";4;0;1;0;3;0;1;4;-20,803457;-49,355757;"SPRF-SP";"DEL09-SP";"UOP01-DEL09-SP"
748710;2026-01-29;"quinta-feira";"13:15:00";"RJ";116;123;"MAGE";"Condutor Dormindo";"Colisão traseira";"Com Vítimas Feridas";"Pleno dia";"Decrescente";"Céu Claro";"Múltipla";"Reta";"Não";2;0;1;0;0;1;1;2;-22,63646896;-43,05744156;"SPRF-RJ";"DEL04-RJ";"UOP02-DEL04-RJ"
748712;2026-01-29;"quinta-feira";"12:00:00";"RJ";101;301;"SAO GONCALO";"Reação tardia ou ineficiente do condutor";"Engavetamento";"Com Vítimas Feridas";"Pleno dia";"Decrescente";"Sol";"Dupla";"Reta";"Sim";4;0;1;0;3;0;1;3;-22,77832204;-42,95611089;"SPRF-RJ";"DEL02-RJ";"UOP02-DEL02-RJ"
748717;2026-01-29;"quinta-feira";"11:45:00";"MS";163;21;"MUNDO NOVO";"Ultrapassagem Indevida";"Colisão lateral mesmo sentido";"Com Vítimas Feridas";"Pleno dia";"Decrescente";"Céu Claro";"Simples";"Aclive";"Não";4;0;3;0;0;1;3;2;-23,917595;-54,290082;"SPRF-MS";"DEL09-MS";"UOP02-DEL09-MS"
748718;2026-01-29;"quinta-feira";"07:00:00";"PR";369;140,6;"IBIPORA";"Reação tardia ou ineficiente do condutor";"Atropelamento de Pedestre";"Com Vítimas Feridas";"Pleno dia";"Crescente";"Céu Claro";"Múltipla";"Reta";"Sim";3;0;1;0;1;1;1;3;-23,28628114;-51,0752004;"SPRF-PR";"DEL07-PR";"UOP01-DEL07-PR"
748719;2026-01-29;"quinta-feira";"15:48:00";"SE";235;10;"NOSSA SENHORA DO SOCORRO";"Conversão proibida";"Colisão frontal";"Com Vítimas Feridas";"Pleno dia";"Decrescente";"Sol";"Simples";"Declive";"Sim";3;0;3;0;0;0;3;2;-10,87844578;-37,15398073;"SPRF-SE";"DEL01-SE";"UOP01-DEL01-SE"
748726;2026-01-26;"segunda-feira";"01:48:00";"RJ";465;22,5;"RIO DE JANEIRO";"Ultrapassagem Indevida";"Colisão frontal";"Com Vítimas Feridas";"Plena Noite";"Crescente";"Vento";"Simples";"Reta";"Não";3;0;0;2;1;0;2;2;-22,86556325;-43,60022485;"SPRF-RJ";"DEL03-RJ";"UOP01-DEL03-RJ"
748727;2026-01-29;"quinta-feira";"15:34:00";"PI";343;5;"TERESINA";"Condutor deixou de manter distância do veículo da frente";"Colisão traseira";"Com Vítimas Feridas";"Pleno dia";"Decrescente";"Céu Claro";"Simples";"Ponte";"Sim";3;0;1;0;2;0;1;3;-5,08344331;-42,79659659;"SPRF-PI";"DEL05-PI";"UOP01-DEL05-PI"
748728;2026-01-29;"quinta-feira";"16:20:00";"ES";101;188;"ARACRUZ";"Acessar a via sem observar a presença dos outros veículos";"Colisão transversal";"Com Vítimas Feridas";"Pleno dia";"Crescente";"Céu Claro";"Simples";"Reta";"Não";6;0;2;0;4;0;2;2;-19,57856074;-40,18671155;"SPRF-ES";"DEL04-ES";"UOP01-DEL04-ES"
748730;2026-01-29;"quinta-feira";"16:00:00";"SP";116;63;"GUARATINGUETA";"Demais falhas mecânicas ou elétricas";"Tombamento";"Com Vítimas Feridas";"Pleno dia";"Crescente";"Nublado";"Dupla";"Reta";"Não";2;0;2;0;0;0;2;1;-22,81561;-45,1805;"SPRF-SP";"DEL08-SP";"UOP01-DEL08-SP"
748732;2026-01-29;"quinta-feira";"15:35:00";"RS";101;16,1;"DOM PEDRO DE ALCANTARA";"Velocidade Incompatível";"Saída de leito carroçável";"Com Vítimas Feridas";"Pleno dia";"Decrescente";"Chuva";"Dupla";"Reta";"Não";4;0;2;0;2;0;2;1;-29,414618;-49,859007;"SPRF-RS";"DEL03-RS";"UOP02-DEL03-RS"
748733;2026-01-29;"quinta-feira";"15:33:00";"SP";116;229,9;"SAO PAULO";"Reação tardia ou ineficiente do condutor";"Engavetamento";"Com Vítimas Feridas";"Pleno dia";"Decrescente";"Nublado";"Múltipla";"Reta";"Sim";5;0;1;0;4;0;1;4;-23,51368277;-46,57681847;"SPRF-SP";"DEL01-SP";"UOP01-DEL01-SP"
748734;2026-01-29;"quinta-feira";"14:00:00";"RO";421;11;"ARIQUEMES";"Pista esburacada";"Queda de ocupante de veículo";"Com Vítimas Feridas";"Pleno dia";"Decrescente";"Céu Claro";"Simples";"Declive;Reta";"Não";1;0;1;0;0;0;1;1;-9,97375;-63,128221;"SPRF-RO";"DEL03-RO";"UOP01-DEL03-RO"
748735;2026-01-29;"quinta-feira";"15:20:00";"MG";116;407;"GOVERNADOR VALADARES";"Manobra de mudança de faixa";"Colisão lateral mesmo sentido";"Com Vítimas Feridas";"Pleno dia";"Crescente";"Céu Claro";"Dupla";"Reta";"Não";4;0;1;0;3;0;1;2;-18,8416;-41,98397;"SPRF-MG";"DEL06-MG";"UOP01-DEL06-MG"
748737;2026-01-29;"quinta-feira";"16:05:00";"PR";376;258;"CALIFORNIA";"Acumulo de água sobre o pavimento";"Tombamento";"Com Vítimas Feridas";"Pleno dia";"Decrescente";"Chuva";"Simples";"Curva";"Não";1;0;1;0;0;0;1;1;-23,68285177;-51,35029241;"SPRF-PR";"DEL07-PR";"UOP03-DEL07-PR"
748738;2026-01-29;"quinta-feira";"16:50:00";"PI";343;348;"TERESINA";"Reação tardia ou ineficiente do condutor";"Colisão traseira";"Com Vítimas Feridas";"Pleno dia";"Crescente";"Céu Claro";"Dupla";"Reta";"Sim";2;0;1;0;1;0;1;2;-5,12155429;-42,79234797;"SPRF-PI";"DEL01-PI";"UOP01-DEL01-PI"
748740;2026-01-29;"quinta-feira";"14:45:00";"PR";277;404,1;"CANDOI";"Demais falhas mecânicas ou elétricas";"Incêndio";"Sem Vítimas";"Pleno dia";"Decrescente";"Céu Claro";"Simples";"Reta;Aclive";"Não";1;0;0;0;1;0;0;1;-25,45844547;-51,9640553;"SPRF-PR";"DEL04-PR";"UOP02-DEL04-PR"
748741;2026-01-29;"quinta-feira";"16:10:00";"SC";280;27,8;"ARAQUARI";"Trafegar com motocicleta (ou similar) entre as faixas";"Colisão lateral mesmo sentido";"Com Vítimas Feridas";"Pleno dia";"Decrescente";"Garoa/Chuvisco";"Simples";"Reta";"Não";2;0;1;0;1;0;1;2;-26,410237;-48,752393;"SPRF-SC";"DEL03-SC";"UOP03-DEL03-SC"
748745;2026-01-29;"quinta-feira";"13:30:00";"RS";158;175,4;"PEJUCARA";"Mal súbito do condutor";"Saída de leito carroçável";"Com Vítimas Feridas";"Pleno dia";"Crescente";"Céu Claro";"Simples";"Reta;Em Obras";"Não";2;0;2;0;0;0;2;1;-28,47700305;-53,54714569;"SPRF-RS";"DEL10-RS";"UOP02-DEL10-RS"
748747;2026-01-22;"quinta-feira";"05:00:00";"BA";324;576;"SAO SEBASTIAO DO PASSE";"Demais falhas mecânicas ou elétricas";"Incêndio";"Sem Vítimas";"Plena Noite";"Crescente";"Ignorado";"Dupla";"Reta";"Não";1;0;0;0;0;1;0;1;-12,5838686;-38,53163838;"SPRF-BA";"DEL01-BA";"UOP01-DEL01-BA"
748748;2026-01-29;"quinta-feira";"13:40:00";"RS";287;334,3;"SAO VICENTE DO SUL";"Reação tardia ou ineficiente do condutor";"Saída de leito carroçável";"Com Vítimas Feridas";"Pleno dia";"Crescente";"Céu Claro";"Simples";"Curva";"Não";1;0;0;1;0;0;1;1;-29,644622;-54,679536;"SPRF-RS";"DEL12-RS";"UOP02-DEL12-RS"
748750;2026-01-29;"quinta-feira";"17:15:00";"SC";282;3;"FLORIANOPOLIS";"Reação tardia ou ineficiente do condutor";"Tombamento";"Com Vítimas Feridas";"Pleno dia";"Crescente";"Chuva";"Múltipla";"Curva";"Sim";1;0;1;0;0;0;1;1;-27,6000782;-48,59987998;"SPRF-SC";"DEL01-SC";"UOP01-DEL01-SC"
748751;2026-01-29;"quinta-feira";"17:00:00";"PR";369;115,5;"URAI";"Acessar a via sem observar a presença dos outros veículos";"Colisão lateral mesmo sentido";"Com Vítimas Feridas";"Pleno dia";"Crescente";"Céu Claro";"Dupla";"Curva;Declive";"Não";2;0;1;0;1;0;1;2;-23,2782;-50,8589;"SPRF-PR";"DEL07-PR";"UOP05-DEL07-PR"
748754;2026-01-29;"quinta-feira";"18:30:00";"TO";153;498;"PARAISO DO TOCANTINS";"Ausência de reação do condutor";"Colisão traseira";"Com Vítimas Feridas";"Anoitecer";"Crescente";"Nublado";"Simples";"Reta;Interseção de Vias;Declive";"Sim";2;0;1;0;1;0;1;2;-10,18943241;-48,8803196;"SPRF-TO";"DEL01-TO";"UOP01-DEL01-TO"
748756;2026-01-29;"quinta-feira";"17:25:00";"PR";369;154;"LONDRINA";"Acessar a via sem observar a presença dos outros veículos";"Atropelamento de Pedestre";"Com Vítimas Feridas";"Pleno dia";"Crescente";"Sol";"Dupla";"Reta";"Sim";2;0;0;1;1;0;1;2;-23,297945;-51,196316;"SPRF-PR";"DEL07-PR";"UOP01-DEL07-PR"
748757;2026-01-29;"quinta-feira";"17:30:00";"PR";116;18;"CURITIBA";"Condutor deixou de manter distância do veículo da frente";"Colisão traseira";"Com Vítimas Feridas";"Pleno dia";"Crescente";"Garoa/Chuvisco";"Dupla";"Reta;Aclive";"Sim";2;0;1;0;1;0;1;2;-25,38888654;-49,19835297;"SPRF-PR";"DEL01-PR";"UOP02-DEL01-PR"
748758;2026-01-29;"quinta-feira";"11:00:00";"RJ";101;303;"SAO GONCALO";"Reação tardia ou ineficiente do condutor";"Colisão traseira";"Sem Vítimas";"Pleno dia";"Crescente";"Céu Claro";"Dupla";"Reta;Declive";"Sim";3;0;0;0;3;0;0;3;-22,7847722;-42,98107884;"SPRF-RJ";"DEL02-RJ";"UOP02-DEL02-RJ"
748759;2026-01-29;"quinta-feira";"18:20:00";"RS";392;351;"SANTA MARIA";"Acessar a via sem observar a presença dos outros veículos";"Colisão transversal";"Com Vítimas Feridas";"Pleno dia";"Crescente";"Sol";"Dupla";"Rotatória";"Sim";4;0;1;1;2;0;2;2;-29,728042;-53,803475;"SPRF-RS";"DEL09-RS";"UOP01-DEL09-RS"
748762;2026-01-29;"quinta-feira";"17:29:00";"ES";101;259;"SERRA";"Objeto estático sobre o leito carroçável";"Colisão com objeto";"Com Vítimas Feridas";"Pleno dia";"Crescente";"Céu Claro";"Simples";"Reta;Declive";"Sim";1;0;1;0;0;0;1;1;-20,144;-40,29091;"SPRF-ES";"DEL02-ES";"UOP01-DEL02-ES"
748764;2026-01-29;"quinta-feira";"18:20:00";"SC";101;205;"SAO JOSE";"Pista Escorregadia";"Tombamento";"Com Vítimas Feridas";"Pleno dia";"Decrescente";"Chuva";"Simples";"Curva";"Não";1;0;1;0;0;0;1;1;-27,58352;-48,61467;"SPRF-SC";"DEL01-SC";"UOP01-DEL01-SC"
748766;2026-01-29;"quinta-feira";"18:15:00";"SC";101;144;"ITAPEMA";"Trafegar com motocicleta (ou similar) entre as faixas";"Tombamento";"Com Vítimas Feridas";"Anoitecer";"Decrescente";"Garoa/Chuvisco";"Dupla";"Reta";"Não";3;0;0;2;1;0;2;3;-27,07064605;-48,59548442;"SPRF-SC";"DEL04-SC";"UOP03-DEL04-SC"
748767;2026-01-29;"quinta-feira";"18:00:00";"MG";381;496;"BETIM";"Entrada inopinada do pedestre";"Atropelamento de Pedestre";"Com Vítimas Feridas";"Pleno dia";"Decrescente";"Céu Claro";"Múltipla";"Reta";"Sim";2;0;0;2;0;0;2;2;-19,97551121;-44,19468133;"SPRF-MG";"DEL01-MG";"UOP03-DEL01-MG"
748768;2026-01-29;"quinta-feira";"16:00:00";"SC";280;99,2;"SAO BENTO DO SUL";"Velocidade Incompatível";"Saída de leito carroçável";"Sem Vítimas";"Pleno dia";"Decrescente";"Chuva";"Simples";"Curva;Declive";"Não";1;0;0;0;1;0;0;1;-26,371471;-49,331859;"SPRF-SC";"DEL06-SC";"UOP03-DEL06-SC"
748769;2026-01-29;"quinta-feira";"18:10:00";"SC";101;206;"SAO JOSE";"Reação tardia ou ineficiente do condutor";"Colisão transversal";"Com Vítimas Feridas";"Anoitecer";"Crescente";"Chuva";"Simples";"Interseção de Vias";"Sim";2;0;1;0;1;0;1;2;-27,58907909;-48,61755967;"SPRF-SC";"DEL01-SC";"UOP01-DEL01-SC"
748771;2026-01-21;"quarta-feira";"13:30:00";"CE";116;19;"EUSEBIO";"Condutor deixou de manter distância do veículo da frente";"Queda de ocupante de veículo";"Com Vítimas Feridas";"Pleno dia";"Decrescente";"Céu Claro";"Dupla";"Reta";"Sim";2;0;0;1;0;1;1;2;-3,92087923;-38,50725174;"SPRF-CE";"DEL01-CE";"UOP02-DEL01-CE"
748777;2026-01-29;"quinta-feira";"19:40:00";"PR";277;7;"PARANAGUA";"Reação tardia ou ineficiente do condutor";"Colisão frontal";"Com Vítimas Feridas";"Plena Noite";"Crescente";"Garoa/Chuvisco";"Simples";"Reta;Interseção de Vias";"Sim";2;0;1;0;0;1;1;2;-25,510505;-48,519215;"SPRF-PR";"DEL01-PR";"UOP05-DEL01-PR"
748778;2026-01-29;"quinta-feira";"19:52:00";"AP";210;0,8;"MACAPA";"Ausência de reação do condutor";"Colisão traseira";"Com Vítimas Feridas";"Plena Noite";"Crescente";"Céu Claro";"Dupla";"Reta";"Sim";2;0;2;0;0;0;2;1;0,078;-51,0698;"SPRF-AP";"DEL01-AP";"UOP01-DEL01-AP"
748779;2026-01-29;"quinta-feira";"19:20:00";"SP";116;219;"GUARULHOS";"Reação tardia ou ineficiente do condutor";"Atropelamento de Pedestre";"Com Vítimas Feridas";"Plena Noite";"Crescente";"Céu Claro";"Múltipla";"Reta";"Sim";2;0;0;1;1;0;1;2;-23,46092322;-46,48838132;"SPRF-SP";"DEL01-SP";"UOP01-DEL01-SP"
748781;2026-01-29;"quinta-feira";"20:00:00";"SP";116;161,9;"JACAREI";"Demais falhas mecânicas ou elétricas";"Tombamento";"Com Vítimas Feridas";"Plena Noite";"Decrescente";"Chuva";"Dupla";"Reta";"Sim";1;0;1;0;0;0;1;1;-23,28066024;-45,98291289;"SPRF-SP";"DEL02-SP";"UOP01-DEL02-SP"
748782;2026-01-29;"quinta-feira";"15:30:00";"PR";163;198;"CASCAVEL";"Avarias e/ou desgaste excessivo no pneu";"Saída de leito carroçável";"Sem Vítimas";"Pleno dia";"Crescente";"Céu Claro";"Dupla";"Reta";"Não";1;0;0;0;0;1;0;1;-25,019689;-53,553204;"SPRF-PR";"DEL05-PR";"UOP05-DEL05-PR"
748783;2026-01-29;"quinta-feira";"18:30:00";"SP";381;86;"SAO PAULO";"Condutor deixou de manter distância do veículo da frente";"Queda de ocupante de veículo";"Com Vítimas Feridas";"Plena Noite";"Decrescente";"Chuva";"Múltipla";"Reta";"Sim";1;0;1;0;0;0;1;1;-23,46745514;-46,57095758;"SPRF-SP";"DEL03-SP";"UOP01-DEL03-SP"
748784;2026-01-29;"quinta-feira";"17:55:00";"SC";101;50,9;"JOINVILLE";"Ausência de reação do condutor";"Colisão lateral mesmo sentido";"Com Vítimas Feridas";"Anoitecer";"Crescente";"Nublado";"Dupla";"Reta";"Não";2;0;2;0;0;0;2;1;-26,39193935;-48,8398692;"SPRF-SC";"DEL03-SC";"UOP01-DEL03-SC"
748785;2026-01-29;"quinta-feira";"17:30:00";"PI";316;337,9;"GEMINIANO";"Condutor deixou de manter distância do veículo da frente";"Colisão traseira";"Com Vítimas Feridas";"Anoitecer";"Decrescente";"Nublado";"Simples";"Reta";"Sim";5;0;1;0;4;0;1;2;-7,111345;-41,227885;"SPRF-PI";"DEL04-PI";"UOP01-DEL04-PI"
748787;2026-01-29;"quinta-feira";"20:30:00";"PR";277;4;"CURITIBA";"Ausência de reação do condutor";"Colisão traseira";"Com Vítimas Feridas";"Plena Noite";"Decrescente";"Nublado";"Dupla";"Reta;Aclive";"Sim";2;0;1;0;1;0;1;2;-25,430531;-49,322904;"SPRF-PR";"DEL01-PR";"UOP05-DEL01-PR"
748789;2026-01-29;"quinta-feira";"18:45:00";"PR";277;662;"MATELANDIA";"Acumulo de óleo sobre o pavimento";"Tombamento";"Com Vítimas Feridas";"Anoitecer";"Decrescente";"Chuva";"Dupla";"Curva";"Não";1;0;1;0;0;0;1;1;-25,2516309;-53,99020521;"SPRF-PR";"DEL05-PR";"UOP02-DEL05-PR"
748790;2026-01-23;"sexta-feira";"17:14:00";"RJ";101;77;"CAMPOS DOS GOYTACAZES";"Condutor deixou de manter distância do veículo da frente";"Colisão traseira";"Sem Vítimas";"Pleno dia";"Crescente";"Chuva";"Simples";"Reta";"Sim";2;0;0;0;2;0;0;2;-21,828605;-41,408171;"SPRF-RJ";"DEL08-RJ";"UOP02-DEL08-RJ"
748791;2026-01-29;"quinta-feira";"19:00:00";"RJ";116;248,6;"PIRAI";"Acumulo de água sobre o pavimento";"Colisão com objeto";"Com Vítimas Feridas";"Plena Noite";"Decrescente";"Chuva";"Dupla";"Reta";"Não";2;0;1;0;1;0;1;1;-22,6666874;-43,84153247;"SPRF-RJ";"DEL07-RJ";"UOP01-DEL07-RJ"
748792;2026-01-29;"quinta-feira";"20:30:00";"MG";262;354,1;"BETIM";"Ingestão de álcool pelo condutor";"Saída de leito carroçável";"Com Vítimas Feridas";"Plena Noite";"Decrescente";"Chuva";"Dupla";"Reta";"Não";1;0;1;0;0;0;1;1;-19,97700841;-44,25712841;"SPRF-MG";"DEL01-MG";"UOP03-DEL01-MG"
748793;2026-01-29;"quinta-feira";"19:55:00";"RS";290;176;"BUTIA";"Acessar a via sem observar a presença dos outros veículos";"Colisão transversal";"Com Vítimas Feridas";"Plena Noite";"Crescente";"Nublado";"Simples";"Reta";"Sim";4;0;0;1;3;0;1;2;-30,13217101;-51,97819456;"SPRF-RS";"DEL02-RS";"UOP03-DEL02-RS"
748795;2026-01-29;"quinta-feira";"20:10:00";"SC";101;145;"ITAPEMA";"Ausência de reação do condutor";"Tombamento";"Com Vítimas Feridas";"Plena Noite";"Crescente";"Garoa/Chuvisco";"Múltipla";"Curva";"Não";2;0;2;0;0;0;2;1;-27,08618943;-48,60797882;"SPRF-SC";"DEL04-SC";"UOP03-DEL04-SC"
748797;2026-01-17;"sábado";"20:00:00";"RJ";393;283;"VOLTA REDONDA";"Transitar na contramão";"Colisão frontal";"Com Vítimas Feridas";"Plena Noite";"Crescente";"Chuva";"Simples";"Reta";"Não";2;0;2;0;0;0;2;1;-22,49406876;-44,06714559;"SPRF-RJ";"DEL05-RJ";"UOP04-DEL05-RJ"
748799;2026-01-29;"quinta-feira";"15:20:00";"PI";135;313,8;"CRISTINO CASTRO";"Ultrapassagem Indevida";"Colisão frontal";"Com Vítimas Feridas";"Pleno dia";"Decrescente";"Céu Claro";"Simples";"Reta";"Não";4;0;1;0;3;0;1;2;-8,793988;-44,207877;"SPRF-PI";"DEL03-PI";"UOP02-DEL03-PI"
748800;2026-01-01;"quinta-feira";"18:00:00";"RS";285;161;"MUITOS CAPOES";"Reação tardia ou ineficiente do condutor";"Colisão com objeto";"Com Vítimas Feridas";"Anoitecer";"Decrescente";"Garoa/Chuvisco";"Simples";"Reta";"Não";3;0;1;0;2;0;1;1;-28,31950669;-51,24911492;"SPRF-RS";"DEL05-RS";"UOP03-DEL05-RS"
748801;2026-01-29;"quinta-feira";"21:30:00";"PR";277;35,5;"MORRETES";"Reação tardia ou ineficiente do condutor";"Tombamento";"Com Vítimas Feridas";"Plena Noite";"Crescente";"Nublado";"Dupla";"Reta;Aclive";"Não";1;0;1;0;0;0;1;1;-25,57410582;-48,82831542;"SPRF-PR";"DEL01-PR";"UOP05-DEL01-PR"
748802;2026-01-29;"quinta-feira";"19:37:00";"PR";116;10;"CAMPINA GRANDE DO SUL";"Chuva";"Tombamento";"Com Vítimas Feridas";"Anoitecer";"Crescente";"Chuva";"Dupla";"Curva";"Não";1;0;1;0;0;0;1;1;-25,0834117;-48,642737;"SPRF-PR";"DEL01-PR";"UOP02-DEL01-PR"
748803;2026-01-29;"quinta-feira";"21:15:00";"PR";272;368,1;"CAMPO MOURAO";"Ingestão de álcool pelo condutor";"Colisão traseira";"Sem Vítimas";"Plena Noite";"Crescente";"Chuva";"Dupla";"Reta";"Sim";2;0;0;0;2;0;0;2;-24,054205;-52,409994;"SPRF-PR";"DEL09-PR";"UOP03-DEL09-PR"
748804;2026-01-29;"quinta-feira";"16:15:00";"MG";381;420;"NOVA UNIAO";"Ultrapassagem Indevida";"Colisão lateral mesmo sentido";"Com Vítimas Feridas";"Pleno dia";"Crescente";"Céu Claro";"Dupla";"Curva";"Não";2;0;0;1;1;0;1;2;-19,6888;-43,5868;"SPRF-MG";"DEL01-MG";"UOP01-DEL01-MG"
748805;2026-01-29;"quinta-feira";"15:35:00";"MT";163;670;"LUCAS DO RIO VERDE";"Reação tardia ou ineficiente do condutor";"Saída de leito carroçável";"Com Vítimas Feridas";"Pleno dia";"Decrescente";"Chuva";"Simples";"Reta";"Não";2;0;2;0;0;0;2;1;-13,208644;-55,997266;"SPRF-MT";"DEL06-MT";"UOP01-DEL06-MT"
748806;2026-01-29;"quinta-feira";"21:30:00";"DF";20;2,5;"BRASILIA";"Suicídio (presumido)";"Atropelamento de Pedestre";"Com Vítimas Feridas";"Plena Noite";"Crescente";"Céu Claro";"Múltipla";"Reta";"Sim";2;0;1;0;1;0;1;2;-15,68113223;-47,83504944;"SPRF-DF";"DEL02-DF";"UOP01-DEL02-DF"
748809;2026-01-29;"quinta-feira";"20:50:00";"SC";101;132;"BALNEARIO CAMBORIU";"Ausência de reação do condutor";"Saída de leito carroçável";"Com Vítimas Feridas";"Plena Noite";"Crescente";"Garoa/Chuvisco";"Simples";"Curva";"Sim";1;0;1;0;0;0;1;1;-27,029479;-48,605465;"SPRF-SC";"DEL04-SC";"UOP03-DEL04-SC"
748810;2026-01-29;"quinta-feira";"22:30:00";"ES";262;107,4;"VENDA NOVA DO IMIGRANTE";"Deficiência do Sistema de Iluminação/Sinalização";"Colisão traseira";"Com Vítimas Feridas";"Plena Noite";"Crescente";"Nublado";"Simples";"Reta";"Não";3;0;1;0;1;1;1;3;-20,331776;-41,1586653;"SPRF-ES";"DEL01-ES";"UOP02-DEL01-ES"
748811;2026-01-29;"quinta-feira";"20:00:00";"RJ";101;251;"SILVA JARDIM";"Demais falhas mecânicas ou elétricas";"Incêndio";"Sem Vítimas";"Plena Noite";"Crescente";"Céu Claro";"Dupla";"Reta";"Não";1;0;0;0;1;0;0;1;-22,680004;-42,526845;"SPRF-RJ";"DEL02-RJ";"UOP03-DEL02-RJ"
748814;2026-01-29;"quinta-feira";"20:50:00";"RJ";101;385;"RIO DE JANEIRO";"Manobra de mudança de faixa";"Colisão traseira";"Com Vítimas Feridas";"Plena Noite";"Decrescente";"Nublado";"Dupla";"Reta";"Sim";2;0;1;0;1;0;1;2;-22,870486;-43,600474;"SPRF-RJ";"DEL03-RJ";"UOP01-DEL03-RJ"
748815;2026-01-29;"quinta-feira";"20:40:00";"MT";174;8;"PONTES E LACERDA";"Ingestão de álcool pelo condutor";"Saída de leito carroçável";"Sem Vítimas";"Plena Noite";"Crescente";"Céu Claro";"Simples";"Reta";"Não";1;0;0;0;1;0;0;1;-15,2109985;-59,3576057;"SPRF-MT";"DEL03-MT";"UOP01-DEL03-MT"
748816;2026-01-29;"quinta-feira";"22:45:00";"PR";116;35;"CAMPINA GRANDE DO SUL";"Ausência de reação do condutor";"Saída de leito carroçável";"Com Vítimas Feridas";"Plena Noite";"Crescente";"Céu Claro";"Dupla";"Curva";"Não";5;0;5;0;0;0;5;1;-25,127932;-48,857545;"SPRF-PR";"DEL01-PR";"UOP02-DEL01-PR"
748821;2026-01-30;"sexta-feira";"00:20:00";"BA";324;609;"SIMOES FILHO";"Ausência de reação do condutor";"Colisão traseira";"Com Vítimas Feridas";"Plena Noite";"Decrescente";"Nublado";"Dupla";"Reta";"Não";3;0;2;0;1;0;2;2;-12,83537098;-38,41316291;"SPRF-BA";"DEL01-BA";"UOP01-DEL01-BA"