"id";"data_inversa";"dia_semana";"horario";"uf";"br";"km";"municipio";"causa_acidente";"tipo_acidente";"classificacao_acidente";"fase_dia";"sentido_via";"condicao_metereologica";"tipo_pista";"tracado_via";"uso_solo";"pessoas";"mortos";"feridos_leves";"feridos_graves";"ilesos";"ignorados";"feridos";"veiculos";"latitude";"longitude";"regional";"delegacia";"uop"
749052;2026-01-30;"sexta-feira";"22:00:00";"MG";40;628,7;"CONSELHEIRO LAFAIETE";"Ultrapassagem Indevida";"Colisão frontal";"Com Vítimas Feridas";"Plena Noite";"Decrescente";"Chuva";"Simples";"Declive;Curva";"Sim";3;0;1;1;1;0;2;2;-20,65431;-43,8086;"SPRF-MG";"DEL05-MG";"UOP02-DEL05-MG"
749054;2026-01-31;"sábado";"00:03:00";"PB";230;27,9;"JOAO PESSOA";"Avarias e/ou desgaste excessivo no pneu";"Tombamento";"Com Vítimas Feridas";"Plena Noite";"Crescente";"Céu Claro";"Dupla";"Reta";"Sim";2;0;2;0;0;0;2;1;-7,165067;-34,894313;"SPRF-PB";"DEL01-PB";"UOP01-DEL01-PB"
749057;2026-01-30;"sexta-feira";"21:30:00";"MT";174;87;"CACERES";"Animais na Pista";"Atropelamento de Animal";"Com Vítimas Feridas";"Plena Noite";"Crescente";"Céu Claro";"Simples";"Reta";"Não";5;0;1;0;4;0;1;3;-15,92513;-57,79648;"SPRF-MT";"DEL03-MT";"UOP01-DEL03-MT"
749058;2026-01-31;"sábado";"01:30:00";"MG";262;357;"JUATUBA";"Velocidade Incompatível";"Colisão traseira";"Sem Vítimas";"Plena Noite";"Decrescente";"Céu Claro";"Dupla";"Reta";"Sim";2;0;0;0;0;2;0;2;-19,97240429;-44,28058291;"SPRF-MG";"DEL01-MG";"UOP03-DEL01-MG"
749059;2026-01-30;"sexta-feira";"21:30:00";"SC";470;116;"IBIRAMA";"Suicídio (presumido)";"Saída de leito carroçável";"Com Vítimas Fatais";"Plena Noite";"Crescente";"Céu Claro";"Simples";"Reta";"Não";3;2;0;0;1;0;0;2;-27,08159033;-49,50045202;"SPRF-SC";"DEL04-SC";"UOP02-DEL04-SC"
749061;2026-01-31;"sábado";"01:30:00";"MA";230;403;"BALSAS";"Ingestão de álcool pelo condutor";"Colisão lateral mesmo sentido";"Com Vítimas Feridas";"Plena Noite";"Decrescente";"Céu Claro";"Simples";"Reta";"Sim";2;0;0;1;1;0;1;2;-7,519452;-46,03652;"SPRF-MA";"DEL05-MA";"UOP01-DEL05-MA"
749062;2026-01-31;"sábado";"00:40:00";"SC";101;197;"BIGUACU";"Ausência de reação do condutor";"Tombamento";"Com Vítimas Feridas";"Plena Noite";"Crescente";"Céu Claro";"Dupla";"Reta";"Sim";2;0;1;0;1;0;1;1;-27,52069;-48,63773;"SPRF-SC";"DEL01-SC";"UOP01-DEL01-SC"
749063;2026-01-31;"sábado";"02:10:00";"RS";116;298;"GUAIBA";"Ausência de reação do condutor";"Saída de leito carroçável";"Sem Vítimas";"Plena Noite";"Crescente";"Nublado";"Dupla";"Reta";"Não";3;0;0;0;3;0;0;1;-30,111423;-51,3452602;"SPRF-RS";"DEL02-RS";"UOP01-DEL02-RS"
749064;2026-01-31;"sábado";"02:30:00";"SC";101;49;"JOINVILLE";"Ingestão de álcool pelo condutor";"Colisão com objeto";"Com Vítimas Feridas";"Plena Noite";"Crescente";"Nublado";"Simples";"Curva;Viaduto;Aclive";"Não";1;0;1;0;0;0;1;1;-26,38684231;-48,84433206;"SPRF-SC";"DEL03-SC";"UOP01-DEL03-SC"
749065;2026-01-31;"sábado";"02:50:00";"PE";101;67,9;"RECIFE";"Velocidade Incompatível";"Colisão com objeto";"Sem Vítimas";"Plena Noite";"Crescente";"Nublado";"Múltipla";"Reta;Viaduto";"Sim";2;0;0;0;2;0;0;1;-8,0499;-34,9459;"SPRF-PE";"DEL01-PE";"UOP01-DEL01-PE"
749066;2026-01-31;"sábado";"02:30:00";"PR";116;210;"RIO NEGRO";"Ingestão de álcool pelo condutor";"Atropelamento de Pedestre";"Com Vítimas Feridas";"Pleno dia";"Decrescente";"Céu Claro";"Simples";"Reta";"Sim";3;0;1;0;1;1;1;2;-26,09534926;-49,78015387;"SPRF-SC";"DEL06-SC";"UOP01-DEL06-SC"
749067;2026-01-30;"sexta-feira";"23:15:00";"RO";364;673;"CANDEIAS DO JAMARI";"Ausência de reação do condutor";"Queda de ocupante de veículo";"Com Vítimas Feridas";"Plena Noite";"Crescente";"Nublado";"Simples";"Reta";"Não";1;0;1;0;0;0;1;1;-8,79190228;-63,64232764;"SPRF-RO";"DEL01-RO";"UOP01-DEL01-RO"
749070;2026-01-31;"sábado";"03:30:00";"RJ";116;170;"RIO DE JANEIRO";"Pedestre andava na pista";"Colisão lateral mesmo sentido";"Com Vítimas Feridas";"Plena Noite";"Crescente";"Céu Claro";"Dupla";"Reta";"Não";6;0;3;0;3;0;3;3;-22,81301;-43,33022;"SPRF-RJ";"DEL06-RJ";"UOP01-DEL06-RJ"
749071;2026-01-31;"sábado";"03:15:00";"GO";40;17,6;"LUZIANIA";"Ingestão de álcool pelo condutor";"Capotamento";"Com Vítimas Feridas";"Plena Noite";"Decrescente";"Céu Claro";"Dupla";"Reta;Declive";"Não";2;0;1;0;1;0;1;1;-16,19103;-47,92639;"SPRF-DF";"DEL01-DF";"UOP01-DEL01-DF"
749073;2026-01-31;"sábado";"04:55:00";"MG";381;657,3;"SANTO ANTONIO DO AMPARO";"Condutor Dormindo";"Saída de leito carroçável";"Com Vítimas Feridas";"Plena Noite";"Crescente";"Nublado";"Dupla";"Reta;Aclive";"Não";3;0;3;0;0;0;3;1;-20,99650136;-44,96270657;"SPRF-MG";"DEL04-MG";"UOP02-DEL04-MG"
749074;2026-01-31;"sábado";"01:05:00";"MA";316;144,1;"NOVA OLINDA DO MARANHAO";"Ingestão de álcool pelo condutor";"Capotamento";"Com Vítimas Feridas";"Plena Noite";"Decrescente";"Céu Claro";"Simples";"Reta";"Sim";1;0;1;0;0;0;1;1;-2,800867;-45,705938;"SPRF-MA";"DEL02-MA";"UOP02-DEL02-MA"
749077;2026-01-31;"sábado";"05:00:00";"MG";40;514,2;"RIBEIRAO DAS NEVES";"Velocidade Incompatível";"Saída de leito carroçável";"Com Vítimas Feridas";"Amanhecer";"Decrescente";"Céu Claro";"Dupla";"Reta";"Sim";1;0;1;0;0;0;1;1;-19,8023958;-44,0986581;"SPRF-MG";"DEL01-MG";"UOP02-DEL01-MG"
749078;2026-01-31;"sábado";"03:06:00";"BA";418;90;"NOVA VICOSA";"Velocidade Incompatível";"Saída de leito carroçável";"Sem Vítimas";"Plena Noite";"Decrescente";"Ignorado";"Simples";"Reta;Interseção de Vias";"Sim";1;0;0;0;0;1;0;1;-17,88196362;-39,86243248;"SPRF-BA";"DEL09-BA";"UOP02-DEL09-BA"
749079;2026-01-31;"sábado";"02:30:00";"RJ";465;22;"RIO DE JANEIRO";"Ausência de reação do condutor";"Saída de leito carroçável";"Com Vítimas Fatais";"Plena Noite";"Crescente";"Nublado";"Múltipla";"Viaduto";"Não";1;1;0;0;0;0;0;1;-22,861875;-43,60184;"SPRF-RJ";"DEL03-RJ";"UOP01-DEL03-RJ"
749081;2026-01-31;"sábado";"06:18:00";"PB";101;88,6;"JOAO PESSOA";"Condutor deixou de manter distância do veículo da frente";"Colisão traseira";"Com Vítimas Feridas";"Pleno dia";"Crescente";"Céu Claro";"Dupla";"Reta";"Sim";4;0;1;0;3;0;1;2;-7,16838791;-34,89694387;"SPRF-PB";"DEL01-PB";"UOP01-DEL01-PB"
749082;2026-01-31;"sábado";"05:30:00";"GO";80;135;"BARRO ALTO";"Ingestão de álcool pelo condutor";"Saída de leito carroçável";"Sem Vítimas";"Amanhecer";"Crescente";"Nevoeiro/Neblina";"Simples";"Reta";"Sim";1;0;0;0;1;0;0;1;-14,9614252;-48,9307276;"SPRF-GO";"DEL07-GO";"UOP02-DEL07-GO"
749083;2026-01-31;"sábado";"05:45:00";"MG";50;160,8;"UBERABA";"Reação tardia ou ineficiente do condutor";"Saída de leito carroçável";"Com Vítimas Feridas";"Amanhecer";"Crescente";"Céu Claro";"Dupla";"Reta;Declive";"Não";2;0;2;0;0;0;2;1;-19,727614;-47,969297;"SPRF-MG";"DEL13-MG";"UOP01-DEL13-MG"
749086;2026-01-31;"sábado";"04:30:00";"PR";376;623,9;"SAO JOSE DOS PINHAIS";"Reação tardia ou ineficiente do condutor";"Saída de leito carroçável";"Com Vítimas Feridas";"Plena Noite";"Crescente";"Nevoeiro/Neblina";"Múltipla";"Reta";"Sim";1;0;1;0;0;0;1;1;-25,65;-49,1577;"SPRF-PR";"DEL01-PR";"UOP04-DEL01-PR"
749088;2026-01-31;"sábado";"05:30:00";"MG";262;430;"NOVA SERRANA";"Velocidade Incompatível";"Colisão com objeto";"Sem Vítimas";"Amanhecer";"Crescente";"Sol";"Dupla";"Retorno Regulamentado";"Não";1;0;0;0;0;1;0;1;-19,88177181;-44,90751743;"SPRF-MG";"DEL08-MG";"UOP03-DEL08-MG"
749093;2026-01-31;"sábado";"06:55:00";"PR";277;584,2;"CASCAVEL";"Entrada inopinada do pedestre";"Atropelamento de Pedestre";"Com Vítimas Feridas";"Pleno dia";"Crescente";"Céu Claro";"Dupla";"Reta;Aclive";"Sim";3;0;1;0;2;0;1;2;-24,977846;-53,38416;"SPRF-PR";"DEL04-PR";"UOP01-DEL04-PR"
749094;2026-01-31;"sábado";"07:15:00";"TO";153;145;"ARAGUAINA";"Ausência de reação do condutor";"Tombamento";"Com Vítimas Feridas";"Pleno dia";"Decrescente";"Céu Claro";"Dupla";"Curva";"Sim";1;0;1;0;0;0;1;1;-7,20796;-48,24207;"SPRF-TO";"DEL02-TO";"UOP01-DEL02-TO"
749095;2026-01-31;"sábado";"05:20:00";"SC";480;128,1;"CHAPECO";"Ingestão de álcool pelo condutor";"Saída de leito carroçável";"Com Vítimas Feridas";"Amanhecer";"Decrescente";"Céu Claro";"Simples";"Reta";"Sim";5;0;2;0;3;0;2;1;-27,032845;-52,633345;"SPRF-SC";"DEL07-SC";"UOP01-DEL07-SC"
749097;2026-01-30;"sexta-feira";"18:00:00";"AP";210;2;"MACAPA";"Acessar a via sem observar a presença dos outros veículos";"Tombamento";"Com Vítimas Feridas";"Pleno dia";"Crescente";"Céu Claro";"Simples";"Reta";"Sim";1;0;1;0;0;0;1;1;0,08258122;-51,07771276;"SPRF-AP";"DEL01-AP";"UOP01-DEL01-AP"
749098;2026-01-31;"sábado";"06:50:00";"RS";293;339,8;"SANTANA DO LIVRAMENTO";"Acessar a via sem observar a presença dos outros veículos";"Colisão transversal";"Com Vítimas Feridas";"Pleno dia";"Crescente";"Céu Claro";"Simples";"Reta";"Sim";2;0;1;0;1;0;1;2;-30,51157;-55,32469;"SPRF-RS";"DEL11-RS";"UOP01-DEL11-RS"
749099;2026-01-31;"sábado";"06:15:00";"AL";101;76;"RIO LARGO";"Reação tardia ou ineficiente do condutor";"Queda de ocupante de veículo";"Com Vítimas Feridas";"Pleno dia";"Crescente";"Céu Claro";"Dupla";"Reta;Em Obras";"Não";1;0;1;0;0;0;1;1;-9,41721431;-35,84031757;"SPRF-AL";"DEL01-AL";"UOP01-DEL01-AL"
749101;2026-01-31;"sábado";"07:20:00";"PR";277;635,5;"CEU AZUL";"Ausência de reação do condutor";"Saída de leito carroçável";"Com Vítimas Feridas";"Pleno dia";"Decrescente";"Céu Claro";"Simples";"Reta";"Não";3;0;2;0;1;0;2;1;-25,1279023;-53,8238435;"SPRF-PR";"DEL05-PR";"UOP02-DEL05-PR"
749102;2026-01-31;"sábado";"06:30:00";"MG";40;555;"NOVA LIMA";"Velocidade Incompatível";"Saída de leito carroçável";"Com Vítimas Feridas";"Pleno dia";"Crescente";"Nublado";"Dupla";"Curva";"Não";2;0;1;0;1;0;1;1;-20,086765;-43,976328;"SPRF-MG";"DEL01-MG";"UOP02-DEL01-MG"
749103;2026-01-31;"sábado";"06:40:00";"RJ";116;212;"SEROPEDICA";"Ausência de reação do condutor";"Colisão traseira";"Sem Vítimas";"Pleno dia";"Decrescente";"Sol";"Dupla";"Reta";"Não";4;0;0;0;4;0;0;2;-22,71633669;-43,7167546;"SPRF-RJ";"DEL06-RJ";"UOP02-DEL06-RJ"
749104;2026-01-30;"sexta-feira";"20:48:00";"MG";381;243,1;"SANTANA DO PARAISO";"Ingestão de álcool pelo condutor";"Colisão traseira";"Com Vítimas Feridas";"Plena Noite";"Crescente";"Chuva";"Simples";"Reta";"Não";5;0;3;0;2;0;3;2;-19,45003858;-42,51696378;"SPRF-MG";"DEL06-MG";"UOP01-DEL06-MG"
749105;2026-01-31;"sábado";"07:50:00";"PE";101;69;"RECIFE";"Velocidade Incompatível";"Tombamento";"Com Vítimas Feridas";"Pleno dia";"Decrescente";"Sol";"Dupla";"Curva";"Não";1;0;1;0;0;0;1;1;-8,0649;-34,94366;"SPRF-PE";"DEL01-PE";"UOP01-DEL01-PE"
749109;2026-01-31;"sábado";"07:45:00";"MG";365;593,1;"ARAGUARI";"Ausência de reação do condutor";"Saída de leito carroçável";"Com Vítimas Feridas";"Amanhecer";"Crescente";"Nublado";"Simples";"Curva";"Não";1;0;1;0;0;0;1;1;-18,88118617;-48,04753929;"SPRF-MG";"DEL15-MG";"UOP02-DEL15-MG"
749111;2026-01-31;"sábado";"03:20:00";"RJ";116;328;"ITATIAIA";"Transitar na contramão";"Colisão frontal";"Com Vítimas Fatais";"Plena Noite";"Crescente";"Nublado";"Dupla";"Reta";"Não";3;1;1;0;1;0;1;3;-22,5046084;-44,60276163;"SPRF-RJ";"DEL07-RJ";"UOP02-DEL07-RJ"
749112;2026-01-31;"sábado";"08:40:00";"GO";153;507,2;"APARECIDA DE GOIANIA";"Reação tardia ou ineficiente do condutor";"Colisão com objeto";"Com Vítimas Feridas";"Pleno dia";"Crescente";"Nublado";"Dupla";"Interseção de Vias";"Sim";1;0;1;0;0;0;1;1;-16,78954261;-49,23852032;"SPRF-GO";"DEL01-GO";"UOP03-DEL01-GO"
749113;2026-01-31;"sábado";"08:00:00";"DF";70;6;"BRASILIA";"Manobra de mudança de faixa";"Colisão lateral mesmo sentido";"Com Vítimas Feridas";"Pleno dia";"Decrescente";"Céu Claro";"Dupla";"Reta";"Sim";4;0;2;0;1;1;2;4;-15,787607;-48,115258;"SPRF-DF";"DEL03-DF";"UOP02-DEL03-DF"
749114;2026-01-31;"sábado";"07:10:00";"RO";364;347;"JI-PARANA";"Acessar a via sem observar a presença dos outros veículos";"Colisão transversal";"Com Vítimas Feridas";"Pleno dia";"Crescente";"Sol";"Simples";"Reta;Declive";"Sim";2;0;2;0;0;0;2;2;-10,859983;-61,977263;"SPRF-RO";"DEL02-RO";"UOP01-DEL02-RO"
749115;2026-01-31;"sábado";"07:35:00";"GO";452;195;"ITUMBIARA";"Acessar a via sem observar a presença dos outros veículos";"Colisão transversal";"Com Vítimas Feridas";"Pleno dia";"Crescente";"Sol";"Simples";"Reta";"Não";2;0;1;0;1;0;1;2;-18,362232;-49,230039;"SPRF-GO";"DEL03-GO";"UOP02-DEL03-GO"
749116;2026-01-31;"sábado";"08:20:00";"RJ";40;123,6;"DUQUE DE CAXIAS";"Entrada inopinada do pedestre";"Atropelamento de Pedestre";"Com Vítimas Feridas";"Pleno dia";"Decrescente";"Céu Claro";"Dupla";"Curva";"Sim";2;0;1;0;1;0;1;2;-22,806167;-43,2898;"SPRF-RJ";"DEL01-RJ";"UOP02-DEL01-RJ"
749117;2026-01-31;"sábado";"06:30:00";"BA";101;440;"UBAITABA";"Velocidade Incompatível";"Saída de leito carroçável";"Com Vítimas Feridas";"Pleno dia";"Crescente";"Sol";"Simples";"Reta;Aclive;Interseção de Vias";"Não";5;0;4;0;1;0;4;1;-14,266915;-39,326148;"SPRF-BA";"DEL05-BA";"UOP01-DEL05-BA"
749118;2026-01-31;"sábado";"07:20:00";"PR";369;60;"BANDEIRANTES";"Ausência de reação do condutor";"Saída de leito carroçável";"Com Vítimas Feridas";"Pleno dia";"Crescente";"Céu Claro";"Simples";"Rotatória";"Sim";2;0;2;0;0;0;2;1;-23,13575959;-50,4030296;"SPRF-PR";"DEL07-PR";"UOP05-DEL07-PR"
749119;2026-01-12;"segunda-feira";"07:20:00";"PR";116;116;"CURITIBA";"Frear bruscamente";"Colisão lateral mesmo sentido";"Sem Vítimas";"Pleno dia";"Decrescente";"Céu Claro";"Dupla";"Reta";"Sim";2;0;0;0;2;0;0;2;-25,55701423;-49,30622707;"SPRF-PR";"DEL01-PR";"UOP03-DEL01-PR"
749120;2026-01-27;"terça-feira";"15:30:00";"RJ";116;184;"NOVA IGUACU";"Manobra de mudança de faixa";"Colisão lateral mesmo sentido";"Com Vítimas Feridas";"Pleno dia";"Decrescente";"Nublado";"Dupla";"Reta";"Não";2;0;1;0;1;0;1;2;-22,74096057;-43,49967957;"SPRF-RJ";"DEL06-RJ";"UOP01-DEL06-RJ"
749122;2026-01-31;"sábado";"09:00:00";"SP";101;44;"UBATUBA";"Acessar a via sem observar a presença dos outros veículos";"Colisão transversal";"Com Vítimas Feridas";"Pleno dia";"Crescente";"Sol";"Simples";"Curva";"Sim";2;0;1;0;1;0;1;2;-23,40836191;-45,06156055;"SPRF-SP";"DEL06-SP";"UOP01-DEL06-SP"
749123;2026-01-31;"sábado";"07:53:00";"SC";101;94;"BARRA VELHA";"Condutor deixou de manter distância do veículo da frente";"Engavetamento";"Com Vítimas Feridas";"Pleno dia";"Crescente";"Céu Claro";"Dupla";"Declive;Reta";"Não";7;0;3;0;4;0;3;4;-26,70512782;-48,70078174;"SPRF-SC";"DEL03-SC";"UOP02-DEL03-SC"
749124;2026-01-31;"sábado";"10:00:00";"MG";381;369;"SAO GONCALO DO RIO ABAIXO";"Transitar na contramão";"Colisão frontal";"Com Vítimas Feridas";"Pleno dia";"Decrescente";"Nublado";"Simples";"Curva";"Não";5;0;4;0;1;0;4;2;-19,84419679;-43,30835223;"SPRF-MG";"DEL03-MG";"UOP01-DEL03-MG"
749127;2026-01-27;"terça-feira";"23:40:00";"RJ";101;297;"ITABORAI";"Chuva";"Queda de ocupante de veículo";"Com Vítimas Feridas";"Plena Noite";"Decrescente";"Chuva";"Simples";"Curva";"Não";2;0;2;0;0;0;2;1;-22,77147294;-42,92383855;"SPRF-RJ";"DEL02-RJ";"UOP02-DEL02-RJ"
749128;2026-01-31;"sábado";"10:30:00";"SP";116;306;"SAO LOURENCO DA SERRA";"Ausência de reação do condutor";"Saída de leito carroçável";"Com Vítimas Feridas";"Pleno dia";"Crescente";"Céu Claro";"Dupla";"Curva;Declive";"Não";1;0;1;0;0;0;1;1;-23,84556555;-46,93715878;"SPRF-SP";"DEL04-SP";"UOP01-DEL04-SP"
749129;2026-01-26;"segunda-feira";"16:30:00";"RS";116;150;"CAXIAS DO SUL";"Reação tardia ou ineficiente do condutor";"Colisão traseira";"Com Vítimas Feridas";"Pleno dia";"Crescente";"Céu Claro";"Dupla";"Interseção de Vias";"Sim";2;0;1;0;1;0;1;2;-29,171408;-51,15997;"SPRF-RS";"DEL05-RS";"UOP01-DEL05-RS"
749131;2026-01-31;"sábado";"09:15:00";"RS";153;52;"ERECHIM";"Condutor deixou de manter distância do veículo da frente";"Tombamento";"Com Vítimas Feridas";"Pleno dia";"Crescente";"Céu Claro";"Simples";"Retorno Regulamentado;Reta;Interseção de Vias";"Sim";2;0;1;0;1;0;1;2;-27,66326557;-52,28751747;"SPRF-RS";"DEL08-RS";"UOP04-DEL08-RS"
749132;2026-01-31;"sábado";"10:32:00";"GO";414;301,6;"VILA PROPICIO";"Reação tardia ou ineficiente do condutor";"Saída de leito carroçável";"Com Vítimas Feridas";"Pleno dia";"Crescente";"Céu Claro";"Simples";"Reta";"Não";2;0;2;0;0;0;2;1;-15,2231;-48,69595;"SPRF-GO";"DEL02-GO";"UOP01-DEL02-GO"
749133;2026-01-31;"sábado";"11:16:00";"SP";116;5;"GUARULHOS";"Reação tardia ou ineficiente do condutor";"Colisão traseira";"Com Vítimas Feridas";"Pleno dia";"Crescente";"Sol";"Dupla";"Reta";"Sim";2;0;1;0;1;0;1;2;-23,4213418;-46,47803271;"SPRF-SP";"DEL01-SP";"UOP01-DEL01-SP"
749134;2026-01-03;"sábado";"08:35:00";"MA";222;260;"ARARI";"Condutor deixou de manter distância do veículo da frente";"Engavetamento";"Com Vítimas Feridas";"Pleno dia";"Crescente";"Céu Claro";"Simples";"Reta";"Não";13;0;5;0;7;1;5;4;-3,583184;-44,6403008;"SPRF-MA";"DEL01-MA";"UOP02-DEL01-MA"
749136;2026-01-31;"sábado";"11:28:00";"PE";101;46,7;"IGARASSU";"Condutor deixou de manter distância do veículo da frente";"Engavetamento";"Sem Vítimas";"Pleno dia";"Crescente";"Céu Claro";"Múltipla";"Reta";"Sim";3;0;0;0;3;0;0;3;-7,878028;-34,905606;"SPRF-PE";"DEL01-PE";"UOP02-DEL01-PE"
749137;2026-01-31;"sábado";"11:20:00";"SC";282;47,4;"AGUAS MORNAS";"Reação tardia ou ineficiente do condutor";"Engavetamento";"Com Vítimas Feridas";"Pleno dia";"Crescente";"Céu Claro";"Simples";"Reta;Em Obras";"Não";4;0;1;0;3;0;1;3;-27,718763;-48,93821;"SPRF-SC";"DEL01-SC";"UOP03-DEL01-SC"
749138;2026-01-31;"sábado";"11:30:00";"PB";230;17,7;"JOAO PESSOA";"Trafegar com motocicleta (ou similar) entre as faixas";"Colisão traseira";"Com Vítimas Feridas";"Pleno dia";"Decrescente";"Céu Claro";"Dupla";"Curva";"Sim";2;0;0;1;1;0;1;2;-7,12003698;-34,84500468;"SPRF-PB";"DEL01-PB";"UOP01-DEL01-PB"
749139;2026-01-31;"sábado";"11:35:00";"SP";381;25;"BRAGANCA PAULISTA";"Reação tardia ou ineficiente do condutor";"Colisão traseira";"Com Vítimas Feridas";"Pleno dia";"Decrescente";"Céu Claro";"Dupla";"Reta;Aclive";"Não";3;0;1;1;1;0;2;2;-23,01375942;-46,52385807;"SPRF-SP";"DEL03-SP";"UOP02-DEL03-SP"
749140;2026-01-31;"sábado";"04:50:00";"ES";262;155;"IBATIBA";"Ingestão de álcool pelo condutor";"Colisão lateral sentido oposto";"Sem Vítimas";"Amanhecer";"Decrescente";"Nublado";"Simples";"Reta";"Sim";2;0;0;0;2;0;0;2;-20,22767;-41,47321;"SPRF-ES";"DEL01-ES";"UOP02-DEL01-ES"
749141;2026-01-31;"sábado";"05:30:00";"MA";316;112;"SANTA LUZIA DO PARUA";"Ingestão de álcool pelo condutor";"Colisão frontal";"Com Vítimas Feridas";"Amanhecer";"Crescente";"Céu Claro";"Simples";"Reta";"Sim";2;0;1;0;0;1;1;2;-2,53015262;-45,78071594;"SPRF-MA";"DEL02-MA";"UOP02-DEL02-MA"
749142;2026-01-31;"sábado";"12:20:00";"MG";40;462,9;"SETE LAGOAS";"Velocidade Incompatível";"Saída de leito carroçável";"Com Vítimas Feridas";"Pleno dia";"Crescente";"Chuva";"Dupla";"Reta;Declive";"Não";3;0;1;0;2;0;1;1;-19,42111;-44,33904;"SPRF-MG";"DEL02-MG";"UOP01-DEL02-MG"
749143;2026-01-31;"sábado";"11:00:00";"SC";101;149;"ITAPEMA";"Ultrapassagem Indevida";"Colisão transversal";"Com Vítimas Feridas";"Pleno dia";"Decrescente";"Céu Claro";"Simples";"Reta";"Sim";2;0;0;1;1;0;1;2;-27,11466;-48,60939;"SPRF-SC";"DEL04-SC";"UOP03-DEL04-SC"
749144;2026-01-29;"quinta-feira";"01:15:00";"MS";163;610;"SAO GABRIEL DO OESTE";"Animais na Pista";"Atropelamento de Animal";"Com Vítimas Feridas";"Plena Noite";"Crescente";"Nublado";"Simples";"Aclive";"Não";1;0;1;0;0;0;1;1;-19,43167882;-54,53944869;"SPRF-MS";"DEL06-MS";"UOP02-DEL06-MS"
749145;2026-01-31;"sábado";"12:20:00";"MG";40;500,2;"ESMERALDAS";"Trafegar com motocicleta (ou similar) entre as faixas";"Tombamento";"Com Vítimas Feridas";"Pleno dia";"Decrescente";"Chuva";"Dupla";"Reta;Declive";"Não";2;0;0;1;1;0;1;2;-19,7022;-44,17233;"SPRF-MG";"DEL02-MG";"UOP01-DEL02-MG"
749146;2026-01-31;"sábado";"12:15:00";"PB";230;117;"INGA";"Condutor Dormindo";"Saída de leito carroçável";"Com Vítimas Feridas";"Pleno dia";"Crescente";"Sol";"Dupla";"Reta";"Não";3;0;1;0;2;0;1;1;-7,2418643;-35,6147143;"SPRF-PB";"DEL01-PB";"UOP02-DEL01-PB"
749147;2026-01-31;"sábado";"12:45:00";"SC";101;224,8;"PALHOCA";"Condutor deixou de manter distância do veículo da frente";"Colisão traseira";"Com Vítimas Feridas";"Pleno dia";"Crescente";"Céu Claro";"Dupla";"Reta";"Sim";2;0;1;0;1;0;1;2;-27,74119383;-48,63868207;"SPRF-SC";"DEL01-SC";"UOP02-DEL01-SC"
749148;2026-01-31;"sábado";"12:10:00";"RN";101;99,4;"PARNAMIRIM";"Reação tardia ou ineficiente do condutor";"Colisão traseira";"Com Vítimas Feridas";"Pleno dia";"Decrescente";"Sol";"Múltipla";"Viaduto;Retorno Regulamentado";"Sim";2;0;1;0;0;1;1;2;-5,87604237;-35,22213427;"SPRF-RN";"DEL01-RN";"UOP01-DEL01-RN"
749149;2026-01-31;"sábado";"11:00:00";"MS";163;502;"JARAGUARI";"Ausência de reação do condutor";"Atropelamento de Pedestre";"Com Vítimas Feridas";"Pleno dia";"Crescente";"Céu Claro";"Dupla";"Reta;Aclive";"Não";3;0;0;1;1;1;1;2;-20,30413445;-54,50589627;"SPRF-MS";"DEL01-MS";"UOP02-DEL01-MS"
749150;2026-01-31;"sábado";"12:00:00";"MG";153;2,5;"ARAPORA";"Condutor usando celular";"Saída de leito carroçável";"Com Vítimas Fatais";"Pleno dia";"Crescente";"Nublado";"Dupla";"Reta;Declive";"Sim";3;1;2;0;0;0;2;1;-18,43738;-49,189849;"SPRF-MG";"DEL15-MG";"UOP03-DEL15-MG"
749151;2026-01-31;"sábado";"10:50:00";"SE";101;91;"NOSSA SENHORA DO SOCORRO";"Ausência de reação do condutor";"Capotamento";"Sem Vítimas";"Pleno dia";"Crescente";"Céu Claro";"Simples";"Curva;Declive";"Não";1;0;0;0;1;0;0;1;-10,90141822;-37,13284342;"SPRF-SE";"DEL01-SE";"UOP01-DEL01-SE"
749152;2026-01-31;"sábado";"12:30:00";"SC";101;224,9;"PALHOCA";"Reação tardia ou ineficiente do condutor";"Colisão traseira";"Com Vítimas Feridas";"Pleno dia";"Crescente";"Céu Claro";"Múltipla";"Reta";"Sim";3;0;1;0;2;0;1;2;-27,74201579;-48,63809936;"SPRF-SC";"DEL01-SC";"UOP02-DEL01-SC"
749153;2026-01-31;"sábado";"13:15:00";"SC";280;28;"ARAQUARI";"Transitar na contramão";"Colisão transversal";"Com Vítimas Feridas";"Pleno dia";"Decrescente";"Céu Claro";"Simples";"Reta";"Sim";2;0;1;0;1;0;1;2;-26,40731056;-48,74863076;"SPRF-SC";"DEL03-SC";"UOP03-DEL03-SC"
749154;2026-01-31;"sábado";"12:50:00";"SP";116;221;"GUARULHOS";"Avarias e/ou desgaste excessivo no pneu";"Queda de ocupante de veículo";"Com Vítimas Feridas";"Pleno dia";"Crescente";"Nublado";"Múltipla";"Reta";"Sim";2;0;1;0;1;0;1;1;-23,4673643;-46,50643766;"SPRF-SP";"DEL01-SP";"UOP01-DEL01-SP"
749155;2026-01-31;"sábado";"09:05:00";"RJ";101;330;"RIO DE JANEIRO";"Ausência de reação do condutor";"Colisão traseira";"Com Vítimas Feridas";"Pleno dia";"Decrescente";"Céu Claro";"Dupla";"Reta";"Não";3;0;2;0;1;0;2;2;-22,86795064;-43,19309235;"SPRF-RJ";"DEL02-RJ";"UOP01-DEL02-RJ"