"id";"data_inversa";"dia_semana";"horario";"uf";"br";"km";"municipio";"causa_acidente";"tipo_acidente";"classificacao_acidente";"fase_dia";"sentido_via";"condicao_metereologica";"tipo_pista";"tracado_via";"uso_solo";"pessoas";"mortos";"feridos_leves";"feridos_graves";"ilesos";"ignorados";"feridos";"veiculos";"latitude";"longitude";"regional";"delegacia";"uop"
749156;2026-01-31;"sábado";"06:31:00";"PE";232;71;"GRAVATA";"Ausência de reação do condutor";"Colisão com objeto";"Com Vítimas Feridas";"Pleno dia";"Decrescente";"Céu Claro";"Dupla";"Reta;Aclive";"Não";2;0;0;2;0;0;2;1;-8,18515768;-35,49589203;"SPRF-PE";"DEL02-PE";"UOP02-DEL02PE"
749159;2026-01-31;"sábado";"13:45:00";"BA";135;204;"SAO DESIDERIO";"Ausência de reação do condutor";"Colisão com objeto";"Com Vítimas Feridas";"Pleno dia";"Crescente";"Céu Claro";"Simples";"Curva";"Não";1;0;1;0;0;0;1;1;-12,3492072;-44,9912553;"SPRF-BA";"DEL10-BA";"UOP01-DEL10-BA"
749161;2026-01-31;"sábado";"11:45:00";"SP";381;90,2;"GUARULHOS";"Manobra de mudança de faixa";"Colisão lateral mesmo sentido";"Com Vítimas Fatais";"Pleno dia";"Crescente";"Céu Claro";"Múltipla";"Reta;Interseção de Vias";"Sim";3;1;0;0;2;0;0;2;-23,497376;-46,559998;"SPRF-SP";"DEL03-SP";"UOP01-DEL03-SP"
749162;2026-01-31;"sábado";"12:00:00";"SC";282;379;"HERVAL DOESTE";"Velocidade Incompatível";"Saída de leito carroçável";"Com Vítimas Feridas";"Pleno dia";"Decrescente";"Céu Claro";"Simples";"Reta";"Não";2;0;2;0;0;0;2;1;-27,21759897;-51,46868259;"SPRF-SC";"DEL07-SC";"UOP05-DEL07-SC"
749164;2026-01-31;"sábado";"13:55:00";"RS";116;148;"CAXIAS DO SUL";"Reação tardia ou ineficiente do condutor";"Colisão lateral mesmo sentido";"Com Vítimas Feridas";"Pleno dia";"Decrescente";"Céu Claro";"Dupla";"Curva";"Sim";2;0;1;0;1;0;1;2;-29,15863588;-51,15546292;"SPRF-RS";"DEL05-RS";"UOP01-DEL05-RS"
749165;2026-01-31;"sábado";"12:30:00";"GO";60;46,2;"ALEXANIA";"Velocidade Incompatível";"Saída de leito carroçável";"Com Vítimas Feridas";"Pleno dia";"Crescente";"Chuva";"Dupla";"Curva;Declive";"Não";1;0;1;0;0;0;1;1;-16,145125;-48,602165;"SPRF-GO";"DEL02-GO";"UOP01-DEL02-GO"
749167;2026-01-31;"sábado";"11:05:00";"SC";101;144,6;"ITAPEMA";"Reação tardia ou ineficiente do condutor";"Colisão traseira";"Com Vítimas Feridas";"Pleno dia";"Decrescente";"Céu Claro";"Dupla";"Reta";"Não";3;0;2;0;1;0;2;2;-27,07736;-48,59894;"SPRF-SC";"DEL04-SC";"UOP03-DEL04-SC"
749168;2026-01-31;"sábado";"13:00:00";"RS";470;282,5;"MONTENEGRO";"Desrespeitar a preferência no cruzamento";"Colisão transversal";"Com Vítimas Feridas";"Pleno dia";"Decrescente";"Nublado";"Simples";"Curva;Interseção de Vias;Em Obras";"Não";3;0;1;0;2;0;1;2;-29,61986604;-51,47450924;"SPRF-RS";"DEL06-RS";"UOP01-DEL06-RS"
749169;2026-01-31;"sábado";"14:30:00";"ES";101;66,3;"SAO MATEUS";"Acessar a via sem observar a presença dos outros veículos";"Colisão lateral mesmo sentido";"Com Vítimas Feridas";"Pleno dia";"Crescente";"Céu Claro";"Simples";"Retorno Regulamentado";"Sim";2;0;1;0;0;1;1;2;-18,7177432;-39,8721014;"SPRF-ES";"DEL04-ES";"UOP02-DEL04-ES"
749170;2026-01-31;"sábado";"14:22:00";"RJ";116;180;"NOVA IGUACU";"Trafegar com motocicleta (ou similar) entre as faixas";"Colisão traseira";"Sem Vítimas";"Pleno dia";"Crescente";"Céu Claro";"Múltipla";"Reta";"Sim";2;0;0;0;2;0;0;2;-22,76410872;-43,4174417;"SPRF-RJ";"DEL06-RJ";"UOP01-DEL06-RJ"
749171;2026-01-31;"sábado";"07:40:00";"RO";364;425;"JARU";"Conversão proibida";"Colisão traseira";"Com Vítimas Feridas";"Pleno dia";"Decrescente";"Céu Claro";"Simples";"Declive;Reta";"Sim";2;0;1;0;1;0;1;2;-10,436952;-62,472407;"SPRF-RO";"DEL03-RO";"UOP02-DEL03-RO"
749173;2026-01-31;"sábado";"12:30:00";"SC";280;25,7;"ARAQUARI";"Ausência de reação do condutor";"Colisão traseira";"Sem Vítimas";"Pleno dia";"Decrescente";"Céu Claro";"Simples";"Reta";"Não";3;0;0;0;3;0;0;2;-26,38682834;-48,73062937;"SPRF-SC";"DEL03-SC";"UOP03-DEL03-SC"
749174;2026-01-31;"sábado";"13:17:00";"PB";427;14;"PAULISTA";"Reação tardia ou ineficiente do condutor";"Saída de leito carroçável";"Com Vítimas Fatais";"Pleno dia";"Decrescente";"Céu Claro";"Simples";"Reta";"Não";3;1;1;1;0;0;2;1;-6,692588;-37,6069937;"SPRF-PB";"DEL03-PB";"UOP02-DEL03-PB"
749175;2026-01-31;"sábado";"13:10:00";"MG";381;635,8;"SANTO ANTONIO DO AMPARO";"Ausência de reação do condutor";"Saída de leito carroçável";"Com Vítimas Feridas";"Pleno dia";"Decrescente";"Céu Claro";"Dupla";"Curva;Aclive";"Não";5;0;5;0;0;0;5;1;-20,86442606;-44,84138489;"SPRF-MG";"DEL04-MG";"UOP01-DEL04-MG"
749176;2026-01-31;"sábado";"15:05:00";"PE";101;70;"RECIFE";"Ausência de reação do condutor";"Saída de leito carroçável";"Com Vítimas Feridas";"Pleno dia";"Decrescente";"Sol";"Simples";"Curva";"Não";1;0;1;0;0;0;1;1;-8,075568;-34,939667;"SPRF-PE";"DEL01-PE";"UOP01-DEL01-PE"
749177;2026-01-31;"sábado";"12:15:00";"MT";70;3;"BARRA DO GARCAS";"Reação tardia ou ineficiente do condutor";"Colisão lateral mesmo sentido";"Com Vítimas Feridas";"Pleno dia";"Decrescente";"Céu Claro";"Dupla";"Rotatória";"Sim";2;0;2;0;0;0;2;2;-15,87928574;-52,31393337;"SPRF-MT";"DEL07-MT";"UOP01-DEL07-MT"
749178;2026-01-31;"sábado";"14:50:00";"MG";40;523,6;"CONTAGEM";"Reação tardia ou ineficiente do condutor";"Colisão traseira";"Com Vítimas Feridas";"Pleno dia";"Crescente";"Nublado";"Dupla";"Reta";"Sim";3;0;2;0;1;0;2;2;-19,87277144;-44,05580044;"SPRF-MG";"DEL01-MG";"UOP02-DEL01-MG"
749179;2026-01-31;"sábado";"14:00:00";"SE";101;21,4;"SAO FRANCISCO";"Demais falhas mecânicas ou elétricas";"Incêndio";"Sem Vítimas";"Pleno dia";"Decrescente";"Céu Claro";"Dupla";"Aclive;Curva";"Não";1;0;0;0;1;0;0;1;-10,36891;-36,91211;"SPRF-SE";"DEL02-SE";"UOP02-DEL02-SE"
749180;2026-01-31;"sábado";"14:10:00";"RJ";40;117;"DUQUE DE CAXIAS";"Reação tardia ou ineficiente do condutor";"Colisão traseira";"Com Vítimas Feridas";"Pleno dia";"Decrescente";"Nublado";"Dupla";"Reta";"Sim";3;0;1;0;2;0;1;2;-22,75359;-43,28706;"SPRF-RJ";"DEL01-RJ";"UOP02-DEL01-RJ"
749182;2026-01-31;"sábado";"15:20:00";"BA";101;715;"EUNAPOLIS";"Condutor deixou de manter distância do veículo da frente";"Colisão traseira";"Com Vítimas Feridas";"Pleno dia";"Decrescente";"Céu Claro";"Simples";"Reta";"Sim";2;0;1;0;1;0;1;2;-16,358947;-39,579557;"SPRF-BA";"DEL09-BA";"UOP01-DEL09-BA"
749183;2026-01-31;"sábado";"15:35:00";"RS";386;347,4;"LAJEADO";"Objeto estático sobre o leito carroçável";"Colisão com objeto";"Com Vítimas Fatais";"Pleno dia";"Crescente";"Nublado";"Dupla";"Reta;Declive";"Sim";1;1;0;0;0;0;0;1;-29,453205;-51,96221;"SPRF-RS";"DEL04-RS";"UOP01-DEL04-RS"
749184;2026-01-31;"sábado";"15:15:00";"SC";101;150;"ITAPEMA";"Manobra de mudança de faixa";"Colisão lateral mesmo sentido";"Com Vítimas Feridas";"Pleno dia";"Decrescente";"Nublado";"Múltipla";"Reta";"Sim";2;0;0;1;1;0;1;2;-27,11749;-48,609237;"SPRF-SC";"DEL04-SC";"UOP03-DEL04-SC"
749186;2026-01-31;"sábado";"15:05:00";"PB";230;28;"JOAO PESSOA";"Condutor deixou de manter distância do veículo da frente";"Engavetamento";"Sem Vítimas";"Pleno dia";"Crescente";"Céu Claro";"Dupla";"Reta";"Sim";4;0;0;0;4;0;0;4;-7,16421395;-34,90047455;"SPRF-PB";"DEL01-PB";"UOP01-DEL01-PB"
749187;2026-01-31;"sábado";"15:15:00";"ES";101;367,9;"ANCHIETA";"Ultrapassagem Indevida";"Colisão lateral mesmo sentido";"Com Vítimas Feridas";"Pleno dia";"Decrescente";"Céu Claro";"Simples";"Reta";"Não";2;0;1;0;0;1;1;2;-20,75141106;-40,75959653;"SPRF-ES";"DEL03-ES";"UOP01-DEL03-ES"
749189;2026-01-31;"sábado";"15:50:00";"SC";101;196,3;"BIGUACU";"Ingestão de álcool pelo condutor";"Colisão traseira";"Com Vítimas Feridas";"Pleno dia";"Decrescente";"Nublado";"Dupla";"Reta";"Não";2;0;1;0;1;0;1;2;-27,513055;-48,640833;"SPRF-SC";"DEL01-SC";"UOP01-DEL01-SC"
749190;2026-01-31;"sábado";"14:20:00";"RJ";116;181;"NOVA IGUACU";"Ausência de reação do condutor";"Colisão traseira";"Com Vítimas Feridas";"Pleno dia";"Decrescente";"Céu Claro";"Dupla";"Reta";"Não";4;0;1;0;3;0;1;2;-22,76249443;-43,42197983;"SPRF-RJ";"DEL06-RJ";"UOP01-DEL06-RJ"
749192;2026-01-31;"sábado";"15:05:00";"SC";470;31;"GASPAR";"Ausência de reação do condutor";"Saída de leito carroçável";"Com Vítimas Feridas";"Pleno dia";"Crescente";"Nublado";"Dupla";"Reta";"Não";2;0;0;2;0;0;2;1;-26,90044616;-48,93011979;"SPRF-SC";"DEL04-SC";"UOP01-DEL04-SC"
749193;2026-01-31;"sábado";"15:00:00";"GO";153;585;"PROFESSOR JAMIL";"Demais falhas mecânicas ou elétricas";"Saída de leito carroçável";"Sem Vítimas";"Pleno dia";"Decrescente";"Nublado";"Dupla";"Reta";"Não";4;0;0;0;4;0;0;1;-17,415207;-49,227805;"SPRF-GO";"DEL03-GO";"UOP01-DEL03-GO"
749197;2026-01-31;"sábado";"16:00:00";"PR";376;160;"MANDAGUACU";"Ingestão de álcool pelo condutor";"Colisão lateral mesmo sentido";"Com Vítimas Feridas";"Pleno dia";"Crescente";"Céu Claro";"Dupla";"Curva";"Não";2;0;0;1;1;0;1;2;-23,36531439;-52,08205104;"SPRF-PR";"DEL09-PR";"UOP02-DEL09-PR"
749199;2026-01-31;"sábado";"12:00:00";"MG";365;198,6;"BURITIZEIRO";"Demais falhas mecânicas ou elétricas";"Incêndio";"Sem Vítimas";"Pleno dia";"Decrescente";"Céu Claro";"Simples";"Reta";"Não";1;0;0;0;1;0;0;1;-17,48592;-45,20729;"SPRF-MG";"DEL10-MG";"UOP02-DEL010-MG"
749200;2026-01-31;"sábado";"13:25:00";"RO";364;58;"VILHENA";"Demais falhas mecânicas ou elétricas";"Queda de ocupante de veículo";"Com Vítimas Feridas";"Pleno dia";"Crescente";"Céu Claro";"Simples";"Reta";"Não";2;0;2;0;0;0;2;1;-12,518;-60,418;"SPRF-RO";"DEL04-RO";"UOP01-DEL04-RO"
749201;2026-01-31;"sábado";"16:00:00";"SC";101;85;"BARRA VELHA";"Condutor deixou de manter distância do veículo da frente";"Colisão traseira";"Sem Vítimas";"Pleno dia";"Decrescente";"Céu Claro";"Dupla";"Reta";"Não";2;0;0;0;2;0;0;2;-26,63919295;-48,69313037;"SPRF-SC";"DEL03-SC";"UOP02-DEL03-SC"
749202;2026-01-31;"sábado";"15:50:00";"PI";316;5;"TERESINA";"Ausência de reação do condutor";"Atropelamento de Pedestre";"Com Vítimas Feridas";"Pleno dia";"Crescente";"Céu Claro";"Múltipla";"Reta";"Sim";2;0;1;0;0;1;1;2;-5,14290312;-42,77973552;"SPRF-PI";"DEL01-PI";"UOP02-DEL01-PI"
749203;2026-01-31;"sábado";"16:40:00";"RS";285;339;"CARAZINHO";"Desrespeitar a preferência no cruzamento";"Colisão transversal";"Com Vítimas Feridas";"Pleno dia";"Crescente";"Céu Claro";"Simples";"Reta";"Não";6;0;3;0;3;0;3;2;-28,3179653;-52,8090555;"SPRF-RS";"DEL08-RS";"UOP03-DEL08-RS"
749204;2026-01-31;"sábado";"15:00:00";"MG";381;242;"SANTANA DO PARAISO";"Acumulo de areia ou detritos sobre o pavimento";"Tombamento";"Com Vítimas Feridas";"Pleno dia";"Crescente";"Nublado";"Simples";"Interseção de Vias;Curva";"Não";1;0;1;0;0;0;1;1;-19,44356765;-42,51331329;"SPRF-MG";"DEL06-MG";"UOP01-DEL06-MG"
749206;2026-01-31;"sábado";"17:00:00";"RS";153;45,5;"ERECHIM";"Condutor deixou de manter distância do veículo da frente";"Colisão traseira";"Com Vítimas Feridas";"Pleno dia";"Crescente";"Céu Claro";"Simples";"Reta;Aclive";"Sim";4;0;1;0;2;1;1;2;-27,63209313;-52,23631946;"SPRF-RS";"DEL08-RS";"UOP04-DEL08-RS"
749207;2026-01-31;"sábado";"15:05:00";"GO";60;297;"ACREUNA";"Chuva";"Saída de leito carroçável";"Com Vítimas Feridas";"Pleno dia";"Crescente";"Chuva";"Dupla";"Curva;Retorno Regulamentado";"Não";1;0;1;0;0;0;1;1;-17,359888;-50,332742;"SPRF-GO";"DEL04-GO";"UOP02-DEL04-GO"
749209;2026-01-31;"sábado";"18:00:00";"MG";40;517;"RIBEIRAO DAS NEVES";"Desrespeitar a preferência no cruzamento";"Colisão transversal";"Com Vítimas Feridas";"Anoitecer";"Crescente";"Céu Claro";"Dupla";"Reta";"Sim";2;0;0;1;1;0;1;2;-19,84063257;-44,07657337;"SPRF-MG";"DEL01-MG";"UOP02-DEL01-MG"
749210;2026-01-31;"sábado";"18:00:00";"GO";60;109;"GOIANAPOLIS";"Chuva";"Saída de leito carroçável";"Com Vítimas Feridas";"Anoitecer";"Decrescente";"Chuva";"Dupla";"Curva";"Não";4;0;1;0;3;0;1;1;-16,451227;-49,038834;"SPRF-GO";"DEL01-GO";"UOP01-DEL01-GO"
749211;2026-01-31;"sábado";"16:50:00";"SC";163;67,9;"SAO MIGUEL DO OESTE";"Velocidade Incompatível";"Colisão traseira";"Com Vítimas Feridas";"Pleno dia";"Decrescente";"Céu Claro";"Dupla";"Reta;Interseção de Vias";"Sim";4;0;0;1;3;0;1;2;-26,7515452;-53,50080583;"SPRF-SC";"DEL07-SC";"UOP03-DEL07-SC"
749212;2026-01-31;"sábado";"17:00:00";"SC";101;67;"ARAQUARI";"Condutor usando celular";"Colisão lateral mesmo sentido";"Com Vítimas Feridas";"Pleno dia";"Decrescente";"Céu Claro";"Dupla";"Curva";"Não";3;0;2;0;1;0;2;2;-26,481297;-48,735874;"SPRF-SC";"DEL03-SC";"UOP02-DEL03-SC"
749213;2026-01-31;"sábado";"16:03:00";"BA";101;527;"BUERAREMA";"Transitar na contramão";"Saída de leito carroçável";"Com Vítimas Feridas";"Pleno dia";"Crescente";"Céu Claro";"Simples";"Aclive";"Não";1;0;0;1;0;0;1;1;-14,96739;-39,31813;"SPRF-BA";"DEL05-BA";"UOP01-DEL05-BA"
749214;2026-01-31;"sábado";"17:54:00";"GO";60;72;"ABADIANIA";"Ingestão de álcool pelo condutor";"Saída de leito carroçável";"Com Vítimas Feridas";"Pleno dia";"Decrescente";"Garoa/Chuvisco";"Dupla";"Reta";"Não";1;0;1;0;0;0;1;1;-16,261322;-48,763415;"SPRF-GO";"DEL02-GO";"UOP01-DEL02-GO"
749215;2026-01-31;"sábado";"16:45:00";"PI";343;316;"ALTOS";"Ausência de reação do condutor";"Tombamento";"Com Vítimas Feridas";"Pleno dia";"Decrescente";"Nublado";"Simples";"Aclive";"Não";1;0;1;0;0;0;1;1;-5,04606308;-42,5088828;"SPRF-PI";"DEL01-PI";"UOP01-DEL01-PI"
749216;2026-01-31;"sábado";"15:20:00";"RO";364;342;"JI-PARANA";"Reação tardia ou ineficiente do condutor";"Colisão traseira";"Com Vítimas Feridas";"Pleno dia";"Decrescente";"Céu Claro";"Múltipla";"Reta";"Sim";2;0;1;0;1;0;1;2;-10,879062;-61,94505;"SPRF-RO";"DEL02-RO";"UOP01-DEL02-RO"
749217;2026-01-31;"sábado";"18:00:00";"RJ";101;462;"ANGRA DOS REIS";"Avarias e/ou desgaste excessivo no pneu";"Colisão frontal";"Com Vítimas Feridas";"Anoitecer";"Crescente";"Céu Claro";"Simples";"Curva";"Não";4;0;3;0;1;0;3;2;-23,030257;-44,20742;"SPRF-RJ";"DEL03-RJ";"UOP03-DEL03-RJ"
749220;2026-01-31;"sábado";"13:15:00";"SC";101;1,8;"GARUVA";"Reação tardia ou ineficiente do condutor";"Tombamento";"Com Vítimas Feridas";"Pleno dia";"Decrescente";"Nublado";"Dupla";"Reta;Declive";"Não";1;0;1;0;0;0;1;1;-25,99597716;-48,87894329;"SPRF-SC";"DEL03-SC";"UOP01-DEL03-SC"
749221;2026-01-31;"sábado";"19:00:00";"PE";101;81;"JABOATAO DOS GUARARAPES";"Animais na Pista";"Atropelamento de Animal";"Com Vítimas Feridas";"Plena Noite";"Crescente";"Céu Claro";"Dupla";"Reta";"Sim";2;0;1;1;0;0;2;1;-8,16139;-34,94003;"SPRF-PE";"DEL01-PE";"UOP01-DEL01-PE"
749224;2026-01-31;"sábado";"18:40:00";"MG";381;425;"SABARA";"Velocidade Incompatível";"Saída de leito carroçável";"Com Vítimas Feridas";"Pleno dia";"Crescente";"Chuva";"Simples";"Curva";"Não";1;0;1;0;0;0;1;1;-19,786785;-43,701048;"SPRF-MG";"DEL01-MG";"UOP01-DEL01-MG"
749226;2026-01-31;"sábado";"17:00:00";"SC";101;311,3;"LAGUNA";"Condutor deixou de manter distância do veículo da frente";"Tombamento";"Com Vítimas Feridas";"Pleno dia";"Decrescente";"Céu Claro";"Simples";"Aclive";"Sim";1;0;0;1;0;0;1;1;-28,44062803;-48,81356176;"SPRF-SC";"DEL02-SC";"UOP01-DEL02-SC"
749228;2026-01-31;"sábado";"18:50:00";"RS";470;219,2;"BENTO GONCALVES";"Manobra de mudança de faixa";"Colisão lateral mesmo sentido";"Com Vítimas Feridas";"Anoitecer";"Decrescente";"Céu Claro";"Simples";"Curva";"Sim";3;0;1;0;2;0;1;2;-29,188815;-51,521975;"SPRF-RS";"DEL06-RS";"UOP01-DEL06-RS"
749229;2026-01-31;"sábado";"19:27:00";"SP";116;415,7;"JUQUIA";"Reação tardia ou ineficiente do condutor";"Tombamento";"Com Vítimas Feridas";"Plena Noite";"Decrescente";"Céu Claro";"Dupla";"Reta";"Não";2;0;2;0;0;0;2;1;-24,335966;-47,642123;"SPRF-SP";"DEL05-SP";"UOP01-DEL05-SP"
749230;2026-01-31;"sábado";"19:15:00";"PI";343;26;"PARNAIBA";"Ausência de reação do condutor";"Queda de ocupante de veículo";"Com Vítimas Feridas";"Plena Noite";"Crescente";"Céu Claro";"Simples";"Reta";"Não";1;0;1;0;0;0;1;1;-3,038375;-41,772843;"SPRF-PI";"DEL05-PI";"UOP01-DEL05-PI"
749231;2026-01-31;"sábado";"19:30:00";"PE";101;50;"ABREU E LIMA";"Reação tardia ou ineficiente do condutor";"Colisão traseira";"Com Vítimas Feridas";"Plena Noite";"Decrescente";"Céu Claro";"Múltipla";"Reta;Retorno Regulamentado";"Sim";2;0;1;0;1;0;1;2;-7,9129357;-34,900362;"SPRF-PE";"DEL01-PE";"UOP02-DEL01-PE"
749232;2026-01-31;"sábado";"18:40:00";"MS";376;86,3;"DEODAPOLIS";"Transitar no Acostamento";"Saída de leito carroçável";"Com Vítimas Fatais";"Plena Noite";"Crescente";"Céu Claro";"Simples";"Reta";"Não";2;1;0;1;0;0;1;1;-22,296208;-54,117528;"SPRF-MS";"DEL04-MS";"UOP04-DEL04-MS"
749233;2026-01-31;"sábado";"19:35:00";"PR";277;0;"FOZ DO IGUACU";"Acumulo de areia ou detritos sobre o pavimento";"Tombamento";"Com Vítimas Feridas";"Plena Noite";"Decrescente";"Céu Claro";"Simples";"Declive;Curva";"Sim";1;0;1;0;0;0;1;1;-25,49176426;-54,51646686;"SPRF-PR";"DEL01-PR";"UOP05-DEL01-PR"
749234;2026-01-31;"sábado";"19:15:00";"RS";470;59,2;"LAGOA VERMELHA";"Ultrapassagem Indevida";"Saída de leito carroçável";"Com Vítimas Feridas";"Anoitecer";"Crescente";"Céu Claro";"Simples";"Reta";"Não";4;0;1;1;2;0;2;1;-28,08503;-51,46796;"SPRF-RS";"DEL08-RS";"UOP05-DEL08-RS"
749237;2026-01-31;"sábado";"19:46:00";"RN";101;84;"NATAL";"Ausência de reação do condutor";"Colisão traseira";"Sem Vítimas";"Plena Noite";"Crescente";"Céu Claro";"Dupla";"Reta";"Sim";2;0;0;0;1;1;0;2;-5,774417;-35,257161;"SPRF-RN";"DEL02-RN";"UOP01-DEL02-RN"
749238;2026-01-31;"sábado";"18:50:00";"BA";418;100;"NOVA VICOSA";"Transitar na contramão";"Colisão frontal";"Com Vítimas Feridas";"Plena Noite";"Decrescente";"Nublado";"Simples";"Reta";"Não";6;0;0;1;5;0;1;3;-17,90749312;-39,94352198;"SPRF-BA";"DEL09-BA";"UOP02-DEL09-BA"
749240;2026-01-31;"sábado";"19:00:00";"RS";386;73,7;"BOA VISTA DAS MISSOES";"Transitar na contramão";"Colisão transversal";"Sem Vítimas";"Pleno dia";"Crescente";"Céu Claro";"Simples";"Reta;Interseção de Vias";"Sim";3;0;0;0;3;0;0;2;-27,66813071;-53,31270067;"SPRF-RS";"DEL08-RS";"UOP02-DEL08-RS"
749241;2026-01-31;"sábado";"19:40:00";"RJ";101;407;"ITAGUAI";"Ausência de reação do condutor";"Colisão lateral mesmo sentido";"Com Vítimas Feridas";"Plena Noite";"Decrescente";"Nublado";"Dupla";"Viaduto";"Não";2;0;1;0;1;0;1;2;-22,879848;-43,822163;"SPRF-RJ";"DEL03-RJ";"UOP01-DEL03-RJ"
749244;2026-01-31;"sábado";"19:20:00";"SP";381;4;"VARGEM";"Ausência de reação do condutor";"Colisão com objeto";"Sem Vítimas";"Plena Noite";"Decrescente";"Céu Claro";"Dupla";"Reta;Declive";"Sim";1;0;0;0;1;0;0;1;-22,88406495;-46,40967965;"SPRF-SP";"DEL03-SP";"UOP02-DEL03-SP"
749246;2026-01-31;"sábado";"20:50:00";"RJ";116;284;"BARRA MANSA";"Condutor Dormindo";"Capotamento";"Com Vítimas Feridas";"Plena Noite";"Crescente";"Nublado";"Dupla";"Reta";"Não";1;0;1;0;0;0;1;1;-22,5119843;-44,2166517;"SPRF-RJ";"DEL07-RJ";"UOP02-DEL07-RJ"
749247;2026-01-31;"sábado";"21:00:00";"RJ";465;13;"SEROPEDICA";"Reação tardia ou ineficiente do condutor";"Colisão transversal";"Com Vítimas Feridas";"Plena Noite";"Crescente";"Nublado";"Simples";"Reta;Interseção de Vias";"Sim";4;0;2;0;2;0;2;3;-22,795702;-43,647693;"SPRF-RJ";"DEL06-RJ";"UOP02-DEL06-RJ"
749249;2026-01-31;"sábado";"21:30:00";"PB";101;92;"JOAO PESSOA";"Ingestão de álcool pelo condutor";"Tombamento";"Com Vítimas Feridas";"Plena Noite";"Decrescente";"Nublado";"Dupla";"Reta";"Não";1;0;1;0;0;0;1;1;-7,1637;-34,905907;"SPRF-PB";"DEL01-PB";"UOP01-DEL01-PB"
749250;2026-01-31;"sábado";"21:30:00";"CE";116;46;"PACAJUS";"Condutor usando celular";"Colisão com objeto";"Com Vítimas Feridas";"Plena Noite";"Decrescente";"Céu Claro";"Dupla";"Reta;Aclive;Retorno Regulamentado";"Não";2;0;1;1;0;0;2;1;-4,14451377;-38,47774744;"SPRF-CE";"DEL01-CE";"UOP02-DEL01-CE"
749251;2026-01-31;"sábado";"20:47:00";"GO";60;109;"GOIANAPOLIS";"Reação tardia ou ineficiente do condutor";"Saída de leito carroçável";"Sem Vítimas";"Plena Noite";"Crescente";"Chuva";"Dupla";"Declive";"Não";1;0;0;0;1;0;0;1;-16,447912;-49,023975;"SPRF-GO";"DEL01-GO";"UOP01-DEL01-GO"
749252;2026-01-31;"sábado";"19:40:00";"MT";70;153;"GENERAL CARNEIRO";"Ultrapassagem Indevida";"Atropelamento de Pedestre";"Com Vítimas Feridas";"Plena Noite";"Decrescente";"Nublado";"Simples";"Reta";"Sim";3;0;1;0;1;1;1;2;-15,57184347;-53,41768384;"SPRF-MT";"DEL07-MT";"UOP01-DEL07-MT"
749253;2026-01-31;"sábado";"21:02:00";"PE";423;96;"GARANHUNS";"Ausência de reação do condutor";"Colisão traseira";"Com Vítimas Feridas";"Plena Noite";"Crescente";"Céu Claro";"Simples";"Reta";"Não";4;0;2;0;0;2;2;3;-8,87943;-36,494992;"SPRF-PE";"DEL03-PE";"UOP01-DEL03-PE"
749254;2026-01-31;"sábado";"18:57:00";"PI";407;426;"PICOS";"Transitar na contramão";"Colisão frontal";"Com Vítimas Feridas";"Plena Noite";"Crescente";"Céu Claro";"Simples";"Reta";"Não";3;0;1;1;0;1;2;2;-7,09923935;-41,41989291;"SPRF-PI";"DEL04-PI";"UOP01-DEL04-PI"
749255;2026-01-31;"sábado";"22:00:00";"MG";40;481,5;"SETE LAGOAS";"Ausência de sinalização";"Colisão traseira";"Com Vítimas Feridas";"Plena Noite";"Decrescente";"Chuva";"Dupla";"Reta;Em Obras";"Não";3;0;2;0;1;0;2;2;-19,55462;-44,24265;"SPRF-MG";"DEL02-MG";"UOP01-DEL02-MG"
749256;2026-01-31;"sábado";"22:10:00";"RJ";101;268;"RIO BONITO";"Manobra de mudança de faixa";"Colisão transversal";"Com Vítimas Fatais";"Plena Noite";"Crescente";"Céu Claro";"Dupla";"Reta";"Sim";2;1;0;0;1;0;0;2;-22,71440361;-42,67792799;"SPRF-RJ";"DEL02-RJ";"UOP03-DEL02-RJ"
749257;2026-01-31;"sábado";"21:00:00";"BA";367;33,4;"PORTO SEGURO";"Deficiência do Sistema de Iluminação/Sinalização";"Tombamento";"Com Vítimas Feridas";"Plena Noite";"Decrescente";"Céu Claro";"Simples";"Reta";"Não";1;0;0;1;0;0;1;1;-16,416835;-39,156725;"SPRF-BA";"DEL09-BA";"UOP03-DEL09-BA"
749258;2026-01-31;"sábado";"17:20:00";"RS";285;212,2;"CASEIROS";"Reação tardia ou ineficiente do condutor";"Colisão traseira";"Sem Vítimas";"Plena Noite";"Decrescente";"Céu Claro";"Simples";"Reta;Declive";"Não";2;0;0;0;0;2;0;2;-28,24032;-51,64222;"SPRF-RS";"DEL08-RS";"UOP05-DEL08-RS"
749259;2026-01-31;"sábado";"21:40:00";"ES";101;97;"JAGUARE";"Ausência de reação do condutor";"Colisão traseira";"Com Vítimas Feridas";"Plena Noite";"Crescente";"Céu Claro";"Simples";"Reta";"Não";8;0;4;0;4;0;4;2;-18,9559383;-39,9833333;"SPRF-ES";"DEL04-ES";"UOP02-DEL04-ES"
749260;2026-01-31;"sábado";"20:35:00";"MT";174;2;"PONTES E LACERDA";"Reação tardia ou ineficiente do condutor";"Queda de ocupante de veículo";"Com Vítimas Feridas";"Plena Noite";"Decrescente";"Céu Claro";"Simples";"Reta;Interseção de Vias";"Sim";1;0;1;0;0;0;1;1;-15,25227669;-59,32935745;"SPRF-MT";"DEL04-MT";"UOP01-DEL04-MT"
749263;2026-01-31;"sábado";"22:15:00";"SE";101;185;"UMBAUBA";"Pedestre cruzava a pista fora da faixa";"Atropelamento de Pedestre";"Com Vítimas Fatais";"Plena Noite";"Decrescente";"Céu Claro";"Simples";"Reta";"Não";2;1;0;0;1;0;0;2;-11,39614309;-37,67775983;"SPRF-SE";"DEL02-SE";"UOP03-DEL02-SE"