"id";"data_inversa";"dia_semana";"horario";"uf";"br";"km";"municipio";"causa_acidente";"tipo_acidente";"classificacao_acidente";"fase_dia";"sentido_via";"condicao_metereologica";"tipo_pista";"tracado_via";"uso_solo";"pessoas";"mortos";"feridos_leves";"feridos_graves";"ilesos";"ignorados";"feridos";"veiculos";"latitude";"longitude";"regional";"delegacia";"uop"
749804;2026-02-03;"terça-feira";"11:50:00";"SC";282;580,9;"PINHALZINHO";"Acessar a via sem observar a presença dos outros veículos";"Colisão transversal";"Com Vítimas Feridas";"Pleno dia";"Crescente";"Chuva";"Simples";"Reta";"Sim";2;0;1;1;0;0;2;2;-26,83603632;-52,98997276;"SPRF-SC";"DEL07-SC";"UOP02-DEL07-SC"
749805;2026-02-03;"terça-feira";"12:00:00";"RO";364;740;"PORTO VELHO";"Demais falhas mecânicas ou elétricas";"Incêndio";"Sem Vítimas";"Pleno dia";"Crescente";"Céu Claro";"Simples";"Reta";"Não";4;0;0;0;4;0;0;1;-9,00319917;-64,00659911;"SPRF-RO";"DEL01-RO";"UOP02-DEL01-RO"
749806;2026-02-03;"terça-feira";"10:30:00";"SC";163;103;"SAO JOSE DO CEDRO";"Acessar a via sem observar a presença dos outros veículos";"Colisão traseira";"Com Vítimas Feridas";"Pleno dia";"Crescente";"Chuva";"Múltipla";"Reta;Interseção de Vias";"Sim";2;0;1;0;0;1;1;2;-26,46330519;-53,50641909;"SPRF-SC";"DEL07-SC";"UOP03-DEL07-SC"
749808;2026-02-03;"terça-feira";"14:10:00";"SP";116;220;"GUARULHOS";"Reação tardia ou ineficiente do condutor";"Queda de ocupante de veículo";"Com Vítimas Feridas";"Pleno dia";"Crescente";"Nevoeiro/Neblina";"Múltipla";"Reta";"Sim";1;0;1;0;0;0;1;1;-23,46497508;-46,50006143;"SPRF-SP";"DEL01-SP";"UOP01-DEL01-SP"
749809;2026-02-03;"terça-feira";"13:30:00";"MG";40;794;"JUIZ DE FORA";"Manobra de mudança de faixa";"Colisão lateral mesmo sentido";"Com Vítimas Feridas";"Pleno dia";"Decrescente";"Céu Claro";"Dupla";"Reta;Retorno Regulamentado";"Sim";3;0;0;1;1;1;1;3;-21,779286;-43,424281;"SPRF-MG";"DEL05-MG";"UOP01-DEL05-MG"
749810;2026-01-05;"segunda-feira";"10:00:00";"MG";365;226,5;"BURITIZEIRO";"Acumulo de água sobre o pavimento";"Saída de leito carroçável";"Com Vítimas Feridas";"Pleno dia";"Crescente";"Chuva";"Simples";"Reta";"Não";3;0;3;0;0;0;3;1;-17,64770268;-45,40649414;"SPRF-MG";"DEL10-MG";"UOP02-DEL010-MG"
749811;2026-02-03;"terça-feira";"14:37:00";"PE";101;48;"ABREU E LIMA";"Demais falhas mecânicas ou elétricas";"Incêndio";"Sem Vítimas";"Pleno dia";"Decrescente";"Céu Claro";"Múltipla";"Reta";"Sim";1;0;0;0;1;0;0;1;-7,897466;-34,902535;"SPRF-PE";"DEL01-PE";"UOP02-DEL01-PE"
749812;2026-02-03;"terça-feira";"12:40:00";"MS";163;490;"CAMPO GRANDE";"Condutor deixou de manter distância do veículo da frente";"Colisão traseira";"Com Vítimas Feridas";"Pleno dia";"Crescente";"Chuva";"Dupla";"Reta";"Sim";2;0;1;0;0;1;1;2;-20,388714;-54,550251;"SPRF-MS";"DEL01-MS";"UOP02-DEL01-MS"
749814;2026-02-03;"terça-feira";"12:00:00";"PE";424;87;"GARANHUNS";"Suicídio (presumido)";"Sinistro pessoal de trânsito";"Com Vítimas Fatais";"Pleno dia";"Decrescente";"Céu Claro";"Simples";"Viaduto";"Sim";2;1;0;0;0;1;0;2;-8,87695671;-36,50718061;"SPRF-PE";"DEL03-PE";"UOP01-DEL03-PE"
749815;2026-02-03;"terça-feira";"13:20:00";"SC";158;135,8;"PALMITOS";"Acessar a via sem observar a presença dos outros veículos";"Saída de leito carroçável";"Com Vítimas Feridas";"Pleno dia";"Decrescente";"Sol";"Simples";"Declive;Curva;Rotatória;Interseção de Vias";"Não";5;0;4;0;0;1;4;2;-27,07978156;-53,22472729;"SPRF-SC";"DEL07-SC";"UOP02-DEL07-SC"
749816;2026-02-03;"terça-feira";"14:45:00";"PR";376;159;"MANDAGUACU";"Ausência de reação do condutor";"Capotamento";"Com Vítimas Feridas";"Pleno dia";"Crescente";"Céu Claro";"Dupla";"Curva;Declive";"Sim";4;0;0;1;3;0;1;2;-23,364579;-52,08376;"SPRF-PR";"DEL09-PR";"UOP02-DEL09-PR"
749817;2026-02-03;"terça-feira";"14:30:00";"SP";116;190;"SANTA ISABEL";"Chuva";"Saída de leito carroçável";"Com Vítimas Feridas";"Pleno dia";"Crescente";"Chuva";"Dupla";"Curva";"Não";1;0;1;0;0;0;1;1;-23,36919392;-46,23683866;"SPRF-SP";"DEL01-SP";"UOP01-DEL01-SP"
749818;2026-02-03;"terça-feira";"11:00:00";"RJ";116;202;"QUEIMADOS";"Ausência de reação do condutor";"Queda de ocupante de veículo";"Com Vítimas Feridas";"Pleno dia";"Crescente";"Nublado";"Dupla";"Curva";"Não";1;0;1;0;0;0;1;1;-22,73135145;-43,62124868;"SPRF-RJ";"DEL06-RJ";"UOP02-DEL06-RJ"
749821;2026-02-03;"terça-feira";"14:05:00";"PE";316;76;"OURICURI";"Reação tardia ou ineficiente do condutor";"Queda de ocupante de veículo";"Com Vítimas Feridas";"Pleno dia";"Crescente";"Sol";"Simples";"Reta";"Não";1;0;1;0;0;0;1;1;-7,843708;-40,131095;"SPRF-PE";"DEL05-PE";"UOP02-DEL05-PE"
749824;2026-02-03;"terça-feira";"12:00:00";"SC";470;26;"GASPAR";"Demais falhas mecânicas ou elétricas";"Incêndio";"Sem Vítimas";"Pleno dia";"Crescente";"Céu Claro";"Dupla";"Reta";"Não";1;0;0;0;1;0;0;1;-26,89349676;-48,89682977;"SPRF-SC";"DEL04-SC";"UOP04-DEL04-SC"
749825;2026-02-03;"terça-feira";"15:08:00";"PE";101;82,2;"JABOATAO DOS GUARARAPES";"Ausência de reação do condutor";"Engavetamento";"Sem Vítimas";"Pleno dia";"Decrescente";"Céu Claro";"Dupla";"Viaduto";"Sim";7;0;0;0;6;1;0;3;-8,175477;-34,943022;"SPRF-PE";"DEL01-PE";"UOP01-DEL01-PE"
749826;2026-02-03;"terça-feira";"15:15:00";"GO";60;6,7;"SANTO ANTONIO DO DESCOBERTO";"Acumulo de água sobre o pavimento";"Saída de leito carroçável";"Com Vítimas Feridas";"Pleno dia";"Decrescente";"Chuva";"Dupla";"Curva;Declive";"Não";3;0;1;0;2;0;1;1;-16,102893;-48,289478;"SPRF-DF";"DEL03-DF";"UOP01-DEL03-DF"
749827;2026-02-03;"terça-feira";"13:50:00";"MG";381;485,7;"BETIM";"Reação tardia ou ineficiente do condutor";"Tombamento";"Com Vítimas Feridas";"Pleno dia";"Decrescente";"Céu Claro";"Múltipla";"Declive;Reta";"Sim";1;0;1;0;0;0;1;1;-19,9560931;-44,101646;"SPRF-MG";"DEL01-MG";"UOP03-DEL01-MG"
749829;2026-02-03;"terça-feira";"14:00:00";"MG";40;565;"NOVA LIMA";"Avarias e/ou desgaste excessivo no pneu";"Saída de leito carroçável";"Sem Vítimas";"Pleno dia";"Decrescente";"Chuva";"Simples";"Reta";"Não";1;0;0;0;1;0;0;1;-20,1698216;-43,9655363;"SPRF-MG";"DEL01-MG";"UOP02-DEL01-MG"
749831;2026-02-03;"terça-feira";"13:00:00";"PI";343;321;"ALTOS";"Transitar no Acostamento";"Colisão traseira";"Com Vítimas Feridas";"Pleno dia";"Crescente";"Céu Claro";"Simples";"Reta";"Não";2;0;0;1;1;0;1;2;-5,05477199;-42,58395731;"SPRF-PI";"DEL01-PI";"UOP01-DEL01-PI"
749832;2026-02-03;"terça-feira";"16:00:00";"MG";365;418;"PATOS DE MINAS";"Acessar a via sem observar a presença dos outros veículos";"Colisão transversal";"Com Vítimas Feridas";"Pleno dia";"Decrescente";"Nublado";"Simples";"Reta;Interseção de Vias;Retorno Regulamentado";"Não";4;0;2;0;2;0;2;2;-18,68252;-46,57289;"SPRF-MG";"DEL10-MG";"UOP01-DEL10-MG"
749834;2026-02-03;"terça-feira";"15:30:00";"RJ";101;515;"ANGRA DOS REIS";"Chuva";"Colisão transversal";"Com Vítimas Feridas";"Pleno dia";"Decrescente";"Chuva";"Simples";"Curva";"Sim";3;0;1;0;2;0;1;2;-22,98087866;-44,4429779;"SPRF-RJ";"DEL03-RJ";"UOP03-DEL03-RJ"
749835;2026-02-03;"terça-feira";"16:00:00";"AL";104;88;"RIO LARGO";"Acumulo de areia ou detritos sobre o pavimento";"Colisão transversal";"Com Vítimas Feridas";"Pleno dia";"Decrescente";"Céu Claro";"Dupla";"Curva";"Não";3;0;1;1;1;0;2;2;-9,486918;-35,816636;"SPRF-AL";"DEL01-AL";"UOP01-DEL01-AL"
749837;2026-02-03;"terça-feira";"15:17:00";"RO";174;13;"VILHENA";"Desrespeitar a preferência no cruzamento";"Colisão transversal";"Sem Vítimas";"Pleno dia";"Crescente";"Garoa/Chuvisco";"Dupla";"Interseção de Vias";"Sim";3;0;0;0;3;0;0;2;-12,736267;-60,130675;"SPRF-RO";"DEL04-RO";"UOP01-DEL04-RO"
749838;2026-02-03;"terça-feira";"15:30:00";"MG";40;674,8;"CARANDAI";"Acessar a via sem observar a presença dos outros veículos";"Colisão transversal";"Com Vítimas Feridas";"Pleno dia";"Crescente";"Céu Claro";"Simples";"Reta";"Não";7;0;4;3;0;0;7;2;-21,0115851;-43,7829295;"SPRF-MG";"DEL05-MG";"UOP02-DEL05-MG"
749840;2026-02-03;"terça-feira";"15:50:00";"SP";153;280;"OCAUCU";"Desrespeitar a preferência no cruzamento";"Colisão transversal";"Com Vítimas Feridas";"Pleno dia";"Crescente";"Nublado";"Simples";"Reta;Rotatória";"Não";11;0;2;0;9;0;2;2;-22,416975;-49,860443;"SPRF-SP";"DEL07-SP";"UOP02-DEL07-SP"
749841;2026-02-03;"terça-feira";"17:00:00";"ES";101;55,3;"SAO MATEUS";"Demais falhas na via";"Tombamento";"Com Vítimas Feridas";"Pleno dia";"Decrescente";"Sol";"Simples";"Reta";"Não";1;0;1;0;0;0;1;1;-18,63742777;-39,87688271;"SPRF-ES";"DEL04-ES";"UOP02-DEL04-ES"
749842;2026-02-03;"terça-feira";"16:10:00";"PR";116;51;"CAMPINA GRANDE DO SUL";"Chuva";"Saída de leito carroçável";"Com Vítimas Feridas";"Pleno dia";"Crescente";"Chuva";"Dupla";"Curva;Aclive";"Não";2;0;1;0;1;0;1;1;-25,244244;-48,902538;"SPRF-PR";"DEL01-PR";"UOP02-DEL01-PR"
749843;2026-02-03;"terça-feira";"16:15:00";"RS";158;325;"SANTA MARIA";"Acessar a via sem observar a presença dos outros veículos";"Colisão transversal";"Com Vítimas Feridas";"Pleno dia";"Crescente";"Céu Claro";"Simples";"Interseção de Vias";"Sim";2;0;1;0;1;0;1;2;-29,70927055;-53,80233977;"SPRF-RS";"DEL09-RS";"UOP01-DEL09-RS"
749848;2026-02-03;"terça-feira";"16:00:00";"MG";40;552;"NOVA LIMA";"Ultrapassagem Indevida";"Colisão lateral mesmo sentido";"Sem Vítimas";"Pleno dia";"Crescente";"Chuva";"Simples";"Reta";"Sim";2;0;0;0;1;1;0;2;-20,06776953;-43,981814;"SPRF-MG";"DEL01-MG";"UOP02-DEL01-MG"
749850;2026-02-03;"terça-feira";"16:30:00";"SC";101;278,6;"IMBITUBA";"Pista Escorregadia";"Tombamento";"Com Vítimas Feridas";"Pleno dia";"Decrescente";"Chuva";"Múltipla";"Viaduto;Retorno Regulamentado;Rotatória";"Não";1;0;1;0;0;0;1;1;-28,18169961;-48,69552612;"SPRF-SC";"DEL02-SC";"UOP03-DEL02-SC"
749851;2026-01-18;"domingo";"17:00:00";"PR";116;15;"COLOMBO";"Condutor deixou de manter distância do veículo da frente";"Colisão traseira";"Com Vítimas Feridas";"Pleno dia";"Crescente";"Ignorado";"Dupla";"Reta";"Sim";3;0;1;0;1;1;1;2;-25,381406;-49,163503;"SPRF-PR";"DEL01-PR";"UOP02-DEL01-PR"
749853;2026-02-03;"terça-feira";"16:30:00";"MG";381;511;"IGARAPE";"Pista esburacada";"Saída de leito carroçável";"Sem Vítimas";"Pleno dia";"Decrescente";"Céu Claro";"Dupla";"Declive;Reta";"Sim";2;0;0;0;2;0;0;2;-20,06206784;-44,29251608;"SPRF-MG";"DEL01-MG";"UOP03-DEL01-MG"
749855;2026-02-03;"terça-feira";"16:50:00";"SC";101;134,5;"BALNEARIO CAMBORIU";"Trafegar com motocicleta (ou similar) entre as faixas";"Colisão lateral mesmo sentido";"Com Vítimas Feridas";"Pleno dia";"Crescente";"Nublado";"Múltipla";"Reta";"Sim";2;0;1;0;1;0;1;2;-27,003926;-48,631358;"SPRF-SC";"DEL04-SC";"UOP03-DEL04-SC"
749858;2026-02-03;"terça-feira";"14:00:00";"PR";373;420;"FOZ DO JORDAO";"Demais falhas mecânicas ou elétricas";"Incêndio";"Sem Vítimas";"Pleno dia";"Crescente";"Chuva";"Simples";"Aclive;Reta";"Não";1;0;0;0;1;0;0;1;-25,6988283;-52,1654953;"SPRF-PR";"DEL08-PR";"UOP01-DEL08-PR"
749859;2026-01-22;"quinta-feira";"23:00:00";"AL";104;90;"RIO LARGO";"Condutor deixou de manter distância do veículo da frente";"Colisão traseira";"Com Vítimas Feridas";"Plena Noite";"Decrescente";"Ignorado";"Dupla";"Retorno Regulamentado";"Sim";2;0;1;0;1;0;1;2;-9,47656928;-35,82124203;"SPRF-AL";"DEL01-AL";"UOP01-DEL01-AL"
749860;2026-02-03;"terça-feira";"16:05:00";"RO";364;347,1;"JI-PARANA";"Mal súbito do condutor";"Colisão traseira";"Com Vítimas Feridas";"Pleno dia";"Decrescente";"Nublado";"Simples";"Reta";"Sim";3;0;1;1;0;1;2;3;-10,859066;-61,978743;"SPRF-RO";"DEL02-RO";"UOP01-DEL02-RO"
749862;2026-02-03;"terça-feira";"16:30:00";"BA";110;314;"ALAGOINHAS";"Acessar a via sem observar a presença dos outros veículos";"Saída de leito carroçável";"Com Vítimas Feridas";"Pleno dia";"Decrescente";"Céu Claro";"Simples";"Reta;Declive";"Não";4;0;1;0;2;1;1;2;-11,97413;-38,37614;"SPRF-BA";"DEL01-BA";"UOP04-DEL01-BA"
749863;2026-02-03;"terça-feira";"17:00:00";"PR";153;484;"GENERAL CARNEIRO";"Retorno proibido";"Colisão transversal";"Com Vítimas Feridas";"Pleno dia";"Crescente";"Nublado";"Simples";"Interseção de Vias";"Não";2;0;1;0;1;0;1;2;-26,38567065;-51,2707758;"SPRF-PR";"DEL02-PR";"UOP03-DEL02-PR"
749864;2026-02-03;"terça-feira";"17:45:00";"SP";116;216,5;"GUARULHOS";"Ausência de reação do condutor";"Tombamento";"Com Vítimas Feridas";"Anoitecer";"Crescente";"Céu Claro";"Dupla";"Reta";"Sim";1;0;1;0;0;0;1;1;-23,45213363;-46,46716531;"SPRF-SP";"DEL01-SP";"UOP01-DEL01-SP"
749866;2026-02-03;"terça-feira";"18:00:00";"SP";116;499;"CAJATI";"Ausência de reação do condutor";"Capotamento";"Com Vítimas Feridas";"Anoitecer";"Crescente";"Céu Claro";"Múltipla";"Curva";"Não";1;0;1;0;0;0;1;1;-24,7813504;-48,17548335;"SPRF-SP";"DEL05-SP";"UOP02-DEL05-SP"
749867;2026-02-03;"terça-feira";"17:30:00";"SP";381;40;"ATIBAIA";"Ingestão de álcool pelo condutor";"Engavetamento";"Sem Vítimas";"Anoitecer";"Crescente";"Nublado";"Simples";"Interseção de Vias";"Sim";3;0;0;0;3;0;0;3;-23,13197822;-46,5766904;"SPRF-SP";"DEL03-SP";"UOP01-DEL03-SP"
749868;2026-02-03;"terça-feira";"17:40:00";"PR";277;38;"MORRETES";"Chuva";"Colisão com objeto";"Sem Vítimas";"Pleno dia";"Crescente";"Chuva";"Dupla";"Curva";"Não";1;0;0;0;1;0;0;1;-25,572765;-48,83323845;"SPRF-PR";"DEL01-PR";"UOP05-DEL01-PR"
749870;2026-02-03;"terça-feira";"18:10:00";"PR";277;731;"FOZ DO IGUACU";"Ausência de reação do condutor";"Queda de ocupante de veículo";"Com Vítimas Feridas";"Pleno dia";"Decrescente";"Céu Claro";"Simples";"Reta;Ponte";"Sim";1;0;1;0;0;0;1;1;-25,50952405;-54,60065603;"SPRF-PR";"DEL05-PR";"UOP03-DEL05-PR"
749871;2026-02-03;"terça-feira";"18:50:00";"RJ";465;5;"SEROPEDICA";"Trafegar com motocicleta (ou similar) entre as faixas";"Colisão lateral mesmo sentido";"Com Vítimas Feridas";"Plena Noite";"Crescente";"Ignorado";"Simples";"Reta";"Sim";2;0;1;0;1;0;1;2;-22,74665444;-43,70010344;"SPRF-RJ";"DEL06-RJ";"UOP02-DEL06-RJ"
749872;2026-02-03;"terça-feira";"17:15:00";"RJ";116;184;"NOVA IGUACU";"Acessar a via sem observar a presença dos outros veículos";"Colisão transversal";"Com Vítimas Feridas";"Pleno dia";"Crescente";"Céu Claro";"Dupla";"Reta";"Não";3;0;2;0;0;1;2;2;-22,74730318;-43,44482871;"SPRF-RJ";"DEL06-RJ";"UOP01-DEL06-RJ"
749873;2026-02-03;"terça-feira";"18:20:00";"PR";376;75,7;"GUAIRACA";"Acesso irregular";"Colisão transversal";"Com Vítimas Feridas";"Anoitecer";"Decrescente";"Céu Claro";"Simples";"Reta;Interseção de Vias;Rotatória";"Não";11;0;5;4;2;0;9;2;-22,95412013;-52,70155398;"SPRF-PR";"DEL09-PR";"UOP02-DEL09-PR"
749874;2026-02-03;"terça-feira";"19:00:00";"PE";232;253,7;"ARCOVERDE";"Transitar na contramão";"Colisão frontal";"Com Vítimas Feridas";"Plena Noite";"Decrescente";"Céu Claro";"Simples";"Reta";"Sim";2;0;2;0;0;0;2;2;-8,4255862;-37,0563624;"SPRF-PE";"DEL04-PE";"UOP02-DEL04-PE"
749875;2026-02-03;"terça-feira";"16:00:00";"SP";116;505;"CAJATI";"Ausência de reação do condutor";"Capotamento";"Com Vítimas Feridas";"Pleno dia";"Decrescente";"Chuva";"Dupla";"Curva";"Não";1;0;1;0;0;0;1;1;-24,81523666;-48,20922017;"SPRF-SP";"DEL05-SP";"UOP02-DEL05-SP"
749877;2026-02-03;"terça-feira";"17:00:00";"PI";343;344;"TERESINA";"Acessar a via sem observar a presença dos outros veículos";"Colisão transversal";"Com Vítimas Feridas";"Pleno dia";"Crescente";"Céu Claro";"Simples";"Reta";"Sim";2;0;1;0;1;0;1;2;-5,098576;-42,76451;"SPRF-PI";"DEL01-PI";"UOP01-DEL01-PI"
749879;2026-02-03;"terça-feira";"15:45:00";"RJ";40;110;"DUQUE DE CAXIAS";"Ausência de reação do condutor";"Colisão com objeto";"Com Vítimas Feridas";"Pleno dia";"Decrescente";"Nublado";"Múltipla";"Reta";"Sim";3;0;3;0;0;0;3;2;-22,68764;-43,28550811;"SPRF-RJ";"DEL01-RJ";"UOP02-DEL01-RJ"
749881;2026-02-03;"terça-feira";"19:20:00";"RS";116;236;"NOVO HAMBURGO";"Objeto estático sobre o leito carroçável";"Colisão traseira";"Sem Vítimas";"Anoitecer";"Crescente";"Nublado";"Múltipla";"Viaduto;Reta";"Sim";2;0;0;0;2;0;0;2;-29,66631919;-51,14357678;"SPRF-RS";"DEL01-RS";"UOP02-DEL01-RS"
749882;2026-02-03;"terça-feira";"17:30:00";"MT";174;484;"COMODORO";"Acessar a via sem observar a presença dos outros veículos";"Colisão frontal";"Com Vítimas Feridas";"Pleno dia";"Crescente";"Céu Claro";"Simples";"Reta";"Sim";5;0;1;2;2;0;3;2;-13,61267345;-59,80183125;"SPRF-MT";"DEL04-MT";"UOP02-DEL04-MT"
749884;2026-02-03;"terça-feira";"18:05:00";"RO";364;427;"JARU";"Desrespeitar a preferência no cruzamento";"Colisão transversal";"Com Vítimas Feridas";"Anoitecer";"Crescente";"Céu Claro";"Simples";"Interseção de Vias;Rotatória";"Não";4;0;2;0;2;0;2;2;-10,4269654;-62,48836454;"SPRF-RO";"DEL03-RO";"UOP02-DEL03-RO"
749886;2026-02-03;"terça-feira";"19:50:00";"CE";20;405;"CAUCAIA";"Retorno proibido";"Colisão transversal";"Com Vítimas Feridas";"Plena Noite";"Decrescente";"Céu Claro";"Simples";"Reta";"Sim";2;0;1;0;1;0;1;2;-3,77254472;-38,67509365;"SPRF-CE";"DEL01-CE";"UOP01-DEL01-CE"
749887;2026-02-03;"terça-feira";"18:50:00";"ES";262;40,3;"DOMINGOS MARTINS";"Ausência de reação do condutor";"Colisão frontal";"Com Vítimas Feridas";"Plena Noite";"Crescente";"Nublado";"Simples";"Curva";"Não";2;0;0;1;1;0;1;2;-20,38302;-40,638524;"SPRF-ES";"DEL01-ES";"UOP01-DEL01-ES"
749888;2026-02-03;"terça-feira";"19:43:00";"PE";101;79;"JABOATAO DOS GUARARAPES";"Ausência de sinalização";"Colisão com objeto";"Com Vítimas Feridas";"Plena Noite";"Crescente";"Céu Claro";"Dupla";"Reta";"Não";3;0;1;1;1;0;2;2;-8,14455;-34,94738;"SPRF-PE";"DEL01-PE";"UOP01-DEL01-PE"
749889;2026-02-03;"terça-feira";"20:21:00";"GO";60;94,3;"ANAPOLIS";"Afundamento ou ondulação no pavimento";"Tombamento";"Com Vítimas Feridas";"Plena Noite";"Decrescente";"Nublado";"Dupla";"Interseção de Vias";"Sim";1;0;1;0;0;0;1;1;-16,360763;-48,932524;"SPRF-GO";"DEL02-GO";"UOP01-DEL02-GO"
749891;2026-02-03;"terça-feira";"20:20:00";"SC";101;197,7;"BIGUACU";"Manobra de mudança de faixa";"Colisão traseira";"Com Vítimas Feridas";"Plena Noite";"Decrescente";"Chuva";"Múltipla";"Reta;Aclive";"Sim";2;0;1;0;1;0;1;2;-27,524347;-48,635913;"SPRF-SC";"DEL01-SC";"UOP01-DEL01-SC"
749892;2026-02-03;"terça-feira";"19:25:00";"DF";251;36,5;"BRASILIA";"Animais na Pista";"Atropelamento de Animal";"Com Vítimas Feridas";"Plena Noite";"Decrescente";"Chuva";"Simples";"Reta;Declive";"Não";3;0;3;0;0;0;3;1;-15,94445;-47,78562;"SPRF-DF";"DEL01-DF";"UOP01-DEL01-DF"
749895;2026-02-03;"terça-feira";"19:15:00";"PR";376;444;"TIBAGI";"Ausência de reação do condutor";"Saída de leito carroçável";"Com Vítimas Feridas";"Plena Noite";"Crescente";"Nublado";"Dupla";"Curva";"Não";1;0;0;1;0;0;1;1;-24,87610711;-50,4431723;"SPRF-PR";"DEL03-PR";"UOP02-DEL03-PR"
749897;2026-02-03;"terça-feira";"21:30:00";"RS";116;266;"CANOAS";"Avarias e/ou desgaste excessivo no pneu";"Tombamento";"Com Vítimas Feridas";"Plena Noite";"Decrescente";"Céu Claro";"Múltipla";"Reta";"Sim";2;0;1;0;1;0;1;1;-29,9368704;-51,17706673;"SPRF-RS";"DEL01-RS";"UOP01-DEL01-RS"
749898;2026-02-03;"terça-feira";"20:30:00";"PR";376;468;"PONTA GROSSA";"Reação tardia ou ineficiente do condutor";"Saída de leito carroçável";"Com Vítimas Feridas";"Plena Noite";"Crescente";"Chuva";"Dupla";"Curva";"Não";3;0;1;0;2;0;1;1;-25,03489472;-50,30463394;"SPRF-PR";"DEL03-PR";"UOP01-DEL03-PR"
749899;2026-02-03;"terça-feira";"18:30:00";"PR";116;180;"CAMPO DO TENENTE";"Demais falhas mecânicas ou elétricas";"Incêndio";"Sem Vítimas";"Anoitecer";"Crescente";"Chuva";"Simples";"Aclive;Curva";"Não";2;0;0;0;2;0;0;1;-25,916011;-49,609879;"SPRF-PR";"DEL01-PR";"UOP03-DEL01-PR"
749900;2026-02-03;"terça-feira";"19:35:00";"RJ";40;124;"RIO DE JANEIRO";"Ausência de reação do condutor";"Atropelamento de Pedestre";"Com Vítimas Feridas";"Plena Noite";"Crescente";"Nublado";"Dupla";"Reta";"Sim";2;0;2;0;0;0;2;2;-22,812213;-43,288139;"SPRF-RJ";"DEL01-RJ";"UOP02-DEL01-RJ"
749901;2026-02-03;"terça-feira";"19:00:00";"SC";280;21;"ARAQUARI";"Acessar a via sem observar a presença dos outros veículos";"Colisão transversal";"Com Vítimas Feridas";"Plena Noite";"Decrescente";"Chuva";"Simples";"Reta";"Não";2;0;1;0;1;0;1;2;-26,371;-48,695;"SPRF-SC";"DEL03-SC";"UOP03-DEL03-SC"
749905;2026-02-03;"terça-feira";"21:15:00";"MG";116;414,8;"GOVERNADOR VALADARES";"Reação tardia ou ineficiente do condutor";"Queda de ocupante de veículo";"Com Vítimas Feridas";"Plena Noite";"Crescente";"Nublado";"Simples";"Reta";"Sim";1;0;1;0;0;0;1;1;-18,887838;-41,946067;"SPRF-MG";"DEL06-MG";"UOP01-DEL06-MG"
749906;2026-02-03;"terça-feira";"12:30:00";"RJ";116;182;"RIO DE JANEIRO";"Manobra de mudança de faixa";"Colisão lateral mesmo sentido";"Com Vítimas Feridas";"Pleno dia";"Crescente";"Céu Claro";"Dupla";"Reta";"Não";2;0;1;0;1;0;1;2;-22,80483364;-43,34526053;"SPRF-RJ";"DEL06-RJ";"UOP01-DEL06-RJ"
749908;2026-02-03;"terça-feira";"21:45:00";"PR";116;96;"SAO JOSE DOS PINHAIS";"Objeto estático sobre o leito carroçável";"Tombamento";"Com Vítimas Feridas";"Plena Noite";"Decrescente";"Nublado";"Dupla";"Reta";"Não";2;0;0;1;1;0;1;2;-25,53686551;-49,14888382;"SPRF-PR";"DEL01-PR";"UOP08-DEL01-PR"
749909;2026-02-03;"terça-feira";"20:15:00";"MG";251;476,2;"MONTES CLAROS";"Animais na Pista";"Queda de ocupante de veículo";"Com Vítimas Feridas";"Plena Noite";"Decrescente";"Céu Claro";"Simples";"Reta;Declive";"Não";1;0;0;1;0;0;1;1;-16,65407224;-43,71757346;"SPRF-MG";"DEL12-MG";"UOP01-DEL12-MG"
749910;2026-02-03;"terça-feira";"20:48:00";"PB";101;88;"JOAO PESSOA";"Velocidade Incompatível";"Tombamento";"Com Vítimas Feridas";"Plena Noite";"Crescente";"Céu Claro";"Simples";"Curva";"Não";2;0;1;0;1;0;1;1;-7,16514118;-34,89833862;"SPRF-PB";"DEL01-PB";"UOP01-DEL01-PB"
749911;2026-02-03;"terça-feira";"21:10:00";"MT";70;292;"PRIMAVERA DO LESTE";"Reação tardia ou ineficiente do condutor";"Saída de leito carroçável";"Com Vítimas Feridas";"Plena Noite";"Decrescente";"Céu Claro";"Simples";"Rotatória";"Não";2;0;1;1;0;0;2;1;-15,578353;-54,39567;"SPRF-MT";"DEL05-MT";"UOP01-DEL05-MT"
749913;2026-02-03;"terça-feira";"22:20:00";"MG";50;163,5;"UBERABA";"Velocidade Incompatível";"Capotamento";"Com Vítimas Feridas";"Anoitecer";"Decrescente";"Garoa/Chuvisco";"Dupla";"Reta";"Não";2;0;2;0;0;0;2;1;-19,678;-47,996;"SPRF-MG";"DEL13-MG";"UOP01-DEL13-MG"
749914;2026-02-03;"terça-feira";"23:00:00";"SC";101;229;"PALHOCA";"Reação tardia ou ineficiente do condutor";"Colisão traseira";"Com Vítimas Feridas";"Plena Noite";"Decrescente";"Nublado";"Dupla";"Reta";"Sim";3;0;1;0;1;1;1;2;-27,76520332;-48,63073468;"SPRF-SC";"DEL01-SC";"UOP02-DEL01-SC"
749916;2026-02-03;"terça-feira";"23:00:00";"MG";50;46;"ARAGUARI";"Chuva";"Saída de leito carroçável";"Com Vítimas Feridas";"Plena Noite";"Crescente";"Chuva";"Dupla";"Reta";"Não";3;0;1;0;2;0;1;1;-18,722161;-48,203644;"SPRF-MG";"DEL15-MG";"UOP02-DEL15-MG"