"id";"data_inversa";"dia_semana";"horario";"uf";"br";"km";"municipio";"causa_acidente";"tipo_acidente";"classificacao_acidente";"fase_dia";"sentido_via";"condicao_metereologica";"tipo_pista";"tracado_via";"uso_solo";"pessoas";"mortos";"feridos_leves";"feridos_graves";"ilesos";"ignorados";"feridos";"veiculos";"latitude";"longitude";"regional";"delegacia";"uop"
750161;2026-01-05;"segunda-feira";"03:37:00";"GO";153;589;"PIRACANJUBA";"Animais na Pista";"Atropelamento de Animal";"Com Vítimas Feridas";"Plena Noite";"Crescente";"Nublado";"Dupla";"Reta";"Não";1;0;0;1;0;0;1;1;-17,455747;-49,224635;"SPRF-GO";"DEL03-GO";"UOP01-DEL03-GO"
750163;2026-02-05;"quinta-feira";"08:10:00";"PR";376;605;"CURITIBA";"Ausência de reação do condutor";"Tombamento";"Com Vítimas Feridas";"Pleno dia";"Crescente";"Céu Claro";"Dupla";"Reta";"Sim";1;0;1;0;0;0;1;1;-25,45691491;-49,36088562;"SPRF-PR";"DEL01-PR";"UOP03-DEL01-PR"
750165;2026-02-05;"quinta-feira";"08:50:00";"ES";101;331;"GUARAPARI";"Manobra de mudança de faixa";"Tombamento";"Com Vítimas Feridas";"Pleno dia";"Crescente";"Céu Claro";"Múltipla";"Curva";"Não";2;0;0;1;1;0;1;1;-20,60604;-40,50576;"SPRF-ES";"DEL03-ES";"UOP01-DEL03-ES"
750167;2026-02-05;"quinta-feira";"07:35:00";"PR";277;5;"FOZ DO IGUACU";"Retorno proibido";"Colisão lateral mesmo sentido";"Com Vítimas Feridas";"Pleno dia";"Crescente";"Céu Claro";"Simples";"Reta";"Sim";2;0;1;0;1;0;1;2;-25,534031;-54,528401;"SPRF-PR";"DEL05-PR";"UOP04-DEL05-PR"
750171;2026-02-05;"quinta-feira";"07:30:00";"MT";364;564;"NOBRES";"Ausência de reação do condutor";"Queda de ocupante de veículo";"Com Vítimas Feridas";"Pleno dia";"Crescente";"Céu Claro";"Dupla";"Curva";"Não";1;0;1;0;0;0;1;1;-14,70513;-56,32162;"SPRF-MT";"DEL01-MT";"UOP01-DEL01-MT"
750172;2026-02-05;"quinta-feira";"07:26:00";"RS";386;79,3;"BOA VISTA DAS MISSOES";"Reação tardia ou ineficiente do condutor";"Saída de leito carroçável";"Com Vítimas Feridas";"Pleno dia";"Crescente";"Céu Claro";"Simples";"Curva";"Não";1;0;1;0;0;0;1;1;-27,6955535;-53,29930656;"SPRF-RS";"DEL08-RS";"UOP02-DEL08-RS"
750174;2026-02-05;"quinta-feira";"09:50:00";"MG";381;533;"ITATIAIUCU";"Velocidade Incompatível";"Capotamento";"Com Vítimas Feridas";"Pleno dia";"Crescente";"Chuva";"Dupla";"Reta";"Não";2;0;2;0;0;0;2;1;-20,170991;-44,373311;"SPRF-MG";"DEL04-MG";"UOP03-DEL04-MG"
750176;2026-02-05;"quinta-feira";"06:20:00";"PI";343;305,5;"ALTOS";"Ausência de reação do condutor";"Saída de leito carroçável";"Com Vítimas Feridas";"Amanhecer";"Crescente";"Céu Claro";"Simples";"Reta";"Sim";5;0;2;1;2;0;3;1;-5,037273;-42,44726;"SPRF-PI";"DEL01-PI";"UOP01-DEL01-PI"
750178;2026-02-05;"quinta-feira";"10:17:00";"PE";101;77,5;"RECIFE";"Acessar a via sem observar a presença dos outros veículos";"Colisão transversal";"Com Vítimas Feridas";"Pleno dia";"Crescente";"Céu Claro";"Dupla";"Reta;Retorno Regulamentado;Interseção de Vias";"Sim";3;0;1;0;2;0;1;2;-8,13125;-34,94548;"SPRF-PE";"DEL01-PE";"UOP01-DEL01-PE"
750179;2026-02-05;"quinta-feira";"09:15:00";"MG";116;562,1;"MANHUACU";"Ausência de reação do condutor";"Colisão traseira";"Sem Vítimas";"Pleno dia";"Decrescente";"Céu Claro";"Simples";"Reta";"Sim";2;0;0;0;2;0;0;2;-20,04585944;-42,17923165;"SPRF-MG";"DEL06-MG";"UOP03-DEL06-MG"
750180;2026-02-05;"quinta-feira";"05:00:00";"RJ";101;305;"SAO GONCALO";"Animais na Pista";"Atropelamento de Animal";"Com Vítimas Fatais";"Amanhecer";"Decrescente";"Nublado";"Dupla";"Reta";"Sim";1;1;0;0;0;0;0;1;-22,78456273;-42,98483418;"SPRF-RJ";"DEL02-RJ";"UOP02-DEL02-RJ"
750181;2026-02-05;"quinta-feira";"10:20:00";"PE";101;69;"RECIFE";"Condutor deixou de manter distância do veículo da frente";"Colisão traseira";"Com Vítimas Feridas";"Pleno dia";"Crescente";"Céu Claro";"Dupla";"Reta";"Sim";2;0;1;0;1;0;1;2;-8,0643392;-34,94400144;"SPRF-PE";"DEL01-PE";"UOP01-DEL01-PE"
750184;2026-02-05;"quinta-feira";"09:40:00";"PR";153;329;"IRATI";"Reação tardia ou ineficiente do condutor";"Colisão com objeto";"Sem Vítimas";"Pleno dia";"Decrescente";"Céu Claro";"Simples";"Reta";"Sim";1;0;0;0;1;0;0;1;-25,457377;-50,620432;"SPRF-PR";"DEL08-PR";"UOP02-DEL08-PR"
750185;2026-02-05;"quinta-feira";"10:58:00";"PE";101;37;"ITAPISSUMA";"Acesso irregular";"Colisão lateral mesmo sentido";"Com Vítimas Feridas";"Pleno dia";"Crescente";"Céu Claro";"Dupla";"Reta";"Não";3;0;2;0;1;0;2;2;-7,7980519;-34,9270535;"SPRF-PE";"DEL01-PE";"UOP02-DEL01-PE"
750186;2026-02-05;"quinta-feira";"08:40:00";"ES";262;0,5;"CARIACICA";"Objeto estático sobre o leito carroçável";"Colisão com objeto";"Com Vítimas Feridas";"Pleno dia";"Decrescente";"Nublado";"Dupla";"Reta";"Sim";1;0;1;0;0;0;1;1;-20,32724306;-40,35518646;"SPRF-ES";"DEL01-ES";"UOP01-DEL01-ES"
750190;2026-02-05;"quinta-feira";"11:00:00";"DF";70;10,8;"BRASILIA";"Acessar a via sem observar a presença dos outros veículos";"Colisão transversal";"Com Vítimas Feridas";"Pleno dia";"Decrescente";"Céu Claro";"Múltipla";"Reta;Retorno Regulamentado";"Não";3;0;2;0;1;0;2;2;-15,79496;-48,1991906;"SPRF-DF";"DEL03-DF";"UOP02-DEL03-DF"
750191;2026-02-05;"quinta-feira";"11:15:00";"SC";470;67,5;"INDAIAL";"Desrespeitar a preferência no cruzamento";"Colisão transversal";"Com Vítimas Feridas";"Pleno dia";"Decrescente";"Céu Claro";"Simples";"Interseção de Vias";"Não";2;0;1;0;1;0;1;2;-26,875299;-49,23603093;"SPRF-SC";"DEL04-SC";"UOP01-DEL04-SC"
750192;2026-02-05;"quinta-feira";"10:20:00";"PR";376;598,9;"CURITIBA";"Condutor deixou de manter distância do veículo da frente";"Colisão traseira";"Com Vítimas Feridas";"Pleno dia";"Decrescente";"Sol";"Dupla";"Reta";"Sim";2;0;1;0;1;0;1;2;-25,492672;-49,343914;"SPRF-PR";"DEL01-PR";"UOP03-DEL01-PR"
750195;2026-02-05;"quinta-feira";"11:50:00";"SP";116;218;"GUARULHOS";"Ausência de reação do condutor";"Queda de ocupante de veículo";"Com Vítimas Feridas";"Pleno dia";"Crescente";"Céu Claro";"Múltipla";"Reta";"Sim";2;0;2;0;0;0;2;1;-23,458325;-46,481715;"SPRF-SP";"DEL01-SP";"UOP01-DEL01-SP"
750197;2026-02-05;"quinta-feira";"12:00:00";"RS";116;245;"SAO LEOPOLDO";"Ausência de reação do condutor";"Colisão transversal";"Sem Vítimas";"Pleno dia";"Decrescente";"Céu Claro";"Dupla";"Interseção de Vias";"Sim";2;0;0;0;2;0;0;2;-29,75410453;-51,15127087;"SPRF-RS";"DEL01-RS";"UOP02-DEL01-RS"
750198;2026-02-05;"quinta-feira";"12:00:00";"RJ";116;175;"SAO JOAO DE MERITI";"Acessar a via sem observar a presença dos outros veículos";"Colisão traseira";"Com Vítimas Feridas";"Pleno dia";"Crescente";"Céu Claro";"Dupla";"Reta";"Não";3;0;1;0;2;0;1;2;-22,78314547;-43,38500977;"SPRF-RJ";"DEL06-RJ";"UOP01-DEL06-RJ"
750199;2026-02-05;"quinta-feira";"10:30:00";"MG";116;421,8;"ALPERCATA";"Condutor deixou de manter distância do veículo da frente";"Colisão traseira";"Com Vítimas Feridas";"Pleno dia";"Crescente";"Nublado";"Simples";"Reta";"Não";2;0;0;1;1;0;1;2;-18,94590745;-41,9506073;"SPRF-MG";"DEL06-MG";"UOP01-DEL06-MG"
750201;2026-02-05;"quinta-feira";"11:05:00";"PR";376;275;"MARILANDIA DO SUL";"Reação tardia ou ineficiente do condutor";"Saída de leito carroçável";"Com Vítimas Feridas";"Pleno dia";"Crescente";"Sol";"Dupla";"Reta";"Não";1;0;0;1;0;0;1;1;-23,797019;-51,262486;"SPRF-PR";"DEL07-PR";"UOP02-DEL07-PR"
750205;2026-02-05;"quinta-feira";"12:55:00";"SP";488;4,5;"APARECIDA";"Ausência de reação do condutor";"Colisão traseira";"Com Vítimas Feridas";"Pleno dia";"Crescente";"Garoa/Chuvisco";"Dupla";"Reta";"Sim";2;0;1;0;1;0;1;2;-22,857779;-45,247063;"SPRF-SP";"DEL08-SP";"UOP01-DEL08-SP"
750206;2026-02-05;"quinta-feira";"13:10:00";"ES";101;159,9;"LINHARES";"Acessar a via sem observar a presença dos outros veículos";"Colisão transversal";"Com Vítimas Feridas";"Pleno dia";"Decrescente";"Céu Claro";"Simples";"Reta";"Sim";3;0;1;0;2;0;1;2;-19,476687;-40,113988;"SPRF-ES";"DEL04-ES";"UOP01-DEL04-ES"
750207;2026-02-05;"quinta-feira";"10:25:00";"PE";101;51;"PAULISTA";"Acesso irregular";"Colisão lateral mesmo sentido";"Com Vítimas Feridas";"Pleno dia";"Decrescente";"Céu Claro";"Dupla";"Reta;Interseção de Vias";"Não";3;0;1;0;2;0;1;2;-7,9208853;-34,893867;"SPRF-PE";"DEL01-PE";"UOP02-DEL01-PE"
750208;2026-02-05;"quinta-feira";"12:50:00";"SC";282;4,7;"SAO JOSE";"Condutor deixou de manter distância do veículo da frente";"Colisão traseira";"Com Vítimas Feridas";"Pleno dia";"Crescente";"Céu Claro";"Múltipla";"Reta;Declive";"Sim";3;0;1;0;2;0;1;3;-27,59286742;-48,60349115;"SPRF-SC";"DEL01-SC";"UOP01-DEL01-SC"
750209;2026-02-05;"quinta-feira";"13:00:00";"MG";40;124;"PARACATU";"Acumulo de água sobre o pavimento";"Saída de leito carroçável";"Com Vítimas Feridas";"Pleno dia";"Crescente";"Garoa/Chuvisco";"Simples";"Reta;Declive";"Não";1;0;1;0;0;0;1;1;-17,41502079;-46,71603268;"SPRF-MG";"DEL14-MG";"UOP01-DEL14-MG"
750212;2026-01-01;"quinta-feira";"18:00:00";"RJ";101;454,6;"MANGARATIBA";"Condutor deixou de manter distância do veículo da frente";"Colisão traseira";"Com Vítimas Feridas";"Pleno dia";"Crescente";"Nublado";"Simples";"Reta";"Sim";3;0;1;0;2;0;1;2;-23,0334717;-44,1551389;"SPRF-RJ";"DEL03-RJ";"UOP02-DEL03-RJ"
750213;2026-02-05;"quinta-feira";"10:30:00";"MA";226;193;"PRESIDENTE DUTRA";"Acessar a via sem observar a presença dos outros veículos";"Colisão transversal";"Com Vítimas Fatais";"Pleno dia";"Crescente";"Céu Claro";"Simples";"Reta";"Não";3;1;0;0;1;1;0;3;-5,30224544;-44,4115448;"SPRF-MA";"DEL06-MA";"UOP01-DEL06-MA"
750214;2026-02-05;"quinta-feira";"12:21:00";"PR";272;366;"CAMPO MOURAO";"Acessar a via sem observar a presença dos outros veículos";"Colisão transversal";"Com Vítimas Feridas";"Pleno dia";"Decrescente";"Céu Claro";"Dupla";"Reta";"Não";3;0;0;2;1;0;2;2;-24,04857693;-52,3971769;"SPRF-PR";"DEL09-PR";"UOP03-DEL09-PR"
750215;2026-02-05;"quinta-feira";"12:15:00";"PB";230;22,2;"JOAO PESSOA";"Avarias e/ou desgaste excessivo no pneu";"Tombamento";"Com Vítimas Feridas";"Pleno dia";"Crescente";"Céu Claro";"Dupla";"Reta";"Sim";1;0;1;0;0;0;1;1;-7,15318;-34,85491;"SPRF-PB";"DEL01-PB";"UOP01-DEL01-PB"
750217;2026-02-05;"quinta-feira";"13:20:00";"RO";319;143;"PORTO VELHO";"Ausência de reação do condutor";"Queda de ocupante de veículo";"Com Vítimas Feridas";"Pleno dia";"Crescente";"Chuva";"Dupla";"Reta";"Não";2;0;2;0;0;0;2;2;-8,76297017;-63,88527274;"SPRF-RO";"DEL01-RO";"UOP01-DEL01-RO"
750219;2026-02-02;"segunda-feira";"07:20:00";"SC";101;46,7;"JOINVILLE";"Ausência de reação do condutor";"Colisão traseira";"Com Vítimas Feridas";"Amanhecer";"Decrescente";"Céu Claro";"Simples";"Reta";"Sim";2;0;1;0;1;0;1;2;-26,36451896;-48,85843126;"SPRF-SC";"DEL03-SC";"UOP01-DEL03-SC"
750222;2026-02-05;"quinta-feira";"14:25:00";"SP";116;221;"GUARULHOS";"Ausência de reação do condutor";"Queda de ocupante de veículo";"Sem Vítimas";"Pleno dia";"Decrescente";"Nublado";"Múltipla";"Reta";"Sim";2;0;0;0;0;2;0;1;-23,47559815;-46,5246609;"SPRF-SP";"DEL01-SP";"UOP01-DEL01-SP"
750224;2026-02-05;"quinta-feira";"12:00:00";"SC";101;91;"BARRA VELHA";"Transitar na contramão";"Colisão transversal";"Com Vítimas Feridas";"Pleno dia";"Decrescente";"Sol";"Simples";"Interseção de Vias";"Sim";2;0;1;0;1;0;1;2;-26,680771;-48,692903;"SPRF-SC";"DEL03-SC";"UOP02-DEL03-SC"
750226;2026-02-05;"quinta-feira";"15:00:00";"SC";101;145;"ITAPEMA";"Trafegar com motocicleta (ou similar) entre as faixas";"Colisão lateral mesmo sentido";"Com Vítimas Feridas";"Pleno dia";"Decrescente";"Sol";"Dupla";"Reta";"Sim";2;0;2;0;0;0;2;2;-27,085782;-48,607;"SPRF-SC";"DEL04-SC";"UOP03-DEL04-SC"
750227;2026-01-16;"sexta-feira";"19:35:00";"SC";282;3,5;"FLORIANOPOLIS";"Manobra de mudança de faixa";"Colisão lateral mesmo sentido";"Com Vítimas Feridas";"Plena Noite";"Crescente";"Céu Claro";"Dupla";"Curva";"Não";2;0;1;0;1;0;1;2;-27,595322;-48,601271;"SPRF-SC";"DEL01-SC";"UOP01-DEL01-SC"
750228;2026-02-05;"quinta-feira";"15:15:00";"PR";116;122;"CURITIBA";"Ausência de reação do condutor";"Colisão traseira";"Com Vítimas Feridas";"Pleno dia";"Decrescente";"Céu Claro";"Dupla";"Reta";"Sim";2;0;0;1;1;0;1;2;-25,60456933;-49,31824772;"SPRF-PR";"DEL01-PR";"UOP03-DEL01-PR"
750229;2026-02-05;"quinta-feira";"06:50:00";"SP";116;461;"PARIQUERA-ACU";"Chuva";"Queda de ocupante de veículo";"Com Vítimas Feridas";"Pleno dia";"Decrescente";"Chuva";"Simples";"Declive;Curva";"Não";1;0;1;0;0;0;1;1;-24,62097925;-47,89277825;"SPRF-SP";"DEL05-SP";"UOP01-DEL05-SP"
750230;2026-02-05;"quinta-feira";"11:45:00";"SP";381;86,3;"SAO PAULO";"Ausência de reação do condutor";"Queda de ocupante de veículo";"Com Vítimas Feridas";"Pleno dia";"Decrescente";"Céu Claro";"Dupla";"Reta";"Sim";1;0;0;1;0;0;1;1;-23,46605119;-46,57026172;"SPRF-SP";"DEL03-SP";"UOP01-DEL03-SP"
750231;2026-02-05;"quinta-feira";"14:45:00";"PR";116;18;"CURITIBA";"Condutor deixou de manter distância do veículo da frente";"Colisão traseira";"Com Vítimas Feridas";"Pleno dia";"Crescente";"Céu Claro";"Dupla";"Aclive";"Sim";2;0;1;0;1;0;1;2;-25,38901255;-49,19971554;"SPRF-PR";"DEL01-PR";"UOP02-DEL01-PR"
750232;2026-02-05;"quinta-feira";"12:50:00";"MT";174;4;"PONTES E LACERDA";"Reação tardia ou ineficiente do condutor";"Colisão traseira";"Com Vítimas Feridas";"Pleno dia";"Crescente";"Garoa/Chuvisco";"Simples";"Reta";"Sim";2;0;1;0;1;0;1;2;-15,23827033;-59,3387568;"SPRF-MT";"DEL04-MT";"UOP01-DEL04-MT"
750234;2026-01-27;"terça-feira";"22:00:00";"RJ";356;173;"SAO JOAO DA BARRA";"Ingestão de substâncias psicoativas pelo condutor";"Colisão traseira";"Com Vítimas Fatais";"Plena Noite";"Decrescente";"Céu Claro";"Simples";"Reta";"Não";3;2;1;0;0;0;1;2;-21,71840072;-41,06994152;"SPRF-RJ";"DEL08-RJ";"UOP02-DEL08-RJ"
750236;2026-02-05;"quinta-feira";"16:09:00";"PE";101;43,6;"IGARASSU";"Animais na Pista";"Tombamento";"Com Vítimas Feridas";"Pleno dia";"Decrescente";"Céu Claro";"Múltipla";"Reta";"Sim";1;0;1;0;0;0;1;1;-7,854038;-34,908973;"SPRF-PE";"DEL01-PE";"UOP02-DEL01-PE"
750238;2026-02-05;"quinta-feira";"15:20:00";"SC";282;3,7;"FLORIANOPOLIS";"Condutor deixou de manter distância do veículo da frente";"Colisão traseira";"Com Vítimas Feridas";"Pleno dia";"Crescente";"Céu Claro";"Dupla";"Reta";"Sim";3;0;1;0;2;0;1;2;-27,59273994;-48,60385895;"SPRF-SC";"DEL01-SC";"UOP01-DEL01-SC"
750239;2026-02-05;"quinta-feira";"13:10:00";"MG";116;689,9;"MURIAE";"Condutor Dormindo";"Colisão com objeto";"Com Vítimas Feridas";"Pleno dia";"Decrescente";"Nublado";"Simples";"Reta;Declive";"Não";1;0;1;0;0;0;1;1;-21,020853;-42,361619;"SPRF-MG";"DEL07-MG";"UOP02-DEL07-MG"
750240;2026-02-05;"quinta-feira";"14:00:00";"CE";222;308;"TIANGUA";"Chuva";"Tombamento";"Sem Vítimas";"Pleno dia";"Decrescente";"Chuva";"Dupla";"Reta";"Sim";1;0;0;0;1;0;0;1;-3,70404769;-40,97617149;"SPRF-CE";"DEL04-CE";"UOP02-DEL04-CE"
750241;2026-02-05;"quinta-feira";"13:00:00";"PR";373;254;"GUAMIRANGA";"Ingestão de álcool pelo condutor";"Saída de leito carroçável";"Com Vítimas Feridas";"Pleno dia";"Decrescente";"Céu Claro";"Simples";"Aclive;Curva";"Não";1;0;0;1;0;0;1;1;-25,187608;-50,89549395;"SPRF-PR";"DEL03-PR";"UOP01-DEL03-PR"
750242;2026-02-05;"quinta-feira";"15:42:00";"BA";101;708;"EUNAPOLIS";"Ausência de reação do condutor";"Saída de leito carroçável";"Sem Vítimas";"Pleno dia";"Decrescente";"Céu Claro";"Simples";"Reta";"Não";1;0;0;0;1;0;0;1;-16,28570481;-39,58374023;"SPRF-BA";"DEL09-BA";"UOP01-DEL09-BA"
750243;2026-02-05;"quinta-feira";"15:00:00";"RO";364;702;"PORTO VELHO";"Avarias e/ou desgaste excessivo no pneu";"Queda de ocupante de veículo";"Com Vítimas Feridas";"Pleno dia";"Crescente";"Nublado";"Dupla";"Reta";"Não";2;0;2;0;0;0;2;1;-8,80035558;-63,79007276;"SPRF-RO";"DEL01-RO";"UOP01-DEL01-RO"
750246;2026-02-05;"quinta-feira";"15:37:00";"SC";163;71,2;"SAO MIGUEL DO OESTE";"Desrespeitar a preferência no cruzamento";"Colisão transversal";"Com Vítimas Feridas";"Pleno dia";"Decrescente";"Céu Claro";"Dupla";"Reta;Interseção de Vias;Retorno Regulamentado";"Sim";2;0;1;0;1;0;1;2;-26,7266105;-53,5128768;"SPRF-SC";"DEL07-SC";"UOP03-DEL07-SC"
750247;2026-02-05;"quinta-feira";"16:15:00";"PR";163;280;"MARECHAL CANDIDO RONDON";"Acumulo de areia ou detritos sobre o pavimento";"Queda de ocupante de veículo";"Com Vítimas Feridas";"Pleno dia";"Decrescente";"Sol";"Simples";"Rotatória";"Não";1;0;1;0;0;0;1;1;-24,50580096;-54,12924707;"SPRF-PR";"DEL06-PR";"UOP02-DEL06-PR"
750251;2026-02-05;"quinta-feira";"16:30:00";"RJ";101;428;"ANGRA DOS REIS";"Ausência de reação do condutor";"Saída de leito carroçável";"Com Vítimas Feridas";"Pleno dia";"Decrescente";"Chuva";"Simples";"Curva";"Não";1;0;0;1;0;0;1;1;-23,02192003;-44,53617096;"SPRF-RJ";"DEL03-RJ";"UOP02-DEL03-RJ"
750254;2026-02-05;"quinta-feira";"14:50:00";"BA";324;586;"CANDEIAS";"Condutor Dormindo";"Queda de ocupante de veículo";"Com Vítimas Feridas";"Pleno dia";"Decrescente";"Céu Claro";"Dupla";"Reta";"Não";2;0;2;0;0;0;2;1;-12,65571553;-38,47241588;"SPRF-BA";"DEL01-BA";"UOP01-DEL01-BA"
750256;2026-02-05;"quinta-feira";"17:40:00";"MG";40;825,5;"SIMAO PEREIRA";"Pista Escorregadia";"Tombamento";"Com Vítimas Feridas";"Pleno dia";"Decrescente";"Nublado";"Dupla";"Curva;Retorno Regulamentado;Aclive";"Não";1;0;1;0;0;0;1;1;-21,98566881;-43,28139989;"SPRF-MG";"DEL05-MG";"UOP01-DEL05-MG"
750258;2026-02-05;"quinta-feira";"18:10:00";"ES";101;146;"LINHARES";"Ausência de reação do condutor";"Colisão traseira";"Com Vítimas Feridas";"Anoitecer";"Crescente";"Céu Claro";"Múltipla";"Reta";"Não";2;0;1;0;1;0;1;2;-19,374903;-40,066429;"SPRF-ES";"DEL04-ES";"UOP01-DEL04-ES"
750260;2026-02-05;"quinta-feira";"17:20:00";"RS";471;150,5;"SANTA CRUZ DO SUL";"Desrespeitar a preferência no cruzamento";"Colisão transversal";"Com Vítimas Feridas";"Pleno dia";"Decrescente";"Sol";"Simples";"Interseção de Vias";"Não";2;0;1;0;1;0;1;2;-29,77904917;-52,4157056;"SPRF-RS";"DEL02-RS";"UOP03-DEL02-RS"
750261;2026-02-05;"quinta-feira";"17:30:00";"SP";116;55,6;"LORENA";"Ausência de reação do condutor";"Colisão traseira";"Com Vítimas Feridas";"Pleno dia";"Crescente";"Nublado";"Dupla";"Reta";"Não";2;0;1;0;1;0;1;2;-22,7664943;-45,1270896;"SPRF-SP";"DEL08-SP";"UOP02-DEL08-SP"
750262;2026-02-05;"quinta-feira";"15:35:00";"SC";153;104,6;"CONCORDIA";"Mal súbito do condutor";"Saída de leito carroçável";"Com Vítimas Fatais";"Pleno dia";"Crescente";"Céu Claro";"Simples";"Curva";"Não";1;1;0;0;0;0;0;1;-27,28599;-51,9689;"SPRF-SC";"DEL07-SC";"UOP04-DEL07-SC"
750263;2026-02-05;"quinta-feira";"18:05:00";"PB";230;16,3;"JOAO PESSOA";"Manobra de mudança de faixa";"Colisão traseira";"Com Vítimas Feridas";"Plena Noite";"Crescente";"Garoa/Chuvisco";"Dupla";"Reta";"Sim";2;0;1;0;0;1;1;2;-7,10498558;-34,84489828;"SPRF-PB";"DEL01-PB";"UOP01-DEL01-PB"
750264;2026-02-05;"quinta-feira";"16:15:00";"MG";365;357,9;"VARJAO DE MINAS";"Reação tardia ou ineficiente do condutor";"Saída de leito carroçável";"Com Vítimas Feridas";"Pleno dia";"Decrescente";"Chuva";"Simples";"Reta";"Não";3;0;2;0;1;0;2;1;-18,49086;-46,10024;"SPRF-MG";"DEL10-MG";"UOP01-DEL10-MG"
750269;2026-02-05;"quinta-feira";"18:00:00";"DF";60;0,5;"BRASILIA";"Manobra de mudança de faixa";"Colisão lateral mesmo sentido";"Com Vítimas Feridas";"Pleno dia";"Crescente";"Chuva";"Dupla";"Reta";"Sim";4;0;1;0;3;0;1;3;-15,882868;-48,06291;"SPRF-DF";"DEL03-DF";"UOP01-DEL03-DF"
750271;2026-02-05;"quinta-feira";"18:30:00";"PI";343;344;"TERESINA";"Ausência de reação do condutor";"Colisão transversal";"Com Vítimas Feridas";"Plena Noite";"Crescente";"Céu Claro";"Simples";"Reta";"Sim";3;0;2;0;0;1;2;2;-5,09481505;-42,76263523;"SPRF-PI";"DEL01-PI";"UOP01-DEL01-PI"
750272;2026-02-05;"quinta-feira";"19:00:00";"PB";230;16,3;"JOAO PESSOA";"Reação tardia ou ineficiente do condutor";"Engavetamento";"Sem Vítimas";"Plena Noite";"Crescente";"Garoa/Chuvisco";"Dupla";"Reta;Declive";"Sim";4;0;0;0;4;0;0;4;-7,10498558;-34,84489828;"SPRF-PB";"DEL01-PB";"UOP01-DEL01-PB"
750274;2026-02-05;"quinta-feira";"18:11:00";"SC";470;26,3;"ILHOTA";"Ultrapassagem Indevida";"Colisão lateral mesmo sentido";"Com Vítimas Feridas";"Anoitecer";"Decrescente";"Céu Claro";"Dupla";"Reta";"Não";3;0;1;0;2;0;1;2;-26,890451;-48,883112;"SPRF-SC";"DEL04-SC";"UOP04-DEL04-SC"
750275;2026-02-05;"quinta-feira";"18:30:00";"MA";135;12,9;"SAO LUIS";"Acessar a via sem observar a presença dos outros veículos";"Colisão transversal";"Com Vítimas Feridas";"Plena Noite";"Crescente";"Nublado";"Dupla";"Reta";"Sim";2;0;0;1;1;0;1;2;-2,67967268;-44,2948797;"SPRF-MA";"DEL01-MA";"UOP01-DEL01-MA"
750276;2026-02-05;"quinta-feira";"18:30:00";"SC";282;17;"PALHOCA";"Condutor deixou de manter distância do veículo da frente";"Colisão lateral mesmo sentido";"Com Vítimas Feridas";"Anoitecer";"Decrescente";"Nublado";"Simples";"Reta";"Sim";3;0;0;2;1;0;2;2;-27,6587906;-48,6760225;"SPRF-SC";"DEL01-SC";"UOP02-DEL01-SC"
750277;2026-02-05;"quinta-feira";"18:35:00";"PE";232;412;"SERRA TALHADA";"Transitar na contramão";"Colisão frontal";"Com Vítimas Feridas";"Plena Noite";"Crescente";"Nublado";"Simples";"Reta";"Sim";3;0;0;1;2;0;1;2;-7,987838;-38,328582;"SPRF-PE";"DEL04-PE";"UOP01-DEL04-PE"
750280;2026-02-05;"quinta-feira";"18:00:00";"PE";232;45;"VITORIA DE SANTO ANTAO";"Pedestre andava na pista";"Atropelamento de Pedestre";"Com Vítimas Fatais";"Plena Noite";"Decrescente";"Céu Claro";"Dupla";"Reta;Declive";"Sim";2;1;0;0;1;0;0;2;-8,128997;-35,28259;"SPRF-PE";"DEL02-PE";"UOP02-DEL02PE"
750281;2026-02-05;"quinta-feira";"19:30:00";"ES";101;259;"SERRA";"Trafegar com motocicleta (ou similar) entre as faixas";"Tombamento";"Com Vítimas Feridas";"Plena Noite";"Decrescente";"Nublado";"Simples";"Aclive";"Não";2;0;0;1;0;1;1;2;-20,14647225;-40,28686523;"SPRF-ES";"DEL02-ES";"UOP01-DEL02-ES"
750282;2026-02-05;"quinta-feira";"19:15:00";"GO";60;170;"GOIANIA";"Animais na Pista";"Atropelamento de Animal";"Com Vítimas Feridas";"Plena Noite";"Crescente";"Céu Claro";"Dupla";"Curva";"Sim";2;0;2;0;0;0;2;1;-16,737272;-49,406453;"SPRF-GO";"DEL01-GO";"UOP02-DEL01-GO"
750283;2026-02-05;"quinta-feira";"14:45:00";"MS";262;195;"RIBAS DO RIO PARDO";"Reação tardia ou ineficiente do condutor";"Saída de leito carroçável";"Com Vítimas Feridas";"Pleno dia";"Decrescente";"Céu Claro";"Dupla";"Reta;Aclive";"Não";2;0;1;0;1;0;1;1;-20,45324;-53,338713;"SPRF-MS";"DEL01-MS";"UOP05-DEL01-MS"
750285;2026-02-05;"quinta-feira";"20:15:00";"PA";316;64,2;"CASTANHAL";"Ausência de reação do condutor";"Colisão transversal";"Com Vítimas Feridas";"Plena Noite";"Decrescente";"Céu Claro";"Dupla";"Reta";"Sim";3;0;1;1;1;0;2;2;-1,296008;-47,917302;"SPRF-PA";"DEL01-PA";"UOP01-DEL01-PA"
750286;2026-02-05;"quinta-feira";"17:20:00";"MG";381;239,9;"SANTANA DO PARAISO";"Velocidade Incompatível";"Saída de leito carroçável";"Com Vítimas Feridas";"Pleno dia";"Decrescente";"Céu Claro";"Simples";"Reta";"Não";4;0;3;0;1;0;3;1;-19,44490308;-42,51296997;"SPRF-MG";"DEL06-MG";"UOP01-DEL06-MG"