"id";"data_inversa";"dia_semana";"horario";"uf";"br";"km";"municipio";"causa_acidente";"tipo_acidente";"classificacao_acidente";"fase_dia";"sentido_via";"condicao_metereologica";"tipo_pista";"tracado_via";"uso_solo";"pessoas";"mortos";"feridos_leves";"feridos_graves";"ilesos";"ignorados";"feridos";"veiculos";"latitude";"longitude";"regional";"delegacia";"uop"
750429;2026-02-06;"sexta-feira";"14:15:00";"GO";60;92;"ANAPOLIS";"Velocidade Incompatível";"Saída de leito carroçável";"Sem Vítimas";"Pleno dia";"Decrescente";"Chuva";"Dupla";"Reta";"Sim";1;0;0;0;0;1;0;1;-16,348241;-48,908501;"SPRF-GO";"DEL02-GO";"UOP01-DEL02-GO"
750431;2026-02-06;"sexta-feira";"13:50:00";"SC";153;89,6;"CONCORDIA";"Condutor deixou de manter distância do veículo da frente";"Colisão traseira";"Com Vítimas Feridas";"Pleno dia";"Crescente";"Céu Claro";"Simples";"Rotatória";"Sim";2;0;1;0;1;0;1;2;-27,19162841;-51,93597617;"SPRF-SC";"DEL07-SC";"UOP04-DEL07-SC"
750432;2026-02-06;"sexta-feira";"13:30:00";"RJ";101;477;"ANGRA DOS REIS";"Reação tardia ou ineficiente do condutor";"Colisão frontal";"Com Vítimas Feridas";"Pleno dia";"Crescente";"Céu Claro";"Simples";"Curva";"Sim";2;0;1;0;1;0;1;2;-22,989899;-44,241966;"SPRF-RJ";"DEL03-RJ";"UOP03-DEL03-RJ"
750433;2026-02-06;"sexta-feira";"13:30:00";"SE";101;116;"ITAPORANGA DAJUDA";"Reação tardia ou ineficiente do condutor";"Tombamento";"Com Vítimas Feridas";"Pleno dia";"Crescente";"Céu Claro";"Dupla";"Reta";"Sim";1;0;1;0;0;0;1;1;-11,00263;-37,307815;"SPRF-SE";"DEL02-SE";"UOP01-DEL02-SE"
750435;2026-02-06;"sexta-feira";"07:00:00";"MG";262;477,5;"BOM DESPACHO";"Manobra de mudança de faixa";"Colisão lateral mesmo sentido";"Com Vítimas Feridas";"Pleno dia";"Crescente";"Céu Claro";"Simples";"Reta";"Não";1;0;1;0;0;0;1;1;-19,78419;-45,32559;"SPRF-MG";"DEL08-MG";"UOP03-DEL08-MG"
750436;2026-02-06;"sexta-feira";"13:00:00";"MA";230;405;"BALSAS";"Acessar a via sem observar a presença dos outros veículos";"Colisão transversal";"Com Vítimas Feridas";"Pleno dia";"Crescente";"Garoa/Chuvisco";"Simples";"Reta;Retorno Regulamentado";"Sim";2;0;1;0;1;0;1;2;-7,52006525;-46,06319547;"SPRF-MA";"DEL05-MA";"UOP01-DEL05-MA"
750437;2026-02-06;"sexta-feira";"14:15:00";"PR";277;586,4;"CASCAVEL";"Ingestão de álcool pelo condutor";"Colisão com objeto";"Sem Vítimas";"Pleno dia";"Decrescente";"Sol";"Dupla";"Interseção de Vias";"Sim";1;0;0;0;0;1;0;1;-24,96620292;-53,40382436;"SPRF-PR";"DEL04-PR";"UOP01-DEL04-PR"
750438;2026-02-06;"sexta-feira";"12:15:00";"RJ";101;305;"SAO GONCALO";"Reação tardia ou ineficiente do condutor";"Colisão traseira";"Com Vítimas Feridas";"Pleno dia";"Decrescente";"Céu Claro";"Dupla";"Reta";"Sim";2;0;1;0;1;0;1;2;-22,78924764;-42,99874825;"SPRF-RJ";"DEL02-RJ";"UOP02-DEL02-RJ"
750439;2026-02-06;"sexta-feira";"14:30:00";"MG";381;654;"SANTO ANTONIO DO AMPARO";"Velocidade Incompatível";"Saída de leito carroçável";"Com Vítimas Feridas";"Pleno dia";"Decrescente";"Nublado";"Dupla";"Aclive;Curva";"Não";3;0;2;0;1;0;2;1;-21,00073835;-44,96765656;"SPRF-MG";"DEL04-MG";"UOP02-DEL04-MG"
750440;2026-02-06;"sexta-feira";"09:00:00";"RO";364;341;"JI-PARANA";"Ausência de reação do condutor";"Colisão lateral mesmo sentido";"Com Vítimas Feridas";"Pleno dia";"Crescente";"Sol";"Simples";"Curva";"Sim";2;0;1;0;1;0;1;2;-10,886707;-61,933092;"SPRF-RO";"DEL02-RO";"UOP01-DEL02-RO"
750443;2026-01-17;"sábado";"10:50:00";"MG";381;497;"BETIM";"Reação tardia ou ineficiente do condutor";"Tombamento";"Com Vítimas Feridas";"Pleno dia";"Crescente";"Céu Claro";"Múltipla";"Curva";"Sim";1;0;1;0;0;0;1;1;-19,97634;-44,19953;"SPRF-MG";"DEL01-MG";"UOP03-DEL01-MG"
750446;2026-02-06;"sexta-feira";"09:40:00";"RO";174;14;"VILHENA";"Acessar a via sem observar a presença dos outros veículos";"Colisão transversal";"Com Vítimas Feridas";"Pleno dia";"Decrescente";"Céu Claro";"Dupla";"Reta";"Não";2;0;1;0;1;0;1;2;-12,73089937;-60,12954623;"SPRF-RO";"DEL04-RO";"UOP01-DEL04-RO"
750449;2026-02-06;"sexta-feira";"15:00:00";"SP";116;221;"GUARULHOS";"Reação tardia ou ineficiente do condutor";"Colisão traseira";"Com Vítimas Feridas";"Pleno dia";"Decrescente";"Garoa/Chuvisco";"Múltipla";"Reta";"Sim";5;0;1;0;4;0;1;2;-23,468358;-46,508238;"SPRF-SP";"DEL01-SP";"UOP01-DEL01-SP"
750450;2026-02-06;"sexta-feira";"12:45:00";"MG";354;737,8;"POUSO ALTO";"Mal súbito do condutor";"Saída de leito carroçável";"Com Vítimas Feridas";"Pleno dia";"Decrescente";"Nublado";"Simples";"Reta";"Não";1;0;1;0;0;0;1;1;-22,204106;-44,962439;"SPRF-MG";"DEL17-MG";"UOP01-DEL17-MG"
750451;2026-02-06;"sexta-feira";"14:20:00";"PB";101;104;"ALHANDRA";"Chuva";"Tombamento";"Com Vítimas Feridas";"Pleno dia";"Crescente";"Chuva";"Dupla";"Aclive";"Não";1;0;1;0;0;0;1;1;-7,30446664;-34,9413691;"SPRF-PB";"DEL01-PB";"UOP01-DEL01-PB"
750452;2026-02-06;"sexta-feira";"15:30:00";"RJ";116;177;"SAO JOAO DE MERITI";"Ausência de reação do condutor";"Colisão lateral mesmo sentido";"Com Vítimas Feridas";"Pleno dia";"Crescente";"Nublado";"Múltipla";"Reta";"Não";3;0;2;0;1;0;2;2;-22,7835028;-43,380694;"SPRF-RJ";"DEL06-RJ";"UOP01-DEL06-RJ"
750453;2026-02-06;"sexta-feira";"15:10:00";"RS";472;187,4;"SANTO CRISTO";"Acessar a via sem observar a presença dos outros veículos";"Colisão traseira";"Com Vítimas Feridas";"Pleno dia";"Crescente";"Céu Claro";"Simples";"Curva;Interseção de Vias;Declive";"Não";4;0;2;0;2;0;2;2;-27,83793764;-54,63170528;"SPRF-RS";"DEL10-RS";"UOP01-DEL10-RS"
750455;2026-02-06;"sexta-feira";"15:10:00";"SP";101;16;"UBATUBA";"Reação tardia ou ineficiente do condutor";"Saída de leito carroçável";"Sem Vítimas";"Pleno dia";"Decrescente";"Chuva";"Simples";"Reta";"Não";2;0;0;0;2;0;0;1;-23,338032;-44,877918;"SPRF-SP";"DEL06-SP";"UOP01-DEL06-SP"
750458;2026-02-06;"sexta-feira";"15:00:00";"PR";272;380;"ARARUNA";"Ultrapassagem Indevida";"Saída de leito carroçável";"Com Vítimas Feridas";"Pleno dia";"Crescente";"Céu Claro";"Simples";"Reta";"Não";1;0;1;0;0;0;1;1;-24,06119604;-52,52105204;"SPRF-PR";"DEL09-PR";"UOP03-DEL09-PR"
750461;2026-02-06;"sexta-feira";"14:50:00";"PR";116;112;"CURITIBA";"Trafegar com motocicleta (ou similar) entre as faixas";"Colisão traseira";"Com Vítimas Feridas";"Pleno dia";"Crescente";"Céu Claro";"Dupla";"Reta";"Não";2;0;1;0;1;0;1;2;-25,55646453;-49,27104056;"SPRF-PR";"DEL01-PR";"UOP03-DEL01-PR"
750462;2026-02-02;"segunda-feira";"18:40:00";"PE";428;187;"PETROLINA";"Entrada inopinada do pedestre";"Atropelamento de Pedestre";"Com Vítimas Feridas";"Anoitecer";"Decrescente";"Céu Claro";"Dupla";"Curva;Rotatória";"Sim";6;0;2;0;4;0;2;2;-9,37451583;-40,48783779;"SPRF-PE";"DEL06-PE";"UOP01-DEL06-PE"
750463;2026-02-06;"sexta-feira";"15:50:00";"SP";101;46;"UBATUBA";"Acessar a via sem observar a presença dos outros veículos";"Colisão transversal";"Com Vítimas Feridas";"Pleno dia";"Decrescente";"Chuva";"Simples";"Reta";"Sim";2;0;2;0;0;0;2;2;-23,4290292;-45,08138585;"SPRF-SP";"DEL06-SP";"UOP01-DEL06-SP"
750464;2026-02-06;"sexta-feira";"16:15:00";"SC";470;65,7;"INDAIAL";"Condutor deixou de manter distância do veículo da frente";"Colisão lateral mesmo sentido";"Com Vítimas Feridas";"Pleno dia";"Decrescente";"Céu Claro";"Simples";"Reta;Em Obras";"Sim";5;0;1;0;4;0;1;2;-26,87093;-49,21896;"SPRF-SC";"DEL04-SC";"UOP01-DEL04-SC"
750465;2026-02-06;"sexta-feira";"15:20:00";"RO";364;525,2;"ARIQUEMES";"Ultrapassagem Indevida";"Colisão lateral sentido oposto";"Com Vítimas Feridas";"Pleno dia";"Decrescente";"Céu Claro";"Simples";"Reta";"Não";2;0;0;1;1;0;1;2;-9,83413;-63,067293;"SPRF-RO";"DEL03-RO";"UOP01-DEL03-RO"
750466;2026-02-06;"sexta-feira";"16:30:00";"MG";40;528;"CONTAGEM";"Velocidade Incompatível";"Colisão lateral mesmo sentido";"Com Vítimas Feridas";"Pleno dia";"Decrescente";"Nublado";"Dupla";"Reta;Declive";"Não";2;0;1;0;1;0;1;2;-19,913461;-44,040886;"SPRF-MG";"DEL01-MG";"UOP02-DEL01-MG"
750469;2026-02-06;"sexta-feira";"16:45:00";"SC";101;145;"ITAPEMA";"Trafegar com motocicleta (ou similar) entre as faixas";"Colisão traseira";"Com Vítimas Feridas";"Pleno dia";"Decrescente";"Sol";"Dupla";"Reta";"Sim";2;0;0;1;1;0;1;2;-27,08559568;-48,6073966;"SPRF-SC";"DEL04-SC";"UOP03-DEL04-SC"
750470;2026-02-06;"sexta-feira";"17:00:00";"SC";282;18;"PALHOCA";"Acessar a via sem observar a presença dos outros veículos";"Colisão transversal";"Com Vítimas Feridas";"Pleno dia";"Crescente";"Céu Claro";"Simples";"Reta";"Sim";3;0;1;0;2;0;1;2;-27,67274428;-48,69419575;"SPRF-SC";"DEL01-SC";"UOP02-DEL01-SC"
750471;2026-02-06;"sexta-feira";"16:40:00";"SC";280;72;"JARAGUA DO SUL";"Ultrapassagem Indevida";"Colisão frontal";"Com Vítimas Feridas";"Pleno dia";"Crescente";"Céu Claro";"Simples";"Aclive;Reta";"Sim";2;0;2;0;0;0;2;2;-26,45975;-49,14877;"SPRF-SC";"DEL03-SC";"UOP03-DEL03-SC"
750473;2026-02-06;"sexta-feira";"17:20:00";"PE";101;68;"RECIFE";"Ausência de reação do condutor";"Colisão lateral mesmo sentido";"Com Vítimas Feridas";"Pleno dia";"Decrescente";"Céu Claro";"Dupla";"Reta";"Sim";2;0;0;2;0;0;2;2;-8,05395;-34,94609;"SPRF-PE";"DEL01-PE";"UOP01-DEL01-PE"
750475;2026-02-02;"segunda-feira";"20:30:00";"PE";232;506,2;"SALGUEIRO";"Conversão proibida";"Colisão transversal";"Sem Vítimas";"Plena Noite";"Crescente";"Céu Claro";"Simples";"Reta";"Sim";2;0;0;0;2;0;0;2;-8,061033;-39,115089;"SPRF-PE";"DEL05-PE";"UOP01-DEL05-PE"
750476;2026-02-06;"sexta-feira";"17:20:00";"SP";381;58;"MAIRIPORA";"Condutor deixou de manter distância do veículo da frente";"Engavetamento";"Com Vítimas Feridas";"Pleno dia";"Decrescente";"Chuva";"Múltipla";"Curva";"Não";3;0;1;0;2;0;1;3;-23,28936476;-46,58771887;"SPRF-SP";"DEL03-SP";"UOP01-DEL03-SP"
750477;2026-02-06;"sexta-feira";"17:10:00";"RS";116;259,5;"CANOAS";"Reação tardia ou ineficiente do condutor";"Colisão traseira";"Com Vítimas Feridas";"Pleno dia";"Decrescente";"Nublado";"Múltipla";"Desvio Temporário;Curva;Em Obras";"Sim";3;0;1;0;2;0;1;2;-29,87214995;-51,17950375;"SPRF-RS";"DEL01-RS";"UOP01-DEL01-RS"
750478;2026-02-06;"sexta-feira";"16:20:00";"RJ";493;122;"ITAGUAI";"Manobra de mudança de faixa";"Colisão lateral mesmo sentido";"Com Vítimas Feridas";"Pleno dia";"Decrescente";"Nublado";"Dupla";"Reta";"Sim";2;0;1;0;0;1;1;2;-22,88521425;-43,82478325;"SPRF-RJ";"DEL03-RJ";"UOP01-DEL03-RJ"
750480;2026-02-06;"sexta-feira";"17:00:00";"SP";116;204;"ARUJA";"Manobra de mudança de faixa";"Colisão traseira";"Com Vítimas Feridas";"Pleno dia";"Decrescente";"Garoa/Chuvisco";"Múltipla";"Reta";"Sim";4;0;1;0;3;0;1;2;-23,41517504;-46,36748521;"SPRF-SP";"DEL01-SP";"UOP01-DEL01-SP"
750482;2026-02-06;"sexta-feira";"17:00:00";"SP";153;61;"SAO JOSE DO RIO PRETO";"Acessar a via sem observar a presença dos outros veículos";"Colisão lateral mesmo sentido";"Com Vítimas Feridas";"Pleno dia";"Crescente";"Sol";"Dupla";"Reta";"Sim";3;0;1;0;2;0;1;2;-20,804366;-49,355966;"SPRF-SP";"DEL09-SP";"UOP01-DEL09-SP"
750483;2026-02-06;"sexta-feira";"14:30:00";"RS";287;367;"JAGUARI";"Ausência de reação do condutor";"Saída de leito carroçável";"Com Vítimas Feridas";"Pleno dia";"Decrescente";"Céu Claro";"Simples";"Curva";"Não";2;0;2;0;0;0;2;1;-29,409118;-54,732552;"SPRF-RS";"DEL12-RS";"UOP02-DEL12-RS"
750484;2026-02-06;"sexta-feira";"17:35:00";"RS";153;51,6;"ERECHIM";"Condutor deixou de manter distância do veículo da frente";"Colisão traseira";"Com Vítimas Feridas";"Pleno dia";"Decrescente";"Céu Claro";"Simples";"Reta;Declive";"Sim";3;0;1;0;2;0;1;3;-27,65590294;-52,27279609;"SPRF-RS";"DEL08-RS";"UOP04-DEL08-RS"
750485;2026-02-06;"sexta-feira";"16:30:00";"PR";116;112;"CURITIBA";"Acessar a via sem observar a presença dos outros veículos";"Colisão lateral mesmo sentido";"Sem Vítimas";"Pleno dia";"Crescente";"Sol";"Dupla";"Reta";"Sim";3;0;0;0;3;0;0;2;-25,5532763;-49,2765331;"SPRF-PR";"DEL01-PR";"UOP03-DEL01-PR"
750486;2026-02-06;"sexta-feira";"17:30:00";"SC";282;4,8;"SAO JOSE";"Reação tardia ou ineficiente do condutor";"Colisão lateral mesmo sentido";"Com Vítimas Feridas";"Pleno dia";"Crescente";"Céu Claro";"Múltipla";"Reta";"Sim";2;0;1;0;1;0;1;2;-27,58825612;-48,61008016;"SPRF-SC";"DEL01-SC";"UOP01-DEL01-SC"
750487;2026-02-06;"sexta-feira";"17:00:00";"PE";407;126;"PETROLINA";"Ingestão de álcool pelo condutor";"Colisão lateral mesmo sentido";"Sem Vítimas";"Pleno dia";"Decrescente";"Céu Claro";"Dupla";"Reta";"Sim";2;0;0;0;2;0;0;2;-9,38530412;-40,52773582;"SPRF-PE";"DEL06-PE";"UOP01-DEL06-PE"
750488;2026-02-06;"sexta-feira";"17:25:00";"RS";116;530;"CAPAO DO LEAO";"Desrespeitar a preferência no cruzamento";"Colisão transversal";"Sem Vítimas";"Pleno dia";"Crescente";"Céu Claro";"Simples";"Reta;Interseção de Vias";"Não";2;0;0;0;2;0;0;2;-31,760503;-52,438394;"SPRF-RS";"DEL07-RS";"UOP01-DEL07-RS"
750491;2026-02-06;"sexta-feira";"17:20:00";"RJ";101;326;"NITEROI";"Reação tardia ou ineficiente do condutor";"Colisão traseira";"Com Vítimas Feridas";"Pleno dia";"Crescente";"Nublado";"Dupla";"Reta;Ponte";"Sim";1;0;1;0;0;0;1;1;-22,87109447;-43,15611895;"SPRF-RJ";"DEL02-RJ";"UOP01-DEL02-RJ"
750494;2026-02-06;"sexta-feira";"17:50:00";"SC";470;145,2;"RIO DO SUL";"Acessar a via sem observar a presença dos outros veículos";"Colisão transversal";"Com Vítimas Feridas";"Pleno dia";"Crescente";"Céu Claro";"Simples";"Reta";"Não";2;0;1;0;1;0;1;2;-27,23306217;-49,67280686;"SPRF-SC";"DEL04-SC";"UOP02-DEL04-SC"
750497;2026-02-06;"sexta-feira";"17:50:00";"RJ";101;313;"SAO GONCALO";"Manobra de mudança de faixa";"Colisão traseira";"Com Vítimas Feridas";"Anoitecer";"Decrescente";"Céu Claro";"Dupla";"Reta";"Sim";3;0;1;1;1;0;2;2;-22,81426684;-43,07449433;"SPRF-RJ";"DEL02-RJ";"UOP02-DEL02-RJ"
750498;2026-02-06;"sexta-feira";"13:55:00";"MT";163;694;"SORRISO";"Reação tardia ou ineficiente do condutor";"Saída de leito carroçável";"Com Vítimas Feridas";"Pleno dia";"Decrescente";"Chuva";"Simples";"Rotatória";"Não";1;0;1;0;0;0;1;1;-13,02881015;-55,89793235;"SPRF-MT";"DEL06-MT";"UOP01-DEL06-MT"
750499;2026-02-06;"sexta-feira";"15:50:00";"RS";480;68,6;"ERECHIM";"Retorno proibido";"Colisão lateral sentido oposto";"Sem Vítimas";"Pleno dia";"Decrescente";"Céu Claro";"Simples";"Reta";"Não";2;0;0;0;2;0;0;2;-27,63393711;-52,33900515;"SPRF-RS";"DEL08-RS";"UOP04-DEL08-RS"
750501;2026-02-06;"sexta-feira";"18:30:00";"MG";365;827,8;"SANTA VITORIA";"Velocidade Incompatível";"Colisão frontal";"Com Vítimas Feridas";"Anoitecer";"Crescente";"Céu Claro";"Simples";"Reta";"Não";2;0;1;0;0;1;1;2;-18,891385;-50,165168;"SPRF-MG";"DEL15-MG";"UOP03-DEL15-MG"
750502;2026-02-06;"sexta-feira";"18:00:00";"SC";282;584;"FAXINAL DOS GUEDES";"Acessar a via sem observar a presença dos outros veículos";"Colisão transversal";"Sem Vítimas";"Anoitecer";"Crescente";"Céu Claro";"Simples";"Curva";"Não";2;0;0;0;2;0;0;2;-26,8615842;-52,23722553;"SPRF-SC";"DEL07-SC";"UOP02-DEL07-SC"
750503;2026-02-06;"sexta-feira";"18:30:00";"SP";116;155;"SAO JOSE DOS CAMPOS";"Acumulo de água sobre o pavimento";"Colisão com objeto";"Com Vítimas Feridas";"Plena Noite";"Decrescente";"Chuva";"Múltipla";"Reta;Em Obras";"Sim";2;0;2;0;0;0;2;1;-23,244931;-45,927263;"SPRF-SP";"DEL02-SP";"UOP01-DEL02-SP"
750504;2026-02-06;"sexta-feira";"16:00:00";"RO";364;540;"ALTO PARAISO";"Acessar a via sem observar a presença dos outros veículos";"Capotamento";"Com Vítimas Feridas";"Pleno dia";"Decrescente";"Céu Claro";"Simples";"Reta;Retorno Regulamentado;Rotatória";"Não";4;0;2;0;2;0;2;2;-9,71660765;-63,11815023;"SPRF-RO";"DEL03-RO";"UOP01-DEL03-RO"
750505;2026-02-06;"sexta-feira";"17:50:00";"BA";116;7;"VITORIA DA CONQUISTA";"Reação tardia ou ineficiente do condutor";"Tombamento";"Com Vítimas Feridas";"Pleno dia";"Crescente";"Céu Claro";"Simples";"Reta;Interseção de Vias";"Não";1;0;1;0;0;0;1;1;-14,840454;-40,888175;"SPRF-BA";"DEL08-BA";"UOP01-DEL08-BA"
750506;2026-02-06;"sexta-feira";"18:50:00";"PR";369;152;"LONDRINA";"Reação tardia ou ineficiente do condutor";"Colisão traseira";"Com Vítimas Feridas";"Anoitecer";"Decrescente";"Céu Claro";"Dupla";"Reta";"Sim";3;0;1;1;1;0;2;2;-23,292945;-51,175867;"SPRF-PR";"DEL07-PR";"UOP01-DEL07-PR"
750508;2026-02-06;"sexta-feira";"17:00:00";"SE";101;120;"ITAPORANGA DAJUDA";"Acessar a via sem observar a presença dos outros veículos";"Colisão traseira";"Com Vítimas Feridas";"Plena Noite";"Decrescente";"Céu Claro";"Dupla";"Curva;Aclive;Retorno Regulamentado";"Não";2;0;0;1;1;0;1;2;-11,028578;-37,330314;"SPRF-SE";"DEL02-SE";"UOP01-DEL02-SE"
750510;2026-02-06;"sexta-feira";"18:15:00";"RJ";393;258;"BARRA DO PIRAI";"Condutor deixou de manter distância do veículo da frente";"Colisão traseira";"Com Vítimas Feridas";"Plena Noite";"Crescente";"Chuva";"Simples";"Reta";"Não";2;0;0;1;1;0;1;2;-22,46876975;-43,86452347;"SPRF-RJ";"DEL05-RJ";"UOP04-DEL05-RJ"
750511;2026-02-06;"sexta-feira";"19:57:00";"PB";230;9;"CABEDELO";"Acostamento em desnível";"Tombamento";"Com Vítimas Feridas";"Plena Noite";"Decrescente";"Nublado";"Dupla";"Reta;Interseção de Vias";"Sim";1;0;1;0;0;0;1;1;-7,0583279;-34,8506059;"SPRF-PB";"DEL01-PB";"UOP01-DEL01-PB"
750512;2026-02-06;"sexta-feira";"16:10:00";"MG";116;636,5;"DIVINO";"Condutor Dormindo";"Saída de leito carroçável";"Com Vítimas Feridas";"Pleno dia";"Crescente";"Chuva";"Simples";"Reta";"Não";2;0;2;0;0;0;2;1;-20,635;-42,235;"SPRF-MG";"DEL07-MG";"UOP02-DEL07-MG"
750513;2026-02-06;"sexta-feira";"18:35:00";"RS";116;393;"CAMAQUA";"Ausência de reação do condutor";"Colisão traseira";"Com Vítimas Feridas";"Pleno dia";"Decrescente";"Céu Claro";"Dupla";"Reta;Retorno Regulamentado";"Sim";2;0;1;0;1;0;1;2;-30,844095;-51,754367;"SPRF-RS";"DEL02-RS";"UOP02-DEL02-RS"
750515;2026-02-06;"sexta-feira";"19:30:00";"SC";282;538,3;"CHAPECO";"Reação tardia ou ineficiente do condutor";"Tombamento";"Com Vítimas Feridas";"Plena Noite";"Decrescente";"Céu Claro";"Simples";"Reta";"Não";1;0;1;0;0;0;1;1;-26,99751237;-52,67446482;"SPRF-SC";"DEL07-SC";"UOP01-DEL07-SC"
750517;2026-02-06;"sexta-feira";"20:00:00";"PR";277;1,5;"PARANAGUA";"Animais na Pista";"Atropelamento de Animal";"Com Vítimas Feridas";"Plena Noite";"Crescente";"Céu Claro";"Dupla";"Reta";"Sim";1;0;0;1;0;0;1;1;-25,550165;-48,550256;"SPRF-PR";"DEL01-PR";"UOP05-DEL01-PR"
750519;2026-02-06;"sexta-feira";"19:20:00";"PI";316;3;"TERESINA";"Condutor deixou de manter distância do veículo da frente";"Colisão traseira";"Com Vítimas Feridas";"Plena Noite";"Decrescente";"Céu Claro";"Múltipla";"Reta";"Sim";3;0;0;1;2;0;1;2;-5,13280299;-42,79063851;"SPRF-PI";"DEL01-PI";"UOP02-DEL01-PI"
750522;2026-02-03;"terça-feira";"13:00:00";"GO";60;163;"GOIANIA";"Pista esburacada";"Colisão lateral mesmo sentido";"Sem Vítimas";"Pleno dia";"Decrescente";"Nublado";"Múltipla";"Viaduto;Curva";"Sim";4;0;0;0;4;0;0;2;-16,70168789;-49,33583228;"SPRF-GO";"DEL01-GO";"UOP02-DEL01-GO"
750524;2026-02-06;"sexta-feira";"20:30:00";"GO";153;438,5;"ANAPOLIS";"Velocidade Incompatível";"Colisão traseira";"Com Vítimas Feridas";"Plena Noite";"Crescente";"Nublado";"Dupla";"Reta;Interseção de Vias";"Sim";2;0;1;1;0;0;2;2;-16,315361;-48,92164;"SPRF-GO";"DEL02-GO";"UOP01-DEL02-GO"
750529;2026-02-06;"sexta-feira";"18:40:00";"AC";0;0;"MANCIO LIMA";"Ultrapassagem Indevida";"Colisão lateral sentido oposto";"Com Vítimas Feridas";"Plena Noite";"Não Informado";"Nublado";"Simples";"Reta";"Sim";2;0;1;0;1;0;1;2;-7,64938642;-72,83575058;"SPRF-AC";"DEL01-AC";"UOP03-DEL01-AC"
750530;2026-02-06;"sexta-feira";"20:40:00";"SC";101;216,5;"PALHOCA";"Reação tardia ou ineficiente do condutor";"Colisão lateral mesmo sentido";"Com Vítimas Feridas";"Plena Noite";"Decrescente";"Nublado";"Múltipla";"Curva;Viaduto";"Sim";2;0;1;0;1;0;1;2;-27,66414498;-48,67524862;"SPRF-SC";"DEL01-SC";"UOP02-DEL01-SC"
750531;2026-02-06;"sexta-feira";"20:30:00";"SP";116;94,5;"PINDAMONHANGABA";"Frear bruscamente";"Tombamento";"Com Vítimas Feridas";"Plena Noite";"Decrescente";"Garoa/Chuvisco";"Dupla";"Reta";"Não";2;0;0;2;0;0;2;1;-22,96263;-45,42478;"SPRF-SP";"DEL08-SP";"UOP01-DEL08-SP"
750532;2026-02-06;"sexta-feira";"20:30:00";"RS";290;43,5;"GLORINHA";"Demais falhas mecânicas ou elétricas";"Incêndio";"Sem Vítimas";"Plena Noite";"Decrescente";"Nublado";"Dupla";"Reta";"Não";1;0;0;0;1;0;0;1;-29,890111;-50,694929;"SPRF-RS";"DEL03-RS";"UOP01-DEL03-RS"
750533;2026-02-06;"sexta-feira";"21:00:00";"PE";101;76,1;"RECIFE";"Ausência de reação do condutor";"Queda de ocupante de veículo";"Com Vítimas Feridas";"Plena Noite";"Crescente";"Céu Claro";"Dupla";"Curva";"Sim";2;0;2;0;0;0;2;1;-8,11959;-34,94286;"SPRF-PE";"DEL01-PE";"UOP01-DEL01-PE"
750535;2026-02-06;"sexta-feira";"20:40:00";"GO";153;490,8;"GOIANIA";"Entrada inopinada do pedestre";"Atropelamento de Pedestre";"Com Vítimas Fatais";"Plena Noite";"Crescente";"Nublado";"Dupla";"Declive;Reta";"Sim";2;1;0;0;1;0;0;2;-16,62849981;-49,20562231;"SPRF-GO";"DEL01-GO";"UOP01-DEL01-GO"
750537;2026-02-06;"sexta-feira";"20:30:00";"BA";324;355;"CAPIM GROSSO";"Acessar a via sem observar a presença dos outros veículos";"Colisão transversal";"Com Vítimas Feridas";"Plena Noite";"Crescente";"Céu Claro";"Simples";"Reta";"Não";2;0;1;0;1;0;1;2;-11,3830392;-40,0023627;"SPRF-BA";"DEL04-BA";"UOP02-DEL04-BA"
750539;2026-02-06;"sexta-feira";"21:20:00";"MG";459;26,5;"CALDAS";"Transitar na contramão";"Colisão frontal";"Com Vítimas Feridas";"Plena Noite";"Crescente";"Chuva";"Simples";"Reta";"Não";5;0;0;5;0;0;5;2;-21,878556;-46,3852188;"SPRF-MG";"DEL09-MG";"UOP01-DEL09-MG"
750540;2026-02-06;"sexta-feira";"21:10:00";"RS";153;49;"ERECHIM";"Transitar na contramão";"Colisão transversal";"Com Vítimas Feridas";"Plena Noite";"Decrescente";"Céu Claro";"Simples";"Reta;Declive";"Sim";3;0;1;0;1;1;1;3;-27,6550036;-52,26486748;"SPRF-RS";"DEL08-RS";"UOP04-DEL08-RS"
750541;2026-02-06;"sexta-feira";"20:05:00";"MT";174;1;"PONTES E LACERDA";"Ingestão de álcool pelo condutor";"Colisão traseira";"Com Vítimas Feridas";"Plena Noite";"Crescente";"Céu Claro";"Simples";"Reta";"Sim";2;0;0;1;1;0;1;2;-15,246286;-59,319057;"SPRF-MT";"DEL03-MT";"UOP01-DEL03-MT"
750542;2026-02-06;"sexta-feira";"19:45:00";"PA";316;112;"SANTA MARIA DO PARA";"Acessar a via sem observar a presença dos outros veículos";"Colisão transversal";"Com Vítimas Feridas";"Plena Noite";"Crescente";"Céu Claro";"Simples";"Curva";"Não";2;0;0;1;1;0;1;2;-1,31652318;-47,51098447;"SPRF-PA";"DEL01-PA";"UOP02-DEL01-PA"
750543;2026-02-06;"sexta-feira";"17:47:00";"ES";101;143;"LINHARES";"Condutor deixou de manter distância do veículo da frente";"Colisão traseira";"Com Vítimas Feridas";"Anoitecer";"Crescente";"Céu Claro";"Dupla";"Reta";"Sim";3;0;1;0;1;1;1;2;-19,33600135;-40,06677121;"SPRF-ES";"DEL04-ES";"UOP01-DEL04-ES"