"id";"data_inversa";"dia_semana";"horario";"uf";"br";"km";"municipio";"causa_acidente";"tipo_acidente";"classificacao_acidente";"fase_dia";"sentido_via";"condicao_metereologica";"tipo_pista";"tracado_via";"uso_solo";"pessoas";"mortos";"feridos_leves";"feridos_graves";"ilesos";"ignorados";"feridos";"veiculos";"latitude";"longitude";"regional";"delegacia";"uop"
751183;2026-02-09;"segunda-feira";"13:00:00";"BA";324;527;"FEIRA DE SANTANA";"Acessar a via sem observar a presença dos outros veículos";"Colisão traseira";"Com Vítimas Feridas";"Pleno dia";"Crescente";"Céu Claro";"Dupla";"Retorno Regulamentado";"Não";2;0;1;0;1;0;1;2;-12,31937;-38,87321;"SPRF-BA";"DEL11-BA";"UOP02-DEL11-BA"
751184;2026-02-03;"terça-feira";"19:00:00";"RJ";116;193;"QUEIMADOS";"Animais na Pista";"Atropelamento de Animal";"Sem Vítimas";"Anoitecer";"Decrescente";"Céu Claro";"Dupla";"Reta";"Não";2;0;0;0;2;0;0;1;-22,7376;-43,5365;"SPRF-RJ";"DEL06-RJ";"UOP01-DEL06-RJ"
751185;2026-02-09;"segunda-feira";"13:40:00";"PA";155;340;"MARABA";"Ingestão de álcool pelo condutor";"Tombamento";"Com Vítimas Feridas";"Pleno dia";"Decrescente";"Céu Claro";"Simples";"Reta";"Não";1;0;1;0;0;0;1;1;-5,44392739;-49,07644272;"SPRF-PA";"DEL03-PA";"UOP01-DEL03-PA"
751189;2026-02-09;"segunda-feira";"14:10:00";"SP";116;484;"CAJATI";"Reação tardia ou ineficiente do condutor";"Saída de leito carroçável";"Com Vítimas Feridas";"Pleno dia";"Decrescente";"Céu Claro";"Dupla";"Reta";"Não";5;0;1;0;4;0;1;1;-24,722841;-48,051357;"SPRF-SP";"DEL05-SP";"UOP01-DEL05-SP"
751190;2026-02-09;"segunda-feira";"12:00:00";"MS";376;135,7;"IVINHEMA";"Pista esburacada";"Saída de leito carroçável";"Com Vítimas Feridas";"Pleno dia";"Crescente";"Sol";"Simples";"Reta";"Não";2;0;2;0;0;0;2;1;-22,383495;-53,66312;"SPRF-MS";"DEL04-MS";"UOP04-DEL04-MS"
751192;2026-02-09;"segunda-feira";"14:30:00";"MG";381;490;"BETIM";"Ausência de reação do condutor";"Queda de ocupante de veículo";"Com Vítimas Feridas";"Pleno dia";"Decrescente";"Céu Claro";"Dupla";"Declive";"Sim";1;0;1;0;0;0;1;1;-19,95657346;-44,14202249;"SPRF-MG";"DEL01-MG";"UOP03-DEL01-MG"
751193;2026-02-09;"segunda-feira";"14:20:00";"ES";101;348;"ANCHIETA";"Avarias e/ou desgaste excessivo no pneu";"Saída de leito carroçável";"Com Vítimas Feridas";"Pleno dia";"Decrescente";"Chuva";"Dupla";"Curva";"Não";2;0;1;0;1;0;1;1;-20,65101701;-40,64203262;"SPRF-ES";"DEL03-ES";"UOP01-DEL03-ES"
751195;2026-02-05;"quinta-feira";"13:30:00";"RJ";116;83;"TERESOPOLIS";"Reação tardia ou ineficiente do condutor";"Colisão traseira";"Com Vítimas Feridas";"Pleno dia";"Crescente";"Nublado";"Simples";"Curva";"Sim";3;0;1;0;2;0;1;2;-22,40626755;-42,95173645;"SPRF-RJ";"DEL04-RJ";"UOP01-DEL04-RJ"
751196;2026-02-09;"segunda-feira";"15:00:00";"PR";376;605;"CURITIBA";"Ausência de reação do condutor";"Queda de ocupante de veículo";"Com Vítimas Feridas";"Pleno dia";"Decrescente";"Céu Claro";"Dupla";"Curva";"Sim";1;0;1;0;0;0;1;1;-25,53853058;-49,31095362;"SPRF-PR";"DEL01-PR";"UOP03-DEL01-PR"
751200;2026-02-09;"segunda-feira";"14:50:00";"PB";230;27;"JOAO PESSOA";"Ausência de reação do condutor";"Tombamento";"Com Vítimas Feridas";"Pleno dia";"Crescente";"Céu Claro";"Simples";"Curva;Viaduto";"Sim";1;0;1;0;0;0;1;1;-7,16478663;-34,89811165;"SPRF-PB";"DEL01-PB";"UOP01-DEL01-PB"
751202;2026-02-09;"segunda-feira";"15:03:00";"BA";324;514;"FEIRA DE SANTANA";"Reação tardia ou ineficiente do condutor";"Colisão transversal";"Com Vítimas Feridas";"Pleno dia";"Crescente";"Sol";"Simples";"Interseção de Vias";"Sim";2;0;1;0;1;0;1;2;-12,23705913;-38,9419595;"SPRF-BA";"DEL02-BA";"UOP01-DEL02-BA"
751203;2026-01-29;"quinta-feira";"08:04:00";"RJ";40;120;"DUQUE DE CAXIAS";"Reação tardia ou ineficiente do condutor";"Colisão lateral mesmo sentido";"Com Vítimas Feridas";"Pleno dia";"Crescente";"Céu Claro";"Múltipla";"Reta";"Sim";2;0;1;0;0;1;1;2;-22,777602;-43,284913;"SPRF-RJ";"DEL01-RJ";"UOP02-DEL01-RJ"
751204;2026-02-09;"segunda-feira";"08:10:00";"RJ";356;29;"ITAPERUNA";"Ausência de reação do condutor";"Colisão traseira";"Sem Vítimas";"Pleno dia";"Crescente";"Céu Claro";"Simples";"Reta";"Não";2;0;0;0;1;1;0;2;-21,185376;-41,92904;"SPRF-RJ";"DEL08-RJ";"UOP03-DEL08-RJ"
751205;2026-02-09;"segunda-feira";"14:40:00";"RO";364;235,2;"CACOAL";"Ingestão de álcool pelo condutor";"Tombamento";"Sem Vítimas";"Pleno dia";"Decrescente";"Chuva";"Simples";"Retorno Regulamentado";"Sim";1;0;0;0;1;0;0;1;-11,447728;-61,433005;"SPRF-RO";"DEL02-RO";"UOP02-DEL02-RO"
751207;2026-02-09;"segunda-feira";"13:00:00";"RJ";40;22;"TRES RIOS";"Chuva";"Saída de leito carroçável";"Com Vítimas Feridas";"Pleno dia";"Crescente";"Chuva";"Dupla";"Curva";"Não";2;0;2;0;0;0;2;1;-22,12814822;-43,15670935;"SPRF-RJ";"DEL05-RJ";"UOP02-DEL05-RJ"
751210;2026-02-09;"segunda-feira";"12:16:00";"RJ";493;63;"NOVA IGUACU";"Reação tardia ou ineficiente do condutor";"Saída de leito carroçável";"Com Vítimas Feridas";"Pleno dia";"Decrescente";"Chuva";"Dupla";"Retorno Regulamentado";"Não";1;0;1;0;0;0;1;1;-22,682648;-43,4287405;"SPRF-RJ";"DEL01-RJ";"UOP03-DEL01-RJ"
751213;2026-02-09;"segunda-feira";"15:50:00";"PB";104;131,8;"QUEIMADAS";"Condutor deixou de manter distância do veículo da frente";"Colisão traseira";"Com Vítimas Feridas";"Pleno dia";"Decrescente";"Sol";"Simples";"Reta";"Sim";2;0;0;1;1;0;1;2;-7,297777;-35,891635;"SPRF-PB";"DEL02-PB";"UOP03-DEL02-PB"
751214;2026-02-09;"segunda-feira";"15:15:00";"MS";163;454,3;"CAMPO GRANDE";"Reação tardia ou ineficiente do condutor";"Colisão frontal";"Com Vítimas Feridas";"Pleno dia";"Decrescente";"Nublado";"Simples";"Reta;Em Obras";"Não";4;0;4;0;0;0;4;3;-20,68835923;-54,55329895;"SPRF-MS";"DEL01-MS";"UOP01-DEL01-MS"
751215;2026-02-09;"segunda-feira";"10:30:00";"PA";230;117;"MARABA";"Reação tardia ou ineficiente do condutor";"Colisão traseira";"Com Vítimas Feridas";"Pleno dia";"Crescente";"Céu Claro";"Dupla";"Reta";"Sim";2;0;0;1;1;0;1;2;-5,354252;-49,092478;"SPRF-PA";"DEL03-PA";"UOP01-DEL03-PA"
751216;2026-02-09;"segunda-feira";"13:21:00";"RJ";465;14;"SEROPEDICA";"Reação tardia ou ineficiente do condutor";"Colisão lateral mesmo sentido";"Com Vítimas Feridas";"Pleno dia";"Crescente";"Nublado";"Simples";"Reta";"Sim";3;0;2;0;1;0;2;2;-22,80273012;-43,64200652;"SPRF-RJ";"DEL06-RJ";"UOP02-DEL06-RJ"
751217;2026-02-09;"segunda-feira";"15:24:00";"RN";101;97,2;"NATAL";"Condutor deixou de manter distância do veículo da frente";"Colisão traseira";"Com Vítimas Feridas";"Pleno dia";"Decrescente";"Céu Claro";"Dupla";"Viaduto";"Sim";3;0;1;0;2;0;1;2;-5,85893;-35,213117;"SPRF-RN";"DEL01-RN";"UOP01-DEL01-RN"
751219;2026-02-09;"segunda-feira";"13:00:00";"RO";364;614;"ITAPUA DO OESTE";"Acumulo de água sobre o pavimento";"Saída de leito carroçável";"Com Vítimas Feridas";"Pleno dia";"Crescente";"Chuva";"Simples";"Reta";"Não";1;0;1;0;0;0;1;1;-9,12351;-63,25699;"SPRF-RO";"DEL01-RO";"UOP04-DEL01-RO"
751220;2026-02-09;"segunda-feira";"16:22:00";"SP";116;217;"GUARULHOS";"Chuva";"Queda de ocupante de veículo";"Com Vítimas Feridas";"Pleno dia";"Decrescente";"Chuva";"Múltipla";"Reta";"Sim";1;0;1;0;0;0;1;1;-23,454422;-46,47190746;"SPRF-SP";"DEL01-SP";"UOP01-DEL01-SP"
751221;2026-02-09;"segunda-feira";"16:00:00";"MG";381;854,8;"POUSO ALEGRE";"Chuva";"Colisão com objeto";"Com Vítimas Feridas";"Pleno dia";"Crescente";"Chuva";"Dupla";"Reta";"Não";1;0;1;0;0;0;1;1;-22,27717;-45,894285;"SPRF-MG";"DEL16-MG";"UOP01-DEL16-MG"
751222;2026-02-09;"segunda-feira";"14:30:00";"BA";101;203;"MURITIBA";"Pista Escorregadia";"Tombamento";"Com Vítimas Feridas";"Pleno dia";"Decrescente";"Chuva";"Simples";"Declive";"Não";2;0;2;0;0;0;2;1;-12,59782;-38,9974;"SPRF-BA";"DEL11-BA";"UOP01-DEL11-BA"
751223;2026-02-09;"segunda-feira";"16:35:00";"SC";280;45,4;"GUARAMIRIM";"Demais falhas mecânicas ou elétricas";"Tombamento";"Com Vítimas Feridas";"Pleno dia";"Crescente";"Céu Claro";"Dupla";"Reta;Em Obras";"Não";2;0;2;0;0;0;2;1;-26,452535;-48,902228;"SPRF-SC";"DEL03-SC";"UOP03-DEL03-SC"
751224;2026-02-09;"segunda-feira";"14:30:00";"RJ";101;491,3;"ANGRA DOS REIS";"Chuva";"Saída de leito carroçável";"Com Vítimas Feridas";"Pleno dia";"Decrescente";"Chuva";"Simples";"Curva;Aclive";"Não";1;0;1;0;0;0;1;1;-22,95471695;-44,32355627;"SPRF-RJ";"DEL03-RJ";"UOP03-DEL03-RJ"
751225;2026-02-09;"segunda-feira";"16:59:00";"ES";101;149;"LINHARES";"Condutor desrespeitou a iluminação vermelha do semáforo";"Colisão transversal";"Com Vítimas Feridas";"Pleno dia";"Crescente";"Céu Claro";"Múltipla";"Interseção de Vias;Reta";"Sim";2;0;1;0;1;0;1;2;-19,39976589;-40,06242053;"SPRF-ES";"DEL04-ES";"UOP01-DEL04-ES"
751226;2026-02-09;"segunda-feira";"13:15:00";"PR";163;176;"LINDOESTE";"Ausência de reação do condutor";"Saída de leito carroçável";"Sem Vítimas";"Pleno dia";"Crescente";"Céu Claro";"Dupla";"Reta";"Não";1;0;0;0;1;0;0;1;-25,1756178;-53,60314116;"SPRF-PR";"DEL05-PR";"UOP05-DEL05-PR"
751228;2026-02-09;"segunda-feira";"17:00:00";"GO";50;266,4;"CATALAO";"Chuva";"Saída de leito carroçável";"Sem Vítimas";"Pleno dia";"Decrescente";"Chuva";"Dupla";"Reta;Aclive";"Não";1;0;0;0;1;0;0;1;-18,086132;-47,870378;"SPRF-GO";"DEL06-GO";"UOP01-DEL06-GO"
751229;2026-02-09;"segunda-feira";"17:00:00";"CE";222;312,1;"TIANGUA";"Animais na Pista";"Atropelamento de Animal";"Com Vítimas Feridas";"Pleno dia";"Decrescente";"Céu Claro";"Múltipla";"Curva";"Sim";1;0;1;0;0;0;1;1;-3,71780534;-40,99297285;"SPRF-CE";"DEL04-CE";"UOP02-DEL04-CE"
751230;2026-02-09;"segunda-feira";"15:45:00";"SC";280;26,7;"ARAQUARI";"Transtornos Mentais (exceto suicidio)";"Colisão traseira";"Sem Vítimas";"Pleno dia";"Crescente";"Céu Claro";"Simples";"Reta";"Não";2;0;0;0;1;1;0;2;-26,39491;-48,738993;"SPRF-SC";"DEL03-SC";"UOP03-DEL03-SC"
751232;2026-02-09;"segunda-feira";"16:50:00";"RS";158;322,5;"SANTA MARIA";"Condutor deixou de manter distância do veículo da frente";"Colisão traseira";"Com Vítimas Feridas";"Pleno dia";"Decrescente";"Céu Claro";"Dupla";"Rotatória";"Não";2;0;1;0;1;0;1;2;-29,695294;-53,774916;"SPRF-RS";"DEL09-RS";"UOP01-DEL09-RS"
751236;2026-02-09;"segunda-feira";"17:00:00";"SP";116;283;"EMBU DAS ARTES";"Manobra de mudança de faixa";"Colisão lateral mesmo sentido";"Com Vítimas Feridas";"Anoitecer";"Crescente";"Chuva";"Dupla";"Declive;Reta";"Sim";2;0;0;1;1;0;1;2;-23,668977;-46,855855;"SPRF-SP";"DEL04-SP";"UOP01-DEL04-SP"
751238;2026-02-09;"segunda-feira";"18:18:00";"RS";116;245;"SAO LEOPOLDO";"Condutor deixou de manter distância do veículo da frente";"Colisão traseira";"Com Vítimas Feridas";"Pleno dia";"Decrescente";"Céu Claro";"Dupla";"Reta;Ponte";"Sim";2;0;1;0;1;0;1;2;-29,7556424;-51,1515914;"SPRF-RS";"DEL01-RS";"UOP02-DEL01-RS"
751242;2026-02-09;"segunda-feira";"18:20:00";"RS";290;117;"ELDORADO DO SUL";"Transitar no Acostamento";"Colisão traseira";"Com Vítimas Feridas";"Pleno dia";"Crescente";"Céu Claro";"Simples";"Reta";"Não";2;0;1;0;1;0;1;2;-30,0499518;-51,3769345;"SPRF-RS";"DEL02-RS";"UOP01-DEL02-RS"
751244;2026-02-09;"segunda-feira";"17:50:00";"PR";277;27;"MORRETES";"Ausência de reação do condutor";"Saída de leito carroçável";"Com Vítimas Feridas";"Anoitecer";"Crescente";"Chuva";"Dupla";"Reta";"Não";4;0;1;1;2;0;2;1;-25,542598;-48,777783;"SPRF-PR";"DEL01-PR";"UOP05-DEL01-PR"
751248;2026-02-09;"segunda-feira";"17:00:00";"ES";101;254;"SERRA";"Pedestre andava na pista";"Tombamento";"Com Vítimas Feridas";"Pleno dia";"Crescente";"Céu Claro";"Simples";"Reta";"Sim";1;0;0;1;0;0;1;1;-20,11197883;-40,32520688;"SPRF-ES";"DEL02-ES";"UOP01-DEL02-ES"
751250;2026-02-09;"segunda-feira";"17:15:00";"MG";116;535,5;"SANTA RITA DE MINAS";"Ausência de reação do condutor";"Colisão frontal";"Com Vítimas Feridas";"Pleno dia";"Crescente";"Nublado";"Simples";"Curva";"Não";3;0;3;0;0;0;3;3;-19,858988;-42,134434;"SPRF-MG";"DEL06-MG";"UOP02-DEL06-MG"
751252;2026-02-09;"segunda-feira";"18:50:00";"PE";101;77;"RECIFE";"Manobra de mudança de faixa";"Colisão traseira";"Com Vítimas Feridas";"Plena Noite";"Decrescente";"Céu Claro";"Dupla";"Reta;Aclive";"Sim";2;0;1;0;1;0;1;2;-8,12746;-34,943855;"SPRF-PE";"DEL01-PE";"UOP01-DEL01-PE"
751253;2026-02-09;"segunda-feira";"17:19:00";"PB";230;185,3;"POCINHOS";"Animais na Pista";"Atropelamento de Animal";"Com Vítimas Feridas";"Anoitecer";"Crescente";"Céu Claro";"Simples";"Reta;Em Obras";"Não";1;0;1;0;0;0;1;1;-7,151593;-36,108855;"SPRF-PB";"DEL02-PB";"UOP02-DEL02-PB"
751254;2026-02-09;"segunda-feira";"19:00:00";"SC";101;210,6;"SAO JOSE";"Trafegar com motocicleta (ou similar) entre as faixas";"Colisão lateral mesmo sentido";"Com Vítimas Feridas";"Plena Noite";"Crescente";"Nublado";"Múltipla";"Reta";"Sim";3;0;1;0;2;0;1;3;-27,61750695;-48,64530444;"SPRF-SC";"DEL01-SC";"UOP01-DEL01-SC"
751257;2026-02-09;"segunda-feira";"18:30:00";"PR";476;168;"CONTENDA";"Ausência de reação do condutor";"Queda de ocupante de veículo";"Com Vítimas Feridas";"Anoitecer";"Crescente";"Nublado";"Simples";"Curva;Aclive";"Não";1;0;1;0;0;0;1;1;-25,66508565;-49,49529648;"SPRF-PR";"DEL01-PR";"UOP06-DEL01-PR"
751258;2026-02-09;"segunda-feira";"18:55:00";"PI";343;16;"PARNAIBA";"Acessar a via sem observar a presença dos outros veículos";"Colisão lateral mesmo sentido";"Com Vítimas Feridas";"Plena Noite";"Crescente";"Céu Claro";"Simples";"Reta";"Sim";2;0;1;0;1;0;1;2;-2,94962456;-41,75720427;"SPRF-PI";"DEL05-PI";"UOP01-DEL05-PI"
751259;2026-02-09;"segunda-feira";"19:30:00";"ES";101;257,6;"SERRA";"Acessar a via sem observar a presença dos outros veículos";"Colisão transversal";"Com Vítimas Feridas";"Plena Noite";"Decrescente";"Céu Claro";"Dupla";"Interseção de Vias";"Sim";3;0;2;0;1;0;2;2;-20,12797756;-40,29965311;"SPRF-ES";"DEL02-ES";"UOP01-DEL02-ES"
751262;2026-02-09;"segunda-feira";"17:30:00";"SC";282;641,6;"SAO MIGUEL DO OESTE";"Conversão proibida";"Colisão lateral mesmo sentido";"Com Vítimas Feridas";"Pleno dia";"Decrescente";"Céu Claro";"Simples";"Reta";"Não";6;0;1;0;5;0;1;2;-26,77228174;-53,46181065;"SPRF-SC";"DEL07-SC";"UOP03-DEL07-SC"
751263;2026-02-09;"segunda-feira";"19:30:00";"PR";153;82,2;"CONSELHEIRO MAIRINCK";"Desrespeitar a preferência no cruzamento";"Colisão transversal";"Com Vítimas Feridas";"Anoitecer";"Crescente";"Céu Claro";"Simples";"Interseção de Vias";"Não";3;0;2;1;0;0;3;2;-23,62749533;-50,14765112;"SPRF-PR";"DEL07-PR";"UOP04-DEL07-PR"
751264;2026-02-09;"segunda-feira";"19:50:00";"MG";365;455;"PATROCINIO";"Deficiência do Sistema de Iluminação/Sinalização";"Colisão frontal";"Com Vítimas Feridas";"Plena Noite";"Decrescente";"Chuva";"Simples";"Reta";"Não";4;0;1;1;2;0;2;2;-18,83880514;-46,84611452;"SPRF-MG";"DEL10-MG";"UOP01-DEL10-MG"
751265;2026-02-09;"segunda-feira";"20:10:00";"SC";101;132;"CAMBORIU";"Ausência de reação do condutor";"Colisão transversal";"Com Vítimas Feridas";"Plena Noite";"Decrescente";"Nublado";"Dupla";"Reta;Declive";"Sim";2;0;1;1;0;0;2;2;-26,9998289;-48,650212;"SPRF-SC";"DEL04-SC";"UOP03-DEL04-SC"
751266;2026-02-09;"segunda-feira";"19:13:00";"PR";369;36;"ANDIRA";"Reação tardia ou ineficiente do condutor";"Colisão traseira";"Com Vítimas Feridas";"Plena Noite";"Crescente";"Céu Claro";"Simples";"Reta";"Sim";2;0;1;0;1;0;1;2;-23,04516929;-50,23216147;"SPRF-PR";"DEL07-PR";"UOP05-DEL07-PR"
751267;2026-02-09;"segunda-feira";"20:00:00";"MG";50;189,9;"DELTA";"Acesso irregular";"Saída de leito carroçável";"Com Vítimas Feridas";"Plena Noite";"Crescente";"Chuva";"Dupla";"Reta;Declive";"Não";1;0;0;1;0;0;1;1;-19,91127349;-47,83205355;"SPRF-MG";"DEL13-MG";"UOP01-DEL13-MG"
751268;2026-02-09;"segunda-feira";"19:00:00";"RJ";101;477;"ANGRA DOS REIS";"Chuva";"Queda de ocupante de veículo";"Com Vítimas Feridas";"Plena Noite";"Decrescente";"Chuva";"Simples";"Curva";"Não";1;0;1;0;0;0;1;1;-23,004465;-44,259344;"SPRF-RJ";"DEL03-RJ";"UOP03-DEL03-RJ"
751269;2026-02-09;"segunda-feira";"20:30:00";"PR";369;193;"ARAPONGAS";"Reação tardia ou ineficiente do condutor";"Colisão traseira";"Com Vítimas Fatais";"Plena Noite";"Decrescente";"Céu Claro";"Dupla";"Reta";"Não";4;1;0;1;2;0;1;2;-23,46275424;-51,42346144;"SPRF-PR";"DEL07-PR";"UOP03-DEL07-PR"
751270;2026-02-09;"segunda-feira";"20:30:00";"SC";101;86;"BARRA VELHA";"Acessar a via sem observar a presença dos outros veículos";"Colisão lateral mesmo sentido";"Com Vítimas Feridas";"Plena Noite";"Crescente";"Céu Claro";"Dupla";"Rotatória";"Sim";3;0;2;0;1;0;2;2;-26,63685346;-48,69685006;"SPRF-SC";"DEL03-SC";"UOP02-DEL03-SC"
751271;2026-02-09;"segunda-feira";"20:50:00";"MG";50;165;"UBERABA";"Chuva";"Colisão com objeto";"Sem Vítimas";"Plena Noite";"Decrescente";"Céu Claro";"Dupla";"Reta";"Não";1;0;0;0;1;0;0;1;-19,7031472;-47,9854795;"SPRF-MG";"DEL13-MG";"UOP01-DEL13-MG"
751272;2026-02-09;"segunda-feira";"19:20:00";"MA";10;130;"ESTREITO";"Acessar a via sem observar a presença dos outros veículos";"Colisão transversal";"Com Vítimas Feridas";"Plena Noite";"Decrescente";"Céu Claro";"Simples";"Interseção de Vias;Reta";"Sim";2;0;2;0;0;0;2;2;-6,54993;-47,43419;"SPRF-MA";"DEL04-MA";"UOP02-DEL04-MA"
751275;2026-02-09;"segunda-feira";"20:45:00";"PR";163;199;"CASCAVEL";"Ausência de reação do condutor";"Colisão com objeto";"Com Vítimas Feridas";"Plena Noite";"Crescente";"Céu Claro";"Dupla";"Reta";"Não";1;0;1;0;0;0;1;1;-25,0065183;-53,5546967;"SPRF-PR";"DEL05-PR";"UOP05-DEL05-PR"
751276;2026-02-09;"segunda-feira";"17:00:00";"MG";116;431;"ALPERCATA";"Reação tardia ou ineficiente do condutor";"Capotamento";"Com Vítimas Feridas";"Pleno dia";"Decrescente";"Céu Claro";"Simples";"Reta";"Não";1;0;1;0;0;0;1;1;-18,994664;-41,980229;"SPRF-MG";"DEL06-MG";"UOP01-DEL06-MG"
751280;2026-02-09;"segunda-feira";"19:28:00";"MA";135;5,5;"SAO LUIS";"Afundamento ou ondulação no pavimento";"Tombamento";"Com Vítimas Feridas";"Plena Noite";"Decrescente";"Céu Claro";"Dupla";"Reta";"Não";1;0;1;0;0;0;1;1;-2,633227;-44,313188;"SPRF-MA";"DEL01-MA";"UOP01-DEL01-MA"
751282;2026-02-09;"segunda-feira";"21:30:00";"SP";116;53;"LORENA";"Acessar a via sem observar a presença dos outros veículos";"Colisão transversal";"Com Vítimas Feridas";"Plena Noite";"Decrescente";"Chuva";"Simples";"Reta;Aclive;Rotatória;Interseção de Vias;Retorno Regulamentado";"Não";3;0;1;0;2;0;1;2;-22,75142886;-45,10426283;"SPRF-SP";"DEL08-SP";"UOP02-DEL08-SP"
751283;2026-02-09;"segunda-feira";"22:50:00";"SP";116;154;"SAO JOSE DOS CAMPOS";"Acumulo de água sobre o pavimento";"Colisão com objeto";"Com Vítimas Feridas";"Plena Noite";"Decrescente";"Chuva";"Dupla";"Reta";"Sim";2;0;2;0;0;0;2;1;-23,23700979;-45,91834512;"SPRF-SP";"DEL02-SP";"UOP01-DEL02-SP"
751286;2026-02-09;"segunda-feira";"23:30:00";"GO";60;372;"RIO VERDE";"Chuva";"Saída de leito carroçável";"Sem Vítimas";"Plena Noite";"Decrescente";"Chuva";"Dupla";"Reta";"Não";2;0;0;0;2;0;0;1;-17,72805401;-50,86530883;"SPRF-GO";"DEL04-GO";"UOP02-DEL04-GO"
751287;2026-02-08;"domingo";"13:00:00";"PE";408;65,9;"PAUDALHO";"Reação tardia ou ineficiente do condutor";"Saída de leito carroçável";"Sem Vítimas";"Pleno dia";"Decrescente";"Ignorado";"Dupla";"Curva";"Não";1;0;0;0;0;1;0;1;-7,89256;-35,17445;"SPRF-PE";"DEL01-PE";"UOP01-DEL01-PE"
751288;2026-02-10;"terça-feira";"00:40:00";"ES";101;159;"LINHARES";"Reação tardia ou ineficiente do condutor";"Colisão traseira";"Com Vítimas Feridas";"Pleno dia";"Crescente";"Céu Claro";"Simples";"Reta";"Não";2;0;2;0;0;0;2;2;-19,47647531;-40,11396186;"SPRF-ES";"DEL04-ES";"UOP01-DEL04-ES"
751289;2026-02-10;"terça-feira";"01:00:00";"PE";408;61,5;"CARPINA";"Falta de elemento de contenção que evite a saída do leito carroçável";"Capotamento";"Sem Vítimas";"Plena Noite";"Decrescente";"Ignorado";"Simples";"Reta";"Sim";1;0;0;0;0;1;0;1;-7,82684;-35,24533;"SPRF-PE";"DEL01-PE";"UOP01-DEL01-PE"
751290;2026-02-10;"terça-feira";"02:20:00";"RJ";116;69;"TERESOPOLIS";"Ingestão de álcool pelo condutor";"Saída de leito carroçável";"Sem Vítimas";"Plena Noite";"Decrescente";"Chuva";"Simples";"Curva";"Não";1;0;0;0;1;0;0;1;-22,32090854;-42,93890174;"SPRF-RJ";"DEL04-RJ";"UOP01-DEL04-RJ"
751293;2026-02-09;"segunda-feira";"14:15:00";"RJ";101;322;"NITEROI";"Reação tardia ou ineficiente do condutor";"Tombamento";"Com Vítimas Feridas";"Pleno dia";"Crescente";"Garoa/Chuvisco";"Simples";"Curva";"Sim";1;0;1;0;0;0;1;1;-22,87856734;-43,11065197;"SPRF-RJ";"DEL02-RJ";"UOP01-DEL02-RJ"
751294;2026-02-10;"terça-feira";"05:00:00";"MG";381;888;"CAMBUI";"Ausência de reação do condutor";"Saída de leito carroçável";"Com Vítimas Feridas";"Amanhecer";"Crescente";"Garoa/Chuvisco";"Dupla";"Reta";"Não";3;0;3;0;0;0;3;2;-22,52363432;-46,02393222;"SPRF-MG";"DEL16-MG";"UOP01-DEL16-MG"
751295;2026-02-10;"terça-feira";"05:00:00";"BA";116;416,5;"FEIRA DE SANTANA";"Animais na Pista";"Colisão com objeto";"Com Vítimas Feridas";"Amanhecer";"Crescente";"Céu Claro";"Múltipla";"Reta";"Sim";1;0;1;0;0;0;1;1;-12,17663675;-38,96520138;"SPRF-BA";"DEL02-BA";"UOP01-DEL02-BA"
751297;2026-02-10;"terça-feira";"01:57:00";"MA";10;298;"CIDELANDIA";"Animais na Pista";"Atropelamento de Animal";"Sem Vítimas";"Plena Noite";"Decrescente";"Céu Claro";"Simples";"Reta";"Não";1;0;0;0;1;0;0;1;-5,131415;-47,545375;"SPRF-MA";"DEL04-MA";"UOP03-DEL04-MA"
751301;2026-02-10;"terça-feira";"06:15:00";"RJ";493;19;"MAGE";"Acessar a via sem observar a presença dos outros veículos";"Colisão transversal";"Com Vítimas Feridas";"Pleno dia";"Crescente";"Nublado";"Simples";"Reta";"Sim";3;0;1;0;2;0;1;2;-22,66545;-43,0297833;"SPRF-RJ";"DEL04-RJ";"UOP02-DEL04-RJ"
751303;2026-02-10;"terça-feira";"02:00:00";"BA";116;416,5;"FEIRA DE SANTANA";"Animais na Pista";"Atropelamento de Animal";"Com Vítimas Feridas";"Plena Noite";"Crescente";"Céu Claro";"Múltipla";"Reta";"Sim";2;0;2;0;0;0;2;1;-12,17677309;-38,96515846;"SPRF-BA";"DEL02-BA";"UOP01-DEL02-BA"
751304;2026-02-10;"terça-feira";"07:10:00";"PR";376;178;"MARINGA";"Ausência de reação do condutor";"Colisão traseira";"Com Vítimas Feridas";"Pleno dia";"Crescente";"Céu Claro";"Dupla";"Reta";"Sim";2;0;1;0;1;0;1;2;-23,4177247;-51,9165254;"SPRF-PR";"DEL09-PR";"UOP01-DEL09-PR"
751307;2026-02-10;"terça-feira";"07:05:00";"MA";135;15;"SAO LUIS";"Reação tardia ou ineficiente do condutor";"Atropelamento de Pedestre";"Com Vítimas Feridas";"Pleno dia";"Crescente";"Céu Claro";"Dupla";"Reta";"Sim";2;0;0;1;1;0;1;2;-2,698208;-44,307098;"SPRF-MA";"DEL01-MA";"UOP01-DEL01-MA"
751308;2026-02-10;"terça-feira";"07:20:00";"MA";135;3;"SAO LUIS";"Ausência de reação do condutor";"Colisão traseira";"Com Vítimas Feridas";"Pleno dia";"Crescente";"Céu Claro";"Dupla";"Reta";"Sim";4;0;1;1;1;1;2;3;-2,61137;-44,250422;"SPRF-MA";"DEL01-MA";"UOP01-DEL01-MA"