"id";"data_inversa";"dia_semana";"horario";"uf";"br";"km";"municipio";"causa_acidente";"tipo_acidente";"classificacao_acidente";"fase_dia";"sentido_via";"condicao_metereologica";"tipo_pista";"tracado_via";"uso_solo";"pessoas";"mortos";"feridos_leves";"feridos_graves";"ilesos";"ignorados";"feridos";"veiculos";"latitude";"longitude";"regional";"delegacia";"uop"
751309;2026-02-10;"terça-feira";"06:00:00";"MS";163;254,5;"DOURADOS";"Ausência de reação do condutor";"Tombamento";"Com Vítimas Feridas";"Amanhecer";"Decrescente";"Céu Claro";"Dupla";"Reta";"Sim";1;0;0;1;0;0;1;1;-22,26845335;-54,81268242;"SPRF-MS";"DEL04-MS";"UOP01-DEL04-MS"
751312;2026-02-10;"terça-feira";"03:30:00";"PE";232;172;"BELO JARDIM";"Acessar a via sem observar a presença dos outros veículos";"Colisão frontal";"Com Vítimas Feridas";"Plena Noite";"Decrescente";"Céu Claro";"Simples";"Aclive;Reta";"Não";2;0;0;1;1;0;1;2;-8,338759;-36,362415;"SPRF-PE";"DEL03-PE";"UOP02-DEL03-PE"
751313;2026-02-10;"terça-feira";"05:12:00";"RJ";40;114;"DUQUE DE CAXIAS";"Demais falhas mecânicas ou elétricas";"Incêndio";"Sem Vítimas";"Amanhecer";"Crescente";"Nublado";"Múltipla";"Reta";"Sim";1;0;0;0;1;0;0;1;-22,72050699;-43,28977378;"SPRF-RJ";"DEL01-RJ";"UOP02-DEL01-RJ"
751314;2026-02-10;"terça-feira";"07:00:00";"PR";376;184,8;"SARANDI";"Reação tardia ou ineficiente do condutor";"Colisão lateral mesmo sentido";"Sem Vítimas";"Pleno dia";"Decrescente";"Sol";"Dupla";"Reta";"Sim";4;0;0;0;4;0;0;2;-23,446773;-51,862158;"SPRF-PR";"DEL09-PR";"UOP01-DEL09-PR"
751316;2026-02-10;"terça-feira";"08:11:00";"DF";40;0,7;"BRASILIA";"Área urbana sem a presença de local apropriado para a travessia de pedestres";"Engavetamento";"Sem Vítimas";"Pleno dia";"Crescente";"Céu Claro";"Dupla";"Reta";"Sim";3;0;0;0;3;0;0;3;-15,98282934;-47,98803359;"SPRF-DF";"DEL01-DF";"UOP01-DEL01-DF"
751317;2026-02-06;"sexta-feira";"18:00:00";"RS";290;94;"PORTO ALEGRE";"Ausência de reação do condutor";"Tombamento";"Com Vítimas Feridas";"Pleno dia";"Decrescente";"Nublado";"Dupla";"Reta";"Não";3;0;3;0;0;0;3;2;-29,97200209;-51,19518076;"SPRF-RS";"DEL01-RS";"UOP01-DEL01-RS"
751318;2026-02-10;"terça-feira";"06:50:00";"RS";116;248;"SAO LEOPOLDO";"Conversão proibida";"Colisão transversal";"Com Vítimas Feridas";"Pleno dia";"Crescente";"Céu Claro";"Dupla";"Reta;Interseção de Vias;Viaduto";"Sim";2;0;1;0;1;0;1;2;-29,77270149;-51,15438893;"SPRF-RS";"DEL01-RS";"UOP02-DEL01-RS"
751319;2026-02-10;"terça-feira";"07:00:00";"SC";101;261;"PAULO LOPES";"Ausência de reação do condutor";"Saída de leito carroçável";"Com Vítimas Feridas";"Pleno dia";"Crescente";"Céu Claro";"Dupla";"Reta";"Não";1;0;1;0;0;0;1;1;-28,01316588;-48,69507249;"SPRF-SC";"DEL02-SC";"UOP03-DEL02-SC"
751320;2026-02-10;"terça-feira";"05:45:00";"RS";386;33;"FREDERICO WESTPHALEN";"Acessar a via sem observar a presença dos outros veículos";"Colisão transversal";"Com Vítimas Feridas";"Amanhecer";"Crescente";"Céu Claro";"Simples";"Interseção de Vias;Reta;Declive";"Sim";3;0;1;1;1;0;2;2;-27,34995113;-53,38635413;"SPRF-RS";"DEL08-RS";"UOP02-DEL08-RS"
751321;2026-02-10;"terça-feira";"07:15:00";"GO";153;501,1;"GOIANIA";"Manobra de mudança de faixa";"Colisão lateral mesmo sentido";"Com Vítimas Feridas";"Pleno dia";"Decrescente";"Nublado";"Dupla";"Reta";"Sim";5;0;0;1;4;0;1;2;-16,71319798;-49,23362797;"SPRF-GO";"DEL01-GO";"UOP01-DEL01-GO"
751323;2026-02-10;"terça-feira";"08:20:00";"SE";101;152;"ESTANCIA";"Entrada inopinada do pedestre";"Atropelamento de Pedestre";"Com Vítimas Feridas";"Pleno dia";"Crescente";"Sol";"Simples";"Reta";"Sim";3;0;2;1;0;0;3;2;-11,26774;-37,44238;"SPRF-SE";"DEL02-SE";"UOP01-DEL02-SE"
751324;2026-02-10;"terça-feira";"05:30:00";"PR";369;23;"CAMBARA";"Ultrapassagem Indevida";"Colisão transversal";"Com Vítimas Fatais";"Amanhecer";"Crescente";"Céu Claro";"Simples";"Reta;Declive";"Não";6;3;1;2;0;0;3;2;-23,04028505;-50,11834145;"SPRF-PR";"DEL07-PR";"UOP05-DEL07-PR"
751326;2026-02-10;"terça-feira";"07:15:00";"MG";381;2;"BETIM";"Ausência de reação do condutor";"Colisão lateral mesmo sentido";"Com Vítimas Feridas";"Pleno dia";"Decrescente";"Nublado";"Múltipla";"Curva";"Sim";2;0;1;0;0;1;1;2;-19,97751726;-44,16016102;"SPRF-MG";"DEL01-MG";"UOP03-DEL01-MG"
751329;2026-02-10;"terça-feira";"07:50:00";"PR";476;144;"CURITIBA";"Condutor deixou de manter distância do veículo da frente";"Colisão traseira";"Sem Vítimas";"Pleno dia";"Decrescente";"Nublado";"Dupla";"Curva;Declive";"Não";3;0;0;0;3;0;0;3;-25,545656;-49,316768;"SPRF-PR";"DEL01-PR";"UOP06-DEL01-PR"
751331;2026-02-10;"terça-feira";"07:30:00";"RJ";101;429;"MANGARATIBA";"Velocidade Incompatível";"Saída de leito carroçável";"Com Vítimas Feridas";"Pleno dia";"Decrescente";"Chuva";"Simples";"Curva";"Não";1;0;1;0;0;0;1;1;-22,93693446;-44,01032925;"SPRF-RJ";"DEL03-RJ";"UOP02-DEL03-RJ"
751332;2026-02-10;"terça-feira";"07:00:00";"CE";222;225;"SOBRAL";"Acessar a via sem observar a presença dos outros veículos";"Saída de leito carroçável";"Com Vítimas Fatais";"Pleno dia";"Crescente";"Céu Claro";"Simples";"Interseção de Vias";"Sim";2;1;0;1;0;0;1;1;-3,71869092;-40,33244956;"SPRF-CE";"DEL04-CE";"UOP01-DEL04-CE"
751333;2026-02-04;"quarta-feira";"06:10:00";"SE";101;132,8;"ESTANCIA";"Acessar a via sem observar a presença dos outros veículos";"Colisão transversal";"Com Vítimas Feridas";"Pleno dia";"Decrescente";"Céu Claro";"Dupla";"Reta;Declive";"Não";2;0;0;1;1;0;1;2;-11,123795;-37,379809;"SPRF-SE";"DEL02-SE";"UOP01-DEL02-SE"
751334;2026-02-10;"terça-feira";"07:40:00";"MG";381;913,4;"CAMANDUCAIA";"Velocidade Incompatível";"Colisão com objeto";"Sem Vítimas";"Pleno dia";"Crescente";"Chuva";"Dupla";"Curva";"Não";1;0;0;0;1;0;0;1;-22,72023744;-46,12912551;"SPRF-MG";"DEL16-MG";"UOP03-DEL16-MG"
751335;2026-02-10;"terça-feira";"08:34:00";"GO";40;60,4;"LUZIANIA";"Condutor deixou de manter distância do veículo da frente";"Tombamento";"Com Vítimas Feridas";"Pleno dia";"Crescente";"Céu Claro";"Simples";"Reta";"Não";2;0;2;0;0;0;2;1;-16,531498;-47,803051;"SPRF-DF";"DEL01-DF";"UOP02-DEL01-DF"
751338;2026-02-10;"terça-feira";"08:30:00";"MG";262;441;"NOVA SERRANA";"Chuva";"Queda de ocupante de veículo";"Com Vítimas Feridas";"Pleno dia";"Decrescente";"Chuva";"Simples";"Reta";"Sim";1;0;1;0;0;0;1;1;-19,86057486;-45,00575066;"SPRF-MG";"DEL08-MG";"UOP03-DEL08-MG"
751339;2026-02-10;"terça-feira";"07:10:00";"RO";319;143;"PORTO VELHO";"Reação tardia ou ineficiente do condutor";"Colisão lateral mesmo sentido";"Com Vítimas Feridas";"Pleno dia";"Crescente";"Garoa/Chuvisco";"Dupla";"Interseção de Vias";"Sim";2;0;0;1;1;0;1;2;-8,75868958;-63,88602787;"SPRF-RO";"DEL01-RO";"UOP01-DEL01-RO"
751340;2026-02-10;"terça-feira";"09:20:00";"BA";324;623;"SALVADOR";"Manobra de mudança de faixa";"Colisão lateral mesmo sentido";"Com Vítimas Feridas";"Pleno dia";"Crescente";"Céu Claro";"Dupla";"Reta";"Sim";3;0;2;0;1;0;2;3;-12,9399457;-38,47141743;"SPRF-BA";"DEL01-BA";"UOP01-DEL01-BA"
751342;2026-01-25;"domingo";"17:00:00";"MG";381;727;"CARMO DA CACHOEIRA";"Ausência de reação do condutor";"Saída de leito carroçável";"Com Vítimas Feridas";"Pleno dia";"Crescente";"Nublado";"Dupla";"Curva;Aclive";"Não";1;0;1;0;0;0;1;1;-21,51583943;-45,22069256;"SPRF-MG";"DEL04-MG";"UOP02-DEL04-MG"
751343;2026-02-10;"terça-feira";"08:30:00";"SC";101;203;"SAO JOSE";"Reação tardia ou ineficiente do condutor";"Colisão lateral mesmo sentido";"Com Vítimas Feridas";"Pleno dia";"Decrescente";"Céu Claro";"Múltipla";"Curva;Viaduto";"Sim";3;0;0;1;2;0;1;3;-27,56112373;-48,61656038;"SPRF-SC";"DEL01-SC";"UOP01-DEL01-SC"
751344;2026-02-10;"terça-feira";"08:50:00";"SC";101;139,7;"BALNEARIO CAMBORIU";"Reação tardia ou ineficiente do condutor";"Tombamento";"Com Vítimas Feridas";"Pleno dia";"Crescente";"Céu Claro";"Dupla";"Reta";"Não";1;0;1;0;0;0;1;1;-27,03437;-48,60095;"SPRF-SC";"DEL04-SC";"UOP03-DEL04-SC"
751345;2026-02-10;"terça-feira";"06:10:00";"RJ";40;110;"DUQUE DE CAXIAS";"Reação tardia ou ineficiente do condutor";"Queda de ocupante de veículo";"Com Vítimas Feridas";"Pleno dia";"Crescente";"Nublado";"Múltipla";"Reta";"Sim";1;0;1;0;0;0;1;1;-22,683847;-43,285434;"SPRF-RJ";"DEL01-RJ";"UOP02-DEL01-RJ"
751346;2026-02-10;"terça-feira";"08:10:00";"RS";116;266;"CANOAS";"Manobra de mudança de faixa";"Colisão lateral mesmo sentido";"Com Vítimas Feridas";"Pleno dia";"Crescente";"Céu Claro";"Múltipla";"Reta";"Sim";2;0;1;0;1;0;1;2;-29,93231354;-51,17756955;"SPRF-RS";"DEL01-RS";"UOP01-DEL01-RS"
751347;2026-02-10;"terça-feira";"07:00:00";"MT";70;522;"VARZEA GRANDE";"Transitar no Acostamento";"Colisão transversal";"Com Vítimas Feridas";"Pleno dia";"Crescente";"Céu Claro";"Simples";"Reta";"Sim";2;0;0;1;1;0;1;2;-15,6627;-56,18534;"SPRF-MT";"DEL01-MT";"UOP02-DEL01-MT"
751348;2026-02-10;"terça-feira";"09:50:00";"SC";282;212;"LAGES";"Condutor Dormindo";"Saída de leito carroçável";"Com Vítimas Feridas";"Pleno dia";"Crescente";"Céu Claro";"Simples";"Reta";"Não";2;0;1;0;1;0;1;1;-27,7820879;-50,2505854;"SPRF-SC";"DEL05-SC";"UOP01-DEL05-SC"
751354;2026-02-10;"terça-feira";"10:15:00";"SC";101;216;"PALHOCA";"Manobra de mudança de faixa";"Colisão lateral mesmo sentido";"Com Vítimas Feridas";"Pleno dia";"Crescente";"Céu Claro";"Múltipla";"Reta";"Sim";3;0;2;0;1;0;2;2;-27,6599;-48,6777;"SPRF-SC";"DEL01-SC";"UOP02-DEL01-SC"
751357;2026-02-10;"terça-feira";"06:59:00";"RS";116;241;"NOVO HAMBURGO";"Demais falhas mecânicas ou elétricas";"Tombamento";"Com Vítimas Feridas";"Pleno dia";"Decrescente";"Céu Claro";"Dupla";"Reta";"Sim";1;0;1;0;0;0;1;1;-29,7153439;-51,1478477;"SPRF-RS";"DEL01-RS";"UOP02-DEL01-RS"
751359;2026-02-10;"terça-feira";"11:45:00";"RS";290;393;"SANTA MARGARIDA DO SUL";"Acessar a via sem observar a presença dos outros veículos";"Colisão transversal";"Com Vítimas Feridas";"Pleno dia";"Crescente";"Céu Claro";"Simples";"Reta";"Não";3;0;2;0;1;0;2;2;-30,34212919;-54,09395155;"SPRF-RS";"DEL09-RS";"UOP02-DEL09-RS"
751360;2026-02-10;"terça-feira";"11:40:00";"SC";101;210;"SAO JOSE";"Acessar a via sem observar a presença dos outros veículos";"Colisão lateral mesmo sentido";"Com Vítimas Feridas";"Pleno dia";"Decrescente";"Céu Claro";"Dupla";"Reta";"Sim";2;0;1;0;1;0;1;2;-27,61657963;-48,64508836;"SPRF-SC";"DEL01-SC";"UOP01-DEL01-SC"
751362;2026-02-10;"terça-feira";"11:10:00";"MG";40;512,8;"RIBEIRAO DAS NEVES";"Ausência de reação do condutor";"Colisão traseira";"Com Vítimas Feridas";"Pleno dia";"Crescente";"Nublado";"Dupla";"Reta;Aclive";"Sim";2;0;1;0;1;0;1;2;-19,80932408;-44,09499519;"SPRF-MG";"DEL01-MG";"UOP02-DEL01-MG"
751363;2026-02-10;"terça-feira";"11:20:00";"PA";316;61;"CASTANHAL";"Acessar a via sem observar a presença dos outros veículos";"Colisão transversal";"Com Vítimas Feridas";"Pleno dia";"Decrescente";"Céu Claro";"Dupla";"Reta";"Sim";3;0;0;1;2;0;1;2;-1,297115;-47,945263;"SPRF-PA";"DEL01-PA";"UOP01-DEL01-PA"
751364;2026-02-10;"terça-feira";"12:00:00";"SC";101;46;"JOINVILLE";"Reação tardia ou ineficiente do condutor";"Queda de ocupante de veículo";"Com Vítimas Feridas";"Pleno dia";"Decrescente";"Céu Claro";"Dupla";"Reta";"Não";1;0;1;0;0;0;1;1;-26,35458841;-48,85863511;"SPRF-SC";"DEL03-SC";"UOP01-DEL03-SC"
751367;2026-02-10;"terça-feira";"11:40:00";"RN";101;95,5;"NATAL";"Ausência de reação do condutor";"Colisão traseira";"Com Vítimas Feridas";"Pleno dia";"Crescente";"Sol";"Simples";"Declive";"Sim";2;0;1;0;1;0;1;2;-5,84438695;-35,20910947;"SPRF-RN";"DEL01-RN";"UOP01-DEL01-RN"
751368;2026-02-10;"terça-feira";"11:00:00";"PE";232;70;"GRAVATA";"Condutor deixou de manter distância do veículo da frente";"Colisão traseira";"Com Vítimas Feridas";"Pleno dia";"Crescente";"Nublado";"Dupla";"Reta";"Não";2;0;1;0;1;0;1;2;-8,19476014;-35,5173893;"SPRF-PE";"DEL02-PE";"UOP02-DEL02PE"
751371;2026-02-10;"terça-feira";"12:19:00";"PE";423;26,3;"SAO CAITANO";"Ausência de reação do condutor";"Engavetamento";"Com Vítimas Feridas";"Pleno dia";"Decrescente";"Céu Claro";"Simples";"Reta";"Não";6;0;1;0;5;0;1;5;-8,385874;-36,175588;"SPRF-PE";"DEL03-PE";"UOP02-DEL03-PE"
751372;2026-02-10;"terça-feira";"12:00:00";"PR";369;187,8;"ARAPONGAS";"Velocidade Incompatível";"Queda de ocupante de veículo";"Com Vítimas Feridas";"Pleno dia";"Decrescente";"Céu Claro";"Dupla";"Rotatória";"Sim";1;0;1;0;0;0;1;1;-23,41714706;-51,42671285;"SPRF-PR";"DEL07-PR";"UOP03-DEL07-PR"
751373;2026-02-10;"terça-feira";"13:03:00";"ES";101;294,6;"CARIACICA";"Pedestre cruzava a pista fora da faixa";"Atropelamento de Pedestre";"Com Vítimas Feridas";"Pleno dia";"Decrescente";"Céu Claro";"Dupla";"Reta;Declive";"Não";2;0;0;1;1;0;1;2;-20,33251449;-40,40004224;"SPRF-ES";"DEL01-ES";"UOP01-DEL01-ES"
751374;2026-02-10;"terça-feira";"10:35:00";"RR";0;0;"BOA VISTA";"Ausência de reação do condutor";"Colisão traseira";"Sem Vítimas";"Pleno dia";"Não Informado";"Céu Claro";"Dupla";"Reta;Aclive;Em Obras";"Sim";5;0;0;0;3;2;0;2;2,77883;-60,706445;"SPRF-RR";"DEL01-RR";"N/A"
751375;2026-02-10;"terça-feira";"12:50:00";"RS";290;67;"GRAVATAI";"Reação tardia ou ineficiente do condutor";"Saída de leito carroçável";"Com Vítimas Feridas";"Pleno dia";"Decrescente";"Céu Claro";"Dupla";"Reta";"Não";3;0;1;0;2;0;1;1;-29,943089;-50,931818;"SPRF-RS";"DEL03-RS";"UOP01-DEL03-RS"
751376;2026-02-10;"terça-feira";"09:05:00";"PA";10;269;"MAE DO RIO";"Ausência de reação do condutor";"Colisão traseira";"Com Vítimas Feridas";"Pleno dia";"Crescente";"Céu Claro";"Simples";"Reta;Em Obras";"Não";3;0;0;1;2;0;1;3;-2,080667;-47,559695;"SPRF-PA";"DEL02-PA";"UOP01-DEL02-PA"
751379;2026-02-10;"terça-feira";"10:52:00";"CE";116;502,8;"BREJO SANTO";"Acessar a via sem observar a presença dos outros veículos";"Colisão transversal";"Com Vítimas Feridas";"Pleno dia";"Decrescente";"Céu Claro";"Simples";"Reta";"Sim";3;0;0;2;1;0;2;2;-7,49680247;-38,98454547;"SPRF-CE";"DEL05-CE";"UOP03-DEL05-CE"
751381;2026-02-10;"terça-feira";"13:10:00";"SC";282;19;"PALHOCA";"Transitar na contramão";"Colisão frontal";"Com Vítimas Feridas";"Pleno dia";"Crescente";"Céu Claro";"Simples";"Reta;Interseção de Vias";"Sim";4;0;1;1;2;0;2;3;-27,67876607;-48,70224606;"SPRF-SC";"DEL01-SC";"UOP02-DEL01-SC"
751382;2026-02-10;"terça-feira";"08:13:00";"PR";116;18,9;"CURITIBA";"Trafegar com motocicleta (ou similar) entre as faixas";"Colisão lateral mesmo sentido";"Com Vítimas Feridas";"Pleno dia";"Crescente";"Nublado";"Dupla";"Aclive;Reta";"Sim";3;0;2;0;1;0;2;2;-25,38881;-49,198795;"SPRF-PR";"DEL01-PR";"UOP02-DEL01-PR"
751383;2026-02-10;"terça-feira";"13:35:00";"PR";376;670;"GUARATUBA";"Ausência de reação do condutor";"Colisão com objeto";"Com Vítimas Feridas";"Pleno dia";"Crescente";"Céu Claro";"Dupla";"Declive;Curva";"Não";1;0;1;0;0;0;1;1;-25,8837307;-48,9349228;"SPRF-PR";"DEL01-PR";"UOP04-DEL01-PR"
751384;2026-02-10;"terça-feira";"13:00:00";"MG";381;526,6;"ITATIAIUCU";"Declive acentuado";"Tombamento";"Com Vítimas Feridas";"Pleno dia";"Decrescente";"Nublado";"Dupla";"Curva";"Não";3;0;2;0;1;0;2;1;-20,16437989;-44,36652303;"SPRF-MG";"DEL04-MG";"UOP03-DEL04-MG"
751387;2026-02-07;"sábado";"08:00:00";"RJ";40;72;"DUQUE DE CAXIAS";"Pista Escorregadia";"Colisão com objeto";"Com Vítimas Feridas";"Pleno dia";"Decrescente";"Garoa/Chuvisco";"Simples";"Curva";"Não";5;0;4;0;1;0;4;1;-22,630818;-43,28513043;"SPRF-RJ";"DEL01-RJ";"UOP01-DEL01-RJ"
751388;2026-02-10;"terça-feira";"12:30:00";"TO";10;362;"SILVANOPOLIS";"Ausência de reação do condutor";"Saída de leito carroçável";"Com Vítimas Fatais";"Pleno dia";"Decrescente";"Céu Claro";"Simples";"Curva";"Não";1;1;0;0;0;0;0;1;-11,03472;-48,25791;"SPRF-TO";"DEL01-TO";"UOP03-DEL01-TO"
751389;2026-02-10;"terça-feira";"13:20:00";"AL";101;204,8;"SAO SEBASTIAO";"Ingestão de álcool pelo condutor";"Queda de ocupante de veículo";"Com Vítimas Feridas";"Pleno dia";"Crescente";"Céu Claro";"Dupla";"Reta";"Não";1;0;1;0;0;0;1;1;-9,98308;-36,561083;"SPRF-AL";"DEL02-AL";"UOP02-DEL02-AL"
751390;2026-02-10;"terça-feira";"13:15:00";"PE";101;65;"RECIFE";"Demais falhas mecânicas ou elétricas";"Queda de ocupante de veículo";"Com Vítimas Feridas";"Pleno dia";"Decrescente";"Céu Claro";"Dupla";"Reta";"Sim";2;0;2;0;0;0;2;1;-8,018613;-34,942044;"SPRF-PE";"DEL01-PE";"UOP01-DEL01-PE"
751392;2026-02-10;"terça-feira";"14:40:00";"MG";40;728,9;"OLIVEIRA FORTES";"Velocidade Incompatível";"Colisão com objeto";"Com Vítimas Feridas";"Pleno dia";"Crescente";"Ignorado";"Dupla";"Curva;Declive";"Não";1;0;1;0;0;0;1;1;-21,34606461;-43,58267784;"SPRF-MG";"DEL05-MG";"UOP01-DEL05-MG"
751393;2026-02-10;"terça-feira";"11:40:00";"SC";163;70,1;"SAO MIGUEL DO OESTE";"Acessar a via sem observar a presença dos outros veículos";"Colisão transversal";"Com Vítimas Feridas";"Pleno dia";"Crescente";"Céu Claro";"Dupla";"Interseção de Vias;Reta";"Sim";3;0;1;0;2;0;1;2;-26,73388264;-53,50784898;"SPRF-SC";"DEL07-SC";"UOP03-DEL07-SC"
751394;2026-02-10;"terça-feira";"14:20:00";"PB";230;65,5;"SAO MIGUEL DE TAIPU";"Velocidade Incompatível";"Saída de leito carroçável";"Com Vítimas Feridas";"Pleno dia";"Decrescente";"Céu Claro";"Dupla";"Curva";"Não";1;0;0;1;0;0;1;1;-7,1910467;-35,1838983;"SPRF-PB";"DEL01-PB";"UOP02-DEL01-PB"
751396;2026-02-10;"terça-feira";"11:34:00";"RJ";40;121;"DUQUE DE CAXIAS";"Ausência de reação do condutor";"Colisão traseira";"Com Vítimas Feridas";"Pleno dia";"Decrescente";"Garoa/Chuvisco";"Simples";"Viaduto";"Sim";3;0;1;1;1;0;2;2;-22,7862933;-43,2852977;"SPRF-RJ";"DEL01-RJ";"UOP02-DEL01-RJ"
751397;2026-02-10;"terça-feira";"11:04:00";"AC";364;136;"RIO BRANCO";"Reação tardia ou ineficiente do condutor";"Colisão traseira";"Com Vítimas Feridas";"Pleno dia";"Crescente";"Céu Claro";"Dupla";"Aclive;Reta";"Sim";2;0;1;0;1;0;1;2;-9,973015;-67,850965;"SPRF-AC";"DEL01-AC";"UOP01-DEL01-AC"
751398;2026-01-17;"sábado";"18:05:00";"PR";277;44;"MORRETES";"Velocidade Incompatível";"Colisão lateral mesmo sentido";"Com Vítimas Feridas";"Anoitecer";"Crescente";"Chuva";"Dupla";"Curva;Aclive";"Não";2;0;1;0;0;1;1;2;-25,5930329;-48,8904913;"SPRF-PR";"DEL01-PR";"UOP05-DEL01-PR"
751401;2026-02-06;"sexta-feira";"14:00:00";"AL";101;88;"RIO LARGO";"Reação tardia ou ineficiente do condutor";"Colisão traseira";"Com Vítimas Feridas";"Pleno dia";"Crescente";"Céu Claro";"Dupla";"Reta";"Não";2;0;1;0;1;0;1;2;-9,46806488;-35,82442984;"SPRF-AL";"DEL01-AL";"UOP01-DEL01-AL"
751402;2026-02-10;"terça-feira";"12:30:00";"SC";101;330,7;"TUBARAO";"Manobra de mudança de faixa";"Queda de ocupante de veículo";"Com Vítimas Feridas";"Pleno dia";"Decrescente";"Céu Claro";"Múltipla";"Reta";"Não";1;0;1;0;0;0;1;1;-28,4594;-48,988;"SPRF-SC";"DEL02-SC";"UOP01-DEL02-SC"
751404;2026-02-10;"terça-feira";"15:24:00";"RS";101;2,4;"TORRES";"Reação tardia ou ineficiente do condutor";"Queda de ocupante de veículo";"Com Vítimas Feridas";"Pleno dia";"Crescente";"Céu Claro";"Simples";"Curva";"Não";1;0;0;1;0;0;1;1;-29,32044934;-49,77766192;"SPRF-RS";"DEL03-RS";"UOP02-DEL03-RS"
751405;2026-02-10;"terça-feira";"15:20:00";"DF";70;10;"BRASILIA";"Acessar a via sem observar a presença dos outros veículos";"Colisão traseira";"Sem Vítimas";"Pleno dia";"Decrescente";"Nublado";"Múltipla";"Reta";"Não";2;0;0;0;2;0;0;2;-15,789302;-48,146807;"SPRF-DF";"DEL03-DF";"UOP02-DEL03-DF"
751409;2026-02-10;"terça-feira";"15:50:00";"SC";101;148,8;"ITAPEMA";"Acessar a via sem observar a presença dos outros veículos";"Colisão lateral mesmo sentido";"Com Vítimas Feridas";"Pleno dia";"Decrescente";"Céu Claro";"Dupla";"Reta;Interseção de Vias";"Sim";3;0;2;0;1;0;2;2;-27,10622978;-48,61478321;"SPRF-SC";"DEL04-SC";"UOP03-DEL04-SC"
751410;2026-02-03;"terça-feira";"13:50:00";"BA";101;883;"TEIXEIRA DE FREITAS";"Acessar a via sem observar a presença dos outros veículos";"Colisão transversal";"Com Vítimas Feridas";"Pleno dia";"Crescente";"Nublado";"Simples";"Rotatória";"Não";2;0;2;0;0;0;2;2;-17,590995;-39,745083;"SPRF-BA";"DEL09-BA";"UOP02-DEL09-BA"
751411;2026-02-10;"terça-feira";"16:00:00";"SC";116;81;"MONTE CASTELO";"Transitar na contramão";"Colisão frontal";"Com Vítimas Feridas";"Pleno dia";"Crescente";"Céu Claro";"Simples";"Reta";"Não";3;0;1;0;2;0;1;2;-26,65223848;-50,27169449;"SPRF-SC";"DEL06-SC";"UOP02-DEL06-SC"
751412;2026-02-10;"terça-feira";"15:30:00";"AP";156;510;"PRACUUBA";"Acumulo de água sobre o pavimento";"Saída de leito carroçável";"Com Vítimas Feridas";"Pleno dia";"Crescente";"Chuva";"Simples";"Curva";"Não";1;0;1;0;0;0;1;1;1,803024;-50,878418;"SPRF-AP";"DEL01-AP";"UOP02-DEL01-AP"
751414;2026-02-10;"terça-feira";"15:45:00";"SC";470;97,4;"APIUNA";"Reação tardia ou ineficiente do condutor";"Colisão traseira";"Sem Vítimas";"Pleno dia";"Decrescente";"Céu Claro";"Simples";"Reta";"Sim";4;0;0;0;4;0;0;2;-27,02994;-49,38262;"SPRF-SC";"DEL04-SC";"UOP01-DEL04-SC"
751415;2026-02-10;"terça-feira";"15:35:00";"PE";101;62,6;"RECIFE";"Trafegar com motocicleta (ou similar) entre as faixas";"Colisão lateral mesmo sentido";"Com Vítimas Feridas";"Pleno dia";"Decrescente";"Céu Claro";"Dupla";"Reta";"Não";2;0;1;0;1;0;1;2;-8,003512;-34,938266;"SPRF-PE";"DEL01-PE";"UOP02-DEL01-PE"
751416;2026-02-10;"terça-feira";"15:35:00";"RO";364;198;"PIMENTA BUENO";"Transitar na contramão";"Colisão frontal";"Com Vítimas Feridas";"Pleno dia";"Decrescente";"Garoa/Chuvisco";"Simples";"Viaduto;Retorno Regulamentado";"Sim";3;0;1;0;2;0;1;2;-11,670975;-61,191475;"SPRF-RO";"DEL02-RO";"UOP02-DEL02-RO"
751418;2026-02-10;"terça-feira";"14:00:00";"RJ";116;147;"DUQUE DE CAXIAS";"Pista Escorregadia";"Tombamento";"Com Vítimas Feridas";"Pleno dia";"Decrescente";"Chuva";"Dupla";"Reta";"Sim";1;0;1;0;0;0;1;1;-22,67045102;-43,27445736;"SPRF-RJ";"DEL01-RJ";"UOP02-DEL01-RJ"
751422;2026-02-10;"terça-feira";"15:50:00";"MG";365;792;"GURINHATA";"Chuva";"Saída de leito carroçável";"Com Vítimas Feridas";"Pleno dia";"Crescente";"Chuva";"Dupla";"Interseção de Vias";"Sim";1;0;1;0;0;0;1;1;-18,931446;-49,838519;"SPRF-MG";"DEL15-MG";"UOP03-DEL15-MG"
751423;2026-02-10;"terça-feira";"09:40:00";"RJ";101;306;"SAO GONCALO";"Ausência de reação do condutor";"Colisão traseira";"Com Vítimas Feridas";"Pleno dia";"Crescente";"Nublado";"Dupla";"Reta";"Sim";2;0;1;0;1;0;1;2;-22,78947604;-43,00769806;"SPRF-RJ";"DEL02-RJ";"UOP02-DEL02-RJ"
751424;2026-02-10;"terça-feira";"17:10:00";"GO";50;105,9;"CRISTALINA";"Chuva";"Saída de leito carroçável";"Com Vítimas Feridas";"Pleno dia";"Decrescente";"Chuva";"Dupla";"Reta";"Não";1;0;1;0;0;0;1;1;-16,816712;-47,670122;"SPRF-DF";"DEL01-DF";"UOP02-DEL01-DF"
751425;2026-02-10;"terça-feira";"11:00:00";"RO";421;47,5;"MONTE NEGRO";"Ultrapassagem Indevida";"Colisão frontal";"Com Vítimas Fatais";"Pleno dia";"Decrescente";"Nublado";"Simples";"Declive;Reta";"Não";4;1;1;2;0;0;3;2;-10,25203;-63,280763;"SPRF-RO";"DEL03-RO";"UOP01-DEL03-RO"