"id";"data_inversa";"dia_semana";"horario";"uf";"br";"km";"municipio";"causa_acidente";"tipo_acidente";"classificacao_acidente";"fase_dia";"sentido_via";"condicao_metereologica";"tipo_pista";"tracado_via";"uso_solo";"pessoas";"mortos";"feridos_leves";"feridos_graves";"ilesos";"ignorados";"feridos";"veiculos";"latitude";"longitude";"regional";"delegacia";"uop"
751775;2026-02-12;"quinta-feira";"13:30:00";"RJ";116;111;"GUAPIMIRIM";"Avarias e/ou desgaste excessivo no pneu";"Queda de ocupante de veículo";"Com Vítimas Feridas";"Pleno dia";"Decrescente";"Sol";"Dupla";"Reta";"Não";1;0;1;0;0;0;1;1;-22,558989;-42,995272;"SPRF-RJ";"DEL04-RJ";"UOP02-DEL04-RJ"
751776;2026-02-12;"quinta-feira";"10:30:00";"SC";101;92;"BARRA VELHA";"Ausência de reação do condutor";"Colisão traseira";"Com Vítimas Feridas";"Pleno dia";"Crescente";"Céu Claro";"Dupla";"Reta";"Sim";3;0;1;0;2;0;1;2;-26,687124;-48,695613;"SPRF-SC";"DEL03-SC";"UOP02-DEL03-SC"
751778;2026-02-12;"quinta-feira";"01:50:00";"RS";471;504;"RIO GRANDE";"Ultrapassagem Indevida";"Colisão frontal";"Com Vítimas Feridas";"Pleno dia";"Crescente";"Chuva";"Simples";"Reta";"Não";5;0;3;2;0;0;5;2;-32,15899344;-52,40149955;"SPRF-RS";"DEL07-RS";"UOP02-DEL07-RS"
751779;2026-01-26;"segunda-feira";"19:20:00";"BA";324;618;"SALVADOR";"Acessar a via sem observar a presença dos outros veículos";"Colisão transversal";"Com Vítimas Feridas";"Plena Noite";"Decrescente";"Céu Claro";"Dupla";"Interseção de Vias";"Sim";2;0;1;0;1;0;1;2;-12,9028437;-38,45386505;"SPRF-BA";"DEL01-BA";"UOP01-DEL01-BA"
751780;2026-02-12;"quinta-feira";"14:00:00";"SP";116;111,8;"TAUBATE";"Avarias e/ou desgaste excessivo no pneu";"Tombamento";"Com Vítimas Feridas";"Pleno dia";"Decrescente";"Céu Claro";"Dupla";"Reta";"Sim";2;0;2;0;0;0;2;1;-23,04114307;-45,56870408;"SPRF-SP";"DEL02-SP";"UOP02-DEL02-SP"
751782;2026-02-12;"quinta-feira";"13:47:00";"SC";101;201,5;"SAO JOSE";"Condutor deixou de manter distância do veículo da frente";"Colisão lateral mesmo sentido";"Com Vítimas Feridas";"Pleno dia";"Crescente";"Céu Claro";"Múltipla";"Reta";"Sim";3;0;1;0;2;0;1;2;-27,55332;-48,619557;"SPRF-SC";"DEL01-SC";"UOP01-DEL01-SC"
751784;2026-02-12;"quinta-feira";"13:00:00";"BA";101;533,7;"SAO JOSE DA VITORIA";"Acumulo de óleo sobre o pavimento";"Saída de leito carroçável";"Sem Vítimas";"Pleno dia";"Decrescente";"Garoa/Chuvisco";"Simples";"Curva";"Não";2;0;0;0;2;0;0;1;-15,022872;-39,328698;"SPRF-BA";"DEL05-BA";"UOP01-DEL05-BA"
751785;2026-02-12;"quinta-feira";"11:45:00";"SP";116;115;"TAUBATE";"Condutor deixou de manter distância do veículo da frente";"Colisão traseira";"Com Vítimas Feridas";"Pleno dia";"Crescente";"Céu Claro";"Dupla";"Reta";"Não";2;0;2;0;0;0;2;2;-23,03908698;-45,56144476;"SPRF-SP";"DEL02-SP";"UOP02-DEL02-SP"
751787;2026-02-12;"quinta-feira";"15:00:00";"PR";116;48;"CAMPINA GRANDE DO SUL";"Acessar a via sem observar a presença dos outros veículos";"Colisão lateral mesmo sentido";"Com Vítimas Feridas";"Pleno dia";"Crescente";"Nublado";"Dupla";"Reta";"Sim";2;0;0;1;1;0;1;2;-25,22026753;-48,90511366;"SPRF-PR";"DEL01-PR";"UOP02-DEL01-PR"
751789;2026-02-12;"quinta-feira";"14:30:00";"PE";232;16;"JABOATAO DOS GUARARAPES";"Reação tardia ou ineficiente do condutor";"Colisão traseira";"Com Vítimas Feridas";"Pleno dia";"Crescente";"Nublado";"Dupla";"Reta;Retorno Regulamentado";"Não";2;0;1;1;0;0;2;2;-8,096;-35,045355;"SPRF-PE";"DEL01-PE";"UOP01-DEL01-PE"
751790;2026-02-12;"quinta-feira";"14:50:00";"GO";60;138;"GOIANIA";"Reação tardia ou ineficiente do condutor";"Queda de ocupante de veículo";"Com Vítimas Feridas";"Pleno dia";"Decrescente";"Céu Claro";"Múltipla";"Reta";"Sim";2;0;2;0;0;0;2;1;-16,613019;-49,205571;"SPRF-GO";"DEL01-GO";"UOP01-DEL01-GO"
751793;2026-02-12;"quinta-feira";"14:10:00";"MG";381;374;"SAO GONCALO DO RIO ABAIXO";"Acessar a via sem observar a presença dos outros veículos";"Colisão transversal";"Com Vítimas Feridas";"Pleno dia";"Decrescente";"Céu Claro";"Simples";"Reta";"Sim";2;0;1;0;1;0;1;2;-19,835772;-43,347607;"SPRF-MG";"DEL01-MG";"UOP01-DEL01-MG"
751794;2026-02-12;"quinta-feira";"15:00:00";"MG";40;546;"NOVA LIMA";"Demais falhas mecânicas ou elétricas";"Incêndio";"Sem Vítimas";"Pleno dia";"Crescente";"Céu Claro";"Dupla";"Reta";"Não";1;0;0;0;1;0;0;1;-20,01250829;-43,96780014;"SPRF-MG";"DEL01-MG";"UOP02-DEL01-MG"
751795;2026-02-12;"quinta-feira";"15:00:00";"RJ";40;78;"PETROPOLIS";"Ausência de reação do condutor";"Tombamento";"Com Vítimas Feridas";"Pleno dia";"Crescente";"Céu Claro";"Simples";"Declive;Curva";"Não";1;0;1;0;0;0;1;1;-22,48549;-43,22726;"SPRF-RJ";"DEL01-RJ";"UOP01-DEL01-RJ"
751796;2026-02-12;"quinta-feira";"15:37:00";"MG";381;500;"BETIM";"Ausência de reação do condutor";"Tombamento";"Com Vítimas Feridas";"Pleno dia";"Decrescente";"Céu Claro";"Dupla";"Reta";"Não";2;0;1;0;0;1;1;2;-20,00630902;-44,21441174;"SPRF-MG";"DEL01-MG";"UOP03-DEL01-MG"
751797;2026-02-12;"quinta-feira";"13:45:00";"MT";70;2;"BARRA DO GARCAS";"Ultrapassagem Indevida";"Colisão transversal";"Com Vítimas Feridas";"Pleno dia";"Decrescente";"Garoa/Chuvisco";"Simples";"Interseção de Vias";"Sim";2;0;1;0;1;0;1;2;-15,88693337;-52,26909667;"SPRF-MT";"DEL07-MT";"UOP01-DEL07-MT"
751798;2026-02-12;"quinta-feira";"12:00:00";"PI";343;4,6;"TERESINA";"Ausência de reação do condutor";"Colisão traseira";"Com Vítimas Feridas";"Pleno dia";"Decrescente";"Nublado";"Dupla";"Reta";"Não";2;0;1;0;0;1;1;2;-5,08218321;-42,79418183;"SPRF-PI";"DEL01-PI";"UOP01-DEL01-PI"
751801;2026-02-12;"quinta-feira";"14:10:00";"RO";319;142;"PORTO VELHO";"Condutor deixou de manter distância do veículo da frente";"Colisão traseira";"Sem Vítimas";"Pleno dia";"Crescente";"Nublado";"Dupla";"Reta";"Sim";4;0;0;0;4;0;0;2;-8,74819959;-63,8884989;"SPRF-RO";"DEL01-RO";"UOP01-DEL01-RO"
751802;2026-02-12;"quinta-feira";"14:30:00";"AL";316;78;"POCO DAS TRINCHEIRAS";"Avarias e/ou desgaste excessivo no pneu";"Queda de ocupante de veículo";"Com Vítimas Feridas";"Pleno dia";"Crescente";"Céu Claro";"Simples";"Reta";"Não";2;0;2;0;0;0;2;1;-9,33744;-37,289247;"SPRF-AL";"DEL03-AL";"UOP02-DEL03-AL"
751804;2026-02-12;"quinta-feira";"15:10:00";"SC";280;28;"ARAQUARI";"Transitar na contramão";"Colisão transversal";"Com Vítimas Feridas";"Pleno dia";"Crescente";"Céu Claro";"Simples";"Reta";"Sim";2;0;2;0;0;0;2;2;-26,40638464;-48,74744487;"SPRF-SC";"DEL03-SC";"UOP03-DEL03-SC"
751805;2026-02-12;"quinta-feira";"14:55:00";"PR";369;192;"ARAPONGAS";"Reação tardia ou ineficiente do condutor";"Queda de ocupante de veículo";"Com Vítimas Feridas";"Pleno dia";"Crescente";"Nublado";"Dupla";"Reta";"Sim";1;0;1;0;0;0;1;1;-23,452341;-51,42346;"SPRF-PR";"DEL07-PR";"UOP03-DEL07-PR"
751806;2026-01-19;"segunda-feira";"10:25:00";"SC";101;75,9;"ARAQUARI";"Reação tardia ou ineficiente do condutor";"Engavetamento";"Sem Vítimas";"Pleno dia";"Decrescente";"Nublado";"Dupla";"Reta";"Sim";4;0;0;0;4;0;0;4;-26,55382403;-48,71906016;"SPRF-SC";"DEL03-SC";"UOP02-DEL03-SC"
751808;2026-02-12;"quinta-feira";"14:30:00";"MT";163;760;"SORRISO";"Pista esburacada";"Queda de ocupante de veículo";"Com Vítimas Feridas";"Pleno dia";"Decrescente";"Nublado";"Simples";"Reta";"Não";1;0;1;0;0;0;1;1;-12,489217;-55,682598;"SPRF-MT";"DEL06-MT";"UOP01-DEL06-MT"
751810;2026-02-12;"quinta-feira";"14:30:00";"MG";381;165,5;"GOVERNADOR VALADARES";"Reação tardia ou ineficiente do condutor";"Colisão lateral mesmo sentido";"Com Vítimas Feridas";"Pleno dia";"Crescente";"Céu Claro";"Simples";"Curva";"Não";2;0;1;0;1;0;1;2;-18,9613311;-42,07626343;"SPRF-MG";"DEL06-MG";"UOP01-DEL06-MG"
751812;2026-02-12;"quinta-feira";"16:10:00";"RJ";101;66,6;"CAMPOS DOS GOYTACAZES";"Condutor deixou de manter distância do veículo da frente";"Colisão traseira";"Com Vítimas Feridas";"Pleno dia";"Crescente";"Céu Claro";"Dupla";"Curva;Interseção de Vias";"Sim";7;0;1;0;6;0;1;2;-21,766903;-41,346078;"SPRF-RJ";"DEL08-RJ";"UOP02-DEL08-RJ"
751813;2026-02-12;"quinta-feira";"16:00:00";"RS";116;267;"CANOAS";"Reação tardia ou ineficiente do condutor";"Colisão traseira";"Com Vítimas Feridas";"Pleno dia";"Crescente";"Chuva";"Múltipla";"Reta";"Sim";2;0;0;1;1;0;1;2;-29,94325851;-51,17702007;"SPRF-RS";"DEL01-RS";"UOP01-DEL01-RS"
751814;2026-02-12;"quinta-feira";"16:00:00";"MG";381;695,9;"LAVRAS";"Chuva";"Saída de leito carroçável";"Com Vítimas Feridas";"Pleno dia";"Crescente";"Chuva";"Dupla";"Curva";"Não";1;0;1;0;0;0;1;1;-21,248647;-45,138378;"SPRF-MG";"DEL04-MG";"UOP02-DEL04-MG"
751815;2026-02-12;"quinta-feira";"14:09:00";"AC";364;138;"RIO BRANCO";"Manobra de mudança de faixa";"Colisão lateral mesmo sentido";"Com Vítimas Feridas";"Pleno dia";"Crescente";"Céu Claro";"Dupla";"Rotatória";"Sim";4;0;1;0;3;0;1;2;-9,95275742;-67,86204417;"SPRF-AC";"DEL01-AC";"UOP01-DEL01-AC"
751816;2026-02-12;"quinta-feira";"16:00:00";"MG";116;278,5;"TEOFILO OTONI";"Ausência de reação do condutor";"Colisão traseira";"Com Vítimas Feridas";"Pleno dia";"Decrescente";"Céu Claro";"Simples";"Curva";"Sim";3;0;2;0;1;0;2;2;-17,87209;-41,519918;"SPRF-MG";"DEL11-MG";"UOP01-DEL11-MG"
751817;2026-02-12;"quinta-feira";"12:00:00";"SC";101;22,1;"JOINVILLE";"Manobra de mudança de faixa";"Tombamento";"Com Vítimas Feridas";"Pleno dia";"Crescente";"Céu Claro";"Dupla";"Reta;Declive";"Não";1;0;1;0;0;0;1;1;-26,16056986;-48,90754636;"SPRF-SC";"DEL03-SC";"UOP01-DEL03-SC"
751818;2026-02-12;"quinta-feira";"16:45:00";"PR";376;616;"SAO JOSE DOS PINHAIS";"Condutor deixou de manter distância do veículo da frente";"Colisão traseira";"Sem Vítimas";"Pleno dia";"Crescente";"Céu Claro";"Dupla";"Reta;Aclive";"Sim";3;0;0;0;3;0;0;3;-25,58563671;-49,17456865;"SPRF-PR";"DEL01-PR";"UOP04-DEL01-PR"
751819;2026-02-12;"quinta-feira";"16:05:00";"MS";163;10;"MUNDO NOVO";"Demais falhas mecânicas ou elétricas";"Incêndio";"Sem Vítimas";"Pleno dia";"Crescente";"Céu Claro";"Simples";"Declive";"Não";1;0;0;0;1;0;0;1;-23,9797109;-54,3310227;"SPRF-MS";"DEL09-MS";"UOP02-DEL09-MS"
751821;2026-02-12;"quinta-feira";"16:15:00";"PB";230;327;"PATOS";"Acessar a via sem observar a presença dos outros veículos";"Colisão transversal";"Com Vítimas Feridas";"Pleno dia";"Crescente";"Céu Claro";"Simples";"Interseção de Vias";"Não";4;0;3;0;0;1;3;3;-7,015393;-37,22176;"SPRF-PB";"DEL03-PB";"UOP01-DEL03-PB"
751823;2026-02-12;"quinta-feira";"16:30:00";"CE";116;15;"FORTALEZA";"Condutor deixou de manter distância do veículo da frente";"Colisão lateral mesmo sentido";"Com Vítimas Feridas";"Pleno dia";"Crescente";"Céu Claro";"Dupla";"Reta";"Sim";3;0;2;0;0;1;2;2;-3,88623925;-38,50175254;"SPRF-CE";"DEL01-CE";"UOP02-DEL01-CE"
751825;2026-02-12;"quinta-feira";"17:15:00";"SC";101;117;"ITAJAI";"Ausência de reação do condutor";"Colisão lateral mesmo sentido";"Com Vítimas Feridas";"Pleno dia";"Crescente";"Sol";"Dupla";"Reta;Interseção de Vias";"Não";2;0;1;0;1;0;1;2;-26,88761392;-48,72247193;"SPRF-SC";"DEL04-SC";"UOP04-DEL04-SC"
751826;2026-02-12;"quinta-feira";"17:20:00";"BA";116;10;"VITORIA DA CONQUISTA";"Demais falhas mecânicas ou elétricas";"Queda de ocupante de veículo";"Com Vítimas Feridas";"Pleno dia";"Decrescente";"Céu Claro";"Simples";"Curva";"Sim";1;0;1;0;0;0;1;1;-14,86409089;-40,87266597;"SPRF-BA";"DEL08-BA";"UOP01-DEL08-BA"
751827;2026-02-12;"quinta-feira";"13:05:00";"RJ";101;302;"SAO GONCALO";"Ausência de reação do condutor";"Colisão lateral mesmo sentido";"Com Vítimas Feridas";"Pleno dia";"Decrescente";"Céu Claro";"Dupla";"Reta";"Sim";2;0;1;0;1;0;1;2;-22,78021748;-42,96439648;"SPRF-RJ";"DEL02-RJ";"UOP02-DEL02-RJ"
751828;2026-02-12;"quinta-feira";"13:20:00";"BA";324;537;"AMELIA RODRIGUES";"Manobra de mudança de faixa";"Colisão lateral mesmo sentido";"Com Vítimas Feridas";"Pleno dia";"Crescente";"Céu Claro";"Dupla";"Retorno Regulamentado;Interseção de Vias";"Sim";3;0;1;0;2;0;1;2;-12,376611;-38,804;"SPRF-BA";"DEL11-BA";"UOP02-DEL11-BA"
751829;2026-02-12;"quinta-feira";"17:30:00";"MG";40;548;"NOVA LIMA";"Reação tardia ou ineficiente do condutor";"Colisão traseira";"Com Vítimas Feridas";"Pleno dia";"Decrescente";"Céu Claro";"Dupla";"Reta;Declive";"Não";2;0;0;1;1;0;1;2;-20,0289779;-43,96968238;"SPRF-MG";"DEL01-MG";"UOP02-DEL01-MG"
751830;2026-02-12;"quinta-feira";"17:30:00";"MG";116;425;"ALPERCATA";"Demais falhas mecânicas ou elétricas";"Queda de ocupante de veículo";"Com Vítimas Feridas";"Pleno dia";"Crescente";"Céu Claro";"Simples";"Curva";"Não";2;0;1;0;1;0;1;1;-18,96636942;-41,97250382;"SPRF-MG";"DEL06-MG";"UOP01-DEL06-MG"
751833;2026-02-12;"quinta-feira";"11:03:00";"BA";324;550;"AMELIA RODRIGUES";"Condutor Dormindo";"Capotamento";"Com Vítimas Feridas";"Pleno dia";"Decrescente";"Céu Claro";"Dupla";"Reta";"Não";2;0;2;0;0;0;2;1;-12,445393;-38,7165383;"SPRF-BA";"DEL11-BA";"UOP02-DEL11-BA"
751834;2026-02-12;"quinta-feira";"17:22:00";"GO";153;387;"SAO FRANCISCO DE GOIAS";"Chuva";"Colisão traseira";"Com Vítimas Feridas";"Pleno dia";"Crescente";"Chuva";"Simples";"Reta";"Não";3;0;1;0;2;0;1;2;-15,99836662;-49,14340205;"SPRF-GO";"DEL02-GO";"UOP02-DEL02-GO"
751835;2026-02-12;"quinta-feira";"18:25:00";"SP";116;120;"TAUBATE";"Demais falhas mecânicas ou elétricas";"Tombamento";"Com Vítimas Feridas";"Anoitecer";"Decrescente";"Nublado";"Dupla";"Reta";"Sim";1;0;1;0;0;0;1;1;-23,06925533;-45,63765526;"SPRF-SP";"DEL02-SP";"UOP02-DEL02-SP"
751837;2026-02-12;"quinta-feira";"17:50:00";"RS";116;231,2;"ESTANCIA VELHA";"Conversão proibida";"Colisão transversal";"Com Vítimas Feridas";"Anoitecer";"Crescente";"Chuva";"Dupla";"Reta";"Sim";2;0;0;1;1;0;1;2;-29,62744839;-51,13870589;"SPRF-RS";"DEL01-RS";"UOP02-DEL01-RS"
751839;2026-02-12;"quinta-feira";"12:40:00";"MT";364;494;"JANGADA";"Acessar a via sem observar a presença dos outros veículos";"Colisão transversal";"Sem Vítimas";"Pleno dia";"Decrescente";"Céu Claro";"Simples";"Reta";"Não";2;0;0;0;2;0;0;2;-15,239813;-56,48652;"SPRF-MT";"DEL01-MT";"UOP01-DEL01-MT"
751840;2026-02-12;"quinta-feira";"17:30:00";"DF";20;25;"BRASILIA";"Ausência de reação do condutor";"Saída de leito carroçável";"Com Vítimas Fatais";"Pleno dia";"Crescente";"Céu Claro";"Dupla";"Reta";"Não";2;1;0;0;0;1;0;2;-15,59609;-47,64214;"SPRF-DF";"DEL02-DF";"UOP01-DEL02-DF"
751841;2026-02-12;"quinta-feira";"17:30:00";"SC";470;57;"BLUMENAU";"Desrespeitar a preferência no cruzamento";"Colisão transversal";"Com Vítimas Feridas";"Pleno dia";"Crescente";"Céu Claro";"Simples";"Rotatória";"Sim";3;0;1;0;2;0;1;2;-26,88242;-49,1413;"SPRF-SC";"DEL04-SC";"UOP01-DEL04-SC"
751845;2026-02-12;"quinta-feira";"19:00:00";"PE";104;67,8;"CARUARU";"Reação tardia ou ineficiente do condutor";"Colisão lateral mesmo sentido";"Com Vítimas Feridas";"Plena Noite";"Crescente";"Céu Claro";"Dupla";"Reta;Viaduto;Interseção de Vias";"Não";4;0;2;0;2;0;2;2;-8,30106;-35,9887;"SPRF-PE";"DEL02-PE";"UOP01-DEL02-PE"
751846;2026-02-12;"quinta-feira";"18:10:00";"PB";230;15,2;"CABEDELO";"Ausência de reação do condutor";"Colisão traseira";"Com Vítimas Feridas";"Plena Noite";"Decrescente";"Céu Claro";"Dupla";"Ponte;Declive";"Sim";2;0;0;2;0;0;2;2;-7,09855681;-34,84761953;"SPRF-PB";"DEL01-PB";"UOP01-DEL01-PB"
751847;2026-02-12;"quinta-feira";"19:30:00";"SC";280;23,9;"ARAQUARI";"Acessar a via sem observar a presença dos outros veículos";"Colisão transversal";"Com Vítimas Feridas";"Plena Noite";"Crescente";"Céu Claro";"Simples";"Reta";"Sim";3;0;1;1;1;0;2;2;-26,38140618;-48,72409309;"SPRF-SC";"DEL03-SC";"UOP03-DEL03-SC"
751848;2026-02-12;"quinta-feira";"19:45:00";"PB";230;11,1;"JOAO PESSOA";"Demais falhas na via";"Saída de leito carroçável";"Com Vítimas Feridas";"Plena Noite";"Decrescente";"Céu Claro";"Dupla";"Reta";"Sim";1;0;0;1;0;0;1;1;-7,16439813;-34,86305797;"SPRF-PB";"DEL01-PB";"UOP01-DEL01-PB"
751853;2026-02-12;"quinta-feira";"17:00:00";"RJ";101;303;"SAO GONCALO";"Reação tardia ou ineficiente do condutor";"Colisão traseira";"Com Vítimas Feridas";"Pleno dia";"Decrescente";"Céu Claro";"Dupla";"Reta";"Não";3;0;1;0;2;0;1;2;-22,7821292;-42,97396367;"SPRF-RJ";"DEL02-RJ";"UOP02-DEL02-RJ"
751857;2026-02-12;"quinta-feira";"20:15:00";"SP";101;50;"UBATUBA";"Acessar a via sem observar a presença dos outros veículos";"Colisão transversal";"Com Vítimas Feridas";"Plena Noite";"Crescente";"Céu Claro";"Simples";"Reta";"Sim";2;0;1;0;1;0;1;2;-23,45155338;-45,07591247;"SPRF-SP";"DEL06-SP";"UOP01-DEL06-SP"
751858;2026-02-12;"quinta-feira";"20:00:00";"MG";40;522;"CONTAGEM";"Ausência de reação do condutor";"Atropelamento de Pedestre";"Com Vítimas Feridas";"Plena Noite";"Decrescente";"Nublado";"Dupla";"Reta";"Sim";3;0;2;1;0;0;3;2;-19,9650847;-44,05509864;"SPRF-MG";"DEL01-MG";"UOP02-DEL01-MG"
751859;2026-02-12;"quinta-feira";"17:10:00";"BA";415;27,3;"ILHEUS";"Avarias e/ou desgaste excessivo no pneu";"Saída de leito carroçável";"Com Vítimas Feridas";"Pleno dia";"Crescente";"Garoa/Chuvisco";"Dupla";"Curva";"Não";3;0;0;1;2;0;1;2;-14,794562;-39,204953;"SPRF-BA";"DEL05-BA";"UOP01-DEL05-BA"
751862;2026-02-12;"quinta-feira";"14:30:00";"GO";153;284;"NOVA GLORIA";"Ausência de reação do condutor";"Colisão traseira";"Com Vítimas Feridas";"Pleno dia";"Crescente";"Céu Claro";"Simples";"Declive;Reta";"Não";3;0;2;0;1;0;2;2;-15,17917498;-49,54507828;"SPRF-GO";"DEL07-GO";"UOP02-DEL07-GO"
751863;2026-02-12;"quinta-feira";"10:15:00";"SC";280;27;"ARAQUARI";"Trafegar com motocicleta (ou similar) entre as faixas";"Colisão transversal";"Com Vítimas Feridas";"Pleno dia";"Decrescente";"Céu Claro";"Simples";"Reta";"Não";2;0;0;1;1;0;1;2;-26,39807271;-48,74104707;"SPRF-SC";"DEL03-SC";"UOP03-DEL03-SC"
751864;2026-02-12;"quinta-feira";"20:05:00";"PR";277;253,6;"IRATI";"Velocidade Incompatível";"Saída de leito carroçável";"Com Vítimas Fatais";"Plena Noite";"Crescente";"Chuva";"Simples";"Curva";"Não";22;1;15;6;0;0;21;1;-25,443956;-50,681847;"SPRF-PR";"DEL08-PR";"UOP02-DEL08-PR"
751865;2026-02-12;"quinta-feira";"18:40:00";"RR";432;197;"CANTA";"Pedestre andava na pista";"Atropelamento de Pedestre";"Com Vítimas Feridas";"Anoitecer";"Decrescente";"Céu Claro";"Simples";"Reta";"Não";3;0;0;1;2;0;1;2;2,60385006;-60,60002804;"SPRF-RR";"DEL01-RR";"UOP01-DEL01-RR"
751866;2026-02-12;"quinta-feira";"17:50:00";"RJ";101;320;"NITEROI";"Ausência de reação do condutor";"Colisão traseira";"Com Vítimas Feridas";"Anoitecer";"Decrescente";"Céu Claro";"Dupla";"Reta";"Sim";3;0;1;0;2;0;1;2;-22,86288913;-43,10760498;"SPRF-RJ";"DEL02-RJ";"UOP01-DEL02-RJ"
751867;2026-02-12;"quinta-feira";"20:35:00";"RS";472;176,3;"SANTA ROSA";"Transitar na contramão";"Colisão lateral sentido oposto";"Com Vítimas Feridas";"Plena Noite";"Decrescente";"Céu Claro";"Simples";"Reta";"Não";2;0;0;1;1;0;1;2;-27,85416904;-54,52512503;"SPRF-RS";"DEL10-RS";"UOP01-DEL10-RS"
751868;2026-02-12;"quinta-feira";"19:50:00";"MG";40;57;"PARACATU";"Reação tardia ou ineficiente do condutor";"Saída de leito carroçável";"Com Vítimas Feridas";"Plena Noite";"Decrescente";"Céu Claro";"Simples";"Reta";"Sim";4;0;1;0;3;0;1;1;-17,296;-46,773;"SPRF-MG";"DEL14-MG";"UOP01-DEL14-MG"
751869;2026-02-12;"quinta-feira";"19:00:00";"GO";452;1,5;"RIO VERDE";"Ausência de reação do condutor";"Queda de ocupante de veículo";"Com Vítimas Feridas";"Plena Noite";"Crescente";"Céu Claro";"Dupla";"Reta";"Sim";1;0;1;0;0;0;1;1;-17,79414616;-50,88904236;"SPRF-GO";"DEL04-GO";"UOP01-DEL04-GO"
751873;2026-02-12;"quinta-feira";"21:20:00";"PR";376;33,3;"NOVA LONDRINA";"Ausência de reação do condutor";"Colisão frontal";"Com Vítimas Fatais";"Plena Noite";"Decrescente";"Nublado";"Simples";"Reta";"Não";2;1;0;0;0;1;0;2;-22,78494575;-52,98826218;"SPRF-PR";"DEL09-PR";"UOP02-DEL09-PR"
751874;2026-01-08;"quinta-feira";"06:45:00";"SP";116;141,8;"SAO JOSE DOS CAMPOS";"Trafegar com motocicleta (ou similar) entre as faixas";"Colisão lateral mesmo sentido";"Com Vítimas Feridas";"Pleno dia";"Crescente";"Céu Claro";"Dupla";"Reta";"Sim";2;0;1;0;1;0;1;2;-23,17132489;-45,82415294;"SPRF-SP";"DEL02-SP";"UOP01-DEL02-SP"
751876;2026-02-12;"quinta-feira";"21:10:00";"SP";116;401;"MIRACATU";"Demais falhas mecânicas ou elétricas";"Incêndio";"Sem Vítimas";"Plena Noite";"Crescente";"Nublado";"Dupla";"Reta";"Não";1;0;0;0;1;0;0;1;-24,31047306;-47,51081491;"SPRF-SP";"DEL04-SP";"UOP02-DEL04-SP"
751877;2026-02-12;"quinta-feira";"22:04:00";"RN";101;96,2;"NATAL";"Reação tardia ou ineficiente do condutor";"Colisão com objeto";"Com Vítimas Feridas";"Plena Noite";"Crescente";"Céu Claro";"Simples";"Reta";"Sim";2;0;1;0;0;1;1;2;-5,8520538;-35,2105638;"SPRF-RN";"DEL01-RN";"UOP01-DEL01-RN"
751878;2026-02-12;"quinta-feira";"20:50:00";"DF";40;0,5;"BRASILIA";"Frear bruscamente";"Colisão traseira";"Com Vítimas Feridas";"Plena Noite";"Crescente";"Céu Claro";"Dupla";"Reta";"Sim";3;0;1;0;2;0;1;3;-15,9685006;-47,99134701;"SPRF-DF";"DEL01-DF";"UOP01-DEL01-DF"
751879;2026-02-12;"quinta-feira";"18:00:00";"SC";163;92,5;"GUARACIABA";"Reação tardia ou ineficiente do condutor";"Colisão traseira";"Com Vítimas Feridas";"Pleno dia";"Crescente";"Céu Claro";"Simples";"Curva";"Não";5;0;0;1;3;1;1;3;-26,54829052;-53,51947486;"SPRF-SC";"DEL07-SC";"UOP03-DEL07-SC"
751880;2026-02-12;"quinta-feira";"20:20:00";"RJ";116;248;"PIRAI";"Pista esburacada";"Queda de ocupante de veículo";"Com Vítimas Feridas";"Plena Noite";"Decrescente";"Céu Claro";"Dupla";"Curva";"Não";2;0;1;0;1;0;1;1;-22,66670584;-43,84154422;"SPRF-RJ";"DEL07-RJ";"UOP01-DEL07-RJ"
751881;2026-02-12;"quinta-feira";"20:50:00";"BA";101;167;"CONCEICAO DO JACUIPE";"Pedestre - Ingestão de álcool/ substâncias psicoativas";"Atropelamento de Pedestre";"Com Vítimas Feridas";"Plena Noite";"Decrescente";"Céu Claro";"Dupla";"Curva;Interseção de Vias;Viaduto";"Não";2;0;1;0;0;1;1;2;-12,36231485;-38,82762551;"SPRF-BA";"DEL11-BA";"UOP02-DEL11-BA"
751882;2026-02-12;"quinta-feira";"23:08:00";"GO";153;442;"ANAPOLIS";"Reação tardia ou ineficiente do condutor";"Colisão traseira";"Com Vítimas Feridas";"Plena Noite";"Crescente";"Céu Claro";"Dupla";"Aclive;Reta";"Sim";3;0;2;0;1;0;2;3;-16,35088249;-48,92804146;"SPRF-GO";"DEL02-GO";"UOP01-DEL02-GO"
751884;2026-02-12;"quinta-feira";"23:00:00";"BA";135;187;"BARREIRAS";"Animais na Pista";"Atropelamento de Animal";"Com Vítimas Feridas";"Plena Noite";"Crescente";"Céu Claro";"Simples";"Reta";"Não";7;0;2;0;5;0;2;2;-12,21044195;-45,01682281;"SPRF-BA";"DEL10-BA";"UOP01-DEL10-BA"
751886;2026-02-12;"quinta-feira";"22:15:00";"SC";116;63,2;"PAPANDUVA";"Ultrapassagem Indevida";"Colisão frontal";"Com Vítimas Feridas";"Plena Noite";"Crescente";"Céu Claro";"Simples";"Reta";"Não";3;0;3;0;0;0;3;2;-26,408662;-50,226745;"SPRF-SC";"DEL06-SC";"UOP02-DEL06-SC"