"id";"data_inversa";"dia_semana";"horario";"uf";"br";"km";"municipio";"causa_acidente";"tipo_acidente";"classificacao_acidente";"fase_dia";"sentido_via";"condicao_metereologica";"tipo_pista";"tracado_via";"uso_solo";"pessoas";"mortos";"feridos_leves";"feridos_graves";"ilesos";"ignorados";"feridos";"veiculos";"latitude";"longitude";"regional";"delegacia";"uop"
752423;2026-02-14;"sábado";"20:10:00";"SC";101;88,3;"BARRA VELHA";"Ingestão de álcool pelo condutor";"Colisão com objeto";"Com Vítimas Feridas";"Plena Noite";"Decrescente";"Nublado";"Múltipla";"Reta";"Não";1;0;1;0;0;0;1;1;-26,65339145;-48,68727062;"SPRF-SC";"DEL03-SC";"UOP02-DEL03-SC"
752424;2026-02-14;"sábado";"21:10:00";"SC";101;418;"ARARANGUA";"Desrespeitar a preferência no cruzamento";"Colisão frontal";"Com Vítimas Feridas";"Plena Noite";"Crescente";"Chuva";"Simples";"Reta";"Sim";2;0;0;1;1;0;1;2;-28,9844572;-49,5408954;"SPRF-SC";"DEL02-SC";"UOP02-DEL02-SC"
752425;2026-02-14;"sábado";"21:30:00";"MG";381;591;"CARMOPOLIS DE MINAS";"Reação tardia ou ineficiente do condutor";"Colisão lateral mesmo sentido";"Com Vítimas Feridas";"Plena Noite";"Crescente";"Céu Claro";"Dupla";"Curva";"Sim";2;0;1;0;1;0;1;2;-20,548594;-44,659065;"SPRF-MG";"DEL04-MG";"UOP01-DEL04-MG"
752426;2026-02-14;"sábado";"21:50:00";"SP";116;149;"SAO JOSE DOS CAMPOS";"Condutor deixou de manter distância do veículo da frente";"Colisão lateral mesmo sentido";"Com Vítimas Feridas";"Plena Noite";"Crescente";"Céu Claro";"Dupla";"Reta";"Não";3;0;2;0;1;0;2;2;-23,21053814;-45,88986844;"SPRF-SP";"DEL02-SP";"UOP01-DEL02-SP"
752429;2026-02-14;"sábado";"21:00:00";"PE";104;76,6;"CARUARU";"Ingestão de álcool pelo condutor";"Colisão frontal";"Com Vítimas Feridas";"Plena Noite";"Crescente";"Céu Claro";"Simples";"Reta";"Não";5;0;5;0;0;0;5;2;-8,3756;-35,98364;"SPRF-PE";"DEL02-PE";"UOP01-DEL02-PE"
752430;2026-02-14;"sábado";"19:30:00";"TO";153;271,2;"BRASILANDIA DO TOCANTINS";"Ausência de reação do condutor";"Colisão traseira";"Com Vítimas Feridas";"Plena Noite";"Decrescente";"Céu Claro";"Simples";"Reta";"Não";3;0;3;0;0;0;3;2;-8,2762006;-48,468861;"SPRF-TO";"DEL02-TO";"UOP02-DEL02-TO"
752431;2026-02-14;"sábado";"20:50:00";"MG";116;107;"ITAOBIM";"Demais falhas mecânicas ou elétricas";"Incêndio";"Sem Vítimas";"Plena Noite";"Crescente";"Céu Claro";"Simples";"Reta;Aclive";"Não";1;0;0;0;0;1;0;1;-16,494428;-41,508965;"SPRF-MG";"DEL11-MG";"UOP02-DEL11-MG"
752432;2026-02-14;"sábado";"21:40:00";"SP";116;83,4;"ROSEIRA";"Ausência de reação do condutor";"Queda de ocupante de veículo";"Com Vítimas Feridas";"Plena Noite";"Decrescente";"Céu Claro";"Dupla";"Reta";"Sim";2;0;2;0;0;0;2;1;-22,91496;-45,330683;"SPRF-SP";"DEL08-SP";"UOP01-DEL08-SP"
752435;2026-02-14;"sábado";"20:50:00";"RO";364;709;"PORTO VELHO";"Ausência de reação do condutor";"Saída de leito carroçável";"Sem Vítimas";"Plena Noite";"Decrescente";"Chuva";"Dupla";"Reta";"Sim";1;0;0;0;1;0;0;1;-8,789233;-63,8525;"SPRF-RO";"DEL01-RO";"UOP01-DEL01-RO"
752436;2026-02-14;"sábado";"20:50:00";"BA";110;175;"RIBEIRA DO POMBAL";"Acessar a via sem observar a presença dos outros veículos";"Colisão transversal";"Com Vítimas Feridas";"Plena Noite";"Crescente";"Céu Claro";"Simples";"Reta;Interseção de Vias";"Sim";2;0;0;1;1;0;1;2;-10,84423213;-38,53103447;"SPRF-BA";"DEL07-BA";"UOP02-DEL07-BA"
752439;2026-02-14;"sábado";"21:50:00";"BA";324;469;"TANQUINHO";"Reação tardia ou ineficiente do condutor";"Colisão traseira";"Com Vítimas Feridas";"Plena Noite";"Crescente";"Nublado";"Simples";"Reta";"Não";3;0;1;1;1;0;2;2;-11,968325;-39,135687;"SPRF-BA";"DEL02-BA";"UOP01-DEL02-BA"
752440;2026-02-14;"sábado";"23:00:00";"RJ";116;192;"NOVA IGUACU";"Ausência de reação do condutor";"Tombamento";"Com Vítimas Feridas";"Plena Noite";"Decrescente";"Céu Claro";"Dupla";"Reta";"Não";1;0;1;0;0;0;1;1;-22,74357277;-43,51650238;"SPRF-RJ";"DEL06-RJ";"UOP01-DEL06-RJ"
752441;2026-02-14;"sábado";"21:00:00";"MG";40;118,9;"LAGOA GRANDE";"Ausência de reação do condutor";"Colisão com objeto";"Sem Vítimas";"Plena Noite";"Decrescente";"Céu Claro";"Simples";"Interseção de Vias;Rotatória;Reta";"Não";1;0;0;0;1;0;0;1;-17,660399;-46,374409;"SPRF-MG";"DEL14-MG";"UOP01-DEL14-MG"
752442;2026-01-10;"sábado";"04:10:00";"RJ";101;320;"NITEROI";"Reação tardia ou ineficiente do condutor";"Queda de ocupante de veículo";"Com Vítimas Feridas";"Plena Noite";"Decrescente";"Céu Claro";"Dupla";"Curva";"Sim";1;0;1;0;0;0;1;1;-22,86680862;-43,10930877;"SPRF-RJ";"DEL02-RJ";"UOP01-DEL02-RJ"
752444;2026-02-14;"sábado";"22:30:00";"MG";50;20;"UBERLANDIA";"Animais na Pista";"Colisão traseira";"Com Vítimas Feridas";"Plena Noite";"Crescente";"Céu Claro";"Dupla";"Reta";"Sim";1;0;1;0;0;0;1;1;-18,9353721;-48,2107118;"SPRF-MG";"DEL15-MG";"UOP01-DEL15-MG"
752445;2026-02-14;"sábado";"22:20:00";"PR";376;74,3;"GUAIRACA";"Ultrapassagem Indevida";"Colisão frontal";"Com Vítimas Feridas";"Plena Noite";"Crescente";"Céu Claro";"Simples";"Reta";"Não";3;0;0;1;2;0;1;2;-22,94835;-52,714095;"SPRF-PR";"DEL09-PR";"UOP02-DEL09-PR"
752446;2026-02-14;"sábado";"21:15:00";"RS";470;238;"CARLOS BARBOSA";"Reação tardia ou ineficiente do condutor";"Saída de leito carroçável";"Sem Vítimas";"Plena Noite";"Decrescente";"Nevoeiro/Neblina";"Simples";"Curva";"Não";1;0;0;0;1;0;0;1;-29,337822;-51,504478;"SPRF-RS";"DEL06-RS";"UOP01-DEL06-RS"
752447;2026-02-14;"sábado";"23:43:00";"RN";101;112;"SAO JOSE DE MIPIBU";"Animais na Pista";"Atropelamento de Animal";"Com Vítimas Feridas";"Pleno dia";"Crescente";"Céu Claro";"Dupla";"Reta";"Não";1;0;0;1;0;0;1;1;-5,97402242;-35,26484426;"SPRF-RN";"DEL01-RN";"UOP01-DEL01-RN"
752448;2026-02-14;"sábado";"21:45:00";"MT";163;687;"LUCAS DO RIO VERDE";"Pedestre cruzava a pista fora da faixa";"Atropelamento de Pedestre";"Com Vítimas Feridas";"Plena Noite";"Crescente";"Céu Claro";"Simples";"Reta";"Sim";2;0;0;1;0;1;1;2;-13,076827;-55,9344431;"SPRF-MT";"DEL06-MT";"UOP01-DEL06-MT"
752449;2026-02-15;"domingo";"00:40:00";"PR";369;373,5;"MAMBORE";"Transitar na contramão";"Colisão lateral sentido oposto";"Com Vítimas Feridas";"Plena Noite";"Crescente";"Céu Claro";"Simples";"Reta";"Não";3;0;3;0;0;0;3;2;-24,28045501;-52,53559113;"SPRF-PR";"DEL04-PR";"UOP03-DEL04-PR"
752450;2026-02-14;"sábado";"19:50:00";"MT";163;730;"SORRISO";"Ausência de reação do condutor";"Tombamento";"Com Vítimas Feridas";"Plena Noite";"Decrescente";"Céu Claro";"Simples";"Em Obras;Desvio Temporário;Reta";"Não";1;0;1;0;0;0;1;1;-12,71712639;-55,82440169;"SPRF-MT";"DEL06-MT";"UOP01-DEL06-MT"
752453;2026-02-14;"sábado";"23:56:00";"SC";101;180,6;"BIGUACU";"Acessar a via sem observar a presença dos outros veículos";"Colisão traseira";"Com Vítimas Fatais";"Plena Noite";"Crescente";"Nublado";"Múltipla";"Reta";"Não";3;1;0;0;2;0;0;2;-27,3863;-48,63182;"SPRF-SC";"DEL01-SC";"UOP01-DEL01-SC"
752454;2026-02-14;"sábado";"22:57:00";"MS";158;153;"APARECIDA DO TABOADO";"Ingestão de álcool pelo condutor";"Colisão com objeto";"Com Vítimas Feridas";"Plena Noite";"Crescente";"Nublado";"Simples";"Reta;Ponte";"Não";1;0;1;0;0;0;1;1;-20,1206192;-51,1845691;"SPRF-MS";"DEL08-MS";"UOP01-DEL08-MS"
752455;2026-02-14;"sábado";"22:00:00";"RJ";393;278,9;"BARRA DO PIRAI";"Animais na Pista";"Atropelamento de Animal";"Com Vítimas Feridas";"Plena Noite";"Crescente";"Céu Claro";"Simples";"Reta";"Não";1;0;1;0;0;0;1;1;-22,4806931;-44,03795449;"SPRF-RJ";"DEL05-RJ";"UOP04-DEL05-RJ"
752456;2026-02-14;"sábado";"23:40:00";"MG";50;189;"UBERABA";"Reação tardia ou ineficiente do condutor";"Colisão traseira";"Com Vítimas Fatais";"Plena Noite";"Crescente";"Céu Claro";"Dupla";"Declive;Reta";"Não";4;1;3;0;0;0;3;2;-19,850388;-47,873611;"SPRF-MG";"DEL13-MG";"UOP01-DEL13-MG"
752457;2026-02-14;"sábado";"22:30:00";"MT";70;524;"VARZEA GRANDE";"Reação tardia ou ineficiente do condutor";"Queda de ocupante de veículo";"Com Vítimas Feridas";"Plena Noite";"Crescente";"Céu Claro";"Simples";"Interseção de Vias";"Sim";1;0;1;0;0;0;1;1;-15,65060411;-56,19701922;"SPRF-MT";"DEL01-MT";"UOP02-DEL01-MT"
752458;2026-02-15;"domingo";"01:00:00";"SC";101;81,6;"BARRA VELHA";"Avarias e/ou desgaste excessivo no pneu";"Tombamento";"Com Vítimas Feridas";"Plena Noite";"Crescente";"Nublado";"Dupla";"Reta";"Não";1;0;1;0;0;0;1;1;-26,610348;-48,722463;"SPRF-SC";"DEL03-SC";"UOP02-DEL03-SC"
752459;2026-02-15;"domingo";"01:50:00";"MG";381;493;"BETIM";"Reação tardia ou ineficiente do condutor";"Colisão com objeto";"Com Vítimas Feridas";"Plena Noite";"Crescente";"Céu Claro";"Dupla";"Reta";"Sim";1;0;1;0;0;0;1;1;-19,9633177;-44,1683877;"SPRF-MG";"DEL01-MG";"UOP03-DEL01-MG"
752460;2026-02-15;"domingo";"01:45:00";"MG";381;487,1;"BETIM";"Ingestão de substâncias psicoativas pelo condutor";"Colisão com objeto";"Com Vítimas Feridas";"Plena Noite";"Crescente";"Céu Claro";"Múltipla";"Curva;Aclive";"Sim";1;0;0;1;0;0;1;1;-19,95541751;-44,11766427;"SPRF-MG";"DEL01-MG";"UOP03-DEL01-MG"
752462;2026-02-15;"domingo";"02:18:00";"RJ";101;413;"ITAGUAI";"Acessar a via sem observar a presença dos outros veículos";"Atropelamento de Pedestre";"Com Vítimas Feridas";"Plena Noite";"Crescente";"Céu Claro";"Dupla";"Reta";"Não";2;0;1;0;0;1;1;2;-22,9042057;-43,8816857;"SPRF-RJ";"DEL03-RJ";"UOP01-DEL03-RJ"
752463;2026-02-15;"domingo";"00:45:00";"MS";163;40;"ELDORADO";"Ausência de reação do condutor";"Saída de leito carroçável";"Com Vítimas Feridas";"Plena Noite";"Crescente";"Céu Claro";"Simples";"Reta";"Sim";1;0;0;1;0;0;1;1;-23,789;-54,279;"SPRF-MS";"DEL09-MS";"UOP02-DEL09-MS"
752464;2026-02-15;"domingo";"00:30:00";"SC";101;287;"IMBITUBA";"Acumulo de água sobre o pavimento";"Colisão com objeto";"Com Vítimas Feridas";"Plena Noite";"Decrescente";"Chuva";"Múltipla";"Curva;Interseção de Vias";"Sim";5;0;5;0;0;0;5;1;-28,260147;-48,704276;"SPRF-SC";"DEL02-SC";"UOP03-DEL02-SC"
752466;2026-02-14;"sábado";"22:45:00";"SC";158;117,2;"CUNHA PORA";"Condutor Dormindo";"Colisão frontal";"Com Vítimas Fatais";"Plena Noite";"Decrescente";"Nublado";"Simples";"Curva";"Não";6;1;5;0;0;0;5;2;-26,9449749;-53,20372772;"SPRF-SC";"DEL07-SC";"UOP02-DEL07-SC"
752467;2026-02-15;"domingo";"03:30:00";"PR";373;282;"PRUDENTOPOLIS";"Ingestão de álcool pelo condutor";"Queda de ocupante de veículo";"Com Vítimas Feridas";"Plena Noite";"Decrescente";"Céu Claro";"Simples";"Reta";"Não";1;0;1;0;0;0;1;1;-25,29085944;-51,1276531;"SPRF-PR";"DEL08-PR";"UOP01-DEL08-PR"
752468;2026-02-15;"domingo";"02:25:00";"PR";277;595;"CASCAVEL";"Ausência de reação do condutor";"Saída de leito carroçável";"Sem Vítimas";"Plena Noite";"Decrescente";"Céu Claro";"Simples";"Reta";"Sim";1;0;0;0;0;1;0;1;-24,9806;-53,48453;"SPRF-PR";"DEL04-PR";"UOP01-DEL04-PR"
752470;2026-02-15;"domingo";"04:26:00";"RS";116;241;"NOVO HAMBURGO";"Ingestão de álcool pelo condutor";"Colisão com objeto";"Sem Vítimas";"Plena Noite";"Crescente";"Nublado";"Dupla";"Aclive;Curva;Viaduto";"Sim";2;0;0;0;2;0;0;1;-29,71345726;-51,14886761;"SPRF-RS";"DEL01-RS";"UOP02-DEL01-RS"
752471;2026-02-15;"domingo";"04:00:00";"GO";70;302;"ITAPIRAPUA";"Ingestão de álcool pelo condutor";"Saída de leito carroçável";"Com Vítimas Feridas";"Plena Noite";"Decrescente";"Céu Claro";"Simples";"Reta";"Não";1;0;1;0;0;0;1;1;-15,85055739;-50,73769402;"SPRF-GO";"DEL04-GO";"UOP02-DEL04-GO"
752472;2026-02-15;"domingo";"03:50:00";"SC";101;202;"SAO JOSE";"Ausência de reação do condutor";"Colisão traseira";"Sem Vítimas";"Plena Noite";"Decrescente";"Garoa/Chuvisco";"Múltipla";"Reta";"Sim";2;0;0;0;1;1;0;2;-27,56180854;-48,61622779;"SPRF-SC";"DEL01-SC";"UOP01-DEL01-SC"
752475;2026-02-15;"domingo";"03:37:00";"PR";116;103;"SAO JOSE DOS PINHAIS";"Animais na Pista";"Atropelamento de Animal";"Com Vítimas Fatais";"Plena Noite";"Decrescente";"Nublado";"Dupla";"Reta";"Sim";2;1;1;0;0;0;1;1;-25,57035;-49,18867;"SPRF-PR";"DEL01-PR";"UOP08-DEL01-PR"
752476;2026-02-15;"domingo";"02:20:00";"SC";282;656,9;"SAO MIGUEL DO OESTE";"Velocidade Incompatível";"Colisão com objeto";"Com Vítimas Feridas";"Plena Noite";"Decrescente";"Nublado";"Simples";"Curva;Ponte;Declive";"Não";1;0;0;1;0;0;1;1;-26,68784148;-53,54906917;"SPRF-SC";"DEL07-SC";"UOP03-DEL07-SC"
752477;2026-02-15;"domingo";"03:00:00";"SC";101;294;"IMBITUBA";"Ausência de reação do condutor";"Saída de leito carroçável";"Com Vítimas Feridas";"Plena Noite";"Decrescente";"Nublado";"Simples";"Interseção de Vias";"Não";1;0;1;0;0;0;1;1;-28,316042;-48,72525;"SPRF-SC";"DEL02-SC";"UOP03-DEL02-SC"
752478;2026-02-14;"sábado";"05:00:00";"PR";116;124;"FAZENDA RIO GRANDE";"Velocidade Incompatível";"Saída de leito carroçável";"Com Vítimas Feridas";"Amanhecer";"Crescente";"Nublado";"Dupla";"Reta";"Sim";2;0;1;0;0;1;1;1;-25,625227;-49,315239;"SPRF-PR";"DEL01-PR";"UOP03-DEL01-PR"
752480;2026-02-15;"domingo";"04:06:00";"PR";373;386,8;"IMBAU";"Ausência de reação do condutor";"Colisão com objeto";"Sem Vítimas";"Plena Noite";"Crescente";"Céu Claro";"Dupla";"Reta";"Não";1;0;0;0;1;0;0;1;-24,48923;-50,73278;"SPRF-PR";"DEL08-PR";"UOP01-DEL08-PR"
752481;2026-02-15;"domingo";"04:45:00";"MG";381;427;"SABARA";"Velocidade Incompatível";"Tombamento";"Com Vítimas Feridas";"Plena Noite";"Crescente";"Céu Claro";"Simples";"Curva;Declive";"Não";1;0;1;0;0;0;1;1;-19,7865496;-43,71511208;"SPRF-MG";"DEL01-MG";"UOP01-DEL01-MG"
752482;2026-02-15;"domingo";"05:20:00";"PR";277;608,4;"SANTA TEREZA DO OESTE";"Transitar na contramão";"Colisão frontal";"Com Vítimas Feridas";"Amanhecer";"Decrescente";"Céu Claro";"Simples";"Reta";"Sim";4;0;3;1;0;0;4;2;-25,034352;-53,59026;"SPRF-PR";"DEL05-PR";"UOP02-DEL05-PR"
752485;2026-02-15;"domingo";"01:30:00";"PR";116;140;"MANDIRITUBA";"Ausência de reação do condutor";"Colisão com objeto";"Sem Vítimas";"Plena Noite";"Crescente";"Nublado";"Dupla";"Reta";"Sim";1;0;0;0;0;1;0;1;-25,76407;-49,321193;"SPRF-PR";"DEL01-PR";"UOP03-DEL01-PR"
752486;2026-02-15;"domingo";"04:00:00";"PB";361;5;"PATOS";"Ausência de reação do condutor";"Tombamento";"Com Vítimas Fatais";"Plena Noite";"Decrescente";"Céu Claro";"Simples";"Reta";"Sim";1;1;0;0;0;0;0;1;-7,034268;-37,30176;"SPRF-PB";"DEL03-PB";"UOP01-DEL03-PB"
752488;2026-02-14;"sábado";"23:05:00";"PR";369;200;"APUCARANA";"Reação tardia ou ineficiente do condutor";"Colisão com objeto";"Com Vítimas Feridas";"Plena Noite";"Crescente";"Céu Claro";"Simples";"Reta";"Não";1;0;0;1;0;0;1;1;-23,5384;-51,4572;"SPRF-PR";"DEL07-PR";"UOP03-DEL07-PR"
752490;2026-02-14;"sábado";"19:30:00";"PI";135;503;"MONTE ALEGRE DO PIAUI";"Transitar no Acostamento";"Atropelamento de Pedestre";"Com Vítimas Feridas";"Plena Noite";"Decrescente";"Nublado";"Simples";"Reta";"Não";2;0;1;1;0;0;2;2;-9,746078;-45,294372;"SPRF-PI";"DEL03-PI";"UOP02-DEL03-PI"
752491;2026-02-15;"domingo";"06:30:00";"RN";101;76,4;"SAO GONCALO DO AMARANTE";"Ausência de reação do condutor";"Colisão traseira";"Com Vítimas Feridas";"Pleno dia";"Crescente";"Céu Claro";"Dupla";"Curva;Aclive";"Sim";2;0;1;0;1;0;1;2;-5,727513;-35,28755;"SPRF-RN";"DEL02-RN";"UOP01-DEL02-RN"
752493;2026-02-15;"domingo";"03:40:00";"SC";101;372;"ICARA";"Condutor Dormindo";"Colisão traseira";"Com Vítimas Feridas";"Plena Noite";"Crescente";"Chuva";"Dupla";"Reta";"Não";4;0;4;0;0;0;4;2;-28,71403521;-49,22028288;"SPRF-SC";"DEL02-SC";"UOP01-DEL02-SC"
752494;2026-02-15;"domingo";"05:30:00";"SC";101;62,5;"ARAQUARI";"Ingestão de álcool pelo condutor";"Saída de leito carroçável";"Sem Vítimas";"Amanhecer";"Crescente";"Céu Claro";"Dupla";"Curva;Aclive;Viaduto";"Não";1;0;0;0;1;0;0;1;-26,45811108;-48,76173913;"SPRF-SC";"DEL03-SC";"UOP02-DEL03-SC"
752495;2026-02-15;"domingo";"05:00:00";"PR";277;38,7;"MORRETES";"Velocidade Incompatível";"Tombamento";"Com Vítimas Feridas";"Amanhecer";"Decrescente";"Nublado";"Dupla";"Declive;Curva";"Não";1;0;1;0;0;0;1;1;-25,57340282;-48,83207671;"SPRF-PR";"DEL01-PR";"UOP05-DEL01-PR"
752496;2026-02-15;"domingo";"05:15:00";"RS";116;487,7;"TURUCU";"Transitar na contramão";"Colisão frontal";"Com Vítimas Feridas";"Plena Noite";"Decrescente";"Céu Claro";"Simples";"Em Obras;Curva";"Não";7;0;3;2;2;0;5;2;-31,45014;-52,203847;"SPRF-RS";"DEL07-RS";"UOP01-DEL07-RS"
752497;2026-02-15;"domingo";"05:00:00";"DF";80;2;"BRASILIA";"Ingestão de álcool pelo condutor";"Colisão traseira";"Sem Vítimas";"Amanhecer";"Decrescente";"Céu Claro";"Simples";"Reta";"Não";2;0;0;0;2;0;0;2;-15,7316984;-48,10109245;"SPRF-DF";"DEL03-DF";"UOP02-DEL03-DF"
752498;2026-02-14;"sábado";"17:10:00";"BA";415;58;"ITABUNA";"Transitar na contramão";"Saída de leito carroçável";"Com Vítimas Feridas";"Pleno dia";"Crescente";"Céu Claro";"Simples";"Curva";"Não";3;0;2;0;1;0;2;2;-14,78602;-39,28061;"SPRF-BA";"DEL05-BA";"UOP01-DEL05-BA"
752499;2026-02-15;"domingo";"06:30:00";"PR";153;470;"PORTO VITORIA";"Transitar na contramão";"Colisão frontal";"Com Vítimas Fatais";"Pleno dia";"Crescente";"Garoa/Chuvisco";"Simples";"Reta";"Não";5;1;0;3;0;1;3;3;-26,29071145;-51,20133019;"SPRF-PR";"DEL02-PR";"UOP03-DEL02-PR"
752500;2026-02-15;"domingo";"01:15:00";"SC";282;460,6;"PONTE SERRADA";"Ausência de reação do condutor";"Colisão com objeto";"Com Vítimas Feridas";"Plena Noite";"Decrescente";"Céu Claro";"Simples";"Rotatória";"Sim";1;0;1;0;0;0;1;1;-26,873576;-52,018231;"SPRF-SC";"DEL07-SC";"UOP04-DEL07-SC"
752501;2026-02-14;"sábado";"22:20:00";"PR";277;114;"CAMPO LARGO";"Reação tardia ou ineficiente do condutor";"Tombamento";"Com Vítimas Feridas";"Plena Noite";"Decrescente";"Nublado";"Dupla";"Reta";"Não";1;0;1;0;0;0;1;1;-25,4325;-49,4311;"SPRF-PR";"DEL01-PR";"UOP07-DEL01-PR"
752502;2026-02-15;"domingo";"07:00:00";"SP";116;219;"GUARULHOS";"Demais falhas mecânicas ou elétricas";"Incêndio";"Sem Vítimas";"Pleno dia";"Decrescente";"Sol";"Múltipla";"Reta;Ponte";"Não";1;0;0;0;1;0;0;1;-23,461958;-46,490403;"SPRF-SP";"DEL01-SP";"UOP01-DEL01-SP"
752503;2026-02-15;"domingo";"06:08:00";"PA";230;132;"MARABA";"Animais na Pista";"Atropelamento de Animal";"Com Vítimas Feridas";"Pleno dia";"Decrescente";"Céu Claro";"Simples";"Reta;Declive";"Não";3;0;1;0;2;0;1;1;-5,36550648;-49,19852507;"SPRF-PA";"DEL03-PA";"UOP01-DEL03-PA"
752505;2026-01-26;"segunda-feira";"18:25:00";"SC";101;209,3;"SAO JOSE";"Manobra de mudança de faixa";"Colisão traseira";"Com Vítimas Feridas";"Pleno dia";"Decrescente";"Céu Claro";"Múltipla";"Reta";"Sim";2;0;1;0;1;0;1;2;-27,61233;-48,6411;"SPRF-SC";"DEL01-SC";"UOP01-DEL01-SC"
752506;2026-02-14;"sábado";"16:30:00";"PA";230;8;"ALTAMIRA";"Reação tardia ou ineficiente do condutor";"Colisão lateral mesmo sentido";"Com Vítimas Feridas";"Pleno dia";"Decrescente";"Céu Claro";"Simples";"Reta;Declive";"Sim";3;0;1;1;1;0;2;3;-3,19285938;-52,22767174;"SPRF-PA";"DEL04-PA";"UOP01-DEL04-PA"
752507;2026-02-15;"domingo";"01:40:00";"RS";116;363;"SENTINELA DO SUL";"Ausência de reação do condutor";"Capotamento";"Com Vítimas Feridas";"Plena Noite";"Crescente";"Nublado";"Dupla";"Rotatória";"Não";1;0;1;0;0;0;1;1;-30,63704848;-51,55331103;"SPRF-RS";"DEL02-RS";"UOP02-DEL02-RS"
752508;2026-02-15;"domingo";"07:00:00";"RJ";101;404;"ITAGUAI";"Ausência de reação do condutor";"Colisão com objeto";"Sem Vítimas";"Amanhecer";"Crescente";"Céu Claro";"Dupla";"Reta";"Não";2;0;0;0;2;0;0;1;-22,866981;-43,802178;"SPRF-RJ";"DEL03-RJ";"UOP01-DEL03-RJ"
752509;2026-02-15;"domingo";"00:10:00";"BA";407;220;"QUIXABEIRA";"Demais falhas mecânicas ou elétricas";"Saída de leito carroçável";"Com Vítimas Feridas";"Plena Noite";"Decrescente";"Garoa/Chuvisco";"Simples";"Reta";"Não";2;0;2;0;0;0;2;1;-11,277265;-40,022068;"SPRF-BA";"DEL04-BA";"UOP02-DEL04-BA"
752510;2026-02-15;"domingo";"07:00:00";"CE";116;15,4;"FORTALEZA";"Ausência de reação do condutor";"Colisão traseira";"Com Vítimas Feridas";"Pleno dia";"Decrescente";"Nublado";"Dupla";"Reta;Declive";"Sim";4;0;4;0;0;0;4;2;-3,87951823;-38,50066423;"SPRF-CE";"DEL01-CE";"UOP02-DEL01-CE"
752511;2026-02-15;"domingo";"04:15:00";"RJ";116;97;"GUAPIMIRIM";"Demais falhas mecânicas ou elétricas";"Tombamento";"Com Vítimas Feridas";"Pleno dia";"Crescente";"Céu Claro";"Simples";"Reta";"Não";2;0;2;0;0;0;2;1;-22,5017082;-43,00010053;"SPRF-RJ";"DEL04-RJ";"UOP01-DEL04-RJ"
752512;2026-02-14;"sábado";"18:25:00";"PR";163;92,1;"CAPANEMA";"Ingestão de álcool pelo condutor";"Tombamento";"Com Vítimas Feridas";"Plena Noite";"Decrescente";"Céu Claro";"Simples";"Curva;Rotatória;Interseção de Vias";"Não";1;0;0;1;0;0;1;1;-25,648678;-53,80332;"SPRF-PR";"DEL02-PR";"UOP02-DEL02-PR"
752513;2026-02-15;"domingo";"07:50:00";"RJ";116;208;"SEROPEDICA";"Ingestão de substâncias psicoativas pelo condutor";"Colisão lateral mesmo sentido";"Sem Vítimas";"Pleno dia";"Crescente";"Céu Claro";"Dupla";"Reta";"Não";4;0;0;0;4;0;0;2;-22,722853;-43,672663;"SPRF-RJ";"DEL06-RJ";"UOP02-DEL06-RJ"
752514;2026-02-15;"domingo";"07:15:00";"ES";101;96,5;"JAGUARE";"Velocidade Incompatível";"Saída de leito carroçável";"Com Vítimas Feridas";"Pleno dia";"Decrescente";"Céu Claro";"Simples";"Aclive";"Não";5;0;4;0;0;1;4;2;-18,951;-39,981;"SPRF-ES";"DEL04-ES";"UOP02-DEL04-ES"
752516;2026-02-15;"domingo";"07:40:00";"DF";20;18;"BRASILIA";"Manobra de mudança de faixa";"Colisão traseira";"Com Vítimas Feridas";"Pleno dia";"Crescente";"Céu Claro";"Dupla";"Declive;Reta";"Sim";5;0;1;0;3;1;1;2;-15,616268;-47,707512;"SPRF-DF";"DEL02-DF";"UOP01-DEL02-DF"
752517;2026-02-15;"domingo";"04:20:00";"RJ";101;284,7;"SAO GONCALO";"Reação tardia ou ineficiente do condutor";"Colisão traseira";"Com Vítimas Feridas";"Amanhecer";"Decrescente";"Ignorado";"Dupla";"Reta";"Não";4;0;3;0;1;0;3;2;-22,793068;-43,024872;"SPRF-RJ";"DEL02-RJ";"UOP02-DEL02-RJ"
752518;2026-02-15;"domingo";"08:00:00";"SC";470;80;"RODEIO";"Velocidade Incompatível";"Saída de leito carroçável";"Com Vítimas Feridas";"Pleno dia";"Crescente";"Nublado";"Simples";"Curva";"Sim";1;0;1;0;0;0;1;1;-26,9481805;-49,31873672;"SPRF-SC";"DEL04-SC";"UOP01-DEL04-SC"
752519;2026-02-15;"domingo";"07:45:00";"PR";369;377;"MAMBORE";"Ingestão de álcool pelo condutor";"Colisão lateral sentido oposto";"Com Vítimas Feridas";"Pleno dia";"Crescente";"Céu Claro";"Simples";"Reta";"Não";3;0;0;2;1;0;2;2;-24,2873398;-52,56511688;"SPRF-PR";"DEL04-PR";"UOP03-DEL04-PR"
752520;2026-02-14;"sábado";"22:00:00";"BA";242;292;"LAJEDINHO";"Velocidade Incompatível";"Capotamento";"Sem Vítimas";"Plena Noite";"Decrescente";"Céu Claro";"Simples";"Curva";"Não";1;0;0;0;1;0;0;1;-12,4445;-40,8277;"SPRF-BA";"DEL06-BA";"UOP02-DEL06-BA"
752521;2026-02-15;"domingo";"08:53:00";"SP";116;562;"BARRA DO TURVO";"Reação tardia ou ineficiente do condutor";"Saída de leito carroçável";"Com Vítimas Feridas";"Pleno dia";"Crescente";"Céu Claro";"Dupla";"Curva";"Não";1;0;1;0;0;0;1;1;-25,0284901;-48,5267134;"SPRF-SP";"DEL05-SP";"UOP02-DEL05-SP"