"id";"data_inversa";"dia_semana";"horario";"uf";"br";"km";"municipio";"causa_acidente";"tipo_acidente";"classificacao_acidente";"fase_dia";"sentido_via";"condicao_metereologica";"tipo_pista";"tracado_via";"uso_solo";"pessoas";"mortos";"feridos_leves";"feridos_graves";"ilesos";"ignorados";"feridos";"veiculos";"latitude";"longitude";"regional";"delegacia";"uop"
753268;2026-02-19;"quinta-feira";"07:00:00";"SC";101;204,4;"SAO JOSE";"Trafegar com motocicleta (ou similar) entre as faixas";"Colisão lateral mesmo sentido";"Com Vítimas Feridas";"Pleno dia";"Crescente";"Céu Claro";"Múltipla";"Reta;Declive";"Sim";3;0;1;0;2;0;1;2;-27,578313;-48,613545;"SPRF-SC";"DEL01-SC";"UOP01-DEL01-SC"
753270;2026-02-19;"quinta-feira";"06:55:00";"PE";423;95;"GARANHUNS";"Ausência de reação do condutor";"Tombamento";"Com Vítimas Feridas";"Pleno dia";"Decrescente";"Céu Claro";"Simples";"Reta";"Sim";1;0;1;0;0;0;1;1;-8,87935;-36,48002;"SPRF-PE";"DEL03-PE";"UOP01-DEL03-PE"
753276;2026-02-19;"quinta-feira";"06:49:00";"RJ";101;328;"RIO DE JANEIRO";"Demais falhas mecânicas ou elétricas";"Queda de ocupante de veículo";"Com Vítimas Feridas";"Pleno dia";"Crescente";"Sol";"Múltipla";"Reta";"Sim";2;0;1;0;1;0;1;1;-22,86933179;-43,17556031;"SPRF-RJ";"DEL02-RJ";"UOP01-DEL02-RJ"
753277;2026-02-19;"quinta-feira";"06:53:00";"RN";304;303,7;"PARNAMIRIM";"Acesso irregular";"Colisão transversal";"Com Vítimas Feridas";"Pleno dia";"Decrescente";"Céu Claro";"Dupla";"Reta";"Sim";3;0;3;0;0;0;3;2;-5,884545;-35,282515;"SPRF-RN";"DEL01-RN";"UOP02-DEL01-RN"
753278;2026-02-19;"quinta-feira";"07:20:00";"SC";101;214,2;"PALHOCA";"Ausência de reação do condutor";"Colisão traseira";"Com Vítimas Feridas";"Pleno dia";"Decrescente";"Céu Claro";"Múltipla";"Reta";"Sim";2;0;0;1;1;0;1;2;-27,64862133;-48,67341248;"SPRF-SC";"DEL01-SC";"UOP02-DEL01-SC"
753280;2026-02-19;"quinta-feira";"07:30:00";"PR";376;182;"MARINGA";"Acessar a via sem observar a presença dos outros veículos";"Colisão lateral mesmo sentido";"Com Vítimas Feridas";"Pleno dia";"Decrescente";"Céu Claro";"Múltipla";"Interseção de Vias";"Sim";3;0;0;1;1;1;1;3;-23,43209266;-51,88662227;"SPRF-PR";"DEL09-PR";"UOP01-DEL09-PR"
753281;2026-02-19;"quinta-feira";"07:50:00";"SC";101;201;"SAO JOSE";"Trafegar com motocicleta (ou similar) entre as faixas";"Colisão lateral mesmo sentido";"Com Vítimas Feridas";"Pleno dia";"Crescente";"Sol";"Múltipla";"Reta";"Sim";2;0;1;0;1;0;1;2;-27,548538;-48,619967;"SPRF-SC";"DEL01-SC";"UOP01-DEL01-SC"
753284;2026-02-19;"quinta-feira";"08:25:00";"SC";101;203,2;"SAO JOSE";"Trafegar com motocicleta (ou similar) entre as faixas";"Colisão traseira";"Com Vítimas Feridas";"Pleno dia";"Crescente";"Céu Claro";"Múltipla";"Reta;Declive";"Sim";5;0;4;0;1;0;4;3;-27,567393;-48,614042;"SPRF-SC";"DEL01-SC";"UOP01-DEL01-SC"
753285;2026-02-07;"sábado";"11:10:00";"ES";101;339,9;"GUARAPARI";"Demais falhas mecânicas ou elétricas";"Eventos atípicos";"Com Vítimas Feridas";"Pleno dia";"Crescente";"Céu Claro";"Dupla";"Reta";"Não";3;0;2;0;1;0;2;2;-20,64720903;-40,56700436;"SPRF-ES";"DEL03-ES";"UOP01-DEL03-ES"
753287;2026-02-19;"quinta-feira";"08:40:00";"RN";101;85;"SAO GONCALO DO AMARANTE";"Condutor deixou de manter distância do veículo da frente";"Colisão traseira";"Com Vítimas Feridas";"Pleno dia";"Crescente";"Céu Claro";"Dupla";"Reta";"Sim";4;0;2;0;2;0;2;2;-5,777248;-35,250168;"SPRF-RN";"DEL02-RN";"UOP01-DEL02-RN"
753288;2026-02-19;"quinta-feira";"07:30:00";"RJ";101;425;"MANGARATIBA";"Retorno proibido";"Colisão transversal";"Com Vítimas Feridas";"Pleno dia";"Crescente";"Céu Claro";"Simples";"Reta;Aclive";"Sim";2;0;0;1;1;0;1;2;-22,92966665;-43,97618506;"SPRF-RJ";"DEL03-RJ";"UOP02-DEL03-RJ"
753289;2026-02-19;"quinta-feira";"08:15:00";"SE";235;11;"NOSSA SENHORA DO SOCORRO";"Reação tardia ou ineficiente do condutor";"Colisão transversal";"Com Vítimas Feridas";"Pleno dia";"Decrescente";"Céu Claro";"Simples";"Curva";"Não";3;0;2;0;1;0;2;2;-10,87864596;-37,14942098;"SPRF-SE";"DEL01-SE";"UOP01-DEL01-SE"
753290;2026-02-19;"quinta-feira";"08:45:00";"MA";135;5,6;"SAO LUIS";"Desrespeitar a preferência no cruzamento";"Colisão transversal";"Sem Vítimas";"Pleno dia";"Decrescente";"Céu Claro";"Dupla";"Reta;Retorno Regulamentado";"Sim";3;0;0;0;3;0;0;2;-2,626382;-44,261282;"SPRF-MA";"DEL01-MA";"UOP01-DEL01-MA"
753291;2026-02-19;"quinta-feira";"08:50:00";"SC";101;278;"IMBITUBA";"Manobra de mudança de faixa";"Colisão lateral mesmo sentido";"Com Vítimas Feridas";"Pleno dia";"Decrescente";"Céu Claro";"Múltipla";"Reta";"Não";2;0;0;1;1;0;1;2;-28,17998789;-48,69553685;"SPRF-SC";"DEL02-SC";"UOP03-DEL02-SC"
753292;2026-02-19;"quinta-feira";"07:30:00";"SC";282;530;"CORDILHEIRA ALTA";"Acessar a via sem observar a presença dos outros veículos";"Colisão transversal";"Com Vítimas Feridas";"Pleno dia";"Decrescente";"Céu Claro";"Simples";"Curva;Aclive;Interseção de Vias";"Sim";2;0;1;0;1;0;1;2;-26,98656701;-52,60543275;"SPRF-SC";"DEL07-SC";"UOP01-DEL07-SC"
753293;2026-02-19;"quinta-feira";"07:35:00";"MG";50;127;"UBERABA";"Reação tardia ou ineficiente do condutor";"Saída de leito carroçável";"Com Vítimas Feridas";"Pleno dia";"Crescente";"Céu Claro";"Dupla";"Curva";"Não";1;0;1;0;0;0;1;1;-19,398264;-48,068106;"SPRF-MG";"DEL13-MG";"UOP01-DEL13-MG"
753295;2026-02-19;"quinta-feira";"07:40:00";"PE";104;31,7;"CARUARU";"Ausência de reação do condutor";"Colisão frontal";"Com Vítimas Feridas";"Pleno dia";"Decrescente";"Céu Claro";"Simples";"Curva";"Sim";4;0;1;1;2;0;2;4;-8,01549;-36,05285;"SPRF-PE";"DEL02-PE";"UOP01-DEL02-PE"
753296;2026-01-10;"sábado";"08:22:00";"MT";364;278;"JACIARA";"Ausência de reação do condutor";"Saída de leito carroçável";"Com Vítimas Feridas";"Pleno dia";"Decrescente";"Céu Claro";"Dupla";"Curva;Declive";"Não";1;0;0;1;0;0;1;1;-15,940772;-55,018227;"SPRF-MT";"DEL05-MT";"UOP02-DEL05-MT"
753297;2026-02-19;"quinta-feira";"08:07:00";"CE";304;40,2;"ARACATI";"Acessar a via sem observar a presença dos outros veículos";"Colisão transversal";"Com Vítimas Feridas";"Pleno dia";"Decrescente";"Céu Claro";"Simples";"Reta";"Não";8;0;3;0;5;0;3;2;-4,57980443;-37,84881234;"SPRF-CE";"DEL03-CE";"UOP02-DEL03-CE"
753298;2026-02-19;"quinta-feira";"08:40:00";"SC";282;16,2;"PALHOCA";"Transitar no Acostamento";"Colisão lateral mesmo sentido";"Com Vítimas Feridas";"Pleno dia";"Decrescente";"Céu Claro";"Simples";"Interseção de Vias;Reta";"Sim";2;0;1;0;1;0;1;2;-27,66103571;-48,68393188;"SPRF-SC";"DEL01-SC";"UOP02-DEL01-SC"
753299;2026-02-19;"quinta-feira";"07:54:00";"PE";232;14;"JABOATAO DOS GUARARAPES";"Condutor deixou de manter distância do veículo da frente";"Colisão traseira";"Com Vítimas Feridas";"Pleno dia";"Decrescente";"Céu Claro";"Dupla";"Reta";"Não";2;0;1;0;1;0;1;2;-8,08560437;-35,00175174;"SPRF-PE";"DEL01-PE";"UOP01-DEL01-PE"
753300;2026-02-19;"quinta-feira";"08:42:00";"RJ";101;66;"CAMPOS DOS GOYTACAZES";"Manobra de mudança de faixa";"Colisão lateral mesmo sentido";"Com Vítimas Feridas";"Pleno dia";"Decrescente";"Céu Claro";"Dupla";"Reta;Interseção de Vias";"Sim";3;0;1;0;2;0;1;2;-21,766883;-41,346383;"SPRF-RJ";"DEL08-RJ";"UOP02-DEL08-RJ"
753301;2026-01-27;"terça-feira";"08:40:00";"SP";116;219;"GUARULHOS";"Ausência de reação do condutor";"Queda de ocupante de veículo";"Sem Vítimas";"Pleno dia";"Crescente";"Céu Claro";"Dupla";"Reta";"Sim";2;0;0;0;2;0;0;2;-23,46036713;-46,48712967;"SPRF-SP";"DEL01-SP";"UOP01-DEL01-SP"
753302;2026-02-19;"quinta-feira";"07:25:00";"RS";468;104,9;"TRES PASSOS";"Acessar a via sem observar a presença dos outros veículos";"Colisão traseira";"Com Vítimas Feridas";"Pleno dia";"Crescente";"Sol";"Simples";"Rotatória";"Sim";3;0;2;0;1;0;2;2;-27,44496743;-53,94931762;"SPRF-RS";"DEL08-RS";"UOP02-DEL08-RS"
753303;2026-02-18;"quarta-feira";"17:30:00";"BA";101;406;"IBIRAPITANGA";"Reação tardia ou ineficiente do condutor";"Atropelamento de Pedestre";"Com Vítimas Feridas";"Anoitecer";"Crescente";"Nublado";"Simples";"Curva;Aclive";"Não";5;0;1;2;2;0;3;2;-14,036857;-39,41796;"SPRF-BA";"DEL05-BA";"UOP03-DEL05-BA"
753304;2026-02-19;"quinta-feira";"08:24:00";"MA";10;254,6;"IMPERATRIZ";"Acessar a via sem observar a presença dos outros veículos";"Colisão lateral sentido oposto";"Com Vítimas Feridas";"Pleno dia";"Crescente";"Céu Claro";"Simples";"Reta";"Sim";3;0;1;1;1;0;2;2;-5,50816591;-47,47175214;"SPRF-MA";"DEL04-MA";"UOP01-DEL04-MA"
753306;2026-02-01;"domingo";"04:30:00";"SC";282;0;"FLORIANOPOLIS";"Acesso irregular";"Colisão traseira";"Com Vítimas Feridas";"Plena Noite";"Crescente";"Céu Claro";"Dupla";"Reta";"Não";3;0;1;0;1;1;1;3;-27,5981555;-48,571335;"SPRF-SC";"DEL01-SC";"UOP01-DEL01-SC"
753307;2026-02-19;"quinta-feira";"08:30:00";"PR";277;78;"CURITIBA";"Ausência de reação do condutor";"Colisão traseira";"Sem Vítimas";"Pleno dia";"Decrescente";"Céu Claro";"Dupla";"Declive;Reta";"Sim";2;0;0;0;2;0;0;2;-25,48279621;-49,19282913;"SPRF-PR";"DEL01-PR";"UOP08-DEL01-PR"
753308;2026-02-19;"quinta-feira";"07:45:00";"PR";116;10;"CAMPINA GRANDE DO SUL";"Reação tardia ou ineficiente do condutor";"Saída de leito carroçável";"Com Vítimas Feridas";"Pleno dia";"Crescente";"Garoa/Chuvisco";"Dupla";"Curva;Aclive";"Não";2;0;2;0;0;0;2;1;-25,08262991;-48,64180533;"SPRF-PR";"DEL01-PR";"UOP02-DEL01-PR"
753309;2026-02-19;"quinta-feira";"08:12:00";"PI";316;6,8;"TERESINA";"Condutor deixou de manter distância do veículo da frente";"Colisão traseira";"Com Vítimas Feridas";"Pleno dia";"Crescente";"Céu Claro";"Múltipla";"Reta";"Sim";2;0;1;0;1;0;1;2;-5,1535451;-42,7725806;"SPRF-PI";"DEL01-PI";"UOP02-DEL01-PI"
753312;2026-02-19;"quinta-feira";"10:24:00";"PE";101;49;"ABREU E LIMA";"Condutor deixou de manter distância do veículo da frente";"Colisão traseira";"Com Vítimas Feridas";"Pleno dia";"Decrescente";"Céu Claro";"Múltipla";"Reta;Declive";"Sim";4;0;2;0;2;0;2;2;-7,90036;-34,90184;"SPRF-PE";"DEL01-PE";"UOP02-DEL01-PE"
753313;2026-02-19;"quinta-feira";"07:50:00";"RO";364;342;"JI-PARANA";"Acessar a via sem observar a presença dos outros veículos";"Colisão transversal";"Com Vítimas Feridas";"Pleno dia";"Crescente";"Céu Claro";"Dupla";"Reta";"Sim";2;0;0;2;0;0;2;2;-10,878826;-61,945012;"SPRF-RO";"DEL02-RO";"UOP01-DEL02-RO"
753314;2026-02-19;"quinta-feira";"09:57:00";"BA";415;23;"ILHEUS";"Reação tardia ou ineficiente do condutor";"Colisão traseira";"Com Vítimas Feridas";"Pleno dia";"Decrescente";"Céu Claro";"Simples";"Reta";"Sim";2;0;1;0;1;0;1;2;-14,79907;-39,17176;"SPRF-BA";"DEL05-BA";"UOP01-DEL05-BA"
753317;2026-02-19;"quinta-feira";"11:10:00";"RJ";101;319;"NITEROI";"Trafegar com motocicleta (ou similar) entre as faixas";"Colisão lateral mesmo sentido";"Com Vítimas Feridas";"Pleno dia";"Crescente";"Céu Claro";"Dupla";"Curva";"Não";4;0;2;0;2;0;2;2;-22,8591622;-43,10596375;"SPRF-RJ";"DEL02-RJ";"UOP02-DEL02-RJ"
753319;2026-02-19;"quinta-feira";"10:40:00";"MG";381;705;"LAVRAS";"Reação tardia ou ineficiente do condutor";"Colisão com objeto";"Com Vítimas Feridas";"Pleno dia";"Decrescente";"Chuva";"Dupla";"Curva;Declive";"Não";1;0;1;0;0;0;1;1;-21,31770156;-45,16762108;"SPRF-MG";"DEL04-MG";"UOP02-DEL04-MG"
753321;2026-02-19;"quinta-feira";"10:00:00";"ES";101;429;"ATILIO VIVACQUA";"Condutor deixou de manter distância do veículo da frente";"Colisão traseira";"Com Vítimas Feridas";"Pleno dia";"Crescente";"Céu Claro";"Simples";"Curva";"Não";3;0;1;0;2;0;1;2;-21,02961713;-41,16503656;"SPRF-ES";"DEL03-ES";"UOP02-DEL03-ES"
753322;2026-02-19;"quinta-feira";"11:25:00";"RS";386;425,8;"MONTENEGRO";"Acumulo de areia ou detritos sobre o pavimento";"Queda de ocupante de veículo";"Com Vítimas Feridas";"Pleno dia";"Crescente";"Céu Claro";"Simples";"Reta";"Não";1;0;1;0;0;0;1;1;-29,819646;-51,361473;"SPRF-RS";"DEL04-RS";"UOP02-DEL04-RS"
753324;2026-02-19;"quinta-feira";"10:40:00";"RN";304;157;"FERNANDO PEDROZA";"Acessar a via sem observar a presença dos outros veículos";"Colisão lateral mesmo sentido";"Com Vítimas Feridas";"Pleno dia";"Decrescente";"Céu Claro";"Simples";"Reta";"Não";2;0;0;1;1;0;1;2;-5,6944376;-36,52829647;"SPRF-RN";"DEL04-RN";"UOP01-DEL04-RN"
753325;2026-02-15;"domingo";"04:00:00";"PR";376;187;"MARIALVA";"Ingestão de álcool pelo condutor";"Colisão traseira";"Com Vítimas Feridas";"Plena Noite";"Crescente";"Céu Claro";"Dupla";"Reta";"Não";5;0;2;0;2;1;2;4;-23,45906;-51,84105;"SPRF-PR";"DEL09-PR";"UOP01-DEL09-PR"
753326;2026-02-19;"quinta-feira";"12:30:00";"SC";101;206,8;"SAO JOSE";"Desrespeitar a preferência no cruzamento";"Colisão lateral mesmo sentido";"Com Vítimas Feridas";"Pleno dia";"Decrescente";"Céu Claro";"Múltipla";"Reta;Interseção de Vias";"Sim";3;0;1;1;1;0;2;2;-27,59925616;-48,62171157;"SPRF-SC";"DEL01-SC";"UOP01-DEL01-SC"
753327;2026-02-08;"domingo";"15:50:00";"MS";60;56,6;"PARAISO DAS AGUAS";"Ausência de reação do condutor";"Saída de leito carroçável";"Com Vítimas Feridas";"Pleno dia";"Crescente";"Nublado";"Simples";"Reta";"Não";1;0;0;1;0;0;1;1;-19,23301036;-53,12818214;"SPRF-MS";"DEL08-MS";"UOP01-DEL08-MS"
753329;2026-02-19;"quinta-feira";"12:20:00";"TO";226;1,2;"AGUIARNOPOLIS";"Ingestão de álcool pelo condutor";"Colisão com objeto";"Sem Vítimas";"Pleno dia";"Decrescente";"Sol";"Simples";"Reta;Declive";"Sim";1;0;0;0;0;1;0;1;-6,56233875;-47,4694562;"SPRF-TO";"DEL02-TO";"UOP03-DEL02-TO"
753330;2026-02-19;"quinta-feira";"12:30:00";"DF";20;56,9;"BRASILIA";"Velocidade Incompatível";"Saída de leito carroçável";"Com Vítimas Feridas";"Pleno dia";"Crescente";"Céu Claro";"Dupla";"Curva";"Não";1;0;1;0;0;0;1;1;-15,58711119;-47,35997201;"SPRF-DF";"DEL02-DF";"UOP01-DEL02-DF"
753331;2026-02-19;"quinta-feira";"12:59:00";"SE";235;0;"ARACAJU";"Manobra de mudança de faixa";"Colisão lateral mesmo sentido";"Com Vítimas Feridas";"Pleno dia";"Crescente";"Céu Claro";"Dupla";"Rotatória;Curva";"Sim";2;0;1;0;1;0;1;2;-10,91001484;-37,07511155;"SPRF-SE";"DEL01-SE";"UOP01-DEL01-SE"
753333;2026-02-08;"domingo";"12:45:00";"PR";369;159;"CAMBE";"Ausência de reação do condutor";"Colisão traseira";"Com Vítimas Feridas";"Pleno dia";"Crescente";"Céu Claro";"Dupla";"Reta";"Sim";2;0;1;0;1;0;1;2;-23,283296;-51,2481308;"SPRF-PR";"DEL07-PR";"UOP01-DEL07-PR"
753334;2026-02-19;"quinta-feira";"11:40:00";"PE";423;95;"GARANHUNS";"Demais falhas na via";"Colisão lateral sentido oposto";"Com Vítimas Feridas";"Pleno dia";"Crescente";"Nublado";"Simples";"Reta";"Sim";3;0;2;0;0;1;2;2;-8,879253;-36,485348;"SPRF-PE";"DEL03-PE";"UOP01-DEL03-PE"
753338;2026-02-19;"quinta-feira";"13:15:00";"GO";40;10,5;"LUZIANIA";"Reação tardia ou ineficiente do condutor";"Colisão traseira";"Com Vítimas Feridas";"Pleno dia";"Decrescente";"Céu Claro";"Dupla";"Reta";"Sim";2;0;1;0;1;0;1;2;-16,13372496;-47,95553684;"SPRF-DF";"DEL01-DF";"UOP01-DEL01-DF"
753339;2026-02-19;"quinta-feira";"13:10:00";"PB";230;27,5;"JOAO PESSOA";"Manobra de mudança de faixa";"Colisão lateral mesmo sentido";"Com Vítimas Feridas";"Pleno dia";"Decrescente";"Céu Claro";"Dupla";"Reta";"Sim";2;0;2;0;0;0;2;2;-7,16523588;-34,89125347;"SPRF-PB";"DEL01-PB";"UOP01-DEL01-PB"
753341;2026-02-19;"quinta-feira";"11:00:00";"RJ";116;142;"RIO DE JANEIRO";"Acessar a via sem observar a presença dos outros veículos";"Queda de ocupante de veículo";"Com Vítimas Feridas";"Pleno dia";"Crescente";"Céu Claro";"Dupla";"Curva";"Não";1;0;1;0;0;0;1;1;-22,81377197;-43,28783951;"SPRF-RJ";"DEL01-RJ";"UOP02-DEL01-RJ"
753343;2026-02-19;"quinta-feira";"14:15:00";"MG";40;736,9;"SANTOS DUMONT";"Acessar a via sem observar a presença dos outros veículos";"Colisão transversal";"Com Vítimas Feridas";"Pleno dia";"Decrescente";"Sol";"Simples";"Reta;Interseção de Vias";"Não";2;0;1;0;1;0;1;2;-21,43453434;-43,55220795;"SPRF-MG";"DEL05-MG";"UOP01-DEL05-MG"
753345;2026-02-19;"quinta-feira";"12:50:00";"RJ";101;422;"MANGARATIBA";"Reação tardia ou ineficiente do condutor";"Colisão traseira";"Com Vítimas Feridas";"Pleno dia";"Decrescente";"Céu Claro";"Simples";"Reta";"Sim";3;0;1;0;2;0;1;3;-22,91764084;-43,95012472;"SPRF-RJ";"DEL03-RJ";"UOP02-DEL03-RJ"
753346;2026-02-19;"quinta-feira";"14:45:00";"AP";210;1;"MACAPA";"Carga excessiva e/ou mal acondicionada";"Colisão lateral mesmo sentido";"Com Vítimas Feridas";"Pleno dia";"Crescente";"Sol";"Dupla";"Reta";"Sim";2;0;1;0;1;0;1;2;0,08186686;-51,07621763;"SPRF-AP";"DEL01-AP";"UOP01-DEL01-AP"
753348;2026-02-19;"quinta-feira";"14:20:00";"ES";101;339,9;"GUARAPARI";"Demais falhas mecânicas ou elétricas";"Incêndio";"Sem Vítimas";"Pleno dia";"Crescente";"Céu Claro";"Dupla";"Reta";"Não";2;0;0;0;2;0;0;1;-20,6442615;-40,5630009;"SPRF-ES";"DEL03-ES";"UOP01-DEL03-ES"
753352;2026-02-19;"quinta-feira";"13:30:00";"PA";230;113;"MARABA";"Ultrapassagem Indevida";"Colisão lateral mesmo sentido";"Com Vítimas Fatais";"Pleno dia";"Crescente";"Céu Claro";"Simples";"Reta;Declive";"Não";2;1;0;0;1;0;0;2;-5,36721611;-49,05638731;"SPRF-PA";"DEL03-PA";"UOP01-DEL03-PA"
753354;2026-02-19;"quinta-feira";"13:45:00";"RO";364;13;"VILHENA";"Ultrapassagem Indevida";"Colisão lateral mesmo sentido";"Com Vítimas Feridas";"Pleno dia";"Crescente";"Céu Claro";"Dupla";"Rotatória";"Sim";4;0;1;0;0;3;1;3;-12,740591;-60,133019;"SPRF-RO";"DEL04-RO";"UOP01-DEL04-RO"
753355;2026-02-19;"quinta-feira";"14:50:00";"SC";280;286,8;"IRINEOPOLIS";"Transitar na contramão";"Colisão transversal";"Sem Vítimas";"Pleno dia";"Crescente";"Céu Claro";"Simples";"Reta;Declive";"Não";2;0;0;0;2;0;0;2;-26,29381;-50,894518;"SPRF-SC";"DEL06-SC";"UOP04-DEL06-SC"
753356;2026-02-19;"quinta-feira";"15:05:00";"RJ";493;93;"SEROPEDICA";"Ausência de reação do condutor";"Saída de leito carroçável";"Com Vítimas Feridas";"Pleno dia";"Decrescente";"Céu Claro";"Dupla";"Reta";"Não";1;0;1;0;0;0;1;1;-22,6939428;-43,6879245;"SPRF-RJ";"DEL01-RJ";"UOP03-DEL01-RJ"
753358;2026-02-19;"quinta-feira";"14:45:00";"RS";116;519,2;"PELOTAS";"Ausência de reação do condutor";"Queda de ocupante de veículo";"Com Vítimas Feridas";"Pleno dia";"Crescente";"Nublado";"Dupla";"Reta";"Sim";1;0;1;0;0;0;1;1;-31,69569457;-52,35678736;"SPRF-RS";"DEL07-RS";"UOP01-DEL07-RS"
753359;2026-02-19;"quinta-feira";"15:40:00";"RN";101;81,5;"NATAL";"Reação tardia ou ineficiente do condutor";"Colisão traseira";"Com Vítimas Feridas";"Pleno dia";"Decrescente";"Céu Claro";"Dupla";"Reta";"Sim";3;0;0;1;2;0;1;2;-5,766025;-35,27934;"SPRF-RN";"DEL02-RN";"UOP01-DEL02-RN"
753360;2026-02-19;"quinta-feira";"11:45:00";"RJ";101;454;"MANGARATIBA";"Acesso irregular";"Colisão transversal";"Com Vítimas Feridas";"Pleno dia";"Decrescente";"Céu Claro";"Simples";"Reta";"Não";2;0;1;0;1;0;1;2;-22,93525632;-43,99874268;"SPRF-RJ";"DEL03-RJ";"UOP02-DEL03-RJ"
753363;2026-02-19;"quinta-feira";"15:55:00";"GO";50;201;"CAMPO ALEGRE DE GOIAS";"Ausência de reação do condutor";"Saída de leito carroçável";"Com Vítimas Feridas";"Pleno dia";"Decrescente";"Céu Claro";"Dupla";"Reta";"Não";1;0;1;0;0;0;1;1;-17,589868;-47,809186;"SPRF-GO";"DEL06-GO";"UOP01-DEL06-GO"
753364;2026-02-19;"quinta-feira";"15:40:00";"MG";40;632,2;"CONSELHEIRO LAFAIETE";"Manobra de mudança de faixa";"Colisão lateral mesmo sentido";"Com Vítimas Feridas";"Pleno dia";"Crescente";"Céu Claro";"Dupla";"Reta;Declive";"Sim";3;0;2;0;1;0;2;2;-20,6778976;-43,7959006;"SPRF-MG";"DEL05-MG";"UOP02-DEL05-MG"
753365;2026-02-19;"quinta-feira";"15:49:00";"PI";343;2,4;"TERESINA";"Manobra de mudança de faixa";"Colisão transversal";"Com Vítimas Feridas";"Pleno dia";"Crescente";"Sol";"Dupla";"Retorno Regulamentado";"Sim";2;0;0;1;1;0;1;2;-5,08157204;-42,77135253;"SPRF-PI";"DEL01-PI";"UOP01-DEL01-PI"
753366;2026-02-19;"quinta-feira";"15:45:00";"RJ";116;176;"SAO JOAO DE MERITI";"Manobra de mudança de faixa";"Colisão traseira";"Com Vítimas Feridas";"Pleno dia";"Crescente";"Nublado";"Dupla";"Reta";"Sim";3;0;1;0;2;0;1;2;-22,78387205;-43,38183252;"SPRF-RJ";"DEL06-RJ";"UOP01-DEL06-RJ"
753367;2026-01-18;"domingo";"17:45:00";"SC";101;208;"SAO JOSE";"Condutor deixou de manter distância do veículo da frente";"Colisão traseira";"Sem Vítimas";"Pleno dia";"Decrescente";"Chuva";"Múltipla";"Reta";"Sim";2;0;0;0;1;1;0;2;-27,60293;-48,6313;"SPRF-SC";"DEL01-SC";"UOP01-DEL01-SC"
753368;2026-02-19;"quinta-feira";"16:00:00";"PB";230;22,9;"JOAO PESSOA";"Condutor deixou de manter distância do veículo da frente";"Tombamento";"Com Vítimas Feridas";"Pleno dia";"Decrescente";"Céu Claro";"Dupla";"Reta";"Sim";1;0;1;0;0;0;1;1;-7,158123;-34,858753;"SPRF-PB";"DEL01-PB";"UOP01-DEL01-PB"
753369;2026-02-19;"quinta-feira";"16:10:00";"MG";40;455,1;"CAETANOPOLIS";"Ausência de reação do condutor";"Saída de leito carroçável";"Com Vítimas Feridas";"Pleno dia";"Decrescente";"Céu Claro";"Dupla";"Reta;Declive";"Não";1;0;1;0;0;0;1;1;-19,357782;-44,347235;"SPRF-MG";"DEL02-MG";"UOP01-DEL02-MG"
753370;2026-02-19;"quinta-feira";"15:40:00";"SP";381;31;"ATIBAIA";"Acumulo de areia ou detritos sobre o pavimento";"Queda de ocupante de veículo";"Com Vítimas Feridas";"Pleno dia";"Crescente";"Céu Claro";"Dupla";"Reta";"Não";1;0;1;0;0;0;1;1;-23,05350052;-46,56855664;"SPRF-SP";"DEL03-SP";"UOP02-DEL03-SP"
753371;2026-02-15;"domingo";"19:30:00";"GO";153;204;"URUACU";"Ingestão de álcool pelo condutor";"Colisão traseira";"Sem Vítimas";"Plena Noite";"Crescente";"Céu Claro";"Simples";"Reta";"Não";3;0;0;0;3;0;0;2;-14,46965379;-49,15604562;"SPRF-GO";"DEL07-GO";"UOP02-DEL07-GO"
753372;2026-02-19;"quinta-feira";"16:25:00";"TO";153;692;"CARIRI DO TOCANTINS";"Acessar a via sem observar a presença dos outros veículos";"Colisão transversal";"Com Vítimas Feridas";"Pleno dia";"Crescente";"Céu Claro";"Simples";"Retorno Regulamentado;Reta";"Sim";3;0;1;0;2;0;1;2;-11,88820216;-49,16481614;"SPRF-TO";"DEL01-TO";"UOP02-DEL01-TO"
753373;2026-02-19;"quinta-feira";"12:25:00";"MG";40;530,8;"CONTAGEM";"Acessar a via sem observar a presença dos outros veículos";"Colisão lateral mesmo sentido";"Com Vítimas Feridas";"Pleno dia";"Crescente";"Céu Claro";"Dupla";"Curva;Retorno Regulamentado";"Sim";2;0;1;0;1;0;1;2;-19,9205986;-44,026792;"SPRF-MG";"DEL01-MG";"UOP02-DEL01-MG"
753374;2026-02-19;"quinta-feira";"16:35:00";"PE";101;58;"RECIFE";"Reação tardia ou ineficiente do condutor";"Colisão traseira";"Com Vítimas Feridas";"Pleno dia";"Decrescente";"Céu Claro";"Dupla";"Reta";"Não";3;0;2;0;1;0;2;2;-7,97136;-34,92089;"SPRF-PE";"DEL01-PE";"UOP02-DEL01-PE"
753377;2026-02-19;"quinta-feira";"15:00:00";"PB";230;218,2;"SOLEDADE";"Mal súbito do condutor";"Colisão lateral sentido oposto";"Com Vítimas Feridas";"Pleno dia";"Crescente";"Céu Claro";"Simples";"Reta";"Não";6;0;2;3;1;0;5;3;-7,047145;-36,38928;"SPRF-PB";"DEL02-PB";"UOP02-DEL02-PB"
753378;2026-02-19;"quinta-feira";"15:40:00";"RO";364;427;"JARU";"Desrespeitar a preferência no cruzamento";"Colisão transversal";"Com Vítimas Feridas";"Pleno dia";"Decrescente";"Céu Claro";"Simples";"Rotatória";"Não";2;0;2;0;0;0;2;2;-10,42671216;-62,48849329;"SPRF-RO";"DEL03-RO";"UOP02-DEL03-RO"