"id";"data_inversa";"dia_semana";"horario";"uf";"br";"km";"municipio";"causa_acidente";"tipo_acidente";"classificacao_acidente";"fase_dia";"sentido_via";"condicao_metereologica";"tipo_pista";"tracado_via";"uso_solo";"pessoas";"mortos";"feridos_leves";"feridos_graves";"ilesos";"ignorados";"feridos";"veiculos";"latitude";"longitude";"regional";"delegacia";"uop"
753489;2026-02-20;"sexta-feira";"07:00:00";"RJ";116;179;"NOVA IGUACU";"Reação tardia ou ineficiente do condutor";"Queda de ocupante de veículo";"Com Vítimas Feridas";"Pleno dia";"Decrescente";"Céu Claro";"Dupla";"Reta";"Não";1;0;1;0;0;0;1;1;-22,74927194;-43,44268799;"SPRF-RJ";"DEL06-RJ";"UOP01-DEL06-RJ"
753492;2026-02-20;"sexta-feira";"08:30:00";"GO";153;520,1;"HIDROLANDIA";"Condutor deixou de manter distância do veículo da frente";"Colisão traseira";"Com Vítimas Feridas";"Pleno dia";"Decrescente";"Garoa/Chuvisco";"Dupla";"Declive";"Não";2;0;1;0;1;0;1;2;-16,92146743;-49,25243855;"SPRF-GO";"DEL01-GO";"UOP03-DEL01-GO"
753493;2026-02-20;"sexta-feira";"08:40:00";"PB";230;14,4;"CABEDELO";"Ausência de reação do condutor";"Colisão lateral mesmo sentido";"Com Vítimas Feridas";"Pleno dia";"Crescente";"Céu Claro";"Simples";"Reta";"Sim";2;0;0;1;1;0;1;2;-7,093;-34,848;"SPRF-PB";"DEL01-PB";"UOP01-DEL01-PB"
753494;2026-02-20;"sexta-feira";"09:05:00";"SC";282;1;"FLORIANOPOLIS";"Reação tardia ou ineficiente do condutor";"Tombamento";"Com Vítimas Feridas";"Pleno dia";"Decrescente";"Nublado";"Múltipla";"Reta";"Sim";2;0;2;0;0;0;2;1;-27,602764;-48,580606;"SPRF-SC";"DEL01-SC";"UOP01-DEL01-SC"
753495;2026-02-20;"sexta-feira";"08:00:00";"ES";101;289,3;"CARIACICA";"Trafegar com motocicleta (ou similar) entre as faixas";"Colisão traseira";"Com Vítimas Feridas";"Pleno dia";"Crescente";"Céu Claro";"Dupla";"Reta";"Sim";3;0;0;1;2;0;1;3;-20,280505;-40,393094;"SPRF-ES";"DEL01-ES";"UOP01-DEL01-ES"
753496;2026-02-20;"sexta-feira";"07:30:00";"SC";470;63;"INDAIAL";"Trafegar com motocicleta (ou similar) entre as faixas";"Tombamento";"Com Vítimas Feridas";"Pleno dia";"Crescente";"Nublado";"Simples";"Declive;Em Obras";"Não";2;0;1;0;1;0;1;2;-26,87212;-49,19386;"SPRF-SC";"DEL04-SC";"UOP01-DEL04-SC"
753498;2026-02-20;"sexta-feira";"07:30:00";"AL";104;30,7;"UNIAO DOS PALMARES";"Acessar a via sem observar a presença dos outros veículos";"Colisão transversal";"Com Vítimas Feridas";"Pleno dia";"Decrescente";"Céu Claro";"Simples";"Interseção de Vias";"Não";3;0;3;0;0;0;3;2;-9,131253;-36,028555;"SPRF-AL";"DEL01-AL";"UOP02-DEL01-AL"
753500;2026-02-20;"sexta-feira";"08:00:00";"SC";101;268;"IMBITUBA";"Ausência de reação do condutor";"Capotamento";"Com Vítimas Feridas";"Pleno dia";"Crescente";"Céu Claro";"Dupla";"Curva";"Não";5;0;0;2;3;0;2;1;-28,094005;-48,709228;"SPRF-SC";"DEL02-SC";"UOP03-DEL02-SC"
753502;2026-02-20;"sexta-feira";"07:10:00";"RO";364;536;"ALTO PARAISO";"Ultrapassagem Indevida";"Colisão frontal";"Com Vítimas Fatais";"Pleno dia";"Crescente";"Céu Claro";"Simples";"Curva";"Não";5;1;0;0;3;1;0;3;-9,75420435;-63,10970265;"SPRF-RO";"DEL03-RO";"UOP01-DEL03-RO"
753505;2026-02-20;"sexta-feira";"10:40:00";"SC";101;127,9;"ITAJAI";"Ausência de reação do condutor";"Colisão traseira";"Sem Vítimas";"Pleno dia";"Decrescente";"Nublado";"Dupla";"Reta;Declive";"Não";3;0;0;0;3;0;0;3;-26,96971088;-48,68329793;"SPRF-SC";"DEL04-SC";"UOP04-DEL04-SC"
753506;2026-02-20;"sexta-feira";"10:00:00";"PR";376;595,1;"CURITIBA";"Frear bruscamente";"Colisão traseira";"Sem Vítimas";"Pleno dia";"Decrescente";"Nublado";"Dupla";"Reta";"Não";4;0;0;0;3;1;0;4;-25,49452879;-49,3431797;"SPRF-PR";"DEL01-PR";"UOP03-DEL01-PR"
753507;2026-02-20;"sexta-feira";"09:57:00";"AL";424;102;"MARECHAL DEODORO";"Animais na Pista";"Colisão com objeto";"Com Vítimas Feridas";"Pleno dia";"Crescente";"Céu Claro";"Simples";"Reta";"Sim";1;0;1;0;0;0;1;1;-9,670746;-35,841;"SPRF-AL";"DEL02-AL";"UOP01-DEL02-AL"
753508;2026-02-20;"sexta-feira";"10:35:00";"MG";262;383;"FLORESTAL";"Ausência de reação do condutor";"Colisão traseira";"Com Vítimas Fatais";"Pleno dia";"Decrescente";"Céu Claro";"Dupla";"Retorno Regulamentado;Reta";"Não";4;1;0;1;1;1;1;3;-19,91857202;-44,49125183;"SPRF-MG";"DEL01-MG";"UOP03-DEL01-MG"
753510;2026-02-20;"sexta-feira";"08:30:00";"MG";381;190;"PERIQUITO";"Velocidade Incompatível";"Saída de leito carroçável";"Com Vítimas Feridas";"Pleno dia";"Decrescente";"Céu Claro";"Simples";"Reta";"Não";1;0;1;0;0;0;1;1;-19,13437614;-42,21316874;"SPRF-MG";"DEL06-MG";"UOP01-DEL06-MG"
753517;2026-02-20;"sexta-feira";"12:49:00";"RN";101;97;"NATAL";"Avarias e/ou desgaste excessivo no pneu";"Queda de ocupante de veículo";"Com Vítimas Feridas";"Pleno dia";"Crescente";"Sol";"Múltipla";"Reta";"Não";1;0;1;0;0;0;1;1;-5,861473;-35,214717;"SPRF-RN";"DEL01-RN";"UOP01-DEL01-RN"
753519;2026-02-20;"sexta-feira";"11:30:00";"RS";116;455;"SAO LOURENCO DO SUL";"Ausência de reação do condutor";"Colisão lateral mesmo sentido";"Com Vítimas Feridas";"Pleno dia";"Decrescente";"Sol";"Dupla";"Reta";"Sim";3;0;1;0;2;0;1;2;-31,24419089;-51,99487774;"SPRF-RS";"DEL02-RS";"UOP02-DEL02-RS"
753521;2026-02-20;"sexta-feira";"12:30:00";"PR";277;19,8;"MORRETES";"Ausência de reação do condutor";"Colisão traseira";"Com Vítimas Feridas";"Pleno dia";"Crescente";"Nublado";"Dupla";"Reta";"Não";6;0;1;0;5;0;1;2;-25,53463892;-48,70479584;"SPRF-PR";"DEL01-PR";"UOP05-DEL01-PR"
753525;2026-02-20;"sexta-feira";"13:20:00";"SC";101;197;"BIGUACU";"Reação tardia ou ineficiente do condutor";"Colisão traseira";"Com Vítimas Feridas";"Pleno dia";"Decrescente";"Céu Claro";"Dupla";"Reta";"Sim";2;0;1;0;1;0;1;2;-27,52453196;-48,63602098;"SPRF-SC";"DEL01-SC";"UOP01-DEL01-SC"
753527;2026-02-20;"sexta-feira";"13:00:00";"DF";20;3;"BRASILIA";"Condutor deixou de manter distância do veículo da frente";"Colisão traseira";"Com Vítimas Feridas";"Pleno dia";"Crescente";"Céu Claro";"Dupla";"Aclive;Reta";"Sim";4;0;1;0;3;0;1;3;-15,67837427;-47,83206582;"SPRF-DF";"DEL02-DF";"UOP01-DEL02-DF"
753531;2026-02-20;"sexta-feira";"12:18:00";"BA";101;364;"GANDU";"Transitar na contramão";"Colisão frontal";"Com Vítimas Feridas";"Pleno dia";"Decrescente";"Céu Claro";"Simples";"Reta";"Sim";3;0;1;0;2;0;1;3;-13,73815;-39,480255;"SPRF-BA";"DEL05-BA";"UOP03-DEL05-BA"
753532;2026-02-20;"sexta-feira";"11:20:00";"PB";104;189,2;"ALCANTIL";"Acessar a via sem observar a presença dos outros veículos";"Colisão transversal";"Com Vítimas Fatais";"Pleno dia";"Decrescente";"Sol";"Simples";"Interseção de Vias";"Não";2;1;0;0;1;0;0;2;-7,708913;-36,06546;"SPRF-PB";"DEL02-PB";"UOP03-DEL02-PB"
753533;2026-02-20;"sexta-feira";"14:20:00";"PE";428;185;"PETROLINA";"Manobra de mudança de faixa";"Colisão transversal";"Com Vítimas Feridas";"Pleno dia";"Crescente";"Nublado";"Dupla";"Reta";"Sim";2;0;1;0;1;0;1;2;-9,345342;-40,472837;"SPRF-PE";"DEL06-PE";"UOP01-DEL06-PE"
753534;2026-02-11;"quarta-feira";"10:10:00";"SC";101;112;"NAVEGANTES";"Velocidade Incompatível";"Saída de leito carroçável";"Com Vítimas Feridas";"Pleno dia";"Decrescente";"Céu Claro";"Múltipla";"Reta";"Não";1;0;0;1;0;0;1;1;-26,84257503;-48,71699333;"SPRF-SC";"DEL04-SC";"UOP04-DEL04-SC"
753535;2026-02-20;"sexta-feira";"14:00:00";"PE";101;80;"JABOATAO DOS GUARARAPES";"Frear bruscamente";"Colisão traseira";"Sem Vítimas";"Pleno dia";"Crescente";"Céu Claro";"Múltipla";"Reta";"Sim";2;0;0;0;2;0;0;2;-8,154845;-34,941577;"SPRF-PE";"DEL01-PE";"UOP01-DEL01-PE"
753537;2026-02-20;"sexta-feira";"10:30:00";"SC";116;106,2;"MONTE CASTELO";"Chuva";"Queda de ocupante de veículo";"Com Vítimas Feridas";"Pleno dia";"Crescente";"Chuva";"Dupla";"Aclive;Curva";"Não";1;0;0;1;0;0;1;1;-26,75461616;-50,32047272;"SPRF-SC";"DEL06-SC";"UOP02-DEL06-SC"
753538;2026-02-20;"sexta-feira";"15:25:00";"PB";230;27;"JOAO PESSOA";"Transitar na contramão";"Colisão frontal";"Sem Vítimas";"Pleno dia";"Crescente";"Céu Claro";"Dupla";"Reta";"Sim";3;0;0;0;3;0;0;2;-7,1664647;-34,8883508;"SPRF-PB";"DEL01-PB";"UOP01-DEL01-PB"
753539;2026-02-20;"sexta-feira";"10:30:00";"RJ";493;19,4;"MAGE";"Conversão proibida";"Colisão transversal";"Com Vítimas Feridas";"Pleno dia";"Crescente";"Céu Claro";"Simples";"Em Obras;Reta";"Sim";2;0;1;0;1;0;1;2;-22,65933106;-43,09124216;"SPRF-RJ";"DEL04-RJ";"UOP02-DEL04-RJ"
753540;2026-02-20;"sexta-feira";"11:20:00";"GO";20;122;"FLORES DE GOIAS";"Acumulo de água sobre o pavimento";"Saída de leito carroçável";"Com Vítimas Fatais";"Pleno dia";"Crescente";"Chuva";"Simples";"Reta";"Não";2;1;1;0;0;0;1;1;-14,86107202;-46,80115924;"SPRF-DF";"DEL02-DF";"UOP03-DEL02-DF"
753542;2026-02-20;"sexta-feira";"15:20:00";"ES";101;285,8;"CARIACICA";"Ultrapassagem Indevida";"Colisão lateral mesmo sentido";"Com Vítimas Feridas";"Pleno dia";"Crescente";"Sol";"Dupla";"Declive;Curva";"Sim";3;0;1;0;1;1;1;3;-20,257482;-40,377232;"SPRF-ES";"DEL01-ES";"UOP01-DEL01-ES"
753544;2026-02-16;"segunda-feira";"19:20:00";"ES";101;277,6;"SERRA";"Retorno proibido";"Colisão transversal";"Com Vítimas Feridas";"Plena Noite";"Crescente";"Céu Claro";"Dupla";"Reta";"Não";5;0;3;0;2;0;3;2;-20,2094583;-40,3161283;"SPRF-ES";"DEL02-ES";"UOP01-DEL02-ES"
753545;2026-02-20;"sexta-feira";"14:30:00";"PE";101;70;"RECIFE";"Condutor deixou de manter distância do veículo da frente";"Colisão traseira";"Com Vítimas Feridas";"Pleno dia";"Crescente";"Céu Claro";"Dupla";"Reta";"Sim";2;0;1;0;1;0;1;2;-8,06694444;-34,94194444;"SPRF-PE";"DEL01-PE";"UOP01-DEL01-PE"
753546;2026-02-20;"sexta-feira";"14:08:00";"PR";277;538;"IBEMA";"Acesso irregular";"Colisão transversal";"Com Vítimas Feridas";"Pleno dia";"Crescente";"Chuva";"Simples";"Interseção de Vias";"Sim";2;0;0;1;1;0;1;2;-25,115923;-53,00663;"SPRF-PR";"DEL04-PR";"UOP04-DEL04-PR"
753548;2026-01-11;"domingo";"09:27:00";"SE";101;94;"NOSSA SENHORA DO SOCORRO";"Condutor Dormindo";"Saída de leito carroçável";"Com Vítimas Fatais";"Pleno dia";"Crescente";"Céu Claro";"Dupla";"Reta";"Sim";1;1;0;0;0;0;0;1;-10,907123;-37,152472;"SPRF-SE";"DEL01-SE";"UOP01-DEL01-SE"
753551;2026-02-20;"sexta-feira";"13:00:00";"MG";40;665,5;"CARANDAI";"Conversão proibida";"Colisão lateral mesmo sentido";"Com Vítimas Feridas";"Pleno dia";"Crescente";"Céu Claro";"Simples";"Interseção de Vias;Aclive;Reta";"Sim";3;0;1;0;2;0;1;2;-20,943264;-43,809931;"SPRF-MG";"DEL05-MG";"UOP02-DEL05-MG"
753552;2026-02-20;"sexta-feira";"10:40:00";"PA";316;272;"CACHOEIRA DO PIRIA";"Reação tardia ou ineficiente do condutor";"Colisão transversal";"Com Vítimas Feridas";"Pleno dia";"Crescente";"Nublado";"Simples";"Reta";"Não";4;0;3;1;0;0;4;2;-1,81169115;-46,33309007;"SPRF-PA";"DEL01-PA";"UOP04-DEL01-PA"
753555;2026-02-20;"sexta-feira";"14:00:00";"RJ";101;383,8;"RIO DE JANEIRO";"Avarias e/ou desgaste excessivo no pneu";"Queda de ocupante de veículo";"Com Vítimas Feridas";"Pleno dia";"Crescente";"Nublado";"Dupla";"Reta";"Sim";2;0;2;0;0;0;2;1;-22,879057;-43,623407;"SPRF-RJ";"DEL03-RJ";"UOP01-DEL03-RJ"
753556;2026-02-20;"sexta-feira";"16:30:00";"RN";406;148;"CEARA-MIRIM";"Acessar a via sem observar a presença dos outros veículos";"Colisão transversal";"Com Vítimas Feridas";"Pleno dia";"Crescente";"Céu Claro";"Simples";"Reta";"Não";2;0;2;0;0;0;2;2;-5,647;-35,45;"SPRF-RN";"DEL02-RN";"UOP01-DEL02-RN"
753559;2026-02-20;"sexta-feira";"16:05:00";"GO";40;0,5;"VALPARAISO DE GOIAS";"Condutor deixou de manter distância do veículo da frente";"Colisão traseira";"Com Vítimas Feridas";"Pleno dia";"Crescente";"Sol";"Dupla";"Reta";"Sim";2;0;1;0;1;0;1;2;-16,053738;-47,982037;"SPRF-DF";"DEL01-DF";"UOP01-DEL01-DF"
753560;2026-02-20;"sexta-feira";"16:30:00";"GO";153;499,1;"GOIANIA";"Reação tardia ou ineficiente do condutor";"Colisão traseira";"Com Vítimas Feridas";"Pleno dia";"Crescente";"Céu Claro";"Simples";"Reta;Viaduto";"Não";3;0;1;0;2;0;1;2;-16,69650394;-49,23159242;"SPRF-GO";"DEL01-GO";"UOP01-DEL01-GO"
753562;2026-02-20;"sexta-feira";"16:40:00";"RJ";101;220;"SILVA JARDIM";"Velocidade Incompatível";"Saída de leito carroçável";"Com Vítimas Feridas";"Pleno dia";"Crescente";"Chuva";"Dupla";"Curva";"Não";1;0;1;0;0;0;1;1;-22,5631456;-42,3629406;"SPRF-RJ";"DEL02-RJ";"UOP03-DEL02-RJ"
753563;2026-02-20;"sexta-feira";"15:20:00";"AL";101;39;"FLEXEIRAS";"Condutor Dormindo";"Saída de leito carroçável";"Com Vítimas Feridas";"Pleno dia";"Decrescente";"Céu Claro";"Dupla";"Declive;Reta";"Não";4;0;3;0;1;0;3;1;-9,162514;-35,768933;"SPRF-AL";"DEL01-AL";"UOP02-DEL01-AL"
753565;2026-02-20;"sexta-feira";"16:30:00";"RS";290;107;"ELDORADO DO SUL";"Ausência de reação do condutor";"Colisão traseira";"Sem Vítimas";"Pleno dia";"Crescente";"Céu Claro";"Dupla";"Reta";"Não";3;0;0;0;3;0;0;2;-30,00125333;-51,30325556;"SPRF-RS";"DEL02-RS";"UOP01-DEL02-RS"
753566;2026-02-20;"sexta-feira";"16:30:00";"SE";235;1,4;"ARACAJU";"Condutor deixou de manter distância do veículo da frente";"Colisão traseira";"Com Vítimas Feridas";"Pleno dia";"Decrescente";"Nublado";"Dupla";"Reta";"Sim";3;0;1;0;2;0;1;3;-10,908479;-37,086743;"SPRF-SE";"DEL01-SE";"UOP01-DEL01-SE"
753567;2026-02-08;"domingo";"15:00:00";"RJ";40;92;"PETROPOLIS";"Pista Escorregadia";"Colisão traseira";"Com Vítimas Feridas";"Pleno dia";"Crescente";"Garoa/Chuvisco";"Dupla";"Declive;Curva";"Não";7;0;2;0;5;0;2;2;-22,551546;-43,248329;"SPRF-RJ";"DEL01-RJ";"UOP01-DEL01-RJ"
753569;2026-02-20;"sexta-feira";"16:15:00";"PR";277;240;"FERNANDES PINHEIRO";"Demais falhas mecânicas ou elétricas";"Saída de leito carroçável";"Sem Vítimas";"Pleno dia";"Decrescente";"Chuva";"Simples";"Declive;Reta";"Não";1;0;0;0;1;0;0;1;-25,46490925;-50,57719157;"SPRF-PR";"DEL08-PR";"UOP02-DEL08-PR"
753571;2026-02-20;"sexta-feira";"13:15:00";"MG";262;447;"NOVA SERRANA";"Chuva";"Capotamento";"Com Vítimas Feridas";"Pleno dia";"Crescente";"Chuva";"Simples";"Reta";"Não";1;0;0;1;0;0;1;1;-19,83819;-45,0557;"SPRF-MG";"DEL08-MG";"UOP03-DEL08-MG"
753572;2026-02-20;"sexta-feira";"16:30:00";"GO";153;506,7;"APARECIDA DE GOIANIA";"Manobra de mudança de faixa";"Colisão lateral mesmo sentido";"Com Vítimas Feridas";"Pleno dia";"Decrescente";"Céu Claro";"Dupla";"Reta";"Sim";2;0;0;1;1;0;1;2;-16,747766;-49,240569;"SPRF-GO";"DEL01-GO";"UOP01-DEL01-GO"
753573;2026-02-20;"sexta-feira";"16:59:00";"RN";101;107;"PARNAMIRIM";"Trafegar com motocicleta (ou similar) entre as faixas";"Colisão lateral mesmo sentido";"Com Vítimas Feridas";"Pleno dia";"Crescente";"Céu Claro";"Dupla";"Viaduto";"Sim";2;0;1;0;1;0;1;2;-5,9239352;-35,2651026;"SPRF-RN";"DEL01-RN";"UOP01-DEL01-RN"
753574;2026-02-20;"sexta-feira";"17:30:00";"ES";101;212;"IBIRACU";"Transitar no Acostamento";"Colisão transversal";"Com Vítimas Feridas";"Pleno dia";"Crescente";"Céu Claro";"Simples";"Reta";"Sim";2;0;0;1;1;0;1;2;-19,81632409;-40,36713749;"SPRF-ES";"DEL02-ES";"UOP01-DEL02-ES"
753575;2026-02-20;"sexta-feira";"16:30:00";"RJ";116;269,5;"BARRA MANSA";"Chuva";"Queda de ocupante de veículo";"Com Vítimas Feridas";"Pleno dia";"Crescente";"Chuva";"Dupla";"Curva";"Não";1;0;1;0;0;0;1;1;-22,56053348;-44,14923398;"SPRF-RJ";"DEL07-RJ";"UOP02-DEL07-RJ"
753576;2026-02-20;"sexta-feira";"15:00:00";"MG";262;38;"MANHUACU";"Acessar a via sem observar a presença dos outros veículos";"Colisão transversal";"Com Vítimas Feridas";"Pleno dia";"Decrescente";"Céu Claro";"Simples";"Declive;Reta";"Não";2;0;1;0;1;0;1;2;-20,27144755;-42,06566244;"SPRF-MG";"DEL06-MG";"UOP03-DEL06-MG"
753577;2026-02-20;"sexta-feira";"15:20:00";"SC";101;130;"CAMBORIU";"Reação tardia ou ineficiente do condutor";"Colisão traseira";"Com Vítimas Feridas";"Pleno dia";"Crescente";"Céu Claro";"Múltipla";"Reta";"Sim";2;0;1;0;1;0;1;2;-26,987144;-48,665835;"SPRF-SC";"DEL04-SC";"UOP03-DEL04-SC"
753579;2026-02-17;"terça-feira";"18:15:00";"BA";330;864;"UBATA";"Transitar na contramão";"Colisão frontal";"Com Vítimas Feridas";"Plena Noite";"Crescente";"Céu Claro";"Simples";"Reta";"Sim";6;0;5;0;1;0;5;2;-14,202592;-39,532343;"SPRF-BA";"DEL05-BA";"UOP01-DEL05-BA"
753580;2026-02-20;"sexta-feira";"15:00:00";"RJ";40;117;"DUQUE DE CAXIAS";"Manobra de mudança de faixa";"Colisão traseira";"Com Vítimas Feridas";"Pleno dia";"Crescente";"Nublado";"Dupla";"Reta";"Sim";3;0;1;0;2;0;1;2;-22,74802527;-43,28795671;"SPRF-RJ";"DEL01-RJ";"UOP02-DEL01-RJ"
753582;2026-02-20;"sexta-feira";"13:40:00";"PI";230;197;"OEIRAS";"Acessar a via sem observar a presença dos outros veículos";"Colisão transversal";"Com Vítimas Feridas";"Pleno dia";"Crescente";"Céu Claro";"Simples";"Reta";"Sim";2;0;1;0;1;0;1;2;-7,013667;-42,135377;"SPRF-PI";"DEL04-PI";"UOP01-DEL04-PI"
753583;2026-02-20;"sexta-feira";"16:30:00";"GO";50;238;"CATALAO";"Velocidade Incompatível";"Capotamento";"Com Vítimas Feridas";"Pleno dia";"Crescente";"Chuva";"Dupla";"Curva";"Não";2;0;2;0;0;0;2;1;-17,8663182;-47,7885355;"SPRF-GO";"DEL06-GO";"UOP01-DEL06-GO"
753584;2026-02-20;"sexta-feira";"17:40:00";"SP";153;65;"SAO JOSE DO RIO PRETO";"Reação tardia ou ineficiente do condutor";"Tombamento";"Com Vítimas Feridas";"Pleno dia";"Decrescente";"Céu Claro";"Dupla";"Aclive";"Sim";1;0;1;0;0;0;1;1;-20,835829;-49,365629;"SPRF-SP";"DEL09-SP";"UOP01-DEL09-SP"
753585;2026-02-20;"sexta-feira";"17:25:00";"PR";163;174;"LINDOESTE";"Acumulo de água sobre o pavimento";"Colisão com objeto";"Com Vítimas Feridas";"Pleno dia";"Crescente";"Garoa/Chuvisco";"Dupla";"Curva;Aclive";"Não";1;0;1;0;0;0;1;1;-25,20620128;-53,59699622;"SPRF-PR";"DEL05-PR";"UOP05-DEL05-PR"
753586;2026-02-20;"sexta-feira";"16:40:00";"CE";116;161,2;"RUSSAS";"Desrespeitar a preferência no cruzamento";"Colisão transversal";"Com Vítimas Feridas";"Pleno dia";"Decrescente";"Céu Claro";"Simples";"Rotatória;Curva";"Sim";2;0;0;1;1;0;1;2;-4,92845098;-37,99008815;"SPRF-CE";"DEL03-CE";"UOP01-DEL03-CE"
753588;2026-02-20;"sexta-feira";"18:00:00";"ES";262;107;"VENDA NOVA DO IMIGRANTE";"Pedestre cruzava a pista fora da faixa";"Atropelamento de Pedestre";"Com Vítimas Feridas";"Anoitecer";"Decrescente";"Céu Claro";"Simples";"Reta";"Sim";2;0;0;2;0;0;2;2;-20,3299783;-41,1535795;"SPRF-ES";"DEL01-ES";"UOP02-DEL01-ES"
753590;2026-02-20;"sexta-feira";"17:26:00";"RO";364;198,9;"PIMENTA BUENO";"Acessar a via sem observar a presença dos outros veículos";"Colisão transversal";"Com Vítimas Feridas";"Pleno dia";"Crescente";"Céu Claro";"Simples";"Reta";"Sim";2;0;0;1;0;1;1;2;-11,664639;-61,191359;"SPRF-RO";"DEL02-RO";"UOP02-DEL02-RO"
753591;2026-02-20;"sexta-feira";"18:30:00";"RS";472;121,7;"SAO JOSE DO INHACORA";"Manobra de mudança de faixa";"Colisão lateral mesmo sentido";"Com Vítimas Feridas";"Pleno dia";"Decrescente";"Sol";"Simples";"Declive;Reta";"Não";5;0;0;2;2;1;2;3;-27,69371233;-54,16517258;"SPRF-RS";"DEL10-RS";"UOP01-DEL10-RS"
753592;2026-02-20;"sexta-feira";"18:40:00";"ES";101;283;"CARIACICA";"Manobra de mudança de faixa";"Colisão lateral mesmo sentido";"Com Vítimas Feridas";"Anoitecer";"Crescente";"Céu Claro";"Dupla";"Curva";"Sim";2;0;1;0;1;0;1;2;-20,234365;-40,369487;"SPRF-ES";"DEL01-ES";"UOP01-DEL01-ES"
753593;2026-02-20;"sexta-feira";"18:25:00";"PE";407;125,4;"PETROLINA";"Manobra de mudança de faixa";"Colisão lateral mesmo sentido";"Com Vítimas Feridas";"Plena Noite";"Decrescente";"Céu Claro";"Dupla";"Reta";"Não";2;0;1;0;0;1;1;2;-9,380946;-40,53247897;"SPRF-PE";"DEL06-PE";"UOP01-DEL06-PE"
753594;2026-02-20;"sexta-feira";"18:35:00";"PB";230;19;"JOAO PESSOA";"Manobra de mudança de faixa";"Colisão lateral mesmo sentido";"Com Vítimas Feridas";"Plena Noite";"Crescente";"Céu Claro";"Dupla";"Reta";"Sim";3;0;1;1;1;0;2;2;-7,1303347;-34,850657;"SPRF-PB";"DEL01-PB";"UOP01-DEL01-PB"
753595;2026-02-20;"sexta-feira";"18:30:00";"SP";116;108,7;"TAUBATE";"Manobra de mudança de faixa";"Colisão lateral mesmo sentido";"Com Vítimas Feridas";"Anoitecer";"Crescente";"Céu Claro";"Dupla";"Reta";"Sim";2;0;1;0;0;1;1;2;-23,02800696;-45,54447267;"SPRF-SP";"DEL02-SP";"UOP02-DEL02-SP"
753596;2026-02-20;"sexta-feira";"17:26:00";"PE";428;139;"LAGOA GRANDE";"Condutor deixou de manter distância do veículo da frente";"Engavetamento";"Sem Vítimas";"Anoitecer";"Decrescente";"Nublado";"Simples";"Reta;Interseção de Vias";"Sim";3;0;0;0;3;0;0;3;-8,99756;-40,2719877;"SPRF-PE";"DEL06-PE";"UOP03-DEL06-PE"
753598;2026-02-20;"sexta-feira";"17:00:00";"RJ";101;308;"SAO GONCALO";"Reação tardia ou ineficiente do condutor";"Queda de ocupante de veículo";"Com Vítimas Feridas";"Pleno dia";"Decrescente";"Céu Claro";"Dupla";"Reta";"Sim";1;0;1;0;0;0;1;1;-22,79304674;-43,02396297;"SPRF-RJ";"DEL02-RJ";"UOP02-DEL02-RJ"
753599;2026-02-20;"sexta-feira";"18:35:00";"SC";470;138;"RIO DO SUL";"Acessar a via sem observar a presença dos outros veículos";"Colisão transversal";"Com Vítimas Feridas";"Pleno dia";"Crescente";"Nublado";"Simples";"Reta";"Não";4;0;2;0;2;0;2;2;-27,18831312;-49,6110177;"SPRF-SC";"DEL04-SC";"UOP02-DEL04-SC"
753600;2026-02-20;"sexta-feira";"18:00:00";"PR";277;117;"CAMPO LARGO";"Acessar a via sem observar a presença dos outros veículos";"Colisão transversal";"Com Vítimas Feridas";"Anoitecer";"Decrescente";"Céu Claro";"Simples";"Reta;Interseção de Vias";"Sim";2;0;0;1;1;0;1;2;-25,443388;-49,454878;"SPRF-PR";"DEL01-PR";"UOP07-DEL01-PR"
753602;2026-02-20;"sexta-feira";"17:15:00";"MT";70;404;"CUIABA";"Acessar a via sem observar a presença dos outros veículos";"Colisão transversal";"Com Vítimas Feridas";"Pleno dia";"Decrescente";"Céu Claro";"Múltipla";"Retorno Regulamentado";"Sim";3;0;3;0;0;0;3;2;-15,6416654;-56,02011323;"SPRF-MT";"DEL05-MT";"UOP02-DEL05-MT"
753603;2026-02-20;"sexta-feira";"15:15:00";"RJ";101;332;"RIO DE JANEIRO";"Reação tardia ou ineficiente do condutor";"Tombamento";"Com Vítimas Feridas";"Pleno dia";"Decrescente";"Nublado";"Múltipla";"Reta";"Não";2;0;2;0;0;0;2;1;-22,86833224;-43,18982478;"SPRF-RJ";"DEL02-RJ";"UOP01-DEL02-RJ"
753604;2026-02-20;"sexta-feira";"18:30:00";"MS";163;476;"CAMPO GRANDE";"Acessar a via sem observar a presença dos outros veículos";"Colisão transversal";"Com Vítimas Feridas";"Plena Noite";"Decrescente";"Chuva";"Simples";"Reta";"Não";2;0;1;0;1;0;1;2;-20,68497959;-54,553837;"SPRF-MS";"DEL01-MS";"UOP01-DEL01-MS"
753607;2026-02-20;"sexta-feira";"14:00:00";"MS";262;326;"CAMPO GRANDE";"Ausência de reação do condutor";"Colisão traseira";"Sem Vítimas";"Plena Noite";"Decrescente";"Garoa/Chuvisco";"Dupla";"Reta";"Sim";2;0;0;0;2;0;0;2;-20,46833;-54,536198;"SPRF-MS";"DEL01-MS";"UOP01-DEL01-MS"
753611;2026-02-20;"sexta-feira";"19:10:00";"BA";367;31;"PORTO SEGURO";"Acessar a via sem observar a presença dos outros veículos";"Colisão transversal";"Com Vítimas Feridas";"Plena Noite";"Crescente";"Céu Claro";"Simples";"Reta";"Sim";2;0;1;0;1;0;1;2;-16,4146753;-39,1280113;"SPRF-BA";"DEL09-BA";"UOP03-DEL09-BA"