"id";"data_inversa";"dia_semana";"horario";"uf";"br";"km";"municipio";"causa_acidente";"tipo_acidente";"classificacao_acidente";"fase_dia";"sentido_via";"condicao_metereologica";"tipo_pista";"tracado_via";"uso_solo";"pessoas";"mortos";"feridos_leves";"feridos_graves";"ilesos";"ignorados";"feridos";"veiculos";"latitude";"longitude";"regional";"delegacia";"uop"
753951;2026-02-22;"domingo";"12:00:00";"GO";153;603,5;"MORRINHOS";"Pista esburacada";"Tombamento";"Com Vítimas Feridas";"Pleno dia";"Decrescente";"Nublado";"Dupla";"Reta";"Não";2;0;2;0;0;0;2;1;-17,57003;-49,198775;"SPRF-GO";"DEL03-GO";"UOP01-DEL03-GO"
753953;2026-02-22;"domingo";"13:05:00";"MG";262;374;"JUATUBA";"Condutor Dormindo";"Saída de leito carroçável";"Com Vítimas Feridas";"Pleno dia";"Crescente";"Sol";"Dupla";"Curva";"Não";3;0;2;0;0;1;2;2;-19,933;-44,427;"SPRF-MG";"DEL01-MG";"UOP03-DEL01-MG"
753956;2026-02-22;"domingo";"12:15:00";"BA";324;593;"CANDEIAS";"Acesso irregular";"Colisão transversal";"Com Vítimas Feridas";"Pleno dia";"Crescente";"Chuva";"Dupla";"Aclive;Curva";"Sim";3;0;1;0;2;0;1;2;-12,70581341;-38,46337986;"SPRF-BA";"DEL01-BA";"UOP01-DEL01-BA"
753957;2026-02-22;"domingo";"13:20:00";"MG";116;279,8;"TEOFILO OTONI";"Acessar a via sem observar a presença dos outros veículos";"Atropelamento de Pedestre";"Com Vítimas Feridas";"Pleno dia";"Decrescente";"Céu Claro";"Simples";"Curva";"Não";2;0;0;1;1;0;1;2;-17,882643;-41,523362;"SPRF-MG";"DEL11-MG";"UOP01-DEL11-MG"
753959;2026-02-22;"domingo";"10:30:00";"MG";262;22;"REDUTO";"Reação tardia ou ineficiente do condutor";"Saída de leito carroçável";"Com Vítimas Feridas";"Pleno dia";"Crescente";"Nublado";"Simples";"Curva";"Não";2;0;2;0;0;0;2;1;-20,245674;-41,925063;"SPRF-MG";"DEL06-MG";"UOP03-DEL06-MG"
753961;2026-02-22;"domingo";"13:55:00";"PR";277;661,5;"MATELANDIA";"Acumulo de óleo sobre o pavimento";"Tombamento";"Com Vítimas Feridas";"Pleno dia";"Decrescente";"Céu Claro";"Dupla";"Curva;Aclive";"Não";3;0;2;0;0;1;2;2;-25,2515;-53,9897;"SPRF-PR";"DEL05-PR";"UOP02-DEL05-PR"
753962;2026-02-22;"domingo";"13:00:00";"MA";135;28;"BACABEIRA";"Acumulo de água sobre o pavimento";"Saída de leito carroçável";"Sem Vítimas";"Pleno dia";"Decrescente";"Céu Claro";"Dupla";"Reta";"Não";1;0;0;0;1;0;0;1;-2,78752;-44,37418;"SPRF-MA";"DEL01-MA";"UOP01-DEL01-MA"
753964;2026-02-22;"domingo";"13:30:00";"AL";104;93;"MACEIO";"Desrespeitar a preferência no cruzamento";"Colisão transversal";"Com Vítimas Feridas";"Pleno dia";"Decrescente";"Céu Claro";"Dupla";"Reta;Rotatória;Interseção de Vias";"Não";3;0;1;0;1;1;1;2;-9,53227127;-35,795986;"SPRF-AL";"DEL01-AL";"UOP01-DEL01-AL"
753966;2026-02-22;"domingo";"14:00:00";"DF";20;14,1;"BRASILIA";"Condutor deixou de manter distância do veículo da frente";"Colisão traseira";"Com Vítimas Fatais";"Pleno dia";"Crescente";"Sol";"Dupla";"Reta";"Sim";2;1;0;0;1;0;0;2;-15,62703889;-47,72320748;"SPRF-DF";"DEL02-DF";"UOP01-DEL02-DF"
753967;2026-02-22;"domingo";"14:30:00";"SC";470;54,5;"BLUMENAU";"Acessar a via sem observar a presença dos outros veículos";"Colisão transversal";"Com Vítimas Feridas";"Pleno dia";"Crescente";"Nublado";"Simples";"Interseção de Vias";"Sim";3;0;1;0;2;0;1;2;-26,87322886;-49,11417453;"SPRF-SC";"DEL04-SC";"UOP01-DEL04-SC"
753968;2026-02-22;"domingo";"14:10:00";"SP";116;327;"JUQUITIBA";"Pista Escorregadia";"Saída de leito carroçável";"Com Vítimas Feridas";"Pleno dia";"Decrescente";"Chuva";"Dupla";"Curva";"Não";3;0;2;0;1;0;2;1;-23,93560996;-47,07300132;"SPRF-SP";"DEL04-SP";"UOP03-DEL04-SP"
753969;2026-02-22;"domingo";"14:50:00";"BA";324;518;"FEIRA DE SANTANA";"Acessar a via sem observar a presença dos outros veículos";"Colisão transversal";"Com Vítimas Feridas";"Pleno dia";"Decrescente";"Sol";"Simples";"Reta";"Sim";2;0;0;1;1;0;1;2;-12,267149;-38,93338;"SPRF-BA";"DEL02-BA";"UOP01-DEL02-BA"
753970;2026-02-22;"domingo";"11:35:00";"MT";163;622,4;"NOVA MUTUM";"Ausência de reação do condutor";"Saída de leito carroçável";"Com Vítimas Feridas";"Pleno dia";"Decrescente";"Chuva";"Dupla";"Reta";"Não";1;0;1;0;0;0;1;1;-13,58826153;-56,03096008;"SPRF-MT";"DEL01-MT";"UOP01-DEL01-MT"
753971;2026-02-22;"domingo";"12:35:00";"RO";364;342;"JI-PARANA";"Desrespeitar a preferência no cruzamento";"Colisão transversal";"Com Vítimas Feridas";"Pleno dia";"Decrescente";"Nublado";"Dupla";"Declive";"Não";3;0;0;1;2;0;1;2;-10,87867765;-61,94516708;"SPRF-RO";"DEL02-RO";"UOP01-DEL02-RO"
753972;2026-02-22;"domingo";"15:35:00";"RS";116;268;"CANOAS";"Ausência de reação do condutor";"Colisão lateral mesmo sentido";"Com Vítimas Feridas";"Pleno dia";"Decrescente";"Céu Claro";"Dupla";"Reta";"Sim";3;0;0;1;2;0;1;3;-29,9506946;-51,17650884;"SPRF-RS";"DEL01-RS";"UOP01-DEL01-RS"
753973;2026-02-22;"domingo";"15:00:00";"SP";116;318;"JUQUITIBA";"Manobra de mudança de faixa";"Colisão lateral mesmo sentido";"Com Vítimas Feridas";"Pleno dia";"Decrescente";"Garoa/Chuvisco";"Dupla";"Reta";"Não";2;0;1;0;1;0;1;2;-23,93045178;-46,99793911;"SPRF-SP";"DEL04-SP";"UOP03-DEL04-SP"
753974;2026-01-21;"quarta-feira";"17:30:00";"RJ";101;496;"ANGRA DOS REIS";"Velocidade Incompatível";"Colisão frontal";"Com Vítimas Feridas";"Pleno dia";"Crescente";"Chuva";"Simples";"Reta";"Não";2;0;2;0;0;0;2;2;-22,92173191;-44,32479713;"SPRF-RJ";"DEL03-RJ";"UOP03-DEL03-RJ"
753975;2026-02-22;"domingo";"14:00:00";"SP";116;546;"SAO MIGUEL ARCANJO";"Reação tardia ou ineficiente do condutor";"Atropelamento de Pedestre";"Com Vítimas Feridas";"Pleno dia";"Crescente";"Chuva";"Simples";"Curva;Declive";"Não";3;0;0;1;0;2;1;2;-24;-48;"SPRF-SP";"DEL05-SP";"UOP02-DEL05-SP"
753976;2026-02-21;"sábado";"19:00:00";"BA";110;343;"ALAGOINHAS";"Transitar na contramão";"Colisão lateral sentido oposto";"Com Vítimas Feridas";"Plena Noite";"Crescente";"Nublado";"Simples";"Aclive;Reta";"Não";2;0;2;0;0;0;2;2;-12,17019517;-38,41349519;"SPRF-BA";"DEL01-BA";"UOP04-DEL01-BA"
753979;2026-02-22;"domingo";"14:40:00";"PR";369;11,3;"CAMBARA";"Ausência de reação do condutor";"Colisão com objeto";"Com Vítimas Feridas";"Pleno dia";"Decrescente";"Céu Claro";"Simples";"Reta";"Não";3;0;1;0;2;0;1;1;-23,009756;-50,006915;"SPRF-PR";"DEL07-PR";"UOP05-DEL07-PR"
753981;2026-02-22;"domingo";"15:10:00";"SE";101;93;"NOSSA SENHORA DO SOCORRO";"Manobra de mudança de faixa";"Colisão lateral mesmo sentido";"Com Vítimas Feridas";"Pleno dia";"Decrescente";"Sol";"Dupla";"Reta";"Sim";2;0;0;1;1;0;1;2;-10,9029985;-37,14628665;"SPRF-SE";"DEL01-SE";"UOP01-DEL01-SE"
753983;2026-02-22;"domingo";"16:30:00";"RN";101;78,4;"SAO GONCALO DO AMARANTE";"Conversão proibida";"Colisão transversal";"Com Vítimas Feridas";"Pleno dia";"Crescente";"Céu Claro";"Dupla";"Retorno Regulamentado";"Sim";2;0;1;0;1;0;1;2;-5,74558835;-35,2898976;"SPRF-RN";"DEL02-RN";"UOP01-DEL02-RN"
753984;2026-02-22;"domingo";"15:20:00";"RS";116;125;"SAO MARCOS";"Condutor Dormindo";"Colisão lateral sentido oposto";"Com Vítimas Feridas";"Pleno dia";"Crescente";"Céu Claro";"Simples";"Reta";"Não";4;0;1;0;3;0;1;2;-29,0233293;-51,09929737;"SPRF-RS";"DEL05-RS";"UOP01-DEL05-RS"
753985;2026-02-22;"domingo";"15:00:00";"RJ";40;67;"PETROPOLIS";"Avarias e/ou desgaste excessivo no pneu";"Colisão com objeto";"Com Vítimas Feridas";"Pleno dia";"Decrescente";"Chuva";"Dupla";"Declive;Reta";"Não";3;0;3;0;0;0;3;1;-22,43839349;-43,17573041;"SPRF-RJ";"DEL05-RJ";"UOP02-DEL05-RJ"
753986;2026-02-22;"domingo";"15:15:00";"SC";163;70,1;"SAO MIGUEL DO OESTE";"Entrada inopinada do pedestre";"Atropelamento de Pedestre";"Com Vítimas Feridas";"Pleno dia";"Decrescente";"Céu Claro";"Dupla";"Declive;Reta";"Sim";3;0;1;0;2;0;1;2;-26,73493665;-53,5062933;"SPRF-SC";"DEL07-SC";"UOP03-DEL07-SC"
753988;2026-02-22;"domingo";"17:13:00";"SC";101;236;"PALHOCA";"Ausência de reação do condutor";"Colisão traseira";"Com Vítimas Feridas";"Pleno dia";"Decrescente";"Céu Claro";"Dupla";"Reta";"Não";3;0;0;2;1;0;2;2;-27,82738735;-48,62999439;"SPRF-SC";"DEL01-SC";"UOP02-DEL01-SC"
753989;2026-02-22;"domingo";"16:20:00";"MG";40;573,9;"ITABIRITO";"Avarias e/ou desgaste excessivo no pneu";"Colisão com objeto";"Sem Vítimas";"Pleno dia";"Decrescente";"Chuva";"Dupla";"Retorno Regulamentado;Aclive";"Não";1;0;0;0;1;0;0;1;-20,2529693;-43,9602168;"SPRF-MG";"DEL01-MG";"UOP02-DEL01-MG"
753990;2026-02-22;"domingo";"16:47:00";"PB";230;36,7;"SANTA RITA";"Pedestre cruzava a pista fora da faixa";"Atropelamento de Pedestre";"Com Vítimas Feridas";"Pleno dia";"Decrescente";"Céu Claro";"Dupla";"Reta";"Sim";2;0;0;1;0;1;1;2;-7,129715;-34,953827;"SPRF-PB";"DEL01-PB";"UOP02-DEL01-PB"
753991;2026-02-22;"domingo";"16:20:00";"ES";262;166,4;"IBATIBA";"Acessar a via sem observar a presença dos outros veículos";"Colisão transversal";"Com Vítimas Feridas";"Pleno dia";"Decrescente";"Céu Claro";"Simples";"Curva;Declive";"Não";3;0;1;1;1;0;2;2;-20,252155;-41,563467;"SPRF-ES";"DEL01-ES";"UOP02-DEL01-ES"
753992;2026-02-22;"domingo";"17:10:00";"SP";153;58,8;"SAO JOSE DO RIO PRETO";"Avarias e/ou desgaste excessivo no pneu";"Saída de leito carroçável";"Sem Vítimas";"Pleno dia";"Decrescente";"Chuva";"Dupla";"Declive;Reta";"Sim";1;0;0;0;1;0;0;1;-20,785935;-49,353748;"SPRF-SP";"DEL09-SP";"UOP01-DEL09-SP"
753993;2026-02-22;"domingo";"17:15:00";"PB";101;58;"SANTA RITA";"Demais falhas mecânicas ou elétricas";"Tombamento";"Com Vítimas Feridas";"Anoitecer";"Crescente";"Céu Claro";"Dupla";"Reta";"Não";2;0;2;0;0;0;2;1;-6,988795;-35,072193;"SPRF-PB";"DEL01-PB";"UOP03-DEL01-PB"
753994;2026-02-22;"domingo";"17:29:00";"PI";343;591,5;"FLORIANO";"Ausência de reação do condutor";"Tombamento";"Com Vítimas Feridas";"Pleno dia";"Crescente";"Céu Claro";"Simples";"Reta";"Sim";2;0;0;2;0;0;2;2;-6,779283;-43,0283;"SPRF-PI";"DEL03-PI";"UOP01-DEL03-PI"
753995;2026-02-22;"domingo";"17:45:00";"SC";101;207;"SAO JOSE";"Manobra de mudança de faixa";"Colisão traseira";"Com Vítimas Feridas";"Pleno dia";"Crescente";"Céu Claro";"Múltipla";"Reta";"Sim";4;0;1;0;3;0;1;2;-27,5937997;-48,61892072;"SPRF-SC";"DEL01-SC";"UOP01-DEL01-SC"
753997;2026-02-22;"domingo";"18:10:00";"SP";381;30;"ATIBAIA";"Condutor deixou de manter distância do veículo da frente";"Colisão traseira";"Com Vítimas Feridas";"Pleno dia";"Decrescente";"Céu Claro";"Dupla";"Reta";"Não";2;0;1;0;1;0;1;2;-23,0507928;-46,5657757;"SPRF-SP";"DEL03-SP";"UOP02-DEL03-SP"
753998;2026-02-22;"domingo";"18:20:00";"RS";116;246;"SAO LEOPOLDO";"Acessar a via sem observar a presença dos outros veículos";"Colisão lateral mesmo sentido";"Com Vítimas Feridas";"Anoitecer";"Decrescente";"Céu Claro";"Múltipla";"Interseção de Vias";"Sim";2;0;1;0;1;0;1;2;-29,7617738;-51,15214912;"SPRF-RS";"DEL01-RS";"UOP02-DEL01-RS"
753999;2026-02-22;"domingo";"18:00:00";"SC";101;147;"ITAPEMA";"Acessar a via sem observar a presença dos outros veículos";"Colisão transversal";"Com Vítimas Feridas";"Anoitecer";"Decrescente";"Céu Claro";"Dupla";"Reta";"Sim";2;0;1;0;1;0;1;2;-27,08803198;-48,61152068;"SPRF-SC";"DEL04-SC";"UOP03-DEL04-SC"
754000;2026-02-22;"domingo";"16:50:00";"RS";468;20,9;"PALMEIRA DAS MISSOES";"Velocidade Incompatível";"Saída de leito carroçável";"Com Vítimas Fatais";"Pleno dia";"Decrescente";"Céu Claro";"Simples";"Curva";"Não";3;1;0;2;0;0;2;1;-27,77168;-53,441195;"SPRF-RS";"DEL08-RS";"UOP01-DEL08-RS"
754001;2026-02-22;"domingo";"18:00:00";"RJ";101;483;"ANGRA DOS REIS";"Transitar na contramão";"Colisão frontal";"Com Vítimas Feridas";"Plena Noite";"Decrescente";"Chuva";"Simples";"Curva";"Não";7;0;2;1;4;0;3;3;-22,9680833;-44,2999496;"SPRF-RJ";"DEL03-RJ";"UOP03-DEL03-RJ"
754002;2026-02-22;"domingo";"19:11:00";"MG";381;3;"BETIM";"Ingestão de álcool pelo condutor";"Colisão traseira";"Com Vítimas Feridas";"Plena Noite";"Crescente";"Nublado";"Dupla";"Reta";"Sim";2;0;1;0;1;0;1;2;-19,98562;-44,16862;"SPRF-MG";"DEL01-MG";"UOP03-DEL01-MG"
754003;2026-02-22;"domingo";"18:20:00";"PI";343;2,2;"TERESINA";"Transitar no Acostamento";"Colisão lateral mesmo sentido";"Com Vítimas Feridas";"Plena Noite";"Decrescente";"Céu Claro";"Múltipla";"Reta";"Sim";2;0;1;0;1;0;1;2;-5,081743;-42,77002;"SPRF-PI";"DEL01-PI";"UOP01-DEL01-PI"
754004;2026-02-22;"domingo";"16:20:00";"BA";116;420;"FEIRA DE SANTANA";"Acessar a via sem observar a presença dos outros veículos";"Colisão transversal";"Sem Vítimas";"Pleno dia";"Decrescente";"Nublado";"Dupla";"Retorno Regulamentado;Viaduto";"Sim";2;0;0;0;2;0;0;2;-12,217175;-38,965308;"SPRF-BA";"DEL02-BA";"UOP01-DEL02-BA"
754006;2026-02-22;"domingo";"19:02:00";"ES";101;137,6;"LINHARES";"Condutor deixou de manter distância do veículo da frente";"Colisão traseira";"Com Vítimas Feridas";"Anoitecer";"Crescente";"Céu Claro";"Simples";"Reta";"Não";2;0;0;1;1;0;1;2;-19,26073743;-40,08929372;"SPRF-ES";"DEL04-ES";"UOP01-DEL04-ES"
754007;2026-02-22;"domingo";"15:30:00";"MA";135;131;"MATOES DO NORTE";"Reação tardia ou ineficiente do condutor";"Colisão traseira";"Sem Vítimas";"Pleno dia";"Decrescente";"Céu Claro";"Simples";"Reta";"Não";2;0;0;0;2;0;0;2;-3,606943;-44,564607;"SPRF-MA";"DEL01-MA";"UOP02-DEL01-MA"
754008;2026-02-22;"domingo";"18:20:00";"RJ";393;170;"TRES RIOS";"Ausência de reação do condutor";"Saída de leito carroçável";"Com Vítimas Feridas";"Anoitecer";"Crescente";"Céu Claro";"Simples";"Reta";"Não";5;0;4;0;1;0;4;1;-22,13112526;-43,22296143;"SPRF-RJ";"DEL05-RJ";"UOP03-DEL05-RJ"
754009;2026-02-22;"domingo";"17:50:00";"RO";421;35,8;"MONTE NEGRO";"Pista esburacada";"Tombamento";"Com Vítimas Feridas";"Pleno dia";"Decrescente";"Nublado";"Simples";"Reta";"Não";1;0;1;0;0;0;1;1;-10,165383;-63,225933;"SPRF-RO";"DEL03-RO";"UOP01-DEL03-RO"
754010;2026-02-22;"domingo";"19:30:00";"SC";101;198,7;"SAO JOSE";"Reação tardia ou ineficiente do condutor";"Colisão traseira";"Com Vítimas Feridas";"Plena Noite";"Crescente";"Céu Claro";"Simples";"Reta";"Sim";2;0;1;0;1;0;1;2;-27,5323;-48,63148;"SPRF-SC";"DEL01-SC";"UOP01-DEL01-SC"
754011;2026-02-22;"domingo";"18:33:00";"PB";230;38,1;"SANTA RITA";"Ausência de reação do condutor";"Tombamento";"Com Vítimas Feridas";"Plena Noite";"Crescente";"Céu Claro";"Dupla";"Reta";"Sim";1;0;1;0;0;0;1;1;-7,13521607;-34,96462137;"SPRF-PB";"DEL01-PB";"UOP02-DEL01-PB"
754012;2026-02-22;"domingo";"18:00:00";"TO";242;378,3;"GURUPI";"Transitar na contramão";"Colisão frontal";"Com Vítimas Fatais";"Pleno dia";"Decrescente";"Céu Claro";"Simples";"Reta";"Não";2;1;0;0;1;0;0;2;-11,7347;-49,0417;"SPRF-TO";"DEL01-TO";"UOP02-DEL01-TO"
754013;2026-02-22;"domingo";"15:00:00";"RJ";116;180;"NOVA IGUACU";"Reação tardia ou ineficiente do condutor";"Colisão com objeto";"Com Vítimas Feridas";"Pleno dia";"Decrescente";"Nublado";"Dupla";"Aclive;Reta";"Sim";1;0;0;1;0;0;1;1;-22,7638498;-43,41870753;"SPRF-RJ";"DEL06-RJ";"UOP01-DEL06-RJ"
754014;2026-02-22;"domingo";"16:00:00";"RJ";40;115,3;"DUQUE DE CAXIAS";"Demais falhas mecânicas ou elétricas";"Tombamento";"Com Vítimas Fatais";"Pleno dia";"Crescente";"Nublado";"Múltipla";"Reta";"Não";2;1;0;1;0;0;1;1;-22,72926958;-43,2887207;"SPRF-RJ";"DEL01-RJ";"UOP02-DEL01-RJ"
754015;2026-02-22;"domingo";"19:20:00";"PR";277;16,3;"PARANAGUA";"Velocidade Incompatível";"Saída de leito carroçável";"Com Vítimas Feridas";"Plena Noite";"Crescente";"Garoa/Chuvisco";"Dupla";"Reta";"Não";2;0;2;0;0;0;2;1;-25,54838939;-48,6752793;"SPRF-PR";"DEL01-PR";"UOP05-DEL01-PR"
754017;2026-02-22;"domingo";"18:10:00";"GO";60;228;"CEZARINA";"Avarias e/ou desgaste excessivo no pneu";"Saída de leito carroçável";"Sem Vítimas";"Anoitecer";"Crescente";"Céu Claro";"Dupla";"Reta;Declive";"Não";1;0;0;0;1;0;0;1;-17,049153;-49,786106;"SPRF-GO";"DEL01-GO";"UOP02-DEL01-GO"
754018;2026-02-22;"domingo";"16:30:00";"MG";116;537,9;"SANTA RITA DE MINAS";"Condutor deixou de manter distância do veículo da frente";"Colisão traseira";"Sem Vítimas";"Pleno dia";"Decrescente";"Nublado";"Simples";"Ponte;Reta";"Sim";4;0;0;0;4;0;0;2;-19,87803082;-42,13099122;"SPRF-MG";"DEL06-MG";"UOP02-DEL06-MG"
754019;2026-02-22;"domingo";"19:00:00";"PB";101;78;"SANTA RITA";"Reação tardia ou ineficiente do condutor";"Saída de leito carroçável";"Com Vítimas Fatais";"Plena Noite";"Crescente";"Nublado";"Dupla";"Desvio Temporário;Reta;Em Obras";"Não";1;1;0;0;0;0;0;1;-7,1058231;-34,96380597;"SPRF-PB";"DEL01-PB";"UOP03-DEL01-PB"
754020;2026-02-22;"domingo";"18:20:00";"RS";290;297,2;"CACHOEIRA DO SUL";"Reação tardia ou ineficiente do condutor";"Colisão com objeto";"Sem Vítimas";"Anoitecer";"Crescente";"Céu Claro";"Simples";"Ponte;Reta";"Não";1;0;0;0;1;0;0;1;-30,31156978;-53,18030834;"SPRF-RS";"DEL09-RS";"UOP02-DEL09-RS"
754021;2026-02-22;"domingo";"19:00:00";"PR";116;6;"CAMPINA GRANDE DO SUL";"Acumulo de água sobre o pavimento";"Saída de leito carroçável";"Com Vítimas Feridas";"Plena Noite";"Crescente";"Chuva";"Dupla";"Curva";"Não";4;0;3;0;1;0;3;1;-25,08105133;-48,62282753;"SPRF-PR";"DEL01-PR";"UOP02-DEL01-PR"
754022;2026-02-22;"domingo";"18:40:00";"MT";174;280;"PONTES E LACERDA";"Acessar a via sem observar a presença dos outros veículos";"Colisão lateral mesmo sentido";"Com Vítimas Feridas";"Plena Noite";"Crescente";"Nublado";"Simples";"Reta";"Não";4;0;2;1;1;0;3;2;-15,3011034;-59,2614887;"SPRF-MT";"DEL04-MT";"UOP01-DEL04-MT"
754023;2026-02-22;"domingo";"16:00:00";"MG";40;494;"PEDRO LEOPOLDO";"Demais falhas na via";"Saída de leito carroçável";"Sem Vítimas";"Pleno dia";"Crescente";"Chuva";"Dupla";"Reta";"Não";1;0;0;0;0;1;0;1;-19,61962846;-44,03835297;"SPRF-MG";"DEL02-MG";"UOP01-DEL02-MG"
754025;2026-02-22;"domingo";"18:35:00";"RO";421;45,6;"MONTE NEGRO";"Mal súbito do condutor";"Tombamento";"Com Vítimas Feridas";"Anoitecer";"Crescente";"Nublado";"Simples";"Reta";"Não";2;0;2;0;0;0;2;1;-10,239953;-63,267447;"SPRF-RO";"DEL03-RO";"UOP01-DEL03-RO"
754026;2026-02-22;"domingo";"19:46:00";"PE";104;62,4;"CARUARU";"Ingestão de álcool pelo condutor";"Colisão traseira";"Com Vítimas Feridas";"Plena Noite";"Crescente";"Céu Claro";"Dupla";"Reta";"Sim";3;0;1;0;2;0;1;2;-8,25734;-35,97588;"SPRF-PE";"DEL02-PE";"UOP01-DEL02-PE"
754027;2026-02-22;"domingo";"10:15:00";"MG";381;379;"SAO GONCALO DO RIO ABAIXO";"Ausência de reação do condutor";"Colisão com objeto";"Com Vítimas Feridas";"Pleno dia";"Decrescente";"Sol";"Simples";"Reta";"Sim";1;0;1;0;0;0;1;1;-19,82129696;-43,38947296;"SPRF-MG";"DEL01-MG";"UOP01-DEL01-MG"
754028;2026-02-22;"domingo";"19:44:00";"RJ";101;470;"ANGRA DOS REIS";"Demais falhas mecânicas ou elétricas";"Incêndio";"Sem Vítimas";"Plena Noite";"Decrescente";"Chuva";"Simples";"Reta";"Não";1;0;0;0;1;0;0;1;-22,99497273;-44,23036158;"SPRF-RJ";"DEL03-RJ";"UOP03-DEL03-RJ"
754029;2026-02-22;"domingo";"20:15:00";"SC";282;5,3;"SAO JOSE";"Reação tardia ou ineficiente do condutor";"Engavetamento";"Sem Vítimas";"Plena Noite";"Decrescente";"Nublado";"Dupla";"Reta";"Sim";5;0;0;0;5;0;0;3;-27,58722484;-48,61539245;"SPRF-SC";"DEL01-SC";"UOP01-DEL01-SC"
754032;2026-02-22;"domingo";"20:05:00";"AL";316;159;"PALMEIRA DOS INDIOS";"Manobra de mudança de faixa";"Colisão transversal";"Sem Vítimas";"Plena Noite";"Decrescente";"Céu Claro";"Simples";"Reta;Aclive";"Não";2;0;0;0;1;1;0;2;-9,440753;-36,607218;"SPRF-AL";"DEL03-AL";"UOP01-DEL03-AL"
754033;2026-02-22;"domingo";"13:07:00";"MG";365;210;"BURITIZEIRO";"Chuva";"Queda de ocupante de veículo";"Com Vítimas Feridas";"Pleno dia";"Decrescente";"Chuva";"Simples";"Reta";"Não";2;0;1;1;0;0;2;1;-17,53665825;-45,29534251;"SPRF-MG";"DEL10-MG";"UOP02-DEL010-MG"
754035;2026-02-22;"domingo";"17:50:00";"RJ";101;57;"CAMPOS DOS GOYTACAZES";"Acessar a via sem observar a presença dos outros veículos";"Colisão transversal";"Com Vítimas Feridas";"Anoitecer";"Crescente";"Nublado";"Simples";"Interseção de Vias;Reta";"Sim";3;0;2;0;1;0;2;2;-21,70226286;-41,31005287;"SPRF-RJ";"DEL08-RJ";"UOP01-DEL08-RJ"
754036;2026-02-22;"domingo";"19:25:00";"PI";230;310;"FLORIANO";"Transitar na contramão";"Colisão frontal";"Sem Vítimas";"Plena Noite";"Decrescente";"Céu Claro";"Simples";"Reta";"Sim";2;0;0;0;2;0;0;2;-6,7684;-43,010537;"SPRF-PI";"DEL03-PI";"UOP01-DEL03-PI"
754038;2026-02-06;"sexta-feira";"23:05:00";"MG";381;433;"SABARA";"Demais falhas na via";"Atropelamento de Pedestre";"Com Vítimas Feridas";"Plena Noite";"Decrescente";"Nublado";"Simples";"Reta";"Sim";2;0;1;0;1;0;1;2;-19,79685;-43,7557;"SPRF-MG";"DEL01-MG";"UOP01-DEL01-MG"
754039;2026-02-22;"domingo";"19:40:00";"PE";232;171;"BELO JARDIM";"Reação tardia ou ineficiente do condutor";"Saída de leito carroçável";"Com Vítimas Feridas";"Plena Noite";"Crescente";"Céu Claro";"Simples";"Curva";"Não";4;0;3;0;1;0;3;1;-8,3423;-36,35257;"SPRF-PE";"DEL03-PE";"UOP02-DEL03-PE"
754040;2026-02-22;"domingo";"20:00:00";"SC";101;331;"TUBARAO";"Desrespeitar a preferência no cruzamento";"Colisão transversal";"Sem Vítimas";"Plena Noite";"Decrescente";"Céu Claro";"Múltipla";"Rotatória;Interseção de Vias";"Sim";2;0;0;0;2;0;0;2;-28,466124;-48,995293;"SPRF-SC";"DEL02-SC";"UOP01-DEL02-SC"
754042;2026-02-22;"domingo";"16:04:00";"MT";174;510;"COMODORO";"Avarias e/ou desgaste excessivo no pneu";"Tombamento";"Com Vítimas Feridas";"Pleno dia";"Decrescente";"Garoa/Chuvisco";"Simples";"Reta";"Não";2;0;0;2;0;0;2;1;-13,46738504;-59,84270096;"SPRF-MT";"DEL04-MT";"UOP02-DEL04-MT"
754043;2026-02-22;"domingo";"20:15:00";"MG";146;484,1;"POCOS DE CALDAS";"Velocidade Incompatível";"Colisão com objeto";"Sem Vítimas";"Plena Noite";"Decrescente";"Céu Claro";"Simples";"Declive;Curva";"Não";1;0;0;0;1;0;0;1;-21,80422289;-46,45481944;"SPRF-MG";"DEL09-MG";"UOP01-DEL09-MG"
754044;2026-02-22;"domingo";"20:38:00";"PR";277;590;"CASCAVEL";"Avarias e/ou desgaste excessivo no pneu";"Eventos atípicos";"Com Vítimas Feridas";"Plena Noite";"Decrescente";"Céu Claro";"Simples";"Reta";"Não";1;0;1;0;0;0;1;1;-24,9768;-53,44498;"SPRF-PR";"DEL04-PR";"UOP01-DEL04-PR"
754045;2026-02-22;"domingo";"19:20:00";"RS";470;245;"BARAO";"Conversão proibida";"Colisão transversal";"Com Vítimas Feridas";"Plena Noite";"Crescente";"Céu Claro";"Simples";"Reta";"Sim";2;0;1;0;1;0;1;2;-29,37790666;-51,49762845;"SPRF-RS";"DEL06-RS";"UOP01-DEL06-RS"
754046;2026-02-22;"domingo";"20:40:00";"SC";282;555,7;"NOVA ITABERABA";"Ingestão de álcool pelo condutor";"Colisão lateral sentido oposto";"Com Vítimas Feridas";"Plena Noite";"Crescente";"Céu Claro";"Simples";"Curva";"Não";2;0;2;0;0;0;2;2;-26,93691901;-52,80948978;"SPRF-SC";"DEL07-SC";"UOP01-DEL07-SC"
754047;2026-02-22;"domingo";"20:58:00";"RS";285;119;"VACARIA";"Retorno proibido";"Colisão transversal";"Com Vítimas Feridas";"Plena Noite";"Crescente";"Nublado";"Simples";"Interseção de Vias";"Sim";2;0;1;0;1;0;1;2;-28,50158318;-50,91924906;"SPRF-RS";"DEL05-RS";"UOP03-DEL05-RS"