"id";"data_inversa";"dia_semana";"horario";"uf";"br";"km";"municipio";"causa_acidente";"tipo_acidente";"classificacao_acidente";"fase_dia";"sentido_via";"condicao_metereologica";"tipo_pista";"tracado_via";"uso_solo";"pessoas";"mortos";"feridos_leves";"feridos_graves";"ilesos";"ignorados";"feridos";"veiculos";"latitude";"longitude";"regional";"delegacia";"uop"
755235;2026-02-28;"sábado";"10:13:00";"SC";101;34,1;"JOINVILLE";"Condutor deixou de manter distância do veículo da frente";"Colisão lateral mesmo sentido";"Com Vítimas Feridas";"Pleno dia";"Decrescente";"Nublado";"Dupla";"Reta;Declive";"Não";3;0;1;0;0;2;1;3;-26,26377043;-48,90070288;"SPRF-SC";"DEL03-SC";"UOP01-DEL03-SC"
755237;2026-02-28;"sábado";"12:10:00";"GO";40;3;"VALPARAISO DE GOIAS";"Trafegar com motocicleta (ou similar) entre as faixas";"Tombamento";"Com Vítimas Feridas";"Pleno dia";"Decrescente";"Sol";"Dupla";"Reta";"Sim";1;0;0;1;0;0;1;1;-16,07802;-47,985867;"SPRF-DF";"DEL01-DF";"UOP01-DEL01-DF"
755241;2026-02-28;"sábado";"11:45:00";"RS";472;116,3;"BOA VISTA DO BURICA";"Ultrapassagem Indevida";"Colisão lateral mesmo sentido";"Com Vítimas Feridas";"Pleno dia";"Crescente";"Céu Claro";"Simples";"Reta";"Não";2;0;0;1;1;0;1;2;-27,683223;-54,124476;"SPRF-RS";"DEL10-RS";"UOP01-DEL10-RS"
755242;2026-02-28;"sábado";"11:50:00";"SC";101;102,9;"BALNEARIO PICARRAS";"Condutor deixou de manter distância do veículo da frente";"Colisão traseira";"Com Vítimas Feridas";"Pleno dia";"Crescente";"Céu Claro";"Dupla";"Declive;Reta";"Não";2;0;2;0;0;0;2;2;-26,7802639;-48,68446318;"SPRF-SC";"DEL03-SC";"UOP02-DEL03-SC"
755244;2026-02-28;"sábado";"13:15:00";"RS";153;49,9;"ERECHIM";"Acessar a via sem observar a presença dos outros veículos";"Colisão transversal";"Sem Vítimas";"Pleno dia";"Crescente";"Céu Claro";"Simples";"Reta;Declive";"Sim";2;0;0;0;2;0;0;2;-27,65543528;-52,26865618;"SPRF-RS";"DEL08-RS";"UOP04-DEL08-RS"
755245;2026-02-28;"sábado";"10:50:00";"SC";470;27;"ILHOTA";"Ausência de reação do condutor";"Tombamento";"Com Vítimas Feridas";"Pleno dia";"Crescente";"Sol";"Dupla";"Reta";"Não";1;0;1;0;0;0;1;1;-26,89079048;-48,88450518;"SPRF-SC";"DEL04-SC";"UOP01-DEL04-SC"
755246;2026-02-28;"sábado";"12:00:00";"MT";163;749;"SORRISO";"Demais falhas mecânicas ou elétricas";"Incêndio";"Sem Vítimas";"Pleno dia";"Decrescente";"Céu Claro";"Dupla";"Aclive;Reta";"Não";1;0;0;0;1;0;0;1;-12,585275;-55,736628;"SPRF-MT";"DEL06-MT";"UOP01-DEL06-MT"
755247;2026-02-28;"sábado";"13:25:00";"PB";230;511;"CAJAZEIRAS";"Acumulo de água sobre o pavimento";"Queda de ocupante de veículo";"Com Vítimas Feridas";"Pleno dia";"Decrescente";"Garoa/Chuvisco";"Simples";"Reta";"Não";1;0;1;0;0;0;1;1;-6,88603936;-38,61654067;"SPRF-PB";"DEL03-PB";"UOP03-DEL03-PB"
755248;2026-02-28;"sábado";"12:15:00";"MG";116;409;"GOVERNADOR VALADARES";"Condutor deixou de manter distância do veículo da frente";"Colisão traseira";"Com Vítimas Feridas";"Pleno dia";"Decrescente";"Céu Claro";"Simples";"Reta";"Sim";2;0;1;0;1;0;1;2;-18,84568455;-41,98081467;"SPRF-MG";"DEL06-MG";"UOP01-DEL06-MG"
755249;2026-02-28;"sábado";"12:40:00";"PR";376;494;"PONTA GROSSA";"Acessar a via sem observar a presença dos outros veículos";"Colisão lateral mesmo sentido";"Com Vítimas Feridas";"Pleno dia";"Decrescente";"Céu Claro";"Dupla";"Reta";"Sim";3;0;3;0;0;0;3;2;-25,164856;-50,117242;"SPRF-PR";"DEL03-PR";"UOP03-DEL03-PR"
755250;2026-02-13;"sexta-feira";"13:50:00";"RS";392;348;"SANTA MARIA";"Condutor deixou de manter distância do veículo da frente";"Colisão lateral mesmo sentido";"Com Vítimas Feridas";"Pleno dia";"Crescente";"Sol";"Simples";"Reta";"Não";3;0;1;0;2;0;1;3;-29,749345;-53,790873;"SPRF-RS";"DEL09-RS";"UOP01-DEL09-RS"
755251;2026-02-28;"sábado";"14:00:00";"SP";116;34,2;"CRUZEIRO";"Demais falhas mecânicas ou elétricas";"Tombamento";"Com Vítimas Feridas";"Pleno dia";"Decrescente";"Céu Claro";"Dupla";"Reta";"Não";2;0;1;1;0;0;2;1;-22,64034893;-44,94389582;"SPRF-SP";"DEL08-SP";"UOP02-DEL08-SP"
755252;2026-02-28;"sábado";"13:55:00";"SC";101;212,7;"PALHOCA";"Manobra de mudança de faixa";"Colisão com objeto";"Com Vítimas Feridas";"Pleno dia";"Decrescente";"Céu Claro";"Múltipla";"Reta";"Sim";3;0;2;0;1;0;2;2;-27,6346785;-48,663263;"SPRF-SC";"DEL01-SC";"UOP02-DEL01-SC"
755253;2026-02-28;"sábado";"14:30:00";"MG";381;437;"SANTA LUZIA";"Reação tardia ou ineficiente do condutor";"Colisão traseira";"Com Vítimas Feridas";"Pleno dia";"Decrescente";"Nublado";"Simples";"Declive;Reta";"Não";3;0;1;0;2;0;1;2;-19,812427;-43,797274;"SPRF-MG";"DEL01-MG";"UOP01-DEL01-MG"
755254;2026-02-28;"sábado";"10:10:00";"SC";163;113,6;"GUARUJA DO SUL";"Acessar a via sem observar a presença dos outros veículos";"Colisão traseira";"Com Vítimas Feridas";"Pleno dia";"Decrescente";"Céu Claro";"Simples";"Reta";"Não";3;0;1;0;2;0;1;2;-26,37939877;-53,52683751;"SPRF-SC";"DEL07-SC";"UOP03-DEL07-SC"
755257;2026-02-28;"sábado";"15:00:00";"TO";153;151;"ARAGUAINA";"Acessar a via sem observar a presença dos outros veículos";"Colisão transversal";"Com Vítimas Feridas";"Pleno dia";"Crescente";"Nublado";"Simples";"Rotatória;Interseção de Vias;Retorno Regulamentado;Reta";"Sim";7;0;3;0;4;0;3;2;-7,2679872;-48,2652179;"SPRF-TO";"DEL02-TO";"UOP01-DEL02-TO"
755258;2026-02-28;"sábado";"08:30:00";"SP";116;50,4;"LORENA";"Demais falhas mecânicas ou elétricas";"Colisão com objeto";"Com Vítimas Feridas";"Pleno dia";"Decrescente";"Céu Claro";"Dupla";"Declive;Reta";"Sim";2;0;2;0;0;0;2;1;-22,73797;-45,087;"SPRF-SP";"DEL08-SP";"UOP02-DEL08-SP"
755259;2026-02-28;"sábado";"14:55:00";"AP";156;798;"OIAPOQUE";"Ausência de reação do condutor";"Colisão traseira";"Com Vítimas Feridas";"Pleno dia";"Decrescente";"Céu Claro";"Simples";"Reta";"Sim";2;0;0;1;1;0;1;2;3,83499405;-51,80815136;"SPRF-AP";"DEL01-AP";"UOP03-DEL01-AP"
755261;2026-02-28;"sábado";"14:45:00";"PB";230;156,9;"CAMPINA GRANDE";"Demais falhas mecânicas ou elétricas";"Incêndio";"Sem Vítimas";"Pleno dia";"Decrescente";"Nublado";"Múltipla";"Desvio Temporário;Reta";"Sim";1;0;0;0;1;0;0;1;-7,266919;-35,916947;"SPRF-PB";"DEL02-PB";"UOP01-DEL02-PB"
755262;2026-02-20;"sexta-feira";"23:35:00";"SC";101;206,9;"SAO JOSE";"Condutor desrespeitou a iluminação vermelha do semáforo";"Colisão transversal";"Sem Vítimas";"Plena Noite";"Decrescente";"Garoa/Chuvisco";"Múltipla";"Interseção de Vias";"Sim";2;0;0;0;2;0;0;2;-27,59949;-48,621677;"SPRF-SC";"DEL01-SC";"UOP01-DEL01-SC"
755263;2026-02-28;"sábado";"12:30:00";"RO";364;15;"VILHENA";"Reação tardia ou ineficiente do condutor";"Colisão traseira";"Sem Vítimas";"Pleno dia";"Decrescente";"Céu Claro";"Simples";"Reta";"Sim";4;0;0;0;4;0;0;2;-12,736716;-60,149062;"SPRF-RO";"DEL04-RO";"UOP01-DEL04-RO"
755264;2026-02-28;"sábado";"16:05:00";"RS";290;105;"ELDORADO DO SUL";"Acessar a via sem observar a presença dos outros veículos";"Queda de ocupante de veículo";"Com Vítimas Feridas";"Pleno dia";"Crescente";"Céu Claro";"Dupla";"Reta";"Não";1;0;1;0;0;0;1;1;-29,99491649;-51,28227773;"SPRF-RS";"DEL02-RS";"UOP01-DEL02-RS"
755268;2026-02-28;"sábado";"11:00:00";"AL";101;132;"JUNQUEIRO";"Ausência de reação do condutor";"Saída de leito carroçável";"Com Vítimas Feridas";"Pleno dia";"Crescente";"Céu Claro";"Simples";"Reta";"Não";1;0;1;0;0;0;1;1;-9,8972357;-36,4502188;"SPRF-AL";"DEL02-AL";"UOP01-DEL02-AL"
755269;2026-02-28;"sábado";"15:10:00";"BA";415;50;"ITABUNA";"Acessar a via sem observar a presença dos outros veículos";"Colisão frontal";"Com Vítimas Feridas";"Pleno dia";"Crescente";"Chuva";"Simples";"Reta";"Sim";3;0;1;0;1;1;1;2;-14,82255767;-39,31004673;"SPRF-BA";"DEL05-BA";"UOP01-DEL05-BA"
755270;2026-02-28;"sábado";"16:50:00";"SC";282;23,8;"SANTO AMARO DA IMPERATRIZ";"Acessar a via sem observar a presença dos outros veículos";"Colisão transversal";"Com Vítimas Feridas";"Pleno dia";"Crescente";"Céu Claro";"Simples";"Reta;Rotatória";"Sim";3;0;2;0;1;0;2;2;-27,68442114;-48,7436235;"SPRF-SC";"DEL01-SC";"UOP03-DEL01-SC"
755271;2026-02-28;"sábado";"12:53:00";"PE";232;487,6;"VERDEJANTE";"Transitar na contramão";"Colisão frontal";"Com Vítimas Feridas";"Pleno dia";"Crescente";"Nublado";"Simples";"Curva";"Não";3;0;1;1;1;0;2;2;-8,005902;-38,962493;"SPRF-PE";"DEL05-PE";"UOP01-DEL05-PE"
755273;2026-02-28;"sábado";"16:30:00";"CE";116;43;"HORIZONTE";"Ausência de reação do condutor";"Colisão traseira";"Com Vítimas Feridas";"Pleno dia";"Crescente";"Céu Claro";"Dupla";"Reta";"Sim";2;0;1;0;0;1;1;2;-4,1194565;-38,4876562;"SPRF-CE";"DEL01-CE";"UOP02-DEL01-CE"
755274;2026-02-28;"sábado";"16:45:00";"RJ";101;484,3;"ANGRA DOS REIS";"Condutor deixou de manter distância do veículo da frente";"Colisão traseira";"Com Vítimas Feridas";"Pleno dia";"Decrescente";"Céu Claro";"Simples";"Reta";"Não";2;0;1;0;1;0;1;2;-22,99243;-44,30456;"SPRF-RJ";"DEL03-RJ";"UOP03-DEL03-RJ"
755277;2026-02-28;"sábado";"14:30:00";"PR";277;683;"SAO MIGUEL DO IGUACU";"Ausência de reação do condutor";"Colisão com objeto";"Com Vítimas Feridas";"Pleno dia";"Decrescente";"Céu Claro";"Dupla";"Curva";"Não";1;0;1;0;0;0;1;1;-25,33332092;-54,19366837;"SPRF-PR";"DEL05-PR";"UOP01-DEL05-PR"
755278;2026-02-28;"sábado";"17:30:00";"SC";101;233,7;"PALHOCA";"Reação tardia ou ineficiente do condutor";"Colisão com objeto";"Com Vítimas Feridas";"Pleno dia";"Crescente";"Céu Claro";"Dupla";"Curva";"Não";1;0;1;0;0;0;1;1;-27,80910129;-48,63767322;"SPRF-SC";"DEL01-SC";"UOP02-DEL01-SC"
755279;2026-02-28;"sábado";"09:00:00";"SC";116;301;"CAPAO ALTO";"Reação tardia ou ineficiente do condutor";"Tombamento";"Com Vítimas Feridas";"Pleno dia";"Decrescente";"Céu Claro";"Simples";"Reta";"Não";2;0;2;0;0;0;2;1;-28,10226936;-50,60920715;"SPRF-SC";"DEL05-SC";"UOP02-DEL05-SC"
755280;2026-02-28;"sábado";"16:50:00";"RJ";101;321;"NITEROI";"Ausência de reação do condutor";"Colisão lateral mesmo sentido";"Com Vítimas Feridas";"Anoitecer";"Decrescente";"Nublado";"Dupla";"Aclive;Reta";"Sim";3;0;3;0;0;0;3;2;-22,876334;-43,110219;"SPRF-RJ";"DEL02-RJ";"UOP01-DEL02-RJ"
755281;2026-02-28;"sábado";"16:30:00";"MS";163;486;"CAMPO GRANDE";"Acessar a via sem observar a presença dos outros veículos";"Colisão transversal";"Com Vítimas Feridas";"Pleno dia";"Crescente";"Céu Claro";"Simples";"Reta;Interseção de Vias";"Sim";2;0;1;0;1;0;1;2;-20,427887;-54,545034;"SPRF-MS";"DEL01-MS";"UOP02-DEL01-MS"
755285;2026-02-28;"sábado";"13:50:00";"PA";316;45,7;"SANTA IZABEL DO PARA";"Conversão proibida";"Colisão transversal";"Com Vítimas Feridas";"Pleno dia";"Decrescente";"Garoa/Chuvisco";"Dupla";"Reta";"Não";2;0;0;1;1;0;1;2;-1,279393;-48,070873;"SPRF-PA";"DEL01-PA";"UOP01-DEL01-PA"
755288;2026-02-28;"sábado";"11:28:00";"PI";316;9;"TERESINA";"Pista esburacada";"Queda de ocupante de veículo";"Com Vítimas Feridas";"Pleno dia";"Crescente";"Chuva";"Múltipla";"Reta;Retorno Regulamentado";"Sim";1;0;1;0;0;0;1;1;-5,179728;-42,764782;"SPRF-PI";"DEL01-PI";"UOP02-DEL01-PI"
755289;2026-02-28;"sábado";"18:50:00";"SC";470;141;"RIO DO SUL";"Suicídio (presumido)";"Colisão frontal";"Com Vítimas Feridas";"Anoitecer";"Crescente";"Céu Claro";"Simples";"Curva";"Sim";5;0;4;1;0;0;5;2;-27,20904379;-49,6516463;"SPRF-SC";"DEL04-SC";"UOP02-DEL04-SC"
755290;2026-02-28;"sábado";"19:20:00";"GO";60;92;"ANAPOLIS";"Ingestão de álcool pelo condutor";"Colisão traseira";"Com Vítimas Feridas";"Plena Noite";"Crescente";"Céu Claro";"Dupla";"Reta";"Não";2;0;1;0;1;0;1;2;-16,35309;-48,92169;"SPRF-GO";"DEL02-GO";"UOP01-DEL02-GO"
755291;2026-02-28;"sábado";"19:15:00";"ES";101;290;"CARIACICA";"Acessar a via sem observar a presença dos outros veículos";"Colisão transversal";"Com Vítimas Feridas";"Plena Noite";"Crescente";"Céu Claro";"Dupla";"Reta;Retorno Regulamentado";"Sim";3;0;0;2;1;0;2;2;-20,293783;-40,393024;"SPRF-ES";"DEL01-ES";"UOP01-DEL01-ES"
755293;2026-02-28;"sábado";"19:00:00";"ES";101;64;"SAO MATEUS";"Pedestre andava na pista";"Atropelamento de Pedestre";"Com Vítimas Feridas";"Plena Noite";"Crescente";"Chuva";"Simples";"Reta";"Não";2;0;1;1;0;0;2;2;-18,70316344;-39,86732483;"SPRF-ES";"DEL04-ES";"UOP02-DEL04-ES"
755294;2026-02-28;"sábado";"17:41:00";"MS";163;575,2;"BANDEIRANTES";"Acessar a via sem observar a presença dos outros veículos";"Colisão transversal";"Com Vítimas Feridas";"Anoitecer";"Decrescente";"Céu Claro";"Simples";"Reta;Interseção de Vias";"Não";5;0;4;0;1;0;4;2;-19,6793506;-54,35016487;"SPRF-MS";"DEL01-MS";"UOP02-DEL01-MS"
755295;2026-02-28;"sábado";"19:55:00";"GO";60;90;"ANAPOLIS";"Ingestão de álcool pelo condutor";"Saída de leito carroçável";"Sem Vítimas";"Plena Noite";"Crescente";"Ignorado";"Dupla";"Reta";"Sim";3;0;0;0;2;1;0;3;-16,34624286;-48,90621066;"SPRF-GO";"DEL02-GO";"UOP01-DEL02-GO"
755296;2026-02-28;"sábado";"15:45:00";"SC";101;450,7;"SAO JOAO DO SUL";"Ausência de reação do condutor";"Tombamento";"Com Vítimas Feridas";"Pleno dia";"Crescente";"Céu Claro";"Múltipla";"Reta";"Não";2;0;2;0;0;0;2;1;-29,18390976;-49,75544628;"SPRF-SC";"DEL02-SC";"UOP02-DEL02-SC"
755297;2026-02-28;"sábado";"19:30:00";"RS";116;519,2;"PELOTAS";"Acessar a via sem observar a presença dos outros veículos";"Colisão transversal";"Sem Vítimas";"Anoitecer";"Decrescente";"Céu Claro";"Dupla";"Viaduto";"Sim";6;0;0;0;6;0;0;2;-31,695374;-52,355911;"SPRF-RS";"DEL07-RS";"UOP01-DEL07-RS"
755298;2026-02-28;"sábado";"19:30:00";"PR";163;57;"PEROLA DOESTE";"Acessar a via sem observar a presença dos outros veículos";"Colisão transversal";"Com Vítimas Feridas";"Plena Noite";"Crescente";"Céu Claro";"Simples";"Reta";"Não";2;0;0;1;1;0;1;2;-25,88899109;-53,7523791;"SPRF-PR";"DEL02-PR";"UOP02-DEL02-PR"
755299;2026-02-28;"sábado";"19:40:00";"TO";153;507;"PARAISO DO TOCANTINS";"Ausência de reação do condutor";"Atropelamento de Pedestre";"Com Vítimas Fatais";"Plena Noite";"Crescente";"Nublado";"Simples";"Declive;Reta";"Não";2;1;0;0;0;1;0;2;-10,26103017;-48,87995408;"SPRF-TO";"DEL01-TO";"UOP01-DEL01-TO"
755301;2026-02-28;"sábado";"18:15:00";"BA";235;349;"JUAZEIRO";"Ingestão de álcool pelo condutor";"Colisão frontal";"Com Vítimas Feridas";"Plena Noite";"Crescente";"Garoa/Chuvisco";"Dupla";"Reta";"Sim";2;0;1;0;1;0;1;2;-9,44865;-40,486818;"SPRF-PE";"DEL06-PE";"UOP01-DEL06-PE"
755302;2026-02-28;"sábado";"19:50:00";"SC";470;129,9;"LONTRAS";"Desrespeitar a preferência no cruzamento";"Colisão transversal";"Com Vítimas Feridas";"Plena Noite";"Decrescente";"Céu Claro";"Simples";"Interseção de Vias";"Não";2;0;1;0;1;0;1;2;-27,16044723;-49,55652444;"SPRF-SC";"DEL04-SC";"UOP02-DEL04-SC"
755304;2026-02-28;"sábado";"20:10:00";"PB";101;87,4;"JOAO PESSOA";"Ausência de reação do condutor";"Colisão traseira";"Com Vítimas Feridas";"Plena Noite";"Decrescente";"Céu Claro";"Dupla";"Reta";"Não";4;0;1;1;2;0;2;2;-7,161387;-34,904038;"SPRF-PB";"DEL01-PB";"UOP01-DEL01-PB"
755306;2026-02-28;"sábado";"19:50:00";"TO";153;728,5;"FIGUEIROPOLIS";"Ultrapassagem Indevida";"Colisão frontal";"Com Vítimas Feridas";"Plena Noite";"Crescente";"Nublado";"Simples";"Reta";"Não";4;0;2;1;1;0;3;2;-12,1902;-49,1558;"SPRF-TO";"DEL01-TO";"UOP02-DEL01-TO"
755307;2026-02-28;"sábado";"10:50:00";"SC";280;28;"ARAQUARI";"Ultrapassagem Indevida";"Colisão transversal";"Com Vítimas Feridas";"Pleno dia";"Decrescente";"Nublado";"Simples";"Reta";"Sim";3;0;2;0;1;0;2;2;-26,40424223;-48,74531714;"SPRF-SC";"DEL03-SC";"UOP03-DEL03-SC"
755308;2026-02-28;"sábado";"19:30:00";"TO";153;243;"COLINAS DO TOCANTINS";"Ausência de reação do condutor";"Colisão traseira";"Com Vítimas Feridas";"Plena Noite";"Crescente";"Nublado";"Simples";"Reta";"Sim";4;0;3;1;0;0;4;2;-8,03139;-48,46643;"SPRF-TO";"DEL02-TO";"UOP01-DEL02-TO"
755309;2026-02-28;"sábado";"17:45:00";"MG";262;33,5;"MANHUACU";"Ingestão de álcool pelo condutor";"Colisão com objeto";"Com Vítimas Feridas";"Pleno dia";"Decrescente";"Nublado";"Simples";"Curva";"Sim";1;0;1;0;0;0;1;1;-20,260342;-42,020686;"SPRF-MG";"DEL06-MG";"UOP03-DEL06-MG"
755311;2026-02-28;"sábado";"20:50:00";"SP";116;60,4;"GUARATINGUETA";"Objeto estático sobre o leito carroçável";"Colisão com objeto";"Com Vítimas Feridas";"Plena Noite";"Crescente";"Nublado";"Dupla";"Reta";"Sim";2;0;1;0;0;1;1;2;-22,79367853;-45,16469855;"SPRF-SP";"DEL08-SP";"UOP01-DEL08-SP"
755312;2026-02-28;"sábado";"18:35:00";"PI";316;10;"TERESINA";"Ausência de reação do condutor";"Colisão com objeto";"Com Vítimas Fatais";"Plena Noite";"Decrescente";"Nublado";"Múltipla";"Declive;Reta";"Sim";1;1;0;0;0;0;0;1;-5,18815309;-42,76187807;"SPRF-PI";"DEL01-PI";"UOP02-DEL01-PI"
755313;2026-02-28;"sábado";"19:45:00";"MG";50;8,8;"ARAGUARI";"Pedestre andava na pista";"Saída de leito carroçável";"Com Vítimas Fatais";"Plena Noite";"Crescente";"Céu Claro";"Dupla";"Reta;Aclive";"Não";2;1;0;0;1;0;0;2;-18,49563952;-48,04405896;"SPRF-MG";"DEL15-MG";"UOP02-DEL15-MG"
755314;2026-02-28;"sábado";"18:55:00";"PI";230;195;"OEIRAS";"Ausência de reação do condutor";"Colisão frontal";"Com Vítimas Feridas";"Plena Noite";"Crescente";"Céu Claro";"Simples";"Reta";"Não";2;0;0;1;1;0;1;2;-6,98481068;-42,07849502;"SPRF-PI";"DEL04-PI";"UOP01-DEL04-PI"
755315;2026-02-28;"sábado";"20:30:00";"ES";101;43,5;"CONCEICAO DA BARRA";"Ingestão de álcool pelo condutor";"Saída de leito carroçável";"Com Vítimas Feridas";"Plena Noite";"Crescente";"Nublado";"Simples";"Reta";"Não";1;0;1;0;0;0;1;1;-18,529285;-39,909511;"SPRF-ES";"DEL04-ES";"UOP02-DEL04-ES"
755316;2026-02-28;"sábado";"20:50:00";"SP";116;60,5;"GUARATINGUETA";"Objeto estático sobre o leito carroçável";"Colisão com objeto";"Com Vítimas Feridas";"Plena Noite";"Crescente";"Céu Claro";"Dupla";"Declive;Curva";"Não";1;0;1;0;0;0;1;1;-22,79325894;-45,16406385;"SPRF-SP";"DEL08-SP";"UOP01-DEL08-SP"
755317;2026-02-28;"sábado";"20:55:00";"ES";101;288,9;"CARIACICA";"Velocidade Incompatível";"Saída de leito carroçável";"Com Vítimas Feridas";"Plena Noite";"Crescente";"Céu Claro";"Dupla";"Reta";"Não";1;0;1;0;0;0;1;1;-20,28004574;-40,39303629;"SPRF-ES";"DEL01-ES";"UOP01-DEL01-ES"
755319;2026-02-28;"sábado";"18:00:00";"AM";174;992;"PRESIDENTE FIGUEIREDO";"Acessar a via sem observar a presença dos outros veículos";"Colisão transversal";"Com Vítimas Feridas";"Anoitecer";"Crescente";"Céu Claro";"Simples";"Reta";"Sim";2;0;2;0;0;0;2;2;-2,0442404;-60,02565477;"SPRF-AM";"DEL01-AM";"UOP02-DEL01-AM"
755320;2026-02-28;"sábado";"20:50:00";"PE";232;59;"POMBOS";"Pedestre cruzava a pista fora da faixa";"Atropelamento de Pedestre";"Com Vítimas Feridas";"Plena Noite";"Crescente";"Céu Claro";"Dupla";"Reta";"Não";2;0;0;1;0;1;1;2;-8,16306547;-35,44172287;"SPRF-PE";"DEL02-PE";"UOP02-DEL02PE"
755321;2026-02-28;"sábado";"20:40:00";"SC";101;159,3;"PORTO BELO";"Ingestão de álcool pelo condutor";"Colisão lateral mesmo sentido";"Sem Vítimas";"Plena Noite";"Decrescente";"Céu Claro";"Dupla";"Reta";"Não";2;0;0;0;2;0;0;2;-27,20316;-48,61687;"SPRF-SC";"DEL04-SC";"UOP03-DEL04-SC"
755322;2026-02-28;"sábado";"19:00:00";"MA";135;13;"SAO LUIS";"Acesso irregular";"Colisão transversal";"Sem Vítimas";"Plena Noite";"Crescente";"Chuva";"Simples";"Reta";"Sim";2;0;0;0;2;0;0;2;-2,68396273;-44,29675698;"SPRF-MA";"DEL01-MA";"UOP01-DEL01-MA"
755323;2026-02-28;"sábado";"21:10:00";"PR";376;226,1;"APUCARANA";"Velocidade Incompatível";"Saída de leito carroçável";"Com Vítimas Feridas";"Plena Noite";"Crescente";"Céu Claro";"Dupla";"Reta";"Não";2;0;2;0;0;0;2;1;-23,585409;-51,563934;"SPRF-PR";"DEL07-PR";"UOP03-DEL07-PR"
755324;2026-02-28;"sábado";"20:57:00";"DF";80;14;"BRASILIA";"Acessar a via sem observar a presença dos outros veículos";"Colisão transversal";"Com Vítimas Feridas";"Plena Noite";"Decrescente";"Chuva";"Simples";"Reta;Interseção de Vias";"Não";2;0;1;0;1;0;1;2;-15,712333;-48,198528;"SPRF-DF";"DEL03-DF";"UOP02-DEL03-DF"
755325;2026-02-28;"sábado";"13:00:00";"RJ";116;182;"NOVA IGUACU";"Ausência de reação do condutor";"Colisão lateral mesmo sentido";"Com Vítimas Feridas";"Pleno dia";"Crescente";"Nublado";"Dupla";"Reta;Em Obras";"Sim";3;0;2;0;1;0;2;2;-22,75085501;-43,43951225;"SPRF-RJ";"DEL06-RJ";"UOP01-DEL06-RJ"
755328;2026-02-28;"sábado";"21:25:00";"SE";235;60,6;"ITABAIANA";"Ausência de reação do condutor";"Tombamento";"Com Vítimas Feridas";"Plena Noite";"Decrescente";"Nublado";"Simples";"Reta";"Não";1;0;0;1;0;0;1;1;-10,61850899;-37,46855943;"SPRF-SE";"DEL01-SE";"UOP02-DEL01-SE"
755330;2026-02-28;"sábado";"22:05:00";"RJ";393;252;"BARRA DO PIRAI";"Ausência de reação do condutor";"Colisão traseira";"Sem Vítimas";"Plena Noite";"Crescente";"Céu Claro";"Simples";"Reta";"Sim";3;0;0;0;3;0;0;2;-22,45325963;-43,80665151;"SPRF-RJ";"DEL05-RJ";"UOP04-DEL05-RJ"
755331;2026-02-28;"sábado";"22:40:00";"RS";116;239;"NOVO HAMBURGO";"Ausência de reação do condutor";"Colisão com objeto";"Com Vítimas Feridas";"Plena Noite";"Crescente";"Céu Claro";"Dupla";"Reta";"Sim";2;0;2;0;0;0;2;1;-29,6971626;-51,144681;"SPRF-RS";"DEL01-RS";"UOP02-DEL01-RS"
755332;2026-02-28;"sábado";"22:20:00";"PR";476;115;"COLOMBO";"Desrespeitar a preferência no cruzamento";"Colisão transversal";"Com Vítimas Feridas";"Plena Noite";"Crescente";"Céu Claro";"Simples";"Interseção de Vias";"Sim";3;0;2;0;1;0;2;2;-25,3494214;-49,16425673;"SPRF-PR";"DEL01-PR";"UOP01-DEL01-PR"
755334;2026-02-28;"sábado";"22:30:00";"RN";226;320;"JANDUIS";"Ausência de reação do condutor";"Colisão traseira";"Com Vítimas Feridas";"Plena Noite";"Crescente";"Céu Claro";"Simples";"Reta";"Não";3;0;0;2;0;1;2;2;-6,037132;-37,44527;"SPRF-RN";"DEL04-RN";"UOP01-DEL04-RN"
755335;2026-02-28;"sábado";"22:15:00";"PR";376;179;"MARINGA";"Condutor deixou de manter distância do veículo da frente";"Colisão traseira";"Com Vítimas Feridas";"Plena Noite";"Decrescente";"Céu Claro";"Dupla";"Reta";"Sim";4;0;1;0;1;2;1;4;-23,41762;-51,91765;"SPRF-PR";"DEL09-PR";"UOP01-DEL09-PR"
755336;2026-02-28;"sábado";"20:00:00";"PA";230;179;"ITUPIRANGA";"Ausência de reação do condutor";"Colisão lateral sentido oposto";"Com Vítimas Fatais";"Plena Noite";"Crescente";"Nublado";"Simples";"Declive;Reta";"Não";2;1;1;0;0;0;1;2;-5,035013;-49,460253;"SPRF-PA";"DEL03-PA";"UOP01-DEL03-PA"
755337;2026-02-28;"sábado";"22:30:00";"PR";116;152;"MANDIRITUBA";"Acessar a via sem observar a presença dos outros veículos";"Colisão transversal";"Sem Vítimas";"Plena Noite";"Decrescente";"Céu Claro";"Simples";"Interseção de Vias";"Não";3;0;0;0;3;0;0;2;-25,8619891;-49,36168877;"SPRF-PR";"DEL01-PR";"UOP03-DEL01-PR"
755338;2026-02-28;"sábado";"18:00:00";"SP";101;18;"UBATUBA";"Avarias e/ou desgaste excessivo no pneu";"Incêndio";"Sem Vítimas";"Pleno dia";"Decrescente";"Chuva";"Simples";"Reta";"Não";1;0;0;0;1;0;0;1;-23,31763274;-44,89878822;"SPRF-SP";"DEL06-SP";"UOP01-DEL06-SP"