"id";"data_inversa";"dia_semana";"horario";"uf";"br";"km";"municipio";"causa_acidente";"tipo_acidente";"classificacao_acidente";"fase_dia";"sentido_via";"condicao_metereologica";"tipo_pista";"tracado_via";"uso_solo";"pessoas";"mortos";"feridos_leves";"feridos_graves";"ilesos";"ignorados";"feridos";"veiculos";"latitude";"longitude";"regional";"delegacia";"uop"
756720;2026-03-07;"sábado";"13:50:00";"SC";470;53,5;"BLUMENAU";"Ingestão de álcool pelo condutor";"Capotamento";"Com Vítimas Feridas";"Pleno dia";"Crescente";"Céu Claro";"Simples";"Curva";"Não";1;0;1;0;0;0;1;1;-26,869074;-49,1056548;"SPRF-SC";"DEL04-SC";"UOP01-DEL04-SC"
756721;2026-03-07;"sábado";"14:59:00";"PR";277;144;"BALSA NOVA";"Reação tardia ou ineficiente do condutor";"Saída de leito carroçável";"Com Vítimas Feridas";"Pleno dia";"Decrescente";"Nublado";"Dupla";"Aclive;Reta";"Não";3;0;2;1;0;0;3;1;-25,47614874;-49,7172424;"SPRF-PR";"DEL01-PR";"UOP07-DEL01-PR"
756723;2026-03-07;"sábado";"14:50:00";"PR";376;231;"APUCARANA";"Desrespeitar a preferência no cruzamento";"Colisão transversal";"Com Vítimas Fatais";"Pleno dia";"Crescente";"Nublado";"Dupla";"Interseção de Vias;Reta";"Sim";4;1;0;0;1;2;0;3;-23,56676477;-51,5238651;"SPRF-PR";"DEL07-PR";"UOP03-DEL07-PR"
756724;2026-03-07;"sábado";"15:10:00";"PE";232;129;"CARUARU";"Ingestão de álcool pelo condutor";"Colisão com objeto";"Com Vítimas Fatais";"Pleno dia";"Decrescente";"Céu Claro";"Simples";"Viaduto";"Sim";1;1;0;0;0;0;0;1;-8,30008;-35,98688;"SPRF-PE";"DEL02-PE";"UOP03-DEL02-PE"
756725;2026-03-07;"sábado";"13:30:00";"MG";153;23,9;"CENTRALINA";"Pista esburacada";"Saída de leito carroçável";"Com Vítimas Feridas";"Pleno dia";"Decrescente";"Nublado";"Dupla";"Declive;Curva";"Não";2;0;0;1;1;0;1;1;-18,62463241;-49,18630583;"SPRF-MG";"DEL15-MG";"UOP03-DEL15-MG"
756726;2026-03-07;"sábado";"10:35:00";"PR";277;345;"GUARAPUAVA";"Ausência de reação do condutor";"Saída de leito carroçável";"Com Vítimas Feridas";"Pleno dia";"Decrescente";"Céu Claro";"Dupla";"Reta";"Não";2;0;1;0;1;0;1;1;-25,34523854;-51,44341385;"SPRF-PR";"DEL08-PR";"UOP01-DEL08-PR"
756728;2026-03-07;"sábado";"15:50:00";"RN";101;81,7;"NATAL";"Trafegar com motocicleta (ou similar) entre as faixas";"Colisão traseira";"Com Vítimas Feridas";"Pleno dia";"Decrescente";"Sol";"Dupla";"Reta";"Sim";3;0;1;0;2;0;1;3;-5,76608429;-35,2793097;"SPRF-RN";"DEL02-RN";"UOP01-DEL02-RN"
756729;2026-03-07;"sábado";"13:15:00";"MT";163;539;"DIAMANTINO";"Chuva";"Saída de leito carroçável";"Com Vítimas Feridas";"Pleno dia";"Crescente";"Chuva";"Dupla";"Declive;Curva";"Não";1;0;1;0;0;0;1;1;-14,30464076;-56,13910675;"SPRF-MT";"DEL01-MT";"UOP01-DEL01-MT"
756732;2026-03-07;"sábado";"16:00:00";"BA";324;546;"AMELIA RODRIGUES";"Demais falhas na via";"Queda de ocupante de veículo";"Com Vítimas Feridas";"Pleno dia";"Crescente";"Chuva";"Dupla";"Declive;Reta";"Não";1;0;0;1;0;0;1;1;-12,4518004;-38,7081764;"SPRF-BA";"DEL11-BA";"UOP02-DEL11-BA"
756733;2026-03-07;"sábado";"16:00:00";"SC";101;193,2;"BIGUACU";"Reação tardia ou ineficiente do condutor";"Colisão traseira";"Com Vítimas Feridas";"Pleno dia";"Crescente";"Nublado";"Múltipla";"Reta";"Sim";2;0;1;0;1;0;1;2;-27,491568;-48,656737;"SPRF-SC";"DEL01-SC";"UOP01-DEL01-SC"
756737;2026-03-07;"sábado";"14:10:00";"MG";251;507,6;"FRANCISCO SA";"Demais falhas mecânicas ou elétricas";"Incêndio";"Sem Vítimas";"Pleno dia";"Decrescente";"Céu Claro";"Simples";"Reta";"Não";1;0;0;0;1;0;0;1;-16,61661824;-43,67784262;"SPRF-MG";"DEL12-MG";"UOP01-DEL12-MG"
756738;2026-03-07;"sábado";"10:45:00";"CE";116;162;"RUSSAS";"Ingestão de álcool pelo condutor";"Colisão transversal";"Sem Vítimas";"Pleno dia";"Decrescente";"Céu Claro";"Simples";"Reta";"Não";2;0;0;0;2;0;0;2;-4,94848803;-37,99275041;"SPRF-CE";"DEL03-CE";"UOP01-DEL03-CE"
756739;2026-03-03;"terça-feira";"10:00:00";"RJ";101;274;"TANGUA";"Avarias e/ou desgaste excessivo no pneu";"Queda de ocupante de veículo";"Com Vítimas Feridas";"Pleno dia";"Decrescente";"Céu Claro";"Dupla";"Curva";"Sim";1;0;1;0;0;0;1;1;-22,72854006;-42,70017173;"SPRF-RJ";"DEL02-RJ";"UOP03-DEL02-RJ"
756740;2026-03-07;"sábado";"10:05:00";"SC";280;93,8;"CORUPA";"Reação tardia ou ineficiente do condutor";"Queda de ocupante de veículo";"Com Vítimas Feridas";"Pleno dia";"Crescente";"Céu Claro";"Simples";"Curva;Aclive";"Não";1;0;1;0;0;0;1;1;-26,385637;-49,303515;"SPRF-SC";"DEL06-SC";"UOP03-DEL06-SC"
756741;2026-03-07;"sábado";"14:30:00";"MS";163;308;"RIO BRILHANTE";"Ingestão de álcool pelo condutor";"Tombamento";"Com Vítimas Feridas";"Pleno dia";"Crescente";"Céu Claro";"Simples";"Curva";"Não";1;0;1;0;0;0;1;1;-21,90114273;-54,52782333;"SPRF-MS";"DEL02-MS";"UOP02-DEL02-MS"
756742;2026-03-07;"sábado";"17:00:00";"SC";101;384;"ICARA";"Reação tardia ou ineficiente do condutor";"Tombamento";"Com Vítimas Feridas";"Pleno dia";"Crescente";"Céu Claro";"Múltipla";"Aclive;Curva";"Não";1;0;1;0;0;0;1;1;-28,77610842;-49,31908457;"SPRF-SC";"DEL02-SC";"UOP02-DEL02-SC"
756744;2026-01-31;"sábado";"04:00:00";"RJ";101;475;"ANGRA DOS REIS";"Reação tardia ou ineficiente do condutor";"Saída de leito carroçável";"Sem Vítimas";"Plena Noite";"Crescente";"Nublado";"Simples";"Declive";"Não";1;0;0;0;0;1;0;1;-22,99754425;-44,25283179;"SPRF-RJ";"DEL03-RJ";"UOP03-DEL03-RJ"
756745;2026-03-07;"sábado";"16:50:00";"SC";116;227,7;"CORREIA PINTO";"Acessar a via sem observar a presença dos outros veículos";"Colisão transversal";"Com Vítimas Feridas";"Pleno dia";"Crescente";"Céu Claro";"Simples";"Reta";"Não";3;0;0;2;1;0;2;2;-27,65855389;-50,33625349;"SPRF-SC";"DEL05-SC";"UOP03-DEL05-SC"
756746;2026-03-07;"sábado";"16:30:00";"SC";282;412;"CATANDUVAS";"Ausência de reação do condutor";"Tombamento";"Com Vítimas Feridas";"Pleno dia";"Decrescente";"Céu Claro";"Simples";"Curva";"Não";2;0;2;0;0;0;2;1;-27,059803;-51,677835;"SPRF-SC";"DEL07-SC";"UOP05-DEL07-SC"
756747;2026-03-07;"sábado";"16:50:00";"MG";116;702,4;"MURIAE";"Conversão proibida";"Colisão lateral mesmo sentido";"Com Vítimas Feridas";"Pleno dia";"Decrescente";"Nublado";"Simples";"Curva;Interseção de Vias";"Sim";2;0;1;0;1;0;1;2;-21,12431671;-42,38113403;"SPRF-MG";"DEL07-MG";"UOP02-DEL07-MG"
756748;2026-03-07;"sábado";"17:20:00";"PA";163;992;"SANTAREM";"Manobra de mudança de faixa";"Colisão traseira";"Sem Vítimas";"Pleno dia";"Decrescente";"Nublado";"Simples";"Reta";"Sim";2;0;0;0;2;0;0;2;-2,50507586;-54,72674387;"SPRF-PA";"DEL05-PA";"UOP01-DEL05-PA"
756749;2026-01-25;"domingo";"05:00:00";"RJ";101;477,9;"ANGRA DOS REIS";"Ausência de sinalização";"Queda de ocupante de veículo";"Com Vítimas Feridas";"Amanhecer";"Crescente";"Céu Claro";"Simples";"Curva";"Não";2;0;1;0;1;0;1;2;-22,99809;-44,26466;"SPRF-RJ";"DEL03-RJ";"UOP03-DEL03-RJ"
756750;2026-03-07;"sábado";"16:00:00";"SC";101;106,7;"PENHA";"Ingestão de álcool pelo condutor";"Colisão com objeto";"Com Vítimas Feridas";"Pleno dia";"Crescente";"Nublado";"Dupla";"Curva";"Não";2;0;1;0;0;1;1;1;-26,81917727;-48,68438657;"SPRF-SC";"DEL03-SC";"UOP02-DEL03-SC"
756751;2026-03-07;"sábado";"17:20:00";"MG";262;123;"RIO CASCA";"Velocidade Incompatível";"Saída de leito carroçável";"Com Vítimas Feridas";"Anoitecer";"Crescente";"Céu Claro";"Simples";"Curva";"Não";1;0;0;1;0;0;1;1;-20,206677;-42,6744537;"SPRF-MG";"DEL03-MG";"UOP03-DEL03-MG"
756752;2026-03-07;"sábado";"16:35:00";"RS";468;52,6;"CORONEL BICACO";"Ausência de reação do condutor";"Saída de leito carroçável";"Com Vítimas Feridas";"Pleno dia";"Decrescente";"Nublado";"Simples";"Reta";"Não";2;0;2;0;0;0;2;1;-27,750289;-53,724628;"SPRF-RS";"DEL08-RS";"UOP02-DEL08-RS"
756753;2026-03-07;"sábado";"17:45:00";"PR";369;464,2;"CORBELIA";"Acessar a via sem observar a presença dos outros veículos";"Colisão lateral mesmo sentido";"Com Vítimas Feridas";"Pleno dia";"Decrescente";"Céu Claro";"Simples";"Curva";"Não";6;0;3;2;0;1;5;2;-24,64512538;-53,21700096;"SPRF-PR";"DEL04-PR";"UOP03-DEL04-PR"
756755;2026-03-07;"sábado";"17:10:00";"MS";163;18;"MUNDO NOVO";"Acessar a via sem observar a presença dos outros veículos";"Colisão transversal";"Com Vítimas Feridas";"Pleno dia";"Crescente";"Céu Claro";"Simples";"Reta";"Sim";3;0;2;0;1;0;2;2;-23,938049;-54,281088;"SPRF-MS";"DEL09-MS";"UOP02-DEL09-MS"
756756;2026-03-07;"sábado";"08:00:00";"SC";101;142;"ITAPEMA";"Reação tardia ou ineficiente do condutor";"Colisão lateral mesmo sentido";"Com Vítimas Feridas";"Pleno dia";"Crescente";"Garoa/Chuvisco";"Múltipla";"Curva";"Não";2;0;1;0;0;1;1;2;-27,13163956;-48,61046791;"SPRF-SC";"DEL04-SC";"UOP03-DEL04-SC"
756757;2026-03-07;"sábado";"16:30:00";"MG";267;172,9;"LIMA DUARTE";"Pista Escorregadia";"Saída de leito carroçável";"Sem Vítimas";"Pleno dia";"Decrescente";"Chuva";"Simples";"Curva";"Não";1;0;0;0;1;0;0;1;-21,864211;-43,876508;"SPRF-MG";"DEL05-MG";"UOP01-DEL05-MG"
756760;2026-03-07;"sábado";"19:00:00";"MG";381;876,6;"ESTIVA";"Acumulo de água sobre o pavimento";"Capotamento";"Com Vítimas Feridas";"Plena Noite";"Decrescente";"Nublado";"Dupla";"Reta";"Não";4;0;1;0;3;0;1;1;-22,438502;-45,984209;"SPRF-MG";"DEL16-MG";"UOP01-DEL16-MG"
756761;2026-03-07;"sábado";"19:15:00";"RJ";101;66;"CAMPOS DOS GOYTACAZES";"Manobra de mudança de faixa";"Colisão lateral mesmo sentido";"Com Vítimas Feridas";"Plena Noite";"Decrescente";"Céu Claro";"Dupla";"Interseção de Vias;Curva";"Sim";2;0;1;0;1;0;1;2;-21,765984;-41,345194;"SPRF-RJ";"DEL08-RJ";"UOP02-DEL08-RJ"
756762;2026-03-07;"sábado";"16:45:00";"RS";290;302,6;"CACHOEIRA DO SUL";"Acostamento em desnível";"Queda de ocupante de veículo";"Com Vítimas Feridas";"Pleno dia";"Crescente";"Céu Claro";"Simples";"Em Obras;Reta";"Não";1;0;1;0;0;0;1;1;-30,32336816;-53,23944267;"SPRF-RS";"DEL09-RS";"UOP02-DEL09-RS"
756763;2026-03-07;"sábado";"19:10:00";"ES";101;242;"SERRA";"Acessar a via sem observar a presença dos outros veículos";"Colisão transversal";"Com Vítimas Feridas";"Plena Noite";"Crescente";"Céu Claro";"Simples";"Retorno Regulamentado;Reta";"Sim";4;0;2;0;2;0;2;2;-20,0488216;-40,38648583;"SPRF-ES";"DEL02-ES";"UOP01-DEL02-ES"
756764;2026-03-07;"sábado";"18:15:00";"GO";153;582,4;"PIRACANJUBA";"Pista esburacada";"Saída de leito carroçável";"Com Vítimas Feridas";"Anoitecer";"Crescente";"Nublado";"Dupla";"Reta";"Não";1;0;1;0;0;0;1;1;-17,38888;-49,2288;"SPRF-GO";"DEL03-GO";"UOP01-DEL03-GO"
756766;2026-03-07;"sábado";"19:10:00";"RS";158;332;"SANTA MARIA";"Manobra de mudança de faixa";"Colisão lateral mesmo sentido";"Com Vítimas Feridas";"Anoitecer";"Crescente";"Nublado";"Dupla";"Reta";"Sim";4;0;0;1;3;0;1;2;-29,704246;-53,846022;"SPRF-RS";"DEL09-RS";"UOP01-DEL09-RS"
756768;2026-03-07;"sábado";"17:45:00";"PR";277;671,8;"MEDIANEIRA";"Demais falhas mecânicas ou elétricas";"Tombamento";"Com Vítimas Feridas";"Plena Noite";"Decrescente";"Céu Claro";"Dupla";"Reta";"Sim";2;0;2;0;0;0;2;1;-25,2829736;-54,0832006;"SPRF-PR";"DEL05-PR";"UOP02-DEL05-PR"
756769;2026-03-07;"sábado";"18:10:00";"SP";153;220,1;"MARILIA";"Demais falhas na via";"Tombamento";"Com Vítimas Feridas";"Pleno dia";"Crescente";"Céu Claro";"Simples";"Declive;Reta";"Não";1;0;1;0;0;0;1;1;-21,99602;-49,91314;"SPRF-SP";"DEL07-SP";"UOP02-DEL07-SP"
756770;2026-03-07;"sábado";"19:40:00";"TO";226;70;"WANDERLANDIA";"Acessar a via sem observar a presença dos outros veículos";"Colisão transversal";"Sem Vítimas";"Plena Noite";"Decrescente";"Nublado";"Simples";"Reta";"Não";3;0;0;0;2;1;0;2;-6,8491389;-47,9640556;"SPRF-TO";"DEL02-TO";"UOP03-DEL02-TO"
756772;2026-03-07;"sábado";"19:15:00";"PR";369;449,7;"CORBELIA";"Ingestão de álcool pelo condutor";"Colisão transversal";"Com Vítimas Feridas";"Plena Noite";"Crescente";"Céu Claro";"Simples";"Curva;Aclive";"Não";3;0;1;1;1;0;2;2;-24,5722935;-53,14041551;"SPRF-PR";"DEL04-PR";"UOP03-DEL04-PR"
756774;2026-03-07;"sábado";"19:20:00";"MA";222;667;"ACAILANDIA";"Afundamento ou ondulação no pavimento";"Queda de ocupante de veículo";"Com Vítimas Feridas";"Plena Noite";"Decrescente";"Céu Claro";"Simples";"Reta";"Não";2;0;1;1;0;0;2;1;-4,923988;-47,436184;"SPRF-MA";"DEL04-MA";"UOP03-DEL04-MA"
756775;2026-03-07;"sábado";"19:50:00";"BA";116;425;"FEIRA DE SANTANA";"Pedestre - Ingestão de álcool/ substâncias psicoativas";"Atropelamento de Pedestre";"Com Vítimas Feridas";"Plena Noite";"Decrescente";"Nublado";"Dupla";"Reta";"Sim";2;0;1;0;1;0;1;2;-12,2463;-38,986807;"SPRF-BA";"DEL02-BA";"UOP01-DEL02-BA"
756776;2026-03-07;"sábado";"18:00:00";"RO";364;605;"ITAPUA DO OESTE";"Ingestão de álcool pelo condutor";"Saída de leito carroçável";"Sem Vítimas";"Pleno dia";"Crescente";"Céu Claro";"Simples";"Reta";"Não";3;0;0;0;2;1;0;2;-9,1847501;-63,19622397;"SPRF-RO";"DEL01-RO";"UOP04-DEL01-RO"
756777;2026-03-07;"sábado";"20:15:00";"MG";40;666,9;"CARANDAI";"Transitar na contramão";"Colisão frontal";"Com Vítimas Feridas";"Plena Noite";"Crescente";"Céu Claro";"Simples";"Reta";"Não";2;0;1;0;1;0;1;2;-20,9460306;-43,8046385;"SPRF-MG";"DEL05-MG";"UOP02-DEL05-MG"
756778;2026-03-07;"sábado";"20:00:00";"PA";316;67;"CASTANHAL";"Ingestão de álcool pelo condutor";"Tombamento";"Com Vítimas Feridas";"Anoitecer";"Decrescente";"Céu Claro";"Simples";"Reta";"Sim";1;0;1;0;0;0;1;1;-1,294476;-47,887165;"SPRF-PA";"DEL01-PA";"UOP01-DEL01-PA"
756780;2026-03-07;"sábado";"20:10:00";"SC";101;192,4;"BIGUACU";"Avarias e/ou desgaste excessivo no pneu";"Queda de ocupante de veículo";"Com Vítimas Feridas";"Plena Noite";"Decrescente";"Céu Claro";"Dupla";"Reta";"Não";2;0;2;0;0;0;2;1;-27,48730073;-48,6503884;"SPRF-SC";"DEL01-SC";"UOP01-DEL01-SC"
756781;2026-03-07;"sábado";"20:00:00";"ES";101;144;"LINHARES";"Condutor deixou de manter distância do veículo da frente";"Colisão traseira";"Com Vítimas Feridas";"Plena Noite";"Decrescente";"Céu Claro";"Simples";"Curva";"Não";4;0;1;0;3;0;1;2;-19,352848;-40,063708;"SPRF-ES";"DEL04-ES";"UOP01-DEL04-ES"
756782;2026-03-07;"sábado";"20:10:00";"PA";308;151;"CAPANEMA";"Acessar a via sem observar a presença dos outros veículos";"Colisão lateral sentido oposto";"Sem Vítimas";"Plena Noite";"Crescente";"Nublado";"Dupla";"Reta";"Não";2;0;0;0;2;0;0;2;-1,206867;-47,176433;"SPRF-PA";"DEL01-PA";"UOP03-DEL01-PA"
756783;2026-03-07;"sábado";"19:40:00";"RS";285;108,5;"VACARIA";"Reação tardia ou ineficiente do condutor";"Colisão traseira";"Com Vítimas Feridas";"Plena Noite";"Crescente";"Nublado";"Simples";"Reta";"Não";3;0;1;0;2;0;1;2;-28,519388;-50,824273;"SPRF-RS";"DEL05-RS";"UOP03-DEL05-RS"
756784;2026-03-07;"sábado";"19:30:00";"RJ";116;39;"SAO JOSE DO VALE DO RIO PRETO";"Chuva";"Colisão traseira";"Com Vítimas Feridas";"Plena Noite";"Decrescente";"Chuva";"Simples";"Reta";"Não";1;0;0;1;0;0;1;1;-22,12050695;-42,77954802;"SPRF-RJ";"DEL05-RJ";"UOP01-DEL05-RJ"
756785;2026-03-07;"sábado";"19:50:00";"CE";222;15;"CAUCAIA";"Ausência de reação do condutor";"Tombamento";"Com Vítimas Feridas";"Plena Noite";"Crescente";"Nublado";"Dupla";"Desvio Temporário;Reta;Em Obras";"Não";1;0;0;1;0;0;1;1;-3,75874511;-38,70105743;"SPRF-CE";"DEL01-CE";"UOP01-DEL01-CE"
756786;2026-03-07;"sábado";"20:45:00";"AL";104;90,5;"RIO LARGO";"Acostamento em desnível";"Queda de ocupante de veículo";"Com Vítimas Feridas";"Plena Noite";"Decrescente";"Céu Claro";"Dupla";"Reta";"Não";1;0;1;0;0;0;1;1;-9,501017;-35,810807;"SPRF-AL";"DEL01-AL";"UOP01-DEL01-AL"
756788;2026-03-07;"sábado";"16:10:00";"MG";381;248;"SANTANA DO PARAISO";"Conversão proibida";"Colisão transversal";"Com Vítimas Feridas";"Pleno dia";"Decrescente";"Nublado";"Simples";"Reta";"Não";3;0;2;0;1;0;2;2;-19,44353729;-42,51299143;"SPRF-MG";"DEL06-MG";"UOP01-DEL06-MG"
756789;2026-03-07;"sábado";"21:00:00";"ES";101;222;"IBIRACU";"Transitar na contramão";"Colisão frontal";"Com Vítimas Feridas";"Plena Noite";"Crescente";"Céu Claro";"Simples";"Curva";"Não";2;0;1;0;1;0;1;2;-19,86524174;-40,39483309;"SPRF-ES";"DEL02-ES";"UOP01-DEL02-ES"
756790;2026-03-07;"sábado";"21:00:00";"PB";361;8,3;"PATOS";"Demais falhas mecânicas ou elétricas";"Saída de leito carroçável";"Sem Vítimas";"Plena Noite";"Crescente";"Céu Claro";"Simples";"Reta";"Não";1;0;0;0;0;1;0;1;-7,041665;-37,330508;"SPRF-PB";"DEL03-PB";"UOP01-DEL03-PB"
756791;2026-03-07;"sábado";"19:00:00";"GO";60;171,4;"ABADIA DE GOIAS";"Ingestão de álcool pelo condutor";"Colisão transversal";"Com Vítimas Feridas";"Plena Noite";"Decrescente";"Nublado";"Múltipla";"Reta;Aclive;Retorno Regulamentado";"Sim";6;0;2;0;4;0;2;2;-16,74401893;-49,41748844;"SPRF-GO";"DEL01-GO";"UOP02-DEL01-GO"
756793;2026-03-07;"sábado";"20:20:00";"RJ";40;93;"DUQUE DE CAXIAS";"Velocidade Incompatível";"Colisão com objeto";"Com Vítimas Feridas";"Plena Noite";"Crescente";"Garoa/Chuvisco";"Dupla";"Curva;Declive";"Não";2;0;1;0;1;0;1;1;-22,56901787;-43,27667132;"SPRF-RJ";"DEL01-RJ";"UOP01-DEL01-RJ"
756794;2026-03-07;"sábado";"21:30:00";"SP";381;79;"SAO PAULO";"Pista Escorregadia";"Saída de leito carroçável";"Sem Vítimas";"Plena Noite";"Crescente";"Garoa/Chuvisco";"Múltipla";"Declive;Curva";"Sim";1;0;0;0;1;0;0;1;-23,4043925;-46,5781722;"SPRF-SP";"DEL03-SP";"UOP01-DEL03-SP"
756795;2026-03-07;"sábado";"18:50:00";"RJ";356;184;"SAO JOAO DA BARRA";"Condutor deixou de manter distância do veículo da frente";"Colisão traseira";"Com Vítimas Feridas";"Plena Noite";"Crescente";"Céu Claro";"Simples";"Reta";"Sim";2;0;1;0;0;1;1;2;-21,6345478;-41,04397868;"SPRF-RJ";"DEL08-RJ";"UOP02-DEL08-RJ"
756797;2026-03-07;"sábado";"20:10:00";"RO";364;14,9;"VILHENA";"Desrespeitar a preferência no cruzamento";"Colisão transversal";"Com Vítimas Feridas";"Plena Noite";"Decrescente";"Garoa/Chuvisco";"Simples";"Interseção de Vias";"Sim";2;0;1;0;1;0;1;2;-12,73722914;-60,14721628;"SPRF-RO";"DEL04-RO";"UOP01-DEL04-RO"
756799;2026-03-07;"sábado";"21:50:00";"RS";116;237;"NOVO HAMBURGO";"Reação tardia ou ineficiente do condutor";"Colisão traseira";"Sem Vítimas";"Plena Noite";"Decrescente";"Nublado";"Dupla";"Em Obras;Curva";"Não";2;0;0;0;2;0;0;2;-29,67968777;-51,14217135;"SPRF-RS";"DEL01-RS";"UOP02-DEL01-RS"
756800;2026-03-07;"sábado";"21:30:00";"BA";324;512;"FEIRA DE SANTANA";"Conversão proibida";"Colisão lateral mesmo sentido";"Com Vítimas Feridas";"Plena Noite";"Crescente";"Nublado";"Simples";"Reta";"Sim";2;0;1;0;1;0;1;2;-12,23095731;-38,96218568;"SPRF-BA";"DEL02-BA";"UOP01-DEL02-BA"
756801;2026-03-07;"sábado";"21:50:00";"PE";101;50;"ABREU E LIMA";"Reação tardia ou ineficiente do condutor";"Colisão lateral mesmo sentido";"Com Vítimas Feridas";"Plena Noite";"Decrescente";"Céu Claro";"Múltipla";"Retorno Regulamentado";"Sim";2;0;1;0;1;0;1;2;-7,914676;-34,898911;"SPRF-PE";"DEL01-PE";"UOP02-DEL01-PE"
756804;2026-03-07;"sábado";"19:45:00";"RO";364;422,8;"JARU";"Sinalização mal posicionada";"Saída de leito carroçável";"Com Vítimas Feridas";"Plena Noite";"Decrescente";"Céu Claro";"Dupla";"Reta;Em Obras;Interseção de Vias";"Sim";1;0;0;1;0;0;1;1;-10,453162;-62,460325;"SPRF-RO";"DEL03-RO";"UOP02-DEL03-RO"
756805;2026-03-07;"sábado";"20:30:00";"CE";116;43,5;"HORIZONTE";"Condutor usando celular";"Colisão transversal";"Com Vítimas Feridas";"Plena Noite";"Decrescente";"Céu Claro";"Dupla";"Reta";"Sim";2;0;1;0;1;0;1;2;-4,10095;-38,5010141;"SPRF-CE";"DEL01-CE";"UOP02-DEL01-CE"
756806;2026-03-07;"sábado";"22:15:00";"PR";369;144;"LONDRINA";"Reação tardia ou ineficiente do condutor";"Colisão traseira";"Com Vítimas Feridas";"Plena Noite";"Crescente";"Garoa/Chuvisco";"Dupla";"Declive;Em Obras;Reta";"Sim";2;0;1;0;1;0;1;2;-23,293445;-51,106915;"SPRF-PR";"DEL07-PR";"UOP01-DEL07-PR"
756807;2026-03-07;"sábado";"21:30:00";"MA";316;599;"TIMON";"Acumulo de água sobre o pavimento";"Colisão frontal";"Com Vítimas Feridas";"Plena Noite";"Crescente";"Chuva";"Simples";"Reta";"Não";5;0;0;1;1;3;1;3;-5,0029183;-43,0350867;"SPRF-MA";"DEL03-MA";"UOP02-DEL03-MA"
756809;2026-03-07;"sábado";"23:00:00";"SC";101;242,5;"PALHOCA";"Acumulo de areia ou detritos sobre o pavimento";"Tombamento";"Com Vítimas Feridas";"Plena Noite";"Crescente";"Céu Claro";"Simples";"Curva";"Não";1;0;1;0;0;0;1;1;-27,88007593;-48,64582865;"SPRF-SC";"DEL01-SC";"UOP02-DEL01-SC"
756810;2026-03-07;"sábado";"22:45:00";"SC";470;66;"INDAIAL";"Ausência de reação do condutor";"Colisão frontal";"Com Vítimas Feridas";"Plena Noite";"Decrescente";"Nublado";"Simples";"Rotatória";"Sim";3;0;1;0;2;0;1;2;-26,87036732;-49,2267522;"SPRF-SC";"DEL04-SC";"UOP01-DEL04-SC"
756811;2026-03-07;"sábado";"23:36:00";"SP";116;207;"GUARULHOS";"Estacionar ou parar em local proibido";"Colisão traseira";"Com Vítimas Feridas";"Plena Noite";"Decrescente";"Céu Claro";"Dupla";"Reta";"Sim";2;0;0;1;1;0;1;2;-23,42282462;-46,39529083;"SPRF-SP";"DEL01-SP";"UOP01-DEL01-SP"
756812;2026-03-07;"sábado";"23:00:00";"ES";393;1,8;"CACHOEIRO DE ITAPEMIRIM";"Velocidade Incompatível";"Capotamento";"Com Vítimas Feridas";"Plena Noite";"Crescente";"Céu Claro";"Simples";"Curva";"Sim";4;0;4;0;0;0;4;1;-20,83240289;-41,17424637;"SPRF-ES";"DEL03-ES";"UOP02-DEL03-ES"
756813;2026-03-07;"sábado";"23:10:00";"GO";153;401;"PIRENOPOLIS";"Acessar a via sem observar a presença dos outros veículos";"Colisão lateral mesmo sentido";"Com Vítimas Feridas";"Plena Noite";"Crescente";"Céu Claro";"Simples";"Interseção de Vias;Aclive;Reta";"Não";3;0;1;0;2;0;1;2;-16,04806588;-49,07437775;"SPRF-GO";"DEL02-GO";"UOP02-DEL02-GO"
756815;2026-03-08;"domingo";"00:01:00";"GO";60;186;"GUAPO";"Ausência de reação do condutor";"Atropelamento de Pedestre";"Com Vítimas Feridas";"Plena Noite";"Crescente";"Céu Claro";"Dupla";"Declive";"Sim";5;0;0;1;3;1;1;2;-16,820051;-49,532702;"SPRF-GO";"DEL01-GO";"UOP02-DEL01-GO"
756819;2026-03-08;"domingo";"00:15:00";"SC";101;182,3;"BIGUACU";"Ingestão de álcool pelo condutor";"Capotamento";"Com Vítimas Feridas";"Plena Noite";"Crescente";"Nublado";"Múltipla";"Declive;Curva";"Sim";5;0;3;2;0;0;5;1;-27,40138966;-48,62992383;"SPRF-SC";"DEL01-SC";"UOP01-DEL01-SC"
756820;2026-03-08;"domingo";"00:10:00";"RS";386;444;"CANOAS";"Ausência de reação do condutor";"Tombamento";"Com Vítimas Feridas";"Plena Noite";"Decrescente";"Garoa/Chuvisco";"Dupla";"Reta;Retorno Regulamentado";"Não";1;0;1;0;0;0;1;1;-29,89007069;-51,2091059;"SPRF-RS";"DEL01-RS";"UOP01-DEL01-RS"
756821;2026-03-08;"domingo";"00:30:00";"RS";116;149;"CAXIAS DO SUL";"Manobra de mudança de faixa";"Colisão lateral mesmo sentido";"Sem Vítimas";"Plena Noite";"Decrescente";"Céu Claro";"Dupla";"Reta";"Não";2;0;0;0;2;0;0;2;-29,164281;-51,158369;"SPRF-RS";"DEL05-RS";"UOP01-DEL05-RS"
756822;2026-03-07;"sábado";"22:25:00";"MG";116;375;"MATHIAS LOBATO";"Ultrapassagem Indevida";"Colisão lateral mesmo sentido";"Com Vítimas Feridas";"Plena Noite";"Crescente";"Nublado";"Simples";"Reta";"Sim";2;0;0;1;1;0;1;2;-18,57356989;-41,91318009;"SPRF-MG";"DEL06-MG";"UOP01-DEL06-MG"