"id";"data_inversa";"dia_semana";"horario";"uf";"br";"km";"municipio";"causa_acidente";"tipo_acidente";"classificacao_acidente";"fase_dia";"sentido_via";"condicao_metereologica";"tipo_pista";"tracado_via";"uso_solo";"pessoas";"mortos";"feridos_leves";"feridos_graves";"ilesos";"ignorados";"feridos";"veiculos";"latitude";"longitude";"regional";"delegacia";"uop"
757034;2026-03-08;"domingo";"22:04:00";"RS";470;160,2;"NOVA PRATA";"Acessar a via sem observar a presença dos outros veículos";"Colisão transversal";"Com Vítimas Feridas";"Plena Noite";"Decrescente";"Nublado";"Simples";"Reta";"Não";6;0;4;0;2;0;4;2;-28,81277507;-51,59960671;"SPRF-RS";"DEL06-RS";"UOP02-DEL06-RS"
757036;2026-03-08;"domingo";"21:30:00";"RJ";465;14;"SEROPEDICA";"Chuva";"Queda de ocupante de veículo";"Com Vítimas Feridas";"Plena Noite";"Crescente";"Chuva";"Simples";"Reta";"Sim";1;0;1;0;0;0;1;1;-22,80889031;-43,63382991;"SPRF-RJ";"DEL06-RJ";"UOP02-DEL06-RJ"
757037;2026-03-08;"domingo";"22:00:00";"ES";101;342,8;"GUARAPARI";"Avarias e/ou desgaste excessivo no pneu";"Colisão com objeto";"Com Vítimas Feridas";"Plena Noite";"Crescente";"Nublado";"Dupla";"Curva";"Não";1;0;1;0;0;0;1;1;-20,65955;-40,58728;"SPRF-ES";"DEL03-ES";"UOP01-DEL03-ES"
757038;2026-03-08;"domingo";"22:00:00";"RS";285;570;"SAO LUIZ GONZAGA";"Acessar a via sem observar a presença dos outros veículos";"Colisão transversal";"Com Vítimas Feridas";"Plena Noite";"Crescente";"Céu Claro";"Simples";"Interseção de Vias";"Sim";5;0;3;0;2;0;3;2;-28,41365243;-54,9886205;"SPRF-RS";"DEL12-RS";"UOP01-DEL12-RS"
757039;2026-03-08;"domingo";"22:15:00";"SP";381;65;"MAIRIPORA";"Pedestre cruzava a pista fora da faixa";"Atropelamento de Pedestre";"Com Vítimas Feridas";"Plena Noite";"Decrescente";"Céu Claro";"Dupla";"Reta";"Sim";2;0;1;0;0;1;1;2;-23,31322133;-46,58220291;"SPRF-SP";"DEL03-SP";"UOP01-DEL03-SP"
757040;2026-03-08;"domingo";"21:40:00";"BA";116;662,6;"JEQUIE";"Reação tardia ou ineficiente do condutor";"Colisão traseira";"Com Vítimas Feridas";"Plena Noite";"Crescente";"Nublado";"Simples";"Reta";"Não";5;0;3;1;1;0;4;2;-13,769858;-40,102257;"SPRF-BA";"DEL03-BA";"UOP01-DEL03-BA"
757042;2026-03-08;"domingo";"21:20:00";"SC";280;237,9;"CANOINHAS";"Velocidade Incompatível";"Capotamento";"Com Vítimas Feridas";"Plena Noite";"Decrescente";"Garoa/Chuvisco";"Simples";"Curva";"Sim";2;0;2;0;0;0;2;1;-26,204386;-50,436968;"SPRF-SC";"DEL06-SC";"UOP04-DEL06-SC"
757043;2026-03-08;"domingo";"23:00:00";"MG";50;6;"UBERLANDIA";"Condutor Dormindo";"Saída de leito carroçável";"Com Vítimas Feridas";"Plena Noite";"Decrescente";"Nublado";"Dupla";"Aclive;Curva";"Não";2;0;1;0;0;1;1;2;-18,85992801;-48,20787705;"SPRF-MG";"DEL15-MG";"UOP01-DEL15-MG"
757044;2026-03-08;"domingo";"23:00:00";"PR";476;119;"COLOMBO";"Condutor deixou de manter distância do veículo da frente";"Colisão traseira";"Sem Vítimas";"Plena Noite";"Decrescente";"Céu Claro";"Dupla";"Declive;Interseção de Vias";"Sim";3;0;0;0;3;0;0;2;-25,36413812;-49,18587685;"SPRF-PR";"DEL01-PR";"UOP01-DEL01-PR"
757045;2026-03-08;"domingo";"23:05:00";"RJ";465;15;"SEROPEDICA";"Acesso irregular";"Colisão frontal";"Com Vítimas Feridas";"Plena Noite";"Crescente";"Chuva";"Simples";"Interseção de Vias;Reta";"Sim";2;0;1;0;1;0;1;2;-22,811011;-43,631453;"SPRF-RJ";"DEL06-RJ";"UOP02-DEL06-RJ"
757046;2026-03-08;"domingo";"23:30:00";"SC";101;210;"SAO JOSE";"Pedestre andava na pista";"Atropelamento de Pedestre";"Com Vítimas Feridas";"Plena Noite";"Crescente";"Chuva";"Múltipla";"Reta";"Sim";2;0;1;1;0;0;2;2;-27,6163895;-48,64531366;"SPRF-SC";"DEL01-SC";"UOP01-DEL01-SC"
757047;2026-03-08;"domingo";"22:30:00";"MA";226;298;"BARRA DO CORDA";"Manobra de mudança de faixa";"Colisão frontal";"Com Vítimas Feridas";"Plena Noite";"Crescente";"Nublado";"Simples";"Reta";"Sim";3;0;1;0;2;0;1;2;-5,499757;-45,237433;"SPRF-MA";"DEL06-MA";"UOP01-DEL06-MA"
757048;2026-03-08;"domingo";"23:30:00";"RS";386;330,2;"MARQUES DE SOUZA";"Velocidade Incompatível";"Colisão com objeto";"Sem Vítimas";"Plena Noite";"Decrescente";"Nublado";"Dupla";"Reta";"Não";1;0;0;0;1;0;0;1;-29,349035;-52,07123;"SPRF-RS";"DEL04-RS";"UOP01-DEL04-RS"
757049;2026-03-08;"domingo";"20:50:00";"SC";470;75,4;"INDAIAL";"Ingestão de álcool pelo condutor";"Colisão lateral sentido oposto";"Com Vítimas Feridas";"Plena Noite";"Decrescente";"Nublado";"Simples";"Reta";"Não";3;0;2;0;1;0;2;3;-26,92894772;-49,28568184;"SPRF-SC";"DEL04-SC";"UOP01-DEL04-SC"
757050;2026-03-08;"domingo";"23:50:00";"SC";101;211;"PALHOCA";"Pista Escorregadia";"Queda de ocupante de veículo";"Com Vítimas Feridas";"Plena Noite";"Crescente";"Chuva";"Simples";"Viaduto";"Não";1;0;1;0;0;0;1;1;-27,62838606;-48,65734069;"SPRF-SC";"DEL01-SC";"UOP02-DEL01-SC"
757051;2026-03-08;"domingo";"21:40:00";"MG";365;462;"PATROCINIO";"Transitar na contramão";"Colisão frontal";"Com Vítimas Fatais";"Plena Noite";"Decrescente";"Ignorado";"Simples";"Reta";"Não";6;4;0;2;0;0;2;2;-18,874;-46,907;"SPRF-MG";"DEL10-MG";"UOP01-DEL10-MG"
757052;2026-03-08;"domingo";"22:30:00";"PB";230;36;"SANTA RITA";"Ausência de reação do condutor";"Colisão traseira";"Com Vítimas Feridas";"Plena Noite";"Decrescente";"Céu Claro";"Dupla";"Declive";"Não";3;0;1;1;1;0;2;2;-7,12;-34,94;"SPRF-PB";"DEL01-PB";"UOP02-DEL01-PB"
757053;2026-03-08;"domingo";"22:35:00";"PB";230;37,5;"SANTA RITA";"Ingestão de álcool pelo condutor";"Saída de leito carroçável";"Sem Vítimas";"Plena Noite";"Crescente";"Céu Claro";"Dupla";"Reta";"Sim";1;0;0;0;1;0;0;1;-7,132387;-34,958783;"SPRF-PB";"DEL01-PB";"UOP02-DEL01-PB"
757054;2026-03-08;"domingo";"22:10:00";"MT";163;771;"SORRISO";"Reação tardia ou ineficiente do condutor";"Saída de leito carroçável";"Sem Vítimas";"Pleno dia";"Decrescente";"Chuva";"Dupla";"Reta";"Não";2;0;0;0;2;0;0;1;-12,409783;-55,629967;"SPRF-MT";"DEL06-MT";"UOP01-DEL06-MT"
757056;2026-03-08;"domingo";"23:16:00";"SC";101;192,3;"BIGUACU";"Velocidade Incompatível";"Colisão com objeto";"Sem Vítimas";"Plena Noite";"Crescente";"Chuva";"Dupla";"Curva";"Não";2;0;0;0;2;0;0;1;-27,48666304;-48,64920823;"SPRF-SC";"DEL01-SC";"UOP01-DEL01-SC"
757057;2026-01-14;"quarta-feira";"16:20:00";"RO";364;758;"PORTO VELHO";"Demais falhas na via";"Colisão traseira";"Sem Vítimas";"Pleno dia";"Decrescente";"Céu Claro";"Simples";"Reta";"Não";2;0;0;0;2;0;0;2;-9,08955318;-64,08531308;"SPRF-RO";"DEL01-RO";"UOP02-DEL01-RO"
757059;2026-03-09;"segunda-feira";"00:53:00";"SP";116;227;"GUARULHOS";"Ingestão de álcool pelo condutor";"Queda de ocupante de veículo";"Com Vítimas Feridas";"Plena Noite";"Decrescente";"Céu Claro";"Múltipla";"Reta";"Sim";1;0;1;0;0;0;1;1;-23,49601326;-46,55606175;"SPRF-SP";"DEL01-SP";"UOP01-DEL01-SP"
757060;2026-03-08;"domingo";"23:00:00";"RJ";116;192;"QUEIMADOS";"Chuva";"Queda de ocupante de veículo";"Com Vítimas Feridas";"Plena Noite";"Decrescente";"Chuva";"Dupla";"Reta";"Sim";2;0;1;0;0;1;1;2;-22,73090708;-43,56422424;"SPRF-RJ";"DEL06-RJ";"UOP01-DEL06-RJ"
757061;2026-03-08;"domingo";"23:50:00";"SC";101;205;"SAO JOSE";"Reação tardia ou ineficiente do condutor";"Colisão com objeto";"Sem Vítimas";"Plena Noite";"Decrescente";"Chuva";"Dupla";"Reta";"Sim";1;0;0;0;0;1;0;1;-27,57975784;-48,61401498;"SPRF-SC";"DEL01-SC";"UOP01-DEL01-SC"
757062;2026-03-08;"domingo";"23:55:00";"MG";40;531;"BELO HORIZONTE";"Ausência de reação do condutor";"Colisão traseira";"Sem Vítimas";"Plena Noite";"Crescente";"Céu Claro";"Dupla";"Reta";"Sim";2;0;0;0;2;0;0;2;-19,91880772;-44,0395546;"SPRF-MG";"DEL01-MG";"UOP02-DEL01-MG"
757063;2026-03-09;"segunda-feira";"00:40:00";"RJ";101;480;"ANGRA DOS REIS";"Chuva";"Colisão com objeto";"Sem Vítimas";"Plena Noite";"Crescente";"Chuva";"Simples";"Reta";"Não";1;0;0;0;1;0;0;1;-23,013648;-44,284356;"SPRF-RJ";"DEL03-RJ";"UOP03-DEL03-RJ"
757064;2026-03-09;"segunda-feira";"01:40:00";"DF";70;11;"BRASILIA";"Acessar a via sem observar a presença dos outros veículos";"Colisão lateral mesmo sentido";"Sem Vítimas";"Plena Noite";"Decrescente";"Chuva";"Dupla";"Reta;Retorno Regulamentado";"Sim";4;0;0;0;4;0;0;2;-15,78923;-48,14732;"SPRF-DF";"DEL03-DF";"UOP02-DEL03-DF"
757066;2026-03-09;"segunda-feira";"00:10:00";"DF";251;44;"BRASILIA";"Reação tardia ou ineficiente do condutor";"Saída de leito carroçável";"Sem Vítimas";"Plena Noite";"Crescente";"Nublado";"Simples";"Curva";"Sim";1;0;0;0;0;1;0;1;-15,946026;-47,840933;"SPRF-DF";"DEL01-DF";"UOP01-DEL01-DF"
757067;2026-03-09;"segunda-feira";"00:05:00";"PR";376;661;"TIJUCAS DO SUL";"Velocidade Incompatível";"Saída de leito carroçável";"Com Vítimas Feridas";"Plena Noite";"Decrescente";"Chuva";"Dupla";"Curva";"Não";3;0;3;0;0;0;3;1;-25,852494;-48,992697;"SPRF-PR";"DEL01-PR";"UOP04-DEL01-PR"
757069;2026-03-09;"segunda-feira";"01:30:00";"PR";163;231,6;"CASCAVEL";"Ingestão de álcool pelo condutor";"Saída de leito carroçável";"Com Vítimas Fatais";"Plena Noite";"Decrescente";"Céu Claro";"Dupla";"Aclive;Reta";"Não";3;1;2;0;0;0;2;1;-24,794435;-53,675416;"SPRF-PR";"DEL04-PR";"UOP01-DEL04-PR"
757070;2026-03-09;"segunda-feira";"02:15:00";"ES";101;418;"ITAPEMIRIM";"Transitar na contramão";"Colisão lateral sentido oposto";"Com Vítimas Feridas";"Plena Noite";"Crescente";"Céu Claro";"Simples";"Reta";"Não";3;0;2;1;0;0;3;2;-20,95964;-41,10088516;"SPRF-ES";"DEL03-ES";"UOP02-DEL03-ES"
757072;2026-03-09;"segunda-feira";"01:40:00";"PR";376;167,2;"MARINGA";"Animais na Pista";"Atropelamento de Animal";"Com Vítimas Fatais";"Plena Noite";"Decrescente";"Chuva";"Dupla";"Reta";"Não";2;1;1;0;0;0;1;1;-23,39005;-52,0148;"SPRF-PR";"DEL09-PR";"UOP01-DEL09-PR"
757073;2026-03-09;"segunda-feira";"03:10:00";"SC";101;185,3;"BIGUACU";"Condutor Dormindo";"Colisão com objeto";"Com Vítimas Fatais";"Plena Noite";"Decrescente";"Chuva";"Dupla";"Reta";"Sim";1;1;0;0;0;0;0;1;-27,42937761;-48,62354875;"SPRF-SC";"DEL01-SC";"UOP01-DEL01-SC"
757074;2026-03-09;"segunda-feira";"03:10:00";"PR";376;167,2;"MARINGA";"Ingestão de álcool pelo condutor";"Colisão traseira";"Sem Vítimas";"Plena Noite";"Decrescente";"Chuva";"Dupla";"Reta";"Não";2;0;0;0;2;0;0;2;-23,389843;-52,015199;"SPRF-PR";"DEL09-PR";"UOP01-DEL09-PR"
757076;2026-03-09;"segunda-feira";"04:10:00";"PR";376;173;"MARINGA";"Condutor Dormindo";"Colisão com objeto";"Com Vítimas Feridas";"Plena Noite";"Decrescente";"Chuva";"Dupla";"Em Obras";"Sim";1;0;1;0;0;0;1;1;-23,4191263;-51,9686742;"SPRF-PR";"DEL09-PR";"UOP01-DEL09-PR"
757077;2026-03-09;"segunda-feira";"03:00:00";"BA";110;50;"JEREMOABO";"Ausência de reação do condutor";"Saída de leito carroçável";"Com Vítimas Feridas";"Plena Noite";"Decrescente";"Céu Claro";"Simples";"Reta";"Não";2;0;1;0;1;0;1;1;-9,861314;-38,266986;"SPRF-BA";"DEL07-BA";"UOP01-DEL07-BA"
757079;2026-03-09;"segunda-feira";"01:20:00";"SC";101;206,8;"SAO JOSE";"Velocidade Incompatível";"Capotamento";"Sem Vítimas";"Plena Noite";"Decrescente";"Chuva";"Múltipla";"Reta";"Não";1;0;0;0;0;1;0;1;-27,59916234;-48,62167804;"SPRF-SC";"DEL01-SC";"UOP01-DEL01-SC"
757082;2026-03-09;"segunda-feira";"05:15:00";"SC";282;56,4;"RANCHO QUEIMADO";"Reação tardia ou ineficiente do condutor";"Saída de leito carroçável";"Com Vítimas Feridas";"Amanhecer";"Decrescente";"Céu Claro";"Simples";"Reta";"Não";2;0;2;0;0;0;2;1;-27,688332;-48,993333;"SPRF-SC";"DEL01-SC";"UOP03-DEL01-SC"
757083;2026-03-09;"segunda-feira";"02:00:00";"PI";407;450,9;"GEMINIANO";"Animais na Pista";"Atropelamento de Animal";"Com Vítimas Feridas";"Plena Noite";"Crescente";"Céu Claro";"Simples";"Reta";"Não";4;0;3;1;0;0;4;1;-7,24656;-41,245028;"SPRF-PI";"DEL04-PI";"UOP01-DEL04-PI"
757085;2026-03-09;"segunda-feira";"05:30:00";"CE";304;45;"ARACATI";"Animais na Pista";"Atropelamento de Animal";"Com Vítimas Fatais";"Amanhecer";"Crescente";"Garoa/Chuvisco";"Simples";"Reta";"Não";2;1;0;1;0;0;1;1;-4,577276;-37,804345;"SPRF-CE";"DEL03-CE";"UOP02-DEL03-CE"
757086;2026-03-09;"segunda-feira";"06:05:00";"GO";80;21;"PADRE BERNARDO";"Acessar a via sem observar a presença dos outros veículos";"Colisão transversal";"Com Vítimas Fatais";"Amanhecer";"Crescente";"Céu Claro";"Simples";"Reta";"Não";6;1;1;0;4;0;1;2;-15,37457759;-48,21659088;"SPRF-DF";"DEL03-DF";"UOP02-DEL03-DF"
757088;2026-03-09;"segunda-feira";"05:30:00";"RJ";101;297;"ITABORAI";"Reação tardia ou ineficiente do condutor";"Queda de ocupante de veículo";"Com Vítimas Feridas";"Pleno dia";"Decrescente";"Garoa/Chuvisco";"Dupla";"Reta";"Sim";2;0;2;0;0;0;2;1;-22,77137654;-42,92374419;"SPRF-RJ";"DEL02-RJ";"UOP02-DEL02-RJ"
757089;2026-03-08;"domingo";"21:30:00";"MG";262;438;"NOVA SERRANA";"Ausência de reação do condutor";"Colisão com objeto";"Com Vítimas Feridas";"Plena Noite";"Decrescente";"Céu Claro";"Dupla";"Reta";"Sim";1;0;1;0;0;0;1;1;-19,87086889;-44,97687253;"SPRF-MG";"DEL08-MG";"UOP03-DEL08-MG"
757090;2026-03-08;"domingo";"13:45:00";"PR";163;172;"LINDOESTE";"Velocidade Incompatível";"Tombamento";"Com Vítimas Feridas";"Pleno dia";"Decrescente";"Chuva";"Dupla";"Aclive;Curva";"Não";2;0;2;0;0;0;2;1;-25,22210623;-53,59459896;"SPRF-PR";"DEL05-PR";"UOP05-DEL05-PR"
757091;2026-03-08;"domingo";"20:50:00";"PE";316;24;"ARARIPINA";"Acessar a via sem observar a presença dos outros veículos";"Colisão transversal";"Com Vítimas Feridas";"Plena Noite";"Decrescente";"Céu Claro";"Simples";"Aclive";"Sim";4;0;2;0;2;0;2;2;-7,582653;-40,506502;"SPRF-PE";"DEL05-PE";"UOP02-DEL05-PE"
757093;2026-03-09;"segunda-feira";"06:50:00";"ES";101;172,9;"ARACRUZ";"Ultrapassagem Indevida";"Colisão lateral mesmo sentido";"Com Vítimas Feridas";"Pleno dia";"Decrescente";"Céu Claro";"Simples";"Reta";"Sim";2;0;1;0;0;1;1;2;-19,57165546;-40,18351865;"SPRF-ES";"DEL04-ES";"UOP01-DEL04-ES"
757094;2026-03-09;"segunda-feira";"04:50:00";"MS";163;832;"SONORA";"Acessar a via sem observar a presença dos outros veículos";"Colisão transversal";"Com Vítimas Feridas";"Amanhecer";"Crescente";"Nublado";"Simples";"Reta";"Não";3;0;0;1;2;0;1;2;-17,64395;-54,74744;"SPRF-MS";"DEL06-MS";"UOP01-DEL06-MS"
757095;2026-03-05;"quinta-feira";"18:35:00";"MG";116;413,2;"GOVERNADOR VALADARES";"Reação tardia ou ineficiente do condutor";"Colisão frontal";"Com Vítimas Feridas";"Plena Noite";"Crescente";"Céu Claro";"Simples";"Reta";"Sim";2;0;2;0;0;0;2;2;-18,88242765;-41,95764492;"SPRF-MG";"DEL06-MG";"UOP01-DEL06-MG"
757099;2026-03-01;"domingo";"11:40:00";"RS";116;234;"NOVO HAMBURGO";"Ultrapassagem Indevida";"Colisão lateral mesmo sentido";"Com Vítimas Feridas";"Pleno dia";"Decrescente";"Céu Claro";"Simples";"Reta";"Sim";4;0;2;0;2;0;2;2;-29,65069342;-51,14421515;"SPRF-RS";"DEL01-RS";"UOP02-DEL01-RS"
757100;2026-03-09;"segunda-feira";"07:09:00";"PE";232;6;"RECIFE";"Trafegar com motocicleta (ou similar) entre as faixas";"Colisão transversal";"Com Vítimas Feridas";"Pleno dia";"Decrescente";"Céu Claro";"Dupla";"Reta";"Não";3;0;2;0;1;0;2;2;-8,069718;-34,949857;"SPRF-PE";"DEL01-PE";"UOP01-DEL01-PE"
757104;2026-03-09;"segunda-feira";"07:10:00";"SC";282;6;"SAO JOSE";"Pista Escorregadia";"Tombamento";"Com Vítimas Feridas";"Pleno dia";"Crescente";"Garoa/Chuvisco";"Dupla";"Declive;Curva";"Sim";2;0;1;0;1;0;1;2;-27,58486777;-48,61760332;"SPRF-SC";"DEL01-SC";"UOP01-DEL01-SC"
757105;2026-03-09;"segunda-feira";"06:50:00";"PB";230;36,5;"SANTA RITA";"Velocidade Incompatível";"Colisão traseira";"Com Vítimas Feridas";"Pleno dia";"Decrescente";"Chuva";"Dupla";"Reta";"Não";2;0;1;0;1;0;1;2;-7,12966356;-34,95373819;"SPRF-PB";"DEL01-PB";"UOP02-DEL01-PB"
757106;2026-03-09;"segunda-feira";"06:25:00";"PR";376;443,8;"TIBAGI";"Chuva";"Tombamento";"Com Vítimas Feridas";"Pleno dia";"Crescente";"Chuva";"Dupla";"Curva";"Não";2;0;2;0;0;0;2;1;-24,87515;-50,44342;"SPRF-PR";"DEL03-PR";"UOP02-DEL03-PR"
757107;2026-03-09;"segunda-feira";"07:32:00";"RN";101;108,7;"PARNAMIRIM";"Ausência de reação do condutor";"Colisão traseira";"Sem Vítimas";"Pleno dia";"Crescente";"Chuva";"Dupla";"Reta";"Sim";2;0;0;0;2;0;0;2;-5,9272327;-35,26495147;"SPRF-RN";"DEL01-RN";"UOP01-DEL01-RN"
757109;2026-03-09;"segunda-feira";"07:00:00";"PR";376;184,1;"SARANDI";"Condutor deixou de manter distância do veículo da frente";"Colisão traseira";"Com Vítimas Feridas";"Pleno dia";"Decrescente";"Nublado";"Dupla";"Reta";"Sim";3;0;1;0;2;0;1;2;-23,44212429;-51,87002778;"SPRF-PR";"DEL09-PR";"UOP01-DEL09-PR"
757110;2026-03-08;"domingo";"18:30:00";"MG";365;458;"PATROCINIO";"Ausência de reação do condutor";"Saída de leito carroçável";"Com Vítimas Feridas";"Anoitecer";"Crescente";"Céu Claro";"Simples";"Reta";"Não";1;0;1;0;0;0;1;1;-18,8605;-46,8881;"SPRF-MG";"DEL10-MG";"UOP01-DEL10-MG"
757111;2026-03-09;"segunda-feira";"07:45:00";"SP";153;74,9;"BADY BASSITT";"Manobra de mudança de faixa";"Colisão lateral mesmo sentido";"Com Vítimas Feridas";"Pleno dia";"Decrescente";"Garoa/Chuvisco";"Dupla";"Reta;Aclive";"Não";2;0;1;0;1;0;1;2;-20,89610268;-49,43682432;"SPRF-SP";"DEL09-SP";"UOP01-DEL09-SP"
757112;2026-03-09;"segunda-feira";"05:50:00";"RS";116;193;"PICADA CAFE";"Transitar na contramão";"Colisão frontal";"Com Vítimas Feridas";"Amanhecer";"Decrescente";"Céu Claro";"Simples";"Curva";"Não";2;0;0;1;1;0;1;2;-29,441943;-51,138475;"SPRF-RS";"DEL05-RS";"UOP02-DEL05-RS"
757113;2026-03-09;"segunda-feira";"06:25:00";"MT";70;2,5;"BARRA DO GARCAS";"Frear bruscamente";"Engavetamento";"Com Vítimas Feridas";"Pleno dia";"Decrescente";"Céu Claro";"Simples";"Reta";"Sim";3;0;1;0;2;0;1;3;-15,87387387;-52,39439747;"SPRF-MT";"DEL07-MT";"UOP01-DEL07-MT"
757114;2026-03-09;"segunda-feira";"07:48:00";"SP";116;210;"GUARULHOS";"Reação tardia ou ineficiente do condutor";"Colisão lateral mesmo sentido";"Com Vítimas Feridas";"Pleno dia";"Decrescente";"Nublado";"Dupla";"Reta";"Sim";2;0;2;0;0;0;2;2;-23,43111855;-46,41689096;"SPRF-SP";"DEL01-SP";"UOP01-DEL01-SP"
757115;2026-03-09;"segunda-feira";"06:00:00";"PR";277;172;"PALMEIRA";"Ausência de reação do condutor";"Saída de leito carroçável";"Sem Vítimas";"Amanhecer";"Decrescente";"Nublado";"Simples";"Reta";"Não";1;0;0;0;0;1;0;1;-25,4450115;-49,95945738;"SPRF-PR";"DEL01-PR";"UOP07-DEL01-PR"
757116;2026-03-09;"segunda-feira";"07:40:00";"PR";277;6,9;"PARANAGUA";"Ausência de reação do condutor";"Saída de leito carroçável";"Com Vítimas Feridas";"Pleno dia";"Decrescente";"Nublado";"Dupla";"Interseção de Vias";"Sim";1;0;1;0;0;0;1;1;-25,5615161;-48,58494282;"SPRF-PR";"DEL01-PR";"UOP05-DEL01-PR"
757117;2026-03-09;"segunda-feira";"06:50:00";"RO";364;361;"JI-PARANA";"Demais falhas mecânicas ou elétricas";"Queda de ocupante de veículo";"Com Vítimas Feridas";"Pleno dia";"Decrescente";"Céu Claro";"Simples";"Reta";"Não";2;0;2;0;0;0;2;1;-10,79399571;-62,03625004;"SPRF-RO";"DEL02-RO";"UOP01-DEL02-RO"
757118;2026-03-09;"segunda-feira";"07:50:00";"GO";60;248,5;"INDIARA";"Afundamento ou ondulação no pavimento";"Queda de ocupante de veículo";"Com Vítimas Feridas";"Pleno dia";"Decrescente";"Céu Claro";"Dupla";"Reta";"Não";1;0;0;1;0;0;1;1;-17,11345747;-49,944098;"SPRF-GO";"DEL01-GO";"UOP02-DEL01-GO"
757119;2026-03-09;"segunda-feira";"07:50:00";"SC";101;139;"BALNEARIO CAMBORIU";"Velocidade Incompatível";"Saída de leito carroçável";"Com Vítimas Feridas";"Pleno dia";"Crescente";"Chuva";"Dupla";"Curva";"Sim";1;0;1;0;0;0;1;1;-27,02862822;-48,60456554;"SPRF-SC";"DEL04-SC";"UOP03-DEL04-SC"
757123;2026-03-09;"segunda-feira";"08:00:00";"GO";153;438,4;"ANAPOLIS";"Condutor deixou de manter distância do veículo da frente";"Colisão traseira";"Com Vítimas Feridas";"Pleno dia";"Crescente";"Sol";"Dupla";"Aclive;Curva";"Sim";4;0;2;0;2;0;2;3;-16,314455;-48,921769;"SPRF-GO";"DEL02-GO";"UOP01-DEL02-GO"
757126;2026-03-09;"segunda-feira";"08:30:00";"SP";101;50;"UBATUBA";"Condutor deixou de manter distância do veículo da frente";"Colisão traseira";"Com Vítimas Feridas";"Pleno dia";"Decrescente";"Chuva";"Simples";"Rotatória";"Sim";2;0;1;0;1;0;1;2;-23,4467114;-45,08106649;"SPRF-SP";"DEL06-SP";"UOP01-DEL06-SP"
757127;2026-03-09;"segunda-feira";"08:35:00";"PE";101;59;"RECIFE";"Ausência de reação do condutor";"Colisão lateral mesmo sentido";"Com Vítimas Feridas";"Pleno dia";"Decrescente";"Céu Claro";"Dupla";"Reta";"Não";4;0;1;1;2;0;2;2;-7,97786;-34,926687;"SPRF-PE";"DEL01-PE";"UOP02-DEL01-PE"
757129;2026-03-09;"segunda-feira";"08:14:00";"RN";101;95,2;"NATAL";"Ausência de reação do condutor";"Colisão traseira";"Com Vítimas Feridas";"Pleno dia";"Decrescente";"Chuva";"Dupla";"Aclive";"Sim";3;0;2;0;1;0;2;2;-5,84092107;-35,21035303;"SPRF-RN";"DEL01-RN";"UOP01-DEL01-RN"
757130;2026-03-09;"segunda-feira";"07:10:00";"PI";343;184;"PIRIPIRI";"Desrespeitar a preferência no cruzamento";"Colisão transversal";"Com Vítimas Feridas";"Pleno dia";"Decrescente";"Céu Claro";"Simples";"Rotatória";"Não";2;0;1;1;0;0;2;2;-4,277627;-41,762973;"SPRF-PI";"DEL02-PI";"UOP01-DEL02-PI"
757131;2026-03-09;"segunda-feira";"08:47:00";"RN";101;98;"NATAL";"Manobra de mudança de faixa";"Colisão lateral mesmo sentido";"Com Vítimas Feridas";"Pleno dia";"Decrescente";"Chuva";"Dupla";"Reta";"Sim";3;0;1;1;1;0;2;2;-5,863387;-35,215402;"SPRF-RN";"DEL01-RN";"UOP01-DEL01-RN"
757132;2026-03-09;"segunda-feira";"08:15:00";"PE";232;167,5;"TACAIMBO";"Demais falhas mecânicas ou elétricas";"Incêndio";"Sem Vítimas";"Pleno dia";"Crescente";"Sol";"Simples";"Reta";"Não";1;0;0;0;1;0;0;1;-8,33983;-36,32483;"SPRF-PE";"DEL03-PE";"UOP02-DEL03-PE"
757133;2026-03-09;"segunda-feira";"06:30:00";"SC";101;209,7;"SAO JOSE";"Ausência de reação do condutor";"Queda de ocupante de veículo";"Com Vítimas Feridas";"Pleno dia";"Decrescente";"Chuva";"Dupla";"Viaduto";"Sim";2;0;2;0;0;0;2;1;-27,615384;-48,644437;"SPRF-SC";"DEL01-SC";"UOP01-DEL01-SC"
757134;2026-03-09;"segunda-feira";"03:30:00";"RJ";40;73;"PETROPOLIS";"Pedestre andava na pista";"Atropelamento de Pedestre";"Com Vítimas Fatais";"Amanhecer";"Decrescente";"Garoa/Chuvisco";"Dupla";"Declive;Curva";"Não";2;1;0;0;0;1;0;2;-22,468911;-43,222183;"SPRF-RJ";"DEL01-RJ";"UOP01-DEL01-RJ"
757135;2026-03-09;"segunda-feira";"09:57:00";"SC";101;48,5;"JOINVILLE";"Chuva";"Tombamento";"Com Vítimas Feridas";"Pleno dia";"Crescente";"Chuva";"Dupla";"Curva";"Não";1;0;1;0;0;0;1;1;-26,37945644;-48,85163991;"SPRF-SC";"DEL03-SC";"UOP01-DEL03-SC"
757136;2026-03-09;"segunda-feira";"08:45:00";"SC";101;141;"BALNEARIO CAMBORIU";"Trafegar com motocicleta (ou similar) entre as faixas";"Colisão traseira";"Com Vítimas Feridas";"Pleno dia";"Crescente";"Nublado";"Dupla";"Curva;Declive";"Sim";2;0;1;0;1;0;1;2;-27,05188001;-48,60003797;"SPRF-SC";"DEL04-SC";"UOP03-DEL04-SC"
757137;2026-03-09;"segunda-feira";"06:30:00";"GO";40;103;"CRISTALINA";"Condutor Dormindo";"Saída de leito carroçável";"Com Vítimas Feridas";"Amanhecer";"Decrescente";"Céu Claro";"Simples";"Reta";"Não";1;0;0;1;0;0;1;1;-16,83459583;-47,52692521;"SPRF-DF";"DEL01-DF";"UOP02-DEL01-DF"