"id";"data_inversa";"dia_semana";"horario";"uf";"br";"km";"municipio";"causa_acidente";"tipo_acidente";"classificacao_acidente";"fase_dia";"sentido_via";"condicao_metereologica";"tipo_pista";"tracado_via";"uso_solo";"pessoas";"mortos";"feridos_leves";"feridos_graves";"ilesos";"ignorados";"feridos";"veiculos";"latitude";"longitude";"regional";"delegacia";"uop"
757138;2026-03-09;"segunda-feira";"07:15:00";"RO";425;127;"GUAJARA-MIRIM";"Ingestão de álcool pelo condutor";"Colisão lateral sentido oposto";"Com Vítimas Feridas";"Pleno dia";"Crescente";"Céu Claro";"Dupla";"Reta";"Sim";2;0;1;0;1;0;1;2;-10,77435059;-65,32676864;"SPRF-RO";"DEL01-RO";"UOP03-DEL01-RO"
757139;2026-03-09;"segunda-feira";"09:05:00";"PB";101;73;"SANTA RITA";"Ingestão de álcool pelo condutor";"Queda de ocupante de veículo";"Com Vítimas Feridas";"Pleno dia";"Crescente";"Céu Claro";"Dupla";"Reta";"Não";2;0;2;0;0;0;2;1;-7,0810747;-34,9843013;"SPRF-PB";"DEL01-PB";"UOP03-DEL01-PB"
757140;2026-03-09;"segunda-feira";"07:45:00";"PR";369;33;"CAMBARA";"Chuva";"Saída de leito carroçável";"Com Vítimas Feridas";"Pleno dia";"Crescente";"Garoa/Chuvisco";"Simples";"Curva";"Não";1;0;1;0;0;0;1;1;-23,0310266;-50,2064736;"SPRF-PR";"DEL07-PR";"UOP05-DEL07-PR"
757142;2026-03-05;"quinta-feira";"19:50:00";"RJ";116;169;"RIO DE JANEIRO";"Demais falhas mecânicas ou elétricas";"Queda de ocupante de veículo";"Com Vítimas Feridas";"Plena Noite";"Decrescente";"Nublado";"Dupla";"Reta";"Não";2;0;2;0;0;0;2;1;-22,814498;-43,328034;"SPRF-RJ";"DEL06-RJ";"UOP01-DEL06-RJ"
757143;2026-03-09;"segunda-feira";"09:35:00";"SP";153;300;"CAMPOS NOVOS PAULISTA";"Objeto estático sobre o leito carroçável";"Colisão com objeto";"Com Vítimas Feridas";"Pleno dia";"Crescente";"Chuva";"Simples";"Reta;Aclive";"Não";1;0;0;1;0;0;1;1;-22,584943;-49,8896;"SPRF-SP";"DEL07-SP";"UOP03-DEL07-SP"
757144;2026-03-09;"segunda-feira";"07:36:00";"ES";101;65;"SAO MATEUS";"Manobra de mudança de faixa";"Colisão lateral mesmo sentido";"Com Vítimas Feridas";"Pleno dia";"Crescente";"Céu Claro";"Múltipla";"Interseção de Vias";"Sim";3;0;1;0;1;1;1;3;-18,6489465;-39,87344475;"SPRF-ES";"DEL04-ES";"UOP02-DEL04-ES"
757145;2026-03-09;"segunda-feira";"10:30:00";"DF";60;9;"BRASILIA";"Manobra de mudança de faixa";"Colisão lateral mesmo sentido";"Com Vítimas Feridas";"Pleno dia";"Crescente";"Céu Claro";"Dupla";"Reta";"Não";3;0;1;0;1;1;1;3;-15,908305;-48,146072;"SPRF-DF";"DEL03-DF";"UOP01-DEL03-DF"
757146;2026-03-09;"segunda-feira";"09:00:00";"SC";101;96;"BARRA VELHA";"Ausência de reação do condutor";"Saída de leito carroçável";"Com Vítimas Feridas";"Pleno dia";"Crescente";"Chuva";"Múltipla";"Reta";"Não";2;0;1;0;1;0;1;1;-26,72068988;-48,70185345;"SPRF-SC";"DEL03-SC";"UOP02-DEL03-SC"
757147;2026-02-25;"quarta-feira";"16:09:00";"ES";101;90;"JAGUARE";"Desrespeitar a preferência no cruzamento";"Atropelamento de Pedestre";"Com Vítimas Feridas";"Pleno dia";"Decrescente";"Nublado";"Simples";"Reta;Interseção de Vias";"Sim";2;0;1;0;0;1;1;2;-18,9343088;-39,97340863;"SPRF-ES";"DEL04-ES";"UOP02-DEL04-ES"
757150;2026-03-09;"segunda-feira";"10:40:00";"DF";40;0,7;"BRASILIA";"Reação tardia ou ineficiente do condutor";"Colisão traseira";"Sem Vítimas";"Pleno dia";"Decrescente";"Céu Claro";"Simples";"Reta";"Sim";2;0;0;0;2;0;0;2;-15,98266966;-47,98836955;"SPRF-DF";"DEL01-DF";"UOP01-DEL01-DF"
757153;2026-03-09;"segunda-feira";"07:40:00";"BA";101;55;"ENTRE RIOS";"Ausência de reação do condutor";"Saída de leito carroçável";"Com Vítimas Feridas";"Pleno dia";"Crescente";"Céu Claro";"Dupla";"Curva";"Não";4;0;2;0;2;0;2;1;-11,91159033;-38,04554835;"SPRF-BA";"DEL01-BA";"UOP04-DEL01-BA"
757156;2026-03-09;"segunda-feira";"11:00:00";"SP";116;210,2;"GUARULHOS";"Reação tardia ou ineficiente do condutor";"Tombamento";"Com Vítimas Feridas";"Pleno dia";"Decrescente";"Garoa/Chuvisco";"Múltipla";"Reta;Declive;Interseção de Vias";"Sim";1;0;1;0;0;0;1;1;-23,42972561;-46,41306851;"SPRF-SP";"DEL01-SP";"UOP01-DEL01-SP"
757158;2026-02-04;"quarta-feira";"22:46:00";"AL";316;89,1;"SANTANA DO IPANEMA";"Entrada inopinada do pedestre";"Atropelamento de Pedestre";"Com Vítimas Feridas";"Plena Noite";"Decrescente";"Céu Claro";"Simples";"Declive;Reta";"Não";5;0;0;1;4;0;1;2;-9,389103;-37,214452;"SPRF-AL";"DEL03-AL";"UOP02-DEL03-AL"
757159;2026-02-22;"domingo";"14:54:00";"RJ";101;211;"CASIMIRO DE ABREU";"Chuva";"Colisão com objeto";"Com Vítimas Feridas";"Pleno dia";"Decrescente";"Ignorado";"Dupla";"Curva";"Não";2;0;1;0;1;0;1;1;-22,48167;-42,247046;"SPRF-RJ";"DEL08-RJ";"UOP04-DEL08-RJ"
757160;2026-03-09;"segunda-feira";"11:30:00";"SP";101;44;"UBATUBA";"Conversão proibida";"Colisão transversal";"Com Vítimas Feridas";"Pleno dia";"Decrescente";"Garoa/Chuvisco";"Simples";"Interseção de Vias;Reta";"Sim";2;0;1;0;1;0;1;2;-23,42088766;-45,07080529;"SPRF-SP";"DEL06-SP";"UOP01-DEL06-SP"
757162;2026-03-09;"segunda-feira";"11:40:00";"RN";101;109,9;"PARNAMIRIM";"Condutor deixou de manter distância do veículo da frente";"Colisão traseira";"Com Vítimas Feridas";"Pleno dia";"Crescente";"Nublado";"Dupla";"Reta";"Sim";1;0;0;1;0;0;1;1;-5,9306539;-35,2648612;"SPRF-RN";"DEL01-RN";"UOP01-DEL01-RN"
757163;2026-03-09;"segunda-feira";"10:45:00";"RJ";101;262;"RIO BONITO";"Pista Escorregadia";"Engavetamento";"Com Vítimas Feridas";"Pleno dia";"Crescente";"Chuva";"Dupla";"Curva";"Não";3;0;1;0;2;0;1;3;-22,71501395;-42,62156725;"SPRF-RJ";"DEL02-RJ";"UOP03-DEL02-RJ"
757165;2026-03-09;"segunda-feira";"12:00:00";"SC";101;121;"ITAJAI";"Ausência de reação do condutor";"Tombamento";"Com Vítimas Feridas";"Pleno dia";"Crescente";"Nublado";"Simples";"Curva;Viaduto";"Sim";1;0;1;0;0;0;1;1;-26,91926343;-48,71063232;"SPRF-SC";"DEL04-SC";"UOP04-DEL04-SC"
757166;2026-03-09;"segunda-feira";"09:46:00";"AC";364;155;"BUJARI";"Acessar a via sem observar a presença dos outros veículos";"Colisão transversal";"Sem Vítimas";"Pleno dia";"Decrescente";"Céu Claro";"Simples";"Reta";"Não";2;0;0;0;2;0;0;2;-9,83602426;-67,94494126;"SPRF-AC";"DEL01-AC";"UOP01-DEL01-AC"
757168;2026-03-09;"segunda-feira";"12:00:00";"SP";381;42,5;"ATIBAIA";"Velocidade Incompatível";"Colisão com objeto";"Com Vítimas Fatais";"Pleno dia";"Decrescente";"Chuva";"Dupla";"Reta;Viaduto";"Sim";2;1;0;1;0;0;1;1;-23,12394299;-46,57608406;"SPRF-SP";"DEL03-SP";"UOP01-DEL03-SP"
757170;2026-03-09;"segunda-feira";"06:30:00";"RS";287;363;"JAGUARI";"Condutor Dormindo";"Colisão frontal";"Com Vítimas Fatais";"Amanhecer";"Decrescente";"Nublado";"Simples";"Curva;Aclive";"Não";7;4;0;3;0;0;3;3;-29,43424035;-54,72609437;"SPRF-RS";"DEL12-RS";"UOP02-DEL12-RS"
757172;2026-03-09;"segunda-feira";"13:19:00";"SC";101;331;"TUBARAO";"Acessar a via sem observar a presença dos outros veículos";"Colisão transversal";"Sem Vítimas";"Pleno dia";"Crescente";"Céu Claro";"Dupla";"Rotatória;Interseção de Vias";"Sim";2;0;0;0;2;0;0;2;-28,46594582;-48,99530824;"SPRF-SC";"DEL02-SC";"UOP01-DEL02-SC"
757174;2026-03-09;"segunda-feira";"13:00:00";"BA";415;52,3;"ITABUNA";"Acesso irregular";"Colisão lateral mesmo sentido";"Com Vítimas Feridas";"Pleno dia";"Crescente";"Sol";"Simples";"Reta";"Sim";2;0;1;0;1;0;1;2;-14,841617;-39,331043;"SPRF-BA";"DEL05-BA";"UOP01-DEL05-BA"
757176;2026-03-09;"segunda-feira";"13:30:00";"PR";376;653;"TIJUCAS DO SUL";"Reação tardia ou ineficiente do condutor";"Saída de leito carroçável";"Com Vítimas Feridas";"Pleno dia";"Decrescente";"Garoa/Chuvisco";"Dupla";"Declive;Curva";"Não";2;0;1;0;1;0;1;1;-25,842055;-49,049415;"SPRF-PR";"DEL01-PR";"UOP04-DEL01-PR"
757178;2026-03-09;"segunda-feira";"12:50:00";"PR";369;209;"APUCARANA";"Reação tardia ou ineficiente do condutor";"Tombamento";"Com Vítimas Feridas";"Pleno dia";"Decrescente";"Nublado";"Simples";"Declive";"Sim";1;0;1;0;0;0;1;1;-23,56375111;-51,49340272;"SPRF-PR";"DEL07-PR";"UOP03-DEL07-PR"
757179;2026-02-13;"sexta-feira";"07:40:00";"GO";60;454;"JATAI";"Reação tardia ou ineficiente do condutor";"Saída de leito carroçável";"Sem Vítimas";"Pleno dia";"Crescente";"Chuva";"Dupla";"Curva";"Não";3;0;0;0;2;1;0;1;-17,864739;-51,567528;"SPRF-GO";"DEL05-GO";"UOP01-DEL05-GO"
757182;2026-03-09;"segunda-feira";"14:00:00";"MG";40;671;"CARANDAI";"Conversão proibida";"Colisão transversal";"Com Vítimas Feridas";"Pleno dia";"Decrescente";"Céu Claro";"Simples";"Reta";"Não";4;0;1;0;3;0;1;2;-20,970603;-43,784814;"SPRF-MG";"DEL05-MG";"UOP02-DEL05-MG"
757183;2026-03-09;"segunda-feira";"12:15:00";"MA";10;252,4;"IMPERATRIZ";"Ingestão de álcool pelo condutor";"Colisão traseira";"Sem Vítimas";"Pleno dia";"Crescente";"Céu Claro";"Múltipla";"Reta;Retorno Regulamentado;Interseção de Vias";"Sim";2;0;0;0;2;0;0;2;-5,5267534;-47,4714984;"SPRF-MA";"DEL04-MA";"UOP01-DEL04-MA"
757184;2026-03-09;"segunda-feira";"12:20:00";"RS";158;270;"JULIO DE CASTILHOS";"Demais falhas mecânicas ou elétricas";"Incêndio";"Com Vítimas Feridas";"Pleno dia";"Decrescente";"Céu Claro";"Simples";"Reta";"Não";1;0;1;0;0;0;1;1;-29,294004;-53,668484;"SPRF-RS";"DEL09-RS";"UOP01-DEL09-RS"
757185;2026-03-09;"segunda-feira";"13:50:00";"PR";376;432,5;"TIBAGI";"Velocidade Incompatível";"Tombamento";"Com Vítimas Feridas";"Pleno dia";"Crescente";"Chuva";"Dupla";"Curva";"Não";2;0;0;2;0;0;2;1;-24,797961;-50,494303;"SPRF-PR";"DEL03-PR";"UOP02-DEL03-PR"
757186;2026-03-09;"segunda-feira";"15:45:00";"SC";101;117;"ITAJAI";"Acumulo de óleo sobre o pavimento";"Queda de ocupante de veículo";"Com Vítimas Feridas";"Pleno dia";"Decrescente";"Céu Claro";"Dupla";"Reta";"Não";2;0;2;0;0;0;2;1;-26,96450662;-48,68231893;"SPRF-SC";"DEL04-SC";"UOP04-DEL04-SC"
757187;2026-03-09;"segunda-feira";"14:19:00";"SP";116;79,8;"ROSEIRA";"Ausência de reação do condutor";"Queda de ocupante de veículo";"Com Vítimas Feridas";"Pleno dia";"Decrescente";"Céu Claro";"Dupla";"Reta";"Não";1;0;1;0;0;0;1;1;-22,89736694;-45,29800415;"SPRF-SP";"DEL08-SP";"UOP01-DEL08-SP"
757188;2026-03-09;"segunda-feira";"10:45:00";"BA";324;560;"AMELIA RODRIGUES";"Acessar a via sem observar a presença dos outros veículos";"Colisão traseira";"Com Vítimas Feridas";"Pleno dia";"Crescente";"Céu Claro";"Dupla";"Retorno Regulamentado;Reta";"Não";4;0;3;0;1;0;3;2;-12,4993304;-38,64443946;"SPRF-BA";"DEL01-BA";"UOP01-DEL01-BA"
757189;2026-03-09;"segunda-feira";"14:20:00";"PR";116;22;"ANTONINA";"Chuva";"Saída de leito carroçável";"Com Vítimas Feridas";"Pleno dia";"Crescente";"Chuva";"Dupla";"Curva";"Não";4;0;2;0;2;0;2;1;-25,11136161;-48,75053152;"SPRF-PR";"DEL01-PR";"UOP02-DEL01-PR"
757194;2026-03-09;"segunda-feira";"11:50:00";"MT";364;1,1;"ALTO ARAGUAIA";"Desrespeitar a preferência no cruzamento";"Colisão transversal";"Com Vítimas Feridas";"Pleno dia";"Crescente";"Céu Claro";"Dupla";"Reta;Interseção de Vias";"Sim";2;0;1;1;0;0;2;2;-17,31119847;-53,21919948;"SPRF-MT";"DEL02-MT";"UOP02-DEL02-MT"
757195;2026-03-09;"segunda-feira";"13:30:00";"GO";60;288;"CEZARINA";"Chuva";"Saída de leito carroçável";"Com Vítimas Feridas";"Pleno dia";"Crescente";"Chuva";"Dupla";"Reta;Aclive";"Não";2;0;1;1;0;0;2;1;-17,054517;-49,791528;"SPRF-GO";"DEL04-GO";"UOP02-DEL04-GO"
757197;2026-03-09;"segunda-feira";"15:00:00";"DF";70;6,4;"BRASILIA";"Trafegar com motocicleta (ou similar) entre as faixas";"Colisão traseira";"Com Vítimas Feridas";"Pleno dia";"Crescente";"Céu Claro";"Dupla";"Reta;Aclive";"Sim";3;0;1;0;2;0;1;3;-15,78736051;-48,11511433;"SPRF-DF";"DEL03-DF";"UOP02-DEL03-DF"
757201;2026-02-26;"quinta-feira";"17:20:00";"PR";369;151,2;"LONDRINA";"Acessar a via sem observar a presença dos outros veículos";"Atropelamento de Pedestre";"Com Vítimas Feridas";"Pleno dia";"Crescente";"Nublado";"Dupla";"Reta";"Sim";1;0;0;1;0;0;1;1;-23,29275363;-51,17719023;"SPRF-PR";"DEL07-PR";"UOP01-DEL07-PR"
757202;2026-03-09;"segunda-feira";"13:30:00";"MG";40;508,8;"RIBEIRAO DAS NEVES";"Acumulo de água sobre o pavimento";"Saída de leito carroçável";"Sem Vítimas";"Pleno dia";"Decrescente";"Chuva";"Dupla";"Curva";"Não";1;0;0;0;1;0;0;1;-19,764153;-44,130518;"SPRF-MG";"DEL01-MG";"UOP02-DEL01-MG"
757203;2026-03-09;"segunda-feira";"15:30:00";"MG";381;486;"BETIM";"Ausência de reação do condutor";"Colisão com objeto";"Sem Vítimas";"Pleno dia";"Crescente";"Céu Claro";"Múltipla";"Reta";"Sim";3;0;0;0;3;0;0;1;-19,95597444;-44,10731471;"SPRF-MG";"DEL01-MG";"UOP03-DEL01-MG"
757204;2026-03-09;"segunda-feira";"14:15:00";"CE";222;206;"FORQUILHA";"Chuva";"Saída de leito carroçável";"Com Vítimas Feridas";"Pleno dia";"Decrescente";"Chuva";"Simples";"Curva";"Não";1;0;1;0;0;0;1;1;-3,784691;-40,240336;"SPRF-CE";"DEL04-CE";"UOP01-DEL04-CE"
757205;2026-03-09;"segunda-feira";"14:30:00";"CE";222;206,1;"FORQUILHA";"Reação tardia ou ineficiente do condutor";"Saída de leito carroçável";"Sem Vítimas";"Pleno dia";"Crescente";"Chuva";"Simples";"Curva";"Não";3;0;0;0;3;0;0;3;-3,784691;-40,240336;"SPRF-CE";"DEL04-CE";"UOP01-DEL04-CE"
757206;2026-03-09;"segunda-feira";"14:50:00";"SC";116;180,4;"SAO CRISTOVAO DO SUL";"Conversão proibida";"Colisão frontal";"Com Vítimas Feridas";"Pleno dia";"Crescente";"Nublado";"Simples";"Reta";"Sim";2;0;1;0;1;0;1;2;-27,27102803;-50,44092385;"SPRF-SC";"DEL05-SC";"UOP03-DEL05-SC"
757207;2026-02-19;"quinta-feira";"16:00:00";"AM";174;954;"MANAUS";"Condutor Dormindo";"Tombamento";"Com Vítimas Feridas";"Pleno dia";"Decrescente";"Nublado";"Simples";"Reta";"Não";3;0;2;0;0;1;2;2;-2,339507;-60,045942;"SPRF-AM";"DEL01-AM";"UOP01-DEL01-AM"
757208;2026-01-05;"segunda-feira";"09:21:00";"PB";230;21,8;"JOAO PESSOA";"Condutor deixou de manter distância do veículo da frente";"Colisão traseira";"Com Vítimas Feridas";"Pleno dia";"Decrescente";"Céu Claro";"Dupla";"Reta";"Sim";5;0;1;0;4;0;1;5;-7,15058344;-34,8523643;"SPRF-PB";"DEL01-PB";"UOP01-DEL01-PB"
757209;2026-03-09;"segunda-feira";"14:50:00";"PA";10;218;"IPIXUNA DO PARA";"Avarias e/ou desgaste excessivo no pneu";"Saída de leito carroçável";"Com Vítimas Feridas";"Pleno dia";"Crescente";"Sol";"Simples";"Curva;Aclive";"Não";1;0;0;1;0;0;1;1;-2,519526;-47,50639738;"SPRF-PA";"DEL02-PA";"UOP01-DEL02-PA"
757210;2026-03-02;"segunda-feira";"00:20:00";"RJ";101;313;"SAO GONCALO";"Reação tardia ou ineficiente do condutor";"Colisão traseira";"Com Vítimas Feridas";"Plena Noite";"Crescente";"Céu Claro";"Simples";"Reta";"Sim";2;0;0;1;1;0;1;2;-22,81227848;-43,07249437;"SPRF-RJ";"DEL02-RJ";"UOP02-DEL02-RJ"
757212;2026-03-09;"segunda-feira";"15:00:00";"RS";116;249;"SAO LEOPOLDO";"Reação tardia ou ineficiente do condutor";"Colisão traseira";"Com Vítimas Feridas";"Pleno dia";"Crescente";"Garoa/Chuvisco";"Múltipla";"Em Obras;Reta";"Sim";2;0;0;1;1;0;1;2;-29,78330469;-51,16139738;"SPRF-RS";"DEL01-RS";"UOP02-DEL01-RS"
757213;2026-03-09;"segunda-feira";"13:40:00";"CE";116;476,1;"MILAGRES";"Acessar a via sem observar a presença dos outros veículos";"Tombamento";"Com Vítimas Feridas";"Pleno dia";"Crescente";"Sol";"Simples";"Interseção de Vias;Reta";"Sim";1;0;0;1;0;0;1;1;-7,30069517;-38,88810396;"SPRF-CE";"DEL05-CE";"UOP03-DEL05-CE"
757214;2026-02-12;"quinta-feira";"06:40:00";"PR";116;116,5;"CURITIBA";"Trafegar com motocicleta (ou similar) entre as faixas";"Colisão lateral mesmo sentido";"Com Vítimas Feridas";"Amanhecer";"Decrescente";"Nublado";"Dupla";"Reta";"Sim";2;0;1;0;0;1;1;2;-25,556992;-49,306202;"SPRF-PR";"DEL01-PR";"UOP03-DEL01-PR"
757216;2026-02-07;"sábado";"10:30:00";"GO";70;21;"COCALZINHO DE GOIAS";"Conversão proibida";"Colisão lateral mesmo sentido";"Com Vítimas Feridas";"Pleno dia";"Crescente";"Chuva";"Simples";"Curva;Interseção de Vias";"Sim";2;0;1;0;1;0;1;2;-15,74877163;-48,4117105;"SPRF-DF";"DEL03-DF";"UOP02-DEL03-DF"
757218;2026-03-09;"segunda-feira";"16:45:00";"PE";232;9;"JABOATAO DOS GUARARAPES";"Acessar a via sem observar a presença dos outros veículos";"Colisão lateral mesmo sentido";"Com Vítimas Feridas";"Anoitecer";"Crescente";"Céu Claro";"Dupla";"Interseção de Vias";"Sim";2;0;1;0;1;0;1;2;-8,0779;-34,98043;"SPRF-PE";"DEL01-PE";"UOP01-DEL01-PE"
757219;2026-03-09;"segunda-feira";"15:20:00";"MT";158;766;"BARRA DO GARCAS";"Demais falhas mecânicas ou elétricas";"Queda de ocupante de veículo";"Com Vítimas Feridas";"Pleno dia";"Crescente";"Chuva";"Simples";"Reta";"Não";2;0;1;0;0;1;1;1;-15,64759258;-52,20861733;"SPRF-MT";"DEL07-MT";"UOP01-DEL07-MT"
757224;2026-03-09;"segunda-feira";"14:23:00";"RJ";40;96;"DUQUE DE CAXIAS";"Pista Escorregadia";"Colisão com objeto";"Com Vítimas Feridas";"Pleno dia";"Crescente";"Chuva";"Dupla";"Curva";"Sim";2;0;1;0;1;0;1;1;-22,57189727;-43,28044502;"SPRF-RJ";"DEL01-RJ";"UOP01-DEL01-RJ"
757225;2026-03-09;"segunda-feira";"17:20:00";"CE";116;17;"EUSEBIO";"Condutor deixou de manter distância do veículo da frente";"Colisão traseira";"Com Vítimas Feridas";"Anoitecer";"Decrescente";"Céu Claro";"Dupla";"Reta";"Sim";2;0;1;0;1;0;1;2;-3,902508;-38,504353;"SPRF-CE";"DEL01-CE";"UOP02-DEL01-CE"
757226;2026-03-09;"segunda-feira";"17:00:00";"RJ";116;183;"NOVA IGUACU";"Reação tardia ou ineficiente do condutor";"Colisão traseira";"Com Vítimas Feridas";"Pleno dia";"Crescente";"Céu Claro";"Múltipla";"Reta";"Sim";3;0;2;0;1;0;2;2;-22,75522518;-43,43322365;"SPRF-RJ";"DEL06-RJ";"UOP01-DEL06-RJ"
757229;2026-03-09;"segunda-feira";"16:55:00";"SC";101;136;"BALNEARIO CAMBORIU";"Pedestre andava na pista";"Atropelamento de Pedestre";"Com Vítimas Feridas";"Pleno dia";"Decrescente";"Nublado";"Dupla";"Curva";"Sim";2;0;1;0;1;0;1;2;-27,00844197;-48,61659257;"SPRF-SC";"DEL04-SC";"UOP03-DEL04-SC"
757230;2026-03-09;"segunda-feira";"09:45:00";"RR";174;608;"AMAJARI";"Avarias e/ou desgaste excessivo no pneu";"Saída de leito carroçável";"Com Vítimas Feridas";"Pleno dia";"Crescente";"Céu Claro";"Simples";"Reta";"Não";5;0;4;1;0;0;5;1;3,701676;-60,988662;"SPRF-RR";"DEL01-RR";"UOP03-DEL01-RR"
757231;2026-03-09;"segunda-feira";"17:20:00";"PA";316;52,5;"CASTANHAL";"Reação tardia ou ineficiente do condutor";"Saída de leito carroçável";"Com Vítimas Feridas";"Pleno dia";"Decrescente";"Céu Claro";"Dupla";"Reta";"Não";2;0;1;0;1;0;1;1;-1,306528;-48,020403;"SPRF-PA";"DEL01-PA";"UOP01-DEL01-PA"
757232;2026-03-09;"segunda-feira";"17:17:00";"RS";116;149;"CAXIAS DO SUL";"Acessar a via sem observar a presença dos outros veículos";"Atropelamento de Pedestre";"Com Vítimas Feridas";"Pleno dia";"Crescente";"Céu Claro";"Dupla";"Curva";"Sim";2;0;2;0;0;0;2;2;-29,1628351;-51,1578852;"SPRF-RS";"DEL05-RS";"UOP01-DEL05-RS"
757233;2026-03-09;"segunda-feira";"17:45:00";"SC";470;131;"RIO DO SUL";"Acessar a via sem observar a presença dos outros veículos";"Colisão transversal";"Com Vítimas Feridas";"Anoitecer";"Crescente";"Nublado";"Simples";"Reta";"Não";2;0;0;1;1;0;1;2;-27,1731858;-49,58091259;"SPRF-SC";"DEL04-SC";"UOP02-DEL04-SC"
757234;2026-03-09;"segunda-feira";"17:50:00";"RS";392;68,4;"PELOTAS";"Velocidade Incompatível";"Saída de leito carroçável";"Com Vítimas Feridas";"Pleno dia";"Crescente";"Nublado";"Simples";"Curva";"Não";1;0;1;0;0;0;1;1;-31,745203;-52,40362;"SPRF-RS";"DEL07-RS";"UOP01-DEL07-RS"
757235;2026-03-09;"segunda-feira";"17:35:00";"MG";365;781;"ITUIUTABA";"Ausência de reação do condutor";"Saída de leito carroçável";"Sem Vítimas";"Plena Noite";"Crescente";"Garoa/Chuvisco";"Simples";"Reta";"Não";1;0;0;0;1;0;0;1;-18,955801;-49,74504;"SPRF-MG";"DEL15-MG";"UOP03-DEL15-MG"
757236;2026-03-09;"segunda-feira";"17:00:00";"MG";381;696;"LAVRAS";"Chuva";"Capotamento";"Com Vítimas Feridas";"Pleno dia";"Crescente";"Chuva";"Dupla";"Reta";"Não";1;0;1;0;0;0;1;1;-21,190664;-45,116437;"SPRF-MG";"DEL04-MG";"UOP02-DEL04-MG"
757237;2026-03-02;"segunda-feira";"21:15:00";"RJ";101;312;"SAO GONCALO";"Demais falhas mecânicas ou elétricas";"Queda de ocupante de veículo";"Com Vítimas Feridas";"Plena Noite";"Decrescente";"Céu Claro";"Dupla";"Reta";"Não";1;0;1;0;0;0;1;1;-22,79307;-43,024872;"SPRF-RJ";"DEL02-RJ";"UOP02-DEL02-RJ"
757238;2026-03-09;"segunda-feira";"14:00:00";"SP";116;498;"CAJATI";"Acumulo de água sobre o pavimento";"Saída de leito carroçável";"Sem Vítimas";"Pleno dia";"Crescente";"Chuva";"Múltipla";"Curva";"Não";2;0;0;0;2;0;0;1;-24,78483956;-48,18133442;"SPRF-SP";"DEL05-SP";"UOP02-DEL05-SP"
757239;2026-03-08;"domingo";"15:45:00";"PR";369;82,5;"CORNELIO PROCOPIO";"Manobra de mudança de faixa";"Colisão com objeto";"Com Vítimas Feridas";"Pleno dia";"Crescente";"Sol";"Simples";"Reta";"Não";1;0;1;0;0;0;1;1;-23,150765;-50,598212;"SPRF-PR";"DEL07-PR";"UOP05-DEL07-PR"
757241;2026-03-09;"segunda-feira";"18:10:00";"SC";101;4,8;"ARARANGUA";"Entrada inopinada do pedestre";"Atropelamento de Pedestre";"Com Vítimas Feridas";"Anoitecer";"Decrescente";"Chuva";"Simples";"Reta";"Sim";2;0;1;0;0;1;1;2;-28,95684064;-49,51278448;"SPRF-SC";"DEL02-SC";"UOP02-DEL02-SC"
757242;2026-03-09;"segunda-feira";"17:15:00";"AL";316;259;"PILAR";"Acessar a via sem observar a presença dos outros veículos";"Colisão transversal";"Com Vítimas Feridas";"Anoitecer";"Crescente";"Céu Claro";"Simples";"Rotatória";"Não";2;0;0;1;1;0;1;2;-9,59172117;-35,91138349;"SPRF-AL";"DEL02-AL";"UOP01-DEL02-AL"
757243;2026-03-09;"segunda-feira";"16:50:00";"MT";70;284;"PRIMAVERA DO LESTE";"Reação tardia ou ineficiente do condutor";"Colisão traseira";"Com Vítimas Feridas";"Pleno dia";"Decrescente";"Nublado";"Simples";"Reta";"Sim";3;0;1;0;1;1;1;3;-15,57466546;-54,33617905;"SPRF-MT";"DEL05-MT";"UOP01-DEL05-MT"
757245;2026-03-09;"segunda-feira";"17:10:00";"RJ";116;314;"RESENDE";"Acumulo de água sobre o pavimento";"Colisão com objeto";"Com Vítimas Feridas";"Pleno dia";"Decrescente";"Chuva";"Dupla";"Reta";"Não";1;0;1;0;0;0;1;1;-22,46062936;-44,47345127;"SPRF-RJ";"DEL07-RJ";"UOP02-DEL07-RJ"
757246;2026-03-09;"segunda-feira";"16:05:00";"PA";230;113;"MARABA";"Condutor deixou de manter distância do veículo da frente";"Colisão traseira";"Com Vítimas Feridas";"Pleno dia";"Crescente";"Céu Claro";"Simples";"Aclive";"Sim";5;0;1;0;4;0;1;3;-5,365023;-49,065305;"SPRF-PA";"DEL03-PA";"UOP01-DEL03-PA"
757247;2026-03-09;"segunda-feira";"18:15:00";"SC";101;148;"ITAPEMA";"Ultrapassagem Indevida";"Colisão lateral mesmo sentido";"Com Vítimas Feridas";"Anoitecer";"Decrescente";"Nublado";"Dupla";"Reta";"Sim";3;0;2;0;1;0;2;2;-27,10236558;-48,61548364;"SPRF-SC";"DEL04-SC";"UOP03-DEL04-SC"
757248;2026-03-09;"segunda-feira";"17:52:00";"SC";101;62,4;"ARAQUARI";"Ausência de reação do condutor";"Tombamento";"Com Vítimas Feridas";"Anoitecer";"Decrescente";"Chuva";"Dupla";"Reta;Interseção de Vias";"Não";1;0;1;0;0;0;1;1;-26,45617999;-48,76264421;"SPRF-SC";"DEL03-SC";"UOP02-DEL03-SC"