"id";"data_inversa";"dia_semana";"horario";"uf";"br";"km";"municipio";"causa_acidente";"tipo_acidente";"classificacao_acidente";"fase_dia";"sentido_via";"condicao_metereologica";"tipo_pista";"tracado_via";"uso_solo";"pessoas";"mortos";"feridos_leves";"feridos_graves";"ilesos";"ignorados";"feridos";"veiculos";"latitude";"longitude";"regional";"delegacia";"uop"
757999;2026-03-13;"sexta-feira";"07:15:00";"MG";381;533,5;"ITATIAIUCU";"Ausência de reação do condutor";"Saída de leito carroçável";"Com Vítimas Feridas";"Pleno dia";"Crescente";"Chuva";"Dupla";"Curva;Declive";"Não";1;0;1;0;0;0;1;1;-20,17401;-44,375755;"SPRF-MG";"DEL04-MG";"UOP03-DEL04-MG"
758000;2026-03-13;"sexta-feira";"08:45:00";"GO";153;502,4;"GOIANIA";"Condutor deixou de manter distância do veículo da frente";"Colisão traseira";"Sem Vítimas";"Pleno dia";"Crescente";"Sol";"Múltipla";"Interseção de Vias;Reta";"Sim";2;0;0;0;2;0;0;2;-16,71853382;-49,23793757;"SPRF-GO";"DEL01-GO";"UOP01-DEL01-GO"
758001;2026-03-13;"sexta-feira";"07:50:00";"RJ";116;173;"SAO JOAO DE MERITI";"Pista Escorregadia";"Queda de ocupante de veículo";"Com Vítimas Feridas";"Pleno dia";"Decrescente";"Garoa/Chuvisco";"Múltipla";"Reta";"Sim";1;0;1;0;0;0;1;1;-22,7922;-43,367667;"SPRF-RJ";"DEL06-RJ";"UOP01-DEL06-RJ"
758002;2026-03-13;"sexta-feira";"09:00:00";"BA";367;53;"PORTO SEGURO";"Demais falhas mecânicas ou elétricas";"Queda de ocupante de veículo";"Com Vítimas Feridas";"Pleno dia";"Decrescente";"Céu Claro";"Simples";"Reta";"Não";2;0;2;0;0;0;2;1;-16,3925529;-39,3911177;"SPRF-BA";"DEL09-BA";"UOP03-DEL09-BA"
758005;2026-03-13;"sexta-feira";"07:20:00";"RN";101;78;"NATAL";"Animais na Pista";"Queda de ocupante de veículo";"Com Vítimas Feridas";"Pleno dia";"Decrescente";"Céu Claro";"Dupla";"Reta";"Sim";1;0;1;0;0;0;1;1;-5,74224225;-35,2900064;"SPRF-RN";"DEL02-RN";"UOP01-DEL02-RN"
758006;2026-03-13;"sexta-feira";"08:56:00";"RN";304;47,4;"MOSSORO";"Acessar a via sem observar a presença dos outros veículos";"Colisão traseira";"Com Vítimas Feridas";"Pleno dia";"Decrescente";"Céu Claro";"Dupla";"Reta";"Sim";2;0;0;1;1;0;1;2;-5,226052;-37,326205;"SPRF-RN";"DEL04-RN";"UOP01-DEL04-RN"
758007;2026-03-13;"sexta-feira";"09:00:00";"RJ";393;104;"CARMO";"Ausência de reação do condutor";"Colisão transversal";"Com Vítimas Feridas";"Pleno dia";"Decrescente";"Nublado";"Simples";"Curva";"Não";2;0;1;0;1;0;1;2;-21,87745894;-42,66824532;"SPRF-RJ";"DEL05-RJ";"UOP01-DEL05-RJ"
758009;2026-03-13;"sexta-feira";"07:40:00";"MA";135;3;"SAO LUIS";"Ausência de reação do condutor";"Colisão traseira";"Sem Vítimas";"Pleno dia";"Crescente";"Céu Claro";"Dupla";"Reta";"Sim";3;0;0;0;3;0;0;3;-2,647318;-44,277436;"SPRF-MA";"DEL01-MA";"UOP01-DEL01-MA"
758010;2026-03-13;"sexta-feira";"08:20:00";"RJ";116;186;"NOVA IGUACU";"Reação tardia ou ineficiente do condutor";"Tombamento";"Com Vítimas Feridas";"Pleno dia";"Decrescente";"Céu Claro";"Dupla";"Reta";"Sim";2;0;1;0;1;0;1;1;-22,73881527;-43,47296819;"SPRF-RJ";"DEL06-RJ";"UOP01-DEL06-RJ"
758013;2026-03-13;"sexta-feira";"09:40:00";"RS";116;312;"GUAIBA";"Ausência de reação do condutor";"Colisão com objeto";"Com Vítimas Feridas";"Pleno dia";"Crescente";"Céu Claro";"Dupla";"Reta";"Não";2;0;1;0;1;0;1;2;-30,20982807;-51,40228271;"SPRF-RS";"DEL02-RS";"UOP01-DEL02-RS"
758014;2026-03-13;"sexta-feira";"10:00:00";"PR";116;112,9;"CURITIBA";"Manobra de mudança de faixa";"Tombamento";"Com Vítimas Feridas";"Pleno dia";"Crescente";"Nublado";"Dupla";"Reta";"Não";2;0;1;0;0;1;1;2;-25,549979;-49,282421;"SPRF-PR";"DEL01-PR";"UOP03-DEL01-PR"
758016;2026-03-13;"sexta-feira";"10:00:00";"ES";101;70;"SAO MATEUS";"Avarias e/ou desgaste excessivo no pneu";"Queda de ocupante de veículo";"Com Vítimas Feridas";"Pleno dia";"Crescente";"Céu Claro";"Simples";"Reta";"Não";1;0;1;0;0;0;1;1;-18,750274;-39,8614776;"SPRF-ES";"DEL04-ES";"UOP02-DEL04-ES"
758019;2026-03-13;"sexta-feira";"10:05:00";"SP";116;157;"JACAREI";"Condutor deixou de manter distância do veículo da frente";"Colisão lateral mesmo sentido";"Com Vítimas Feridas";"Pleno dia";"Crescente";"Garoa/Chuvisco";"Múltipla";"Reta";"Não";2;0;1;0;0;1;1;2;-23,2600058;-45,9492004;"SPRF-SP";"DEL02-SP";"UOP01-DEL02-SP"
758020;2026-03-13;"sexta-feira";"10:10:00";"PE";101;70,3;"RECIFE";"Ausência de reação do condutor";"Queda de ocupante de veículo";"Com Vítimas Feridas";"Pleno dia";"Crescente";"Sol";"Dupla";"Reta";"Sim";2;0;2;0;0;0;2;1;-8,07129;-34,93916;"SPRF-PE";"DEL01-PE";"UOP01-DEL01-PE"
758021;2026-03-13;"sexta-feira";"08:01:00";"MT";70;2,9;"BARRA DO GARCAS";"Ausência de reação do condutor";"Colisão traseira";"Com Vítimas Feridas";"Pleno dia";"Decrescente";"Céu Claro";"Dupla";"Reta";"Não";2;0;1;0;0;1;1;2;-15,881744;-52,277187;"SPRF-MT";"DEL07-MT";"UOP01-DEL07-MT"
758022;2026-03-13;"sexta-feira";"09:00:00";"CE";116;410,4;"BAIXIO";"Reação tardia ou ineficiente do condutor";"Saída de leito carroçável";"Com Vítimas Feridas";"Pleno dia";"Crescente";"Garoa/Chuvisco";"Simples";"Reta";"Não";1;0;1;0;0;0;1;1;-6,6974581;-38,8086431;"SPRF-CE";"DEL05-CE";"UOP01-DEL05-CE"
758023;2026-03-13;"sexta-feira";"07:20:00";"RS";386;251;"SOLEDADE";"Reação tardia ou ineficiente do condutor";"Colisão traseira";"Com Vítimas Feridas";"Pleno dia";"Crescente";"Sol";"Dupla";"Desvio Temporário;Reta;Retorno Regulamentado;Em Obras";"Não";6;0;1;0;5;0;1;2;-28,834732;-52,454417;"SPRF-RS";"DEL04-RS";"UOP03-DEL04-RS"
758024;2026-02-13;"sexta-feira";"13:11:00";"RJ";40;120,8;"DUQUE DE CAXIAS";"Condutor deixou de manter distância do veículo da frente";"Colisão traseira";"Com Vítimas Feridas";"Pleno dia";"Crescente";"Sol";"Múltipla";"Reta";"Sim";3;0;1;0;2;0;1;2;-22,778072;-43,286126;"SPRF-RJ";"DEL01-RJ";"UOP02-DEL01-RJ"
758025;2026-03-13;"sexta-feira";"08:00:00";"RS";480;68,3;"ERECHIM";"Ultrapassagem Indevida";"Colisão frontal";"Com Vítimas Feridas";"Pleno dia";"Decrescente";"Nevoeiro/Neblina";"Simples";"Reta";"Não";7;0;1;5;0;1;6;3;-27,63407538;-52,33810544;"SPRF-RS";"DEL08-RS";"UOP04-DEL08-RS"
758029;2026-03-13;"sexta-feira";"11:00:00";"SP";116;216;"GUARULHOS";"Trafegar com motocicleta (ou similar) entre as faixas";"Colisão lateral mesmo sentido";"Sem Vítimas";"Pleno dia";"Decrescente";"Nublado";"Múltipla";"Reta";"Sim";2;0;0;0;1;1;0;2;-23,4547428;-46,47010803;"SPRF-SP";"DEL01-SP";"UOP01-DEL01-SP"
758031;2026-03-13;"sexta-feira";"11:00:00";"RS";116;263;"CANOAS";"Manobra de mudança de faixa";"Colisão traseira";"Com Vítimas Feridas";"Pleno dia";"Decrescente";"Céu Claro";"Dupla";"Reta;Aclive";"Não";3;0;1;0;1;1;1;3;-29,9181838;-51,1783206;"SPRF-RS";"DEL01-RS";"UOP01-DEL01-RS"
758032;2026-03-13;"sexta-feira";"10:45:00";"PR";376;618,3;"SAO JOSE DOS PINHAIS";"Acessar a via sem observar a presença dos outros veículos";"Colisão traseira";"Com Vítimas Feridas";"Pleno dia";"Crescente";"Céu Claro";"Múltipla";"Aclive";"Sim";3;0;1;0;2;0;1;2;-25,604632;-49,172997;"SPRF-PR";"DEL01-PR";"UOP04-DEL01-PR"
758036;2026-03-13;"sexta-feira";"11:41:00";"CE";116;23;"AQUIRAZ";"Acessar a via sem observar a presença dos outros veículos";"Colisão traseira";"Com Vítimas Feridas";"Pleno dia";"Crescente";"Céu Claro";"Múltipla";"Retorno Regulamentado";"Sim";2;0;1;0;1;0;1;2;-3,954149;-38,512343;"SPRF-CE";"DEL01-CE";"UOP02-DEL01-CE"
758038;2026-03-13;"sexta-feira";"11:40:00";"AL";101;242;"PORTO REAL DO COLEGIO";"Ausência de reação do condutor";"Capotamento";"Com Vítimas Feridas";"Pleno dia";"Crescente";"Céu Claro";"Dupla";"Reta";"Não";4;0;4;0;0;0;4;1;-10,15105643;-36,80831909;"SPRF-AL";"DEL02-AL";"UOP02-DEL02-AL"
758039;2026-03-13;"sexta-feira";"11:40:00";"TO";230;74;"LUZINOPOLIS";"Reação tardia ou ineficiente do condutor";"Colisão frontal";"Com Vítimas Feridas";"Pleno dia";"Crescente";"Céu Claro";"Simples";"Reta;Aclive";"Não";3;0;2;0;1;0;2;2;-6,153748;-47,868215;"SPRF-TO";"DEL02-TO";"UOP03-DEL02-TO"
758041;2026-03-13;"sexta-feira";"12:15:00";"RS";290;724;"URUGUAIANA";"Demais falhas na via";"Tombamento";"Com Vítimas Feridas";"Pleno dia";"Decrescente";"Céu Claro";"Simples";"Reta";"Sim";1;0;1;0;0;0;1;1;-29,74831465;-57,08760945;"SPRF-RS";"DEL13-RS";"UOP01-DEL13-RS"
758044;2026-03-13;"sexta-feira";"12:40:00";"RS";116;262;"CANOAS";"Condutor deixou de manter distância do veículo da frente";"Colisão traseira";"Com Vítimas Feridas";"Pleno dia";"Decrescente";"Céu Claro";"Dupla";"Reta";"Sim";3;0;1;1;1;0;2;2;-29,88741585;-51,17909074;"SPRF-RS";"DEL01-RS";"UOP01-DEL01-RS"
758045;2026-03-13;"sexta-feira";"11:56:00";"MS";163;488;"CAMPO GRANDE";"Velocidade Incompatível";"Colisão com objeto";"Com Vítimas Feridas";"Pleno dia";"Crescente";"Céu Claro";"Simples";"Curva";"Não";1;0;1;0;0;0;1;1;-20,41232296;-54,54964042;"SPRF-MS";"DEL01-MS";"UOP02-DEL01-MS"
758048;2026-03-13;"sexta-feira";"09:55:00";"RO";364;395;"OURO PRETO DO OESTE";"Demais falhas mecânicas ou elétricas";"Tombamento";"Com Vítimas Feridas";"Pleno dia";"Decrescente";"Sol";"Simples";"Reta";"Não";2;0;1;0;1;0;1;1;-10,64440104;-62,3088634;"SPRF-RO";"DEL03-RO";"UOP02-DEL03-RO"
758049;2026-03-02;"segunda-feira";"18:40:00";"AC";364;136;"RIO BRANCO";"Acessar a via sem observar a presença dos outros veículos";"Tombamento";"Com Vítimas Feridas";"Plena Noite";"Crescente";"Céu Claro";"Dupla";"Reta";"Sim";2;0;1;0;0;1;1;2;-9,97599851;-67,84973357;"SPRF-AC";"DEL01-AC";"UOP01-DEL01-AC"
758051;2026-01-04;"domingo";"22:00:00";"RJ";116;197;"QUEIMADOS";"Condutor usando celular";"Colisão traseira";"Sem Vítimas";"Plena Noite";"Crescente";"Garoa/Chuvisco";"Dupla";"Reta";"Não";2;0;0;0;2;0;0;2;-22,7299067;-43,61290164;"SPRF-RJ";"DEL06-RJ";"UOP02-DEL06-RJ"
758052;2026-03-13;"sexta-feira";"12:45:00";"MG";116;414;"GOVERNADOR VALADARES";"Condutor deixou de manter distância do veículo da frente";"Colisão traseira";"Com Vítimas Feridas";"Pleno dia";"Decrescente";"Nublado";"Simples";"Curva;Retorno Regulamentado";"Sim";3;0;1;0;2;0;1;3;-18,884118;-41,948688;"SPRF-MG";"DEL06-MG";"UOP01-DEL06-MG"
758055;2026-03-13;"sexta-feira";"13:55:00";"MG";50;143;"UBERABA";"Reação tardia ou ineficiente do condutor";"Saída de leito carroçável";"Com Vítimas Feridas";"Pleno dia";"Decrescente";"Nublado";"Dupla";"Reta";"Não";1;0;1;0;0;0;1;1;-19,5888059;-48,0287475;"SPRF-MG";"DEL13-MG";"UOP01-DEL13-MG"
758056;2026-03-13;"sexta-feira";"13:55:00";"SC";101;199,9;"SAO JOSE";"Conversão proibida";"Colisão transversal";"Com Vítimas Feridas";"Pleno dia";"Crescente";"Céu Claro";"Múltipla";"Reta";"Sim";3;0;0;2;1;0;2;2;-27,57102002;-48,61363779;"SPRF-SC";"DEL01-SC";"UOP01-DEL01-SC"
758058;2026-03-13;"sexta-feira";"14:20:00";"DF";40;1,2;"BRASILIA";"Demais falhas mecânicas ou elétricas";"Tombamento";"Com Vítimas Feridas";"Pleno dia";"Decrescente";"Céu Claro";"Dupla";"Reta";"Não";2;0;1;0;1;0;1;1;-15,99045;-47,98646;"SPRF-DF";"DEL01-DF";"UOP01-DEL01-DF"
758063;2026-03-13;"sexta-feira";"14:45:00";"RS";285;566;"SAO LUIZ GONZAGA";"Desrespeitar a preferência no cruzamento";"Colisão transversal";"Com Vítimas Feridas";"Pleno dia";"Crescente";"Céu Claro";"Simples";"Interseção de Vias;Rotatória";"Sim";3;0;0;1;2;0;1;2;-28,416925;-54,938419;"SPRF-RS";"DEL10-RS";"UOP01-DEL10-RS"
758064;2026-03-13;"sexta-feira";"11:41:00";"PA";0;0;"SANTAREM";"Pista Escorregadia";"Saída de leito carroçável";"Sem Vítimas";"Pleno dia";"Não Informado";"Chuva";"Simples";"Curva";"Sim";4;0;0;0;4;0;0;2;-2,62082687;-54,73961592;"SPRF-PA";"DEL05-PA";"UOP01-DEL05-PA"
758065;2026-03-13;"sexta-feira";"13:45:00";"RJ";101;311;"SAO GONCALO";"Condutor deixou de manter distância do veículo da frente";"Colisão traseira";"Com Vítimas Feridas";"Pleno dia";"Decrescente";"Céu Claro";"Simples";"Reta";"Sim";2;0;1;0;1;0;1;2;-22,80319017;-43,05765006;"SPRF-RJ";"DEL02-RJ";"UOP02-DEL02-RJ"
758068;2026-03-13;"sexta-feira";"13:00:00";"MS";267;680,8;"PORTO MURTINHO";"Animais na Pista";"Tombamento";"Com Vítimas Fatais";"Pleno dia";"Crescente";"Céu Claro";"Simples";"Reta";"Não";1;1;0;0;0;0;0;1;-21,70086729;-57,85082817;"SPRF-MS";"DEL05-MS";"UOP01-DEL05-MS"
758070;2026-03-13;"sexta-feira";"15:30:00";"RN";304;297;"MACAIBA";"Ausência de reação do condutor";"Colisão traseira";"Com Vítimas Feridas";"Pleno dia";"Decrescente";"Céu Claro";"Dupla";"Reta";"Não";2;0;1;0;1;0;1;2;-5,865109;-35,341409;"SPRF-RN";"DEL01-RN";"UOP02-DEL01-RN"
758071;2026-03-13;"sexta-feira";"15:40:00";"DF";251;59,5;"BRASILIA";"Reação tardia ou ineficiente do condutor";"Saída de leito carroçável";"Sem Vítimas";"Pleno dia";"Decrescente";"Céu Claro";"Simples";"Reta";"Sim";1;0;0;0;1;0;0;1;-15,97466;-47,97868;"SPRF-DF";"DEL01-DF";"UOP01-DEL01-DF"
758072;2026-03-13;"sexta-feira";"15:15:00";"RS";116;325;"BARRA DO RIBEIRO";"Ausência de reação do condutor";"Colisão traseira";"Com Vítimas Feridas";"Pleno dia";"Crescente";"Céu Claro";"Dupla";"Reta";"Não";2;0;0;1;1;0;1;2;-30,329214;-51,422745;"SPRF-RS";"DEL02-RS";"UOP01-DEL02-RS"
758074;2026-03-13;"sexta-feira";"13:40:00";"BA";116;805;"VITORIA DA CONQUISTA";"Acessar a via sem observar a presença dos outros veículos";"Colisão transversal";"Com Vítimas Feridas";"Pleno dia";"Decrescente";"Céu Claro";"Simples";"Reta";"Não";2;0;0;1;1;0;1;2;-14,76851742;-40,71301678;"SPRF-BA";"DEL08-BA";"UOP01-DEL08-BA"
758075;2026-03-13;"sexta-feira";"15:15:00";"PI";343;589,2;"FLORIANO";"Acessar a via sem observar a presença dos outros veículos";"Colisão transversal";"Com Vítimas Feridas";"Pleno dia";"Crescente";"Sol";"Dupla";"Reta";"Sim";2;0;1;0;0;1;1;2;-6,777847;-43,010342;"SPRF-PI";"DEL03-PI";"UOP01-DEL03-PI"
758078;2026-03-10;"terça-feira";"14:50:00";"PE";232;11;"JABOATAO DOS GUARARAPES";"Frear bruscamente";"Colisão traseira";"Sem Vítimas";"Pleno dia";"Decrescente";"Céu Claro";"Dupla";"Reta";"Sim";6;0;0;0;6;0;0;2;-8,085427;-35;"SPRF-PE";"DEL01-PE";"UOP01-DEL01-PE"
758079;2026-03-13;"sexta-feira";"16:10:00";"PB";101;91;"JOAO PESSOA";"Transitar no Acostamento";"Colisão lateral mesmo sentido";"Com Vítimas Feridas";"Pleno dia";"Crescente";"Céu Claro";"Dupla";"Reta";"Sim";2;0;1;0;1;0;1;2;-7,19230011;-34,90442276;"SPRF-PB";"DEL01-PB";"UOP01-DEL01-PB"
758081;2026-03-13;"sexta-feira";"13:50:00";"MT";0;0;"CUIABA";"Reação tardia ou ineficiente do condutor";"Colisão traseira";"Sem Vítimas";"Pleno dia";"Não Informado";"Céu Claro";"Dupla";"Reta";"Sim";2;0;0;0;2;0;0;2;-15,62564;-56,084925;"SPRF-MT";"DEL01-MT";"UOP02-DEL01-MT"
758083;2026-03-13;"sexta-feira";"16:00:00";"SP";116;104;"TAUBATE";"Condutor deixou de manter distância do veículo da frente";"Colisão traseira";"Com Vítimas Feridas";"Pleno dia";"Crescente";"Chuva";"Dupla";"Reta;Aclive";"Sim";4;0;1;0;3;0;1;2;-23,00718664;-45,51403165;"SPRF-SP";"DEL02-SP";"UOP02-DEL02-SP"
758084;2026-03-13;"sexta-feira";"14:45:00";"SP";116;131;"SAO JOSE DOS CAMPOS";"Trafegar com motocicleta (ou similar) entre as faixas";"Tombamento";"Com Vítimas Feridas";"Pleno dia";"Crescente";"Nublado";"Dupla";"Reta";"Não";1;0;1;0;0;0;1;1;-23,14065056;-45,76277582;"SPRF-SP";"DEL02-SP";"UOP02-DEL02-SP"
758085;2026-02-05;"quinta-feira";"17:05:00";"PR";277;692;"SAO MIGUEL DO IGUACU";"Acessar a via sem observar a presença dos outros veículos";"Colisão lateral mesmo sentido";"Com Vítimas Feridas";"Pleno dia";"Decrescente";"Sol";"Dupla";"Retorno Regulamentado;Reta";"Sim";3;0;2;0;1;0;2;2;-25,36018;-54,2488;"SPRF-PR";"DEL05-PR";"UOP01-DEL05-PR"
758086;2026-03-13;"sexta-feira";"16:30:00";"MG";40;553,3;"NOVA LIMA";"Transitar na contramão";"Colisão transversal";"Com Vítimas Feridas";"Pleno dia";"Crescente";"Céu Claro";"Simples";"Interseção de Vias";"Sim";2;0;1;0;1;0;1;2;-20,06509667;-43,98022262;"SPRF-MG";"DEL01-MG";"UOP02-DEL01-MG"
758087;2026-03-13;"sexta-feira";"16:45:00";"PB";101;88;"JOAO PESSOA";"Reação tardia ou ineficiente do condutor";"Colisão lateral mesmo sentido";"Com Vítimas Feridas";"Pleno dia";"Decrescente";"Céu Claro";"Dupla";"Reta";"Sim";2;0;1;0;1;0;1;2;-7,1685406;-34,8972449;"SPRF-PB";"DEL01-PB";"UOP01-DEL01-PB"
758088;2026-03-13;"sexta-feira";"16:00:00";"SC";101;207,4;"SAO JOSE";"Condutor Dormindo";"Saída de leito carroçável";"Com Vítimas Feridas";"Pleno dia";"Decrescente";"Céu Claro";"Múltipla";"Declive;Reta";"Sim";1;0;1;0;0;0;1;1;-27,60172428;-48,62524923;"SPRF-SC";"DEL01-SC";"UOP01-DEL01-SC"
758089;2026-03-13;"sexta-feira";"13:45:00";"RJ";101;306;"SAO GONCALO";"Condutor deixou de manter distância do veículo da frente";"Colisão traseira";"Com Vítimas Feridas";"Pleno dia";"Crescente";"Nublado";"Dupla";"Reta";"Sim";2;0;1;0;1;0;1;2;-22,78948345;-43,00786679;"SPRF-RJ";"DEL02-RJ";"UOP02-DEL02-RJ"
758090;2026-03-13;"sexta-feira";"16:30:00";"ES";101;294,5;"CARIACICA";"Reação tardia ou ineficiente do condutor";"Tombamento";"Com Vítimas Feridas";"Pleno dia";"Crescente";"Nublado";"Dupla";"Declive;Reta";"Sim";1;0;1;0;0;0;1;1;-20,33039;-40,398823;"SPRF-ES";"DEL01-ES";"UOP01-DEL01-ES"
758091;2026-03-13;"sexta-feira";"16:15:00";"SC";101;207;"SAO JOSE";"Reação tardia ou ineficiente do condutor";"Colisão com objeto";"Com Vítimas Feridas";"Pleno dia";"Decrescente";"Nublado";"Dupla";"Reta;Declive";"Não";2;0;1;0;1;0;1;2;-27,6018267;-48,6260483;"SPRF-SC";"DEL01-SC";"UOP01-DEL01-SC"
758094;2026-02-01;"domingo";"11:00:00";"RJ";116;230;"PIRAI";"Mal súbito do condutor";"Queda de ocupante de veículo";"Com Vítimas Feridas";"Pleno dia";"Decrescente";"Céu Claro";"Simples";"Curva;Declive";"Não";3;0;1;0;0;2;1;2;-22,6696504;-43,8296255;"SPRF-RJ";"DEL07-RJ";"UOP01-DEL07-RJ"
758095;2026-03-13;"sexta-feira";"16:40:00";"RJ";101;395;"ITAGUAI";"Chuva";"Colisão com objeto";"Com Vítimas Feridas";"Pleno dia";"Crescente";"Chuva";"Dupla";"Reta";"Não";2;0;1;0;1;0;1;1;-22,87575;-43,739473;"SPRF-RJ";"DEL03-RJ";"UOP01-DEL03-RJ"
758096;2026-03-13;"sexta-feira";"16:00:00";"RJ";40;90;"PETROPOLIS";"Demais Fenômenos da natureza";"Eventos atípicos";"Com Vítimas Feridas";"Pleno dia";"Decrescente";"Chuva";"Dupla";"Reta";"Sim";2;0;1;0;1;0;1;1;-22,55699635;-43,23057739;"SPRF-RJ";"DEL01-RJ";"UOP01-DEL01-RJ"
758097;2026-03-13;"sexta-feira";"16:24:00";"RN";226;2;"NATAL";"Ausência de reação do condutor";"Colisão transversal";"Com Vítimas Feridas";"Pleno dia";"Decrescente";"Céu Claro";"Simples";"Reta";"Sim";2;0;1;0;1;0;1;2;-5,816007;-35,24899;"SPRF-RN";"DEL01-RN";"UOP02-DEL01-RN"
758098;2026-03-13;"sexta-feira";"11:45:00";"AC";364;154;"RIO BRANCO";"Reação tardia ou ineficiente do condutor";"Saída de leito carroçável";"Com Vítimas Feridas";"Pleno dia";"Crescente";"Céu Claro";"Simples";"Reta";"Não";2;0;2;0;0;0;2;2;-10,0132203;-67,7138106;"SPRF-AC";"DEL01-AC";"UOP01-DEL01-AC"
758099;2026-03-13;"sexta-feira";"17:18:00";"SC";101;144;"ITAPEMA";"Condutor deixou de manter distância do veículo da frente";"Colisão lateral mesmo sentido";"Com Vítimas Feridas";"Pleno dia";"Decrescente";"Nublado";"Dupla";"Reta";"Sim";2;0;1;0;0;1;1;2;-27,07876081;-48,59937161;"SPRF-SC";"DEL04-SC";"UOP03-DEL04-SC"
758101;2026-03-09;"segunda-feira";"21:59:00";"RO";364;371,5;"OURO PRETO DO OESTE";"Animais na Pista";"Atropelamento de Animal";"Com Vítimas Feridas";"Plena Noite";"Decrescente";"Nublado";"Simples";"Reta";"Não";1;0;1;0;0;0;1;1;-10,754963;-62,159612;"SPRF-RO";"DEL02-RO";"UOP01-DEL02-RO"
758103;2026-03-13;"sexta-feira";"16:50:00";"RJ";393;268;"BARRA DO PIRAI";"Acessar a via sem observar a presença dos outros veículos";"Colisão transversal";"Com Vítimas Feridas";"Pleno dia";"Crescente";"Chuva";"Simples";"Reta;Interseção de Vias";"Não";2;0;1;0;1;0;1;2;-22,47639598;-43,94359589;"SPRF-RJ";"DEL05-RJ";"UOP04-DEL05-RJ"
758105;2026-03-13;"sexta-feira";"15:50:00";"SC";101;39,8;"JOINVILLE";"Ausência de reação do condutor";"Colisão traseira";"Com Vítimas Feridas";"Pleno dia";"Crescente";"Céu Claro";"Dupla";"Reta";"Sim";2;0;1;0;1;0;1;2;-26,30736143;-48,87982607;"SPRF-SC";"DEL03-SC";"UOP01-DEL03-SC"
758106;2026-03-13;"sexta-feira";"16:21:00";"PE";232;39;"VITORIA DE SANTO ANTAO";"Reação tardia ou ineficiente do condutor";"Colisão lateral mesmo sentido";"Com Vítimas Feridas";"Pleno dia";"Decrescente";"Céu Claro";"Dupla";"Reta";"Não";2;0;1;0;1;0;1;2;-8,117825;-35,228907;"SPRF-PE";"DEL02-PE";"UOP02-DEL02PE"
758108;2026-03-13;"sexta-feira";"17:10:00";"PR";376;174,2;"MARINGA";"Estacionar ou parar em local proibido";"Colisão lateral mesmo sentido";"Com Vítimas Feridas";"Pleno dia";"Crescente";"Céu Claro";"Dupla";"Reta";"Sim";3;0;1;0;1;1;1;3;-23,41675877;-51,95653893;"SPRF-PR";"DEL09-PR";"UOP01-DEL09-PR"
758109;2026-03-13;"sexta-feira";"16:30:00";"RJ";101;143;"CARAPEBUS";"Ausência de reação do condutor";"Capotamento";"Com Vítimas Feridas";"Pleno dia";"Crescente";"Chuva";"Simples";"Reta";"Não";1;0;1;0;0;0;1;1;-22,19129026;-41,74778938;"SPRF-RJ";"DEL08-RJ";"UOP04-DEL08-RJ"
758110;2026-03-13;"sexta-feira";"14:50:00";"RS";386;356,1;"ESTRELA";"Acessar a via sem observar a presença dos outros veículos";"Colisão transversal";"Com Vítimas Feridas";"Pleno dia";"Decrescente";"Sol";"Dupla";"Retorno Regulamentado;Curva";"Sim";9;0;1;0;8;0;1;2;-29,52370061;-51,93449736;"SPRF-RS";"DEL04-RS";"UOP01-DEL04-RS"
758111;2026-03-13;"sexta-feira";"17:00:00";"GO";60;182;"ABADIA DE GOIAS";"Avarias e/ou desgaste excessivo no pneu";"Saída de leito carroçável";"Sem Vítimas";"Pleno dia";"Crescente";"Chuva";"Dupla";"Reta";"Não";1;0;0;0;1;0;0;1;-16,78800456;-49,49924469;"SPRF-GO";"DEL01-GO";"UOP02-DEL01-GO"
758113;2026-02-26;"quinta-feira";"09:28:00";"RJ";40;109;"DUQUE DE CAXIAS";"Manobra de mudança de faixa";"Colisão lateral mesmo sentido";"Sem Vítimas";"Pleno dia";"Crescente";"Céu Claro";"Múltipla";"Reta";"Sim";1;0;0;0;1;0;0;1;-22,67588086;-43,28653461;"SPRF-RJ";"DEL01-RJ";"UOP02-DEL01-RJ"
758114;2026-03-13;"sexta-feira";"17:45:00";"SP";116;212;"GUARULHOS";"Avarias e/ou desgaste excessivo no pneu";"Queda de ocupante de veículo";"Com Vítimas Feridas";"Anoitecer";"Decrescente";"Nublado";"Dupla";"Reta;Aclive";"Sim";1;0;1;0;0;0;1;1;-23,43655;-46,429614;"SPRF-SP";"DEL01-SP";"UOP01-DEL01-SP"
758115;2026-03-13;"sexta-feira";"16:30:00";"SP";116;215;"GUARULHOS";"Trafegar com motocicleta (ou similar) entre as faixas";"Colisão traseira";"Com Vítimas Feridas";"Pleno dia";"Decrescente";"Nublado";"Múltipla";"Reta";"Não";2;0;1;0;1;0;1;2;-23,450615;-46,463086;"SPRF-SP";"DEL01-SP";"UOP01-DEL01-SP"
758116;2026-03-09;"segunda-feira";"19:00:00";"RJ";116;210;"SEROPEDICA";"Ausência de reação do condutor";"Queda de ocupante de veículo";"Com Vítimas Feridas";"Plena Noite";"Decrescente";"Nublado";"Dupla";"Reta";"Não";1;0;1;0;0;0;1;1;-22,71651485;-43,71579807;"SPRF-RJ";"DEL06-RJ";"UOP02-DEL06-RJ"