"id";"data_inversa";"dia_semana";"horario";"uf";"br";"km";"municipio";"causa_acidente";"tipo_acidente";"classificacao_acidente";"fase_dia";"sentido_via";"condicao_metereologica";"tipo_pista";"tracado_via";"uso_solo";"pessoas";"mortos";"feridos_leves";"feridos_graves";"ilesos";"ignorados";"feridos";"veiculos";"latitude";"longitude";"regional";"delegacia";"uop"
758546;2026-03-15;"domingo";"15:30:00";"GO";60;48,8;"ABADIANIA";"Avarias e/ou desgaste excessivo no pneu";"Saída de leito carroçável";"Com Vítimas Feridas";"Pleno dia";"Decrescente";"Chuva";"Dupla";"Declive;Curva";"Não";2;0;1;1;0;0;2;1;-16,160045;-48,613925;"SPRF-GO";"DEL02-GO";"UOP01-DEL02-GO"
758548;2026-03-15;"domingo";"16:20:00";"SC";101;227,5;"PALHOCA";"Reação tardia ou ineficiente do condutor";"Tombamento";"Com Vítimas Feridas";"Pleno dia";"Crescente";"Céu Claro";"Múltipla";"Declive;Reta";"Sim";2;0;2;0;0;0;2;1;-27,754108;-48,633427;"SPRF-SC";"DEL01-SC";"UOP02-DEL01-SC"
758549;2026-03-15;"domingo";"15:50:00";"ES";101;282;"CARIACICA";"Ausência de reação do condutor";"Queda de ocupante de veículo";"Com Vítimas Feridas";"Pleno dia";"Crescente";"Céu Claro";"Dupla";"Reta";"Sim";2;0;1;0;0;1;1;2;-20,228516;-40,36591;"SPRF-ES";"DEL01-ES";"UOP01-DEL01-ES"
758551;2026-03-15;"domingo";"14:15:00";"BA";116;25;"VITORIA DA CONQUISTA";"Acessar a via sem observar a presença dos outros veículos";"Colisão transversal";"Com Vítimas Feridas";"Pleno dia";"Crescente";"Nublado";"Simples";"Reta;Interseção de Vias";"Não";2;0;1;0;1;0;1;2;-14,8527883;-40,80066919;"SPRF-BA";"DEL08-BA";"UOP01-DEL08-BA"
758552;2026-03-15;"domingo";"14:02:00";"RO";364;369;"OURO PRETO DO OESTE";"Demais falhas mecânicas ou elétricas";"Tombamento";"Com Vítimas Feridas";"Pleno dia";"Crescente";"Sol";"Simples";"Reta";"Não";2;0;2;0;0;0;2;1;-10,76124;-62,14019;"SPRF-RO";"DEL02-RO";"UOP01-DEL02-RO"
758555;2026-03-15;"domingo";"16:20:00";"MG";40;672,4;"BARBACENA";"Manobra de mudança de faixa";"Colisão lateral mesmo sentido";"Com Vítimas Feridas";"Pleno dia";"Decrescente";"Céu Claro";"Simples";"Reta";"Não";3;0;1;0;1;1;1;2;-21,181845;-43,7549066;"SPRF-MG";"DEL05-MG";"UOP02-DEL05-MG"
758556;2026-03-15;"domingo";"16:35:00";"PR";277;19;"MORRETES";"Manobra de mudança de faixa";"Tombamento";"Com Vítimas Feridas";"Pleno dia";"Crescente";"Nublado";"Dupla";"Reta";"Não";2;0;2;0;0;0;2;1;-25,53652381;-48,69979469;"SPRF-PR";"DEL01-PR";"UOP05-DEL01-PR"
758557;2026-03-15;"domingo";"15:00:00";"AM";174;902;"MANAUS";"Demais falhas mecânicas ou elétricas";"Incêndio";"Sem Vítimas";"Pleno dia";"Decrescente";"Céu Claro";"Simples";"Reta";"Não";2;0;0;0;2;0;0;1;-2,835122;-60,03364;"SPRF-AM";"DEL01-AM";"UOP01-DEL01-AM"
758560;2026-03-15;"domingo";"14:45:00";"RJ";101;195;"CASIMIRO DE ABREU";"Demais falhas mecânicas ou elétricas";"Saída de leito carroçável";"Com Vítimas Feridas";"Pleno dia";"Decrescente";"Céu Claro";"Dupla";"Curva";"Não";1;0;1;0;0;0;1;1;-22,49347;-42,10143;"SPRF-RJ";"DEL08-RJ";"UOP04-DEL08-RJ"
758561;2026-03-15;"domingo";"17:00:00";"RS";392;81;"PELOTAS";"Ausência de reação do condutor";"Colisão transversal";"Com Vítimas Feridas";"Pleno dia";"Crescente";"Céu Claro";"Simples";"Reta";"Não";5;0;3;0;1;1;3;3;-31,66590369;-52,46219977;"SPRF-RS";"DEL07-RS";"UOP01-DEL07-RS"
758562;2026-03-15;"domingo";"16:30:00";"RJ";40;119;"DUQUE DE CAXIAS";"Avarias e/ou desgaste excessivo no pneu";"Queda de ocupante de veículo";"Com Vítimas Feridas";"Pleno dia";"Crescente";"Céu Claro";"Múltipla";"Reta";"Sim";2;0;2;0;0;0;2;1;-22,63069349;-43,285137;"SPRF-RJ";"DEL01-RJ";"UOP02-DEL01-RJ"
758563;2026-03-15;"domingo";"16:00:00";"PE";423;19;"SAO CAITANO";"Velocidade Incompatível";"Saída de leito carroçável";"Com Vítimas Feridas";"Pleno dia";"Crescente";"Céu Claro";"Simples";"Reta";"Não";8;0;8;0;0;0;8;1;-8,335738;-36,154663;"SPRF-PE";"DEL03-PE";"UOP02-DEL03-PE"
758564;2026-03-15;"domingo";"14:10:00";"GO";60;297,5;"ACREUNA";"Acumulo de água sobre o pavimento";"Saída de leito carroçável";"Com Vítimas Feridas";"Pleno dia";"Crescente";"Chuva";"Dupla";"Reta";"Não";4;0;2;1;1;0;3;1;-17,35827;-50,331557;"SPRF-GO";"DEL04-GO";"UOP02-DEL04-GO"
758565;2026-03-15;"domingo";"17:25:00";"PB";230;28;"JOAO PESSOA";"Ausência de reação do condutor";"Tombamento";"Com Vítimas Feridas";"Anoitecer";"Decrescente";"Céu Claro";"Dupla";"Rotatória";"Sim";1;0;1;0;0;0;1;1;-7,16574795;-34,89446551;"SPRF-PB";"DEL01-PB";"UOP01-DEL01-PB"
758566;2026-03-15;"domingo";"16:00:00";"MG";381;477;"CONTAGEM";"Ingestão de álcool pelo condutor";"Colisão traseira";"Com Vítimas Feridas";"Pleno dia";"Decrescente";"Nublado";"Dupla";"Reta";"Sim";4;0;3;0;1;0;3;2;-19,959625;-44,033767;"SPRF-MG";"DEL01-MG";"UOP03-DEL01-MG"
758567;2026-03-15;"domingo";"16:50:00";"SC";116;247,8;"LAGES";"Acessar a via sem observar a presença dos outros veículos";"Colisão lateral mesmo sentido";"Com Vítimas Feridas";"Pleno dia";"Crescente";"Céu Claro";"Simples";"Reta;Interseção de Vias";"Sim";3;0;1;0;0;2;1;3;-27,81795953;-50,3729229;"SPRF-SC";"DEL05-SC";"UOP02-DEL05-SC"
758568;2026-03-15;"domingo";"17:10:00";"MG";381;497;"BETIM";"Velocidade Incompatível";"Tombamento";"Com Vítimas Feridas";"Pleno dia";"Decrescente";"Céu Claro";"Dupla";"Retorno Regulamentado";"Sim";2;0;2;0;0;0;2;1;-19,98409745;-44,20213938;"SPRF-MG";"DEL01-MG";"UOP03-DEL01-MG"
758569;2026-03-15;"domingo";"17:30:00";"PR";376;175,9;"MARINGA";"Reação tardia ou ineficiente do condutor";"Tombamento";"Com Vítimas Feridas";"Pleno dia";"Decrescente";"Sol";"Dupla";"Reta";"Sim";2;0;1;0;1;0;1;2;-23,411421;-51,941005;"SPRF-PR";"DEL09-PR";"UOP01-DEL09-PR"
758570;2026-03-15;"domingo";"12:30:00";"MG";40;701;"BARBACENA";"Ausência de reação do condutor";"Colisão lateral mesmo sentido";"Com Vítimas Feridas";"Pleno dia";"Crescente";"Céu Claro";"Dupla";"Retorno Regulamentado";"Sim";2;0;1;0;0;1;1;2;-21,181845;-43,7549066;"SPRF-MG";"DEL05-MG";"UOP02-DEL05-MG"
758571;2026-03-15;"domingo";"16:10:00";"PA";316;56;"CASTANHAL";"Ausência de reação do condutor";"Colisão com objeto";"Com Vítimas Feridas";"Pleno dia";"Decrescente";"Chuva";"Dupla";"Curva;Declive";"Não";1;0;1;0;0;0;1;1;-1,301098;-47,985487;"SPRF-PA";"DEL01-PA";"UOP01-DEL01-PA"
758573;2026-03-15;"domingo";"10:20:00";"RJ";101;588;"PARATY";"Condutor deixou de manter distância do veículo da frente";"Colisão traseira";"Com Vítimas Feridas";"Pleno dia";"Crescente";"Céu Claro";"Simples";"Reta";"Não";3;0;1;0;2;0;1;2;-23,30579526;-44,70161628;"SPRF-RJ";"DEL03-RJ";"UOP04-DEL03-RJ"
758575;2026-03-15;"domingo";"16:45:00";"SC";282;376;"HERVAL DOESTE";"Acessar a via sem observar a presença dos outros veículos";"Colisão transversal";"Com Vítimas Fatais";"Pleno dia";"Decrescente";"Céu Claro";"Simples";"Reta";"Sim";6;1;1;0;4;0;1;2;-27,226253;-51,457212;"SPRF-SC";"DEL07-SC";"UOP05-DEL07-SC"
758576;2026-03-15;"domingo";"17:00:00";"MG";381;502;"BETIM";"Ingestão de álcool pelo condutor";"Colisão com objeto";"Sem Vítimas";"Pleno dia";"Crescente";"Céu Claro";"Múltipla";"Curva";"Não";1;0;0;0;0;1;0;1;-20,02077449;-44,22889709;"SPRF-MG";"DEL01-MG";"UOP03-DEL01-MG"
758578;2026-03-15;"domingo";"17:00:00";"PB";230;268;"JUNCO DO SERIDO";"Ausência de reação do condutor";"Atropelamento de Pedestre";"Com Vítimas Feridas";"Anoitecer";"Decrescente";"Céu Claro";"Simples";"Aclive";"Não";2;0;1;0;0;1;1;2;-6,967233;-36,781255;"SPRF-PB";"DEL03-PB";"UOP01-DEL03-PB"
758579;2026-03-15;"domingo";"18:30:00";"PI";343;333,2;"TERESINA";"Reação tardia ou ineficiente do condutor";"Colisão traseira";"Com Vítimas Feridas";"Plena Noite";"Crescente";"Garoa/Chuvisco";"Dupla";"Reta";"Sim";5;0;1;0;4;0;1;2;-5,05731;-42,686217;"SPRF-PI";"DEL01-PI";"UOP01-DEL01-PI"
758581;2026-03-15;"domingo";"16:56:00";"MT";163;1085;"GUARANTA DO NORTE";"Demais falhas na via";"Queda de ocupante de veículo";"Com Vítimas Feridas";"Pleno dia";"Crescente";"Céu Claro";"Simples";"Curva";"Não";1;0;1;0;0;0;1;1;-9,788665;-54,9095133;"SPRF-MT";"DEL06-MT";"UOP03-DEL06-MT"
758583;2026-03-15;"domingo";"18:30:00";"BA";101;260;"SANTO ANTONIO DE JESUS";"Acesso irregular";"Colisão lateral mesmo sentido";"Sem Vítimas";"Plena Noite";"Crescente";"Céu Claro";"Simples";"Reta;Declive";"Sim";2;0;0;0;0;2;0;2;-12,95905858;-39,27001901;"SPRF-BA";"DEL11-BA";"UOP01-DEL11-BA"
758584;2026-03-15;"domingo";"18:00:00";"PR";116;104;"SAO JOSE DOS PINHAIS";"Ausência de reação do condutor";"Colisão traseira";"Com Vítimas Feridas";"Pleno dia";"Decrescente";"Céu Claro";"Dupla";"Reta";"Sim";6;0;1;0;5;0;1;2;-25,5704;-49,189;"SPRF-PR";"DEL01-PR";"UOP08-DEL01-PR"
758585;2026-03-15;"domingo";"18:50:00";"MG";40;517,4;"RIBEIRAO DAS NEVES";"Condutor deixou de manter distância do veículo da frente";"Colisão traseira";"Sem Vítimas";"Plena Noite";"Crescente";"Nublado";"Dupla";"Reta";"Sim";2;0;0;0;2;0;0;2;-19,82791052;-44,08377012;"SPRF-MG";"DEL01-MG";"UOP02-DEL01-MG"
758586;2026-03-15;"domingo";"18:30:00";"ES";101;149,2;"LINHARES";"Condutor desrespeitou a iluminação vermelha do semáforo";"Colisão transversal";"Com Vítimas Feridas";"Plena Noite";"Crescente";"Nublado";"Dupla";"Interseção de Vias";"Sim";2;0;0;1;1;0;1;2;-19,39871514;-40,06287576;"SPRF-ES";"DEL04-ES";"UOP01-DEL04-ES"
758588;2026-03-15;"domingo";"19:10:00";"SP";101;49;"UBATUBA";"Acessar a via sem observar a presença dos outros veículos";"Atropelamento de Pedestre";"Com Vítimas Feridas";"Plena Noite";"Crescente";"Céu Claro";"Simples";"Reta";"Sim";2;0;1;0;1;0;1;2;-23,44552649;-45,08238673;"SPRF-SP";"DEL06-SP";"UOP01-DEL06-SP"
758589;2026-03-15;"domingo";"17:10:00";"RJ";493;52;"DUQUE DE CAXIAS";"Manobra de mudança de faixa";"Colisão traseira";"Com Vítimas Feridas";"Pleno dia";"Crescente";"Céu Claro";"Dupla";"Reta";"Não";3;0;0;1;2;0;1;2;-22,66547995;-43,32622148;"SPRF-RJ";"DEL01-RJ";"UOP03-DEL01-RJ"
758590;2026-03-15;"domingo";"19:00:00";"RS";392;37,7;"RIO GRANDE";"Acessar a via sem observar a presença dos outros veículos";"Colisão traseira";"Com Vítimas Feridas";"Anoitecer";"Decrescente";"Céu Claro";"Dupla";"Retorno Regulamentado;Reta";"Não";3;0;1;0;2;0;1;2;-31,98246639;-52,29554686;"SPRF-RS";"DEL07-RS";"UOP02-DEL07-RS"
758591;2026-03-15;"domingo";"19:40:00";"RJ";116;186;"NOVA IGUACU";"Ingestão de álcool pelo condutor";"Colisão traseira";"Com Vítimas Feridas";"Plena Noite";"Decrescente";"Céu Claro";"Dupla";"Reta";"Sim";3;0;1;0;2;0;1;2;-22,73965494;-43,46404588;"SPRF-RJ";"DEL06-RJ";"UOP01-DEL06-RJ"
758592;2026-03-15;"domingo";"18:00:00";"BA";101;104;"ALAGOINHAS";"Desrespeitar a preferência no cruzamento";"Colisão frontal";"Com Vítimas Feridas";"Anoitecer";"Crescente";"Céu Claro";"Simples";"Curva";"Não";4;0;1;0;3;0;1;2;-12,11783363;-38,39340001;"SPRF-BA";"DEL01-BA";"UOP04-DEL01-BA"
758593;2026-03-15;"domingo";"19:50:00";"BA";415;50;"ITABUNA";"Reação tardia ou ineficiente do condutor";"Colisão frontal";"Com Vítimas Feridas";"Plena Noite";"Crescente";"Céu Claro";"Simples";"Reta";"Sim";3;0;2;0;1;0;2;2;-14,82793128;-39,31568921;"SPRF-BA";"DEL05-BA";"UOP01-DEL05-BA"
758598;2026-03-15;"domingo";"18:30:00";"RJ";493;19,6;"MAGE";"Conversão proibida";"Colisão transversal";"Com Vítimas Feridas";"Plena Noite";"Decrescente";"Céu Claro";"Simples";"Reta";"Sim";3;0;2;0;1;0;2;2;-22,66305103;-43,04267256;"SPRF-RJ";"DEL04-RJ";"UOP02-DEL04-RJ"
758599;2026-03-15;"domingo";"16:50:00";"RS";285;570,5;"SAO LUIZ GONZAGA";"Velocidade Incompatível";"Queda de ocupante de veículo";"Com Vítimas Feridas";"Pleno dia";"Decrescente";"Céu Claro";"Simples";"Reta";"Não";3;0;0;1;2;0;1;2;-28,41370208;-54,97764587;"SPRF-RS";"DEL12-RS";"UOP01-DEL12-RS"
758601;2026-03-15;"domingo";"18:50:00";"MG";381;511;"IGARAPE";"Pista esburacada";"Tombamento";"Com Vítimas Feridas";"Anoitecer";"Decrescente";"Céu Claro";"Múltipla";"Declive;Reta";"Sim";2;0;2;0;0;0;2;1;-20,06689599;-44,29584503;"SPRF-MG";"DEL01-MG";"UOP03-DEL01-MG"
758602;2026-02-23;"segunda-feira";"23:40:00";"ES";101;317;"VILA VELHA";"Condutor Dormindo";"Queda de ocupante de veículo";"Com Vítimas Feridas";"Plena Noite";"Decrescente";"Chuva";"Múltipla";"Reta";"Não";1;0;0;1;0;0;1;1;-20,488648;-40,476454;"SPRF-ES";"DEL01-ES";"UOP01-DEL01-ES"
758603;2026-03-15;"domingo";"20:11:00";"PE";316;58;"TRINDADE";"Ausência de reação do condutor";"Colisão traseira";"Com Vítimas Feridas";"Plena Noite";"Crescente";"Céu Claro";"Simples";"Reta";"Sim";4;0;0;1;3;0;1;2;-7,759764;-40,261699;"SPRF-PE";"DEL05-PE";"UOP02-DEL05-PE"
758604;2026-03-15;"domingo";"18:30:00";"MG";40;598,8;"OURO PRETO";"Ausência de reação do condutor";"Colisão com objeto";"Sem Vítimas";"Plena Noite";"Decrescente";"Céu Claro";"Simples";"Reta";"Não";1;0;0;0;1;0;0;1;-20,421476;-43,8801413;"SPRF-MG";"DEL05-MG";"UOP02-DEL05-MG"
758605;2026-03-15;"domingo";"20:30:00";"MG";381;484;"BETIM";"Ausência de reação do condutor";"Tombamento";"Com Vítimas Feridas";"Plena Noite";"Crescente";"Céu Claro";"Dupla";"Declive;Curva";"Sim";3;0;2;0;0;1;2;2;-19,9571377;-44,09334469;"SPRF-MG";"DEL01-MG";"UOP03-DEL01-MG"
758606;2026-03-15;"domingo";"16:30:00";"RS";116;195,5;"PICADA CAFE";"Frear bruscamente";"Colisão traseira";"Com Vítimas Feridas";"Pleno dia";"Decrescente";"Céu Claro";"Simples";"Reta";"Não";4;0;0;1;2;1;1;3;-29,46171613;-51,14159988;"SPRF-RS";"DEL05-RS";"UOP02-DEL05-RS"
758607;2026-03-15;"domingo";"19:10:00";"PB";230;204;"OLIVEDOS";"Ausência de reação do condutor";"Colisão traseira";"Com Vítimas Fatais";"Plena Noite";"Crescente";"Nublado";"Simples";"Reta";"Não";4;1;0;1;2;0;1;2;-7,091923;-36,279583;"SPRF-PB";"DEL02-PB";"UOP02-DEL02-PB"
758609;2026-03-15;"domingo";"18:20:00";"AC";364;748;"CRUZEIRO DO SUL";"Pista esburacada";"Queda de ocupante de veículo";"Com Vítimas Feridas";"Plena Noite";"Decrescente";"Nublado";"Simples";"Reta";"Não";1;0;1;0;0;0;1;1;-7,726502;-72,609098;"SPRF-AC";"DEL01-AC";"UOP03-DEL01-AC"
758610;2026-03-15;"domingo";"19:50:00";"RO";364;709;"PORTO VELHO";"Acessar a via sem observar a presença dos outros veículos";"Colisão traseira";"Com Vítimas Feridas";"Plena Noite";"Decrescente";"Céu Claro";"Dupla";"Reta";"Sim";2;0;1;0;0;1;1;2;-8,7928192;-63,84608187;"SPRF-RO";"DEL01-RO";"UOP01-DEL01-RO"
758611;2026-03-15;"domingo";"20:20:00";"SC";101;198,5;"BIGUACU";"Manobra de mudança de faixa";"Colisão lateral mesmo sentido";"Com Vítimas Feridas";"Plena Noite";"Decrescente";"Céu Claro";"Dupla";"Interseção de Vias;Reta";"Sim";2;0;1;0;0;1;1;2;-27,52993005;-48,63259564;"SPRF-SC";"DEL01-SC";"UOP01-DEL01-SC"
758612;2026-03-15;"domingo";"20:50:00";"MA";10;257,4;"IMPERATRIZ";"Condutor deixou de manter distância do veículo da frente";"Colisão traseira";"Com Vítimas Feridas";"Plena Noite";"Decrescente";"Céu Claro";"Simples";"Reta";"Sim";3;0;0;2;1;0;2;2;-5,486343;-47,471893;"SPRF-MA";"DEL04-MA";"UOP01-DEL04-MA"
758613;2026-03-15;"domingo";"21:00:00";"PR";116;126;"FAZENDA RIO GRANDE";"Ausência de reação do condutor";"Colisão traseira";"Com Vítimas Feridas";"Plena Noite";"Crescente";"Nublado";"Dupla";"Reta";"Não";2;0;1;0;1;0;1;2;-25,635937;-49,313264;"SPRF-PR";"DEL01-PR";"UOP03-DEL01-PR"
758615;2026-03-15;"domingo";"21:00:00";"GO";414;306,6;"VILA PROPICIO";"Transitar na contramão";"Colisão lateral sentido oposto";"Com Vítimas Feridas";"Plena Noite";"Crescente";"Céu Claro";"Simples";"Reta;Aclive";"Não";5;0;0;1;4;0;1;2;-15,23757505;-48,69199991;"SPRF-GO";"DEL02-GO";"UOP01-DEL02-GO"
758617;2026-03-15;"domingo";"20:45:00";"SC";101;419,5;"ARARANGUA";"Transitar na contramão";"Colisão frontal";"Com Vítimas Feridas";"Plena Noite";"Decrescente";"Nublado";"Dupla";"Reta";"Sim";2;0;0;2;0;0;2;2;-28,99570048;-49,55260919;"SPRF-SC";"DEL02-SC";"UOP02-DEL02-SC"
758618;2026-03-15;"domingo";"21:50:00";"SC";282;44,1;"AGUAS MORNAS";"Velocidade Incompatível";"Capotamento";"Com Vítimas Feridas";"Plena Noite";"Decrescente";"Nublado";"Simples";"Declive";"Não";1;0;1;0;0;0;1;1;-27,72211862;-48,90642811;"SPRF-SC";"DEL01-SC";"UOP03-DEL01-SC"
758621;2026-03-15;"domingo";"22:00:00";"BA";101;260;"SANTO ANTONIO DE JESUS";"Ausência de reação do condutor";"Capotamento";"Com Vítimas Feridas";"Plena Noite";"Decrescente";"Céu Claro";"Simples";"Curva";"Sim";1;0;1;0;0;0;1;1;-12,95651619;-39,26810551;"SPRF-BA";"DEL11-BA";"UOP01-DEL11-BA"
758622;2026-03-15;"domingo";"17:20:00";"MT";364;373;"SANTO ANTONIO DO LEVERGER";"Ingestão de álcool pelo condutor";"Saída de leito carroçável";"Com Vítimas Feridas";"Anoitecer";"Decrescente";"Céu Claro";"Dupla";"Retorno Regulamentado";"Não";2;0;1;0;1;0;1;1;-15,70431254;-55,73407441;"SPRF-MT";"DEL01-MT";"UOP02-DEL01-MT"
758624;2026-03-15;"domingo";"20:20:00";"GO";60;268,1;"JANDAIA";"Demais falhas mecânicas ou elétricas";"Incêndio";"Sem Vítimas";"Plena Noite";"Decrescente";"Nublado";"Dupla";"Reta";"Não";5;0;0;0;5;0;0;1;-17,20684444;-50,1151979;"SPRF-GO";"DEL01-GO";"UOP02-DEL01-GO"
758625;2026-03-15;"domingo";"22:30:00";"RN";304;37;"MOSSORO";"Ausência de reação do condutor";"Colisão com objeto";"Com Vítimas Feridas";"Plena Noite";"Crescente";"Nublado";"Dupla";"Reta";"Não";1;0;1;0;0;0;1;1;-5,17685;-37,364623;"SPRF-RN";"DEL04-RN";"UOP02-DEL04-RN"
758627;2026-03-15;"domingo";"22:30:00";"PR";476;159;"ARAUCARIA";"Ausência de reação do condutor";"Colisão frontal";"Com Vítimas Feridas";"Plena Noite";"Decrescente";"Céu Claro";"Simples";"Reta";"Sim";2;0;2;0;0;0;2;2;-25,62469294;-49,42403474;"SPRF-PR";"DEL01-PR";"UOP06-DEL01-PR"
758628;2026-03-15;"domingo";"22:00:00";"PR";376;155,5;"MANDAGUACU";"Objeto estático sobre o leito carroçável";"Colisão traseira";"Com Vítimas Feridas";"Plena Noite";"Decrescente";"Céu Claro";"Dupla";"Reta";"Sim";3;0;1;0;2;0;1;2;-23,3380133;-52,1007217;"SPRF-PR";"DEL09-PR";"UOP02-DEL09-PR"
758629;2026-03-15;"domingo";"23:10:00";"MG";40;546,2;"NOVA LIMA";"Avarias e/ou desgaste excessivo no pneu";"Tombamento";"Com Vítimas Feridas";"Plena Noite";"Crescente";"Nublado";"Dupla";"Reta";"Sim";1;0;1;0;0;0;1;1;-20,01699333;-43,97084411;"SPRF-MG";"DEL01-MG";"UOP02-DEL01-MG"
758630;2026-03-15;"domingo";"20:00:00";"RO";435;80;"COLORADO DO OESTE";"Transitar na contramão";"Colisão frontal";"Com Vítimas Fatais";"Plena Noite";"Crescente";"Céu Claro";"Simples";"Reta";"Não";5;1;1;3;0;0;4;2;-13,116472;-60,511668;"SPRF-RO";"DEL04-RO";"UOP02-DEL04-RO"
758633;2026-03-15;"domingo";"23:30:00";"ES";101;67,4;"SAO MATEUS";"Acessar a via sem observar a presença dos outros veículos";"Colisão transversal";"Com Vítimas Feridas";"Plena Noite";"Crescente";"Céu Claro";"Múltipla";"Retorno Regulamentado;Reta";"Sim";2;0;0;1;0;1;1;2;-18,72938573;-39,86004921;"SPRF-ES";"DEL04-ES";"UOP02-DEL04-ES"
758634;2026-03-15;"domingo";"23:00:00";"PR";376;170;"MARINGA";"Reação tardia ou ineficiente do condutor";"Colisão com objeto";"Com Vítimas Feridas";"Plena Noite";"Crescente";"Céu Claro";"Dupla";"Declive;Reta";"Sim";1;0;0;1;0;0;1;1;-23,40746148;-51,99201465;"SPRF-PR";"DEL09-PR";"UOP01-DEL09-PR"
758635;2026-03-15;"domingo";"21:10:00";"SC";116;35,2;"ITAIOPOLIS";"Pedestre andava na pista";"Atropelamento de Pedestre";"Com Vítimas Fatais";"Plena Noite";"Decrescente";"Nublado";"Simples";"Declive;Curva";"Não";3;1;0;0;2;0;0;2;-26,33693232;-50,0077126;"SPRF-SC";"DEL06-SC";"UOP01-DEL06-SC"
758636;2026-03-15;"domingo";"23:28:00";"PE";101;183,6;"PALMARES";"Acessar a via sem observar a presença dos outros veículos";"Atropelamento de Pedestre";"Com Vítimas Fatais";"Plena Noite";"Crescente";"Céu Claro";"Dupla";"Reta";"Sim";2;1;0;0;0;1;0;2;-8,6654435;-35,57275;"SPRF-PE";"DEL01-PE";"UOP03-DEL01-PE"
758637;2026-03-16;"segunda-feira";"00:00:00";"PR";277;332;"GUARAPUAVA";"Demais falhas mecânicas ou elétricas";"Saída de leito carroçável";"Sem Vítimas";"Plena Noite";"Decrescente";"Céu Claro";"Simples";"Reta";"Não";1;0;0;0;1;0;0;1;-25,36716;-51,34088;"SPRF-PR";"DEL08-PR";"UOP01-DEL08-PR"
758638;2026-03-16;"segunda-feira";"00:25:00";"SP";381;46;"ATIBAIA";"Demais falhas mecânicas ou elétricas";"Queda de ocupante de veículo";"Sem Vítimas";"Plena Noite";"Crescente";"Nublado";"Dupla";"Reta";"Não";1;0;0;0;1;0;0;1;-23,18237735;-46,5814597;"SPRF-SP";"DEL03-SP";"UOP01-DEL03-SP"
758639;2026-03-15;"domingo";"21:35:00";"ES";262;46,1;"MARECHAL FLORIANO";"Acessar a via sem observar a presença dos outros veículos";"Atropelamento de Pedestre";"Com Vítimas Feridas";"Plena Noite";"Decrescente";"Céu Claro";"Simples";"Reta";"Sim";2;0;1;0;1;0;1;2;-20,40700509;-40,67330145;"SPRF-ES";"DEL01-ES";"UOP01-DEL01-ES"
758640;2026-03-16;"segunda-feira";"00:20:00";"GO";50;108;"CRISTALINA";"Condutor Dormindo";"Queda de ocupante de veículo";"Com Vítimas Feridas";"Plena Noite";"Crescente";"Garoa/Chuvisco";"Dupla";"Reta";"Sim";1;0;1;0;0;0;1;1;-16,71318929;-47,67014172;"SPRF-DF";"DEL01-DF";"UOP02-DEL01-DF"
758641;2026-03-16;"segunda-feira";"00:29:00";"PE";232;330;"CUSTODIA";"Acessar a via sem observar a presença dos outros veículos";"Colisão traseira";"Com Vítimas Feridas";"Plena Noite";"Decrescente";"Céu Claro";"Simples";"Reta";"Não";11;0;5;0;4;2;5;2;-8,089762;-37,613368;"SPRF-PE";"DEL04-PE";"UOP02-DEL04-PE"
758644;2026-03-16;"segunda-feira";"00:02:00";"RS";470;227;"GARIBALDI";"Velocidade Incompatível";"Saída de leito carroçável";"Com Vítimas Feridas";"Plena Noite";"Crescente";"Céu Claro";"Simples";"Curva;Declive";"Não";3;0;1;2;0;0;3;1;-29,260393;-51,507956;"SPRF-RS";"DEL06-RS";"UOP01-DEL06-RS"
758645;2026-03-16;"segunda-feira";"00:05:00";"MG";40;704,5;"BARBACENA";"Falta de elemento de contenção que evite a saída do leito carroçável";"Saída de leito carroçável";"Com Vítimas Feridas";"Plena Noite";"Crescente";"Céu Claro";"Simples";"Curva;Ponte;Retorno Regulamentado;Viaduto";"Sim";2;0;1;0;1;0;1;1;-21,2080333;-43,750525;"SPRF-MG";"DEL05-MG";"UOP02-DEL05-MG"
758646;2026-03-16;"segunda-feira";"00:10:00";"MT";364;1199;"CAMPOS DE JULIO";"Reação tardia ou ineficiente do condutor";"Saída de leito carroçável";"Com Vítimas Feridas";"Plena Noite";"Decrescente";"Nublado";"Simples";"Reta";"Não";1;0;1;0;0;0;1;1;-13,78634;-59,32773;"SPRF-MT";"DEL04-MT";"UOP02-DEL04-MT"
758648;2026-03-16;"segunda-feira";"02:00:00";"SC";101;314;"LAGUNA";"Ausência de reação do condutor";"Tombamento";"Com Vítimas Feridas";"Plena Noite";"Crescente";"Céu Claro";"Simples";"Ponte";"Não";1;0;1;0;0;0;1;1;-28,43138761;-48,83982478;"SPRF-SC";"DEL02-SC";"UOP01-DEL02-SC"
758650;2026-03-16;"segunda-feira";"04:00:00";"MS";163;383,3;"NOVA ALVORADA DO SUL";"Ausência de reação do condutor";"Saída de leito carroçável";"Com Vítimas Feridas";"Plena Noite";"Crescente";"Céu Claro";"Simples";"Curva;Aclive";"Não";1;0;1;0;0;0;1;1;-21,312236;-54,430583;"SPRF-MS";"DEL02-MS";"UOP01-DEL02-MS"
758653;2026-03-16;"segunda-feira";"04:10:00";"MG";50;15;"UBERLANDIA";"Velocidade Incompatível";"Colisão com objeto";"Sem Vítimas";"Plena Noite";"Crescente";"Nublado";"Simples";"Retorno Regulamentado";"Não";1;0;0;0;0;1;0;1;-18,91378338;-48,17173831;"SPRF-MG";"DEL15-MG";"UOP01-DEL15-MG"