"id";"data_inversa";"dia_semana";"horario";"uf";"br";"km";"municipio";"causa_acidente";"tipo_acidente";"classificacao_acidente";"fase_dia";"sentido_via";"condicao_metereologica";"tipo_pista";"tracado_via";"uso_solo";"pessoas";"mortos";"feridos_leves";"feridos_graves";"ilesos";"ignorados";"feridos";"veiculos";"latitude";"longitude";"regional";"delegacia";"uop"
758764;2026-03-16;"segunda-feira";"14:30:00";"PR";277;135,9;"CAMPO LARGO";"Demais falhas mecânicas ou elétricas";"Incêndio";"Sem Vítimas";"Pleno dia";"Crescente";"Céu Claro";"Simples";"Reta";"Não";2;0;0;0;2;0;0;1;-25,455;-49,628;"SPRF-PR";"DEL01-PR";"UOP07-DEL01-PR"
758765;2026-03-16;"segunda-feira";"15:10:00";"GO";60;387;"RIO VERDE";"Acessar a via sem observar a presença dos outros veículos";"Colisão transversal";"Com Vítimas Feridas";"Pleno dia";"Decrescente";"Nublado";"Dupla";"Reta";"Sim";2;0;0;1;1;0;1;2;-17,822518;-50,949782;"SPRF-GO";"DEL04-GO";"UOP02-DEL04-GO"
758767;2026-03-16;"segunda-feira";"15:41:00";"MG";381;482;"BETIM";"Manobra de mudança de faixa";"Colisão lateral mesmo sentido";"Com Vítimas Feridas";"Pleno dia";"Crescente";"Céu Claro";"Dupla";"Reta";"Sim";2;0;1;0;1;0;1;2;-19,95908736;-44,07351637;"SPRF-MG";"DEL01-MG";"UOP03-DEL01-MG"
758768;2026-03-16;"segunda-feira";"09:10:00";"PR";153;38;"SANTO ANTONIO DA PLATINA";"Velocidade Incompatível";"Saída de leito carroçável";"Sem Vítimas";"Pleno dia";"Crescente";"Céu Claro";"Simples";"Curva";"Não";1;0;0;0;0;1;0;1;-23,23825552;-50,03928494;"SPRF-PR";"DEL07-PR";"UOP04-DEL07-PR"
758769;2026-03-08;"domingo";"16:40:00";"RJ";116;133,8;"MAGE";"Manobra de mudança de faixa";"Colisão lateral mesmo sentido";"Com Vítimas Feridas";"Pleno dia";"Decrescente";"Nublado";"Dupla";"Reta";"Não";3;0;1;0;2;0;1;2;-22,659286;-43,09124;"SPRF-RJ";"DEL04-RJ";"UOP02-DEL04-RJ"
758771;2026-03-16;"segunda-feira";"15:25:00";"GO";50;257,2;"CATALAO";"Velocidade Incompatível";"Capotamento";"Com Vítimas Feridas";"Pleno dia";"Decrescente";"Chuva";"Dupla";"Reta";"Não";1;0;1;0;0;0;1;1;-18,03502487;-47,83480525;"SPRF-GO";"DEL06-GO";"UOP01-DEL06-GO"
758772;2026-03-16;"segunda-feira";"15:30:00";"GO";20;4;"FORMOSA";"Reação tardia ou ineficiente do condutor";"Queda de ocupante de veículo";"Com Vítimas Feridas";"Pleno dia";"Crescente";"Nublado";"Dupla";"Declive;Em Obras";"Sim";1;0;1;0;0;0;1;1;-15,561155;-47,313347;"SPRF-DF";"DEL02-DF";"UOP02-DEL02-DF"
758773;2026-03-16;"segunda-feira";"12:50:00";"RJ";101;311;"SAO GONCALO";"Trafegar com motocicleta (ou similar) entre as faixas";"Colisão lateral mesmo sentido";"Com Vítimas Feridas";"Pleno dia";"Decrescente";"Céu Claro";"Dupla";"Reta";"Sim";3;0;1;0;1;1;1;3;-22,80458908;-43,06012988;"SPRF-RJ";"DEL02-RJ";"UOP02-DEL02-RJ"
758774;2026-03-16;"segunda-feira";"16:00:00";"SP";381;65;"MAIRIPORA";"Mal súbito do condutor";"Colisão traseira";"Com Vítimas Feridas";"Pleno dia";"Decrescente";"Céu Claro";"Dupla";"Reta";"Sim";2;0;1;0;1;0;1;2;-23,3219007;-46,581511;"SPRF-SP";"DEL03-SP";"UOP01-DEL03-SP"
758776;2026-03-16;"segunda-feira";"16:15:00";"RS";290;91;"PORTO ALEGRE";"Acesso irregular";"Colisão lateral mesmo sentido";"Com Vítimas Feridas";"Pleno dia";"Decrescente";"Céu Claro";"Múltipla";"Reta";"Sim";2;0;1;0;1;0;1;2;-29,97001386;-51,17114976;"SPRF-RS";"DEL01-RS";"UOP01-DEL01-RS"
758778;2026-03-16;"segunda-feira";"16:50:00";"PB";230;14;"CABEDELO";"Condutor deixou de manter distância do veículo da frente";"Colisão lateral mesmo sentido";"Com Vítimas Feridas";"Pleno dia";"Crescente";"Céu Claro";"Dupla";"Interseção de Vias;Reta";"Sim";2;0;1;0;0;1;1;2;-7,090913;-34,848458;"SPRF-PB";"DEL01-PB";"UOP01-DEL01-PB"
758780;2026-03-16;"segunda-feira";"16:30:00";"SP";116;219;"GUARULHOS";"Trafegar com motocicleta (ou similar) entre as faixas";"Colisão lateral mesmo sentido";"Com Vítimas Feridas";"Pleno dia";"Decrescente";"Céu Claro";"Múltipla";"Reta;Interseção de Vias";"Sim";2;0;1;0;1;0;1;2;-23,45929436;-46,48374287;"SPRF-SP";"DEL01-SP";"UOP01-DEL01-SP"
758781;2026-03-16;"segunda-feira";"16:25:00";"PE";232;21,2;"MORENO";"Acessar a via sem observar a presença dos outros veículos";"Colisão transversal";"Sem Vítimas";"Pleno dia";"Crescente";"Céu Claro";"Dupla";"Curva;Retorno Regulamentado";"Não";2;0;0;0;2;0;0;2;-8,096619;-35,081181;"SPRF-PE";"DEL02-PE";"UOP02-DEL02PE"
758783;2026-03-16;"segunda-feira";"17:10:00";"SC";470;54,7;"BLUMENAU";"Manobra de mudança de faixa";"Colisão lateral mesmo sentido";"Com Vítimas Feridas";"Pleno dia";"Crescente";"Nublado";"Simples";"Rotatória";"Sim";2;0;1;0;1;0;1;2;-26,87381787;-49,11492705;"SPRF-SC";"DEL04-SC";"UOP01-DEL04-SC"
758784;2026-03-16;"segunda-feira";"15:45:00";"MG";116;281;"TEOFILO OTONI";"Pista Escorregadia";"Colisão lateral sentido oposto";"Sem Vítimas";"Pleno dia";"Crescente";"Céu Claro";"Simples";"Curva";"Não";2;0;0;0;2;0;0;2;-17,8951513;-41,5240351;"SPRF-MG";"DEL11-MG";"UOP01-DEL11-MG"
758785;2026-03-16;"segunda-feira";"17:00:00";"DF";70;10;"BRASILIA";"Condutor deixou de manter distância do veículo da frente";"Saída de leito carroçável";"Com Vítimas Feridas";"Pleno dia";"Crescente";"Nublado";"Dupla";"Reta";"Sim";1;0;1;0;0;0;1;1;-15,78917806;-48,14858508;"SPRF-DF";"DEL03-DF";"UOP02-DEL03-DF"
758786;2026-03-16;"segunda-feira";"12:40:00";"MT";70;2,7;"BARRA DO GARCAS";"Ausência de reação do condutor";"Colisão lateral mesmo sentido";"Com Vítimas Feridas";"Pleno dia";"Crescente";"Céu Claro";"Dupla";"Reta";"Sim";2;0;1;0;1;0;1;2;-15,87238738;-52,38549936;"SPRF-MT";"DEL07-MT";"UOP01-DEL07-MT"
758787;2026-03-16;"segunda-feira";"17:00:00";"GO";40;3;"VALPARAISO DE GOIAS";"Ausência de reação do condutor";"Colisão traseira";"Sem Vítimas";"Pleno dia";"Decrescente";"Nublado";"Dupla";"Reta";"Sim";4;0;0;0;4;0;0;2;-16,076106;-47,986353;"SPRF-DF";"DEL01-DF";"UOP01-DEL01-DF"
758790;2026-03-16;"segunda-feira";"18:00:00";"TO";10;465;"PALMAS";"Ausência de reação do condutor";"Saída de leito carroçável";"Com Vítimas Feridas";"Pleno dia";"Crescente";"Céu Claro";"Dupla";"Curva";"Sim";2;0;1;0;0;1;1;2;-10,24121;-48,300061;"SPRF-TO";"DEL01-TO";"UOP03-DEL01-TO"
758791;2026-03-16;"segunda-feira";"17:48:00";"SC";163;66;"SAO MIGUEL DO OESTE";"Reação tardia ou ineficiente do condutor";"Colisão traseira";"Sem Vítimas";"Pleno dia";"Crescente";"Céu Claro";"Simples";"Interseção de Vias";"Sim";2;0;0;0;2;0;0;2;-26,76138395;-53,50020502;"SPRF-SC";"DEL07-SC";"UOP03-DEL07-SC"
758793;2026-03-16;"segunda-feira";"18:00:00";"RS";158;325;"SANTA MARIA";"Acessar a via sem observar a presença dos outros veículos";"Colisão transversal";"Com Vítimas Feridas";"Anoitecer";"Crescente";"Nublado";"Dupla";"Rotatória;Reta";"Sim";2;0;1;0;1;0;1;2;-29,709146;-53,802405;"SPRF-RS";"DEL09-RS";"UOP01-DEL09-RS"
758795;2026-03-16;"segunda-feira";"18:15:00";"RS";158;275;"JULIO DE CASTILHOS";"Acessar a via sem observar a presença dos outros veículos";"Colisão transversal";"Com Vítimas Feridas";"Anoitecer";"Crescente";"Nublado";"Simples";"Reta";"Não";3;0;0;1;2;0;1;2;-29,330142;-53,675915;"SPRF-RS";"DEL09-RS";"UOP01-DEL09-RS"
758796;2026-03-16;"segunda-feira";"18:00:00";"PR";116;117;"CURITIBA";"Trafegar com motocicleta (ou similar) entre as faixas";"Colisão traseira";"Com Vítimas Feridas";"Pleno dia";"Crescente";"Nublado";"Dupla";"Reta";"Sim";2;0;1;0;1;0;1;2;-25,561226;-49,307804;"SPRF-PR";"DEL01-PR";"UOP03-DEL01-PR"
758797;2026-03-16;"segunda-feira";"17:00:00";"RS";392;2,7;"RIO GRANDE";"Ausência de reação do condutor";"Colisão traseira";"Com Vítimas Feridas";"Pleno dia";"Decrescente";"Céu Claro";"Simples";"Reta";"Não";2;0;1;0;1;0;1;2;-32,05451568;-52,08686225;"SPRF-RS";"DEL07-RS";"UOP02-DEL07-RS"
758798;2026-03-16;"segunda-feira";"18:00:00";"RS";392;680;"SAO PEDRO DO BUTIA";"Acessar a via sem observar a presença dos outros veículos";"Colisão transversal";"Com Vítimas Feridas";"Pleno dia";"Crescente";"Nublado";"Simples";"Interseção de Vias";"Não";3;0;2;0;1;0;2;2;-28,127435;-54,909892;"SPRF-RS";"DEL10-RS";"UOP01-DEL10-RS"
758799;2026-03-16;"segunda-feira";"17:50:00";"MG";116;417;"GOVERNADOR VALADARES";"Condutor deixou de manter distância do veículo da frente";"Colisão traseira";"Sem Vítimas";"Pleno dia";"Decrescente";"Céu Claro";"Simples";"Reta";"Não";2;0;0;0;2;0;0;2;-18,90714829;-41,9421;"SPRF-MG";"DEL06-MG";"UOP01-DEL06-MG"
758800;2026-03-16;"segunda-feira";"18:20:00";"RJ";393;284;"VOLTA REDONDA";"Conversão proibida";"Colisão transversal";"Com Vítimas Feridas";"Plena Noite";"Decrescente";"Céu Claro";"Simples";"Interseção de Vias;Reta";"Sim";3;0;2;0;1;0;2;2;-22,49573112;-44,06996934;"SPRF-RJ";"DEL05-RJ";"UOP04-DEL05-RJ"
758801;2026-03-16;"segunda-feira";"18:00:00";"SE";101;68;"MARUIM";"Ausência de reação do condutor";"Queda de ocupante de veículo";"Com Vítimas Feridas";"Plena Noite";"Decrescente";"Céu Claro";"Simples";"Reta";"Não";1;0;0;1;0;0;1;1;-10,724656;-37,073968;"SPRF-SE";"DEL01-SE";"UOP01-DEL01-SE"
758802;2026-03-16;"segunda-feira";"16:00:00";"PI";316;312;"PICOS";"Retorno proibido";"Colisão transversal";"Com Vítimas Feridas";"Pleno dia";"Decrescente";"Céu Claro";"Múltipla";"Reta;Ponte";"Sim";2;0;1;0;0;1;1;2;-7,07976578;-41,46005273;"SPRF-PI";"DEL04-PI";"UOP01-DEL04-PI"
758803;2026-03-16;"segunda-feira";"14:00:00";"PI";316;314,5;"PICOS";"Acessar a via sem observar a presença dos outros veículos";"Colisão transversal";"Com Vítimas Feridas";"Pleno dia";"Decrescente";"Céu Claro";"Múltipla";"Interseção de Vias;Reta";"Sim";2;0;1;0;1;0;1;2;-7,07813;-41,439863;"SPRF-PI";"DEL04-PI";"UOP01-DEL04-PI"
758804;2026-03-16;"segunda-feira";"18:30:00";"PR";153;52,5;"SANTO ANTONIO DA PLATINA";"Acessar a via sem observar a presença dos outros veículos";"Colisão transversal";"Com Vítimas Feridas";"Anoitecer";"Crescente";"Céu Claro";"Simples";"Reta";"Não";3;0;1;0;2;0;1;2;-23,3895846;-50,05855886;"SPRF-PR";"DEL07-PR";"UOP04-DEL07-PR"
758805;2026-03-16;"segunda-feira";"17:45:00";"RO";364;708;"PORTO VELHO";"Manobra de mudança de faixa";"Colisão lateral mesmo sentido";"Com Vítimas Feridas";"Pleno dia";"Crescente";"Céu Claro";"Dupla";"Curva;Retorno Regulamentado;Interseção de Vias";"Sim";2;0;1;0;1;0;1;2;-8,80039511;-63,76176547;"SPRF-RO";"DEL01-RO";"UOP01-DEL01-RO"
758806;2026-03-16;"segunda-feira";"18:55:00";"MG";381;484;"BETIM";"Demais falhas na via";"Tombamento";"Com Vítimas Feridas";"Plena Noite";"Crescente";"Céu Claro";"Dupla";"Declive;Reta";"Não";1;0;1;0;0;0;1;1;-19,95903963;-44,09220636;"SPRF-MG";"DEL01-MG";"UOP03-DEL01-MG"
758807;2026-03-16;"segunda-feira";"18:20:00";"RN";101;44;"MAXARANGUAPE";"Ausência de sinalização";"Colisão traseira";"Com Vítimas Fatais";"Plena Noite";"Crescente";"Céu Claro";"Simples";"Reta";"Não";2;1;0;0;0;1;0;2;-5,481;-35,325;"SPRF-RN";"DEL02-RN";"UOP01-DEL02-RN"
758808;2026-03-16;"segunda-feira";"19:05:00";"SC";470;137,5;"RIO DO SUL";"Acessar a via sem observar a presença dos outros veículos";"Colisão transversal";"Com Vítimas Feridas";"Plena Noite";"Crescente";"Céu Claro";"Simples";"Declive;Curva";"Sim";2;0;1;0;1;0;1;2;-27,18950082;-49,61888043;"SPRF-SC";"DEL04-SC";"UOP02-DEL04-SC"
758809;2026-03-16;"segunda-feira";"19:30:00";"PE";101;76;"RECIFE";"Acostamento em desnível";"Tombamento";"Com Vítimas Feridas";"Plena Noite";"Decrescente";"Céu Claro";"Dupla";"Reta";"Sim";2;0;2;0;0;0;2;1;-8,119787;-34,942807;"SPRF-PE";"DEL01-PE";"UOP01-DEL01-PE"
758810;2026-03-16;"segunda-feira";"18:52:00";"BA";415;29;"ILHEUS";"Entrada inopinada do pedestre";"Atropelamento de Pedestre";"Com Vítimas Feridas";"Plena Noite";"Crescente";"Céu Claro";"Simples";"Rotatória;Reta";"Não";3;0;0;1;2;0;1;2;-14,78559822;-39,22332191;"SPRF-BA";"DEL05-BA";"UOP01-DEL05-BA"
758811;2026-03-16;"segunda-feira";"10:20:00";"MA";316;607;"TIMON";"Condutor deixou de manter distância do veículo da frente";"Colisão traseira";"Com Vítimas Feridas";"Pleno dia";"Decrescente";"Céu Claro";"Simples";"Reta";"Não";2;0;0;1;1;0;1;2;-5,054404;-42,903718;"SPRF-MA";"DEL03-MA";"UOP02-DEL03-MA"
758814;2026-03-16;"segunda-feira";"19:20:00";"PR";369;156,8;"LONDRINA";"Condutor deixou de manter distância do veículo da frente";"Colisão traseira";"Com Vítimas Feridas";"Plena Noite";"Decrescente";"Céu Claro";"Dupla";"Reta";"Sim";2;0;1;0;1;0;1;2;-23,291106;-51,218418;"SPRF-PR";"DEL07-PR";"UOP01-DEL07-PR"
758815;2026-03-16;"segunda-feira";"17:35:00";"TO";242;302;"PEIXE";"Chuva";"Colisão frontal";"Com Vítimas Feridas";"Anoitecer";"Decrescente";"Chuva";"Simples";"Reta";"Não";3;0;1;1;1;0;2;2;-12,1022;-48,5295;"SPRF-TO";"DEL01-TO";"UOP02-DEL01-TO"
758816;2026-03-16;"segunda-feira";"19:40:00";"RN";101;95;"NATAL";"Animais na Pista";"Atropelamento de Animal";"Com Vítimas Feridas";"Plena Noite";"Crescente";"Céu Claro";"Múltipla";"Reta";"Sim";1;0;1;0;0;0;1;1;-5,841118;-35,21069;"SPRF-RN";"DEL01-RN";"UOP01-DEL01-RN"
758818;2026-03-16;"segunda-feira";"19:00:00";"SC";116;168;"PONTE ALTA DO NORTE";"Reação tardia ou ineficiente do condutor";"Saída de leito carroçável";"Com Vítimas Feridas";"Plena Noite";"Crescente";"Garoa/Chuvisco";"Dupla";"Curva";"Não";1;0;1;0;0;0;1;1;-27,1774498;-50,4624048;"SPRF-SC";"DEL05-SC";"UOP03-DEL05-SC"
758819;2026-03-16;"segunda-feira";"20:05:00";"MG";262;848;"CONCEICAO DAS ALAGOAS";"Chuva";"Saída de leito carroçável";"Com Vítimas Feridas";"Plena Noite";"Decrescente";"Chuva";"Dupla";"Reta";"Não";1;0;0;1;0;0;1;1;-19,755724;-48,327578;"SPRF-MG";"DEL13-MG";"UOP01-DEL13-MG"
758820;2026-03-16;"segunda-feira";"19:37:00";"GO";153;506;"APARECIDA DE GOIANIA";"Reação tardia ou ineficiente do condutor";"Queda de ocupante de veículo";"Com Vítimas Feridas";"Plena Noite";"Crescente";"Chuva";"Dupla";"Reta";"Sim";1;0;1;0;0;0;1;1;-16,746634;-49,240909;"SPRF-GO";"DEL01-GO";"UOP01-DEL01-GO"
758821;2026-01-29;"quinta-feira";"19:00:00";"PR";376;614;"SAO JOSE DOS PINHAIS";"Ausência de reação do condutor";"Colisão lateral mesmo sentido";"Com Vítimas Feridas";"Plena Noite";"Decrescente";"Garoa/Chuvisco";"Dupla";"Reta;Declive";"Sim";3;0;1;0;1;1;1;3;-25,5817993;-49,1773441;"SPRF-PR";"DEL01-PR";"UOP03-DEL01-PR"
758823;2026-03-16;"segunda-feira";"17:42:00";"RO";364;341,6;"JI-PARANA";"Manobra de mudança de faixa";"Colisão lateral mesmo sentido";"Com Vítimas Feridas";"Pleno dia";"Crescente";"Céu Claro";"Dupla";"Reta";"Sim";4;0;2;0;2;0;2;3;-10,88289855;-61,93887494;"SPRF-RO";"DEL02-RO";"UOP01-DEL02-RO"
758824;2026-03-16;"segunda-feira";"20:15:00";"RS";285;456;"IJUI";"Desrespeitar a preferência no cruzamento";"Colisão transversal";"Com Vítimas Feridas";"Plena Noite";"Crescente";"Céu Claro";"Simples";"Em Obras;Interseção de Vias";"Sim";2;0;1;0;1;0;1;2;-28,38909223;-53,8924226;"SPRF-RS";"DEL10-RS";"UOP01-DEL10-RS"
758825;2026-03-16;"segunda-feira";"18:20:00";"RO";364;341,6;"JI-PARANA";"Ausência de reação do condutor";"Colisão com objeto";"Com Vítimas Feridas";"Anoitecer";"Crescente";"Céu Claro";"Dupla";"Reta";"Não";2;0;1;0;1;0;1;2;-10,93656;-61,93656;"SPRF-RO";"DEL02-RO";"UOP01-DEL02-RO"
758827;2026-03-16;"segunda-feira";"20:00:00";"DF";20;12;"BRASILIA";"Velocidade Incompatível";"Saída de leito carroçável";"Sem Vítimas";"Plena Noite";"Crescente";"Céu Claro";"Dupla";"Reta";"Não";2;0;0;0;2;0;0;1;-15,64122114;-47,75465012;"SPRF-DF";"DEL02-DF";"UOP01-DEL02-DF"
758828;2026-03-16;"segunda-feira";"13:00:00";"MG";365;371;"PATOS DE MINAS";"Pista Escorregadia";"Saída de leito carroçável";"Com Vítimas Feridas";"Pleno dia";"Decrescente";"Chuva";"Simples";"Reta";"Não";1;0;1;0;0;0;1;1;-18,53946;-46,19733;"SPRF-MG";"DEL10-MG";"UOP01-DEL10-MG"
758829;2026-03-16;"segunda-feira";"14:11:00";"AM";174;976;"MANAUS";"Acumulo de água sobre o pavimento";"Colisão frontal";"Com Vítimas Feridas";"Pleno dia";"Crescente";"Chuva";"Simples";"Declive";"Não";4;0;3;0;1;0;3;2;-2,172792;-60,00842;"SPRF-AM";"DEL01-AM";"UOP02-DEL01-AM"
758830;2026-03-16;"segunda-feira";"19:52:00";"SC";280;48,2;"GUARAMIRIM";"Suicídio (presumido)";"Atropelamento de Pedestre";"Com Vítimas Fatais";"Plena Noite";"Crescente";"Nublado";"Dupla";"Curva";"Não";3;1;0;0;2;0;0;3;-26,45437418;-48,92587272;"SPRF-SC";"DEL03-SC";"UOP03-DEL03-SC"
758831;2026-03-16;"segunda-feira";"20:50:00";"GO";153;442;"ANAPOLIS";"Animais na Pista";"Queda de ocupante de veículo";"Com Vítimas Feridas";"Plena Noite";"Decrescente";"Ignorado";"Dupla";"Aclive;Reta";"Sim";1;0;1;0;0;0;1;1;-16,344985;-48,925123;"SPRF-GO";"DEL02-GO";"UOP01-DEL02-GO"
758832;2026-03-16;"segunda-feira";"18:30:00";"MG";381;263;"TIMOTEO";"Avarias e/ou desgaste excessivo no pneu";"Tombamento";"Com Vítimas Feridas";"Plena Noite";"Crescente";"Céu Claro";"Simples";"Curva";"Não";3;0;2;0;0;1;2;2;-19,52456409;-42,64882922;"SPRF-MG";"DEL03-MG";"UOP02-DEL03-MG"
758833;2026-03-16;"segunda-feira";"21:25:00";"MG";381;495;"BETIM";"Reação tardia ou ineficiente do condutor";"Tombamento";"Com Vítimas Feridas";"Plena Noite";"Decrescente";"Céu Claro";"Múltipla";"Reta;Interseção de Vias";"Sim";1;0;0;1;0;0;1;1;-19,97450334;-44,18670487;"SPRF-MG";"DEL01-MG";"UOP03-DEL01-MG"
758834;2026-03-16;"segunda-feira";"20:40:00";"BA";116;16,4;"VITORIA DA CONQUISTA";"Manobra de mudança de faixa";"Colisão transversal";"Com Vítimas Feridas";"Plena Noite";"Decrescente";"Céu Claro";"Simples";"Reta;Interseção de Vias";"Não";3;0;1;0;2;0;1;2;-14,90239655;-40,84751972;"SPRF-BA";"DEL08-BA";"UOP01-DEL08-BA"
758835;2026-03-16;"segunda-feira";"18:30:00";"RJ";116;84,3;"TERESOPOLIS";"Reação tardia ou ineficiente do condutor";"Queda de ocupante de veículo";"Com Vítimas Feridas";"Plena Noite";"Decrescente";"Nublado";"Simples";"Declive;Reta";"Não";1;0;1;0;0;0;1;1;-22,420839;-42,94957;"SPRF-RJ";"DEL04-RJ";"UOP01-DEL04-RJ"
758836;2026-03-16;"segunda-feira";"21:15:00";"RS";285;537,8;"SAO LUIZ GONZAGA";"Ausência de reação do condutor";"Colisão com objeto";"Com Vítimas Feridas";"Plena Noite";"Crescente";"Nublado";"Simples";"Em Obras;Rotatória";"Não";1;0;1;0;0;0;1;1;-28,4010691;-54,65075819;"SPRF-RS";"DEL10-RS";"UOP01-DEL10-RS"
758837;2026-03-16;"segunda-feira";"19:20:00";"PE";232;409,7;"SERRA TALHADA";"Acessar a via sem observar a presença dos outros veículos";"Colisão transversal";"Com Vítimas Feridas";"Plena Noite";"Crescente";"Céu Claro";"Simples";"Interseção de Vias;Retorno Regulamentado;Ponte;Reta";"Sim";2;0;1;0;1;0;1;2;-7,988556;-38,255715;"SPRF-PE";"DEL04-PE";"UOP01-DEL04-PE"
758838;2026-03-16;"segunda-feira";"21:55:00";"GO";153;439;"ANAPOLIS";"Demais falhas mecânicas ou elétricas";"Incêndio";"Sem Vítimas";"Plena Noite";"Crescente";"Garoa/Chuvisco";"Dupla";"Reta";"Sim";1;0;0;0;1;0;0;1;-16,31527;-48,92182;"SPRF-GO";"DEL02-GO";"UOP01-DEL02-GO"
758840;2026-03-16;"segunda-feira";"18:20:00";"BA";101;814;"ITAMARAJU";"Animais na Pista";"Atropelamento de Animal";"Com Vítimas Feridas";"Anoitecer";"Decrescente";"Céu Claro";"Simples";"Reta";"Não";1;0;0;1;0;0;1;1;-17,07008;-39,559073;"SPRF-BA";"DEL09-BA";"UOP01-DEL09-BA"
758842;2026-03-16;"segunda-feira";"19:15:00";"RS";153;404;"CACHOEIRA DO SUL";"Ausência de reação do condutor";"Colisão transversal";"Com Vítimas Feridas";"Plena Noite";"Crescente";"Chuva";"Múltipla";"Reta";"Sim";2;0;0;1;1;0;1;2;-29,99853514;-52,92250363;"SPRF-RS";"DEL02-RS";"UOP03-DEL02-RS"
758844;2026-03-04;"quarta-feira";"18:00:00";"PR";476;149;"CURITIBA";"Condutor deixou de manter distância do veículo da frente";"Colisão traseira";"Com Vítimas Feridas";"Anoitecer";"Decrescente";"Nublado";"Dupla";"Reta";"Sim";2;0;1;0;0;1;1;2;-25,54254614;-49,30925243;"SPRF-PR";"DEL01-PR";"UOP06-DEL01-PR"
758846;2026-03-16;"segunda-feira";"22:00:00";"AP";210;6;"MACAPA";"Manobra de mudança de faixa";"Colisão transversal";"Sem Vítimas";"Plena Noite";"Decrescente";"Chuva";"Dupla";"Reta";"Não";8;0;0;0;8;0;0;2;0,092708;-51,110805;"SPRF-AP";"DEL01-AP";"UOP01-DEL01-AP"
758848;2026-03-16;"segunda-feira";"19:20:00";"RJ";101;295;"ITABORAI";"Manobra de mudança de faixa";"Colisão transversal";"Com Vítimas Fatais";"Plena Noite";"Decrescente";"Céu Claro";"Dupla";"Reta";"Não";2;1;0;0;1;0;0;2;-22,76395074;-42,90258765;"SPRF-RJ";"DEL02-RJ";"UOP02-DEL02-RJ"
758850;2026-03-16;"segunda-feira";"23:00:00";"RN";406;101;"JOAO CAMARA";"Transitar na contramão";"Colisão frontal";"Com Vítimas Feridas";"Plena Noite";"Crescente";"Céu Claro";"Simples";"Reta";"Não";3;0;1;0;2;0;1;3;-5,5391292;-35,808735;"SPRF-RN";"DEL02-RN";"UOP01-DEL02-RN"
758852;2026-03-16;"segunda-feira";"23:00:00";"MS";163;626;"SAO GABRIEL DO OESTE";"Ausência de reação do condutor";"Tombamento";"Com Vítimas Feridas";"Plena Noite";"Crescente";"Céu Claro";"Dupla";"Reta";"Não";1;0;1;0;0;0;1;1;-19,30821;-54,623377;"SPRF-MS";"DEL06-MS";"UOP02-DEL06-MS"
758857;2026-03-17;"terça-feira";"00:30:00";"GO";153;436;"ANAPOLIS";"Ausência de reação do condutor";"Colisão com objeto";"Com Vítimas Feridas";"Plena Noite";"Crescente";"Chuva";"Dupla";"Em Obras";"Sim";1;0;1;0;0;0;1;1;-16,3013866;-48,920935;"SPRF-GO";"DEL02-GO";"UOP01-DEL02-GO"
758858;2026-03-17;"terça-feira";"00:20:00";"PR";376;463,9;"PONTA GROSSA";"Velocidade Incompatível";"Saída de leito carroçável";"Com Vítimas Feridas";"Plena Noite";"Decrescente";"Céu Claro";"Dupla";"Curva";"Não";1;0;1;0;0;0;1;1;-25,01850516;-50,33562183;"SPRF-PR";"DEL03-PR";"UOP01-DEL03-PR"
758862;2026-03-17;"terça-feira";"02:00:00";"RJ";493;105;"SEROPEDICA";"Ausência de reação do condutor";"Tombamento";"Com Vítimas Feridas";"Pleno dia";"Decrescente";"Céu Claro";"Dupla";"Retorno Regulamentado;Reta";"Não";3;0;1;0;2;0;1;1;-22,7809297;-43,74996185;"SPRF-RJ";"DEL01-RJ";"UOP03-DEL01-RJ"
758866;2026-03-17;"terça-feira";"05:50:00";"SC";470;35,8;"GASPAR";"Acesso irregular";"Colisão com objeto";"Com Vítimas Feridas";"Amanhecer";"Decrescente";"Céu Claro";"Dupla";"Em Obras;Reta";"Não";1;0;0;1;0;0;1;1;-26,9138968;-48,9666564;"SPRF-SC";"DEL04-SC";"UOP01-DEL04-SC"
758868;2026-03-17;"terça-feira";"05:56:00";"PB";230;26,1;"JOAO PESSOA";"Manobra de mudança de faixa";"Colisão lateral mesmo sentido";"Com Vítimas Feridas";"Amanhecer";"Decrescente";"Nublado";"Múltipla";"Reta";"Não";2;0;0;1;0;1;1;2;-7,16935926;-34,87911969;"SPRF-PB";"DEL01-PB";"UOP01-DEL01-PB"
758870;2026-03-17;"terça-feira";"05:17:00";"TO";153;324,8;"GUARAI";"Pista esburacada";"Tombamento";"Com Vítimas Feridas";"Amanhecer";"Decrescente";"Chuva";"Simples";"Reta";"Não";1;0;1;0;0;0;1;1;-8,75299;-48,509183;"SPRF-TO";"DEL02-TO";"UOP02-DEL02-TO"
758872;2026-03-17;"terça-feira";"04:48:00";"MT";174;294;"PONTES E LACERDA";"Animais na Pista";"Atropelamento de Animal";"Com Vítimas Feridas";"Amanhecer";"Crescente";"Céu Claro";"Simples";"Aclive";"Não";1;0;1;0;0;0;1;1;-15,20184;-59,32185167;"SPRF-MT";"DEL04-MT";"UOP01-DEL04-MT"
758874;2026-03-17;"terça-feira";"05:30:00";"MG";153;164,1;"COMENDADOR GOMES";"Ausência de reação do condutor";"Saída de leito carroçável";"Com Vítimas Feridas";"Amanhecer";"Decrescente";"Nublado";"Simples";"Reta";"Não";2;0;1;0;1;0;1;1;-19,633944;-49,044939;"SPRF-MG";"DEL13-MG";"UOP02-DEL13-MG"