"id";"data_inversa";"dia_semana";"horario";"uf";"br";"km";"municipio";"causa_acidente";"tipo_acidente";"classificacao_acidente";"fase_dia";"sentido_via";"condicao_metereologica";"tipo_pista";"tracado_via";"uso_solo";"pessoas";"mortos";"feridos_leves";"feridos_graves";"ilesos";"ignorados";"feridos";"veiculos";"latitude";"longitude";"regional";"delegacia";"uop"
761830;2026-03-30;"segunda-feira";"18:15:00";"PR";369;106,8;"URAI";"Reação tardia ou ineficiente do condutor";"Saída de leito carroçável";"Com Vítimas Feridas";"Anoitecer";"Crescente";"Nublado";"Dupla";"Curva";"Não";3;0;3;0;0;0;3;1;-23,261258;-50,775348;"SPRF-PR";"DEL07-PR";"UOP05-DEL07-PR"
761834;2026-03-30;"segunda-feira";"18:00:00";"SC";101;31;"JOINVILLE";"Avarias e/ou desgaste excessivo no pneu";"Colisão com objeto";"Com Vítimas Feridas";"Anoitecer";"Decrescente";"Nublado";"Dupla";"Reta";"Sim";1;0;0;1;0;0;1;1;-26,23407542;-48,91618459;"SPRF-SC";"DEL03-SC";"UOP01-DEL03-SC"
761835;2026-03-30;"segunda-feira";"18:20:00";"SP";116;312;"SAO LOURENCO DA SERRA";"Acessar a via sem observar a presença dos outros veículos";"Colisão lateral mesmo sentido";"Com Vítimas Feridas";"Plena Noite";"Crescente";"Céu Claro";"Simples";"Interseção de Vias";"Não";3;0;1;0;2;0;1;2;-23,88159286;-46,97209632;"SPRF-SP";"DEL04-SP";"UOP01-DEL04-SP"
761837;2026-03-30;"segunda-feira";"16:39:00";"RO";421;18,8;"MONTE NEGRO";"Acumulo de areia ou detritos sobre o pavimento";"Saída de leito carroçável";"Com Vítimas Feridas";"Pleno dia";"Crescente";"Céu Claro";"Simples";"Em Obras;Curva";"Não";5;0;2;0;2;1;2;2;-10,030992;-63,178177;"SPRF-RO";"DEL03-RO";"UOP01-DEL03-RO"
761838;2026-03-30;"segunda-feira";"19:20:00";"CE";222;312;"TIANGUA";"Ingestão de álcool pelo condutor";"Colisão traseira";"Sem Vítimas";"Plena Noite";"Decrescente";"Chuva";"Múltipla";"Reta";"Sim";2;0;0;0;2;0;0;2;-3,721191;-40,995318;"SPRF-CE";"DEL04-CE";"UOP02-DEL04-CE"
761839;2026-03-30;"segunda-feira";"18:00:00";"RJ";465;2;"SEROPEDICA";"Ultrapassagem Indevida";"Colisão lateral sentido oposto";"Com Vítimas Fatais";"Plena Noite";"Crescente";"Nublado";"Simples";"Reta";"Sim";3;2;0;0;1;0;0;3;-22,722573;-43,721998;"SPRF-RJ";"DEL06-RJ";"UOP02-DEL06-RJ"
761840;2026-03-30;"segunda-feira";"19:10:00";"MG";381;510;"SAO JOAQUIM DE BICAS";"Reação tardia ou ineficiente do condutor";"Colisão transversal";"Com Vítimas Feridas";"Plena Noite";"Crescente";"Nublado";"Dupla";"Interseção de Vias";"Sim";3;0;1;0;2;0;1;2;-20,05721119;-44,28775549;"SPRF-MG";"DEL01-MG";"UOP03-DEL01-MG"
761842;2026-03-30;"segunda-feira";"19:05:00";"MS";163;466;"CAMPO GRANDE";"Pedestre andava na pista";"Atropelamento de Pedestre";"Com Vítimas Feridas";"Plena Noite";"Crescente";"Céu Claro";"Simples";"Reta";"Sim";2;0;0;1;1;0;1;2;-20,582259;-54,581161;"SPRF-MS";"DEL01-MS";"UOP01-DEL01-MS"
761843;2026-03-30;"segunda-feira";"18:40:00";"MT";364;199;"RONDONOPOLIS";"Reação tardia ou ineficiente do condutor";"Saída de leito carroçável";"Com Vítimas Feridas";"Anoitecer";"Crescente";"Céu Claro";"Dupla";"Retorno Regulamentado;Reta";"Não";1;0;0;1;0;0;1;1;-16,497545;-54,636782;"SPRF-MT";"DEL02-MT";"UOP01-DEL02-MT"
761846;2026-03-30;"segunda-feira";"19:00:00";"MS";376;118;"IVINHEMA";"Ultrapassagem Indevida";"Colisão lateral mesmo sentido";"Com Vítimas Feridas";"Plena Noite";"Crescente";"Céu Claro";"Simples";"Declive;Reta";"Não";3;0;0;1;2;0;1;3;-22,319008;-53,812968;"SPRF-MS";"DEL04-MS";"UOP04-DEL04-MS"
761847;2026-03-30;"segunda-feira";"18:00:00";"SC";116;177,7;"SAO CRISTOVAO DO SUL";"Reação tardia ou ineficiente do condutor";"Colisão com objeto";"Com Vítimas Feridas";"Anoitecer";"Crescente";"Chuva";"Simples";"Reta";"Não";2;0;1;0;1;0;1;1;-27,250708;-50,455068;"SPRF-SC";"DEL05-SC";"UOP03-DEL05-SC"
761849;2026-03-30;"segunda-feira";"20:00:00";"PE";101;68;"RECIFE";"Ausência de sinalização";"Colisão com objeto";"Com Vítimas Feridas";"Plena Noite";"Decrescente";"Chuva";"Múltipla";"Reta";"Sim";2;0;1;0;1;0;1;1;-8,0572501;-34,9461466;"SPRF-PE";"DEL01-PE";"UOP01-DEL01-PE"
761851;2026-03-30;"segunda-feira";"19:20:00";"PR";376;221,5;"CAMBIRA";"Pedestre - Ingestão de álcool/ substâncias psicoativas";"Atropelamento de Pedestre";"Com Vítimas Feridas";"Plena Noite";"Crescente";"Céu Claro";"Dupla";"Reta;Declive";"Não";4;0;0;1;3;0;1;2;-23,601281;-51,602212;"SPRF-PR";"DEL09-PR";"UOP01-DEL09-PR"
761854;2026-03-30;"segunda-feira";"17:40:00";"RS";386;175;"CARAZINHO";"Retorno proibido";"Colisão transversal";"Com Vítimas Feridas";"Pleno dia";"Decrescente";"Céu Claro";"Simples";"Reta";"Sim";2;0;2;0;0;0;2;2;-28,270222;-52,779223;"SPRF-RS";"DEL08-RS";"UOP01-DEL08-RS"
761856;2026-03-30;"segunda-feira";"20:02:00";"PR";153;94,9;"JAPIRA";"Animais na Pista";"Atropelamento de Animal";"Com Vítimas Feridas";"Plena Noite";"Crescente";"Céu Claro";"Simples";"Curva";"Não";1;0;0;1;0;0;1;1;-23,7276976;-50,17660825;"SPRF-PR";"DEL07-PR";"UOP04-DEL07-PR"
761857;2026-03-30;"segunda-feira";"20:50:00";"PR";469;18;"FOZ DO IGUACU";"Reação tardia ou ineficiente do condutor";"Colisão com objeto";"Sem Vítimas";"Plena Noite";"Crescente";"Céu Claro";"Simples";"Desvio Temporário;Em Obras";"Não";1;0;0;0;0;1;0;1;-25,60316445;-54,49928848;"SPRF-PR";"DEL05-PR";"UOP04-DEL05-PR"
761859;2026-03-30;"segunda-feira";"16:30:00";"MG";116;501,4;"INHAPIM";"Retorno proibido";"Colisão transversal";"Com Vítimas Feridas";"Pleno dia";"Crescente";"Céu Claro";"Simples";"Reta";"Não";2;0;1;1;0;0;2;2;-19,575367;-42,117167;"SPRF-MG";"DEL06-MG";"UOP02-DEL06-MG"
761860;2026-03-30;"segunda-feira";"18:40:00";"SC";282;605;"MARAVILHA";"Desrespeitar a preferência no cruzamento";"Colisão transversal";"Com Vítimas Feridas";"Anoitecer";"Decrescente";"Céu Claro";"Múltipla";"Rotatória";"Sim";2;0;1;0;1;0;1;2;-26,782799;-53,197033;"SPRF-SC";"DEL07-SC";"UOP02-DEL07-SC"
761862;2026-03-30;"segunda-feira";"19:10:00";"PE";101;109;"CABO DE SANTO AGOSTINHO";"Reação tardia ou ineficiente do condutor";"Saída de leito carroçável";"Sem Vítimas";"Plena Noite";"Crescente";"Céu Claro";"Dupla";"Reta";"Não";7;0;0;0;0;7;0;1;-8,31361;-35,10282;"SPRF-PE";"DEL01-PE";"UOP03-DEL01-PE"
761863;2026-03-30;"segunda-feira";"21:40:00";"RJ";101;478;"ANGRA DOS REIS";"Condutor deixou de manter distância do veículo da frente";"Colisão traseira";"Com Vítimas Feridas";"Plena Noite";"Crescente";"Céu Claro";"Simples";"Curva";"Sim";2;0;1;0;1;0;1;2;-22,9895731;-44,2418139;"SPRF-RJ";"DEL03-RJ";"UOP03-DEL03-RJ"
761864;2026-03-30;"segunda-feira";"20:45:00";"PR";163;147,1;"SANTA LUCIA";"Reação tardia ou ineficiente do condutor";"Queda de ocupante de veículo";"Com Vítimas Feridas";"Plena Noite";"Decrescente";"Céu Claro";"Dupla";"Curva";"Não";1;0;1;0;0;0;1;1;-25,417617;-53,573163;"SPRF-PR";"DEL05-PR";"UOP05-DEL05-PR"
761865;2026-03-30;"segunda-feira";"22:50:00";"MG";40;506,5;"RIBEIRAO DAS NEVES";"Ausência de reação do condutor";"Colisão traseira";"Com Vítimas Feridas";"Plena Noite";"Decrescente";"Céu Claro";"Dupla";"Reta";"Não";2;0;0;1;1;0;1;2;-19,74601024;-44,14780834;"SPRF-MG";"DEL02-MG";"UOP01-DEL02-MG"
761866;2026-03-30;"segunda-feira";"19:30:00";"RS";287;264;"SANTA MARIA";"Ausência de reação do condutor";"Saída de leito carroçável";"Com Vítimas Feridas";"Plena Noite";"Decrescente";"Céu Claro";"Simples";"Declive;Reta";"Não";1;0;0;1;0;0;1;1;-29,672005;-54,007837;"SPRF-RS";"DEL09-RS";"UOP01-DEL09-RS"
761867;2026-03-30;"segunda-feira";"18:00:00";"SC";282;466,9;"PONTE SERRADA";"Ausência de reação do condutor";"Saída de leito carroçável";"Com Vítimas Feridas";"Anoitecer";"Crescente";"Chuva";"Simples";"Reta";"Não";1;0;1;0;0;0;1;1;-26,852423;-52,070173;"SPRF-SC";"DEL07-SC";"UOP04-DEL07-SC"
761868;2026-03-30;"segunda-feira";"22:15:00";"SC";101;416,2;"ARARANGUA";"Desrespeitar a preferência no cruzamento";"Colisão frontal";"Com Vítimas Feridas";"Plena Noite";"Crescente";"Nublado";"Múltipla";"Interseção de Vias";"Sim";4;0;2;0;1;1;2;3;-28,973821;-49,529913;"SPRF-SC";"DEL02-SC";"UOP02-DEL02-SC"
761871;2026-03-30;"segunda-feira";"11:10:00";"DF";80;14;"BRASILIA";"Ultrapassagem Indevida";"Colisão lateral mesmo sentido";"Com Vítimas Feridas";"Pleno dia";"Crescente";"Céu Claro";"Simples";"Reta;Declive";"Não";2;0;1;0;1;0;1;2;-15,71504446;-48,19789513;"SPRF-DF";"DEL03-DF";"UOP02-DEL03-DF"
761873;2026-03-30;"segunda-feira";"23:45:00";"MG";40;527;"CONTAGEM";"Velocidade Incompatível";"Capotamento";"Com Vítimas Feridas";"Plena Noite";"Crescente";"Nublado";"Múltipla";"Curva";"Não";2;0;2;0;0;0;2;1;-19,90295119;-44,0496475;"SPRF-MG";"DEL01-MG";"UOP02-DEL01-MG"
761874;2026-03-30;"segunda-feira";"22:32:00";"PB";230;362;"MALTA";"Transitar na contramão";"Colisão lateral sentido oposto";"Sem Vítimas";"Plena Noite";"Crescente";"Céu Claro";"Simples";"Declive;Reta";"Não";4;0;0;0;4;0;0;2;-6,910218;-37,499758;"SPRF-PB";"DEL03-PB";"UOP02-DEL03-PB"
761881;2026-03-31;"terça-feira";"02:40:00";"PB";230;13,2;"CABEDELO";"Afundamento ou ondulação no pavimento";"Tombamento";"Com Vítimas Feridas";"Plena Noite";"Crescente";"Chuva";"Dupla";"Reta";"Sim";1;0;0;1;0;0;1;1;-7,0824356;-34,8484355;"SPRF-PB";"DEL01-PB";"UOP01-DEL01-PB"
761882;2026-03-31;"terça-feira";"01:00:00";"RS";116;266;"CANOAS";"Ausência de reação do condutor";"Colisão com objeto";"Com Vítimas Feridas";"Plena Noite";"Crescente";"Céu Claro";"Dupla";"Viaduto;Em Obras;Reta";"Não";1;0;1;0;0;0;1;1;-29,92840731;-51,17771972;"SPRF-RS";"DEL01-RS";"UOP01-DEL01-RS"
761883;2026-03-31;"terça-feira";"02:00:00";"PE";232;64;"POMBOS";"Condutor deixou de manter distância do veículo da frente";"Colisão traseira";"Sem Vítimas";"Plena Noite";"Crescente";"Nublado";"Dupla";"Reta;Aclive";"Não";2;0;0;0;2;0;0;2;-8,162368;-35,44191;"SPRF-PE";"DEL02-PE";"UOP02-DEL02PE"
761889;2026-03-31;"terça-feira";"05:40:00";"RJ";116;286,1;"BARRA MANSA";"Demais falhas mecânicas ou elétricas";"Tombamento";"Com Vítimas Feridas";"Amanhecer";"Decrescente";"Céu Claro";"Dupla";"Reta";"Não";1;0;1;0;0;0;1;1;-22,500127;-44,230188;"SPRF-RJ";"DEL07-RJ";"UOP02-DEL07-RJ"
761890;2026-03-31;"terça-feira";"06:06:00";"ES";101;296,4;"CARIACICA";"Manobra de mudança de faixa";"Colisão lateral mesmo sentido";"Com Vítimas Feridas";"Pleno dia";"Decrescente";"Céu Claro";"Dupla";"Reta;Aclive";"Não";3;0;0;1;1;1;1;3;-20,34413308;-40,40802665;"SPRF-ES";"DEL01-ES";"UOP01-DEL01-ES"
761891;2026-03-31;"terça-feira";"05:50:00";"RN";101;109;"PARNAMIRIM";"Acessar a via sem observar a presença dos outros veículos";"Colisão lateral mesmo sentido";"Com Vítimas Feridas";"Pleno dia";"Decrescente";"Céu Claro";"Simples";"Interseção de Vias;Viaduto";"Sim";2;0;0;1;1;0;1;2;-5,94003661;-35,26493311;"SPRF-RN";"DEL01-RN";"UOP01-DEL01-RN"
761892;2026-03-31;"terça-feira";"01:30:00";"MG";381;498,3;"BETIM";"Ingestão de álcool pelo condutor";"Colisão com objeto";"Com Vítimas Feridas";"Pleno dia";"Crescente";"Nublado";"Múltipla";"Declive;Curva";"Sim";2;0;2;0;0;0;2;1;-19,9900769;-44,2064018;"SPRF-MG";"DEL01-MG";"UOP03-DEL01-MG"
761893;2026-03-31;"terça-feira";"05:20:00";"PR";116;118;"CURITIBA";"Manobra de mudança de faixa";"Colisão transversal";"Com Vítimas Feridas";"Amanhecer";"Crescente";"Céu Claro";"Dupla";"Reta";"Sim";2;0;1;0;1;0;1;2;-25,5683472;-49,3101972;"SPRF-PR";"DEL01-PR";"UOP03-DEL01-PR"
761894;2026-03-31;"terça-feira";"07:30:00";"SP";116;220;"GUARULHOS";"Manobra de mudança de faixa";"Colisão lateral mesmo sentido";"Com Vítimas Feridas";"Pleno dia";"Crescente";"Céu Claro";"Múltipla";"Reta";"Sim";2;0;1;0;1;0;1;2;-23,46450607;-46,49894714;"SPRF-SP";"DEL01-SP";"UOP01-DEL01-SP"
761896;2026-03-31;"terça-feira";"07:05:00";"SP";116;209;"GUARULHOS";"Reação tardia ou ineficiente do condutor";"Colisão traseira";"Com Vítimas Feridas";"Pleno dia";"Decrescente";"Garoa/Chuvisco";"Dupla";"Reta;Declive";"Sim";2;0;1;0;1;0;1;2;-23,42873134;-46,41029326;"SPRF-SP";"DEL01-SP";"UOP01-DEL01-SP"
761897;2026-03-31;"terça-feira";"07:23:00";"PR";469;12;"FOZ DO IGUACU";"Condutor deixou de manter distância do veículo da frente";"Colisão traseira";"Com Vítimas Feridas";"Pleno dia";"Decrescente";"Céu Claro";"Dupla";"Reta";"Sim";3;0;2;0;1;0;2;2;-25,57511759;-54,54969406;"SPRF-PR";"DEL05-PR";"UOP04-DEL05-PR"
761898;2026-03-31;"terça-feira";"07:20:00";"SC";101;78,9;"ARAQUARI";"Acumulo de água sobre o pavimento";"Colisão com objeto";"Com Vítimas Feridas";"Pleno dia";"Decrescente";"Chuva";"Dupla";"Reta";"Sim";1;0;1;0;0;0;1;1;-26,59326134;-48,72213213;"SPRF-SC";"DEL03-SC";"UOP02-DEL03-SC"
761901;2026-03-31;"terça-feira";"07:40:00";"PR";153;47,2;"SANTO ANTONIO DA PLATINA";"Condutor deixou de manter distância do veículo da frente";"Colisão traseira";"Com Vítimas Feridas";"Pleno dia";"Crescente";"Céu Claro";"Simples";"Curva";"Não";2;0;1;0;1;0;1;2;-23,36536179;-50,0657212;"SPRF-PR";"DEL07-PR";"UOP04-DEL07-PR"
761902;2026-03-31;"terça-feira";"07:50:00";"PE";101;65,4;"RECIFE";"Manobra de mudança de faixa";"Queda de ocupante de veículo";"Com Vítimas Feridas";"Pleno dia";"Crescente";"Céu Claro";"Múltipla";"Reta";"Sim";3;0;1;0;1;1;1;2;-8,02813;-34,9431;"SPRF-PE";"DEL01-PE";"UOP01-DEL01-PE"
761903;2026-03-31;"terça-feira";"07:40:00";"SC";101;209,9;"SAO JOSE";"Frear bruscamente";"Engavetamento";"Com Vítimas Feridas";"Pleno dia";"Decrescente";"Nublado";"Dupla";"Aclive;Reta";"Sim";3;0;0;1;2;0;1;3;-27,6159;-48,6447;"SPRF-SC";"DEL01-SC";"UOP01-DEL01-SC"
761905;2026-03-31;"terça-feira";"07:40:00";"PI";343;344;"TERESINA";"Conversão proibida";"Colisão transversal";"Com Vítimas Feridas";"Pleno dia";"Crescente";"Céu Claro";"Dupla";"Reta";"Sim";1;0;0;1;0;0;1;1;-5,102003;-42,766228;"SPRF-PI";"DEL01-PI";"UOP01-DEL01-PI"
761906;2026-03-31;"terça-feira";"07:45:00";"PB";101;91;"JOAO PESSOA";"Manobra de mudança de faixa";"Colisão lateral mesmo sentido";"Com Vítimas Feridas";"Pleno dia";"Decrescente";"Sol";"Dupla";"Reta";"Sim";2;0;1;0;1;0;1;2;-7,19079503;-34,90369588;"SPRF-PB";"DEL01-PB";"UOP01-DEL01-PB"
761907;2026-03-31;"terça-feira";"08:23:00";"ES";101;208;"JOAO NEIVA";"Entrada inopinada do pedestre";"Atropelamento de Pedestre";"Com Vítimas Feridas";"Pleno dia";"Crescente";"Céu Claro";"Simples";"Reta";"Não";2;0;1;0;1;0;1;2;-19,76101604;-40,37653248;"SPRF-ES";"DEL02-ES";"UOP01-DEL02-ES"
761908;2026-03-31;"terça-feira";"08:00:00";"CE";116;26;"AQUIRAZ";"Ausência de reação do condutor";"Engavetamento";"Com Vítimas Feridas";"Pleno dia";"Decrescente";"Céu Claro";"Dupla";"Declive";"Sim";3;0;1;0;2;0;1;3;-3,972547;-38,514453;"SPRF-CE";"DEL01-CE";"UOP02-DEL01-CE"
761909;2026-03-31;"terça-feira";"07:30:00";"RJ";116;190;"NOVA IGUACU";"Demais falhas mecânicas ou elétricas";"Colisão lateral mesmo sentido";"Com Vítimas Feridas";"Pleno dia";"Decrescente";"Céu Claro";"Dupla";"Reta";"Sim";2;0;0;1;1;0;1;2;-22,74358983;-43,50555897;"SPRF-RJ";"DEL06-RJ";"UOP01-DEL06-RJ"
761910;2026-03-31;"terça-feira";"07:58:00";"PR";369;161,2;"CAMBE";"Trafegar com motocicleta (ou similar) entre as faixas";"Colisão lateral mesmo sentido";"Com Vítimas Feridas";"Pleno dia";"Crescente";"Céu Claro";"Dupla";"Interseção de Vias;Reta";"Sim";2;0;1;0;1;0;1;2;-23,289908;-51,263328;"SPRF-PR";"DEL07-PR";"UOP01-DEL07-PR"
761913;2026-03-31;"terça-feira";"08:10:00";"DF";20;7,8;"BRASILIA";"Condutor deixou de manter distância do veículo da frente";"Colisão traseira";"Com Vítimas Feridas";"Pleno dia";"Decrescente";"Céu Claro";"Dupla";"Reta";"Sim";3;0;1;0;2;0;1;1;-15,658355;-47,791537;"SPRF-DF";"DEL02-DF";"UOP01-DEL02-DF"
761914;2026-03-31;"terça-feira";"07:30:00";"PI";316;1,3;"TERESINA";"Ausência de reação do condutor";"Colisão traseira";"Com Vítimas Feridas";"Pleno dia";"Decrescente";"Céu Claro";"Dupla";"Viaduto";"Sim";2;0;0;1;1;0;1;2;-5,124833;-42,799513;"SPRF-PI";"DEL01-PI";"UOP02-DEL01-PI"
761916;2026-03-31;"terça-feira";"08:30:00";"RJ";101;322;"NITEROI";"Demais falhas mecânicas ou elétricas";"Incêndio";"Sem Vítimas";"Pleno dia";"Crescente";"Céu Claro";"Múltipla";"Reta";"Sim";1;0;0;0;1;0;0;1;-22,8748145;-43,1205397;"SPRF-RJ";"DEL02-RJ";"UOP01-DEL02-RJ"
761918;2026-03-31;"terça-feira";"08:45:00";"PB";230;27,5;"JOAO PESSOA";"Reação tardia ou ineficiente do condutor";"Tombamento";"Com Vítimas Feridas";"Pleno dia";"Crescente";"Céu Claro";"Dupla";"Reta";"Sim";1;0;1;0;0;0;1;1;-7,16607101;-34,88845322;"SPRF-PB";"DEL01-PB";"UOP01-DEL01-PB"
761922;2026-03-31;"terça-feira";"09:15:00";"SC";101;215;"PALHOCA";"Trafegar com motocicleta (ou similar) entre as faixas";"Colisão lateral mesmo sentido";"Com Vítimas Feridas";"Pleno dia";"Decrescente";"Céu Claro";"Múltipla";"Reta";"Sim";2;0;1;0;1;0;1;2;-27,65194758;-48,67610542;"SPRF-SC";"DEL01-SC";"UOP02-DEL01-SC"
761924;2026-03-31;"terça-feira";"08:50:00";"PR";277;730;"FOZ DO IGUACU";"Acessar a via sem observar a presença dos outros veículos";"Atropelamento de Pedestre";"Com Vítimas Feridas";"Pleno dia";"Crescente";"Céu Claro";"Múltipla";"Reta";"Sim";2;0;0;1;1;0;1;2;-25,507192;-54,584744;"SPRF-PR";"DEL05-PR";"UOP03-DEL05-PR"
761928;2026-03-31;"terça-feira";"08:40:00";"MG";381;487;"BETIM";"Velocidade Incompatível";"Colisão com objeto";"Com Vítimas Feridas";"Pleno dia";"Decrescente";"Céu Claro";"Múltipla";"Curva";"Sim";1;0;1;0;0;0;1;1;-19,957466;-44,119662;"SPRF-MG";"DEL01-MG";"UOP03-DEL01-MG"
761929;2026-03-31;"terça-feira";"02:35:00";"RJ";40;113;"DUQUE DE CAXIAS";"Ausência de reação do condutor";"Queda de ocupante de veículo";"Com Vítimas Feridas";"Plena Noite";"Decrescente";"Céu Claro";"Simples";"Curva";"Sim";2;0;1;0;1;0;1;1;-22,70239466;-43,29072475;"SPRF-RJ";"DEL01-RJ";"UOP02-DEL01-RJ"
761931;2026-03-31;"terça-feira";"09:30:00";"SC";282;5;"SAO JOSE";"Pista Escorregadia";"Queda de ocupante de veículo";"Com Vítimas Feridas";"Pleno dia";"Decrescente";"Nublado";"Múltipla";"Curva;Aclive";"Não";4;0;1;0;3;0;1;4;-27,58569298;-48,61778196;"SPRF-SC";"DEL01-SC";"UOP01-DEL01-SC"
761932;2026-03-31;"terça-feira";"07:40:00";"RJ";40;102;"DUQUE DE CAXIAS";"Ultrapassagem Indevida";"Colisão frontal";"Com Vítimas Feridas";"Pleno dia";"Decrescente";"Céu Claro";"Simples";"Reta";"Não";2;0;1;0;1;0;1;2;-22,60637729;-43,28433685;"SPRF-RJ";"DEL01-RJ";"UOP02-DEL01-RJ"
761934;2026-03-31;"terça-feira";"07:45:00";"RO";421;3;"ARIQUEMES";"Acessar a via sem observar a presença dos outros veículos";"Colisão transversal";"Com Vítimas Feridas";"Pleno dia";"Decrescente";"Nevoeiro/Neblina";"Simples";"Reta";"Não";2;0;0;2;0;0;2;2;-9,932512;-63,083464;"SPRF-RO";"DEL03-RO";"UOP01-DEL03-RO"
761935;2026-03-31;"terça-feira";"09:00:00";"MS";163;216;"CAARAPO";"Ausência de reação do condutor";"Saída de leito carroçável";"Com Vítimas Feridas";"Pleno dia";"Decrescente";"Céu Claro";"Simples";"Reta";"Não";1;0;1;0;0;0;1;1;-22,56333641;-54,82559377;"SPRF-MS";"DEL04-MS";"UOP02-DEL04-MS"
761936;2026-03-31;"terça-feira";"09:30:00";"RS";448;18;"CANOAS";"Ausência de reação do condutor";"Colisão traseira";"Com Vítimas Feridas";"Pleno dia";"Decrescente";"Céu Claro";"Múltipla";"Reta";"Não";2;0;1;0;1;0;1;2;-29,93795235;-51,20695026;"SPRF-RS";"DEL01-RS";"UOP01-DEL01-RS"
761938;2026-03-31;"terça-feira";"08:55:00";"RO";319;142;"PORTO VELHO";"Condutor deixou de manter distância do veículo da frente";"Tombamento";"Com Vítimas Feridas";"Pleno dia";"Crescente";"Céu Claro";"Dupla";"Reta";"Sim";2;0;1;0;1;0;1;2;-8,747704;-63,888531;"SPRF-RO";"DEL01-RO";"UOP01-DEL01-RO"
761939;2026-03-31;"terça-feira";"07:50:00";"BA";101;720,5;"EUNAPOLIS";"Acessar a via sem observar a presença dos outros veículos";"Colisão transversal";"Com Vítimas Feridas";"Pleno dia";"Decrescente";"Céu Claro";"Simples";"Aclive;Curva;Interseção de Vias";"Não";4;0;3;0;1;0;3;2;-16,396607;-39,580075;"SPRF-BA";"DEL09-BA";"UOP01-DEL09-BA"
761942;2026-03-31;"terça-feira";"09:00:00";"BA";101;808;"ITAMARAJU";"Acessar a via sem observar a presença dos outros veículos";"Colisão transversal";"Com Vítimas Feridas";"Pleno dia";"Decrescente";"Céu Claro";"Simples";"Reta";"Sim";2;0;1;0;1;0;1;2;-17,024425;-39,54031;"SPRF-BA";"DEL09-BA";"UOP01-DEL09-BA"
761943;2026-03-31;"terça-feira";"08:30:00";"PR";277;83;"CURITIBA";"Ausência de reação do condutor";"Queda de ocupante de veículo";"Com Vítimas Feridas";"Pleno dia";"Crescente";"Garoa/Chuvisco";"Dupla";"Reta";"Não";1;0;1;0;0;0;1;1;-25,4479812;-49,23011653;"SPRF-PR";"DEL01-PR";"UOP03-DEL01-PR"
761944;2026-03-31;"terça-feira";"08:25:00";"SC";101;114;"ITAJAI";"Acesso irregular";"Colisão lateral sentido oposto";"Com Vítimas Feridas";"Pleno dia";"Decrescente";"Céu Claro";"Múltipla";"Reta";"Sim";3;0;3;0;0;0;3;2;-26,8681775;-48,72987642;"SPRF-SC";"DEL04-SC";"UOP04-DEL04-SC"
761947;2026-03-24;"terça-feira";"19:00:00";"RJ";101;312;"SAO GONCALO";"Demais falhas mecânicas ou elétricas";"Incêndio";"Sem Vítimas";"Plena Noite";"Decrescente";"Céu Claro";"Dupla";"Reta";"Sim";1;0;0;0;1;0;0;1;-22,80554892;-43,06140339;"SPRF-RJ";"DEL02-RJ";"UOP02-DEL02-RJ"
761948;2026-03-31;"terça-feira";"11:00:00";"RJ";101;478;"ANGRA DOS REIS";"Ausência de reação do condutor";"Colisão traseira";"Com Vítimas Feridas";"Pleno dia";"Crescente";"Chuva";"Simples";"Reta;Declive";"Sim";3;0;1;0;2;0;1;2;-23,00538397;-44,2766032;"SPRF-RJ";"DEL03-RJ";"UOP03-DEL03-RJ"
761949;2026-03-31;"terça-feira";"08:05:00";"SC";101;25;"JOINVILLE";"Ausência de reação do condutor";"Colisão transversal";"Com Vítimas Feridas";"Pleno dia";"Decrescente";"Chuva";"Simples";"Interseção de Vias";"Sim";2;0;1;0;1;0;1;2;-26,18488782;-48,91046612;"SPRF-SC";"DEL03-SC";"UOP01-DEL03-SC"
761950;2026-03-31;"terça-feira";"10:00:00";"RO";364;340;"JI-PARANA";"Entrada inopinada do pedestre";"Atropelamento de Pedestre";"Com Vítimas Feridas";"Pleno dia";"Crescente";"Céu Claro";"Dupla";"Reta";"Sim";2;0;0;1;1;0;1;2;-10,895352;-61,930425;"SPRF-RO";"DEL02-RO";"UOP01-DEL02-RO"
761951;2026-03-31;"terça-feira";"12:40:00";"MG";365;59;"CLARO DOS POCOES";"Velocidade Incompatível";"Saída de leito carroçável";"Com Vítimas Feridas";"Pleno dia";"Decrescente";"Chuva";"Simples";"Curva";"Não";2;0;1;0;1;0;1;1;-16,99285;-44,273399;"SPRF-MG";"DEL12-MG";"UOP01-DEL12-MG"
761955;2026-03-20;"sexta-feira";"20:00:00";"MG";381;479;"CONTAGEM";"Pedestre cruzava a pista fora da faixa";"Atropelamento de Pedestre";"Com Vítimas Feridas";"Pleno dia";"Crescente";"Céu Claro";"Dupla";"Curva";"Sim";2;0;0;1;1;0;1;2;-19,96421496;-44,04431641;"SPRF-MG";"DEL01-MG";"UOP03-DEL01-MG"
761957;2026-03-31;"terça-feira";"10:00:00";"PR";277;675;"MEDIANEIRA";"Avarias e/ou desgaste excessivo no pneu";"Capotamento";"Com Vítimas Feridas";"Pleno dia";"Crescente";"Céu Claro";"Dupla";"Reta";"Sim";2;0;1;0;1;0;1;1;-25,29517537;-54,11553796;"SPRF-PR";"DEL05-PR";"UOP01-DEL05-PR"