"id";"data_inversa";"dia_semana";"horario";"uf";"br";"km";"municipio";"causa_acidente";"tipo_acidente";"classificacao_acidente";"fase_dia";"sentido_via";"condicao_metereologica";"tipo_pista";"tracado_via";"uso_solo";"pessoas";"mortos";"feridos_leves";"feridos_graves";"ilesos";"ignorados";"feridos";"veiculos";"latitude";"longitude";"regional";"delegacia";"uop"
761958;2026-03-31;"terça-feira";"11:53:00";"RS";116;240;"NOVO HAMBURGO";"Trafegar com motocicleta (ou similar) entre as faixas";"Colisão lateral mesmo sentido";"Com Vítimas Feridas";"Pleno dia";"Crescente";"Céu Claro";"Dupla";"Desvio Temporário;Em Obras";"Não";2;0;1;0;1;0;1;2;-29,71133476;-51,1474614;"SPRF-RS";"DEL01-RS";"UOP02-DEL01-RS"
761959;2026-03-31;"terça-feira";"12:30:00";"GO";70;7;"AGUAS LINDAS DE GOIAS";"Pedestre cruzava a pista fora da faixa";"Atropelamento de Pedestre";"Com Vítimas Feridas";"Pleno dia";"Decrescente";"Céu Claro";"Dupla";"Reta";"Sim";2;0;1;0;1;0;1;2;-15,740296;-48,271446;"SPRF-DF";"DEL03-DF";"UOP02-DEL03-DF"
761960;2026-03-31;"terça-feira";"12:05:00";"RJ";101;457,8;"ANGRA DOS REIS";"Reação tardia ou ineficiente do condutor";"Colisão transversal";"Com Vítimas Feridas";"Pleno dia";"Decrescente";"Nublado";"Simples";"Declive";"Sim";2;0;1;0;1;0;1;2;-23,00643617;-44,21928406;"SPRF-RJ";"DEL03-RJ";"UOP03-DEL03-RJ"
761963;2026-03-31;"terça-feira";"10:00:00";"SC";470;253,6;"CURITIBANOS";"Reação tardia ou ineficiente do condutor";"Colisão com objeto";"Com Vítimas Feridas";"Pleno dia";"Crescente";"Céu Claro";"Simples";"Reta";"Não";1;0;1;0;0;0;1;1;-27,31186;-50,60659;"SPRF-SC";"DEL05-SC";"UOP03-DEL05-SC"
761964;2026-03-31;"terça-feira";"13:10:00";"PR";277;719;"FOZ DO IGUACU";"Velocidade Incompatível";"Capotamento";"Com Vítimas Feridas";"Pleno dia";"Decrescente";"Céu Claro";"Dupla";"Reta";"Sim";3;0;1;1;0;1;2;2;-25,48268877;-54,49132618;"SPRF-PR";"DEL05-PR";"UOP03-DEL05-PR"
761968;2026-03-18;"quarta-feira";"18:46:00";"ES";101;287,6;"CARIACICA";"Manobra de mudança de faixa";"Colisão transversal";"Com Vítimas Feridas";"Plena Noite";"Crescente";"Céu Claro";"Dupla";"Reta;Retorno Regulamentado";"Sim";3;0;2;0;1;0;2;3;-20,268358;-40,388677;"SPRF-ES";"DEL01-ES";"UOP01-DEL01-ES"
761970;2026-03-31;"terça-feira";"13:10:00";"MA";316;262,1;"SANTA INES";"Conversão proibida";"Colisão lateral mesmo sentido";"Com Vítimas Feridas";"Pleno dia";"Decrescente";"Céu Claro";"Simples";"Reta";"Sim";2;0;1;0;1;0;1;2;-3,675625;-45,379373;"SPRF-MA";"DEL02-MA";"UOP01-DEL02-MA"
761971;2026-03-31;"terça-feira";"15:03:00";"PE";101;87,3;"JABOATAO DOS GUARARAPES";"Reação tardia ou ineficiente do condutor";"Colisão traseira";"Com Vítimas Feridas";"Pleno dia";"Crescente";"Nublado";"Dupla";"Reta";"Não";4;0;0;1;3;0;1;2;-8,194016;-34,975918;"SPRF-PE";"DEL01-PE";"UOP01-DEL01-PE"
761973;2026-03-31;"terça-feira";"14:50:00";"MG";381;635,9;"SANTO ANTONIO DO AMPARO";"Reação tardia ou ineficiente do condutor";"Saída de leito carroçável";"Com Vítimas Feridas";"Pleno dia";"Decrescente";"Nublado";"Dupla";"Curva;Aclive";"Não";3;0;3;0;0;0;3;1;-20,865726;-44,840881;"SPRF-MG";"DEL04-MG";"UOP01-DEL04-MG"
761975;2026-03-31;"terça-feira";"14:30:00";"MG";40;509;"RIBEIRAO DAS NEVES";"Acessar a via sem observar a presença dos outros veículos";"Colisão traseira";"Com Vítimas Feridas";"Pleno dia";"Decrescente";"Chuva";"Dupla";"Declive;Reta";"Sim";2;0;1;0;0;1;1;2;-19,76562605;-44,12963174;"SPRF-MG";"DEL01-MG";"UOP02-DEL01-MG"
761976;2026-03-31;"terça-feira";"15:30:00";"PR";163;149;"SANTA LUCIA";"Ausência de reação do condutor";"Colisão com objeto";"Com Vítimas Feridas";"Pleno dia";"Decrescente";"Garoa/Chuvisco";"Dupla";"Reta";"Não";1;0;1;0;0;0;1;1;-25,3724418;-53,5738792;"SPRF-PR";"DEL05-PR";"UOP05-DEL05-PR"
761977;2026-03-31;"terça-feira";"13:40:00";"AL";101;46;"FLEXEIRAS";"Ausência de reação do condutor";"Colisão com objeto";"Sem Vítimas";"Pleno dia";"Decrescente";"Chuva";"Dupla";"Reta";"Não";1;0;0;0;0;1;0;1;-9,210178;-35,779923;"SPRF-AL";"DEL01-AL";"UOP02-DEL01-AL"
761978;2026-03-31;"terça-feira";"15:00:00";"PA";316;53;"CASTANHAL";"Chuva";"Tombamento";"Com Vítimas Feridas";"Pleno dia";"Crescente";"Chuva";"Dupla";"Reta;Aclive";"Não";2;0;2;0;0;0;2;1;-1,3060583;-48,01184177;"SPRF-PA";"DEL01-PA";"UOP01-DEL01-PA"
761979;2026-03-31;"terça-feira";"13:38:00";"SC";280;80;"CORUPA";"Reação tardia ou ineficiente do condutor";"Tombamento";"Com Vítimas Feridas";"Pleno dia";"Crescente";"Céu Claro";"Simples";"Rotatória";"Não";2;0;2;0;0;0;2;1;-26,440408;-49,22281;"SPRF-SC";"DEL06-SC";"UOP03-DEL06-SC"
761980;2026-03-31;"terça-feira";"15:05:00";"PB";104;117,7;"LAGOA SECA";"Desrespeitar a preferência no cruzamento";"Colisão transversal";"Com Vítimas Feridas";"Pleno dia";"Crescente";"Céu Claro";"Simples";"Reta;Declive";"Sim";4;0;2;0;2;0;2;2;-7,183005;-35,865533;"SPRF-PB";"DEL02-PB";"UOP04-DEL02-PB"
761984;2026-03-21;"sábado";"21:30:00";"RS";116;38,4;"VACARIA";"Chuva";"Colisão frontal";"Sem Vítimas";"Plena Noite";"Crescente";"Chuva";"Simples";"Reta";"Sim";2;0;0;0;2;0;0;2;-28,50838521;-50,92836706;"SPRF-RS";"DEL05-RS";"UOP03-DEL05-RS"
761985;2026-03-31;"terça-feira";"12:30:00";"MG";356;280,9;"EUGENOPOLIS";"Chuva";"Colisão frontal";"Com Vítimas Feridas";"Pleno dia";"Decrescente";"Garoa/Chuvisco";"Simples";"Declive;Reta";"Não";3;0;2;1;0;0;3;2;-21,12708887;-42,24288225;"SPRF-MG";"DEL07-MG";"UOP02-DEL07-MG"
761987;2026-01-10;"sábado";"18:40:00";"SC";280;163,4;"MAFRA";"Acessar a via sem observar a presença dos outros veículos";"Atropelamento de Pedestre";"Com Vítimas Feridas";"Anoitecer";"Crescente";"Chuva";"Simples";"Reta";"Não";2;0;1;0;1;0;1;2;-26,19407;-49,79824;"SPRF-SC";"DEL06-SC";"UOP01-DEL06-SC"
761988;2026-03-31;"terça-feira";"09:50:00";"MG";116;650,7;"FERVEDOURO";"Desrespeitar a preferência no cruzamento";"Colisão transversal";"Com Vítimas Feridas";"Pleno dia";"Crescente";"Céu Claro";"Simples";"Reta;Interseção de Vias";"Sim";2;0;0;1;1;0;1;2;-20,72842162;-42,28164554;"SPRF-MG";"DEL07-MG";"UOP02-DEL07-MG"
761989;2026-03-31;"terça-feira";"16:00:00";"MG";40;803,3;"MATIAS BARBOSA";"Avarias e/ou desgaste excessivo no pneu";"Colisão com objeto";"Com Vítimas Feridas";"Pleno dia";"Crescente";"Chuva";"Dupla";"Curva";"Não";2;0;1;0;1;0;1;1;-21,82934252;-43,37360428;"SPRF-MG";"DEL05-MG";"UOP01-DEL05-MG"
761990;2026-03-31;"terça-feira";"15:30:00";"PR";369;189;"ARAPONGAS";"Transitar na contramão";"Colisão transversal";"Com Vítimas Feridas";"Pleno dia";"Crescente";"Céu Claro";"Simples";"Reta";"Sim";2;0;1;0;0;1;1;2;-23,431157;-51,422781;"SPRF-PR";"DEL07-PR";"UOP03-DEL07-PR"
761992;2026-03-31;"terça-feira";"16:25:00";"PR";376;344;"ORTIGUEIRA";"Acessar a via sem observar a presença dos outros veículos";"Colisão transversal";"Com Vítimas Feridas";"Pleno dia";"Crescente";"Céu Claro";"Simples";"Interseção de Vias";"Não";5;0;3;1;1;0;4;2;-24,18801452;-50,96108884;"SPRF-PR";"DEL07-PR";"UOP02-DEL07-PR"
761993;2026-03-31;"terça-feira";"12:50:00";"RO";364;395;"OURO PRETO DO OESTE";"Reação tardia ou ineficiente do condutor";"Saída de leito carroçável";"Com Vítimas Feridas";"Pleno dia";"Crescente";"Céu Claro";"Simples";"Declive";"Não";1;0;0;1;0;0;1;1;-10,58010001;-62,36292458;"SPRF-RO";"DEL03-RO";"UOP02-DEL03-RO"
761994;2026-03-31;"terça-feira";"15:53:00";"PI";343;339,9;"TERESINA";"Acessar a via sem observar a presença dos outros veículos";"Colisão traseira";"Com Vítimas Feridas";"Pleno dia";"Decrescente";"Céu Claro";"Dupla";"Reta;Retorno Regulamentado";"Sim";2;0;0;1;1;0;1;2;-5,07328024;-42,73533493;"SPRF-PI";"DEL01-PI";"UOP01-DEL01-PI"
761995;2026-03-31;"terça-feira";"16:40:00";"PB";230;18,9;"JOAO PESSOA";"Ausência de reação do condutor";"Colisão traseira";"Com Vítimas Feridas";"Pleno dia";"Crescente";"Céu Claro";"Dupla";"Curva";"Sim";2;0;1;0;1;0;1;2;-7,13001708;-34,85103013;"SPRF-PB";"DEL01-PB";"UOP01-DEL01-PB"
761998;2026-03-31;"terça-feira";"16:45:00";"PR";376;3;"APUCARANA";"Entrada inopinada do pedestre";"Atropelamento de Pedestre";"Com Vítimas Feridas";"Pleno dia";"Crescente";"Céu Claro";"Simples";"Interseção de Vias";"Sim";2;0;1;0;1;0;1;2;-23,55909993;-51,43838203;"SPRF-PR";"DEL07-PR";"UOP03-DEL07-PR"
762001;2026-03-31;"terça-feira";"17:02:00";"RJ";393;170;"TRES RIOS";"Ausência de reação do condutor";"Colisão traseira";"Com Vítimas Feridas";"Pleno dia";"Decrescente";"Chuva";"Simples";"Curva";"Não";3;0;1;0;2;0;1;3;-22,12478279;-43,17707591;"SPRF-RJ";"DEL05-RJ";"UOP03-DEL05-RJ"
762002;2026-03-31;"terça-feira";"17:30:00";"SP";381;59;"MAIRIPORA";"Pista Escorregadia";"Queda de ocupante de veículo";"Com Vítimas Feridas";"Pleno dia";"Crescente";"Céu Claro";"Dupla";"Reta";"Não";4;0;1;0;2;1;1;4;-23,2822967;-46,58748;"SPRF-SP";"DEL03-SP";"UOP01-DEL03-SP"
762003;2026-03-31;"terça-feira";"16:45:00";"SC";280;31,2;"ARAQUARI";"Transitar na contramão";"Colisão lateral sentido oposto";"Com Vítimas Feridas";"Pleno dia";"Decrescente";"Nublado";"Simples";"Reta";"Não";2;0;0;1;1;0;1;2;-26,417393;-48,775404;"SPRF-SC";"DEL03-SC";"UOP03-DEL03-SC"
762004;2026-03-31;"terça-feira";"16:00:00";"RJ";116;234;"PIRAI";"Acumulo de água sobre o pavimento";"Capotamento";"Com Vítimas Feridas";"Anoitecer";"Decrescente";"Chuva";"Dupla";"Aclive;Curva";"Não";1;0;1;0;0;0;1;1;-22,6664;-43,8461;"SPRF-RJ";"DEL07-RJ";"UOP01-DEL07-RJ"
762005;2026-03-31;"terça-feira";"17:09:00";"MG";40;494,5;"MATOZINHOS";"Condutor Dormindo";"Colisão com objeto";"Com Vítimas Feridas";"Pleno dia";"Decrescente";"Céu Claro";"Dupla";"Retorno Regulamentado;Reta";"Não";4;0;4;0;0;0;4;1;-19,656845;-44,197813;"SPRF-MG";"DEL02-MG";"UOP01-DEL02-MG"
762006;2026-03-31;"terça-feira";"17:20:00";"MG";40;724,5;"BARBACENA";"Reação tardia ou ineficiente do condutor";"Colisão com objeto";"Com Vítimas Feridas";"Pleno dia";"Crescente";"Chuva";"Dupla";"Reta";"Não";1;0;1;0;0;0;1;1;-21,30178378;-43,62041183;"SPRF-MG";"DEL05-MG";"UOP01-DEL05-MG"
762009;2026-03-31;"terça-feira";"18:00:00";"CE";116;34;"AQUIRAZ";"Velocidade Incompatível";"Colisão traseira";"Com Vítimas Feridas";"Plena Noite";"Decrescente";"Céu Claro";"Dupla";"Reta";"Não";2;0;0;1;1;0;1;2;-4,03187;-38,510797;"SPRF-CE";"DEL01-CE";"UOP02-DEL01-CE"
762010;2026-03-31;"terça-feira";"15:10:00";"MG";153;227,5;"FRONTEIRA";"Ausência de reação do condutor";"Capotamento";"Com Vítimas Feridas";"Pleno dia";"Decrescente";"Céu Claro";"Simples";"Reta";"Não";2;0;2;0;0;0;2;1;-20,23336855;-49,15557861;"SPRF-MG";"DEL13-MG";"UOP02-DEL13-MG"
762011;2026-03-31;"terça-feira";"18:20:00";"PI";343;10;"PARNAIBA";"Acessar a via sem observar a presença dos outros veículos";"Colisão transversal";"Com Vítimas Feridas";"Plena Noite";"Crescente";"Nublado";"Simples";"Reta";"Sim";3;0;2;0;1;0;2;2;-2,90268261;-41,74606705;"SPRF-PI";"DEL05-PI";"UOP01-DEL05-PI"
762013;2026-03-31;"terça-feira";"14:50:00";"SC";101;40,7;"JOINVILLE";"Velocidade Incompatível";"Colisão com objeto";"Com Vítimas Feridas";"Pleno dia";"Decrescente";"Nublado";"Dupla";"Curva";"Sim";1;0;1;0;0;0;1;1;-26,31292901;-48,87370761;"SPRF-SC";"DEL03-SC";"UOP01-DEL03-SC"
762014;2026-03-31;"terça-feira";"18:30:00";"RS";470;213;"BENTO GONCALVES";"Acessar a via sem observar a presença dos outros veículos";"Colisão transversal";"Com Vítimas Feridas";"Pleno dia";"Crescente";"Céu Claro";"Dupla";"Curva";"Não";4;0;0;1;3;0;1;2;-29,14489855;-51,5331715;"SPRF-RS";"DEL06-RS";"UOP01-DEL06-RS"
762015;2026-03-31;"terça-feira";"16:50:00";"PE";101;212;"XEXEU";"Ausência de reação do condutor";"Atropelamento de Pedestre";"Com Vítimas Fatais";"Anoitecer";"Crescente";"Chuva";"Dupla";"Reta";"Não";2;1;0;0;1;0;0;2;-8,86815353;-35,63095808;"SPRF-PE";"DEL01-PE";"UOP03-DEL01-PE"
762016;2026-03-31;"terça-feira";"17:40:00";"MG";365;626;"UBERLANDIA";"Manobra de mudança de faixa";"Colisão lateral mesmo sentido";"Com Vítimas Feridas";"Pleno dia";"Decrescente";"Céu Claro";"Dupla";"Reta";"Não";2;0;0;1;1;0;1;2;-18,903322;-48,34486;"SPRF-MG";"DEL15-MG";"UOP01-DEL15-MG"
762018;2026-03-31;"terça-feira";"17:15:00";"PR";116;25;"CAMPINA GRANDE DO SUL";"Reação tardia ou ineficiente do condutor";"Colisão com objeto";"Com Vítimas Feridas";"Pleno dia";"Decrescente";"Nublado";"Dupla";"Curva";"Não";1;0;1;0;0;0;1;1;-25,10784511;-48,77548601;"SPRF-PR";"DEL01-PR";"UOP02-DEL01-PR"
762019;2026-03-31;"terça-feira";"13:20:00";"RO";319;143;"PORTO VELHO";"Acessar a via sem observar a presença dos outros veículos";"Colisão transversal";"Sem Vítimas";"Pleno dia";"Decrescente";"Céu Claro";"Múltipla";"Interseção de Vias";"Sim";3;0;0;0;3;0;0;2;-8,75777337;-63,88605293;"SPRF-RO";"DEL01-RO";"UOP01-DEL01-RO"
762022;2026-03-31;"terça-feira";"17:55:00";"SC";101;278,5;"IMBITUBA";"Animais na Pista";"Atropelamento de Animal";"Com Vítimas Feridas";"Anoitecer";"Decrescente";"Céu Claro";"Múltipla";"Aclive;Reta";"Não";1;0;1;0;0;0;1;1;-28,18227302;-48,69580543;"SPRF-SC";"DEL02-SC";"UOP03-DEL02-SC"
762023;2026-03-19;"quinta-feira";"03:43:00";"MS";163;680;"RIO VERDE DE MATO GROSSO";"Ausência de reação do condutor";"Tombamento";"Com Vítimas Feridas";"Plena Noite";"Decrescente";"Céu Claro";"Simples";"Reta";"Sim";2;0;2;0;0;0;2;1;-18,915827;-54,838675;"SPRF-MS";"DEL06-MS";"UOP02-DEL06-MS"
762024;2026-03-31;"terça-feira";"17:50:00";"RJ";101;586;"PARATY";"Avarias e/ou desgaste excessivo no pneu";"Colisão com objeto";"Com Vítimas Feridas";"Pleno dia";"Crescente";"Chuva";"Simples";"Reta";"Não";1;0;0;1;0;0;1;1;-23,285247;-44,694615;"SPRF-RJ";"DEL03-RJ";"UOP04-DEL03-RJ"
762025;2026-03-31;"terça-feira";"18:40:00";"GO";20;106,6;"FLORES DE GOIAS";"Mal súbito do condutor";"Colisão com objeto";"Com Vítimas Feridas";"Plena Noite";"Crescente";"Céu Claro";"Simples";"Ponte";"Não";1;0;1;0;0;0;1;1;-14,897934;-46,901581;"SPRF-DF";"DEL02-DF";"UOP03-DEL02-DF"
762026;2026-03-31;"terça-feira";"18:25:00";"MA";135;81;"ITAPECURU MIRIM";"Reação tardia ou ineficiente do condutor";"Atropelamento de Pedestre";"Com Vítimas Feridas";"Plena Noite";"Decrescente";"Nublado";"Simples";"Reta";"Não";2;0;0;1;0;1;1;2;-3,23225;-44,367477;"SPRF-MA";"DEL01-MA";"UOP02-DEL01-MA"
762027;2026-03-31;"terça-feira";"18:35:00";"PE";428;187,9;"PETROLINA";"Manobra de mudança de faixa";"Colisão lateral mesmo sentido";"Com Vítimas Feridas";"Plena Noite";"Decrescente";"Céu Claro";"Dupla";"Reta";"Sim";2;0;0;1;1;0;1;2;-9,3697;-40,48548;"SPRF-PE";"DEL06-PE";"UOP01-DEL06-PE"
762028;2026-03-31;"terça-feira";"18:35:00";"SC";101;206;"SAO JOSE";"Manobra de mudança de faixa";"Colisão lateral mesmo sentido";"Com Vítimas Feridas";"Plena Noite";"Crescente";"Céu Claro";"Múltipla";"Reta";"Sim";2;0;2;0;0;0;2;2;-27,58917135;-48,61730067;"SPRF-SC";"DEL01-SC";"UOP01-DEL01-SC"
762029;2026-03-31;"terça-feira";"18:15:00";"BA";116;272;"TUCANO";"Demais falhas mecânicas ou elétricas";"Queda de ocupante de veículo";"Com Vítimas Feridas";"Plena Noite";"Crescente";"Céu Claro";"Simples";"Reta";"Não";2;0;1;1;0;0;2;1;-10,92332933;-38,82494568;"SPRF-BA";"DEL07-BA";"UOP02-DEL07-BA"
762031;2026-03-31;"terça-feira";"19:04:00";"PE";101;62,9;"RECIFE";"Condutor deixou de manter distância do veículo da frente";"Colisão lateral mesmo sentido";"Com Vítimas Feridas";"Plena Noite";"Decrescente";"Chuva";"Dupla";"Reta";"Sim";2;0;0;1;0;1;1;2;-8,00699;-34,93775;"SPRF-PE";"DEL01-PE";"UOP02-DEL01-PE"
762032;2026-03-31;"terça-feira";"19:15:00";"SC";101;202;"SAO JOSE";"Manobra de mudança de faixa";"Colisão lateral mesmo sentido";"Com Vítimas Feridas";"Plena Noite";"Decrescente";"Céu Claro";"Dupla";"Reta";"Sim";2;0;0;1;1;0;1;2;-27,55567361;-48,61901728;"SPRF-SC";"DEL01-SC";"UOP01-DEL01-SC"
762033;2026-03-31;"terça-feira";"18:50:00";"RS";116;153;"CAXIAS DO SUL";"Condutor deixou de manter distância do veículo da frente";"Colisão traseira";"Com Vítimas Feridas";"Plena Noite";"Crescente";"Céu Claro";"Dupla";"Rotatória";"Não";2;0;1;0;1;0;1;2;-29,18793321;-51,18294809;"SPRF-RS";"DEL05-RS";"UOP01-DEL05-RS"
762034;2026-03-31;"terça-feira";"17:40:00";"PA";230;12,7;"ALTAMIRA";"Reação tardia ou ineficiente do condutor";"Colisão lateral mesmo sentido";"Com Vítimas Feridas";"Pleno dia";"Crescente";"Nublado";"Dupla";"Reta;Retorno Regulamentado";"Sim";3;0;1;0;2;0;1;2;-3,2031;-52,23835;"SPRF-PA";"DEL04-PA";"UOP01-DEL04-PA"
762036;2026-03-31;"terça-feira";"19:30:00";"SC";101;99,8;"BALNEARIO PICARRAS";"Trafegar com motocicleta (ou similar) entre as faixas";"Colisão lateral mesmo sentido";"Com Vítimas Feridas";"Plena Noite";"Crescente";"Céu Claro";"Dupla";"Reta";"Sim";2;0;1;0;1;0;1;2;-26,74904033;-48,69494677;"SPRF-SC";"DEL03-SC";"UOP02-DEL03-SC"
762037;2026-03-31;"terça-feira";"17:30:00";"PE";232;251;"ARCOVERDE";"Acessar a via sem observar a presença dos outros veículos";"Colisão transversal";"Com Vítimas Feridas";"Plena Noite";"Crescente";"Chuva";"Simples";"Reta";"Sim";5;0;1;0;4;0;1;2;-8,43032;-37,062812;"SPRF-PE";"DEL04-PE";"UOP02-DEL04-PE"
762038;2026-03-31;"terça-feira";"17:11:00";"MG";459;11,7;"CALDAS";"Ausência de reação do condutor";"Colisão transversal";"Com Vítimas Fatais";"Pleno dia";"Crescente";"Chuva";"Simples";"Declive;Reta";"Não";2;1;0;0;0;1;0;2;-21,811827;-46,469707;"SPRF-MG";"DEL09-MG";"UOP01-DEL09-MG"
762040;2026-03-28;"sábado";"18:40:00";"RS";116;53;"VACARIA";"Ausência de reação do condutor";"Queda de ocupante de veículo";"Sem Vítimas";"Plena Noite";"Crescente";"Céu Claro";"Simples";"Declive;Curva";"Não";1;0;0;0;0;1;0;1;-28,57807747;-51,02295399;"SPRF-RS";"DEL05-RS";"UOP03-DEL05-RS"
762042;2026-03-31;"terça-feira";"17:00:00";"SC";101;120;"ITAJAI";"Reação tardia ou ineficiente do condutor";"Saída de leito carroçável";"Sem Vítimas";"Pleno dia";"Decrescente";"Céu Claro";"Múltipla";"Reta";"Sim";1;0;0;0;0;1;0;1;-26,94883741;-48,68414819;"SPRF-SC";"DEL04-SC";"UOP04-DEL04-SC"
762044;2026-03-31;"terça-feira";"15:20:00";"MG";381;235,5;"SANTANA DO PARAISO";"Reação tardia ou ineficiente do condutor";"Colisão lateral sentido oposto";"Com Vítimas Feridas";"Pleno dia";"Crescente";"Céu Claro";"Simples";"Curva";"Não";2;0;1;0;1;0;1;2;-19,394324;-42,483624;"SPRF-MG";"DEL06-MG";"UOP01-DEL06-MG"
762045;2026-03-31;"terça-feira";"20:00:00";"MG";381;487;"BETIM";"Ingestão de álcool pelo condutor";"Colisão com objeto";"Sem Vítimas";"Plena Noite";"Crescente";"Chuva";"Múltipla";"Reta";"Sim";1;0;0;0;1;0;0;1;-19,95523;-44,11663;"SPRF-MG";"DEL01-MG";"UOP03-DEL01-MG"
762046;2026-03-31;"terça-feira";"18:35:00";"PI";316;318;"PICOS";"Acessar a via sem observar a presença dos outros veículos";"Colisão transversal";"Com Vítimas Feridas";"Plena Noite";"Crescente";"Nublado";"Múltipla";"Interseção de Vias;Reta";"Sim";2;0;1;0;1;0;1;2;-7,086065;-41,406011;"SPRF-PI";"DEL04-PI";"UOP01-DEL04-PI"
762048;2026-03-31;"terça-feira";"19:40:00";"MG";262;36,2;"MANHUACU";"Ultrapassagem Indevida";"Colisão transversal";"Com Vítimas Feridas";"Plena Noite";"Crescente";"Nublado";"Simples";"Curva";"Sim";2;0;0;1;1;0;1;2;-20,265598;-42,035803;"SPRF-MG";"DEL06-MG";"UOP03-DEL06-MG"
762049;2026-03-31;"terça-feira";"20:14:00";"PE";101;71,3;"RECIFE";"Pedestre cruzava a pista fora da faixa";"Atropelamento de Pedestre";"Com Vítimas Fatais";"Plena Noite";"Decrescente";"Nublado";"Múltipla";"Reta";"Sim";2;1;1;0;0;0;1;2;-8,07987;-34,94303;"SPRF-PE";"DEL01-PE";"UOP01-DEL01-PE"
762051;2026-03-31;"terça-feira";"15:40:00";"MA";226;12,3;"TIMON";"Ausência de reação do condutor";"Colisão traseira";"Sem Vítimas";"Pleno dia";"Crescente";"Céu Claro";"Simples";"Reta;Em Obras";"Não";3;0;0;0;2;1;0;3;-5,111438;-42,91647;"SPRF-MA";"DEL03-MA";"UOP02-DEL03-MA"
762052;2026-03-31;"terça-feira";"18:00:00";"MT";70;515;"VARZEA GRANDE";"Demais falhas na via";"Queda de ocupante de veículo";"Com Vítimas Feridas";"Anoitecer";"Crescente";"Céu Claro";"Simples";"Reta";"Sim";1;0;1;0;0;0;1;1;-15,70454219;-56,1211924;"SPRF-MT";"DEL01-MT";"UOP02-DEL01-MT"
762053;2026-03-31;"terça-feira";"20:50:00";"PR";153;9,3;"JACAREZINHO";"Pedestre andava na pista";"Atropelamento de Pedestre";"Com Vítimas Fatais";"Plena Noite";"Crescente";"Céu Claro";"Simples";"Reta";"Sim";2;1;1;0;0;0;1;2;-23,07163;-49,933506;"SPRF-PR";"DEL07-PR";"UOP04-DEL07-PR"
762055;2026-03-31;"terça-feira";"21:15:00";"PR";116;102;"SAO JOSE DOS PINHAIS";"Reação tardia ou ineficiente do condutor";"Saída de leito carroçável";"Sem Vítimas";"Plena Noite";"Decrescente";"Nublado";"Dupla";"Viaduto;Interseção de Vias;Reta";"Sim";2;0;0;0;2;0;0;1;-25,56906801;-49,18115314;"SPRF-PR";"DEL01-PR";"UOP08-DEL01-PR"
762057;2026-03-31;"terça-feira";"21:30:00";"PR";277;78;"SAO JOSE DOS PINHAIS";"Ausência de reação do condutor";"Colisão traseira";"Com Vítimas Feridas";"Plena Noite";"Crescente";"Céu Claro";"Dupla";"Reta";"Sim";2;0;1;0;1;0;1;2;-25,485;-49,1874;"SPRF-PR";"DEL01-PR";"UOP08-DEL01-PR"
762058;2026-03-31;"terça-feira";"21:30:00";"GO";20;211,2;"POSSE";"Reação tardia ou ineficiente do condutor";"Atropelamento de Pedestre";"Com Vítimas Fatais";"Plena Noite";"Decrescente";"Céu Claro";"Simples";"Curva";"Não";6;1;0;0;5;0;0;2;-14,265914;-46,370806;"SPRF-DF";"DEL02-DF";"UOP03-DEL02-DF"
762059;2026-03-31;"terça-feira";"18:30:00";"PB";434;16,3;"POCO DANTAS";"Ausência de reação do condutor";"Atropelamento de Pedestre";"Com Vítimas Fatais";"Plena Noite";"Crescente";"Nublado";"Simples";"Reta;Aclive";"Não";2;1;0;0;1;0;0;2;-6,430952;-38,493118;"SPRF-PB";"DEL03-PB";"UOP03-DEL03-PB"
762060;2026-03-31;"terça-feira";"21:00:00";"PR";373;476,3;"CORONEL VIVIDA";"Ingestão de álcool pelo condutor";"Saída de leito carroçável";"Com Vítimas Feridas";"Plena Noite";"Decrescente";"Céu Claro";"Simples";"Curva";"Não";1;0;1;0;0;0;1;1;-25,978355;-52,538316;"SPRF-PR";"DEL02-PR";"UOP01-DEL02-PR"
762061;2026-03-31;"terça-feira";"23:02:00";"PB";230;10,8;"CABEDELO";"Demais falhas na via";"Tombamento";"Com Vítimas Feridas";"Plena Noite";"Decrescente";"Chuva";"Dupla";"Reta";"Sim";2;0;0;1;1;0;1;1;-7,06359013;-34,85047886;"SPRF-PB";"DEL01-PB";"UOP01-DEL01-PB"
762063;2026-03-31;"terça-feira";"18:15:00";"PB";230;502,5;"CAJAZEIRAS";"Condutor deixou de manter distância do veículo da frente";"Colisão traseira";"Com Vítimas Feridas";"Plena Noite";"Decrescente";"Nublado";"Dupla";"Reta;Retorno Regulamentado";"Sim";3;0;1;0;2;0;1;2;-6,894055;-38,542378;"SPRF-PB";"DEL03-PB";"UOP03-DEL03-PB"
762066;2026-03-31;"terça-feira";"23:00:00";"PR";153;20,5;"JACAREZINHO";"Acessar a via sem observar a presença dos outros veículos";"Colisão transversal";"Com Vítimas Feridas";"Plena Noite";"Crescente";"Céu Claro";"Simples";"Interseção de Vias";"Sim";2;0;0;1;0;1;1;2;-23,1651644;-49,96045439;"SPRF-PR";"DEL07-PR";"UOP04-DEL07-PR"
762067;2026-04-01;"quarta-feira";"00:05:00";"BA";116;0;"VITORIA DA CONQUISTA";"Transitar na contramão";"Colisão frontal";"Com Vítimas Feridas";"Plena Noite";"Crescente";"Céu Claro";"Simples";"Curva";"Não";2;0;0;1;1;0;1;2;-14,82728838;-40,82793043;"SPRF-BA";"DEL08-BA";"UOP01-DEL08-BA"