"id";"data_inversa";"dia_semana";"horario";"uf";"br";"km";"municipio";"causa_acidente";"tipo_acidente";"classificacao_acidente";"fase_dia";"sentido_via";"condicao_metereologica";"tipo_pista";"tracado_via";"uso_solo";"pessoas";"mortos";"feridos_leves";"feridos_graves";"ilesos";"ignorados";"feridos";"veiculos";"latitude";"longitude";"regional";"delegacia";"uop"
762068;2026-03-31;"terça-feira";"23:44:00";"MG";40;510;"RIBEIRAO DAS NEVES";"Condutor Dormindo";"Saída de leito carroçável";"Com Vítimas Feridas";"Plena Noite";"Crescente";"Céu Claro";"Dupla";"Aclive;Reta";"Não";3;0;2;0;1;0;2;1;-19,771612;-44,12604;"SPRF-MG";"DEL01-MG";"UOP02-DEL01-MG"
762069;2026-03-31;"terça-feira";"23:00:00";"MG";40;549;"NOVA LIMA";"Reação tardia ou ineficiente do condutor";"Colisão lateral mesmo sentido";"Sem Vítimas";"Plena Noite";"Crescente";"Nublado";"Dupla";"Curva;Aclive";"Não";4;0;0;0;4;0;0;2;-20,04365562;-43,96452129;"SPRF-MG";"DEL01-MG";"UOP02-DEL01-MG"
762070;2026-03-31;"terça-feira";"23:10:00";"AP";156;470;"TARTARUGALZINHO";"Ingestão de álcool pelo condutor";"Colisão com objeto";"Sem Vítimas";"Plena Noite";"Decrescente";"Nublado";"Simples";"Reta";"Sim";1;0;0;0;1;0;0;1;1,5029;-50,91144;"SPRF-AP";"DEL01-AP";"UOP02-DEL01-AP"
762071;2026-04-01;"quarta-feira";"00:20:00";"SC";470;147,4;"AGRONOMICA";"Transitar na contramão";"Colisão frontal";"Com Vítimas Feridas";"Plena Noite";"Crescente";"Céu Claro";"Simples";"Reta";"Não";2;0;2;0;0;0;2;2;-27,24474;-49,69219;"SPRF-SC";"DEL04-SC";"UOP02-DEL04-SC"
762074;2026-04-01;"quarta-feira";"03:34:00";"ES";101;8;"SERRA";"Afundamento ou ondulação no pavimento";"Colisão com objeto";"Com Vítimas Feridas";"Amanhecer";"Crescente";"Céu Claro";"Dupla";"Reta";"Não";2;0;2;0;0;0;2;1;-20,12755333;-40,34044;"SPRF-ES";"DEL02-ES";"UOP01-DEL02-ES"
762081;2026-04-01;"quarta-feira";"03:40:00";"SC";101;363,6;"SANGAO";"Acessar a via sem observar a presença dos outros veículos";"Atropelamento de Pedestre";"Com Vítimas Fatais";"Plena Noite";"Decrescente";"Nublado";"Múltipla";"Reta";"Não";6;1;0;0;4;1;0;2;-28,682051;-49,145681;"SPRF-SC";"DEL02-SC";"UOP01-DEL02-SC"
762082;2026-04-01;"quarta-feira";"04:30:00";"PE";408;82;"SAO LOURENCO DA MATA";"Acumulo de areia ou detritos sobre o pavimento";"Tombamento";"Com Vítimas Feridas";"Amanhecer";"Decrescente";"Chuva";"Dupla";"Reta";"Não";1;0;1;0;0;0;1;1;-7,98514;-35,06961;"SPRF-PE";"DEL01-PE";"UOP01-DEL01-PE"
762084;2026-04-01;"quarta-feira";"05:00:00";"SC";282;160,5;"BOM RETIRO";"Reação tardia ou ineficiente do condutor";"Saída de leito carroçável";"Com Vítimas Feridas";"Plena Noite";"Decrescente";"Nevoeiro/Neblina";"Simples";"Curva;Aclive";"Não";2;0;2;0;0;0;2;1;-27,72903381;-49,77469501;"SPRF-SC";"DEL05-SC";"UOP01-DEL05-SC"
762087;2026-04-01;"quarta-feira";"05:20:00";"AL";104;33;"UNIAO DOS PALMARES";"Frear bruscamente";"Colisão lateral mesmo sentido";"Com Vítimas Feridas";"Pleno dia";"Crescente";"Chuva";"Dupla";"Interseção de Vias";"Sim";2;0;1;0;1;0;1;2;-9,12898065;-36,03115909;"SPRF-AL";"DEL01-AL";"UOP02-DEL01-AL"
762088;2026-04-01;"quarta-feira";"05:44:00";"SE";101;12;"CEDRO DE SAO JOAO";"Reação tardia ou ineficiente do condutor";"Saída de leito carroçável";"Com Vítimas Feridas";"Pleno dia";"Crescente";"Garoa/Chuvisco";"Dupla";"Curva;Retorno Regulamentado";"Não";1;0;1;0;0;0;1;1;-10,28616033;-36,87776014;"SPRF-SE";"DEL02-SE";"UOP02-DEL02-SE"
762091;2026-04-01;"quarta-feira";"05:40:00";"RJ";116;194;"QUEIMADOS";"Ausência de reação do condutor";"Atropelamento de Pedestre";"Com Vítimas Fatais";"Amanhecer";"Decrescente";"Céu Claro";"Dupla";"Reta";"Sim";2;1;0;1;0;0;1;2;-22,73027376;-43,55932618;"SPRF-RJ";"DEL06-RJ";"UOP01-DEL06-RJ"
762093;2026-04-01;"quarta-feira";"06:15:00";"MG";381;485;"BETIM";"Ausência de reação do condutor";"Engavetamento";"Com Vítimas Feridas";"Amanhecer";"Decrescente";"Nublado";"Dupla";"Reta";"Sim";3;0;1;0;2;0;1;3;-19,9560814;-44,10201788;"SPRF-MG";"DEL01-MG";"UOP03-DEL01-MG"
762095;2026-04-01;"quarta-feira";"06:30:00";"MG";50;180;"UBERABA";"Ausência de reação do condutor";"Colisão transversal";"Com Vítimas Feridas";"Amanhecer";"Crescente";"Céu Claro";"Dupla";"Viaduto";"Sim";2;0;1;0;1;0;1;2;-19,778869;-47,924461;"SPRF-MG";"DEL13-MG";"UOP01-DEL13-MG"
762100;2026-04-01;"quarta-feira";"06:50:00";"SC";280;131,1;"RIO NEGRINHO";"Ausência de reação do condutor";"Colisão traseira";"Com Vítimas Feridas";"Amanhecer";"Decrescente";"Nublado";"Simples";"Reta";"Sim";2;0;1;0;1;0;1;2;-26,25655;-49,54097;"SPRF-SC";"DEL06-SC";"UOP03-DEL06-SC"
762101;2026-04-01;"quarta-feira";"06:00:00";"SP";116;225;"GUARULHOS";"Ausência de reação do condutor";"Queda de ocupante de veículo";"Com Vítimas Feridas";"Amanhecer";"Decrescente";"Céu Claro";"Múltipla";"Reta";"Não";1;0;1;0;0;0;1;1;-23,48893064;-46,54551744;"SPRF-SP";"DEL01-SP";"UOP01-DEL01-SP"
762102;2026-04-01;"quarta-feira";"07:30:00";"PB";230;24,9;"JOAO PESSOA";"Reação tardia ou ineficiente do condutor";"Colisão traseira";"Sem Vítimas";"Pleno dia";"Decrescente";"Chuva";"Dupla";"Reta";"Sim";2;0;0;0;2;0;0;2;-7,17092;-34,868148;"SPRF-PB";"DEL01-PB";"UOP01-DEL01-PB"
762103;2026-04-01;"quarta-feira";"06:50:00";"SP";153;178,4;"LINS";"Pista Escorregadia";"Tombamento";"Com Vítimas Feridas";"Pleno dia";"Crescente";"Céu Claro";"Simples";"Curva";"Não";2;0;2;0;0;0;2;1;-21,66639678;-49,79019849;"SPRF-SP";"DEL07-SP";"UOP01-DEL07-SP"
762107;2026-04-01;"quarta-feira";"08:00:00";"DF";20;8,3;"BRASILIA";"Manobra de mudança de faixa";"Colisão lateral mesmo sentido";"Com Vítimas Feridas";"Pleno dia";"Decrescente";"Céu Claro";"Múltipla";"Reta;Viaduto;Declive";"Não";3;0;1;0;2;0;1;2;-15,65646303;-47,78431893;"SPRF-DF";"DEL02-DF";"UOP01-DEL02-DF"
762108;2026-04-01;"quarta-feira";"06:50:00";"ES";101;284;"CARIACICA";"Desvio temporário";"Colisão traseira";"Com Vítimas Feridas";"Pleno dia";"Crescente";"Céu Claro";"Dupla";"Em Obras;Declive";"Não";4;0;2;0;2;0;2;2;-20,2474486;-40,37026955;"SPRF-ES";"DEL01-ES";"UOP01-DEL01-ES"
762114;2026-04-01;"quarta-feira";"07:00:00";"BA";116;12;"VITORIA DA CONQUISTA";"Ausência de reação do condutor";"Queda de ocupante de veículo";"Com Vítimas Feridas";"Pleno dia";"Decrescente";"Céu Claro";"Simples";"Reta";"Sim";4;0;2;0;2;0;2;3;-14,87378726;-40,87120056;"SPRF-PE";"DEL05-PE";"UOP03-DEL05-PE"
762115;2026-04-01;"quarta-feira";"08:10:00";"MG";40;785;"JUIZ DE FORA";"Reação tardia ou ineficiente do condutor";"Tombamento";"Com Vítimas Feridas";"Pleno dia";"Decrescente";"Nublado";"Dupla";"Aclive;Reta";"Não";1;0;1;0;0;0;1;1;-21,71653734;-43,44416039;"SPRF-MG";"DEL05-MG";"UOP01-DEL05-MG"
762116;2026-04-01;"quarta-feira";"08:30:00";"SC";101;218;"PALHOCA";"Condutor deixou de manter distância do veículo da frente";"Colisão transversal";"Com Vítimas Feridas";"Pleno dia";"Crescente";"Céu Claro";"Múltipla";"Interseção de Vias";"Sim";2;0;1;0;1;0;1;2;-27,68016527;-48,66846196;"SPRF-SC";"DEL01-SC";"UOP02-DEL01-SC"
762118;2026-04-01;"quarta-feira";"07:35:00";"SC";282;35;"AGUAS MORNAS";"Ausência de reação do condutor";"Colisão lateral mesmo sentido";"Com Vítimas Feridas";"Pleno dia";"Decrescente";"Céu Claro";"Simples";"Reta";"Não";3;0;1;0;2;0;1;2;-27,70402342;-48,82251833;"SPRF-SC";"DEL01-SC";"UOP03-DEL01-SC"
762122;2026-04-01;"quarta-feira";"09:00:00";"SP";153;60;"SAO JOSE DO RIO PRETO";"Ausência de reação do condutor";"Colisão traseira";"Com Vítimas Feridas";"Pleno dia";"Crescente";"Céu Claro";"Dupla";"Reta";"Sim";4;0;3;0;1;0;3;2;-20,797663;-49,355201;"SPRF-SP";"DEL09-SP";"UOP01-DEL09-SP"
762123;2026-03-21;"sábado";"17:30:00";"MG";365;627;"UBERLANDIA";"Reação tardia ou ineficiente do condutor";"Colisão traseira";"Sem Vítimas";"Pleno dia";"Crescente";"Nublado";"Dupla";"Aclive;Reta";"Sim";2;0;0;0;2;0;0;2;-18,90682349;-48,31784662;"SPRF-MG";"DEL15-MG";"UOP01-DEL15-MG"
762126;2026-04-01;"quarta-feira";"08:26:00";"SP";116;211;"GUARULHOS";"Manobra de mudança de faixa";"Colisão traseira";"Com Vítimas Feridas";"Pleno dia";"Decrescente";"Céu Claro";"Múltipla";"Reta";"Sim";2;0;1;0;0;1;1;2;-23,43277545;-46,4201622;"SPRF-SP";"DEL01-SP";"UOP01-DEL01-SP"
762127;2026-03-30;"segunda-feira";"14:00:00";"PI";343;2,3;"TERESINA";"Reação tardia ou ineficiente do condutor";"Atropelamento de Pedestre";"Com Vítimas Feridas";"Pleno dia";"Decrescente";"Céu Claro";"Dupla";"Reta";"Sim";2;0;1;0;1;0;1;2;-5,081286;-42,770839;"SPRF-PI";"DEL05-PI";"UOP01-DEL05-PI"
762129;2026-03-14;"sábado";"18:50:00";"PI";343;578;"FLORIANO";"Reação tardia ou ineficiente do condutor";"Queda de ocupante de veículo";"Com Vítimas Fatais";"Plena Noite";"Decrescente";"Céu Claro";"Simples";"Reta";"Não";1;1;0;0;0;0;0;1;-6,79321247;-42,98375764;"SPRF-PI";"DEL03-PI";"UOP01-DEL03-PI"
762130;2026-04-01;"quarta-feira";"07:30:00";"SC";163;76;"SAO MIGUEL DO OESTE";"Ultrapassagem Indevida";"Colisão frontal";"Com Vítimas Fatais";"Pleno dia";"Crescente";"Céu Claro";"Simples";"Reta";"Não";2;1;0;0;1;0;0;2;-26,6647708;-53,5198053;"SPRF-SC";"DEL07-SC";"UOP03-DEL07-SC"
762131;2026-04-01;"quarta-feira";"08:20:00";"RJ";493;22;"MAGE";"Transitar no Acostamento";"Colisão transversal";"Com Vítimas Feridas";"Pleno dia";"Decrescente";"Nublado";"Simples";"Interseção de Vias";"Sim";3;0;2;0;1;0;2;2;-22,65763539;-43,05746762;"SPRF-RJ";"DEL04-RJ";"UOP02-DEL04-RJ"
762132;2026-04-01;"quarta-feira";"07:30:00";"RJ";101;313;"SAO GONCALO";"Manobra de mudança de faixa";"Colisão traseira";"Com Vítimas Feridas";"Pleno dia";"Crescente";"Céu Claro";"Dupla";"Reta";"Não";3;0;1;0;2;0;1;2;-22,80886236;-43,06737038;"SPRF-RJ";"DEL02-RJ";"UOP02-DEL02-RJ"
762134;2026-03-29;"domingo";"20:00:00";"MG";381;283;"ANTONIO DIAS";"Velocidade Incompatível";"Colisão com objeto";"Com Vítimas Feridas";"Plena Noite";"Decrescente";"Céu Claro";"Dupla";"Reta;Túnel";"Não";2;0;1;0;1;0;1;1;-19,61848649;-42,79079318;"SPRF-MG";"DEL03-MG";"UOP02-DEL03-MG"
762136;2026-04-01;"quarta-feira";"08:50:00";"RJ";101;396,5;"ITAGUAI";"Avarias e/ou desgaste excessivo no pneu";"Queda de ocupante de veículo";"Com Vítimas Feridas";"Pleno dia";"Crescente";"Nublado";"Dupla";"Reta";"Não";2;0;2;0;0;0;2;1;-22,875451;-43,739642;"SPRF-RJ";"DEL03-RJ";"UOP01-DEL03-RJ"
762137;2026-04-01;"quarta-feira";"07:50:00";"GO";364;213;"JATAI";"Ultrapassagem Indevida";"Colisão frontal";"Com Vítimas Fatais";"Pleno dia";"Decrescente";"Céu Claro";"Simples";"Reta";"Não";5;2;0;1;1;1;1;3;-17,81081;-52,03396;"SPRF-GO";"DEL05-GO";"UOP01-DEL05-GO"
762138;2026-04-01;"quarta-feira";"09:40:00";"PR";277;611;"SANTA TEREZA DO OESTE";"Acessar a via sem observar a presença dos outros veículos";"Colisão lateral mesmo sentido";"Com Vítimas Feridas";"Pleno dia";"Decrescente";"Sol";"Simples";"Reta;Declive;Interseção de Vias";"Sim";5;0;1;0;4;0;1;2;-25,0506066;-53,6189314;"SPRF-PR";"DEL05-PR";"UOP02-DEL05-PR"
762141;2026-04-01;"quarta-feira";"10:30:00";"ES";101;297,5;"VIANA";"Reação tardia ou ineficiente do condutor";"Colisão com objeto";"Com Vítimas Feridas";"Pleno dia";"Decrescente";"Céu Claro";"Dupla";"Reta";"Sim";1;0;1;0;0;0;1;1;-20,350565;-40,412856;"SPRF-ES";"DEL01-ES";"UOP01-DEL01-ES"
762143;2026-02-23;"segunda-feira";"12:15:00";"MG";116;274;"TEOFILO OTONI";"Reação tardia ou ineficiente do condutor";"Tombamento";"Com Vítimas Feridas";"Pleno dia";"Decrescente";"Ignorado";"Dupla";"Reta";"Sim";1;0;1;0;0;0;1;1;-17,83452631;-41,51120631;"SPRF-MG";"DEL11-MG";"UOP01-DEL11-MG"
762146;2026-04-01;"quarta-feira";"07:20:00";"MG";116;114,2;"ITAOBIM";"Desrespeitar a preferência no cruzamento";"Colisão transversal";"Com Vítimas Feridas";"Pleno dia";"Decrescente";"Céu Claro";"Simples";"Interseção de Vias;Retorno Regulamentado;Reta";"Sim";3;0;2;1;0;0;3;2;-16,549775;-41,501466;"SPRF-MG";"DEL11-MG";"UOP02-DEL11-MG"
762147;2026-04-01;"quarta-feira";"08:40:00";"MG";381;898,3;"CAMBUI";"Condutor Dormindo";"Saída de leito carroçável";"Sem Vítimas";"Pleno dia";"Decrescente";"Céu Claro";"Dupla";"Reta";"Sim";1;0;0;0;0;1;0;1;-22,60843483;-46,0604682;"SPRF-MG";"DEL16-MG";"UOP01-DEL16-MG"
762148;2026-04-01;"quarta-feira";"10:35:00";"PB";230;40;"SANTA RITA";"Acumulo de água sobre o pavimento";"Colisão com objeto";"Sem Vítimas";"Pleno dia";"Decrescente";"Chuva";"Dupla";"Declive;Reta";"Sim";1;0;0;0;1;0;0;1;-7,141265;-34,977155;"SPRF-PB";"DEL01-PB";"UOP02-DEL01-PB"
762150;2026-04-01;"quarta-feira";"10:30:00";"GO";153;566,5;"PROFESSOR JAMIL";"Pista esburacada";"Saída de leito carroçável";"Com Vítimas Feridas";"Pleno dia";"Decrescente";"Céu Claro";"Dupla";"Reta";"Não";4;0;0;1;3;0;1;1;-17,260842;-49,24113;"SPRF-GO";"DEL03-GO";"UOP01-DEL03-GO"
762152;2026-04-01;"quarta-feira";"11:46:00";"GO";60;111;"GOIANAPOLIS";"Avarias e/ou desgaste excessivo no pneu";"Capotamento";"Com Vítimas Feridas";"Pleno dia";"Decrescente";"Céu Claro";"Dupla";"Reta";"Não";4;0;2;2;0;0;4;1;-16,450432;-49,043628;"SPRF-GO";"DEL01-GO";"UOP01-DEL01-GO"
762153;2026-04-01;"quarta-feira";"11:20:00";"DF";20;10,5;"BRASILIA";"Acessar a via sem observar a presença dos outros veículos";"Colisão traseira";"Sem Vítimas";"Pleno dia";"Decrescente";"Chuva";"Dupla";"Interseção de Vias";"Sim";2;0;0;0;2;0;0;2;-15,64846;-47,7708;"SPRF-DF";"DEL02-DF";"UOP01-DEL02-DF"
762158;2026-04-01;"quarta-feira";"09:55:00";"RJ";101;415;"MANGARATIBA";"Reação tardia ou ineficiente do condutor";"Queda de ocupante de veículo";"Com Vítimas Feridas";"Pleno dia";"Decrescente";"Nublado";"Dupla";"Curva";"Não";1;0;1;0;0;0;1;1;-22,91025521;-43,89268708;"SPRF-RJ";"DEL03-RJ";"UOP01-DEL03-RJ"
762159;2026-04-01;"quarta-feira";"12:50:00";"MG";381;493;"BETIM";"Demais falhas mecânicas ou elétricas";"Queda de ocupante de veículo";"Com Vítimas Feridas";"Pleno dia";"Decrescente";"Céu Claro";"Dupla";"Reta";"Sim";1;0;1;0;0;0;1;1;-19,96592715;-44,17293549;"SPRF-MG";"DEL01-MG";"UOP03-DEL01-MG"
762161;2026-04-01;"quarta-feira";"11:35:00";"MG";116;423;"ALPERCATA";"Desrespeitar a preferência no cruzamento";"Colisão transversal";"Com Vítimas Feridas";"Pleno dia";"Decrescente";"Nublado";"Simples";"Reta;Retorno Regulamentado";"Sim";3;0;1;0;2;0;1;2;-18,95298018;-41,95819259;"SPRF-MG";"DEL06-MG";"UOP01-DEL06-MG"
762162;2026-04-01;"quarta-feira";"08:10:00";"PE";428;184;"PETROLINA";"Manobra de mudança de faixa";"Colisão transversal";"Com Vítimas Feridas";"Pleno dia";"Decrescente";"Céu Claro";"Dupla";"Retorno Regulamentado;Reta";"Sim";2;0;1;0;1;0;1;2;-9,34548325;-40,47285883;"SPRF-PE";"DEL06-PE";"UOP01-DEL06-PE"
762163;2026-04-01;"quarta-feira";"12:11:00";"PR";376;258;"CALIFORNIA";"Reação tardia ou ineficiente do condutor";"Saída de leito carroçável";"Com Vítimas Feridas";"Pleno dia";"Crescente";"Garoa/Chuvisco";"Simples";"Curva";"Sim";2;0;1;0;1;0;1;1;-23,6807065;-51,35187864;"SPRF-PR";"DEL07-PR";"UOP03-DEL07-PR"
762165;2026-04-01;"quarta-feira";"06:39:00";"MG";381;495;"BETIM";"Condutor deixou de manter distância do veículo da frente";"Engavetamento";"Com Vítimas Feridas";"Pleno dia";"Decrescente";"Céu Claro";"Dupla";"Aclive";"Não";5;0;1;0;4;0;1;4;-19,97147141;-44,18289185;"SPRF-MG";"DEL01-MG";"UOP03-DEL01-MG"
762166;2026-04-01;"quarta-feira";"11:20:00";"RO";364;447,7;"THEOBROMA";"Velocidade Incompatível";"Saída de leito carroçável";"Com Vítimas Feridas";"Pleno dia";"Crescente";"Nublado";"Simples";"Reta";"Não";2;0;1;0;0;1;1;2;-10,312202;-62,636721;"SPRF-RO";"DEL03-RO";"UOP02-DEL03-RO"
762167;2026-03-06;"sexta-feira";"14:30:00";"SC";282;408;"CATANDUVAS";"Transitar na contramão";"Colisão frontal";"Com Vítimas Feridas";"Pleno dia";"Decrescente";"Chuva";"Simples";"Curva";"Não";2;0;1;0;1;0;1;2;-27,081413;-51,6640232;"SPRF-SC";"DEL07-SC";"UOP05-DEL07-SC"
762168;2026-04-01;"quarta-feira";"12:10:00";"MT";163;41;"ITIQUIRA";"Ausência de reação do condutor";"Saída de leito carroçável";"Com Vítimas Feridas";"Pleno dia";"Crescente";"Céu Claro";"Dupla";"Reta";"Não";1;0;1;0;0;0;1;1;-17,15388;-54,757105;"SPRF-MT";"DEL02-MT";"UOP03-DEL02-MT"
762169;2026-04-01;"quarta-feira";"11:45:00";"RN";226;110,8;"SANTA CRUZ";"Ausência de reação do condutor";"Colisão transversal";"Com Vítimas Feridas";"Pleno dia";"Crescente";"Chuva";"Simples";"Interseção de Vias";"Sim";1;0;1;0;0;0;1;1;-6,23119863;-36,0159452;"SPRF-RN";"DEL03-RN";"UOP02-DEL03-RN"
762171;2026-04-01;"quarta-feira";"12:25:00";"MT";364;403;"CUIABA";"Condutor deixou de manter distância do veículo da frente";"Engavetamento";"Sem Vítimas";"Pleno dia";"Crescente";"Céu Claro";"Dupla";"Reta";"Sim";3;0;0;0;3;0;0;3;-15,647038;-56,006817;"SPRF-MT";"DEL01-MT";"UOP02-DEL01-MT"
762172;2026-04-01;"quarta-feira";"13:55:00";"ES";101;135,1;"LINHARES";"Condutor deixou de manter distância do veículo da frente";"Colisão traseira";"Com Vítimas Feridas";"Pleno dia";"Crescente";"Céu Claro";"Simples";"Aclive;Reta";"Não";4;0;2;0;1;1;2;3;-19,27336006;-40,08807927;"SPRF-ES";"DEL04-ES";"UOP01-DEL04-ES"
762173;2026-04-01;"quarta-feira";"13:00:00";"BA";324;514;"FEIRA DE SANTANA";"Ultrapassagem Indevida";"Colisão transversal";"Com Vítimas Feridas";"Pleno dia";"Crescente";"Céu Claro";"Simples";"Reta";"Não";2;0;1;0;1;0;1;2;-12,233883;-38,946562;"SPRF-BA";"DEL02-BA";"UOP01-DEL02-BA"
762175;2026-03-24;"terça-feira";"07:15:00";"PR";376;4;"MANDAGUARI";"Desrespeitar a preferência no cruzamento";"Colisão transversal";"Com Vítimas Feridas";"Pleno dia";"Decrescente";"Ignorado";"Simples";"Interseção de Vias";"Sim";2;0;1;0;0;1;1;2;-23,51738805;-51,68271531;"SPRF-PR";"DEL09-PR";"UOP01-DEL09-PR"
762176;2026-04-01;"quarta-feira";"12:50:00";"RS";386;35,7;"FREDERICO WESTPHALEN";"Velocidade Incompatível";"Tombamento";"Com Vítimas Feridas";"Pleno dia";"Crescente";"Céu Claro";"Simples";"Reta";"Não";1;0;1;0;0;0;1;1;-27,3731434;-53,39768922;"SPRF-RS";"DEL08-RS";"UOP02-DEL08-RS"
762179;2026-04-01;"quarta-feira";"12:00:00";"MS";60;416,4;"SIDROLANDIA";"Acessar a via sem observar a presença dos outros veículos";"Colisão transversal";"Com Vítimas Feridas";"Pleno dia";"Crescente";"Céu Claro";"Simples";"Reta";"Não";2;0;1;0;1;0;1;2;-20,898254;-54,888827;"SPRF-MS";"DEL01-MS";"UOP04-DEL01-MS"
762180;2026-04-01;"quarta-feira";"14:25:00";"SC";101;148;"ITAPEMA";"Reação tardia ou ineficiente do condutor";"Colisão traseira";"Com Vítimas Feridas";"Pleno dia";"Crescente";"Céu Claro";"Simples";"Reta";"Sim";2;0;0;1;1;0;1;2;-27,10297682;-48,6170876;"SPRF-SC";"DEL04-SC";"UOP03-DEL04-SC"
762185;2026-04-01;"quarta-feira";"12:15:00";"MT";174;296;"PONTES E LACERDA";"Acessar a via sem observar a presença dos outros veículos";"Colisão transversal";"Com Vítimas Fatais";"Pleno dia";"Crescente";"Céu Claro";"Simples";"Reta";"Não";2;1;1;0;0;0;1;2;-15,30038015;-59,26235222;"SPRF-MT";"DEL04-MT";"UOP01-DEL04-MT"
762186;2026-04-01;"quarta-feira";"14:07:00";"MA";135;5;"SAO LUIS";"Manobra de mudança de faixa";"Colisão traseira";"Com Vítimas Feridas";"Pleno dia";"Decrescente";"Céu Claro";"Dupla";"Reta";"Sim";2;0;0;1;1;0;1;2;-2,6267628;-44,2604862;"SPRF-MA";"DEL01-MA";"UOP01-DEL01-MA"
762189;2026-04-01;"quarta-feira";"14:10:00";"PR";277;36;"MORRETES";"Manobra de mudança de faixa";"Colisão lateral mesmo sentido";"Com Vítimas Feridas";"Pleno dia";"Crescente";"Céu Claro";"Dupla";"Curva;Aclive";"Não";2;0;1;0;1;0;1;2;-25,57074;-48,83896;"SPRF-PR";"DEL01-PR";"UOP05-DEL01-PR"
762191;2026-04-01;"quarta-feira";"13:50:00";"PR";116;121;"CURITIBA";"Ausência de reação do condutor";"Engavetamento";"Com Vítimas Feridas";"Pleno dia";"Decrescente";"Céu Claro";"Dupla";"Reta";"Não";7;0;1;0;6;0;1;3;-25,601032;-49,317429;"SPRF-PR";"DEL01-PR";"UOP03-DEL01-PR"
762193;2026-04-01;"quarta-feira";"05:40:00";"RJ";101;381;"RIO DE JANEIRO";"Entrada inopinada do pedestre";"Atropelamento de Pedestre";"Com Vítimas Feridas";"Pleno dia";"Decrescente";"Céu Claro";"Dupla";"Declive";"Não";2;0;0;1;1;0;1;2;-22,871403;-43,60284;"SPRF-RJ";"DEL03-RJ";"UOP01-DEL03-RJ"
762195;2026-04-01;"quarta-feira";"08:45:00";"SC";101;324;"PESCARIA BRAVA";"Demais falhas mecânicas ou elétricas";"Tombamento";"Com Vítimas Feridas";"Pleno dia";"Decrescente";"Céu Claro";"Múltipla";"Reta";"Não";2;0;2;0;0;0;2;1;-28,42819;-48,923512;"SPRF-SC";"DEL02-SC";"UOP01-DEL02-SC"
762196;2026-04-01;"quarta-feira";"14:45:00";"SE";235;11,1;"NOSSA SENHORA DO SOCORRO";"Conversão proibida";"Colisão traseira";"Com Vítimas Feridas";"Pleno dia";"Crescente";"Nublado";"Múltipla";"Aclive;Curva";"Não";5;0;2;0;3;0;2;3;-10,87761;-37,157541;"SPRF-SE";"DEL01-SE";"UOP01-DEL01-SE"
762197;2026-04-01;"quarta-feira";"00:40:00";"PE";101;79;"JABOATAO DOS GUARARAPES";"Demais falhas mecânicas ou elétricas";"Incêndio";"Sem Vítimas";"Plena Noite";"Crescente";"Nublado";"Dupla";"Reta";"Não";1;0;0;0;1;0;0;1;-8,14659571;-34,94536861;"SPRF-PE";"DEL01-PE";"UOP01-DEL01-PE"
762200;2026-04-01;"quarta-feira";"15:24:00";"SP";116;219;"GUARULHOS";"Ausência de reação do condutor";"Atropelamento de Pedestre";"Com Vítimas Feridas";"Pleno dia";"Crescente";"Céu Claro";"Múltipla";"Reta";"Sim";2;0;1;0;1;0;1;2;-23,42333712;-46,4877646;"SPRF-SP";"DEL01-SP";"UOP01-DEL01-SP"
762204;2026-04-01;"quarta-feira";"15:30:00";"SC";101;10,9;"GARUVA";"Ingestão de álcool pelo condutor";"Saída de leito carroçável";"Com Vítimas Feridas";"Pleno dia";"Crescente";"Céu Claro";"Múltipla";"Interseção de Vias";"Não";1;0;1;0;0;0;1;1;-26,07204572;-48,86110274;"SPRF-SC";"DEL03-SC";"UOP01-DEL03-SC"
762205;2026-01-29;"quinta-feira";"10:30:00";"MA";135;361;"PRESIDENTE DUTRA";"Reação tardia ou ineficiente do condutor";"Colisão traseira";"Com Vítimas Feridas";"Pleno dia";"Decrescente";"Céu Claro";"Simples";"Em Obras";"Não";3;0;0;1;2;0;1;3;-5,40031;-44,466357;"SPRF-MA";"DEL06-MA";"UOP01-DEL06-MA"
762206;2026-04-01;"quarta-feira";"16:00:00";"SC";101;170,6;"TIJUCAS";"Reação tardia ou ineficiente do condutor";"Colisão com objeto";"Com Vítimas Feridas";"Pleno dia";"Decrescente";"Céu Claro";"Dupla";"Reta";"Sim";1;0;1;0;0;0;1;1;-27,30273221;-48,63216162;"SPRF-SC";"DEL04-SC";"UOP03-DEL04-SC"
762208;2026-02-12;"quinta-feira";"20:17:00";"MA";230;406,5;"BALSAS";"Retorno proibido";"Colisão transversal";"Com Vítimas Fatais";"Plena Noite";"Crescente";"Céu Claro";"Simples";"Reta";"Sim";3;1;1;0;1;0;1;3;-7,519778;-46,06285;"SPRF-MA";"DEL05-MA";"UOP01-DEL05-MA"
762209;2026-04-01;"quarta-feira";"17:00:00";"MG";40;556;"NOVA LIMA";"Condutor deixou de manter distância do veículo da frente";"Engavetamento";"Com Vítimas Feridas";"Pleno dia";"Decrescente";"Chuva";"Dupla";"Reta";"Sim";6;0;0;1;4;1;1;5;-20,0937;-43,9754;"SPRF-MG";"DEL01-MG";"UOP02-DEL01-MG"