"id";"data_inversa";"dia_semana";"horario";"uf";"br";"km";"municipio";"causa_acidente";"tipo_acidente";"classificacao_acidente";"fase_dia";"sentido_via";"condicao_metereologica";"tipo_pista";"tracado_via";"uso_solo";"pessoas";"mortos";"feridos_leves";"feridos_graves";"ilesos";"ignorados";"feridos";"veiculos";"latitude";"longitude";"regional";"delegacia";"uop"
762210;2026-04-01;"quarta-feira";"15:55:00";"CE";20;393,3;"CAUCAIA";"Condutor deixou de manter distância do veículo da frente";"Colisão traseira";"Com Vítimas Feridas";"Pleno dia";"Decrescente";"Chuva";"Simples";"Reta";"Não";3;0;0;1;1;1;1;2;-3,82129459;-38,74456756;"SPRF-CE";"DEL01-CE";"UOP01-DEL01-CE"
762211;2026-04-01;"quarta-feira";"15:40:00";"PB";230;112,6;"INGA";"Chuva";"Saída de leito carroçável";"Com Vítimas Feridas";"Pleno dia";"Crescente";"Chuva";"Dupla";"Curva";"Não";1;0;1;0;0;0;1;1;-7,217814;-35,595805;"SPRF-PB";"DEL01-PB";"UOP02-DEL01-PB"
762212;2026-04-01;"quarta-feira";"16:40:00";"PB";230;115;"INGA";"Pista Escorregadia";"Colisão com objeto";"Com Vítimas Feridas";"Pleno dia";"Crescente";"Chuva";"Dupla";"Curva";"Não";6;0;1;0;5;0;1;2;-7,23791208;-35,60575377;"SPRF-PB";"DEL01-PB";"UOP02-DEL01-PB"
762213;2026-04-01;"quarta-feira";"17:00:00";"MG";40;455,1;"CAETANOPOLIS";"Velocidade Incompatível";"Saída de leito carroçável";"Com Vítimas Feridas";"Pleno dia";"Decrescente";"Chuva";"Dupla";"Declive";"Não";3;0;2;0;1;0;2;1;-19,35973707;-44,34425354;"SPRF-MG";"DEL02-MG";"UOP01-DEL02-MG"
762214;2026-04-01;"quarta-feira";"16:00:00";"RO";364;713;"PORTO VELHO";"Reação tardia ou ineficiente do condutor";"Colisão com objeto";"Com Vítimas Feridas";"Pleno dia";"Decrescente";"Céu Claro";"Múltipla";"Reta;Viaduto";"Sim";2;0;2;0;0;0;2;1;-8,77283191;-63,88099945;"SPRF-RO";"DEL01-RO";"UOP01-DEL01-RO"
762215;2026-04-01;"quarta-feira";"17:00:00";"PE";101;55;"PAULISTA";"Trafegar com motocicleta (ou similar) entre as faixas";"Tombamento";"Com Vítimas Feridas";"Pleno dia";"Crescente";"Garoa/Chuvisco";"Múltipla";"Reta";"Não";1;0;0;1;0;0;1;1;-7,947905;-34,906312;"SPRF-PE";"DEL01-PE";"UOP02-DEL01-PE"
762216;2026-04-01;"quarta-feira";"16:50:00";"PE";101;70;"RECIFE";"Manobra de mudança de faixa";"Colisão lateral mesmo sentido";"Com Vítimas Feridas";"Plena Noite";"Decrescente";"Nublado";"Dupla";"Reta;Viaduto;Retorno Regulamentado";"Sim";3;0;1;0;2;0;1;2;-8,075388;-34,942622;"SPRF-PE";"DEL01-PE";"UOP01-DEL01-PE"
762217;2026-04-01;"quarta-feira";"17:26:00";"PE";101;43;"IGARASSU";"Manobra de mudança de faixa";"Colisão transversal";"Com Vítimas Feridas";"Plena Noite";"Decrescente";"Chuva";"Dupla";"Reta";"Sim";2;0;1;0;1;0;1;2;-7,84477;-34,91035;"SPRF-PE";"DEL01-PE";"UOP02-DEL01-PE"
762218;2026-04-01;"quarta-feira";"17:26:00";"PR";369;146;"LONDRINA";"Condutor deixou de manter distância do veículo da frente";"Colisão traseira";"Com Vítimas Feridas";"Pleno dia";"Crescente";"Céu Claro";"Dupla";"Declive;Reta";"Sim";4;0;2;0;2;0;2;3;-23,293123;-51,130008;"SPRF-PR";"DEL07-PR";"UOP01-DEL07-PR"
762220;2026-04-01;"quarta-feira";"17:00:00";"PR";376;605;"CURITIBA";"Manobra de mudança de faixa";"Colisão lateral mesmo sentido";"Com Vítimas Feridas";"Pleno dia";"Crescente";"Céu Claro";"Múltipla";"Reta;Interseção de Vias";"Não";2;0;1;0;1;0;1;2;-25,54318599;-49,30857944;"SPRF-PR";"DEL01-PR";"UOP03-DEL01-PR"
762221;2026-04-01;"quarta-feira";"17:55:00";"ES";262;19,5;"VIANA";"Trafegar com motocicleta (ou similar) entre as faixas";"Colisão transversal";"Com Vítimas Feridas";"Anoitecer";"Crescente";"Céu Claro";"Simples";"Reta;Rotatória";"Sim";3;0;3;0;0;0;3;2;-20,38824124;-40,49440311;"SPRF-ES";"DEL01-ES";"UOP01-DEL01-ES"
762222;2026-04-01;"quarta-feira";"18:00:00";"DF";70;18;"BRASILIA";"Transitar no Acostamento";"Colisão transversal";"Com Vítimas Feridas";"Plena Noite";"Crescente";"Nublado";"Dupla";"Reta;Retorno Regulamentado";"Não";4;0;0;2;1;1;2;3;-15,789112;-48,217153;"SPRF-DF";"DEL03-DF";"UOP02-DEL03-DF"
762223;2026-04-01;"quarta-feira";"18:00:00";"DF";40;7;"BRASILIA";"Transitar no Acostamento";"Atropelamento de Pedestre";"Com Vítimas Feridas";"Pleno dia";"Crescente";"Nublado";"Dupla";"Reta";"Sim";4;0;1;0;2;1;1;2;-16,04136;-47,98022;"SPRF-DF";"DEL01-DF";"UOP01-DEL01-DF"
762225;2026-04-01;"quarta-feira";"18:01:00";"SC";282;645,8;"SAO MIGUEL DO OESTE";"Acessar a via sem observar a presença dos outros veículos";"Colisão traseira";"Sem Vítimas";"Pleno dia";"Crescente";"Céu Claro";"Simples";"Aclive;Reta";"Sim";2;0;0;0;2;0;0;2;-26,76400874;-53,49667875;"SPRF-SC";"DEL07-SC";"UOP03-DEL07-SC"
762226;2026-03-13;"sexta-feira";"05:50:00";"RJ";116;181;"NOVA IGUACU";"Ausência de reação do condutor";"Colisão traseira";"Com Vítimas Feridas";"Amanhecer";"Crescente";"Nublado";"Dupla";"Reta";"Não";1;0;1;0;0;0;1;1;-22,75592068;-43,43650818;"SPRF-RJ";"DEL06-RJ";"UOP01-DEL06-RJ"
762227;2026-04-01;"quarta-feira";"18:20:00";"PR";116;118;"CURITIBA";"Ingestão de álcool pelo condutor";"Colisão lateral mesmo sentido";"Sem Vítimas";"Anoitecer";"Decrescente";"Garoa/Chuvisco";"Dupla";"Reta";"Sim";2;0;0;0;2;0;0;2;-25,5694818;-49,3104083;"SPRF-PR";"DEL01-PR";"UOP03-DEL01-PR"
762228;2026-04-01;"quarta-feira";"17:05:00";"MS";262;365;"CAMPO GRANDE";"Reação tardia ou ineficiente do condutor";"Colisão lateral mesmo sentido";"Com Vítimas Feridas";"Pleno dia";"Crescente";"Céu Claro";"Simples";"Reta";"Sim";2;0;1;0;1;0;1;2;-20,490213;-54,741575;"SPRF-MS";"DEL01-MS";"UOP03-DEL01-MS"
762229;2026-04-01;"quarta-feira";"16:10:00";"PR";376;431,2;"TIBAGI";"Curva acentuada";"Saída de leito carroçável";"Com Vítimas Feridas";"Pleno dia";"Crescente";"Chuva";"Dupla";"Declive;Curva";"Não";1;0;1;0;0;0;1;1;-24,78981248;-50,50408602;"SPRF-PR";"DEL03-PR";"UOP02-DEL03-PR"
762230;2026-04-01;"quarta-feira";"18:30:00";"SC";282;224;"LAGES";"Reação tardia ou ineficiente do condutor";"Colisão transversal";"Com Vítimas Feridas";"Anoitecer";"Decrescente";"Nublado";"Simples";"Reta";"Sim";4;0;1;0;3;0;1;2;-27,798492;-50,36584;"SPRF-SC";"DEL05-SC";"UOP02-DEL05-SC"
762232;2026-04-01;"quarta-feira";"16:30:00";"MG";365;30,8;"MONTES CLAROS";"Chuva";"Capotamento";"Com Vítimas Feridas";"Pleno dia";"Decrescente";"Chuva";"Simples";"Curva";"Não";2;0;2;0;0;0;2;1;-16,83984;-44,09192;"SPRF-MG";"DEL12-MG";"UOP01-DEL12-MG"
762234;2026-04-01;"quarta-feira";"16:35:00";"MG";381;876,5;"ESTIVA";"Condutor Dormindo";"Saída de leito carroçável";"Com Vítimas Feridas";"Pleno dia";"Decrescente";"Céu Claro";"Dupla";"Curva";"Não";4;0;2;0;2;0;2;1;-22,437535;-45,983493;"SPRF-MG";"DEL16-MG";"UOP01-DEL16-MG"
762237;2026-04-01;"quarta-feira";"18:30:00";"SP";153;65;"SAO JOSE DO RIO PRETO";"Trafegar com motocicleta (ou similar) entre as faixas";"Colisão traseira";"Com Vítimas Feridas";"Plena Noite";"Decrescente";"Chuva";"Dupla";"Reta";"Sim";2;0;1;0;0;1;1;2;-20,837722;-49,367129;"SPRF-SP";"DEL09-SP";"UOP01-DEL09-SP"
762239;2026-04-01;"quarta-feira";"18:41:00";"RN";304;46,8;"MOSSORO";"Acessar a via sem observar a presença dos outros veículos";"Colisão lateral mesmo sentido";"Com Vítimas Feridas";"Plena Noite";"Decrescente";"Nublado";"Dupla";"Interseção de Vias";"Sim";3;0;1;0;2;0;1;2;-5,2258;-37,3323;"SPRF-RN";"DEL04-RN";"UOP01-DEL04-RN"
762240;2026-04-01;"quarta-feira";"17:35:00";"MT";163;853;"SINOP";"Acessar a via sem observar a presença dos outros veículos";"Colisão transversal";"Com Vítimas Feridas";"Anoitecer";"Crescente";"Céu Claro";"Simples";"Reta";"Sim";3;0;2;0;1;0;2;2;-11,7033826;-55,4551854;"SPRF-MT";"DEL06-MT";"UOP02-DEL06-MT"
762241;2026-04-01;"quarta-feira";"18:30:00";"RJ";40;113;"DUQUE DE CAXIAS";"Condutor deixou de manter distância do veículo da frente";"Engavetamento";"Sem Vítimas";"Plena Noite";"Decrescente";"Garoa/Chuvisco";"Dupla";"Declive";"Sim";4;0;0;0;4;0;0;4;-22,70879396;-43,29049132;"SPRF-RJ";"DEL01-RJ";"UOP02-DEL01-RJ"
762243;2026-04-01;"quarta-feira";"17:20:00";"RS";290;130;"ELDORADO DO SUL";"Condutor deixou de manter distância do veículo da frente";"Queda de ocupante de veículo";"Com Vítimas Feridas";"Pleno dia";"Decrescente";"Céu Claro";"Dupla";"Reta";"Não";1;0;1;0;0;0;1;1;-30,06111278;-51,52680008;"SPRF-RS";"DEL02-RS";"UOP01-DEL02-RS"
762244;2026-04-01;"quarta-feira";"15:40:00";"RO";364;16;"VILHENA";"Ultrapassagem Indevida";"Colisão lateral mesmo sentido";"Com Vítimas Feridas";"Pleno dia";"Decrescente";"Céu Claro";"Simples";"Reta;Aclive";"Não";3;0;2;0;1;0;2;2;-12,73288091;-60,16251532;"SPRF-RO";"DEL04-RO";"UOP01-DEL04-RO"
762245;2026-04-01;"quarta-feira";"19:05:00";"PE";101;42,9;"IGARASSU";"Acumulo de água sobre o pavimento";"Colisão frontal";"Com Vítimas Feridas";"Plena Noite";"Crescente";"Chuva";"Simples";"Reta";"Sim";2;0;0;1;1;0;1;2;-7,84529;-34,91035;"SPRF-PE";"DEL01-PE";"UOP02-DEL01-PE"
762247;2026-04-01;"quarta-feira";"19:15:00";"RN";304;33;"MOSSORO";"Iluminação deficiente";"Colisão traseira";"Com Vítimas Feridas";"Plena Noite";"Crescente";"Céu Claro";"Dupla";"Reta";"Não";2;0;2;0;0;0;2;2;-5,14428902;-37,34699249;"SPRF-RN";"DEL04-RN";"UOP02-DEL04-RN"
762249;2026-04-01;"quarta-feira";"19:29:00";"SP";116;227,5;"SAO PAULO";"Reação tardia ou ineficiente do condutor";"Colisão traseira";"Com Vítimas Feridas";"Plena Noite";"Decrescente";"Céu Claro";"Múltipla";"Reta";"Sim";2;0;1;0;1;0;1;2;-23,50036107;-46,56237722;"SPRF-SP";"DEL01-SP";"UOP01-DEL01-SP"
762250;2026-04-01;"quarta-feira";"19:15:00";"SC";280;224,5;"TRES BARRAS";"Pedestre andava na pista";"Atropelamento de Pedestre";"Com Vítimas Feridas";"Plena Noite";"Crescente";"Céu Claro";"Simples";"Reta";"Não";3;0;0;1;2;0;1;2;-26,17683;-50,30804;"SPRF-SC";"DEL06-SC";"UOP04-DEL06-SC"
762253;2026-04-01;"quarta-feira";"19:15:00";"RS";386;36,3;"FREDERICO WESTPHALEN";"Ausência de reação do condutor";"Colisão transversal";"Com Vítimas Feridas";"Plena Noite";"Decrescente";"Céu Claro";"Simples";"Interseção de Vias;Rotatória";"Sim";4;0;1;0;3;0;1;2;-27,3769697;-53,398839;"SPRF-RS";"DEL08-RS";"UOP02-DEL08-RS"
762254;2026-04-01;"quarta-feira";"19:30:00";"PI";343;10;"PARNAIBA";"Acessar a via sem observar a presença dos outros veículos";"Colisão transversal";"Com Vítimas Feridas";"Plena Noite";"Decrescente";"Céu Claro";"Simples";"Reta";"Não";2;0;1;1;0;0;2;2;-2,902367;-41,744153;"SPRF-PI";"DEL05-PI";"UOP01-DEL05-PI"
762255;2026-04-01;"quarta-feira";"18:50:00";"PE";232;469;"MIRANDIBA";"Afundamento ou ondulação no pavimento";"Tombamento";"Com Vítimas Fatais";"Plena Noite";"Decrescente";"Nevoeiro/Neblina";"Simples";"Reta;Ponte";"Não";1;1;0;0;0;0;0;1;-8,020775;-38,797107;"SPRF-PE";"DEL05-PE";"UOP01-DEL05-PE"
762256;2026-04-01;"quarta-feira";"19:20:00";"MG";381;484;"BETIM";"Reação tardia ou ineficiente do condutor";"Colisão traseira";"Com Vítimas Feridas";"Plena Noite";"Decrescente";"Garoa/Chuvisco";"Múltipla";"Curva";"Não";3;0;2;0;1;0;2;2;-19,95649698;-44,09464928;"SPRF-MG";"DEL01-MG";"UOP03-DEL01-MG"
762257;2026-04-01;"quarta-feira";"18:45:00";"PB";230;467,6;"SOUSA";"Transitar na contramão";"Colisão frontal";"Sem Vítimas";"Plena Noite";"Decrescente";"Nublado";"Simples";"Reta";"Não";2;0;0;0;1;1;0;2;-6,785159;-38,27939;"SPRF-PB";"DEL03-PB";"UOP03-DEL03-PB"
762258;2026-04-01;"quarta-feira";"19:10:00";"RJ";101;329;"NITEROI";"Ausência de reação do condutor";"Tombamento";"Com Vítimas Feridas";"Plena Noite";"Decrescente";"Céu Claro";"Dupla";"Reta";"Não";1;0;1;0;0;0;1;1;-22,8786176;-43,1095808;"SPRF-RJ";"DEL02-RJ";"UOP01-DEL02-RJ"
762259;2026-04-01;"quarta-feira";"13:00:00";"GO";153;641,6;"MORRINHOS";"Condutor Dormindo";"Saída de leito carroçável";"Com Vítimas Feridas";"Pleno dia";"Decrescente";"Sol";"Dupla";"Declive;Reta";"Não";1;0;1;0;0;0;1;1;-17,88077536;-49,2309688;"SPRF-GO";"DEL03-GO";"UOP01-DEL03-GO"
762261;2026-03-16;"segunda-feira";"09:10:00";"PB";104;130,7;"QUEIMADAS";"Transitar na contramão";"Colisão frontal";"Com Vítimas Feridas";"Pleno dia";"Crescente";"Sol";"Simples";"Reta";"Sim";2;0;1;0;1;0;1;2;-7,28854078;-35,89009658;"SPRF-PB";"DEL02-PB";"UOP03-DEL02-PB"
762265;2026-03-09;"segunda-feira";"03:40:00";"MG";381;948,1;"EXTREMA";"Velocidade Incompatível";"Colisão com objeto";"Com Vítimas Fatais";"Plena Noite";"Crescente";"Nublado";"Dupla";"Reta";"Não";2;1;0;0;1;0;0;2;-22,87034643;-46,35866672;"SPRF-MG";"DEL16-MG";"UOP03-DEL16-MG"
762266;2026-04-01;"quarta-feira";"19:27:00";"RJ";101;54;"CAMPOS DOS GOYTACAZES";"Reação tardia ou ineficiente do condutor";"Saída de leito carroçável";"Com Vítimas Feridas";"Plena Noite";"Decrescente";"Ignorado";"Simples";"Reta";"Não";1;0;1;0;0;0;1;1;-21,65650462;-41,31127691;"SPRF-RJ";"DEL08-RJ";"UOP01-DEL08-RJ"
762268;2026-04-01;"quarta-feira";"20:30:00";"BA";101;853;"TEIXEIRA DE FREITAS";"Reação tardia ou ineficiente do condutor";"Saída de leito carroçável";"Sem Vítimas";"Plena Noite";"Crescente";"Céu Claro";"Simples";"Curva";"Não";2;0;0;0;2;0;0;1;-17,59554313;-39,7493;"SPRF-BA";"DEL09-BA";"UOP02-DEL09-BA"
762270;2026-04-01;"quarta-feira";"21:50:00";"PA";316;61,5;"CASTANHAL";"Acessar a via sem observar a presença dos outros veículos";"Colisão lateral mesmo sentido";"Com Vítimas Feridas";"Plena Noite";"Crescente";"Nublado";"Dupla";"Reta";"Sim";2;0;1;0;1;0;1;2;-1,297903;-47,941936;"SPRF-PA";"DEL01-PA";"UOP01-DEL01-PA"
762271;2026-04-01;"quarta-feira";"18:30:00";"PR";277;67;"SAO JOSE DOS PINHAIS";"Transitar no Acostamento";"Colisão lateral mesmo sentido";"Com Vítimas Feridas";"Anoitecer";"Decrescente";"Céu Claro";"Dupla";"Reta";"Sim";1;0;1;0;0;0;1;1;-25,52785242;-49,09643054;"SPRF-PR";"DEL01-PR";"UOP01-DEL01-PR"
762274;2026-04-01;"quarta-feira";"19:25:00";"MT";70;502;"SANTO ANTONIO DO LEVERGER";"Ausência de reação do condutor";"Tombamento";"Com Vítimas Feridas";"Plena Noite";"Crescente";"Ignorado";"Simples";"Desvio Temporário";"Não";1;0;1;0;0;0;1;1;-15,70105263;-55,87165833;"SPRF-MT";"DEL01-MT";"UOP02-DEL01-MT"
762278;2026-04-01;"quarta-feira";"21:40:00";"RJ";101;325;"NITEROI";"Ausência de reação do condutor";"Tombamento";"Com Vítimas Feridas";"Plena Noite";"Crescente";"Céu Claro";"Dupla";"Reta";"Não";1;0;1;0;0;0;1;1;-22,872499;-43,139947;"SPRF-RJ";"DEL02-RJ";"UOP01-DEL02-RJ"
762279;2026-04-01;"quarta-feira";"22:00:00";"RS";471;173;"RIO PARDO";"Desrespeitar a preferência no cruzamento";"Colisão transversal";"Sem Vítimas";"Plena Noite";"Crescente";"Céu Claro";"Simples";"Interseção de Vias;Reta";"Não";2;0;0;0;2;0;0;2;-29,97415812;-52,37108819;"SPRF-RS";"DEL02-RS";"UOP03-DEL02-RS"
762280;2026-04-01;"quarta-feira";"22:30:00";"AL";316;142;"ESTRELA DE ALAGOAS";"Ultrapassagem Indevida";"Colisão frontal";"Com Vítimas Fatais";"Plena Noite";"Decrescente";"Chuva";"Simples";"Reta";"Sim";4;1;2;0;1;0;2;2;-9,39491;-36,7327;"SPRF-AL";"DEL03-AL";"UOP01-DEL03-AL"
762282;2026-04-01;"quarta-feira";"23:40:00";"PR";376;160;"MANDAGUACU";"Avarias e/ou desgaste excessivo no pneu";"Queda de ocupante de veículo";"Com Vítimas Feridas";"Plena Noite";"Crescente";"Céu Claro";"Dupla";"Reta";"Não";1;0;1;0;0;0;1;1;-23,36313189;-52,08514161;"SPRF-PR";"DEL09-PR";"UOP02-DEL09-PR"
762283;2026-04-01;"quarta-feira";"21:40:00";"AL";316;138;"ESTRELA DE ALAGOAS";"Chuva";"Saída de leito carroçável";"Com Vítimas Feridas";"Plena Noite";"Crescente";"Chuva";"Simples";"Reta";"Não";2;0;0;1;0;1;1;2;-9,387544;-36,779429;"SPRF-AL";"DEL03-AL";"UOP01-DEL03-AL"
762286;2026-04-02;"quinta-feira";"00:05:00";"PR";116;142,1;"MANDIRITUBA";"Transitar na contramão";"Colisão frontal";"Com Vítimas Fatais";"Plena Noite";"Crescente";"Céu Claro";"Simples";"Reta";"Não";3;2;0;1;0;0;1;2;-25,790638;-49,32748;"SPRF-PR";"DEL01-PR";"UOP03-DEL01-PR"
762287;2026-04-01;"quarta-feira";"21:10:00";"MS";376;141,5;"IVINHEMA";"Ultrapassagem Indevida";"Colisão frontal";"Com Vítimas Fatais";"Plena Noite";"Decrescente";"Nublado";"Simples";"Reta";"Não";5;1;3;0;1;0;3;2;-22,383795;-53,567944;"SPRF-MS";"DEL04-MS";"UOP04-DEL04-MS"
762288;2026-04-01;"quarta-feira";"23:45:00";"AL";101;146;"JEQUIA DA PRAIA";"Ausência de reação do condutor";"Atropelamento de Pedestre";"Com Vítimas Fatais";"Plena Noite";"Crescente";"Chuva";"Dupla";"Reta";"Não";2;1;0;0;1;0;0;2;-9,87817088;-36,13713219;"SPRF-AL";"DEL02-AL";"UOP01-DEL02-AL"
762291;2026-04-02;"quinta-feira";"01:15:00";"PR";116;103;"SAO JOSE DOS PINHAIS";"Ausência de reação do condutor";"Colisão com objeto";"Sem Vítimas";"Plena Noite";"Decrescente";"Nublado";"Dupla";"Aclive;Reta";"Sim";1;0;0;0;1;0;0;1;-25,572;-49,195;"SPRF-PR";"DEL01-PR";"UOP08-DEL01-PR"
762293;2026-04-01;"quarta-feira";"23:45:00";"RO";364;410,2;"JARU";"Mal súbito do condutor";"Saída de leito carroçável";"Com Vítimas Feridas";"Plena Noite";"Decrescente";"Céu Claro";"Simples";"Reta";"Não";1;0;1;0;0;0;1;1;-10,53034405;-62,3972227;"SPRF-RO";"DEL03-RO";"UOP02-DEL03-RO"
762294;2026-04-02;"quinta-feira";"02:40:00";"MG";381;491,5;"BETIM";"Ausência de reação do condutor";"Queda de ocupante de veículo";"Com Vítimas Feridas";"Plena Noite";"Decrescente";"Nublado";"Dupla";"Reta";"Sim";1;0;1;0;0;0;1;1;-19,95850516;-44,15096283;"SPRF-MG";"DEL01-MG";"UOP03-DEL01-MG"
762296;2026-04-01;"quarta-feira";"22:00:00";"RJ";40;43;"AREAL";"Condutor Dormindo";"Saída de leito carroçável";"Com Vítimas Feridas";"Plena Noite";"Crescente";"Céu Claro";"Dupla";"Curva";"Não";2;0;1;0;1;0;1;1;-22,27305315;-43,11155319;"SPRF-RJ";"DEL05-RJ";"UOP02-DEL05-RJ"
762300;2026-04-02;"quinta-feira";"05:30:00";"SC";101;214,1;"PALHOCA";"Ausência de reação do condutor";"Colisão lateral mesmo sentido";"Com Vítimas Feridas";"Pleno dia";"Crescente";"Céu Claro";"Múltipla";"Reta";"Não";2;0;0;1;1;0;1;2;-27,64527;-48,67147;"SPRF-SC";"DEL01-SC";"UOP02-DEL01-SC"
762301;2026-04-02;"quinta-feira";"04:40:00";"RJ";465;5;"SEROPEDICA";"Reação tardia ou ineficiente do condutor";"Colisão traseira";"Com Vítimas Feridas";"Amanhecer";"Crescente";"Nublado";"Simples";"Reta";"Sim";2;0;1;0;1;0;1;2;-22,742709;-43,703905;"SPRF-RJ";"DEL06-RJ";"UOP02-DEL06-RJ"
762302;2026-04-02;"quinta-feira";"05:50:00";"RS";285;292,1;"PASSO FUNDO";"Acessar a via sem observar a presença dos outros veículos";"Colisão transversal";"Sem Vítimas";"Amanhecer";"Crescente";"Céu Claro";"Simples";"Rotatória";"Não";2;0;0;0;2;0;0;2;-28,2369032;-52,3748244;"SPRF-RS";"DEL08-RS";"UOP03-DEL08-RS"
762303;2026-04-02;"quinta-feira";"05:00:00";"SC";101;112;"ITAJAI";"Condutor Dormindo";"Saída de leito carroçável";"Com Vítimas Feridas";"Amanhecer";"Decrescente";"Nublado";"Múltipla";"Reta";"Não";1;0;1;0;0;0;1;1;-26,84645166;-48,72151271;"SPRF-SC";"DEL04-SC";"UOP04-DEL04-SC"
762305;2026-04-02;"quinta-feira";"03:20:00";"RJ";101;409;"ITAGUAI";"Animais na Pista";"Atropelamento de Animal";"Com Vítimas Feridas";"Plena Noite";"Decrescente";"Céu Claro";"Dupla";"Reta";"Não";2;0;1;0;0;1;1;1;-22,885963;-43,83413;"SPRF-RJ";"DEL03-RJ";"UOP01-DEL03-RJ"
762308;2026-04-02;"quinta-feira";"06:15:00";"PR";277;1;"PARANAGUA";"Acessar a via sem observar a presença dos outros veículos";"Colisão transversal";"Com Vítimas Feridas";"Pleno dia";"Decrescente";"Céu Claro";"Dupla";"Interseção de Vias";"Sim";3;0;1;0;2;0;1;2;-25,50655045;-48,51598676;"SPRF-PR";"DEL01-PR";"UOP05-DEL01-PR"
762309;2026-02-01;"domingo";"08:00:00";"RJ";101;451,9;"MANGARATIBA";"Ausência de reação do condutor";"Saída de leito carroçável";"Com Vítimas Feridas";"Pleno dia";"Crescente";"Sol";"Simples";"Curva";"Não";2;0;1;1;0;0;2;1;-23,03194606;-44,1312089;"SPRF-RJ";"DEL03-RJ";"UOP02-DEL03-RJ"
762310;2026-04-02;"quinta-feira";"07:01:00";"RJ";116;265;"VOLTA REDONDA";"Manobra de mudança de faixa";"Saída de leito carroçável";"Com Vítimas Feridas";"Pleno dia";"Decrescente";"Céu Claro";"Múltipla";"Aclive;Reta";"Não";4;0;2;0;2;0;2;2;-22,5906911;-44,0795396;"SPRF-RJ";"DEL07-RJ";"UOP02-DEL07-RJ"
762313;2026-04-02;"quinta-feira";"07:35:00";"PB";101;90;"JOAO PESSOA";"Reação tardia ou ineficiente do condutor";"Colisão traseira";"Sem Vítimas";"Pleno dia";"Decrescente";"Chuva";"Dupla";"Em Obras;Reta";"Sim";3;0;0;0;3;0;0;2;-7,180848;-34,900467;"SPRF-PB";"DEL01-PB";"UOP01-DEL01-PB"
762314;2026-04-02;"quinta-feira";"05:17:00";"RJ";101;330;"RIO DE JANEIRO";"Reação tardia ou ineficiente do condutor";"Colisão traseira";"Com Vítimas Feridas";"Amanhecer";"Decrescente";"Céu Claro";"Dupla";"Reta";"Sim";2;0;1;0;1;0;1;2;-22,86795064;-43,19618225;"SPRF-RJ";"DEL02-RJ";"UOP01-DEL02-RJ"
762316;2026-04-02;"quinta-feira";"07:00:00";"RJ";116;148;"DUQUE DE CAXIAS";"Reação tardia ou ineficiente do condutor";"Tombamento";"Com Vítimas Feridas";"Pleno dia";"Crescente";"Céu Claro";"Múltipla";"Declive;Curva";"Sim";1;0;1;0;0;0;1;1;-22,67152431;-43,28711067;"SPRF-RJ";"DEL01-RJ";"UOP02-DEL01-RJ"
762320;2026-04-02;"quinta-feira";"07:19:00";"RS";116;150,6;"CAXIAS DO SUL";"Manobra de mudança de faixa";"Colisão lateral mesmo sentido";"Com Vítimas Feridas";"Pleno dia";"Decrescente";"Céu Claro";"Dupla";"Reta";"Sim";4;0;2;0;2;0;2;4;-29,17391054;-51,16090033;"SPRF-RS";"DEL05-RS";"UOP01-DEL05-RS"
762321;2026-03-19;"quinta-feira";"17:01:00";"BA";324;623;"SALVADOR";"Condutor deixou de manter distância do veículo da frente";"Colisão lateral mesmo sentido";"Com Vítimas Feridas";"Pleno dia";"Crescente";"Céu Claro";"Múltipla";"Reta";"Sim";2;0;1;0;0;1;1;2;-12,94177817;-38,47100705;"SPRF-BA";"DEL01-BA";"UOP01-DEL01-BA"
762322;2026-04-02;"quinta-feira";"07:05:00";"RS";290;158,9;"ARROIO DOS RATOS";"Ultrapassagem Indevida";"Saída de leito carroçável";"Com Vítimas Feridas";"Pleno dia";"Crescente";"Céu Claro";"Simples";"Reta";"Não";5;0;4;0;1;0;4;1;-30,108405;-51,797553;"SPRF-RS";"DEL02-RS";"UOP01-DEL02-RS"
762324;2026-04-02;"quinta-feira";"07:00:00";"RJ";116;172;"RIO DE JANEIRO";"Condutor deixou de manter distância do veículo da frente";"Colisão traseira";"Com Vítimas Feridas";"Pleno dia";"Decrescente";"Céu Claro";"Múltipla";"Reta";"Sim";2;0;1;0;1;0;1;2;-22,812272;-43,331869;"SPRF-RJ";"DEL06-RJ";"UOP01-DEL06-RJ"
762325;2026-04-02;"quinta-feira";"07:30:00";"PR";373;264;"PRUDENTOPOLIS";"Acessar a via sem observar a presença dos outros veículos";"Colisão transversal";"Com Vítimas Feridas";"Pleno dia";"Crescente";"Céu Claro";"Simples";"Reta;Interseção de Vias;Retorno Regulamentado";"Sim";2;0;1;0;1;0;1;2;-25,20259244;-50,98271763;"SPRF-PR";"DEL08-PR";"UOP01-DEL08-PR"
762327;2026-04-02;"quinta-feira";"07:30:00";"PR";277;75,5;"SAO JOSE DOS PINHAIS";"Trafegar com motocicleta (ou similar) entre as faixas";"Colisão traseira";"Com Vítimas Feridas";"Pleno dia";"Crescente";"Céu Claro";"Dupla";"Reta;Em Obras";"Sim";2;0;1;0;1;0;1;2;-25,4911319;-49,1736106;"SPRF-PR";"DEL01-PR";"UOP08-DEL01-PR"
762328;2026-04-02;"quinta-feira";"08:00:00";"PR";272;400,1;"FAROL";"Acessar a via sem observar a presença dos outros veículos";"Colisão transversal";"Com Vítimas Feridas";"Pleno dia";"Decrescente";"Céu Claro";"Simples";"Interseção de Vias";"Sim";3;0;2;1;0;0;3;2;-24,09512;-52,69743;"SPRF-PR";"DEL09-PR";"UOP03-DEL09-PR"