"id";"data_inversa";"dia_semana";"horario";"uf";"br";"km";"municipio";"causa_acidente";"tipo_acidente";"classificacao_acidente";"fase_dia";"sentido_via";"condicao_metereologica";"tipo_pista";"tracado_via";"uso_solo";"pessoas";"mortos";"feridos_leves";"feridos_graves";"ilesos";"ignorados";"feridos";"veiculos";"latitude";"longitude";"regional";"delegacia";"uop"
762750;2026-04-04;"sábado";"07:20:00";"SC";470;13;"NAVEGANTES";"Ausência de reação do condutor";"Capotamento";"Com Vítimas Feridas";"Pleno dia";"Crescente";"Nevoeiro/Neblina";"Dupla";"Curva";"Não";3;0;2;0;1;0;2;1;-26,83858305;-48,76559538;"SPRF-SC";"DEL04-SC";"UOP04-DEL04-SC"
762752;2026-04-03;"sexta-feira";"23:25:00";"SC";282;571,6;"NOVA ERECHIM";"Condutor Dormindo";"Colisão traseira";"Sem Vítimas";"Plena Noite";"Decrescente";"Céu Claro";"Simples";"Reta";"Não";4;0;0;0;4;0;0;2;-26,89178848;-52,93091965;"SPRF-SC";"DEL07-SC";"UOP02-DEL07-SC"
762754;2026-04-04;"sábado";"08:00:00";"PR";163;250,3;"TOLEDO";"Ausência de reação do condutor";"Tombamento";"Com Vítimas Feridas";"Pleno dia";"Crescente";"Céu Claro";"Dupla";"Reta";"Não";1;0;1;0;0;0;1;1;-24,68037;-53,78348;"SPRF-PR";"DEL06-PR";"UOP02-DEL06-PR"
762755;2026-04-04;"sábado";"08:30:00";"ES";101;281;"SERRA";"Condutor deixou de manter distância do veículo da frente";"Colisão traseira";"Com Vítimas Feridas";"Pleno dia";"Crescente";"Céu Claro";"Dupla";"Reta";"Não";2;0;1;0;1;0;1;2;-20,220451;-40,356582;"SPRF-ES";"DEL02-ES";"UOP01-DEL02-ES"
762757;2026-04-03;"sexta-feira";"06:00:00";"MG";50;180;"UBERABA";"Condutor Dormindo";"Colisão lateral mesmo sentido";"Com Vítimas Feridas";"Pleno dia";"Crescente";"Céu Claro";"Dupla";"Reta";"Sim";2;0;1;0;1;0;1;2;-19,780684;-47,9200811;"SPRF-MG";"DEL13-MG";"UOP01-DEL13-MG"
762758;2026-04-04;"sábado";"08:00:00";"PR";116;12;"COLOMBO";"Demais Fenômenos da natureza";"Colisão com objeto";"Com Vítimas Feridas";"Pleno dia";"Decrescente";"Sol";"Dupla";"Reta";"Não";1;0;1;0;0;0;1;1;-25,37854;-49,156672;"SPRF-PR";"DEL01-PR";"UOP02-DEL01-PR"
762759;2026-04-04;"sábado";"09:00:00";"PA";230;121;"MARABA";"Reação tardia ou ineficiente do condutor";"Colisão traseira";"Com Vítimas Feridas";"Pleno dia";"Crescente";"Sol";"Dupla";"Reta";"Sim";2;0;1;0;1;0;1;2;-5,36195;-49,124238;"SPRF-PA";"DEL03-PA";"UOP01-DEL03-PA"
762760;2026-04-04;"sábado";"08:10:00";"SC";101;257,7;"PAULO LOPES";"Condutor deixou de manter distância do veículo da frente";"Colisão traseira";"Com Vítimas Feridas";"Pleno dia";"Crescente";"Céu Claro";"Dupla";"Túnel;Curva";"Não";4;0;1;0;3;0;1;2;-28,00468736;-48,69431846;"SPRF-SC";"DEL02-SC";"UOP03-DEL02-SC"
762762;2026-04-04;"sábado";"08:10:00";"PR";376;651,5;"TIJUCAS DO SUL";"Ausência de reação do condutor";"Colisão com objeto";"Com Vítimas Feridas";"Pleno dia";"Crescente";"Céu Claro";"Dupla";"Curva";"Não";1;0;1;0;0;0;1;1;-25,84611634;-49,06781523;"SPRF-PR";"DEL01-PR";"UOP04-DEL01-PR"
762763;2026-04-03;"sexta-feira";"02:00:00";"PR";476;236;"LAPA";"Velocidade Incompatível";"Tombamento";"Com Vítimas Feridas";"Plena Noite";"Decrescente";"Céu Claro";"Simples";"Curva";"Não";4;0;2;0;2;0;2;1;-25,78026363;-49,83866912;"SPRF-PR";"DEL02-PR";"UOP03-DEL02-PR"
762764;2026-04-04;"sábado";"09:00:00";"SP";116;101,9;"PINDAMONHANGABA";"Reação tardia ou ineficiente do condutor";"Colisão traseira";"Com Vítimas Feridas";"Pleno dia";"Decrescente";"Céu Claro";"Dupla";"Reta";"Não";4;0;2;0;2;0;2;3;-22,99781708;-45,49453229;"SPRF-SP";"DEL08-SP";"UOP01-DEL08-SP"
762765;2026-03-27;"sexta-feira";"18:29:00";"SC";280;52;"GUARAMIRIM";"Acessar a via sem observar a presença dos outros veículos";"Colisão transversal";"Com Vítimas Feridas";"Plena Noite";"Decrescente";"Céu Claro";"Dupla";"Rotatória;Interseção de Vias;Reta";"Sim";2;0;1;0;1;0;1;2;-26,47146094;-48,97114841;"SPRF-SC";"DEL03-SC";"UOP03-DEL03-SC"
762766;2026-04-04;"sábado";"09:11:00";"MA";226;299,2;"BARRA DO CORDA";"Acessar a via sem observar a presença dos outros veículos";"Colisão transversal";"Com Vítimas Feridas";"Pleno dia";"Crescente";"Céu Claro";"Simples";"Reta;Declive";"Sim";2;0;0;1;1;0;1;2;-5,4993;-45,242752;"SPRF-MA";"DEL06-MA";"UOP01-DEL06-MA"
762767;2026-04-04;"sábado";"08:20:00";"BA";101;912;"NOVA VICOSA";"Ultrapassagem Indevida";"Colisão frontal";"Com Vítimas Feridas";"Pleno dia";"Decrescente";"Céu Claro";"Simples";"Curva";"Não";3;0;0;2;0;1;2;2;-17,81537845;-39,79179382;"SPRF-BA";"DEL09-BA";"UOP02-DEL09-BA"
762769;2026-04-04;"sábado";"10:00:00";"SC";280;27,9;"ARAQUARI";"Transitar no Acostamento";"Colisão frontal";"Com Vítimas Feridas";"Pleno dia";"Decrescente";"Céu Claro";"Simples";"Reta";"Não";2;0;1;0;1;0;1;2;-26,40379584;-48,74500751;"SPRF-SC";"DEL03-SC";"UOP03-DEL03-SC"
762770;2026-04-03;"sexta-feira";"15:00:00";"BA";242;795;"BARREIRAS";"Reação tardia ou ineficiente do condutor";"Saída de leito carroçável";"Com Vítimas Feridas";"Pleno dia";"Crescente";"Céu Claro";"Simples";"Reta";"Não";1;0;0;1;0;0;1;1;-12,15068;-44,82047;"SPRF-BA";"DEL10-BA";"UOP01-DEL10-BA"
762772;2026-03-19;"quinta-feira";"13:27:00";"PR";376;3,5;"APUCARANA";"Acesso irregular";"Colisão traseira";"Com Vítimas Feridas";"Pleno dia";"Crescente";"Céu Claro";"Simples";"Aclive;Curva";"Sim";2;0;0;1;1;0;1;2;-23,55232546;-51,44810933;"SPRF-PR";"DEL07-PR";"UOP03-DEL07-PR"
762773;2026-04-04;"sábado";"10:15:00";"PR";277;38;"MORRETES";"Ausência de reação do condutor";"Queda de ocupante de veículo";"Com Vítimas Feridas";"Pleno dia";"Decrescente";"Céu Claro";"Dupla";"Curva";"Não";1;0;1;0;0;0;1;1;-25,57377481;-48,85610327;"SPRF-PR";"DEL01-PR";"UOP05-DEL01-PR"
762774;2026-04-04;"sábado";"10:00:00";"PR";369;88,1;"CORNELIO PROCOPIO";"Ingestão de álcool pelo condutor";"Saída de leito carroçável";"Sem Vítimas";"Pleno dia";"Crescente";"Sol";"Simples";"Curva";"Não";1;0;0;0;1;0;0;1;-23,18088645;-50,63069265;"SPRF-PR";"DEL07-PR";"UOP05-DEL07-PR"
762776;2026-04-04;"sábado";"11:20:00";"SC";101;197,5;"BIGUACU";"Ausência de reação do condutor";"Colisão traseira";"Com Vítimas Feridas";"Pleno dia";"Crescente";"Céu Claro";"Múltipla";"Reta";"Sim";2;0;1;0;1;0;1;2;-27,5227;-48,63715;"SPRF-SC";"DEL01-SC";"UOP01-DEL01-SC"
762777;2026-04-04;"sábado";"11:00:00";"AP";156;472;"TARTARUGALZINHO";"Acessar a via sem observar a presença dos outros veículos";"Colisão transversal";"Com Vítimas Feridas";"Pleno dia";"Crescente";"Nublado";"Simples";"Reta";"Sim";2;0;1;0;1;0;1;2;1,509226;-50,912362;"SPRF-AP";"DEL01-AP";"UOP02-DEL01-AP"
762779;2026-04-04;"sábado";"11:45:00";"SC";101;118;"ITAJAI";"Condutor deixou de manter distância do veículo da frente";"Engavetamento";"Com Vítimas Feridas";"Pleno dia";"Crescente";"Céu Claro";"Múltipla";"Reta";"Sim";6;0;4;0;1;1;4;4;-26,89288781;-48,72036807;"SPRF-SC";"DEL04-SC";"UOP04-DEL04-SC"
762780;2026-04-04;"sábado";"11:30:00";"MG";50;82,8;"UBERLANDIA";"Transitar na contramão";"Colisão frontal";"Com Vítimas Fatais";"Pleno dia";"Crescente";"Céu Claro";"Dupla";"Reta";"Não";2;1;0;0;1;0;0;2;-18,989467;-48,211636;"SPRF-MG";"DEL15-MG";"UOP01-DEL15-MG"
762782;2026-04-04;"sábado";"07:15:00";"SC";101;171,2;"TIJUCAS";"Avarias e/ou desgaste excessivo no pneu";"Tombamento";"Com Vítimas Feridas";"Pleno dia";"Crescente";"Céu Claro";"Dupla";"Reta";"Sim";2;0;2;0;0;0;2;1;-27,308031;-48,632956;"SPRF-SC";"DEL04-SC";"UOP03-DEL04-SC"
762783;2026-01-18;"domingo";"11:20:00";"MG";40;594,6;"OURO PRETO";"Velocidade Incompatível";"Colisão traseira";"Com Vítimas Feridas";"Pleno dia";"Crescente";"Chuva";"Simples";"Curva;Declive";"Não";4;0;3;0;0;1;3;3;-20,4031632;-43,897359;"SPRF-MG";"DEL05-MG";"UOP02-DEL05-MG"
762784;2026-04-04;"sábado";"12:30:00";"SE";349;27;"JAPOATA";"Condutor deixou de manter distância do veículo da frente";"Colisão traseira";"Com Vítimas Feridas";"Pleno dia";"Crescente";"Céu Claro";"Simples";"Reta";"Não";2;0;1;0;1;0;1;2;-10,38329527;-36,85667932;"SPRF-SE";"DEL02-SE";"UOP02-DEL02-SE"
762786;2026-04-04;"sábado";"13:10:00";"PE";101;68;"RECIFE";"Manobra de mudança de faixa";"Colisão lateral mesmo sentido";"Com Vítimas Feridas";"Pleno dia";"Decrescente";"Garoa/Chuvisco";"Dupla";"Rotatória";"Sim";3;0;1;0;1;1;1;3;-8,05193;-34,9461;"SPRF-PE";"DEL01-PE";"UOP01-DEL01-PE"
762787;2026-04-04;"sábado";"11:37:00";"MG";116;702,4;"MURIAE";"Acessar a via sem observar a presença dos outros veículos";"Colisão transversal";"Com Vítimas Feridas";"Pleno dia";"Decrescente";"Céu Claro";"Simples";"Interseção de Vias;Rotatória";"Sim";4;0;3;0;0;1;3;2;-21,125033;-42,381539;"SPRF-MG";"DEL07-MG";"UOP02-DEL07-MG"
762788;2026-04-04;"sábado";"12:44:00";"RN";101;80,8;"NATAL";"Acesso irregular";"Colisão transversal";"Com Vítimas Feridas";"Pleno dia";"Decrescente";"Céu Claro";"Múltipla";"Interseção de Vias";"Sim";3;0;3;0;0;0;3;2;-5,762587;-35,287068;"SPRF-RN";"DEL02-RN";"UOP01-DEL02-RN"
762789;2026-04-04;"sábado";"12:20:00";"PR";277;410;"CANDOI";"Ausência de reação do condutor";"Saída de leito carroçável";"Com Vítimas Feridas";"Pleno dia";"Decrescente";"Céu Claro";"Simples";"Aclive;Curva";"Não";1;0;1;0;0;0;1;1;-25,43101834;-52,00767875;"SPRF-PR";"DEL04-PR";"UOP02-DEL04-PR"
762791;2026-04-04;"sábado";"12:48:00";"SP";116;278;"EMBU DAS ARTES";"Pista Escorregadia";"Queda de ocupante de veículo";"Com Vítimas Feridas";"Pleno dia";"Decrescente";"Céu Claro";"Dupla";"Interseção de Vias;Curva";"Sim";1;0;1;0;0;0;1;1;-23,63688733;-46,84033371;"SPRF-SP";"DEL04-SP";"UOP01-DEL04-SP"
762795;2026-04-04;"sábado";"07:15:00";"AM";319;0;"CANUTAMA";"Acumulo de água sobre o pavimento";"Saída de leito carroçável";"Com Vítimas Feridas";"Pleno dia";"Decrescente";"Chuva";"Simples";"Curva";"Não";1;0;1;0;0;0;1;1;-8,146567;-63,769735;"SPRF-AM";"DEL01-AM";"UOP03-DEL01-AM"
762796;2026-04-04;"sábado";"13:50:00";"BA";367;79,9;"EUNAPOLIS";"Ultrapassagem Indevida";"Colisão frontal";"Com Vítimas Fatais";"Pleno dia";"Decrescente";"Céu Claro";"Simples";"Reta";"Não";3;1;0;0;2;0;0;2;-16,36974;-39,54287;"SPRF-BA";"DEL09-BA";"UOP03-DEL09-BA"
762797;2026-04-04;"sábado";"13:50:00";"SC";282;4,1;"FLORIANOPOLIS";"Pedestre andava na pista";"Atropelamento de Pedestre";"Com Vítimas Feridas";"Pleno dia";"Crescente";"Sol";"Múltipla";"Reta";"Sim";2;0;1;0;1;0;1;2;-27,591985;-48,605245;"SPRF-SC";"DEL01-SC";"UOP01-DEL01-SC"
762798;2026-04-04;"sábado";"14:00:00";"MG";267;86,8;"JUIZ DE FORA";"Avarias e/ou desgaste excessivo no pneu";"Saída de leito carroçável";"Com Vítimas Feridas";"Pleno dia";"Decrescente";"Nublado";"Simples";"Reta";"Sim";2;0;2;0;0;0;2;1;-21,7526537;-43,28184187;"SPRF-MG";"DEL05-MG";"UOP01-DEL05-MG"
762799;2026-04-04;"sábado";"08:30:00";"MT";174;145;"MIRASSOL DOESTE";"Avarias e/ou desgaste excessivo no pneu";"Saída de leito carroçável";"Com Vítimas Feridas";"Pleno dia";"Crescente";"Céu Claro";"Simples";"Reta";"Não";2;0;2;0;0;0;2;1;-15,8193416;-58,26942444;"SPRF-MT";"DEL03-MT";"UOP01-DEL03-MT"
762801;2026-04-04;"sábado";"14:30:00";"MG";40;572;"NOVA LIMA";"Ausência de reação do condutor";"Saída de leito carroçável";"Com Vítimas Feridas";"Pleno dia";"Crescente";"Céu Claro";"Simples";"Reta";"Sim";1;0;0;1;0;0;1;1;-20,201442;-43,9745154;"SPRF-MG";"DEL01-MG";"UOP02-DEL01-MG"
762803;2026-04-04;"sábado";"14:55:00";"RS";116;233;"ESTANCIA VELHA";"Reação tardia ou ineficiente do condutor";"Colisão traseira";"Com Vítimas Feridas";"Pleno dia";"Crescente";"Céu Claro";"Simples";"Reta;Aclive";"Não";3;0;1;0;2;0;1;2;-29,64149533;-51,1426878;"SPRF-RS";"DEL01-RS";"UOP02-DEL01-RS"
762804;2026-04-04;"sábado";"14:20:00";"RJ";101;65;"CAMPOS DOS GOYTACAZES";"Conversão proibida";"Colisão transversal";"Com Vítimas Feridas";"Pleno dia";"Decrescente";"Céu Claro";"Simples";"Reta";"Sim";2;0;1;0;1;0;1;2;-21,75404;-41,34716;"SPRF-RJ";"DEL08-RJ";"UOP02-DEL08-RJ"
762805;2026-04-04;"sábado";"15:00:00";"SC";282;23;"SANTO AMARO DA IMPERATRIZ";"Acesso irregular";"Colisão lateral mesmo sentido";"Com Vítimas Feridas";"Pleno dia";"Crescente";"Nublado";"Simples";"Reta";"Sim";3;0;2;0;1;0;2;2;-27,68543251;-48,74214141;"SPRF-SC";"DEL01-SC";"UOP02-DEL01-SC"
762806;2026-04-04;"sábado";"13:20:00";"MG";116;506,5;"UBAPORANGA";"Ausência de reação do condutor";"Tombamento";"Com Vítimas Feridas";"Pleno dia";"Crescente";"Céu Claro";"Simples";"Reta;Interseção de Vias";"Não";1;0;1;0;0;0;1;1;-19,61722428;-42,1103552;"SPRF-MG";"DEL06-MG";"UOP02-DEL06-MG"
762807;2026-04-04;"sábado";"15:10:00";"PB";230;35,7;"SANTA RITA";"Ausência de reação do condutor";"Tombamento";"Com Vítimas Feridas";"Pleno dia";"Crescente";"Céu Claro";"Simples";"Curva;Aclive";"Sim";1;0;0;1;0;0;1;1;-7,12408708;-34,94651031;"SPRF-PB";"DEL01-PB";"UOP01-DEL01-PB"
762809;2026-04-04;"sábado";"12:15:00";"CE";116;495,3;"BREJO SANTO";"Pista esburacada";"Colisão traseira";"Com Vítimas Fatais";"Pleno dia";"Crescente";"Nublado";"Simples";"Reta";"Não";4;1;0;0;2;1;0;4;-7,429355;-38,970796;"SPRF-CE";"DEL05-CE";"UOP03-DEL05-CE"
762811;2026-04-04;"sábado";"15:30:00";"PR";376;661;"TIJUCAS DO SUL";"Demais falhas mecânicas ou elétricas";"Tombamento";"Com Vítimas Feridas";"Pleno dia";"Crescente";"Céu Claro";"Dupla";"Reta";"Não";2;0;2;0;0;0;2;1;-25,85452079;-48,99861272;"SPRF-PR";"DEL01-PR";"UOP04-DEL01-PR"
762812;2026-04-04;"sábado";"14:54:00";"CE";222;251,9;"SOBRAL";"Acessar a via sem observar a presença dos outros veículos";"Colisão transversal";"Com Vítimas Feridas";"Pleno dia";"Crescente";"Céu Claro";"Simples";"Interseção de Vias";"Não";8;0;5;1;2;0;6;2;-3,75468548;-40,58361626;"SPRF-CE";"DEL04-CE";"UOP01-DEL04-CE"
762814;2026-04-04;"sábado";"15:30:00";"PR";277;691;"SAO MIGUEL DO IGUACU";"Acessar a via sem observar a presença dos outros veículos";"Colisão transversal";"Com Vítimas Feridas";"Pleno dia";"Crescente";"Céu Claro";"Dupla";"Retorno Regulamentado;Reta";"Sim";3;0;0;1;2;0;1;2;-25,36504013;-54,25704217;"SPRF-PR";"DEL05-PR";"UOP01-DEL05-PR"
762815;2026-04-04;"sábado";"15:40:00";"RJ";101;429;"RIO DE JANEIRO";"Conversão proibida";"Colisão transversal";"Com Vítimas Feridas";"Pleno dia";"Crescente";"Sol";"Simples";"Reta";"Não";3;0;2;0;1;0;2;2;-22,9212;-43,791807;"SPRF-RJ";"DEL03-RJ";"UOP02-DEL03-RJ"
762816;2026-03-27;"sexta-feira";"15:20:00";"PE";407;127;"PETROLINA";"Acesso irregular";"Colisão transversal";"Com Vítimas Feridas";"Pleno dia";"Decrescente";"Ignorado";"Dupla";"Interseção de Vias";"Sim";2;0;1;0;1;0;1;2;-9,39139623;-40,5189893;"SPRF-PE";"DEL06-PE";"UOP01-DEL06-PE"
762818;2026-04-04;"sábado";"15:45:00";"PE";232;202;"PESQUEIRA";"Condutor deixou de manter distância do veículo da frente";"Colisão traseira";"Com Vítimas Feridas";"Pleno dia";"Decrescente";"Céu Claro";"Simples";"Reta";"Não";4;0;1;0;3;0;1;2;-8,370402;-36,66348;"SPRF-PE";"DEL03-PE";"UOP02-DEL03-PE"
762819;2026-04-04;"sábado";"16:40:00";"RS";116;238;"NOVO HAMBURGO";"Velocidade Incompatível";"Queda de ocupante de veículo";"Com Vítimas Feridas";"Pleno dia";"Decrescente";"Céu Claro";"Dupla";"Curva;Aclive;Retorno Regulamentado";"Sim";1;0;1;0;0;0;1;1;-29,68504472;-51,14162491;"SPRF-RS";"DEL01-RS";"UOP02-DEL01-RS"
762822;2026-04-04;"sábado";"16:29:00";"RJ";40;112;"DUQUE DE CAXIAS";"Acumulo de água sobre o pavimento";"Colisão transversal";"Com Vítimas Feridas";"Pleno dia";"Decrescente";"Chuva";"Dupla";"Reta";"Sim";3;0;1;0;2;0;1;2;-22,70281674;-43,29037476;"SPRF-RJ";"DEL01-RJ";"UOP02-DEL01-RJ"
762823;2026-04-04;"sábado";"16:59:00";"MG";381;526;"BRUMADINHO";"Acumulo de água sobre o pavimento";"Saída de leito carroçável";"Com Vítimas Feridas";"Pleno dia";"Crescente";"Chuva";"Dupla";"Curva";"Não";1;0;1;0;0;0;1;1;-20,15091616;-44,32638869;"SPRF-MG";"DEL04-MG";"UOP03-DEL04-MG"
762825;2026-04-04;"sábado";"17:05:00";"MG";40;709,7;"BARBACENA";"Velocidade Incompatível";"Colisão com objeto";"Com Vítimas Fatais";"Pleno dia";"Crescente";"Chuva";"Dupla";"Curva";"Não";3;1;1;1;0;0;2;1;-21,2436123;-43,7222517;"SPRF-MG";"DEL05-MG";"UOP02-DEL05-MG"
762826;2026-04-04;"sábado";"16:35:00";"SC";163;67;"SAO MIGUEL DO OESTE";"Ausência de reação do condutor";"Saída de leito carroçável";"Com Vítimas Feridas";"Pleno dia";"Crescente";"Nublado";"Dupla";"Reta;Declive";"Sim";1;0;0;1;0;0;1;1;-26,75263862;-53,50066832;"SPRF-SC";"DEL07-SC";"UOP03-DEL07-SC"
762828;2026-04-03;"sexta-feira";"04:40:00";"RS";116;255;"ESTEIO";"Velocidade Incompatível";"Saída de leito carroçável";"Sem Vítimas";"Plena Noite";"Crescente";"Céu Claro";"Múltipla";"Interseção de Vias;Reta";"Sim";1;0;0;0;0;1;0;1;-29,83053672;-51,17384434;"SPRF-RS";"DEL01-RS";"UOP02-DEL01-RS"
762830;2026-04-04;"sábado";"16:10:00";"GO";364;305;"MINEIROS";"Velocidade Incompatível";"Colisão traseira";"Com Vítimas Feridas";"Pleno dia";"Decrescente";"Céu Claro";"Simples";"Reta";"Não";5;0;2;1;2;0;3;2;-17,519018;-52,53215;"SPRF-GO";"DEL05-GO";"UOP01-DEL05-GO"
762831;2026-04-04;"sábado";"17:45:00";"MG";40;530,8;"CONTAGEM";"Ausência de reação do condutor";"Saída de leito carroçável";"Com Vítimas Feridas";"Anoitecer";"Crescente";"Céu Claro";"Dupla";"Declive;Curva";"Sim";1;0;0;1;0;0;1;1;-19,9191297;-44,0270554;"SPRF-MG";"DEL01-MG";"UOP02-DEL01-MG"
762832;2026-04-04;"sábado";"17:30:00";"SC";101;233;"PALHOCA";"Pista Escorregadia";"Tombamento";"Com Vítimas Feridas";"Anoitecer";"Decrescente";"Nevoeiro/Neblina";"Dupla";"Reta;Aclive";"Sim";1;0;1;0;0;0;1;1;-27,80489815;-48,63842726;"SPRF-SC";"DEL01-SC";"UOP02-DEL01-SC"
762833;2026-04-04;"sábado";"17:20:00";"BA";242;614;"IBOTIRAMA";"Reação tardia ou ineficiente do condutor";"Saída de leito carroçável";"Com Vítimas Feridas";"Anoitecer";"Decrescente";"Chuva";"Simples";"Reta";"Não";2;0;2;0;0;0;2;1;-12,15880747;-43,29604626;"SPRF-BA";"DEL10-BA";"UOP01-DEL10-BA"
762836;2026-04-04;"sábado";"16:53:00";"RO";364;710;"PORTO VELHO";"Ingestão de álcool pelo condutor";"Queda de ocupante de veículo";"Com Vítimas Feridas";"Pleno dia";"Decrescente";"Céu Claro";"Dupla";"Reta";"Não";2;0;1;0;1;0;1;2;-8,78551174;-63,85933813;"SPRF-RO";"DEL01-RO";"UOP01-DEL01-RO"
762837;2026-04-04;"sábado";"17:45:00";"MG";381;533;"ITATIAIUCU";"Acumulo de água sobre o pavimento";"Saída de leito carroçável";"Com Vítimas Feridas";"Plena Noite";"Decrescente";"Chuva";"Dupla";"Curva";"Não";1;0;1;0;0;0;1;1;-20,17866864;-44,37701672;"SPRF-MG";"DEL04-MG";"UOP03-DEL04-MG"
762840;2026-04-04;"sábado";"16:30:00";"RJ";393;284,2;"VOLTA REDONDA";"Ausência de reação do condutor";"Colisão traseira";"Com Vítimas Feridas";"Pleno dia";"Decrescente";"Sol";"Simples";"Reta";"Não";4;0;1;0;3;0;1;3;-22,496962;-44,071021;"SPRF-RJ";"DEL05-RJ";"UOP04-DEL05-RJ"
762841;2026-04-04;"sábado";"18:10:00";"PR";277;81,5;"CURITIBA";"Manobra de mudança de faixa";"Colisão lateral mesmo sentido";"Com Vítimas Feridas";"Anoitecer";"Crescente";"Céu Claro";"Dupla";"Reta";"Sim";2;0;1;0;1;0;1;2;-25,461633;-49,2191;"SPRF-PR";"DEL01-PR";"UOP03-DEL01-PR"
762843;2026-04-04;"sábado";"19:00:00";"PI";343;7,3;"PARNAIBA";"Acesso irregular";"Colisão transversal";"Com Vítimas Feridas";"Plena Noite";"Crescente";"Chuva";"Simples";"Reta";"Sim";2;0;1;0;1;0;1;2;-2,89778116;-41,71216965;"SPRF-PI";"DEL05-PI";"UOP01-DEL05-PI"
762844;2026-04-04;"sábado";"18:50:00";"PI";343;7,3;"PARNAIBA";"Transitar na contramão";"Colisão transversal";"Sem Vítimas";"Plena Noite";"Crescente";"Nublado";"Simples";"Reta";"Sim";3;0;0;0;3;0;0;2;-2,89876807;-41,71915323;"SPRF-PI";"DEL05-PI";"UOP01-DEL05-PI"
762845;2026-04-04;"sábado";"18:50:00";"PB";230;510;"CAJAZEIRAS";"Conversão proibida";"Colisão lateral sentido oposto";"Com Vítimas Feridas";"Plena Noite";"Crescente";"Céu Claro";"Simples";"Reta";"Não";2;0;1;0;0;1;1;2;-6,88285;-38,62606;"SPRF-PB";"DEL03-PB";"UOP03-DEL03-PB"
762846;2026-04-04;"sábado";"17:00:00";"RS";101;36;"TRES CACHOEIRAS";"Ausência de reação do condutor";"Colisão com objeto";"Com Vítimas Feridas";"Anoitecer";"Decrescente";"Nublado";"Dupla";"Reta";"Não";2;0;1;0;0;1;1;2;-29,52115286;-49,99795747;"SPRF-RS";"DEL03-RS";"UOP02-DEL03-RS"
762848;2026-04-04;"sábado";"18:05:00";"MG";356;276,3;"EUGENOPOLIS";"Ausência de reação do condutor";"Colisão lateral sentido oposto";"Com Vítimas Feridas";"Plena Noite";"Decrescente";"Nublado";"Simples";"Curva";"Não";8;0;5;0;3;0;5;3;-21,125;-42,28;"SPRF-MG";"DEL07-MG";"UOP02-DEL07-MG"
762849;2026-04-04;"sábado";"19:00:00";"RJ";101;479;"ANGRA DOS REIS";"Reação tardia ou ineficiente do condutor";"Saída de leito carroçável";"Com Vítimas Feridas";"Plena Noite";"Decrescente";"Céu Claro";"Simples";"Reta";"Não";1;0;1;0;0;0;1;1;-23,01073811;-44,27840933;"SPRF-RJ";"DEL03-RJ";"UOP03-DEL03-RJ"
762850;2026-04-04;"sábado";"19:05:00";"PR";116;145,4;"MANDIRITUBA";"Ultrapassagem Indevida";"Colisão frontal";"Com Vítimas Feridas";"Plena Noite";"Crescente";"Nublado";"Simples";"Curva;Declive";"Não";5;0;2;2;0;1;4;3;-25,810466;-49,326684;"SPRF-PR";"DEL01-PR";"UOP03-DEL01-PR"
762851;2026-04-04;"sábado";"19:30:00";"SP";116;228;"SAO PAULO";"Pedestre andava na pista";"Atropelamento de Pedestre";"Com Vítimas Feridas";"Anoitecer";"Decrescente";"Nublado";"Múltipla";"Declive";"Sim";2;0;0;1;1;0;1;2;-23,50431393;-46,56722395;"SPRF-SP";"DEL01-SP";"UOP01-DEL01-SP"
762852;2026-04-04;"sábado";"18:30:00";"PR";369;145;"LONDRINA";"Condutor deixou de manter distância do veículo da frente";"Colisão traseira";"Com Vítimas Feridas";"Anoitecer";"Crescente";"Céu Claro";"Dupla";"Aclive;Reta";"Sim";2;0;2;0;0;0;2;2;-23,29308083;-51,11863073;"SPRF-PR";"DEL07-PR";"UOP01-DEL07-PR"
762853;2026-04-04;"sábado";"18:00:00";"RS";116;182,8;"NOVA PETROPOLIS";"Condutor deixou de manter distância do veículo da frente";"Colisão traseira";"Com Vítimas Feridas";"Pleno dia";"Decrescente";"Céu Claro";"Simples";"Reta";"Não";2;0;0;1;1;0;1;2;-29,37889741;-51,12717088;"SPRF-RS";"DEL05-RS";"UOP02-DEL05-RS"
762854;2026-04-04;"sábado";"19:20:00";"MG";50;202,8;"DELTA";"Ausência de reação do condutor";"Colisão traseira";"Com Vítimas Feridas";"Plena Noite";"Crescente";"Nublado";"Dupla";"Reta";"Não";2;0;1;0;0;1;1;2;-19,95195;-47,80451;"SPRF-MG";"DEL13-MG";"UOP01-DEL13-MG"
762855;2026-04-04;"sábado";"18:20:00";"MG";50;15;"UBERLANDIA";"Velocidade Incompatível";"Colisão com objeto";"Sem Vítimas";"Anoitecer";"Crescente";"Céu Claro";"Dupla";"Viaduto";"Não";1;0;0;0;0;1;0;1;-18,913422;-48,171754;"SPRF-MG";"DEL15-MG";"UOP01-DEL15-MG"
762857;2026-04-04;"sábado";"18:00:00";"RS";472;177,6;"SANTA ROSA";"Acessar a via sem observar a presença dos outros veículos";"Colisão transversal";"Com Vítimas Feridas";"Anoitecer";"Decrescente";"Céu Claro";"Simples";"Reta;Interseção de Vias";"Sim";2;0;0;1;0;1;1;2;-27,85287896;-54,53927636;"SPRF-RS";"DEL10-RS";"UOP01-DEL10-RS"
762858;2026-04-04;"sábado";"19:40:00";"PB";101;40,5;"MAMANGUAPE";"Pedestre andava na pista";"Atropelamento de Pedestre";"Com Vítimas Feridas";"Plena Noite";"Decrescente";"Céu Claro";"Dupla";"Reta";"Sim";3;0;0;2;1;0;2;2;-6,84339;-35,13592;"SPRF-PB";"DEL01-PB";"UOP03-DEL01-PB"