"id";"data_inversa";"dia_semana";"horario";"uf";"br";"km";"municipio";"causa_acidente";"tipo_acidente";"classificacao_acidente";"fase_dia";"sentido_via";"condicao_metereologica";"tipo_pista";"tracado_via";"uso_solo";"pessoas";"mortos";"feridos_leves";"feridos_graves";"ilesos";"ignorados";"feridos";"veiculos";"latitude";"longitude";"regional";"delegacia";"uop"
763150;2026-04-05;"domingo";"21:20:00";"MG";354;703,5;"CAXAMBU";"Acessar a via sem observar a presença dos outros veículos";"Colisão transversal";"Com Vítimas Feridas";"Plena Noite";"Crescente";"Nublado";"Simples";"Reta;Interseção de Vias";"Sim";3;0;0;2;1;0;2;2;-21,979073;-44,923603;"SPRF-MG";"DEL17-MG";"UOP01-DEL17-MG"
763151;2026-04-05;"domingo";"21:10:00";"PE";101;185,2;"PALMARES";"Acessar a via sem observar a presença dos outros veículos";"Colisão frontal";"Com Vítimas Feridas";"Plena Noite";"Crescente";"Garoa/Chuvisco";"Simples";"Reta";"Sim";3;0;2;0;0;1;2;2;-8,676359;-35,576959;"SPRF-PE";"DEL01-PE";"UOP03-DEL01-PE"
763152;2026-04-05;"domingo";"21:23:00";"RN";226;14,1;"MACAIBA";"Pista esburacada";"Tombamento";"Com Vítimas Feridas";"Plena Noite";"Decrescente";"Céu Claro";"Simples";"Reta";"Não";2;0;2;0;0;0;2;1;-5,853597;-35,32756;"SPRF-RN";"DEL01-RN";"UOP02-DEL01-RN"
763155;2026-04-05;"domingo";"17:00:00";"GO";70;389;"MONTES CLAROS DE GOIAS";"Ausência de reação do condutor";"Saída de leito carroçável";"Com Vítimas Feridas";"Pleno dia";"Decrescente";"Chuva";"Simples";"Reta";"Não";5;0;2;1;2;0;3;1;-15,86329736;-51,6383827;"SPRF-GO";"DEL04-GO";"UOP02-DEL04-GO"
763158;2026-04-05;"domingo";"18:00:00";"MS";163;349,5;"RIO BRILHANTE";"Fumaça";"Incêndio";"Sem Vítimas";"Plena Noite";"Decrescente";"Céu Claro";"Simples";"Reta";"Não";1;0;0;0;0;1;0;1;-21,6108702;-54,4368723;"SPRF-MS";"DEL02-MS";"UOP02-DEL02-MS"
763159;2026-04-05;"domingo";"21:40:00";"PR";277;583,5;"CASCAVEL";"Condutor deixou de manter distância do veículo da frente";"Colisão traseira";"Com Vítimas Feridas";"Plena Noite";"Decrescente";"Céu Claro";"Dupla";"Reta";"Sim";3;0;0;1;2;0;1;2;-24,98064797;-53,37892116;"SPRF-PR";"DEL04-PR";"UOP01-DEL04-PR"
763161;2026-04-05;"domingo";"20:00:00";"MT";163;874;"SINOP";"Reação tardia ou ineficiente do condutor";"Eventos atípicos";"Sem Vítimas";"Plena Noite";"Crescente";"Céu Claro";"Simples";"Reta;Aclive";"Não";1;0;0;0;0;1;0;1;-11,534027;-55,389622;"SPRF-MT";"DEL06-MT";"UOP02-DEL06-MT"
763163;2026-04-05;"domingo";"21:40:00";"PA";230;123;"MARABA";"Reação tardia ou ineficiente do condutor";"Colisão traseira";"Sem Vítimas";"Plena Noite";"Decrescente";"Nublado";"Dupla";"Reta";"Sim";2;0;0;0;2;0;0;2;-5,36823;-49,12866;"SPRF-PA";"DEL03-PA";"UOP01-DEL03-PA"
763164;2026-04-05;"domingo";"21:50:00";"RJ";101;79;"CAMPOS DOS GOYTACAZES";"Acessar a via sem observar a presença dos outros veículos";"Colisão transversal";"Com Vítimas Feridas";"Plena Noite";"Decrescente";"Céu Claro";"Simples";"Reta";"Sim";2;0;0;1;1;0;1;2;-21,836113;-41,431;"SPRF-RJ";"DEL08-RJ";"UOP02-DEL08-RJ"
763166;2026-04-05;"domingo";"22:34:00";"RN";304;293;"MACAIBA";"Acumulo de areia ou detritos sobre o pavimento";"Queda de ocupante de veículo";"Com Vítimas Feridas";"Plena Noite";"Decrescente";"Céu Claro";"Dupla";"Reta";"Não";2;0;1;0;1;0;1;1;-5,868;-35,375;"SPRF-RN";"DEL01-RN";"UOP02-DEL01-RN"
763167;2026-04-05;"domingo";"16:50:00";"RO";364;83;"VILHENA";"Reação tardia ou ineficiente do condutor";"Saída de leito carroçável";"Com Vítimas Feridas";"Pleno dia";"Decrescente";"Chuva";"Simples";"Declive;Curva";"Não";3;0;2;0;0;1;2;1;-12,41735;-60,600697;"SPRF-RO";"DEL04-RO";"UOP01-DEL04-RO"
763168;2026-04-05;"domingo";"22:52:00";"SP";116;227;"SAO PAULO";"Reação tardia ou ineficiente do condutor";"Colisão lateral mesmo sentido";"Com Vítimas Feridas";"Plena Noite";"Decrescente";"Nublado";"Múltipla";"Reta";"Sim";2;0;1;0;1;0;1;2;-23,50441583;-46,56911578;"SPRF-SP";"DEL01-SP";"UOP01-DEL01-SP"
763169;2026-04-05;"domingo";"21:20:00";"RO";364;518;"ARIQUEMES";"Reação tardia ou ineficiente do condutor";"Tombamento";"Com Vítimas Feridas";"Plena Noite";"Crescente";"Céu Claro";"Dupla";"Reta";"Sim";1;0;0;1;0;0;1;1;-9,89238686;-63,05644367;"SPRF-RO";"DEL03-RO";"UOP01-DEL03-RO"
763170;2026-04-05;"domingo";"22:25:00";"RN";406;150,5;"CEARA-MIRIM";"Condutor Dormindo";"Colisão lateral sentido oposto";"Sem Vítimas";"Plena Noite";"Crescente";"Céu Claro";"Simples";"Reta";"Sim";2;0;0;0;2;0;0;2;-5,64741906;-35,45185089;"SPRF-RN";"DEL02-RN";"UOP01-DEL02-RN"
763172;2026-04-05;"domingo";"22:40:00";"PI";316;311;"PICOS";"Reação tardia ou ineficiente do condutor";"Colisão com objeto";"Sem Vítimas";"Plena Noite";"Crescente";"Céu Claro";"Dupla";"Reta;Ponte";"Sim";2;0;0;0;2;0;0;1;-7,076507;-41,465606;"SPRF-PI";"DEL04-PI";"UOP01-DEL04-PI"
763173;2026-04-05;"domingo";"19:15:00";"PR";277;505,1;"GUARANIACU";"Ingestão de álcool pelo condutor";"Colisão traseira";"Com Vítimas Feridas";"Plena Noite";"Decrescente";"Céu Claro";"Simples";"Reta";"Não";2;0;0;1;1;0;1;2;-25,139507;-52,711102;"SPRF-PR";"DEL04-PR";"UOP04-DEL04-PR"
763174;2026-03-20;"sexta-feira";"18:30:00";"AL";316;98;"SANTANA DO IPANEMA";"Transitar na contramão";"Colisão frontal";"Com Vítimas Fatais";"Plena Noite";"Crescente";"Céu Claro";"Simples";"Reta;Declive";"Não";4;1;2;1;0;0;3;2;-9,387355;-37,133733;"SPRF-AL";"DEL03-AL";"UOP02-DEL03-AL"
763175;2026-04-05;"domingo";"21:30:00";"PR";277;677;"MEDIANEIRA";"Ausência de reação do condutor";"Colisão traseira";"Sem Vítimas";"Plena Noite";"Decrescente";"Céu Claro";"Dupla";"Reta";"Não";2;0;0;0;2;0;0;2;-25,32323553;-54,16500092;"SPRF-PR";"DEL05-PR";"UOP01-DEL05-PR"
763176;2026-04-05;"domingo";"22:15:00";"SC";101;185,2;"BIGUACU";"Reação tardia ou ineficiente do condutor";"Saída de leito carroçável";"Com Vítimas Feridas";"Plena Noite";"Crescente";"Chuva";"Dupla";"Reta";"Não";1;0;0;1;0;0;1;1;-27,42769;-48,623698;"SPRF-SC";"DEL01-SC";"UOP01-DEL01-SC"
763179;2026-04-05;"domingo";"21:20:00";"GO";153;107;"SANTA TEREZA DE GOIAS";"Ausência de reação do condutor";"Saída de leito carroçável";"Com Vítimas Feridas";"Plena Noite";"Crescente";"Céu Claro";"Simples";"Reta";"Não";1;0;1;0;0;0;1;1;-13,71533496;-49,02093021;"SPRF-GO";"DEL07-GO";"UOP01-DEL07-GO"
763180;2026-04-05;"domingo";"21:15:00";"RJ";101;424,7;"MANGARATIBA";"Reação tardia ou ineficiente do condutor";"Colisão traseira";"Com Vítimas Feridas";"Plena Noite";"Crescente";"Céu Claro";"Simples";"Reta";"Não";3;0;0;2;1;0;2;2;-22,92697889;-43,9696227;"SPRF-RJ";"DEL03-RJ";"UOP02-DEL03-RJ"
763182;2026-04-05;"domingo";"22:20:00";"DF";80;23,8;"BRASILIA";"Reação tardia ou ineficiente do condutor";"Colisão traseira";"Com Vítimas Feridas";"Plena Noite";"Crescente";"Céu Claro";"Simples";"Reta";"Não";2;0;1;1;0;0;2;2;-15,632145;-48,200063;"SPRF-DF";"DEL03-DF";"UOP02-DEL03-DF"
763184;2026-04-05;"domingo";"20:15:00";"PR";373;274;"PRUDENTOPOLIS";"Transitar na contramão";"Colisão frontal";"Com Vítimas Fatais";"Plena Noite";"Decrescente";"Céu Claro";"Simples";"Reta";"Não";5;1;2;0;1;1;2;3;-25,25094;-51,057108;"SPRF-PR";"DEL08-PR";"UOP01-DEL08-PR"
763185;2026-04-05;"domingo";"21:44:00";"BA";242;370;"PALMEIRAS";"Reação tardia ou ineficiente do condutor";"Colisão frontal";"Com Vítimas Feridas";"Plena Noite";"Crescente";"Nevoeiro/Neblina";"Simples";"Declive;Curva";"Não";7;0;5;2;0;0;7;2;-12,45523244;-41,48202036;"SPRF-BA";"DEL06-BA";"UOP01-DEL06-BA"
763186;2026-02-01;"domingo";"04:15:00";"RJ";356;160;"SAO JOAO DA BARRA";"Transitar na contramão";"Colisão frontal";"Com Vítimas Feridas";"Amanhecer";"Crescente";"Céu Claro";"Simples";"Curva";"Não";5;0;3;1;0;1;4;3;-21,72329907;-41,17799012;"SPRF-RJ";"DEL08-RJ";"UOP02-DEL08-RJ"
763188;2026-04-05;"domingo";"23:20:00";"SP";381;37;"ATIBAIA";"Condutor deixou de manter distância do veículo da frente";"Colisão traseira";"Com Vítimas Feridas";"Plena Noite";"Crescente";"Céu Claro";"Dupla";"Reta";"Sim";2;0;1;0;1;0;1;2;-23,108617;-46,570374;"SPRF-SP";"DEL03-SP";"UOP01-DEL03-SP"
763189;2026-04-06;"segunda-feira";"00:00:00";"RS";101;72,6;"OSORIO";"Reação tardia ou ineficiente do condutor";"Capotamento";"Com Vítimas Feridas";"Plena Noite";"Decrescente";"Nublado";"Dupla";"Curva";"Não";2;0;2;0;0;0;2;1;-29,7713716;-50,2175591;"SPRF-RS";"DEL03-RS";"UOP01-DEL03-RS"
763193;2026-04-06;"segunda-feira";"00:30:00";"PR";277;705;"SAO MIGUEL DO IGUACU";"Ausência de reação do condutor";"Saída de leito carroçável";"Com Vítimas Feridas";"Plena Noite";"Decrescente";"Céu Claro";"Dupla";"Reta";"Não";1;0;0;1;0;0;1;1;-25,42826127;-54,36598269;"SPRF-PR";"DEL05-PR";"UOP01-DEL05-PR"
763195;2026-04-05;"domingo";"23:55:00";"SC";101;463;"PASSO DE TORRES";"Ausência de reação do condutor";"Saída de leito carroçável";"Com Vítimas Feridas";"Plena Noite";"Crescente";"Garoa/Chuvisco";"Dupla";"Reta";"Não";4;0;1;1;2;0;2;1;-29,29472354;-49,76477114;"SPRF-RS";"DEL03-RS";"UOP02-DEL03-RS"
763196;2026-04-06;"segunda-feira";"00:46:00";"RN";304;172,6;"ANGICOS";"Transitar na contramão";"Colisão frontal";"Com Vítimas Fatais";"Plena Noite";"Decrescente";"Céu Claro";"Simples";"Ponte;Reta";"Não";3;1;0;0;2;0;0;3;-5,6871476;-36,4054575;"SPRF-RN";"DEL01-RN";"UOP03-DEL01-RN"
763199;2026-04-06;"segunda-feira";"01:15:00";"PR";277;615;"CEU AZUL";"Ausência de reação do condutor";"Saída de leito carroçável";"Com Vítimas Feridas";"Plena Noite";"Crescente";"Céu Claro";"Simples";"Reta";"Não";4;0;3;0;1;0;3;1;-25,05974937;-53,64551067;"SPRF-PR";"DEL05-PR";"UOP02-DEL05-PR"
763200;2026-04-06;"segunda-feira";"01:20:00";"DF";80;16;"BRASILIA";"Acessar a via sem observar a presença dos outros veículos";"Atropelamento de Pedestre";"Com Vítimas Feridas";"Plena Noite";"Decrescente";"Céu Claro";"Simples";"Reta";"Não";2;0;1;0;1;0;1;2;-15,73087563;-48,18063704;"SPRF-DF";"DEL03-DF";"UOP02-DEL03-DF"
763201;2026-04-06;"segunda-feira";"01:28:00";"PI";343;341;"TERESINA";"Ingestão de álcool pelo condutor";"Saída de leito carroçável";"Com Vítimas Feridas";"Plena Noite";"Decrescente";"Chuva";"Dupla";"Declive;Reta";"Sim";1;0;0;1;0;0;1;1;-5,077788;-42,744814;"SPRF-PI";"DEL01-PI";"UOP01-DEL01-PI"
763203;2026-04-06;"segunda-feira";"00:20:00";"GO";153;111;"VILA PROPICIO";"Ausência de reação do condutor";"Colisão traseira";"Sem Vítimas";"Plena Noite";"Decrescente";"Nublado";"Simples";"Interseção de Vias";"Não";2;0;0;0;2;0;0;2;-15,138288;-48,825754;"SPRF-GO";"DEL07-GO";"UOP01-DEL07-GO"
763204;2026-04-05;"domingo";"23:00:00";"PR";476;67;"CERRO AZUL";"Velocidade Incompatível";"Colisão frontal";"Com Vítimas Feridas";"Plena Noite";"Crescente";"Garoa/Chuvisco";"Simples";"Curva";"Não";3;0;1;0;0;2;1;2;-25,06024017;-49,08617914;"SPRF-PR";"DEL01-PR";"UOP01-DEL01-PR"
763205;2026-04-06;"segunda-feira";"03:15:00";"RJ";101;504;"ANGRA DOS REIS";"Demais falhas mecânicas ou elétricas";"Colisão traseira";"Com Vítimas Feridas";"Plena Noite";"Crescente";"Nublado";"Simples";"Reta";"Não";2;0;1;0;1;0;1;2;-22,930029;-44,382508;"SPRF-RJ";"DEL03-RJ";"UOP03-DEL03-RJ"
763207;2026-04-06;"segunda-feira";"04:14:00";"MS";163;82;"ITAQUIRAI";"Reação tardia ou ineficiente do condutor";"Saída de leito carroçável";"Sem Vítimas";"Plena Noite";"Decrescente";"Céu Claro";"Simples";"Declive;Reta";"Não";1;0;0;0;1;0;0;1;-23,439801;-54,203799;"SPRF-MS";"DEL09-MS";"UOP01-DEL09-MS"
763208;2026-04-06;"segunda-feira";"05:00:00";"PB";101;77,3;"SANTA RITA";"Ausência de reação do condutor";"Colisão com objeto";"Com Vítimas Fatais";"Amanhecer";"Crescente";"Chuva";"Dupla";"Reta;Em Obras;Ponte;Desvio Temporário";"Não";5;1;4;0;0;0;4;1;-7,10458013;-34,9642995;"SPRF-PB";"DEL01-PB";"UOP03-DEL01-PB"
763210;2026-04-05;"domingo";"18:50:00";"CE";122;84;"IBARETAMA";"Acumulo de água sobre o pavimento";"Saída de leito carroçável";"Com Vítimas Feridas";"Plena Noite";"Decrescente";"Chuva";"Simples";"Reta";"Não";5;0;1;0;4;0;1;1;-4,8057413;-38,80943098;"SPRF-CE";"DEL03-CE";"UOP01-DEL03-CE"
763211;2026-04-06;"segunda-feira";"05:30:00";"MG";40;515;"RIBEIRAO DAS NEVES";"Ausência de reação do condutor";"Tombamento";"Com Vítimas Feridas";"Amanhecer";"Crescente";"Céu Claro";"Dupla";"Reta";"Sim";1;0;0;1;0;0;1;1;-19,80320891;-44,09946442;"SPRF-MG";"DEL01-MG";"UOP02-DEL01-MG"
763212;2026-04-06;"segunda-feira";"05:30:00";"MG";40;505,5;"RIBEIRAO DAS NEVES";"Condutor Dormindo";"Saída de leito carroçável";"Sem Vítimas";"Pleno dia";"Decrescente";"Céu Claro";"Dupla";"Aclive;Reta";"Sim";1;0;0;0;1;0;0;1;-19,75216369;-44,14358139;"SPRF-MG";"DEL02-MG";"UOP01-DEL02-MG"
763214;2026-04-06;"segunda-feira";"04:06:00";"SP";116;227;"GUARULHOS";"Ausência de reação do condutor";"Colisão com objeto";"Sem Vítimas";"Plena Noite";"Decrescente";"Céu Claro";"Múltipla";"Reta";"Sim";1;0;0;0;0;1;0;1;-23,49596717;-46,55574012;"SPRF-SP";"DEL01-SP";"UOP01-DEL01-SP"
763215;2026-04-06;"segunda-feira";"06:40:00";"SC";101;199;"SAO JOSE";"Reação tardia ou ineficiente do condutor";"Colisão traseira";"Com Vítimas Feridas";"Pleno dia";"Crescente";"Chuva";"Dupla";"Reta";"Sim";2;0;1;0;1;0;1;2;-27,53497;-48,62902;"SPRF-SC";"DEL01-SC";"UOP01-DEL01-SC"
763216;2026-04-06;"segunda-feira";"06:45:00";"SC";101;208,7;"SAO JOSE";"Condutor deixou de manter distância do veículo da frente";"Colisão traseira";"Com Vítimas Feridas";"Pleno dia";"Decrescente";"Nublado";"Múltipla";"Reta";"Sim";4;0;1;0;3;0;1;4;-27,60801;-48,63678;"SPRF-SC";"DEL01-SC";"UOP01-DEL01-SC"
763217;2026-04-06;"segunda-feira";"06:20:00";"RJ";101;312;"SAO GONCALO";"Trafegar com motocicleta (ou similar) entre as faixas";"Colisão traseira";"Com Vítimas Feridas";"Pleno dia";"Crescente";"Céu Claro";"Dupla";"Reta";"Sim";2;0;0;1;1;0;1;2;-22,80910486;-43,06776571;"SPRF-RJ";"DEL02-RJ";"UOP02-DEL02-RJ"
763218;2026-04-06;"segunda-feira";"04:45:00";"SE";101;126,5;"ITAPORANGA DAJUDA";"Afundamento ou ondulação no pavimento";"Tombamento";"Com Vítimas Feridas";"Amanhecer";"Crescente";"Nublado";"Dupla";"Reta";"Não";2;0;2;0;0;0;2;1;-11,06894;-37,36284;"SPRF-SE";"DEL02-SE";"UOP01-DEL02-SE"
763219;2026-04-06;"segunda-feira";"00:30:00";"SC";101;376;"ICARA";"Pista Escorregadia";"Queda de ocupante de veículo";"Com Vítimas Feridas";"Plena Noite";"Crescente";"Garoa/Chuvisco";"Múltipla";"Curva";"Sim";1;0;1;0;0;0;1;1;-28,74410415;-49,25513148;"SPRF-SC";"DEL02-SC";"UOP01-DEL02-SC"
763220;2026-04-06;"segunda-feira";"06:30:00";"SP";381;1,9;"VARGEM";"Ausência de reação do condutor";"Queda de ocupante de veículo";"Com Vítimas Feridas";"Pleno dia";"Decrescente";"Céu Claro";"Dupla";"Aclive;Reta";"Sim";2;0;2;0;0;0;2;1;-22,90685471;-46,42375946;"SPRF-SP";"DEL03-SP";"UOP02-DEL03-SP"
763221;2026-04-06;"segunda-feira";"06:30:00";"PI";343;338;"TERESINA";"Condutor deixou de manter distância do veículo da frente";"Colisão traseira";"Com Vítimas Feridas";"Pleno dia";"Crescente";"Céu Claro";"Dupla";"Reta";"Sim";2;0;1;0;1;0;1;2;-5,06463;-42,726482;"SPRF-PI";"DEL01-PI";"UOP01-DEL01-PI"
763222;2026-04-06;"segunda-feira";"06:30:00";"BA";324;617;"SALVADOR";"Reação tardia ou ineficiente do condutor";"Colisão traseira";"Com Vítimas Feridas";"Pleno dia";"Decrescente";"Sol";"Múltipla";"Reta";"Sim";3;0;0;1;2;0;1;2;-12,892882;-38,4465212;"SPRF-BA";"DEL01-BA";"UOP01-DEL01-BA"
763223;2026-04-06;"segunda-feira";"07:00:00";"SE";235;2,8;"ARACAJU";"Reação tardia ou ineficiente do condutor";"Colisão traseira";"Com Vítimas Feridas";"Pleno dia";"Crescente";"Céu Claro";"Dupla";"Reta";"Sim";2;0;1;0;1;0;1;2;-10,907187;-37,09614;"SPRF-SE";"DEL01-SE";"UOP01-DEL01-SE"
763224;2026-04-05;"domingo";"16:15:00";"AM";174;936;"RIO PRETO DA EVA";"Avarias e/ou desgaste excessivo no pneu";"Saída de leito carroçável";"Com Vítimas Feridas";"Pleno dia";"Decrescente";"Céu Claro";"Dupla";"Aclive";"Não";3;0;2;0;0;1;2;2;-2,52503;-60,036348;"SPRF-AM";"DEL01-AM";"UOP01-DEL01-AM"
763226;2026-04-06;"segunda-feira";"07:05:00";"PR";116;125,7;"FAZENDA RIO GRANDE";"Trafegar com motocicleta (ou similar) entre as faixas";"Colisão lateral mesmo sentido";"Com Vítimas Feridas";"Pleno dia";"Decrescente";"Nublado";"Dupla";"Reta";"Sim";2;0;1;0;1;0;1;2;-25,635085;-49,313158;"SPRF-PR";"DEL01-PR";"UOP03-DEL01-PR"
763227;2026-04-05;"domingo";"17:50:00";"PA";230;1;"ALTAMIRA";"Condutor deixou de manter distância do veículo da frente";"Colisão traseira";"Com Vítimas Feridas";"Anoitecer";"Crescente";"Nublado";"Dupla";"Reta";"Sim";2;0;1;0;1;0;1;2;-3,17767252;-52,18274492;"SPRF-PA";"DEL03-PA";"UOP01-DEL03-PA"
763229;2026-04-06;"segunda-feira";"01:03:00";"RJ";465;3;"SEROPEDICA";"Reação tardia ou ineficiente do condutor";"Atropelamento de Pedestre";"Com Vítimas Feridas";"Plena Noite";"Decrescente";"Céu Claro";"Simples";"Reta";"Não";2;0;2;0;0;0;2;2;-22,71982365;-43,72627258;"SPRF-RJ";"DEL06-RJ";"UOP02-DEL06-RJ"
763230;2026-04-06;"segunda-feira";"06:50:00";"SP";153;299;"SAO PEDRO DO TURVO";"Ausência de reação do condutor";"Queda de ocupante de veículo";"Com Vítimas Feridas";"Pleno dia";"Decrescente";"Céu Claro";"Simples";"Reta";"Não";1;0;1;0;0;0;1;1;-22,674091;-49,8766472;"SPRF-SP";"DEL07-SP";"UOP03-DEL07-SP"
763231;2026-04-06;"segunda-feira";"06:55:00";"BA";367;83,9;"EUNAPOLIS";"Acessar a via sem observar a presença dos outros veículos";"Colisão transversal";"Com Vítimas Feridas";"Pleno dia";"Decrescente";"Sol";"Simples";"Reta";"Sim";2;0;0;1;1;0;1;2;-16,37424;-39,577608;"SPRF-BA";"DEL09-BA";"UOP03-DEL09-BA"
763232;2026-04-06;"segunda-feira";"07:40:00";"SC";101;145;"ITAPEMA";"Manobra de mudança de faixa";"Colisão lateral mesmo sentido";"Com Vítimas Feridas";"Pleno dia";"Decrescente";"Chuva";"Dupla";"Aclive;Reta";"Sim";2;0;1;0;1;0;1;2;-27,085094;-48,606492;"SPRF-SC";"DEL04-SC";"UOP03-DEL04-SC"
763233;2026-04-06;"segunda-feira";"07:45:00";"SC";101;191;"BIGUACU";"Demais falhas mecânicas ou elétricas";"Saída de leito carroçável";"Com Vítimas Feridas";"Pleno dia";"Crescente";"Chuva";"Dupla";"Curva";"Não";1;0;1;0;0;0;1;1;-27,477428;-48,64146;"SPRF-SC";"DEL01-SC";"UOP01-DEL01-SC"
763234;2026-04-06;"segunda-feira";"00:10:00";"RO";364;381;"OURO PRETO DO OESTE";"Acessar a via sem observar a presença dos outros veículos";"Saída de leito carroçável";"Com Vítimas Feridas";"Plena Noite";"Decrescente";"Céu Claro";"Simples";"Curva";"Não";2;0;1;0;1;0;1;1;-10,7282907;-62,23025322;"SPRF-RO";"DEL02-RO";"UOP01-DEL02-RO"
763235;2026-04-06;"segunda-feira";"05:50:00";"SC";101;57;"ARAQUARI";"Entrada inopinada do pedestre";"Atropelamento de Pedestre";"Com Vítimas Feridas";"Amanhecer";"Crescente";"Garoa/Chuvisco";"Múltipla";"Reta";"Não";2;0;0;1;1;0;1;2;-26,43549413;-48,8148061;"SPRF-SC";"DEL03-SC";"UOP01-DEL03-SC"
763237;2026-04-06;"segunda-feira";"05:50:00";"RO";364;423;"JARU";"Velocidade Incompatível";"Saída de leito carroçável";"Com Vítimas Feridas";"Amanhecer";"Decrescente";"Nevoeiro/Neblina";"Simples";"Aclive";"Sim";1;0;1;0;0;0;1;1;-10,45306185;-62,46046382;"SPRF-RO";"DEL03-RO";"UOP02-DEL03-RO"
763238;2026-04-06;"segunda-feira";"07:33:00";"PE";232;9;"RECIFE";"Demais falhas mecânicas ou elétricas";"Incêndio";"Sem Vítimas";"Pleno dia";"Crescente";"Céu Claro";"Dupla";"Reta;Aclive";"Sim";1;0;0;0;1;0;0;1;-8,07782404;-34,97863261;"SPRF-PE";"DEL01-PE";"UOP01-DEL01-PE"
763239;2026-04-06;"segunda-feira";"07:00:00";"BA";101;942;"MUCURI";"Ausência de reação do condutor";"Queda de ocupante de veículo";"Com Vítimas Feridas";"Pleno dia";"Decrescente";"Céu Claro";"Simples";"Reta";"Não";1;0;1;0;0;0;1;1;-18,06980827;-39,88156971;"SPRF-BA";"DEL09-BA";"UOP02-DEL09-BA"
763240;2026-04-06;"segunda-feira";"06:45:00";"PE";428;165;"PETROLINA";"Demais falhas mecânicas ou elétricas";"Tombamento";"Com Vítimas Feridas";"Amanhecer";"Crescente";"Céu Claro";"Simples";"Reta";"Não";11;0;1;1;9;0;2;3;-9,19167;-40,384092;"SPRF-PE";"DEL06-PE";"UOP01-DEL06-PE"
763242;2026-04-06;"segunda-feira";"08:20:00";"PR";116;111,4;"CURITIBA";"Trafegar com motocicleta (ou similar) entre as faixas";"Colisão traseira";"Com Vítimas Feridas";"Pleno dia";"Crescente";"Nublado";"Dupla";"Reta";"Sim";2;0;0;1;1;0;1;2;-25,552358;-49,278;"SPRF-PR";"DEL01-PR";"UOP03-DEL01-PR"
763243;2026-04-06;"segunda-feira";"08:33:00";"SC";101;376;"ICARA";"Afundamento ou ondulação no pavimento";"Tombamento";"Com Vítimas Feridas";"Pleno dia";"Decrescente";"Céu Claro";"Dupla";"Reta";"Sim";1;0;1;0;0;0;1;1;-28,73811016;-49,24910992;"SPRF-SC";"DEL02-SC";"UOP01-DEL02-SC"
763245;2026-04-06;"segunda-feira";"06:50:00";"MS";463;50,5;"PONTA PORA";"Reação tardia ou ineficiente do condutor";"Saída de leito carroçável";"Com Vítimas Feridas";"Pleno dia";"Crescente";"Céu Claro";"Simples";"Reta";"Não";4;0;2;0;2;0;2;1;-22,368;-55,2427;"SPRF-MS";"DEL04-MS";"UOP03-DEL04-MS"
763247;2026-03-10;"terça-feira";"21:30:00";"SC";282;30;"SANTO AMARO DA IMPERATRIZ";"Velocidade Incompatível";"Saída de leito carroçável";"Com Vítimas Feridas";"Plena Noite";"Decrescente";"Chuva";"Simples";"Curva";"Não";1;0;1;0;0;0;1;1;-27,687655;-48,790932;"SPRF-SC";"DEL01-SC";"UOP03-DEL01-SC"
763248;2026-04-06;"segunda-feira";"08:00:00";"SP";116;560;"BARRA DO TURVO";"Chuva";"Capotamento";"Com Vítimas Feridas";"Pleno dia";"Decrescente";"Chuva";"Múltipla";"Curva";"Não";4;0;3;0;1;0;3;1;-25,02474177;-48,51834744;"SPRF-SP";"DEL05-SP";"UOP02-DEL05-SP"
763249;2026-04-06;"segunda-feira";"08:00:00";"AL";104;86;"RIO LARGO";"Ausência de reação do condutor";"Colisão lateral mesmo sentido";"Sem Vítimas";"Pleno dia";"Crescente";"Nublado";"Dupla";"Reta";"Sim";2;0;0;0;1;1;0;2;-9,4708;-35,8234;"SPRF-AL";"DEL01-AL";"UOP01-DEL01-AL"
763250;2026-04-06;"segunda-feira";"08:00:00";"MT";163;13;"ITIQUIRA";"Ausência de reação do condutor";"Queda de ocupante de veículo";"Com Vítimas Feridas";"Pleno dia";"Decrescente";"Céu Claro";"Dupla";"Reta";"Não";1;0;1;0;0;0;1;1;-17,4062144;-54,7564727;"SPRF-MT";"DEL02-MT";"UOP03-DEL02-MT"
763251;2026-04-02;"quinta-feira";"11:34:00";"RO";429;26;"JI-PARANA";"Acumulo de areia ou detritos sobre o pavimento";"Colisão com objeto";"Sem Vítimas";"Pleno dia";"Decrescente";"Sol";"Simples";"Aclive";"Não";2;0;0;0;2;0;0;1;-10,82694634;-62,01386703;"SPRF-RO";"DEL02-RO";"UOP03-DEL02-RO"
763252;2026-04-06;"segunda-feira";"07:50:00";"PE";101;88,4;"JABOATAO DOS GUARARAPES";"Condutor deixou de manter distância do veículo da frente";"Colisão traseira";"Com Vítimas Feridas";"Pleno dia";"Crescente";"Sol";"Dupla";"Reta";"Não";4;0;1;0;2;1;1;4;-8,200607;-34,979255;"SPRF-PE";"DEL01-PE";"UOP01-DEL01-PE"
763253;2026-04-06;"segunda-feira";"08:15:00";"MG";262;32,9;"MANHUACU";"Acessar a via sem observar a presença dos outros veículos";"Colisão transversal";"Com Vítimas Feridas";"Pleno dia";"Crescente";"Céu Claro";"Simples";"Reta";"Sim";3;0;1;0;2;0;1;2;-20,25994257;-42,02442169;"SPRF-MG";"DEL06-MG";"UOP03-DEL06-MG"