"id";"data_inversa";"dia_semana";"horario";"uf";"br";"km";"municipio";"causa_acidente";"tipo_acidente";"classificacao_acidente";"fase_dia";"sentido_via";"condicao_metereologica";"tipo_pista";"tracado_via";"uso_solo";"pessoas";"mortos";"feridos_leves";"feridos_graves";"ilesos";"ignorados";"feridos";"veiculos";"latitude";"longitude";"regional";"delegacia";"uop"
763716;2026-04-08;"quarta-feira";"12:30:00";"PI";402;34;"PARNAIBA";"Acessar a via sem observar a presença dos outros veículos";"Colisão transversal";"Com Vítimas Feridas";"Pleno dia";"Crescente";"Céu Claro";"Simples";"Reta";"Sim";2;0;1;0;1;0;1;2;-2,935423;-41,74611;"SPRF-PI";"DEL05-PI";"UOP01-DEL05-PI"
763717;2026-04-08;"quarta-feira";"08:00:00";"MG";116;507,7;"UBAPORANGA";"Condutor deixou de manter distância do veículo da frente";"Colisão traseira";"Com Vítimas Feridas";"Pleno dia";"Crescente";"Nublado";"Simples";"Aclive;Reta";"Sim";3;0;1;0;2;0;1;2;-19,62689833;-42,106165;"SPRF-MG";"DEL06-MG";"UOP02-DEL06-MG"
763718;2026-04-08;"quarta-feira";"11:51:00";"RO";364;254,7;"CACOAL";"Condutor deixou de manter distância do veículo da frente";"Colisão traseira";"Com Vítimas Fatais";"Pleno dia";"Decrescente";"Céu Claro";"Simples";"Reta;Em Obras";"Não";2;1;0;0;0;1;0;2;-11,43606;-61,604638;"SPRF-RO";"DEL02-RO";"UOP02-DEL02-RO"
763719;2026-04-08;"quarta-feira";"11:55:00";"RO";364;202,5;"PIMENTA BUENO";"Ausência de reação do condutor";"Colisão transversal";"Sem Vítimas";"Pleno dia";"Decrescente";"Sol";"Simples";"Reta;Interseção de Vias;Rotatória;Retorno Regulamentado";"Sim";3;0;0;0;3;0;0;2;-11,6327635;-61,20331836;"SPRF-RO";"DEL02-RO";"UOP02-DEL02-RO"
763720;2026-04-08;"quarta-feira";"13:15:00";"RJ";356;149;"CAMPOS DOS GOYTACAZES";"Acessar a via sem observar a presença dos outros veículos";"Colisão lateral mesmo sentido";"Com Vítimas Feridas";"Pleno dia";"Decrescente";"Céu Claro";"Dupla";"Interseção de Vias;Rotatória";"Sim";2;0;1;0;1;0;1;2;-21,765765;-41,277862;"SPRF-RJ";"DEL08-RJ";"UOP02-DEL08-RJ"
763721;2026-03-31;"terça-feira";"21:00:00";"RJ";116;181;"NOVA IGUACU";"Condutor deixou de manter distância do veículo da frente";"Colisão traseira";"Com Vítimas Feridas";"Plena Noite";"Decrescente";"Céu Claro";"Dupla";"Reta";"Sim";2;0;2;0;0;0;2;1;-22,76319932;-43,42027394;"SPRF-RJ";"DEL06-RJ";"UOP01-DEL06-RJ"
763723;2026-04-08;"quarta-feira";"13:00:00";"PR";376;170;"MARINGA";"Acumulo de água sobre o pavimento";"Queda de ocupante de veículo";"Com Vítimas Feridas";"Pleno dia";"Crescente";"Garoa/Chuvisco";"Dupla";"Interseção de Vias";"Sim";1;0;1;0;0;0;1;1;-23,41066135;-51,98689699;"SPRF-PR";"DEL09-PR";"UOP01-DEL09-PR"
763724;2026-04-08;"quarta-feira";"13:34:00";"RN";101;100;"NATAL";"Acessar a via sem observar a presença dos outros veículos";"Colisão lateral mesmo sentido";"Com Vítimas Feridas";"Pleno dia";"Crescente";"Céu Claro";"Dupla";"Reta";"Sim";2;0;1;0;1;0;1;2;-5,879122;-35,224903;"SPRF-RN";"DEL01-RN";"UOP01-DEL01-RN"
763725;2026-04-08;"quarta-feira";"11:18:00";"SP";116;276;"EMBU DAS ARTES";"Trafegar com motocicleta (ou similar) entre as faixas";"Colisão traseira";"Com Vítimas Feridas";"Pleno dia";"Decrescente";"Céu Claro";"Dupla";"Reta";"Sim";2;0;1;0;1;0;1;2;-23,62061992;-46,81167126;"SPRF-SP";"DEL04-SP";"UOP01-DEL04-SP"
763726;2026-04-08;"quarta-feira";"12:05:00";"PA";230;116;"MARABA";"Reação tardia ou ineficiente do condutor";"Eventos atípicos";"Com Vítimas Feridas";"Pleno dia";"Crescente";"Céu Claro";"Dupla";"Reta";"Sim";2;0;1;0;0;1;1;2;-5,35455751;-49,0924716;"SPRF-PA";"DEL03-PA";"UOP01-DEL03-PA"
763727;2026-04-08;"quarta-feira";"12:30:00";"PR";116;117,7;"CURITIBA";"Velocidade Incompatível";"Colisão com objeto";"Com Vítimas Feridas";"Pleno dia";"Decrescente";"Nublado";"Simples";"Declive;Viaduto;Curva";"Não";1;0;1;0;0;0;1;1;-25,565305;-49,308716;"SPRF-PR";"DEL01-PR";"UOP03-DEL01-PR"
763729;2026-04-08;"quarta-feira";"13:00:00";"RS";116;306;"GUAIBA";"Demais Fenômenos da natureza";"Queda de ocupante de veículo";"Com Vítimas Feridas";"Pleno dia";"Decrescente";"Céu Claro";"Simples";"Reta";"Não";1;0;1;0;0;0;1;1;-30,15558351;-51,37054384;"SPRF-RS";"DEL02-RS";"UOP01-DEL02-RS"
763730;2026-04-08;"quarta-feira";"13:10:00";"SC";280;128,2;"RIO NEGRINHO";"Conversão proibida";"Colisão lateral mesmo sentido";"Com Vítimas Feridas";"Pleno dia";"Crescente";"Céu Claro";"Simples";"Reta;Declive";"Sim";4;0;1;0;3;0;1;2;-26,243973;-49,51582;"SPRF-SC";"DEL06-SC";"UOP03-DEL06-SC"
763731;2026-04-08;"quarta-feira";"12:20:00";"RS";116;245;"SAO LEOPOLDO";"Acessar a via sem observar a presença dos outros veículos";"Colisão lateral mesmo sentido";"Com Vítimas Feridas";"Pleno dia";"Crescente";"Chuva";"Múltipla";"Reta";"Sim";2;0;1;0;0;1;1;2;-29,76150371;-51,15234224;"SPRF-RS";"DEL01-RS";"UOP02-DEL01-RS"
763733;2026-03-25;"quarta-feira";"00:10:00";"SC";101;215,2;"PALHOCA";"Reação tardia ou ineficiente do condutor";"Colisão com objeto";"Com Vítimas Feridas";"Plena Noite";"Crescente";"Nublado";"Dupla";"Reta";"Sim";2;0;1;0;1;0;1;2;-27,65195325;-48,67604645;"SPRF-SC";"DEL01-SC";"UOP02-DEL01-SC"
763736;2026-04-08;"quarta-feira";"13:50:00";"MG";381;511;"IGARAPE";"Desrespeitar a preferência no cruzamento";"Colisão frontal";"Com Vítimas Feridas";"Pleno dia";"Decrescente";"Céu Claro";"Múltipla";"Reta";"Sim";3;0;1;0;2;0;1;2;-20,06543663;-44,29486561;"SPRF-MG";"DEL01-MG";"UOP03-DEL01-MG"
763737;2026-04-08;"quarta-feira";"13:45:00";"SP";116;216;"GUARULHOS";"Ausência de reação do condutor";"Tombamento";"Com Vítimas Feridas";"Pleno dia";"Crescente";"Céu Claro";"Múltipla";"Reta";"Sim";1;0;1;0;0;0;1;1;-23,450498;-46,463334;"SPRF-SP";"DEL01-SP";"UOP01-DEL01-SP"
763738;2026-04-08;"quarta-feira";"13:40:00";"RJ";116;172;"RIO DE JANEIRO";"Manobra de mudança de faixa";"Colisão lateral sentido oposto";"Com Vítimas Feridas";"Pleno dia";"Decrescente";"Céu Claro";"Dupla";"Reta";"Sim";3;0;2;0;0;1;2;2;-22,80481459;-43,34526925;"SPRF-RJ";"DEL06-RJ";"UOP01-DEL06-RJ"
763740;2026-04-08;"quarta-feira";"14:09:00";"GO";153;125,5;"GOIANAPOLIS";"Mal súbito do condutor";"Saída de leito carroçável";"Com Vítimas Feridas";"Pleno dia";"Decrescente";"Nublado";"Dupla";"Reta";"Não";1;0;1;0;0;0;1;1;-16,537781;-49,149121;"SPRF-GO";"DEL07-GO";"UOP01-DEL07-GO"
763743;2026-03-30;"segunda-feira";"11:30:00";"RO";174;16;"VILHENA";"Conversão proibida";"Colisão traseira";"Com Vítimas Feridas";"Pleno dia";"Crescente";"Sol";"Dupla";"Reta;Interseção de Vias";"Sim";4;0;2;0;2;0;2;2;-12,72157808;-60,12769818;"SPRF-RO";"DEL04-RO";"UOP01-DEL04-RO"
763746;2026-04-08;"quarta-feira";"14:30:00";"MG";116;275,4;"TEOFILO OTONI";"Conversão proibida";"Colisão transversal";"Com Vítimas Feridas";"Pleno dia";"Crescente";"Céu Claro";"Simples";"Reta";"Sim";2;0;1;0;1;0;1;2;-17,846025;-41,51549;"SPRF-MG";"DEL11-MG";"UOP01-DEL11-MG"
763750;2026-04-08;"quarta-feira";"14:40:00";"SC";101;203;"SAO JOSE";"Condutor deixou de manter distância do veículo da frente";"Colisão traseira";"Com Vítimas Feridas";"Pleno dia";"Crescente";"Céu Claro";"Dupla";"Reta";"Sim";2;0;1;0;1;0;1;2;-27,57005;-48,61393;"SPRF-SC";"DEL01-SC";"UOP01-DEL01-SC"
763752;2026-04-08;"quarta-feira";"13:20:00";"PI";316;309,4;"PICOS";"Ausência de reação do condutor";"Colisão traseira";"Com Vítimas Feridas";"Pleno dia";"Decrescente";"Céu Claro";"Simples";"Reta";"Sim";2;0;1;0;1;0;1;2;-7,077177;-41,47965;"SPRF-PI";"DEL04-PI";"UOP01-DEL04-PI"
763753;2026-04-08;"quarta-feira";"15:25:00";"AL";316;156;"PALMEIRA DOS INDIOS";"Desrespeitar a preferência no cruzamento";"Colisão transversal";"Com Vítimas Feridas";"Pleno dia";"Decrescente";"Céu Claro";"Simples";"Rotatória";"Sim";2;0;1;0;1;0;1;2;-9,421158;-36,62333;"SPRF-AL";"DEL03-AL";"UOP01-DEL03-AL"
763756;2026-04-08;"quarta-feira";"15:40:00";"PE";104;64;"CARUARU";"Reação tardia ou ineficiente do condutor";"Colisão lateral mesmo sentido";"Com Vítimas Feridas";"Pleno dia";"Decrescente";"Céu Claro";"Dupla";"Reta;Interseção de Vias";"Sim";3;0;2;0;1;0;2;2;-8,2706286;-35,98053;"SPRF-PE";"DEL02-PE";"UOP01-DEL02-PE"
763757;2026-04-08;"quarta-feira";"14:30:00";"BA";116;365;"SERRINHA";"Conversão proibida";"Colisão transversal";"Com Vítimas Feridas";"Pleno dia";"Crescente";"Céu Claro";"Simples";"Reta";"Não";2;0;1;1;0;0;2;2;-11,67561992;-38,99613179;"SPRF-BA";"DEL02-BA";"UOP01-DEL02-BA"
763758;2026-04-08;"quarta-feira";"13:10:00";"RJ";40;61,8;"PETROPOLIS";"Mal súbito do condutor";"Capotamento";"Com Vítimas Feridas";"Pleno dia";"Crescente";"Céu Claro";"Dupla";"Curva";"Sim";4;0;1;3;0;0;4;1;-22,40563274;-43,14365387;"SPRF-RJ";"DEL05-RJ";"UOP02-DEL05-RJ"
763760;2026-04-08;"quarta-feira";"08:10:00";"AC";364;121;"RIO BRANCO";"Problema com o freio";"Tombamento";"Com Vítimas Feridas";"Pleno dia";"Crescente";"Céu Claro";"Dupla";"Reta";"Sim";2;0;2;0;0;0;2;2;-10,01182786;-67,77663231;"SPRF-AC";"DEL01-AC";"UOP01-DEL01-AC"
763761;2026-04-08;"quarta-feira";"15:10:00";"SP";153;113,5;"JOSE BONIFACIO";"Ausência de reação do condutor";"Colisão traseira";"Sem Vítimas";"Pleno dia";"Crescente";"Céu Claro";"Simples";"Aclive";"Não";3;0;0;0;3;0;0;2;-21,11765;-49,68927;"SPRF-SP";"DEL09-SP";"UOP01-DEL09-SP"
763762;2026-04-08;"quarta-feira";"15:40:00";"SP";116;149;"SAO JOSE DOS CAMPOS";"Ausência de reação do condutor";"Colisão lateral mesmo sentido";"Com Vítimas Feridas";"Pleno dia";"Crescente";"Céu Claro";"Dupla";"Reta";"Não";2;0;1;0;1;0;1;2;-23,20935056;-45,88915698;"SPRF-SP";"DEL02-SP";"UOP01-DEL02-SP"
763763;2026-04-08;"quarta-feira";"15:50:00";"GO";364;240;"JATAI";"Velocidade Incompatível";"Saída de leito carroçável";"Com Vítimas Feridas";"Pleno dia";"Decrescente";"Chuva";"Simples";"Curva";"Não";2;0;1;0;1;0;1;1;-17,781742;-52,091288;"SPRF-GO";"DEL05-GO";"UOP01-DEL05-GO"
763764;2026-04-08;"quarta-feira";"14:50:00";"MG";116;252,5;"TEOFILO OTONI";"Ausência de reação do condutor";"Queda de ocupante de veículo";"Com Vítimas Feridas";"Pleno dia";"Decrescente";"Céu Claro";"Simples";"Reta;Declive";"Não";1;0;0;1;0;0;1;1;-17,664803;-41,492535;"SPRF-MG";"DEL11-MG";"UOP01-DEL11-MG"
763770;2026-04-08;"quarta-feira";"15:40:00";"MG";381;635,9;"SANTO ANTONIO DO AMPARO";"Velocidade Incompatível";"Saída de leito carroçável";"Com Vítimas Feridas";"Pleno dia";"Decrescente";"Chuva";"Dupla";"Curva;Aclive";"Não";1;0;0;1;0;0;1;1;-20,86458647;-44,84117031;"SPRF-MG";"DEL04-MG";"UOP01-DEL04-MG"
763772;2026-04-08;"quarta-feira";"17:10:00";"MG";381;502;"BETIM";"Transitar na contramão";"Colisão frontal";"Com Vítimas Feridas";"Anoitecer";"Decrescente";"Chuva";"Simples";"Interseção de Vias";"Sim";2;0;1;0;1;0;1;2;-20,02240201;-44,2292711;"SPRF-MG";"DEL01-MG";"UOP03-DEL01-MG"
763773;2026-04-08;"quarta-feira";"15:20:00";"RJ";40;117;"DUQUE DE CAXIAS";"Ausência de reação do condutor";"Colisão traseira";"Com Vítimas Feridas";"Pleno dia";"Decrescente";"Céu Claro";"Dupla";"Reta";"Sim";2;0;1;0;1;0;1;2;-22,69837461;-43,28983796;"SPRF-RJ";"DEL01-RJ";"UOP02-DEL01-RJ"
763774;2026-04-08;"quarta-feira";"16:30:00";"ES";101;307,9;"VIANA";"Acessar a via sem observar a presença dos outros veículos";"Colisão lateral mesmo sentido";"Com Vítimas Feridas";"Pleno dia";"Decrescente";"Sol";"Dupla";"Curva";"Não";2;0;1;0;1;0;1;2;-20,40547478;-40,4571163;"SPRF-ES";"DEL01-ES";"UOP01-DEL01-ES"
763776;2026-04-01;"quarta-feira";"18:15:00";"AC";364;554;"TARAUACA";"Pista esburacada";"Colisão traseira";"Com Vítimas Feridas";"Anoitecer";"Decrescente";"Ignorado";"Simples";"Reta";"Sim";2;0;1;0;1;0;1;2;-8,13118;-70,91436;"SPRF-AC";"DEL01-AC";"UOP03-DEL01-AC"
763780;2026-04-08;"quarta-feira";"15:32:00";"RJ";101;327;"NITEROI";"Reação tardia ou ineficiente do condutor";"Colisão lateral mesmo sentido";"Com Vítimas Feridas";"Pleno dia";"Decrescente";"Céu Claro";"Múltipla";"Reta";"Sim";4;0;2;0;2;0;2;2;-22,87956201;-43,11396637;"SPRF-RJ";"DEL02-RJ";"UOP01-DEL02-RJ"
763782;2026-04-08;"quarta-feira";"16:38:00";"MT";70;521;"VARZEA GRANDE";"Retorno proibido";"Colisão transversal";"Com Vítimas Feridas";"Pleno dia";"Crescente";"Céu Claro";"Simples";"Reta";"Sim";2;0;1;0;1;0;1;2;-15,68357518;-56,1724484;"SPRF-MT";"DEL01-MT";"UOP02-DEL01-MT"
763783;2026-04-08;"quarta-feira";"17:15:00";"RS";392;633,3;"SETE DE SETEMBRO";"Acessar a via sem observar a presença dos outros veículos";"Colisão transversal";"Com Vítimas Feridas";"Pleno dia";"Crescente";"Nublado";"Simples";"Rotatória";"Não";2;0;1;0;1;0;1;2;-28,15418572;-54,4677794;"SPRF-RS";"DEL10-RS";"UOP01-DEL10-RS"
763784;2026-04-08;"quarta-feira";"17:39:00";"PE";101;50,6;"ABREU E LIMA";"Ausência de reação do condutor";"Colisão traseira";"Com Vítimas Feridas";"Plena Noite";"Crescente";"Céu Claro";"Múltipla";"Reta";"Sim";2;0;0;1;1;0;1;2;-7,91412402;-34,89931433;"SPRF-PE";"DEL01-PE";"UOP02-DEL01-PE"
763785;2026-04-08;"quarta-feira";"17:40:00";"RJ";116;182;"NOVA IGUACU";"Trafegar com motocicleta (ou similar) entre as faixas";"Colisão lateral mesmo sentido";"Com Vítimas Feridas";"Plena Noite";"Decrescente";"Céu Claro";"Dupla";"Reta";"Sim";2;0;1;0;1;0;1;2;-22,76286589;-43,42100501;"SPRF-RJ";"DEL06-RJ";"UOP01-DEL06-RJ"
763789;2026-04-08;"quarta-feira";"17:20:00";"SP";116;464,8;"PARIQUERA-ACU";"Ausência de reação do condutor";"Colisão transversal";"Com Vítimas Feridas";"Pleno dia";"Decrescente";"Céu Claro";"Simples";"Aclive;Reta";"Não";3;0;1;0;2;0;1;2;-24,64651225;-47,91749166;"SPRF-SP";"DEL05-SP";"UOP01-DEL05-SP"
763790;2026-04-08;"quarta-feira";"17:30:00";"RJ";40;108;"DUQUE DE CAXIAS";"Ausência de reação do condutor";"Queda de ocupante de veículo";"Com Vítimas Feridas";"Pleno dia";"Crescente";"Céu Claro";"Dupla";"Curva";"Sim";1;0;1;0;0;0;1;1;-22,67231304;-43,28647614;"SPRF-RJ";"DEL01-RJ";"UOP02-DEL01-RJ"
763791;2026-04-08;"quarta-feira";"18:30:00";"CE";116;40;"HORIZONTE";"Pedestre cruzava a pista fora da faixa";"Atropelamento de Pedestre";"Com Vítimas Feridas";"Plena Noite";"Crescente";"Céu Claro";"Dupla";"Reta";"Sim";3;0;1;1;0;1;2;2;-4,09989454;-38,5022645;"SPRF-CE";"DEL01-CE";"UOP02-DEL01-CE"
763793;2026-04-08;"quarta-feira";"18:34:00";"RN";101;51,6;"CEARA-MIRIM";"Desrespeitar a preferência no cruzamento";"Colisão transversal";"Sem Vítimas";"Plena Noite";"Crescente";"Céu Claro";"Simples";"Curva;Interseção de Vias";"Não";2;0;0;0;1;1;0;2;-5,54301645;-35,31550445;"SPRF-RN";"DEL02-RN";"UOP01-DEL02-RN"
763794;2026-04-08;"quarta-feira";"17:25:00";"MG";262;34,8;"MANHUACU";"Transitar na contramão";"Tombamento";"Com Vítimas Feridas";"Anoitecer";"Decrescente";"Céu Claro";"Simples";"Curva";"Sim";2;0;1;0;1;0;1;2;-20,25706;-42,029973;"SPRF-MG";"DEL06-MG";"UOP03-DEL06-MG"
763795;2026-04-08;"quarta-feira";"15:20:00";"GO";153;244;"SAO LUIZ DO NORTE";"Chuva";"Saída de leito carroçável";"Com Vítimas Feridas";"Pleno dia";"Decrescente";"Chuva";"Simples";"Aclive;Reta";"Não";1;0;1;0;0;0;1;1;-14,88494055;-49,33926379;"SPRF-GO";"DEL07-GO";"UOP02-DEL07-GO"
763796;2026-04-08;"quarta-feira";"17:30:00";"GO";80;100;"VILA PROPICIO";"Avarias e/ou desgaste excessivo no pneu";"Saída de leito carroçável";"Com Vítimas Feridas";"Anoitecer";"Crescente";"Chuva";"Simples";"Curva";"Não";1;0;1;0;0;0;1;1;-15,202022;-48,754877;"SPRF-GO";"DEL07-GO";"UOP02-DEL07-GO"
763798;2026-04-08;"quarta-feira";"17:45:00";"PI";343;594,8;"FLORIANO";"Ausência de reação do condutor";"Colisão traseira";"Com Vítimas Feridas";"Anoitecer";"Crescente";"Nublado";"Simples";"Reta";"Sim";3;0;2;0;1;0;2;3;-6,79458;-43,04624;"SPRF-PI";"DEL03-PI";"UOP01-DEL03-PI"
763799;2026-04-08;"quarta-feira";"18:35:00";"PI";343;10,5;"PARNAIBA";"Pista esburacada";"Tombamento";"Com Vítimas Feridas";"Plena Noite";"Decrescente";"Nublado";"Simples";"Reta";"Sim";1;0;0;1;0;0;1;1;-2,90274225;-41,74649119;"SPRF-PI";"DEL05-PI";"UOP01-DEL05-PI"
763800;2026-04-08;"quarta-feira";"18:37:00";"PE";101;62,8;"RECIFE";"Ausência de reação do condutor";"Colisão traseira";"Com Vítimas Feridas";"Plena Noite";"Crescente";"Céu Claro";"Dupla";"Reta";"Não";2;0;1;0;1;0;1;2;-8,00561;-34,93789;"SPRF-PE";"DEL01-PE";"UOP02-DEL01-PE"
763801;2026-04-08;"quarta-feira";"17:30:00";"MG";40;570,7;"NOVA LIMA";"Reação tardia ou ineficiente do condutor";"Saída de leito carroçável";"Com Vítimas Feridas";"Anoitecer";"Decrescente";"Chuva";"Simples";"Aclive;Reta";"Não";1;0;1;0;0;0;1;1;-20,216101;-43,972115;"SPRF-MG";"DEL01-MG";"UOP02-DEL01-MG"
763802;2026-04-08;"quarta-feira";"18:00:00";"RJ";101;315;"SAO GONCALO";"Reação tardia ou ineficiente do condutor";"Colisão lateral mesmo sentido";"Com Vítimas Feridas";"Plena Noite";"Decrescente";"Nublado";"Dupla";"Reta";"Sim";2;0;1;0;1;0;1;2;-22,8170897;-43,0777359;"SPRF-RJ";"DEL02-RJ";"UOP02-DEL02-RJ"
763804;2026-04-08;"quarta-feira";"19:10:00";"GO";153;505,8;"APARECIDA DE GOIANIA";"Velocidade Incompatível";"Engavetamento";"Com Vítimas Feridas";"Plena Noite";"Decrescente";"Chuva";"Múltipla";"Reta";"Sim";3;0;1;0;2;0;1;3;-16,75210668;-49,24120042;"SPRF-GO";"DEL01-GO";"UOP01-DEL01-GO"
763805;2026-04-08;"quarta-feira";"19:00:00";"RS";101;16,8;"OSORIO";"Demais falhas mecânicas ou elétricas";"Incêndio";"Sem Vítimas";"Plena Noite";"Crescente";"Céu Claro";"Simples";"Reta";"Sim";2;0;0;0;2;0;0;1;-29,767767;-50,197645;"SPRF-RS";"DEL03-RS";"UOP01-DEL03-RS"
763806;2026-04-08;"quarta-feira";"16:15:00";"MG";262;424,7;"SAO GONCALO DO PARA";"Reação tardia ou ineficiente do condutor";"Capotamento";"Sem Vítimas";"Pleno dia";"Decrescente";"Chuva";"Dupla";"Reta";"Não";1;0;0;0;1;0;0;1;-19,8985535;-44,85794744;"SPRF-MG";"DEL08-MG";"UOP03-DEL08-MG"
763808;2026-04-08;"quarta-feira";"19:15:00";"RS";386;51,1;"SEBERI";"Acessar a via sem observar a presença dos outros veículos";"Colisão transversal";"Com Vítimas Feridas";"Plena Noite";"Crescente";"Céu Claro";"Simples";"Interseção de Vias";"Sim";2;0;1;0;1;0;1;2;-27,49414529;-53,39061103;"SPRF-RS";"DEL08-RS";"UOP02-DEL08-RS"
763810;2026-04-08;"quarta-feira";"19:00:00";"PR";153;335;"IRATI";"Ausência de reação do condutor";"Colisão transversal";"Com Vítimas Feridas";"Plena Noite";"Crescente";"Céu Claro";"Simples";"Reta";"Não";3;0;2;0;1;0;2;2;-25,49803;-50,64824;"SPRF-PR";"DEL08-PR";"UOP02-DEL08-PR"
763811;2026-04-08;"quarta-feira";"18:25:00";"SC";101;297;"LAGUNA";"Acessar a via sem observar a presença dos outros veículos";"Colisão transversal";"Com Vítimas Feridas";"Plena Noite";"Crescente";"Céu Claro";"Simples";"Declive;Interseção de Vias";"Não";2;0;0;1;1;0;1;2;-28,334553;-48,732961;"SPRF-SC";"DEL02-SC";"UOP03-DEL02-SC"
763812;2026-04-08;"quarta-feira";"12:30:00";"MG";116;447;"ENGENHEIRO CALDAS";"Condutor Dormindo";"Saída de leito carroçável";"Com Vítimas Feridas";"Pleno dia";"Decrescente";"Céu Claro";"Simples";"Reta";"Não";1;0;1;0;0;0;1;1;-19,1295683;-42,01436999;"SPRF-MG";"DEL06-MG";"UOP02-DEL06-MG"
763813;2026-04-08;"quarta-feira";"17:00:00";"RO";319;143;"PORTO VELHO";"Ausência de reação do condutor";"Colisão transversal";"Sem Vítimas";"Pleno dia";"Crescente";"Céu Claro";"Múltipla";"Reta;Interseção de Vias";"Sim";2;0;0;0;2;0;0;2;-8,75671399;-63,8865602;"SPRF-RO";"DEL01-RO";"UOP01-DEL01-RO"
763814;2026-04-08;"quarta-feira";"19:20:00";"RS";116;148,5;"CAXIAS DO SUL";"Trafegar com motocicleta (ou similar) entre as faixas";"Colisão traseira";"Com Vítimas Feridas";"Plena Noite";"Crescente";"Céu Claro";"Dupla";"Aclive;Reta";"Sim";3;0;1;0;2;0;1;3;-29,158038;-51,153623;"SPRF-RS";"DEL05-RS";"UOP01-DEL05-RS"
763815;2026-04-08;"quarta-feira";"18:30:00";"MG";267;74,9;"JUIZ DE FORA";"Transitar na contramão";"Colisão frontal";"Com Vítimas Feridas";"Plena Noite";"Crescente";"Chuva";"Simples";"Curva";"Não";3;0;2;0;1;0;2;2;-21,75089024;-43,20922852;"SPRF-MG";"DEL05-MG";"UOP01-DEL05-MG"
763816;2026-04-08;"quarta-feira";"16:20:00";"CE";116;219;"SAO JOAO DO JAGUARIBE";"Reação tardia ou ineficiente do condutor";"Tombamento";"Com Vítimas Feridas";"Anoitecer";"Decrescente";"Ignorado";"Simples";"Curva;Declive";"Não";2;0;0;1;1;0;1;1;-5,33796811;-38,18916321;"SPRF-CE";"DEL03-CE";"UOP01-DEL03-CE"
763817;2026-04-08;"quarta-feira";"19:40:00";"CE";304;52;"ARACATI";"Objeto estático sobre o leito carroçável";"Queda de ocupante de veículo";"Com Vítimas Feridas";"Plena Noite";"Crescente";"Vento";"Simples";"Reta";"Não";1;0;0;1;0;0;1;1;-4,57579542;-37,73170262;"SPRF-CE";"DEL03-CE";"UOP02-DEL03-CE"
763819;2026-04-08;"quarta-feira";"19:00:00";"SC";116;175,7;"SAO CRISTOVAO DO SUL";"Condutor deixou de manter distância do veículo da frente";"Colisão traseira";"Com Vítimas Feridas";"Plena Noite";"Crescente";"Céu Claro";"Simples";"Curva";"Não";3;0;1;0;2;0;1;2;-27,2364;-50,46249;"SPRF-SC";"DEL05-SC";"UOP03-DEL05-SC"
763820;2026-04-08;"quarta-feira";"15:30:00";"SC";101;131,3;"CAMBORIU";"Ultrapassagem Indevida";"Colisão lateral mesmo sentido";"Com Vítimas Feridas";"Pleno dia";"Decrescente";"Céu Claro";"Múltipla";"Reta";"Sim";3;0;1;1;0;1;2;3;-26,992875;-48,661301;"SPRF-SC";"DEL04-SC";"UOP03-DEL04-SC"
763821;2026-04-08;"quarta-feira";"19:40:00";"RS";470;228;"SAO MARCOS";"Acessar a via sem observar a presença dos outros veículos";"Colisão transversal";"Com Vítimas Feridas";"Plena Noite";"Crescente";"Céu Claro";"Simples";"Reta";"Não";2;0;1;0;1;0;1;2;-29;-51;"SPRF-RS";"DEL06-RS";"UOP01-DEL06-RS"
763823;2026-04-08;"quarta-feira";"20:50:00";"SC";101;162;"TIJUCAS";"Reação tardia ou ineficiente do condutor";"Colisão com objeto";"Com Vítimas Feridas";"Plena Noite";"Crescente";"Céu Claro";"Dupla";"Reta";"Não";1;0;0;1;0;0;1;1;-27,22183406;-48,62677574;"SPRF-SC";"DEL04-SC";"UOP03-DEL04-SC"
763824;2026-04-08;"quarta-feira";"20:50:00";"PE";101;69,7;"RECIFE";"Acesso irregular";"Colisão traseira";"Com Vítimas Feridas";"Plena Noite";"Crescente";"Céu Claro";"Dupla";"Reta";"Sim";3;0;2;0;1;0;2;2;-8,065286;-34,943887;"SPRF-PE";"DEL01-PE";"UOP01-DEL01-PE"
763826;2026-04-08;"quarta-feira";"19:20:00";"SC";101;34,3;"JOINVILLE";"Demais falhas mecânicas ou elétricas";"Incêndio";"Sem Vítimas";"Plena Noite";"Crescente";"Céu Claro";"Dupla";"Reta";"Não";1;0;0;0;1;0;0;1;-26,2635544;-48,90117645;"SPRF-SC";"DEL03-SC";"UOP01-DEL03-SC"
763827;2026-04-08;"quarta-feira";"17:30:00";"MG";40;279,9;"TRES MARIAS";"Conversão proibida";"Colisão transversal";"Com Vítimas Fatais";"Anoitecer";"Crescente";"Chuva";"Simples";"Declive";"Sim";3;1;0;1;1;0;1;2;-18,23584153;-45,21314342;"SPRF-MG";"DEL14-MG";"UOP02-DEL14-MG"
763829;2026-04-08;"quarta-feira";"21:40:00";"ES";101;300;"VIANA";"Ingestão de álcool pelo condutor";"Colisão traseira";"Com Vítimas Feridas";"Plena Noite";"Crescente";"Céu Claro";"Dupla";"Reta";"Sim";2;0;1;0;1;0;1;2;-20,355752;-40,417969;"SPRF-ES";"DEL01-ES";"UOP01-DEL01-ES"
763830;2026-04-08;"quarta-feira";"19:00:00";"PI";316;165;"ELESBAO VELOSO";"Afundamento ou ondulação no pavimento";"Saída de leito carroçável";"Com Vítimas Fatais";"Anoitecer";"Decrescente";"Chuva";"Simples";"Reta";"Não";1;1;0;0;0;0;0;1;-6,2117445;-42,079363;"SPRF-PI";"DEL04-PI";"UOP02-DEL04-PI"