"id";"data_inversa";"dia_semana";"horario";"uf";"br";"km";"municipio";"causa_acidente";"tipo_acidente";"classificacao_acidente";"fase_dia";"sentido_via";"condicao_metereologica";"tipo_pista";"tracado_via";"uso_solo";"pessoas";"mortos";"feridos_leves";"feridos_graves";"ilesos";"ignorados";"feridos";"veiculos";"latitude";"longitude";"regional";"delegacia";"uop"
764284;2026-04-11;"sábado";"04:00:00";"DF";80;22,6;"BRASILIA";"Pedestre andava na pista";"Atropelamento de Pedestre";"Com Vítimas Fatais";"Amanhecer";"Decrescente";"Céu Claro";"Simples";"Reta";"Sim";2;1;0;0;0;1;0;2;-15,64229;-48,201211;"SPRF-DF";"DEL03-DF";"UOP02-DEL03-DF"
764285;2026-04-11;"sábado";"05:35:00";"GO";50;311;"CUMARI";"Velocidade Incompatível";"Tombamento";"Com Vítimas Feridas";"Amanhecer";"Decrescente";"Céu Claro";"Dupla";"Curva";"Não";1;0;1;0;0;0;1;1;-18,408132;-48,08201;"SPRF-GO";"DEL06-GO";"UOP01-DEL06-GO"
764286;2026-04-11;"sábado";"05:45:00";"GO";50;271;"CATALAO";"Condutor Dormindo";"Colisão com objeto";"Sem Vítimas";"Amanhecer";"Decrescente";"Céu Claro";"Dupla";"Aclive;Reta";"Não";2;0;0;0;0;2;0;1;-18,122052;-47,898713;"SPRF-GO";"DEL06-GO";"UOP01-DEL06-GO"
764288;2026-04-11;"sábado";"06:00:00";"GO";414;440;"ANAPOLIS";"Ingestão de álcool pelo condutor";"Colisão frontal";"Com Vítimas Feridas";"Pleno dia";"Decrescente";"Céu Claro";"Simples";"Reta";"Sim";3;0;1;0;0;2;1;3;-16,2841026;-48,9435682;"SPRF-GO";"DEL02-GO";"UOP01-DEL02-GO"
764292;2026-04-11;"sábado";"05:40:00";"RS";470;222,5;"GARIBALDI";"Reação tardia ou ineficiente do condutor";"Colisão com objeto";"Com Vítimas Feridas";"Plena Noite";"Crescente";"Céu Claro";"Dupla";"Reta";"Sim";1;0;1;0;0;0;1;1;-29,22145058;-51,51675789;"SPRF-RS";"DEL06-RS";"UOP01-DEL06-RS"
764293;2026-04-11;"sábado";"04:30:00";"MG";381;402;"NOVA UNIAO";"Neblina";"Colisão lateral mesmo sentido";"Com Vítimas Feridas";"Plena Noite";"Crescente";"Nevoeiro/Neblina";"Dupla";"Reta;Declive";"Não";6;0;3;0;2;1;3;3;-19,74731689;-43,54631001;"SPRF-MG";"DEL01-MG";"UOP01-DEL01-MG"
764294;2026-04-11;"sábado";"06:20:00";"SP";153;65,7;"SAO JOSE DO RIO PRETO";"Demais falhas mecânicas ou elétricas";"Saída de leito carroçável";"Com Vítimas Feridas";"Amanhecer";"Crescente";"Céu Claro";"Dupla";"Reta";"Sim";3;0;2;0;1;0;2;1;-20,84115;-49,3701;"SPRF-SP";"DEL09-SP";"UOP01-DEL09-SP"
764295;2026-04-11;"sábado";"05:30:00";"PR";277;695;"SAO MIGUEL DO IGUACU";"Ausência de reação do condutor";"Saída de leito carroçável";"Com Vítimas Feridas";"Amanhecer";"Decrescente";"Céu Claro";"Dupla";"Reta";"Não";1;0;1;0;0;0;1;1;-25,37551;-54,27526;"SPRF-PR";"DEL05-PR";"UOP01-DEL05-PR"
764296;2026-04-11;"sábado";"00:45:00";"SC";282;570;"NOVA ERECHIM";"Ingestão de álcool pelo condutor";"Saída de leito carroçável";"Sem Vítimas";"Pleno dia";"Crescente";"Céu Claro";"Simples";"Reta";"Não";1;0;0;0;1;0;0;1;-26,903792;-52,911711;"SPRF-SC";"DEL07-SC";"UOP02-DEL07-SC"
764297;2026-04-11;"sábado";"06:25:00";"RS";116;300;"GUAIBA";"Ingestão de álcool pelo condutor";"Saída de leito carroçável";"Com Vítimas Feridas";"Amanhecer";"Crescente";"Céu Claro";"Simples";"Reta";"Não";1;0;1;0;0;0;1;1;-30,1182628;-51,3455413;"SPRF-RS";"DEL02-RS";"UOP01-DEL02-RS"
764299;2026-04-11;"sábado";"06:23:00";"PE";101;7;"GOIANA";"Ausência de reação do condutor";"Colisão traseira";"Com Vítimas Feridas";"Pleno dia";"Crescente";"Céu Claro";"Dupla";"Reta";"Não";2;0;1;0;1;0;1;2;-7,566547;-34,992857;"SPRF-PE";"DEL01-PE";"UOP02-DEL01-PE"
764300;2026-04-11;"sábado";"04:31:00";"MT";163;760;"SORRISO";"Ausência de reação do condutor";"Saída de leito carroçável";"Sem Vítimas";"Amanhecer";"Crescente";"Céu Claro";"Simples";"Reta";"Não";1;0;0;0;1;0;0;1;-12,490577;-55,683329;"SPRF-MT";"DEL06-MT";"UOP01-DEL06-MT"
764301;2026-04-11;"sábado";"01:20:00";"PA";163;982;"SANTAREM";"Condutor deixou de manter distância do veículo da frente";"Colisão traseira";"Com Vítimas Feridas";"Pleno dia";"Crescente";"Céu Claro";"Simples";"Reta";"Não";2;0;1;0;1;0;1;2;-2,62172715;-54,73457336;"SPRF-PA";"DEL05-PA";"UOP01-DEL05-PA"
764302;2026-04-11;"sábado";"06:35:00";"RS";290;99;"PORTO ALEGRE";"Condutor deixou de manter distância do veículo da frente";"Colisão traseira";"Sem Vítimas";"Pleno dia";"Crescente";"Céu Claro";"Dupla";"Ponte;Reta";"Não";3;0;0;0;1;2;0;2;-29,98794217;-51,23790471;"SPRF-RS";"DEL01-RS";"UOP01-DEL01-RS"
764303;2026-04-11;"sábado";"05:30:00";"MG";262;433,7;"NOVA SERRANA";"Ausência de reação do condutor";"Saída de leito carroçável";"Sem Vítimas";"Amanhecer";"Decrescente";"Céu Claro";"Dupla";"Reta";"Sim";1;0;0;0;1;0;0;1;-19,87996;-44,936482;"SPRF-MG";"DEL08-MG";"UOP03-DEL08-MG"
764305;2026-04-11;"sábado";"07:00:00";"RS";386;340,1;"LAJEADO";"Afundamento ou ondulação no pavimento";"Tombamento";"Com Vítimas Feridas";"Pleno dia";"Decrescente";"Nevoeiro/Neblina";"Dupla";"Reta";"Não";1;0;1;0;0;0;1;1;-29,41952581;-52,02316046;"SPRF-RS";"DEL04-RS";"UOP01-DEL04-RS"
764308;2026-04-11;"sábado";"05:15:00";"MA";316;233,4;"BOM JARDIM";"Transitar na contramão";"Colisão frontal";"Com Vítimas Fatais";"Amanhecer";"Crescente";"Nublado";"Simples";"Declive";"Não";3;1;0;0;2;0;0;2;-3,5579318;-45,590589;"SPRF-MA";"DEL02-MA";"UOP01-DEL02-MA"
764309;2026-04-11;"sábado";"08:00:00";"SP";116;560;"BARRA DO TURVO";"Reação tardia ou ineficiente do condutor";"Queda de ocupante de veículo";"Com Vítimas Feridas";"Pleno dia";"Crescente";"Nublado";"Dupla";"Declive;Curva";"Não";2;0;2;0;0;0;2;1;-25,0174854;-48,5101736;"SPRF-SP";"DEL05-SP";"UOP02-DEL05-SP"
764311;2026-04-11;"sábado";"08:25:00";"ES";101;77;"SAO MATEUS";"Demais falhas mecânicas ou elétricas";"Colisão com objeto";"Com Vítimas Feridas";"Pleno dia";"Crescente";"Chuva";"Simples";"Aclive";"Não";5;0;2;0;3;0;2;2;-18,804323;-39,89382;"SPRF-ES";"DEL04-ES";"UOP02-DEL04-ES"
764312;2026-04-11;"sábado";"06:50:00";"PR";153;75,7;"CONSELHEIRO MAIRINCK";"Condutor Dormindo";"Saída de leito carroçável";"Com Vítimas Feridas";"Amanhecer";"Decrescente";"Céu Claro";"Simples";"Curva";"Não";2;0;1;1;0;0;2;1;-23,56633257;-50,14258325;"SPRF-PR";"DEL07-PR";"UOP04-DEL07-PR"
764313;2026-04-11;"sábado";"08:00:00";"PI";343;343;"TERESINA";"Condutor deixou de manter distância do veículo da frente";"Colisão traseira";"Com Vítimas Feridas";"Pleno dia";"Crescente";"Nublado";"Simples";"Viaduto;Interseção de Vias";"Sim";3;0;1;0;1;1;1;3;-5,090425;-42,760663;"SPRF-PI";"DEL01-PI";"UOP01-DEL01-PI"
764315;2026-04-11;"sábado";"08:10:00";"MG";381;886,3;"ESTIVA";"Reação tardia ou ineficiente do condutor";"Colisão traseira";"Com Vítimas Feridas";"Pleno dia";"Decrescente";"Céu Claro";"Dupla";"Curva";"Não";3;0;2;0;1;0;2;2;-22,51112085;-46,01850897;"SPRF-MG";"DEL16-MG";"UOP01-DEL16-MG"
764316;2026-04-11;"sábado";"07:30:00";"MG";116;702,9;"MURIAE";"Conversão proibida";"Colisão transversal";"Com Vítimas Feridas";"Pleno dia";"Decrescente";"Céu Claro";"Simples";"Interseção de Vias";"Sim";2;0;1;0;0;1;1;2;-21,12931509;-42,38502357;"SPRF-MG";"DEL07-MG";"UOP02-DEL07-MG"
764317;2026-04-11;"sábado";"09:15:00";"RJ";116;70,3;"TERESOPOLIS";"Acessar a via sem observar a presença dos outros veículos";"Colisão transversal";"Com Vítimas Feridas";"Pleno dia";"Crescente";"Nublado";"Simples";"Reta";"Sim";2;0;1;0;1;0;1;2;-22,316318;-42,937967;"SPRF-RJ";"DEL04-RJ";"UOP01-DEL04-RJ"
764318;2026-04-11;"sábado";"09:10:00";"RJ";101;305;"SAO GONCALO";"Mal súbito do condutor";"Saída de leito carroçável";"Com Vítimas Feridas";"Pleno dia";"Decrescente";"Nublado";"Dupla";"Reta";"Sim";1;0;1;0;0;0;1;1;-22,79113776;-43,01486492;"SPRF-RJ";"DEL02-RJ";"UOP02-DEL02-RJ"
764319;2026-04-11;"sábado";"09:20:00";"MG";381;450;"BELO HORIZONTE";"Trafegar com motocicleta (ou similar) entre as faixas";"Colisão transversal";"Com Vítimas Feridas";"Pleno dia";"Decrescente";"Céu Claro";"Dupla";"Reta";"Sim";2;0;0;1;1;0;1;2;-19,84499404;-43,88650775;"SPRF-MG";"DEL01-MG";"UOP01-DEL01-MG"
764320;2026-04-11;"sábado";"08:50:00";"SP";116;224;"GUARULHOS";"Manobra de mudança de faixa";"Colisão traseira";"Com Vítimas Feridas";"Pleno dia";"Decrescente";"Céu Claro";"Múltipla";"Reta";"Sim";2;0;1;0;1;0;1;2;-23,48067219;-46,53258129;"SPRF-SP";"DEL01-SP";"UOP01-DEL01-SP"
764321;2026-04-11;"sábado";"07:30:00";"MA";230;405;"BALSAS";"Desrespeitar a preferência no cruzamento";"Colisão transversal";"Com Vítimas Feridas";"Pleno dia";"Decrescente";"Céu Claro";"Simples";"Interseção de Vias;Rotatória";"Sim";2;0;1;0;1;0;1;2;-7,52095872;-46,05071783;"SPRF-MA";"DEL05-MA";"UOP01-DEL05-MA"
764322;2026-04-11;"sábado";"09:00:00";"GO";452;2;"RIO VERDE";"Manobra de mudança de faixa";"Colisão lateral mesmo sentido";"Com Vítimas Feridas";"Pleno dia";"Crescente";"Sol";"Múltipla";"Reta";"Sim";2;0;0;1;1;0;1;2;-17,795745;-50,886042;"SPRF-GO";"DEL04-GO";"UOP01-DEL04-GO"
764325;2026-04-11;"sábado";"09:40:00";"GO";50;99,9;"CRISTALINA";"Manobra de mudança de faixa";"Colisão traseira";"Com Vítimas Feridas";"Pleno dia";"Crescente";"Céu Claro";"Dupla";"Reta";"Não";4;0;1;0;3;0;1;2;-16,779412;-47,628195;"SPRF-DF";"DEL01-DF";"UOP02-DEL01-DF"
764326;2026-04-11;"sábado";"08:50:00";"PR";277;70;"SAO JOSE DOS PINHAIS";"Ausência de reação do condutor";"Saída de leito carroçável";"Sem Vítimas";"Pleno dia";"Decrescente";"Nublado";"Simples";"Retorno Regulamentado;Aclive;Curva";"Sim";2;0;0;0;2;0;0;1;-25,51312075;-49,12861202;"SPRF-PR";"DEL01-PR";"UOP01-DEL01-PR"
764327;2026-04-11;"sábado";"10:00:00";"SP";116;124;"CACAPAVA";"Reação tardia ou ineficiente do condutor";"Tombamento";"Com Vítimas Feridas";"Pleno dia";"Decrescente";"Céu Claro";"Dupla";"Reta";"Não";1;0;1;0;0;0;1;1;-23,0970078;-45,68345401;"SPRF-SP";"DEL02-SP";"UOP02-DEL02-SP"
764329;2026-04-11;"sábado";"08:10:00";"RJ";101;57;"CAMPOS DOS GOYTACAZES";"Transitar no Acostamento";"Colisão traseira";"Com Vítimas Feridas";"Pleno dia";"Decrescente";"Nublado";"Simples";"Reta";"Sim";2;0;1;0;0;1;1;2;-21,70336935;-41,30996704;"SPRF-RJ";"DEL08-RJ";"UOP01-DEL08-RJ"
764332;2026-04-11;"sábado";"10:40:00";"BA";116;16,9;"VITORIA DA CONQUISTA";"Condutor deixou de manter distância do veículo da frente";"Colisão traseira";"Com Vítimas Feridas";"Pleno dia";"Decrescente";"Céu Claro";"Dupla";"Reta";"Sim";2;0;1;0;1;0;1;2;-14,902387;-40,84256;"SPRF-BA";"DEL08-BA";"UOP01-DEL08-BA"
764334;2026-04-11;"sábado";"09:50:00";"TO";242;372,6;"GURUPI";"Ausência de reação do condutor";"Colisão lateral sentido oposto";"Sem Vítimas";"Pleno dia";"Decrescente";"Céu Claro";"Simples";"Reta";"Não";2;0;0;0;2;0;0;2;-11,7579;-48,9959;"SPRF-TO";"DEL01-TO";"UOP02-DEL01-TO"
764335;2026-04-11;"sábado";"08:30:00";"RJ";101;590,8;"PARATY";"Animais na Pista";"Colisão traseira";"Com Vítimas Feridas";"Pleno dia";"Crescente";"Sol";"Simples";"Curva";"Sim";3;0;2;0;1;0;2;2;-23,31521966;-44,7199302;"SPRF-RJ";"DEL03-RJ";"UOP04-DEL03-RJ"
764336;2026-04-11;"sábado";"09:20:00";"MS";267;99,4;"ANAURILANDIA";"Velocidade Incompatível";"Saída de leito carroçável";"Com Vítimas Feridas";"Pleno dia";"Crescente";"Céu Claro";"Simples";"Aclive;Reta";"Não";3;0;1;0;2;0;1;1;-21,849388;-53,041801;"SPRF-MS";"DEL02-MS";"UOP04-DEL02-MS"
764337;2026-04-11;"sábado";"08:25:00";"PR";116;37,9;"CAMPINA GRANDE DO SUL";"Pista Escorregadia";"Saída de leito carroçável";"Com Vítimas Feridas";"Pleno dia";"Decrescente";"Chuva";"Dupla";"Curva;Aclive";"Não";4;0;1;0;3;0;1;1;-25,1505668;-48,8591392;"SPRF-PR";"DEL01-PR";"UOP02-DEL01-PR"
764338;2026-04-11;"sábado";"09:30:00";"GO";60;234,5;"INDIARA";"Demais falhas mecânicas ou elétricas";"Incêndio";"Sem Vítimas";"Pleno dia";"Decrescente";"Sol";"Dupla";"Aclive;Reta";"Não";1;0;0;0;1;0;0;1;-17,082955;-49,837358;"SPRF-GO";"DEL01-GO";"UOP02-DEL01-GO"
764339;2026-04-11;"sábado";"09:50:00";"SC";101;32,8;"JOINVILLE";"Avarias e/ou desgaste excessivo no pneu";"Queda de ocupante de veículo";"Com Vítimas Feridas";"Pleno dia";"Decrescente";"Céu Claro";"Simples";"Curva";"Sim";2;0;2;0;0;0;2;1;-26,24946273;-48,90893189;"SPRF-SC";"DEL03-SC";"UOP01-DEL03-SC"
764341;2026-04-11;"sábado";"09:00:00";"RJ";101;477;"ANGRA DOS REIS";"Reação tardia ou ineficiente do condutor";"Tombamento";"Com Vítimas Feridas";"Pleno dia";"Crescente";"Céu Claro";"Simples";"Curva";"Sim";2;0;2;0;0;0;2;1;-22,98993069;-44,24187697;"SPRF-RJ";"DEL03-RJ";"UOP03-DEL03-RJ"
764342;2026-04-11;"sábado";"11:30:00";"PR";373;270;"PRUDENTOPOLIS";"Ausência de reação do condutor";"Saída de leito carroçável";"Com Vítimas Feridas";"Pleno dia";"Crescente";"Céu Claro";"Simples";"Reta";"Não";2;0;1;1;0;0;2;1;-25,22896;-51,03233;"SPRF-PR";"DEL08-PR";"UOP01-DEL08-PR"
764343;2026-04-11;"sábado";"11:20:00";"PE";101;51,8;"PAULISTA";"Entrada inopinada do pedestre";"Atropelamento de Pedestre";"Com Vítimas Feridas";"Pleno dia";"Crescente";"Céu Claro";"Múltipla";"Reta";"Sim";2;0;1;1;0;0;2;2;-7,92101;-34,893834;"SPRF-PE";"DEL01-PE";"UOP02-DEL01-PE"
764344;2026-04-11;"sábado";"11:40:00";"RS";116;254;"ESTEIO";"Condutor deixou de manter distância do veículo da frente";"Capotamento";"Com Vítimas Feridas";"Pleno dia";"Crescente";"Céu Claro";"Dupla";"Reta";"Sim";1;0;1;0;0;0;1;1;-29,83282993;-51,17434604;"SPRF-RS";"DEL01-RS";"UOP02-DEL01-RS"
764346;2026-04-11;"sábado";"08:05:00";"BA";324;574;"SAO SEBASTIAO DO PASSE";"Ausência de reação do condutor";"Colisão traseira";"Com Vítimas Feridas";"Pleno dia";"Decrescente";"Céu Claro";"Dupla";"Reta";"Não";5;0;3;2;0;0;5;2;-12,5756373;-38,54160905;"SPRF-BA";"DEL01-BA";"UOP01-DEL01-BA"
764348;2026-04-11;"sábado";"12:10:00";"TO";153;140,5;"ARAGUAINA";"Acumulo de água sobre o pavimento";"Saída de leito carroçável";"Com Vítimas Feridas";"Pleno dia";"Crescente";"Chuva";"Dupla";"Curva;Retorno Regulamentado;Declive";"Sim";1;0;0;1;0;0;1;1;-7,172939;-48,216996;"SPRF-TO";"DEL02-TO";"UOP01-DEL02-TO"
764349;2026-04-11;"sábado";"11:15:00";"PR";153;40;"SANTO ANTONIO DA PLATINA";"Demais falhas mecânicas ou elétricas";"Incêndio";"Sem Vítimas";"Pleno dia";"Crescente";"Céu Claro";"Simples";"Reta";"Sim";1;0;0;0;1;0;0;1;-23,28769569;-50,05908298;"SPRF-PR";"DEL07-PR";"UOP04-DEL07-PR"
764352;2026-04-11;"sábado";"11:20:00";"RJ";101;127;"CONCEICAO DE MACABU";"Demais falhas mecânicas ou elétricas";"Incêndio";"Sem Vítimas";"Pleno dia";"Decrescente";"Nublado";"Dupla";"Reta";"Não";2;0;0;0;2;0;0;1;-22,08850711;-41,68944792;"SPRF-RJ";"DEL08-RJ";"UOP04-DEL08-RJ"
764354;2026-04-11;"sábado";"12:10:00";"PR";116;43;"CAMPINA GRANDE DO SUL";"Pista Escorregadia";"Tombamento";"Com Vítimas Feridas";"Pleno dia";"Crescente";"Garoa/Chuvisco";"Simples";"Curva;Aclive";"Não";2;0;0;2;0;0;2;1;-25,185761;-48,8857;"SPRF-PR";"DEL01-PR";"UOP02-DEL01-PR"
764355;2026-04-04;"sábado";"00:03:00";"PA";230;7;"ALTAMIRA";"Ausência de reação do condutor";"Colisão traseira";"Sem Vítimas";"Plena Noite";"Crescente";"Nublado";"Simples";"Reta";"Sim";2;0;0;0;1;1;0;2;-3,19116686;-52,21466839;"SPRF-PA";"DEL04-PA";"UOP01-DEL04-PA"
764357;2026-04-11;"sábado";"12:28:00";"RO";364;711;"PORTO VELHO";"Reação tardia ou ineficiente do condutor";"Colisão lateral mesmo sentido";"Com Vítimas Feridas";"Pleno dia";"Crescente";"Sol";"Simples";"Reta";"Sim";2;0;2;0;0;0;2;2;-8,78111729;-63,86553017;"SPRF-RO";"DEL01-RO";"UOP01-DEL01-RO"
764358;2026-04-11;"sábado";"14:20:00";"SC";101;204;"SAO JOSE";"Reação tardia ou ineficiente do condutor";"Colisão traseira";"Com Vítimas Feridas";"Pleno dia";"Decrescente";"Nublado";"Múltipla";"Reta";"Sim";3;0;2;0;1;0;2;2;-27,5737445;-48,61321298;"SPRF-SC";"DEL01-SC";"UOP01-DEL01-SC"
764363;2026-04-11;"sábado";"13:25:00";"PR";153;332,5;"IRATI";"Ausência de reação do condutor";"Saída de leito carroçável";"Com Vítimas Feridas";"Pleno dia";"Crescente";"Céu Claro";"Simples";"Curva;Declive";"Não";1;0;1;0;0;0;1;1;-25,47337227;-50,63827157;"SPRF-PR";"DEL08-PR";"UOP02-DEL08-PR"
764364;2026-04-11;"sábado";"14:14:00";"PR";277;4,8;"PARANAGUA";"Retorno proibido";"Colisão transversal";"Com Vítimas Feridas";"Pleno dia";"Decrescente";"Nublado";"Simples";"Declive;Reta";"Sim";2;0;1;0;1;0;1;2;-25,554246;-48,562732;"SPRF-PR";"DEL01-PR";"UOP05-DEL01-PR"
764365;2026-04-11;"sábado";"12:53:00";"BA";101;808;"ITAMARAJU";"Acessar a via sem observar a presença dos outros veículos";"Colisão transversal";"Com Vítimas Feridas";"Pleno dia";"Crescente";"Céu Claro";"Simples";"Reta";"Sim";2;0;0;1;1;0;1;2;-17,008963;-39,5463732;"SPRF-BA";"DEL09-BA";"UOP01-DEL09-BA"
764367;2026-04-11;"sábado";"14:40:00";"SC";470;60,9;"BLUMENAU";"Acessar a via sem observar a presença dos outros veículos";"Colisão transversal";"Com Vítimas Feridas";"Pleno dia";"Crescente";"Céu Claro";"Simples";"Interseção de Vias;Reta";"Sim";2;0;1;0;1;0;1;2;-26,8810472;-49,1670899;"SPRF-SC";"DEL04-SC";"UOP01-DEL04-SC"
764368;2026-04-11;"sábado";"15:00:00";"MG";40;520,5;"CONTAGEM";"Velocidade Incompatível";"Tombamento";"Com Vítimas Fatais";"Pleno dia";"Decrescente";"Nublado";"Dupla";"Reta";"Não";1;1;0;0;0;0;0;1;-19,852139;-44,072173;"SPRF-MG";"DEL01-MG";"UOP02-DEL01-MG"
764369;2026-04-11;"sábado";"10:50:00";"RJ";40;40;"PETROPOLIS";"Reação tardia ou ineficiente do condutor";"Saída de leito carroçável";"Com Vítimas Feridas";"Pleno dia";"Decrescente";"Céu Claro";"Dupla";"Aclive;Curva";"Não";2;0;1;0;1;0;1;1;-22,54898258;-43,22735495;"SPRF-RJ";"DEL05-RJ";"UOP02-DEL05-RJ"
764370;2026-04-11;"sábado";"07:00:00";"PR";116;5,8;"CAMPINA GRANDE DO SUL";"Velocidade Incompatível";"Saída de leito carroçável";"Com Vítimas Feridas";"Pleno dia";"Decrescente";"Garoa/Chuvisco";"Dupla";"Curva";"Não";4;0;1;0;3;0;1;1;-25,087921;-48,604873;"SPRF-PR";"DEL01-PR";"UOP02-DEL01-PR"
764372;2026-04-11;"sábado";"14:30:00";"MT";364;587;"DIAMANTINO";"Condutor deixou de manter distância do veículo da frente";"Colisão traseira";"Sem Vítimas";"Pleno dia";"Crescente";"Chuva";"Dupla";"Reta";"Não";7;0;0;0;7;0;0;2;-14,53382603;-56,23042703;"SPRF-MT";"DEL01-MT";"UOP01-DEL01-MT"
764373;2026-04-11;"sábado";"14:35:00";"RS";158;566,8;"SANTANA DO LIVRAMENTO";"Mal súbito do condutor";"Saída de leito carroçável";"Com Vítimas Feridas";"Pleno dia";"Decrescente";"Céu Claro";"Simples";"Aclive";"Sim";1;0;1;0;0;0;1;1;-30,885496;-55,50772;"SPRF-RS";"DEL11-RS";"UOP01-DEL11-RS"
764374;2026-04-11;"sábado";"14:00:00";"PR";277;74;"SAO JOSE DOS PINHAIS";"Reação tardia ou ineficiente do condutor";"Colisão transversal";"Com Vítimas Feridas";"Pleno dia";"Crescente";"Céu Claro";"Dupla";"Reta";"Sim";2;0;1;0;0;1;1;2;-25,49496409;-49,16501641;"SPRF-PR";"DEL01-PR";"UOP08-DEL01-PR"
764375;2026-04-11;"sábado";"15:15:00";"RS";153;49;"ERECHIM";"Acessar a via sem observar a presença dos outros veículos";"Colisão transversal";"Com Vítimas Feridas";"Pleno dia";"Crescente";"Céu Claro";"Simples";"Curva;Interseção de Vias";"Sim";4;0;2;0;2;0;2;2;-27,65449153;-52,26186232;"SPRF-RS";"DEL08-RS";"UOP04-DEL08-RS"
764376;2026-04-11;"sábado";"14:45:00";"TO";153;146;"ARAGUAINA";"Ausência de reação do condutor";"Saída de leito carroçável";"Com Vítimas Feridas";"Pleno dia";"Crescente";"Céu Claro";"Dupla";"Aclive;Reta";"Sim";1;0;1;0;0;0;1;1;-7,217435;-48,245975;"SPRF-TO";"DEL02-TO";"UOP01-DEL02-TO"
764378;2026-04-11;"sábado";"15:00:00";"SP";153;256,7;"MARILIA";"Demais falhas mecânicas ou elétricas";"Incêndio";"Sem Vítimas";"Pleno dia";"Crescente";"Céu Claro";"Dupla";"Reta";"Sim";1;0;0;0;0;1;0;1;-22,24171581;-49,92002964;"SPRF-SP";"DEL07-SP";"UOP02-DEL07-SP"
764379;2026-04-11;"sábado";"15:45:00";"RN";406;150,7;"CEARA-MIRIM";"Condutor deixou de manter distância do veículo da frente";"Colisão traseira";"Com Vítimas Feridas";"Pleno dia";"Decrescente";"Céu Claro";"Simples";"Reta";"Sim";3;0;2;0;1;0;2;2;-5,649742;-35,432883;"SPRF-RN";"DEL02-RN";"UOP01-DEL02-RN"
764380;2026-04-11;"sábado";"13:15:00";"RJ";465;21;"NOVA IGUACU";"Acessar a via sem observar a presença dos outros veículos";"Colisão frontal";"Com Vítimas Feridas";"Pleno dia";"Crescente";"Nublado";"Simples";"Reta;Ponte";"Sim";3;0;1;1;1;0;2;2;-22,858879;-43,601817;"SPRF-RJ";"DEL06-RJ";"UOP02-DEL06-RJ"
764382;2026-04-11;"sábado";"15:45:00";"PB";104;146;"QUEIMADAS";"Reação tardia ou ineficiente do condutor";"Colisão transversal";"Com Vítimas Feridas";"Pleno dia";"Crescente";"Céu Claro";"Simples";"Reta";"Não";3;0;2;0;1;0;2;2;-7,420173;-35,895312;"SPRF-PB";"DEL02-PB";"UOP03-DEL02-PB"
764383;2026-04-11;"sábado";"11:00:00";"RJ";116;323;"ITATIAIA";"Demais falhas mecânicas ou elétricas";"Incêndio";"Sem Vítimas";"Pleno dia";"Decrescente";"Céu Claro";"Simples";"Rotatória";"Sim";1;0;0;0;1;0;0;1;-22,48892651;-44,55084801;"SPRF-RJ";"DEL07-RJ";"UOP02-DEL07-RJ"
764385;2026-04-11;"sábado";"16:10:00";"SP";116;301;"SAO LOURENCO DA SERRA";"Manobra de mudança de faixa";"Colisão lateral mesmo sentido";"Com Vítimas Feridas";"Pleno dia";"Crescente";"Céu Claro";"Dupla";"Reta;Declive";"Não";4;0;1;0;3;0;1;3;-23,8086889;-46,9241778;"SPRF-SP";"DEL04-SP";"UOP01-DEL04-SP"
764387;2026-04-11;"sábado";"16:00:00";"PR";153;42,7;"SANTO ANTONIO DA PLATINA";"Animais na Pista";"Colisão traseira";"Com Vítimas Feridas";"Pleno dia";"Crescente";"Céu Claro";"Dupla";"Reta;Interseção de Vias";"Sim";2;0;0;1;1;0;1;2;-23,30428278;-50,07030694;"SPRF-PR";"DEL07-PR";"UOP04-DEL07-PR"
764389;2026-04-11;"sábado";"16:00:00";"PR";376;205,7;"MANDAGUARI";"Demais falhas mecânicas ou elétricas";"Saída de leito carroçável";"Com Vítimas Feridas";"Pleno dia";"Decrescente";"Nublado";"Múltipla";"Aclive;Reta";"Não";2;0;0;1;1;0;1;1;-23,53112603;-51,71802934;"SPRF-PR";"DEL09-PR";"UOP01-DEL09-PR"
764390;2026-04-11;"sábado";"13:33:00";"MT";364;204;"RONDONOPOLIS";"Reação tardia ou ineficiente do condutor";"Queda de ocupante de veículo";"Com Vítimas Feridas";"Pleno dia";"Crescente";"Céu Claro";"Dupla";"Aclive;Reta";"Não";1;0;0;1;0;0;1;1;-16,459557;-54,660707;"SPRF-MT";"DEL02-MT";"UOP01-DEL02-MT"
764391;2026-04-11;"sábado";"16:50:00";"SC";282;339;"CAMPOS NOVOS";"Demais falhas mecânicas ou elétricas";"Colisão lateral mesmo sentido";"Sem Vítimas";"Pleno dia";"Crescente";"Céu Claro";"Simples";"Aclive;Reta";"Não";4;0;0;0;4;0;0;2;-27,39331352;-51,19274471;"SPRF-SC";"DEL07-SC";"UOP06-DEL07-SC"
764393;2026-04-11;"sábado";"15:28:00";"MG";381;887,1;"CAMBUI";"Velocidade Incompatível";"Colisão com objeto";"Sem Vítimas";"Pleno dia";"Decrescente";"Céu Claro";"Dupla";"Curva";"Não";1;0;0;0;0;1;0;1;-22,52150652;-46,02234006;"SPRF-MG";"DEL16-MG";"UOP01-DEL16-MG"
764395;2026-04-11;"sábado";"17:17:00";"MG";116;277,5;"TEOFILO OTONI";"Ausência de reação do condutor";"Colisão lateral mesmo sentido";"Com Vítimas Feridas";"Anoitecer";"Crescente";"Chuva";"Múltipla";"Reta";"Sim";2;0;1;0;1;0;1;2;-17,864625;-41,516025;"SPRF-MG";"DEL11-MG";"UOP01-DEL11-MG"