"id";"data_inversa";"dia_semana";"horario";"uf";"br";"km";"municipio";"causa_acidente";"tipo_acidente";"classificacao_acidente";"fase_dia";"sentido_via";"condicao_metereologica";"tipo_pista";"tracado_via";"uso_solo";"pessoas";"mortos";"feridos_leves";"feridos_graves";"ilesos";"ignorados";"feridos";"veiculos";"latitude";"longitude";"regional";"delegacia";"uop"
764396;2026-04-11;"sábado";"17:00:00";"PR";116;122;"CURITIBA";"Reação tardia ou ineficiente do condutor";"Colisão traseira";"Com Vítimas Feridas";"Pleno dia";"Crescente";"Céu Claro";"Dupla";"Reta";"Sim";3;0;1;0;1;1;1;2;-25,60570904;-49,31849448;"SPRF-PR";"DEL01-PR";"UOP03-DEL01-PR"
764397;2026-04-11;"sábado";"17:00:00";"PR";369;198;"APUCARANA";"Velocidade Incompatível";"Capotamento";"Com Vítimas Feridas";"Pleno dia";"Crescente";"Céu Claro";"Dupla";"Declive;Curva";"Não";2;0;1;1;0;0;2;1;-23,51906793;-51,42958845;"SPRF-PR";"DEL07-PR";"UOP03-DEL07-PR"
764398;2026-04-11;"sábado";"13:15:00";"PR";153;395;"MALLET";"Ausência de reação do condutor";"Tombamento";"Com Vítimas Feridas";"Pleno dia";"Crescente";"Nublado";"Simples";"Reta";"Não";1;0;1;0;0;0;1;1;-25,924295;-50,852881;"SPRF-PR";"DEL08-PR";"UOP02-DEL08-PR"
764402;2026-04-11;"sábado";"17:00:00";"ES";101;59,9;"SAO MATEUS";"Condutor deixou de manter distância do veículo da frente";"Colisão traseira";"Com Vítimas Feridas";"Anoitecer";"Crescente";"Nublado";"Simples";"Reta";"Não";3;0;1;0;2;0;1;2;-18,672046;-39,86659812;"SPRF-ES";"DEL04-ES";"UOP02-DEL04-ES"
764403;2026-04-11;"sábado";"17:20:00";"MA";230;404,7;"BALSAS";"Condutor desrespeitou a iluminação vermelha do semáforo";"Colisão transversal";"Com Vítimas Feridas";"Pleno dia";"Decrescente";"Céu Claro";"Dupla";"Retorno Regulamentado;Reta;Interseção de Vias;Rotatória";"Sim";2;0;1;1;0;0;2;2;-7,52203;-46,048223;"SPRF-MA";"DEL05-MA";"UOP01-DEL05-MA"
764404;2026-04-11;"sábado";"17:20:00";"GO";60;46;"APARECIDA DE GOIANIA";"Ausência de reação do condutor";"Colisão traseira";"Sem Vítimas";"Pleno dia";"Decrescente";"Sol";"Dupla";"Reta";"Não";2;0;0;0;2;0;0;2;-16,82618273;-49,24115717;"SPRF-GO";"DEL01-GO";"UOP03-DEL01-GO"
764405;2026-04-11;"sábado";"17:45:00";"SC";101;186;"BIGUACU";"Ausência de reação do condutor";"Saída de leito carroçável";"Com Vítimas Feridas";"Anoitecer";"Crescente";"Garoa/Chuvisco";"Dupla";"Curva";"Não";1;0;1;0;0;0;1;1;-27,43487954;-48,62603545;"SPRF-SC";"DEL01-SC";"UOP01-DEL01-SC"
764406;2026-04-11;"sábado";"18:06:00";"PE";101;72;"RECIFE";"Pedestre cruzava a pista fora da faixa";"Atropelamento de Pedestre";"Com Vítimas Feridas";"Plena Noite";"Crescente";"Céu Claro";"Dupla";"Curva";"Sim";2;0;0;1;1;0;1;2;-8,08721;-34,94673;"SPRF-PE";"DEL01-PE";"UOP01-DEL01-PE"
764407;2026-04-11;"sábado";"17:20:00";"SC";470;291,4;"CAMPOS NOVOS";"Acessar a via sem observar a presença dos outros veículos";"Colisão transversal";"Com Vítimas Feridas";"Pleno dia";"Decrescente";"Céu Claro";"Simples";"Aclive;Reta;Interseção de Vias";"Não";4;0;0;2;2;0;2;2;-27,33548957;-50,95995426;"SPRF-SC";"DEL07-SC";"UOP06-DEL07-SC"
764408;2026-04-11;"sábado";"15:30:00";"MT";70;529;"VARZEA GRANDE";"Ultrapassagem Indevida";"Colisão traseira";"Sem Vítimas";"Pleno dia";"Decrescente";"Céu Claro";"Simples";"Reta";"Não";5;0;0;0;5;0;0;2;-15,66682;-56,23596;"SPRF-MT";"DEL01-MT";"UOP02-DEL01-MT"
764410;2026-04-11;"sábado";"15:35:00";"MT";163;774;"SORRISO";"Reação tardia ou ineficiente do condutor";"Saída de leito carroçável";"Com Vítimas Feridas";"Pleno dia";"Crescente";"Sol";"Dupla";"Curva";"Não";1;0;1;0;0;0;1;1;-12,3966;-55,6203;"SPRF-MT";"DEL06-MT";"UOP02-DEL06-MT"
764413;2026-04-11;"sábado";"17:00:00";"SC";101;349,3;"JAGUARUNA";"Ausência de reação do condutor";"Saída de leito carroçável";"Com Vítimas Feridas";"Pleno dia";"Decrescente";"Céu Claro";"Dupla";"Reta;Declive";"Não";2;0;1;0;1;0;1;1;-28,59332922;-49,04519733;"SPRF-SC";"DEL02-SC";"UOP01-DEL02-SC"
764414;2026-04-11;"sábado";"14:50:00";"SC";101;100;"BALNEARIO PICARRAS";"Demais falhas mecânicas ou elétricas";"Tombamento";"Com Vítimas Feridas";"Pleno dia";"Decrescente";"Nublado";"Dupla";"Reta";"Sim";2;0;2;0;0;0;2;1;-26,7575471;-48,6894385;"SPRF-SC";"DEL03-SC";"UOP02-DEL03-SC"
764415;2026-04-11;"sábado";"18:40:00";"RN";226;128;"LAJES PINTADAS";"Animais na Pista";"Atropelamento de Animal";"Com Vítimas Feridas";"Plena Noite";"Decrescente";"Nublado";"Simples";"Reta;Declive";"Não";2;0;2;0;0;0;2;1;-6,188263;-36,138024;"SPRF-RN";"DEL03-RN";"UOP02-DEL03-RN"
764416;2026-04-11;"sábado";"16:40:00";"SC";101;71;"ARAQUARI";"Demais falhas mecânicas ou elétricas";"Tombamento";"Com Vítimas Feridas";"Pleno dia";"Crescente";"Nublado";"Dupla";"Reta";"Não";2;0;2;0;0;0;2;1;-26,51920731;-48,71845365;"SPRF-SC";"DEL03-SC";"UOP02-DEL03-SC"
764417;2026-04-11;"sábado";"18:50:00";"MG";40;668;"CARANDAI";"Ausência de reação do condutor";"Tombamento";"Com Vítimas Feridas";"Plena Noite";"Crescente";"Nublado";"Simples";"Reta";"Não";1;0;0;1;0;0;1;1;-20,95772259;-43,7911284;"SPRF-MG";"DEL05-MG";"UOP02-DEL05-MG"
764418;2026-04-11;"sábado";"18:00:00";"RJ";393;157;"TRES RIOS";"Chuva";"Capotamento";"Com Vítimas Feridas";"Anoitecer";"Decrescente";"Chuva";"Simples";"Declive;Curva";"Não";1;0;1;0;0;0;1;1;-22,10032062;-43,0939173;"SPRF-RJ";"DEL05-RJ";"UOP01-DEL05-RJ"
764419;2026-04-11;"sábado";"18:50:00";"MG";459;57,4;"SANTA RITA DE CALDAS";"Velocidade Incompatível";"Saída de leito carroçável";"Com Vítimas Feridas";"Plena Noite";"Decrescente";"Céu Claro";"Simples";"Reta";"Não";2;0;0;2;0;0;2;1;-22,080529;-46,240491;"SPRF-MG";"DEL09-MG";"UOP01-DEL09-MG"
764421;2026-04-11;"sábado";"17:50:00";"GO";452;8;"RIO VERDE";"Ingestão de álcool pelo condutor";"Tombamento";"Com Vítimas Feridas";"Anoitecer";"Crescente";"Céu Claro";"Simples";"Curva";"Não";1;0;1;0;0;0;1;1;-17,82786;-50,83045;"SPRF-GO";"DEL04-GO";"UOP01-DEL04-GO"
764422;2026-04-11;"sábado";"19:00:00";"PB";230;86;"GURINHEM";"Acessar a via sem observar a presença dos outros veículos";"Queda de ocupante de veículo";"Com Vítimas Feridas";"Plena Noite";"Crescente";"Céu Claro";"Dupla";"Reta";"Não";2;0;1;0;1;0;1;2;-7,169312;-35,37694;"SPRF-PB";"DEL01-PB";"UOP02-DEL01-PB"
764423;2026-04-11;"sábado";"19:20:00";"ES";101;66;"SAO MATEUS";"Ausência de reação do condutor";"Colisão traseira";"Com Vítimas Feridas";"Plena Noite";"Crescente";"Chuva";"Simples";"Aclive;Reta";"Não";3;0;1;0;1;1;1;3;-18,71450876;-39,87731187;"SPRF-ES";"DEL04-ES";"UOP02-DEL04-ES"
764425;2026-04-11;"sábado";"19:20:00";"ES";101;213;"IBIRACU";"Conversão proibida";"Colisão transversal";"Com Vítimas Feridas";"Plena Noite";"Crescente";"Chuva";"Simples";"Reta";"Sim";2;0;1;0;1;0;1;2;-19,82332;-40,36989;"SPRF-ES";"DEL02-ES";"UOP01-DEL02-ES"
764426;2026-04-11;"sábado";"19:30:00";"ES";101;407,9;"ITAPEMIRIM";"Ausência de reação do condutor";"Colisão traseira";"Com Vítimas Feridas";"Plena Noite";"Decrescente";"Nublado";"Simples";"Curva";"Não";2;0;0;1;1;0;1;2;-20,89;-41,038;"SPRF-ES";"DEL03-ES";"UOP02-DEL03-ES"
764427;2026-04-11;"sábado";"15:10:00";"MG";262;774,5;"UBERABA";"Reação tardia ou ineficiente do condutor";"Colisão com objeto";"Com Vítimas Fatais";"Pleno dia";"Decrescente";"Céu Claro";"Simples";"Reta;Ponte";"Não";1;1;0;0;0;0;0;1;-19,76147339;-47,79949665;"SPRF-MG";"DEL13-MG";"UOP01-DEL13-MG"
764428;2026-04-11;"sábado";"19:15:00";"RS";116;244;"SAO LEOPOLDO";"Manobra de mudança de faixa";"Colisão traseira";"Com Vítimas Feridas";"Plena Noite";"Crescente";"Céu Claro";"Dupla";"Reta";"Sim";6;0;3;0;1;2;3;4;-29,74200609;-51,15093754;"SPRF-RS";"DEL01-RS";"UOP02-DEL01-RS"
764429;2026-04-11;"sábado";"19:25:00";"SC";101;210;"SAO JOSE";"Ausência de reação do condutor";"Colisão traseira";"Com Vítimas Feridas";"Plena Noite";"Decrescente";"Nublado";"Múltipla";"Reta";"Sim";3;0;1;0;2;0;1;2;-27,61825276;-48,64694444;"SPRF-SC";"DEL01-SC";"UOP01-DEL01-SC"
764431;2026-04-11;"sábado";"19:26:00";"TO";230;111;"ARAGUATINS";"Objeto estático sobre o leito carroçável";"Colisão com objeto";"Com Vítimas Feridas";"Plena Noite";"Crescente";"Céu Claro";"Simples";"Aclive";"Não";5;0;2;0;3;0;2;2;-5,882789;-47,946498;"SPRF-TO";"DEL02-TO";"UOP03-DEL02-TO"
764433;2026-04-11;"sábado";"13:44:00";"PI";343;4;"TERESINA";"Reação tardia ou ineficiente do condutor";"Colisão lateral mesmo sentido";"Com Vítimas Feridas";"Pleno dia";"Crescente";"Céu Claro";"Dupla";"Reta;Interseção de Vias";"Sim";1;0;1;0;0;0;1;1;-5,08028006;-42,78976232;"SPRF-PI";"DEL01-PI";"UOP01-DEL01-PI"
764434;2026-04-11;"sábado";"19:48:00";"PB";230;24,7;"JOAO PESSOA";"Acessar a via sem observar a presença dos outros veículos";"Colisão lateral mesmo sentido";"Com Vítimas Feridas";"Plena Noite";"Decrescente";"Nublado";"Dupla";"Em Obras;Viaduto;Reta;Interseção de Vias";"Sim";3;0;0;2;1;0;2;2;-7,170902;-34,868662;"SPRF-PB";"DEL01-PB";"UOP01-DEL01-PB"
764435;2026-04-11;"sábado";"19:20:00";"SP";153;188;"LINS";"Ingestão de álcool pelo condutor";"Tombamento";"Com Vítimas Feridas";"Plena Noite";"Decrescente";"Céu Claro";"Simples";"Reta";"Não";1;0;0;1;0;0;1;1;-21,73994049;-49,85112488;"SPRF-SP";"DEL07-SP";"UOP01-DEL07-SP"
764436;2026-04-11;"sábado";"18:10:00";"PR";376;327;"ORTIGUEIRA";"Ingestão de álcool pelo condutor";"Colisão com objeto";"Com Vítimas Feridas";"Anoitecer";"Crescente";"Céu Claro";"Dupla";"Reta";"Não";1;0;1;0;0;0;1;1;-24,091624;-51,047703;"SPRF-PR";"DEL07-PR";"UOP02-DEL07-PR"
764440;2026-04-11;"sábado";"19:00:00";"MG";381;796;"SAO GONCALO DO SAPUCAI";"Reação tardia ou ineficiente do condutor";"Saída de leito carroçável";"Com Vítimas Feridas";"Pleno dia";"Decrescente";"Céu Claro";"Dupla";"Reta";"Não";4;0;2;2;0;0;4;1;-21,91481603;-45,57990325;"SPRF-MG";"DEL16-MG";"UOP02-DEL16-MG"
764441;2026-04-11;"sábado";"18:30:00";"PI";343;132,1;"PIRACURUCA";"Transitar na contramão";"Colisão frontal";"Com Vítimas Fatais";"Anoitecer";"Crescente";"Céu Claro";"Simples";"Reta";"Não";3;1;1;0;1;0;1;2;-3,86800116;-41,70292139;"SPRF-PI";"DEL02-PI";"UOP01-DEL02-PI"
764442;2026-04-11;"sábado";"17:45:00";"SC";282;676,5;"PARAISO";"Reação tardia ou ineficiente do condutor";"Saída de leito carroçável";"Com Vítimas Feridas";"Pleno dia";"Decrescente";"Nublado";"Simples";"Curva";"Não";1;0;0;1;0;0;1;1;-26,61366118;-53,69702518;"SPRF-SC";"DEL07-SC";"UOP03-DEL07-SC"
764443;2026-04-11;"sábado";"19:08:00";"RJ";101;267;"RIO BONITO";"Ausência de reação do condutor";"Queda de ocupante de veículo";"Com Vítimas Feridas";"Plena Noite";"Decrescente";"Céu Claro";"Dupla";"Reta";"Não";1;0;0;1;0;0;1;1;-22,70889766;-42,663517;"SPRF-RJ";"DEL02-RJ";"UOP03-DEL02-RJ"
764446;2026-04-11;"sábado";"20:20:00";"BA";116;811;"VITORIA DA CONQUISTA";"Acessar a via sem observar a presença dos outros veículos";"Colisão transversal";"Com Vítimas Feridas";"Plena Noite";"Crescente";"Nublado";"Simples";"Reta";"Não";3;0;1;0;2;0;1;2;-14,793757;-40,76142;"SPRF-BA";"DEL08-BA";"UOP01-DEL08-BA"
764447;2026-04-11;"sábado";"17:40:00";"PR";376;213;"MANDAGUARI";"Ausência de reação do condutor";"Saída de leito carroçável";"Com Vítimas Feridas";"Pleno dia";"Crescente";"Céu Claro";"Dupla";"Aclive;Reta";"Não";1;0;1;0;0;0;1;1;-23,535651;-51,709933;"SPRF-PR";"DEL09-PR";"UOP01-DEL09-PR"
764449;2026-04-11;"sábado";"21:05:00";"CE";116;32;"HORIZONTE";"Acessar a via sem observar a presença dos outros veículos";"Colisão transversal";"Com Vítimas Feridas";"Plena Noite";"Decrescente";"Céu Claro";"Dupla";"Reta";"Não";3;0;2;1;0;0;3;2;-4,11553038;-38,48915119;"SPRF-CE";"DEL01-CE";"UOP02-DEL01-CE"
764450;2026-04-11;"sábado";"17:00:00";"RJ";40;38;"AREAL";"Pista Escorregadia";"Saída de leito carroçável";"Com Vítimas Feridas";"Pleno dia";"Decrescente";"Chuva";"Dupla";"Curva";"Não";3;0;3;0;0;0;3;1;-22,2294411;-43,11923504;"SPRF-RJ";"DEL05-RJ";"UOP02-DEL05-RJ"
764452;2026-04-11;"sábado";"21:10:00";"PE";101;71;"RECIFE";"Ausência de reação do condutor";"Tombamento";"Com Vítimas Feridas";"Plena Noite";"Decrescente";"Nublado";"Dupla";"Reta";"Sim";2;0;2;0;0;0;2;1;-8,078255;-34,94294;"SPRF-PE";"DEL01-PE";"UOP01-DEL01-PE"
764453;2026-04-11;"sábado";"20:30:00";"SC";470;58;"BLUMENAU";"Ingestão de álcool pelo condutor";"Colisão transversal";"Com Vítimas Feridas";"Plena Noite";"Decrescente";"Garoa/Chuvisco";"Simples";"Reta";"Sim";3;0;0;1;1;1;1;3;-26,8811812;-49,1648825;"SPRF-SC";"DEL04-SC";"UOP01-DEL04-SC"
764454;2026-04-11;"sábado";"17:00:00";"RJ";40;85;"PETROPOLIS";"Pista Escorregadia";"Saída de leito carroçável";"Sem Vítimas";"Anoitecer";"Decrescente";"Céu Claro";"Dupla";"Curva;Aclive";"Não";2;0;0;0;2;0;0;1;-22,56329324;-43,22845459;"SPRF-RJ";"DEL01-RJ";"UOP01-DEL01-RJ"
764455;2026-04-11;"sábado";"17:34:00";"MT";364;265;"SAO PEDRO DA CIPA";"Acessar a via sem observar a presença dos outros veículos";"Colisão transversal";"Com Vítimas Feridas";"Plena Noite";"Decrescente";"Céu Claro";"Dupla";"Reta;Retorno Regulamentado";"Não";2;0;1;0;0;1;1;2;-16,00393;-54,915913;"SPRF-MT";"DEL02-MT";"UOP01-DEL02-MT"
764456;2026-04-11;"sábado";"20:04:00";"RR";401;26;"CANTA";"Conversão proibida";"Saída de leito carroçável";"Com Vítimas Feridas";"Plena Noite";"Decrescente";"Céu Claro";"Simples";"Reta";"Não";10;0;5;0;5;0;5;1;2,82670315;-60,59225961;"SPRF-RR";"DEL01-RR";"UOP01-DEL01-RR"
764457;2026-04-11;"sábado";"16:30:00";"PI";230;296,2;"FLORIANO";"Ausência de reação do condutor";"Saída de leito carroçável";"Com Vítimas Fatais";"Pleno dia";"Crescente";"Céu Claro";"Simples";"Reta";"Não";1;1;0;0;0;0;0;1;-6,827643;-42,915733;"SPRF-PI";"DEL03-PI";"UOP01-DEL03-PI"
764459;2026-04-11;"sábado";"19:30:00";"BA";330;788,9;"JEQUIE";"Velocidade Incompatível";"Colisão lateral sentido oposto";"Sem Vítimas";"Plena Noite";"Decrescente";"Nublado";"Simples";"Aclive;Curva";"Não";4;0;0;0;4;0;0;3;-13,871479;-40,0499272;"SPRF-BA";"DEL03-BA";"UOP01-DEL03-BA"
764460;2026-04-11;"sábado";"20:55:00";"GO";60;191;"GUAPO";"Ausência de reação do condutor";"Saída de leito carroçável";"Com Vítimas Feridas";"Plena Noite";"Decrescente";"Ignorado";"Dupla";"Declive;Reta";"Não";1;0;1;0;0;0;1;1;-16,847701;-49,557473;"SPRF-GO";"DEL01-GO";"UOP02-DEL01-GO"
764461;2026-04-11;"sábado";"19:30:00";"PI";235;418;"SANTA FILOMENA";"Pista esburacada";"Tombamento";"Com Vítimas Feridas";"Plena Noite";"Crescente";"Céu Claro";"Simples";"Reta";"Não";1;0;1;0;0;0;1;1;-9,211833;-45,774937;"SPRF-PI";"DEL03-PI";"UOP02-DEL03-PI"
764462;2026-04-11;"sábado";"21:55:00";"BA";324;514;"FEIRA DE SANTANA";"Transitar na contramão";"Colisão transversal";"Com Vítimas Feridas";"Plena Noite";"Crescente";"Céu Claro";"Simples";"Reta";"Sim";3;0;2;0;1;0;2;2;-12,233843;-38,946347;"SPRF-BA";"DEL02-BA";"UOP01-DEL02-BA"
764463;2026-04-11;"sábado";"21:44:00";"RN";101;78,4;"SAO GONCALO DO AMARANTE";"Ausência de reação do condutor";"Saída de leito carroçável";"Com Vítimas Feridas";"Plena Noite";"Crescente";"Chuva";"Dupla";"Rotatória";"Sim";4;0;3;0;1;0;3;1;-5,745456;-35,28986;"SPRF-RN";"DEL02-RN";"UOP01-DEL02-RN"
764464;2026-04-11;"sábado";"20:00:00";"PR";369;143;"LONDRINA";"Demais falhas mecânicas ou elétricas";"Incêndio";"Sem Vítimas";"Plena Noite";"Crescente";"Céu Claro";"Dupla";"Reta;Declive";"Não";1;0;0;0;1;0;0;1;-23,292765;-51,095642;"SPRF-PR";"DEL07-PR";"UOP01-DEL07-PR"
764465;2026-04-11;"sábado";"21:35:00";"PR";277;69;"SAO JOSE DOS PINHAIS";"Reação tardia ou ineficiente do condutor";"Saída de leito carroçável";"Sem Vítimas";"Plena Noite";"Crescente";"Nublado";"Simples";"Reta";"Sim";1;0;0;0;1;0;0;1;-25,51558011;-49,11942814;"SPRF-PR";"DEL01-PR";"UOP01-DEL01-PR"
764466;2026-04-11;"sábado";"22:06:00";"RN";226;81,3;"TANGARA";"Transitar na contramão";"Colisão frontal";"Com Vítimas Fatais";"Plena Noite";"Decrescente";"Céu Claro";"Simples";"Curva";"Sim";3;2;1;0;0;0;1;2;-6,1892803;-35,7864107;"SPRF-RN";"DEL01-RN";"UOP02-DEL01-RN"
764468;2026-04-11;"sábado";"21:05:00";"PI";343;11;"PARNAIBA";"Ingestão de substâncias psicoativas pelo condutor";"Colisão com objeto";"Sem Vítimas";"Plena Noite";"Decrescente";"Céu Claro";"Dupla";"Curva";"Não";1;0;0;0;0;1;0;1;-2,903626;-41,753123;"SPRF-PI";"DEL05-PI";"UOP01-DEL05-PI"
764469;2026-04-11;"sábado";"21:00:00";"RJ";116;261;"PIRAI";"Reação tardia ou ineficiente do condutor";"Tombamento";"Com Vítimas Feridas";"Plena Noite";"Decrescente";"Céu Claro";"Dupla";"Reta;Declive";"Não";2;0;0;1;1;0;1;1;-22,58727577;-44,05842221;"SPRF-RJ";"DEL07-RJ";"UOP02-DEL07-RJ"
764470;2026-04-11;"sábado";"21:50:00";"SP";116;282;"EMBU DAS ARTES";"Ausência de reação do condutor";"Queda de ocupante de veículo";"Com Vítimas Feridas";"Plena Noite";"Decrescente";"Céu Claro";"Simples";"Curva;Retorno Regulamentado;Declive";"Sim";1;0;1;0;0;0;1;1;-23,6599972;-46,8508472;"SPRF-SP";"DEL04-SP";"UOP01-DEL04-SP"
764471;2026-04-11;"sábado";"23:04:00";"GO";60;206;"GUAPO";"Animais na Pista";"Atropelamento de Animal";"Com Vítimas Fatais";"Plena Noite";"Decrescente";"Céu Claro";"Dupla";"Reta";"Sim";1;1;0;0;0;0;0;1;-16,83378971;-49,54044342;"SPRF-GO";"DEL01-GO";"UOP02-DEL01-GO"
764472;2026-04-11;"sábado";"22:15:00";"GO";153;513;"APARECIDA DE GOIANIA";"Ingestão de álcool pelo condutor";"Colisão traseira";"Sem Vítimas";"Plena Noite";"Decrescente";"Céu Claro";"Dupla";"Interseção de Vias";"Sim";2;0;0;0;2;0;0;2;-16,818267;-49,240153;"SPRF-GO";"DEL01-GO";"UOP03-DEL01-GO"
764473;2026-04-11;"sábado";"21:15:00";"PR";116;5,5;"QUATRO BARRAS";"Acessar a via sem observar a presença dos outros veículos";"Colisão traseira";"Com Vítimas Feridas";"Plena Noite";"Crescente";"Nublado";"Dupla";"Reta;Interseção de Vias";"Sim";6;0;1;0;5;0;1;3;-25,365503;-49,091052;"SPRF-PR";"DEL01-PR";"UOP02-DEL01-PR"
764474;2026-04-11;"sábado";"20:00:00";"MA";10;253;"IMPERATRIZ";"Condutor deixou de manter distância do veículo da frente";"Colisão traseira";"Sem Vítimas";"Plena Noite";"Decrescente";"Céu Claro";"Simples";"Reta";"Sim";3;0;0;0;3;0;0;2;-5,52647;-47,47183;"SPRF-MA";"DEL04-MA";"UOP01-DEL04-MA"
764476;2026-04-11;"sábado";"21:00:00";"PE";232;59;"POMBOS";"Ingestão de álcool pelo condutor";"Saída de leito carroçável";"Com Vítimas Feridas";"Plena Noite";"Decrescente";"Céu Claro";"Dupla";"Declive";"Sim";1;0;1;0;0;0;1;1;-8,147281;-35,399084;"SPRF-PE";"DEL02-PE";"UOP02-DEL02PE"
764477;2026-04-11;"sábado";"19:40:00";"PE";316;87;"OURICURI";"Transitar na contramão";"Colisão frontal";"Com Vítimas Fatais";"Pleno dia";"Decrescente";"Céu Claro";"Simples";"Reta";"Não";3;2;0;1;0;0;1;2;-7,8784237;-40,0780319;"SPRF-PE";"DEL05-PE";"UOP02-DEL05-PE"
764480;2026-04-11;"sábado";"23:00:00";"PR";277;261,2;"IRATI";"Acessar a via sem observar a presença dos outros veículos";"Colisão transversal";"Com Vítimas Feridas";"Plena Noite";"Crescente";"Céu Claro";"Simples";"Aclive;Curva";"Não";3;0;3;0;0;0;3;2;-25,419287;-50,761382;"SPRF-PR";"DEL08-PR";"UOP02-DEL08-PR"
764481;2026-04-11;"sábado";"23:00:00";"DF";20;36,4;"BRASILIA";"Ingestão de álcool pelo condutor";"Colisão traseira";"Sem Vítimas";"Plena Noite";"Crescente";"Céu Claro";"Dupla";"Reta";"Não";2;0;0;0;2;0;0;2;-15,581743;-47,545612;"SPRF-DF";"DEL02-DF";"UOP01-DEL02-DF"
764482;2026-04-11;"sábado";"12:05:00";"RO";364;295;"JI-PARANA";"Chuva";"Saída de leito carroçável";"Com Vítimas Feridas";"Pleno dia";"Crescente";"Chuva";"Simples";"Reta";"Não";2;0;1;1;0;0;2;1;-10,82686979;-62,01389431;"SPRF-RO";"DEL02-RO";"UOP01-DEL02-RO"
764483;2026-04-12;"domingo";"23:00:00";"GO";153;504;"APARECIDA DE GOIANIA";"Reação tardia ou ineficiente do condutor";"Queda de ocupante de veículo";"Com Vítimas Feridas";"Plena Noite";"Crescente";"Céu Claro";"Dupla";"Reta";"Sim";1;0;1;0;0;0;1;1;-16,74310803;-49,24119057;"SPRF-GO";"DEL01-GO";"UOP01-DEL01-GO"
764484;2026-04-11;"sábado";"21:30:00";"MG";146;466;"BOTELHOS";"Ingestão de álcool pelo condutor";"Colisão frontal";"Com Vítimas Feridas";"Plena Noite";"Crescente";"Céu Claro";"Simples";"Curva";"Não";3;0;1;0;2;0;1;2;-21,689764;-46,425828;"SPRF-MG";"DEL09-MG";"UOP01-DEL09-MG"
764486;2026-04-11;"sábado";"23:00:00";"RS";285;488,5;"ENTRE-IJUIS";"Chuva";"Saída de leito carroçável";"Com Vítimas Feridas";"Plena Noite";"Crescente";"Chuva";"Simples";"Reta";"Não";2;0;2;0;0;0;2;1;-28,375074;-54,18632;"SPRF-RS";"DEL10-RS";"UOP01-DEL10-RS"
764487;2026-04-11;"sábado";"21:50:00";"PA";230;130;"MARABA";"Deficiência do Sistema de Iluminação/Sinalização";"Colisão traseira";"Com Vítimas Feridas";"Plena Noite";"Decrescente";"Céu Claro";"Simples";"Declive;Reta";"Não";4;0;2;0;2;0;2;2;-5,364602;-49,200081;"SPRF-PA";"DEL03-PA";"UOP01-DEL03-PA"
764488;2026-04-11;"sábado";"23:40:00";"MG";262;386,4;"FLORESTAL";"Ingestão de álcool pelo condutor";"Saída de leito carroçável";"Com Vítimas Fatais";"Plena Noite";"Crescente";"Céu Claro";"Dupla";"Reta;Declive";"Não";2;1;0;1;0;0;1;1;-19,903;-44,5208;"SPRF-MG";"DEL01-MG";"UOP03-DEL01-MG"
764489;2026-04-11;"sábado";"22:50:00";"PR";277;725,8;"FOZ DO IGUACU";"Acessar a via sem observar a presença dos outros veículos";"Colisão transversal";"Com Vítimas Feridas";"Plena Noite";"Crescente";"Nublado";"Dupla";"Reta";"Sim";3;0;0;1;2;0;1;2;-25,50340429;-54,54025269;"SPRF-PR";"DEL05-PR";"UOP03-DEL05-PR"
764490;2026-04-12;"domingo";"00:20:00";"MG";381;510,9;"IGARAPE";"Ausência de reação do condutor";"Colisão lateral mesmo sentido";"Sem Vítimas";"Plena Noite";"Crescente";"Céu Claro";"Dupla";"Aclive;Reta";"Sim";3;0;0;0;1;2;0;2;-20,0607527;-44,291485;"SPRF-MG";"DEL01-MG";"UOP03-DEL01-MG"
764491;2026-04-11;"sábado";"22:50:00";"GO";40;15,7;"LUZIANIA";"Velocidade Incompatível";"Colisão traseira";"Com Vítimas Feridas";"Plena Noite";"Decrescente";"Céu Claro";"Dupla";"Reta";"Sim";3;0;2;0;1;0;2;2;-16,17858;-47,928918;"SPRF-DF";"DEL01-DF";"UOP01-DEL01-DF"
764492;2026-04-12;"domingo";"00:20:00";"ES";101;239,2;"FUNDAO";"Chuva";"Capotamento";"Sem Vítimas";"Plena Noite";"Crescente";"Chuva";"Simples";"Reta";"Não";1;0;0;0;0;1;0;1;-20,00975384;-40,40692449;"SPRF-ES";"DEL02-ES";"UOP01-DEL02-ES"
764494;2026-04-12;"domingo";"00:01:00";"MG";381;511;"IGARAPE";"Velocidade Incompatível";"Colisão com objeto";"Sem Vítimas";"Plena Noite";"Crescente";"Céu Claro";"Dupla";"Reta";"Sim";1;0;0;0;1;0;0;1;-20,06367;-44,29427;"SPRF-MG";"DEL01-MG";"UOP03-DEL01-MG"
764495;2026-04-11;"sábado";"22:00:00";"MG";116;474,2;"TARUMIRIM";"Condutor Dormindo";"Saída de leito carroçável";"Com Vítimas Feridas";"Plena Noite";"Decrescente";"Céu Claro";"Simples";"Reta;Ponte";"Não";4;0;4;0;0;0;4;1;-19,3520485;-42,0903088;"SPRF-MG";"DEL06-MG";"UOP02-DEL06-MG"
764496;2026-04-12;"domingo";"00:23:00";"SC";101;129,9;"CAMBORIU";"Ultrapassagem Indevida";"Colisão lateral mesmo sentido";"Sem Vítimas";"Plena Noite";"Crescente";"Chuva";"Dupla";"Reta";"Não";2;0;0;0;2;0;0;2;-26,983403;-48,671632;"SPRF-SC";"DEL04-SC";"UOP03-DEL04-SC"