"id";"data_inversa";"dia_semana";"horario";"uf";"br";"km";"municipio";"causa_acidente";"tipo_acidente";"classificacao_acidente";"fase_dia";"sentido_via";"condicao_metereologica";"tipo_pista";"tracado_via";"uso_solo";"pessoas";"mortos";"feridos_leves";"feridos_graves";"ilesos";"ignorados";"feridos";"veiculos";"latitude";"longitude";"regional";"delegacia";"uop"
765056;2026-04-14;"terça-feira";"17:40:00";"SP";381;85;"SAO PAULO";"Demais falhas mecânicas ou elétricas";"Colisão com objeto";"Com Vítimas Feridas";"Pleno dia";"Crescente";"Céu Claro";"Simples";"Reta;Declive";"Sim";2;0;1;0;1;0;1;2;-23,464082;-46,571533;"SPRF-SP";"DEL03-SP";"UOP01-DEL03-SP"
765058;2026-04-14;"terça-feira";"17:30:00";"PR";277;80;"CURITIBA";"Trafegar com motocicleta (ou similar) entre as faixas";"Colisão traseira";"Com Vítimas Feridas";"Pleno dia";"Crescente";"Céu Claro";"Dupla";"Reta";"Sim";3;0;0;1;2;0;1;2;-25,467128;-49,214858;"SPRF-PR";"DEL01-PR";"UOP08-DEL01-PR"
765060;2026-04-14;"terça-feira";"17:30:00";"SC";101;113;"ITAJAI";"Manobra de mudança de faixa";"Colisão lateral mesmo sentido";"Com Vítimas Feridas";"Pleno dia";"Decrescente";"Nublado";"Dupla";"Reta";"Sim";3;0;2;0;1;0;2;2;-26,856172;-48,727026;"SPRF-SC";"DEL04-SC";"UOP04-DEL04-SC"
765061;2026-04-14;"terça-feira";"18:00:00";"RJ";116;188;"NOVA IGUACU";"Ultrapassagem Indevida";"Colisão traseira";"Com Vítimas Feridas";"Anoitecer";"Decrescente";"Céu Claro";"Dupla";"Reta";"Sim";2;0;1;0;1;0;1;2;-22,73801003;-43,48705642;"SPRF-RJ";"DEL06-RJ";"UOP01-DEL06-RJ"
765062;2026-04-14;"terça-feira";"15:00:00";"BA";116;220;"EUCLIDES DA CUNHA";"Condutor deixou de manter distância do veículo da frente";"Colisão traseira";"Com Vítimas Feridas";"Pleno dia";"Decrescente";"Nublado";"Simples";"Reta";"Não";2;0;1;0;1;0;1;2;-10,536;-38,998;"SPRF-BA";"DEL07-BA";"UOP03-DEL07-BA"
765063;2026-03-31;"terça-feira";"10:30:00";"RJ";116;174;"SAO JOAO DE MERITI";"Acessar a via sem observar a presença dos outros veículos";"Colisão lateral mesmo sentido";"Com Vítimas Feridas";"Pleno dia";"Crescente";"Céu Claro";"Dupla";"Reta";"Não";2;0;1;0;1;0;1;2;-22,79488;-43,36289;"SPRF-RJ";"DEL06-RJ";"UOP01-DEL06-RJ"
765066;2026-04-14;"terça-feira";"18:15:00";"RS";153;27,6;"TRES ARROIOS";"Acessar a via sem observar a presença dos outros veículos";"Colisão transversal";"Sem Vítimas";"Anoitecer";"Decrescente";"Céu Claro";"Simples";"Curva";"Não";2;0;0;0;2;0;0;2;-27,51125635;-52,14345266;"SPRF-RS";"DEL08-RS";"UOP04-DEL08-RS"
765068;2026-04-14;"terça-feira";"17:30:00";"MG";365;625,2;"UBERLANDIA";"Condutor deixou de manter distância do veículo da frente";"Colisão traseira";"Com Vítimas Feridas";"Anoitecer";"Crescente";"Céu Claro";"Dupla";"Retorno Regulamentado";"Sim";2;0;1;0;1;0;1;2;-18,91006892;-48,30337493;"SPRF-MG";"DEL15-MG";"UOP01-DEL15-MG"
765069;2026-04-14;"terça-feira";"18:36:00";"RN";304;296,6;"MACAIBA";"Transitar na contramão";"Colisão frontal";"Com Vítimas Feridas";"Plena Noite";"Crescente";"Céu Claro";"Simples";"Reta";"Sim";2;0;0;1;1;0;1;2;-5,8649;-35,349537;"SPRF-RN";"DEL01-RN";"UOP02-DEL01-RN"
765073;2026-04-14;"terça-feira";"18:15:00";"SP";116;144,5;"SAO JOSE DOS CAMPOS";"Ausência de reação do condutor";"Colisão traseira";"Com Vítimas Feridas";"Plena Noite";"Decrescente";"Céu Claro";"Dupla";"Reta";"Sim";2;0;1;0;1;0;1;2;-23,184119;-45,849187;"SPRF-SP";"DEL02-SP";"UOP01-DEL02-SP"
765074;2026-04-14;"terça-feira";"18:40:00";"MG";381;498;"BETIM";"Ausência de reação do condutor";"Tombamento";"Com Vítimas Feridas";"Plena Noite";"Decrescente";"Céu Claro";"Dupla";"Reta;Viaduto";"Sim";1;0;1;0;0;0;1;1;-19,99623279;-44,20884542;"SPRF-MG";"DEL01-MG";"UOP03-DEL01-MG"
765075;2026-04-14;"terça-feira";"18:40:00";"MG";381;481;"BETIM";"Ausência de reação do condutor";"Colisão traseira";"Com Vítimas Feridas";"Plena Noite";"Crescente";"Céu Claro";"Dupla";"Reta";"Sim";2;0;1;0;0;1;1;2;-19,9588526;-44,07163952;"SPRF-MG";"DEL01-MG";"UOP03-DEL01-MG"
765076;2026-04-14;"terça-feira";"18:50:00";"ES";101;62;"SAO MATEUS";"Ausência de reação do condutor";"Tombamento";"Com Vítimas Feridas";"Plena Noite";"Crescente";"Céu Claro";"Simples";"Curva;Declive";"Não";1;0;1;0;0;0;1;1;-18,6947;-39,8643;"SPRF-ES";"DEL04-ES";"UOP02-DEL04-ES"
765078;2026-04-14;"terça-feira";"19:05:00";"SP";116;202;"ARUJA";"Acessar a via sem observar a presença dos outros veículos";"Atropelamento de Pedestre";"Com Vítimas Feridas";"Pleno dia";"Crescente";"Céu Claro";"Dupla";"Reta";"Sim";3;0;1;0;2;0;1;2;-23,4077815;-46,3382114;"SPRF-SP";"DEL01-SP";"UOP01-DEL01-SP"
765079;2026-04-14;"terça-feira";"18:30:00";"PE";101;77;"RECIFE";"Condutor deixou de manter distância do veículo da frente";"Colisão traseira";"Com Vítimas Feridas";"Plena Noite";"Crescente";"Chuva";"Dupla";"Reta";"Sim";2;0;1;0;1;0;1;2;-8,131007;-34,945223;"SPRF-PE";"DEL01-PE";"UOP01-DEL01-PE"
765081;2026-04-14;"terça-feira";"19:00:00";"SP";116;217;"GUARULHOS";"Trafegar com motocicleta (ou similar) entre as faixas";"Tombamento";"Com Vítimas Feridas";"Anoitecer";"Decrescente";"Céu Claro";"Múltipla";"Reta";"Sim";1;0;0;1;0;0;1;1;-23,455721;-46,475021;"SPRF-SP";"DEL01-SP";"UOP01-DEL01-SP"
765082;2026-04-14;"terça-feira";"18:02:00";"SC";280;43;"GUARAMIRIM";"Ausência de reação do condutor";"Saída de leito carroçável";"Com Vítimas Feridas";"Anoitecer";"Crescente";"Céu Claro";"Simples";"Reta;Em Obras";"Sim";2;0;1;1;0;0;2;1;-26,450782;-48,87772;"SPRF-SC";"DEL03-SC";"UOP03-DEL03-SC"
765084;2026-04-14;"terça-feira";"20:00:00";"SC";101;127;"ITAJAI";"Demais falhas mecânicas ou elétricas";"Queda de ocupante de veículo";"Com Vítimas Feridas";"Plena Noite";"Decrescente";"Nublado";"Dupla";"Reta";"Não";1;0;1;0;0;0;1;1;-26,9651422;-48,68342763;"SPRF-SC";"DEL04-SC";"UOP04-DEL04-SC"
765085;2026-04-14;"terça-feira";"15:00:00";"SP";101;12;"UBATUBA";"Velocidade Incompatível";"Colisão traseira";"Com Vítimas Feridas";"Pleno dia";"Decrescente";"Céu Claro";"Simples";"Curva";"Não";3;0;0;1;1;1;1;3;-23,35248496;-44,85391114;"SPRF-SP";"DEL06-SP";"UOP01-DEL06-SP"
765089;2026-04-14;"terça-feira";"18:25:00";"RO";364;342,6;"JI-PARANA";"Condutor deixou de manter distância do veículo da frente";"Colisão lateral mesmo sentido";"Sem Vítimas";"Plena Noite";"Crescente";"Céu Claro";"Dupla";"Reta";"Sim";2;0;0;0;2;0;0;2;-10,8797354;-61,9435876;"SPRF-RO";"DEL02-RO";"UOP01-DEL02-RO"
765092;2026-04-14;"terça-feira";"20:50:00";"PI";343;2,7;"TERESINA";"Manobra de mudança de faixa";"Colisão lateral mesmo sentido";"Com Vítimas Feridas";"Plena Noite";"Decrescente";"Céu Claro";"Dupla";"Reta";"Sim";2;0;1;0;1;0;1;2;-5,081542;-42,773968;"SPRF-PI";"DEL01-PI";"UOP01-DEL01-PI"
765093;2026-04-14;"terça-feira";"19:15:00";"ES";393;33;"MUQUI";"Demais falhas na via";"Queda de ocupante de veículo";"Com Vítimas Feridas";"Plena Noite";"Crescente";"Céu Claro";"Simples";"Reta";"Não";1;0;1;0;0;0;1;1;-20,94657095;-41,37476921;"SPRF-ES";"DEL03-ES";"UOP02-DEL03-ES"
765095;2026-04-14;"terça-feira";"21:30:00";"BA";324;512;"FEIRA DE SANTANA";"Pista Escorregadia";"Tombamento";"Com Vítimas Feridas";"Plena Noite";"Decrescente";"Nublado";"Dupla";"Reta";"Sim";1;0;1;0;0;0;1;1;-12,23110814;-38,9609561;"SPRF-BA";"DEL02-BA";"UOP01-DEL02-BA"
765097;2026-04-14;"terça-feira";"21:25:00";"PR";163;26,6;"SANTO ANTONIO DO SUDOESTE";"Condutor Dormindo";"Colisão traseira";"Com Vítimas Feridas";"Plena Noite";"Crescente";"Céu Claro";"Simples";"Curva";"Não";2;0;1;0;1;0;1;2;-26,119528;-53,679205;"SPRF-PR";"DEL02-PR";"UOP02-DEL02-PR"
765099;2026-04-14;"terça-feira";"20:48:00";"RN";110;127;"CAMPO GRANDE";"Pedestre cruzava a pista fora da faixa";"Atropelamento de Pedestre";"Com Vítimas Feridas";"Plena Noite";"Crescente";"Céu Claro";"Dupla";"Reta";"Sim";2;0;1;1;0;0;2;2;-5,86132;-37,31145;"SPRF-RN";"DEL04-RN";"UOP01-DEL04-RN"
765102;2026-04-14;"terça-feira";"21:40:00";"RJ";101;312;"SAO GONCALO";"Avarias e/ou desgaste excessivo no pneu";"Queda de ocupante de veículo";"Com Vítimas Feridas";"Plena Noite";"Decrescente";"Céu Claro";"Dupla";"Reta";"Sim";2;0;2;0;0;0;2;1;-22,80714358;-43,06419468;"SPRF-RJ";"DEL02-RJ";"UOP02-DEL02-RJ"
765104;2026-04-14;"terça-feira";"18:20:00";"RJ";101;408,7;"ITAGUAI";"Ausência de reação do condutor";"Colisão traseira";"Com Vítimas Feridas";"Plena Noite";"Decrescente";"Céu Claro";"Dupla";"Reta";"Sim";2;0;1;0;1;0;1;2;-22,88605441;-43,834289;"SPRF-RJ";"DEL03-RJ";"UOP01-DEL03-RJ"
765106;2026-04-14;"terça-feira";"21:05:00";"RJ";116;111;"GUAPIMIRIM";"Reação tardia ou ineficiente do condutor";"Queda de ocupante de veículo";"Com Vítimas Feridas";"Plena Noite";"Decrescente";"Céu Claro";"Dupla";"Reta";"Não";1;0;1;0;0;0;1;1;-22,56250063;-42,99757004;"SPRF-RJ";"DEL04-RJ";"UOP02-DEL04-RJ"
765107;2026-04-14;"terça-feira";"19:01:00";"ES";393;29;"MUQUI";"Sinalização mal posicionada";"Colisão com objeto";"Com Vítimas Feridas";"Plena Noite";"Crescente";"Céu Claro";"Simples";"Reta";"Não";1;0;1;0;0;0;1;1;-20,94626034;-41,33704126;"SPRF-ES";"DEL03-ES";"UOP02-DEL03-ES"
765108;2026-04-14;"terça-feira";"09:00:00";"BA";324;616;"SALVADOR";"Manobra de mudança de faixa";"Colisão lateral mesmo sentido";"Com Vítimas Feridas";"Pleno dia";"Decrescente";"Garoa/Chuvisco";"Múltipla";"Reta";"Não";2;0;1;0;1;0;1;2;-12,887064;-38,43949;"SPRF-BA";"DEL01-BA";"UOP01-DEL01-BA"
765109;2026-04-14;"terça-feira";"18:50:00";"MG";116;424;"ALPERCATA";"Ausência de reação do condutor";"Colisão traseira";"Com Vítimas Feridas";"Plena Noite";"Decrescente";"Ignorado";"Simples";"Reta";"Não";3;0;2;0;0;1;2;2;-18,960194;-41,96994;"SPRF-MG";"DEL06-MG";"UOP01-DEL06-MG"
765113;2026-04-14;"terça-feira";"19:45:00";"RJ";40;108;"DUQUE DE CAXIAS";"Ausência de reação do condutor";"Colisão traseira";"Sem Vítimas";"Plena Noite";"Crescente";"Céu Claro";"Dupla";"Reta";"Sim";2;0;0;0;2;0;0;2;-22,67046177;-43,28578949;"SPRF-RJ";"DEL01-RJ";"UOP02-DEL01-RJ"
765118;2026-04-14;"terça-feira";"18:12:00";"PI";343;591,3;"FLORIANO";"Acessar a via sem observar a presença dos outros veículos";"Atropelamento de Pedestre";"Com Vítimas Feridas";"Plena Noite";"Crescente";"Céu Claro";"Dupla";"Reta;Declive";"Sim";2;0;0;2;0;0;2;2;-6,7816699;-43,02255169;"SPRF-PI";"DEL03-PI";"UOP01-DEL03-PI"
765120;2026-04-14;"terça-feira";"23:00:00";"PB";101;119,5;"CAAPORA";"Acumulo de água sobre o pavimento";"Saída de leito carroçável";"Sem Vítimas";"Plena Noite";"Decrescente";"Nublado";"Simples";"Aclive";"Não";2;0;0;0;2;0;0;1;-7,43290411;-34,96843815;"SPRF-PB";"DEL01-PB";"UOP01-DEL01-PB"
765122;2026-04-15;"quarta-feira";"00:00:00";"PR";369;66,5;"BANDEIRANTES";"Ingestão de álcool pelo condutor";"Colisão traseira";"Com Vítimas Feridas";"Plena Noite";"Crescente";"Céu Claro";"Simples";"Reta";"Não";6;0;1;0;5;0;1;2;-23,128848;-50,450115;"SPRF-PR";"DEL07-PR";"UOP05-DEL07-PR"
765123;2026-04-14;"terça-feira";"19:45:00";"MA";316;550;"CAXIAS";"Chuva";"Queda de ocupante de veículo";"Com Vítimas Feridas";"Plena Noite";"Crescente";"Chuva";"Simples";"Reta";"Sim";1;0;1;0;0;0;1;1;-4,86036089;-43,42811031;"SPRF-MA";"DEL03-MA";"UOP02-DEL03-MA"
765125;2026-04-14;"terça-feira";"23:45:00";"RJ";40;114;"DUQUE DE CAXIAS";"Ausência de reação do condutor";"Colisão com objeto";"Com Vítimas Feridas";"Plena Noite";"Crescente";"Céu Claro";"Múltipla";"Reta";"Não";1;0;1;0;0;0;1;1;-22,723779;-43,289371;"SPRF-RJ";"DEL01-RJ";"UOP02-DEL01-RJ"
765128;2026-04-14;"terça-feira";"22:30:00";"PR";369;37;"ANDIRA";"Ausência de reação do condutor";"Atropelamento de Pedestre";"Com Vítimas Feridas";"Plena Noite";"Decrescente";"Céu Claro";"Simples";"Declive;Reta";"Sim";2;0;1;0;0;1;1;2;-23,04472243;-50,23134677;"SPRF-PR";"DEL07-PR";"UOP05-DEL07-PR"
765129;2026-04-15;"quarta-feira";"02:57:00";"SC";470;54,4;"BLUMENAU";"Desrespeitar a preferência no cruzamento";"Colisão transversal";"Com Vítimas Feridas";"Plena Noite";"Crescente";"Garoa/Chuvisco";"Simples";"Aclive;Reta;Interseção de Vias";"Sim";5;0;3;2;0;0;5;2;-26,87323409;-49,11418676;"SPRF-SC";"DEL04-SC";"UOP01-DEL04-SC"
765133;2026-04-15;"quarta-feira";"03:10:00";"BA";116;815,9;"VITORIA DA CONQUISTA";"Acessar a via sem observar a presença dos outros veículos";"Atropelamento de Pedestre";"Com Vítimas Fatais";"Plena Noite";"Decrescente";"Ignorado";"Simples";"Reta";"Sim";2;1;0;0;0;1;0;2;-14,815273;-40,802673;"SPRF-BA";"DEL08-BA";"UOP01-DEL08-BA"
765135;2026-04-15;"quarta-feira";"04:25:00";"SC";101;81;"BARRA VELHA";"Chuva";"Tombamento";"Com Vítimas Feridas";"Plena Noite";"Decrescente";"Chuva";"Dupla";"Reta";"Não";1;0;1;0;0;0;1;1;-26,610381;-48,722455;"SPRF-SC";"DEL03-SC";"UOP02-DEL03-SC"
765136;2026-04-15;"quarta-feira";"02:30:00";"SC";282;217,7;"LAGES";"Acessar a via sem observar a presença dos outros veículos";"Colisão transversal";"Com Vítimas Fatais";"Plena Noite";"Crescente";"Céu Claro";"Simples";"Viaduto;Rotatória";"Sim";3;1;1;1;0;0;2;2;-27,79758104;-50,31116009;"SPRF-SC";"DEL05-SC";"UOP01-DEL05-SC"
765137;2026-04-15;"quarta-feira";"03:50:00";"PB";230;395;"POMBAL";"Animais na Pista";"Atropelamento de Animal";"Com Vítimas Feridas";"Plena Noite";"Crescente";"Céu Claro";"Simples";"Declive";"Não";2;0;1;0;1;0;1;1;-6,829758;-37,756924;"SPRF-PB";"DEL03-PB";"UOP02-DEL03-PB"
765138;2026-04-15;"quarta-feira";"04:30:00";"ES";101;185;"ARACRUZ";"Condutor Dormindo";"Colisão frontal";"Com Vítimas Fatais";"Plena Noite";"Crescente";"Céu Claro";"Dupla";"Reta;Declive";"Não";8;1;6;1;0;0;7;2;-19,66446;-40,248013;"SPRF-ES";"DEL04-ES";"UOP01-DEL04-ES"
765140;2026-04-15;"quarta-feira";"06:00:00";"SC";101;212;"PALHOCA";"Manobra de mudança de faixa";"Colisão transversal";"Com Vítimas Feridas";"Pleno dia";"Decrescente";"Céu Claro";"Múltipla";"Reta";"Não";3;0;1;0;1;1;1;3;-27,62568735;-48,65480531;"SPRF-SC";"DEL01-SC";"UOP02-DEL01-SC"
765146;2026-04-15;"quarta-feira";"06:30:00";"PR";277;591,2;"CASCAVEL";"Demais Fenômenos da natureza";"Colisão frontal";"Com Vítimas Feridas";"Pleno dia";"Decrescente";"Céu Claro";"Simples";"Interseção de Vias";"Sim";2;0;0;1;1;0;1;2;-24,97690388;-53,44546094;"SPRF-PR";"DEL04-PR";"UOP01-DEL04-PR"
765147;2026-04-14;"terça-feira";"21:35:00";"RJ";116;5;"SEROPEDICA";"Ausência de reação do condutor";"Colisão frontal";"Com Vítimas Feridas";"Plena Noite";"Crescente";"Céu Claro";"Simples";"Reta";"Sim";5;0;1;0;4;0;1;2;-22,74731288;-43,6996007;"SPRF-RJ";"DEL05-RJ";"UOP01-DEL05-RJ"
765149;2026-04-15;"quarta-feira";"06:10:00";"TO";10;409,9;"PORTO NACIONAL";"Acessar a via sem observar a presença dos outros veículos";"Colisão frontal";"Sem Vítimas";"Pleno dia";"Crescente";"Céu Claro";"Simples";"Curva";"Não";2;0;0;0;2;0;0;2;-10,6704771;-48,3985896;"SPRF-TO";"DEL01-TO";"UOP03-DEL01-TO"
765152;2026-04-15;"quarta-feira";"06:50:00";"CE";116;41;"HORIZONTE";"Acessar a via sem observar a presença dos outros veículos";"Colisão transversal";"Com Vítimas Feridas";"Pleno dia";"Decrescente";"Céu Claro";"Dupla";"Reta";"Sim";2;0;1;0;1;0;1;2;-4,11394961;-38,48955774;"SPRF-CE";"DEL01-CE";"UOP02-DEL01-CE"
765156;2026-04-15;"quarta-feira";"07:35:00";"DF";20;15;"BRASILIA";"Demais falhas mecânicas ou elétricas";"Tombamento";"Com Vítimas Feridas";"Pleno dia";"Decrescente";"Sol";"Dupla";"Reta";"Sim";2;0;2;0;0;0;2;1;-15,64539504;-47,75718212;"SPRF-DF";"DEL02-DF";"UOP01-DEL02-DF"
765157;2026-04-15;"quarta-feira";"04:00:00";"SP";116;157;"JACAREI";"Ausência de reação do condutor";"Tombamento";"Com Vítimas Feridas";"Plena Noite";"Decrescente";"Céu Claro";"Simples";"Aclive;Reta";"Sim";1;0;1;0;0;0;1;1;-23,25827212;-45,94760299;"SPRF-SP";"DEL02-SP";"UOP01-DEL02-SP"
765158;2026-04-15;"quarta-feira";"07:50:00";"SP";153;67,5;"SAO JOSE DO RIO PRETO";"Avarias e/ou desgaste excessivo no pneu";"Saída de leito carroçável";"Com Vítimas Feridas";"Pleno dia";"Decrescente";"Sol";"Dupla";"Reta";"Sim";1;0;0;1;0;0;1;1;-20,850568;-49,379907;"SPRF-SP";"DEL09-SP";"UOP01-DEL09-SP"
765161;2026-04-15;"quarta-feira";"07:30:00";"PR";277;723;"FOZ DO IGUACU";"Conversão proibida";"Colisão transversal";"Com Vítimas Feridas";"Pleno dia";"Crescente";"Nublado";"Dupla";"Reta;Retorno Regulamentado";"Sim";3;0;3;0;0;0;3;2;-25,49641705;-54,52449052;"SPRF-PR";"DEL05-PR";"UOP03-DEL05-PR"
765162;2026-04-15;"quarta-feira";"07:40:00";"SP";116;201;"ARUJA";"Acessar a via sem observar a presença dos outros veículos";"Colisão lateral mesmo sentido";"Com Vítimas Feridas";"Pleno dia";"Decrescente";"Céu Claro";"Múltipla";"Reta";"Sim";3;0;1;0;2;0;1;3;-23,405179;-46,33431429;"SPRF-SP";"DEL01-SP";"UOP01-DEL01-SP"
765163;2026-04-15;"quarta-feira";"07:55:00";"ES";101;296,8;"CARIACICA";"Reação tardia ou ineficiente do condutor";"Colisão traseira";"Com Vítimas Feridas";"Pleno dia";"Decrescente";"Céu Claro";"Dupla";"Reta;Viaduto";"Sim";3;0;1;0;2;0;1;2;-20,344287;-40,409082;"SPRF-ES";"DEL01-ES";"UOP01-DEL01-ES"
765164;2026-04-15;"quarta-feira";"08:00:00";"RJ";116;189;"QUEIMADOS";"Frear bruscamente";"Queda de ocupante de veículo";"Com Vítimas Feridas";"Pleno dia";"Decrescente";"Céu Claro";"Dupla";"Reta";"Sim";1;0;1;0;0;0;1;1;-22,73586372;-43,54879316;"SPRF-RJ";"DEL06-RJ";"UOP01-DEL06-RJ"
765165;2026-04-15;"quarta-feira";"07:54:00";"GO";40;7;"VALPARAISO DE GOIAS";"Acessar a via sem observar a presença dos outros veículos";"Colisão traseira";"Com Vítimas Feridas";"Pleno dia";"Decrescente";"Céu Claro";"Dupla";"Reta";"Sim";2;0;1;0;1;0;1;2;-16,10975;-47,97132;"SPRF-DF";"DEL01-DF";"UOP01-DEL01-DF"
765166;2026-04-15;"quarta-feira";"07:30:00";"SP";116;148,8;"SAO JOSE DOS CAMPOS";"Trafegar com motocicleta (ou similar) entre as faixas";"Colisão lateral mesmo sentido";"Com Vítimas Feridas";"Pleno dia";"Decrescente";"Céu Claro";"Dupla";"Reta;Viaduto";"Sim";3;0;1;0;2;0;1;3;-23,204687;-45,883842;"SPRF-SP";"DEL02-SP";"UOP01-DEL02-SP"
765167;2026-04-15;"quarta-feira";"07:30:00";"RN";101;83;"SAO GONCALO DO AMARANTE";"Reação tardia ou ineficiente do condutor";"Colisão traseira";"Com Vítimas Feridas";"Pleno dia";"Crescente";"Garoa/Chuvisco";"Múltipla";"Reta";"Sim";2;0;1;0;1;0;1;2;-5,7725526;-35,262827;"SPRF-RN";"DEL02-RN";"UOP01-DEL02-RN"
765168;2026-04-15;"quarta-feira";"07:30:00";"GO";60;95,1;"ANAPOLIS";"Acessar a via sem observar a presença dos outros veículos";"Atropelamento de Pedestre";"Sem Vítimas";"Pleno dia";"Crescente";"Céu Claro";"Dupla";"Reta";"Sim";2;0;0;0;2;0;0;2;-16,365403;-48,936852;"SPRF-GO";"DEL02-GO";"UOP01-DEL02-GO"
765171;2026-04-11;"sábado";"18:10:00";"PR";369;486,4;"CORBELIA";"Participar de racha";"Colisão com objeto";"Com Vítimas Feridas";"Plena Noite";"Decrescente";"Céu Claro";"Dupla";"Aclive;Reta";"Sim";1;0;1;0;0;0;1;1;-24,808214;-53,29305;"SPRF-PR";"DEL04-PR";"UOP03-DEL04-PR"
765175;2026-04-15;"quarta-feira";"06:00:00";"SC";101;202,7;"SAO JOSE";"Ausência de reação do condutor";"Colisão traseira";"Com Vítimas Feridas";"Amanhecer";"Decrescente";"Céu Claro";"Múltipla";"Reta";"Não";2;0;0;1;0;1;1;2;-27,56288;-48,61538;"SPRF-SC";"DEL01-SC";"UOP01-DEL01-SC"
765176;2026-04-15;"quarta-feira";"07:40:00";"BA";324;624;"SALVADOR";"Demais falhas mecânicas ou elétricas";"Incêndio";"Sem Vítimas";"Pleno dia";"Crescente";"Céu Claro";"Dupla";"Aclive;Reta";"Sim";1;0;0;0;1;0;0;1;-12,9448092;-38,4696721;"SPRF-BA";"DEL01-BA";"UOP01-DEL01-BA"
765177;2026-04-15;"quarta-feira";"08:15:00";"SC";282;18,5;"PALHOCA";"Conversão proibida";"Colisão transversal";"Com Vítimas Feridas";"Pleno dia";"Decrescente";"Céu Claro";"Simples";"Reta";"Sim";3;0;0;2;1;0;2;2;-27,67538;-48,697176;"SPRF-SC";"DEL01-SC";"UOP02-DEL01-SC"
765178;2026-04-14;"terça-feira";"19:20:00";"MS";163;446,6;"CAMPO GRANDE";"Ausência de reação do condutor";"Atropelamento de Pedestre";"Com Vítimas Fatais";"Plena Noite";"Crescente";"Céu Claro";"Simples";"Reta";"Não";2;1;0;0;1;0;0;2;-20,754571;-54,532462;"SPRF-MS";"DEL01-MS";"UOP01-DEL01-MS"
765179;2026-04-15;"quarta-feira";"06:20:00";"MA";316;589,2;"CAXIAS";"Pedestre andava na pista";"Atropelamento de Pedestre";"Com Vítimas Fatais";"Pleno dia";"Crescente";"Céu Claro";"Simples";"Declive";"Não";4;1;0;0;2;1;0;2;-4,995436;-43,047487;"SPRF-MA";"DEL03-MA";"UOP02-DEL03-MA"
765181;2026-04-15;"quarta-feira";"08:30:00";"RS";116;252;"SAPUCAIA DO SUL";"Trafegar com motocicleta (ou similar) entre as faixas";"Colisão traseira";"Com Vítimas Feridas";"Pleno dia";"Decrescente";"Céu Claro";"Múltipla";"Declive;Reta";"Sim";2;0;1;0;1;0;1;2;-29,81439152;-51,16902206;"SPRF-RS";"DEL01-RS";"UOP02-DEL01-RS"
765182;2026-04-15;"quarta-feira";"09:00:00";"RS";290;96;"PORTO ALEGRE";"Condutor deixou de manter distância do veículo da frente";"Colisão traseira";"Com Vítimas Feridas";"Pleno dia";"Crescente";"Nublado";"Dupla";"Reta";"Não";3;0;3;0;0;0;3;2;-29,99156811;-51,20460618;"SPRF-RS";"DEL01-RS";"UOP01-DEL01-RS"
765186;2026-04-15;"quarta-feira";"08:45:00";"AL";316;262;"SATUBA";"Reação tardia ou ineficiente do condutor";"Engavetamento";"Sem Vítimas";"Pleno dia";"Crescente";"Céu Claro";"Simples";"Reta;Em Obras";"Não";9;0;0;0;9;0;0;3;-9,5884;-35,88443;"SPRF-AL";"DEL02-AL";"UOP01-DEL02-AL"
765187;2026-04-15;"quarta-feira";"09:10:00";"MG";40;565,7;"NOVA LIMA";"Avarias e/ou desgaste excessivo no pneu";"Saída de leito carroçável";"Sem Vítimas";"Pleno dia";"Decrescente";"Céu Claro";"Simples";"Reta;Declive";"Não";1;0;0;0;1;0;0;1;-20,170332;-43,96551;"SPRF-MG";"DEL01-MG";"UOP02-DEL01-MG"
765189;2026-04-15;"quarta-feira";"09:10:00";"SC";282;223,1;"LAGES";"Ausência de reação do condutor";"Colisão traseira";"Sem Vítimas";"Pleno dia";"Decrescente";"Nublado";"Simples";"Reta";"Sim";2;0;0;0;2;0;0;2;-27,79942634;-50,36439443;"SPRF-SC";"DEL05-SC";"UOP01-DEL05-SC"
765190;2026-04-14;"terça-feira";"19:45:00";"MG";365;750;"ITUIUTABA";"Ingestão de álcool pelo condutor";"Colisão com objeto";"Sem Vítimas";"Plena Noite";"Decrescente";"Céu Claro";"Dupla";"Reta";"Sim";1;0;0;0;1;0;0;1;-18,96474035;-49,48173523;"SPRF-MG";"DEL15-MG";"UOP03-DEL15-MG"
765191;2026-04-15;"quarta-feira";"08:00:00";"MS";60;371;"CAMPO GRANDE";"Reação tardia ou ineficiente do condutor";"Colisão traseira";"Com Vítimas Feridas";"Pleno dia";"Crescente";"Céu Claro";"Dupla";"Reta";"Não";3;0;2;0;1;0;2;2;-20,57606855;-54,70564155;"SPRF-MS";"DEL01-MS";"UOP04-DEL01-MS"
765193;2026-04-15;"quarta-feira";"09:00:00";"PR";369;126;"JATAIZINHO";"Velocidade Incompatível";"Colisão com objeto";"Com Vítimas Feridas";"Pleno dia";"Crescente";"Sol";"Dupla";"Reta";"Sim";1;0;0;1;0;0;1;1;-23,27912184;-50,96015308;"SPRF-PR";"DEL07-PR";"UOP05-DEL07-PR"
765194;2026-04-15;"quarta-feira";"08:42:00";"RO";364;15;"VILHENA";"Desrespeitar a preferência no cruzamento";"Colisão transversal";"Com Vítimas Feridas";"Pleno dia";"Decrescente";"Céu Claro";"Simples";"Interseção de Vias";"Não";2;0;1;0;1;0;1;2;-12,7373058;-60,1472575;"SPRF-RO";"DEL04-RO";"UOP01-DEL04-RO"