"id";"data_inversa";"dia_semana";"horario";"uf";"br";"km";"municipio";"causa_acidente";"tipo_acidente";"classificacao_acidente";"fase_dia";"sentido_via";"condicao_metereologica";"tipo_pista";"tracado_via";"uso_solo";"pessoas";"mortos";"feridos_leves";"feridos_graves";"ilesos";"ignorados";"feridos";"veiculos";"latitude";"longitude";"regional";"delegacia";"uop"
765316;2026-04-15;"quarta-feira";"12:20:00";"PR";277;539,5;"IBEMA";"Acessar a via sem observar a presença dos outros veículos";"Colisão transversal";"Com Vítimas Feridas";"Pleno dia";"Crescente";"Sol";"Simples";"Reta";"Sim";4;0;2;0;2;0;2;2;-25,11352009;-53,01304713;"SPRF-PR";"DEL04-PR";"UOP04-DEL04-PR"
765317;2026-04-15;"quarta-feira";"20:20:00";"MG";116;415,3;"GOVERNADOR VALADARES";"Reação tardia ou ineficiente do condutor";"Colisão transversal";"Com Vítimas Feridas";"Plena Noite";"Decrescente";"Céu Claro";"Simples";"Interseção de Vias";"Sim";2;0;1;0;1;0;1;2;-18,892435;-41,947141;"SPRF-MG";"DEL06-MG";"UOP01-DEL06-MG"
765318;2026-04-15;"quarta-feira";"17:45:00";"SC";101;27,1;"JOINVILLE";"Reação tardia ou ineficiente do condutor";"Colisão lateral mesmo sentido";"Com Vítimas Feridas";"Anoitecer";"Decrescente";"Céu Claro";"Múltipla";"Reta;Viaduto";"Sim";2;0;1;0;1;0;1;2;-26,2038276;-48,9137017;"SPRF-SC";"DEL03-SC";"UOP01-DEL03-SC"
765322;2026-04-15;"quarta-feira";"18:42:00";"RO";364;341;"JI-PARANA";"Condutor deixou de manter distância do veículo da frente";"Colisão lateral mesmo sentido";"Com Vítimas Feridas";"Plena Noite";"Decrescente";"Céu Claro";"Dupla";"Declive";"Sim";2;0;1;0;1;0;1;2;-10,889698;-61,931393;"SPRF-RO";"DEL02-RO";"UOP01-DEL02-RO"
765323;2026-04-15;"quarta-feira";"21:30:00";"RS";116;145;"CAXIAS DO SUL";"Reação tardia ou ineficiente do condutor";"Colisão lateral mesmo sentido";"Sem Vítimas";"Plena Noite";"Decrescente";"Céu Claro";"Dupla";"Reta";"Sim";3;0;0;0;3;0;0;2;-29,14298271;-51,1371824;"SPRF-RS";"DEL05-RS";"UOP01-DEL05-RS"
765324;2026-04-15;"quarta-feira";"18:56:00";"RO";364;343;"JI-PARANA";"Condutor deixou de manter distância do veículo da frente";"Colisão traseira";"Sem Vítimas";"Anoitecer";"Crescente";"Céu Claro";"Dupla";"Reta";"Sim";2;0;0;0;2;0;0;2;-10,87758;-61,946583;"SPRF-RO";"DEL02-RO";"UOP01-DEL02-RO"
765329;2026-04-15;"quarta-feira";"10:20:00";"MG";116;410;"GOVERNADOR VALADARES";"Ingestão de álcool pelo condutor";"Colisão lateral mesmo sentido";"Com Vítimas Feridas";"Pleno dia";"Decrescente";"Céu Claro";"Simples";"Reta";"Não";2;0;1;0;1;0;1;2;-18,85275597;-41,97710451;"SPRF-MG";"DEL06-MG";"UOP01-DEL06-MG"
765330;2026-04-15;"quarta-feira";"22:00:00";"MG";381;291;"ANTONIO DIAS";"Animais na Pista";"Atropelamento de Animal";"Com Vítimas Feridas";"Plena Noite";"Decrescente";"Céu Claro";"Dupla";"Reta";"Não";2;0;2;0;0;0;2;1;-19,6237;-42,83863;"SPRF-MG";"DEL03-MG";"UOP02-DEL03-MG"
765332;2026-04-15;"quarta-feira";"23:00:00";"SE";101;8;"CEDRO DE SAO JOAO";"Ausência de reação do condutor";"Colisão frontal";"Com Vítimas Feridas";"Plena Noite";"Crescente";"Céu Claro";"Dupla";"Interseção de Vias";"Não";1;0;0;1;0;0;1;1;-10,26826557;-36,86838834;"SPRF-SE";"DEL02-SE";"UOP02-DEL02-SE"
765335;2026-04-16;"quinta-feira";"00:05:00";"RS";392;13,3;"RIO GRANDE";"Acumulo de água sobre o pavimento";"Saída de leito carroçável";"Com Vítimas Feridas";"Plena Noite";"Crescente";"Chuva";"Dupla";"Curva";"Não";1;0;1;0;0;0;1;1;-32,12494667;-52,151645;"SPRF-RS";"DEL07-RS";"UOP02-DEL07-RS"
765339;2026-04-16;"quinta-feira";"02:09:00";"PE";408;94,4;"RECIFE";"Reação tardia ou ineficiente do condutor";"Saída de leito carroçável";"Sem Vítimas";"Plena Noite";"Crescente";"Céu Claro";"Dupla";"Reta";"Não";1;0;0;0;0;1;0;1;-8,05527;-34,99952;"SPRF-PE";"DEL01-PE";"UOP01-DEL01-PE"
765341;2026-04-16;"quinta-feira";"03:10:00";"RN";304;294;"MACAIBA";"Ausência de sinalização";"Capotamento";"Com Vítimas Feridas";"Plena Noite";"Crescente";"Céu Claro";"Simples";"Reta;Interseção de Vias";"Sim";2;0;1;0;1;0;1;1;-5,86736404;-35,36662253;"SPRF-RN";"DEL01-RN";"UOP02-DEL01-RN"
765343;2026-04-16;"quinta-feira";"04:50:00";"SC";101;5,3;"ARARANGUA";"Ausência de reação do condutor";"Saída de leito carroçável";"Com Vítimas Feridas";"Plena Noite";"Decrescente";"Céu Claro";"Simples";"Reta";"Não";1;0;1;0;0;0;1;1;-28,960521;-49,516565;"SPRF-SC";"DEL02-SC";"UOP02-DEL02-SC"
765345;2026-04-16;"quinta-feira";"05:20:00";"SP";381;56;"MAIRIPORA";"Estacionar ou parar em local proibido";"Engavetamento";"Com Vítimas Feridas";"Amanhecer";"Crescente";"Céu Claro";"Múltipla";"Aclive;Reta";"Sim";6;0;2;0;4;0;2;3;-23,2582079;-46,5910921;"SPRF-SP";"DEL03-SP";"UOP01-DEL03-SP"
765346;2026-04-16;"quinta-feira";"05:08:00";"TO";10;471,1;"PALMAS";"Ausência de reação do condutor";"Capotamento";"Com Vítimas Feridas";"Amanhecer";"Crescente";"Céu Claro";"Simples";"Curva";"Não";1;0;1;0;0;0;1;1;-10,25117;-48,267383;"SPRF-TO";"DEL01-TO";"UOP03-DEL01-TO"
765348;2026-04-16;"quinta-feira";"05:17:00";"MA";135;7,9;"SAO LUIS";"Reação tardia ou ineficiente do condutor";"Tombamento";"Com Vítimas Feridas";"Amanhecer";"Crescente";"Chuva";"Dupla";"Aclive;Reta";"Sim";1;0;1;0;0;0;1;1;-2,643282;-44,273735;"SPRF-MA";"DEL01-MA";"UOP01-DEL01-MA"
765350;2026-04-15;"quarta-feira";"23:55:00";"RS";101;83,9;"OSORIO";"Ausência de reação do condutor";"Saída de leito carroçável";"Sem Vítimas";"Plena Noite";"Decrescente";"Nublado";"Dupla";"Reta";"Sim";1;0;0;0;0;1;0;1;-29,86270888;-50,24951681;"SPRF-RS";"DEL03-RS";"UOP01-DEL03-RS"
765354;2026-04-16;"quinta-feira";"06:00:00";"RJ";40;109;"DUQUE DE CAXIAS";"Ausência de reação do condutor";"Tombamento";"Com Vítimas Feridas";"Pleno dia";"Decrescente";"Céu Claro";"Múltipla";"Reta";"Não";1;0;1;0;0;0;1;1;-22,6824229;-43,2850235;"SPRF-RJ";"DEL01-RJ";"UOP02-DEL01-RJ"
765355;2026-04-16;"quinta-feira";"07:24:00";"DF";70;15;"BRASILIA";"Condutor deixou de manter distância do veículo da frente";"Colisão traseira";"Sem Vítimas";"Pleno dia";"Decrescente";"Céu Claro";"Dupla";"Reta";"Sim";2;0;0;0;2;0;0;2;-15,79802921;-48,18792913;"SPRF-DF";"DEL03-DF";"UOP02-DEL03-DF"
765356;2026-04-16;"quinta-feira";"07:36:00";"DF";40;1;"BRASILIA";"Manobra de mudança de faixa";"Colisão lateral mesmo sentido";"Com Vítimas Feridas";"Pleno dia";"Decrescente";"Céu Claro";"Dupla";"Reta";"Sim";2;0;1;0;1;0;1;2;-15,98687727;-47,98726972;"SPRF-DF";"DEL01-DF";"UOP01-DEL01-DF"
765357;2026-04-16;"quinta-feira";"06:45:00";"ES";101;286;"CARIACICA";"Afundamento ou ondulação no pavimento";"Tombamento";"Com Vítimas Feridas";"Pleno dia";"Crescente";"Céu Claro";"Múltipla";"Reta";"Sim";1;0;0;1;0;0;1;1;-20,261875;-40,37907;"SPRF-ES";"DEL01-ES";"UOP01-DEL01-ES"
765358;2026-04-16;"quinta-feira";"06:30:00";"SC";282;584,4;"PINHALZINHO";"Ausência de reação do condutor";"Colisão transversal";"Sem Vítimas";"Pleno dia";"Decrescente";"Nublado";"Dupla";"Curva";"Não";2;0;0;0;2;0;0;2;-26,832203;-53,022388;"SPRF-SC";"DEL07-SC";"UOP02-DEL07-SC"
765359;2026-04-16;"quinta-feira";"08:00:00";"DF";20;7,6;"BRASILIA";"Trafegar com motocicleta (ou similar) entre as faixas";"Colisão lateral mesmo sentido";"Com Vítimas Feridas";"Pleno dia";"Decrescente";"Céu Claro";"Dupla";"Reta";"Não";3;0;1;0;2;0;1;3;-15,658872;-47,793202;"SPRF-DF";"DEL02-DF";"UOP01-DEL02-DF"
765360;2026-04-16;"quinta-feira";"07:20:00";"RS";116;147;"CAXIAS DO SUL";"Acumulo de óleo sobre o pavimento";"Tombamento";"Com Vítimas Feridas";"Pleno dia";"Crescente";"Céu Claro";"Dupla";"Curva";"Sim";1;0;1;0;0;0;1;1;-29,1529807;-51,14825455;"SPRF-RS";"DEL05-RS";"UOP01-DEL05-RS"
765361;2026-04-16;"quinta-feira";"07:50:00";"RS";116;250;"SAO LEOPOLDO";"Objeto estático sobre o leito carroçável";"Tombamento";"Com Vítimas Feridas";"Pleno dia";"Decrescente";"Céu Claro";"Múltipla";"Reta";"Sim";1;0;1;0;0;0;1;1;-29,7832107;-51,1609334;"SPRF-RS";"DEL01-RS";"UOP02-DEL01-RS"
765362;2026-04-16;"quinta-feira";"07:05:00";"RJ";116;306;"RESENDE";"Avarias e/ou desgaste excessivo no pneu";"Tombamento";"Com Vítimas Feridas";"Pleno dia";"Decrescente";"Céu Claro";"Dupla";"Reta";"Sim";2;0;1;0;1;0;1;1;-22,45635571;-44,40221641;"SPRF-RJ";"DEL07-RJ";"UOP02-DEL07-RJ"
765364;2026-03-18;"quarta-feira";"19:00:00";"SC";101;330;"TUBARAO";"Velocidade Incompatível";"Atropelamento de Pedestre";"Com Vítimas Feridas";"Plena Noite";"Decrescente";"Ignorado";"Simples";"Reta";"Sim";2;0;0;1;0;1;1;2;-28,456597;-48,982508;"SPRF-SC";"DEL02-SC";"UOP01-DEL02-SC"
765365;2026-04-16;"quinta-feira";"07:30:00";"MG";381;502;"BETIM";"Manobra de mudança de faixa";"Colisão lateral mesmo sentido";"Com Vítimas Feridas";"Pleno dia";"Decrescente";"Céu Claro";"Simples";"Reta";"Sim";2;0;1;0;1;0;1;2;-20,022022;-44,2291;"SPRF-MG";"DEL01-MG";"UOP03-DEL01-MG"
765368;2026-04-16;"quinta-feira";"07:45:00";"GO";153;497,5;"GOIANIA";"Condutor deixou de manter distância do veículo da frente";"Colisão traseira";"Com Vítimas Feridas";"Pleno dia";"Crescente";"Céu Claro";"Dupla";"Aclive;Reta";"Sim";2;0;1;0;1;0;1;2;-16,68272;-49,233883;"SPRF-GO";"DEL01-GO";"UOP01-DEL01-GO"
765369;2026-04-16;"quinta-feira";"08:00:00";"RS";116;529;"CAPAO DO LEAO";"Desrespeitar a preferência no cruzamento";"Colisão transversal";"Com Vítimas Feridas";"Pleno dia";"Crescente";"Chuva";"Simples";"Rotatória";"Sim";3;0;2;0;1;0;2;2;-31,754;-52,428;"SPRF-RS";"DEL07-RS";"UOP01-DEL07-RS"
765370;2026-04-16;"quinta-feira";"08:12:00";"RN";101;96,5;"NATAL";"Manobra de mudança de faixa";"Colisão lateral mesmo sentido";"Com Vítimas Feridas";"Pleno dia";"Crescente";"Nublado";"Dupla";"Reta";"Sim";2;0;1;0;0;1;1;2;-5,853445;-35,211185;"SPRF-RN";"DEL01-RN";"UOP01-DEL01-RN"
765373;2026-04-16;"quinta-feira";"06:20:00";"RJ";116;13;"SAPUCAIA";"Velocidade Incompatível";"Colisão com objeto";"Com Vítimas Feridas";"Pleno dia";"Crescente";"Céu Claro";"Simples";"Curva";"Não";1;0;0;1;0;0;1;1;-21,960108;-42,736197;"SPRF-RJ";"DEL05-RJ";"UOP01-DEL05-RJ"
765374;2026-04-16;"quinta-feira";"06:17:00";"MS";163;709;"RIO VERDE DE MATO GROSSO";"Avarias e/ou desgaste excessivo no pneu";"Tombamento";"Com Vítimas Feridas";"Pleno dia";"Crescente";"Sol";"Simples";"Reta";"Não";1;0;1;0;0;0;1;1;-18,668145;-54,805029;"SPRF-MS";"DEL06-MS";"UOP01-DEL06-MS"
765375;2026-04-16;"quinta-feira";"08:20:00";"SP";116;155,8;"SAO JOSE DOS CAMPOS";"Reação tardia ou ineficiente do condutor";"Colisão traseira";"Com Vítimas Feridas";"Pleno dia";"Decrescente";"Sol";"Múltipla";"Reta";"Sim";2;0;1;0;1;0;1;2;-23,24320834;-45,92518223;"SPRF-SP";"DEL02-SP";"UOP01-DEL02-SP"
765376;2026-04-16;"quinta-feira";"06:10:00";"RJ";40;109;"DUQUE DE CAXIAS";"Ausência de reação do condutor";"Tombamento";"Com Vítimas Feridas";"Pleno dia";"Crescente";"Céu Claro";"Dupla";"Reta";"Sim";2;0;1;0;0;1;1;2;-22,67952678;-43,28625508;"SPRF-RJ";"DEL01-RJ";"UOP02-DEL01-RJ"
765378;2026-04-16;"quinta-feira";"08:15:00";"RN";101;75;"NATAL";"Conversão proibida";"Tombamento";"Com Vítimas Feridas";"Pleno dia";"Decrescente";"Céu Claro";"Simples";"Curva";"Não";1;0;1;0;0;0;1;1;-5,7213;-35,276145;"SPRF-RN";"DEL02-RN";"UOP01-DEL02-RN"
765379;2026-04-16;"quinta-feira";"08:20:00";"BA";101;715,5;"EUNAPOLIS";"Reação tardia ou ineficiente do condutor";"Colisão lateral mesmo sentido";"Com Vítimas Feridas";"Pleno dia";"Decrescente";"Sol";"Simples";"Aclive;Reta";"Sim";3;0;2;0;1;0;2;2;-16,35871;-39,579593;"SPRF-BA";"DEL09-BA";"UOP01-DEL09-BA"
765380;2026-04-16;"quinta-feira";"08:00:00";"PB";101;83,8;"BAYEUX";"Ausência de reação do condutor";"Engavetamento";"Com Vítimas Feridas";"Pleno dia";"Crescente";"Céu Claro";"Dupla";"Reta";"Sim";5;0;1;0;4;0;1;4;-7,13884657;-34,92405331;"SPRF-PB";"DEL01-PB";"UOP01-DEL01-PB"
765381;2026-04-16;"quinta-feira";"08:05:00";"RS";472;629;"BARRA DO QUARAI";"Acumulo de areia ou detritos sobre o pavimento";"Saída de leito carroçável";"Com Vítimas Feridas";"Pleno dia";"Crescente";"Garoa/Chuvisco";"Simples";"Reta;Em Obras";"Não";1;0;1;0;0;0;1;1;-30,100856;-57,323246;"SPRF-RS";"DEL13-RS";"UOP01-DEL13-RS"
765382;2026-04-16;"quinta-feira";"09:00:00";"SP";153;58,6;"SAO JOSE DO RIO PRETO";"Condutor deixou de manter distância do veículo da frente";"Colisão lateral mesmo sentido";"Com Vítimas Feridas";"Pleno dia";"Crescente";"Céu Claro";"Dupla";"Reta";"Sim";2;0;2;0;0;0;2;2;-20,781073;-49,353464;"SPRF-SP";"DEL09-SP";"UOP01-DEL09-SP"
765383;2026-04-03;"sexta-feira";"10:15:00";"SC";470;76;"INDAIAL";"Condutor deixou de manter distância do veículo da frente";"Colisão traseira";"Com Vítimas Feridas";"Pleno dia";"Crescente";"Céu Claro";"Simples";"Reta";"Não";2;0;1;0;1;0;1;2;-26,935537;-49,288535;"SPRF-SC";"DEL04-SC";"UOP01-DEL04-SC"
765387;2026-04-16;"quinta-feira";"07:50:00";"SP";116;74,8;"APARECIDA";"Reação tardia ou ineficiente do condutor";"Engavetamento";"Com Vítimas Feridas";"Pleno dia";"Decrescente";"Sol";"Dupla";"Reta";"Não";9;0;2;0;7;0;2;8;-22,87464749;-45,25902478;"SPRF-SP";"DEL08-SP";"UOP01-DEL08-SP"
765389;2026-04-16;"quinta-feira";"08:20:00";"MG";267;42,6;"MARIPA DE MINAS";"Reação tardia ou ineficiente do condutor";"Colisão transversal";"Com Vítimas Feridas";"Pleno dia";"Crescente";"Céu Claro";"Simples";"Reta";"Sim";2;0;0;1;1;0;1;2;-21,68427789;-42,94357952;"SPRF-MG";"DEL07-MG";"UOP01-DEL07-MG"
765390;2026-04-16;"quinta-feira";"07:45:00";"RJ";116;110;"GUAPIMIRIM";"Acessar a via sem observar a presença dos outros veículos";"Colisão lateral mesmo sentido";"Com Vítimas Feridas";"Pleno dia";"Crescente";"Céu Claro";"Simples";"Reta";"Sim";2;0;1;0;1;0;1;2;-22,56124731;-42,99678147;"SPRF-RJ";"DEL04-RJ";"UOP02-DEL04-RJ"
765392;2026-04-16;"quinta-feira";"08:26:00";"PE";104;63,8;"CARUARU";"Ausência de reação do condutor";"Colisão traseira";"Com Vítimas Feridas";"Pleno dia";"Crescente";"Céu Claro";"Múltipla";"Reta;Viaduto";"Sim";3;0;1;0;2;0;1;2;-8,26712117;-35,97868717;"SPRF-PE";"DEL02-PE";"UOP01-DEL02-PE"
765394;2026-04-16;"quinta-feira";"10:20:00";"RS";116;471,9;"SAO LOURENCO DO SUL";"Iluminação deficiente";"Saída de leito carroçável";"Sem Vítimas";"Pleno dia";"Decrescente";"Chuva";"Dupla";"Reta";"Não";1;0;0;0;1;0;0;1;-31,36085298;-52,07921728;"SPRF-RS";"DEL07-RS";"UOP01-DEL07-RS"
765395;2026-04-15;"quarta-feira";"19:10:00";"RN";304;31;"MOSSORO";"Pista esburacada";"Queda de ocupante de veículo";"Com Vítimas Feridas";"Plena Noite";"Crescente";"Nublado";"Simples";"Reta";"Sim";1;0;1;0;0;0;1;1;-5,078702;-37,332909;"SPRF-RN";"DEL04-RN";"UOP02-DEL04-RN"
765397;2026-04-16;"quinta-feira";"11:15:00";"SP";116;211;"GUARULHOS";"Condutor deixou de manter distância do veículo da frente";"Colisão traseira";"Com Vítimas Feridas";"Pleno dia";"Decrescente";"Céu Claro";"Múltipla";"Reta";"Sim";2;0;1;0;1;0;1;2;-23,43719159;-46,43067048;"SPRF-SP";"DEL01-SP";"UOP01-DEL01-SP"
765398;2026-04-16;"quinta-feira";"05:35:00";"MA";330;59;"BALSAS";"Transitar na contramão";"Colisão frontal";"Com Vítimas Fatais";"Amanhecer";"Crescente";"Céu Claro";"Simples";"Reta";"Não";8;2;5;1;0;0;6;2;-8,003152;-45,991679;"SPRF-MA";"DEL05-MA";"UOP01-DEL05-MA"
765399;2026-04-16;"quinta-feira";"11:30:00";"BA";367;81,5;"EUNAPOLIS";"Condutor Dormindo";"Colisão traseira";"Com Vítimas Feridas";"Pleno dia";"Decrescente";"Sol";"Simples";"Aclive;Reta";"Não";4;0;1;0;3;0;1;2;-16,371928;-39,557307;"SPRF-BA";"DEL09-BA";"UOP03-DEL09-BA"
765400;2026-04-16;"quinta-feira";"12:00:00";"PR";277;78;"CURITIBA";"Estacionar ou parar em local proibido";"Colisão traseira";"Com Vítimas Feridas";"Pleno dia";"Decrescente";"Céu Claro";"Dupla";"Reta;Em Obras";"Sim";3;0;2;0;1;0;2;2;-25,48213763;-49,194417;"SPRF-PR";"DEL01-PR";"UOP08-DEL01-PR"
765401;2026-04-16;"quinta-feira";"11:00:00";"PB";230;50;"CRUZ DO ESPIRITO SANTO";"Frear bruscamente";"Saída de leito carroçável";"Com Vítimas Feridas";"Pleno dia";"Crescente";"Céu Claro";"Dupla";"Reta";"Não";2;0;1;0;1;0;1;1;-7,189756;-35,061716;"SPRF-PB";"DEL01-PB";"UOP02-DEL01-PB"
765404;2026-04-16;"quinta-feira";"11:20:00";"SC";101;102;"BALNEARIO PICARRAS";"Reação tardia ou ineficiente do condutor";"Colisão com objeto";"Com Vítimas Feridas";"Pleno dia";"Decrescente";"Céu Claro";"Múltipla";"Interseção de Vias;Reta";"Sim";1;0;1;0;0;0;1;1;-26,77917723;-48,68471146;"SPRF-SC";"DEL03-SC";"UOP02-DEL03-SC"
765406;2026-04-16;"quinta-feira";"12:20:00";"PB";230;25,9;"JOAO PESSOA";"Trafegar com motocicleta (ou similar) entre as faixas";"Colisão lateral mesmo sentido";"Com Vítimas Feridas";"Pleno dia";"Decrescente";"Céu Claro";"Dupla";"Reta;Viaduto";"Não";4;0;1;0;3;0;1;4;-7,169628;-34,876609;"SPRF-PB";"DEL01-PB";"UOP01-DEL01-PB"
765407;2026-04-03;"sexta-feira";"12:00:00";"MG";381;708;"LAVRAS";"Condutor deixou de manter distância do veículo da frente";"Colisão traseira";"Com Vítimas Feridas";"Pleno dia";"Decrescente";"Céu Claro";"Dupla";"Declive;Reta";"Não";5;0;2;0;3;0;2;2;-21,31063077;-45,16234338;"SPRF-MG";"DEL04-MG";"UOP02-DEL04-MG"
765408;2026-04-16;"quinta-feira";"13:00:00";"RS";116;264;"CANOAS";"Condutor deixou de manter distância do veículo da frente";"Colisão transversal";"Com Vítimas Feridas";"Pleno dia";"Decrescente";"Céu Claro";"Múltipla";"Reta";"Sim";2;0;1;0;1;0;1;2;-29,91691414;-51,1776017;"SPRF-RS";"DEL01-RS";"UOP01-DEL01-RS"
765409;2026-04-16;"quinta-feira";"11:20:00";"MS";163;696,2;"RIO VERDE DE MATO GROSSO";"Reação tardia ou ineficiente do condutor";"Saída de leito carroçável";"Com Vítimas Feridas";"Pleno dia";"Decrescente";"Nublado";"Dupla";"Reta;Declive";"Não";1;0;0;1;0;0;1;1;-18,785917;-54,827893;"SPRF-MS";"DEL06-MS";"UOP01-DEL06-MS"
765411;2026-04-16;"quinta-feira";"13:00:00";"MG";381;480;"CONTAGEM";"Ausência de reação do condutor";"Colisão traseira";"Com Vítimas Feridas";"Pleno dia";"Decrescente";"Céu Claro";"Múltipla";"Reta;Interseção de Vias";"Sim";2;0;1;0;1;0;1;2;-19,958171;-44,057174;"SPRF-MG";"DEL01-MG";"UOP03-DEL01-MG"
765414;2026-04-16;"quinta-feira";"13:20:00";"PR";277;587,6;"CASCAVEL";"Acumulo de areia ou detritos sobre o pavimento";"Tombamento";"Com Vítimas Feridas";"Pleno dia";"Crescente";"Nublado";"Simples";"Curva;Declive";"Sim";1;0;1;0;0;0;1;1;-24,9655821;-53,4120364;"SPRF-PR";"DEL04-PR";"UOP01-DEL04-PR"
765415;2026-04-16;"quinta-feira";"09:01:00";"MT";364;530,9;"ROSARIO OESTE";"Reação tardia ou ineficiente do condutor";"Colisão traseira";"Com Vítimas Feridas";"Pleno dia";"Crescente";"Céu Claro";"Dupla";"Reta";"Não";2;0;1;0;1;0;1;2;-14,926314;-56,482482;"SPRF-MT";"DEL01-MT";"UOP01-DEL01-MT"
765416;2026-04-16;"quinta-feira";"11:27:00";"RO";435;87;"COLORADO DO OESTE";"Afundamento ou ondulação no pavimento";"Tombamento";"Com Vítimas Feridas";"Pleno dia";"Decrescente";"Céu Claro";"Dupla";"Declive;Reta";"Sim";2;0;1;0;0;1;1;2;-13,12613665;-60,54413022;"SPRF-RO";"DEL04-RO";"UOP02-DEL04-RO"
765419;2026-04-16;"quinta-feira";"13:03:00";"PR";116;125,8;"FAZENDA RIO GRANDE";"Mal súbito do condutor";"Engavetamento";"Com Vítimas Feridas";"Pleno dia";"Crescente";"Sol";"Dupla";"Reta";"Não";3;0;1;0;2;0;1;3;-25,63653;-49,313213;"SPRF-PR";"DEL01-PR";"UOP03-DEL01-PR"
765421;2026-04-16;"quinta-feira";"13:00:00";"MA";135;1,7;"SAO LUIS";"Animais na Pista";"Tombamento";"Com Vítimas Feridas";"Pleno dia";"Decrescente";"Céu Claro";"Dupla";"Reta";"Sim";1;0;1;0;0;0;1;1;-2,593385;-44,245033;"SPRF-MA";"DEL01-MA";"UOP01-DEL01-MA"
765422;2026-04-16;"quinta-feira";"13:25:00";"SC";101;125;"ITAJAI";"Condutor usando celular";"Engavetamento";"Sem Vítimas";"Pleno dia";"Decrescente";"Céu Claro";"Múltipla";"Reta";"Sim";4;0;0;0;4;0;0;4;-26,9424303;-48,6930217;"SPRF-SC";"DEL04-SC";"UOP04-DEL04-SC"
765423;2026-04-16;"quinta-feira";"11:20:00";"RS";116;153,5;"CAXIAS DO SUL";"Reação tardia ou ineficiente do condutor";"Colisão lateral mesmo sentido";"Com Vítimas Feridas";"Pleno dia";"Crescente";"Céu Claro";"Dupla";"Rotatória";"Sim";2;0;1;0;1;0;1;2;-29,187783;-51,182388;"SPRF-RS";"DEL05-RS";"UOP01-DEL05-RS"
765424;2026-04-16;"quinta-feira";"13:40:00";"PB";230;13;"CABEDELO";"Reação tardia ou ineficiente do condutor";"Colisão lateral mesmo sentido";"Com Vítimas Feridas";"Pleno dia";"Decrescente";"Céu Claro";"Dupla";"Reta";"Sim";1;0;0;1;0;0;1;1;-7,08305;-34,848742;"SPRF-PB";"DEL01-PB";"UOP01-DEL01-PB"
765425;2026-04-16;"quinta-feira";"12:55:00";"PR";277;592;"CASCAVEL";"Acessar a via sem observar a presença dos outros veículos";"Colisão transversal";"Com Vítimas Feridas";"Pleno dia";"Decrescente";"Nublado";"Simples";"Aclive";"Sim";2;0;1;0;1;0;1;2;-24,97882003;-53,4495683;"SPRF-PR";"DEL04-PR";"UOP01-DEL04-PR"
765426;2026-04-16;"quinta-feira";"12:35:00";"BA";101;501;"ITAJUIPE";"Ausência de reação do condutor";"Colisão traseira";"Com Vítimas Feridas";"Pleno dia";"Crescente";"Céu Claro";"Simples";"Aclive";"Não";2;0;1;0;1;0;1;2;-14,694365;-39,365199;"SPRF-BA";"DEL05-BA";"UOP01-DEL05-BA"
765427;2026-04-16;"quinta-feira";"14:25:00";"GO";153;516;"APARECIDA DE GOIANIA";"Condutor deixou de manter distância do veículo da frente";"Colisão traseira";"Com Vítimas Feridas";"Pleno dia";"Decrescente";"Céu Claro";"Dupla";"Reta";"Sim";2;0;1;0;1;0;1;2;-16,83017496;-49,24209595;"SPRF-GO";"DEL01-GO";"UOP03-DEL01-GO"
765428;2026-04-16;"quinta-feira";"14:45:00";"SC";101;207;"SAO JOSE";"Reação tardia ou ineficiente do condutor";"Colisão traseira";"Com Vítimas Feridas";"Pleno dia";"Crescente";"Céu Claro";"Múltipla";"Reta";"Sim";3;0;1;0;2;0;1;2;-27,59578695;-48,61947862;"SPRF-SC";"DEL01-SC";"UOP01-DEL01-SC"
765431;2026-03-11;"quarta-feira";"12:30:00";"PR";376;170;"MARINGA";"Trafegar com motocicleta (ou similar) entre as faixas";"Tombamento";"Com Vítimas Feridas";"Pleno dia";"Decrescente";"Céu Claro";"Dupla";"Reta";"Sim";1;0;1;0;0;0;1;1;-23,410433;-51,986807;"SPRF-PR";"DEL09-PR";"UOP01-DEL09-PR"
765434;2026-04-16;"quinta-feira";"07:05:00";"CE";222;92,8;"UMIRIM";"Acessar a via sem observar a presença dos outros veículos";"Colisão transversal";"Com Vítimas Feridas";"Pleno dia";"Decrescente";"Céu Claro";"Simples";"Reta";"Não";2;0;1;0;1;0;1;2;-3,686321;-39,360233;"SPRF-CE";"DEL01-CE";"UOP03-DEL01-CE"
765436;2026-04-16;"quinta-feira";"14:00:00";"MG";381;2,7;"BETIM";"Ultrapassagem Indevida";"Colisão lateral mesmo sentido";"Com Vítimas Feridas";"Pleno dia";"Crescente";"Céu Claro";"Simples";"Reta";"Sim";2;0;1;0;1;0;1;2;-19,98301908;-44,16523969;"SPRF-MG";"DEL01-MG";"UOP03-DEL01-MG"
765437;2026-04-16;"quinta-feira";"15:20:00";"MG";40;38,8;"PARACATU";"Condutor deixou de manter distância do veículo da frente";"Colisão traseira";"Com Vítimas Feridas";"Pleno dia";"Decrescente";"Céu Claro";"Simples";"Reta";"Sim";2;0;1;0;1;0;1;2;-17,2115148;-46,8918725;"SPRF-MG";"DEL14-MG";"UOP01-DEL14-MG"