"id";"data_inversa";"dia_semana";"horario";"uf";"br";"km";"municipio";"causa_acidente";"tipo_acidente";"classificacao_acidente";"fase_dia";"sentido_via";"condicao_metereologica";"tipo_pista";"tracado_via";"uso_solo";"pessoas";"mortos";"feridos_leves";"feridos_graves";"ilesos";"ignorados";"feridos";"veiculos";"latitude";"longitude";"regional";"delegacia";"uop"
767299;2026-04-25;"sábado";"08:10:00";"PR";376;109;"PARANAVAI";"Avarias e/ou desgaste excessivo no pneu";"Tombamento";"Com Vítimas Feridas";"Pleno dia";"Decrescente";"Céu Claro";"Dupla";"Reta";"Sim";1;0;0;1;0;0;1;1;-23,0744529;-52,4188323;"SPRF-PR";"DEL09-PR";"UOP02-DEL09-PR"
767300;2026-04-25;"sábado";"08:15:00";"RJ";101;426,9;"MANGARATIBA";"Reação tardia ou ineficiente do condutor";"Queda de ocupante de veículo";"Com Vítimas Feridas";"Plena Noite";"Decrescente";"Vento";"Simples";"Curva";"Não";1;0;1;0;0;0;1;1;-22,93436588;-43,98647611;"SPRF-RJ";"DEL03-RJ";"UOP02-DEL03-RJ"
767302;2026-04-13;"segunda-feira";"09:00:00";"PR";277;129;"CAMPO LARGO";"Ausência de reação do condutor";"Saída de leito carroçável";"Com Vítimas Feridas";"Pleno dia";"Crescente";"Céu Claro";"Dupla";"Reta";"Não";1;0;1;0;0;0;1;1;-25,44613655;-49,5690864;"SPRF-PR";"DEL01-PR";"UOP07-DEL01-PR"
767304;2026-04-25;"sábado";"08:50:00";"PR";116;141;"MANDIRITUBA";"Reação tardia ou ineficiente do condutor";"Tombamento";"Com Vítimas Feridas";"Pleno dia";"Crescente";"Céu Claro";"Múltipla";"Reta";"Sim";1;0;1;0;0;0;1;1;-25,769041;-49,322346;"SPRF-PR";"DEL01-PR";"UOP03-DEL01-PR"
767305;2026-04-25;"sábado";"06:50:00";"SP";262;321;"CASTILHO";"Demais falhas mecânicas ou elétricas";"Incêndio";"Sem Vítimas";"Pleno dia";"Crescente";"Sol";"Simples";"Reta";"Não";1;0;0;0;1;0;0;1;-20,78783145;-51,60569541;"SPRF-MS";"DEL07-MS";"UOP01-DEL07-MS"
767306;2026-04-25;"sábado";"07:30:00";"MG";381;519;"IGARAPE";"Ausência de reação do condutor";"Colisão com objeto";"Com Vítimas Feridas";"Pleno dia";"Crescente";"Céu Claro";"Dupla";"Reta";"Não";3;0;2;1;0;0;3;2;-20,10922041;-44,31649653;"SPRF-MG";"DEL01-MG";"UOP03-DEL01-MG"
767307;2026-04-25;"sábado";"07:30:00";"MG";381;490;"BETIM";"Reação tardia ou ineficiente do condutor";"Tombamento";"Com Vítimas Feridas";"Pleno dia";"Decrescente";"Céu Claro";"Múltipla";"Curva;Declive";"Sim";1;0;1;0;0;0;1;1;-19,9562407;-44,14349405;"SPRF-MG";"DEL01-MG";"UOP03-DEL01-MG"
767310;2026-04-25;"sábado";"08:54:00";"PE";101;67;"RECIFE";"Demais falhas mecânicas ou elétricas";"Colisão lateral mesmo sentido";"Com Vítimas Feridas";"Pleno dia";"Crescente";"Chuva";"Dupla";"Reta";"Sim";2;0;1;0;1;0;1;2;-8,047172;-34,945144;"SPRF-PE";"DEL01-PE";"UOP01-DEL01-PE"
767311;2026-04-25;"sábado";"08:10:00";"RN";427;59,9;"JARDIM DO SERIDO";"Ausência de reação do condutor";"Saída de leito carroçável";"Com Vítimas Feridas";"Pleno dia";"Crescente";"Nublado";"Simples";"Curva";"Não";1;0;0;1;0;0;1;1;-6,586083;-36,810382;"SPRF-RN";"DEL03-RN";"UOP01-DEL03-RN"
767312;2026-04-25;"sábado";"07:45:00";"SP";153;108;"JOSE BONIFACIO";"Ingestão de álcool pelo condutor";"Colisão traseira";"Com Vítimas Feridas";"Pleno dia";"Crescente";"Céu Claro";"Dupla";"Reta";"Não";3;0;0;2;1;0;2;2;-21,070381;-49,665911;"SPRF-SP";"DEL09-SP";"UOP01-DEL09-SP"
767315;2026-04-25;"sábado";"09:02:00";"SP";116;456;"REGISTRO";"Reação tardia ou ineficiente do condutor";"Queda de ocupante de veículo";"Com Vítimas Feridas";"Pleno dia";"Decrescente";"Sol";"Dupla";"Reta";"Não";2;0;2;0;0;0;2;1;-24,5910375;-47,8798754;"SPRF-SP";"DEL05-SP";"UOP01-DEL05-SP"
767316;2026-04-25;"sábado";"09:15:00";"MG";381;332;"BELA VISTA DE MINAS";"Ausência de reação do condutor";"Colisão lateral mesmo sentido";"Com Vítimas Feridas";"Pleno dia";"Decrescente";"Céu Claro";"Simples";"Aclive;Reta";"Não";2;0;1;0;1;0;1;2;-19,82027565;-43,06939021;"SPRF-MG";"DEL03-MG";"UOP01-DEL03-MG"
767317;2026-04-25;"sábado";"08:10:00";"PR";369;57;"BANDEIRANTES";"Conversão proibida";"Colisão transversal";"Com Vítimas Feridas";"Pleno dia";"Crescente";"Céu Claro";"Simples";"Curva";"Sim";2;0;1;0;1;0;1;2;-23,11398634;-50,37267292;"SPRF-PR";"DEL07-PR";"UOP05-DEL07-PR"
767319;2026-04-25;"sábado";"07:40:00";"RJ";101;50;"CAMPOS DOS GOYTACAZES";"Acessar a via sem observar a presença dos outros veículos";"Colisão traseira";"Com Vítimas Feridas";"Pleno dia";"Crescente";"Céu Claro";"Simples";"Reta";"Sim";2;0;2;0;0;0;2;2;-21,6397877;-41,3121181;"SPRF-RJ";"DEL08-RJ";"UOP01-DEL08-RJ"
767320;2026-04-25;"sábado";"09:00:00";"SC";101;123;"ITAJAI";"Velocidade Incompatível";"Tombamento";"Com Vítimas Feridas";"Pleno dia";"Crescente";"Céu Claro";"Simples";"Curva;Interseção de Vias";"Não";1;0;0;1;0;0;1;1;-26,93911015;-48,69752739;"SPRF-SC";"DEL04-SC";"UOP04-DEL04-SC"
767321;2026-04-25;"sábado";"10:00:00";"RS";116;97,5;"SAO MARCOS";"Reação tardia ou ineficiente do condutor";"Colisão com objeto";"Com Vítimas Feridas";"Pleno dia";"Decrescente";"Nublado";"Simples";"Curva";"Não";1;0;1;0;0;0;1;1;-28,8877439;-51,14260197;"SPRF-RS";"DEL05-RS";"UOP01-DEL05-RS"
767322;2026-04-25;"sábado";"09:35:00";"MG";262;413;"PARA DE MINAS";"Acessar a via sem observar a presença dos outros veículos";"Colisão transversal";"Com Vítimas Feridas";"Pleno dia";"Crescente";"Sol";"Simples";"Curva;Retorno Regulamentado";"Não";2;0;0;1;1;0;1;2;-19,8826871;-44,75326359;"SPRF-MG";"DEL08-MG";"UOP03-DEL08-MG"
767323;2026-04-25;"sábado";"09:10:00";"MS";267;365,1;"MARACAJU";"Ingestão de álcool pelo condutor";"Colisão com objeto";"Com Vítimas Feridas";"Pleno dia";"Crescente";"Céu Claro";"Dupla";"Reta";"Não";2;0;1;1;0;0;2;1;-21,64567;-55,13381;"SPRF-MS";"DEL02-MS";"UOP02-DEL02-MS"
767324;2026-04-25;"sábado";"10:52:00";"SP";116;224;"GUARULHOS";"Manobra de mudança de faixa";"Colisão transversal";"Com Vítimas Feridas";"Pleno dia";"Crescente";"Céu Claro";"Múltipla";"Reta";"Sim";2;0;1;0;1;0;1;2;-23,48230746;-46,53572258;"SPRF-SP";"DEL01-SP";"UOP01-DEL01-SP"
767325;2026-04-25;"sábado";"11:50:00";"PB";101;82,6;"BAYEUX";"Trafegar com motocicleta (ou similar) entre as faixas";"Queda de ocupante de veículo";"Com Vítimas Feridas";"Pleno dia";"Crescente";"Céu Claro";"Dupla";"Viaduto;Reta";"Sim";3;0;1;0;0;2;1;2;-7,132035;-34,931922;"SPRF-PB";"DEL01-PB";"UOP01-DEL01-PB"
767326;2026-04-25;"sábado";"11:40:00";"ES";101;145;"LINHARES";"Condutor deixou de manter distância do veículo da frente";"Colisão traseira";"Com Vítimas Feridas";"Pleno dia";"Decrescente";"Céu Claro";"Múltipla";"Declive;Reta";"Sim";4;0;1;0;3;0;1;2;-19,36131277;-40,06437591;"SPRF-ES";"DEL04-ES";"UOP01-DEL04-ES"
767327;2026-04-25;"sábado";"11:50:00";"RS";290;88;"PORTO ALEGRE";"Avarias e/ou desgaste excessivo no pneu";"Tombamento";"Com Vítimas Feridas";"Pleno dia";"Crescente";"Garoa/Chuvisco";"Dupla";"Reta";"Não";2;0;1;0;1;0;1;1;-29,96772948;-51,14478467;"SPRF-RS";"DEL01-RS";"UOP01-DEL01-RS"
767330;2026-04-25;"sábado";"02:00:00";"PE";407;124;"PETROLINA";"Velocidade Incompatível";"Colisão com objeto";"Com Vítimas Feridas";"Plena Noite";"Decrescente";"Céu Claro";"Dupla";"Rotatória;Interseção de Vias";"Sim";2;0;0;1;0;1;1;2;-9,38729918;-40,52524614;"SPRF-PE";"DEL06-PE";"UOP01-DEL06-PE"
767332;2026-04-25;"sábado";"12:00:00";"SP";116;40;"CACHOEIRA PAULISTA";"Demais falhas mecânicas ou elétricas";"Incêndio";"Sem Vítimas";"Pleno dia";"Crescente";"Céu Claro";"Dupla";"Reta";"Não";1;0;0;0;1;0;0;1;-22,6782785;-45,00369835;"SPRF-SP";"DEL08-SP";"UOP02-DEL08-SP"
767333;2026-04-25;"sábado";"12:51:00";"RN";101;83,9;"NATAL";"Entrada inopinada do pedestre";"Atropelamento de Pedestre";"Com Vítimas Feridas";"Pleno dia";"Decrescente";"Nublado";"Dupla";"Reta";"Não";3;0;3;0;0;0;3;2;-5,772452;-35,262363;"SPRF-RN";"DEL02-RN";"UOP01-DEL02-RN"
767335;2026-04-25;"sábado";"12:45:00";"SC";282;3,9;"FLORIANOPOLIS";"Pedestre cruzava a pista fora da faixa";"Tombamento";"Com Vítimas Feridas";"Pleno dia";"Crescente";"Garoa/Chuvisco";"Múltipla";"Reta";"Sim";1;0;1;0;0;0;1;1;-27,592388;-48,604041;"SPRF-SC";"DEL01-SC";"UOP01-DEL01-SC"
767336;2026-04-25;"sábado";"12:30:00";"SC";480;128,1;"CHAPECO";"Acessar a via sem observar a presença dos outros veículos";"Colisão frontal";"Com Vítimas Fatais";"Pleno dia";"Crescente";"Nublado";"Simples";"Reta";"Sim";5;1;0;0;4;0;0;2;-27,03311038;-52,63384078;"SPRF-SC";"DEL07-SC";"UOP01-DEL07-SC"
767337;2026-04-25;"sábado";"11:40:00";"BA";367;28;"PORTO SEGURO";"Acessar a via sem observar a presença dos outros veículos";"Colisão transversal";"Com Vítimas Feridas";"Pleno dia";"Decrescente";"Céu Claro";"Simples";"Curva";"Não";3;0;1;0;2;0;1;2;-16,417507;-39,109037;"SPRF-BA";"DEL09-BA";"UOP03-DEL09-BA"
767338;2026-04-17;"sexta-feira";"17:55:00";"PE";428;178;"PETROLINA";"Animais na Pista";"Atropelamento de Animal";"Com Vítimas Feridas";"Anoitecer";"Crescente";"Céu Claro";"Simples";"Reta";"Não";2;0;2;0;0;0;2;1;-9,29666;-40,44801;"SPRF-PE";"DEL06-PE";"UOP01-DEL06-PE"
767340;2026-04-19;"domingo";"18:30:00";"RJ";116;264;"VOLTA REDONDA";"Acessar a via sem observar a presença dos outros veículos";"Colisão lateral mesmo sentido";"Com Vítimas Feridas";"Anoitecer";"Decrescente";"Nublado";"Simples";"Curva";"Não";2;0;0;1;1;0;1;2;-22,59091565;-44,08248425;"SPRF-RJ";"DEL07-RJ";"UOP02-DEL07-RJ"
767341;2026-04-25;"sábado";"13:10:00";"PR";116;13;"COLOMBO";"Entrada inopinada do pedestre";"Atropelamento de Pedestre";"Com Vítimas Fatais";"Pleno dia";"Crescente";"Céu Claro";"Dupla";"Declive;Reta";"Sim";2;1;0;1;0;0;1;2;-25,37723231;-49,15403208;"SPRF-PR";"DEL01-PR";"UOP02-DEL01-PR"
767342;2026-04-25;"sábado";"09:15:00";"RO";364;13;"VILHENA";"Ausência de reação do condutor";"Colisão lateral mesmo sentido";"Com Vítimas Feridas";"Pleno dia";"Decrescente";"Céu Claro";"Dupla";"Reta";"Sim";2;0;1;0;1;0;1;2;-12,74131191;-60,13113409;"SPRF-RO";"DEL04-RO";"UOP01-DEL04-RO"
767343;2026-04-25;"sábado";"13:34:00";"BA";135;340;"CORRENTINA";"Condutor deixou de manter distância do veículo da frente";"Colisão traseira";"Com Vítimas Feridas";"Pleno dia";"Decrescente";"Céu Claro";"Simples";"Reta";"Não";3;0;0;1;2;0;1;2;-13,31538156;-44,63908481;"SPRF-BA";"DEL10-BA";"UOP02-DEL10-BA"
767344;2026-04-25;"sábado";"13:00:00";"MT";364;435;"VARZEA GRANDE";"Acessar a via sem observar a presença dos outros veículos";"Colisão transversal";"Com Vítimas Feridas";"Pleno dia";"Decrescente";"Céu Claro";"Dupla";"Reta";"Não";7;0;2;0;5;0;2;2;-15,64336665;-56,2002257;"SPRF-MT";"DEL01-MT";"UOP02-DEL01-MT"
767345;2026-04-25;"sábado";"13:30:00";"PR";116;13;"COLOMBO";"Pedestre cruzava a pista fora da faixa";"Atropelamento de Pedestre";"Com Vítimas Feridas";"Pleno dia";"Decrescente";"Sol";"Dupla";"Reta";"Sim";2;0;0;1;1;0;1;2;-25,37916975;-49,15753126;"SPRF-PR";"DEL01-PR";"UOP02-DEL01-PR"
767346;2026-04-25;"sábado";"09:07:00";"PA";230;1108;"ITAITUBA";"Demais falhas mecânicas ou elétricas";"Incêndio";"Sem Vítimas";"Pleno dia";"Decrescente";"Céu Claro";"Simples";"Reta";"Não";1;0;0;0;1;0;0;1;-4,3891;-55,883316;"SPRF-PA";"DEL05-PA";"UOP02-DEL05-PA"
767347;2026-04-25;"sábado";"13:00:00";"BA";324;390;"CANDEIAS";"Acessar a via sem observar a presença dos outros veículos";"Colisão transversal";"Com Vítimas Feridas";"Pleno dia";"Crescente";"Garoa/Chuvisco";"Dupla";"Reta";"Sim";6;0;3;0;3;0;3;3;-12,686;-38,466;"SPRF-BA";"DEL04-BA";"UOP02-DEL04-BA"
767348;2026-04-25;"sábado";"12:53:00";"RO";364;199,5;"PIMENTA BUENO";"Desrespeitar a preferência no cruzamento";"Tombamento";"Com Vítimas Feridas";"Pleno dia";"Crescente";"Céu Claro";"Simples";"Rotatória";"Sim";2;0;1;0;0;1;1;2;-11,65751362;-61,19143828;"SPRF-RO";"DEL02-RO";"UOP02-DEL02-RO"
767351;2026-04-25;"sábado";"13:15:00";"SC";116;136,5;"SANTA CECILIA";"Mal súbito do condutor";"Colisão com objeto";"Com Vítimas Feridas";"Pleno dia";"Crescente";"Céu Claro";"Simples";"Aclive;Reta";"Não";1;0;0;1;0;0;1;1;-26,939035;-50,430826;"SPRF-SC";"DEL06-SC";"UOP02-DEL06-SC"
767352;2026-04-25;"sábado";"14:00:00";"PA";155;344;"MARABA";"Pista Escorregadia";"Queda de ocupante de veículo";"Com Vítimas Feridas";"Pleno dia";"Crescente";"Sol";"Simples";"Aclive;Reta";"Não";1;0;1;0;0;0;1;1;-5,36578;-49,07821;"SPRF-PA";"DEL03-PA";"UOP01-DEL03-PA"
767353;2026-04-25;"sábado";"14:50:00";"SC";101;212;"PALHOCA";"Ausência de reação do condutor";"Colisão traseira";"Com Vítimas Feridas";"Pleno dia";"Decrescente";"Nublado";"Múltipla";"Reta";"Sim";4;0;1;1;2;0;2;3;-27,62982;-48,6586;"SPRF-SC";"DEL01-SC";"UOP02-DEL01-SC"
767354;2026-04-25;"sábado";"14:26:00";"RN";304;10;"MOSSORO";"Reação tardia ou ineficiente do condutor";"Colisão com objeto";"Com Vítimas Feridas";"Pleno dia";"Decrescente";"Sol";"Simples";"Reta";"Não";5;0;3;2;0;0;5;1;-4,963248;-37,394523;"SPRF-RN";"DEL04-RN";"UOP02-DEL04-RN"
767355;2026-04-25;"sábado";"13:30:00";"SP";381;90;"GUARULHOS";"Ausência de reação do condutor";"Tombamento";"Com Vítimas Feridas";"Pleno dia";"Decrescente";"Céu Claro";"Dupla";"Reta";"Sim";1;0;1;0;0;0;1;1;-23,50211331;-46,55901525;"SPRF-SP";"DEL03-SP";"UOP01-DEL03-SP"
767356;2026-04-25;"sábado";"09:18:00";"MT";70;306;"PRIMAVERA DO LESTE";"Reação tardia ou ineficiente do condutor";"Saída de leito carroçável";"Com Vítimas Feridas";"Pleno dia";"Crescente";"Céu Claro";"Simples";"Reta";"Não";2;0;1;0;0;1;1;2;-15;-54;"SPRF-MT";"DEL05-MT";"UOP01-DEL05-MT"
767357;2026-04-25;"sábado";"08:20:00";"AC";364;124;"RIO BRANCO";"Frear bruscamente";"Colisão traseira";"Com Vítimas Feridas";"Pleno dia";"Decrescente";"Nublado";"Dupla";"Reta";"Sim";3;0;1;0;2;0;1;2;-10,01143493;-67,79507355;"SPRF-AC";"DEL01-AC";"UOP01-DEL01-AC"
767358;2026-04-25;"sábado";"11:00:00";"MG";262;368;"JUATUBA";"Ausência de reação do condutor";"Tombamento";"Com Vítimas Feridas";"Pleno dia";"Decrescente";"Céu Claro";"Dupla";"Reta";"Não";1;0;0;1;0;0;1;1;-19,96708302;-44,33308952;"SPRF-MG";"DEL01-MG";"UOP03-DEL01-MG"
767359;2026-04-25;"sábado";"15:30:00";"SC";101;213,5;"PALHOCA";"Ausência de reação do condutor";"Colisão lateral mesmo sentido";"Com Vítimas Feridas";"Pleno dia";"Decrescente";"Céu Claro";"Dupla";"Reta";"Não";3;0;1;1;1;0;2;2;-27,64027;-48,66737;"SPRF-SC";"DEL01-SC";"UOP02-DEL01-SC"
767361;2026-04-25;"sábado";"15:00:00";"RS";290;309,1;"CACHOEIRA DO SUL";"Reação tardia ou ineficiente do condutor";"Saída de leito carroçável";"Com Vítimas Feridas";"Pleno dia";"Crescente";"Nublado";"Simples";"Curva";"Não";1;0;0;1;0;0;1;1;-30,33245787;-53,29320638;"SPRF-RS";"DEL09-RS";"UOP02-DEL09-RS"
767363;2026-04-25;"sábado";"15:30:00";"MG";40;633,1;"CONSELHEIRO LAFAIETE";"Desrespeitar a preferência no cruzamento";"Colisão transversal";"Com Vítimas Feridas";"Pleno dia";"Decrescente";"Sol";"Dupla";"Interseção de Vias";"Sim";5;0;5;0;0;0;5;2;-20,67718624;-43,79451527;"SPRF-MG";"DEL05-MG";"UOP02-DEL05-MG"
767364;2026-04-25;"sábado";"14:40:00";"SP";116;77;"ROSEIRA";"Demais falhas mecânicas ou elétricas";"Tombamento";"Com Vítimas Feridas";"Pleno dia";"Crescente";"Sol";"Dupla";"Reta";"Não";2;0;2;0;0;0;2;1;-22,89042612;-45,28915554;"SPRF-SP";"DEL08-SP";"UOP01-DEL08-SP"
767365;2026-04-25;"sábado";"15:30:00";"PR";369;57;"BANDEIRANTES";"Condutor desrespeitou a iluminação vermelha do semáforo";"Colisão transversal";"Com Vítimas Feridas";"Pleno dia";"Crescente";"Céu Claro";"Simples";"Declive;Interseção de Vias;Reta";"Sim";2;0;1;0;1;0;1;2;-23,1097659;-50,37092728;"SPRF-PR";"DEL07-PR";"UOP05-DEL07-PR"
767367;2026-04-25;"sábado";"15:40:00";"SC";282;38,1;"AGUAS MORNAS";"Condutor deixou de manter distância do veículo da frente";"Colisão traseira";"Com Vítimas Feridas";"Pleno dia";"Crescente";"Céu Claro";"Simples";"Aclive;Reta";"Não";2;0;1;0;1;0;1;2;-27,70984;-48,85372;"SPRF-SC";"DEL01-SC";"UOP03-DEL01-SC"
767369;2026-04-25;"sábado";"16:20:00";"GO";40;3;"VALPARAISO DE GOIAS";"Condutor deixou de manter distância do veículo da frente";"Colisão traseira";"Com Vítimas Feridas";"Pleno dia";"Decrescente";"Céu Claro";"Dupla";"Reta";"Sim";4;0;2;0;2;0;2;2;-16,07827;-47,98589;"SPRF-DF";"DEL01-DF";"UOP01-DEL01-DF"
767372;2026-04-25;"sábado";"16:00:00";"PR";376;592;"CURITIBA";"Acostamento em desnível";"Tombamento";"Com Vítimas Feridas";"Pleno dia";"Crescente";"Nublado";"Dupla";"Aclive;Reta";"Não";1;0;1;0;0;0;1;1;-25,43268;-49,36947;"SPRF-PR";"DEL01-PR";"UOP06-DEL01-PR"
767374;2026-04-25;"sábado";"16:30:00";"ES";393;1;"CACHOEIRO DE ITAPEMIRIM";"Condutor deixou de manter distância do veículo da frente";"Queda de ocupante de veículo";"Com Vítimas Feridas";"Pleno dia";"Crescente";"Céu Claro";"Simples";"Reta";"Sim";1;0;0;1;0;0;1;1;-20,83260051;-41,17507808;"SPRF-ES";"DEL03-ES";"UOP02-DEL03-ES"
767375;2026-04-25;"sábado";"16:41:00";"SP";116;217;"GUARULHOS";"Reação tardia ou ineficiente do condutor";"Colisão com objeto";"Com Vítimas Feridas";"Pleno dia";"Crescente";"Céu Claro";"Múltipla";"Reta";"Sim";2;0;1;0;1;0;1;1;-23,45574541;-46,47569847;"SPRF-SP";"DEL01-SP";"UOP01-DEL01-SP"
767376;2026-04-25;"sábado";"15:30:00";"MG";50;155;"UBERABA";"Reação tardia ou ineficiente do condutor";"Capotamento";"Com Vítimas Feridas";"Pleno dia";"Crescente";"Céu Claro";"Dupla";"Declive;Reta";"Não";1;0;1;0;0;0;1;1;-19,67802642;-47,99590811;"SPRF-MG";"DEL13-MG";"UOP01-DEL13-MG"
767378;2026-04-25;"sábado";"17:10:00";"ES";101;125,7;"SOORETAMA";"Ausência de reação do condutor";"Colisão transversal";"Com Vítimas Feridas";"Anoitecer";"Decrescente";"Céu Claro";"Múltipla";"Reta";"Sim";2;0;0;1;0;1;1;2;-19,19169109;-40,09469442;"SPRF-ES";"DEL04-ES";"UOP01-DEL04-ES"
767381;2026-04-25;"sábado";"17:30:00";"MG";262;395;"PARA DE MINAS";"Ausência de reação do condutor";"Colisão traseira";"Com Vítimas Feridas";"Plena Noite";"Decrescente";"Céu Claro";"Dupla";"Reta";"Sim";6;0;1;0;5;0;1;2;-19,88571339;-44,60162608;"SPRF-MG";"DEL01-MG";"UOP03-DEL01-MG"
767383;2026-04-25;"sábado";"16:00:00";"MG";356;267,5;"MURIAE";"Desrespeitar a preferência no cruzamento";"Colisão transversal";"Sem Vítimas";"Pleno dia";"Decrescente";"Sol";"Simples";"Reta;Interseção de Vias";"Não";4;0;0;0;2;2;0;3;-21,125672;-42,352803;"SPRF-MG";"DEL07-MG";"UOP02-DEL07-MG"
767384;2026-04-25;"sábado";"17:20:00";"SC";101;275;"IMBITUBA";"Avarias e/ou desgaste excessivo no pneu";"Tombamento";"Com Vítimas Feridas";"Pleno dia";"Decrescente";"Nublado";"Dupla";"Reta";"Sim";1;0;1;0;0;0;1;1;-28,14281;-48,69176;"SPRF-SC";"DEL02-SC";"UOP03-DEL02-SC"
767385;2026-04-25;"sábado";"17:00:00";"SC";101;55;"JOINVILLE";"Condutor Dormindo";"Saída de leito carroçável";"Com Vítimas Feridas";"Anoitecer";"Decrescente";"Nublado";"Dupla";"Reta";"Não";2;0;1;0;1;0;1;1;-26,429737;-48,824425;"SPRF-SC";"DEL03-SC";"UOP01-DEL03-SC"
767386;2026-04-25;"sábado";"17:40:00";"PB";230;24;"JOAO PESSOA";"Acesso irregular";"Colisão transversal";"Com Vítimas Feridas";"Plena Noite";"Crescente";"Céu Claro";"Simples";"Reta";"Sim";2;0;0;2;0;0;2;2;-7,1635;-34,861;"SPRF-PB";"DEL01-PB";"UOP01-DEL01-PB"
767388;2026-04-25;"sábado";"16:40:00";"SC";101;41;"PALHOCA";"Condutor deixou de manter distância do veículo da frente";"Colisão lateral mesmo sentido";"Com Vítimas Feridas";"Pleno dia";"Crescente";"Ignorado";"Dupla";"Túnel;Reta";"Não";2;0;1;0;1;0;1;2;-27,65662316;-48,72047989;"SPRF-SC";"DEL01-SC";"UOP02-DEL01-SC"
767390;2026-04-25;"sábado";"17:00:00";"PR";116;45,8;"CAMPINA GRANDE DO SUL";"Velocidade Incompatível";"Capotamento";"Sem Vítimas";"Anoitecer";"Decrescente";"Céu Claro";"Dupla";"Reta";"Não";1;0;0;0;0;1;0;1;-25,23704697;-48,90725317;"SPRF-PR";"DEL01-PR";"UOP02-DEL01-PR"
767391;2026-04-25;"sábado";"18:17:00";"PE";104;61,2;"CARUARU";"Acessar a via sem observar a presença dos outros veículos";"Colisão lateral mesmo sentido";"Com Vítimas Feridas";"Plena Noite";"Crescente";"Chuva";"Dupla";"Declive;Retorno Regulamentado";"Sim";2;0;1;0;1;0;1;2;-8,24392;-35,97501;"SPRF-PE";"DEL02-PE";"UOP01-DEL02-PE"
767393;2026-04-25;"sábado";"18:20:00";"BA";110;215;"NOVA SOURE";"Ausência de reação do condutor";"Colisão traseira";"Com Vítimas Feridas";"Plena Noite";"Crescente";"Céu Claro";"Simples";"Reta";"Não";4;0;4;0;0;0;4;2;-11,19545;-38,495508;"SPRF-BA";"DEL07-BA";"UOP02-DEL07-BA"
767394;2026-04-25;"sábado";"18:20:00";"RS";116;224;"DOIS IRMAOS";"Desrespeitar a preferência no cruzamento";"Colisão transversal";"Com Vítimas Feridas";"Plena Noite";"Crescente";"Céu Claro";"Dupla";"Curva";"Sim";3;0;1;0;2;0;1;2;-29,58940057;-51,10752727;"SPRF-RS";"DEL01-RS";"UOP02-DEL01-RS"
767396;2026-04-25;"sábado";"18:50:00";"GO";20;30;"FORMOSA";"Ausência de sinalização";"Capotamento";"Com Vítimas Feridas";"Plena Noite";"Crescente";"Céu Claro";"Dupla";"Retorno Regulamentado;Reta";"Sim";3;0;3;0;0;0;3;1;-15,4972301;-47,1098452;"SPRF-DF";"DEL02-DF";"UOP02-DEL02-DF"
767397;2026-04-25;"sábado";"17:55:00";"PR";277;725,7;"FOZ DO IGUACU";"Velocidade Incompatível";"Saída de leito carroçável";"Com Vítimas Feridas";"Pleno dia";"Crescente";"Nublado";"Dupla";"Reta";"Sim";2;0;0;1;0;1;1;2;-25,50583577;-54,54350446;"SPRF-PR";"DEL05-PR";"UOP03-DEL05-PR"
767398;2026-04-25;"sábado";"18:15:00";"PB";361;23;"SANTA TERESINHA";"Transitar na contramão";"Tombamento";"Com Vítimas Feridas";"Plena Noite";"Crescente";"Céu Claro";"Simples";"Reta";"Sim";2;0;1;1;0;0;2;2;-7,085205;-37,44669;"SPRF-PB";"DEL03-PB";"UOP01-DEL03-PB"
767400;2026-04-25;"sábado";"19:20:00";"MG";50;65;"UBERLANDIA";"Animais na Pista";"Atropelamento de Animal";"Com Vítimas Feridas";"Plena Noite";"Crescente";"Céu Claro";"Dupla";"Aclive;Viaduto";"Não";2;0;2;0;0;0;2;1;-18,85930184;-48,25408682;"SPRF-MG";"DEL15-MG";"UOP02-DEL15-MG"
767401;2026-04-25;"sábado";"19:10:00";"PR";376;232,2;"APUCARANA";"Reação tardia ou ineficiente do condutor";"Saída de leito carroçável";"Com Vítimas Feridas";"Plena Noite";"Crescente";"Céu Claro";"Dupla";"Reta";"Sim";1;0;1;0;0;0;1;1;-23,567621;-51,517468;"SPRF-PR";"DEL07-PR";"UOP03-DEL07-PR"
767402;2026-04-25;"sábado";"19:20:00";"GO";60;176;"ABADIA DE GOIAS";"Ingestão de álcool pelo condutor";"Saída de leito carroçável";"Com Vítimas Feridas";"Plena Noite";"Crescente";"Céu Claro";"Dupla";"Declive";"Não";1;0;1;0;0;0;1;1;-16,761597;-49,461183;"SPRF-GO";"DEL01-GO";"UOP02-DEL01-GO"
767403;2026-04-25;"sábado";"18:40:00";"PI";343;9,8;"PARNAIBA";"Animais na Pista";"Atropelamento de Animal";"Com Vítimas Feridas";"Plena Noite";"Crescente";"Nublado";"Simples";"Reta";"Sim";1;0;1;0;0;0;1;1;-2,901921;-41,740649;"SPRF-PI";"DEL05-PI";"UOP01-DEL05-PI"
767404;2026-04-25;"sábado";"19:20:00";"SC";280;6;"SAO FRANCISCO DO SUL";"Acessar a via sem observar a presença dos outros veículos";"Colisão traseira";"Com Vítimas Feridas";"Pleno dia";"Crescente";"Nublado";"Simples";"Reta";"Sim";3;0;0;1;2;0;1;2;-26,26629115;-48,63432777;"SPRF-SC";"DEL03-SC";"UOP03-DEL03-SC"