"id";"data_inversa";"dia_semana";"horario";"uf";"br";"km";"municipio";"causa_acidente";"tipo_acidente";"classificacao_acidente";"fase_dia";"sentido_via";"condicao_metereologica";"tipo_pista";"tracado_via";"uso_solo";"pessoas";"mortos";"feridos_leves";"feridos_graves";"ilesos";"ignorados";"feridos";"veiculos";"latitude";"longitude";"regional";"delegacia";"uop"
767406;2026-04-25;"sábado";"19:20:00";"PE";101;43;"IGARASSU";"Animais na Pista";"Atropelamento de Animal";"Com Vítimas Feridas";"Plena Noite";"Decrescente";"Céu Claro";"Múltipla";"Reta";"Sim";3;0;3;0;0;0;3;2;-7,81981982;-34,91931509;"SPRF-PE";"DEL01-PE";"UOP02-DEL01-PE"
767407;2026-04-25;"sábado";"19:20:00";"SC";101;228,8;"PALHOCA";"Acesso irregular";"Colisão transversal";"Com Vítimas Feridas";"Pleno dia";"Crescente";"Céu Claro";"Simples";"Reta";"Não";2;0;1;0;1;0;1;2;-27,76762652;-48,63095731;"SPRF-SC";"DEL01-SC";"UOP02-DEL01-SC"
767409;2026-04-25;"sábado";"18:45:00";"MG";381;821,5;"CAREACU";"Condutor deixou de manter distância do veículo da frente";"Queda de ocupante de veículo";"Com Vítimas Feridas";"Plena Noite";"Decrescente";"Céu Claro";"Dupla";"Reta";"Não";1;0;1;0;0;0;1;1;-22,07969073;-45,70154572;"SPRF-MG";"DEL16-MG";"UOP02-DEL16-MG"
767410;2026-04-25;"sábado";"20:00:00";"BA";116;11;"VITORIA DA CONQUISTA";"Acessar a via sem observar a presença dos outros veículos";"Colisão transversal";"Com Vítimas Feridas";"Plena Noite";"Crescente";"Nublado";"Simples";"Rotatória";"Não";2;0;1;0;1;0;1;2;-14,873328;-40,871293;"SPRF-BA";"DEL08-BA";"UOP01-DEL08-BA"
767411;2026-04-25;"sábado";"18:17:00";"RO";364;711;"PORTO VELHO";"Acessar a via sem observar a presença dos outros veículos";"Colisão lateral mesmo sentido";"Com Vítimas Feridas";"Anoitecer";"Crescente";"Céu Claro";"Dupla";"Reta";"Sim";3;0;2;0;0;1;2;2;-8,77942079;-63,86910288;"SPRF-RO";"DEL01-RO";"UOP01-DEL01-RO"
767412;2026-04-25;"sábado";"19:20:00";"RS";285;187;"CAPAO BONITO DO SUL";"Ingestão de álcool pelo condutor";"Colisão frontal";"Com Vítimas Feridas";"Plena Noite";"Decrescente";"Nublado";"Simples";"Reta";"Não";4;0;2;2;0;0;4;2;-28,28853;-51,463418;"SPRF-RS";"DEL08-RS";"UOP05-DEL08-RS"
767413;2026-04-25;"sábado";"18:40:00";"MG";381;548;"ITATIAIUCU";"Reação tardia ou ineficiente do condutor";"Tombamento";"Com Vítimas Feridas";"Plena Noite";"Decrescente";"Céu Claro";"Dupla";"Declive;Reta";"Não";1;0;1;0;0;0;1;1;-20,18423;-44,379926;"SPRF-MG";"DEL04-MG";"UOP03-DEL04-MG"
767414;2026-04-25;"sábado";"21:00:00";"DF";80;7;"BRASILIA";"Iluminação deficiente";"Colisão traseira";"Com Vítimas Feridas";"Plena Noite";"Decrescente";"Céu Claro";"Simples";"Reta";"Não";2;0;0;1;1;0;1;2;-15,73124;-48,14836;"SPRF-DF";"DEL03-DF";"UOP02-DEL03-DF"
767415;2026-04-25;"sábado";"20:20:00";"RS";101;33;"TRES CACHOEIRAS";"Ausência de reação do condutor";"Colisão traseira";"Com Vítimas Feridas";"Plena Noite";"Decrescente";"Céu Claro";"Dupla";"Curva";"Não";6;0;1;0;5;0;1;2;-29,50716395;-49,98439662;"SPRF-RS";"DEL03-RS";"UOP02-DEL03-RS"
767416;2026-04-25;"sábado";"18:40:00";"RO";364;709;"PORTO VELHO";"Acessar a via sem observar a presença dos outros veículos";"Colisão transversal";"Sem Vítimas";"Plena Noite";"Crescente";"Chuva";"Dupla";"Reta";"Sim";2;0;0;0;1;1;0;2;-8,78921315;-63,85199189;"SPRF-RO";"DEL01-RO";"UOP01-DEL01-RO"
767418;2026-04-25;"sábado";"21:25:00";"RS";290;103;"ELDORADO DO SUL";"Ausência de reação do condutor";"Colisão traseira";"Com Vítimas Feridas";"Plena Noite";"Crescente";"Céu Claro";"Dupla";"Reta;Ponte";"Não";1;0;1;0;0;0;1;1;-29,99342464;-51,27781598;"SPRF-RS";"DEL01-RS";"UOP01-DEL01-RS"
767419;2026-04-25;"sábado";"21:00:00";"PE";407;116;"PETROLINA";"Animais na Pista";"Atropelamento de Animal";"Com Vítimas Feridas";"Plena Noite";"Crescente";"Céu Claro";"Simples";"Reta";"Não";1;0;1;0;0;0;1;1;-9,31129;-40,57543;"SPRF-PE";"DEL06-PE";"UOP01-DEL06-PE"
767422;2026-04-25;"sábado";"21:10:00";"SP";153;49,8;"SAO JOSE DO RIO PRETO";"Ausência de reação do condutor";"Colisão traseira";"Com Vítimas Feridas";"Plena Noite";"Crescente";"Céu Claro";"Simples";"Reta";"Não";2;0;1;0;1;0;1;2;-20,708877;-49,339229;"SPRF-SP";"DEL09-SP";"UOP01-DEL09-SP"
767424;2026-04-25;"sábado";"20:00:00";"PI";316;359,5;"CAMPO GRANDE DO PIAUI";"Animais na Pista";"Saída de leito carroçável";"Sem Vítimas";"Plena Noite";"Crescente";"Céu Claro";"Simples";"Reta";"Sim";1;0;0;0;0;1;0;1;-7,13297442;-41,03295067;"SPRF-PI";"DEL04-PI";"UOP03-DEL04-PI"
767425;2026-04-25;"sábado";"19:01:00";"PB";104;113;"LAGOA SECA";"Reação tardia ou ineficiente do condutor";"Atropelamento de Pedestre";"Com Vítimas Feridas";"Plena Noite";"Crescente";"Chuva";"Simples";"Reta";"Sim";2;0;0;1;0;1;1;2;-7,1524307;-35,8527992;"SPRF-PB";"DEL02-PB";"UOP04-DEL02-PB"
767427;2026-04-25;"sábado";"22:20:00";"BA";110;174;"RIBEIRA DO POMBAL";"Acessar a via sem observar a presença dos outros veículos";"Colisão transversal";"Sem Vítimas";"Plena Noite";"Decrescente";"Céu Claro";"Simples";"Reta;Declive;Interseção de Vias";"Sim";2;0;0;0;1;1;0;2;-10,83409935;-38,53206444;"SPRF-BA";"DEL07-BA";"UOP02-DEL07-BA"
767428;2026-04-25;"sábado";"18:50:00";"RJ";40;81,9;"PETROPOLIS";"Ingestão de álcool pelo condutor";"Saída de leito carroçável";"Sem Vítimas";"Plena Noite";"Decrescente";"Céu Claro";"Dupla";"Aclive;Curva";"Sim";3;0;0;0;3;0;0;1;-22,5299546;-43,22113249;"SPRF-RJ";"DEL01-RJ";"UOP01-DEL01-RJ"
767429;2026-04-25;"sábado";"22:30:00";"GO";153;512;"APARECIDA DE GOIANIA";"Manobra de mudança de faixa";"Colisão lateral mesmo sentido";"Sem Vítimas";"Plena Noite";"Crescente";"Céu Claro";"Dupla";"Reta";"Sim";2;0;0;0;2;0;0;1;-16,8034532;-49,2416027;"SPRF-GO";"DEL01-GO";"UOP03-DEL01-GO"
767430;2026-04-25;"sábado";"18:10:00";"RJ";101;52,9;"CAMPOS DOS GOYTACAZES";"Conversão proibida";"Colisão transversal";"Com Vítimas Feridas";"Plena Noite";"Decrescente";"Céu Claro";"Simples";"Reta";"Sim";3;0;0;1;1;1;1;3;-21,660472;-41,311298;"SPRF-RJ";"DEL08-RJ";"UOP01-DEL08-RJ"
767431;2026-04-25;"sábado";"21:50:00";"SP";153;295,3;"SAO PEDRO DO TURVO";"Ausência de reação do condutor";"Saída de leito carroçável";"Sem Vítimas";"Plena Noite";"Decrescente";"Céu Claro";"Simples";"Reta";"Não";1;0;0;0;0;1;0;1;-22,542844;-49,889548;"SPRF-SP";"DEL07-SP";"UOP02-DEL07-SP"
767432;2026-04-25;"sábado";"22:38:00";"SP";116;219;"GUARULHOS";"Reação tardia ou ineficiente do condutor";"Colisão traseira";"Com Vítimas Feridas";"Plena Noite";"Crescente";"Ignorado";"Dupla";"Reta";"Sim";3;0;1;0;1;1;1;2;-23,46190741;-46,49119782;"SPRF-SP";"DEL01-SP";"UOP01-DEL01-SP"
767433;2026-04-25;"sábado";"20:20:00";"MT";174;283;"VALE DE SAO DOMINGOS";"Falta de acostamento";"Colisão lateral sentido oposto";"Com Vítimas Feridas";"Plena Noite";"Decrescente";"Céu Claro";"Simples";"Reta;Declive";"Não";4;0;1;0;3;0;1;2;-15,37364655;-59,18646097;"SPRF-MT";"DEL04-MT";"UOP01-DEL04-MT"
767434;2026-04-25;"sábado";"21:50:00";"SC";470;119,5;"IBIRAMA";"Ausência de reação do condutor";"Colisão com objeto";"Com Vítimas Feridas";"Plena Noite";"Decrescente";"Céu Claro";"Simples";"Declive";"Não";1;0;0;1;0;0;1;1;-27,085659;-49,519561;"SPRF-SC";"DEL04-SC";"UOP02-DEL04-SC"
767435;2026-04-25;"sábado";"22:40:00";"GO";40;93;"CRISTALINA";"Transitar na contramão";"Colisão com objeto";"Com Vítimas Feridas";"Plena Noite";"Crescente";"Céu Claro";"Dupla";"Reta";"Não";1;0;1;0;0;0;1;1;-16,73756469;-47,61847963;"SPRF-DF";"DEL01-DF";"UOP02-DEL01-DF"
767438;2026-04-25;"sábado";"23:02:00";"GO";153;499;"GOIANIA";"Reação tardia ou ineficiente do condutor";"Colisão traseira";"Sem Vítimas";"Plena Noite";"Decrescente";"Céu Claro";"Dupla";"Curva";"Sim";2;0;0;0;2;0;0;2;-16,684543;-49,233797;"SPRF-GO";"DEL01-GO";"UOP01-DEL01-GO"
767439;2026-04-25;"sábado";"23:30:00";"RN";406;166;"SAO GONCALO DO AMARANTE";"Acessar a via sem observar a presença dos outros veículos";"Colisão traseira";"Com Vítimas Feridas";"Plena Noite";"Crescente";"Chuva";"Dupla";"Reta";"Não";2;0;0;1;1;0;1;2;-5,7487471;-35,3265644;"SPRF-RN";"DEL02-RN";"UOP01-DEL02-RN"
767441;2026-04-26;"domingo";"00:22:00";"SC";101;208;"SAO JOSE";"Reação tardia ou ineficiente do condutor";"Queda de ocupante de veículo";"Com Vítimas Feridas";"Plena Noite";"Crescente";"Nublado";"Múltipla";"Viaduto;Interseção de Vias";"Sim";1;0;0;1;0;0;1;1;-27,6056371;-48,63502471;"SPRF-SC";"DEL01-SC";"UOP01-DEL01-SC"
767442;2026-04-26;"domingo";"00:10:00";"PR";487;175;"CAMPO MOURAO";"Ausência de reação do condutor";"Saída de leito carroçável";"Com Vítimas Feridas";"Plena Noite";"Crescente";"Céu Claro";"Simples";"Reta";"Não";1;0;1;0;0;0;1;1;-24,03116;-52,42532;"SPRF-PR";"DEL09-PR";"UOP03-DEL09-PR"
767444;2026-04-25;"sábado";"23:40:00";"GO";60;320;"ACREUNA";"Reação tardia ou ineficiente do condutor";"Colisão traseira";"Com Vítimas Feridas";"Plena Noite";"Decrescente";"Céu Claro";"Dupla";"Reta";"Não";3;0;0;3;0;0;3;2;-17,49588614;-50,45803738;"SPRF-GO";"DEL04-GO";"UOP02-DEL04-GO"
767445;2026-04-26;"domingo";"00:30:00";"RJ";393;202;"VASSOURAS";"Velocidade Incompatível";"Queda de ocupante de veículo";"Com Vítimas Feridas";"Plena Noite";"Crescente";"Céu Claro";"Simples";"Declive;Curva";"Sim";1;0;0;1;0;0;1;1;-22,23736429;-43,41753356;"SPRF-RJ";"DEL05-RJ";"UOP03-DEL05-RJ"
767447;2026-04-25;"sábado";"23:50:00";"MS";267;35,8;"BATAGUASSU";"Ausência de reação do condutor";"Saída de leito carroçável";"Com Vítimas Feridas";"Plena Noite";"Decrescente";"Céu Claro";"Dupla";"Reta";"Não";1;0;1;0;0;0;1;1;-21,75;-52,476;"SPRF-MS";"DEL02-MS";"UOP04-DEL02-MS"
767449;2026-04-26;"domingo";"01:10:00";"PR";277;726;"FOZ DO IGUACU";"Ingestão de álcool pelo condutor";"Colisão com objeto";"Sem Vítimas";"Plena Noite";"Crescente";"Chuva";"Dupla";"Reta";"Sim";1;0;0;0;1;0;0;1;-25,50883127;-54,54690306;"SPRF-PR";"DEL05-PR";"UOP03-DEL05-PR"
767450;2026-04-26;"domingo";"00:40:00";"RS";290;40,4;"SANTO ANTONIO DA PATRULHA";"Condutor deixou de manter distância do veículo da frente";"Colisão traseira";"Com Vítimas Feridas";"Plena Noite";"Crescente";"Nublado";"Dupla";"Reta";"Não";3;0;2;0;1;0;2;2;-29,8862831;-50,6605982;"SPRF-RS";"DEL03-RS";"UOP01-DEL03-RS"
767451;2026-04-26;"domingo";"01:50:00";"RS";116;256,5;"ESTEIO";"Entrada inopinada do pedestre";"Atropelamento de Pedestre";"Com Vítimas Feridas";"Plena Noite";"Decrescente";"Nublado";"Dupla";"Reta";"Sim";2;0;0;1;0;1;1;2;-29,84526179;-51,17766307;"SPRF-RS";"DEL01-RS";"UOP02-DEL01-RS"
767452;2026-04-25;"sábado";"22:40:00";"MT";158;653;"NOVA XAVANTINA";"Transitar na contramão";"Colisão frontal";"Com Vítimas Feridas";"Plena Noite";"Crescente";"Céu Claro";"Simples";"Aclive";"Sim";3;0;1;1;1;0;2;2;-14,674761;-52,359517;"SPRF-MT";"DEL07-MT";"UOP01-DEL07-MT"
767453;2026-04-26;"domingo";"02:10:00";"PR";163;224;"CASCAVEL";"Reação tardia ou ineficiente do condutor";"Saída de leito carroçável";"Com Vítimas Feridas";"Plena Noite";"Decrescente";"Chuva";"Dupla";"Reta";"Não";1;0;1;0;0;0;1;1;-24,841701;-53,622813;"SPRF-PR";"DEL04-PR";"UOP01-DEL04-PR"
767455;2026-04-26;"domingo";"02:00:00";"PI";343;0,3;"TERESINA";"Ausência de reação do condutor";"Colisão com objeto";"Com Vítimas Feridas";"Plena Noite";"Decrescente";"Garoa/Chuvisco";"Múltipla";"Aclive;Reta";"Sim";1;0;1;0;0;0;1;1;-5,07902;-42,75247;"SPRF-PI";"DEL01-PI";"UOP01-DEL01-PI"
767456;2026-04-25;"sábado";"02:00:00";"SC";470;111;"IBIRAMA";"Velocidade Incompatível";"Colisão com objeto";"Sem Vítimas";"Plena Noite";"Decrescente";"Céu Claro";"Simples";"Curva";"Não";1;0;0;0;1;0;0;1;-27,08310305;-49,51065414;"SPRF-SC";"DEL04-SC";"UOP02-DEL04-SC"
767457;2026-04-26;"domingo";"02:17:00";"SC";101;215,3;"PALHOCA";"Ingestão de álcool pelo condutor";"Tombamento";"Com Vítimas Feridas";"Plena Noite";"Crescente";"Nublado";"Múltipla";"Aclive;Reta";"Sim";2;0;1;1;0;0;2;1;-27,654215;-48,67802;"SPRF-SC";"DEL01-SC";"UOP02-DEL01-SC"
767458;2026-04-26;"domingo";"04:20:00";"PR";476;149,8;"ARAUCARIA";"Reação tardia ou ineficiente do condutor";"Tombamento";"Com Vítimas Feridas";"Plena Noite";"Crescente";"Céu Claro";"Dupla";"Curva";"Não";2;0;1;0;0;1;1;2;-25,55748796;-49,36592007;"SPRF-PR";"DEL01-PR";"UOP06-DEL01-PR"
767460;2026-04-26;"domingo";"03:00:00";"PR";163;281;"MARECHAL CANDIDO RONDON";"Pedestre - Ingestão de álcool/ substâncias psicoativas";"Atropelamento de Pedestre";"Com Vítimas Fatais";"Plena Noite";"Decrescente";"Céu Claro";"Múltipla";"Reta";"Sim";3;1;0;0;2;0;0;2;-24,5374071;-54,04821603;"SPRF-PR";"DEL06-PR";"UOP02-DEL06-PR"
767462;2026-04-26;"domingo";"04:40:00";"RS";290;80;"GRAVATAI";"Ingestão de álcool pelo condutor";"Saída de leito carroçável";"Sem Vítimas";"Plena Noite";"Decrescente";"Nublado";"Múltipla";"Curva";"Não";1;0;0;0;1;0;0;1;-29,95401482;-51,06094002;"SPRF-RS";"DEL01-RS";"UOP01-DEL01-RS"
767463;2026-04-26;"domingo";"01:56:00";"PI";343;2;"TERESINA";"Ausência de reação do condutor";"Colisão traseira";"Com Vítimas Feridas";"Plena Noite";"Crescente";"Chuva";"Simples";"Rotatória";"Não";3;0;0;2;1;0;2;2;-5,26803299;-42,72740295;"SPRF-PI";"DEL01-PI";"UOP01-DEL01-PI"
767464;2026-04-26;"domingo";"03:20:00";"PR";163;208,9;"CASCAVEL";"Transitar na contramão";"Colisão lateral sentido oposto";"Sem Vítimas";"Plena Noite";"Decrescente";"Chuva";"Dupla";"Reta";"Não";2;0;0;0;1;1;0;2;-24,92176;-53,53657;"SPRF-PR";"DEL05-PR";"UOP05-DEL05-PR"
767466;2026-04-26;"domingo";"01:10:00";"SC";101;295;"IMBITUBA";"Ausência de reação do condutor";"Capotamento";"Sem Vítimas";"Plena Noite";"Decrescente";"Ignorado";"Múltipla";"Interseção de Vias";"Sim";1;0;0;0;1;0;0;1;-28,32372455;-48,72951508;"SPRF-SC";"DEL02-SC";"UOP03-DEL02-SC"
767467;2026-04-26;"domingo";"04:50:00";"GO";153;504;"APARECIDA DE GOIANIA";"Ingestão de álcool pelo condutor";"Colisão com objeto";"Sem Vítimas";"Plena Noite";"Crescente";"Céu Claro";"Dupla";"Reta";"Sim";1;0;0;0;1;0;0;1;-16,74166436;-49,24177086;"SPRF-GO";"DEL01-GO";"UOP01-DEL01-GO"
767468;2026-04-18;"sábado";"16:15:00";"RJ";101;316;"SAO GONCALO";"Manobra de mudança de faixa";"Colisão lateral mesmo sentido";"Com Vítimas Feridas";"Pleno dia";"Decrescente";"Céu Claro";"Dupla";"Reta";"Sim";3;0;1;1;1;0;2;2;-22,8389774;-43,0954141;"SPRF-RJ";"DEL02-RJ";"UOP02-DEL02-RJ"
767469;2026-04-18;"sábado";"12:26:00";"RJ";101;328;"NITEROI";"Ausência de reação do condutor";"Colisão traseira";"Com Vítimas Feridas";"Pleno dia";"Crescente";"Céu Claro";"Dupla";"Reta";"Não";3;0;1;0;2;0;1;2;-22,8786176;-43,1128576;"SPRF-RJ";"DEL02-RJ";"UOP01-DEL02-RJ"
767470;2026-04-25;"sábado";"23:30:00";"MG";381;651,2;"SANTO ANTONIO DO AMPARO";"Ingestão de álcool pelo condutor";"Colisão com objeto";"Sem Vítimas";"Plena Noite";"Crescente";"Céu Claro";"Dupla";"Curva";"Não";1;0;0;0;0;1;0;1;-20,95924798;-44,92153868;"SPRF-MG";"DEL04-MG";"UOP02-DEL04-MG"
767473;2026-04-26;"domingo";"06:55:00";"SP";116;276;"EMBU DAS ARTES";"Ausência de reação do condutor";"Tombamento";"Com Vítimas Feridas";"Pleno dia";"Decrescente";"Céu Claro";"Dupla";"Reta";"Sim";1;0;1;0;0;0;1;1;-23,63209387;-46,8219527;"SPRF-SP";"DEL04-SP";"UOP01-DEL04-SP"
767474;2026-04-26;"domingo";"06:30:00";"SC";470;27,9;"GASPAR";"Ausência de reação do condutor";"Saída de leito carroçável";"Sem Vítimas";"Plena Noite";"Crescente";"Chuva";"Dupla";"Reta";"Não";1;0;0;0;0;1;0;1;-26,89365509;-48,8994813;"SPRF-SC";"DEL04-SC";"UOP01-DEL04-SC"
767475;2026-04-26;"domingo";"07:00:00";"SC";280;190;"MAFRA";"Ingestão de álcool pelo condutor";"Saída de leito carroçável";"Sem Vítimas";"Pleno dia";"Decrescente";"Chuva";"Simples";"Curva;Retorno Regulamentado";"Sim";1;0;0;0;1;0;0;1;-26,17967223;-49,97887509;"SPRF-SC";"DEL06-SC";"UOP01-DEL06-SC"
767478;2026-04-26;"domingo";"07:15:00";"SC";101;56,9;"ARAQUARI";"Velocidade Incompatível";"Colisão com objeto";"Com Vítimas Feridas";"Pleno dia";"Crescente";"Chuva";"Dupla";"Reta";"Sim";2;0;1;0;1;0;1;1;-26,43656437;-48,81105272;"SPRF-SC";"DEL03-SC";"UOP01-DEL03-SC"
767481;2026-04-26;"domingo";"06:50:00";"MA";10;273;"IMPERATRIZ";"Ingestão de álcool pelo condutor";"Colisão lateral sentido oposto";"Sem Vítimas";"Pleno dia";"Crescente";"Céu Claro";"Simples";"Reta";"Não";8;0;0;0;8;0;0;2;-5,345925;-47,485853;"SPRF-MA";"DEL04-MA";"UOP01-DEL04-MA"
767483;2026-04-26;"domingo";"04:40:00";"MT";163;691;"LUCAS DO RIO VERDE";"Ausência de reação do condutor";"Colisão traseira";"Com Vítimas Feridas";"Amanhecer";"Decrescente";"Céu Claro";"Simples";"Aclive";"Não";5;0;3;1;1;0;4;2;-13,055803;-55,913055;"SPRF-MT";"DEL06-MT";"UOP01-DEL06-MT"
767486;2026-04-26;"domingo";"08:32:00";"MG";50;81,8;"UBERLANDIA";"Manobra de mudança de faixa";"Colisão lateral mesmo sentido";"Com Vítimas Feridas";"Pleno dia";"Crescente";"Céu Claro";"Dupla";"Reta";"Não";3;0;1;0;2;0;1;2;-18,974703;-48,214065;"SPRF-MG";"DEL15-MG";"UOP01-DEL15-MG"
767487;2026-04-26;"domingo";"08:50:00";"SC";101;53,3;"JOINVILLE";"Reação tardia ou ineficiente do condutor";"Colisão com objeto";"Com Vítimas Feridas";"Pleno dia";"Crescente";"Chuva";"Dupla";"Declive;Curva";"Não";1;0;1;0;0;0;1;1;-26,4155373;-48,83538421;"SPRF-SC";"DEL03-SC";"UOP01-DEL03-SC"
767488;2026-04-26;"domingo";"06:39:00";"RJ";101;323;"NITEROI";"Reação tardia ou ineficiente do condutor";"Colisão traseira";"Com Vítimas Feridas";"Pleno dia";"Decrescente";"Céu Claro";"Múltipla";"Reta;Ponte";"Sim";3;0;1;0;2;0;1;2;-22,87490991;-43,12374115;"SPRF-RJ";"DEL02-RJ";"UOP01-DEL02-RJ"
767489;2026-04-26;"domingo";"08:45:00";"MG";262;465,4;"BOM DESPACHO";"Ultrapassagem Indevida";"Colisão traseira";"Com Vítimas Feridas";"Pleno dia";"Crescente";"Céu Claro";"Simples";"Reta";"Não";4;0;4;0;0;0;4;2;-19,78841;-45,21361;"SPRF-MG";"DEL08-MG";"UOP03-DEL08-MG"
767492;2026-04-25;"sábado";"20:30:00";"RJ";40;110;"DUQUE DE CAXIAS";"Iluminação deficiente";"Tombamento";"Com Vítimas Feridas";"Plena Noite";"Crescente";"Céu Claro";"Simples";"Reta;Interseção de Vias";"Sim";1;0;0;1;0;0;1;1;-22,68290839;-43,28569646;"SPRF-RJ";"DEL01-RJ";"UOP02-DEL01-RJ"
767493;2026-04-26;"domingo";"09:30:00";"BA";324;516;"FEIRA DE SANTANA";"Desrespeitar a preferência no cruzamento";"Colisão transversal";"Com Vítimas Feridas";"Pleno dia";"Crescente";"Céu Claro";"Simples";"Interseção de Vias;Reta";"Sim";2;0;1;1;0;0;2;2;-12,250688;-38,9337442;"SPRF-BA";"DEL02-BA";"UOP01-DEL02-BA"
767495;2026-04-26;"domingo";"08:40:00";"PR";376;519;"PONTA GROSSA";"Reação tardia ou ineficiente do condutor";"Saída de leito carroçável";"Com Vítimas Feridas";"Pleno dia";"Decrescente";"Garoa/Chuvisco";"Dupla";"Curva;Declive";"Não";4;0;1;0;2;1;1;2;-25,26988889;-49,93875;"SPRF-PR";"DEL03-PR";"UOP03-DEL03-PR"
767496;2026-04-26;"domingo";"08:30:00";"DF";20;22;"BRASILIA";"Chuva";"Atropelamento de Pedestre";"Com Vítimas Fatais";"Pleno dia";"Crescente";"Chuva";"Dupla";"Desvio Temporário;Curva;Em Obras";"Sim";4;1;0;0;3;0;0;2;-15,59806177;-47,67477393;"SPRF-DF";"DEL02-DF";"UOP01-DEL02-DF"
767498;2026-04-25;"sábado";"23:13:00";"RJ";40;121;"DUQUE DE CAXIAS";"Reação tardia ou ineficiente do condutor";"Colisão lateral mesmo sentido";"Com Vítimas Feridas";"Plena Noite";"Decrescente";"Céu Claro";"Múltipla";"Reta";"Sim";2;0;1;0;1;0;1;2;-22,78378963;-43,2852749;"SPRF-RJ";"DEL01-RJ";"UOP02-DEL01-RJ"
767499;2026-04-26;"domingo";"08:00:00";"BA";116;748;"POCOES";"Pedestre andava na pista";"Atropelamento de Pedestre";"Com Vítimas Fatais";"Pleno dia";"Crescente";"Céu Claro";"Simples";"Reta";"Não";2;1;0;0;0;1;0;2;-14,48756127;-40,34083748;"SPRF-BA";"DEL08-BA";"UOP02-DEL08-BA"
767500;2026-04-26;"domingo";"10:10:00";"PR";277;252,3;"IRATI";"Ausência de reação do condutor";"Saída de leito carroçável";"Sem Vítimas";"Pleno dia";"Decrescente";"Garoa/Chuvisco";"Simples";"Reta";"Não";1;0;0;0;1;0;0;1;-25,443953;-50,681862;"SPRF-PR";"DEL08-PR";"UOP02-DEL08-PR"
767501;2026-02-09;"segunda-feira";"18:10:00";"SC";470;122,7;"IBIRAMA";"Reação tardia ou ineficiente do condutor";"Colisão lateral mesmo sentido";"Com Vítimas Feridas";"Pleno dia";"Crescente";"Céu Claro";"Simples";"Curva";"Não";6;0;2;1;0;3;3;3;-27,10447595;-49,52410048;"SPRF-SC";"DEL04-SC";"UOP02-DEL04-SC"
767502;2026-04-26;"domingo";"08:00:00";"PR";373;463,4;"CORONEL VIVIDA";"Ultrapassagem Indevida";"Colisão frontal";"Com Vítimas Fatais";"Amanhecer";"Crescente";"Garoa/Chuvisco";"Simples";"Curva";"Não";4;1;2;0;0;1;2;3;-25,96151;-52,42434;"SPRF-PR";"DEL02-PR";"UOP01-DEL02-PR"
767503;2026-04-26;"domingo";"10:00:00";"MG";262;361;"JUATUBA";"Ausência de reação do condutor";"Colisão traseira";"Com Vítimas Feridas";"Pleno dia";"Decrescente";"Céu Claro";"Dupla";"Curva";"Sim";3;0;1;0;2;0;1;2;-19,97366594;-44,31742642;"SPRF-MG";"DEL01-MG";"UOP03-DEL01-MG"
767504;2026-04-26;"domingo";"08:45:00";"SC";470;22;"ILHOTA";"Velocidade Incompatível";"Colisão com objeto";"Com Vítimas Feridas";"Pleno dia";"Decrescente";"Chuva";"Dupla";"Curva";"Não";1;0;1;0;0;0;1;1;-26,88074556;-48,83924659;"SPRF-SC";"DEL04-SC";"UOP04-DEL04-SC"
767506;2026-04-22;"quarta-feira";"16:30:00";"RJ";101;532;"ANGRA DOS REIS";"Ausência de reação do condutor";"Colisão traseira";"Sem Vítimas";"Anoitecer";"Crescente";"Céu Claro";"Simples";"Reta";"Não";2;0;0;0;2;0;0;2;-23,00385494;-44,46140639;"SPRF-RJ";"DEL03-RJ";"UOP03-DEL03-RJ"
767507;2026-04-26;"domingo";"07:50:00";"MT";163;807;"SINOP";"Afundamento ou ondulação no pavimento";"Queda de ocupante de veículo";"Com Vítimas Feridas";"Pleno dia";"Decrescente";"Céu Claro";"Simples";"Reta";"Não";1;0;1;0;0;0;1;1;-12,12076895;-55,51614258;"SPRF-MT";"DEL06-MT";"UOP02-DEL06-MT"
767508;2026-04-26;"domingo";"10:50:00";"PE";316;25;"ARARIPINA";"Desrespeitar a preferência no cruzamento";"Colisão transversal";"Com Vítimas Feridas";"Pleno dia";"Crescente";"Céu Claro";"Simples";"Reta";"Sim";3;0;0;2;1;0;2;2;-7,593093;-40,494583;"SPRF-PE";"DEL05-PE";"UOP02-DEL05-PE"
767509;2026-04-26;"domingo";"10:06:00";"SC";101;201,2;"SAO JOSE";"Velocidade Incompatível";"Colisão lateral mesmo sentido";"Com Vítimas Feridas";"Pleno dia";"Decrescente";"Chuva";"Múltipla";"Reta";"Não";3;0;0;2;1;0;2;2;-27,55224977;-48,61926019;"SPRF-SC";"DEL01-SC";"UOP01-DEL01-SC"
767512;2026-04-26;"domingo";"01:30:00";"PR";158;399,7;"LARANJEIRAS DO SUL";"Velocidade Incompatível";"Saída de leito carroçável";"Com Vítimas Fatais";"Plena Noite";"Crescente";"Céu Claro";"Simples";"Reta;Declive";"Não";1;1;0;0;0;0;0;1;-25,33601;-52,35921;"SPRF-PR";"DEL04-PR";"UOP02-DEL04-PR"
767514;2026-04-26;"domingo";"09:50:00";"PE";101;49;"ABREU E LIMA";"Condutor deixou de manter distância do veículo da frente";"Colisão traseira";"Sem Vítimas";"Pleno dia";"Crescente";"Sol";"Múltipla";"Curva";"Sim";2;0;0;0;1;1;0;2;-7,89998;-34,90242;"SPRF-PE";"DEL01-PE";"UOP02-DEL01-PE"