"id";"data_inversa";"dia_semana";"horario";"uf";"br";"km";"municipio";"causa_acidente";"tipo_acidente";"classificacao_acidente";"fase_dia";"sentido_via";"condicao_metereologica";"tipo_pista";"tracado_via";"uso_solo";"pessoas";"mortos";"feridos_leves";"feridos_graves";"ilesos";"ignorados";"feridos";"veiculos";"latitude";"longitude";"regional";"delegacia";"uop"
767724;2026-04-27;"segunda-feira";"07:30:00";"SC";470;73;"INDAIAL";"Demais falhas mecânicas ou elétricas";"Tombamento";"Com Vítimas Feridas";"Pleno dia";"Decrescente";"Céu Claro";"Simples";"Reta";"Não";2;0;2;0;0;0;2;1;-26,9122517;-49,2781933;"SPRF-SC";"DEL04-SC";"UOP01-DEL04-SC"
767725;2026-04-27;"segunda-feira";"08:30:00";"SC";101;206,4;"SAO JOSE";"Acessar a via sem observar a presença dos outros veículos";"Colisão transversal";"Com Vítimas Feridas";"Pleno dia";"Crescente";"Céu Claro";"Múltipla";"Interseção de Vias";"Sim";2;0;1;0;1;0;1;2;-27,59632;-48,61983;"SPRF-SC";"DEL01-SC";"UOP01-DEL01-SC"
767726;2026-04-27;"segunda-feira";"07:55:00";"PR";376;221;"CAMBIRA";"Acumulo de água sobre o pavimento";"Saída de leito carroçável";"Com Vítimas Feridas";"Pleno dia";"Decrescente";"Garoa/Chuvisco";"Dupla";"Curva";"Não";3;0;0;3;0;0;3;1;-23,601615;-51,6016807;"SPRF-PR";"DEL09-PR";"UOP01-DEL09-PR"
767727;2026-04-24;"sexta-feira";"16:25:00";"SC";101;160;"PORTO BELO";"Reação tardia ou ineficiente do condutor";"Colisão traseira";"Com Vítimas Feridas";"Pleno dia";"Crescente";"Céu Claro";"Dupla";"Reta";"Sim";3;0;1;0;2;0;1;2;-27,20866989;-48,61997056;"SPRF-SC";"DEL04-SC";"UOP03-DEL04-SC"
767728;2026-04-27;"segunda-feira";"07:40:00";"SC";101;138,5;"BALNEARIO CAMBORIU";"Acumulo de óleo sobre o pavimento";"Tombamento";"Com Vítimas Feridas";"Pleno dia";"Crescente";"Céu Claro";"Múltipla";"Curva";"Sim";1;0;1;0;0;0;1;1;-27,02798357;-48,60569358;"SPRF-SC";"DEL04-SC";"UOP03-DEL04-SC"
767729;2026-04-27;"segunda-feira";"08:55:00";"GO";60;97,1;"ANAPOLIS";"Condutor deixou de manter distância do veículo da frente";"Colisão traseira";"Com Vítimas Feridas";"Pleno dia";"Decrescente";"Céu Claro";"Dupla";"Retorno Regulamentado;Reta";"Sim";2;0;0;1;1;0;1;2;-16,37792536;-48,94911289;"SPRF-GO";"DEL02-GO";"UOP01-DEL02-GO"
767730;2026-04-27;"segunda-feira";"08:45:00";"ES";262;51,5;"MARECHAL FLORIANO";"Manobra de mudança de faixa";"Colisão lateral mesmo sentido";"Com Vítimas Feridas";"Pleno dia";"Crescente";"Céu Claro";"Simples";"Reta";"Não";2;0;1;0;0;1;1;2;-20,413335;-40,721287;"SPRF-ES";"DEL01-ES";"UOP01-DEL01-ES"
767731;2026-04-27;"segunda-feira";"07:50:00";"PR";376;432,5;"TIBAGI";"Ausência de reação do condutor";"Saída de leito carroçável";"Sem Vítimas";"Pleno dia";"Decrescente";"Nublado";"Dupla";"Aclive";"Não";2;0;0;0;2;0;0;1;-24,795145;-50,495444;"SPRF-PR";"DEL03-PR";"UOP02-DEL03-PR"
767732;2026-04-27;"segunda-feira";"07:30:00";"DF";60;30;"BRASILIA";"Pedestre cruzava a pista fora da faixa";"Atropelamento de Pedestre";"Com Vítimas Feridas";"Pleno dia";"Decrescente";"Céu Claro";"Dupla";"Aclive";"Sim";2;0;1;0;1;0;1;2;-16,043827;-48,256378;"SPRF-DF";"DEL03-DF";"UOP01-DEL03-DF"
767734;2026-04-27;"segunda-feira";"06:15:00";"PR";277;513,8;"GUARANIACU";"Animais na Pista";"Atropelamento de Animal";"Com Vítimas Feridas";"Amanhecer";"Decrescente";"Nublado";"Simples";"Reta";"Não";1;0;1;0;0;0;1;1;-25,1217;-52,7856;"SPRF-PR";"DEL04-PR";"UOP04-DEL04-PR"
767735;2026-04-27;"segunda-feira";"07:40:00";"PR";376;185;"SARANDI";"Reação tardia ou ineficiente do condutor";"Colisão lateral mesmo sentido";"Com Vítimas Feridas";"Pleno dia";"Crescente";"Garoa/Chuvisco";"Dupla";"Reta";"Sim";2;0;1;0;1;0;1;2;-23,447506;-51,860504;"SPRF-PR";"DEL09-PR";"UOP01-DEL09-PR"
767736;2026-04-27;"segunda-feira";"07:10:00";"DF";60;8;"BRASILIA";"Animais na Pista";"Atropelamento de Animal";"Com Vítimas Feridas";"Pleno dia";"Decrescente";"Céu Claro";"Dupla";"Reta";"Não";1;0;0;1;0;0;1;1;-15,90553;-48,136462;"SPRF-DF";"DEL03-DF";"UOP01-DEL03-DF"
767737;2026-04-27;"segunda-feira";"08:30:00";"SC";101;209,7;"SAO JOSE";"Trafegar com motocicleta (ou similar) entre as faixas";"Colisão lateral mesmo sentido";"Com Vítimas Feridas";"Pleno dia";"Decrescente";"Céu Claro";"Múltipla";"Reta";"Sim";3;0;2;0;0;1;2;2;-27,61463078;-48,6433932;"SPRF-SC";"DEL01-SC";"UOP01-DEL01-SC"
767738;2026-04-27;"segunda-feira";"07:30:00";"PI";316;8,8;"TERESINA";"Avarias e/ou desgaste excessivo no pneu";"Tombamento";"Com Vítimas Feridas";"Pleno dia";"Decrescente";"Sol";"Múltipla";"Reta";"Sim";2;0;1;1;0;0;2;1;-5,17202;-42,76674;"SPRF-PI";"DEL01-PI";"UOP02-DEL01-PI"
767739;2026-04-27;"segunda-feira";"07:30:00";"PR";376;242;"APUCARANA";"Chuva";"Saída de leito carroçável";"Com Vítimas Feridas";"Pleno dia";"Decrescente";"Chuva";"Dupla";"Curva";"Não";1;0;1;0;0;0;1;1;-23,581154;-51,426332;"SPRF-PR";"DEL07-PR";"UOP03-DEL07-PR"
767740;2026-04-27;"segunda-feira";"07:20:00";"RJ";393;282;"VOLTA REDONDA";"Acessar a via sem observar a presença dos outros veículos";"Colisão transversal";"Com Vítimas Feridas";"Pleno dia";"Decrescente";"Céu Claro";"Simples";"Reta";"Sim";3;0;3;0;0;0;3;2;-22,4817794;-44,0631299;"SPRF-RJ";"DEL05-RJ";"UOP04-DEL05-RJ"
767741;2026-04-01;"quarta-feira";"07:27:00";"RN";406;160,6;"CEARA-MIRIM";"Pista Escorregadia";"Colisão traseira";"Com Vítimas Feridas";"Pleno dia";"Crescente";"Chuva";"Simples";"Reta";"Sim";2;0;2;0;0;0;2;2;-5,70891393;-35,37631989;"SPRF-RN";"DEL02-RN";"UOP01-DEL02-RN"
767742;2026-04-27;"segunda-feira";"08:20:00";"ES";101;212,9;"IBIRACU";"Pedestre andava na pista";"Atropelamento de Pedestre";"Com Vítimas Feridas";"Pleno dia";"Crescente";"Céu Claro";"Simples";"Reta";"Sim";2;0;0;1;0;1;1;2;-19,822963;-40,370026;"SPRF-ES";"DEL02-ES";"UOP01-DEL02-ES"
767746;2026-04-27;"segunda-feira";"09:00:00";"SC";280;28,3;"ARAQUARI";"Conversão proibida";"Colisão lateral mesmo sentido";"Com Vítimas Feridas";"Pleno dia";"Crescente";"Sol";"Simples";"Reta";"Sim";3;0;1;0;1;1;1;3;-26,406509;-48,747702;"SPRF-SC";"DEL03-SC";"UOP03-DEL03-SC"
767748;2026-04-27;"segunda-feira";"07:30:00";"MG";381;938,2;"EXTREMA";"Manobra de mudança de faixa";"Colisão lateral mesmo sentido";"Com Vítimas Feridas";"Pleno dia";"Decrescente";"Nublado";"Dupla";"Reta";"Sim";2;0;1;0;1;0;1;2;-22,81729787;-46,29376566;"SPRF-MG";"DEL16-MG";"UOP03-DEL16-MG"
767749;2026-04-27;"segunda-feira";"08:10:00";"RR";174;463,9;"BOA VISTA";"Demais falhas mecânicas ou elétricas";"Saída de leito carroçável";"Com Vítimas Feridas";"Pleno dia";"Crescente";"Nublado";"Simples";"Reta";"Não";2;0;1;0;1;0;1;1;2,61465137;-60,87707663;"SPRF-RR";"DEL01-RR";"UOP01-DEL01-RR"
767750;2026-04-14;"terça-feira";"19:50:00";"RN";405;69;"APODI";"Animais na Pista";"Atropelamento de Animal";"Sem Vítimas";"Pleno dia";"Decrescente";"Garoa/Chuvisco";"Simples";"Reta";"Não";2;0;0;0;2;0;0;1;-5,60029;-37,77592;"SPRF-RN";"DEL04-RN";"UOP02-DEL04-RN"
767752;2026-04-27;"segunda-feira";"09:40:00";"SP";116;553;"BARRA DO TURVO";"Acumulo de água sobre o pavimento";"Colisão com objeto";"Sem Vítimas";"Pleno dia";"Crescente";"Garoa/Chuvisco";"Dupla";"Curva";"Não";2;0;0;0;2;0;0;1;-24,96865834;-48,49364933;"SPRF-SP";"DEL05-SP";"UOP02-DEL05-SP"
767753;2026-04-24;"sexta-feira";"07:40:00";"PR";376;620;"SAO JOSE DOS PINHAIS";"Acessar a via sem observar a presença dos outros veículos";"Colisão transversal";"Com Vítimas Feridas";"Pleno dia";"Decrescente";"Céu Claro";"Simples";"Reta;Interseção de Vias";"Sim";2;0;2;0;0;0;2;2;-25,6170403;-49,1695716;"SPRF-PR";"DEL01-PR";"UOP04-DEL01-PR"
767755;2026-02-14;"sábado";"17:00:00";"RJ";40;120;"DUQUE DE CAXIAS";"Condutor deixou de manter distância do veículo da frente";"Colisão traseira";"Com Vítimas Feridas";"Pleno dia";"Decrescente";"Céu Claro";"Dupla";"Reta";"Sim";2;0;0;1;1;0;1;2;-22,77702356;-43,2856575;"SPRF-RJ";"DEL01-RJ";"UOP02-DEL01-RJ"
767759;2026-04-27;"segunda-feira";"10:00:00";"PE";232;135;"CARUARU";"Retorno proibido";"Colisão transversal";"Com Vítimas Feridas";"Pleno dia";"Crescente";"Céu Claro";"Dupla";"Aclive;Reta";"Não";2;0;1;0;1;0;1;2;-8,31303;-36,03966;"SPRF-PE";"DEL02-PE";"UOP03-DEL02-PE"
767760;2026-04-27;"segunda-feira";"10:00:00";"RJ";101;489;"ANGRA DOS REIS";"Transitar na contramão";"Colisão frontal";"Com Vítimas Feridas";"Pleno dia";"Crescente";"Céu Claro";"Simples";"Curva";"Não";6;0;1;0;5;0;1;2;-22,98995219;-44,24186714;"SPRF-RJ";"DEL03-RJ";"UOP03-DEL03-RJ"
767761;2026-04-27;"segunda-feira";"10:00:00";"PE";316;367;"PETROLANDIA";"Ingestão de álcool pelo condutor";"Colisão traseira";"Sem Vítimas";"Pleno dia";"Crescente";"Céu Claro";"Simples";"Reta";"Sim";2;0;0;0;2;0;0;2;-8,98686876;-38,21663666;"SPRF-PE";"DEL04-PE";"UOP03-DEL04-PE"
767762;2026-04-27;"segunda-feira";"11:00:00";"RJ";495;30;"PETROPOLIS";"Acessar a via sem observar a presença dos outros veículos";"Colisão lateral mesmo sentido";"Com Vítimas Feridas";"Pleno dia";"Crescente";"Céu Claro";"Dupla";"Curva";"Sim";2;0;1;0;1;0;1;2;-22,3967884;-43,1230586;"SPRF-RJ";"DEL05-RJ";"UOP02-DEL05-RJ"
767763;2026-04-27;"segunda-feira";"11:10:00";"SC";101;136;"BALNEARIO CAMBORIU";"Condutor usando celular";"Colisão com objeto";"Com Vítimas Feridas";"Pleno dia";"Crescente";"Sol";"Dupla";"Curva";"Não";1;0;1;0;0;0;1;1;-27,00963247;-48,61556411;"SPRF-SC";"DEL04-SC";"UOP03-DEL04-SC"
767766;2026-04-27;"segunda-feira";"07:35:00";"PI";316;9;"TERESINA";"Ausência de reação do condutor";"Colisão traseira";"Com Vítimas Feridas";"Pleno dia";"Decrescente";"Céu Claro";"Múltipla";"Reta";"Sim";2;0;0;1;0;1;1;2;-5,16896966;-42,76784062;"SPRF-PI";"DEL01-PI";"UOP02-DEL01-PI"
767768;2026-04-27;"segunda-feira";"08:45:00";"SP";116;564;"BARRA DO TURVO";"Reação tardia ou ineficiente do condutor";"Queda de ocupante de veículo";"Com Vítimas Feridas";"Pleno dia";"Crescente";"Chuva";"Dupla";"Curva;Aclive";"Não";2;0;2;0;0;0;2;1;-25,03568;-48,5370678;"SPRF-SP";"DEL05-SP";"UOP02-DEL05-SP"
767769;2026-04-27;"segunda-feira";"12:20:00";"PB";230;25;"JOAO PESSOA";"Reação tardia ou ineficiente do condutor";"Colisão lateral mesmo sentido";"Com Vítimas Feridas";"Pleno dia";"Decrescente";"Sol";"Dupla";"Reta";"Sim";2;0;1;0;1;0;1;2;-7,16943112;-34,87948805;"SPRF-PB";"DEL01-PB";"UOP01-DEL01-PB"
767771;2026-04-27;"segunda-feira";"11:20:00";"SP";116;511;"CAJATI";"Reação tardia ou ineficiente do condutor";"Colisão com objeto";"Com Vítimas Feridas";"Pleno dia";"Decrescente";"Garoa/Chuvisco";"Dupla";"Curva;Declive";"Não";2;0;1;0;1;0;1;1;-24,8456698;-48,212704;"SPRF-SP";"DEL05-SP";"UOP02-DEL05-SP"
767772;2026-04-27;"segunda-feira";"09:30:00";"PI";316;312;"PICOS";"Ausência de reação do condutor";"Colisão traseira";"Com Vítimas Feridas";"Pleno dia";"Decrescente";"Céu Claro";"Simples";"Reta";"Não";2;0;1;0;1;0;1;2;-7,078415;-41,436887;"SPRF-PI";"DEL04-PI";"UOP01-DEL04-PI"
767774;2026-04-27;"segunda-feira";"12:00:00";"MG";381;503,4;"BETIM";"Avarias e/ou desgaste excessivo no pneu";"Atropelamento de Pedestre";"Com Vítimas Feridas";"Pleno dia";"Crescente";"Céu Claro";"Dupla";"Reta;Declive";"Sim";2;0;1;0;1;0;1;2;-20,026065;-44,231952;"SPRF-MG";"DEL01-MG";"UOP03-DEL01-MG"
767775;2026-04-27;"segunda-feira";"11:15:00";"PR";376;506;"PONTA GROSSA";"Ausência de reação do condutor";"Capotamento";"Com Vítimas Feridas";"Pleno dia";"Decrescente";"Céu Claro";"Dupla";"Reta";"Não";2;0;1;0;1;0;1;1;-25,24111021;-50,03169;"SPRF-PR";"DEL03-PR";"UOP03-DEL03-PR"
767776;2026-04-27;"segunda-feira";"12:35:00";"ES";101;146;"LINHARES";"Manobra de mudança de faixa";"Colisão traseira";"Com Vítimas Feridas";"Pleno dia";"Crescente";"Céu Claro";"Dupla";"Reta";"Sim";2;0;1;0;0;1;1;2;-19,37631446;-40,06653182;"SPRF-ES";"DEL04-ES";"UOP01-DEL04-ES"
767779;2026-04-27;"segunda-feira";"09:50:00";"MG";116;274;"TEOFILO OTONI";"Reação tardia ou ineficiente do condutor";"Colisão lateral mesmo sentido";"Com Vítimas Feridas";"Pleno dia";"Crescente";"Céu Claro";"Simples";"Reta";"Sim";2;0;1;0;1;0;1;2;-17,840135;-41,513445;"SPRF-MG";"DEL11-MG";"UOP01-DEL11-MG"
767780;2026-04-27;"segunda-feira";"13:05:00";"RS";116;149,2;"CAXIAS DO SUL";"Manobra de mudança de faixa";"Colisão lateral mesmo sentido";"Com Vítimas Feridas";"Pleno dia";"Crescente";"Céu Claro";"Dupla";"Reta";"Sim";2;0;1;0;1;0;1;2;-29,162006;-51,15707;"SPRF-RS";"DEL05-RS";"UOP01-DEL05-RS"
767781;2026-04-27;"segunda-feira";"13:30:00";"PR";277;1,9;"PARANAGUA";"Acessar a via sem observar a presença dos outros veículos";"Colisão transversal";"Com Vítimas Feridas";"Pleno dia";"Crescente";"Céu Claro";"Dupla";"Interseção de Vias";"Não";6;0;5;0;1;0;5;3;-25,507068;-48,528185;"SPRF-PR";"DEL01-PR";"UOP05-DEL01-PR"
767782;2026-04-27;"segunda-feira";"13:30:00";"RJ";116;179;"BELFORD ROXO";"Ausência de reação do condutor";"Colisão traseira";"Com Vítimas Feridas";"Pleno dia";"Crescente";"Céu Claro";"Múltipla";"Reta";"Não";3;0;1;0;2;0;1;2;-22,7754002;-43,3991286;"SPRF-RJ";"DEL06-RJ";"UOP01-DEL06-RJ"
767783;2026-04-27;"segunda-feira";"13:30:00";"SP";488;1,6;"APARECIDA";"Reação tardia ou ineficiente do condutor";"Colisão traseira";"Com Vítimas Feridas";"Pleno dia";"Decrescente";"Sol";"Dupla";"Rotatória";"Sim";2;0;1;0;1;0;1;2;-22,84766127;-45,23499345;"SPRF-SP";"DEL08-SP";"UOP01-DEL08-SP"
767785;2026-04-27;"segunda-feira";"09:10:00";"BA";324;2;"FEIRA DE SANTANA";"Ausência de reação do condutor";"Queda de ocupante de veículo";"Com Vítimas Feridas";"Pleno dia";"Crescente";"Sol";"Simples";"Curva;Viaduto";"Não";2;0;2;0;0;0;2;1;-12,283432;-38,947143;"SPRF-BA";"DEL02-BA";"UOP01-DEL02-BA"
767787;2026-04-27;"segunda-feira";"12:25:00";"SC";101;8;"BIGUACU";"Demais falhas mecânicas ou elétricas";"Tombamento";"Com Vítimas Feridas";"Pleno dia";"Decrescente";"Céu Claro";"Dupla";"Reta";"Não";2;0;2;0;0;0;2;1;-27,39346;-48,69854;"SPRF-SC";"DEL01-SC";"UOP01-DEL01-SC"
767789;2026-04-27;"segunda-feira";"11:40:00";"MS";359;202;"COXIM";"Ausência de reação do condutor";"Saída de leito carroçável";"Com Vítimas Feridas";"Pleno dia";"Crescente";"Céu Claro";"Simples";"Reta";"Não";2;0;2;0;0;0;2;1;-18,44112;-54,492039;"SPRF-MS";"DEL06-MS";"UOP01-DEL06-MS"
767790;2026-04-27;"segunda-feira";"11:40:00";"MG";116;529,3;"CARATINGA";"Ausência de reação do condutor";"Colisão transversal";"Com Vítimas Feridas";"Pleno dia";"Crescente";"Céu Claro";"Simples";"Reta";"Não";2;0;0;1;1;0;1;2;-19,80987105;-42,13540077;"SPRF-MG";"DEL06-MG";"UOP02-DEL06-MG"
767793;2026-04-27;"segunda-feira";"12:50:00";"MT";163;741;"SORRISO";"Avarias e/ou desgaste excessivo no pneu";"Saída de leito carroçável";"Com Vítimas Feridas";"Pleno dia";"Crescente";"Céu Claro";"Simples";"Aclive;Reta";"Não";2;0;1;0;1;0;1;1;-12,6338;-55,7769;"SPRF-MT";"DEL06-MT";"UOP01-DEL06-MT"
767794;2026-04-27;"segunda-feira";"13:30:00";"RJ";116;175;"SAO JOAO DE MERITI";"Demais falhas mecânicas ou elétricas";"Incêndio";"Sem Vítimas";"Pleno dia";"Decrescente";"Sol";"Múltipla";"Reta";"Não";1;0;0;0;1;0;0;1;-22,7895747;-43,3728793;"SPRF-RJ";"DEL06-RJ";"UOP01-DEL06-RJ"
767795;2026-04-27;"segunda-feira";"10:30:00";"MG";116;276,3;"TEOFILO OTONI";"Reação tardia ou ineficiente do condutor";"Colisão lateral mesmo sentido";"Com Vítimas Feridas";"Pleno dia";"Crescente";"Céu Claro";"Simples";"Reta";"Sim";2;0;0;1;1;0;1;2;-17,85574;-41,514522;"SPRF-MG";"DEL11-MG";"UOP01-DEL11-MG"
767796;2026-04-27;"segunda-feira";"13:55:00";"SP";116;206;"GUARULHOS";"Demais falhas mecânicas ou elétricas";"Incêndio";"Sem Vítimas";"Pleno dia";"Decrescente";"Nublado";"Múltipla";"Reta";"Sim";2;0;0;0;2;0;0;1;-23,4197115;-46,38404;"SPRF-SP";"DEL01-SP";"UOP01-DEL01-SP"
767797;2026-04-27;"segunda-feira";"13:30:00";"GO";60;234,3;"INDIARA";"Manobra de mudança de faixa";"Saída de leito carroçável";"Com Vítimas Feridas";"Pleno dia";"Crescente";"Sol";"Dupla";"Reta;Declive";"Não";3;0;1;0;2;0;1;1;-17,083834;-49,840101;"SPRF-GO";"DEL01-GO";"UOP02-DEL01-GO"
767798;2026-04-27;"segunda-feira";"14:30:00";"SC";101;202;"SAO JOSE";"Reação tardia ou ineficiente do condutor";"Colisão traseira";"Com Vítimas Feridas";"Pleno dia";"Crescente";"Céu Claro";"Múltipla";"Interseção de Vias";"Sim";3;0;2;0;0;1;2;2;-27,55577;-48,61936;"SPRF-SC";"DEL01-SC";"UOP01-DEL01-SC"
767799;2026-04-27;"segunda-feira";"14:30:00";"MG";381;477,9;"CONTAGEM";"Condutor deixou de manter distância do veículo da frente";"Colisão traseira";"Com Vítimas Feridas";"Pleno dia";"Decrescente";"Céu Claro";"Dupla";"Reta";"Sim";2;0;1;0;1;0;1;2;-19,96302293;-44,04075623;"SPRF-MG";"DEL01-MG";"UOP03-DEL01-MG"
767802;2026-04-24;"sexta-feira";"18:00:00";"PE";428;138;"LAGOA GRANDE";"Demais falhas mecânicas ou elétricas";"Incêndio";"Sem Vítimas";"Pleno dia";"Crescente";"Céu Claro";"Simples";"Reta";"Não";1;0;0;0;0;1;0;1;-8,98753433;-40,26207827;"SPRF-PE";"DEL06-PE";"UOP03-DEL06-PE"
767803;2026-04-27;"segunda-feira";"13:50:00";"RO";364;237,4;"CACOAL";"Reação tardia ou ineficiente do condutor";"Colisão lateral mesmo sentido";"Com Vítimas Feridas";"Pleno dia";"Decrescente";"Chuva";"Simples";"Retorno Regulamentado";"Sim";2;0;2;0;0;0;2;2;-11,440912;-61,451338;"SPRF-RO";"DEL02-RO";"UOP02-DEL02-RO"
767804;2026-04-27;"segunda-feira";"14:30:00";"RS";116;114,9;"SAO MARCOS";"Desrespeitar a preferência no cruzamento";"Colisão transversal";"Com Vítimas Feridas";"Pleno dia";"Crescente";"Céu Claro";"Simples";"Rotatória";"Sim";2;0;1;0;1;0;1;2;-28,969963;-51,07124;"SPRF-RS";"DEL05-RS";"UOP01-DEL05-RS"
767806;2026-04-27;"segunda-feira";"11:19:00";"SP";116;213;"GUARULHOS";"Demais falhas mecânicas ou elétricas";"Colisão com objeto";"Com Vítimas Feridas";"Pleno dia";"Crescente";"Nublado";"Dupla";"Declive";"Sim";2;0;1;0;1;0;1;1;-23,43895307;-46,43562037;"SPRF-SP";"DEL01-SP";"UOP01-DEL01-SP"
767808;2026-04-27;"segunda-feira";"14:20:00";"RS";290;33,5;"SANTO ANTONIO DA PATRULHA";"Avarias e/ou desgaste excessivo no pneu";"Saída de leito carroçável";"Com Vítimas Feridas";"Pleno dia";"Decrescente";"Sol";"Dupla";"Reta";"Não";2;0;1;0;1;0;1;1;-29,88640079;-50,59208197;"SPRF-RS";"DEL03-RS";"UOP01-DEL03-RS"
767809;2026-02-28;"sábado";"14:24:00";"MA";10;264;"IMPERATRIZ";"Reação tardia ou ineficiente do condutor";"Colisão traseira";"Sem Vítimas";"Pleno dia";"Crescente";"Nublado";"Simples";"Reta;Aclive";"Sim";2;0;0;0;2;0;0;2;-5,42631;-47,47283;"SPRF-MA";"DEL04-MA";"UOP01-DEL04-MA"
767810;2026-04-27;"segunda-feira";"15:30:00";"SC";282;16;"PALHOCA";"Ausência de reação do condutor";"Colisão lateral mesmo sentido";"Com Vítimas Feridas";"Pleno dia";"Crescente";"Céu Claro";"Simples";"Reta";"Sim";2;0;1;0;1;0;1;2;-27,65722705;-48,68071222;"SPRF-SC";"DEL01-SC";"UOP02-DEL01-SC"
767811;2026-04-27;"segunda-feira";"14:45:00";"BA";324;615;"SALVADOR";"Demais falhas mecânicas ou elétricas";"Incêndio";"Sem Vítimas";"Pleno dia";"Crescente";"Céu Claro";"Dupla";"Reta";"Não";1;0;0;0;1;0;0;1;-12,875723;-38,429783;"SPRF-BA";"DEL01-BA";"UOP01-DEL01-BA"
767812;2026-04-27;"segunda-feira";"15:15:00";"PR";376;311,6;"ORTIGUEIRA";"Chuva";"Colisão com objeto";"Com Vítimas Feridas";"Pleno dia";"Decrescente";"Chuva";"Dupla";"Curva;Aclive";"Não";1;0;1;0;0;0;1;1;-23,9841277;-51,08312055;"SPRF-PR";"DEL07-PR";"UOP02-DEL07-PR"
767813;2026-04-27;"segunda-feira";"15:30:00";"MG";116;276,2;"TEOFILO OTONI";"Entrada inopinada do pedestre";"Atropelamento de Pedestre";"Com Vítimas Feridas";"Pleno dia";"Crescente";"Céu Claro";"Simples";"Reta";"Sim";2;0;1;1;0;0;2;2;-17,853267;-41,514347;"SPRF-MG";"DEL11-MG";"UOP01-DEL11-MG"
767814;2026-04-27;"segunda-feira";"15:15:00";"PR";116;116;"CURITIBA";"Manobra de mudança de faixa";"Colisão lateral mesmo sentido";"Com Vítimas Feridas";"Pleno dia";"Crescente";"Céu Claro";"Dupla";"Reta";"Sim";5;0;1;0;4;0;1;3;-25,5531222;-49,3054222;"SPRF-PR";"DEL01-PR";"UOP03-DEL01-PR"
767816;2026-04-27;"segunda-feira";"16:25:00";"GO";414;403;"CORUMBA DE GOIAS";"Acumulo de água sobre o pavimento";"Saída de leito carroçável";"Com Vítimas Feridas";"Pleno dia";"Decrescente";"Chuva";"Simples";"Curva";"Não";2;0;2;0;0;0;2;1;-15,9925;-48,83675;"SPRF-GO";"DEL02-GO";"UOP01-DEL02-GO"
767817;2026-04-27;"segunda-feira";"16:10:00";"PB";230;290;"SANTA LUZIA";"Acessar a via sem observar a presença dos outros veículos";"Colisão transversal";"Com Vítimas Feridas";"Pleno dia";"Crescente";"Céu Claro";"Simples";"Reta";"Não";2;0;0;1;1;0;1;2;-6,870462;-36,924638;"SPRF-PB";"DEL03-PB";"UOP01-DEL03-PB"
767822;2026-04-27;"segunda-feira";"16:30:00";"RJ";116;183;"NOVA IGUACU";"Condutor deixou de manter distância do veículo da frente";"Colisão lateral mesmo sentido";"Com Vítimas Feridas";"Pleno dia";"Crescente";"Céu Claro";"Múltipla";"Reta";"Sim";2;0;1;0;1;0;1;2;-22,7563886;-43,4316655;"SPRF-RJ";"DEL06-RJ";"UOP01-DEL06-RJ"
767824;2026-04-27;"segunda-feira";"15:00:00";"BA";420;349;"JAGUAQUARA";"Manobra de mudança de faixa";"Colisão frontal";"Com Vítimas Feridas";"Pleno dia";"Crescente";"Céu Claro";"Simples";"Reta";"Não";3;0;0;1;2;0;1;2;-13,51622338;-40,00687346;"SPRF-BA";"DEL03-BA";"UOP01-DEL03-BA"
767825;2026-04-27;"segunda-feira";"11:30:00";"BA";20;149,8;"SAO DESIDERIO";"Afundamento ou ondulação no pavimento";"Tombamento";"Com Vítimas Feridas";"Pleno dia";"Crescente";"Chuva";"Simples";"Reta";"Não";2;0;1;0;1;0;1;1;-12,64258;-45,9201;"SPRF-BA";"DEL10-BA";"UOP01-DEL10-BA"
767826;2026-04-27;"segunda-feira";"16:45:00";"SP";488;1;"APARECIDA";"Manobra de mudança de faixa";"Colisão lateral mesmo sentido";"Com Vítimas Feridas";"Pleno dia";"Decrescente";"Céu Claro";"Dupla";"Reta";"Sim";3;0;2;0;1;0;2;2;-22,84906;-45,23174;"SPRF-SP";"DEL08-SP";"UOP01-DEL08-SP"
767827;2026-04-27;"segunda-feira";"14:40:00";"SC";101;132,2;"CAMBORIU";"Condutor deixou de manter distância do veículo da frente";"Colisão lateral mesmo sentido";"Com Vítimas Feridas";"Pleno dia";"Crescente";"Céu Claro";"Simples";"Aclive";"Sim";2;0;0;1;1;0;1;2;-26,99746;-48,65333;"SPRF-SC";"DEL04-SC";"UOP03-DEL04-SC"
767829;2026-04-27;"segunda-feira";"17:10:00";"PR";277;672,3;"MEDIANEIRA";"Acessar a via sem observar a presença dos outros veículos";"Colisão transversal";"Com Vítimas Feridas";"Pleno dia";"Decrescente";"Nublado";"Simples";"Interseção de Vias;Reta";"Sim";2;0;1;0;1;0;1;2;-25,283813;-54,084539;"SPRF-PR";"DEL05-PR";"UOP01-DEL05-PR"
767830;2026-04-27;"segunda-feira";"16:15:00";"PR";376;302;"MAUA DA SERRA";"Velocidade Incompatível";"Capotamento";"Com Vítimas Feridas";"Pleno dia";"Decrescente";"Céu Claro";"Dupla";"Curva";"Não";2;0;1;1;0;0;2;1;-23,9316;-51,13067;"SPRF-PR";"DEL07-PR";"UOP02-DEL07-PR"
767831;2026-04-27;"segunda-feira";"15:30:00";"PE";232;271;"SERTANIA";"Ausência de reação do condutor";"Saída de leito carroçável";"Com Vítimas Feridas";"Pleno dia";"Crescente";"Céu Claro";"Simples";"Reta";"Não";3;0;1;0;2;0;1;1;-8,39364;-37,231187;"SPRF-PE";"DEL04-PE";"UOP02-DEL04-PE"