"id";"data_inversa";"dia_semana";"horario";"uf";"br";"km";"municipio";"causa_acidente";"tipo_acidente";"classificacao_acidente";"fase_dia";"sentido_via";"condicao_metereologica";"tipo_pista";"tracado_via";"uso_solo";"pessoas";"mortos";"feridos_leves";"feridos_graves";"ilesos";"ignorados";"feridos";"veiculos";"latitude";"longitude";"regional";"delegacia";"uop"
768095;2026-04-28;"terça-feira";"20:35:00";"SC";282;503,8;"XANXERE";"Velocidade Incompatível";"Saída de leito carroçável";"Com Vítimas Fatais";"Plena Noite";"Decrescente";"Chuva";"Dupla";"Curva";"Sim";3;1;2;0;0;0;2;1;-26,88254446;-52,40420866;"SPRF-SC";"DEL07-SC";"UOP01-DEL07-SC"
768097;2026-04-28;"terça-feira";"22:18:00";"PE";101;46,3;"IGARASSU";"Entrada inopinada do pedestre";"Atropelamento de Pedestre";"Com Vítimas Fatais";"Plena Noite";"Crescente";"Céu Claro";"Múltipla";"Reta";"Sim";2;1;0;0;0;1;0;2;-7,878215;-34,90562;"SPRF-PE";"DEL01-PE";"UOP02-DEL01-PE"
768098;2026-04-28;"terça-feira";"21:45:00";"RS";386;437,5;"NOVA SANTA RITA";"Ausência de reação do condutor";"Tombamento";"Com Vítimas Feridas";"Plena Noite";"Crescente";"Céu Claro";"Dupla";"Reta;Retorno Regulamentado";"Sim";1;0;1;0;0;0;1;1;-29,86152003;-51,25514595;"SPRF-RS";"DEL04-RS";"UOP02-DEL04-RS"
768107;2026-04-29;"quarta-feira";"00:00:00";"MG";153;2;"PLANURA";"Acessar a via sem observar a presença dos outros veículos";"Colisão transversal";"Com Vítimas Feridas";"Plena Noite";"Decrescente";"Céu Claro";"Simples";"Interseção de Vias";"Não";2;0;1;0;1;0;1;2;-20,1477719;-48,68847577;"SPRF-MG";"DEL15-MG";"UOP03-DEL15-MG"
768109;2026-04-28;"terça-feira";"22:01:00";"AC";364;133,9;"RIO BRANCO";"Desrespeitar a preferência no cruzamento";"Colisão transversal";"Com Vítimas Feridas";"Plena Noite";"Crescente";"Ignorado";"Dupla";"Rotatória";"Não";2;0;1;0;1;0;1;2;-9,986582;-67,84535;"SPRF-AC";"DEL01-AC";"UOP01-DEL01-AC"
768111;2026-04-29;"quarta-feira";"01:10:00";"RJ";101;327;"NITEROI";"Condutor Dormindo";"Queda de ocupante de veículo";"Com Vítimas Feridas";"Plena Noite";"Crescente";"Céu Claro";"Múltipla";"Aclive;Reta";"Não";1;0;1;0;0;0;1;1;-22,8717908;-43,14740604;"SPRF-RJ";"DEL02-RJ";"UOP01-DEL02-RJ"
768113;2026-04-29;"quarta-feira";"03:40:00";"SC";101;199;"SAO JOSE";"Reação tardia ou ineficiente do condutor";"Colisão com objeto";"Sem Vítimas";"Plena Noite";"Crescente";"Céu Claro";"Múltipla";"Reta";"Sim";1;0;0;0;1;0;0;1;-27,53201431;-48,63191946;"SPRF-SC";"DEL01-SC";"UOP01-DEL01-SC"
768116;2026-04-29;"quarta-feira";"05:00:00";"SC";101;186;"BIGUACU";"Chuva";"Colisão com objeto";"Sem Vítimas";"Plena Noite";"Decrescente";"Chuva";"Dupla";"Curva";"Não";1;0;0;0;1;0;0;1;-27,43047736;-48,62345818;"SPRF-SC";"DEL01-SC";"UOP01-DEL01-SC"
768118;2026-04-29;"quarta-feira";"04:50:00";"PI";316;295,8;"PICOS";"Animais na Pista";"Tombamento";"Com Vítimas Feridas";"Plena Noite";"Crescente";"Céu Claro";"Simples";"Declive;Reta";"Não";1;0;1;0;0;0;1;1;-7,01983;-41,576762;"SPRF-PI";"DEL04-PI";"UOP01-DEL04-PI"
768119;2026-04-29;"quarta-feira";"03:20:00";"PE";232;33,4;"MORENO";"Condutor Dormindo";"Saída de leito carroçável";"Com Vítimas Fatais";"Plena Noite";"Crescente";"Nublado";"Dupla";"Reta";"Não";1;1;0;0;0;0;0;1;-8,106181;-35,179694;"SPRF-PE";"DEL02-PE";"UOP02-DEL02PE"
768120;2026-04-29;"quarta-feira";"04:50:00";"BA";101;525;"BUERAREMA";"Animais na Pista";"Atropelamento de Animal";"Com Vítimas Feridas";"Amanhecer";"Decrescente";"Garoa/Chuvisco";"Simples";"Reta";"Não";2;0;1;1;0;0;2;1;-14,961704;-39,309912;"SPRF-BA";"DEL05-BA";"UOP01-DEL05-BA"
768121;2026-04-29;"quarta-feira";"05:20:00";"RJ";101;443;"MANGARATIBA";"Ausência de reação do condutor";"Colisão com objeto";"Com Vítimas Feridas";"Amanhecer";"Decrescente";"Nublado";"Simples";"Declive;Curva";"Não";1;0;1;0;0;0;1;1;-22,98415526;-44,08676147;"SPRF-RJ";"DEL03-RJ";"UOP02-DEL03-RJ"
768123;2026-04-29;"quarta-feira";"06:30:00";"MG";381;492;"BETIM";"Reação tardia ou ineficiente do condutor";"Colisão traseira";"Com Vítimas Feridas";"Pleno dia";"Decrescente";"Céu Claro";"Múltipla";"Reta";"Sim";2;0;1;0;1;0;1;2;-19,9657278;-44,1763822;"SPRF-MG";"DEL01-MG";"UOP03-DEL01-MG"
768124;2026-04-29;"quarta-feira";"04:45:00";"PI";316;16,1;"TERESINA";"Velocidade Incompatível";"Colisão traseira";"Com Vítimas Fatais";"Plena Noite";"Crescente";"Nublado";"Dupla";"Retorno Regulamentado;Reta";"Não";2;1;0;0;1;0;0;2;-5,234147;-42,745178;"SPRF-PI";"DEL01-PI";"UOP02-DEL01-PI"
768125;2026-04-29;"quarta-feira";"06:40:00";"MG";262;355;"BETIM";"Condutor deixou de manter distância do veículo da frente";"Queda de ocupante de veículo";"Com Vítimas Feridas";"Pleno dia";"Decrescente";"Céu Claro";"Dupla";"Reta";"Não";1;0;0;1;0;0;1;1;-19,97335792;-44,27442726;"SPRF-MG";"DEL01-MG";"UOP03-DEL01-MG"
768126;2026-04-29;"quarta-feira";"07:05:00";"PR";163;202,5;"CASCAVEL";"Acumulo de água sobre o pavimento";"Saída de leito carroçável";"Com Vítimas Feridas";"Amanhecer";"Decrescente";"Chuva";"Dupla";"Reta";"Não";1;0;1;0;0;0;1;1;-25,0012717;-53,5255265;"SPRF-PR";"DEL05-PR";"UOP05-DEL05-PR"
768127;2026-04-29;"quarta-feira";"07:00:00";"MA";222;364;"SANTA INES";"Acessar a via sem observar a presença dos outros veículos";"Colisão transversal";"Com Vítimas Feridas";"Pleno dia";"Decrescente";"Céu Claro";"Simples";"Reta";"Sim";2;0;1;1;0;0;2;2;-3,683425;-45,396177;"SPRF-MA";"DEL02-MA";"UOP01-DEL02-MA"
768128;2026-04-29;"quarta-feira";"01:55:00";"PE";428;191;"PETROLINA";"Condutor desrespeitou a iluminação vermelha do semáforo";"Atropelamento de Pedestre";"Com Vítimas Feridas";"Plena Noite";"Decrescente";"Céu Claro";"Dupla";"Reta;Interseção de Vias";"Sim";3;0;0;1;0;2;1;2;-9,38428037;-40,51911084;"SPRF-PE";"DEL06-PE";"UOP01-DEL06-PE"
768130;2026-04-29;"quarta-feira";"07:15:00";"SP";116;209,5;"GUARULHOS";"Reação tardia ou ineficiente do condutor";"Colisão traseira";"Com Vítimas Feridas";"Amanhecer";"Decrescente";"Nublado";"Múltipla";"Declive";"Sim";2;0;1;0;1;0;1;2;-23,42813129;-46,40866336;"SPRF-SP";"DEL01-SP";"UOP01-DEL01-SP"
768131;2026-04-29;"quarta-feira";"06:30:00";"MA";135;1;"SAO LUIS";"Reação tardia ou ineficiente do condutor";"Colisão traseira";"Com Vítimas Feridas";"Pleno dia";"Decrescente";"Céu Claro";"Dupla";"Reta";"Sim";2;0;1;0;1;0;1;2;-2,58922;-44,24403;"SPRF-MA";"DEL01-MA";"UOP01-DEL01-MA"
768133;2026-04-29;"quarta-feira";"07:40:00";"DF";40;7,6;"BRASILIA";"Trafegar com motocicleta (ou similar) entre as faixas";"Queda de ocupante de veículo";"Com Vítimas Feridas";"Pleno dia";"Decrescente";"Sol";"Dupla";"Reta";"Sim";1;0;1;0;0;0;1;1;-16,04453;-47,98034;"SPRF-DF";"DEL01-DF";"UOP01-DEL01-DF"
768134;2026-04-29;"quarta-feira";"07:40:00";"RS";116;261;"CANOAS";"Trafegar com motocicleta (ou similar) entre as faixas";"Colisão lateral mesmo sentido";"Com Vítimas Feridas";"Pleno dia";"Crescente";"Céu Claro";"Dupla";"Reta";"Sim";2;0;1;0;1;0;1;2;-29,90375807;-51,17694855;"SPRF-RS";"DEL01-RS";"UOP01-DEL01-RS"
768135;2026-04-28;"terça-feira";"20:30:00";"RS";116;341;"BARRA DO RIBEIRO";"Deficiência do Sistema de Iluminação/Sinalização";"Saída de leito carroçável";"Com Vítimas Feridas";"Plena Noite";"Decrescente";"Céu Claro";"Simples";"Reta";"Não";1;0;1;0;0;0;1;1;-30,484235;-51,48791;"SPRF-RS";"DEL02-RS";"UOP02-DEL02-RS"
768136;2026-04-29;"quarta-feira";"07:20:00";"SC";101;191;"BIGUACU";"Chuva";"Saída de leito carroçável";"Sem Vítimas";"Pleno dia";"Crescente";"Garoa/Chuvisco";"Dupla";"Curva";"Não";1;0;0;0;1;0;0;1;-27,4773006;-48,64123218;"SPRF-SC";"DEL01-SC";"UOP01-DEL01-SC"
768137;2026-04-28;"terça-feira";"21:00:00";"RS";290;484,2;"ROSARIO DO SUL";"Demais falhas mecânicas ou elétricas";"Saída de leito carroçável";"Sem Vítimas";"Plena Noite";"Crescente";"Céu Claro";"Simples";"Reta";"Não";1;0;0;0;1;0;0;1;-30,382127;-55,037254;"SPRF-RS";"DEL11-RS";"UOP02-DEL11-RS"
768138;2026-04-29;"quarta-feira";"07:00:00";"BA";101;405;"IBIRAPITANGA";"Ausência de reação do condutor";"Colisão traseira";"Sem Vítimas";"Pleno dia";"Crescente";"Garoa/Chuvisco";"Simples";"Reta";"Sim";2;0;0;0;2;0;0;2;-14,01707774;-39,43351257;"SPRF-BA";"DEL05-BA";"UOP03-DEL05-BA"
768139;2026-04-29;"quarta-feira";"08:15:00";"SP";116;498;"CAJATI";"Reação tardia ou ineficiente do condutor";"Queda de ocupante de veículo";"Com Vítimas Feridas";"Pleno dia";"Decrescente";"Chuva";"Simples";"Curva";"Não";1;0;1;0;0;0;1;1;-24,77433678;-48,17056149;"SPRF-SP";"DEL05-SP";"UOP02-DEL05-SP"
768142;2026-04-29;"quarta-feira";"08:00:00";"SC";101;143;"ITAPEMA";"Reação tardia ou ineficiente do condutor";"Colisão com objeto";"Com Vítimas Feridas";"Pleno dia";"Crescente";"Chuva";"Dupla";"Curva";"Sim";2;0;2;0;0;0;2;1;-27,06799195;-48,5956192;"SPRF-SC";"DEL04-SC";"UOP03-DEL04-SC"
768144;2026-04-29;"quarta-feira";"08:40:00";"SC";282;4,1;"FLORIANOPOLIS";"Manobra de mudança de faixa";"Colisão lateral mesmo sentido";"Com Vítimas Feridas";"Pleno dia";"Crescente";"Chuva";"Dupla";"Reta";"Sim";2;0;1;0;1;0;1;2;-27,59271053;-48,60355552;"SPRF-SC";"DEL01-SC";"UOP01-DEL01-SC"
768145;2026-04-29;"quarta-feira";"08:30:00";"PR";277;5;"CURITIBA";"Trafegar com motocicleta (ou similar) entre as faixas";"Colisão lateral mesmo sentido";"Com Vítimas Feridas";"Pleno dia";"Crescente";"Chuva";"Dupla";"Reta";"Sim";2;0;1;0;1;0;1;2;-25,431027;-49,316682;"SPRF-PR";"DEL01-PR";"UOP06-DEL01-PR"
768148;2026-04-29;"quarta-feira";"08:20:00";"RJ";40;51;"PETROPOLIS";"Pedestre cruzava a pista fora da faixa";"Atropelamento de Pedestre";"Com Vítimas Feridas";"Pleno dia";"Decrescente";"Sol";"Simples";"Curva;Aclive;Retorno Regulamentado";"Sim";2;0;1;0;1;0;1;2;-22,333015;-43,133395;"SPRF-RJ";"DEL05-RJ";"UOP02-DEL05-RJ"
768149;2026-04-29;"quarta-feira";"08:30:00";"SC";280;102,8;"SAO BENTO DO SUL";"Acumulo de água sobre o pavimento";"Colisão com objeto";"Com Vítimas Feridas";"Pleno dia";"Crescente";"Chuva";"Múltipla";"Aclive;Curva";"Não";2;0;1;0;1;0;1;1;-26,36155;-49,34971;"SPRF-SC";"DEL06-SC";"UOP03-DEL06-SC"
768150;2026-04-29;"quarta-feira";"09:20:00";"PR";116;46;"CAMPINA GRANDE DO SUL";"Reação tardia ou ineficiente do condutor";"Saída de leito carroçável";"Com Vítimas Feridas";"Pleno dia";"Decrescente";"Chuva";"Simples";"Reta";"Não";4;0;3;0;1;0;3;1;-25,20928997;-48,89671326;"SPRF-PR";"DEL01-PR";"UOP02-DEL01-PR"
768151;2026-04-29;"quarta-feira";"09:00:00";"MA";135;1;"SAO LUIS";"Ultrapassagem Indevida";"Colisão lateral mesmo sentido";"Com Vítimas Feridas";"Pleno dia";"Decrescente";"Céu Claro";"Dupla";"Reta";"Não";2;0;1;0;1;0;1;2;-2,58533;-44,24292;"SPRF-MA";"DEL01-MA";"UOP01-DEL01-MA"
768152;2026-04-09;"quinta-feira";"18:40:00";"PA";0;0;"ANAPU";"Reação tardia ou ineficiente do condutor";"Colisão com objeto";"Sem Vítimas";"Anoitecer";"Não Informado";"Chuva";"Simples";"Declive;Reta";"Não";4;0;0;0;4;0;0;1;-2,92694734;-51,66599751;"SPRF-PA";"DEL04-PA";"UOP01-DEL04-PA"
768155;2026-04-21;"terça-feira";"22:15:00";"RJ";116;227;"PIRAI";"Iluminação deficiente";"Atropelamento de Pedestre";"Com Vítimas Feridas";"Plena Noite";"Crescente";"Ignorado";"Múltipla";"Curva;Em Obras;Aclive";"Não";2;0;1;0;0;1;1;2;-22,67081134;-43,81814146;"SPRF-RJ";"DEL07-RJ";"UOP01-DEL07-RJ"
768156;2026-04-29;"quarta-feira";"09:30:00";"SP";381;56;"MAIRIPORA";"Reação tardia ou ineficiente do condutor";"Engavetamento";"Sem Vítimas";"Pleno dia";"Crescente";"Céu Claro";"Múltipla";"Aclive;Reta";"Sim";3;0;0;0;3;0;0;3;-23,25526146;-46,59360632;"SPRF-SP";"DEL03-SP";"UOP01-DEL03-SP"
768158;2026-04-29;"quarta-feira";"09:55:00";"SC";101;192,7;"BIGUACU";"Pista Escorregadia";"Capotamento";"Com Vítimas Feridas";"Pleno dia";"Crescente";"Chuva";"Múltipla";"Curva";"Sim";1;0;1;0;0;0;1;1;-27,486983;-48,649351;"SPRF-SC";"DEL01-SC";"UOP01-DEL01-SC"
768160;2026-04-29;"quarta-feira";"09:56:00";"TO";153;500;"PARAISO DO TOCANTINS";"Acessar a via sem observar a presença dos outros veículos";"Colisão transversal";"Com Vítimas Feridas";"Pleno dia";"Decrescente";"Céu Claro";"Simples";"Reta";"Sim";2;0;1;1;0;0;2;2;-10,19767;-48,87603;"SPRF-TO";"DEL01-TO";"UOP01-DEL01-TO"
768162;2026-04-29;"quarta-feira";"09:30:00";"ES";262;85;"DOMINGOS MARTINS";"Frear bruscamente";"Saída de leito carroçável";"Com Vítimas Feridas";"Pleno dia";"Crescente";"Sol";"Simples";"Aclive;Reta";"Não";1;0;1;0;0;0;1;1;-20,397748;-40,987029;"SPRF-ES";"DEL01-ES";"UOP02-DEL01-ES"
768163;2026-04-19;"domingo";"18:50:00";"SC";153;96;"CONCORDIA";"Reação tardia ou ineficiente do condutor";"Saída de leito carroçável";"Com Vítimas Feridas";"Plena Noite";"Decrescente";"Céu Claro";"Simples";"Rotatória";"Não";2;0;2;0;0;0;2;1;-27,22385141;-51,9491729;"SPRF-SC";"DEL07-SC";"UOP04-DEL07-SC"
768164;2026-03-12;"quinta-feira";"18:00:00";"MG";381;866,9;"POUSO ALEGRE";"Ausência de reação do condutor";"Saída de leito carroçável";"Com Vítimas Feridas";"Anoitecer";"Decrescente";"Ignorado";"Dupla";"Reta";"Não";8;0;6;0;2;0;6;1;-22,370209;-45,935065;"SPRF-MG";"DEL16-MG";"UOP01-DEL16-MG"
768166;2026-03-21;"sábado";"12:10:00";"MG";40;618,6;"CONGONHAS";"Reação tardia ou ineficiente do condutor";"Colisão transversal";"Com Vítimas Feridas";"Pleno dia";"Crescente";"Céu Claro";"Simples";"Reta";"Sim";2;0;0;1;1;0;1;2;-20,561844;-43,812317;"SPRF-MG";"DEL05-MG";"UOP02-DEL05-MG"
768169;2026-04-29;"quarta-feira";"11:24:00";"PE";101;51,6;"ABREU E LIMA";"Ausência de reação do condutor";"Colisão traseira";"Com Vítimas Feridas";"Pleno dia";"Decrescente";"Sol";"Múltipla";"Reta";"Sim";2;0;1;0;1;0;1;2;-7,91452036;-34,8986721;"SPRF-PE";"DEL01-PE";"UOP02-DEL01-PE"
768173;2026-04-29;"quarta-feira";"12:30:00";"RJ";101;322;"NITEROI";"Ausência de reação do condutor";"Colisão traseira";"Com Vítimas Feridas";"Pleno dia";"Decrescente";"Céu Claro";"Dupla";"Curva";"Sim";2;0;1;0;1;0;1;2;-22,87860508;-43,11457287;"SPRF-RJ";"DEL02-RJ";"UOP01-DEL02-RJ"
768174;2026-04-29;"quarta-feira";"11:39:00";"PE";232;7,6;"RECIFE";"Manobra de mudança de faixa";"Colisão traseira";"Com Vítimas Feridas";"Pleno dia";"Decrescente";"Sol";"Dupla";"Reta";"Não";3;0;1;1;1;0;2;2;-8,075382;-34,967738;"SPRF-PE";"DEL01-PE";"UOP01-DEL01-PE"
768175;2026-04-29;"quarta-feira";"11:52:00";"PE";232;101,4;"BEZERROS";"Pedestre cruzava a pista fora da faixa";"Atropelamento de Pedestre";"Com Vítimas Feridas";"Pleno dia";"Crescente";"Céu Claro";"Dupla";"Declive;Reta";"Sim";5;0;0;1;4;0;1;2;-8,24481;-35,75509;"SPRF-PE";"DEL02-PE";"UOP03-DEL02-PE"
768176;2026-04-29;"quarta-feira";"12:18:00";"SC";101;207;"SAO JOSE";"Ausência de reação do condutor";"Colisão lateral mesmo sentido";"Com Vítimas Feridas";"Pleno dia";"Decrescente";"Garoa/Chuvisco";"Múltipla";"Interseção de Vias";"Sim";2;0;1;0;1;0;1;2;-27,59471251;-48,61883137;"SPRF-SC";"DEL01-SC";"UOP01-DEL01-SC"
768177;2026-04-29;"quarta-feira";"09:00:00";"SC";101;142;"ITAPEMA";"Acessar a via sem observar a presença dos outros veículos";"Colisão lateral mesmo sentido";"Com Vítimas Feridas";"Pleno dia";"Crescente";"Céu Claro";"Múltipla";"Reta";"Não";2;0;1;0;1;0;1;2;-27,10192147;-48,61862183;"SPRF-SC";"DEL04-SC";"UOP03-DEL04-SC"
768178;2026-04-29;"quarta-feira";"11:25:00";"SC";282;428;"VARGEM BONITA";"Chuva";"Capotamento";"Sem Vítimas";"Pleno dia";"Crescente";"Chuva";"Simples";"Curva";"Não";1;0;0;0;1;0;0;1;-26,97983622;-51,79763854;"SPRF-SC";"DEL07-SC";"UOP05-DEL07-SC"
768179;2026-03-02;"segunda-feira";"06:15:00";"DF";70;7;"BRASILIA";"Demais falhas mecânicas ou elétricas";"Incêndio";"Sem Vítimas";"Pleno dia";"Decrescente";"Céu Claro";"Dupla";"Reta";"Não";1;0;0;0;1;0;0;1;-15,787272;-48,116124;"SPRF-DF";"DEL03-DF";"UOP02-DEL03-DF"
768181;2026-04-29;"quarta-feira";"11:10:00";"MT";163;821;"SINOP";"Transitar no Acostamento";"Atropelamento de Pedestre";"Com Vítimas Feridas";"Pleno dia";"Decrescente";"Céu Claro";"Dupla";"Reta";"Sim";4;0;1;0;1;2;1;2;-11,984368;-55,517172;"SPRF-MT";"DEL06-MT";"UOP02-DEL06-MT"
768183;2026-04-29;"quarta-feira";"13:10:00";"SC";116;51;"PAPANDUVA";"Ausência de reação do condutor";"Saída de leito carroçável";"Com Vítimas Feridas";"Pleno dia";"Crescente";"Chuva";"Dupla";"Reta";"Não";2;0;1;0;1;0;1;1;-26,38413;-50,13681;"SPRF-SC";"DEL06-SC";"UOP01-DEL06-SC"
768184;2026-04-29;"quarta-feira";"12:10:00";"GO";153;511,9;"APARECIDA DE GOIANIA";"Acesso irregular";"Tombamento";"Com Vítimas Feridas";"Pleno dia";"Crescente";"Sol";"Dupla";"Reta;Em Obras";"Sim";1;0;0;1;0;0;1;1;-16,806874;-49,239444;"SPRF-GO";"DEL01-GO";"UOP03-DEL01-GO"
768185;2026-04-29;"quarta-feira";"12:34:00";"GO";153;177;"CAMPINORTE";"Acessar a via sem observar a presença dos outros veículos";"Colisão transversal";"Com Vítimas Feridas";"Pleno dia";"Decrescente";"Céu Claro";"Simples";"Reta;Interseção de Vias";"Sim";3;0;2;0;1;0;2;2;-14,33392494;-49,15444136;"SPRF-GO";"DEL07-GO";"UOP02-DEL07-GO"
768186;2026-04-29;"quarta-feira";"12:15:00";"PB";230;1,7;"CABEDELO";"Ultrapassagem Indevida";"Colisão transversal";"Com Vítimas Feridas";"Pleno dia";"Decrescente";"Céu Claro";"Simples";"Reta";"Sim";4;0;1;0;2;1;1;3;-6,9815093;-34,8299852;"SPRF-PB";"DEL01-PB";"UOP01-DEL01-PB"
768187;2026-04-29;"quarta-feira";"12:40:00";"RJ";40;82;"PETROPOLIS";"Reação tardia ou ineficiente do condutor";"Colisão traseira";"Com Vítimas Feridas";"Pleno dia";"Crescente";"Céu Claro";"Simples";"Interseção de Vias";"Sim";2;0;1;0;1;0;1;2;-22,51792924;-43,22814024;"SPRF-RJ";"DEL01-RJ";"UOP01-DEL01-RJ"
768188;2026-04-22;"quarta-feira";"08:00:00";"BA";324;618;"SALVADOR";"Transitar no Acostamento";"Colisão lateral mesmo sentido";"Sem Vítimas";"Pleno dia";"Decrescente";"Céu Claro";"Dupla";"Reta";"Não";1;0;0;0;1;0;0;1;-12,90827458;-38,45745832;"SPRF-BA";"DEL01-BA";"UOP01-DEL01-BA"
768189;2026-04-29;"quarta-feira";"12:30:00";"SC";101;188,7;"BIGUACU";"Objeto estático sobre o leito carroçável";"Incêndio";"Sem Vítimas";"Pleno dia";"Crescente";"Chuva";"Dupla";"Reta";"Não";2;0;0;0;2;0;0;1;-27,457577;-48,637753;"SPRF-SC";"DEL01-SC";"UOP01-DEL01-SC"
768190;2026-04-29;"quarta-feira";"14:00:00";"PR";376;617;"SAO JOSE DOS PINHAIS";"Reação tardia ou ineficiente do condutor";"Colisão com objeto";"Com Vítimas Feridas";"Pleno dia";"Decrescente";"Chuva";"Dupla";"Curva";"Sim";1;0;1;0;0;0;1;1;-25,59628176;-49,17364287;"SPRF-PR";"DEL01-PR";"UOP04-DEL01-PR"
768191;2026-04-29;"quarta-feira";"11:20:00";"PE";232;29;"MORENO";"Velocidade Incompatível";"Queda de ocupante de veículo";"Com Vítimas Feridas";"Pleno dia";"Crescente";"Nublado";"Dupla";"Reta";"Não";1;0;0;1;0;0;1;1;-8,11284453;-35,13506977;"SPRF-PE";"DEL02-PE";"UOP02-DEL02PE"
768193;2026-04-29;"quarta-feira";"12:00:00";"SP";116;537;"BARRA DO TURVO";"Reação tardia ou ineficiente do condutor";"Colisão com objeto";"Com Vítimas Feridas";"Pleno dia";"Decrescente";"Chuva";"Dupla";"Curva";"Não";3;0;1;0;2;0;1;1;-24,97150167;-48,35046262;"SPRF-SP";"DEL05-SP";"UOP02-DEL05-SP"
768195;2026-04-29;"quarta-feira";"14:00:00";"SP";116;230;"SAO PAULO";"Reação tardia ou ineficiente do condutor";"Colisão traseira";"Sem Vítimas";"Pleno dia";"Crescente";"Nublado";"Múltipla";"Reta";"Sim";2;0;0;0;1;1;0;2;-23,51439416;-46,57805824;"SPRF-SP";"DEL01-SP";"UOP01-DEL01-SP"
768197;2026-04-29;"quarta-feira";"14:20:00";"PR";376;614;"SAO JOSE DOS PINHAIS";"Velocidade Incompatível";"Saída de leito carroçável";"Com Vítimas Feridas";"Pleno dia";"Decrescente";"Chuva";"Simples";"Curva";"Sim";3;0;1;0;2;0;1;1;-25,56740866;-49,1812834;"SPRF-PR";"DEL01-PR";"UOP03-DEL01-PR"
768198;2026-04-29;"quarta-feira";"14:18:00";"PR";376;157,1;"MANDAGUACU";"Avarias e/ou desgaste excessivo no pneu";"Tombamento";"Com Vítimas Feridas";"Pleno dia";"Decrescente";"Nublado";"Dupla";"Curva";"Sim";1;0;0;1;0;0;1;1;-23,34545636;-52,08991226;"SPRF-PR";"DEL09-PR";"UOP02-DEL09-PR"
768200;2026-04-29;"quarta-feira";"15:00:00";"PE";104;65;"CARUARU";"Ausência de reação do condutor";"Colisão traseira";"Sem Vítimas";"Pleno dia";"Decrescente";"Nublado";"Dupla";"Reta";"Sim";2;0;0;0;2;0;0;2;-8,27797;-35,98125;"SPRF-PE";"DEL02-PE";"UOP01-DEL02-PE"
768205;2026-04-29;"quarta-feira";"09:00:00";"MG";381;243,3;"SANTANA DO PARAISO";"Ausência de reação do condutor";"Colisão traseira";"Com Vítimas Feridas";"Pleno dia";"Decrescente";"Céu Claro";"Simples";"Reta";"Não";2;0;1;0;1;0;1;2;-19,45262113;-42,51967616;"SPRF-MG";"DEL06-MG";"UOP01-DEL06-MG"
768208;2026-04-29;"quarta-feira";"14:40:00";"SC";101;185;"BIGUACU";"Condutor deixou de manter distância do veículo da frente";"Colisão traseira";"Sem Vítimas";"Pleno dia";"Crescente";"Garoa/Chuvisco";"Dupla";"Curva";"Sim";2;0;0;0;2;0;0;2;-27,42370942;-48,62491965;"SPRF-SC";"DEL01-SC";"UOP01-DEL01-SC"
768210;2026-04-29;"quarta-feira";"12:10:00";"MG";50;72;"UBERLANDIA";"Ausência de reação do condutor";"Colisão traseira";"Com Vítimas Feridas";"Pleno dia";"Decrescente";"Sol";"Dupla";"Reta";"Sim";2;0;1;0;1;0;1;2;-18,906319;-48,229755;"SPRF-MG";"DEL15-MG";"UOP01-DEL15-MG"
768212;2026-04-29;"quarta-feira";"15:50:00";"MG";116;625,7;"ORIZANIA";"Transitar na contramão";"Colisão frontal";"Com Vítimas Feridas";"Pleno dia";"Crescente";"Céu Claro";"Simples";"Reta";"Não";2;0;2;0;0;0;2;2;-20,554036;-42,208586;"SPRF-MG";"DEL07-MG";"UOP02-DEL07-MG"
768214;2026-04-10;"sexta-feira";"08:46:00";"GO";364;78;"CACHOEIRA ALTA";"Condutor Dormindo";"Colisão frontal";"Com Vítimas Feridas";"Pleno dia";"Crescente";"Sol";"Simples";"Curva";"Não";5;0;3;2;0;0;5;2;-18,600852;-51,04655;"SPRF-GO";"DEL05-GO";"UOP02-DEL05-GO"
768215;2026-04-29;"quarta-feira";"07:40:00";"SC";163;71;"SAO MIGUEL DO OESTE";"Acessar a via sem observar a presença dos outros veículos";"Colisão transversal";"Sem Vítimas";"Pleno dia";"Crescente";"Nublado";"Simples";"Curva";"Não";3;0;0;0;3;0;0;2;-26,71285783;-53,51560593;"SPRF-SC";"DEL07-SC";"UOP03-DEL07-SC"
768218;2026-04-29;"quarta-feira";"16:00:00";"DF";70;11;"BRASILIA";"Condutor deixou de manter distância do veículo da frente";"Colisão traseira";"Com Vítimas Feridas";"Pleno dia";"Crescente";"Céu Claro";"Dupla";"Reta";"Sim";2;0;1;0;1;0;1;2;-15,791196;-48,154924;"SPRF-DF";"DEL03-DF";"UOP02-DEL03-DF"
768220;2026-04-29;"quarta-feira";"11:35:00";"RJ";40;111;"DUQUE DE CAXIAS";"Condutor Dormindo";"Saída de leito carroçável";"Com Vítimas Fatais";"Pleno dia";"Decrescente";"Céu Claro";"Múltipla";"Reta";"Sim";1;1;0;0;0;0;0;1;-22,693955;-43,288101;"SPRF-RJ";"DEL01-RJ";"UOP02-DEL01-RJ"
768223;2026-04-29;"quarta-feira";"16:30:00";"PE";101;71,9;"RECIFE";"Condutor deixou de manter distância do veículo da frente";"Colisão traseira";"Com Vítimas Feridas";"Pleno dia";"Decrescente";"Céu Claro";"Dupla";"Reta";"Sim";3;0;2;0;1;0;2;2;-8,084508;-34,944552;"SPRF-PE";"DEL01-PE";"UOP01-DEL01-PE"