"id";"data_inversa";"dia_semana";"horario";"uf";"br";"km";"municipio";"causa_acidente";"tipo_acidente";"classificacao_acidente";"fase_dia";"sentido_via";"condicao_metereologica";"tipo_pista";"tracado_via";"uso_solo";"pessoas";"mortos";"feridos_leves";"feridos_graves";"ilesos";"ignorados";"feridos";"veiculos";"latitude";"longitude";"regional";"delegacia";"uop"
768351;2026-04-30;"quinta-feira";"07:20:00";"MG";116;707;"MURIAE";"Ausência de reação do condutor";"Queda de ocupante de veículo";"Com Vítimas Feridas";"Pleno dia";"Crescente";"Céu Claro";"Simples";"Reta";"Não";2;0;2;0;0;0;2;1;-21,146464;-42,381356;"SPRF-MG";"DEL07-MG";"UOP02-DEL07-MG"
768352;2026-04-30;"quinta-feira";"07:36:00";"GO";40;9;"LUZIANIA";"Reação tardia ou ineficiente do condutor";"Colisão traseira";"Com Vítimas Feridas";"Pleno dia";"Crescente";"Céu Claro";"Dupla";"Reta";"Sim";2;0;1;0;1;0;1;2;-16,129177;-47,958983;"SPRF-DF";"DEL01-DF";"UOP01-DEL01-DF"
768353;2026-04-30;"quinta-feira";"08:00:00";"GO";40;9,9;"LUZIANIA";"Acessar a via sem observar a presença dos outros veículos";"Colisão transversal";"Com Vítimas Feridas";"Pleno dia";"Crescente";"Céu Claro";"Dupla";"Reta";"Sim";2;0;1;0;1;0;1;2;-16,131267;-47,957789;"SPRF-DF";"DEL01-DF";"UOP01-DEL01-DF"
768354;2026-04-30;"quinta-feira";"07:00:00";"PR";376;176,8;"MARINGA";"Acumulo de areia ou detritos sobre o pavimento";"Tombamento";"Com Vítimas Feridas";"Pleno dia";"Decrescente";"Nublado";"Dupla";"Reta";"Sim";2;0;2;0;0;0;2;1;-23,4123494;-51,93278996;"SPRF-PR";"DEL09-PR";"UOP01-DEL09-PR"
768355;2026-04-30;"quinta-feira";"07:40:00";"SP";381;84;"SAO PAULO";"Ausência de reação do condutor";"Tombamento";"Com Vítimas Feridas";"Pleno dia";"Decrescente";"Céu Claro";"Múltipla";"Reta";"Sim";2;0;1;0;1;0;1;1;-23,44929494;-46,56996667;"SPRF-SP";"DEL03-SP";"UOP01-DEL03-SP"
768356;2026-04-30;"quinta-feira";"07:30:00";"RS";290;105;"ELDORADO DO SUL";"Reação tardia ou ineficiente do condutor";"Colisão com objeto";"Com Vítimas Feridas";"Pleno dia";"Decrescente";"Nevoeiro/Neblina";"Simples";"Reta";"Não";1;0;1;0;0;0;1;1;-29,99753036;-51,29012801;"SPRF-RS";"DEL02-RS";"UOP01-DEL02-RS"
768357;2026-04-30;"quinta-feira";"07:05:00";"SC";101;208;"SAO JOSE";"Objeto estático sobre o leito carroçável";"Queda de ocupante de veículo";"Com Vítimas Feridas";"Pleno dia";"Decrescente";"Céu Claro";"Dupla";"Reta";"Sim";1;0;1;0;0;0;1;1;-27,61011;-48,638737;"SPRF-SC";"DEL01-SC";"UOP01-DEL01-SC"
768358;2026-04-30;"quinta-feira";"08:10:00";"ES";101;295,3;"CARIACICA";"Manobra de mudança de faixa";"Colisão lateral mesmo sentido";"Com Vítimas Feridas";"Pleno dia";"Crescente";"Céu Claro";"Dupla";"Reta";"Sim";2;0;1;0;1;0;1;2;-20,334009;-40,401239;"SPRF-ES";"DEL01-ES";"UOP01-DEL01-ES"
768360;2026-04-30;"quinta-feira";"07:00:00";"MG";381;327;"NOVA ERA";"Acessar a via sem observar a presença dos outros veículos";"Colisão transversal";"Com Vítimas Feridas";"Pleno dia";"Decrescente";"Céu Claro";"Simples";"Interseção de Vias";"Não";3;0;1;0;2;0;1;2;-19,775306;-43,045238;"SPRF-MG";"DEL03-MG";"UOP02-DEL03-MG"
768363;2026-04-30;"quinta-feira";"08:15:00";"PR";116;88;"PIRAQUARA";"Demais falhas mecânicas ou elétricas";"Incêndio";"Sem Vítimas";"Pleno dia";"Crescente";"Nublado";"Dupla";"Declive;Reta";"Sim";2;0;0;0;2;0;0;1;-25,47815697;-49,09964919;"SPRF-PR";"DEL01-PR";"UOP08-DEL01-PR"
768364;2026-04-30;"quinta-feira";"07:38:00";"BA";324;623;"SALVADOR";"Manobra de mudança de faixa";"Engavetamento";"Com Vítimas Feridas";"Pleno dia";"Crescente";"Nublado";"Dupla";"Declive;Interseção de Vias";"Sim";5;0;1;0;3;1;1;5;-12,9429768;-38,4694832;"SPRF-BA";"DEL01-BA";"UOP01-DEL01-BA"
768365;2026-03-20;"sexta-feira";"20:45:00";"RJ";116;174;"SAO JOAO DE MERITI";"Manobra de mudança de faixa";"Queda de ocupante de veículo";"Com Vítimas Feridas";"Plena Noite";"Decrescente";"Céu Claro";"Dupla";"Reta";"Sim";3;0;2;0;1;0;2;2;-22,793161;-43,366364;"SPRF-RJ";"DEL06-RJ";"UOP01-DEL06-RJ"
768366;2026-04-30;"quinta-feira";"08:15:00";"SE";101;93;"NOSSA SENHORA DO SOCORRO";"Reação tardia ou ineficiente do condutor";"Colisão traseira";"Com Vítimas Feridas";"Pleno dia";"Crescente";"Chuva";"Dupla";"Reta";"Sim";2;0;1;0;1;0;1;2;-10,90352526;-37,14728443;"SPRF-SE";"DEL01-SE";"UOP01-DEL01-SE"
768367;2026-03-25;"quarta-feira";"17:19:00";"MG";381;484;"BETIM";"Ausência de reação do condutor";"Colisão traseira";"Sem Vítimas";"Pleno dia";"Crescente";"Céu Claro";"Dupla";"Reta";"Sim";2;0;0;0;1;1;0;2;-19,95715084;-44,09338335;"SPRF-MG";"DEL01-MG";"UOP03-DEL01-MG"
768368;2026-04-30;"quinta-feira";"08:08:00";"DF";80;21,8;"BRASILIA";"Acessar a via sem observar a presença dos outros veículos";"Colisão transversal";"Com Vítimas Feridas";"Pleno dia";"Crescente";"Céu Claro";"Dupla";"Reta;Em Obras";"Sim";2;0;1;0;1;0;1;2;-15,65843;-48,20281;"SPRF-DF";"DEL03-DF";"UOP02-DEL03-DF"
768369;2026-04-30;"quinta-feira";"08:00:00";"MG";381;479;"CONTAGEM";"Reação tardia ou ineficiente do condutor";"Colisão traseira";"Com Vítimas Feridas";"Pleno dia";"Decrescente";"Céu Claro";"Múltipla";"Reta";"Sim";2;0;1;0;1;0;1;2;-19,96272497;-44,04037921;"SPRF-MG";"DEL01-MG";"UOP03-DEL01-MG"
768370;2026-04-30;"quinta-feira";"08:30:00";"ES";101;129,9;"LINHARES";"Reação tardia ou ineficiente do condutor";"Colisão com objeto";"Com Vítimas Feridas";"Pleno dia";"Crescente";"Céu Claro";"Simples";"Aclive;Reta";"Não";1;0;0;1;0;0;1;1;-19,22855;-40,092863;"SPRF-ES";"DEL04-ES";"UOP01-DEL04-ES"
768371;2026-04-30;"quinta-feira";"09:05:00";"MG";381;495;"BETIM";"Reação tardia ou ineficiente do condutor";"Colisão traseira";"Com Vítimas Feridas";"Pleno dia";"Crescente";"Céu Claro";"Dupla";"Reta";"Sim";2;0;1;0;1;0;1;2;-19,96963353;-44,18161059;"SPRF-MG";"DEL01-MG";"UOP03-DEL01-MG"
768373;2026-04-30;"quinta-feira";"07:40:00";"RJ";116;184;"NOVA IGUACU";"Velocidade Incompatível";"Colisão traseira";"Com Vítimas Feridas";"Amanhecer";"Decrescente";"Céu Claro";"Dupla";"Reta";"Não";2;0;1;0;1;0;1;2;-22,74101994;-43,49987268;"SPRF-RJ";"DEL06-RJ";"UOP01-DEL06-RJ"
768375;2026-04-30;"quinta-feira";"08:45:00";"GO";60;168;"GOIANIA";"Acessar a via sem observar a presença dos outros veículos";"Colisão traseira";"Com Vítimas Feridas";"Pleno dia";"Decrescente";"Sol";"Dupla";"Aclive";"Sim";2;0;0;1;1;0;1;2;-16,730685;-49,389992;"SPRF-GO";"DEL01-GO";"UOP02-DEL01-GO"
768377;2026-04-30;"quinta-feira";"06:20:00";"RS";285;253,9;"AGUA SANTA";"Ultrapassagem Indevida";"Colisão frontal";"Com Vítimas Feridas";"Amanhecer";"Decrescente";"Nevoeiro/Neblina";"Simples";"Aclive;Reta";"Não";11;0;6;4;1;0;10;2;-28,2994756;-52,01306764;"SPRF-RS";"DEL08-RS";"UOP03-DEL08-RS"
768378;2026-04-30;"quinta-feira";"08:35:00";"PB";101;88,6;"JOAO PESSOA";"Manobra de mudança de faixa";"Colisão lateral mesmo sentido";"Com Vítimas Feridas";"Pleno dia";"Decrescente";"Céu Claro";"Dupla";"Reta;Rotatória";"Sim";3;0;1;1;1;0;2;2;-7,1643492;-34,863029;"SPRF-PB";"DEL01-PB";"UOP01-DEL01-PB"
768379;2026-04-30;"quinta-feira";"08:20:00";"MG";153;3;"ARAPORA";"Acumulo de areia ou detritos sobre o pavimento";"Queda de ocupante de veículo";"Com Vítimas Feridas";"Pleno dia";"Crescente";"Céu Claro";"Dupla";"Reta;Declive";"Sim";1;0;1;0;0;0;1;1;-18,439058;-49,188759;"SPRF-MG";"DEL15-MG";"UOP03-DEL15-MG"
768380;2026-04-30;"quinta-feira";"08:23:00";"RS";153;405,9;"CACHOEIRA DO SUL";"Acessar a via sem observar a presença dos outros veículos";"Colisão transversal";"Com Vítimas Feridas";"Pleno dia";"Decrescente";"Sol";"Simples";"Curva";"Sim";2;0;1;0;1;0;1;2;-30,01376;-52,921627;"SPRF-RS";"DEL02-RS";"UOP03-DEL02-RS"
768381;2026-04-30;"quinta-feira";"06:50:00";"PB";230;452,5;"SOUSA";"Manobra de mudança de faixa";"Colisão transversal";"Com Vítimas Feridas";"Pleno dia";"Decrescente";"Sol";"Simples";"Reta";"Não";2;0;1;0;1;0;1;2;-6,782258;-38,14272;"SPRF-PB";"DEL03-PB";"UOP03-DEL03-PB"
768383;2026-02-16;"segunda-feira";"07:15:00";"PR";272;369,7;"CAMPO MOURAO";"Reação tardia ou ineficiente do condutor";"Colisão transversal";"Com Vítimas Feridas";"Pleno dia";"Crescente";"Céu Claro";"Simples";"Reta";"Não";6;0;5;0;1;0;5;2;-24,061992;-52,42639;"SPRF-PR";"DEL09-PR";"UOP03-DEL09-PR"
768385;2026-04-30;"quinta-feira";"05:30:00";"RJ";40;105;"DUQUE DE CAXIAS";"Ultrapassagem Indevida";"Atropelamento de Pedestre";"Com Vítimas Feridas";"Pleno dia";"Crescente";"Céu Claro";"Dupla";"Reta";"Sim";2;0;1;0;1;0;1;2;-22,64254515;-43,28388893;"SPRF-RJ";"DEL01-RJ";"UOP02-DEL01-RJ"
768386;2026-04-30;"quinta-feira";"09:20:00";"MG";381;883;"ESTIVA";"Reação tardia ou ineficiente do condutor";"Colisão traseira";"Com Vítimas Feridas";"Pleno dia";"Decrescente";"Céu Claro";"Dupla";"Curva";"Não";3;0;2;0;1;0;2;2;-22,4849077;-46,0105065;"SPRF-MG";"DEL16-MG";"UOP01-DEL16-MG"
768387;2026-04-30;"quinta-feira";"09:35:00";"PE";232;128;"CARUARU";"Acesso irregular";"Colisão frontal";"Com Vítimas Feridas";"Pleno dia";"Crescente";"Céu Claro";"Simples";"Reta";"Sim";2;0;1;0;1;0;1;2;-8,30335;-35,97707;"SPRF-PE";"DEL02-PE";"UOP03-DEL02-PE"
768389;2026-04-30;"quinta-feira";"08:15:00";"PR";376;434,4;"TIBAGI";"Reação tardia ou ineficiente do condutor";"Colisão com objeto";"Sem Vítimas";"Pleno dia";"Crescente";"Chuva";"Dupla";"Curva;Declive";"Não";1;0;0;0;1;0;0;1;-24,805196;-50,488706;"SPRF-PR";"DEL03-PR";"UOP02-DEL03-PR"
768390;2026-04-30;"quinta-feira";"07:10:00";"PR";163;167,9;"LINDOESTE";"Demais falhas mecânicas ou elétricas";"Saída de leito carroçável";"Com Vítimas Feridas";"Pleno dia";"Decrescente";"Céu Claro";"Dupla";"Declive";"Sim";1;0;1;0;0;0;1;1;-25,25534536;-53,57702348;"SPRF-PR";"DEL05-PR";"UOP05-DEL05-PR"
768391;2026-04-30;"quinta-feira";"10:00:00";"ES";101;141;"LINHARES";"Reação tardia ou ineficiente do condutor";"Colisão lateral mesmo sentido";"Com Vítimas Feridas";"Pleno dia";"Crescente";"Céu Claro";"Simples";"Reta";"Sim";3;0;2;0;1;0;2;2;-19,327163;-40,0719482;"SPRF-ES";"DEL04-ES";"UOP01-DEL04-ES"
768393;2026-04-30;"quinta-feira";"09:53:00";"PR";376;441;"TIBAGI";"Velocidade Incompatível";"Saída de leito carroçável";"Com Vítimas Feridas";"Pleno dia";"Crescente";"Garoa/Chuvisco";"Dupla";"Curva";"Não";1;0;1;0;0;0;1;1;-24,856096;-50,45986;"SPRF-PR";"DEL03-PR";"UOP02-DEL03-PR"
768394;2026-04-30;"quinta-feira";"10:35:00";"ES";101;4,6;"ICONHA";"Manobra de mudança de faixa";"Colisão com objeto";"Com Vítimas Feridas";"Pleno dia";"Decrescente";"Céu Claro";"Dupla";"Curva";"Não";4;0;2;0;2;0;2;1;-20,80297;-40,825825;"SPRF-ES";"DEL03-ES";"UOP02-DEL03-ES"
768395;2026-04-14;"terça-feira";"16:50:00";"MG";116;377,1;"MATHIAS LOBATO";"Conversão proibida";"Colisão traseira";"Com Vítimas Feridas";"Pleno dia";"Crescente";"Céu Claro";"Simples";"Aclive;Reta";"Não";2;0;2;0;0;0;2;2;-18,586494;-41,924323;"SPRF-MG";"DEL06-MG";"UOP01-DEL06-MG"
768396;2026-04-30;"quinta-feira";"08:21:00";"RO";319;121;"PORTO VELHO";"Ausência de reação do condutor";"Saída de leito carroçável";"Com Vítimas Feridas";"Pleno dia";"Crescente";"Céu Claro";"Simples";"Reta";"Não";1;0;1;0;0;0;1;1;-8,65614;-63,99543;"SPRF-RO";"DEL01-RO";"UOP01-DEL01-RO"
768397;2026-04-29;"quarta-feira";"09:57:00";"PI";316;10,1;"TERESINA";"Condutor Dormindo";"Colisão com objeto";"Com Vítimas Feridas";"Pleno dia";"Crescente";"Céu Claro";"Múltipla";"Reta";"Sim";1;0;1;0;0;0;1;1;-5,183639;-42,763583;"SPRF-PI";"DEL01-PI";"UOP02-DEL01-PI"
768399;2026-04-30;"quinta-feira";"10:50:00";"SC";101;197,7;"BIGUACU";"Condutor deixou de manter distância do veículo da frente";"Queda de ocupante de veículo";"Com Vítimas Feridas";"Pleno dia";"Crescente";"Céu Claro";"Dupla";"Reta";"Sim";1;0;1;0;0;0;1;1;-27,524458;-48,636688;"SPRF-SC";"DEL01-SC";"UOP01-DEL01-SC"
768400;2026-04-30;"quinta-feira";"10:30:00";"PR";376;180,5;"MARINGA";"Manobra de mudança de faixa";"Colisão lateral mesmo sentido";"Com Vítimas Feridas";"Pleno dia";"Decrescente";"Céu Claro";"Múltipla";"Viaduto";"Sim";3;0;1;1;1;0;2;2;-23,42461837;-51,8996631;"SPRF-PR";"DEL09-PR";"UOP01-DEL09-PR"
768401;2026-04-30;"quinta-feira";"10:20:00";"PE";101;105,5;"CABO DE SANTO AGOSTINHO";"Reação tardia ou ineficiente do condutor";"Saída de leito carroçável";"Com Vítimas Feridas";"Pleno dia";"Crescente";"Céu Claro";"Dupla";"Curva";"Não";7;0;5;1;1;0;6;1;-8,307123;-35,071927;"SPRF-PE";"DEL01-PE";"UOP03-DEL01-PE"
768402;2026-04-30;"quinta-feira";"10:00:00";"GO";60;357;"RIO VERDE";"Demais falhas mecânicas ou elétricas";"Tombamento";"Com Vítimas Feridas";"Pleno dia";"Decrescente";"Sol";"Dupla";"Aclive;Reta";"Não";2;0;2;0;0;0;2;1;-17,621647;-50,759755;"SPRF-GO";"DEL04-GO";"UOP02-DEL04-GO"
768403;2026-04-30;"quinta-feira";"10:50:00";"BA";324;566;"SAO SEBASTIAO DO PASSE";"Condutor Dormindo";"Saída de leito carroçável";"Com Vítimas Feridas";"Pleno dia";"Decrescente";"Sol";"Dupla";"Reta";"Não";1;0;1;0;0;0;1;1;-12,531043;-38,601127;"SPRF-BA";"DEL01-BA";"UOP01-DEL01-BA"
768404;2026-04-30;"quinta-feira";"11:30:00";"PR";116;210,9;"RIO NEGRO";"Acessar a via sem observar a presença dos outros veículos";"Colisão transversal";"Sem Vítimas";"Pleno dia";"Crescente";"Nublado";"Simples";"Interseção de Vias";"Sim";2;0;0;0;1;1;0;2;-26,099405;-49,780667;"SPRF-SC";"DEL06-SC";"UOP01-DEL06-SC"
768405;2026-04-30;"quinta-feira";"11:23:00";"RS";290;145;"ELDORADO DO SUL";"Acessar a via sem observar a presença dos outros veículos";"Colisão transversal";"Com Vítimas Feridas";"Pleno dia";"Decrescente";"Céu Claro";"Simples";"Reta";"Sim";2;0;0;1;1;0;1;2;-30,100603;-51,656865;"SPRF-RS";"DEL02-RS";"UOP01-DEL02-RS"
768407;2026-04-30;"quinta-feira";"09:18:00";"RO";364;424,2;"JARU";"Desrespeitar a preferência no cruzamento";"Colisão transversal";"Com Vítimas Feridas";"Pleno dia";"Decrescente";"Céu Claro";"Simples";"Interseção de Vias;Reta";"Sim";2;0;1;0;1;0;1;2;-10,44311464;-62,46686697;"SPRF-RO";"DEL03-RO";"UOP02-DEL03-RO"
768408;2026-04-30;"quinta-feira";"12:00:00";"SE";101;104,2;"SAO CRISTOVAO";"Chuva";"Colisão com objeto";"Sem Vítimas";"Pleno dia";"Decrescente";"Chuva";"Dupla";"Curva";"Sim";1;0;0;0;1;0;0;1;-10,95662244;-37,22648319;"SPRF-SE";"DEL02-SE";"UOP01-DEL02-SE"
768409;2026-04-30;"quinta-feira";"12:00:00";"SE";235;56;"ITABAIANA";"Retorno proibido";"Colisão transversal";"Com Vítimas Feridas";"Pleno dia";"Decrescente";"Nublado";"Simples";"Reta";"Não";2;0;2;0;0;0;2;2;-10,657185;-37,448933;"SPRF-SE";"DEL01-SE";"UOP02-DEL01-SE"
768410;2026-04-30;"quinta-feira";"12:30:00";"PE";232;128;"CARUARU";"Transitar na contramão";"Colisão frontal";"Com Vítimas Feridas";"Pleno dia";"Crescente";"Sol";"Simples";"Reta";"Não";2;0;0;1;1;0;1;2;-8,3012436;-35,98325475;"SPRF-PE";"DEL02-PE";"UOP03-DEL02-PE"
768411;2026-04-30;"quinta-feira";"12:10:00";"MG";381;344;"JOAO MONLEVADE";"Reação tardia ou ineficiente do condutor";"Tombamento";"Com Vítimas Feridas";"Pleno dia";"Decrescente";"Céu Claro";"Simples";"Reta";"Não";2;0;2;0;0;0;2;1;-19,858987;-43,12344;"SPRF-MG";"DEL03-MG";"UOP01-DEL03-MG"
768412;2026-04-30;"quinta-feira";"10:30:00";"MG";262;57,5;"MANHUACU";"Pista esburacada";"Colisão traseira";"Com Vítimas Feridas";"Pleno dia";"Crescente";"Céu Claro";"Simples";"Reta";"Não";4;0;2;0;2;0;2;2;-20,27329883;-42,19257152;"SPRF-MG";"DEL06-MG";"UOP03-DEL06-MG"
768413;2026-04-30;"quinta-feira";"12:44:00";"CE";116;17;"ITAITINGA";"Condutor deixou de manter distância do veículo da frente";"Colisão traseira";"Sem Vítimas";"Pleno dia";"Crescente";"Sol";"Dupla";"Reta";"Sim";3;0;0;0;2;1;0;3;-3,899724;-38,504057;"SPRF-CE";"DEL01-CE";"UOP02-DEL01-CE"
768414;2026-04-30;"quinta-feira";"05:30:00";"RJ";40;77;"PETROPOLIS";"Pista Escorregadia";"Saída de leito carroçável";"Com Vítimas Feridas";"Amanhecer";"Crescente";"Nublado";"Simples";"Curva";"Não";3;0;1;1;1;0;2;2;-22,485933;-43,227135;"SPRF-RJ";"DEL01-RJ";"UOP01-DEL01-RJ"
768415;2026-04-30;"quinta-feira";"11:15:00";"SC";163;84;"GUARACIABA";"Reação tardia ou ineficiente do condutor";"Colisão traseira";"Sem Vítimas";"Pleno dia";"Crescente";"Céu Claro";"Simples";"Aclive;Reta";"Não";4;0;0;0;3;1;0;3;-26,61116348;-53,51799809;"SPRF-SC";"DEL07-SC";"UOP03-DEL07-SC"
768416;2026-03-03;"terça-feira";"19:25:00";"PI";135;355;"BOM JESUS";"Entrada inopinada do pedestre";"Atropelamento de Pedestre";"Com Vítimas Feridas";"Plena Noite";"Crescente";"Céu Claro";"Simples";"Reta";"Sim";2;0;0;1;0;1;1;2;-9,100192;-44,365835;"SPRF-PI";"DEL03-PI";"UOP02-DEL03-PI"
768419;2026-04-30;"quinta-feira";"07:30:00";"MS";158;147,9;"APARECIDA DO TABOADO";"Animais na Pista";"Tombamento";"Com Vítimas Feridas";"Pleno dia";"Crescente";"Céu Claro";"Dupla";"Reta";"Não";1;0;0;1;0;0;1;1;-20,091561;-51,148984;"SPRF-MS";"DEL08-MS";"UOP01-DEL08-MS"
768421;2026-04-30;"quinta-feira";"12:00:00";"RS";470;213;"BENTO GONCALVES";"Entrada inopinada do pedestre";"Atropelamento de Pedestre";"Com Vítimas Feridas";"Pleno dia";"Decrescente";"Céu Claro";"Simples";"Curva;Interseção de Vias";"Sim";3;0;0;1;1;1;1;2;-29,145159;-51,532732;"SPRF-RS";"DEL06-RS";"UOP01-DEL06-RS"
768422;2026-04-30;"quinta-feira";"13:20:00";"SC";101;206;"SAO JOSE";"Acessar a via sem observar a presença dos outros veículos";"Colisão lateral mesmo sentido";"Com Vítimas Feridas";"Pleno dia";"Decrescente";"Céu Claro";"Dupla";"Reta";"Sim";3;0;2;0;1;0;2;2;-27,59400542;-48,61855435;"SPRF-SC";"DEL01-SC";"UOP01-DEL01-SC"
768424;2026-04-30;"quinta-feira";"11:31:00";"SC";101;87;"BARRA VELHA";"Acessar a via sem observar a presença dos outros veículos";"Colisão transversal";"Com Vítimas Feridas";"Pleno dia";"Crescente";"Céu Claro";"Simples";"Declive;Reta;Interseção de Vias";"Sim";2;0;1;0;1;0;1;2;-26,64511605;-48,68801443;"SPRF-SC";"DEL03-SC";"UOP02-DEL03-SC"
768426;2026-04-30;"quinta-feira";"13:00:00";"ES";262;170;"IBATIBA";"Reação tardia ou ineficiente do condutor";"Saída de leito carroçável";"Com Vítimas Feridas";"Pleno dia";"Crescente";"Sol";"Simples";"Curva";"Não";6;0;1;0;4;1;1;2;-20,264713;-41,590855;"SPRF-ES";"DEL01-ES";"UOP02-DEL01-ES"
768429;2026-04-30;"quinta-feira";"10:30:00";"PE";232;80;"GRAVATA";"Ultrapassagem Indevida";"Colisão lateral sentido oposto";"Com Vítimas Feridas";"Pleno dia";"Crescente";"Céu Claro";"Simples";"Reta";"Sim";2;0;1;0;1;0;1;2;-8,19642937;-35,57554213;"SPRF-PE";"DEL02-PE";"UOP02-DEL02PE"
768430;2026-04-30;"quinta-feira";"13:10:00";"PI";230;306;"FLORIANO";"Entrada inopinada do pedestre";"Atropelamento de Pedestre";"Com Vítimas Feridas";"Pleno dia";"Decrescente";"Céu Claro";"Simples";"Reta";"Sim";2;0;1;0;1;0;1;2;-6,796502;-42,978565;"SPRF-PI";"DEL03-PI";"UOP01-DEL03-PI"
768431;2026-04-30;"quinta-feira";"14:36:00";"PR";116;125;"FAZENDA RIO GRANDE";"Ausência de reação do condutor";"Tombamento";"Com Vítimas Feridas";"Pleno dia";"Crescente";"Céu Claro";"Dupla";"Reta";"Sim";1;0;0;1;0;0;1;1;-25,63690733;-49,31331245;"SPRF-PR";"DEL01-PR";"UOP03-DEL01-PR"
768436;2026-04-30;"quinta-feira";"12:29:00";"MS";163;478;"CAMPO GRANDE";"Ausência de reação do condutor";"Colisão traseira";"Com Vítimas Feridas";"Pleno dia";"Crescente";"Céu Claro";"Simples";"Reta";"Sim";2;0;2;0;0;0;2;2;-20,48329037;-54,55924122;"SPRF-MS";"DEL01-MS";"UOP01-DEL01-MS"
768438;2026-04-30;"quinta-feira";"14:45:00";"SP";116;156,7;"SAO JOSE DOS CAMPOS";"Avarias e/ou desgaste excessivo no pneu";"Tombamento";"Com Vítimas Feridas";"Pleno dia";"Crescente";"Céu Claro";"Dupla";"Reta;Declive";"Sim";2;0;2;0;0;0;2;1;-23,253612;-45,941181;"SPRF-SP";"DEL02-SP";"UOP01-DEL02-SP"
768440;2026-04-30;"quinta-feira";"10:30:00";"RO";429;218;"SAO FRANCISCO DO GUAPORE";"Transitar na contramão";"Tombamento";"Com Vítimas Fatais";"Pleno dia";"Decrescente";"Sol";"Simples";"Reta";"Não";3;1;2;0;0;0;2;2;-12,04905775;-63,42166901;"SPRF-RO";"DEL02-RO";"UOP03-DEL02-RO"
768441;2026-04-30;"quinta-feira";"15:20:00";"PE";101;82;"JABOATAO DOS GUARARAPES";"Reação tardia ou ineficiente do condutor";"Colisão lateral mesmo sentido";"Com Vítimas Feridas";"Pleno dia";"Crescente";"Céu Claro";"Dupla";"Reta";"Sim";2;0;1;0;1;0;1;2;-8,168415;-34,937982;"SPRF-PE";"DEL01-PE";"UOP01-DEL01-PE"
768442;2026-04-30;"quinta-feira";"13:20:00";"RJ";101;12;"CAMPOS DOS GOYTACAZES";"Ausência de reação do condutor";"Queda de ocupante de veículo";"Com Vítimas Feridas";"Pleno dia";"Crescente";"Céu Claro";"Simples";"Interseção de Vias;Rotatória";"Não";2;0;2;0;0;0;2;1;-21,44763831;-41,34321974;"SPRF-RJ";"DEL08-RJ";"UOP01-DEL08-RJ"
768443;2026-04-30;"quinta-feira";"15:12:00";"TO";153;334,4;"GUARAI";"Acessar a via sem observar a presença dos outros veículos";"Colisão transversal";"Com Vítimas Feridas";"Pleno dia";"Decrescente";"Céu Claro";"Simples";"Reta;Interseção de Vias";"Sim";3;0;1;0;2;0;1;2;-8,83726214;-48,5122776;"SPRF-TO";"DEL02-TO";"UOP02-DEL02-TO"
768444;2026-04-25;"sábado";"17:40:00";"BA";116;800;"VITORIA DA CONQUISTA";"Reação tardia ou ineficiente do condutor";"Queda de ocupante de veículo";"Com Vítimas Feridas";"Anoitecer";"Crescente";"Céu Claro";"Simples";"Reta";"Não";2;0;0;1;0;1;1;2;-14,76755439;-40,71074277;"SPRF-BA";"DEL08-BA";"UOP02-DEL08-BA"
768445;2026-04-24;"sexta-feira";"07:15:00";"GO";50;277;"CATALAO";"Reação tardia ou ineficiente do condutor";"Colisão lateral mesmo sentido";"Com Vítimas Feridas";"Pleno dia";"Crescente";"Ignorado";"Dupla";"Curva";"Não";2;0;0;1;1;0;1;2;-18,164378;-47,910286;"SPRF-GO";"DEL06-GO";"UOP01-DEL06-GO"
768447;2026-04-30;"quinta-feira";"15:10:00";"PR";277;533,8;"GUARANIACU";"Desrespeitar a preferência no cruzamento";"Colisão transversal";"Com Vítimas Feridas";"Pleno dia";"Crescente";"Céu Claro";"Simples";"Reta;Interseção de Vias";"Não";3;0;1;1;1;0;2;2;-25,0971194;-52,967975;"SPRF-PR";"DEL04-PR";"UOP04-DEL04-PR"
768448;2026-04-30;"quinta-feira";"14:58:00";"PE";408;45,4;"NAZARE DA MATA";"Acessar a via sem observar a presença dos outros veículos";"Colisão lateral sentido oposto";"Sem Vítimas";"Pleno dia";"Decrescente";"Nublado";"Simples";"Reta";"Sim";3;0;0;0;2;1;0;2;-7,7494005;-35,2336484;"SPRF-PE";"DEL01-PE";"UOP01-DEL01-PE"
768451;2026-04-30;"quinta-feira";"13:45:00";"RJ";101;484;"ANGRA DOS REIS";"Trafegar com motocicleta (ou similar) entre as faixas";"Colisão lateral mesmo sentido";"Com Vítimas Feridas";"Pleno dia";"Crescente";"Sol";"Simples";"Reta";"Sim";2;0;1;0;0;1;1;2;-22,987538;-44,301673;"SPRF-RJ";"DEL03-RJ";"UOP03-DEL03-RJ"
768452;2026-04-30;"quinta-feira";"14:10:00";"MG";40;659,7;"CARANDAI";"Reação tardia ou ineficiente do condutor";"Colisão com objeto";"Com Vítimas Fatais";"Pleno dia";"Crescente";"Sol";"Simples";"Retorno Regulamentado;Reta";"Não";1;1;0;0;0;0;0;1;-20,892375;-43,81766;"SPRF-MG";"DEL05-MG";"UOP02-DEL05-MG"
768454;2026-04-30;"quinta-feira";"16:15:00";"MG";40;513;"RIBEIRAO DAS NEVES";"Manobra de mudança de faixa";"Colisão lateral mesmo sentido";"Com Vítimas Feridas";"Pleno dia";"Decrescente";"Céu Claro";"Dupla";"Reta";"Não";2;0;1;0;1;0;1;2;-19,798265;-44,105244;"SPRF-MG";"DEL01-MG";"UOP02-DEL01-MG"