"id";"data_inversa";"dia_semana";"horario";"uf";"br";"km";"municipio";"causa_acidente";"tipo_acidente";"classificacao_acidente";"fase_dia";"sentido_via";"condicao_metereologica";"tipo_pista";"tracado_via";"uso_solo";"pessoas";"mortos";"feridos_leves";"feridos_graves";"ilesos";"ignorados";"feridos";"veiculos";"latitude";"longitude";"regional";"delegacia";"uop"
768456;2026-04-30;"quinta-feira";"15:30:00";"RJ";101;294;"ITABORAI";"Manobra de mudança de faixa";"Colisão lateral mesmo sentido";"Com Vítimas Feridas";"Pleno dia";"Decrescente";"Céu Claro";"Dupla";"Reta";"Sim";2;0;1;0;0;1;1;2;-22,75917455;-42,89602941;"SPRF-RJ";"DEL02-RJ";"UOP02-DEL02-RJ"
768457;2026-04-30;"quinta-feira";"15:00:00";"PI";343;345;"TERESINA";"Manobra de mudança de faixa";"Colisão transversal";"Com Vítimas Feridas";"Pleno dia";"Decrescente";"Céu Claro";"Simples";"Reta";"Sim";2;0;1;0;1;0;1;2;-5,107135;-42,768458;"SPRF-PI";"DEL01-PI";"UOP01-DEL01-PI"
768458;2026-04-30;"quinta-feira";"13:30:00";"PR";277;509,7;"GUARANIACU";"Ausência de reação do condutor";"Saída de leito carroçável";"Com Vítimas Feridas";"Pleno dia";"Decrescente";"Céu Claro";"Simples";"Reta";"Não";1;0;0;1;0;0;1;1;-25,124992;-52,74641;"SPRF-PR";"DEL04-PR";"UOP04-DEL04-PR"
768459;2026-04-30;"quinta-feira";"15:35:00";"DF";20;21;"BRASILIA";"Manobra de mudança de faixa";"Colisão lateral mesmo sentido";"Com Vítimas Feridas";"Pleno dia";"Crescente";"Céu Claro";"Dupla";"Aclive";"Sim";6;0;1;0;5;0;1;3;-15,602795;-47,683444;"SPRF-DF";"DEL02-DF";"UOP01-DEL02-DF"
768461;2026-04-30;"quinta-feira";"16:10:00";"ES";101;144,9;"LINHARES";"Pedestre cruzava a pista fora da faixa";"Atropelamento de Pedestre";"Com Vítimas Feridas";"Pleno dia";"Crescente";"Céu Claro";"Dupla";"Reta";"Sim";3;0;2;1;0;0;3;2;-19,359383;-40,064793;"SPRF-ES";"DEL04-ES";"UOP01-DEL04-ES"
768463;2026-04-30;"quinta-feira";"14:00:00";"MS";359;221;"COXIM";"Demais falhas mecânicas ou elétricas";"Incêndio";"Sem Vítimas";"Pleno dia";"Crescente";"Sol";"Simples";"Declive;Curva";"Não";3;0;0;0;3;0;0;1;-18,505306;-54,647588;"SPRF-MS";"DEL06-MS";"UOP01-DEL06-MS"
768467;2026-04-30;"quinta-feira";"17:00:00";"GO";60;101;"ANAPOLIS";"Trafegar com motocicleta (ou similar) entre as faixas";"Colisão lateral mesmo sentido";"Sem Vítimas";"Pleno dia";"Crescente";"Sol";"Dupla";"Retorno Regulamentado";"Sim";3;0;0;0;3;0;0;3;-16,4024532;-48,97633195;"SPRF-GO";"DEL02-GO";"UOP01-DEL02-GO"
768471;2026-04-30;"quinta-feira";"17:00:00";"MG";50;180;"UBERABA";"Manobra de mudança de faixa";"Colisão lateral mesmo sentido";"Com Vítimas Feridas";"Pleno dia";"Decrescente";"Céu Claro";"Múltipla";"Interseção de Vias;Rotatória";"Sim";2;0;1;0;1;0;1;2;-19,777627;-47,922052;"SPRF-MG";"DEL13-MG";"UOP01-DEL13-MG"
768474;2026-04-30;"quinta-feira";"16:35:00";"ES";393;41;"MUQUI";"Pista esburacada";"Capotamento";"Com Vítimas Feridas";"Pleno dia";"Crescente";"Céu Claro";"Simples";"Reta";"Não";2;0;1;1;0;0;2;1;-20,96007964;-41,44227693;"SPRF-ES";"DEL03-ES";"UOP02-DEL03-ES"
768475;2026-04-30;"quinta-feira";"17:00:00";"DF";40;2;"BRASILIA";"Manobra de mudança de faixa";"Colisão lateral mesmo sentido";"Com Vítimas Feridas";"Pleno dia";"Crescente";"Céu Claro";"Dupla";"Reta";"Sim";4;0;2;0;1;1;2;3;-15,9976;-47,985385;"SPRF-DF";"DEL01-DF";"UOP01-DEL01-DF"
768476;2026-04-30;"quinta-feira";"14:15:00";"MT";364;270,9;"JACIARA";"Reação tardia ou ineficiente do condutor";"Colisão traseira";"Com Vítimas Feridas";"Pleno dia";"Decrescente";"Céu Claro";"Dupla";"Declive";"Sim";4;0;2;0;2;0;2;2;-15,96991115;-54,95223999;"SPRF-MT";"DEL05-MT";"UOP02-DEL05-MT"
768477;2026-04-30;"quinta-feira";"16:20:00";"PR";376;180,5;"MARINGA";"Condutor deixou de manter distância do veículo da frente";"Colisão traseira";"Com Vítimas Feridas";"Pleno dia";"Decrescente";"Nublado";"Dupla";"Declive;Reta";"Sim";3;0;1;0;2;0;1;2;-23,42483294;-51,89920871;"SPRF-PR";"DEL09-PR";"UOP01-DEL09-PR"
768478;2026-04-30;"quinta-feira";"17:10:00";"RS";290;92;"PORTO ALEGRE";"Ausência de reação do condutor";"Colisão traseira";"Com Vítimas Feridas";"Pleno dia";"Crescente";"Céu Claro";"Dupla";"Reta";"Sim";2;0;1;0;1;0;1;2;-29,96995726;-51,17951916;"SPRF-RS";"DEL01-RS";"UOP01-DEL01-RS"
768479;2026-04-30;"quinta-feira";"15:35:00";"BA";367;54;"SANTA CRUZ CABRALIA";"Reação tardia ou ineficiente do condutor";"Atropelamento de Pedestre";"Com Vítimas Feridas";"Pleno dia";"Crescente";"Céu Claro";"Simples";"Reta";"Não";3;0;0;1;2;0;1;3;-16,3809394;-39,32680003;"SPRF-BA";"DEL09-BA";"UOP03-DEL09-BA"
768480;2026-04-30;"quinta-feira";"16:45:00";"DF";70;6;"BRASILIA";"Condutor deixou de manter distância do veículo da frente";"Colisão traseira";"Com Vítimas Feridas";"Pleno dia";"Decrescente";"Céu Claro";"Múltipla";"Reta";"Sim";5;0;4;1;0;0;5;2;-15,7952321;-48,1990865;"SPRF-DF";"DEL03-DF";"UOP02-DEL03-DF"
768482;2026-04-30;"quinta-feira";"13:50:00";"PB";230;464;"SOUSA";"Acessar a via sem observar a presença dos outros veículos";"Colisão transversal";"Com Vítimas Feridas";"Pleno dia";"Decrescente";"Céu Claro";"Simples";"Interseção de Vias;Curva";"Sim";2;0;0;1;1;0;1;2;-6,78119525;-38,25461984;"SPRF-PB";"DEL03-PB";"UOP03-DEL03-PB"
768483;2026-04-22;"quarta-feira";"19:21:00";"SC";282;137;"BOM RETIRO";"Condutor deixou de manter distância do veículo da frente";"Colisão traseira";"Com Vítimas Feridas";"Plena Noite";"Crescente";"Céu Claro";"Simples";"Reta";"Sim";3;0;2;0;1;0;2;2;-27,82196569;-49,56762719;"SPRF-SC";"DEL05-SC";"UOP01-DEL05-SC"
768484;2026-04-30;"quinta-feira";"15:45:00";"MA";10;251;"IMPERATRIZ";"Acessar a via sem observar a presença dos outros veículos";"Colisão transversal";"Com Vítimas Feridas";"Pleno dia";"Crescente";"Céu Claro";"Simples";"Retorno Regulamentado";"Sim";2;0;1;0;1;0;1;2;-5,53757;-47,46793;"SPRF-MA";"DEL04-MA";"UOP01-DEL04-MA"
768485;2026-04-30;"quinta-feira";"17:15:00";"PB";230;83;"CALDAS BRANDAO";"Chuva";"Queda de ocupante de veículo";"Com Vítimas Feridas";"Anoitecer";"Crescente";"Chuva";"Dupla";"Curva";"Não";1;0;0;1;0;0;1;1;-7,162867;-35,347382;"SPRF-PB";"DEL01-PB";"UOP02-DEL01-PB"
768486;2026-04-30;"quinta-feira";"17:15:00";"ES";101;207;"JOAO NEIVA";"Condutor deixou de manter distância do veículo da frente";"Colisão traseira";"Com Vítimas Feridas";"Anoitecer";"Crescente";"Céu Claro";"Dupla";"Reta";"Não";2;0;1;0;1;0;1;2;-19,78189663;-40,37174463;"SPRF-ES";"DEL02-ES";"UOP01-DEL02-ES"
768487;2026-04-30;"quinta-feira";"12:00:00";"PI";222;160,9;"ESPERANTINA";"Avarias e/ou desgaste excessivo no pneu";"Capotamento";"Sem Vítimas";"Pleno dia";"Decrescente";"Nublado";"Simples";"Reta";"Não";3;0;0;0;0;3;0;1;-3,860988;-42,359201;"SPRF-PI";"DEL02-PI";"UOP01-DEL02-PI"
768488;2026-04-30;"quinta-feira";"17:50:00";"SP";381;16;"BRAGANCA PAULISTA";"Reação tardia ou ineficiente do condutor";"Tombamento";"Com Vítimas Feridas";"Plena Noite";"Decrescente";"Céu Claro";"Dupla";"Reta;Declive";"Não";1;0;1;0;0;0;1;1;-22,958268;-46,480688;"SPRF-SP";"DEL03-SP";"UOP02-DEL03-SP"
768489;2026-04-30;"quinta-feira";"17:50:00";"RJ";101;484;"ANGRA DOS REIS";"Ausência de reação do condutor";"Colisão traseira";"Com Vítimas Feridas";"Plena Noite";"Decrescente";"Céu Claro";"Simples";"Reta";"Não";2;0;1;0;1;0;1;2;-22,98770357;-44,29805249;"SPRF-RJ";"DEL03-RJ";"UOP03-DEL03-RJ"
768490;2026-04-30;"quinta-feira";"18:20:00";"ES";101;138;"LINHARES";"Condutor deixou de manter distância do veículo da frente";"Engavetamento";"Com Vítimas Feridas";"Plena Noite";"Crescente";"Céu Claro";"Dupla";"Reta";"Sim";3;0;1;0;1;1;1;3;-19,317491;-40,07622;"SPRF-ES";"DEL04-ES";"UOP01-DEL04-ES"
768491;2026-04-30;"quinta-feira";"18:15:00";"RS";158;327;"SANTA MARIA";"Transitar na contramão";"Colisão lateral sentido oposto";"Com Vítimas Feridas";"Plena Noite";"Crescente";"Céu Claro";"Dupla";"Reta";"Sim";2;0;0;1;1;0;1;2;-29,71192805;-53,81832791;"SPRF-RS";"DEL09-RS";"UOP01-DEL09-RS"
768493;2026-04-30;"quinta-feira";"18:00:00";"RS";116;254,2;"SAPUCAIA DO SUL";"Trafegar com motocicleta (ou similar) entre as faixas";"Colisão traseira";"Com Vítimas Feridas";"Plena Noite";"Crescente";"Céu Claro";"Múltipla";"Reta";"Sim";2;0;1;0;1;0;1;2;-29,82854121;-51,17316616;"SPRF-RS";"DEL01-RS";"UOP02-DEL01-RS"
768497;2026-04-30;"quinta-feira";"18:00:00";"SC";280;169;"MAFRA";"Acessar a via sem observar a presença dos outros veículos";"Colisão transversal";"Com Vítimas Feridas";"Plena Noite";"Crescente";"Nublado";"Simples";"Aclive;Reta";"Sim";2;0;1;0;1;0;1;2;-26,152939;-49,812893;"SPRF-SC";"DEL06-SC";"UOP01-DEL06-SC"
768499;2026-04-30;"quinta-feira";"18:10:00";"MG";381;485;"BETIM";"Condutor deixou de manter distância do veículo da frente";"Colisão traseira";"Com Vítimas Feridas";"Plena Noite";"Decrescente";"Céu Claro";"Dupla";"Reta";"Sim";3;0;2;0;1;0;2;2;-19,95621045;-44,10283176;"SPRF-MG";"DEL01-MG";"UOP03-DEL01-MG"
768501;2026-04-30;"quinta-feira";"16:00:00";"RJ";101;207;"CASIMIRO DE ABREU";"Desrespeitar a preferência no cruzamento";"Colisão transversal";"Com Vítimas Feridas";"Pleno dia";"Decrescente";"Céu Claro";"Simples";"Reta;Interseção de Vias";"Sim";2;0;1;0;1;0;1;2;-22,47682444;-42,20206559;"SPRF-RJ";"DEL08-RJ";"UOP04-DEL08-RJ"
768502;2026-04-23;"quinta-feira";"15:00:00";"MG";381;190;"PERIQUITO";"Ingestão de álcool pelo condutor";"Saída de leito carroçável";"Com Vítimas Feridas";"Pleno dia";"Crescente";"Sol";"Simples";"Reta";"Não";1;0;1;0;0;0;1;1;-19,120547;-42,213232;"SPRF-MG";"DEL06-MG";"UOP01-DEL06-MG"
768503;2026-04-30;"quinta-feira";"15:40:00";"RJ";40;111;"DUQUE DE CAXIAS";"Reação tardia ou ineficiente do condutor";"Tombamento";"Com Vítimas Feridas";"Pleno dia";"Crescente";"Céu Claro";"Múltipla";"Reta";"Sim";2;0;2;0;0;0;2;1;-22,6989;-43,2897;"SPRF-RJ";"DEL01-RJ";"UOP02-DEL01-RJ"
768504;2026-04-30;"quinta-feira";"18:15:00";"RJ";101;268;"RIO BONITO";"Reação tardia ou ineficiente do condutor";"Colisão traseira";"Com Vítimas Feridas";"Plena Noite";"Crescente";"Céu Claro";"Dupla";"Reta";"Não";4;0;1;0;3;0;1;2;-22,71522025;-42,6790085;"SPRF-RJ";"DEL02-RJ";"UOP03-DEL02-RJ"
768505;2026-04-30;"quinta-feira";"18:50:00";"SP";381;80;"SAO PAULO";"Ausência de reação do condutor";"Colisão traseira";"Sem Vítimas";"Plena Noite";"Decrescente";"Céu Claro";"Múltipla";"Reta";"Sim";3;0;0;0;3;0;0;3;-23,421415;-46,577366;"SPRF-SP";"DEL03-SP";"UOP01-DEL03-SP"
768506;2026-04-30;"quinta-feira";"18:15:00";"RS";386;75;"JABOTICABA";"Acessar a via sem observar a presença dos outros veículos";"Colisão transversal";"Com Vítimas Feridas";"Anoitecer";"Decrescente";"Céu Claro";"Simples";"Interseção de Vias";"Sim";2;0;1;0;1;0;1;2;-27,68292004;-53,30789566;"SPRF-RS";"DEL08-RS";"UOP02-DEL08-RS"
768507;2026-04-30;"quinta-feira";"19:05:00";"SP";116;215;"GUARULHOS";"Ausência de reação do condutor";"Colisão traseira";"Com Vítimas Feridas";"Plena Noite";"Decrescente";"Céu Claro";"Múltipla";"Reta";"Não";2;0;1;0;1;0;1;2;-23,4240327;-46,3979661;"SPRF-SP";"DEL01-SP";"UOP01-DEL01-SP"
768509;2026-04-30;"quinta-feira";"17:50:00";"SP";488;2;"APARECIDA";"Desrespeitar a preferência no cruzamento";"Colisão traseira";"Com Vítimas Feridas";"Anoitecer";"Decrescente";"Céu Claro";"Dupla";"Rotatória";"Sim";2;0;1;0;1;0;1;2;-22,84760119;-45,23505656;"SPRF-SP";"DEL08-SP";"UOP01-DEL08-SP"
768510;2026-04-30;"quinta-feira";"18:15:00";"BA";116;421;"FEIRA DE SANTANA";"Manobra de mudança de faixa";"Colisão lateral mesmo sentido";"Com Vítimas Feridas";"Plena Noite";"Crescente";"Céu Claro";"Dupla";"Reta";"Sim";2;0;1;0;1;0;1;2;-12,2112585;-38,9652658;"SPRF-BA";"DEL02-BA";"UOP01-DEL02-BA"
768511;2026-04-30;"quinta-feira";"18:15:00";"RN";101;106;"PARNAMIRIM";"Condutor deixou de manter distância do veículo da frente";"Colisão traseira";"Sem Vítimas";"Plena Noite";"Crescente";"Chuva";"Múltipla";"Reta";"Sim";2;0;0;0;2;0;0;2;-5,909437;-35,26123;"SPRF-RN";"DEL01-RN";"UOP01-DEL01-RN"
768512;2026-04-30;"quinta-feira";"17:19:00";"RJ";40;110;"DUQUE DE CAXIAS";"Ausência de reação do condutor";"Colisão traseira";"Com Vítimas Feridas";"Pleno dia";"Decrescente";"Céu Claro";"Múltipla";"Reta";"Sim";4;0;2;0;2;0;2;2;-22,687095;-43,2858;"SPRF-RJ";"DEL01-RJ";"UOP02-DEL01-RJ"
768513;2026-04-30;"quinta-feira";"13:10:00";"RJ";356;66;"ITAPERUNA";"Acessar a via sem observar a presença dos outros veículos";"Colisão transversal";"Com Vítimas Feridas";"Pleno dia";"Crescente";"Céu Claro";"Simples";"Interseção de Vias;Rotatória";"Não";3;0;2;0;1;0;2;2;-21,35572189;-41,70907823;"SPRF-RJ";"DEL08-RJ";"UOP03-DEL08-RJ"
768515;2026-04-30;"quinta-feira";"18:05:00";"SC";101;327,2;"CAPIVARI DE BAIXO";"Desrespeitar a preferência no cruzamento";"Colisão transversal";"Com Vítimas Feridas";"Anoitecer";"Decrescente";"Céu Claro";"Múltipla";"Reta;Interseção de Vias";"Sim";2;0;1;0;1;0;1;2;-28,43940677;-48,96201817;"SPRF-SC";"DEL02-SC";"UOP01-DEL02-SC"
768516;2026-04-30;"quinta-feira";"14:15:00";"RS";285;251,8;"CARAZINHO";"Ausência de reação do condutor";"Colisão traseira";"Com Vítimas Feridas";"Pleno dia";"Decrescente";"Céu Claro";"Simples";"Reta";"Não";3;0;1;0;2;0;1;2;-28,33581269;-52,89470673;"SPRF-RS";"DEL08-RS";"UOP03-DEL08-RS"
768517;2026-04-30;"quinta-feira";"19:05:00";"SE";235;1,9;"ARACAJU";"Mal súbito do condutor";"Saída de leito carroçável";"Com Vítimas Feridas";"Plena Noite";"Decrescente";"Céu Claro";"Dupla";"Reta";"Sim";2;0;0;1;1;0;1;1;-10,907701;-37,091526;"SPRF-SE";"DEL01-SE";"UOP01-DEL01-SE"
768519;2026-04-30;"quinta-feira";"18:46:00";"DF";20;1,8;"BRASILIA";"Entrada inopinada do pedestre";"Atropelamento de Pedestre";"Com Vítimas Feridas";"Plena Noite";"Crescente";"Céu Claro";"Dupla";"Reta";"Sim";2;0;1;0;1;0;1;2;-15,683243;-47,84207;"SPRF-DF";"DEL02-DF";"UOP01-DEL02-DF"
768520;2026-04-30;"quinta-feira";"19:00:00";"MG";381;450;"BELO HORIZONTE";"Demais falhas mecânicas ou elétricas";"Colisão lateral mesmo sentido";"Com Vítimas Feridas";"Plena Noite";"Decrescente";"Nublado";"Dupla";"Reta";"Não";4;0;1;0;2;1;1;3;-19,84636068;-43,8871555;"SPRF-MG";"DEL01-MG";"UOP01-DEL01-MG"
768521;2026-04-30;"quinta-feira";"18:45:00";"RS";287;248;"SANTA MARIA";"Ausência de reação do condutor";"Colisão traseira";"Sem Vítimas";"Plena Noite";"Crescente";"Céu Claro";"Simples";"Reta";"Sim";2;0;0;0;2;0;0;2;-29,69507507;-53,85675643;"SPRF-RS";"DEL09-RS";"UOP01-DEL09-RS"
768522;2026-04-30;"quinta-feira";"17:50:00";"SE";235;52;"ITABAIANA";"Acesso irregular";"Colisão transversal";"Com Vítimas Feridas";"Plena Noite";"Decrescente";"Nublado";"Simples";"Interseção de Vias;Reta";"Não";2;0;2;0;0;0;2;2;-10,6965434;-37,43575064;"SPRF-SE";"DEL01-SE";"UOP02-DEL01-SE"
768523;2026-04-30;"quinta-feira";"18:45:00";"BA";101;719;"EUNAPOLIS";"Acessar a via sem observar a presença dos outros veículos";"Colisão transversal";"Com Vítimas Feridas";"Plena Noite";"Crescente";"Nublado";"Simples";"Rotatória;Interseção de Vias;Reta";"Sim";2;0;1;0;1;0;1;2;-16,38651;-39,586475;"SPRF-BA";"DEL09-BA";"UOP01-DEL09-BA"
768525;2026-04-30;"quinta-feira";"18:40:00";"PE";232;7,6;"RECIFE";"Reação tardia ou ineficiente do condutor";"Colisão traseira";"Sem Vítimas";"Plena Noite";"Decrescente";"Chuva";"Dupla";"Reta";"Não";2;0;0;0;2;0;0;2;-8,075601;-34,968646;"SPRF-PE";"DEL01-PE";"UOP01-DEL01-PE"
768526;2026-04-30;"quinta-feira";"18:45:00";"SC";282;225;"LAGES";"Animais na Pista";"Atropelamento de Animal";"Com Vítimas Feridas";"Plena Noite";"Decrescente";"Céu Claro";"Simples";"Reta";"Não";6;0;1;1;4;0;2;4;-27,7949031;-50,3862059;"SPRF-SC";"DEL05-SC";"UOP02-DEL05-SC"
768529;2026-04-30;"quinta-feira";"19:40:00";"MG";116;764;"LEOPOLDINA";"Reação tardia ou ineficiente do condutor";"Saída de leito carroçável";"Com Vítimas Feridas";"Plena Noite";"Crescente";"Céu Claro";"Simples";"Curva";"Não";2;0;2;0;0;0;2;1;-21,519936;-42,642445;"SPRF-MG";"DEL07-MG";"UOP01-DEL07-MG"
768530;2026-04-30;"quinta-feira";"19:55:00";"PR";277;609,1;"SANTA TEREZA DO OESTE";"Acessar a via sem observar a presença dos outros veículos";"Colisão transversal";"Com Vítimas Feridas";"Plena Noite";"Decrescente";"Céu Claro";"Simples";"Reta;Rotatória;Interseção de Vias";"Não";3;0;1;1;1;0;2;2;-25,0377942;-53,5952016;"SPRF-PR";"DEL05-PR";"UOP02-DEL05-PR"
768533;2026-04-30;"quinta-feira";"18:15:00";"PE";408;50,4;"TRACUNHAEM";"Ultrapassagem Indevida";"Colisão transversal";"Com Vítimas Feridas";"Plena Noite";"Decrescente";"Chuva";"Simples";"Reta";"Não";10;0;5;1;0;4;6;2;-7,79718;-35,24483;"SPRF-PE";"DEL01-PE";"UOP01-DEL01-PE"
768534;2026-04-25;"sábado";"14:50:00";"MS";163;10;"MUNDO NOVO";"Ausência de reação do condutor";"Colisão traseira";"Com Vítimas Feridas";"Pleno dia";"Crescente";"Céu Claro";"Simples";"Reta;Em Obras;Aclive";"Não";6;0;1;0;5;0;1;3;-23,979101;-54,331062;"SPRF-MS";"DEL09-MS";"UOP02-DEL09-MS"
768535;2026-04-30;"quinta-feira";"18:00:00";"RJ";116;143;"DUQUE DE CAXIAS";"Ausência de reação do condutor";"Colisão lateral mesmo sentido";"Com Vítimas Feridas";"Plena Noite";"Crescente";"Céu Claro";"Dupla";"Reta";"Sim";2;0;0;1;1;0;1;2;-22,64913995;-43,23179875;"SPRF-RJ";"DEL01-RJ";"UOP02-DEL01-RJ"
768537;2026-04-30;"quinta-feira";"20:00:00";"RS";116;267;"CANOAS";"Reação tardia ou ineficiente do condutor";"Engavetamento";"Com Vítimas Feridas";"Plena Noite";"Decrescente";"Céu Claro";"Dupla";"Reta";"Sim";6;0;1;0;5;0;1;3;-29,946638;-51,17668;"SPRF-RS";"DEL01-RS";"UOP01-DEL01-RS"
768540;2026-04-30;"quinta-feira";"19:10:00";"MT";364;690;"LUCAS DO RIO VERDE";"Ingestão de álcool pelo condutor";"Colisão traseira";"Sem Vítimas";"Plena Noite";"Decrescente";"Céu Claro";"Simples";"Reta";"Sim";2;0;0;0;2;0;0;2;-13,059346;-55,916717;"SPRF-MT";"DEL01-MT";"UOP01-DEL01-MT"
768541;2026-04-30;"quinta-feira";"14:10:00";"RJ";116;147;"DUQUE DE CAXIAS";"Acessar a via sem observar a presença dos outros veículos";"Colisão lateral mesmo sentido";"Com Vítimas Feridas";"Pleno dia";"Decrescente";"Céu Claro";"Dupla";"Reta";"Não";3;0;2;0;1;0;2;2;-22,672;-43,2801;"SPRF-RJ";"DEL01-RJ";"UOP02-DEL01-RJ"
768542;2026-04-30;"quinta-feira";"18:10:00";"PA";230;117;"MARABA";"Velocidade Incompatível";"Colisão lateral mesmo sentido";"Com Vítimas Feridas";"Anoitecer";"Crescente";"Céu Claro";"Múltipla";"Reta";"Sim";3;0;2;0;1;0;2;2;-5,35523048;-49,09309387;"SPRF-PA";"DEL03-PA";"UOP01-DEL03-PA"
768543;2026-04-30;"quinta-feira";"18:40:00";"MT";70;225;"GENERAL CARNEIRO";"Velocidade Incompatível";"Capotamento";"Com Vítimas Feridas";"Plena Noite";"Decrescente";"Céu Claro";"Simples";"Declive;Curva";"Não";2;0;2;0;0;0;2;1;-15,654633;-53,9008;"SPRF-MT";"DEL05-MT";"UOP01-DEL05-MT"
768545;2026-04-30;"quinta-feira";"13:00:00";"PA";163;990;"SANTAREM";"Acessar a via sem observar a presença dos outros veículos";"Colisão lateral sentido oposto";"Sem Vítimas";"Pleno dia";"Decrescente";"Chuva";"Simples";"Reta";"Sim";2;0;0;0;2;0;0;2;-2,53712968;-54,72275667;"SPRF-PA";"DEL05-PA";"UOP01-DEL05-PA"
768547;2026-04-30;"quinta-feira";"19:35:00";"PE";408;49;"NAZARE DA MATA";"Ausência de reação do condutor";"Colisão traseira";"Sem Vítimas";"Plena Noite";"Crescente";"Chuva";"Simples";"Reta";"Não";2;0;0;0;1;1;0;2;-7,7884524;-35,2429203;"SPRF-PE";"DEL01-PE";"UOP01-DEL01-PE"
768549;2026-04-30;"quinta-feira";"20:40:00";"SP";116;129,5;"CACAPAVA";"Ausência de reação do condutor";"Colisão traseira";"Com Vítimas Feridas";"Plena Noite";"Decrescente";"Nublado";"Dupla";"Reta";"Sim";3;0;1;0;2;0;1;2;-23,12107126;-45,72477579;"SPRF-SP";"DEL02-SP";"UOP02-DEL02-SP"
768550;2026-04-30;"quinta-feira";"21:00:00";"PR";277;77;"SAO JOSE DOS PINHAIS";"Ausência de reação do condutor";"Colisão traseira";"Com Vítimas Feridas";"Plena Noite";"Crescente";"Nublado";"Dupla";"Reta";"Sim";2;0;2;0;0;0;2;2;-25,484362;-49,1886;"SPRF-PR";"DEL01-PR";"UOP08-DEL01-PR"
768552;2026-04-30;"quinta-feira";"17:50:00";"CE";116;437,5;"BARRO";"Pedestre andava na pista";"Atropelamento de Pedestre";"Com Vítimas Fatais";"Anoitecer";"Decrescente";"Nublado";"Simples";"Reta";"Não";2;1;0;0;0;1;0;2;-7,02553;-38,76671;"SPRF-CE";"DEL05-CE";"UOP03-DEL05-CE"
768553;2026-04-30;"quinta-feira";"21:10:00";"CE";116;312;"TIANGUA";"Animais na Pista";"Atropelamento de Animal";"Com Vítimas Feridas";"Plena Noite";"Crescente";"Garoa/Chuvisco";"Dupla";"Reta";"Sim";1;0;0;1;0;0;1;1;-3,721067;-40,995506;"SPRF-CE";"DEL05-CE";"UOP02-DEL05-CE"
768554;2026-04-30;"quinta-feira";"21:30:00";"BA";324;517;"FEIRA DE SANTANA";"Condutor deixou de manter distância do veículo da frente";"Engavetamento";"Sem Vítimas";"Plena Noite";"Crescente";"Céu Claro";"Simples";"Reta";"Sim";4;0;0;0;3;1;0;4;-12,26344819;-38,93267155;"SPRF-BA";"DEL02-BA";"UOP01-DEL02-BA"
768556;2026-04-30;"quinta-feira";"20:55:00";"MG";40;637,6;"CONSELHEIRO LAFAIETE";"Condutor deixou de manter distância do veículo da frente";"Colisão traseira";"Com Vítimas Feridas";"Plena Noite";"Decrescente";"Céu Claro";"Simples";"Reta";"Não";2;0;1;0;1;0;1;2;-20,70893179;-43,79341498;"SPRF-MG";"DEL05-MG";"UOP02-DEL05-MG"
768557;2026-04-30;"quinta-feira";"21:30:00";"GO";153;433;"ANAPOLIS";"Manobra de mudança de faixa";"Colisão lateral mesmo sentido";"Com Vítimas Feridas";"Plena Noite";"Crescente";"Céu Claro";"Dupla";"Reta";"Sim";3;0;2;0;1;0;2;2;-16,284752;-48,950124;"SPRF-GO";"DEL02-GO";"UOP01-DEL02-GO"
768558;2026-04-30;"quinta-feira";"21:00:00";"PR";277;425,8;"CANTAGALO";"Desrespeitar a preferência no cruzamento";"Colisão transversal";"Com Vítimas Feridas";"Plena Noite";"Crescente";"Céu Claro";"Simples";"Interseção de Vias";"Sim";2;0;1;0;1;0;1;2;-25,37873;-52,124409;"SPRF-PR";"DEL04-PR";"UOP02-DEL04-PR"
768560;2026-04-30;"quinta-feira";"18:00:00";"PB";405;4,4;"UIRAUNA";"Animais na Pista";"Atropelamento de Animal";"Sem Vítimas";"Plena Noite";"Decrescente";"Garoa/Chuvisco";"Simples";"Reta";"Não";1;0;0;0;1;0;0;1;-6,491143;-38,3928552;"SPRF-PB";"DEL03-PB";"UOP03-DEL03-PB"
768561;2026-04-30;"quinta-feira";"19:15:00";"RR";401;15,8;"BONFIM";"Reação tardia ou ineficiente do condutor";"Colisão traseira";"Com Vítimas Fatais";"Plena Noite";"Crescente";"Céu Claro";"Simples";"Reta";"Não";3;1;0;0;2;0;0;2;3,37434;-59,82877;"SPRF-RR";"DEL01-RR";"UOP01-DEL01-RR"
768562;2026-04-30;"quinta-feira";"19:50:00";"MG";262;440;"NOVA SERRANA";"Velocidade Incompatível";"Colisão traseira";"Com Vítimas Feridas";"Plena Noite";"Crescente";"Céu Claro";"Múltipla";"Aclive;Reta";"Sim";2;0;1;0;1;0;1;2;-19,86502;-44,99418;"SPRF-MG";"DEL08-MG";"UOP03-DEL08-MG"
768563;2026-04-30;"quinta-feira";"20:05:00";"MG";262;482,8;"BOM DESPACHO";"Ausência de reação do condutor";"Colisão traseira";"Com Vítimas Feridas";"Plena Noite";"Crescente";"Céu Claro";"Simples";"Reta;Declive";"Não";2;0;1;0;1;0;1;2;-19,7851;-45,37558;"SPRF-MG";"DEL08-MG";"UOP03-DEL08-MG"