"id";"data_inversa";"dia_semana";"horario";"uf";"br";"km";"municipio";"causa_acidente";"tipo_acidente";"classificacao_acidente";"fase_dia";"sentido_via";"condicao_metereologica";"tipo_pista";"tracado_via";"uso_solo";"pessoas";"mortos";"feridos_leves";"feridos_graves";"ilesos";"ignorados";"feridos";"veiculos";"latitude";"longitude";"regional";"delegacia";"uop"
768565;2026-04-30;"quinta-feira";"22:14:00";"PE";408;92,3;"SAO LOURENCO DA MATA";"Manobra de mudança de faixa";"Colisão lateral mesmo sentido";"Sem Vítimas";"Plena Noite";"Decrescente";"Chuva";"Múltipla";"Reta";"Não";2;0;0;0;2;0;0;2;-8,04478226;-35,01085281;"SPRF-PE";"DEL01-PE";"UOP01-DEL01-PE"
768566;2026-04-30;"quinta-feira";"19:05:00";"RJ";40;120;"DUQUE DE CAXIAS";"Ausência de reação do condutor";"Colisão traseira";"Com Vítimas Feridas";"Plena Noite";"Decrescente";"Céu Claro";"Dupla";"Reta";"Sim";2;0;0;1;1;0;1;2;-22,77527159;-43,28583716;"SPRF-RJ";"DEL01-RJ";"UOP02-DEL01-RJ"
768567;2026-04-30;"quinta-feira";"21:35:00";"SP";116;127,2;"CACAPAVA";"Reação tardia ou ineficiente do condutor";"Colisão traseira";"Com Vítimas Feridas";"Plena Noite";"Crescente";"Céu Claro";"Dupla";"Reta";"Sim";4;0;1;1;0;2;2;3;-23,10802264;-45,69983339;"SPRF-SP";"DEL02-SP";"UOP02-DEL02-SP"
768568;2026-04-27;"segunda-feira";"02:45:00";"RJ";101;327;"RIO DE JANEIRO";"Condutor Dormindo";"Colisão com objeto";"Com Vítimas Feridas";"Plena Noite";"Decrescente";"Céu Claro";"Múltipla";"Aclive;Ponte";"Não";1;0;0;1;0;0;1;1;-22,86971;-43,1714426;"SPRF-RJ";"DEL02-RJ";"UOP01-DEL02-RJ"
768569;2026-04-30;"quinta-feira";"20:30:00";"PR";376;354;"ORTIGUEIRA";"Ingestão de álcool pelo condutor";"Colisão lateral mesmo sentido";"Sem Vítimas";"Plena Noite";"Decrescente";"Nublado";"Simples";"Reta";"Não";2;0;0;0;2;0;0;2;-24,259345;-50,894845;"SPRF-PR";"DEL07-PR";"UOP02-DEL07-PR"
768570;2026-04-30;"quinta-feira";"21:45:00";"MG";40;375;"SETE LAGOAS";"Acessar a via sem observar a presença dos outros veículos";"Colisão traseira";"Com Vítimas Feridas";"Plena Noite";"Crescente";"Céu Claro";"Simples";"Reta";"Não";3;0;2;0;1;0;2;2;-19,474393;-44,291947;"SPRF-MG";"DEL02-MG";"UOP01-DEL02-MG"
768571;2026-04-30;"quinta-feira";"21:00:00";"MT";364;404,5;"CUIABA";"Mal súbito do condutor";"Colisão traseira";"Com Vítimas Feridas";"Plena Noite";"Decrescente";"Nublado";"Dupla";"Aclive;Reta";"Sim";2;0;0;1;1;0;1;2;-15,64293036;-56,01691514;"SPRF-MT";"DEL01-MT";"UOP02-DEL01-MT"
768575;2026-04-30;"quinta-feira";"21:10:00";"SC";153;13,8;"AGUA DOCE";"Velocidade Incompatível";"Saída de leito carroçável";"Com Vítimas Feridas";"Plena Noite";"Crescente";"Céu Claro";"Simples";"Interseção de Vias";"Não";2;0;2;0;0;0;2;1;-26,698507;-51,57455;"SPRF-SC";"DEL07-SC";"UOP07-DEL07-SC"
768576;2026-04-30;"quinta-feira";"23:00:00";"SC";101;194;"BIGUACU";"Acessar a via sem observar a presença dos outros veículos";"Colisão transversal";"Com Vítimas Feridas";"Plena Noite";"Crescente";"Nublado";"Simples";"Viaduto";"Sim";2;0;1;0;1;0;1;2;-27,499385;-48,656248;"SPRF-SC";"DEL01-SC";"UOP01-DEL01-SC"
768577;2026-04-30;"quinta-feira";"22:40:00";"DF";40;5,9;"BRASILIA";"Demais falhas mecânicas ou elétricas";"Tombamento";"Com Vítimas Feridas";"Plena Noite";"Decrescente";"Céu Claro";"Múltipla";"Reta";"Sim";2;0;2;0;0;0;2;2;-16,02844;-47,97916;"SPRF-DF";"DEL01-DF";"UOP01-DEL01-DF"
768578;2026-04-30;"quinta-feira";"21:28:00";"MG";262;37,1;"MANHUACU";"Transitar no Acostamento";"Colisão lateral mesmo sentido";"Com Vítimas Feridas";"Plena Noite";"Crescente";"Céu Claro";"Simples";"Reta";"Sim";2;0;1;0;1;0;1;2;-20,27111488;-42,03944957;"SPRF-MG";"DEL06-MG";"UOP03-DEL06-MG"
768579;2026-04-30;"quinta-feira";"21:05:00";"PI";343;309,3;"ALTOS";"Acessar a via sem observar a presença dos outros veículos";"Colisão transversal";"Com Vítimas Feridas";"Plena Noite";"Crescente";"Céu Claro";"Simples";"Reta";"Sim";3;0;1;1;0;1;2;2;-5,04009;-42,47797;"SPRF-PI";"DEL01-PI";"UOP01-DEL01-PI"
768581;2026-04-30;"quinta-feira";"22:40:00";"SP";116;445;"REGISTRO";"Ausência de reação do condutor";"Saída de leito carroçável";"Com Vítimas Feridas";"Plena Noite";"Decrescente";"Céu Claro";"Simples";"Declive;Viaduto;Curva";"Sim";1;0;1;0;0;0;1;1;-24,50852769;-47,84947291;"SPRF-SP";"DEL05-SP";"UOP01-DEL05-SP"
768582;2026-04-30;"quinta-feira";"19:00:00";"MG";40;201,5;"JOAO PINHEIRO";"Ultrapassagem Indevida";"Colisão frontal";"Com Vítimas Fatais";"Anoitecer";"Decrescente";"Nublado";"Simples";"Reta";"Não";7;1;3;3;0;0;6;2;-17,9915;-45,778974;"SPRF-MG";"DEL14-MG";"UOP02-DEL14-MG"
768583;2026-04-30;"quinta-feira";"16:30:00";"SC";282;501,4;"XANXERE";"Acessar a via sem observar a presença dos outros veículos";"Colisão transversal";"Com Vítimas Fatais";"Pleno dia";"Crescente";"Sol";"Dupla";"Rotatória";"Não";2;1;0;0;1;0;0;2;-26,8828766;-52,3806443;"SPRF-SC";"DEL07-SC";"UOP01-DEL07-SC"
768584;2026-04-30;"quinta-feira";"21:50:00";"SP";381;37;"ATIBAIA";"Condutor deixou de manter distância do veículo da frente";"Colisão lateral mesmo sentido";"Com Vítimas Feridas";"Plena Noite";"Decrescente";"Céu Claro";"Dupla";"Reta";"Sim";4;0;3;0;1;0;3;3;-23,11197401;-46,57123201;"SPRF-SP";"DEL03-SP";"UOP01-DEL03-SP"
768585;2026-04-30;"quinta-feira";"21:04:00";"SC";280;66;"JARAGUA DO SUL";"Condutor deixou de manter distância do veículo da frente";"Colisão traseira";"Com Vítimas Feridas";"Plena Noite";"Crescente";"Garoa/Chuvisco";"Simples";"Reta";"Sim";2;0;0;1;1;0;1;2;-26,47656055;-49,10517303;"SPRF-SC";"DEL03-SC";"UOP03-DEL03-SC"
768586;2026-04-30;"quinta-feira";"23:15:00";"RS";116;266;"CANOAS";"Reação tardia ou ineficiente do condutor";"Colisão traseira";"Com Vítimas Feridas";"Plena Noite";"Crescente";"Céu Claro";"Dupla";"Reta";"Sim";3;0;1;0;1;1;1;3;-29,9379046;-51,1773073;"SPRF-RS";"DEL01-RS";"UOP01-DEL01-RS"
768587;2026-04-30;"quinta-feira";"23:20:00";"ES";101;148,3;"LINHARES";"Acessar a via sem observar a presença dos outros veículos";"Colisão transversal";"Com Vítimas Feridas";"Plena Noite";"Decrescente";"Céu Claro";"Simples";"Reta";"Sim";5;0;1;0;4;0;1;2;-19,390834;-40,067309;"SPRF-ES";"DEL04-ES";"UOP01-DEL04-ES"
768590;2026-05-01;"sexta-feira";"00:05:00";"PR";277;705;"SAO MIGUEL DO IGUACU";"Ingestão de álcool pelo condutor";"Colisão traseira";"Sem Vítimas";"Plena Noite";"Crescente";"Céu Claro";"Múltipla";"Reta";"Sim";2;0;0;0;2;0;0;2;-25,428;-54,364;"SPRF-PR";"DEL05-PR";"UOP01-DEL05-PR"
768591;2026-04-30;"quinta-feira";"23:50:00";"PR";116;112;"CURITIBA";"Ingestão de álcool pelo condutor";"Colisão traseira";"Com Vítimas Fatais";"Plena Noite";"Crescente";"Nevoeiro/Neblina";"Dupla";"Reta";"Sim";5;1;2;1;1;0;3;2;-25,55749243;-49,26976629;"SPRF-PR";"DEL01-PR";"UOP03-DEL01-PR"
768593;2026-04-30;"quinta-feira";"23:00:00";"BA";324;562;"SAO SEBASTIAO DO PASSE";"Ausência de reação do condutor";"Queda de ocupante de veículo";"Com Vítimas Feridas";"Plena Noite";"Decrescente";"Céu Claro";"Dupla";"Reta";"Não";1;0;1;0;0;0;1;1;-12,510965;-38,628232;"SPRF-BA";"DEL01-BA";"UOP01-DEL01-BA"
768594;2026-04-30;"quinta-feira";"23:00:00";"RS";116;152;"CAXIAS DO SUL";"Ingestão de álcool pelo condutor";"Colisão lateral mesmo sentido";"Sem Vítimas";"Plena Noite";"Decrescente";"Céu Claro";"Múltipla";"Reta";"Não";2;0;0;0;2;0;0;2;-29,18707149;-51,17889611;"SPRF-RS";"DEL05-RS";"UOP01-DEL05-RS"
768595;2026-05-01;"sexta-feira";"01:00:00";"SP";116;90;"PINDAMONHANGABA";"Chuva";"Colisão com objeto";"Com Vítimas Feridas";"Plena Noite";"Decrescente";"Chuva";"Dupla";"Reta";"Não";5;0;5;0;0;0;5;1;-22,9484232;-45,39664641;"SPRF-SP";"DEL08-SP";"UOP01-DEL08-SP"
768596;2026-05-01;"sexta-feira";"01:15:00";"RS";116;247;"SAO LEOPOLDO";"Reação tardia ou ineficiente do condutor";"Tombamento";"Com Vítimas Feridas";"Plena Noite";"Decrescente";"Céu Claro";"Dupla";"Curva";"Sim";1;0;1;0;0;0;1;1;-29,76406494;-51,1536297;"SPRF-RS";"DEL01-RS";"UOP02-DEL01-RS"
768597;2026-05-01;"sexta-feira";"00:10:00";"RS";470;176;"VERANOPOLIS";"Transitar na contramão";"Colisão frontal";"Com Vítimas Feridas";"Plena Noite";"Crescente";"Nublado";"Simples";"Reta";"Sim";3;0;3;0;0;0;3;2;-28,9303987;-51,5423701;"SPRF-RS";"DEL06-RS";"UOP02-DEL06-RS"
768598;2026-05-01;"sexta-feira";"03:15:00";"SC";280;170;"MAFRA";"Ingestão de álcool pelo condutor";"Colisão com objeto";"Com Vítimas Feridas";"Plena Noite";"Crescente";"Nevoeiro/Neblina";"Simples";"Interseção de Vias;Rotatória";"Sim";2;0;1;0;1;0;1;1;-26,139693;-49,812528;"SPRF-SC";"DEL06-SC";"UOP01-DEL06-SC"
768600;2026-05-01;"sexta-feira";"04:26:00";"GO";153;510;"APARECIDA DE GOIANIA";"Ausência de reação do condutor";"Colisão com objeto";"Sem Vítimas";"Plena Noite";"Crescente";"Céu Claro";"Dupla";"Reta";"Não";1;0;0;0;0;1;0;1;-16,86829414;-49,25028384;"SPRF-GO";"DEL01-GO";"UOP03-DEL01-GO"
768601;2026-05-01;"sexta-feira";"04:25:00";"RS";287;248;"SANTA MARIA";"Transitar na contramão";"Colisão frontal";"Sem Vítimas";"Plena Noite";"Crescente";"Céu Claro";"Dupla";"Reta";"Sim";2;0;0;0;2;0;0;2;-29,69542935;-53,85441964;"SPRF-RS";"DEL09-RS";"UOP01-DEL09-RS"
768603;2026-05-01;"sexta-feira";"03:50:00";"SP";381;59,8;"MAIRIPORA";"Ausência de reação do condutor";"Colisão com objeto";"Com Vítimas Feridas";"Plena Noite";"Decrescente";"Céu Claro";"Dupla";"Reta;Declive";"Não";1;0;1;0;0;0;1;1;-23,28128016;-46,58674691;"SPRF-SP";"DEL03-SP";"UOP01-DEL03-SP"
768605;2026-05-01;"sexta-feira";"04:30:00";"GO";153;422,9;"ANAPOLIS";"Velocidade Incompatível";"Colisão traseira";"Com Vítimas Feridas";"Plena Noite";"Crescente";"Ignorado";"Dupla";"Reta";"Não";3;0;1;0;2;0;1;2;-16,20025;-49,023857;"SPRF-GO";"DEL02-GO";"UOP01-DEL02-GO"
768607;2026-05-01;"sexta-feira";"05:04:00";"SP";116;184;"SANTA ISABEL";"Condutor deixou de manter distância do veículo da frente";"Queda de ocupante de veículo";"Com Vítimas Feridas";"Amanhecer";"Decrescente";"Céu Claro";"Dupla";"Reta";"Não";1;0;0;1;0;0;1;1;-23,351438;-46,18686676;"SPRF-SP";"DEL01-SP";"UOP01-DEL01-SP"
768609;2026-05-01;"sexta-feira";"04:45:00";"RS";116;413,8;"CAMAQUA";"Neblina";"Saída de leito carroçável";"Com Vítimas Feridas";"Plena Noite";"Crescente";"Nevoeiro/Neblina";"Dupla";"Desvio Temporário";"Não";5;0;2;0;3;0;2;1;-30,9375883;-51,9303367;"SPRF-RS";"DEL02-RS";"UOP02-DEL02-RS"
768610;2026-05-01;"sexta-feira";"05:00:00";"SC";282;16;"PALHOCA";"Reação tardia ou ineficiente do condutor";"Saída de leito carroçável";"Sem Vítimas";"Plena Noite";"Decrescente";"Nublado";"Simples";"Reta";"Sim";1;0;0;0;1;0;0;1;-27,64325;-48,686741;"SPRF-SC";"DEL01-SC";"UOP02-DEL01-SC"
768611;2026-05-01;"sexta-feira";"05:18:00";"GO";153;501;"GOIANIA";"Ausência de reação do condutor";"Saída de leito carroçável";"Sem Vítimas";"Plena Noite";"Decrescente";"Ignorado";"Dupla";"Reta";"Sim";1;0;0;0;0;1;0;1;-16,717273;-49,236803;"SPRF-GO";"DEL01-GO";"UOP01-DEL01-GO"
768612;2026-05-01;"sexta-feira";"03:35:00";"TO";10;457,8;"PALMAS";"Ausência de reação do condutor";"Queda de ocupante de veículo";"Com Vítimas Feridas";"Plena Noite";"Decrescente";"Céu Claro";"Múltipla";"Declive;Curva";"Sim";1;0;0;1;0;0;1;1;-10,281575;-48,298185;"SPRF-TO";"DEL01-TO";"UOP03-DEL01-TO"
768614;2026-05-01;"sexta-feira";"04:00:00";"RO";364;11;"VILHENA";"Acessar a via sem observar a presença dos outros veículos";"Colisão transversal";"Com Vítimas Feridas";"Amanhecer";"Crescente";"Céu Claro";"Simples";"Reta";"Sim";2;0;1;0;1;0;1;2;-12,74923243;-60,10889411;"SPRF-RO";"DEL04-RO";"UOP01-DEL04-RO"
768615;2026-05-01;"sexta-feira";"05:25:00";"SP";116;149,4;"SAO JOSE DOS CAMPOS";"Reação tardia ou ineficiente do condutor";"Colisão traseira";"Com Vítimas Feridas";"Amanhecer";"Decrescente";"Céu Claro";"Dupla";"Reta";"Sim";12;0;1;0;10;1;1;5;-23,2077;-45,887026;"SPRF-SP";"DEL02-SP";"UOP01-DEL02-SP"
768616;2026-05-01;"sexta-feira";"05:30:00";"RS";158;566,3;"SANTANA DO LIVRAMENTO";"Desrespeitar a preferência no cruzamento";"Colisão transversal";"Sem Vítimas";"Plena Noite";"Crescente";"Céu Claro";"Simples";"Retorno Regulamentado";"Sim";2;0;0;0;2;0;0;2;-30,88035503;-55,5095406;"SPRF-RS";"DEL11-RS";"UOP01-DEL11-RS"
768617;2026-05-01;"sexta-feira";"06:00:00";"ES";101;157;"LINHARES";"Reação tardia ou ineficiente do condutor";"Queda de ocupante de veículo";"Com Vítimas Feridas";"Pleno dia";"Crescente";"Céu Claro";"Simples";"Reta";"Não";1;0;1;0;0;0;1;1;-19,454831;-40,100939;"SPRF-ES";"DEL04-ES";"UOP01-DEL04-ES"
768619;2026-04-30;"quinta-feira";"15:30:00";"ES";262;133;"BREJETUBA";"Acessar a via sem observar a presença dos outros veículos";"Colisão transversal";"Com Vítimas Feridas";"Pleno dia";"Crescente";"Céu Claro";"Simples";"Interseção de Vias";"Não";4;0;2;0;2;0;2;2;-20,24186;-41,320497;"SPRF-ES";"DEL01-ES";"UOP02-DEL01-ES"
768620;2026-03-30;"segunda-feira";"08:58:00";"BA";324;622;"SALVADOR";"Manobra de mudança de faixa";"Queda de ocupante de veículo";"Com Vítimas Feridas";"Pleno dia";"Decrescente";"Nublado";"Múltipla";"Reta";"Sim";1;0;1;0;0;0;1;1;-12,93082;-38,4705037;"SPRF-BA";"DEL01-BA";"UOP01-DEL01-BA"
768621;2026-05-01;"sexta-feira";"06:15:00";"MG";40;477;"SETE LAGOAS";"Pedestre cruzava a pista fora da faixa";"Atropelamento de Pedestre";"Com Vítimas Feridas";"Amanhecer";"Decrescente";"Céu Claro";"Dupla";"Reta";"Não";2;0;1;0;1;0;1;2;-19,521667;-44,264722;"SPRF-MG";"DEL02-MG";"UOP01-DEL02-MG"
768622;2026-05-01;"sexta-feira";"06:00:00";"SC";470;185,3;"POUSO REDONDO";"Reação tardia ou ineficiente do condutor";"Saída de leito carroçável";"Com Vítimas Feridas";"Amanhecer";"Crescente";"Nevoeiro/Neblina";"Simples";"Curva";"Não";2;0;1;1;0;0;2;1;-27,2538742;-50,0411147;"SPRF-SC";"DEL04-SC";"UOP02-DEL04-SC"
768623;2026-04-30;"quinta-feira";"22:50:00";"MT";174;362;"CONQUISTA DOESTE";"Transitar na contramão";"Colisão frontal";"Com Vítimas Fatais";"Plena Noite";"Decrescente";"Céu Claro";"Simples";"Reta;Declive";"Não";2;1;0;0;1;0;0;2;-14,75967;-59,34326;"SPRF-MT";"DEL04-MT";"UOP01-DEL04-MT"
768624;2026-04-11;"sábado";"02:30:00";"RS";116;263;"CANOAS";"Velocidade Incompatível";"Capotamento";"Com Vítimas Feridas";"Plena Noite";"Decrescente";"Céu Claro";"Dupla";"Em Obras;Reta;Viaduto";"Sim";1;0;1;0;0;0;1;1;-29,9066258;-51,1767572;"SPRF-RS";"DEL01-RS";"UOP01-DEL01-RS"
768625;2026-05-01;"sexta-feira";"06:13:00";"SP";116;176,6;"GUARAREMA";"Ausência de reação do condutor";"Colisão traseira";"Com Vítimas Feridas";"Pleno dia";"Decrescente";"Nublado";"Dupla";"Aclive;Reta";"Não";2;0;1;0;1;0;1;2;-23,321998;-46,11231;"SPRF-SP";"DEL01-SP";"UOP01-DEL01-SP"
768626;2026-05-01;"sexta-feira";"04:50:00";"PB";230;507,5;"CAJAZEIRAS";"Manobra de mudança de faixa";"Colisão lateral mesmo sentido";"Com Vítimas Fatais";"Plena Noite";"Decrescente";"Céu Claro";"Simples";"Reta";"Sim";2;1;0;1;0;0;1;2;-6,89733297;-38,57418353;"SPRF-PB";"DEL03-PB";"UOP03-DEL03-PB"
768628;2026-05-01;"sexta-feira";"05:50:00";"MG";116;301,3;"ITAMBACURI";"Condutor Dormindo";"Tombamento";"Com Vítimas Feridas";"Amanhecer";"Decrescente";"Sol";"Simples";"Reta";"Não";1;0;0;1;0;0;1;1;-18,016205;-41,628165;"SPRF-MG";"DEL11-MG";"UOP01-DEL11-MG"
768629;2026-05-01;"sexta-feira";"04:30:00";"PR";376;500;"PONTA GROSSA";"Ausência de reação do condutor";"Saída de leito carroçável";"Sem Vítimas";"Plena Noite";"Decrescente";"Ignorado";"Dupla";"Reta";"Não";1;0;0;0;0;1;0;1;-25,199241;-50,073201;"SPRF-PR";"DEL03-PR";"UOP03-DEL03-PR"
768630;2026-05-01;"sexta-feira";"07:00:00";"ES";101;293,4;"CARIACICA";"Ausência de reação do condutor";"Tombamento";"Com Vítimas Feridas";"Pleno dia";"Crescente";"Céu Claro";"Dupla";"Reta";"Não";2;0;2;0;0;0;2;1;-20,31724053;-40,39599292;"SPRF-ES";"DEL01-ES";"UOP01-DEL01-ES"
768631;2026-05-01;"sexta-feira";"07:16:00";"SP";116;176;"GUARAREMA";"Acessar a via sem observar a presença dos outros veículos";"Colisão lateral mesmo sentido";"Com Vítimas Feridas";"Amanhecer";"Decrescente";"Nublado";"Dupla";"Reta";"Sim";2;0;1;0;1;0;1;2;-23,321824;-46,107661;"SPRF-SP";"DEL01-SP";"UOP01-DEL01-SP"
768632;2026-05-01;"sexta-feira";"07:15:00";"MG";381;501;"BETIM";"Reação tardia ou ineficiente do condutor";"Queda de ocupante de veículo";"Com Vítimas Feridas";"Pleno dia";"Crescente";"Céu Claro";"Dupla";"Reta";"Não";1;0;1;0;0;0;1;1;-20,00358285;-44,21264741;"SPRF-MG";"DEL01-MG";"UOP03-DEL01-MG"
768637;2026-05-01;"sexta-feira";"05:00:00";"MS";262;461;"DOIS IRMAOS DO BURITI";"Condutor Dormindo";"Saída de leito carroçável";"Sem Vítimas";"Amanhecer";"Decrescente";"Céu Claro";"Simples";"Curva";"Não";1;0;0;0;1;0;0;1;-20,54343629;-55,55477142;"SPRF-MS";"DEL03-MS";"UOP01-DEL03-MS"
768639;2026-05-01;"sexta-feira";"06:20:00";"PE";101;3;"GOIANA";"Chuva";"Colisão com objeto";"Com Vítimas Feridas";"Amanhecer";"Crescente";"Chuva";"Dupla";"Curva;Declive";"Não";1;0;1;0;0;0;1;1;-7,52359075;-34,9934027;"SPRF-PE";"DEL01-PE";"UOP02-DEL01-PE"
768640;2026-05-01;"sexta-feira";"06:40:00";"RJ";101;304;"SAO GONCALO";"Ausência de reação do condutor";"Colisão traseira";"Com Vítimas Feridas";"Pleno dia";"Decrescente";"Céu Claro";"Dupla";"Reta";"Sim";2;0;1;0;1;0;1;2;-22,78384643;-42,98142801;"SPRF-RJ";"DEL02-RJ";"UOP02-DEL02-RJ"
768641;2026-04-30;"quinta-feira";"13:10:00";"SC";280;131,1;"RIO NEGRINHO";"Acessar a via sem observar a presença dos outros veículos";"Colisão transversal";"Com Vítimas Feridas";"Pleno dia";"Decrescente";"Céu Claro";"Simples";"Reta;Interseção de Vias";"Sim";2;0;1;0;1;0;1;2;-26,256387;-49,540443;"SPRF-SC";"DEL06-SC";"UOP03-DEL06-SC"
768643;2026-05-01;"sexta-feira";"07:15:00";"SC";101;194;"BIGUACU";"Ingestão de álcool pelo condutor";"Colisão frontal";"Com Vítimas Feridas";"Pleno dia";"Crescente";"Céu Claro";"Simples";"Curva;Viaduto";"Sim";2;0;1;0;1;0;1;2;-27,4991295;-48,6562926;"SPRF-SC";"DEL01-SC";"UOP01-DEL01-SC"
768644;2026-05-01;"sexta-feira";"08:05:00";"ES";101;304,3;"VIANA";"Manobra de mudança de faixa";"Colisão lateral mesmo sentido";"Com Vítimas Feridas";"Pleno dia";"Crescente";"Céu Claro";"Dupla";"Reta";"Sim";2;0;1;0;1;0;1;2;-20,38071272;-40,45587516;"SPRF-ES";"DEL01-ES";"UOP01-DEL01-ES"
768646;2026-04-11;"sábado";"22:20:00";"PR";376;176,3;"MARINGA";"Acumulo de areia ou detritos sobre o pavimento";"Queda de ocupante de veículo";"Com Vítimas Feridas";"Plena Noite";"Crescente";"Ignorado";"Dupla";"Reta";"Sim";1;0;0;1;0;0;1;1;-23,411113;-51,936954;"SPRF-PR";"DEL09-PR";"UOP01-DEL09-PR"
768647;2026-05-01;"sexta-feira";"05:50:00";"RO";364;458;"ARIQUEMES";"Chuva";"Tombamento";"Com Vítimas Feridas";"Amanhecer";"Decrescente";"Nublado";"Simples";"Reta";"Não";1;0;1;0;0;0;1;1;-10,255985;-62,712697;"SPRF-RO";"DEL03-RO";"UOP02-DEL03-RO"
768648;2026-04-23;"quinta-feira";"12:58:00";"PR";163;234,3;"TOLEDO";"Condutor deixou de manter distância do veículo da frente";"Colisão traseira";"Com Vítimas Feridas";"Pleno dia";"Crescente";"Céu Claro";"Múltipla";"Curva;Aclive";"Não";2;0;1;0;1;0;1;2;-24,770231;-53,684911;"SPRF-PR";"DEL04-PR";"UOP01-DEL04-PR"
768649;2026-05-01;"sexta-feira";"07:50:00";"RS";287;442;"UNISTALDA";"Transitar na contramão";"Colisão frontal";"Com Vítimas Feridas";"Pleno dia";"Crescente";"Nublado";"Simples";"Aclive;Reta";"Não";2;0;2;0;0;0;2;2;-29,0408815;-55,22843473;"SPRF-RS";"DEL12-RS";"UOP02-DEL12-RS"
768650;2026-04-28;"terça-feira";"07:00:00";"MS";463;1;"DOURADOS";"Acessar a via sem observar a presença dos outros veículos";"Colisão lateral mesmo sentido";"Com Vítimas Feridas";"Pleno dia";"Crescente";"Céu Claro";"Simples";"Reta";"Sim";3;0;1;0;2;0;1;3;-22,25925658;-54,81081817;"SPRF-MS";"DEL04-MS";"UOP01-DEL04-MS"
768652;2026-05-01;"sexta-feira";"08:20:00";"PR";116;125,8;"FAZENDA RIO GRANDE";"Condutor desrespeitou a iluminação vermelha do semáforo";"Colisão transversal";"Com Vítimas Feridas";"Pleno dia";"Decrescente";"Nevoeiro/Neblina";"Dupla";"Interseção de Vias";"Sim";4;0;1;2;0;1;3;3;-25,640792;-49,312884;"SPRF-PR";"DEL01-PR";"UOP03-DEL01-PR"
768653;2026-05-01;"sexta-feira";"07:00:00";"MG";381;312;"NOVA ERA";"Conversão proibida";"Colisão transversal";"Com Vítimas Feridas";"Pleno dia";"Crescente";"Céu Claro";"Simples";"Aclive;Curva";"Não";5;0;3;0;2;0;3;2;-19,68558653;-42,98404634;"SPRF-MG";"DEL03-MG";"UOP02-DEL03-MG"
768654;2026-05-01;"sexta-feira";"08:15:00";"MG";40;562;"NOVA LIMA";"Velocidade Incompatível";"Colisão lateral mesmo sentido";"Com Vítimas Feridas";"Pleno dia";"Crescente";"Céu Claro";"Dupla";"Reta";"Não";3;0;2;0;1;0;2;2;-20,13679631;-43,96248735;"SPRF-MG";"DEL01-MG";"UOP02-DEL01-MG"
768655;2026-05-01;"sexta-feira";"06:25:00";"RS";285;206,7;"LAGOA VERMELHA";"Condutor Dormindo";"Colisão traseira";"Sem Vítimas";"Amanhecer";"Crescente";"Ignorado";"Simples";"Reta";"Não";6;0;0;0;5;1;0;2;-28,220186;-51,589145;"SPRF-RS";"DEL08-RS";"UOP05-DEL08-RS"
768656;2026-05-01;"sexta-feira";"09:02:00";"TO";10;442;"PORTO NACIONAL";"Acesso irregular";"Colisão frontal";"Com Vítimas Feridas";"Pleno dia";"Crescente";"Céu Claro";"Simples";"Reta";"Não";5;0;1;1;3;0;2;2;-10,412745;-48,31145;"SPRF-TO";"DEL01-TO";"UOP03-DEL01-TO"
768657;2026-05-01;"sexta-feira";"06:15:00";"RJ";40;115;"DUQUE DE CAXIAS";"Reação tardia ou ineficiente do condutor";"Colisão traseira";"Com Vítimas Feridas";"Pleno dia";"Crescente";"Nublado";"Múltipla";"Reta";"Não";4;0;4;0;0;0;4;2;-22,719123;-43,289915;"SPRF-RJ";"DEL01-RJ";"UOP02-DEL01-RJ"
768658;2026-05-01;"sexta-feira";"09:00:00";"PR";277;639,6;"CEU AZUL";"Condutor deixou de manter distância do veículo da frente";"Colisão traseira";"Com Vítimas Feridas";"Pleno dia";"Crescente";"Céu Claro";"Simples";"Reta";"Não";3;0;1;0;2;0;1;2;-25,15611221;-53,84930559;"SPRF-PR";"DEL05-PR";"UOP02-DEL05-PR"
768659;2026-05-01;"sexta-feira";"08:00:00";"MG";381;708,9;"NEPOMUCENO";"Reação tardia ou ineficiente do condutor";"Colisão com objeto";"Sem Vítimas";"Pleno dia";"Crescente";"Céu Claro";"Dupla";"Declive;Curva";"Não";1;0;0;0;0;1;0;1;-21,345912;-45,176487;"SPRF-MG";"DEL04-MG";"UOP02-DEL04-MG"
768660;2026-05-01;"sexta-feira";"09:00:00";"RJ";101;271;"RIO BONITO";"Problema com o freio";"Colisão com objeto";"Com Vítimas Feridas";"Pleno dia";"Decrescente";"Céu Claro";"Dupla";"Curva";"Não";1;0;1;0;0;0;1;1;-22,727129;-42,695392;"SPRF-RJ";"DEL02-RJ";"UOP03-DEL02-RJ"
768661;2026-04-11;"sábado";"21:40:00";"PB";104;131;"CAMPINA GRANDE";"Transitar na contramão";"Colisão frontal";"Com Vítimas Feridas";"Plena Noite";"Decrescente";"Céu Claro";"Simples";"Em Obras;Reta";"Sim";3;0;1;0;2;0;1;2;-7,27802389;-35,88921548;"SPRF-PB";"DEL02-PB";"UOP03-DEL02-PB"
768662;2026-04-19;"domingo";"09:26:00";"SC";101;159,2;"PORTO BELO";"Ausência de reação do condutor";"Colisão traseira";"Com Vítimas Feridas";"Pleno dia";"Decrescente";"Sol";"Dupla";"Reta;Interseção de Vias";"Sim";4;0;2;0;2;0;2;2;-27,20015586;-48,61509204;"SPRF-SC";"DEL04-SC";"UOP03-DEL04-SC"