"id";"data_inversa";"dia_semana";"horario";"uf";"br";"km";"municipio";"causa_acidente";"tipo_acidente";"classificacao_acidente";"fase_dia";"sentido_via";"condicao_metereologica";"tipo_pista";"tracado_via";"uso_solo";"pessoas";"mortos";"feridos_leves";"feridos_graves";"ilesos";"ignorados";"feridos";"veiculos";"latitude";"longitude";"regional";"delegacia";"uop"
768769;2026-05-01;"sexta-feira";"19:35:00";"MG";381;949;"EXTREMA";"Ausência de reação do condutor";"Colisão traseira";"Com Vítimas Feridas";"Plena Noite";"Decrescente";"Céu Claro";"Múltipla";"Reta";"Não";2;0;1;0;1;0;1;2;-22,8780731;-46,3684845;"SPRF-MG";"DEL16-MG";"UOP03-DEL16-MG"
768770;2026-05-01;"sexta-feira";"19:09:00";"PI";343;343,5;"TERESINA";"Desrespeitar a preferência no cruzamento";"Colisão transversal";"Com Vítimas Feridas";"Plena Noite";"Decrescente";"Céu Claro";"Dupla";"Rotatória";"Sim";3;0;2;0;0;1;2;2;-5,09066633;-42,76053786;"SPRF-PI";"DEL01-PI";"UOP01-DEL01-PI"
768771;2026-05-01;"sexta-feira";"19:40:00";"ES";101;162,7;"LINHARES";"Ultrapassagem Indevida";"Colisão lateral sentido oposto";"Com Vítimas Feridas";"Plena Noite";"Crescente";"Céu Claro";"Simples";"Reta";"Não";2;0;0;1;1;0;1;2;-19,49024652;-40,12561798;"SPRF-ES";"DEL04-ES";"UOP01-DEL04-ES"
768772;2026-05-01;"sexta-feira";"19:20:00";"RJ";101;234;"SILVA JARDIM";"Ausência de reação do condutor";"Tombamento";"Com Vítimas Feridas";"Plena Noite";"Decrescente";"Céu Claro";"Dupla";"Reta";"Não";1;0;1;0;0;0;1;1;-22,607214;-42,393377;"SPRF-RJ";"DEL02-RJ";"UOP03-DEL02-RJ"
768773;2026-05-01;"sexta-feira";"19:30:00";"SC";101;333,9;"TUBARAO";"Desrespeitar a preferência no cruzamento";"Colisão transversal";"Com Vítimas Feridas";"Plena Noite";"Decrescente";"Céu Claro";"Simples";"Viaduto;Interseção de Vias";"Sim";5;0;1;0;4;0;1;2;-28,469453;-49,015316;"SPRF-SC";"DEL02-SC";"UOP01-DEL02-SC"
768775;2026-05-01;"sexta-feira";"19:40:00";"SE";235;54,9;"ITABAIANA";"Ingestão de álcool pelo condutor";"Colisão com objeto";"Com Vítimas Feridas";"Plena Noite";"Crescente";"Céu Claro";"Simples";"Curva";"Não";1;0;1;0;0;0;1;1;-10,68992845;-37,43787646;"SPRF-SE";"DEL01-SE";"UOP02-DEL01-SE"
768776;2026-05-01;"sexta-feira";"19:00:00";"PR";376;247;"APUCARANA";"Ingestão de álcool pelo condutor";"Colisão traseira";"Com Vítimas Feridas";"Plena Noite";"Decrescente";"Céu Claro";"Simples";"Reta";"Não";5;0;1;1;3;0;2;2;-23,59928;-51,40992;"SPRF-PR";"DEL07-PR";"UOP03-DEL07-PR"
768777;2026-05-01;"sexta-feira";"19:45:00";"BA";410;10;"RIBEIRA DO POMBAL";"Manobra de mudança de faixa";"Capotamento";"Sem Vítimas";"Plena Noite";"Decrescente";"Céu Claro";"Simples";"Reta";"Não";1;0;0;0;0;1;0;1;-10,84110379;-38,57155514;"SPRF-BA";"DEL07-BA";"UOP02-DEL07-BA"
768778;2026-05-01;"sexta-feira";"20:15:00";"SC";280;129,6;"RIO NEGRINHO";"Acessar a via sem observar a presença dos outros veículos";"Colisão transversal";"Com Vítimas Feridas";"Plena Noite";"Crescente";"Céu Claro";"Simples";"Reta;Declive";"Não";2;0;1;0;1;0;1;2;-26,250138;-49,526708;"SPRF-SC";"DEL06-SC";"UOP03-DEL06-SC"
768779;2026-05-01;"sexta-feira";"20:37:00";"GO";452;85;"PORTEIRAO";"Ausência de reação do condutor";"Saída de leito carroçável";"Com Vítimas Feridas";"Plena Noite";"Decrescente";"Céu Claro";"Simples";"Reta";"Não";2;0;1;0;0;1;1;2;-18,061667;-50,164224;"SPRF-GO";"DEL03-GO";"UOP02-DEL03-GO"
768780;2026-05-01;"sexta-feira";"18:00:00";"MT";163;631;"LUCAS DO RIO VERDE";"Ausência de reação do condutor";"Queda de ocupante de veículo";"Sem Vítimas";"Plena Noite";"Crescente";"Céu Claro";"Dupla";"Curva;Em Obras";"Não";1;0;0;0;0;1;0;1;-13,35906622;-56,06365442;"SPRF-MT";"DEL01-MT";"UOP01-DEL01-MT"
768782;2026-05-01;"sexta-feira";"19:00:00";"RO";364;427;"JARU";"Transitar na contramão";"Colisão frontal";"Com Vítimas Feridas";"Plena Noite";"Crescente";"Nublado";"Simples";"Reta";"Sim";2;0;0;1;1;0;1;2;-10,42625366;-62,48915998;"SPRF-RO";"DEL03-RO";"UOP02-DEL03-RO"
768783;2026-05-01;"sexta-feira";"16:50:00";"PR";163;235,7;"TOLEDO";"Ingestão de álcool pelo condutor";"Colisão transversal";"Com Vítimas Feridas";"Pleno dia";"Crescente";"Sol";"Dupla";"Curva";"Sim";2;0;1;0;1;0;1;2;-24,75887818;-53,69544838;"SPRF-PR";"DEL04-PR";"UOP01-DEL04-PR"
768785;2026-05-01;"sexta-feira";"18:20:00";"MG";116;317,9;"ITAMBACURI";"Animais na Pista";"Atropelamento de Animal";"Com Vítimas Feridas";"Anoitecer";"Decrescente";"Céu Claro";"Simples";"Reta";"Não";1;0;0;1;0;0;1;1;-18,138343;-41,696144;"SPRF-MG";"DEL11-MG";"UOP01-DEL11-MG"
768786;2026-05-01;"sexta-feira";"19:00:00";"SC";101;147;"ITAPEMA";"Reação tardia ou ineficiente do condutor";"Tombamento";"Com Vítimas Feridas";"Plena Noite";"Crescente";"Céu Claro";"Dupla";"Reta";"Sim";1;0;1;0;0;0;1;1;-27,09241803;-48,61715198;"SPRF-SC";"DEL04-SC";"UOP03-DEL04-SC"
768787;2026-05-01;"sexta-feira";"20:30:00";"SC";101;375,9;"ICARA";"Demais falhas mecânicas ou elétricas";"Incêndio";"Sem Vítimas";"Plena Noite";"Crescente";"Céu Claro";"Múltipla";"Reta";"Não";3;0;0;0;3;0;0;1;-28,738999;-49,249701;"SPRF-SC";"DEL02-SC";"UOP01-DEL02-SC"
768788;2026-05-01;"sexta-feira";"18:00:00";"RS";290;77;"GRAVATAI";"Acumulo de água sobre o pavimento";"Colisão com objeto";"Com Vítimas Feridas";"Plena Noite";"Decrescente";"Chuva";"Múltipla";"Reta";"Não";3;0;3;0;0;0;3;1;-29,95534562;-51,02714823;"SPRF-RS";"DEL01-RS";"UOP01-DEL01-RS"
768789;2026-05-01;"sexta-feira";"18:40:00";"MS";267;411;"MARACAJU";"Demais falhas mecânicas ou elétricas";"Incêndio";"Sem Vítimas";"Plena Noite";"Crescente";"Nublado";"Simples";"Reta";"Não";2;0;0;0;2;0;0;1;-21,630237;-55,589952;"SPRF-MS";"DEL05-MS";"UOP01-DEL05-MS"
768790;2026-05-01;"sexta-feira";"18:05:00";"SP";116;120;"CACAPAVA";"Avarias e/ou desgaste excessivo no pneu";"Tombamento";"Com Vítimas Feridas";"Plena Noite";"Decrescente";"Céu Claro";"Dupla";"Reta";"Não";2;0;1;1;0;0;2;1;-23,07348631;-45,64696759;"SPRF-SP";"DEL02-SP";"UOP02-DEL02-SP"
768791;2026-05-01;"sexta-feira";"18:29:00";"PE";423;177;"AGUAS BELAS";"Ausência de reação do condutor";"Colisão traseira";"Com Vítimas Feridas";"Plena Noite";"Decrescente";"Garoa/Chuvisco";"Simples";"Reta;Declive";"Não";2;0;1;1;0;0;2;2;-9,13016627;-37,11445277;"SPRF-AL";"DEL03-AL";"UOP02-DEL03-AL"
768792;2026-05-01;"sexta-feira";"18:10:00";"MA";316;359,9;"BACABAL";"Pedestre andava na pista";"Atropelamento de Pedestre";"Com Vítimas Fatais";"Anoitecer";"Decrescente";"Ignorado";"Simples";"Reta";"Sim";2;1;0;0;0;1;0;2;-4,230333;-44,815922;"SPRF-MA";"DEL02-MA";"UOP01-DEL02-MA"
768793;2026-05-01;"sexta-feira";"11:20:00";"RJ";40;108;"DUQUE DE CAXIAS";"Conversão proibida";"Colisão lateral mesmo sentido";"Com Vítimas Feridas";"Amanhecer";"Crescente";"Céu Claro";"Dupla";"Reta";"Sim";6;0;1;0;5;0;1;2;-22,67091072;-43,28595791;"SPRF-RJ";"DEL01-RJ";"UOP02-DEL01-RJ"
768794;2026-05-01;"sexta-feira";"20:45:00";"PB";230;147;"CAMPINA GRANDE";"Pista esburacada";"Queda de ocupante de veículo";"Com Vítimas Feridas";"Plena Noite";"Decrescente";"Céu Claro";"Dupla";"Reta";"Não";1;0;1;0;0;0;1;1;-7,237311;-35,868112;"SPRF-PB";"DEL02-PB";"UOP01-DEL02-PB"
768795;2026-05-01;"sexta-feira";"19:10:00";"RJ";101;503;"ANGRA DOS REIS";"Demais falhas na via";"Colisão lateral sentido oposto";"Com Vítimas Feridas";"Plena Noite";"Decrescente";"Nublado";"Simples";"Reta";"Sim";3;0;2;0;1;0;2;2;-22,92191148;-44,35625777;"SPRF-RJ";"DEL03-RJ";"UOP03-DEL03-RJ"
768796;2026-05-01;"sexta-feira";"19:45:00";"RO";364;715;"PORTO VELHO";"Desrespeitar a preferência no cruzamento";"Colisão transversal";"Com Vítimas Feridas";"Plena Noite";"Crescente";"Céu Claro";"Dupla";"Reta;Declive;Interseção de Vias";"Sim";3;0;1;0;1;1;1;2;-8,78104063;-63,893541;"SPRF-RO";"DEL01-RO";"UOP01-DEL01-RO"
768797;2026-05-01;"sexta-feira";"20:40:00";"SE";101;4;"PROPRIA";"Velocidade Incompatível";"Saída de leito carroçável";"Com Vítimas Feridas";"Plena Noite";"Decrescente";"Céu Claro";"Dupla";"Curva";"Não";1;0;1;0;0;0;1;1;-10,232392;-36,848202;"SPRF-SE";"DEL02-SE";"UOP02-DEL02-SE"
768798;2026-05-01;"sexta-feira";"19:00:00";"BA";20;137;"SAO DESIDERIO";"Acessar a via sem observar a presença dos outros veículos";"Colisão transversal";"Com Vítimas Fatais";"Plena Noite";"Crescente";"Céu Claro";"Simples";"Reta";"Não";2;1;1;0;0;0;1;2;-12,75372;-45,94372;"SPRF-BA";"DEL10-BA";"UOP01-DEL10-BA"
768799;2026-03-11;"quarta-feira";"08:20:00";"MS";163;470;"CAMPO GRANDE";"Acessar a via sem observar a presença dos outros veículos";"Colisão transversal";"Com Vítimas Fatais";"Pleno dia";"Crescente";"Ignorado";"Simples";"Curva;Interseção de Vias";"Sim";4;1;2;0;1;0;2;2;-20,55448709;-54,55601335;"SPRF-MS";"DEL01-MS";"UOP01-DEL01-MS"
768802;2026-05-01;"sexta-feira";"21:30:00";"CE";20;82,5;"TAUA";"Ultrapassagem Indevida";"Colisão frontal";"Com Vítimas Feridas";"Plena Noite";"Crescente";"Céu Claro";"Simples";"Reta";"Sim";2;0;0;1;1;0;1;2;-6,009408;-40,288693;"SPRF-CE";"DEL02-CE";"UOP02-DEL02-CE"
768803;2026-05-01;"sexta-feira";"20:15:00";"PR";373;222;"IMBITUVA";"Ausência de reação do condutor";"Saída de leito carroçável";"Sem Vítimas";"Plena Noite";"Crescente";"Céu Claro";"Simples";"Aclive;Reta";"Não";2;0;0;0;2;0;0;1;-25,177517;-50,604028;"SPRF-PR";"DEL03-PR";"UOP01-DEL03-PR"
768804;2026-05-01;"sexta-feira";"21:50:00";"RN";304;283,1;"MACAIBA";"Reação tardia ou ineficiente do condutor";"Saída de leito carroçável";"Com Vítimas Fatais";"Plena Noite";"Crescente";"Céu Claro";"Dupla";"Reta";"Não";2;1;0;1;0;0;1;1;-5,883655;-35,470138;"SPRF-RN";"DEL01-RN";"UOP02-DEL01-RN"
768806;2026-05-01;"sexta-feira";"21:35:00";"PR";376;182,2;"MARINGA";"Ausência de reação do condutor";"Colisão traseira";"Com Vítimas Feridas";"Plena Noite";"Decrescente";"Céu Claro";"Dupla";"Interseção de Vias;Reta";"Sim";2;0;1;0;1;0;1;2;-23,43254149;-51,88598156;"SPRF-PR";"DEL09-PR";"UOP01-DEL09-PR"
768807;2026-05-01;"sexta-feira";"20:40:00";"SC";101;431,5;"SOMBRIO";"Ausência de reação do condutor";"Colisão com objeto";"Sem Vítimas";"Plena Noite";"Crescente";"Nublado";"Dupla";"Reta";"Sim";1;0;0;0;0;1;0;1;-29,07816767;-49,62854259;"SPRF-SC";"DEL02-SC";"UOP02-DEL02-SC"
768808;2026-03-26;"quinta-feira";"19:45:00";"PR";116;211,2;"RIO NEGRO";"Ultrapassagem Indevida";"Colisão lateral mesmo sentido";"Com Vítimas Feridas";"Plena Noite";"Decrescente";"Céu Claro";"Simples";"Reta";"Sim";3;0;2;0;1;0;2;2;-26,1021897;-49,7805428;"SPRF-SC";"DEL06-SC";"UOP01-DEL06-SC"
768809;2026-05-01;"sexta-feira";"20:00:00";"RS";290;339;"CACAPAVA DO SUL";"Acessar a via sem observar a presença dos outros veículos";"Colisão transversal";"Com Vítimas Feridas";"Plena Noite";"Decrescente";"Chuva";"Simples";"Reta";"Não";6;0;1;0;5;0;1;2;-30,373835;-53,585867;"SPRF-RS";"DEL09-RS";"UOP02-DEL09-RS"
768811;2026-05-01;"sexta-feira";"22:10:00";"PR";376;381,8;"IMBAU";"Ausência de reação do condutor";"Saída de leito carroçável";"Com Vítimas Feridas";"Plena Noite";"Crescente";"Céu Claro";"Dupla";"Reta";"Não";1;0;1;0;0;0;1;1;-24,45213;-50,75722;"SPRF-PR";"DEL03-PR";"UOP02-DEL03-PR"
768813;2026-05-01;"sexta-feira";"23:00:00";"PR";376;280;"MARILANDIA DO SUL";"Deixar de acionar o farol da motocicleta (ou similar)";"Queda de ocupante de veículo";"Com Vítimas Feridas";"Plena Noite";"Crescente";"Céu Claro";"Dupla";"Reta";"Não";1;0;0;1;0;0;1;1;-23,83676391;-51,26215875;"SPRF-PR";"DEL07-PR";"UOP02-DEL07-PR"
768814;2026-05-01;"sexta-feira";"21:50:00";"AL";316;254;"PILAR";"Ausência de reação do condutor";"Colisão traseira";"Com Vítimas Feridas";"Plena Noite";"Decrescente";"Chuva";"Simples";"Reta";"Sim";2;0;0;1;0;1;1;2;-9,5904;-35,95284;"SPRF-AL";"DEL02-AL";"UOP01-DEL02-AL"
768815;2026-05-01;"sexta-feira";"21:10:00";"RS";470;176,9;"VERANOPOLIS";"Ausência de reação do condutor";"Colisão frontal";"Com Vítimas Feridas";"Plena Noite";"Crescente";"Chuva";"Simples";"Curva;Interseção de Vias";"Sim";2;0;0;1;1;0;1;2;-28,9314886;-51,54160881;"SPRF-RS";"DEL06-RS";"UOP02-DEL06-RS"
768816;2026-05-01;"sexta-feira";"21:55:00";"RS";290;11;"OSORIO";"Velocidade Incompatível";"Saída de leito carroçável";"Com Vítimas Feridas";"Plena Noite";"Decrescente";"Chuva";"Dupla";"Reta";"Não";2;0;1;0;1;0;1;1;-29,889834;-50,382321;"SPRF-RS";"DEL03-RS";"UOP01-DEL03-RS"
768818;2026-05-01;"sexta-feira";"23:00:00";"RS";285;454;"IJUI";"Ingestão de álcool pelo condutor";"Colisão com objeto";"Com Vítimas Feridas";"Plena Noite";"Decrescente";"Nublado";"Simples";"Interseção de Vias";"Não";1;0;1;0;0;0;1;1;-28,38498209;-53,88778925;"SPRF-RS";"DEL10-RS";"UOP01-DEL10-RS"
768820;2026-05-01;"sexta-feira";"23:00:00";"PR";476;242;"LAPA";"Chuva";"Tombamento";"Sem Vítimas";"Plena Noite";"Crescente";"Céu Claro";"Simples";"Curva";"Não";1;0;0;0;0;1;0;1;-25,86737625;-49,97447675;"SPRF-PR";"DEL02-PR";"UOP03-DEL02-PR"
768821;2026-05-01;"sexta-feira";"23:00:00";"MG";262;310,9;"NOVA ERA";"Avarias e/ou desgaste excessivo no pneu";"Saída de leito carroçável";"Com Vítimas Feridas";"Plena Noite";"Crescente";"Céu Claro";"Simples";"Curva;Aclive";"Não";2;0;2;0;0;0;2;1;-19,67653507;-42,97988892;"SPRF-MG";"DEL01-MG";"UOP01-DEL01-MG"
768822;2026-05-01;"sexta-feira";"22:50:00";"MS";163;479,3;"CAMPO GRANDE";"Transitar no Acostamento";"Colisão lateral mesmo sentido";"Com Vítimas Feridas";"Plena Noite";"Crescente";"Céu Claro";"Simples";"Reta";"Sim";4;0;1;0;3;0;1;3;-20,48441147;-54,5593071;"SPRF-MS";"DEL01-MS";"UOP01-DEL01-MS"
768823;2026-05-01;"sexta-feira";"23:40:00";"PI";343;3,4;"PARNAIBA";"Acessar a via sem observar a presença dos outros veículos";"Tombamento";"Com Vítimas Feridas";"Plena Noite";"Crescente";"Céu Claro";"Simples";"Curva";"Não";4;0;2;0;2;0;2;2;-2,90317086;-41,68400288;"SPRF-PI";"DEL05-PI";"UOP01-DEL05-PI"
768824;2026-05-02;"sábado";"00:10:00";"TO";153;245,7;"COLINAS DO TOCANTINS";"Reação tardia ou ineficiente do condutor";"Colisão frontal";"Com Vítimas Feridas";"Plena Noite";"Decrescente";"Céu Claro";"Múltipla";"Reta";"Sim";2;0;1;0;1;0;1;2;-8,047654;-48,46591;"SPRF-TO";"DEL02-TO";"UOP02-DEL02-TO"
768825;2026-05-01;"sexta-feira";"23:00:00";"SC";101;358;"SANGAO";"Condutor Dormindo";"Tombamento";"Com Vítimas Feridas";"Plena Noite";"Crescente";"Céu Claro";"Múltipla";"Reta";"Não";1;0;1;0;0;0;1;1;-28,644168;-49,100932;"SPRF-SC";"DEL02-SC";"UOP01-DEL02-SC"
768826;2026-05-01;"sexta-feira";"23:30:00";"PE";104;67,4;"CARUARU";"Ingestão de álcool pelo condutor";"Colisão com objeto";"Sem Vítimas";"Plena Noite";"Crescente";"Céu Claro";"Múltipla";"Reta";"Sim";1;0;0;0;0;1;0;1;-8,29665;-35,988398;"SPRF-PE";"DEL02-PE";"UOP01-DEL02-PE"
768827;2026-05-01;"sexta-feira";"23:35:00";"SC";282;33;"AGUAS MORNAS";"Velocidade Incompatível";"Saída de leito carroçável";"Com Vítimas Feridas";"Plena Noite";"Decrescente";"Céu Claro";"Simples";"Curva;Declive";"Não";1;0;1;0;0;0;1;1;-27,7066;-48,8083;"SPRF-SC";"DEL01-SC";"UOP03-DEL01-SC"
768828;2026-05-01;"sexta-feira";"23:00:00";"RO";425;86;"GUAJARA-MIRIM";"Reação tardia ou ineficiente do condutor";"Saída de leito carroçável";"Com Vítimas Feridas";"Plena Noite";"Crescente";"Céu Claro";"Simples";"Curva";"Não";1;0;1;0;0;0;1;1;-10,44688114;-65,34762025;"SPRF-RO";"DEL01-RO";"UOP03-DEL01-RO"
768829;2026-05-02;"sábado";"00:30:00";"PR";116;128;"FAZENDA RIO GRANDE";"Ingestão de álcool pelo condutor";"Colisão traseira";"Com Vítimas Feridas";"Plena Noite";"Crescente";"Nublado";"Dupla";"Reta";"Não";5;0;0;1;4;0;1;3;-25,658057;-49,31227;"SPRF-PR";"DEL01-PR";"UOP03-DEL01-PR"
768830;2026-05-01;"sexta-feira";"23:50:00";"PR";277;531,7;"GUARANIACU";"Ingestão de álcool pelo condutor";"Saída de leito carroçável";"Com Vítimas Feridas";"Plena Noite";"Crescente";"Nublado";"Simples";"Declive;Curva";"Não";1;0;1;0;0;0;1;1;-25,0917167;-52,9490107;"SPRF-PR";"DEL04-PR";"UOP04-DEL04-PR"
768831;2026-05-02;"sábado";"00:17:00";"SP";116;209;"GUARULHOS";"Reação tardia ou ineficiente do condutor";"Colisão lateral mesmo sentido";"Com Vítimas Feridas";"Plena Noite";"Decrescente";"Céu Claro";"Dupla";"Aclive;Reta";"Não";8;0;7;0;0;1;7;2;-23,42931215;-46,4117953;"SPRF-SP";"DEL01-SP";"UOP01-DEL01-SP"
768834;2026-05-02;"sábado";"01:30:00";"ES";101;169,7;"LINHARES";"Condutor deixou de manter distância do veículo da frente";"Colisão traseira";"Com Vítimas Feridas";"Plena Noite";"Decrescente";"Céu Claro";"Simples";"Reta";"Não";2;0;0;1;1;0;1;2;-19,55958367;-40,17496806;"SPRF-ES";"DEL04-ES";"UOP01-DEL04-ES"
768835;2026-05-01;"sexta-feira";"22:30:00";"PB";230;0,2;"CAMPINA GRANDE";"Acesso irregular";"Colisão frontal";"Com Vítimas Feridas";"Plena Noite";"Decrescente";"Céu Claro";"Simples";"Aclive;Reta";"Não";2;0;0;2;0;0;2;2;-7,205102;-35,949997;"SPRF-PB";"DEL02-PB";"UOP01-DEL02-PB"
768836;2026-05-01;"sexta-feira";"20:30:00";"SC";101;35;"JOINVILLE";"Ingestão de álcool pelo condutor";"Colisão com objeto";"Com Vítimas Feridas";"Plena Noite";"Crescente";"Nublado";"Múltipla";"Reta";"Não";1;0;1;0;0;0;1;1;-26,2718039;-48,89472691;"SPRF-SC";"DEL03-SC";"UOP01-DEL03-SC"
768837;2026-05-02;"sábado";"02:15:00";"GO";60;306;"ACREUNA";"Transitar na contramão";"Colisão frontal";"Com Vítimas Fatais";"Plena Noite";"Decrescente";"Céu Claro";"Dupla";"Retorno Regulamentado;Reta";"Não";5;1;1;0;3;0;1;2;-17,40569279;-50,39616823;"SPRF-GO";"DEL04-GO";"UOP02-DEL04-GO"
768838;2026-05-01;"sexta-feira";"19:50:00";"RS";290;365;"VILA NOVA DO SUL";"Acumulo de água sobre o pavimento";"Tombamento";"Com Vítimas Feridas";"Plena Noite";"Decrescente";"Chuva";"Simples";"Reta";"Não";2;0;1;0;1;0;1;1;-30,35760567;-53,82162988;"SPRF-RS";"DEL09-RS";"UOP02-DEL09-RS"
768839;2026-05-02;"sábado";"01:10:00";"MG";153;37;"CENTRALINA";"Ingestão de álcool pelo condutor";"Saída de leito carroçável";"Sem Vítimas";"Plena Noite";"Crescente";"Céu Claro";"Dupla";"Reta";"Não";1;0;0;0;0;1;0;1;-18,725491;-49,117311;"SPRF-MG";"DEL15-MG";"UOP03-DEL15-MG"
768840;2026-05-02;"sábado";"00:20:00";"SP";116;153;"SAO JOSE DOS CAMPOS";"Reação tardia ou ineficiente do condutor";"Colisão com objeto";"Sem Vítimas";"Plena Noite";"Crescente";"Nublado";"Dupla";"Reta";"Sim";1;0;0;0;1;0;0;1;-23,23503671;-45,91598511;"SPRF-SP";"DEL02-SP";"UOP01-DEL02-SP"
768841;2026-05-02;"sábado";"01:20:00";"RO";364;195,8;"PIMENTA BUENO";"Reação tardia ou ineficiente do condutor";"Atropelamento de Pedestre";"Com Vítimas Feridas";"Plena Noite";"Decrescente";"Céu Claro";"Simples";"Reta";"Sim";3;0;0;1;2;0;1;2;-11,67202176;-61,19102061;"SPRF-RO";"DEL02-RO";"UOP02-DEL02-RO"
768842;2026-05-01;"sexta-feira";"20:20:00";"BA";324;620;"SALVADOR";"Acesso irregular";"Atropelamento de Pedestre";"Com Vítimas Fatais";"Plena Noite";"Decrescente";"Chuva";"Múltipla";"Reta";"Sim";2;1;0;0;1;0;0;2;-12,90981;-38,458127;"SPRF-BA";"DEL01-BA";"UOP01-DEL01-BA"
768843;2026-05-02;"sábado";"01:30:00";"BA";101;467;"URUCUCA";"Velocidade Incompatível";"Colisão com objeto";"Com Vítimas Feridas";"Plena Noite";"Decrescente";"Chuva";"Simples";"Reta";"Não";4;0;4;0;0;0;4;1;-14,506008;-39,33226;"SPRF-BA";"DEL05-BA";"UOP01-DEL05-BA"
768844;2026-05-02;"sábado";"02:50:00";"PR";476;153;"ARAUCARIA";"Transitar na contramão";"Colisão transversal";"Com Vítimas Feridas";"Plena Noite";"Decrescente";"Céu Claro";"Simples";"Reta";"Sim";2;0;1;0;1;0;1;2;-25,610006;-49,422661;"SPRF-PR";"DEL01-PR";"UOP06-DEL01-PR"
768845;2026-05-02;"sábado";"00:51:00";"MS";163;255;"DOURADOS";"Ausência de reação do condutor";"Colisão com objeto";"Sem Vítimas";"Plena Noite";"Crescente";"Céu Claro";"Dupla";"Reta";"Sim";1;0;0;0;1;0;0;1;-22,26233913;-54,80528779;"SPRF-MS";"DEL04-MS";"UOP01-DEL04-MS"
768847;2026-05-02;"sábado";"02:20:00";"AL";101;134,8;"SAO MIGUEL DOS CAMPOS";"Transitar na contramão";"Colisão com objeto";"Com Vítimas Feridas";"Plena Noite";"Decrescente";"Chuva";"Dupla";"Retorno Regulamentado";"Sim";2;0;2;0;0;0;2;1;-9,78329;-36,10611;"SPRF-AL";"DEL02-AL";"UOP01-DEL02-AL"
768848;2026-05-02;"sábado";"02:25:00";"PR";277;361,2;"GUARAPUAVA";"Ausência de reação do condutor";"Colisão com objeto";"Sem Vítimas";"Amanhecer";"Decrescente";"Céu Claro";"Simples";"Reta";"Não";2;0;0;0;2;0;0;1;-25,418405;-51,574907;"SPRF-PR";"DEL08-PR";"UOP01-DEL08-PR"
768849;2026-05-02;"sábado";"04:15:00";"DF";70;10,4;"BRASILIA";"Reação tardia ou ineficiente do condutor";"Tombamento";"Com Vítimas Feridas";"Plena Noite";"Decrescente";"Céu Claro";"Dupla";"Reta";"Sim";2;0;2;0;0;0;2;1;-15,79508036;-48,16607349;"SPRF-DF";"DEL03-DF";"UOP02-DEL03-DF"
768850;2026-05-01;"sexta-feira";"20:40:00";"PR";277;680;"MEDIANEIRA";"Reação tardia ou ineficiente do condutor";"Colisão traseira";"Com Vítimas Feridas";"Plena Noite";"Decrescente";"Céu Claro";"Dupla";"Reta";"Não";5;0;2;0;3;0;2;2;-25,31131532;-54,14630827;"SPRF-PR";"DEL05-PR";"UOP01-DEL05-PR"
768851;2026-05-02;"sábado";"03:00:00";"PE";232;186,9;"SANHARO";"Reação tardia ou ineficiente do condutor";"Saída de leito carroçável";"Sem Vítimas";"Plena Noite";"Crescente";"Garoa/Chuvisco";"Simples";"Reta;Declive";"Não";1;0;0;0;0;1;0;1;-8,35359;-36,490417;"SPRF-PE";"DEL03-PE";"UOP02-DEL03-PE"
768854;2026-05-02;"sábado";"04:30:00";"SE";101;87,5;"NOSSA SENHORA DO SOCORRO";"Reação tardia ou ineficiente do condutor";"Colisão traseira";"Com Vítimas Feridas";"Amanhecer";"Crescente";"Garoa/Chuvisco";"Simples";"Reta;Aclive";"Sim";2;0;1;0;1;0;1;2;-10,87055895;-37,13463513;"SPRF-SE";"DEL01-SE";"UOP01-DEL01-SE"
768857;2026-05-02;"sábado";"04:29:00";"PR";376;144,9;"PRESIDENTE CASTELO BRANCO";"Ingestão de álcool pelo condutor";"Colisão com objeto";"Sem Vítimas";"Plena Noite";"Decrescente";"Nublado";"Dupla";"Interseção de Vias;Reta";"Não";1;0;0;0;0;1;0;1;-23,271395;-52,1588517;"SPRF-PR";"DEL09-PR";"UOP02-DEL09-PR"
768858;2026-05-02;"sábado";"05:27:00";"MG";262;357;"JUATUBA";"Reação tardia ou ineficiente do condutor";"Saída de leito carroçável";"Com Vítimas Feridas";"Amanhecer";"Crescente";"Céu Claro";"Dupla";"Reta";"Sim";1;0;1;0;0;0;1;1;-19,97227;-44,27862;"SPRF-MG";"DEL01-MG";"UOP03-DEL01-MG"
768859;2026-05-02;"sábado";"03:30:00";"MG";262;436,9;"NOVA SERRANA";"Velocidade Incompatível";"Colisão com objeto";"Com Vítimas Feridas";"Plena Noite";"Decrescente";"Céu Claro";"Dupla";"Viaduto;Retorno Regulamentado;Interseção de Vias";"Sim";3;0;1;1;1;0;2;1;-19,8822583;-44,92769837;"SPRF-MG";"DEL08-MG";"UOP03-DEL08-MG"
768860;2026-05-02;"sábado";"05:30:00";"MG";381;443,1;"SABARA";"Ausência de reação do condutor";"Saída de leito carroçável";"Com Vítimas Feridas";"Pleno dia";"Decrescente";"Céu Claro";"Simples";"Reta";"Não";1;0;1;0;0;0;1;1;-19,8291291;-43,84167194;"SPRF-MG";"DEL01-MG";"UOP01-DEL01-MG"
768861;2026-05-02;"sábado";"04:40:00";"CE";122;33;"OCARA";"Acessar a via sem observar a presença dos outros veículos";"Colisão frontal";"Sem Vítimas";"Amanhecer";"Crescente";"Céu Claro";"Simples";"Reta;Interseção de Vias";"Não";2;0;0;0;0;2;0;2;-4,56145;-38,60103;"SPRF-CE";"DEL03-CE";"UOP01-DEL03-CE"