"id";"data_inversa";"dia_semana";"horario";"uf";"br";"km";"municipio";"causa_acidente";"tipo_acidente";"classificacao_acidente";"fase_dia";"sentido_via";"condicao_metereologica";"tipo_pista";"tracado_via";"uso_solo";"pessoas";"mortos";"feridos_leves";"feridos_graves";"ilesos";"ignorados";"feridos";"veiculos";"latitude";"longitude";"regional";"delegacia";"uop"
769583;2026-05-05;"terça-feira";"10:20:00";"SP";116;229;"SAO PAULO";"Ausência de reação do condutor";"Colisão transversal";"Com Vítimas Feridas";"Pleno dia";"Crescente";"Céu Claro";"Múltipla";"Reta";"Sim";2;0;1;0;1;0;1;2;-23,51391612;-46,57767383;"SPRF-SP";"DEL01-SP";"UOP01-DEL01-SP"
769584;2026-05-05;"terça-feira";"08:15:00";"RJ";493;13;"MAGE";"Reação tardia ou ineficiente do condutor";"Tombamento";"Com Vítimas Feridas";"Pleno dia";"Decrescente";"Céu Claro";"Dupla";"Reta";"Sim";1;0;1;0;0;0;1;1;-22,67141834;-42,98105031;"SPRF-RJ";"DEL04-RJ";"UOP02-DEL04-RJ"
769585;2026-05-05;"terça-feira";"09:20:00";"MS";267;481;"JARDIM";"Acessar a via sem observar a presença dos outros veículos";"Colisão transversal";"Com Vítimas Feridas";"Pleno dia";"Crescente";"Céu Claro";"Simples";"Curva;Interseção de Vias";"Não";2;0;1;0;1;0;1;2;-21,48121;-56,140753;"SPRF-MS";"DEL05-MS";"UOP01-DEL05-MS"
769586;2026-05-05;"terça-feira";"09:45:00";"SP";116;86;"PINDAMONHANGABA";"Ausência de reação do condutor";"Colisão traseira";"Com Vítimas Feridas";"Pleno dia";"Decrescente";"Sol";"Dupla";"Reta";"Sim";3;0;1;0;2;0;1;2;-22,925893;-45,352134;"SPRF-SP";"DEL08-SP";"UOP01-DEL08-SP"
769587;2026-03-25;"quarta-feira";"07:15:00";"RJ";101;334;"NITEROI";"Manobra de mudança de faixa";"Colisão transversal";"Com Vítimas Feridas";"Pleno dia";"Crescente";"Céu Claro";"Simples";"Reta;Ponte;Declive";"Não";4;0;1;1;2;0;2;3;-22,881284;-43,1123581;"SPRF-RJ";"DEL02-RJ";"UOP01-DEL02-RJ"
769590;2026-05-05;"terça-feira";"08:00:00";"AL";316;80;"MARAVILHA";"Reação tardia ou ineficiente do condutor";"Colisão traseira";"Com Vítimas Feridas";"Pleno dia";"Crescente";"Céu Claro";"Simples";"Reta;Em Obras";"Não";9;0;2;0;6;1;2;4;-9,24817558;-37,42926121;"SPRF-AL";"DEL03-AL";"UOP02-DEL03-AL"
769592;2026-05-05;"terça-feira";"11:20:00";"SC";101;214,2;"PALHOCA";"Desrespeitar a preferência no cruzamento";"Colisão transversal";"Com Vítimas Feridas";"Pleno dia";"Decrescente";"Sol";"Simples";"Interseção de Vias";"Sim";2;0;1;0;1;0;1;2;-27,646892;-48,672013;"SPRF-SC";"DEL01-SC";"UOP02-DEL01-SC"
769594;2026-03-25;"quarta-feira";"13:35:00";"GO";153;196;"URUACU";"Demais falhas mecânicas ou elétricas";"Queda de ocupante de veículo";"Com Vítimas Feridas";"Pleno dia";"Crescente";"Sol";"Simples";"Reta";"Sim";2;0;1;0;1;0;1;1;-14,50374322;-49,14905548;"SPRF-GO";"DEL07-GO";"UOP02-DEL07-GO"
769595;2026-05-05;"terça-feira";"11:40:00";"SP";116;215,9;"GUARULHOS";"Condutor deixou de manter distância do veículo da frente";"Colisão traseira";"Com Vítimas Feridas";"Pleno dia";"Decrescente";"Céu Claro";"Múltipla";"Reta";"Sim";4;0;1;0;3;0;1;2;-23,450257;-46,461721;"SPRF-SP";"DEL01-SP";"UOP01-DEL01-SP"
769598;2026-05-05;"terça-feira";"11:30:00";"PR";376;365;"ORTIGUEIRA";"Ausência de reação do condutor";"Saída de leito carroçável";"Com Vítimas Feridas";"Pleno dia";"Decrescente";"Céu Claro";"Simples";"Curva";"Não";1;0;1;0;0;0;1;1;-24,336308;-50,833793;"SPRF-PR";"DEL07-PR";"UOP02-DEL07-PR"
769599;2026-05-05;"terça-feira";"11:45:00";"RS";116;150,1;"CAXIAS DO SUL";"Ausência de reação do condutor";"Colisão traseira";"Com Vítimas Feridas";"Pleno dia";"Crescente";"Céu Claro";"Dupla";"Reta";"Não";2;0;1;0;1;0;1;2;-29,171053;-51,159835;"SPRF-RS";"DEL05-RS";"UOP01-DEL05-RS"
769600;2026-05-05;"terça-feira";"10:50:00";"RN";226;142,9;"CAMPO REDONDO";"Reação tardia ou ineficiente do condutor";"Colisão traseira";"Sem Vítimas";"Pleno dia";"Crescente";"Céu Claro";"Simples";"Reta";"Não";8;0;0;0;8;0;0;2;-6,189328;-36,250317;"SPRF-RN";"DEL03-RN";"UOP02-DEL03-RN"
769602;2026-05-05;"terça-feira";"12:20:00";"RS";116;267,9;"CANOAS";"Acumulo de areia ou detritos sobre o pavimento";"Colisão com objeto";"Com Vítimas Feridas";"Pleno dia";"Crescente";"Céu Claro";"Múltipla";"Reta";"Sim";2;0;1;0;1;0;1;2;-29,94484506;-51,17679704;"SPRF-RS";"DEL01-RS";"UOP01-DEL01-RS"
769604;2026-05-05;"terça-feira";"08:10:00";"GO";153;493;"GOIANIA";"Condutor deixou de manter distância do veículo da frente";"Colisão traseira";"Com Vítimas Feridas";"Pleno dia";"Decrescente";"Céu Claro";"Dupla";"Reta";"Sim";2;0;0;1;1;0;1;2;-16,642677;-49,208572;"SPRF-GO";"DEL01-GO";"UOP01-DEL01-GO"
769605;2026-05-05;"terça-feira";"12:40:00";"BA";101;713;"EUNAPOLIS";"Demais falhas mecânicas ou elétricas";"Incêndio";"Sem Vítimas";"Pleno dia";"Crescente";"Nublado";"Simples";"Reta";"Sim";1;0;0;0;1;0;0;1;-16,339047;-39,581206;"SPRF-BA";"DEL09-BA";"UOP01-DEL09-BA"
769606;2026-05-05;"terça-feira";"12:00:00";"SC";101;326,4;"CAPIVARI DE BAIXO";"Condutor deixou de manter distância do veículo da frente";"Colisão lateral mesmo sentido";"Com Vítimas Feridas";"Pleno dia";"Decrescente";"Céu Claro";"Dupla";"Reta;Declive";"Sim";2;0;1;0;0;1;1;2;-28,4343;-48,9574;"SPRF-SC";"DEL02-SC";"UOP01-DEL02-SC"
769611;2026-05-05;"terça-feira";"09:45:00";"MG";262;838,9;"CONCEICAO DAS ALAGOAS";"Transitar na contramão";"Colisão frontal";"Com Vítimas Feridas";"Pleno dia";"Crescente";"Sol";"Simples";"Curva;Declive";"Não";3;0;1;2;0;0;3;2;-19,75546004;-48,33464948;"SPRF-MG";"DEL13-MG";"UOP01-DEL13-MG"
769614;2026-05-05;"terça-feira";"14:00:00";"PR";476;158;"ARAUCARIA";"Mal súbito do condutor";"Colisão traseira";"Com Vítimas Feridas";"Pleno dia";"Decrescente";"Sol";"Múltipla";"Reta";"Sim";2;0;1;0;1;0;1;2;-25,60768;-49,421513;"SPRF-PR";"DEL01-PR";"UOP06-DEL01-PR"
769616;2026-05-05;"terça-feira";"13:15:00";"SC";101;33;"JOINVILLE";"Acessar a via sem observar a presença dos outros veículos";"Colisão lateral mesmo sentido";"Com Vítimas Feridas";"Pleno dia";"Crescente";"Céu Claro";"Múltipla";"Reta;Viaduto";"Não";2;0;1;0;0;1;1;2;-26,25578887;-48,90505727;"SPRF-SC";"DEL03-SC";"UOP01-DEL03-SC"
769618;2026-05-05;"terça-feira";"12:50:00";"RJ";40;111;"DUQUE DE CAXIAS";"Manobra de mudança de faixa";"Colisão lateral mesmo sentido";"Com Vítimas Feridas";"Pleno dia";"Crescente";"Sol";"Dupla";"Reta";"Sim";3;0;1;1;1;0;2;2;-22,698798;-43,289551;"SPRF-RJ";"DEL01-RJ";"UOP02-DEL01-RJ"
769620;2026-05-05;"terça-feira";"14:00:00";"CE";116;46;"PACAJUS";"Acessar a via sem observar a presença dos outros veículos";"Colisão traseira";"Com Vítimas Feridas";"Pleno dia";"Decrescente";"Sol";"Dupla";"Reta";"Não";2;0;0;1;1;0;1;2;-4,14838159;-38,47742407;"SPRF-CE";"DEL01-CE";"UOP02-DEL01-CE"
769621;2026-03-18;"quarta-feira";"23:20:00";"SP";116;84,7;"PINDAMONHANGABA";"Ausência de reação do condutor";"Colisão traseira";"Com Vítimas Feridas";"Plena Noite";"Decrescente";"Céu Claro";"Dupla";"Reta";"Não";2;0;1;0;1;0;1;2;-22,92096654;-45,3421855;"SPRF-SP";"DEL08-SP";"UOP01-DEL08-SP"
769623;2026-05-05;"terça-feira";"12:00:00";"RJ";465;0;"QUEIMADOS";"Reação tardia ou ineficiente do condutor";"Atropelamento de Pedestre";"Com Vítimas Feridas";"Pleno dia";"Decrescente";"Céu Claro";"Simples";"Reta";"Sim";3;0;1;0;0;2;1;2;-22,736031;-43,601817;"SPRF-RJ";"DEL06-RJ";"UOP02-DEL06-RJ"
769627;2026-05-05;"terça-feira";"14:30:00";"PE";232;4;"RECIFE";"Estacionar ou parar em local proibido";"Colisão traseira";"Com Vítimas Feridas";"Pleno dia";"Decrescente";"Céu Claro";"Dupla";"Reta;Viaduto";"Sim";4;0;0;2;2;0;2;2;-8,06714524;-34,94294763;"SPRF-PE";"DEL01-PE";"UOP01-DEL01-PE"
769628;2026-05-05;"terça-feira";"13:50:00";"CE";222;123,3;"ITAPAJE";"Acesso irregular";"Colisão transversal";"Com Vítimas Feridas";"Pleno dia";"Crescente";"Sol";"Dupla";"Reta";"Sim";2;0;1;0;0;1;1;2;-3,68894056;-39,58832026;"SPRF-CE";"DEL04-CE";"UOP03-DEL04-CE"
769630;2026-05-05;"terça-feira";"15:30:00";"MG";381;720,6;"CARMO DA CACHOEIRA";"Velocidade Incompatível";"Capotamento";"Com Vítimas Feridas";"Pleno dia";"Decrescente";"Céu Claro";"Dupla";"Aclive;Curva";"Não";2;0;2;0;0;0;2;1;-21,43215846;-45,21087956;"SPRF-MG";"DEL04-MG";"UOP02-DEL04-MG"
769631;2026-05-05;"terça-feira";"14:15:00";"PI";343;573;"FLORIANO";"Reação tardia ou ineficiente do condutor";"Colisão traseira";"Com Vítimas Feridas";"Pleno dia";"Crescente";"Sol";"Simples";"Aclive;Reta";"Não";3;0;1;1;1;0;2;2;-6,758948;-42,924517;"SPRF-PI";"DEL03-PI";"UOP01-DEL03-PI"
769633;2026-05-05;"terça-feira";"15:25:00";"PR";277;172;"PALMEIRA";"Condutor deixou de manter distância do veículo da frente";"Colisão traseira";"Sem Vítimas";"Pleno dia";"Crescente";"Céu Claro";"Simples";"Reta";"Não";5;0;0;0;5;0;0;2;-25,4449;-49,95939;"SPRF-PR";"DEL01-PR";"UOP07-DEL01-PR"
769634;2026-05-05;"terça-feira";"15:30:00";"GO";414;437;"ANAPOLIS";"Animais na Pista";"Atropelamento de Animal";"Com Vítimas Feridas";"Pleno dia";"Decrescente";"Céu Claro";"Simples";"Reta";"Sim";1;0;1;0;0;0;1;1;-16,256412;-48,936501;"SPRF-GO";"DEL02-GO";"UOP01-DEL02-GO"
769635;2026-05-05;"terça-feira";"16:20:00";"BA";324;624;"SALVADOR";"Ausência de reação do condutor";"Colisão lateral mesmo sentido";"Com Vítimas Feridas";"Anoitecer";"Crescente";"Chuva";"Dupla";"Reta;Declive";"Não";2;0;1;0;1;0;1;2;-12,94528787;-38,46994825;"SPRF-BA";"DEL01-BA";"UOP01-DEL01-BA"
769637;2026-05-05;"terça-feira";"16:00:00";"RN";406;171;"SAO GONCALO DO AMARANTE";"Manobra de mudança de faixa";"Colisão lateral mesmo sentido";"Com Vítimas Feridas";"Pleno dia";"Decrescente";"Céu Claro";"Dupla";"Reta;Declive";"Sim";2;0;0;1;1;0;1;2;-5,76178;-35,290775;"SPRF-RN";"DEL02-RN";"UOP01-DEL02-RN"
769638;2026-05-05;"terça-feira";"17:10:00";"MG";50;15;"UBERLANDIA";"Acessar a via sem observar a presença dos outros veículos";"Colisão com objeto";"Com Vítimas Feridas";"Anoitecer";"Crescente";"Céu Claro";"Dupla";"Interseção de Vias";"Sim";1;0;1;0;0;0;1;1;-18,9114535;-48,1768686;"SPRF-MG";"DEL15-MG";"UOP01-DEL15-MG"
769639;2026-05-05;"terça-feira";"17:00:00";"PR";369;192,8;"ARAPONGAS";"Ingestão de álcool pelo condutor";"Colisão transversal";"Sem Vítimas";"Pleno dia";"Crescente";"Céu Claro";"Dupla";"Reta;Interseção de Vias";"Não";2;0;0;0;2;0;0;2;-23,46060195;-51,42349526;"SPRF-PR";"DEL07-PR";"UOP03-DEL07-PR"
769641;2026-05-05;"terça-feira";"17:10:00";"ES";101;37,1;"CONCEICAO DA BARRA";"Ingestão de álcool pelo condutor";"Colisão traseira";"Com Vítimas Feridas";"Anoitecer";"Decrescente";"Céu Claro";"Simples";"Reta";"Sim";2;0;0;1;1;0;1;2;-18,47981257;-39,92460374;"SPRF-ES";"DEL04-ES";"UOP02-DEL04-ES"
769642;2026-05-05;"terça-feira";"17:25:00";"SC";101;130;"CAMBORIU";"Ausência de reação do condutor";"Tombamento";"Com Vítimas Feridas";"Pleno dia";"Decrescente";"Céu Claro";"Dupla";"Curva";"Sim";1;0;1;0;0;0;1;1;-26,99334336;-48,66247058;"SPRF-SC";"DEL04-SC";"UOP03-DEL04-SC"
769643;2026-05-05;"terça-feira";"17:35:00";"SC";282;16,8;"PALHOCA";"Conversão proibida";"Colisão traseira";"Com Vítimas Feridas";"Anoitecer";"Decrescente";"Céu Claro";"Simples";"Reta";"Sim";2;0;1;0;1;0;1;2;-27,66454233;-48,68715419;"SPRF-SC";"DEL01-SC";"UOP02-DEL01-SC"
769644;2026-05-05;"terça-feira";"17:30:00";"MG";40;522;"CONTAGEM";"Velocidade Incompatível";"Colisão traseira";"Com Vítimas Feridas";"Anoitecer";"Decrescente";"Céu Claro";"Dupla";"Reta";"Sim";2;0;1;0;1;0;1;2;-19,87464572;-44,05382107;"SPRF-MG";"DEL01-MG";"UOP02-DEL01-MG"
769645;2026-05-05;"terça-feira";"16:38:00";"ES";259;80;"COLATINA";"Reação tardia ou ineficiente do condutor";"Tombamento";"Com Vítimas Feridas";"Pleno dia";"Crescente";"Céu Claro";"Simples";"Curva";"Não";1;0;1;0;0;0;1;1;-19,52208;-40,82719;"SPRF-ES";"DEL02-ES";"UOP01-DEL02-ES"
769646;2026-05-05;"terça-feira";"17:23:00";"BA";324;615;"SALVADOR";"Condutor deixou de manter distância do veículo da frente";"Colisão traseira";"Com Vítimas Feridas";"Anoitecer";"Crescente";"Céu Claro";"Dupla";"Reta";"Não";3;0;2;0;1;0;2;3;-12,87637387;-38,43014002;"SPRF-BA";"DEL01-BA";"UOP01-DEL01-BA"
769647;2026-05-05;"terça-feira";"17:59:00";"ES";101;285,1;"CARIACICA";"Acessar a via sem observar a presença dos outros veículos";"Colisão transversal";"Com Vítimas Feridas";"Anoitecer";"Crescente";"Céu Claro";"Dupla";"Aclive;Retorno Regulamentado";"Sim";2;0;1;0;1;0;1;2;-20,251887;-40,373305;"SPRF-ES";"DEL01-ES";"UOP01-DEL01-ES"
769648;2026-05-05;"terça-feira";"17:55:00";"RS";0;0;"PORTO ALEGRE";"Ausência de sinalização";"Colisão transversal";"Sem Vítimas";"Anoitecer";"Não Informado";"Céu Claro";"Simples";"Interseção de Vias";"Sim";2;0;0;0;2;0;0;2;-29,99795485;-51,20285511;"SPRF-RS";"DEL01-RS";"UOP01-DEL01-RS"
769650;2026-05-05;"terça-feira";"16:40:00";"CE";0;0;"CANINDE";"Velocidade Incompatível";"Tombamento";"Com Vítimas Feridas";"Pleno dia";"Não Informado";"Céu Claro";"Simples";"Reta";"Não";2;0;1;0;0;1;1;2;-4,389975;-39,311942;"SPRF-CE";"DEL02-CE";"UOP01-DEL02-CE"
769653;2026-05-05;"terça-feira";"15:40:00";"PE";407;55;"PETROLINA";"Acessar a via sem observar a presença dos outros veículos";"Colisão transversal";"Com Vítimas Feridas";"Pleno dia";"Decrescente";"Céu Claro";"Simples";"Curva";"Não";6;0;4;0;1;1;4;2;-8,83217;-40,81987;"SPRF-PE";"DEL06-PE";"UOP02-DEL06-PE"
769654;2026-05-05;"terça-feira";"17:35:00";"RS";290;720;"URUGUAIANA";"Reação tardia ou ineficiente do condutor";"Saída de leito carroçável";"Com Vítimas Feridas";"Pleno dia";"Decrescente";"Céu Claro";"Dupla";"Reta;Rotatória";"Não";3;0;1;1;0;1;2;2;-29,770302;-57,058161;"SPRF-RS";"DEL13-RS";"UOP01-DEL13-RS"
769655;2026-05-05;"terça-feira";"15:50:00";"SC";470;53,2;"BLUMENAU";"Acessar a via sem observar a presença dos outros veículos";"Colisão transversal";"Com Vítimas Feridas";"Pleno dia";"Decrescente";"Céu Claro";"Simples";"Reta;Em Obras;Desvio Temporário";"Sim";2;0;1;0;1;0;1;2;-26,86917625;-49,1052711;"SPRF-SC";"DEL04-SC";"UOP01-DEL04-SC"
769656;2026-05-05;"terça-feira";"17:50:00";"RS";472;182,7;"SANTO CRISTO";"Manobra de mudança de faixa";"Colisão transversal";"Com Vítimas Feridas";"Pleno dia";"Crescente";"Céu Claro";"Simples";"Aclive";"Não";4;0;2;0;2;0;2;2;-27,83947455;-54,58616138;"SPRF-RS";"DEL10-RS";"UOP01-DEL10-RS"
769657;2026-05-05;"terça-feira";"18:00:00";"SC";282;2,2;"FLORIANOPOLIS";"Condutor deixou de manter distância do veículo da frente";"Colisão traseira";"Com Vítimas Feridas";"Anoitecer";"Decrescente";"Céu Claro";"Múltipla";"Reta";"Sim";3;0;1;0;1;1;1;3;-27,60322412;-48,59132616;"SPRF-SC";"DEL01-SC";"UOP01-DEL01-SC"
769658;2026-05-05;"terça-feira";"18:30:00";"RJ";101;545;"PARATY";"Animais na Pista";"Atropelamento de Animal";"Com Vítimas Feridas";"Plena Noite";"Crescente";"Céu Claro";"Simples";"Reta";"Não";1;0;1;0;0;0;1;1;-23,0429131;-44,6163187;"SPRF-RJ";"DEL03-RJ";"UOP04-DEL03-RJ"
769659;2026-05-05;"terça-feira";"18:00:00";"MG";40;523;"CONTAGEM";"Trafegar com motocicleta (ou similar) entre as faixas";"Saída de leito carroçável";"Com Vítimas Feridas";"Plena Noite";"Decrescente";"Céu Claro";"Dupla";"Reta";"Não";1;0;1;0;0;0;1;1;-19,87387387;-44,06586147;"SPRF-MG";"DEL01-MG";"UOP02-DEL01-MG"
769660;2026-05-05;"terça-feira";"17:45:00";"PI";343;1,8;"TERESINA";"Ausência de reação do condutor";"Colisão transversal";"Com Vítimas Feridas";"Pleno dia";"Crescente";"Céu Claro";"Dupla";"Reta";"Sim";2;0;1;0;1;0;1;2;-5,081208;-42,7659;"SPRF-PI";"DEL01-PI";"UOP01-DEL01-PI"
769663;2026-05-05;"terça-feira";"18:30:00";"SC";282;3,7;"FLORIANOPOLIS";"Trafegar com motocicleta (ou similar) entre as faixas";"Colisão transversal";"Com Vítimas Feridas";"Plena Noite";"Crescente";"Céu Claro";"Simples";"Reta";"Sim";3;0;2;0;1;0;2;2;-27,59355;-48,60223;"SPRF-SC";"DEL01-SC";"UOP01-DEL01-SC"
769664;2026-05-05;"terça-feira";"17:03:00";"BA";116;757,3;"POCOES";"Acessar a via sem observar a presença dos outros veículos";"Atropelamento de Pedestre";"Com Vítimas Feridas";"Pleno dia";"Decrescente";"Céu Claro";"Simples";"Declive;Reta";"Sim";2;0;0;1;1;0;1;2;-14,52326977;-40,37612915;"SPRF-BA";"DEL08-BA";"UOP02-DEL08-BA"
769666;2026-05-05;"terça-feira";"17:30:00";"SC";101;118;"ITAJAI";"Manobra de mudança de faixa";"Colisão lateral mesmo sentido";"Com Vítimas Feridas";"Pleno dia";"Crescente";"Céu Claro";"Dupla";"Reta";"Sim";2;0;0;1;1;0;1;2;-26,89622;-48,71893;"SPRF-SC";"DEL04-SC";"UOP04-DEL04-SC"
769667;2026-05-05;"terça-feira";"17:30:00";"RO";364;723;"PORTO VELHO";"Manobra de mudança de faixa";"Colisão lateral mesmo sentido";"Com Vítimas Feridas";"Anoitecer";"Decrescente";"Nublado";"Dupla";"Reta";"Não";2;0;1;0;1;0;1;2;-8,83961;-63,93722;"SPRF-RO";"DEL01-RO";"UOP01-DEL01-RO"
769669;2026-05-05;"terça-feira";"19:00:00";"DF";40;4;"BRASILIA";"Velocidade Incompatível";"Saída de leito carroçável";"Com Vítimas Feridas";"Plena Noite";"Crescente";"Céu Claro";"Dupla";"Reta";"Sim";1;0;1;0;0;0;1;1;-16,01013085;-47,98274785;"SPRF-DF";"DEL01-DF";"UOP01-DEL01-DF"
769670;2026-05-05;"terça-feira";"19:20:00";"PE";232;9;"JABOATAO DOS GUARARAPES";"Condutor deixou de manter distância do veículo da frente";"Colisão traseira";"Com Vítimas Feridas";"Plena Noite";"Decrescente";"Chuva";"Dupla";"Reta";"Não";2;0;0;1;0;1;1;2;-8,07817;-34,98173;"SPRF-PE";"DEL01-PE";"UOP01-DEL01-PE"
769672;2026-05-05;"terça-feira";"19:00:00";"RJ";101;573;"PARATY";"Reação tardia ou ineficiente do condutor";"Colisão traseira";"Com Vítimas Feridas";"Plena Noite";"Decrescente";"Céu Claro";"Simples";"Reta";"Não";2;0;1;0;1;0;1;2;-23,2107473;-44,7303758;"SPRF-RJ";"DEL03-RJ";"UOP04-DEL03-RJ"
769673;2026-05-05;"terça-feira";"19:00:00";"DF";40;1;"BRASILIA";"Trafegar com motocicleta (ou similar) entre as faixas";"Colisão lateral mesmo sentido";"Com Vítimas Feridas";"Plena Noite";"Crescente";"Céu Claro";"Dupla";"Reta";"Sim";2;0;1;0;1;0;1;2;-15,9883954;-47,98734221;"SPRF-DF";"DEL01-DF";"UOP01-DEL01-DF"
769674;2026-05-05;"terça-feira";"19:30:00";"PE";232;74,7;"GRAVATA";"Demais falhas mecânicas ou elétricas";"Incêndio";"Sem Vítimas";"Plena Noite";"Decrescente";"Céu Claro";"Dupla";"Aclive;Reta";"Não";1;0;0;0;1;0;0;1;-8,19775893;-35,52237924;"SPRF-PE";"DEL02-PE";"UOP02-DEL02PE"
769676;2026-05-05;"terça-feira";"18:20:00";"MA";135;7;"SAO LUIS";"Acessar a via sem observar a presença dos outros veículos";"Colisão transversal";"Com Vítimas Feridas";"Plena Noite";"Crescente";"Garoa/Chuvisco";"Dupla";"Retorno Regulamentado;Reta;Interseção de Vias";"Sim";2;0;1;0;1;0;1;2;-2,64062;-44,27183;"SPRF-MA";"DEL01-MA";"UOP01-DEL01-MA"
769677;2026-05-05;"terça-feira";"20:00:00";"SC";101;201,4;"SAO JOSE";"Reação tardia ou ineficiente do condutor";"Colisão com objeto";"Com Vítimas Feridas";"Plena Noite";"Decrescente";"Céu Claro";"Múltipla";"Reta";"Sim";2;0;1;0;1;0;1;2;-27,55014713;-48,61948935;"SPRF-SC";"DEL01-SC";"UOP01-DEL01-SC"
769678;2026-05-05;"terça-feira";"19:30:00";"RS";386;138;"SARANDI";"Acessar a via sem observar a presença dos outros veículos";"Colisão transversal";"Com Vítimas Feridas";"Plena Noite";"Decrescente";"Céu Claro";"Simples";"Reta";"Sim";5;0;1;0;4;0;1;2;-27,982007;-52,903285;"SPRF-RS";"DEL08-RS";"UOP01-DEL08-RS"
769682;2026-05-05;"terça-feira";"19:20:00";"RS";158;326;"SANTA MARIA";"Ausência de reação do condutor";"Colisão traseira";"Com Vítimas Feridas";"Plena Noite";"Crescente";"Céu Claro";"Dupla";"Rotatória";"Não";3;0;1;0;2;0;1;2;-29,71534373;-53,81040065;"SPRF-RS";"DEL09-RS";"UOP01-DEL09-RS"
769685;2026-05-05;"terça-feira";"20:00:00";"MG";40;707;"BARBACENA";"Pedestre andava na pista";"Atropelamento de Pedestre";"Com Vítimas Feridas";"Plena Noite";"Decrescente";"Céu Claro";"Dupla";"Reta";"Não";2;0;1;0;1;0;1;2;-21,22057135;-43,7340786;"SPRF-MG";"DEL05-MG";"UOP02-DEL05-MG"
769688;2026-05-05;"terça-feira";"17:30:00";"RJ";101;577;"PARATY";"Avarias e/ou desgaste excessivo no pneu";"Colisão traseira";"Com Vítimas Feridas";"Anoitecer";"Crescente";"Céu Claro";"Simples";"Reta";"Não";2;0;1;0;1;0;1;2;-23,24472989;-44,7011134;"SPRF-RJ";"DEL03-RJ";"UOP04-DEL03-RJ"
769689;2026-04-29;"quarta-feira";"06:15:00";"MG";40;633,5;"CONSELHEIRO LAFAIETE";"Manobra de mudança de faixa";"Colisão lateral mesmo sentido";"Com Vítimas Feridas";"Pleno dia";"Decrescente";"Céu Claro";"Simples";"Reta";"Não";3;0;1;0;2;0;1;2;-20,6813098;-43,7942225;"SPRF-MG";"DEL05-MG";"UOP02-DEL05-MG"
769690;2026-05-05;"terça-feira";"18:40:00";"PR";277;74;"SAO JOSE DOS PINHAIS";"Manobra de mudança de faixa";"Colisão lateral mesmo sentido";"Com Vítimas Feridas";"Anoitecer";"Decrescente";"Nublado";"Simples";"Reta";"Sim";2;0;1;0;1;0;1;2;-25,495;-49,163;"SPRF-PR";"DEL01-PR";"UOP08-DEL01-PR"
769691;2026-05-05;"terça-feira";"20:37:00";"PI";316;7;"TERESINA";"Desrespeitar a preferência no cruzamento";"Colisão transversal";"Com Vítimas Feridas";"Plena Noite";"Decrescente";"Céu Claro";"Simples";"Reta;Viaduto;Declive;Rotatória";"Sim";2;0;1;0;1;0;1;2;-5,162173;-42,769602;"SPRF-PI";"DEL01-PI";"UOP02-DEL01-PI"
769692;2026-05-05;"terça-feira";"20:30:00";"MG";459;85,4;"CONGONHAL";"Animais na Pista";"Atropelamento de Animal";"Com Vítimas Feridas";"Plena Noite";"Decrescente";"Céu Claro";"Simples";"Declive;Reta";"Não";1;0;1;0;0;0;1;1;-22,1534364;-46,064266;"SPRF-MG";"DEL09-MG";"UOP01-DEL09-MG"
769693;2026-05-05;"terça-feira";"20:45:00";"MG";40;532;"BELO HORIZONTE";"Velocidade Incompatível";"Tombamento";"Com Vítimas Feridas";"Plena Noite";"Decrescente";"Céu Claro";"Dupla";"Reta";"Sim";1;0;1;0;0;0;1;1;-19,926112;-44,00842;"SPRF-MG";"DEL01-MG";"UOP02-DEL01-MG"
769695;2026-05-05;"terça-feira";"21:15:00";"SC";101;295;"IMBITUBA";"Reação tardia ou ineficiente do condutor";"Saída de leito carroçável";"Com Vítimas Feridas";"Plena Noite";"Decrescente";"Céu Claro";"Múltipla";"Curva";"Não";1;0;1;0;0;0;1;1;-28,30168725;-48,71913028;"SPRF-SC";"DEL02-SC";"UOP03-DEL02-SC"
769699;2026-05-05;"terça-feira";"21:25:00";"PE";101;72,2;"RECIFE";"Pedestre cruzava a pista fora da faixa";"Atropelamento de Pedestre";"Com Vítimas Fatais";"Plena Noite";"Crescente";"Chuva";"Dupla";"Curva";"Sim";2;1;0;0;0;1;0;2;-8,08661;-34,94637;"SPRF-PE";"DEL01-PE";"UOP01-DEL01-PE"
769700;2026-05-05;"terça-feira";"21:15:00";"SE";235;58;"ITABAIANA";"Animais na Pista";"Atropelamento de Animal";"Com Vítimas Feridas";"Plena Noite";"Crescente";"Céu Claro";"Simples";"Reta";"Sim";1;0;1;0;0;0;1;1;-10,6811;-37,4239;"SPRF-SE";"DEL01-SE";"UOP02-DEL01-SE"
769701;2026-05-05;"terça-feira";"20:20:00";"SC";101;306,5;"LAGUNA";"Demais falhas mecânicas ou elétricas";"Queda de ocupante de veículo";"Com Vítimas Feridas";"Plena Noite";"Crescente";"Céu Claro";"Simples";"Reta";"Sim";1;0;1;0;0;0;1;1;-28,407008;-48,791899;"SPRF-SC";"DEL02-SC";"UOP03-DEL02-SC"