"id";"data_inversa";"dia_semana";"horario";"uf";"br";"km";"municipio";"causa_acidente";"tipo_acidente";"classificacao_acidente";"fase_dia";"sentido_via";"condicao_metereologica";"tipo_pista";"tracado_via";"uso_solo";"pessoas";"mortos";"feridos_leves";"feridos_graves";"ilesos";"ignorados";"feridos";"veiculos";"latitude";"longitude";"regional";"delegacia";"uop"
769702;2026-05-05;"terça-feira";"21:15:00";"PR";369;376,9;"MAMBORE";"Transitar na contramão";"Colisão traseira";"Com Vítimas Feridas";"Plena Noite";"Crescente";"Céu Claro";"Simples";"Reta";"Não";2;0;0;1;1;0;1;2;-24,287097;-52,56736;"SPRF-PR";"DEL04-PR";"UOP03-DEL04-PR"
769704;2026-05-05;"terça-feira";"20:54:00";"SC";280;43,2;"GUARAMIRIM";"Demais Fenômenos da natureza";"Saída de leito carroçável";"Com Vítimas Feridas";"Plena Noite";"Decrescente";"Nevoeiro/Neblina";"Simples";"Desvio Temporário;Em Obras";"Não";1;0;1;0;0;0;1;1;-26,45154245;-48,88092973;"SPRF-SC";"DEL03-SC";"UOP03-DEL03-SC"
769705;2026-05-01;"sexta-feira";"07:20:00";"MT";163;748;"SORRISO";"Reação tardia ou ineficiente do condutor";"Colisão traseira";"Com Vítimas Feridas";"Pleno dia";"Crescente";"Céu Claro";"Dupla";"Rotatória;Curva";"Não";5;0;4;0;1;0;4;2;-12,5923564;-55,7422298;"SPRF-MT";"DEL06-MT";"UOP01-DEL06-MT"
769707;2026-05-05;"terça-feira";"18:20:00";"MG";381;153;"GOVERNADOR VALADARES";"Reação tardia ou ineficiente do condutor";"Tombamento";"Com Vítimas Feridas";"Plena Noite";"Decrescente";"Céu Claro";"Simples";"Reta;Declive";"Não";1;0;1;0;0;0;1;1;-18,892967;-42,004772;"SPRF-MG";"DEL06-MG";"UOP01-DEL06-MG"
769708;2026-05-05;"terça-feira";"22:10:00";"MG";381;496;"BETIM";"Ausência de reação do condutor";"Colisão lateral mesmo sentido";"Com Vítimas Feridas";"Plena Noite";"Decrescente";"Nublado";"Dupla";"Curva";"Sim";2;0;1;0;1;0;1;2;-19,9739226;-44,18509897;"SPRF-MG";"DEL01-MG";"UOP03-DEL01-MG"
769710;2026-05-05;"terça-feira";"21:30:00";"MG";262;665;"IBIA";"Velocidade Incompatível";"Atropelamento de Animal";"Com Vítimas Feridas";"Plena Noite";"Decrescente";"Céu Claro";"Simples";"Reta;Ponte";"Não";2;0;2;0;0;0;2;1;-19,55081;-46,85126;"SPRF-MG";"DEL08-MG";"UOP01-DEL08-MG"
769714;2026-05-05;"terça-feira";"22:12:00";"PE";232;101,3;"BEZERROS";"Acessar a via sem observar a presença dos outros veículos";"Colisão frontal";"Com Vítimas Feridas";"Plena Noite";"Crescente";"Chuva";"Simples";"Reta";"Sim";2;0;0;1;1;0;1;2;-8,2462;-35,75748;"SPRF-PE";"DEL02-PE";"UOP03-DEL02-PE"
769715;2026-05-05;"terça-feira";"21:15:00";"GO";153;210;"URUACU";"Condutor deixou de manter distância do veículo da frente";"Colisão traseira";"Com Vítimas Feridas";"Pleno dia";"Crescente";"Céu Claro";"Simples";"Reta";"Não";4;0;2;0;1;1;2;2;-14,623144;-49,171877;"SPRF-GO";"DEL07-GO";"UOP02-DEL07-GO"
769718;2026-05-05;"terça-feira";"20:15:00";"BA";116;269;"TUCANO";"Manobra de mudança de faixa";"Colisão lateral sentido oposto";"Com Vítimas Feridas";"Plena Noite";"Decrescente";"Céu Claro";"Simples";"Reta";"Não";3;0;2;0;1;0;2;2;-10,920019;-38,828289;"SPRF-BA";"DEL07-BA";"UOP02-DEL07-BA"
769719;2026-05-06;"quarta-feira";"00:30:00";"RJ";116;175;"SAO JOAO DE MERITI";"Demais falhas mecânicas ou elétricas";"Incêndio";"Sem Vítimas";"Plena Noite";"Decrescente";"Céu Claro";"Dupla";"Reta";"Sim";2;0;0;0;2;0;0;1;-22,7867944;-43,3779792;"SPRF-RJ";"DEL06-RJ";"UOP01-DEL06-RJ"
769720;2026-05-06;"quarta-feira";"00:50:00";"PR";376;168,2;"MARINGA";"Ingestão de álcool pelo condutor";"Colisão lateral mesmo sentido";"Sem Vítimas";"Plena Noite";"Decrescente";"Nublado";"Dupla";"Reta";"Não";3;0;0;0;3;0;0;2;-23,3956483;-52,0065783;"SPRF-PR";"DEL09-PR";"UOP01-DEL09-PR"
769721;2026-05-05;"terça-feira";"23:33:00";"BA";101;344;"TEOLANDIA";"Ingestão de álcool pelo condutor";"Colisão frontal";"Com Vítimas Fatais";"Plena Noite";"Crescente";"Garoa/Chuvisco";"Simples";"Reta";"Não";3;2;1;0;0;0;1;2;-13,580713;-39,479573;"SPRF-BA";"DEL05-BA";"UOP03-DEL05-BA"
769722;2026-05-06;"quarta-feira";"01:20:00";"RO";364;224,3;"CACOAL";"Animais na Pista";"Atropelamento de Animal";"Com Vítimas Feridas";"Plena Noite";"Crescente";"Céu Claro";"Simples";"Reta";"Não";1;0;0;1;0;0;1;1;-11,512318;-61,357493;"SPRF-RO";"DEL02-RO";"UOP02-DEL02-RO"
769724;2026-05-06;"quarta-feira";"02:30:00";"RS";116;268;"CANOAS";"Reação tardia ou ineficiente do condutor";"Tombamento";"Com Vítimas Feridas";"Plena Noite";"Decrescente";"Céu Claro";"Múltipla";"Reta";"Sim";9;0;6;0;1;2;6;7;-29,95425802;-51,17650436;"SPRF-RS";"DEL01-RS";"UOP01-DEL01-RS"
769726;2026-05-06;"quarta-feira";"03:20:00";"PR";277;591;"CASCAVEL";"Iluminação deficiente";"Colisão transversal";"Com Vítimas Feridas";"Amanhecer";"Decrescente";"Céu Claro";"Simples";"Reta;Interseção de Vias";"Sim";2;0;1;0;1;0;1;2;-24,983702;-53,37317188;"SPRF-PR";"DEL04-PR";"UOP01-DEL04-PR"
769730;2026-05-06;"quarta-feira";"05:00:00";"GO";40;5;"VALPARAISO DE GOIAS";"Ausência de reação do condutor";"Queda de ocupante de veículo";"Com Vítimas Feridas";"Amanhecer";"Decrescente";"Nublado";"Dupla";"Reta";"Sim";1;0;1;0;0;0;1;1;-16,06186938;-47,98303351;"SPRF-DF";"DEL01-DF";"UOP01-DEL01-DF"
769733;2026-04-07;"terça-feira";"14:00:00";"RJ";101;65;"CAMPOS DOS GOYTACAZES";"Conversão proibida";"Colisão transversal";"Com Vítimas Feridas";"Pleno dia";"Crescente";"Céu Claro";"Simples";"Curva";"Sim";2;0;1;0;1;0;1;2;-21,75363;-41,34443;"SPRF-RJ";"DEL08-RJ";"UOP02-DEL08-RJ"
769735;2026-05-06;"quarta-feira";"06:20:00";"RJ";116;179;"MESQUITA";"Reação tardia ou ineficiente do condutor";"Colisão lateral mesmo sentido";"Com Vítimas Feridas";"Pleno dia";"Decrescente";"Céu Claro";"Múltipla";"Reta";"Sim";2;0;1;0;0;1;1;2;-22,7771201;-43,398823;"SPRF-RJ";"DEL06-RJ";"UOP01-DEL06-RJ"
769736;2026-05-06;"quarta-feira";"07:08:00";"PB";101;99,3;"CONDE";"Acumulo de areia ou detritos sobre o pavimento";"Tombamento";"Com Vítimas Feridas";"Pleno dia";"Decrescente";"Nublado";"Múltipla";"Interseção de Vias";"Não";2;0;2;0;0;0;2;1;-7,259155;-34,935508;"SPRF-PB";"DEL01-PB";"UOP01-DEL01-PB"
769738;2026-05-06;"quarta-feira";"06:30:00";"PR";116;127,7;"FAZENDA RIO GRANDE";"Entrada inopinada do pedestre";"Atropelamento de Pedestre";"Com Vítimas Fatais";"Pleno dia";"Decrescente";"Céu Claro";"Dupla";"Reta";"Sim";2;1;0;0;1;0;0;2;-25,654745;-49,312069;"SPRF-PR";"DEL01-PR";"UOP03-DEL01-PR"
769739;2026-05-02;"sábado";"22:30:00";"RS";470;283;"MONTENEGRO";"Ingestão de álcool pelo condutor";"Colisão com objeto";"Com Vítimas Feridas";"Plena Noite";"Crescente";"Céu Claro";"Simples";"Reta";"Não";1;0;1;0;0;0;1;1;-29,620016;-51,474507;"SPRF-RS";"DEL06-RS";"UOP01-DEL06-RS"
769744;2026-05-06;"quarta-feira";"05:40:00";"BA";116;669;"JEQUIE";"Acessar a via sem observar a presença dos outros veículos";"Colisão transversal";"Com Vítimas Fatais";"Amanhecer";"Decrescente";"Nublado";"Simples";"Reta";"Não";3;1;0;1;1;0;1;2;-13,82966666;-40,10916996;"SPRF-BA";"DEL03-BA";"UOP01-DEL03-BA"
769745;2026-05-06;"quarta-feira";"06:50:00";"DF";20;10,3;"BRASILIA";"Demais Fenômenos da natureza";"Colisão lateral sentido oposto";"Com Vítimas Feridas";"Amanhecer";"Crescente";"Sol";"Múltipla";"Reta;Aclive";"Sim";2;0;1;0;1;0;1;2;-15,6487;-47,77031;"SPRF-DF";"DEL02-DF";"UOP01-DEL02-DF"
769746;2026-05-06;"quarta-feira";"07:10:00";"RJ";116;178;"RIO DE JANEIRO";"Manobra de mudança de faixa";"Colisão traseira";"Com Vítimas Feridas";"Pleno dia";"Decrescente";"Céu Claro";"Dupla";"Reta";"Sim";3;0;1;0;2;0;1;2;-22,80483373;-43,34523085;"SPRF-RJ";"DEL06-RJ";"UOP01-DEL06-RJ"
769747;2026-05-05;"terça-feira";"16:00:00";"MS";60;427;"SIDROLANDIA";"Acessar a via sem observar a presença dos outros veículos";"Colisão transversal";"Com Vítimas Feridas";"Pleno dia";"Crescente";"Céu Claro";"Dupla";"Reta";"Sim";3;0;2;0;1;0;2;2;-20,93511601;-54,96124007;"SPRF-MS";"DEL01-MS";"UOP04-DEL01-MS"
769749;2026-05-06;"quarta-feira";"07:10:00";"SC";101;90,5;"BARRA VELHA";"Manobra de mudança de faixa";"Colisão traseira";"Com Vítimas Feridas";"Amanhecer";"Crescente";"Céu Claro";"Simples";"Reta";"Não";2;0;1;0;1;0;1;2;-26,66682375;-48,69019255;"SPRF-SC";"DEL03-SC";"UOP02-DEL03-SC"
769750;2026-05-06;"quarta-feira";"07:30:00";"RS";158;327;"SANTA MARIA";"Condutor deixou de manter distância do veículo da frente";"Colisão traseira";"Com Vítimas Feridas";"Pleno dia";"Crescente";"Céu Claro";"Simples";"Interseção de Vias;Reta";"Sim";2;0;1;0;1;0;1;2;-29,713465;-53,815651;"SPRF-RS";"DEL09-RS";"UOP01-DEL09-RS"
769752;2026-05-06;"quarta-feira";"07:45:00";"MG";381;442,4;"SANTA LUZIA";"Acesso irregular";"Colisão lateral mesmo sentido";"Com Vítimas Feridas";"Pleno dia";"Crescente";"Céu Claro";"Simples";"Reta;Declive";"Sim";2;0;2;0;0;0;2;2;-19,82622237;-43,83557796;"SPRF-MG";"DEL01-MG";"UOP01-DEL01-MG"
769753;2026-05-06;"quarta-feira";"06:04:00";"MT";163;821,9;"SINOP";"Reação tardia ou ineficiente do condutor";"Saída de leito carroçável";"Com Vítimas Feridas";"Amanhecer";"Decrescente";"Céu Claro";"Dupla";"Em Obras";"Sim";1;0;1;0;0;0;1;1;-11,989;-55,517;"SPRF-MT";"DEL06-MT";"UOP02-DEL06-MT"
769754;2026-05-06;"quarta-feira";"07:10:00";"CE";116;17,6;"EUSEBIO";"Condutor deixou de manter distância do veículo da frente";"Engavetamento";"Com Vítimas Feridas";"Pleno dia";"Decrescente";"Céu Claro";"Dupla";"Reta";"Sim";5;0;1;0;4;0;1;3;-3,90178666;-38,50423694;"SPRF-CE";"DEL01-CE";"UOP02-DEL01-CE"
769755;2026-05-06;"quarta-feira";"06:50:00";"MG";40;797;"JUIZ DE FORA";"Neblina";"Colisão traseira";"Com Vítimas Feridas";"Pleno dia";"Crescente";"Nevoeiro/Neblina";"Dupla";"Reta";"Sim";5;0;5;0;0;0;5;4;-21,7988519;-43,4074845;"SPRF-MG";"DEL05-MG";"UOP01-DEL05-MG"
769756;2026-05-06;"quarta-feira";"07:20:00";"RN";101;107;"PARNAMIRIM";"Condutor deixou de manter distância do veículo da frente";"Colisão traseira";"Com Vítimas Feridas";"Pleno dia";"Decrescente";"Céu Claro";"Dupla";"Reta";"Não";4;0;1;0;3;0;1;3;-5,925202;-35,264778;"SPRF-RN";"DEL01-RN";"UOP01-DEL01-RN"
769757;2026-05-06;"quarta-feira";"07:05:00";"RN";101;98;"NATAL";"Reação tardia ou ineficiente do condutor";"Colisão lateral mesmo sentido";"Com Vítimas Fatais";"Pleno dia";"Decrescente";"Céu Claro";"Múltipla";"Declive;Reta";"Sim";3;1;1;0;1;0;1;2;-5,865213;-35,216445;"SPRF-RN";"DEL01-RN";"UOP01-DEL01-RN"
769758;2026-05-06;"quarta-feira";"08:00:00";"RS";448;20;"CANOAS";"Reação tardia ou ineficiente do condutor";"Colisão traseira";"Com Vítimas Feridas";"Pleno dia";"Crescente";"Céu Claro";"Múltipla";"Aclive;Reta";"Não";2;0;1;0;1;0;1;2;-29,96046399;-51,20280631;"SPRF-RS";"DEL01-RS";"UOP01-DEL01-RS"
769762;2026-05-06;"quarta-feira";"07:15:00";"RJ";40;123;"DUQUE DE CAXIAS";"Acessar a via sem observar a presença dos outros veículos";"Colisão lateral mesmo sentido";"Sem Vítimas";"Amanhecer";"Crescente";"Sol";"Múltipla";"Reta";"Sim";3;0;0;0;2;1;0;2;-22,806193;-43,289472;"SPRF-RJ";"DEL01-RJ";"UOP02-DEL01-RJ"
769764;2026-05-06;"quarta-feira";"07:00:00";"ES";101;140;"LINHARES";"Acessar a via sem observar a presença dos outros veículos";"Colisão transversal";"Com Vítimas Feridas";"Pleno dia";"Crescente";"Céu Claro";"Simples";"Reta";"Sim";2;0;0;1;1;0;1;2;-19,31098051;-40,08032799;"SPRF-ES";"DEL04-ES";"UOP01-DEL04-ES"
769765;2026-05-06;"quarta-feira";"08:00:00";"SC";470;60,2;"BLUMENAU";"Ausência de reação do condutor";"Colisão transversal";"Com Vítimas Feridas";"Pleno dia";"Decrescente";"Céu Claro";"Simples";"Reta;Rotatória";"Sim";2;0;0;1;1;0;1;2;-26,88058298;-49,16722476;"SPRF-SC";"DEL04-SC";"UOP01-DEL04-SC"
769766;2026-05-06;"quarta-feira";"08:25:00";"ES";101;332,6;"GUARAPARI";"Velocidade Incompatível";"Colisão com objeto";"Com Vítimas Feridas";"Pleno dia";"Crescente";"Nublado";"Dupla";"Curva";"Não";2;0;1;0;1;0;1;1;-20,61205;-40,511422;"SPRF-ES";"DEL03-ES";"UOP01-DEL03-ES"
769768;2026-05-06;"quarta-feira";"08:30:00";"RS";116;143,4;"CAXIAS DO SUL";"Reação tardia ou ineficiente do condutor";"Colisão lateral mesmo sentido";"Com Vítimas Feridas";"Pleno dia";"Decrescente";"Sol";"Dupla";"Reta";"Sim";2;0;1;0;1;0;1;2;-29,1238457;-51,1253015;"SPRF-RS";"DEL05-RS";"UOP01-DEL05-RS"
769769;2026-05-06;"quarta-feira";"08:36:00";"BA";410;2;"RIBEIRA DO POMBAL";"Ausência de reação do condutor";"Queda de ocupante de veículo";"Com Vítimas Feridas";"Pleno dia";"Crescente";"Céu Claro";"Simples";"Reta";"Não";1;0;1;0;0;0;1;1;-10,82016316;-38,53706932;"SPRF-BA";"DEL07-BA";"UOP02-DEL07-BA"
769772;2026-05-06;"quarta-feira";"08:57:00";"PB";101;95,1;"CONDE";"Velocidade Incompatível";"Colisão com objeto";"Sem Vítimas";"Pleno dia";"Decrescente";"Nublado";"Simples";"Curva;Declive";"Não";1;0;0;0;1;0;0;1;-7,22308704;-34,91424736;"SPRF-PB";"DEL01-PB";"UOP01-DEL01-PB"
769773;2026-05-06;"quarta-feira";"09:00:00";"RS";285;537,8;"SAO LUIZ GONZAGA";"Acessar a via sem observar a presença dos outros veículos";"Colisão transversal";"Com Vítimas Fatais";"Pleno dia";"Decrescente";"Sol";"Simples";"Em Obras;Interseção de Vias;Rotatória";"Não";2;1;0;0;1;0;0;2;-28,400788;-54,65093;"SPRF-RS";"DEL10-RS";"UOP01-DEL10-RS"
769774;2026-05-06;"quarta-feira";"08:30:00";"MS";0;0;"CAMPO GRANDE";"Reação tardia ou ineficiente do condutor";"Saída de leito carroçável";"Sem Vítimas";"Pleno dia";"Não Informado";"Céu Claro";"Simples";"Interseção de Vias";"Sim";2;0;0;0;2;0;0;1;-20,480839;-54,756981;"SPRF-MS";"DEL01-MS";"UOP03-DEL01-MS"
769776;2026-05-06;"quarta-feira";"08:30:00";"BA";101;876;"TEIXEIRA DE FREITAS";"Ausência de sinalização";"Colisão traseira";"Com Vítimas Feridas";"Pleno dia";"Crescente";"Nublado";"Simples";"Aclive;Interseção de Vias;Reta";"Sim";2;0;1;0;1;0;1;2;-17,539782;-39,71533863;"SPRF-BA";"DEL09-BA";"UOP02-DEL09-BA"
769777;2026-05-06;"quarta-feira";"09:05:00";"MG";116;769,3;"LEOPOLDINA";"Ausência de reação do condutor";"Colisão com objeto";"Com Vítimas Feridas";"Pleno dia";"Decrescente";"Céu Claro";"Simples";"Curva";"Não";1;0;0;1;0;0;1;1;-21,55069644;-42,67043637;"SPRF-MG";"DEL07-MG";"UOP01-DEL07-MG"
769778;2026-05-06;"quarta-feira";"08:15:00";"GO";60;380;"RIO VERDE";"Ausência de reação do condutor";"Queda de ocupante de veículo";"Com Vítimas Feridas";"Pleno dia";"Decrescente";"Céu Claro";"Dupla";"Reta";"Sim";1;0;1;0;0;0;1;1;-17,77933296;-50,89377377;"SPRF-GO";"DEL04-GO";"UOP02-DEL04-GO"
769779;2026-05-06;"quarta-feira";"06:50:00";"AC";364;138;"RIO BRANCO";"Condutor deixou de manter distância do veículo da frente";"Colisão traseira";"Com Vítimas Feridas";"Pleno dia";"Decrescente";"Céu Claro";"Dupla";"Reta";"Não";2;0;1;0;1;0;1;2;-9,9588228;-67,8576602;"SPRF-AC";"DEL01-AC";"UOP01-DEL01-AC"
769780;2026-05-06;"quarta-feira";"08:45:00";"RS";285;518;"VITORIA DAS MISSOES";"Transitar na contramão";"Saída de leito carroçável";"Com Vítimas Feridas";"Pleno dia";"Crescente";"Céu Claro";"Simples";"Reta";"Não";2;0;1;0;1;0;1;2;-28,393937;-54,459761;"SPRF-RS";"DEL10-RS";"UOP01-DEL10-RS"
769782;2026-05-06;"quarta-feira";"10:00:00";"SP";116;72,6;"APARECIDA";"Frear bruscamente";"Colisão traseira";"Com Vítimas Feridas";"Pleno dia";"Crescente";"Céu Claro";"Dupla";"Reta";"Não";6;0;1;0;5;0;1;2;-22,86643258;-45,24172939;"SPRF-SP";"DEL08-SP";"UOP01-DEL08-SP"
769783;2026-05-06;"quarta-feira";"09:26:00";"PI";343;3,8;"TERESINA";"Condutor desrespeitou a iluminação vermelha do semáforo";"Colisão transversal";"Com Vítimas Feridas";"Pleno dia";"Crescente";"Céu Claro";"Dupla";"Interseção de Vias;Reta";"Sim";4;0;0;1;1;2;1;3;-5,080471;-42,7835;"SPRF-PI";"DEL01-PI";"UOP01-DEL01-PI"
769784;2026-05-05;"terça-feira";"08:30:00";"RN";101;105,9;"PARNAMIRIM";"Acessar a via sem observar a presença dos outros veículos";"Colisão transversal";"Com Vítimas Feridas";"Pleno dia";"Crescente";"Céu Claro";"Dupla";"Interseção de Vias";"Sim";2;0;1;0;1;0;1;2;-5,91113499;-35,26169149;"SPRF-RN";"DEL01-RN";"UOP01-DEL01-RN"
769788;2026-05-06;"quarta-feira";"10:45:00";"PB";230;17,9;"JOAO PESSOA";"Acessar a via sem observar a presença dos outros veículos";"Colisão traseira";"Com Vítimas Feridas";"Pleno dia";"Decrescente";"Nublado";"Dupla";"Reta;Declive";"Sim";2;0;1;0;0;1;1;2;-7,12212376;-34,84523088;"SPRF-PB";"DEL01-PB";"UOP01-DEL01-PB"
769789;2026-05-06;"quarta-feira";"08:00:00";"MS";163;191;"CAARAPO";"Reação tardia ou ineficiente do condutor";"Saída de leito carroçável";"Sem Vítimas";"Pleno dia";"Decrescente";"Céu Claro";"Simples";"Curva;Declive";"Não";1;0;0;0;1;0;0;1;-22,779007;-54,765137;"SPRF-MS";"DEL04-MS";"UOP02-DEL04-MS"
769790;2026-05-06;"quarta-feira";"10:20:00";"GO";40;4;"VALPARAISO DE GOIAS";"Velocidade Incompatível";"Colisão traseira";"Com Vítimas Feridas";"Pleno dia";"Decrescente";"Céu Claro";"Dupla";"Reta";"Sim";3;0;2;0;1;0;2;2;-16,08843502;-47,98496515;"SPRF-DF";"DEL01-DF";"UOP01-DEL01-DF"
769791;2026-05-06;"quarta-feira";"09:34:00";"DF";70;3;"BRASILIA";"Ausência de reação do condutor";"Colisão traseira";"Com Vítimas Feridas";"Pleno dia";"Decrescente";"Céu Claro";"Dupla";"Reta";"Não";2;0;2;0;0;0;2;2;-15,8024649;-48,0804275;"SPRF-DF";"DEL03-DF";"UOP02-DEL03-DF"
769795;2026-05-06;"quarta-feira";"10:35:00";"DF";70;18,6;"BRASILIA";"Demais falhas mecânicas ou elétricas";"Queda de ocupante de veículo";"Com Vítimas Feridas";"Pleno dia";"Decrescente";"Sol";"Dupla";"Aclive";"Sim";2;0;1;0;1;0;1;1;-15,789055;-48,226333;"SPRF-DF";"DEL03-DF";"UOP02-DEL03-DF"
769801;2026-05-06;"quarta-feira";"11:00:00";"DF";70;3;"BRASILIA";"Condutor deixou de manter distância do veículo da frente";"Colisão traseira";"Com Vítimas Feridas";"Pleno dia";"Decrescente";"Céu Claro";"Dupla";"Reta";"Não";2;0;0;1;1;0;1;2;-15,79495609;-48,19919165;"SPRF-DF";"DEL03-DF";"UOP02-DEL03-DF"
769802;2026-05-06;"quarta-feira";"11:18:00";"TO";10;458;"PALMAS";"Acessar a via sem observar a presença dos outros veículos";"Colisão lateral mesmo sentido";"Com Vítimas Feridas";"Pleno dia";"Crescente";"Céu Claro";"Múltipla";"Reta";"Não";2;0;0;1;1;0;1;2;-10,267678;-48,306714;"SPRF-TO";"DEL01-TO";"UOP03-DEL01-TO"
769803;2026-05-06;"quarta-feira";"09:15:00";"BA";415;30;"ILHEUS";"Velocidade Incompatível";"Colisão com objeto";"Com Vítimas Feridas";"Pleno dia";"Decrescente";"Sol";"Dupla";"Curva";"Não";2;0;2;0;0;0;2;1;-14,7822979;-39,23480735;"SPRF-BA";"DEL05-BA";"UOP01-DEL05-BA"
769806;2026-05-06;"quarta-feira";"10:30:00";"RJ";116;179;"NOVA IGUACU";"Ausência de reação do condutor";"Colisão com objeto";"Com Vítimas Feridas";"Pleno dia";"Decrescente";"Céu Claro";"Dupla";"Reta";"Não";1;0;1;0;0;0;1;1;-22,7665506;-43,41355769;"SPRF-RJ";"DEL06-RJ";"UOP01-DEL06-RJ"
769807;2026-05-06;"quarta-feira";"08:55:00";"PR";163;141;"CAPITAO LEONIDAS MARQUES";"Transitar na contramão";"Capotamento";"Com Vítimas Feridas";"Pleno dia";"Decrescente";"Céu Claro";"Simples";"Curva;Em Obras;Retorno Regulamentado;Desvio Temporário;Viaduto";"Sim";12;0;2;0;9;1;2;2;-25,47204429;-53,58722105;"SPRF-PR";"DEL05-PR";"UOP05-DEL05-PR"
769808;2026-05-06;"quarta-feira";"05:50:00";"BA";110;368;"CATU";"Demais falhas mecânicas ou elétricas";"Incêndio";"Sem Vítimas";"Pleno dia";"Crescente";"Nublado";"Simples";"Aclive;Reta";"Não";1;0;0;0;1;0;0;1;-12,35950618;-38,39200258;"SPRF-BA";"DEL01-BA";"UOP04-DEL01-BA"
769809;2026-05-06;"quarta-feira";"11:02:00";"MG";40;487;"ESMERALDAS";"Frear bruscamente";"Tombamento";"Com Vítimas Feridas";"Pleno dia";"Decrescente";"Céu Claro";"Dupla";"Reta";"Não";1;0;1;0;0;0;1;1;-19,60092;-44,2217;"SPRF-MG";"DEL02-MG";"UOP01-DEL02-MG"
769811;2026-05-06;"quarta-feira";"11:30:00";"DF";20;1,2;"BRASILIA";"Falta de elemento de contenção que evite a saída do leito carroçável";"Colisão com objeto";"Com Vítimas Feridas";"Pleno dia";"Decrescente";"Céu Claro";"Dupla";"Reta";"Não";1;0;0;1;0;0;1;1;-15,6792123;-47,8388709;"SPRF-DF";"DEL02-DF";"UOP01-DEL02-DF"
769815;2026-04-30;"quinta-feira";"18:20:00";"MS";60;425;"SIDROLANDIA";"Acessar a via sem observar a presença dos outros veículos";"Colisão transversal";"Com Vítimas Feridas";"Anoitecer";"Crescente";"Céu Claro";"Múltipla";"Reta;Interseção de Vias";"Sim";5;0;1;0;4;0;1;2;-20,92588863;-54,95522261;"SPRF-MS";"DEL01-MS";"UOP04-DEL01-MS"
769817;2026-05-06;"quarta-feira";"11:55:00";"RS";448;5;"ESTEIO";"Reação tardia ou ineficiente do condutor";"Colisão traseira";"Com Vítimas Feridas";"Pleno dia";"Decrescente";"Sol";"Múltipla";"Reta";"Não";2;0;1;0;1;0;1;2;-29,84544585;-51,19992614;"SPRF-RS";"DEL01-RS";"UOP02-DEL01-RS"
769818;2026-05-06;"quarta-feira";"12:30:00";"RS";290;70;"GRAVATAI";"Ausência de reação do condutor";"Saída de leito carroçável";"Com Vítimas Feridas";"Pleno dia";"Decrescente";"Céu Claro";"Múltipla";"Reta";"Não";1;0;1;0;0;0;1;1;-29,9489457;-50,9585007;"SPRF-RS";"DEL03-RS";"UOP01-DEL03-RS"
769819;2026-05-06;"quarta-feira";"12:14:00";"MT";70;525;"VARZEA GRANDE";"Conversão proibida";"Colisão frontal";"Com Vítimas Feridas";"Pleno dia";"Crescente";"Céu Claro";"Simples";"Reta";"Não";2;0;1;0;1;0;1;2;-15,65216646;-56,20129019;"SPRF-MT";"DEL01-MT";"UOP02-DEL01-MT"
769820;2026-05-06;"quarta-feira";"13:21:00";"TO";153;583;"SANTA RITA DO TOCANTINS";"Pista esburacada";"Saída de leito carroçável";"Com Vítimas Feridas";"Pleno dia";"Crescente";"Céu Claro";"Simples";"Reta";"Não";3;0;3;0;0;0;3;1;-10,945965;-48,9095;"SPRF-TO";"DEL01-TO";"UOP01-DEL01-TO"
769822;2026-04-03;"sexta-feira";"20:50:00";"SC";101;88;"BARRA VELHA";"Reação tardia ou ineficiente do condutor";"Atropelamento de Pedestre";"Com Vítimas Feridas";"Plena Noite";"Decrescente";"Céu Claro";"Dupla";"Reta;Viaduto;Interseção de Vias";"Sim";3;0;1;1;1;0;2;3;-26,65048887;-48,68788719;"SPRF-SC";"DEL03-SC";"UOP02-DEL03-SC"
769823;2026-04-28;"terça-feira";"17:00:00";"GO";60;164;"GOIANIA";"Desvio temporário";"Colisão com objeto";"Com Vítimas Feridas";"Pleno dia";"Crescente";"Céu Claro";"Dupla";"Declive";"Não";1;0;1;0;0;0;1;1;-16,712235;-49,356543;"SPRF-GO";"DEL01-GO";"UOP02-DEL01-GO"
769824;2026-05-06;"quarta-feira";"13:10:00";"ES";447;15,6;"VILA VELHA";"Acessar a via sem observar a presença dos outros veículos";"Colisão transversal";"Com Vítimas Feridas";"Pleno dia";"Crescente";"Sol";"Dupla";"Rotatória";"Sim";2;0;1;0;1;0;1;2;-20,3409109;-40,3277472;"SPRF-ES";"DEL01-ES";"UOP01-DEL01-ES"
769825;2026-05-06;"quarta-feira";"13:00:00";"MT";70;1,5;"BARRA DO GARCAS";"Acessar a via sem observar a presença dos outros veículos";"Colisão lateral mesmo sentido";"Com Vítimas Feridas";"Pleno dia";"Crescente";"Céu Claro";"Simples";"Reta";"Sim";3;0;1;0;2;0;1;2;-15,89008989;-52,2641623;"SPRF-MT";"DEL07-MT";"UOP01-DEL07-MT"
769827;2026-05-06;"quarta-feira";"13:30:00";"SC";101;201,6;"SAO JOSE";"Condutor deixou de manter distância do veículo da frente";"Colisão traseira";"Com Vítimas Feridas";"Pleno dia";"Crescente";"Céu Claro";"Dupla";"Declive";"Sim";4;0;2;0;2;0;2;2;-27,55352;-48,61951;"SPRF-SC";"DEL01-SC";"UOP01-DEL01-SC"