"id";"data_inversa";"dia_semana";"horario";"uf";"br";"km";"municipio";"causa_acidente";"tipo_acidente";"classificacao_acidente";"fase_dia";"sentido_via";"condicao_metereologica";"tipo_pista";"tracado_via";"uso_solo";"pessoas";"mortos";"feridos_leves";"feridos_graves";"ilesos";"ignorados";"feridos";"veiculos";"latitude";"longitude";"regional";"delegacia";"uop"
770064;2026-05-07;"quinta-feira";"17:00:00";"ES";101;286,5;"CARIACICA";"Afundamento ou ondulação no pavimento";"Colisão com objeto";"Com Vítimas Feridas";"Pleno dia";"Crescente";"Céu Claro";"Dupla";"Curva";"Sim";1;0;0;1;0;0;1;1;-20,26036754;-40,37803507;"SPRF-ES";"DEL01-ES";"UOP01-DEL01-ES"
770065;2026-05-07;"quinta-feira";"17:50:00";"GO";40;5;"VALPARAISO DE GOIAS";"Reação tardia ou ineficiente do condutor";"Atropelamento de Pedestre";"Com Vítimas Feridas";"Anoitecer";"Crescente";"Céu Claro";"Dupla";"Reta";"Sim";3;0;0;1;2;0;1;3;-16,095858;-47,980243;"SPRF-DF";"DEL01-DF";"UOP01-DEL01-DF"
770066;2026-05-07;"quinta-feira";"16:25:00";"SC";470;135,9;"RIO DO SUL";"Acessar a via sem observar a presença dos outros veículos";"Eventos atípicos";"Com Vítimas Feridas";"Pleno dia";"Decrescente";"Céu Claro";"Simples";"Reta";"Sim";4;0;2;0;2;0;2;2;-27,19366;-49,623496;"SPRF-SC";"DEL04-SC";"UOP02-DEL04-SC"
770067;2026-05-07;"quinta-feira";"17:43:00";"PE";232;129;"CARUARU";"Ausência de reação do condutor";"Colisão lateral mesmo sentido";"Com Vítimas Feridas";"Plena Noite";"Crescente";"Nublado";"Dupla";"Declive";"Sim";3;0;2;1;0;0;3;2;-8,30012;-35,99431;"SPRF-PE";"DEL02-PE";"UOP03-DEL02-PE"
770069;2026-05-07;"quinta-feira";"17:58:00";"PB";230;22;"JOAO PESSOA";"Ausência de reação do condutor";"Colisão traseira";"Sem Vítimas";"Plena Noite";"Decrescente";"Chuva";"Dupla";"Reta";"Não";2;0;0;0;2;0;0;2;-7,15642169;-34,8575592;"SPRF-PB";"DEL01-PB";"UOP01-DEL01-PB"
770070;2026-05-07;"quinta-feira";"17:00:00";"MG";40;633;"CONSELHEIRO LAFAIETE";"Acessar a via sem observar a presença dos outros veículos";"Colisão transversal";"Com Vítimas Feridas";"Anoitecer";"Decrescente";"Nublado";"Simples";"Retorno Regulamentado";"Sim";3;0;1;0;2;0;1;2;-20,6773738;-43,7943945;"SPRF-MG";"DEL05-MG";"UOP02-DEL05-MG"
770071;2026-05-07;"quinta-feira";"18:15:00";"SP";153;66;"SAO JOSE DO RIO PRETO";"Reação tardia ou ineficiente do condutor";"Colisão traseira";"Com Vítimas Feridas";"Plena Noite";"Decrescente";"Céu Claro";"Dupla";"Reta";"Sim";4;0;0;2;1;1;2;3;-20,844053;-49,372167;"SPRF-SP";"DEL09-SP";"UOP01-DEL09-SP"
770072;2026-05-07;"quinta-feira";"17:26:00";"SP";116;275,5;"EMBU DAS ARTES";"Reação tardia ou ineficiente do condutor";"Colisão com objeto";"Com Vítimas Feridas";"Plena Noite";"Decrescente";"Céu Claro";"Dupla";"Reta";"Não";3;0;1;0;2;0;1;2;-23,6198306;-46,8104646;"SPRF-SP";"DEL04-SP";"UOP01-DEL04-SP"
770074;2026-05-07;"quinta-feira";"18:20:00";"RS";285;457,1;"IJUI";"Acessar a via sem observar a presença dos outros veículos";"Colisão transversal";"Com Vítimas Feridas";"Plena Noite";"Decrescente";"Nublado";"Simples";"Reta;Em Obras";"Sim";4;0;1;1;0;2;2;3;-28,39792637;-53,89775483;"SPRF-RS";"DEL10-RS";"UOP01-DEL10-RS"
770075;2026-05-07;"quinta-feira";"17:40:00";"GO";60;385;"RIO VERDE";"Animais na Pista";"Atropelamento de Animal";"Com Vítimas Feridas";"Anoitecer";"Decrescente";"Céu Claro";"Múltipla";"Aclive;Reta";"Sim";1;0;0;1;0;0;1;1;-17,810713;-50,927347;"SPRF-GO";"DEL04-GO";"UOP02-DEL04-GO"
770076;2026-05-07;"quinta-feira";"18:24:00";"SP";116;186;"SANTA ISABEL";"Demais falhas mecânicas ou elétricas";"Colisão traseira";"Com Vítimas Feridas";"Plena Noite";"Decrescente";"Ignorado";"Dupla";"Aclive;Reta";"Sim";2;0;1;0;1;0;1;2;-23,35275934;-46,20075498;"SPRF-SP";"DEL01-SP";"UOP01-DEL01-SP"
770077;2026-05-07;"quinta-feira";"18:25:00";"RJ";101;66;"CAMPOS DOS GOYTACAZES";"Acessar a via sem observar a presença dos outros veículos";"Colisão transversal";"Com Vítimas Feridas";"Plena Noite";"Decrescente";"Céu Claro";"Dupla";"Rotatória";"Sim";2;0;1;0;1;0;1;2;-21,76682991;-41,34603739;"SPRF-RJ";"DEL08-RJ";"UOP02-DEL08-RJ"
770079;2026-05-07;"quinta-feira";"18:20:00";"DF";60;0,8;"BRASILIA";"Reação tardia ou ineficiente do condutor";"Colisão traseira";"Com Vítimas Feridas";"Anoitecer";"Decrescente";"Céu Claro";"Dupla";"Reta";"Sim";3;0;1;0;2;0;1;2;-15,8842803;-48,068532;"SPRF-DF";"DEL03-DF";"UOP01-DEL03-DF"
770080;2026-05-07;"quinta-feira";"18:35:00";"SP";116;194;"ARUJA";"Demais falhas mecânicas ou elétricas";"Colisão transversal";"Com Vítimas Feridas";"Plena Noite";"Crescente";"Céu Claro";"Dupla";"Curva";"Não";2;0;1;0;0;1;1;2;-23,41955309;-46,3670785;"SPRF-SP";"DEL01-SP";"UOP01-DEL01-SP"
770082;2026-05-07;"quinta-feira";"17:00:00";"PR";277;189,5;"PALMEIRA";"Reação tardia ou ineficiente do condutor";"Saída de leito carroçável";"Sem Vítimas";"Pleno dia";"Crescente";"Céu Claro";"Simples";"Reta";"Não";1;0;0;0;0;1;0;1;-25,42772;-50,120655;"SPRF-PR";"DEL08-PR";"UOP02-DEL08-PR"
770084;2026-05-07;"quinta-feira";"17:25:00";"CE";116;40,6;"HORIZONTE";"Acessar a via sem observar a presença dos outros veículos";"Colisão lateral mesmo sentido";"Com Vítimas Feridas";"Anoitecer";"Crescente";"Céu Claro";"Múltipla";"Reta";"Sim";3;0;3;0;0;0;3;2;-4,1134809;-38,49066496;"SPRF-CE";"DEL01-CE";"UOP02-DEL01-CE"
770085;2026-05-07;"quinta-feira";"18:45:00";"MG";40;496;"ESMERALDAS";"Demais falhas mecânicas ou elétricas";"Incêndio";"Sem Vítimas";"Anoitecer";"Crescente";"Céu Claro";"Dupla";"Declive";"Não";1;0;0;0;1;0;0;1;-19,66976;-44,19454;"SPRF-MG";"DEL02-MG";"UOP01-DEL02-MG"
770086;2026-05-07;"quinta-feira";"17:10:00";"RS";290;457,4;"ROSARIO DO SUL";"Chuva";"Colisão traseira";"Com Vítimas Feridas";"Pleno dia";"Crescente";"Chuva";"Simples";"Declive;Curva";"Não";3;0;1;2;0;0;3;2;-30,22979483;-54,69119593;"SPRF-RS";"DEL11-RS";"UOP02-DEL11-RS"
770087;2026-05-07;"quinta-feira";"19:20:00";"RN";110;47;"MOSSORO";"Condutor deixou de manter distância do veículo da frente";"Colisão traseira";"Com Vítimas Feridas";"Plena Noite";"Decrescente";"Nublado";"Simples";"Reta";"Sim";3;0;2;0;1;0;2;2;-5,2069;-37,33035;"SPRF-RN";"DEL04-RN";"UOP01-DEL04-RN"
770088;2026-05-07;"quinta-feira";"19:10:00";"DF";40;3;"BRASILIA";"Reação tardia ou ineficiente do condutor";"Capotamento";"Com Vítimas Feridas";"Plena Noite";"Crescente";"Céu Claro";"Dupla";"Aclive;Viaduto";"Sim";2;0;1;0;1;0;1;2;-16,00315;-47,98407;"SPRF-DF";"DEL01-DF";"UOP01-DEL01-DF"
770089;2026-05-07;"quinta-feira";"18:15:00";"ES";393;4,9;"CACHOEIRO DE ITAPEMIRIM";"Animais na Pista";"Atropelamento de Animal";"Com Vítimas Feridas";"Plena Noite";"Decrescente";"Céu Claro";"Simples";"Reta";"Não";1;0;0;1;0;0;1;1;-20,8236;-41,198;"SPRF-ES";"DEL03-ES";"UOP02-DEL03-ES"
770090;2026-05-07;"quinta-feira";"18:30:00";"BA";407;5,4;"JUAZEIRO";"Acessar a via sem observar a presença dos outros veículos";"Colisão lateral mesmo sentido";"Com Vítimas Feridas";"Plena Noite";"Decrescente";"Céu Claro";"Simples";"Interseção de Vias";"Sim";2;0;1;0;1;0;1;2;-9,45184016;-40,48834568;"SPRF-PE";"DEL06-PE";"UOP01-DEL06-PE"
770091;2026-05-07;"quinta-feira";"18:30:00";"RJ";116;83;"TERESOPOLIS";"Reação tardia ou ineficiente do condutor";"Colisão traseira";"Com Vítimas Feridas";"Plena Noite";"Crescente";"Nublado";"Simples";"Interseção de Vias";"Não";2;0;1;0;1;0;1;2;-22,414794;-42,949893;"SPRF-RJ";"DEL04-RJ";"UOP01-DEL04-RJ"
770092;2026-05-07;"quinta-feira";"18:40:00";"RS";158;331;"SANTA MARIA";"Pedestre - Ingestão de álcool/ substâncias psicoativas";"Atropelamento de Pedestre";"Com Vítimas Feridas";"Plena Noite";"Crescente";"Nublado";"Simples";"Reta";"Sim";2;0;0;1;1;0;1;2;-29,70741381;-53,85339109;"SPRF-RS";"DEL09-RS";"UOP01-DEL09-RS"
770095;2026-05-07;"quinta-feira";"18:30:00";"PR";369;139;"IBIPORA";"Acessar a via sem observar a presença dos outros veículos";"Colisão transversal";"Com Vítimas Feridas";"Plena Noite";"Crescente";"Céu Claro";"Dupla";"Interseção de Vias";"Sim";2;0;1;0;1;0;1;2;-23,27366369;-51,05640099;"SPRF-PR";"DEL07-PR";"UOP01-DEL07-PR"
770096;2026-05-07;"quinta-feira";"19:00:00";"RJ";40;15;"TRES RIOS";"Animais na Pista";"Atropelamento de Animal";"Com Vítimas Feridas";"Plena Noite";"Decrescente";"Céu Claro";"Dupla";"Curva;Aclive";"Não";4;0;4;0;0;0;4;1;-22,073011;-43,184597;"SPRF-RJ";"DEL05-RJ";"UOP02-DEL05-RJ"
770098;2026-05-07;"quinta-feira";"19:35:00";"SC";101;140;"BALNEARIO CAMBORIU";"Reação tardia ou ineficiente do condutor";"Engavetamento";"Com Vítimas Feridas";"Plena Noite";"Crescente";"Céu Claro";"Simples";"Aclive;Reta";"Não";3;0;1;0;2;0;1;3;-27,05148198;-48,6000824;"SPRF-SC";"DEL04-SC";"UOP03-DEL04-SC"
770100;2026-05-07;"quinta-feira";"20:00:00";"RS";285;122;"VACARIA";"Conversão proibida";"Colisão transversal";"Com Vítimas Feridas";"Plena Noite";"Crescente";"Céu Claro";"Simples";"Reta";"Sim";2;0;1;0;1;0;1;2;-28,50517024;-50,94471781;"SPRF-RS";"DEL05-RS";"UOP03-DEL05-RS"
770101;2026-05-07;"quinta-feira";"19:00:00";"RS";116;237;"NOVO HAMBURGO";"Mal súbito do condutor";"Engavetamento";"Com Vítimas Feridas";"Plena Noite";"Decrescente";"Céu Claro";"Dupla";"Reta";"Sim";4;0;2;0;2;0;2;3;-29,67582784;-51,14237374;"SPRF-RS";"DEL01-RS";"UOP02-DEL01-RS"
770102;2026-05-07;"quinta-feira";"20:35:00";"CE";116;27;"AQUIRAZ";"Reação tardia ou ineficiente do condutor";"Colisão com objeto";"Sem Vítimas";"Plena Noite";"Crescente";"Céu Claro";"Dupla";"Curva;Aclive";"Sim";1;0;0;0;1;0;0;1;-3,9903816;-38,5162979;"SPRF-CE";"DEL01-CE";"UOP02-DEL01-CE"
770103;2026-05-07;"quinta-feira";"18:00:00";"RN";101;72;"EXTREMOZ";"Animais na Pista";"Tombamento";"Com Vítimas Feridas";"Anoitecer";"Crescente";"Céu Claro";"Simples";"Reta";"Não";1;0;1;0;0;0;1;1;-5,698323;-35,263149;"SPRF-RN";"DEL02-RN";"UOP01-DEL02-RN"
770106;2026-05-07;"quinta-feira";"20:30:00";"PR";116;123;"CURITIBA";"Transitar no Acostamento";"Colisão transversal";"Com Vítimas Feridas";"Plena Noite";"Crescente";"Céu Claro";"Dupla";"Reta";"Sim";2;0;1;0;1;0;1;2;-25,607261;-49,319031;"SPRF-PR";"DEL01-PR";"UOP03-DEL01-PR"
770107;2026-05-07;"quinta-feira";"20:40:00";"PB";101;86,1;"JOAO PESSOA";"Transitar no Acostamento";"Colisão com objeto";"Com Vítimas Fatais";"Plena Noite";"Decrescente";"Chuva";"Dupla";"Reta";"Sim";1;1;0;0;0;0;0;1;-7,151137;-34,909625;"SPRF-PB";"DEL01-PB";"UOP01-DEL01-PB"
770108;2026-05-07;"quinta-feira";"20:45:00";"SP";116;284;"EMBU DAS ARTES";"Ultrapassagem Indevida";"Colisão lateral mesmo sentido";"Com Vítimas Feridas";"Plena Noite";"Decrescente";"Nublado";"Dupla";"Reta";"Sim";3;0;1;0;2;0;1;2;-23,67494129;-46,85651115;"SPRF-SP";"DEL04-SP";"UOP01-DEL04-SP"
770111;2026-05-07;"quinta-feira";"12:10:00";"RJ";40;109;"DUQUE DE CAXIAS";"Acessar a via sem observar a presença dos outros veículos";"Colisão lateral mesmo sentido";"Com Vítimas Feridas";"Pleno dia";"Crescente";"Céu Claro";"Dupla";"Interseção de Vias";"Sim";2;0;1;0;1;0;1;2;-22,67355283;-43,286665;"SPRF-RJ";"DEL01-RJ";"UOP02-DEL01-RJ"
770117;2026-05-07;"quinta-feira";"19:15:00";"RJ";101;295;"ITABORAI";"Reação tardia ou ineficiente do condutor";"Colisão traseira";"Com Vítimas Feridas";"Plena Noite";"Crescente";"Céu Claro";"Dupla";"Reta";"Sim";2;0;1;0;1;0;1;2;-22,7634972;-42,90133372;"SPRF-RJ";"DEL02-RJ";"UOP02-DEL02-RJ"
770119;2026-05-03;"domingo";"22:00:00";"RJ";40;83;"DUQUE DE CAXIAS";"Chuva";"Saída de leito carroçável";"Com Vítimas Feridas";"Plena Noite";"Crescente";"Chuva";"Simples";"Reta";"Não";3;0;2;0;1;0;2;1;-22,521681;-43,237428;"SPRF-RJ";"DEL01-RJ";"UOP01-DEL01-RJ"
770120;2026-05-07;"quinta-feira";"10:40:00";"RJ";101;373;"RIO DE JANEIRO";"Manobra de mudança de faixa";"Colisão lateral mesmo sentido";"Sem Vítimas";"Pleno dia";"Decrescente";"Céu Claro";"Dupla";"Reta";"Sim";2;0;0;0;2;0;0;2;-22,85514728;-43,48861881;"SPRF-RJ";"DEL06-RJ";"UOP01-DEL06-RJ"
770122;2026-05-07;"quinta-feira";"18:30:00";"PB";110;184,7;"MONTEIRO";"Transitar na contramão";"Colisão lateral sentido oposto";"Com Vítimas Feridas";"Plena Noite";"Crescente";"Céu Claro";"Simples";"Reta";"Não";2;0;0;2;0;0;2;2;-7,913135;-37,150962;"SPRF-PB";"DEL02-PB";"UOP02-DEL02-PB"
770123;2026-05-07;"quinta-feira";"21:15:00";"PR";373;192;"PONTA GROSSA";"Ingestão de álcool pelo condutor";"Colisão frontal";"Com Vítimas Feridas";"Plena Noite";"Crescente";"Céu Claro";"Simples";"Aclive;Reta";"Não";5;0;3;0;1;1;3;2;-25,06579255;-50,35282485;"SPRF-PR";"DEL03-PR";"UOP01-DEL03-PR"
770124;2026-05-07;"quinta-feira";"22:20:00";"ES";262;46,6;"MARECHAL FLORIANO";"Condutor desrespeitou a iluminação vermelha do semáforo";"Colisão transversal";"Com Vítimas Feridas";"Plena Noite";"Crescente";"Céu Claro";"Múltipla";"Reta;Retorno Regulamentado";"Não";2;0;0;2;0;0;2;2;-20,410768;-40,677336;"SPRF-ES";"DEL01-ES";"UOP01-DEL01-ES"
770125;2026-05-07;"quinta-feira";"19:15:00";"PB";412;74,2;"SERRA BRANCA";"Acessar a via sem observar a presença dos outros veículos";"Colisão frontal";"Com Vítimas Feridas";"Plena Noite";"Decrescente";"Céu Claro";"Simples";"Reta;Interseção de Vias";"Sim";2;0;0;1;1;0;1;2;-7,488853;-36,650212;"SPRF-PB";"DEL02-PB";"UOP02-DEL02-PB"
770126;2026-05-07;"quinta-feira";"22:30:00";"MG";381;490,9;"BETIM";"Manobra de mudança de faixa";"Colisão traseira";"Com Vítimas Feridas";"Plena Noite";"Decrescente";"Céu Claro";"Múltipla";"Reta";"Não";2;0;1;0;1;0;1;2;-19,96158546;-44,15959803;"SPRF-MG";"DEL01-MG";"UOP03-DEL01-MG"
770127;2026-05-07;"quinta-feira";"17:50:00";"MT";70;2;"BARRA DO GARCAS";"Ausência de reação do condutor";"Colisão transversal";"Com Vítimas Feridas";"Anoitecer";"Crescente";"Céu Claro";"Simples";"Reta";"Sim";2;0;2;0;0;0;2;2;-15,87237913;-52,38549716;"SPRF-MT";"DEL07-MT";"UOP01-DEL07-MT"
770129;2026-05-07;"quinta-feira";"22:25:00";"CE";116;70;"CHOROZINHO";"Reação tardia ou ineficiente do condutor";"Saída de leito carroçável";"Com Vítimas Feridas";"Plena Noite";"Crescente";"Garoa/Chuvisco";"Dupla";"Rotatória";"Sim";2;0;1;0;1;0;1;1;-4,3333496;-38,4802624;"SPRF-CE";"DEL01-CE";"UOP04-DEL01-CE"
770131;2026-05-07;"quinta-feira";"18:55:00";"RO";364;342;"JI-PARANA";"Ausência de reação do condutor";"Colisão traseira";"Com Vítimas Feridas";"Pleno dia";"Crescente";"Céu Claro";"Dupla";"Reta;Ponte";"Sim";3;0;2;0;1;0;2;2;-10,88289672;-61,93884227;"SPRF-RO";"DEL02-RO";"UOP01-DEL02-RO"
770133;2026-05-07;"quinta-feira";"21:10:00";"MG";116;410,9;"GOVERNADOR VALADARES";"Ausência de reação do condutor";"Colisão transversal";"Com Vítimas Feridas";"Plena Noite";"Crescente";"Céu Claro";"Dupla";"Interseção de Vias";"Sim";2;0;0;2;0;0;2;2;-18,86733081;-41,97294323;"SPRF-MG";"DEL06-MG";"UOP01-DEL06-MG"
770135;2026-05-07;"quinta-feira";"22:50:00";"SC";282;30,9;"SANTO AMARO DA IMPERATRIZ";"Velocidade Incompatível";"Saída de leito carroçável";"Com Vítimas Feridas";"Plena Noite";"Decrescente";"Nublado";"Simples";"Curva";"Não";1;0;0;1;0;0;1;1;-27,695463;-48,793202;"SPRF-SC";"DEL01-SC";"UOP03-DEL01-SC"
770136;2026-05-07;"quinta-feira";"18:00:00";"ES";262;46,5;"MARECHAL FLORIANO";"Reação tardia ou ineficiente do condutor";"Colisão lateral mesmo sentido";"Com Vítimas Feridas";"Plena Noite";"Decrescente";"Céu Claro";"Simples";"Reta";"Não";2;0;1;0;1;0;1;2;-20,41015863;-40,67508197;"SPRF-ES";"DEL01-ES";"UOP01-DEL01-ES"
770137;2026-05-07;"quinta-feira";"23:40:00";"RJ";40;85;"PETROPOLIS";"Acumulo de água sobre o pavimento";"Saída de leito carroçável";"Com Vítimas Feridas";"Plena Noite";"Decrescente";"Céu Claro";"Simples";"Curva";"Não";1;0;0;1;0;0;1;1;-22,551111;-43,225731;"SPRF-RJ";"DEL01-RJ";"UOP01-DEL01-RJ"
770138;2026-05-08;"sexta-feira";"00:40:00";"SC";101;212,7;"PALHOCA";"Manobra de mudança de faixa";"Colisão lateral mesmo sentido";"Com Vítimas Feridas";"Plena Noite";"Crescente";"Nublado";"Múltipla";"Reta";"Sim";2;0;1;0;0;1;1;2;-27,63408;-48,66319;"SPRF-SC";"DEL01-SC";"UOP02-DEL01-SC"
770143;2026-05-07;"quinta-feira";"21:55:00";"AC";317;301;"BRASILEIA";"Transitar na contramão";"Colisão lateral sentido oposto";"Sem Vítimas";"Plena Noite";"Crescente";"Céu Claro";"Simples";"Reta";"Não";2;0;0;0;1;1;0;2;-10,96746285;-68,77618302;"SPRF-AC";"DEL01-AC";"UOP02-DEL01-AC"
770144;2026-05-08;"sexta-feira";"00:28:00";"RO";364;708;"PORTO VELHO";"Pista esburacada";"Queda de ocupante de veículo";"Com Vítimas Feridas";"Plena Noite";"Decrescente";"Céu Claro";"Simples";"Reta";"Sim";2;0;0;1;0;1;1;2;-8,793767;-63,844668;"SPRF-RO";"DEL01-RO";"UOP01-DEL01-RO"
770145;2026-05-08;"sexta-feira";"02:00:00";"RO";364;687;"PORTO VELHO";"Reação tardia ou ineficiente do condutor";"Saída de leito carroçável";"Com Vítimas Feridas";"Plena Noite";"Decrescente";"Nublado";"Simples";"Reta";"Não";1;0;1;0;0;0;1;1;-8,80040529;-63,76176293;"SPRF-RO";"DEL01-RO";"UOP01-DEL01-RO"
770147;2026-05-08;"sexta-feira";"04:50:00";"RS";470;217;"BENTO GONCALVES";"Reação tardia ou ineficiente do condutor";"Saída de leito carroçável";"Com Vítimas Feridas";"Plena Noite";"Decrescente";"Céu Claro";"Dupla";"Reta;Aclive";"Sim";2;0;1;0;1;0;1;1;-29,17644919;-51,52107088;"SPRF-RS";"DEL06-RS";"UOP01-DEL06-RS"
770149;2026-05-08;"sexta-feira";"05:30:00";"SC";153;85;"CONCORDIA";"Objeto estático sobre o leito carroçável";"Colisão com objeto";"Com Vítimas Feridas";"Plena Noite";"Crescente";"Chuva";"Simples";"Curva";"Não";1;0;1;0;0;0;1;1;-27,13964667;-51,91391341;"SPRF-SC";"DEL07-SC";"UOP04-DEL07-SC"
770150;2026-05-08;"sexta-feira";"05:06:00";"PB";101;111;"ALHANDRA";"Pedestre andava na pista";"Atropelamento de Pedestre";"Com Vítimas Feridas";"Pleno dia";"Crescente";"Nublado";"Dupla";"Declive";"Não";2;0;0;1;0;1;1;2;-7,37629632;-34,95568656;"SPRF-PB";"DEL01-PB";"UOP01-DEL01-PB"
770151;2026-05-08;"sexta-feira";"06:10:00";"DF";40;1,4;"BRASILIA";"Condutor deixou de manter distância do veículo da frente";"Colisão traseira";"Com Vítimas Feridas";"Amanhecer";"Decrescente";"Céu Claro";"Dupla";"Reta";"Sim";2;0;1;0;0;1;1;2;-15,992722;-47,985975;"SPRF-DF";"DEL01-DF";"UOP01-DEL01-DF"
770152;2026-05-08;"sexta-feira";"05:50:00";"SC";101;134,4;"BALNEARIO CAMBORIU";"Manobra de mudança de faixa";"Colisão lateral mesmo sentido";"Com Vítimas Feridas";"Amanhecer";"Crescente";"Nublado";"Múltipla";"Reta";"Sim";2;0;1;0;1;0;1;2;-27,00342922;-48,63333361;"SPRF-SC";"DEL04-SC";"UOP03-DEL04-SC"
770154;2026-05-08;"sexta-feira";"05:30:00";"PR";277;23,8;"MORRETES";"Reação tardia ou ineficiente do condutor";"Tombamento";"Com Vítimas Feridas";"Plena Noite";"Decrescente";"Nublado";"Dupla";"Reta";"Não";1;0;0;1;0;0;1;1;-25,52898944;-48,74354693;"SPRF-PR";"DEL01-PR";"UOP05-DEL01-PR"
770156;2026-05-08;"sexta-feira";"06:05:00";"RS";116;647;"JAGUARAO";"Ingestão de álcool pelo condutor";"Colisão lateral sentido oposto";"Sem Vítimas";"Amanhecer";"Crescente";"Nublado";"Simples";"Reta";"Não";5;0;0;0;5;0;0;2;-32,44675096;-53,26747349;"SPRF-RS";"DEL07-RS";"UOP03-DEL07-RS"
770158;2026-05-08;"sexta-feira";"06:10:00";"SE";101;74,5;"MARUIM";"Acumulo de água sobre o pavimento";"Saída de leito carroçável";"Com Vítimas Feridas";"Pleno dia";"Crescente";"Chuva";"Dupla";"Declive;Interseção de Vias";"Não";5;0;3;1;1;0;4;1;-10,76607316;-37,11568801;"SPRF-SE";"DEL01-SE";"UOP01-DEL01-SE"
770159;2026-05-08;"sexta-feira";"06:23:00";"SP";116;222;"GUARULHOS";"Manobra de mudança de faixa";"Colisão lateral mesmo sentido";"Com Vítimas Feridas";"Pleno dia";"Crescente";"Ignorado";"Múltipla";"Reta";"Sim";2;0;1;0;1;0;1;2;-23,47101779;-46,51778769;"SPRF-SP";"DEL01-SP";"UOP01-DEL01-SP"
770160;2026-05-08;"sexta-feira";"06:45:00";"MG";40;520;"CONTAGEM";"Condutor deixou de manter distância do veículo da frente";"Colisão traseira";"Com Vítimas Feridas";"Pleno dia";"Crescente";"Céu Claro";"Dupla";"Reta";"Sim";3;0;1;0;1;1;1;3;-19,85625597;-44,07251358;"SPRF-MG";"DEL01-MG";"UOP02-DEL01-MG"
770161;2026-05-08;"sexta-feira";"06:40:00";"ES";101;290,5;"CARIACICA";"Ausência de reação do condutor";"Queda de ocupante de veículo";"Com Vítimas Feridas";"Pleno dia";"Decrescente";"Céu Claro";"Dupla";"Reta";"Sim";1;0;1;0;0;0;1;1;-20,29459997;-40,39321303;"SPRF-ES";"DEL01-ES";"UOP01-DEL01-ES"
770162;2026-05-08;"sexta-feira";"06:55:00";"SC";101;211,1;"PALHOCA";"Condutor deixou de manter distância do veículo da frente";"Colisão lateral mesmo sentido";"Com Vítimas Feridas";"Pleno dia";"Decrescente";"Nublado";"Múltipla";"Reta";"Sim";2;0;0;1;1;0;1;2;-27,6252447;-48,6548795;"SPRF-SC";"DEL01-SC";"UOP02-DEL01-SC"
770163;2026-05-08;"sexta-feira";"07:20:00";"SP";116;282;"EMBU DAS ARTES";"Ausência de reação do condutor";"Colisão traseira";"Com Vítimas Feridas";"Pleno dia";"Decrescente";"Céu Claro";"Dupla";"Reta";"Não";3;0;1;0;2;0;1;3;-23,66199379;-46,85278465;"SPRF-SP";"DEL04-SP";"UOP01-DEL04-SP"
770165;2026-05-08;"sexta-feira";"07:00:00";"ES";101;287,6;"CARIACICA";"Acessar a via sem observar a presença dos outros veículos";"Colisão transversal";"Com Vítimas Feridas";"Pleno dia";"Decrescente";"Céu Claro";"Dupla";"Aclive;Retorno Regulamentado";"Sim";3;0;1;0;2;0;1;2;-20,268665;-40,3886;"SPRF-ES";"DEL01-ES";"UOP01-DEL01-ES"
770166;2026-03-01;"domingo";"05:59:00";"PA";163;422;"ITAITUBA";"Reação tardia ou ineficiente do condutor";"Colisão frontal";"Com Vítimas Fatais";"Amanhecer";"Crescente";"Céu Claro";"Simples";"Curva;Aclive";"Não";2;1;0;0;0;1;0;2;-6,12352778;-55,61493611;"SPRF-PA";"DEL05-PA";"UOP03-DEL05-PA"
770167;2026-05-08;"sexta-feira";"07:40:00";"ES";101;293;"CARIACICA";"Ausência de reação do condutor";"Colisão traseira";"Com Vítimas Feridas";"Pleno dia";"Crescente";"Céu Claro";"Dupla";"Reta";"Sim";2;0;1;0;1;0;1;2;-20,31613959;-40,3957665;"SPRF-ES";"DEL01-ES";"UOP01-DEL01-ES"
770168;2026-05-08;"sexta-feira";"06:51:00";"RJ";116;170,9;"RIO DE JANEIRO";"Condutor deixou de manter distância do veículo da frente";"Colisão traseira";"Com Vítimas Feridas";"Amanhecer";"Decrescente";"Céu Claro";"Dupla";"Reta;Em Obras";"Sim";2;0;0;1;1;0;1;2;-22,808031;-43,339911;"SPRF-RJ";"DEL06-RJ";"UOP01-DEL06-RJ"
770172;2026-05-08;"sexta-feira";"05:22:00";"MG";116;357,2;"FREI INOCENCIO";"Animais na Pista";"Atropelamento de Animal";"Com Vítimas Feridas";"Amanhecer";"Crescente";"Céu Claro";"Simples";"Reta";"Não";1;0;1;0;0;0;1;1;-18,55868588;-41,90450549;"SPRF-MG";"DEL11-MG";"UOP01-DEL11-MG"
770173;2026-05-01;"sexta-feira";"02:30:00";"RJ";101;425;"MANGARATIBA";"Animais na Pista";"Atropelamento de Animal";"Com Vítimas Feridas";"Plena Noite";"Crescente";"Chuva";"Simples";"Reta";"Não";4;0;1;0;3;0;1;1;-22,92914836;-43,97526741;"SPRF-RJ";"DEL03-RJ";"UOP02-DEL03-RJ"
770174;2026-05-08;"sexta-feira";"06:40:00";"MG";381;485;"BETIM";"Trafegar com motocicleta (ou similar) entre as faixas";"Colisão traseira";"Com Vítimas Feridas";"Pleno dia";"Decrescente";"Céu Claro";"Múltipla";"Reta";"Não";3;0;2;0;1;0;2;2;-19,95979596;-44,08950806;"SPRF-MG";"DEL01-MG";"UOP03-DEL01-MG"