"id";"data_inversa";"dia_semana";"horario";"uf";"br";"km";"municipio";"causa_acidente";"tipo_acidente";"classificacao_acidente";"fase_dia";"sentido_via";"condicao_metereologica";"tipo_pista";"tracado_via";"uso_solo";"pessoas";"mortos";"feridos_leves";"feridos_graves";"ilesos";"ignorados";"feridos";"veiculos";"latitude";"longitude";"regional";"delegacia";"uop"
770310;2026-05-08;"sexta-feira";"14:40:00";"RS";116;223,4;"DOIS IRMAOS";"Velocidade Incompatível";"Tombamento";"Com Vítimas Feridas";"Pleno dia";"Decrescente";"Céu Claro";"Simples";"Curva";"Sim";1;0;1;0;0;0;1;1;-29,58830603;-51,09921305;"SPRF-RS";"DEL01-RS";"UOP02-DEL01-RS"
770311;2026-05-08;"sexta-feira";"09:00:00";"BA";110;372;"CATU";"Manobra de mudança de faixa";"Colisão com objeto";"Sem Vítimas";"Pleno dia";"Crescente";"Céu Claro";"Simples";"Reta";"Não";2;0;0;0;1;1;0;2;-12,404171;-38,390455;"SPRF-BA";"DEL01-BA";"UOP04-DEL01-BA"
770312;2026-05-08;"sexta-feira";"20:40:00";"SC";101;434,8;"SOMBRIO";"Transitar na contramão";"Colisão frontal";"Com Vítimas Feridas";"Plena Noite";"Crescente";"Céu Claro";"Simples";"Reta";"Sim";3;0;0;1;2;0;1;2;-29,10480475;-49,63656306;"SPRF-SC";"DEL02-SC";"UOP02-DEL02-SC"
770313;2026-05-08;"sexta-feira";"20:00:00";"SC";163;73,5;"SAO MIGUEL DO OESTE";"Pista esburacada";"Colisão com objeto";"Com Vítimas Feridas";"Plena Noite";"Crescente";"Céu Claro";"Dupla";"Declive;Reta";"Sim";1;0;1;0;0;0;1;1;-26,7060972;-53,5137008;"SPRF-SC";"DEL07-SC";"UOP03-DEL07-SC"
770314;2026-05-08;"sexta-feira";"20:30:00";"SP";116;498,9;"CAJATI";"Ingestão de álcool pelo condutor";"Colisão lateral mesmo sentido";"Sem Vítimas";"Plena Noite";"Crescente";"Chuva";"Múltipla";"Curva";"Não";2;0;0;0;1;1;0;2;-24,78482021;-48,1815176;"SPRF-SP";"DEL05-SP";"UOP02-DEL05-SP"
770315;2026-05-08;"sexta-feira";"19:00:00";"MG";50;205;"DELTA";"Ausência de reação do condutor";"Colisão traseira";"Com Vítimas Feridas";"Plena Noite";"Crescente";"Nublado";"Dupla";"Reta";"Não";3;0;1;0;2;0;1;2;-19,971379;-47,79115;"SPRF-MG";"DEL13-MG";"UOP01-DEL13-MG"
770319;2026-05-08;"sexta-feira";"15:45:00";"MS";163;548;"BANDEIRANTES";"Conversão proibida";"Colisão transversal";"Com Vítimas Feridas";"Pleno dia";"Decrescente";"Chuva";"Simples";"Reta;Rotatória";"Sim";3;0;1;0;2;0;1;2;-19,91823276;-54,36870933;"SPRF-MS";"DEL01-MS";"UOP02-DEL01-MS"
770320;2026-05-08;"sexta-feira";"20:00:00";"CE";116;29;"AQUIRAZ";"Ausência de reação do condutor";"Queda de ocupante de veículo";"Com Vítimas Feridas";"Pleno dia";"Crescente";"Céu Claro";"Múltipla";"Reta";"Não";1;0;0;1;0;0;1;1;-4,004472;-38,51714;"SPRF-CE";"DEL01-CE";"UOP02-DEL01-CE"
770321;2026-05-08;"sexta-feira";"19:15:00";"PR";476;118,7;"COLOMBO";"Entrada inopinada do pedestre";"Atropelamento de Pedestre";"Sem Vítimas";"Plena Noite";"Decrescente";"Chuva";"Dupla";"Declive;Reta";"Sim";2;0;0;0;1;1;0;2;-25,36237959;-49,18441772;"SPRF-PR";"DEL01-PR";"UOP01-DEL01-PR"
770322;2026-05-08;"sexta-feira";"19:22:00";"MS";262;368,3;"CAMPO GRANDE";"Pedestre - Ingestão de álcool/ substâncias psicoativas";"Atropelamento de Pedestre";"Com Vítimas Feridas";"Plena Noite";"Crescente";"Garoa/Chuvisco";"Simples";"Reta";"Sim";2;0;0;1;0;1;1;2;-20,487749;-54,743797;"SPRF-MS";"DEL01-MS";"UOP03-DEL01-MS"
770324;2026-05-08;"sexta-feira";"20:00:00";"PR";376;186;"SARANDI";"Ausência de reação do condutor";"Colisão traseira";"Com Vítimas Feridas";"Plena Noite";"Crescente";"Nublado";"Dupla";"Retorno Regulamentado;Reta";"Sim";3;0;0;1;2;0;1;3;-23,4511789;-51,8544016;"SPRF-PR";"DEL09-PR";"UOP01-DEL09-PR"
770328;2026-05-08;"sexta-feira";"18:32:00";"RN";101;110;"PARNAMIRIM";"Ausência de reação do condutor";"Capotamento";"Com Vítimas Feridas";"Plena Noite";"Crescente";"Chuva";"Dupla";"Reta";"Não";2;0;1;0;1;0;1;1;-5,95343;-35,26478;"SPRF-RN";"DEL01-RN";"UOP01-DEL01-RN"
770329;2026-05-08;"sexta-feira";"15:00:00";"PR";369;199,1;"APUCARANA";"Reação tardia ou ineficiente do condutor";"Colisão lateral mesmo sentido";"Com Vítimas Feridas";"Pleno dia";"Crescente";"Chuva";"Dupla";"Curva";"Sim";3;0;1;0;2;0;1;2;-23,517177;-51,427947;"SPRF-PR";"DEL07-PR";"UOP03-DEL07-PR"
770330;2026-05-08;"sexta-feira";"19:00:00";"PR";376;432;"TIBAGI";"Chuva";"Colisão com objeto";"Sem Vítimas";"Plena Noite";"Decrescente";"Chuva";"Dupla";"Curva";"Não";2;0;0;0;2;0;0;1;-24,801543;-50,493973;"SPRF-PR";"DEL03-PR";"UOP02-DEL03-PR"
770331;2026-05-08;"sexta-feira";"14:30:00";"MT";163;670,8;"LUCAS DO RIO VERDE";"Ausência de reação do condutor";"Saída de leito carroçável";"Com Vítimas Feridas";"Pleno dia";"Decrescente";"Céu Claro";"Simples";"Reta";"Não";1;0;1;0;0;0;1;1;-13,211929;-55,99874;"SPRF-MT";"DEL06-MT";"UOP01-DEL06-MT"
770332;2026-05-08;"sexta-feira";"14:20:00";"PR";376;379;"IMBAU";"Reação tardia ou ineficiente do condutor";"Saída de leito carroçável";"Sem Vítimas";"Pleno dia";"Decrescente";"Chuva";"Dupla";"Curva;Aclive";"Não";2;0;0;0;2;0;0;1;-24,42633364;-50,76803382;"SPRF-PR";"DEL03-PR";"UOP02-DEL03-PR"
770333;2026-05-08;"sexta-feira";"11:20:00";"RO";364;422;"JARU";"Acessar a via sem observar a presença dos outros veículos";"Colisão traseira";"Com Vítimas Feridas";"Pleno dia";"Crescente";"Céu Claro";"Dupla";"Reta";"Sim";2;0;1;0;1;0;1;2;-10,45935732;-62,45590277;"SPRF-RO";"DEL03-RO";"UOP02-DEL03-RO"
770335;2026-05-08;"sexta-feira";"21:28:00";"SC";101;39,5;"PALHOCA";"Mal súbito do condutor";"Queda de ocupante de veículo";"Com Vítimas Feridas";"Plena Noite";"Decrescente";"Céu Claro";"Dupla";"Declive";"Não";1;0;1;0;0;0;1;1;-27,639835;-48,725753;"SPRF-SC";"DEL01-SC";"UOP02-DEL01-SC"
770336;2026-05-08;"sexta-feira";"21:40:00";"RS";290;720;"URUGUAIANA";"Desrespeitar a preferência no cruzamento";"Colisão lateral mesmo sentido";"Com Vítimas Feridas";"Plena Noite";"Crescente";"Céu Claro";"Simples";"Rotatória;Curva";"Sim";7;0;3;0;3;1;3;3;-29,77118572;-57,05681598;"SPRF-RS";"DEL13-RS";"UOP01-DEL13-RS"
770337;2026-05-08;"sexta-feira";"16:05:00";"PR";369;85;"CORNELIO PROCOPIO";"Velocidade Incompatível";"Saída de leito carroçável";"Com Vítimas Feridas";"Pleno dia";"Decrescente";"Chuva";"Simples";"Reta";"Não";3;0;2;0;1;0;2;1;-23,16853331;-50,61238289;"SPRF-PR";"DEL07-PR";"UOP05-DEL07-PR"
770338;2026-05-08;"sexta-feira";"21:25:00";"RO";364;345;"JI-PARANA";"Condutor deixou de manter distância do veículo da frente";"Colisão lateral mesmo sentido";"Com Vítimas Feridas";"Plena Noite";"Crescente";"Céu Claro";"Dupla";"Reta;Interseção de Vias";"Não";2;0;1;0;1;0;1;2;-10,86815031;-61,96327244;"SPRF-RO";"DEL02-RO";"UOP01-DEL02-RO"
770339;2026-05-08;"sexta-feira";"16:10:00";"RO";364;342;"JI-PARANA";"Condutor deixou de manter distância do veículo da frente";"Colisão traseira";"Com Vítimas Feridas";"Pleno dia";"Decrescente";"Céu Claro";"Dupla";"Reta;Ponte";"Não";3;0;1;0;2;0;1;3;-10,88148;-61,941194;"SPRF-RO";"DEL02-RO";"UOP01-DEL02-RO"
770340;2026-05-08;"sexta-feira";"22:00:00";"SC";280;127,9;"RIO NEGRINHO";"Pedestre - Ingestão de álcool/ substâncias psicoativas";"Atropelamento de Pedestre";"Com Vítimas Feridas";"Plena Noite";"Crescente";"Chuva";"Simples";"Reta;Aclive";"Não";2;0;0;1;1;0;1;2;-26,24316948;-49,51297609;"SPRF-SC";"DEL06-SC";"UOP03-DEL06-SC"
770341;2026-05-08;"sexta-feira";"18:00:00";"PR";376;4,7;"MANDAGUARI";"Ultrapassagem Indevida";"Colisão lateral mesmo sentido";"Com Vítimas Feridas";"Plena Noite";"Crescente";"Nublado";"Simples";"Interseção de Vias";"Sim";2;0;1;0;1;0;1;2;-23,52236665;-51,67903153;"SPRF-PR";"DEL09-PR";"UOP01-DEL09-PR"
770342;2026-05-08;"sexta-feira";"21:30:00";"MA";10;169;"CAMPESTRE DO MARANHAO";"Reação tardia ou ineficiente do condutor";"Saída de leito carroçável";"Sem Vítimas";"Plena Noite";"Decrescente";"Céu Claro";"Simples";"Reta";"Não";5;0;0;0;5;0;0;1;-6,230605;-47,351925;"SPRF-MA";"DEL04-MA";"UOP02-DEL04-MA"
770345;2026-05-08;"sexta-feira";"08:05:00";"MT";70;383;"CAMPO VERDE";"Reação tardia ou ineficiente do condutor";"Queda de ocupante de veículo";"Com Vítimas Feridas";"Pleno dia";"Decrescente";"Céu Claro";"Dupla";"Curva";"Não";1;0;0;1;0;0;1;1;-15,5458;-55,1576;"SPRF-MT";"DEL05-MT";"UOP02-DEL05-MT"
770347;2026-03-21;"sábado";"18:36:00";"PA";163;351;"NOVO PROGRESSO";"Animais na Pista";"Atropelamento de Animal";"Com Vítimas Feridas";"Anoitecer";"Decrescente";"Ignorado";"Simples";"Reta";"Não";1;0;1;0;0;0;1;1;-6,42311888;-55,56163788;"SPRF-PA";"DEL05-PA";"UOP03-DEL05-PA"
770348;2026-05-08;"sexta-feira";"19:10:00";"SC";101;199,8;"SAO JOSE";"Condutor deixou de manter distância do veículo da frente";"Engavetamento";"Com Vítimas Feridas";"Plena Noite";"Crescente";"Nublado";"Múltipla";"Reta";"Sim";5;0;1;0;4;0;1;4;-27,53882;-48,62431;"SPRF-SC";"DEL01-SC";"UOP01-DEL01-SC"
770349;2026-05-08;"sexta-feira";"18:25:00";"SC";101;201;"SAO JOSE";"Acessar a via sem observar a presença dos outros veículos";"Colisão transversal";"Com Vítimas Feridas";"Plena Noite";"Crescente";"Nublado";"Simples";"Reta";"Sim";2;0;1;0;1;0;1;2;-27,54853;-48,61988;"SPRF-SC";"DEL01-SC";"UOP01-DEL01-SC"
770350;2026-05-08;"sexta-feira";"20:00:00";"SC";470;167;"POUSO REDONDO";"Reação tardia ou ineficiente do condutor";"Saída de leito carroçável";"Sem Vítimas";"Plena Noite";"Crescente";"Chuva";"Simples";"Aclive;Reta";"Não";1;0;0;0;1;0;0;1;-27,27434826;-49,85585913;"SPRF-SC";"DEL04-SC";"UOP02-DEL04-SC"
770351;2026-04-05;"domingo";"23:50:00";"SC";101;129;"BALNEARIO CAMBORIU";"Reação tardia ou ineficiente do condutor";"Saída de leito carroçável";"Com Vítimas Feridas";"Plena Noite";"Decrescente";"Chuva";"Dupla";"Curva";"Não";5;0;5;0;0;0;5;1;-26,98072342;-48,67839217;"SPRF-SC";"DEL04-SC";"UOP03-DEL04-SC"
770353;2026-05-08;"sexta-feira";"21:15:00";"MG";116;531,8;"CARATINGA";"Acessar a via sem observar a presença dos outros veículos";"Colisão transversal";"Com Vítimas Feridas";"Plena Noite";"Crescente";"Nublado";"Simples";"Curva";"Não";3;0;2;0;0;1;2;2;-19,830476;-42,138742;"SPRF-MG";"DEL06-MG";"UOP02-DEL06-MG"
770354;2026-05-08;"sexta-feira";"12:55:00";"SC";101;206;"SAO JOSE";"Trafegar com motocicleta (ou similar) entre as faixas";"Queda de ocupante de veículo";"Com Vítimas Feridas";"Pleno dia";"Crescente";"Nublado";"Dupla";"Reta";"Sim";1;0;1;0;0;0;1;1;-27,589242;-48,617287;"SPRF-SC";"DEL01-SC";"UOP01-DEL01-SC"
770356;2026-05-08;"sexta-feira";"11:40:00";"RO";435;29;"VILHENA";"Demais falhas mecânicas ou elétricas";"Incêndio";"Sem Vítimas";"Pleno dia";"Crescente";"Céu Claro";"Simples";"Reta;Aclive";"Não";1;0;0;0;1;0;0;1;-12,91621096;-60,37917419;"SPRF-RO";"DEL04-RO";"UOP02-DEL04-RO"
770360;2026-05-08;"sexta-feira";"22:01:00";"PE";104;66,2;"CARUARU";"Pedestre cruzava a pista fora da faixa";"Atropelamento de Pedestre";"Com Vítimas Feridas";"Plena Noite";"Crescente";"Garoa/Chuvisco";"Dupla";"Reta";"Sim";2;0;1;0;1;0;1;2;-8,28709;-35,98392;"SPRF-PE";"DEL02-PE";"UOP01-DEL02-PE"
770362;2026-05-08;"sexta-feira";"22:20:00";"ES";101;232,9;"FUNDAO";"Ingestão de álcool pelo condutor";"Colisão traseira";"Sem Vítimas";"Plena Noite";"Decrescente";"Chuva";"Dupla";"Reta;Declive";"Não";2;0;0;0;2;0;0;2;-19,95836061;-40,4070139;"SPRF-ES";"DEL02-ES";"UOP01-DEL02-ES"
770363;2026-05-08;"sexta-feira";"19:00:00";"PR";376;224;"CAMBIRA";"Ingestão de álcool pelo condutor";"Saída de leito carroçável";"Com Vítimas Feridas";"Plena Noite";"Crescente";"Garoa/Chuvisco";"Dupla";"Aclive";"Não";1;0;1;0;0;0;1;1;-23,59536;-51,579508;"SPRF-PR";"DEL07-PR";"UOP03-DEL07-PR"
770364;2026-05-08;"sexta-feira";"17:40:00";"RJ";40;112;"DUQUE DE CAXIAS";"Manobra de mudança de faixa";"Colisão lateral mesmo sentido";"Com Vítimas Feridas";"Anoitecer";"Decrescente";"Céu Claro";"Dupla";"Reta";"Sim";2;0;1;0;1;0;1;2;-22,6988;-43,2894;"SPRF-RJ";"DEL01-RJ";"UOP02-DEL01-RJ"
770365;2026-05-08;"sexta-feira";"22:20:00";"RS";116;231;"ESTANCIA VELHA";"Ingestão de álcool pelo condutor";"Colisão frontal";"Com Vítimas Feridas";"Plena Noite";"Decrescente";"Céu Claro";"Simples";"Curva;Aclive";"Não";5;0;0;2;3;0;2;3;-29,62877036;-51,14355365;"SPRF-RS";"DEL01-RS";"UOP02-DEL01-RS"
770366;2026-05-08;"sexta-feira";"23:45:00";"SC";0;0;"SAO CRISTOVAO DO SUL";"Reação tardia ou ineficiente do condutor";"Colisão com objeto";"Sem Vítimas";"Plena Noite";"Não Informado";"Garoa/Chuvisco";"Múltipla";"Reta";"Sim";2;0;0;0;2;0;0;2;-27,30243345;-50,42232624;"SPRF-SC";"DEL05-SC";"UOP03-DEL05-SC"
770367;2026-05-08;"sexta-feira";"12:47:00";"SP";116;279;"EMBU DAS ARTES";"Reação tardia ou ineficiente do condutor";"Colisão lateral mesmo sentido";"Com Vítimas Feridas";"Pleno dia";"Crescente";"Nublado";"Dupla";"Reta";"Sim";4;0;1;0;3;0;1;2;-23,641643;-46,837536;"SPRF-SP";"DEL04-SP";"UOP01-DEL04-SP"
770369;2026-05-08;"sexta-feira";"16:00:00";"PB";101;81;"BAYEUX";"Reação tardia ou ineficiente do condutor";"Colisão traseira";"Com Vítimas Feridas";"Pleno dia";"Decrescente";"Nublado";"Dupla";"Reta";"Sim";2;0;0;1;1;0;1;2;-7,12811;-34,93891;"SPRF-PB";"DEL01-PB";"UOP01-DEL01-PB"
770370;2026-05-08;"sexta-feira";"21:20:00";"RJ";116;141;"DUQUE DE CAXIAS";"Transitar na contramão";"Colisão frontal";"Com Vítimas Feridas";"Plena Noite";"Crescente";"Céu Claro";"Dupla";"Reta";"Não";1;0;1;0;0;0;1;1;-22,64666998;-43,21509395;"SPRF-RJ";"DEL01-RJ";"UOP02-DEL01-RJ"
770371;2026-05-08;"sexta-feira";"23:30:00";"RJ";116;173;"SAO JOAO DE MERITI";"Reação tardia ou ineficiente do condutor";"Colisão lateral mesmo sentido";"Com Vítimas Feridas";"Plena Noite";"Crescente";"Céu Claro";"Múltipla";"Reta";"Sim";2;0;1;0;1;0;1;2;-22,7977296;-43,35772483;"SPRF-RJ";"DEL06-RJ";"UOP01-DEL06-RJ"
770372;2026-05-08;"sexta-feira";"22:50:00";"PI";316;309;"PICOS";"Acessar a via sem observar a presença dos outros veículos";"Colisão lateral mesmo sentido";"Sem Vítimas";"Plena Noite";"Crescente";"Céu Claro";"Simples";"Rotatória;Reta";"Sim";3;0;0;0;2;1;0;3;-7,076117;-41,472453;"SPRF-PI";"DEL04-PI";"UOP01-DEL04-PI"
770374;2026-05-08;"sexta-feira";"22:20:00";"RO";425;79;"NOVA MAMORE";"Ultrapassagem Indevida";"Colisão lateral sentido oposto";"Com Vítimas Feridas";"Plena Noite";"Crescente";"Céu Claro";"Simples";"Aclive;Reta";"Não";3;0;1;1;1;0;2;3;-10,38179;-65,32209;"SPRF-RO";"DEL01-RO";"UOP03-DEL01-RO"
770375;2026-05-08;"sexta-feira";"00:20:00";"SP";116;193;"SANTA ISABEL";"Ingestão de álcool pelo condutor";"Colisão com objeto";"Sem Vítimas";"Plena Noite";"Decrescente";"Nublado";"Dupla";"Aclive";"Não";1;0;0;0;1;0;0;1;-23,380792;-46,259041;"SPRF-SP";"DEL01-SP";"UOP01-DEL01-SP"
770376;2026-05-08;"sexta-feira";"17:00:00";"RS";386;434;"NOVA SANTA RITA";"Ausência de reação do condutor";"Colisão traseira";"Com Vítimas Feridas";"Pleno dia";"Crescente";"Céu Claro";"Dupla";"Rotatória;Em Obras;Reta";"Não";2;0;1;0;1;0;1;2;-29,84592045;-51,27804279;"SPRF-RS";"DEL04-RS";"UOP02-DEL04-RS"
770377;2026-05-08;"sexta-feira";"23:10:00";"MG";381;930,9;"ITAPEVA";"Ingestão de álcool pelo condutor";"Tombamento";"Com Vítimas Feridas";"Plena Noite";"Crescente";"Céu Claro";"Dupla";"Reta";"Não";1;0;1;0;0;0;1;1;-22,7852885;-46,24158061;"SPRF-MG";"DEL16-MG";"UOP03-DEL16-MG"
770379;2026-05-08;"sexta-feira";"09:50:00";"MG";381;395;"BOM JESUS DO AMPARO";"Demais falhas mecânicas ou elétricas";"Queda de ocupante de veículo";"Com Vítimas Feridas";"Pleno dia";"Decrescente";"Céu Claro";"Dupla";"Declive;Reta";"Não";2;0;2;0;0;0;2;1;-19,74318574;-43,50255188;"SPRF-MG";"DEL01-MG";"UOP01-DEL01-MG"
770380;2026-05-08;"sexta-feira";"22:45:00";"RO";364;708;"PORTO VELHO";"Reação tardia ou ineficiente do condutor";"Saída de leito carroçável";"Com Vítimas Feridas";"Plena Noite";"Decrescente";"Céu Claro";"Dupla";"Reta";"Sim";1;0;1;0;0;0;1;1;-8,79303068;-63,84589469;"SPRF-RO";"DEL01-RO";"UOP01-DEL01-RO"
770381;2026-05-09;"sábado";"00:15:00";"MG";40;2;"CABECEIRA GRANDE";"Reação tardia ou ineficiente do condutor";"Colisão com objeto";"Com Vítimas Feridas";"Plena Noite";"Decrescente";"Céu Claro";"Dupla";"Reta";"Não";2;0;1;0;1;0;1;1;-16;-47;"SPRF-MG";"DEL14-MG";"UOP01-DEL14-MG"
770382;2026-05-09;"sábado";"01:15:00";"CE";116;46;"PACAJUS";"Reação tardia ou ineficiente do condutor";"Colisão com objeto";"Com Vítimas Fatais";"Plena Noite";"Crescente";"Garoa/Chuvisco";"Dupla";"Curva";"Sim";2;1;0;1;0;0;1;1;-4,14898668;-38,47558022;"SPRF-CE";"DEL01-CE";"UOP02-DEL01-CE"
770383;2026-05-08;"sexta-feira";"22:30:00";"PB";230;397;"POMBAL";"Reação tardia ou ineficiente do condutor";"Colisão frontal";"Com Vítimas Feridas";"Plena Noite";"Decrescente";"Chuva";"Simples";"Reta";"Não";2;0;1;0;1;0;1;2;-6,812235;-37,76878;"SPRF-PB";"DEL03-PB";"UOP02-DEL03-PB"
770384;2026-05-09;"sábado";"00:25:00";"SC";101;332,4;"TUBARAO";"Avarias e/ou desgaste excessivo no pneu";"Saída de leito carroçável";"Sem Vítimas";"Plena Noite";"Decrescente";"Chuva";"Simples";"Reta";"Sim";1;0;0;0;1;0;0;1;-28,4679;-49,002055;"SPRF-SC";"DEL02-SC";"UOP01-DEL02-SC"
770386;2026-05-09;"sábado";"01:45:00";"MG";116;110;"ITAOBIM";"Velocidade Incompatível";"Saída de leito carroçável";"Com Vítimas Feridas";"Plena Noite";"Decrescente";"Céu Claro";"Simples";"Curva";"Não";1;0;1;0;0;0;1;1;-16,5132;-41,50634;"SPRF-MG";"DEL11-MG";"UOP02-DEL11-MG"
770387;2026-05-09;"sábado";"02:30:00";"MG";365;758;"ITUIUTABA";"Ingestão de álcool pelo condutor";"Colisão com objeto";"Com Vítimas Feridas";"Plena Noite";"Crescente";"Céu Claro";"Simples";"Rotatória;Reta";"Não";5;0;1;4;0;0;5;1;-18,96586359;-49,50634567;"SPRF-MG";"DEL15-MG";"UOP03-DEL15-MG"
770390;2026-05-09;"sábado";"03:20:00";"MG";381;500;"BETIM";"Ausência de reação do condutor";"Colisão com objeto";"Sem Vítimas";"Plena Noite";"Crescente";"Céu Claro";"Múltipla";"Reta;Declive";"Não";1;0;0;0;0;1;0;1;-20,00635875;-44,2152009;"SPRF-MG";"DEL01-MG";"UOP03-DEL01-MG"
770391;2026-05-09;"sábado";"02:40:00";"CE";304;38,5;"ARACATI";"Condutor Dormindo";"Saída de leito carroçável";"Com Vítimas Feridas";"Plena Noite";"Decrescente";"Céu Claro";"Simples";"Reta";"Não";1;0;0;1;0;0;1;1;-4,57741369;-37,78497074;"SPRF-CE";"DEL03-CE";"UOP02-DEL03-CE"
770393;2026-05-09;"sábado";"02:45:00";"PR";153;33,1;"SANTO ANTONIO DA PLATINA";"Ingestão de álcool pelo condutor";"Colisão com objeto";"Sem Vítimas";"Plena Noite";"Decrescente";"Nublado";"Simples";"Curva";"Não";1;0;0;0;1;0;0;1;-23,23944;-50,038645;"SPRF-PR";"DEL07-PR";"UOP04-DEL07-PR"
770394;2026-05-09;"sábado";"03:50:00";"AL";104;31,4;"UNIAO DOS PALMARES";"Ingestão de álcool pelo condutor";"Tombamento";"Com Vítimas Fatais";"Plena Noite";"Crescente";"Chuva";"Simples";"Reta";"Não";3;1;1;0;0;1;1;2;-9,1351245;-36,0235235;"SPRF-AL";"DEL01-AL";"UOP02-DEL01-AL"
770395;2026-05-09;"sábado";"03:40:00";"ES";101;70;"SAO MATEUS";"Reação tardia ou ineficiente do condutor";"Colisão traseira";"Sem Vítimas";"Plena Noite";"Crescente";"Céu Claro";"Simples";"Reta";"Sim";2;0;0;0;0;2;0;2;-18,749837;-39,862204;"SPRF-ES";"DEL04-ES";"UOP02-DEL04-ES"
770398;2026-05-09;"sábado";"04:10:00";"MG";116;588;"MANHUACU";"Reação tardia ou ineficiente do condutor";"Colisão traseira";"Sem Vítimas";"Plena Noite";"Crescente";"Céu Claro";"Simples";"Reta";"Sim";2;0;0;0;2;0;0;2;-20,24634723;-42,15065718;"SPRF-MG";"DEL06-MG";"UOP03-DEL06-MG"
770400;2026-04-06;"segunda-feira";"11:00:00";"PB";230;17;"JOAO PESSOA";"Ausência de reação do condutor";"Engavetamento";"Com Vítimas Feridas";"Pleno dia";"Crescente";"Sol";"Dupla";"Reta";"Sim";4;0;1;0;3;0;1;3;-7,1165277;-34,8417236;"SPRF-PB";"DEL01-PB";"UOP01-DEL01-PB"
770401;2026-05-09;"sábado";"04:30:00";"AP";210;2;"MACAPA";"Avarias e/ou desgaste excessivo no pneu";"Tombamento";"Com Vítimas Feridas";"Plena Noite";"Decrescente";"Céu Claro";"Dupla";"Reta;Aclive";"Não";1;0;0;1;0;0;1;1;0,08501917;-51,08163645;"SPRF-AP";"DEL01-AP";"UOP01-DEL01-AP"
770402;2026-05-09;"sábado";"04:50:00";"PR";163;273,3;"QUATRO PONTES";"Ausência de reação do condutor";"Saída de leito carroçável";"Sem Vítimas";"Plena Noite";"Crescente";"Garoa/Chuvisco";"Dupla";"Reta";"Não";1;0;0;0;0;1;0;1;-24,59479555;-53,98063056;"SPRF-PR";"DEL06-PR";"UOP02-DEL06-PR"
770404;2026-05-09;"sábado";"03:50:00";"RJ";40;110;"DUQUE DE CAXIAS";"Objeto estático sobre o leito carroçável";"Colisão com objeto";"Com Vítimas Feridas";"Plena Noite";"Crescente";"Céu Claro";"Múltipla";"Reta";"Sim";1;0;1;0;0;0;1;1;-22,68695;-43,2859;"SPRF-RJ";"DEL01-RJ";"UOP02-DEL01-RJ"
770406;2026-05-09;"sábado";"05:50:00";"DF";20;23;"BRASILIA";"Condutor Dormindo";"Saída de leito carroçável";"Com Vítimas Feridas";"Amanhecer";"Decrescente";"Céu Claro";"Dupla";"Declive";"Sim";2;0;1;0;1;0;1;1;-15,59455;-47,663719;"SPRF-DF";"DEL02-DF";"UOP01-DEL02-DF"
770408;2026-05-08;"sexta-feira";"18:30:00";"SC";101;130;"CAMBORIU";"Condutor deixou de manter distância do veículo da frente";"Colisão traseira";"Sem Vítimas";"Anoitecer";"Decrescente";"Nublado";"Dupla";"Reta";"Sim";2;0;0;0;1;1;0;2;-26,98225752;-48,67447464;"SPRF-SC";"DEL04-SC";"UOP03-DEL04-SC"
770409;2026-05-09;"sábado";"05:50:00";"RS";293;1,8;"PELOTAS";"Ausência de reação do condutor";"Saída de leito carroçável";"Sem Vítimas";"Plena Noite";"Crescente";"Céu Claro";"Simples";"Reta";"Não";1;0;0;0;0;1;0;1;-31,74792124;-52,36115228;"SPRF-RS";"DEL07-RS";"UOP01-DEL07-RS"
770410;2026-05-08;"sexta-feira";"16:00:00";"SP";116;98,6;"PINDAMONHANGABA";"Condutor deixou de manter distância do veículo da frente";"Colisão traseira";"Com Vítimas Feridas";"Pleno dia";"Crescente";"Céu Claro";"Dupla";"Reta";"Não";3;0;1;0;2;0;1;2;-22,9798322;-45,45985975;"SPRF-SP";"DEL08-SP";"UOP01-DEL08-SP"
770411;2026-05-09;"sábado";"06:30:00";"RJ";101;78,9;"CAMPOS DOS GOYTACAZES";"Ultrapassagem Indevida";"Colisão frontal";"Com Vítimas Feridas";"Pleno dia";"Crescente";"Céu Claro";"Simples";"Reta";"Sim";2;0;1;0;1;0;1;2;-21,83689;-41,4279517;"SPRF-RJ";"DEL08-RJ";"UOP02-DEL08-RJ"
770413;2026-05-08;"sexta-feira";"19:00:00";"MG";381;834;"SAO SEBASTIAO DA BELA VISTA";"Demais falhas mecânicas ou elétricas";"Incêndio";"Sem Vítimas";"Plena Noite";"Decrescente";"Nublado";"Dupla";"Reta";"Não";1;0;0;0;1;0;0;1;-22,121932;-45,774776;"SPRF-MG";"DEL16-MG";"UOP01-DEL16-MG"
770414;2026-05-09;"sábado";"05:00:00";"RJ";101;388;"RIO DE JANEIRO";"Ausência de reação do condutor";"Saída de leito carroçável";"Com Vítimas Feridas";"Plena Noite";"Decrescente";"Céu Claro";"Dupla";"Reta";"Não";1;0;1;0;0;0;1;1;-22,89135;-43,66669;"SPRF-RJ";"DEL03-RJ";"UOP01-DEL03-RJ"
770419;2026-05-09;"sábado";"06:15:00";"SC";101;189;"BIGUACU";"Ausência de reação do condutor";"Colisão traseira";"Com Vítimas Fatais";"Amanhecer";"Decrescente";"Nublado";"Múltipla";"Reta";"Não";7;1;0;0;4;2;0;5;-27,45939653;-48,63882422;"SPRF-SC";"DEL01-SC";"UOP01-DEL01-SC"