"id";"data_inversa";"dia_semana";"horario";"uf";"br";"km";"municipio";"causa_acidente";"tipo_acidente";"classificacao_acidente";"fase_dia";"sentido_via";"condicao_metereologica";"tipo_pista";"tracado_via";"uso_solo";"pessoas";"mortos";"feridos_leves";"feridos_graves";"ilesos";"ignorados";"feridos";"veiculos";"latitude";"longitude";"regional";"delegacia";"uop"
770526;2026-05-09;"sábado";"15:00:00";"RS";153;45,8;"ERECHIM";"Demais falhas mecânicas ou elétricas";"Colisão traseira";"Com Vítimas Feridas";"Pleno dia";"Crescente";"Céu Claro";"Simples";"Reta;Interseção de Vias";"Sim";2;0;1;0;1;0;1;2;-27,63454543;-52,23727433;"SPRF-RS";"DEL08-RS";"UOP04-DEL08-RS"
770527;2026-05-09;"sábado";"10:00:00";"PR";373;393;"CANDOI";"Velocidade Incompatível";"Saída de leito carroçável";"Com Vítimas Feridas";"Pleno dia";"Decrescente";"Chuva";"Simples";"Reta";"Não";1;0;1;0;0;0;1;1;-25,53128;-51,99555;"SPRF-PR";"DEL08-PR";"UOP01-DEL08-PR"
770528;2026-05-09;"sábado";"14:58:00";"SP";153;66,7;"SAO JOSE DO RIO PRETO";"Reação tardia ou ineficiente do condutor";"Saída de leito carroçável";"Com Vítimas Feridas";"Pleno dia";"Decrescente";"Céu Claro";"Dupla";"Viaduto;Reta";"Não";3;0;2;1;0;0;3;1;-20,847179;-49,375211;"SPRF-SP";"DEL09-SP";"UOP01-DEL09-SP"
770529;2026-05-09;"sábado";"14:30:00";"BA";101;714,1;"EUNAPOLIS";"Acessar a via sem observar a presença dos outros veículos";"Colisão transversal";"Com Vítimas Feridas";"Pleno dia";"Decrescente";"Céu Claro";"Simples";"Reta;Interseção de Vias";"Sim";3;0;1;0;1;1;1;2;-16,346345;-39,580375;"SPRF-BA";"DEL09-BA";"UOP01-DEL09-BA"
770530;2026-05-09;"sábado";"13:30:00";"RJ";40;72;"PETROPOLIS";"Ausência de reação do condutor";"Atropelamento de Pedestre";"Com Vítimas Feridas";"Pleno dia";"Crescente";"Céu Claro";"Dupla";"Reta";"Não";2;0;1;0;1;0;1;2;-22,47322351;-43,22673798;"SPRF-RJ";"DEL01-RJ";"UOP01-DEL01-RJ"
770531;2026-05-08;"sexta-feira";"22:10:00";"MT";158;504;"CANARANA";"Ausência de reação do condutor";"Colisão frontal";"Com Vítimas Feridas";"Plena Noite";"Decrescente";"Céu Claro";"Simples";"Reta";"Não";2;0;1;0;0;1;1;2;-13,637198;-51,955153;"SPRF-MT";"DEL07-MT";"UOP02-DEL07-MT"
770534;2026-05-09;"sábado";"11:50:00";"RJ";116;134;"MAGE";"Frear bruscamente";"Colisão traseira";"Com Vítimas Feridas";"Pleno dia";"Crescente";"Céu Claro";"Dupla";"Reta";"Sim";4;0;1;1;0;2;2;3;-22,65356;-43,153959;"SPRF-RJ";"DEL04-RJ";"UOP02-DEL04-RJ"
770538;2026-05-09;"sábado";"14:20:00";"MG";50;25;"ARAGUARI";"Frear bruscamente";"Tombamento";"Com Vítimas Feridas";"Pleno dia";"Crescente";"Céu Claro";"Dupla";"Reta;Declive";"Não";2;0;1;0;0;1;1;1;-18,611203;-48,076575;"SPRF-MG";"DEL15-MG";"UOP02-DEL15-MG"
770540;2026-05-09;"sábado";"16:30:00";"ES";101;18,5;"SERRA";"Reação tardia ou ineficiente do condutor";"Colisão com objeto";"Com Vítimas Feridas";"Pleno dia";"Crescente";"Sol";"Dupla";"Curva";"Não";1;0;0;1;0;0;1;1;-20,21735868;-40,33758621;"SPRF-ES";"DEL02-ES";"UOP01-DEL02-ES"
770541;2026-04-17;"sexta-feira";"14:50:00";"GO";452;8;"RIO VERDE";"Objeto estático sobre o leito carroçável";"Eventos atípicos";"Sem Vítimas";"Pleno dia";"Crescente";"Céu Claro";"Simples";"Reta";"Não";2;0;0;0;2;0;0;1;-17,8502226;-50,77567846;"SPRF-GO";"DEL04-GO";"UOP01-DEL04-GO"
770542;2026-05-09;"sábado";"16:45:00";"MA";226;24,5;"TIMON";"Acessar a via sem observar a presença dos outros veículos";"Colisão lateral mesmo sentido";"Com Vítimas Feridas";"Pleno dia";"Crescente";"Nublado";"Simples";"Reta";"Não";3;0;1;0;2;0;1;2;-5,09379267;-43,02437314;"SPRF-MA";"DEL03-MA";"UOP02-DEL03-MA"
770544;2026-05-09;"sábado";"16:30:00";"SP";381;61;"MAIRIPORA";"Condutor deixou de manter distância do veículo da frente";"Colisão traseira";"Com Vítimas Feridas";"Pleno dia";"Crescente";"Céu Claro";"Dupla";"Curva";"Não";2;0;1;0;1;0;1;2;-23,294936;-46,571937;"SPRF-SP";"DEL03-SP";"UOP01-DEL03-SP"
770545;2026-05-09;"sábado";"16:50:00";"GO";153;503,7;"GOIANIA";"Animais na Pista";"Atropelamento de Animal";"Com Vítimas Feridas";"Pleno dia";"Crescente";"Céu Claro";"Dupla";"Reta";"Sim";1;0;1;0;0;0;1;1;-16,726645;-49,243442;"SPRF-GO";"DEL01-GO";"UOP01-DEL01-GO"
770546;2026-05-09;"sábado";"16:40:00";"SC";470;66;"INDAIAL";"Pedestre cruzava a pista fora da faixa";"Colisão transversal";"Com Vítimas Feridas";"Pleno dia";"Crescente";"Chuva";"Simples";"Aclive;Reta";"Sim";4;0;1;0;3;0;1;2;-26,87108511;-49,21676366;"SPRF-SC";"DEL04-SC";"UOP01-DEL04-SC"
770547;2026-05-09;"sábado";"16:45:00";"SP";116;197,3;"ARUJA";"Condutor deixou de manter distância do veículo da frente";"Colisão traseira";"Com Vítimas Feridas";"Pleno dia";"Decrescente";"Nublado";"Dupla";"Declive";"Não";2;0;1;0;1;0;1;2;-23,39814156;-46,2964925;"SPRF-SP";"DEL01-SP";"UOP01-DEL01-SP"
770548;2026-05-09;"sábado";"17:00:00";"RS";116;564;"PEDRO OSORIO";"Acessar a via sem observar a presença dos outros veículos";"Colisão transversal";"Com Vítimas Feridas";"Pleno dia";"Crescente";"Céu Claro";"Simples";"Reta;Interseção de Vias";"Não";8;0;1;0;7;0;1;2;-31,9264332;-52,72564173;"SPRF-RS";"DEL07-RS";"UOP03-DEL07-RS"
770549;2026-05-09;"sábado";"17:31:00";"ES";393;20;"MUQUI";"Ausência de reação do condutor";"Colisão frontal";"Com Vítimas Feridas";"Anoitecer";"Crescente";"Céu Claro";"Simples";"Curva";"Não";2;0;0;2;0;0;2;2;-20,9234;-41,31597;"SPRF-ES";"DEL03-ES";"UOP02-DEL03-ES"
770552;2026-05-09;"sábado";"17:30:00";"SC";282;479;"FAXINAL DOS GUEDES";"Reação tardia ou ineficiente do condutor";"Saída de leito carroçável";"Com Vítimas Feridas";"Pleno dia";"Crescente";"Nublado";"Simples";"Curva";"Não";1;0;0;1;0;0;1;1;-26,865703;-52,2072679;"SPRF-SC";"DEL07-SC";"UOP01-DEL07-SC"
770553;2026-05-09;"sábado";"16:13:00";"SC";101;136;"BALNEARIO CAMBORIU";"Chuva";"Saída de leito carroçável";"Com Vítimas Feridas";"Pleno dia";"Crescente";"Chuva";"Dupla";"Reta";"Sim";2;0;1;0;1;0;1;1;-27,0094;-48,61564;"SPRF-SC";"DEL04-SC";"UOP03-DEL04-SC"
770554;2026-05-09;"sábado";"17:30:00";"MG";146;478;"POCOS DE CALDAS";"Ingestão de álcool pelo condutor";"Colisão frontal";"Com Vítimas Feridas";"Anoitecer";"Decrescente";"Céu Claro";"Simples";"Curva";"Não";1;0;0;1;0;0;1;1;-21,775281;-46,431454;"SPRF-MG";"DEL09-MG";"UOP01-DEL09-MG"
770555;2026-05-09;"sábado";"17:51:00";"AP";156;598;"CALCOENE";"Velocidade Incompatível";"Colisão transversal";"Com Vítimas Feridas";"Anoitecer";"Decrescente";"Céu Claro";"Simples";"Reta";"Não";2;0;0;1;1;0;1;2;2,48333391;-50,97441673;"SPRF-AP";"DEL01-AP";"UOP02-DEL01-AP"
770556;2026-05-09;"sábado";"14:10:00";"RR";432;192;"CANTA";"Velocidade Incompatível";"Saída de leito carroçável";"Com Vítimas Feridas";"Pleno dia";"Decrescente";"Garoa/Chuvisco";"Simples";"Reta";"Não";3;0;1;0;2;0;1;1;2,63628;-60,59178;"SPRF-RR";"DEL01-RR";"UOP01-DEL01-RR"
770557;2026-05-09;"sábado";"16:30:00";"MT";163;581;"NOVA MUTUM";"Condutor Dormindo";"Colisão com objeto";"Sem Vítimas";"Pleno dia";"Decrescente";"Céu Claro";"Dupla";"Reta";"Não";1;0;0;0;1;0;0;1;-13,93497215;-56,09560199;"SPRF-MT";"DEL01-MT";"UOP01-DEL01-MT"
770558;2026-05-09;"sábado";"16:00:00";"PR";277;274;"PRUDENTOPOLIS";"Ausência de reação do condutor";"Saída de leito carroçável";"Com Vítimas Feridas";"Pleno dia";"Decrescente";"Chuva";"Simples";"Reta";"Não";2;0;2;0;0;0;2;1;-25,37608867;-50,87072984;"SPRF-PR";"DEL08-PR";"UOP02-DEL08-PR"
770560;2026-05-09;"sábado";"17:34:00";"PE";232;408,7;"SERRA TALHADA";"Ausência de reação do condutor";"Colisão traseira";"Com Vítimas Feridas";"Anoitecer";"Decrescente";"Nublado";"Simples";"Declive";"Sim";2;0;1;0;1;0;1;2;-7,98314147;-38,28431726;"SPRF-PE";"DEL04-PE";"UOP01-DEL04-PE"
770561;2026-05-09;"sábado";"15:00:00";"RJ";116;111;"GUAPIMIRIM";"Demais falhas mecânicas ou elétricas";"Saída de leito carroçável";"Com Vítimas Feridas";"Pleno dia";"Crescente";"Sol";"Múltipla";"Reta";"Sim";6;0;2;0;4;0;2;3;-22,555921;-42,993278;"SPRF-RJ";"DEL04-RJ";"UOP02-DEL04-RJ"
770563;2026-05-09;"sábado";"17:30:00";"PB";230;25,2;"JOAO PESSOA";"Condutor deixou de manter distância do veículo da frente";"Colisão traseira";"Com Vítimas Feridas";"Anoitecer";"Decrescente";"Nublado";"Múltipla";"Declive;Reta";"Sim";3;0;0;2;0;1;2;3;-7,170537;-34,870895;"SPRF-PB";"DEL01-PB";"UOP01-DEL01-PB"
770564;2026-05-09;"sábado";"18:00:00";"RJ";116;128;"MAGE";"Ausência de reação do condutor";"Queda de ocupante de veículo";"Com Vítimas Feridas";"Plena Noite";"Decrescente";"Céu Claro";"Dupla";"Reta";"Não";1;0;1;0;0;0;1;1;-22,662442;-43,093828;"SPRF-RJ";"DEL04-RJ";"UOP02-DEL04-RJ"
770567;2026-05-09;"sábado";"15:50:00";"PR";153;376;"MALLET";"Ausência de reação do condutor";"Saída de leito carroçável";"Sem Vítimas";"Pleno dia";"Crescente";"Chuva";"Simples";"Reta";"Não";1;0;0;0;1;0;0;1;-25,779605;-50,848625;"SPRF-PR";"DEL08-PR";"UOP02-DEL08-PR"
770568;2026-05-09;"sábado";"17:50:00";"TO";10;463,8;"PALMAS";"Condutor deixou de manter distância do veículo da frente";"Colisão traseira";"Com Vítimas Feridas";"Pleno dia";"Crescente";"Céu Claro";"Dupla";"Reta";"Sim";4;0;2;0;2;0;2;2;-10,23203;-48,311455;"SPRF-TO";"DEL01-TO";"UOP03-DEL01-TO"
770569;2026-05-09;"sábado";"18:10:00";"PB";230;330,4;"PATOS";"Condutor deixou de manter distância do veículo da frente";"Colisão traseira";"Com Vítimas Feridas";"Plena Noite";"Decrescente";"Céu Claro";"Simples";"Reta;Ponte";"Não";3;0;2;0;0;1;2;2;-7,019887;-37,244183;"SPRF-PB";"DEL03-PB";"UOP01-DEL03-PB"
770570;2026-05-09;"sábado";"18:00:00";"PA";163;988;"SANTAREM";"Condutor deixou de manter distância do veículo da frente";"Colisão traseira";"Com Vítimas Feridas";"Anoitecer";"Crescente";"Céu Claro";"Simples";"Reta";"Não";2;0;1;0;1;0;1;2;-2,57338396;-54,72099988;"SPRF-PA";"DEL05-PA";"UOP01-DEL05-PA"
770571;2026-05-09;"sábado";"17:10:00";"SC";282;334;"CAMPOS NOVOS";"Reação tardia ou ineficiente do condutor";"Colisão lateral mesmo sentido";"Sem Vítimas";"Anoitecer";"Crescente";"Garoa/Chuvisco";"Simples";"Reta;Declive";"Não";2;0;0;0;2;0;0;2;-27,393453;-51,14018;"SPRF-SC";"DEL07-SC";"UOP06-DEL07-SC"
770572;2026-05-09;"sábado";"18:15:00";"PR";376;9,4;"MARINGA";"Chuva";"Queda de ocupante de veículo";"Com Vítimas Feridas";"Anoitecer";"Decrescente";"Chuva";"Simples";"Reta";"Não";1;0;1;0;0;0;1;1;-23,37729471;-51,91634266;"SPRF-PR";"DEL09-PR";"UOP01-DEL09-PR"
770573;2026-05-09;"sábado";"15:00:00";"MT";70;3;"BARRA DO GARCAS";"Acessar a via sem observar a presença dos outros veículos";"Colisão traseira";"Com Vítimas Feridas";"Pleno dia";"Decrescente";"Céu Claro";"Simples";"Declive";"Não";1;0;1;0;0;0;1;1;-15,88578123;-52,27074478;"SPRF-MT";"DEL07-MT";"UOP01-DEL07-MT"
770574;2026-05-09;"sábado";"19:00:00";"DF";70;13;"BRASILIA";"Ausência de reação do condutor";"Queda de ocupante de veículo";"Sem Vítimas";"Plena Noite";"Crescente";"Céu Claro";"Dupla";"Reta";"Sim";1;0;0;0;1;0;0;1;-15,795795;-48,170948;"SPRF-DF";"DEL03-DF";"UOP02-DEL03-DF"
770575;2026-05-09;"sábado";"18:41:00";"RN";101;84,3;"NATAL";"Pedestre cruzava a pista fora da faixa";"Atropelamento de Pedestre";"Com Vítimas Feridas";"Plena Noite";"Crescente";"Céu Claro";"Dupla";"Reta";"Sim";2;0;1;0;0;1;1;2;-5,775075;-35,255598;"SPRF-RN";"DEL02-RN";"UOP01-DEL02-RN"
770577;2026-05-09;"sábado";"18:10:00";"RS";285;121,2;"VACARIA";"Acesso irregular";"Colisão transversal";"Com Vítimas Feridas";"Anoitecer";"Crescente";"Céu Claro";"Simples";"Reta;Interseção de Vias";"Sim";3;0;1;0;2;0;1;2;-28,50963;-50,93791;"SPRF-RS";"DEL05-RS";"UOP03-DEL05-RS"
770579;2026-05-09;"sábado";"17:00:00";"SC";280;11;"SAO FRANCISCO DO SUL";"Velocidade Incompatível";"Saída de leito carroçável";"Com Vítimas Feridas";"Pleno dia";"Crescente";"Chuva";"Simples";"Curva";"Sim";2;0;1;0;1;0;1;1;-26,30297044;-48,64032475;"SPRF-SC";"DEL03-SC";"UOP03-DEL03-SC"
770580;2026-05-09;"sábado";"09:00:00";"BA";110;203;"CIPO";"Condutor deixou de manter distância do veículo da frente";"Colisão traseira";"Com Vítimas Feridas";"Pleno dia";"Decrescente";"Garoa/Chuvisco";"Simples";"Curva";"Não";6;0;1;0;5;0;1;2;-11,09028;-38,507978;"SPRF-BA";"DEL07-BA";"UOP02-DEL07-BA"
770581;2026-05-09;"sábado";"19:00:00";"PR";116;117;"CURITIBA";"Acumulo de água sobre o pavimento";"Colisão com objeto";"Sem Vítimas";"Plena Noite";"Decrescente";"Chuva";"Dupla";"Reta";"Sim";1;0;0;0;0;1;0;1;-25,56082924;-49,30778861;"SPRF-PR";"DEL01-PR";"UOP03-DEL01-PR"
770582;2026-05-09;"sábado";"19:25:00";"PR";369;197;"ARAPONGAS";"Ingestão de álcool pelo condutor";"Saída de leito carroçável";"Com Vítimas Feridas";"Plena Noite";"Crescente";"Chuva";"Dupla";"Reta";"Não";1;0;1;0;0;0;1;1;-23,505707;-51,425404;"SPRF-PR";"DEL07-PR";"UOP03-DEL07-PR"
770583;2026-05-09;"sábado";"19:35:00";"MG";381;445;"SABARA";"Ausência de reação do condutor";"Colisão lateral sentido oposto";"Com Vítimas Feridas";"Plena Noite";"Decrescente";"Céu Claro";"Simples";"Curva";"Não";4;0;2;0;2;0;2;2;-19,83479;-43,86163;"SPRF-MG";"DEL01-MG";"UOP01-DEL01-MG"
770586;2026-05-09;"sábado";"19:00:00";"SC";101;109,8;"PENHA";"Ingestão de álcool pelo condutor";"Saída de leito carroçável";"Sem Vítimas";"Plena Noite";"Crescente";"Chuva";"Dupla";"Curva";"Sim";2;0;0;0;1;1;0;2;-26,83464907;-48,70547947;"SPRF-SC";"DEL03-SC";"UOP02-DEL03-SC"
770588;2026-05-09;"sábado";"19:00:00";"SP";153;105,7;"JOSE BONIFACIO";"Ingestão de álcool pelo condutor";"Colisão transversal";"Com Vítimas Feridas";"Plena Noite";"Crescente";"Nublado";"Simples";"Reta";"Não";4;0;2;0;2;0;2;2;-21,05255399;-49,65704119;"SPRF-SP";"DEL09-SP";"UOP01-DEL09-SP"
770589;2026-05-09;"sábado";"19:15:00";"AL";316;160,3;"PALMEIRA DOS INDIOS";"Transitar na contramão";"Colisão frontal";"Com Vítimas Fatais";"Plena Noite";"Decrescente";"Chuva";"Simples";"Reta";"Não";2;1;0;0;1;0;0;2;-9,449638;-36,59994;"SPRF-AL";"DEL03-AL";"UOP01-DEL03-AL"
770591;2026-05-09;"sábado";"18:50:00";"SE";235;9;"NOSSA SENHORA DO SOCORRO";"Acumulo de areia ou detritos sobre o pavimento";"Queda de ocupante de veículo";"Com Vítimas Feridas";"Plena Noite";"Decrescente";"Céu Claro";"Simples";"Reta";"Não";1;0;0;1;0;0;1;1;-10,883187;-37,13984;"SPRF-SE";"DEL01-SE";"UOP01-DEL01-SE"
770593;2026-05-09;"sábado";"19:40:00";"PB";101;48;"SANTA RITA";"Ingestão de álcool pelo condutor";"Saída de leito carroçável";"Com Vítimas Feridas";"Plena Noite";"Decrescente";"Céu Claro";"Dupla";"Reta";"Não";1;0;1;0;0;0;1;1;-6,9454633;-35,1315193;"SPRF-PB";"DEL01-PB";"UOP03-DEL01-PB"
770594;2026-05-09;"sábado";"19:45:00";"SC";470;44;"GASPAR";"Chuva";"Colisão com objeto";"Com Vítimas Feridas";"Plena Noite";"Decrescente";"Chuva";"Dupla";"Reta";"Não";2;0;1;0;1;0;1;1;-26,86929543;-49,02588693;"SPRF-SC";"DEL04-SC";"UOP01-DEL04-SC"
770595;2026-05-09;"sábado";"19:20:00";"DF";251;52,9;"BRASILIA";"Ausência de reação do condutor";"Saída de leito carroçável";"Com Vítimas Feridas";"Pleno dia";"Decrescente";"Céu Claro";"Simples";"Reta";"Não";1;0;0;1;0;0;1;1;-15,978717;-47,917755;"SPRF-DF";"DEL01-DF";"UOP01-DEL01-DF"
770599;2026-05-09;"sábado";"20:10:00";"DF";20;10,3;"BRASILIA";"Manobra de mudança de faixa";"Colisão traseira";"Com Vítimas Feridas";"Plena Noite";"Decrescente";"Céu Claro";"Dupla";"Reta";"Sim";2;0;1;0;1;0;1;2;-15,63761493;-47,74712823;"SPRF-DF";"DEL02-DF";"UOP01-DEL02-DF"
770600;2026-05-09;"sábado";"18:45:00";"MT";364;271,5;"JACIARA";"Condutor deixou de manter distância do veículo da frente";"Colisão traseira";"Com Vítimas Feridas";"Plena Noite";"Decrescente";"Céu Claro";"Dupla";"Declive;Reta";"Sim";2;0;1;0;1;0;1;2;-15,96873333;-54,9595584;"SPRF-MT";"DEL05-MT";"UOP02-DEL05-MT"
770601;2026-05-09;"sábado";"19:00:00";"MS";163;268;"DOURADOS";"Ausência de reação do condutor";"Colisão com objeto";"Com Vítimas Feridas";"Plena Noite";"Decrescente";"Chuva";"Dupla";"Rotatória";"Não";1;0;1;0;0;0;1;1;-22,20739159;-54,70875978;"SPRF-MS";"DEL04-MS";"UOP01-DEL04-MS"
770603;2026-05-09;"sábado";"19:30:00";"PR";277;116;"CAMPO LARGO";"Pista Escorregadia";"Colisão com objeto";"Sem Vítimas";"Plena Noite";"Crescente";"Chuva";"Dupla";"Curva";"Sim";3;0;0;0;3;0;0;1;-25,439387;-49,446791;"SPRF-PR";"DEL01-PR";"UOP07-DEL01-PR"
770605;2026-05-09;"sábado";"18:00:00";"RS";290;511,3;"ROSARIO DO SUL";"Condutor Dormindo";"Capotamento";"Com Vítimas Feridas";"Anoitecer";"Decrescente";"Garoa/Chuvisco";"Simples";"Reta;Declive";"Não";2;0;1;1;0;0;2;1;-30,150248;-55,210692;"SPRF-RS";"DEL11-RS";"UOP02-DEL11-RS"
770606;2026-05-09;"sábado";"20:40:00";"SC";101;105,1;"PENHA";"Ingestão de álcool pelo condutor";"Colisão com objeto";"Com Vítimas Feridas";"Plena Noite";"Crescente";"Chuva";"Dupla";"Reta";"Não";4;0;3;0;1;0;3;1;-26,8026645;-48,6790296;"SPRF-SC";"DEL03-SC";"UOP02-DEL03-SC"
770608;2026-05-09;"sábado";"20:53:00";"PE";101;78,3;"JABOATAO DOS GUARARAPES";"Reação tardia ou ineficiente do condutor";"Atropelamento de Pedestre";"Com Vítimas Fatais";"Plena Noite";"Decrescente";"Chuva";"Dupla";"Curva";"Sim";2;1;0;0;0;1;0;2;-8,1378;-34,9474;"SPRF-PE";"DEL01-PE";"UOP01-DEL01-PE"
770609;2026-05-09;"sábado";"20:30:00";"RS";386;282;"SAO JOSE DO HERVAL";"Reação tardia ou ineficiente do condutor";"Saída de leito carroçável";"Com Vítimas Feridas";"Plena Noite";"Crescente";"Céu Claro";"Simples";"Reta";"Sim";1;0;1;0;0;0;1;1;-29,04757;-52,29457;"SPRF-RS";"DEL04-RS";"UOP03-DEL04-RS"
770612;2026-05-09;"sábado";"20:30:00";"SC";282;247;"SAO JOSE DO CERRITO";"Ingestão de álcool pelo condutor";"Saída de leito carroçável";"Com Vítimas Feridas";"Plena Noite";"Decrescente";"Nublado";"Simples";"Declive;Reta";"Não";1;0;1;0;0;0;1;1;-27,7155872;-50,5290654;"SPRF-SC";"DEL05-SC";"UOP02-DEL05-SC"
770613;2026-05-09;"sábado";"19:50:00";"TO";153;387;"BOM JESUS DO TOCANTINS";"Ingestão de álcool pelo condutor";"Colisão lateral mesmo sentido";"Sem Vítimas";"Plena Noite";"Crescente";"Céu Claro";"Simples";"Reta;Aclive";"Não";2;0;0;0;2;0;0;2;-9;-48;"SPRF-TO";"DEL02-TO";"UOP02-DEL02-TO"
770614;2026-05-09;"sábado";"20:45:00";"MA";222;675;"ACAILANDIA";"Acessar a via sem observar a presença dos outros veículos";"Colisão transversal";"Com Vítimas Feridas";"Plena Noite";"Crescente";"Céu Claro";"Dupla";"Reta;Interseção de Vias;Aclive";"Sim";2;0;1;0;1;0;1;2;-4,954617;-47,48972;"SPRF-MA";"DEL04-MA";"UOP03-DEL04-MA"
770616;2026-05-09;"sábado";"19:30:00";"RJ";101;283;"ITABORAI";"Acesso irregular";"Colisão transversal";"Com Vítimas Feridas";"Plena Noite";"Decrescente";"Céu Claro";"Dupla";"Reta";"Não";4;0;2;0;2;0;2;2;-22,734605;-42,805766;"SPRF-RJ";"DEL02-RJ";"UOP02-DEL02-RJ"
770619;2026-05-09;"sábado";"18:30:00";"PR";158;396,4;"LARANJEIRAS DO SUL";"Ausência de reação do condutor";"Saída de leito carroçável";"Sem Vítimas";"Plena Noite";"Crescente";"Chuva";"Simples";"Reta";"Não";1;0;0;0;1;0;0;1;-25,30589082;-52,31576666;"SPRF-PR";"DEL04-PR";"UOP02-DEL04-PR"
770620;2026-05-09;"sábado";"21:00:00";"SC";282;38;"AGUAS MORNAS";"Velocidade Incompatível";"Saída de leito carroçável";"Com Vítimas Feridas";"Plena Noite";"Decrescente";"Chuva";"Simples";"Curva";"Não";2;0;1;0;1;0;1;1;-27,71326;-48,85811;"SPRF-SC";"DEL01-SC";"UOP03-DEL01-SC"
770621;2026-05-09;"sábado";"20:45:00";"SP";116;462,7;"PARIQUERA-ACU";"Acumulo de água sobre o pavimento";"Saída de leito carroçável";"Com Vítimas Feridas";"Plena Noite";"Decrescente";"Chuva";"Dupla";"Reta";"Não";3;0;1;1;1;0;2;2;-24,62885588;-47,90219156;"SPRF-SP";"DEL05-SP";"UOP01-DEL05-SP"
770623;2026-05-09;"sábado";"18:20:00";"SC";470;130,7;"LONTRAS";"Reação tardia ou ineficiente do condutor";"Colisão frontal";"Com Vítimas Feridas";"Plena Noite";"Decrescente";"Chuva";"Simples";"Curva";"Não";5;0;3;1;1;0;4;2;-27,1691006;-49,5627594;"SPRF-SC";"DEL04-SC";"UOP02-DEL04-SC"
770624;2026-05-09;"sábado";"20:45:00";"MA";135;23;"SAO LUIS";"Acessar a via sem observar a presença dos outros veículos";"Colisão transversal";"Com Vítimas Feridas";"Plena Noite";"Decrescente";"Céu Claro";"Dupla";"Reta";"Não";2;0;1;0;1;0;1;2;-2,55686;-44,312;"SPRF-MA";"DEL01-MA";"UOP01-DEL01-MA"
770625;2026-05-09;"sábado";"20:20:00";"MT";163;1086,7;"GUARANTA DO NORTE";"Ingestão de álcool pelo condutor";"Saída de leito carroçável";"Com Vítimas Feridas";"Plena Noite";"Crescente";"Céu Claro";"Simples";"Curva";"Não";1;0;1;0;0;0;1;1;-9,7781;-54,9036;"SPRF-MT";"DEL06-MT";"UOP03-DEL06-MT"
770626;2026-05-09;"sábado";"18:24:00";"PI";230;309;"FLORIANO";"Iluminação deficiente";"Tombamento";"Com Vítimas Feridas";"Plena Noite";"Crescente";"Céu Claro";"Simples";"Reta";"Sim";2;0;0;1;1;0;1;2;-6,766523;-43,00911;"SPRF-PI";"DEL03-PI";"UOP01-DEL03-PI"
770627;2026-05-09;"sábado";"21:20:00";"SP";116;283;"EMBU DAS ARTES";"Condutor deixou de manter distância do veículo da frente";"Colisão traseira";"Com Vítimas Feridas";"Plena Noite";"Decrescente";"Céu Claro";"Dupla";"Reta";"Sim";5;0;0;1;4;0;1;2;-23,66824106;-46,85544748;"SPRF-SP";"DEL04-SP";"UOP01-DEL04-SP"
770628;2026-05-09;"sábado";"19:45:00";"RJ";116;146;"DUQUE DE CAXIAS";"Reação tardia ou ineficiente do condutor";"Queda de ocupante de veículo";"Com Vítimas Feridas";"Plena Noite";"Decrescente";"Céu Claro";"Simples";"Reta";"Não";1;0;1;0;0;0;1;1;-22,6665;-43,2625;"SPRF-RJ";"DEL01-RJ";"UOP02-DEL01-RJ"
770629;2026-05-09;"sábado";"20:40:00";"PR";376;159,8;"MANDAGUACU";"Ingestão de álcool pelo condutor";"Colisão transversal";"Com Vítimas Feridas";"Plena Noite";"Crescente";"Chuva";"Dupla";"Curva;Retorno Regulamentado;Aclive";"Sim";3;0;2;0;1;0;2;2;-23,36546212;-52,08152533;"SPRF-PR";"DEL09-PR";"UOP02-DEL09-PR"
770630;2026-05-09;"sábado";"21:30:00";"MG";381;938;"EXTREMA";"Desrespeitar a preferência no cruzamento";"Colisão traseira";"Sem Vítimas";"Plena Noite";"Crescente";"Nublado";"Dupla";"Curva;Retorno Regulamentado";"Não";2;0;0;0;2;0;0;2;-22,81610126;-46,29280007;"SPRF-MG";"DEL16-MG";"UOP03-DEL16-MG"
770631;2026-05-09;"sábado";"20:20:00";"RJ";40;122;"DUQUE DE CAXIAS";"Ausência de reação do condutor";"Colisão traseira";"Com Vítimas Feridas";"Plena Noite";"Crescente";"Céu Claro";"Múltipla";"Reta";"Sim";2;0;1;0;1;0;1;2;-22,796674;-43,28914;"SPRF-RJ";"DEL01-RJ";"UOP02-DEL01-RJ"
770632;2026-05-09;"sábado";"21:50:00";"SC";282;576;"PINHALZINHO";"Ausência de reação do condutor";"Capotamento";"Com Vítimas Feridas";"Plena Noite";"Crescente";"Céu Claro";"Simples";"Reta";"Não";2;0;2;0;0;0;2;1;-26,867384;-52,965162;"SPRF-SC";"DEL07-SC";"UOP02-DEL07-SC"
770633;2026-05-09;"sábado";"18:30:00";"RO";364;708;"PORTO VELHO";"Ausência de reação do condutor";"Colisão lateral sentido oposto";"Com Vítimas Feridas";"Plena Noite";"Crescente";"Céu Claro";"Dupla";"Reta";"Sim";2;0;1;0;1;0;1;2;-8,80127899;-63,80104065;"SPRF-RO";"DEL01-RO";"UOP01-DEL01-RO"
770634;2026-05-09;"sábado";"22:20:00";"SC";282;224,4;"LAGES";"Ausência de reação do condutor";"Saída de leito carroçável";"Com Vítimas Feridas";"Plena Noite";"Crescente";"Nublado";"Simples";"Curva";"Não";2;0;1;0;1;0;1;1;-27,7932169;-50,3719956;"SPRF-SC";"DEL05-SC";"UOP02-DEL05-SC"