"id";"data_inversa";"dia_semana";"horario";"uf";"br";"km";"municipio";"causa_acidente";"tipo_acidente";"classificacao_acidente";"fase_dia";"sentido_via";"condicao_metereologica";"tipo_pista";"tracado_via";"uso_solo";"pessoas";"mortos";"feridos_leves";"feridos_graves";"ilesos";"ignorados";"feridos";"veiculos";"latitude";"longitude";"regional";"delegacia";"uop"
770738;2026-05-09;"sábado";"21:00:00";"PA";10;61,7;"ULIANOPOLIS";"Acumulo de areia ou detritos sobre o pavimento";"Saída de leito carroçável";"Com Vítimas Feridas";"Plena Noite";"Crescente";"Chuva";"Simples";"Declive;Reta";"Não";4;0;3;1;0;0;4;1;-3,906053;-47,528122;"SPRF-PA";"DEL02-PA";"UOP02-DEL02-PA"
770740;2026-05-10;"domingo";"10:00:00";"MG";146;439;"CABO VERDE";"Acessar a via sem observar a presença dos outros veículos";"Colisão transversal";"Com Vítimas Feridas";"Pleno dia";"Decrescente";"Céu Claro";"Simples";"Reta";"Não";3;0;2;0;1;0;2;2;-21,463177;-46,404914;"SPRF-MG";"DEL09-MG";"UOP01-DEL09-MG"
770741;2026-05-10;"domingo";"11:00:00";"SP";116;511;"CAJATI";"Chuva";"Capotamento";"Com Vítimas Feridas";"Pleno dia";"Decrescente";"Chuva";"Simples";"Curva";"Não";1;0;1;0;0;0;1;1;-24,81540708;-48,20869446;"SPRF-SP";"DEL05-SP";"UOP02-DEL05-SP"
770742;2026-05-10;"domingo";"10:40:00";"RS";116;323;"BARRA DO RIBEIRO";"Conversão proibida";"Colisão lateral mesmo sentido";"Sem Vítimas";"Pleno dia";"Crescente";"Céu Claro";"Dupla";"Reta";"Não";7;0;0;0;7;0;0;2;-30,32805731;-51,42217129;"SPRF-RS";"DEL02-RS";"UOP01-DEL02-RS"
770743;2026-05-10;"domingo";"10:58:00";"RJ";493;0;"ITABORAI";"Avarias e/ou desgaste excessivo no pneu";"Tombamento";"Com Vítimas Feridas";"Pleno dia";"Crescente";"Nublado";"Simples";"Reta;Em Obras";"Sim";2;0;2;0;0;0;2;1;-22,76926884;-42,92246745;"SPRF-RJ";"DEL02-RJ";"UOP02-DEL02-RJ"
770744;2026-05-08;"sexta-feira";"07:25:00";"MG";381;726,8;"CARMO DA CACHOEIRA";"Reação tardia ou ineficiente do condutor";"Colisão com objeto";"Com Vítimas Feridas";"Pleno dia";"Decrescente";"Céu Claro";"Dupla";"Curva;Aclive";"Não";2;0;1;0;1;0;1;1;-21,47906485;-45,20108923;"SPRF-MG";"DEL04-MG";"UOP02-DEL04-MG"
770745;2026-05-10;"domingo";"09:09:00";"MT";70;206;"GENERAL CARNEIRO";"Neblina";"Capotamento";"Sem Vítimas";"Pleno dia";"Crescente";"Nevoeiro/Neblina";"Simples";"Reta";"Não";2;0;0;0;2;0;0;1;-15,7171;-53,767;"SPRF-MT";"DEL05-MT";"UOP01-DEL05-MT"
770747;2026-05-10;"domingo";"11:40:00";"SC";282;196;"BIGUACU";"Condutor deixou de manter distância do veículo da frente";"Colisão traseira";"Com Vítimas Feridas";"Pleno dia";"Decrescente";"Céu Claro";"Dupla";"Reta";"Sim";3;0;1;0;1;1;1;2;-27,51091838;-48,64285195;"SPRF-SC";"DEL05-SC";"UOP01-DEL05-SC"
770749;2026-05-10;"domingo";"11:00:00";"GO";60;273;"JANDAIA";"Acessar a via sem observar a presença dos outros veículos";"Colisão com objeto";"Com Vítimas Feridas";"Pleno dia";"Decrescente";"Céu Claro";"Dupla";"Reta";"Não";1;0;0;1;0;0;1;1;-17,216918;-50,173993;"SPRF-GO";"DEL01-GO";"UOP02-DEL01-GO"
770751;2026-05-10;"domingo";"12:40:00";"MG";365;629;"UBERLANDIA";"Velocidade Incompatível";"Colisão traseira";"Com Vítimas Feridas";"Pleno dia";"Crescente";"Céu Claro";"Dupla";"Aclive;Reta";"Não";4;0;3;0;1;0;3;2;-18,89991318;-48,36751771;"SPRF-MG";"DEL15-MG";"UOP01-DEL15-MG"
770752;2026-05-10;"domingo";"11:40:00";"MS";463;102,8;"PONTA PORA";"Acessar a via sem observar a presença dos outros veículos";"Colisão transversal";"Com Vítimas Feridas";"Pleno dia";"Crescente";"Céu Claro";"Simples";"Rotatória";"Não";2;0;1;0;1;0;1;2;-22,61323295;-55,63963501;"SPRF-MS";"DEL04-MS";"UOP03-DEL04-MS"
770753;2026-05-10;"domingo";"11:10:00";"RJ";40;76,8;"PETROPOLIS";"Velocidade Incompatível";"Colisão lateral mesmo sentido";"Com Vítimas Fatais";"Pleno dia";"Crescente";"Céu Claro";"Dupla";"Curva";"Não";3;1;0;0;2;0;0;2;-22,46937308;-43,22858602;"SPRF-RJ";"DEL01-RJ";"UOP01-DEL01-RJ"
770754;2026-05-10;"domingo";"11:00:00";"PE";101;57;"RECIFE";"Reação tardia ou ineficiente do condutor";"Tombamento";"Com Vítimas Feridas";"Pleno dia";"Decrescente";"Nublado";"Dupla";"Retorno Regulamentado";"Sim";1;0;1;0;0;0;1;1;-7,96395733;-34,915826;"SPRF-PE";"DEL01-PE";"UOP02-DEL01-PE"
770755;2026-05-10;"domingo";"11:58:00";"PR";116;7,6;"CAMPINA GRANDE DO SUL";"Chuva";"Colisão com objeto";"Com Vítimas Feridas";"Pleno dia";"Crescente";"Chuva";"Dupla";"Curva";"Não";4;0;1;0;3;0;1;1;-25,0811326;-48,620242;"SPRF-PR";"DEL01-PR";"UOP02-DEL01-PR"
770756;2026-05-10;"domingo";"12:25:00";"PR";277;635,9;"CEU AZUL";"Acessar a via sem observar a presença dos outros veículos";"Colisão transversal";"Sem Vítimas";"Pleno dia";"Crescente";"Céu Claro";"Dupla";"Interseção de Vias";"Não";2;0;0;0;2;0;0;2;-25,12597179;-53,81840453;"SPRF-PR";"DEL05-PR";"UOP02-DEL05-PR"
770757;2026-05-10;"domingo";"10:50:00";"SP";116;54;"LORENA";"Demais falhas mecânicas ou elétricas";"Colisão com objeto";"Com Vítimas Feridas";"Pleno dia";"Decrescente";"Céu Claro";"Dupla";"Reta";"Sim";2;0;2;0;0;0;2;1;-22,76138909;-45,11851659;"SPRF-SP";"DEL08-SP";"UOP02-DEL08-SP"
770759;2026-05-10;"domingo";"08:30:00";"MA";226;4,1;"TIMON";"Ausência de reação do condutor";"Colisão traseira";"Com Vítimas Fatais";"Pleno dia";"Crescente";"Nublado";"Simples";"Reta";"Sim";3;1;0;1;1;0;1;2;-5,139777;-42,850962;"SPRF-MA";"DEL03-MA";"UOP02-DEL03-MA"
770760;2026-05-10;"domingo";"12:15:00";"MS";163;561;"BANDEIRANTES";"Reação tardia ou ineficiente do condutor";"Tombamento";"Com Vítimas Feridas";"Pleno dia";"Decrescente";"Céu Claro";"Dupla";"Reta";"Não";2;0;1;0;1;0;1;1;-19,806968;-54,370724;"SPRF-MS";"DEL01-MS";"UOP02-DEL01-MS"
770761;2026-05-10;"domingo";"11:15:00";"RS";287;279;"SAO PEDRO DO SUL";"Transitar na contramão";"Colisão frontal";"Com Vítimas Fatais";"Pleno dia";"Crescente";"Céu Claro";"Simples";"Reta";"Não";10;1;3;0;6;0;3;2;-29,643606;-54,166478;"SPRF-RS";"DEL09-RS";"UOP01-DEL09-RS"
770763;2026-05-10;"domingo";"13:20:00";"SC";101;120;"ITAJAI";"Ausência de reação do condutor";"Queda de ocupante de veículo";"Com Vítimas Feridas";"Pleno dia";"Crescente";"Céu Claro";"Simples";"Curva;Viaduto;Retorno Regulamentado;Ponte";"Não";1;0;1;0;0;0;1;1;-26,91871089;-48,71008933;"SPRF-SC";"DEL04-SC";"UOP04-DEL04-SC"
770764;2026-05-10;"domingo";"12:49:00";"PE";232;33;"MORENO";"Ausência de reação do condutor";"Colisão traseira";"Com Vítimas Feridas";"Pleno dia";"Crescente";"Céu Claro";"Dupla";"Reta";"Não";3;0;0;1;2;0;1;2;-8,10560063;-35,1768264;"SPRF-PE";"DEL02-PE";"UOP02-DEL02PE"
770765;2026-05-10;"domingo";"10:40:00";"MG";262;375;"JUATUBA";"Velocidade Incompatível";"Queda de ocupante de veículo";"Com Vítimas Feridas";"Pleno dia";"Crescente";"Céu Claro";"Dupla";"Curva;Aclive";"Não";1;0;0;1;0;0;1;1;-19,936234;-44,433159;"SPRF-MG";"DEL01-MG";"UOP03-DEL01-MG"
770766;2026-05-10;"domingo";"13:35:00";"ES";101;144;"LINHARES";"Reação tardia ou ineficiente do condutor";"Colisão traseira";"Com Vítimas Feridas";"Pleno dia";"Decrescente";"Céu Claro";"Dupla";"Interseção de Vias";"Sim";2;0;1;0;1;0;1;2;-19,3979815;-40,0630002;"SPRF-ES";"DEL04-ES";"UOP01-DEL04-ES"
770767;2026-05-10;"domingo";"13:12:00";"BA";116;8,8;"VITORIA DA CONQUISTA";"Reação tardia ou ineficiente do condutor";"Colisão traseira";"Com Vítimas Feridas";"Pleno dia";"Decrescente";"Sol";"Simples";"Reta";"Não";4;0;0;1;3;0;1;2;-14,85026;-40,88337;"SPRF-BA";"DEL08-BA";"UOP01-DEL08-BA"
770768;2026-05-10;"domingo";"13:40:00";"PR";116;43;"CAMPINA GRANDE DO SUL";"Reação tardia ou ineficiente do condutor";"Colisão lateral mesmo sentido";"Com Vítimas Feridas";"Pleno dia";"Crescente";"Chuva";"Múltipla";"Curva";"Não";5;0;1;0;4;0;1;2;-25,185752;-48,886042;"SPRF-PR";"DEL01-PR";"UOP02-DEL01-PR"
770770;2026-05-10;"domingo";"10:00:00";"RJ";116;109;"GUAPIMIRIM";"Reação tardia ou ineficiente do condutor";"Colisão com objeto";"Sem Vítimas";"Pleno dia";"Decrescente";"Nublado";"Dupla";"Reta";"Não";1;0;0;0;1;0;0;1;-22,5501787;-42,9892663;"SPRF-RJ";"DEL04-RJ";"UOP01-DEL04-RJ"
770771;2026-05-10;"domingo";"09:15:00";"MG";381;157;"GOVERNADOR VALADARES";"Ausência de reação do condutor";"Tombamento";"Com Vítimas Feridas";"Pleno dia";"Decrescente";"Sol";"Simples";"Declive;Reta";"Não";1;0;1;0;0;0;1;1;-18,9232;-42,017597;"SPRF-MG";"DEL06-MG";"UOP01-DEL06-MG"
770773;2026-05-10;"domingo";"13:15:00";"SC";470;10;"NAVEGANTES";"Velocidade Incompatível";"Tombamento";"Com Vítimas Feridas";"Pleno dia";"Decrescente";"Céu Claro";"Dupla";"Viaduto;Rotatória";"Não";1;0;0;1;0;0;1;1;-26,83412776;-48,74086468;"SPRF-SC";"DEL04-SC";"UOP04-DEL04-SC"
770775;2026-05-10;"domingo";"13:40:00";"MG";381;921,6;"CAMANDUCAIA";"Pista Escorregadia";"Engavetamento";"Com Vítimas Feridas";"Pleno dia";"Decrescente";"Nublado";"Dupla";"Curva;Aclive";"Não";11;0;1;0;10;0;1;4;-22,764837;-46,173176;"SPRF-MG";"DEL16-MG";"UOP03-DEL16-MG"
770776;2026-05-10;"domingo";"11:00:00";"PE";424;11;"ARCOVERDE";"Ausência de reação do condutor";"Saída de leito carroçável";"Com Vítimas Feridas";"Pleno dia";"Crescente";"Chuva";"Simples";"Aclive;Reta";"Não";1;0;0;1;0;0;1;1;-8,498165;-36,992938;"SPRF-PE";"DEL04-PE";"UOP02-DEL04-PE"
770777;2026-05-10;"domingo";"11:23:00";"RJ";393;283;"VOLTA REDONDA";"Manobra de mudança de faixa";"Colisão transversal";"Com Vítimas Feridas";"Pleno dia";"Decrescente";"Céu Claro";"Múltipla";"Reta;Aclive;Retorno Regulamentado";"Sim";8;0;6;0;1;1;6;3;-22,490501;-44,064407;"SPRF-RJ";"DEL05-RJ";"UOP04-DEL05-RJ"
770780;2026-05-10;"domingo";"14:41:00";"RN";101;95,5;"NATAL";"Chuva";"Colisão frontal";"Com Vítimas Feridas";"Pleno dia";"Decrescente";"Chuva";"Dupla";"Declive";"Sim";3;0;1;1;1;0;2;2;-5,84351;-35,20941;"SPRF-RN";"DEL01-RN";"UOP01-DEL01-RN"
770781;2026-05-10;"domingo";"15:00:00";"RJ";101;475;"ANGRA DOS REIS";"Pista Escorregadia";"Capotamento";"Sem Vítimas";"Pleno dia";"Crescente";"Garoa/Chuvisco";"Simples";"Reta";"Não";1;0;0;0;1;0;0;1;-23,00166531;-44,25789781;"SPRF-RJ";"DEL03-RJ";"UOP03-DEL03-RJ"
770782;2026-05-10;"domingo";"14:30:00";"MG";381;363,5;"SAO GONCALO DO RIO ABAIXO";"Condutor Dormindo";"Saída de leito carroçável";"Com Vítimas Feridas";"Pleno dia";"Decrescente";"Céu Claro";"Simples";"Reta";"Não";2;0;1;1;0;0;2;1;-19,851684;-43,266912;"SPRF-MG";"DEL03-MG";"UOP01-DEL03-MG"
770784;2026-05-10;"domingo";"14:45:00";"PR";153;48;"SANTO ANTONIO DA PLATINA";"Acumulo de areia ou detritos sobre o pavimento";"Colisão com objeto";"Sem Vítimas";"Pleno dia";"Decrescente";"Nublado";"Simples";"Reta";"Não";1;0;0;0;1;0;0;1;-23,36162;-50,06466;"SPRF-PR";"DEL07-PR";"UOP04-DEL07-PR"
770785;2026-05-10;"domingo";"11:00:00";"ES";101;86,4;"SAO MATEUS";"Reação tardia ou ineficiente do condutor";"Colisão frontal";"Sem Vítimas";"Pleno dia";"Crescente";"Sol";"Simples";"Reta";"Não";2;0;0;0;2;0;0;2;-18,86766584;-39,94138448;"SPRF-ES";"DEL04-ES";"UOP02-DEL04-ES"
770786;2026-05-10;"domingo";"14:54:00";"BA";101;168;"CONCEICAO DO JACUIPE";"Acessar a via sem observar a presença dos outros veículos";"Colisão traseira";"Com Vítimas Feridas";"Pleno dia";"Crescente";"Céu Claro";"Simples";"Reta";"Sim";2;0;1;0;1;0;1;2;-12,35974722;-38,83742094;"SPRF-BA";"DEL11-BA";"UOP02-DEL11-BA"
770788;2026-05-10;"domingo";"14:40:00";"PR";376;634;"SAO JOSE DOS PINHAIS";"Velocidade Incompatível";"Colisão com objeto";"Com Vítimas Feridas";"Pleno dia";"Decrescente";"Céu Claro";"Dupla";"Curva";"Não";1;0;1;0;0;0;1;1;-25,7339133;-49,1320595;"SPRF-PR";"DEL01-PR";"UOP04-DEL01-PR"
770789;2026-05-10;"domingo";"14:20:00";"MT";158;632;"NOVA XAVANTINA";"Ausência de reação do condutor";"Saída de leito carroçável";"Com Vítimas Feridas";"Pleno dia";"Crescente";"Sol";"Simples";"Curva";"Não";1;0;0;1;0;0;1;1;-14,53582865;-52,36396791;"SPRF-MT";"DEL07-MT";"UOP02-DEL07-MT"
770790;2026-05-10;"domingo";"11:30:00";"AL";101;115;"PILAR";"Ultrapassagem Indevida";"Colisão frontal";"Com Vítimas Feridas";"Pleno dia";"Crescente";"Nublado";"Simples";"Declive;Curva";"Não";2;0;0;1;1;0;1;2;-9,641746;-36,024585;"SPRF-AL";"DEL02-AL";"UOP01-DEL02-AL"
770791;2026-05-10;"domingo";"14:45:00";"RJ";116;88;"TERESOPOLIS";"Ausência de reação do condutor";"Colisão com objeto";"Com Vítimas Feridas";"Pleno dia";"Crescente";"Céu Claro";"Simples";"Reta";"Não";1;0;1;0;0;0;1;1;-22,454296;-42,955436;"SPRF-RJ";"DEL04-RJ";"UOP01-DEL04-RJ"
770792;2026-05-10;"domingo";"11:00:00";"SP";381;72;"SAO PAULO";"Reação tardia ou ineficiente do condutor";"Colisão lateral mesmo sentido";"Sem Vítimas";"Pleno dia";"Crescente";"Chuva";"Múltipla";"Curva;Declive";"Não";2;0;0;0;2;0;0;2;-23,368004;-46,552972;"SPRF-SP";"DEL03-SP";"UOP01-DEL03-SP"
770793;2026-05-10;"domingo";"13:50:00";"ES";101;338,6;"GUARAPARI";"Ingestão de álcool pelo condutor";"Colisão com objeto";"Sem Vítimas";"Pleno dia";"Crescente";"Céu Claro";"Dupla";"Curva";"Não";1;0;0;0;0;1;0;1;-20,643754;-40,555108;"SPRF-ES";"DEL03-ES";"UOP01-DEL03-ES"
770794;2026-05-10;"domingo";"15:30:00";"MG";262;831,1;"UBERABA";"Reação tardia ou ineficiente do condutor";"Saída de leito carroçável";"Com Vítimas Feridas";"Pleno dia";"Crescente";"Céu Claro";"Dupla";"Reta";"Não";1;0;1;0;0;0;1;1;-19,75655;-48,263461;"SPRF-MG";"DEL13-MG";"UOP01-DEL13-MG"
770796;2026-05-10;"domingo";"15:10:00";"MG";262;427;"NOVA SERRANA";"Reação tardia ou ineficiente do condutor";"Saída de leito carroçável";"Com Vítimas Feridas";"Pleno dia";"Crescente";"Céu Claro";"Dupla";"Reta";"Não";4;0;0;2;1;1;2;1;-19,87508568;-44,95034605;"SPRF-MG";"DEL08-MG";"UOP03-DEL08-MG"
770797;2026-05-10;"domingo";"15:41:00";"PE";101;40,7;"IGARASSU";"Frear bruscamente";"Saída de leito carroçável";"Com Vítimas Feridas";"Pleno dia";"Crescente";"Chuva";"Dupla";"Reta";"Sim";1;0;1;0;0;0;1;1;-7,826135;-34,915303;"SPRF-PE";"DEL01-PE";"UOP02-DEL01-PE"
770799;2026-05-10;"domingo";"07:30:00";"MG";381;748,2;"TRES CORACOES";"Ausência de reação do condutor";"Colisão com objeto";"Sem Vítimas";"Pleno dia";"Decrescente";"Céu Claro";"Dupla";"Reta";"Não";1;0;0;0;0;1;0;1;-21,63221816;-45,27740479;"SPRF-MG";"DEL16-MG";"UOP02-DEL16-MG"
770800;2026-05-10;"domingo";"09:00:00";"PA";230;714;"BRASIL NOVO";"Transitar na contramão";"Colisão frontal";"Com Vítimas Feridas";"Pleno dia";"Decrescente";"Nublado";"Simples";"Aclive;Reta";"Não";3;0;0;1;2;0;1;2;-3,37548;-52,66017;"SPRF-PA";"DEL04-PA";"UOP01-DEL04-PA"
770801;2026-05-10;"domingo";"15:30:00";"SP";381;68;"MAIRIPORA";"Pista Escorregadia";"Capotamento";"Com Vítimas Feridas";"Pleno dia";"Decrescente";"Chuva";"Múltipla";"Declive;Curva";"Não";3;0;1;0;1;1;1;2;-23,34246932;-46,57347995;"SPRF-SP";"DEL03-SP";"UOP01-DEL03-SP"
770803;2026-05-10;"domingo";"15:40:00";"PI";316;292;"PICOS";"Conversão proibida";"Colisão transversal";"Com Vítimas Feridas";"Pleno dia";"Decrescente";"Céu Claro";"Simples";"Reta";"Não";2;0;1;0;1;0;1;2;-7,008433;-41,598095;"SPRF-PI";"DEL04-PI";"UOP01-DEL04-PI"
770804;2026-05-10;"domingo";"15:30:00";"GO";40;10,3;"LUZIANIA";"Acessar a via sem observar a presença dos outros veículos";"Colisão traseira";"Com Vítimas Feridas";"Pleno dia";"Decrescente";"Céu Claro";"Dupla";"Retorno Regulamentado;Reta";"Sim";2;0;1;0;1;0;1;2;-16,143919;-47,946488;"SPRF-DF";"DEL01-DF";"UOP01-DEL01-DF"
770805;2026-05-10;"domingo";"15:25:00";"RS";386;75;"JABOTICABA";"Acessar a via sem observar a presença dos outros veículos";"Colisão transversal";"Com Vítimas Feridas";"Pleno dia";"Decrescente";"Nublado";"Simples";"Aclive;Interseção de Vias;Rotatória";"Sim";4;0;1;0;3;0;1;2;-27,68658206;-53,30764739;"SPRF-RS";"DEL08-RS";"UOP02-DEL08-RS"
770807;2026-05-10;"domingo";"14:35:00";"BA";101;809;"ITAMARAJU";"Reação tardia ou ineficiente do condutor";"Colisão lateral sentido oposto";"Com Vítimas Feridas";"Pleno dia";"Crescente";"Céu Claro";"Simples";"Declive;Curva";"Sim";2;0;0;1;1;0;1;2;-17,04398353;-39,54460144;"SPRF-BA";"DEL09-BA";"UOP01-DEL09-BA"
770808;2026-05-10;"domingo";"15:10:00";"SP";381;71;"MAIRIPORA";"Reação tardia ou ineficiente do condutor";"Colisão com objeto";"Com Vítimas Feridas";"Pleno dia";"Decrescente";"Chuva";"Múltipla";"Curva;Aclive";"Não";1;0;1;0;0;0;1;1;-23,354299;-46,550608;"SPRF-SP";"DEL03-SP";"UOP01-DEL03-SP"
770811;2026-05-10;"domingo";"16:20:00";"RN";101;69;"EXTREMOZ";"Desrespeitar a preferência no cruzamento";"Colisão transversal";"Sem Vítimas";"Pleno dia";"Crescente";"Nublado";"Simples";"Reta;Interseção de Vias;Aclive";"Sim";11;0;0;0;11;0;0;2;-5,67177721;-35,25899714;"SPRF-RN";"DEL02-RN";"UOP01-DEL02-RN"
770812;2026-05-10;"domingo";"14:40:00";"PI";316;13,3;"TERESINA";"Acessar a via sem observar a presença dos outros veículos";"Colisão transversal";"Sem Vítimas";"Pleno dia";"Crescente";"Céu Claro";"Dupla";"Retorno Regulamentado";"Não";2;0;0;0;0;2;0;2;-5,212198;-42,754698;"SPRF-PI";"DEL01-PI";"UOP02-DEL01-PI"
770813;2026-05-10;"domingo";"12:15:00";"AC";307;184;"CRUZEIRO DO SUL";"Manobra de mudança de faixa";"Colisão lateral sentido oposto";"Com Vítimas Fatais";"Pleno dia";"Crescente";"Nublado";"Simples";"Curva";"Não";3;1;0;2;0;0;2;2;-7,67355647;-72,63927251;"SPRF-AC";"DEL01-AC";"UOP03-DEL01-AC"
770814;2026-05-10;"domingo";"16:10:00";"PR";272;409;"JANIOPOLIS";"Acessar a via sem observar a presença dos outros veículos";"Colisão lateral mesmo sentido";"Com Vítimas Feridas";"Pleno dia";"Decrescente";"Céu Claro";"Simples";"Aclive;Reta";"Não";2;0;1;0;1;0;1;2;-24,1348038;-52,78037874;"SPRF-PR";"DEL09-PR";"UOP03-DEL09-PR"
770815;2026-05-10;"domingo";"12:55:00";"PI";230;197;"OEIRAS";"Conversão proibida";"Colisão transversal";"Com Vítimas Fatais";"Pleno dia";"Decrescente";"Céu Claro";"Simples";"Reta";"Sim";3;1;0;1;0;1;1;3;-7,013685;-42,135122;"SPRF-PI";"DEL04-PI";"UOP01-DEL04-PI"
770816;2026-05-10;"domingo";"16:00:00";"PR";467;105;"CASCAVEL";"Velocidade Incompatível";"Saída de leito carroçável";"Sem Vítimas";"Pleno dia";"Crescente";"Céu Claro";"Dupla";"Reta";"Não";2;0;0;0;2;0;0;1;-24,913214;-53,5001236;"SPRF-PR";"DEL04-PR";"UOP01-DEL04-PR"
770818;2026-05-10;"domingo";"16:06:00";"MS";262;402,7;"TERENOS";"Ultrapassagem Indevida";"Saída de leito carroçável";"Sem Vítimas";"Pleno dia";"Crescente";"Céu Claro";"Simples";"Reta";"Não";7;0;0;0;7;0;0;2;-20,424773;-55,041957;"SPRF-MS";"DEL01-MS";"UOP03-DEL01-MS"
770819;2026-05-10;"domingo";"16:00:00";"MG";381;937;"EXTREMA";"Velocidade Incompatível";"Saída de leito carroçável";"Com Vítimas Feridas";"Pleno dia";"Crescente";"Chuva";"Dupla";"Curva;Declive";"Não";2;0;1;0;1;0;1;1;-22,812358;-46,28598;"SPRF-MG";"DEL16-MG";"UOP03-DEL16-MG"
770821;2026-05-10;"domingo";"12:00:00";"GO";153;187;"URUACU";"Retorno proibido";"Colisão traseira";"Com Vítimas Feridas";"Pleno dia";"Decrescente";"Céu Claro";"Simples";"Reta";"Não";2;0;0;1;1;0;1;2;-14,46960298;-49,156048;"SPRF-GO";"DEL07-GO";"UOP02-DEL07-GO"
770822;2026-05-10;"domingo";"16:25:00";"RJ";40;84;"PETROPOLIS";"Pista Escorregadia";"Colisão lateral mesmo sentido";"Com Vítimas Feridas";"Pleno dia";"Decrescente";"Chuva";"Simples";"Aclive;Reta";"Não";3;0;2;0;1;0;2;2;-22,55221742;-43,22750283;"SPRF-RJ";"DEL01-RJ";"UOP01-DEL01-RJ"
770823;2026-05-10;"domingo";"16:50:00";"RS";470;336,1;"TRIUNFO";"Reação tardia ou ineficiente do condutor";"Saída de leito carroçável";"Com Vítimas Feridas";"Pleno dia";"Decrescente";"Céu Claro";"Simples";"Curva";"Não";1;0;1;0;0;0;1;1;-29,89986;-51,70806;"SPRF-RS";"DEL04-RS";"UOP02-DEL04-RS"
770825;2026-05-10;"domingo";"15:10:00";"SC";282;658;"SAO MIGUEL DO OESTE";"Ingestão de álcool pelo condutor";"Saída de leito carroçável";"Com Vítimas Feridas";"Pleno dia";"Crescente";"Nublado";"Simples";"Declive;Reta";"Não";1;0;1;0;0;0;1;1;-26,67858117;-53,55937958;"SPRF-SC";"DEL07-SC";"UOP03-DEL07-SC"
770827;2026-05-10;"domingo";"16:30:00";"SC";280;67,1;"JARAGUA DO SUL";"Condutor deixou de manter distância do veículo da frente";"Colisão traseira";"Com Vítimas Feridas";"Pleno dia";"Decrescente";"Céu Claro";"Simples";"Reta";"Não";2;0;0;1;1;0;1;2;-26,472357;-49,111757;"SPRF-SC";"DEL03-SC";"UOP03-DEL03-SC"
770828;2026-05-10;"domingo";"17:20:00";"RS";101;11;"MAQUINE";"Acessar a via sem observar a presença dos outros veículos";"Colisão transversal";"Com Vítimas Feridas";"Anoitecer";"Crescente";"Céu Claro";"Simples";"Reta";"Não";7;0;7;0;0;0;7;2;-29,76134537;-50,16918389;"SPRF-RS";"DEL03-RS";"UOP01-DEL03-RS"
770830;2026-05-10;"domingo";"16:38:00";"PE";428;187;"PETROLINA";"Acessar a via sem observar a presença dos outros veículos";"Colisão traseira";"Com Vítimas Feridas";"Pleno dia";"Decrescente";"Céu Claro";"Dupla";"Reta";"Sim";2;0;0;1;1;0;1;2;-9,365607;-40,483198;"SPRF-PE";"DEL06-PE";"UOP01-DEL06-PE"
770831;2026-05-10;"domingo";"18:00:00";"SC";101;199;"SAO JOSE";"Reação tardia ou ineficiente do condutor";"Colisão traseira";"Com Vítimas Feridas";"Anoitecer";"Crescente";"Céu Claro";"Múltipla";"Reta";"Sim";4;0;2;0;2;0;2;3;-27,53631;-48,62727;"SPRF-SC";"DEL01-SC";"UOP01-DEL01-SC"
770832;2026-05-10;"domingo";"18:07:00";"MG";267;270,7;"AIURUOCA";"Ingestão de álcool pelo condutor";"Colisão transversal";"Com Vítimas Feridas";"Plena Noite";"Crescente";"Céu Claro";"Simples";"Interseção de Vias";"Não";7;0;6;0;1;0;6;2;-21,93456155;-44,64199305;"SPRF-MG";"DEL17-MG";"UOP01-DEL17-MG"
770833;2026-05-10;"domingo";"15:30:00";"RJ";116;253;"PIRAI";"Reação tardia ou ineficiente do condutor";"Queda de ocupante de veículo";"Com Vítimas Feridas";"Pleno dia";"Decrescente";"Céu Claro";"Múltipla";"Aclive;Curva";"Não";1;0;0;1;0;0;1;1;-22,57836476;-43,98201799;"SPRF-RJ";"DEL07-RJ";"UOP01-DEL07-RJ"
770834;2026-05-10;"domingo";"15:50:00";"RJ";393;253,3;"BARRA DO PIRAI";"Mal súbito do condutor";"Queda de ocupante de veículo";"Com Vítimas Feridas";"Pleno dia";"Crescente";"Nublado";"Simples";"Reta";"Sim";1;0;0;1;0;0;1;1;-22,4408788;-43,7820478;"SPRF-RJ";"DEL05-RJ";"UOP04-DEL05-RJ"
770836;2026-05-10;"domingo";"18:30:00";"PR";153;36;"SANTO ANTONIO DA PLATINA";"Ausência de reação do condutor";"Queda de ocupante de veículo";"Com Vítimas Feridas";"Plena Noite";"Decrescente";"Céu Claro";"Simples";"Declive;Reta";"Não";1;0;1;0;0;0;1;1;-23,26393549;-50,06082281;"SPRF-PR";"DEL07-PR";"UOP04-DEL07-PR"
770837;2026-05-10;"domingo";"18:20:00";"RS";0;0;"TORRES";"Acessar a via sem observar a presença dos outros veículos";"Colisão lateral sentido oposto";"Com Vítimas Feridas";"Anoitecer";"Não Informado";"Céu Claro";"Simples";"Interseção de Vias";"Sim";3;0;2;0;1;0;2;2;-29,33982111;-49,72784936;"SPRF-RS";"DEL03-RS";"UOP02-DEL03-RS"
770839;2026-05-10;"domingo";"18:45:00";"RS";293;12,2;"CAPAO DO LEAO";"Condutor deixou de manter distância do veículo da frente";"Colisão traseira";"Com Vítimas Feridas";"Plena Noite";"Decrescente";"Céu Claro";"Simples";"Reta";"Sim";3;0;1;0;2;0;1;2;-31,75481787;-52,44917806;"SPRF-RS";"DEL07-RS";"UOP01-DEL07-RS"