"id";"data_inversa";"dia_semana";"horario";"uf";"br";"km";"municipio";"causa_acidente";"tipo_acidente";"classificacao_acidente";"fase_dia";"sentido_via";"condicao_metereologica";"tipo_pista";"tracado_via";"uso_solo";"pessoas";"mortos";"feridos_leves";"feridos_graves";"ilesos";"ignorados";"feridos";"veiculos";"latitude";"longitude";"regional";"delegacia";"uop"
770840;2026-05-10;"domingo";"18:00:00";"RJ";116;137;"MAGE";"Manobra de mudança de faixa";"Colisão transversal";"Com Vítimas Feridas";"Anoitecer";"Decrescente";"Chuva";"Dupla";"Reta";"Não";2;0;1;0;1;0;1;2;-22,647448;-43,187838;"SPRF-RJ";"DEL04-RJ";"UOP02-DEL04-RJ"
770841;2026-05-10;"domingo";"18:50:00";"SP";116;202;"ARUJA";"Ausência de reação do condutor";"Colisão traseira";"Sem Vítimas";"Plena Noite";"Crescente";"Chuva";"Dupla";"Declive";"Não";5;0;0;0;5;0;0;5;-23,4088;-46,3432;"SPRF-SP";"DEL01-SP";"UOP01-DEL01-SP"
770842;2026-05-10;"domingo";"18:50:00";"RS";472;140,4;"TRES DE MAIO";"Ingestão de álcool pelo condutor";"Saída de leito carroçável";"Com Vítimas Feridas";"Plena Noite";"Crescente";"Céu Claro";"Simples";"Reta";"Não";1;0;0;1;0;0;1;1;-27,775195;-54,317517;"SPRF-RS";"DEL10-RS";"UOP01-DEL10-RS"
770844;2026-05-10;"domingo";"13:20:00";"SC";101;96,4;"BARRA VELHA";"Avarias e/ou desgaste excessivo no pneu";"Tombamento";"Com Vítimas Feridas";"Pleno dia";"Crescente";"Céu Claro";"Dupla";"Reta";"Não";2;0;2;0;0;0;2;1;-26,7202604;-48,70245016;"SPRF-SC";"DEL03-SC";"UOP02-DEL03-SC"
770846;2026-05-10;"domingo";"17:55:00";"RJ";356;122;"CAMPOS DOS GOYTACAZES";"Reação tardia ou ineficiente do condutor";"Colisão transversal";"Com Vítimas Feridas";"Anoitecer";"Crescente";"Nublado";"Simples";"Reta";"Sim";2;0;2;0;0;0;2;2;-21,649952;-41,395967;"SPRF-RJ";"DEL08-RJ";"UOP01-DEL08-RJ"
770847;2026-05-10;"domingo";"18:30:00";"RS";386;435;"NOVA SANTA RITA";"Acessar a via sem observar a presença dos outros veículos";"Colisão transversal";"Com Vítimas Feridas";"Plena Noite";"Decrescente";"Céu Claro";"Dupla";"Retorno Regulamentado;Curva";"Sim";2;0;2;0;0;0;2;2;-29,8500917;-51,27110928;"SPRF-RS";"DEL04-RS";"UOP02-DEL04-RS"
770848;2026-05-10;"domingo";"17:30:00";"PR";163;219,9;"CASCAVEL";"Ingestão de álcool pelo condutor";"Capotamento";"Sem Vítimas";"Plena Noite";"Crescente";"Nublado";"Dupla";"Reta";"Não";1;0;0;0;1;0;0;1;-24,8571;-53,59178;"SPRF-PR";"DEL04-PR";"UOP01-DEL04-PR"
770849;2026-05-10;"domingo";"18:10:00";"RJ";493;18;"GUAPIMIRIM";"Transitar na contramão";"Colisão frontal";"Com Vítimas Feridas";"Plena Noite";"Decrescente";"Chuva";"Dupla";"Reta";"Sim";4;0;4;0;0;0;4;2;-22,66820906;-43,01231716;"SPRF-RJ";"DEL04-RJ";"UOP02-DEL04-RJ"
770851;2026-05-10;"domingo";"18:30:00";"SC";101;212,7;"PALHOCA";"Reação tardia ou ineficiente do condutor";"Colisão traseira";"Com Vítimas Feridas";"Plena Noite";"Decrescente";"Céu Claro";"Múltipla";"Reta";"Sim";6;0;2;0;4;0;2;2;-27,635009;-48,663645;"SPRF-SC";"DEL01-SC";"UOP02-DEL01-SC"
770853;2026-05-10;"domingo";"18:15:00";"SC";282;575;"PINHALZINHO";"Condutor deixou de manter distância do veículo da frente";"Colisão traseira";"Sem Vítimas";"Plena Noite";"Crescente";"Nublado";"Simples";"Reta";"Não";2;0;0;0;2;0;0;2;-26,86861532;-52,96330114;"SPRF-SC";"DEL07-SC";"UOP02-DEL07-SC"
770854;2026-05-10;"domingo";"19:30:00";"SC";101;134;"BALNEARIO CAMBORIU";"Entrada inopinada do pedestre";"Atropelamento de Pedestre";"Com Vítimas Feridas";"Plena Noite";"Crescente";"Nublado";"Múltipla";"Reta";"Sim";2;0;1;1;0;0;2;2;-27,00237006;-48,63553047;"SPRF-SC";"DEL04-SC";"UOP03-DEL04-SC"
770855;2026-05-10;"domingo";"19:00:00";"PR";277;716;"SANTA TEREZINHA DE ITAIPU";"Condutor deixou de manter distância do veículo da frente";"Engavetamento";"Com Vítimas Feridas";"Plena Noite";"Decrescente";"Céu Claro";"Dupla";"Reta";"Sim";5;0;1;0;3;1;1;4;-25,46686957;-54,45299355;"SPRF-PR";"DEL05-PR";"UOP01-DEL05-PR"
770857;2026-05-10;"domingo";"17:40:00";"BA";101;109;"ALAGOINHAS";"Ingestão de álcool pelo condutor";"Colisão lateral sentido oposto";"Sem Vítimas";"Anoitecer";"Crescente";"Céu Claro";"Simples";"Reta";"Não";2;0;0;0;2;0;0;2;-12,15320487;-38,40276909;"SPRF-BA";"DEL01-BA";"UOP04-DEL01-BA"
770858;2026-05-10;"domingo";"18:00:00";"PR";153;327;"IRATI";"Acessar a via sem observar a presença dos outros veículos";"Colisão transversal";"Com Vítimas Feridas";"Plena Noite";"Crescente";"Céu Claro";"Dupla";"Reta";"Sim";2;0;1;0;1;0;1;2;-25,45537903;-50,61977355;"SPRF-PR";"DEL08-PR";"UOP02-DEL08-PR"
770861;2026-05-10;"domingo";"18:30:00";"PA";163;984;"SANTAREM";"Chuva";"Saída de leito carroçável";"Sem Vítimas";"Plena Noite";"Crescente";"Chuva";"Simples";"Curva;Declive";"Não";1;0;0;0;1;0;0;1;-2,606427;-54,720213;"SPRF-PA";"DEL05-PA";"UOP01-DEL05-PA"
770863;2026-05-10;"domingo";"15:30:00";"RJ";101;449;"MANGARATIBA";"Ausência de reação do condutor";"Colisão traseira";"Com Vítimas Feridas";"Pleno dia";"Crescente";"Garoa/Chuvisco";"Simples";"Reta";"Não";2;0;1;0;1;0;1;2;-22,917894;-43,9132113;"SPRF-RJ";"DEL03-RJ";"UOP02-DEL03-RJ"
770864;2026-05-10;"domingo";"17:40:00";"RJ";101;437;"MANGARATIBA";"Demais falhas mecânicas ou elétricas";"Colisão com objeto";"Com Vítimas Feridas";"Amanhecer";"Crescente";"Chuva";"Simples";"Curva;Declive";"Não";2;0;1;0;1;0;1;1;-22,94904747;-44,06373739;"SPRF-RJ";"DEL03-RJ";"UOP02-DEL03-RJ"
770865;2026-05-10;"domingo";"19:00:00";"SP";116;68,8;"APARECIDA";"Demais falhas mecânicas ou elétricas";"Incêndio";"Sem Vítimas";"Plena Noite";"Crescente";"Nublado";"Dupla";"Reta";"Não";4;0;0;0;4;0;0;1;-22,83841969;-45,22346275;"SPRF-SP";"DEL08-SP";"UOP01-DEL08-SP"
770866;2026-05-10;"domingo";"19:00:00";"RS";290;430,6;"SAO GABRIEL";"Animais na Pista";"Saída de leito carroçável";"Sem Vítimas";"Plena Noite";"Decrescente";"Céu Claro";"Simples";"Reta";"Não";2;0;0;0;2;0;0;1;-30,30946725;-54,42180634;"SPRF-RS";"DEL11-RS";"UOP02-DEL11-RS"
770868;2026-05-10;"domingo";"18:40:00";"RJ";101;422;"MANGARATIBA";"Conversão proibida";"Colisão frontal";"Com Vítimas Feridas";"Plena Noite";"Decrescente";"Chuva";"Simples";"Curva";"Não";3;0;1;0;2;0;1;2;-22,91704369;-43,93064324;"SPRF-RJ";"DEL03-RJ";"UOP02-DEL03-RJ"
770869;2026-05-10;"domingo";"18:55:00";"BA";116;461;"SANTO ESTEVAO";"Ingestão de álcool pelo condutor";"Colisão lateral sentido oposto";"Sem Vítimas";"Plena Noite";"Crescente";"Céu Claro";"Dupla";"Reta;Viaduto;Rotatória";"Sim";2;0;0;0;1;1;0;2;-12,44666531;-39,24232411;"SPRF-BA";"DEL02-BA";"UOP01-DEL02-BA"
770870;2026-05-10;"domingo";"19:00:00";"PE";101;130,5;"ESCADA";"Transitar no Acostamento";"Colisão traseira";"Sem Vítimas";"Plena Noite";"Crescente";"Nublado";"Dupla";"Reta";"Sim";2;0;0;0;0;2;0;2;-8,391877;-35,256535;"SPRF-PE";"DEL01-PE";"UOP03-DEL01-PE"
770872;2026-05-10;"domingo";"19:12:00";"MG";40;513,3;"RIBEIRAO DAS NEVES";"Ausência de reação do condutor";"Queda de ocupante de veículo";"Com Vítimas Feridas";"Plena Noite";"Crescente";"Céu Claro";"Dupla";"Reta";"Sim";2;0;1;0;0;1;1;2;-19,795233;-44,10989;"SPRF-MG";"DEL01-MG";"UOP02-DEL01-MG"
770873;2026-05-10;"domingo";"18:30:00";"MG";381;510;"SAO JOAQUIM DE BICAS";"Ingestão de álcool pelo condutor";"Colisão lateral sentido oposto";"Sem Vítimas";"Plena Noite";"Crescente";"Céu Claro";"Simples";"Reta";"Sim";2;0;0;0;2;0;0;2;-20,056245;-44,286826;"SPRF-MG";"DEL01-MG";"UOP03-DEL01-MG"
770874;2026-05-10;"domingo";"18:40:00";"MT";70;304;"POXOREU";"Reação tardia ou ineficiente do condutor";"Saída de leito carroçável";"Com Vítimas Feridas";"Plena Noite";"Decrescente";"Nublado";"Simples";"Reta";"Não";2;0;0;1;1;0;1;1;-15,575985;-54,50199;"SPRF-MT";"DEL05-MT";"UOP01-DEL05-MT"
770875;2026-05-10;"domingo";"17:45:00";"MG";262;37,1;"MANHUACU";"Ingestão de álcool pelo condutor";"Engavetamento";"Sem Vítimas";"Plena Noite";"Crescente";"Nublado";"Simples";"Reta";"Sim";3;0;0;0;3;0;0;3;-20,27136649;-42,03940666;"SPRF-MG";"DEL06-MG";"UOP03-DEL06-MG"
770877;2026-04-23;"quinta-feira";"20:30:00";"SC";101;117;"ITAJAI";"Manobra de mudança de faixa";"Colisão transversal";"Com Vítimas Feridas";"Plena Noite";"Crescente";"Céu Claro";"Dupla";"Reta";"Sim";2;0;1;0;1;0;1;2;-26,88744407;-48,72273143;"SPRF-SC";"DEL04-SC";"UOP04-DEL04-SC"
770878;2026-05-10;"domingo";"18:35:00";"MT";364;209;"RONDONOPOLIS";"Ingestão de álcool pelo condutor";"Saída de leito carroçável";"Sem Vítimas";"Plena Noite";"Decrescente";"Céu Claro";"Dupla";"Reta";"Não";1;0;0;0;1;0;0;1;-16,43333;-54,68681;"SPRF-MT";"DEL02-MT";"UOP01-DEL02-MT"
770879;2026-02-24;"terça-feira";"04:11:00";"PE";232;196;"SANHARO";"Transitar na contramão";"Colisão frontal";"Com Vítimas Feridas";"Plena Noite";"Decrescente";"Garoa/Chuvisco";"Simples";"Reta";"Não";5;0;0;5;0;0;5;2;-8,3685036;-36,5796815;"SPRF-PE";"DEL03-PE";"UOP02-DEL03-PE"
770881;2026-05-10;"domingo";"20:20:00";"SP";116;148;"SAO JOSE DOS CAMPOS";"Manobra de mudança de faixa";"Colisão traseira";"Sem Vítimas";"Plena Noite";"Crescente";"Nublado";"Múltipla";"Reta";"Não";2;0;0;0;2;0;0;1;-23,20255831;-45,88193178;"SPRF-SP";"DEL02-SP";"UOP01-DEL02-SP"
770882;2026-05-10;"domingo";"19:00:00";"PB";230;454;"SOUSA";"Transitar na contramão";"Colisão frontal";"Com Vítimas Feridas";"Plena Noite";"Decrescente";"Nublado";"Simples";"Reta";"Não";3;0;0;1;2;0;1;2;-6,776647;-38,18711;"SPRF-PB";"DEL03-PB";"UOP03-DEL03-PB"
770883;2026-05-10;"domingo";"20:00:00";"DF";20;10,2;"BRASILIA";"Pedestre - Ingestão de álcool/ substâncias psicoativas";"Atropelamento de Pedestre";"Com Vítimas Feridas";"Plena Noite";"Crescente";"Céu Claro";"Dupla";"Reta";"Sim";3;0;0;3;0;0;3;2;-15,6491883;-47,7717967;"SPRF-DF";"DEL02-DF";"UOP01-DEL02-DF"
770884;2026-05-10;"domingo";"17:50:00";"RJ";101;282;"ITABORAI";"Condutor deixou de manter distância do veículo da frente";"Colisão traseira";"Sem Vítimas";"Anoitecer";"Crescente";"Garoa/Chuvisco";"Dupla";"Reta";"Não";2;0;0;0;2;0;0;2;-22,736317;-42,800491;"SPRF-RJ";"DEL02-RJ";"UOP02-DEL02-RJ"
770887;2026-05-10;"domingo";"20:50:00";"RJ";40;91;"PETROPOLIS";"Velocidade Incompatível";"Saída de leito carroçável";"Com Vítimas Feridas";"Plena Noite";"Decrescente";"Chuva";"Dupla";"Curva";"Não";1;0;1;0;0;0;1;1;-22,56459733;-43,23725492;"SPRF-RJ";"DEL01-RJ";"UOP01-DEL01-RJ"
770888;2026-05-10;"domingo";"18:00:00";"RJ";101;105;"DUQUE DE CAXIAS";"Trafegar com motocicleta (ou similar) entre as faixas";"Colisão lateral sentido oposto";"Com Vítimas Feridas";"Pleno dia";"Crescente";"Chuva";"Simples";"Reta";"Não";2;0;1;0;0;1;1;2;-22,64016925;-43,28401289;"SPRF-RJ";"DEL08-RJ";"UOP02-DEL08-RJ"
770889;2026-05-10;"domingo";"19:00:00";"SC";470;162;"TROMBUDO CENTRAL";"Reação tardia ou ineficiente do condutor";"Tombamento";"Com Vítimas Feridas";"Plena Noite";"Decrescente";"Céu Claro";"Simples";"Curva;Aclive";"Não";1;0;1;0;0;0;1;1;-27,27962;-49,82158;"SPRF-SC";"DEL04-SC";"UOP02-DEL04-SC"
770891;2026-05-10;"domingo";"21:40:00";"MG";381;924,6;"CAMANDUCAIA";"Velocidade Incompatível";"Capotamento";"Com Vítimas Feridas";"Plena Noite";"Crescente";"Chuva";"Dupla";"Curva";"Não";6;0;0;1;4;1;1;3;-22,769946;-46,194274;"SPRF-MG";"DEL16-MG";"UOP03-DEL16-MG"
770892;2026-05-10;"domingo";"21:05:00";"ES";101;19;"VIANA";"Demais falhas mecânicas ou elétricas";"Colisão com objeto";"Sem Vítimas";"Plena Noite";"Decrescente";"Nublado";"Simples";"Reta";"Sim";2;0;0;0;1;1;0;2;-20,386499;-40,49592;"SPRF-ES";"DEL04-ES";"UOP02-DEL04-ES"
770893;2026-05-10;"domingo";"19:10:00";"RS";468;73,5;"CAMPO NOVO";"Reação tardia ou ineficiente do condutor";"Saída de leito carroçável";"Com Vítimas Feridas";"Plena Noite";"Crescente";"Céu Claro";"Simples";"Reta";"Não";1;0;1;0;0;0;1;1;-27,69523229;-53,84433746;"SPRF-RS";"DEL08-RS";"UOP02-DEL08-RS"
770894;2026-05-10;"domingo";"20:40:00";"SC";101;338;"TUBARAO";"Ausência de reação do condutor";"Colisão com objeto";"Com Vítimas Feridas";"Plena Noite";"Decrescente";"Nublado";"Múltipla";"Reta";"Não";1;0;1;0;0;0;1;1;-28,50228089;-49,04726028;"SPRF-SC";"DEL02-SC";"UOP01-DEL02-SC"
770896;2026-05-10;"domingo";"18:40:00";"PE";428;173;"PETROLINA";"Acessar a via sem observar a presença dos outros veículos";"Colisão transversal";"Com Vítimas Feridas";"Plena Noite";"Decrescente";"Ignorado";"Simples";"Interseção de Vias";"Não";2;0;1;1;0;0;2;2;-9,2608579;-40,42954516;"SPRF-PE";"DEL06-PE";"UOP01-DEL06-PE"
770897;2026-05-10;"domingo";"21:30:00";"RJ";116;187;"NOVA IGUACU";"Trafegar com motocicleta (ou similar) entre as faixas";"Colisão lateral mesmo sentido";"Com Vítimas Feridas";"Plena Noite";"Decrescente";"Céu Claro";"Dupla";"Reta";"Sim";3;0;2;0;1;0;2;2;-22,73843737;-43,47958446;"SPRF-RJ";"DEL06-RJ";"UOP01-DEL06-RJ"
770898;2026-05-10;"domingo";"19:28:00";"ES";101;192,1;"ARACRUZ";"Velocidade Incompatível";"Colisão traseira";"Com Vítimas Fatais";"Plena Noite";"Decrescente";"Céu Claro";"Simples";"Reta";"Não";5;1;0;1;3;0;1;3;-19,69461179;-40,2962937;"SPRF-ES";"DEL04-ES";"UOP01-DEL04-ES"
770899;2026-05-10;"domingo";"19:40:00";"MS";262;486,4;"ANASTACIO";"Reação tardia ou ineficiente do condutor";"Saída de leito carroçável";"Com Vítimas Feridas";"Plena Noite";"Decrescente";"Nublado";"Simples";"Reta";"Não";5;0;0;2;3;0;2;1;-20,50001606;-55,78567719;"SPRF-MS";"DEL03-MS";"UOP01-DEL03-MS"
770900;2026-05-10;"domingo";"19:10:00";"RO";364;716;"PORTO VELHO";"Manobra de mudança de faixa";"Colisão lateral mesmo sentido";"Sem Vítimas";"Plena Noite";"Crescente";"Nublado";"Dupla";"Aclive;Interseção de Vias";"Sim";2;0;0;0;1;1;0;2;-8,785927;-63,898699;"SPRF-RO";"DEL01-RO";"UOP01-DEL01-RO"
770901;2026-05-10;"domingo";"21:10:00";"GO";153;514,1;"APARECIDA DE GOIANIA";"Ingestão de álcool pelo condutor";"Colisão transversal";"Com Vítimas Feridas";"Plena Noite";"Decrescente";"Céu Claro";"Dupla";"Interseção de Vias";"Não";6;0;1;1;4;0;2;2;-16,82694476;-49,24221614;"SPRF-GO";"DEL01-GO";"UOP03-DEL01-GO"
770902;2026-05-10;"domingo";"21:11:00";"RJ";116;292;"BARRA MANSA";"Reação tardia ou ineficiente do condutor";"Colisão com objeto";"Com Vítimas Feridas";"Plena Noite";"Crescente";"Chuva";"Dupla";"Reta";"Não";1;0;1;0;0;0;1;1;-22,47;-44,279077;"SPRF-RJ";"DEL07-RJ";"UOP02-DEL07-RJ"
770903;2026-05-10;"domingo";"20:40:00";"SC";470;1;"GASPAR";"Ingestão de álcool pelo condutor";"Colisão frontal";"Sem Vítimas";"Plena Noite";"Crescente";"Céu Claro";"Simples";"Reta";"Não";2;0;0;0;2;0;0;2;-26,92604376;-48,95855427;"SPRF-SC";"DEL04-SC";"UOP01-DEL04-SC"
770904;2026-04-30;"quinta-feira";"19:15:00";"BA";407;4,5;"JUAZEIRO";"Desrespeitar a preferência no cruzamento";"Colisão transversal";"Com Vítimas Feridas";"Plena Noite";"Crescente";"Chuva";"Dupla";"Rotatória;Interseção de Vias";"Sim";2;0;1;0;1;0;1;2;-9,442694;-40,492932;"SPRF-PE";"DEL06-PE";"UOP01-DEL06-PE"
770906;2026-05-10;"domingo";"21:19:00";"SP";116;228;"SAO PAULO";"Ausência de reação do condutor";"Colisão traseira";"Com Vítimas Feridas";"Plena Noite";"Crescente";"Chuva";"Múltipla";"Reta";"Sim";2;0;1;0;1;0;1;2;-23,50369676;-46,56764388;"SPRF-SP";"DEL01-SP";"UOP01-DEL01-SP"
770907;2026-05-10;"domingo";"22:29:00";"MG";262;35,5;"MANHUACU";"Acesso irregular";"Colisão transversal";"Com Vítimas Feridas";"Plena Noite";"Decrescente";"Céu Claro";"Simples";"Interseção de Vias;Curva";"Sim";4;0;1;1;2;0;2;2;-20,2599406;-42,035839;"SPRF-MG";"DEL06-MG";"UOP03-DEL06-MG"
770909;2026-05-10;"domingo";"19:17:00";"MT";163;659;"LUCAS DO RIO VERDE";"Ausência de reação do condutor";"Saída de leito carroçável";"Com Vítimas Feridas";"Plena Noite";"Decrescente";"Céu Claro";"Simples";"Reta";"Não";2;0;1;0;0;1;1;1;-13,31471929;-56,04451418;"SPRF-MT";"DEL06-MT";"UOP01-DEL06-MT"
770910;2026-05-10;"domingo";"22:00:00";"ES";101;299;"VIANA";"Ausência de reação do condutor";"Tombamento";"Com Vítimas Feridas";"Plena Noite";"Decrescente";"Céu Claro";"Múltipla";"Reta";"Sim";1;0;1;0;0;0;1;1;-20,357681;-40,429255;"SPRF-ES";"DEL01-ES";"UOP01-DEL01-ES"
770911;2026-05-10;"domingo";"22:45:00";"SP";116;124;"CACAPAVA";"Reação tardia ou ineficiente do condutor";"Atropelamento de Pedestre";"Com Vítimas Feridas";"Plena Noite";"Crescente";"Céu Claro";"Dupla";"Reta";"Não";2;0;1;0;0;1;1;2;-23,09275396;-45,67743397;"SPRF-SP";"DEL02-SP";"UOP02-DEL02-SP"
770912;2026-05-10;"domingo";"18:30:00";"MG";40;337,5;"FELIXLANDIA";"Ultrapassagem Indevida";"Saída de leito carroçável";"Com Vítimas Feridas";"Plena Noite";"Decrescente";"Céu Claro";"Simples";"Reta";"Não";4;0;1;1;2;0;2;1;-18,639598;-45,002146;"SPRF-MG";"DEL14-MG";"UOP02-DEL14-MG"
770913;2026-05-10;"domingo";"18:50:00";"GO";60;259,7;"INDIARA";"Velocidade Incompatível";"Saída de leito carroçável";"Com Vítimas Feridas";"Plena Noite";"Decrescente";"Nublado";"Dupla";"Reta;Aclive";"Não";1;0;1;0;0;0;1;1;-17,167925;-50,051073;"SPRF-GO";"DEL01-GO";"UOP02-DEL01-GO"
770914;2026-05-10;"domingo";"22:00:00";"SC";116;11,7;"MAFRA";"Ausência de reação do condutor";"Saída de leito carroçável";"Sem Vítimas";"Plena Noite";"Crescente";"Nublado";"Simples";"Reta";"Não";1;0;0;0;1;0;0;1;-26,178687;-49,864052;"SPRF-SC";"DEL06-SC";"UOP01-DEL06-SC"
770915;2026-05-10;"domingo";"19:50:00";"RO";364;232;"CACOAL";"Reação tardia ou ineficiente do condutor";"Colisão traseira";"Com Vítimas Feridas";"Plena Noite";"Crescente";"Céu Claro";"Simples";"Declive;Reta";"Sim";4;0;0;2;1;1;2;3;-11,464272;-61,409565;"SPRF-RO";"DEL02-RO";"UOP02-DEL02-RO"
770916;2026-05-10;"domingo";"21:58:00";"RJ";116;298;"PORTO REAL";"Chuva";"Queda de ocupante de veículo";"Com Vítimas Feridas";"Plena Noite";"Crescente";"Chuva";"Dupla";"Reta";"Não";1;0;1;0;0;0;1;1;-22,44971833;-44,32561167;"SPRF-RJ";"DEL07-RJ";"UOP02-DEL07-RJ"
770917;2026-05-10;"domingo";"19:00:00";"MT";163;872;"SINOP";"Condutor deixou de manter distância do veículo da frente";"Colisão traseira";"Com Vítimas Feridas";"Plena Noite";"Decrescente";"Céu Claro";"Simples";"Reta;Aclive";"Não";3;0;3;0;0;0;3;1;-11,544429;-55,395901;"SPRF-MT";"DEL06-MT";"UOP02-DEL06-MT"
770918;2026-05-10;"domingo";"21:20:00";"MG";262;388;"PARA DE MINAS";"Reação tardia ou ineficiente do condutor";"Colisão com objeto";"Com Vítimas Feridas";"Plena Noite";"Crescente";"Céu Claro";"Dupla";"Curva";"Não";2;0;2;0;0;0;2;1;-19,902658;-44,54589;"SPRF-MG";"DEL01-MG";"UOP03-DEL01-MG"
770920;2026-05-10;"domingo";"19:25:00";"ES";101;140,1;"LINHARES";"Velocidade Incompatível";"Colisão transversal";"Com Vítimas Feridas";"Plena Noite";"Crescente";"Céu Claro";"Múltipla";"Reta";"Sim";3;0;1;1;0;1;2;2;-19,31885857;-40,07528186;"SPRF-ES";"DEL04-ES";"UOP01-DEL04-ES"
770921;2026-05-10;"domingo";"22:48:00";"RN";406;160,2;"CEARA-MIRIM";"Transitar na contramão";"Colisão transversal";"Sem Vítimas";"Plena Noite";"Crescente";"Céu Claro";"Simples";"Reta";"Sim";3;0;0;0;3;0;0;2;-5,71576889;-35,37067228;"SPRF-RN";"DEL02-RN";"UOP01-DEL02-RN"
770922;2026-05-10;"domingo";"23:00:00";"SP";381;74;"SAO PAULO";"Pista Escorregadia";"Colisão com objeto";"Com Vítimas Feridas";"Plena Noite";"Crescente";"Garoa/Chuvisco";"Múltipla";"Declive;Curva";"Sim";1;0;1;0;0;0;1;1;-23,3739605;-46,5600521;"SPRF-SP";"DEL03-SP";"UOP01-DEL03-SP"
770923;2026-05-10;"domingo";"19:15:00";"CE";222;313;"TIANGUA";"Ingestão de álcool pelo condutor";"Engavetamento";"Com Vítimas Feridas";"Plena Noite";"Crescente";"Chuva";"Múltipla";"Interseção de Vias;Viaduto";"Sim";4;0;1;0;3;0;1;3;-3,7330295;-41,00231767;"SPRF-CE";"DEL04-CE";"UOP02-DEL04-CE"
770924;2026-05-10;"domingo";"23:00:00";"DF";20;15,3;"BRASILIA";"Ausência de reação do condutor";"Queda de ocupante de veículo";"Com Vítimas Feridas";"Pleno dia";"Crescente";"Céu Claro";"Dupla";"Desvio Temporário;Em Obras;Reta";"Sim";1;0;0;1;0;0;1;1;-15,62923729;-47,73094922;"SPRF-DF";"DEL02-DF";"UOP01-DEL02-DF"
770926;2026-05-10;"domingo";"23:00:00";"SP";116;95,4;"PINDAMONHANGABA";"Ingestão de álcool pelo condutor";"Colisão com objeto";"Sem Vítimas";"Plena Noite";"Crescente";"Chuva";"Dupla";"Reta";"Não";1;0;0;0;1;0;0;1;-22,96781845;-45,43570569;"SPRF-SP";"DEL08-SP";"UOP01-DEL08-SP"
770928;2026-05-10;"domingo";"22:48:00";"RJ";465;0;"SEROPEDICA";"Ausência de reação do condutor";"Colisão traseira";"Sem Vítimas";"Plena Noite";"Crescente";"Chuva";"Simples";"Reta";"Não";2;0;0;0;2;0;0;2;-22,71532523;-43,73031233;"SPRF-RJ";"DEL06-RJ";"UOP02-DEL06-RJ"
770929;2026-05-10;"domingo";"21:50:00";"MG";381;923,5;"CAMANDUCAIA";"Pista Escorregadia";"Colisão com objeto";"Com Vítimas Feridas";"Plena Noite";"Decrescente";"Garoa/Chuvisco";"Dupla";"Curva;Declive";"Não";3;0;1;1;1;0;2;1;-22,774591;-46,185658;"SPRF-MG";"DEL16-MG";"UOP03-DEL16-MG"
770930;2026-05-10;"domingo";"22:55:00";"PI";316;39,5;"LAGOA DO PIAUI";"Ultrapassagem Indevida";"Colisão lateral sentido oposto";"Com Vítimas Fatais";"Plena Noite";"Crescente";"Garoa/Chuvisco";"Simples";"Reta";"Sim";2;1;0;0;0;1;0;2;-5,40747393;-42,64828205;"SPRF-PI";"DEL01-PI";"UOP02-DEL01-PI"
770931;2026-05-10;"domingo";"22:15:00";"MA";230;399,8;"BALSAS";"Reação tardia ou ineficiente do condutor";"Colisão traseira";"Com Vítimas Feridas";"Plena Noite";"Crescente";"Céu Claro";"Simples";"Reta";"Não";3;0;2;0;1;0;2;2;-7,49352;-46,024958;"SPRF-MA";"DEL05-MA";"UOP01-DEL05-MA"
770932;2026-05-10;"domingo";"20:55:00";"RJ";40;104;"DUQUE DE CAXIAS";"Conversão proibida";"Colisão transversal";"Com Vítimas Feridas";"Plena Noite";"Decrescente";"Chuva";"Simples";"Aclive";"Não";3;0;0;2;1;0;2;2;-22,63496;-43,28484;"SPRF-RJ";"DEL01-RJ";"UOP02-DEL01-RJ"
770933;2026-05-10;"domingo";"23:30:00";"AL";316;252;"PILAR";"Transitar na contramão";"Colisão traseira";"Com Vítimas Feridas";"Plena Noite";"Decrescente";"Céu Claro";"Simples";"Reta";"Não";4;0;0;1;1;2;1;2;-9,572722;-35,965422;"SPRF-AL";"DEL02-AL";"UOP01-DEL02-AL"
770935;2026-05-11;"segunda-feira";"00:15:00";"PE";101;83,9;"JABOATAO DOS GUARARAPES";"Ingestão de álcool pelo condutor";"Colisão traseira";"Com Vítimas Feridas";"Plena Noite";"Decrescente";"Céu Claro";"Dupla";"Reta";"Sim";4;0;1;0;3;0;1;3;-8,17722;-34,94444;"SPRF-PE";"DEL01-PE";"UOP01-DEL01-PE"
770936;2026-05-11;"segunda-feira";"00:10:00";"PR";376;228,9;"APUCARANA";"Ausência de reação do condutor";"Saída de leito carroçável";"Com Vítimas Feridas";"Plena Noite";"Crescente";"Céu Claro";"Dupla";"Reta;Declive";"Não";1;0;0;1;0;0;1;1;-23,56839;-51,54647;"SPRF-PR";"DEL07-PR";"UOP03-DEL07-PR"
770938;2026-05-11;"segunda-feira";"00:30:00";"MG";40;726,7;"OLIVEIRA FORTES";"Reação tardia ou ineficiente do condutor";"Saída de leito carroçável";"Com Vítimas Feridas";"Plena Noite";"Crescente";"Chuva";"Dupla";"Curva";"Não";2;0;2;0;0;0;2;1;-21,35845519;-43,58070374;"SPRF-MG";"DEL05-MG";"UOP01-DEL05-MG"
770939;2026-05-11;"segunda-feira";"00:10:00";"SC";480;127,5;"CHAPECO";"Velocidade Incompatível";"Saída de leito carroçável";"Com Vítimas Fatais";"Plena Noite";"Decrescente";"Céu Claro";"Múltipla";"Reta;Aclive";"Não";1;1;0;0;0;0;0;1;-27,02338164;-52,63479614;"SPRF-SC";"DEL07-SC";"UOP01-DEL07-SC"