"id";"data_inversa";"dia_semana";"horario";"uf";"br";"km";"municipio";"causa_acidente";"tipo_acidente";"classificacao_acidente";"fase_dia";"sentido_via";"condicao_metereologica";"tipo_pista";"tracado_via";"uso_solo";"pessoas";"mortos";"feridos_leves";"feridos_graves";"ilesos";"ignorados";"feridos";"veiculos";"latitude";"longitude";"regional";"delegacia";"uop"
770944;2026-05-11;"segunda-feira";"01:00:00";"SC";470;186;"POUSO REDONDO";"Reação tardia ou ineficiente do condutor";"Colisão com objeto";"Com Vítimas Feridas";"Plena Noite";"Crescente";"Vento";"Simples";"Curva;Aclive";"Não";2;0;2;0;0;0;2;1;-27,25611;-50,04556;"SPRF-SC";"DEL04-SC";"UOP02-DEL04-SC"
770945;2026-05-11;"segunda-feira";"04:00:00";"RJ";101;309;"SAO GONCALO";"Pedestre cruzava a pista fora da faixa";"Atropelamento de Pedestre";"Com Vítimas Feridas";"Plena Noite";"Crescente";"Chuva";"Dupla";"Reta";"Sim";2;0;1;0;1;0;1;2;-22,79580631;-43,03730965;"SPRF-RJ";"DEL02-RJ";"UOP02-DEL02-RJ"
770946;2026-05-10;"domingo";"22:30:00";"SC";470;143;"RIO DO SUL";"Ausência de reação do condutor";"Saída de leito carroçável";"Sem Vítimas";"Plena Noite";"Crescente";"Céu Claro";"Simples";"Reta";"Não";1;0;0;0;0;1;0;1;-27,22457;-49,6649;"SPRF-SC";"DEL04-SC";"UOP02-DEL04-SC"
770947;2026-05-11;"segunda-feira";"03:15:00";"BA";101;723;"EUNAPOLIS";"Ausência de reação do condutor";"Queda de ocupante de veículo";"Com Vítimas Feridas";"Plena Noite";"Decrescente";"Nublado";"Simples";"Reta";"Não";1;0;0;1;0;0;1;1;-16,41174862;-39,58796881;"SPRF-BA";"DEL09-BA";"UOP01-DEL09-BA"
770948;2026-05-11;"segunda-feira";"03:00:00";"ES";101;12,2;"PEDRO CANARIO";"Ingestão de álcool pelo condutor";"Colisão transversal";"Com Vítimas Feridas";"Plena Noite";"Crescente";"Céu Claro";"Simples";"Reta";"Não";3;0;0;1;1;1;1;2;-18,26349084;-39,95688379;"SPRF-ES";"DEL04-ES";"UOP02-DEL04-ES"
770949;2026-05-11;"segunda-feira";"05:15:00";"MG";381;498,9;"BETIM";"Ingestão de álcool pelo condutor";"Colisão com objeto";"Sem Vítimas";"Amanhecer";"Crescente";"Nublado";"Dupla";"Reta";"Não";2;0;0;0;2;0;0;2;-19,99924569;-44,2108175;"SPRF-MG";"DEL01-MG";"UOP03-DEL01-MG"
770950;2026-05-11;"segunda-feira";"05:30:00";"ES";101;67;"SAO MATEUS";"Condutor deixou de manter distância do veículo da frente";"Colisão traseira";"Com Vítimas Feridas";"Amanhecer";"Decrescente";"Céu Claro";"Múltipla";"Reta";"Sim";2;0;1;0;1;0;1;2;-18,71874609;-39,86922953;"SPRF-ES";"DEL04-ES";"UOP02-DEL04-ES"
770953;2026-05-11;"segunda-feira";"06:15:00";"RS";293;13,8;"CAPAO DO LEAO";"Animais na Pista";"Atropelamento de Animal";"Sem Vítimas";"Amanhecer";"Decrescente";"Céu Claro";"Simples";"Reta";"Sim";1;0;0;0;1;0;0;1;-31,75345599;-52,45867476;"SPRF-RS";"DEL07-RS";"UOP01-DEL07-RS"
770954;2026-05-11;"segunda-feira";"06:10:00";"BA";116;829;"VITORIA DA CONQUISTA";"Transitar na contramão";"Colisão frontal";"Com Vítimas Feridas";"Pleno dia";"Decrescente";"Nevoeiro/Neblina";"Simples";"Reta";"Sim";2;0;1;1;0;0;2;2;-14,90279308;-40,86970774;"SPRF-BA";"DEL08-BA";"UOP01-DEL08-BA"
770955;2026-05-11;"segunda-feira";"06:35:00";"PE";232;7;"RECIFE";"Trafegar com motocicleta (ou similar) entre as faixas";"Colisão lateral mesmo sentido";"Com Vítimas Feridas";"Pleno dia";"Decrescente";"Nublado";"Dupla";"Reta";"Não";3;0;2;0;1;0;2;2;-8,07382;-34,963107;"SPRF-PE";"DEL01-PE";"UOP01-DEL01-PE"
770956;2026-05-11;"segunda-feira";"06:30:00";"RJ";101;462;"ANGRA DOS REIS";"Pista Escorregadia";"Colisão com objeto";"Com Vítimas Feridas";"Amanhecer";"Decrescente";"Chuva";"Simples";"Curva";"Não";2;0;1;0;1;0;1;1;-23,0310831;-44,17362213;"SPRF-RJ";"DEL03-RJ";"UOP03-DEL03-RJ"
770958;2026-05-11;"segunda-feira";"06:40:00";"SP";116;285;"ITAPECERICA DA SERRA";"Reação tardia ou ineficiente do condutor";"Colisão lateral mesmo sentido";"Com Vítimas Feridas";"Pleno dia";"Decrescente";"Nublado";"Dupla";"Reta";"Sim";2;0;1;0;1;0;1;2;-23,68532823;-46,85943348;"SPRF-SP";"DEL04-SP";"UOP01-DEL04-SP"
770960;2026-05-11;"segunda-feira";"03:00:00";"PI";222;51;"BRASILEIRA";"Pedestre - Ingestão de álcool/ substâncias psicoativas";"Atropelamento de Pedestre";"Com Vítimas Fatais";"Plena Noite";"Decrescente";"Nublado";"Simples";"Reta";"Não";2;1;0;0;0;1;0;2;-4,147831;-41,64024353;"SPRF-PI";"DEL02-PI";"UOP01-DEL02-PI"
770961;2026-05-11;"segunda-feira";"06:28:00";"PB";230;38,2;"SANTA RITA";"Manobra de mudança de faixa";"Colisão lateral mesmo sentido";"Com Vítimas Feridas";"Pleno dia";"Decrescente";"Chuva";"Dupla";"Reta";"Sim";3;0;2;0;1;0;2;2;-7,134652;-34,962852;"SPRF-PB";"DEL01-PB";"UOP02-DEL01-PB"
770963;2026-05-11;"segunda-feira";"07:00:00";"MG";262;786;"UBERABA";"Animais na Pista";"Atropelamento de Animal";"Com Vítimas Feridas";"Amanhecer";"Crescente";"Nevoeiro/Neblina";"Dupla";"Reta";"Sim";1;0;1;0;0;0;1;1;-19,76880364;-47,89343834;"SPRF-MG";"DEL13-MG";"UOP01-DEL13-MG"
770964;2026-05-11;"segunda-feira";"07:10:00";"SE";235;47;"ITABAIANA";"Acesso irregular";"Colisão transversal";"Com Vítimas Feridas";"Pleno dia";"Crescente";"Céu Claro";"Simples";"Reta";"Não";2;0;0;1;1;0;1;2;-10,72768408;-37,41457913;"SPRF-SE";"DEL01-SE";"UOP02-DEL01-SE"
770966;2026-05-11;"segunda-feira";"07:00:00";"PR";277;25;"MORRETES";"Reação tardia ou ineficiente do condutor";"Colisão traseira";"Com Vítimas Feridas";"Amanhecer";"Decrescente";"Céu Claro";"Dupla";"Reta";"Não";2;0;0;1;1;0;1;2;-25,536075;-48,763913;"SPRF-PR";"DEL01-PR";"UOP05-DEL01-PR"
770967;2026-05-11;"segunda-feira";"07:10:00";"ES";101;327,6;"GUARAPARI";"Demais falhas mecânicas ou elétricas";"Tombamento";"Com Vítimas Feridas";"Pleno dia";"Decrescente";"Céu Claro";"Dupla";"Reta";"Não";2;0;2;0;0;0;2;1;-20,577248;-40,488315;"SPRF-ES";"DEL03-ES";"UOP01-DEL03-ES"
770968;2026-05-11;"segunda-feira";"07:15:00";"GO";40;9,8;"LUZIANIA";"Ausência de reação do condutor";"Colisão traseira";"Com Vítimas Feridas";"Pleno dia";"Decrescente";"Céu Claro";"Dupla";"Reta";"Sim";2;0;0;1;1;0;1;2;-16,1249;-47,961696;"SPRF-DF";"DEL01-DF";"UOP01-DEL01-DF"
770969;2026-05-11;"segunda-feira";"07:45:00";"RS";285;294,2;"PASSO FUNDO";"Acessar a via sem observar a presença dos outros veículos";"Colisão transversal";"Com Vítimas Feridas";"Pleno dia";"Decrescente";"Céu Claro";"Simples";"Reta;Interseção de Vias";"Sim";2;0;1;0;1;0;1;2;-28,2346215;-52,3849353;"SPRF-RS";"DEL08-RS";"UOP03-DEL08-RS"
770970;2026-05-11;"segunda-feira";"07:20:00";"PR";277;590;"CASCAVEL";"Reação tardia ou ineficiente do condutor";"Colisão traseira";"Sem Vítimas";"Pleno dia";"Decrescente";"Céu Claro";"Simples";"Reta";"Sim";2;0;0;0;2;0;0;2;-24,97567;-53,44187;"SPRF-PR";"DEL04-PR";"UOP01-DEL04-PR"
770971;2026-05-11;"segunda-feira";"04:00:00";"DF";251;10,5;"BRASILIA";"Neblina";"Saída de leito carroçável";"Com Vítimas Feridas";"Plena Noite";"Crescente";"Nevoeiro/Neblina";"Simples";"Rotatória";"Não";1;0;1;0;0;0;1;1;-15,96968;-47,58732;"SPRF-DF";"DEL01-DF";"UOP01-DEL01-DF"
770972;2026-05-11;"segunda-feira";"07:35:00";"PE";101;186;"PALMARES";"Ausência de reação do condutor";"Colisão traseira";"Com Vítimas Feridas";"Pleno dia";"Decrescente";"Céu Claro";"Simples";"Reta";"Não";3;0;2;0;1;0;2;2;-8,683403;-35,580408;"SPRF-PE";"DEL01-PE";"UOP03-DEL01-PE"
770973;2026-05-11;"segunda-feira";"07:05:00";"MG";381;712,5;"CARMO DA CACHOEIRA";"Reação tardia ou ineficiente do condutor";"Colisão com objeto";"Com Vítimas Feridas";"Pleno dia";"Crescente";"Nublado";"Dupla";"Curva";"Não";1;0;1;0;0;0;1;1;-21,37060494;-45,18874168;"SPRF-MG";"DEL04-MG";"UOP02-DEL04-MG"
770974;2026-05-11;"segunda-feira";"06:25:00";"PI";343;265,5;"CAMPO MAIOR";"Manobra de mudança de faixa";"Colisão transversal";"Com Vítimas Feridas";"Pleno dia";"Decrescente";"Sol";"Simples";"Reta";"Sim";2;0;0;1;1;0;1;2;-4,8386277;-42,1713578;"SPRF-PI";"DEL01-PI";"UOP03-DEL01-PI"
770975;2026-05-03;"domingo";"05:00:00";"PR";376;488;"PONTA GROSSA";"Ausência de reação do condutor";"Saída de leito carroçável";"Sem Vítimas";"Amanhecer";"Crescente";"Nevoeiro/Neblina";"Dupla";"Reta";"Sim";1;0;0;0;1;0;0;1;-25,08575;-50,192557;"SPRF-PR";"DEL03-PR";"UOP03-DEL03-PR"
770976;2026-05-11;"segunda-feira";"07:48:00";"RS";158;327;"SANTA MARIA";"Manobra de mudança de faixa";"Colisão transversal";"Com Vítimas Feridas";"Pleno dia";"Decrescente";"Céu Claro";"Múltipla";"Reta;Retorno Regulamentado";"Não";2;0;1;0;1;0;1;2;-29,71050336;-53,82106662;"SPRF-RS";"DEL09-RS";"UOP01-DEL09-RS"
770980;2026-05-11;"segunda-feira";"06:50:00";"PB";230;38;"SANTA RITA";"Demais falhas mecânicas ou elétricas";"Colisão lateral mesmo sentido";"Sem Vítimas";"Pleno dia";"Decrescente";"Céu Claro";"Dupla";"Reta";"Não";2;0;0;0;2;0;0;2;-7,133688;-34,960973;"SPRF-PB";"DEL01-PB";"UOP02-DEL01-PB"
770981;2026-05-11;"segunda-feira";"06:10:00";"RJ";101;304;"SAO GONCALO";"Manobra de mudança de faixa";"Colisão lateral mesmo sentido";"Com Vítimas Feridas";"Pleno dia";"Crescente";"Garoa/Chuvisco";"Dupla";"Reta";"Não";2;0;1;0;1;0;1;2;-22,78559118;-42,98690289;"SPRF-RJ";"DEL02-RJ";"UOP02-DEL02-RJ"
770983;2026-05-11;"segunda-feira";"08:30:00";"RJ";101;267;"RIO BONITO";"Chuva";"Queda de ocupante de veículo";"Com Vítimas Feridas";"Pleno dia";"Crescente";"Chuva";"Dupla";"Reta";"Sim";1;0;1;0;0;0;1;1;-22,70670726;-42,65515157;"SPRF-RJ";"DEL02-RJ";"UOP03-DEL02-RJ"
770985;2026-05-11;"segunda-feira";"06:30:00";"MS";163;478;"CAMPO GRANDE";"Acumulo de areia ou detritos sobre o pavimento";"Tombamento";"Com Vítimas Feridas";"Amanhecer";"Crescente";"Céu Claro";"Simples";"Reta";"Não";1;0;0;1;0;0;1;1;-20,49297874;-54,55901591;"SPRF-MS";"DEL01-MS";"UOP01-DEL01-MS"
770986;2026-05-11;"segunda-feira";"08:06:00";"PE";232;51;"VITORIA DE SANTO ANTAO";"Acessar a via sem observar a presença dos outros veículos";"Colisão lateral mesmo sentido";"Com Vítimas Feridas";"Pleno dia";"Decrescente";"Céu Claro";"Dupla";"Reta";"Não";2;0;1;0;1;0;1;2;-8,14332947;-35,31783867;"SPRF-PE";"DEL02-PE";"UOP02-DEL02PE"
770987;2026-05-11;"segunda-feira";"07:36:00";"RO";364;197,4;"PIMENTA BUENO";"Acessar a via sem observar a presença dos outros veículos";"Colisão transversal";"Com Vítimas Feridas";"Pleno dia";"Decrescente";"Céu Claro";"Simples";"Interseção de Vias;Rotatória";"Sim";3;0;1;0;1;1;1;3;-11,67076319;-61,19147319;"SPRF-RO";"DEL02-RO";"UOP02-DEL02-RO"
770988;2026-05-11;"segunda-feira";"07:30:00";"PR";376;616;"SAO JOSE DOS PINHAIS";"Condutor deixou de manter distância do veículo da frente";"Colisão traseira";"Com Vítimas Feridas";"Pleno dia";"Decrescente";"Céu Claro";"Múltipla";"Declive;Reta";"Sim";3;0;1;0;1;1;1;3;-25,584343;-49,175655;"SPRF-PR";"DEL01-PR";"UOP04-DEL01-PR"
770989;2026-05-11;"segunda-feira";"09:00:00";"RJ";101;279;"ITABORAI";"Velocidade Incompatível";"Colisão traseira";"Com Vítimas Feridas";"Pleno dia";"Crescente";"Garoa/Chuvisco";"Dupla";"Reta";"Não";3;0;1;0;2;0;1;2;-22,73819;-42,774748;"SPRF-RJ";"DEL02-RJ";"UOP03-DEL02-RJ"
770990;2026-05-11;"segunda-feira";"09:00:00";"SC";101;228,1;"PALHOCA";"Objeto estático sobre o leito carroçável";"Colisão com objeto";"Com Vítimas Feridas";"Pleno dia";"Crescente";"Céu Claro";"Dupla";"Curva";"Não";3;0;1;0;2;0;1;2;-27,7589;-48,6311;"SPRF-SC";"DEL01-SC";"UOP02-DEL01-SC"
770992;2026-05-11;"segunda-feira";"08:35:00";"CE";222;313;"TIANGUA";"Condutor desrespeitou a iluminação vermelha do semáforo";"Colisão traseira";"Com Vítimas Feridas";"Pleno dia";"Decrescente";"Nublado";"Múltipla";"Viaduto;Interseção de Vias;Reta";"Sim";2;0;1;0;1;0;1;2;-3,73368742;-41,00216243;"SPRF-CE";"DEL04-CE";"UOP02-DEL04-CE"
770994;2026-05-11;"segunda-feira";"09:30:00";"BA";135;184,1;"BARREIRAS";"Acessar a via sem observar a presença dos outros veículos";"Colisão transversal";"Com Vítimas Feridas";"Pleno dia";"Crescente";"Sol";"Simples";"Reta";"Não";4;0;1;1;2;0;2;2;-12,18541789;-45,01175579;"SPRF-BA";"DEL10-BA";"UOP01-DEL10-BA"
770995;2026-05-11;"segunda-feira";"06:45:00";"MG";50;10;"UBERLANDIA";"Ausência de reação do condutor";"Queda de ocupante de veículo";"Com Vítimas Feridas";"Amanhecer";"Crescente";"Nublado";"Dupla";"Reta";"Não";2;0;1;0;0;1;1;1;-18,86737951;-48,21290553;"SPRF-MG";"DEL15-MG";"UOP01-DEL15-MG"
770996;2026-05-11;"segunda-feira";"09:00:00";"MG";365;603;"UBERLANDIA";"Ausência de reação do condutor";"Saída de leito carroçável";"Com Vítimas Feridas";"Pleno dia";"Crescente";"Céu Claro";"Dupla";"Reta";"Não";1;0;1;0;0;0;1;1;-18,89285194;-48,1405863;"SPRF-MG";"DEL15-MG";"UOP01-DEL15-MG"
770999;2026-05-11;"segunda-feira";"08:52:00";"MG";40;283,8;"TRES MARIAS";"Reação tardia ou ineficiente do condutor";"Colisão com objeto";"Sem Vítimas";"Pleno dia";"Crescente";"Céu Claro";"Simples";"Reta";"Não";1;0;0;0;1;0;0;1;-18,249258;-45,176828;"SPRF-MG";"DEL14-MG";"UOP02-DEL14-MG"
771000;2026-05-10;"domingo";"21:20:00";"MS";267;481;"JARDIM";"Conversão proibida";"Colisão frontal";"Sem Vítimas";"Plena Noite";"Crescente";"Céu Claro";"Simples";"Reta";"Sim";3;0;0;0;3;0;0;2;-21,480443;-56,1400088;"SPRF-MS";"DEL05-MS";"UOP01-DEL05-MS"
771002;2026-05-11;"segunda-feira";"09:45:00";"SC";282;3;"FLORIANOPOLIS";"Manobra de mudança de faixa";"Queda de ocupante de veículo";"Com Vítimas Feridas";"Pleno dia";"Decrescente";"Sol";"Múltipla";"Reta";"Sim";1;0;1;0;0;0;1;1;-27,60012785;-48,59984636;"SPRF-SC";"DEL01-SC";"UOP01-DEL01-SC"
771003;2026-05-11;"segunda-feira";"09:40:00";"PR";277;76;"SAO JOSE DOS PINHAIS";"Ausência de reação do condutor";"Saída de leito carroçável";"Com Vítimas Feridas";"Pleno dia";"Crescente";"Céu Claro";"Simples";"Reta";"Sim";1;0;1;0;0;0;1;1;-25,49;-49,175;"SPRF-PR";"DEL01-PR";"UOP08-DEL01-PR"
771004;2026-05-11;"segunda-feira";"08:20:00";"RJ";101;144;"MACAE";"Acumulo de água sobre o pavimento";"Saída de leito carroçável";"Com Vítimas Feridas";"Pleno dia";"Crescente";"Chuva";"Dupla";"Curva";"Não";1;0;1;0;0;0;1;1;-22,210028;-41,754611;"SPRF-RJ";"DEL08-RJ";"UOP04-DEL08-RJ"
771008;2026-05-11;"segunda-feira";"07:45:00";"RO";364;385;"OURO PRETO DO OESTE";"Acessar a via sem observar a presença dos outros veículos";"Colisão transversal";"Com Vítimas Feridas";"Pleno dia";"Crescente";"Céu Claro";"Simples";"Reta";"Sim";2;0;0;1;1;0;1;2;-10,70130819;-62,2623203;"SPRF-RO";"DEL02-RO";"UOP01-DEL02-RO"
771010;2026-05-11;"segunda-feira";"08:49:00";"MS";262;143;"AGUA CLARA";"Acessar a via sem observar a presença dos outros veículos";"Colisão transversal";"Com Vítimas Feridas";"Pleno dia";"Crescente";"Céu Claro";"Simples";"Reta";"Sim";2;0;1;0;1;0;1;2;-20,445448;-52,874308;"SPRF-MS";"DEL07-MS";"UOP02-DEL07-MS"
771011;2026-05-11;"segunda-feira";"10:45:00";"SC";101;209;"SAO JOSE";"Frear bruscamente";"Colisão traseira";"Com Vítimas Feridas";"Pleno dia";"Crescente";"Céu Claro";"Múltipla";"Reta";"Sim";2;0;1;0;1;0;1;2;-27,60930692;-48,63843648;"SPRF-SC";"DEL01-SC";"UOP01-DEL01-SC"
771012;2026-05-11;"segunda-feira";"10:20:00";"BA";242;402;"SEABRA";"Ausência de reação do condutor";"Saída de leito carroçável";"Com Vítimas Feridas";"Pleno dia";"Decrescente";"Céu Claro";"Simples";"Curva;Aclive";"Não";1;0;0;1;0;0;1;1;-12,470645;-41,694873;"SPRF-BA";"DEL06-BA";"UOP01-DEL06-BA"
771014;2026-05-11;"segunda-feira";"10:45:00";"RJ";40;58;"PETROPOLIS";"Acessar a via sem observar a presença dos outros veículos";"Colisão traseira";"Com Vítimas Feridas";"Pleno dia";"Crescente";"Chuva";"Simples";"Reta";"Sim";4;0;1;0;3;0;1;2;-22,38140558;-43,13349277;"SPRF-RJ";"DEL05-RJ";"UOP02-DEL05-RJ"
771015;2026-05-11;"segunda-feira";"08:50:00";"RO";421;11;"ARIQUEMES";"Acessar a via sem observar a presença dos outros veículos";"Colisão transversal";"Com Vítimas Feridas";"Pleno dia";"Decrescente";"Céu Claro";"Simples";"Reta";"Não";2;0;1;0;1;0;1;2;-9,98082932;-63,13445663;"SPRF-RO";"DEL03-RO";"UOP01-DEL03-RO"
771018;2026-03-24;"terça-feira";"13:15:00";"RJ";356;154;"CAMPOS DOS GOYTACAZES";"Ultrapassagem Indevida";"Colisão frontal";"Com Vítimas Feridas";"Pleno dia";"Decrescente";"Céu Claro";"Simples";"Reta";"Não";2;0;1;0;1;0;1;2;-21,756991;-41,240842;"SPRF-RJ";"DEL08-RJ";"UOP02-DEL08-RJ"
771019;2026-05-11;"segunda-feira";"11:45:00";"SP";116;134;"SAO JOSE DOS CAMPOS";"Demais falhas mecânicas ou elétricas";"Tombamento";"Com Vítimas Feridas";"Pleno dia";"Crescente";"Sol";"Dupla";"Reta";"Não";2;0;2;0;0;0;2;1;-23,13871488;-45,75913341;"SPRF-SP";"DEL02-SP";"UOP02-DEL02-SP"
771020;2026-05-11;"segunda-feira";"10:30:00";"SE";101;24;"MALHADA DOS BOIS";"Condutor deixou de manter distância do veículo da frente";"Saída de leito carroçável";"Com Vítimas Feridas";"Pleno dia";"Decrescente";"Céu Claro";"Dupla";"Reta";"Não";1;0;1;0;0;0;1;1;-10,39101902;-36,91577268;"SPRF-SE";"DEL02-SE";"UOP02-DEL02-SE"
771022;2026-05-11;"segunda-feira";"10:00:00";"PR";373;433,7;"CHOPINZINHO";"Ausência de reação do condutor";"Colisão traseira";"Com Vítimas Feridas";"Pleno dia";"Decrescente";"Céu Claro";"Simples";"Reta";"Não";3;0;1;0;2;0;1;2;-25,80004573;-52,27612495;"SPRF-PR";"DEL02-PR";"UOP01-DEL02-PR"
771030;2026-05-11;"segunda-feira";"10:15:00";"MG";262;404,4;"PARA DE MINAS";"Velocidade Incompatível";"Saída de leito carroçável";"Com Vítimas Feridas";"Pleno dia";"Crescente";"Céu Claro";"Dupla";"Curva";"Não";1;0;1;0;0;0;1;1;-19,88460574;-44,61718083;"SPRF-MG";"DEL01-MG";"UOP03-DEL01-MG"
771031;2026-05-11;"segunda-feira";"12:50:00";"PB";101;83,1;"BAYEUX";"Condutor deixou de manter distância do veículo da frente";"Colisão traseira";"Com Vítimas Feridas";"Pleno dia";"Decrescente";"Céu Claro";"Dupla";"Reta";"Sim";3;0;2;0;0;1;2;2;-7,134092;-34,92912;"SPRF-PB";"DEL01-PB";"UOP01-DEL01-PB"
771032;2026-05-11;"segunda-feira";"12:55:00";"RJ";101;81,4;"CAMPOS DOS GOYTACAZES";"Pista Escorregadia";"Colisão frontal";"Com Vítimas Feridas";"Pleno dia";"Crescente";"Garoa/Chuvisco";"Simples";"Curva";"Não";4;0;2;2;0;0;4;2;-21,830708;-41,452892;"SPRF-RJ";"DEL08-RJ";"UOP02-DEL08-RJ"
771033;2026-04-25;"sábado";"09:25:00";"SC";470;93,7;"APIUNA";"Manobra de mudança de faixa";"Colisão lateral mesmo sentido";"Com Vítimas Feridas";"Pleno dia";"Decrescente";"Céu Claro";"Simples";"Reta";"Não";3;0;0;1;0;2;1;3;-27,00125789;-49,37515195;"SPRF-SC";"DEL04-SC";"UOP01-DEL04-SC"
771035;2026-05-11;"segunda-feira";"12:20:00";"MG";381;656;"SANTO ANTONIO DO AMPARO";"Velocidade Incompatível";"Queda de ocupante de veículo";"Com Vítimas Feridas";"Pleno dia";"Crescente";"Chuva";"Dupla";"Curva;Declive";"Não";1;0;1;0;0;0;1;1;-20,98758456;-44,94871013;"SPRF-MG";"DEL04-MG";"UOP02-DEL04-MG"
771036;2026-05-11;"segunda-feira";"13:00:00";"DF";20;4,8;"BRASILIA";"Ausência de reação do condutor";"Colisão transversal";"Com Vítimas Feridas";"Pleno dia";"Decrescente";"Céu Claro";"Dupla";"Aclive;Reta";"Sim";3;0;1;0;1;1;1;3;-15,6722134;-47,81891584;"SPRF-DF";"DEL02-DF";"UOP01-DEL02-DF"
771040;2026-05-11;"segunda-feira";"12:47:00";"MS";163;464,4;"CAMPO GRANDE";"Ausência de reação do condutor";"Saída de leito carroçável";"Com Vítimas Feridas";"Pleno dia";"Crescente";"Céu Claro";"Simples";"Aclive;Reta";"Não";1;0;1;0;0;0;1;1;-20,601624;-54,578793;"SPRF-MS";"DEL01-MS";"UOP01-DEL01-MS"
771043;2026-05-11;"segunda-feira";"14:20:00";"SC";101;238;"PALHOCA";"Ausência de reação do condutor";"Colisão lateral mesmo sentido";"Com Vítimas Feridas";"Pleno dia";"Crescente";"Céu Claro";"Múltipla";"Reta";"Sim";2;0;1;0;1;0;1;2;-27,849242;-48,638733;"SPRF-SC";"DEL01-SC";"UOP02-DEL01-SC"
771044;2026-05-11;"segunda-feira";"14:03:00";"PB";230;22;"JOAO PESSOA";"Acostamento em desnível";"Tombamento";"Com Vítimas Feridas";"Pleno dia";"Crescente";"Céu Claro";"Dupla";"Reta";"Não";2;0;1;1;0;0;2;1;-7,14150645;-34,85194869;"SPRF-PB";"DEL01-PB";"UOP01-DEL01-PB"
771045;2026-05-11;"segunda-feira";"13:20:00";"RJ";356;74,7;"ITALVA";"Acessar a via sem observar a presença dos outros veículos";"Colisão transversal";"Com Vítimas Feridas";"Pleno dia";"Crescente";"Céu Claro";"Simples";"Reta";"Não";2;0;1;0;1;0;1;2;-21,42038;-41,6916;"SPRF-RJ";"DEL08-RJ";"UOP03-DEL08-RJ"
771046;2026-03-20;"sexta-feira";"10:00:00";"PA";163;310;"NOVO PROGRESSO";"Acesso irregular";"Colisão lateral mesmo sentido";"Sem Vítimas";"Pleno dia";"Crescente";"Ignorado";"Simples";"Reta";"Não";2;0;0;0;0;2;0;2;-7,04437418;-55,41303126;"SPRF-PA";"DEL05-PA";"UOP03-DEL05-PA"
771047;2026-05-11;"segunda-feira";"14:00:00";"ES";262;104,1;"VENDA NOVA DO IMIGRANTE";"Ausência de reação do condutor";"Colisão traseira";"Com Vítimas Feridas";"Pleno dia";"Crescente";"Nublado";"Múltipla";"Reta";"Sim";3;0;1;0;1;1;1;3;-20,3319212;-41,12989426;"SPRF-ES";"DEL01-ES";"UOP02-DEL01-ES"
771049;2026-05-11;"segunda-feira";"13:50:00";"PR";277;75;"SAO JOSE DOS PINHAIS";"Condutor deixou de manter distância do veículo da frente";"Colisão traseira";"Com Vítimas Feridas";"Pleno dia";"Crescente";"Céu Claro";"Dupla";"Reta";"Não";2;0;1;0;1;0;1;2;-25,49169556;-49,1723555;"SPRF-PR";"DEL01-PR";"UOP08-DEL01-PR"
771052;2026-05-11;"segunda-feira";"14:05:00";"SC";282;32,9;"AGUAS MORNAS";"Condutor Dormindo";"Colisão frontal";"Com Vítimas Feridas";"Pleno dia";"Crescente";"Céu Claro";"Simples";"Reta;Declive";"Não";4;0;3;0;1;0;3;2;-27,7047;-48,81192;"SPRF-SC";"DEL01-SC";"UOP03-DEL01-SC"
771053;2026-05-11;"segunda-feira";"13:21:00";"AC";364;124;"RIO BRANCO";"Manobra de mudança de faixa";"Colisão lateral mesmo sentido";"Com Vítimas Feridas";"Pleno dia";"Crescente";"Céu Claro";"Dupla";"Reta";"Sim";3;0;1;0;2;0;1;2;-10,01147761;-67,7964455;"SPRF-AC";"DEL01-AC";"UOP01-DEL01-AC"
771054;2026-05-11;"segunda-feira";"15:50:00";"RJ";116;303;"RESENDE";"Velocidade Incompatível";"Colisão traseira";"Com Vítimas Feridas";"Pleno dia";"Decrescente";"Garoa/Chuvisco";"Dupla";"Reta";"Não";2;0;0;1;1;0;1;2;-22,45430246;-44,37359557;"SPRF-RJ";"DEL07-RJ";"UOP02-DEL07-RJ"
771055;2026-05-11;"segunda-feira";"16:05:00";"SP";381;25;"BRAGANCA PAULISTA";"Pista esburacada";"Tombamento";"Com Vítimas Feridas";"Pleno dia";"Crescente";"Nublado";"Dupla";"Reta";"Sim";2;0;1;0;1;0;1;1;-23,01495712;-46,52472925;"SPRF-SP";"DEL03-SP";"UOP02-DEL03-SP"
771056;2026-05-11;"segunda-feira";"15:30:00";"SC";282;538,8;"CHAPECO";"Demais falhas na via";"Saída de leito carroçável";"Com Vítimas Feridas";"Pleno dia";"Crescente";"Céu Claro";"Simples";"Curva";"Não";1;0;0;1;0;0;1;1;-26,991309;-52,686318;"SPRF-SC";"DEL07-SC";"UOP01-DEL07-SC"
771057;2026-05-11;"segunda-feira";"11:30:00";"MT";0;0;"SINOP";"Afundamento ou ondulação no pavimento";"Colisão com objeto";"Sem Vítimas";"Pleno dia";"Não Informado";"Céu Claro";"Dupla";"Reta";"Sim";3;0;0;0;3;0;0;1;-11,982845;-55,5174095;"SPRF-MT";"DEL06-MT";"N/A"
771058;2026-05-11;"segunda-feira";"15:30:00";"SC";282;5,6;"SAO JOSE";"Mal súbito do condutor";"Colisão lateral mesmo sentido";"Com Vítimas Feridas";"Pleno dia";"Crescente";"Céu Claro";"Dupla";"Curva";"Sim";3;0;1;0;2;0;1;2;-27,58455;-48,616992;"SPRF-SC";"DEL01-SC";"UOP01-DEL01-SC"