"id";"data_inversa";"dia_semana";"horario";"uf";"br";"km";"municipio";"causa_acidente";"tipo_acidente";"classificacao_acidente";"fase_dia";"sentido_via";"condicao_metereologica";"tipo_pista";"tracado_via";"uso_solo";"pessoas";"mortos";"feridos_leves";"feridos_graves";"ilesos";"ignorados";"feridos";"veiculos";"latitude";"longitude";"regional";"delegacia";"uop"
771059;2026-05-11;"segunda-feira";"11:10:00";"RO";364;492;"ARIQUEMES";"Condutor deixou de manter distância do veículo da frente";"Colisão traseira";"Com Vítimas Feridas";"Pleno dia";"Decrescente";"Sol";"Simples";"Reta";"Não";2;0;1;0;1;0;1;2;-10,095173;-62,96366;"SPRF-RO";"DEL03-RO";"UOP01-DEL03-RO"
771060;2026-05-11;"segunda-feira";"16:30:00";"AL";104;87,3;"RIO LARGO";"Acessar a via sem observar a presença dos outros veículos";"Colisão lateral mesmo sentido";"Com Vítimas Feridas";"Pleno dia";"Crescente";"Céu Claro";"Dupla";"Reta";"Sim";2;0;1;0;1;0;1;2;-9,475554;-35,821353;"SPRF-AL";"DEL01-AL";"UOP01-DEL01-AL"
771061;2026-05-11;"segunda-feira";"15:13:00";"PI";343;591,9;"FLORIANO";"Reação tardia ou ineficiente do condutor";"Colisão traseira";"Com Vítimas Feridas";"Pleno dia";"Crescente";"Céu Claro";"Dupla";"Retorno Regulamentado;Reta";"Sim";3;0;1;0;0;2;1;3;-6,777705;-43,031498;"SPRF-PI";"DEL03-PI";"UOP01-DEL03-PI"
771065;2026-05-11;"segunda-feira";"16:38:00";"PB";230;12,1;"CABEDELO";"Acessar a via sem observar a presença dos outros veículos";"Colisão transversal";"Com Vítimas Feridas";"Pleno dia";"Crescente";"Céu Claro";"Simples";"Em Obras;Interseção de Vias;Viaduto";"Sim";2;0;1;0;1;0;1;2;-7,07859826;-34,84946966;"SPRF-PB";"DEL01-PB";"UOP01-DEL01-PB"
771067;2026-05-11;"segunda-feira";"10:37:00";"GO";60;95;"ANAPOLIS";"Mal súbito do condutor";"Saída de leito carroçável";"Com Vítimas Feridas";"Pleno dia";"Crescente";"Sol";"Dupla";"Reta";"Sim";1;0;1;0;0;0;1;1;-16,3627636;-48,93406248;"SPRF-GO";"DEL02-GO";"UOP01-DEL02-GO"
771068;2026-05-11;"segunda-feira";"13:20:00";"MS";359;219,5;"COXIM";"Animais na Pista";"Tombamento";"Com Vítimas Feridas";"Pleno dia";"Crescente";"Céu Claro";"Simples";"Declive;Reta";"Não";1;0;1;0;0;0;1;1;-18,47339991;-54,57007281;"SPRF-MS";"DEL06-MS";"UOP01-DEL06-MS"
771071;2026-05-11;"segunda-feira";"15:56:00";"RN";101;84,5;"NATAL";"Condutor deixou de manter distância do veículo da frente";"Colisão traseira";"Com Vítimas Feridas";"Pleno dia";"Decrescente";"Céu Claro";"Dupla";"Reta;Aclive";"Sim";3;0;1;1;1;0;2;2;-5,77569;-35,253562;"SPRF-RN";"DEL02-RN";"UOP01-DEL02-RN"
771072;2026-05-11;"segunda-feira";"15:50:00";"ES";101;68;"COLATINA";"Ausência de reação do condutor";"Colisão traseira";"Com Vítimas Feridas";"Pleno dia";"Decrescente";"Céu Claro";"Simples";"Reta";"Não";2;0;1;0;1;0;1;2;-19,50496301;-40,74282853;"SPRF-ES";"DEL04-ES";"UOP02-DEL04-ES"
771073;2026-05-11;"segunda-feira";"17:10:00";"SP";116;165;"JACAREI";"Demais falhas mecânicas ou elétricas";"Tombamento";"Com Vítimas Feridas";"Pleno dia";"Crescente";"Céu Claro";"Dupla";"Reta";"Não";1;0;1;0;0;0;1;1;-23,29646789;-46,00776243;"SPRF-SP";"DEL02-SP";"UOP01-DEL02-SP"
771077;2026-05-03;"domingo";"15:50:00";"SC";101;400;"MARACAJA";"Objeto estático sobre o leito carroçável";"Colisão com objeto";"Sem Vítimas";"Pleno dia";"Decrescente";"Céu Claro";"Dupla";"Reta";"Não";2;0;0;0;2;0;0;1;-28,86233989;-49,44499969;"SPRF-SC";"DEL02-SC";"UOP02-DEL02-SC"
771079;2026-05-11;"segunda-feira";"17:10:00";"ES";101;396,9;"RIO NOVO DO SUL";"Transitar no Acostamento";"Colisão frontal";"Com Vítimas Feridas";"Pleno dia";"Crescente";"Nublado";"Simples";"Reta";"Não";2;0;2;0;0;0;2;2;-20,87226;-40,94759;"SPRF-ES";"DEL03-ES";"UOP02-DEL03-ES"
771080;2026-05-11;"segunda-feira";"08:30:00";"BA";324;526;"FEIRA DE SANTANA";"Condutor deixou de manter distância do veículo da frente";"Engavetamento";"Com Vítimas Feridas";"Pleno dia";"Crescente";"Nublado";"Dupla";"Reta";"Sim";4;0;0;1;3;0;1;3;-12,316486;-38,877152;"SPRF-BA";"DEL11-BA";"UOP02-DEL11-BA"
771081;2026-05-11;"segunda-feira";"17:10:00";"PR";369;132,4;"IBIPORA";"Ausência de reação do condutor";"Colisão traseira";"Sem Vítimas";"Pleno dia";"Decrescente";"Sol";"Dupla";"Reta;Declive";"Não";6;0;0;0;6;0;0;4;-23,26018018;-51,00346899;"SPRF-PR";"DEL07-PR";"UOP01-DEL07-PR"
771082;2026-05-11;"segunda-feira";"04:30:00";"PR";163;314,2;"TERRA ROXA";"Declive acentuado";"Saída de leito carroçável";"Sem Vítimas";"Plena Noite";"Decrescente";"Nublado";"Simples";"Declive;Curva";"Não";1;0;0;0;0;1;0;1;-24,35135465;-54,14868101;"SPRF-PR";"DEL06-PR";"UOP02-DEL06-PR"
771084;2026-05-11;"segunda-feira";"17:30:00";"MA";230;402;"BALSAS";"Manobra de mudança de faixa";"Colisão lateral mesmo sentido";"Com Vítimas Feridas";"Anoitecer";"Decrescente";"Nublado";"Simples";"Reta";"Não";2;0;2;0;0;0;2;2;-7,51625734;-46,03501081;"SPRF-MA";"DEL05-MA";"UOP01-DEL05-MA"
771086;2026-05-11;"segunda-feira";"17:10:00";"PR";376;178,4;"MARINGA";"Manobra de mudança de faixa";"Colisão lateral mesmo sentido";"Com Vítimas Feridas";"Pleno dia";"Decrescente";"Céu Claro";"Dupla";"Reta";"Sim";3;0;1;1;1;0;2;2;-23,41772696;-51,9174837;"SPRF-PR";"DEL09-PR";"UOP01-DEL09-PR"
771088;2026-05-11;"segunda-feira";"16:20:00";"BA";324;536;"AMELIA RODRIGUES";"Acessar a via sem observar a presença dos outros veículos";"Colisão transversal";"Com Vítimas Feridas";"Pleno dia";"Decrescente";"Céu Claro";"Dupla";"Reta";"Sim";4;0;1;0;3;0;1;2;-12,37705;-38,802231;"SPRF-BA";"DEL11-BA";"UOP02-DEL11-BA"
771089;2026-05-11;"segunda-feira";"11:42:00";"PI";343;63;"BURITI DOS LOPES";"Ausência de reação do condutor";"Saída de leito carroçável";"Com Vítimas Feridas";"Pleno dia";"Crescente";"Céu Claro";"Simples";"Reta";"Não";1;0;1;0;0;0;1;1;-3,27679;-41,778292;"SPRF-PI";"DEL05-PI";"UOP01-DEL05-PI"
771094;2026-05-11;"segunda-feira";"18:00:00";"DF";40;3;"BRASILIA";"Ausência de reação do condutor";"Colisão lateral mesmo sentido";"Com Vítimas Feridas";"Anoitecer";"Crescente";"Céu Claro";"Dupla";"Reta";"Sim";2;0;1;0;1;0;1;2;-15,98950262;-47,98691718;"SPRF-DF";"DEL01-DF";"UOP01-DEL01-DF"
771095;2026-05-11;"segunda-feira";"14:40:00";"PE";101;49;"ABREU E LIMA";"Reação tardia ou ineficiente do condutor";"Colisão traseira";"Com Vítimas Feridas";"Pleno dia";"Decrescente";"Nublado";"Múltipla";"Aclive";"Sim";2;0;1;0;1;0;1;2;-7,90298448;-34,90155665;"SPRF-PE";"DEL01-PE";"UOP02-DEL01-PE"
771096;2026-05-11;"segunda-feira";"17:45:00";"BA";324;513;"FEIRA DE SANTANA";"Pedestre cruzava a pista fora da faixa";"Atropelamento de Pedestre";"Com Vítimas Feridas";"Anoitecer";"Decrescente";"Céu Claro";"Simples";"Reta";"Sim";2;0;0;1;1;0;1;2;-12,23147;-38,96002;"SPRF-BA";"DEL02-BA";"UOP01-DEL02-BA"
771097;2026-05-11;"segunda-feira";"18:00:00";"RS";285;566;"SAO LUIZ GONZAGA";"Acessar a via sem observar a presença dos outros veículos";"Colisão transversal";"Com Vítimas Feridas";"Anoitecer";"Decrescente";"Céu Claro";"Simples";"Declive;Reta";"Sim";2;0;1;0;1;0;1;2;-28,41943291;-54,95079009;"SPRF-RS";"DEL10-RS";"UOP01-DEL10-RS"
771100;2026-05-11;"segunda-feira";"17:00:00";"MG";262;442,4;"NOVA SERRANA";"Ultrapassagem Indevida";"Tombamento";"Com Vítimas Feridas";"Pleno dia";"Crescente";"Sol";"Simples";"Reta";"Não";1;0;0;1;0;0;1;1;-19,85628625;-45,0157392;"SPRF-MG";"DEL08-MG";"UOP03-DEL08-MG"
771102;2026-05-11;"segunda-feira";"09:30:00";"BA";324;526,9;"CONCEICAO DO JACUIPE";"Trafegar com motocicleta (ou similar) entre as faixas";"Colisão lateral mesmo sentido";"Com Vítimas Feridas";"Pleno dia";"Decrescente";"Céu Claro";"Dupla";"Reta";"Sim";2;0;1;0;1;0;1;2;-12,36777295;-38,81544963;"SPRF-BA";"DEL11-BA";"UOP02-DEL11-BA"
771103;2026-05-11;"segunda-feira";"18:00:00";"RJ";101;320;"NITEROI";"Reação tardia ou ineficiente do condutor";"Colisão traseira";"Com Vítimas Feridas";"Plena Noite";"Decrescente";"Nublado";"Dupla";"Curva";"Sim";2;0;1;0;1;0;1;2;-22,86630782;-43,10887098;"SPRF-RJ";"DEL02-RJ";"UOP01-DEL02-RJ"
771104;2026-05-11;"segunda-feira";"17:40:00";"MG";262;35,5;"MANHUACU";"Acessar a via sem observar a presença dos outros veículos";"Colisão transversal";"Com Vítimas Feridas";"Anoitecer";"Crescente";"Céu Claro";"Simples";"Reta";"Sim";3;0;1;1;1;0;2;2;-20,260034;-42,035758;"SPRF-MG";"DEL06-MG";"UOP03-DEL06-MG"
771105;2026-05-11;"segunda-feira";"18:00:00";"RN";226;4,3;"NATAL";"Acessar a via sem observar a presença dos outros veículos";"Colisão lateral sentido oposto";"Com Vítimas Feridas";"Plena Noite";"Crescente";"Céu Claro";"Simples";"Reta";"Sim";2;0;1;0;1;0;1;2;-5,81906502;-35,26300192;"SPRF-RN";"DEL01-RN";"UOP02-DEL01-RN"
771106;2026-05-11;"segunda-feira";"18:00:00";"MG";381;391,5;"BOM JESUS DO AMPARO";"Pedestre cruzava a pista fora da faixa";"Atropelamento de Pedestre";"Com Vítimas Fatais";"Plena Noite";"Crescente";"Nublado";"Dupla";"Curva;Aclive";"Não";2;1;0;0;1;0;0;2;-19,758326;-43,469557;"SPRF-MG";"DEL01-MG";"UOP01-DEL01-MG"
771107;2026-05-11;"segunda-feira";"13:40:00";"GO";60;121;"TEREZOPOLIS DE GOIAS";"Reação tardia ou ineficiente do condutor";"Saída de leito carroçável";"Sem Vítimas";"Pleno dia";"Decrescente";"Céu Claro";"Dupla";"Aclive";"Não";1;0;0;0;1;0;0;1;-16,503757;-49,111727;"SPRF-GO";"DEL01-GO";"UOP01-DEL01-GO"
771108;2026-05-11;"segunda-feira";"18:40:00";"SC";101;203,6;"SAO JOSE";"Ausência de reação do condutor";"Colisão lateral mesmo sentido";"Com Vítimas Feridas";"Plena Noite";"Crescente";"Céu Claro";"Múltipla";"Reta";"Não";3;0;1;0;2;0;1;2;-27,5708;-48,613771;"SPRF-SC";"DEL01-SC";"UOP01-DEL01-SC"
771109;2026-05-11;"segunda-feira";"17:30:00";"MG";262;350;"BETIM";"Manobra de mudança de faixa";"Colisão traseira";"Com Vítimas Feridas";"Anoitecer";"Decrescente";"Céu Claro";"Dupla";"Reta";"Sim";3;0;2;0;1;0;2;2;-19,97902192;-44,22284;"SPRF-MG";"DEL01-MG";"UOP03-DEL01-MG"
771110;2026-05-11;"segunda-feira";"18:41:00";"SP";116;210;"GUARULHOS";"Trafegar com motocicleta (ou similar) entre as faixas";"Tombamento";"Com Vítimas Feridas";"Plena Noite";"Crescente";"Vento";"Dupla";"Reta;Aclive";"Sim";2;0;1;0;0;1;1;2;-23,42960302;-46,41376019;"SPRF-SP";"DEL01-SP";"UOP01-DEL01-SP"
771113;2026-05-11;"segunda-feira";"18:15:00";"PE";101;34;"ITAPISSUMA";"Reação tardia ou ineficiente do condutor";"Saída de leito carroçável";"Com Vítimas Feridas";"Plena Noite";"Decrescente";"Nublado";"Dupla";"Declive";"Não";1;0;1;0;0;0;1;1;-7,77743;-34,9331;"SPRF-PE";"DEL01-PE";"UOP02-DEL01-PE"
771114;2026-05-11;"segunda-feira";"19:18:00";"ES";101;93;"JAGUARE";"Acessar a via sem observar a presença dos outros veículos";"Colisão transversal";"Com Vítimas Feridas";"Plena Noite";"Crescente";"Céu Claro";"Simples";"Reta";"Não";2;0;1;0;0;1;1;2;-18,92608;-39,9694183;"SPRF-ES";"DEL04-ES";"UOP02-DEL04-ES"
771115;2026-05-11;"segunda-feira";"19:00:00";"SC";101;207,8;"SAO JOSE";"Ausência de reação do condutor";"Queda de ocupante de veículo";"Com Vítimas Feridas";"Plena Noite";"Decrescente";"Céu Claro";"Múltipla";"Reta";"Sim";2;0;1;0;1;0;1;2;-27,602558;-48,630383;"SPRF-SC";"DEL01-SC";"UOP01-DEL01-SC"
771116;2026-05-11;"segunda-feira";"16:25:00";"MT";364;201;"RONDONOPOLIS";"Ausência de reação do condutor";"Tombamento";"Com Vítimas Feridas";"Plena Noite";"Decrescente";"Céu Claro";"Dupla";"Reta";"Sim";1;0;1;0;0;0;1;1;-16,35857606;-54,73297141;"SPRF-MT";"DEL02-MT";"UOP01-DEL02-MT"
771117;2026-05-11;"segunda-feira";"15:30:00";"SP";101;49;"UBATUBA";"Acessar a via sem observar a presença dos outros veículos";"Colisão transversal";"Com Vítimas Feridas";"Pleno dia";"Decrescente";"Céu Claro";"Simples";"Retorno Regulamentado";"Não";2;0;1;0;1;0;1;2;-23,45117797;-45,07655494;"SPRF-SP";"DEL06-SP";"UOP01-DEL06-SP"
771119;2026-05-11;"segunda-feira";"19:50:00";"ES";101;314;"VILA VELHA";"Pedestre andava na pista";"Atropelamento de Pedestre";"Com Vítimas Feridas";"Plena Noite";"Crescente";"Céu Claro";"Dupla";"Retorno Regulamentado";"Não";2;0;0;1;0;1;1;2;-20,46493301;-40,46555655;"SPRF-ES";"DEL01-ES";"UOP01-DEL01-ES"
771120;2026-05-11;"segunda-feira";"18:50:00";"SC";101;138;"BALNEARIO CAMBORIU";"Reação tardia ou ineficiente do condutor";"Colisão traseira";"Com Vítimas Feridas";"Plena Noite";"Crescente";"Céu Claro";"Simples";"Reta;Interseção de Vias";"Sim";2;0;1;0;1;0;1;2;-27,02732413;-48,60626221;"SPRF-SC";"DEL04-SC";"UOP03-DEL04-SC"
771122;2026-05-11;"segunda-feira";"19:26:00";"PE";232;166;"TACAIMBO";"Transitar na contramão";"Colisão frontal";"Com Vítimas Feridas";"Plena Noite";"Crescente";"Chuva";"Simples";"Reta";"Não";2;0;1;0;1;0;1;2;-8,338697;-36,314121;"SPRF-PE";"DEL03-PE";"UOP02-DEL03-PE"
771123;2026-05-11;"segunda-feira";"20:00:00";"RJ";116;181;"NOVA IGUACU";"Condutor usando celular";"Colisão traseira";"Com Vítimas Feridas";"Plena Noite";"Crescente";"Nublado";"Dupla";"Reta;Declive";"Sim";2;0;1;0;1;0;1;2;-22,76066958;-43,42521608;"SPRF-RJ";"DEL06-RJ";"UOP01-DEL06-RJ"
771124;2026-05-11;"segunda-feira";"18:35:00";"PR";153;24,6;"JACAREZINHO";"Acessar a via sem observar a presença dos outros veículos";"Colisão transversal";"Com Vítimas Feridas";"Plena Noite";"Crescente";"Céu Claro";"Simples";"Interseção de Vias";"Não";2;0;1;0;0;1;1;2;-23,18935441;-49,98584795;"SPRF-PR";"DEL07-PR";"UOP04-DEL07-PR"
771125;2026-05-11;"segunda-feira";"19:39:00";"SP";116;225;"GUARULHOS";"Reação tardia ou ineficiente do condutor";"Colisão lateral mesmo sentido";"Com Vítimas Feridas";"Plena Noite";"Decrescente";"Nublado";"Múltipla";"Reta";"Sim";2;0;1;0;1;0;1;2;-23,48897754;-46,54560375;"SPRF-SP";"DEL01-SP";"UOP01-DEL01-SP"
771127;2026-05-11;"segunda-feira";"19:59:00";"PI";343;2,1;"TERESINA";"Reação tardia ou ineficiente do condutor";"Colisão lateral mesmo sentido";"Com Vítimas Feridas";"Plena Noite";"Decrescente";"Céu Claro";"Múltipla";"Reta";"Sim";2;0;1;0;1;0;1;2;-5,081864;-42,768822;"SPRF-PI";"DEL01-PI";"UOP01-DEL01-PI"
771128;2026-05-11;"segunda-feira";"16:27:00";"RJ";101;57;"CAMPOS DOS GOYTACAZES";"Acessar a via sem observar a presença dos outros veículos";"Colisão transversal";"Com Vítimas Feridas";"Pleno dia";"Crescente";"Nublado";"Simples";"Reta;Interseção de Vias";"Sim";3;0;3;0;0;0;3;2;-21,70213672;-41,31009323;"SPRF-RJ";"DEL08-RJ";"UOP01-DEL08-RJ"
771130;2026-05-11;"segunda-feira";"10:30:00";"RJ";101;65;"CAMPOS DOS GOYTACAZES";"Manobra de mudança de faixa";"Colisão lateral mesmo sentido";"Sem Vítimas";"Pleno dia";"Decrescente";"Nublado";"Simples";"Curva";"Sim";3;0;0;0;3;0;0;2;-21,75450749;-41,34625196;"SPRF-RJ";"DEL08-RJ";"UOP02-DEL08-RJ"
771131;2026-05-11;"segunda-feira";"17:35:00";"RS";392;351,2;"SANTA MARIA";"Reação tardia ou ineficiente do condutor";"Colisão com objeto";"Com Vítimas Feridas";"Pleno dia";"Decrescente";"Céu Claro";"Dupla";"Reta;Aclive;Em Obras";"Sim";2;0;1;0;1;0;1;2;-29,726157;-53,805458;"SPRF-RS";"DEL09-RS";"UOP01-DEL09-RS"
771132;2026-03-12;"quinta-feira";"20:40:00";"PR";277;698;"SAO MIGUEL DO IGUACU";"Avarias e/ou desgaste excessivo no pneu";"Tombamento";"Com Vítimas Feridas";"Plena Noite";"Crescente";"Céu Claro";"Dupla";"Reta";"Não";2;0;1;0;1;0;1;1;-25,41307705;-54,33956909;"SPRF-PR";"DEL05-PR";"UOP01-DEL05-PR"
771133;2026-05-11;"segunda-feira";"12:10:00";"MG";381;242,2;"SANTANA DO PARAISO";"Conversão proibida";"Colisão lateral mesmo sentido";"Com Vítimas Feridas";"Pleno dia";"Decrescente";"Céu Claro";"Simples";"Reta";"Não";3;0;0;1;1;1;1;3;-19,44352718;-42,5130558;"SPRF-MG";"DEL06-MG";"UOP01-DEL06-MG"
771134;2026-05-11;"segunda-feira";"20:30:00";"MG";381;495,8;"BETIM";"Ausência de reação do condutor";"Queda de ocupante de veículo";"Com Vítimas Feridas";"Plena Noite";"Decrescente";"Céu Claro";"Simples";"Curva";"Não";1;0;1;0;0;0;1;1;-19,97496214;-44,18735504;"SPRF-MG";"DEL01-MG";"UOP03-DEL01-MG"
771135;2026-05-11;"segunda-feira";"19:00:00";"MT";163;698;"SORRISO";"Condutor deixou de manter distância do veículo da frente";"Colisão traseira";"Com Vítimas Feridas";"Plena Noite";"Decrescente";"Céu Claro";"Simples";"Reta";"Não";3;0;1;0;1;1;1;2;-12,99957886;-55,88658123;"SPRF-MT";"DEL06-MT";"UOP01-DEL06-MT"
771136;2026-05-11;"segunda-feira";"18:43:00";"MG";116;415,9;"GOVERNADOR VALADARES";"Conversão proibida";"Colisão transversal";"Com Vítimas Feridas";"Plena Noite";"Crescente";"Céu Claro";"Simples";"Reta";"Sim";3;0;2;0;1;0;2;2;-18,897292;-41,947676;"SPRF-MG";"DEL06-MG";"UOP01-DEL06-MG"
771137;2026-05-11;"segunda-feira";"19:00:00";"BA";101;219;"CRUZ DAS ALMAS";"Demais falhas mecânicas ou elétricas";"Incêndio";"Sem Vítimas";"Plena Noite";"Crescente";"Céu Claro";"Simples";"Reta";"Sim";1;0;0;0;1;0;0;1;-12,652905;-39,121865;"SPRF-BA";"DEL11-BA";"UOP01-DEL11-BA"
771138;2026-03-12;"quinta-feira";"08:30:00";"PR";476;112;"COLOMBO";"Chuva";"Colisão lateral mesmo sentido";"Com Vítimas Feridas";"Pleno dia";"Crescente";"Chuva";"Simples";"Reta";"Não";2;0;1;0;1;0;1;2;-25,32177993;-49,15960042;"SPRF-PR";"DEL01-PR";"UOP01-DEL01-PR"
771140;2026-05-11;"segunda-feira";"17:50:00";"RJ";40;111;"DUQUE DE CAXIAS";"Trafegar com motocicleta (ou similar) entre as faixas";"Colisão traseira";"Com Vítimas Feridas";"Anoitecer";"Decrescente";"Nublado";"Múltipla";"Reta;Declive";"Sim";2;0;1;0;1;0;1;2;-22,69491336;-43,28827769;"SPRF-RJ";"DEL01-RJ";"UOP02-DEL01-RJ"
771142;2026-05-11;"segunda-feira";"17:23:00";"MG";50;178,4;"UBERABA";"Reação tardia ou ineficiente do condutor";"Colisão traseira";"Com Vítimas Feridas";"Pleno dia";"Crescente";"Céu Claro";"Dupla";"Reta";"Sim";2;0;1;0;1;0;1;2;-19,77893;-47,93828;"SPRF-MG";"DEL13-MG";"UOP01-DEL13-MG"
771144;2026-05-11;"segunda-feira";"20:50:00";"SC";470;97;"APIUNA";"Acesso irregular";"Colisão frontal";"Com Vítimas Feridas";"Plena Noite";"Decrescente";"Céu Claro";"Simples";"Reta";"Sim";2;0;1;1;0;0;2;2;-27,0285066;-49,38139128;"SPRF-SC";"DEL04-SC";"UOP01-DEL04-SC"
771146;2026-05-11;"segunda-feira";"17:20:00";"RR";174;289;"CARACARAI";"Ausência de reação do condutor";"Saída de leito carroçável";"Com Vítimas Feridas";"Anoitecer";"Decrescente";"Nublado";"Simples";"Curva";"Não";2;0;0;1;1;0;1;1;1,4286;-60,6992;"SPRF-RR";"DEL01-RR";"UOP02-DEL01-RR"
771147;2026-05-11;"segunda-feira";"19:00:00";"SC";280;145,9;"MAFRA";"Transitar na contramão";"Colisão frontal";"Com Vítimas Fatais";"Plena Noite";"Crescente";"Céu Claro";"Simples";"Curva;Em Obras";"Não";4;1;1;1;0;1;2;3;-26,254447;-49,660262;"SPRF-SC";"DEL06-SC";"UOP03-DEL06-SC"
771149;2026-05-11;"segunda-feira";"21:40:00";"GO";153;506,9;"APARECIDA DE GOIANIA";"Condutor deixou de manter distância do veículo da frente";"Colisão traseira";"Sem Vítimas";"Plena Noite";"Crescente";"Céu Claro";"Dupla";"Reta";"Sim";2;0;0;0;2;0;0;2;-16,758652;-49,240284;"SPRF-GO";"DEL01-GO";"UOP01-DEL01-GO"
771150;2026-05-11;"segunda-feira";"20:55:00";"MT";364;536;"ROSARIO OESTE";"Reação tardia ou ineficiente do condutor";"Saída de leito carroçável";"Com Vítimas Feridas";"Plena Noite";"Decrescente";"Nublado";"Simples";"Reta";"Não";4;0;2;0;2;0;2;1;-14,890229;-56,464233;"SPRF-MT";"DEL01-MT";"UOP01-DEL01-MT"
771152;2026-05-11;"segunda-feira";"20:30:00";"MT";163;1064;"GUARANTA DO NORTE";"Entrada inopinada do pedestre";"Atropelamento de Pedestre";"Com Vítimas Feridas";"Plena Noite";"Decrescente";"Céu Claro";"Simples";"Reta";"Sim";2;0;1;0;1;0;1;2;-9,96013185;-54,90484435;"SPRF-MT";"DEL06-MT";"UOP03-DEL06-MT"
771154;2026-05-11;"segunda-feira";"18:40:00";"RJ";40;114,9;"DUQUE DE CAXIAS";"Manobra de mudança de faixa";"Colisão lateral mesmo sentido";"Com Vítimas Feridas";"Plena Noite";"Decrescente";"Nublado";"Múltipla";"Reta";"Sim";3;0;2;0;1;0;2;2;-22,728052;-43,288923;"SPRF-RJ";"DEL01-RJ";"UOP02-DEL01-RJ"
771156;2026-05-11;"segunda-feira";"20:39:00";"SP";153;73;"SAO JOSE DO RIO PRETO";"Ausência de reação do condutor";"Colisão com objeto";"Com Vítimas Feridas";"Plena Noite";"Crescente";"Céu Claro";"Dupla";"Reta";"Não";1;0;1;0;0;0;1;1;-20,878294;-49,421837;"SPRF-SP";"DEL09-SP";"UOP01-DEL09-SP"
771157;2026-05-11;"segunda-feira";"10:40:00";"MG";262;786,6;"UBERABA";"Condutor deixou de manter distância do veículo da frente";"Colisão traseira";"Com Vítimas Feridas";"Pleno dia";"Decrescente";"Céu Claro";"Dupla";"Em Obras;Reta";"Sim";3;0;1;0;1;1;1;3;-19,771483;-47,910711;"SPRF-MG";"DEL13-MG";"UOP01-DEL13-MG"
771159;2026-05-11;"segunda-feira";"22:20:00";"PR";369;154;"LONDRINA";"Manobra de mudança de faixa";"Colisão transversal";"Com Vítimas Feridas";"Plena Noite";"Decrescente";"Céu Claro";"Dupla";"Reta;Interseção de Vias";"Sim";2;0;1;0;1;0;1;2;-23,297427;-51,201598;"SPRF-PR";"DEL07-PR";"UOP01-DEL07-PR"
771160;2026-05-11;"segunda-feira";"22:10:00";"MG";40;532;"BELO HORIZONTE";"Reação tardia ou ineficiente do condutor";"Tombamento";"Com Vítimas Feridas";"Plena Noite";"Crescente";"Céu Claro";"Dupla";"Aclive;Reta";"Sim";2;0;1;0;1;0;1;1;-19,92566121;-44,01078908;"SPRF-MG";"DEL01-MG";"UOP02-DEL01-MG"
771161;2026-05-11;"segunda-feira";"22:50:00";"MG";381;500;"BETIM";"Ausência de reação do condutor";"Colisão lateral mesmo sentido";"Com Vítimas Fatais";"Pleno dia";"Crescente";"Céu Claro";"Dupla";"Reta";"Não";2;1;0;0;1;0;0;2;-20,00399969;-44,21344757;"SPRF-MG";"DEL01-MG";"UOP03-DEL01-MG"
771162;2026-05-11;"segunda-feira";"18:20:00";"PI";226;224,6;"ALTOS";"Ausência de reação do condutor";"Colisão lateral mesmo sentido";"Com Vítimas Fatais";"Plena Noite";"Decrescente";"Céu Claro";"Simples";"Reta";"Não";1;1;0;0;0;0;0;1;-5,02994;-42,42764;"SPRF-PI";"DEL01-PI";"UOP01-DEL01-PI"
771164;2026-05-11;"segunda-feira";"19:40:00";"MS";163;253,7;"DOURADOS";"Ingestão de álcool pelo condutor";"Saída de leito carroçável";"Com Vítimas Feridas";"Plena Noite";"Decrescente";"Céu Claro";"Dupla";"Rotatória";"Não";1;0;1;0;0;0;1;1;-22,27289879;-54,81793491;"SPRF-MS";"DEL04-MS";"UOP02-DEL04-MS"
771166;2026-05-12;"terça-feira";"00:15:00";"RJ";356;41,5;"ITAPERUNA";"Condutor Dormindo";"Colisão com objeto";"Com Vítimas Feridas";"Plena Noite";"Crescente";"Nublado";"Simples";"Curva;Aclive";"Não";1;0;1;0;0;0;1;1;-21,217911;-41,828875;"SPRF-RJ";"DEL08-RJ";"UOP03-DEL08-RJ"
771167;2026-05-12;"terça-feira";"00:37:00";"TO";10;458;"PALMAS";"Reação tardia ou ineficiente do condutor";"Saída de leito carroçável";"Com Vítimas Feridas";"Plena Noite";"Crescente";"Céu Claro";"Dupla";"Retorno Regulamentado";"Não";2;0;2;0;0;0;2;1;-10,28346936;-48,29754384;"SPRF-TO";"DEL01-TO";"UOP03-DEL01-TO"
771169;2026-05-12;"terça-feira";"01:20:00";"RJ";116;68;"TERESOPOLIS";"Ausência de reação do condutor";"Atropelamento de Animal";"Com Vítimas Feridas";"Plena Noite";"Decrescente";"Nublado";"Simples";"Reta";"Não";1;0;1;0;0;0;1;1;-22,297586;-42,93523;"SPRF-RJ";"DEL04-RJ";"UOP01-DEL04-RJ"