"id";"data_inversa";"dia_semana";"horario";"uf";"br";"km";"municipio";"causa_acidente";"tipo_acidente";"classificacao_acidente";"fase_dia";"sentido_via";"condicao_metereologica";"tipo_pista";"tracado_via";"uso_solo";"pessoas";"mortos";"feridos_leves";"feridos_graves";"ilesos";"ignorados";"feridos";"veiculos";"latitude";"longitude";"regional";"delegacia";"uop"
771291;2026-05-12;"terça-feira";"14:30:00";"PR";376;9,5;"MARINGA";"Velocidade Incompatível";"Colisão traseira";"Com Vítimas Feridas";"Pleno dia";"Decrescente";"Céu Claro";"Múltipla";"Viaduto";"Não";2;0;0;1;1;0;1;2;-23,38029052;-51,91270936;"SPRF-PR";"DEL09-PR";"UOP01-DEL09-PR"
771292;2026-05-12;"terça-feira";"15:30:00";"MG";381;483,5;"BETIM";"Objeto estático sobre o leito carroçável";"Eventos atípicos";"Sem Vítimas";"Pleno dia";"Decrescente";"Céu Claro";"Dupla";"Aclive;Reta";"Sim";3;0;0;0;2;1;0;2;-19,95969969;-44,08649895;"SPRF-MG";"DEL01-MG";"UOP03-DEL01-MG"
771293;2026-05-12;"terça-feira";"16:50:00";"RJ";116;284;"BARRA MANSA";"Condutor deixou de manter distância do veículo da frente";"Colisão traseira";"Com Vítimas Feridas";"Pleno dia";"Decrescente";"Céu Claro";"Dupla";"Reta;Aclive";"Não";2;0;1;0;1;0;1;2;-22,51855313;-44,20751452;"SPRF-RJ";"DEL07-RJ";"UOP02-DEL07-RJ"
771295;2026-05-12;"terça-feira";"13:20:00";"MS";60;426;"SIDROLANDIA";"Reação tardia ou ineficiente do condutor";"Atropelamento de Pedestre";"Com Vítimas Feridas";"Pleno dia";"Crescente";"Céu Claro";"Dupla";"Reta;Interseção de Vias";"Sim";2;0;1;1;0;0;2;2;-20,934249;-54,960436;"SPRF-MS";"DEL01-MS";"UOP04-DEL01-MS"
771297;2026-05-12;"terça-feira";"17:20:00";"TO";153;513;"PUGMIL";"Demais falhas mecânicas ou elétricas";"Colisão com objeto";"Sem Vítimas";"Pleno dia";"Crescente";"Céu Claro";"Simples";"Reta;Ponte";"Não";2;0;0;0;2;0;0;1;-10,31603;-48,88596;"SPRF-TO";"DEL01-TO";"UOP01-DEL01-TO"
771299;2026-05-12;"terça-feira";"16:00:00";"RJ";101;438;"MANGARATIBA";"Acessar a via sem observar a presença dos outros veículos";"Colisão transversal";"Com Vítimas Feridas";"Pleno dia";"Crescente";"Céu Claro";"Simples";"Reta";"Sim";3;0;3;0;0;0;3;2;-22,950995;-44,078805;"SPRF-RJ";"DEL03-RJ";"UOP02-DEL03-RJ"
771300;2026-05-12;"terça-feira";"17:20:00";"PR";376;594,9;"CURITIBA";"Trafegar com motocicleta (ou similar) entre as faixas";"Colisão lateral mesmo sentido";"Com Vítimas Feridas";"Pleno dia";"Decrescente";"Céu Claro";"Dupla";"Aclive;Reta";"Sim";2;0;1;0;0;1;1;2;-25,4607788;-49,3586352;"SPRF-PR";"DEL01-PR";"UOP03-DEL01-PR"
771301;2026-05-12;"terça-feira";"14:56:00";"RJ";101;323;"NITEROI";"Manobra de mudança de faixa";"Engavetamento";"Com Vítimas Feridas";"Pleno dia";"Crescente";"Céu Claro";"Múltipla";"Reta;Ponte;Aclive";"Não";5;0;1;0;3;1;1;5;-22,873683;-43,12769833;"SPRF-RJ";"DEL02-RJ";"UOP01-DEL02-RJ"
771302;2026-05-12;"terça-feira";"18:10:00";"MG";40;526,9;"CONTAGEM";"Manobra de mudança de faixa";"Tombamento";"Com Vítimas Feridas";"Anoitecer";"Decrescente";"Chuva";"Dupla";"Curva;Aclive";"Sim";2;0;2;0;0;0;2;1;-19,902951;-44,04913;"SPRF-MG";"DEL01-MG";"UOP02-DEL01-MG"
771303;2026-05-12;"terça-feira";"15:28:00";"RO";364;11;"VILHENA";"Problema com o freio";"Tombamento";"Com Vítimas Feridas";"Pleno dia";"Decrescente";"Céu Claro";"Simples";"Reta";"Sim";1;0;1;0;0;0;1;1;-12,76046148;-60,09823948;"SPRF-RO";"DEL04-RO";"UOP01-DEL04-RO"
771304;2026-05-12;"terça-feira";"11:30:00";"RO";435;121,2;"CEREJEIRAS";"Acessar a via sem observar a presença dos outros veículos";"Colisão transversal";"Com Vítimas Feridas";"Pleno dia";"Crescente";"Céu Claro";"Dupla";"Reta";"Sim";2;0;1;0;1;0;1;2;-13,18727571;-60,79882331;"SPRF-RO";"DEL04-RO";"UOP02-DEL04-RO"
771305;2026-05-12;"terça-feira";"14:10:00";"SP";116;186;"SANTA ISABEL";"Acumulo de areia ou detritos sobre o pavimento";"Tombamento";"Com Vítimas Feridas";"Pleno dia";"Decrescente";"Céu Claro";"Dupla";"Curva;Aclive;Retorno Regulamentado";"Não";2;0;0;1;1;0;1;1;-23,3522;-46,1991;"SPRF-SP";"DEL01-SP";"UOP01-DEL01-SP"
771306;2026-05-12;"terça-feira";"16:10:00";"MT";174;184;"PORTO ESPERIDIAO";"Acessar a via sem observar a presença dos outros veículos";"Saída de leito carroçável";"Com Vítimas Feridas";"Pleno dia";"Crescente";"Céu Claro";"Simples";"Interseção de Vias;Em Obras";"Sim";5;0;3;1;1;0;4;1;-15,85089194;-58,47014168;"SPRF-MT";"DEL03-MT";"UOP01-DEL03-MT"
771308;2026-05-12;"terça-feira";"17:30:00";"RJ";101;474;"ANGRA DOS REIS";"Condutor deixou de manter distância do veículo da frente";"Colisão traseira";"Com Vítimas Feridas";"Anoitecer";"Decrescente";"Céu Claro";"Simples";"Reta";"Não";2;0;1;0;1;0;1;2;-22,9293528;-44,37927629;"SPRF-RJ";"DEL03-RJ";"UOP03-DEL03-RJ"
771311;2026-05-12;"terça-feira";"18:15:00";"SC";101;3,3;"ARARANGUA";"Condutor deixou de manter distância do veículo da frente";"Colisão traseira";"Com Vítimas Feridas";"Anoitecer";"Crescente";"Céu Claro";"Simples";"Reta";"Sim";2;0;1;0;0;1;1;2;-28,94751323;-49,50549809;"SPRF-SC";"DEL02-SC";"UOP02-DEL02-SC"
771312;2026-05-12;"terça-feira";"18:30:00";"RS";116;264;"CANOAS";"Manobra de mudança de faixa";"Colisão lateral mesmo sentido";"Com Vítimas Feridas";"Plena Noite";"Crescente";"Céu Claro";"Múltipla";"Curva";"Sim";2;0;0;1;1;0;1;2;-29,91415964;-51,17764084;"SPRF-RS";"DEL01-RS";"UOP01-DEL01-RS"
771313;2026-05-12;"terça-feira";"18:15:00";"SC";101;207;"SAO JOSE";"Condutor deixou de manter distância do veículo da frente";"Colisão traseira";"Com Vítimas Feridas";"Plena Noite";"Crescente";"Céu Claro";"Dupla";"Reta";"Sim";2;0;1;0;0;1;1;2;-27,60460599;-48,63355637;"SPRF-SC";"DEL01-SC";"UOP01-DEL01-SC"
771314;2026-05-12;"terça-feira";"19:00:00";"RJ";465;18;"NOVA IGUACU";"Transitar na contramão";"Colisão frontal";"Com Vítimas Feridas";"Plena Noite";"Crescente";"Céu Claro";"Simples";"Reta";"Não";2;0;1;0;1;0;1;2;-22,8238232;-43,61974664;"SPRF-RJ";"DEL06-RJ";"UOP02-DEL06-RJ"
771315;2026-05-12;"terça-feira";"19:30:00";"MG";381;493;"BETIM";"Ultrapassagem Indevida";"Colisão lateral mesmo sentido";"Com Vítimas Feridas";"Plena Noite";"Crescente";"Céu Claro";"Múltipla";"Reta";"Sim";3;0;1;0;2;0;1;2;-19,96403185;-44,17137659;"SPRF-MG";"DEL01-MG";"UOP03-DEL01-MG"
771317;2026-05-12;"terça-feira";"17:25:00";"RO";364;757;"PORTO VELHO";"Demais falhas mecânicas ou elétricas";"Incêndio";"Sem Vítimas";"Anoitecer";"Decrescente";"Céu Claro";"Simples";"Reta";"Não";1;0;0;0;1;0;0;1;-9,08540062;-64,07874584;"SPRF-RO";"DEL01-RO";"UOP02-DEL01-RO"
771320;2026-05-12;"terça-feira";"18:30:00";"SP";116;326,4;"JUQUITIBA";"Pedestre andava na pista";"Atropelamento de Pedestre";"Com Vítimas Feridas";"Plena Noite";"Decrescente";"Nublado";"Dupla";"Reta";"Sim";3;0;2;0;1;0;2;2;-23,9366152;-47,06746507;"SPRF-SP";"DEL04-SP";"UOP03-DEL04-SP"
771321;2026-05-12;"terça-feira";"16:00:00";"SC";101;329;"CAPIVARI DE BAIXO";"Acessar a via sem observar a presença dos outros veículos";"Tombamento";"Com Vítimas Feridas";"Pleno dia";"Crescente";"Céu Claro";"Múltipla";"Curva;Ponte;Declive";"Sim";1;0;1;0;0;0;1;1;-28,44940805;-48,97051558;"SPRF-SC";"DEL02-SC";"UOP01-DEL02-SC"
771322;2026-05-12;"terça-feira";"18:20:00";"RS";290;94;"PORTO ALEGRE";"Reação tardia ou ineficiente do condutor";"Colisão com objeto";"Com Vítimas Feridas";"Plena Noite";"Decrescente";"Céu Claro";"Dupla";"Reta";"Sim";2;0;2;0;0;0;2;1;-29,97547266;-51,19914521;"SPRF-RS";"DEL01-RS";"UOP01-DEL01-RS"
771324;2026-05-12;"terça-feira";"19:40:00";"DF";70;14;"BRASILIA";"Acessar a via sem observar a presença dos outros veículos";"Colisão traseira";"Com Vítimas Feridas";"Plena Noite";"Decrescente";"Céu Claro";"Dupla";"Reta";"Não";3;0;1;0;1;1;1;3;-15,79902237;-48,18265557;"SPRF-DF";"DEL03-DF";"UOP02-DEL03-DF"
771325;2026-05-12;"terça-feira";"18:15:00";"RJ";465;22;"RIO DE JANEIRO";"Transitar na contramão";"Colisão frontal";"Com Vítimas Feridas";"Plena Noite";"Crescente";"Céu Claro";"Dupla";"Reta";"Sim";2;0;1;1;0;0;2;2;-22,86412394;-43,60123571;"SPRF-RJ";"DEL03-RJ";"UOP01-DEL03-RJ"
771326;2026-05-12;"terça-feira";"20:00:00";"PB";230;22;"JOAO PESSOA";"Manobra de mudança de faixa";"Colisão lateral mesmo sentido";"Com Vítimas Feridas";"Plena Noite";"Decrescente";"Chuva";"Dupla";"Reta";"Sim";2;0;1;0;0;1;1;2;-7,1652;-34,8519;"SPRF-PB";"DEL01-PB";"UOP01-DEL01-PB"
771328;2026-05-12;"terça-feira";"19:20:00";"SC";470;123,8;"IBIRAMA";"Pedestre andava na pista";"Atropelamento de Pedestre";"Com Vítimas Feridas";"Plena Noite";"Crescente";"Céu Claro";"Simples";"Aclive";"Não";2;0;1;0;1;0;1;2;-27,11492709;-49,53176849;"SPRF-SC";"DEL04-SC";"UOP02-DEL04-SC"
771329;2026-05-12;"terça-feira";"18:41:00";"RN";101;103,7;"PARNAMIRIM";"Condutor Dormindo";"Colisão com objeto";"Com Vítimas Feridas";"Plena Noite";"Crescente";"Garoa/Chuvisco";"Dupla";"Curva;Viaduto";"Sim";2;0;1;1;0;0;2;1;-5,891118;-35,2539;"SPRF-RN";"DEL01-RN";"UOP01-DEL01-RN"
771330;2026-05-12;"terça-feira";"17:45:00";"MA";230;0,8;"BARAO DE GRAJAU";"Ausência de reação do condutor";"Tombamento";"Com Vítimas Feridas";"Pleno dia";"Decrescente";"Céu Claro";"Simples";"Curva";"Sim";2;0;1;0;1;0;1;2;-6,755383;-43,014237;"SPRF-PI";"DEL03-PI";"UOP01-DEL03-PI"
771331;2026-05-12;"terça-feira";"20:40:00";"GO";60;210;"VARJAO";"Ausência de reação do condutor";"Saída de leito carroçável";"Sem Vítimas";"Plena Noite";"Decrescente";"Céu Claro";"Dupla";"Reta";"Não";1;0;0;0;1;0;0;1;-16,95262735;-49,68459606;"SPRF-GO";"DEL01-GO";"UOP02-DEL01-GO"
771332;2026-05-12;"terça-feira";"18:50:00";"MG";116;572;"MANHUACU";"Acessar a via sem observar a presença dos outros veículos";"Colisão transversal";"Com Vítimas Feridas";"Plena Noite";"Crescente";"Céu Claro";"Simples";"Declive";"Não";2;0;1;0;1;0;1;2;-20,13079;-42,1779;"SPRF-MG";"DEL06-MG";"UOP03-DEL06-MG"
771334;2026-05-12;"terça-feira";"19:00:00";"PE";101;44,2;"IGARASSU";"Acessar a via sem observar a presença dos outros veículos";"Colisão transversal";"Com Vítimas Feridas";"Plena Noite";"Crescente";"Chuva";"Múltipla";"Reta;Retorno Regulamentado";"Sim";2;0;1;0;1;0;1;2;-7,85591012;-34,9084944;"SPRF-PE";"DEL01-PE";"UOP02-DEL01-PE"
771335;2026-05-12;"terça-feira";"17:59:00";"RN";101;73;"NATAL";"Desrespeitar a preferência no cruzamento";"Colisão transversal";"Com Vítimas Feridas";"Anoitecer";"Decrescente";"Nublado";"Simples";"Reta;Interseção de Vias";"Não";3;0;0;1;2;0;1;2;-5,704522;-35,265733;"SPRF-RN";"DEL02-RN";"UOP01-DEL02-RN"
771336;2026-05-12;"terça-feira";"19:58:00";"MS";463;2;"DOURADOS";"Iluminação deficiente";"Colisão traseira";"Com Vítimas Fatais";"Plena Noite";"Crescente";"Céu Claro";"Simples";"Declive";"Sim";2;1;0;0;0;1;0;2;-22,25903413;-54,81044447;"SPRF-MS";"DEL04-MS";"UOP01-DEL04-MS"
771338;2026-05-12;"terça-feira";"19:28:00";"TO";153;352,9;"FORTALEZA DO TABOCAO";"Transitar na contramão";"Colisão frontal";"Com Vítimas Fatais";"Plena Noite";"Crescente";"Céu Claro";"Simples";"Aclive";"Não";6;1;3;2;0;0;5;3;-9,000915;-48,501195;"SPRF-TO";"DEL02-TO";"UOP02-DEL02-TO"
771341;2026-05-12;"terça-feira";"19:30:00";"PB";104;137;"QUEIMADAS";"Ausência de reação do condutor";"Colisão traseira";"Sem Vítimas";"Plena Noite";"Crescente";"Chuva";"Simples";"Reta";"Sim";2;0;0;0;2;0;0;2;-7,344628;-35,90012;"SPRF-PB";"DEL02-PB";"UOP03-DEL02-PB"
771342;2026-05-12;"terça-feira";"18:42:00";"SC";163;73,3;"SAO MIGUEL DO OESTE";"Ingestão de álcool pelo condutor";"Saída de leito carroçável";"Sem Vítimas";"Plena Noite";"Decrescente";"Céu Claro";"Simples";"Reta";"Não";1;0;0;0;1;0;0;1;-26,70226709;-53,51359874;"SPRF-SC";"DEL07-SC";"UOP03-DEL07-SC"
771344;2026-05-12;"terça-feira";"19:50:00";"ES";262;162,2;"IBATIBA";"Ultrapassagem Indevida";"Colisão lateral sentido oposto";"Com Vítimas Feridas";"Plena Noite";"Decrescente";"Nublado";"Simples";"Curva";"Não";2;0;0;1;1;0;1;2;-20,2371571;-41,5328452;"SPRF-ES";"DEL01-ES";"UOP02-DEL01-ES"
771345;2026-05-12;"terça-feira";"14:45:00";"PA";155;343,9;"MARABA";"Reação tardia ou ineficiente do condutor";"Colisão lateral mesmo sentido";"Com Vítimas Feridas";"Pleno dia";"Crescente";"Céu Claro";"Simples";"Interseção de Vias";"Sim";2;0;1;0;0;1;1;2;-5,362185;-49,07863;"SPRF-PA";"DEL03-PA";"UOP01-DEL03-PA"
771346;2026-05-12;"terça-feira";"18:10:00";"BA";116;518;"ITATIM";"Animais na Pista";"Atropelamento de Animal";"Sem Vítimas";"Anoitecer";"Decrescente";"Céu Claro";"Simples";"Reta";"Sim";3;0;0;0;3;0;0;1;-12,7011017;-39,7140133;"SPRF-BA";"DEL03-BA";"UOP02-DEL03-BA"
771347;2026-05-12;"terça-feira";"19:10:00";"RS";470;227;"GARIBALDI";"Transitar na contramão";"Colisão frontal";"Com Vítimas Feridas";"Plena Noite";"Crescente";"Céu Claro";"Simples";"Reta;Declive";"Não";4;0;3;0;0;1;3;3;-29,26168266;-51,50621295;"SPRF-RS";"DEL06-RS";"UOP01-DEL06-RS"
771348;2026-05-12;"terça-feira";"21:13:00";"RN";101;84,8;"NATAL";"Reação tardia ou ineficiente do condutor";"Tombamento";"Com Vítimas Feridas";"Plena Noite";"Decrescente";"Chuva";"Múltipla";"Viaduto;Em Obras;Desvio Temporário";"Sim";2;0;0;1;1;0;1;2;-5,77596841;-35,25243251;"SPRF-RN";"DEL02-RN";"UOP01-DEL02-RN"
771349;2026-05-12;"terça-feira";"20:30:00";"MG";116;415,3;"GOVERNADOR VALADARES";"Acessar a via sem observar a presença dos outros veículos";"Colisão transversal";"Com Vítimas Feridas";"Plena Noite";"Crescente";"Céu Claro";"Simples";"Retorno Regulamentado";"Sim";2;0;1;0;1;0;1;2;-18,90043999;-41,94580078;"SPRF-MG";"DEL06-MG";"UOP01-DEL06-MG"
771351;2026-05-12;"terça-feira";"18:50:00";"PR";369;54;"BANDEIRANTES";"Acessar a via sem observar a presença dos outros veículos";"Colisão frontal";"Com Vítimas Feridas";"Plena Noite";"Decrescente";"Céu Claro";"Simples";"Reta";"Sim";3;0;2;0;1;0;2;2;-23,10534936;-50,36100093;"SPRF-PR";"DEL07-PR";"UOP05-DEL07-PR"
771353;2026-05-12;"terça-feira";"15:15:00";"RJ";101;322;"NITEROI";"Manobra de mudança de faixa";"Colisão lateral mesmo sentido";"Sem Vítimas";"Pleno dia";"Crescente";"Céu Claro";"Dupla";"Reta";"Não";2;0;0;0;2;0;0;2;-22,87943269;-43,11401903;"SPRF-RJ";"DEL02-RJ";"UOP01-DEL02-RJ"
771355;2026-05-12;"terça-feira";"21:07:00";"MS";436;6,9;"APARECIDA DO TABOADO";"Acessar a via sem observar a presença dos outros veículos";"Colisão traseira";"Com Vítimas Fatais";"Plena Noite";"Crescente";"Céu Claro";"Simples";"Reta";"Não";4;1;0;0;3;0;0;2;-20,10875067;-51,08996416;"SPRF-MS";"DEL08-MS";"UOP01-DEL08-MS"
771357;2026-05-12;"terça-feira";"17:43:00";"AC";364;122;"RIO BRANCO";"Pista esburacada";"Tombamento";"Com Vítimas Feridas";"Anoitecer";"Decrescente";"Céu Claro";"Dupla";"Reta";"Sim";2;0;0;1;0;1;1;2;-10,01184;-67,78229;"SPRF-AC";"DEL01-AC";"UOP01-DEL01-AC"
771358;2026-05-12;"terça-feira";"18:20:00";"RS";386;41,2;"FREDERICO WESTPHALEN";"Ausência de reação do condutor";"Colisão traseira";"Com Vítimas Feridas";"Anoitecer";"Crescente";"Céu Claro";"Simples";"Reta";"Sim";2;0;1;0;1;0;1;2;-27,41392689;-53,41663711;"SPRF-RS";"DEL08-RS";"UOP02-DEL08-RS"
771359;2026-05-12;"terça-feira";"22:00:00";"ES";101;92;"JAGUARE";"Reação tardia ou ineficiente do condutor";"Saída de leito carroçável";"Sem Vítimas";"Plena Noite";"Decrescente";"Céu Claro";"Simples";"Reta";"Sim";1;0;0;0;1;0;0;1;-18,909314;-39,961978;"SPRF-ES";"DEL04-ES";"UOP02-DEL04-ES"
771360;2026-05-12;"terça-feira";"22:20:00";"SC";101;205;"SAO JOSE";"Demais falhas mecânicas ou elétricas";"Queda de ocupante de veículo";"Com Vítimas Feridas";"Plena Noite";"Decrescente";"Céu Claro";"Múltipla";"Reta";"Sim";1;0;1;0;0;0;1;1;-27,59061001;-48,6182785;"SPRF-SC";"DEL01-SC";"UOP01-DEL01-SC"
771361;2026-05-12;"terça-feira";"21:00:00";"SC";470;4;"NAVEGANTES";"Ingestão de álcool pelo condutor";"Saída de leito carroçável";"Com Vítimas Feridas";"Plena Noite";"Decrescente";"Céu Claro";"Múltipla";"Em Obras;Desvio Temporário";"Sim";1;0;1;0;0;0;1;1;-26,85806338;-48,69230445;"SPRF-SC";"DEL04-SC";"UOP04-DEL04-SC"
771363;2026-05-12;"terça-feira";"18:30:00";"RN";110;65;"MOSSORO";"Ausência de reação do condutor";"Colisão traseira";"Com Vítimas Feridas";"Plena Noite";"Crescente";"Chuva";"Simples";"Reta";"Não";1;0;0;1;0;0;1;1;-5,357568;-37,328915;"SPRF-RN";"DEL04-RN";"UOP01-DEL04-RN"
771364;2026-05-12;"terça-feira";"22:20:00";"MG";116;272,6;"TEOFILO OTONI";"Velocidade Incompatível";"Saída de leito carroçável";"Com Vítimas Feridas";"Plena Noite";"Crescente";"Nublado";"Simples";"Reta";"Sim";2;0;0;2;0;0;2;1;-17,823798;-41,504038;"SPRF-MG";"DEL11-MG";"UOP01-DEL11-MG"
771366;2026-05-12;"terça-feira";"23:06:00";"TO";10;455;"PALMAS";"Reação tardia ou ineficiente do condutor";"Tombamento";"Com Vítimas Feridas";"Plena Noite";"Decrescente";"Céu Claro";"Dupla";"Reta";"Sim";1;0;1;0;0;0;1;1;-10,29418;-48,29768;"SPRF-TO";"DEL01-TO";"UOP03-DEL01-TO"
771367;2026-05-12;"terça-feira";"20:45:00";"SC";101;166;"TIJUCAS";"Reação tardia ou ineficiente do condutor";"Incêndio";"Sem Vítimas";"Plena Noite";"Crescente";"Céu Claro";"Dupla";"Reta";"Não";1;0;0;0;0;1;0;1;-27,25886067;-48,63208517;"SPRF-SC";"DEL04-SC";"UOP03-DEL04-SC"
771368;2026-05-12;"terça-feira";"23:30:00";"RS";392;50;"RIO GRANDE";"Animais na Pista";"Queda de ocupante de veículo";"Com Vítimas Feridas";"Plena Noite";"Crescente";"Céu Claro";"Dupla";"Reta";"Não";1;0;1;0;0;0;1;1;-31,87315707;-52,32229114;"SPRF-RS";"DEL07-RS";"UOP02-DEL07-RS"
771369;2026-05-13;"quarta-feira";"00:00:00";"SC";470;66,4;"BLUMENAU";"Ingestão de álcool pelo condutor";"Colisão com objeto";"Com Vítimas Feridas";"Plena Noite";"Crescente";"Céu Claro";"Dupla";"Curva";"Sim";1;0;1;0;0;0;1;1;-26,8627362;-49,0919068;"SPRF-SC";"DEL04-SC";"UOP01-DEL04-SC"
771371;2026-05-13;"quarta-feira";"00:40:00";"MG";381;449,5;"BELO HORIZONTE";"Acessar a via sem observar a presença dos outros veículos";"Saída de leito carroçável";"Com Vítimas Feridas";"Plena Noite";"Crescente";"Céu Claro";"Dupla";"Reta";"Sim";1;0;0;1;0;0;1;1;-19,84423177;-43,88655847;"SPRF-MG";"DEL01-MG";"UOP01-DEL01-MG"
771375;2026-05-12;"terça-feira";"15:50:00";"MG";381;411;"CAETE";"Manobra de mudança de faixa";"Colisão lateral mesmo sentido";"Com Vítimas Feridas";"Pleno dia";"Decrescente";"Céu Claro";"Dupla";"Curva";"Não";3;0;1;0;1;1;1;3;-19,74035365;-43,60674111;"SPRF-MG";"DEL01-MG";"UOP01-DEL01-MG"
771379;2026-05-13;"quarta-feira";"05:14:00";"PB";230;113;"INGA";"Reação tardia ou ineficiente do condutor";"Capotamento";"Com Vítimas Feridas";"Amanhecer";"Crescente";"Chuva";"Dupla";"Retorno Regulamentado;Curva";"Não";1;0;1;0;0;0;1;1;-7,23432764;-35,60165763;"SPRF-PB";"DEL01-PB";"UOP02-DEL01-PB"
771382;2026-05-12;"terça-feira";"22:30:00";"AL";101;246,7;"PORTO REAL DO COLEGIO";"Animais na Pista";"Saída de leito carroçável";"Sem Vítimas";"Plena Noite";"Crescente";"Ignorado";"Dupla";"Reta";"Não";1;0;0;0;0;1;0;1;-10,193842;-36,824053;"SPRF-AL";"DEL02-AL";"UOP02-DEL02-AL"
771385;2026-05-13;"quarta-feira";"07:21:00";"SP";116;107,8;"TAUBATE";"Reação tardia ou ineficiente do condutor";"Colisão traseira";"Sem Vítimas";"Pleno dia";"Crescente";"Céu Claro";"Dupla";"Reta";"Sim";2;0;0;0;2;0;0;2;-23,02068122;-45,53444406;"SPRF-SP";"DEL02-SP";"UOP02-DEL02-SP"
771386;2026-05-13;"quarta-feira";"07:40:00";"ES";262;16;"VIANA";"Acesso irregular";"Colisão lateral mesmo sentido";"Com Vítimas Feridas";"Pleno dia";"Crescente";"Céu Claro";"Simples";"Reta;Interseção de Vias";"Sim";2;0;1;0;1;0;1;2;-20,386972;-40,474107;"SPRF-ES";"DEL01-ES";"UOP01-DEL01-ES"
771387;2026-05-13;"quarta-feira";"07:00:00";"DF";20;3,8;"BRASILIA";"Ausência de reação do condutor";"Colisão lateral mesmo sentido";"Com Vítimas Feridas";"Amanhecer";"Decrescente";"Céu Claro";"Dupla";"Reta;Aclive";"Sim";2;0;1;0;1;0;1;2;-15,66771378;-47,81163812;"SPRF-DF";"DEL02-DF";"UOP01-DEL02-DF"
771391;2026-05-13;"quarta-feira";"06:00:00";"PA";230;621;"ALTAMIRA";"Animais na Pista";"Atropelamento de Animal";"Com Vítimas Feridas";"Amanhecer";"Decrescente";"Nublado";"Simples";"Reta";"Não";2;0;1;0;1;0;1;1;-3,17247;-52,1481;"SPRF-PA";"DEL04-PA";"UOP01-DEL04-PA"
771392;2026-05-13;"quarta-feira";"07:15:00";"PR";376;181,6;"MARINGA";"Ausência de reação do condutor";"Queda de ocupante de veículo";"Com Vítimas Feridas";"Pleno dia";"Decrescente";"Céu Claro";"Dupla";"Reta";"Sim";1;0;1;0;0;0;1;1;-23,428193;-51,893249;"SPRF-PR";"DEL09-PR";"UOP01-DEL09-PR"
771394;2026-05-13;"quarta-feira";"06:50:00";"MG";116;508,7;"UBAPORANGA";"Condutor deixou de manter distância do veículo da frente";"Colisão traseira";"Com Vítimas Feridas";"Pleno dia";"Crescente";"Céu Claro";"Simples";"Reta";"Sim";2;0;1;0;1;0;1;2;-19,637047;-42,106059;"SPRF-MG";"DEL06-MG";"UOP02-DEL06-MG"
771395;2026-05-13;"quarta-feira";"07:00:00";"RJ";101;310;"SAO GONCALO";"Trafegar com motocicleta (ou similar) entre as faixas";"Colisão lateral mesmo sentido";"Com Vítimas Feridas";"Pleno dia";"Crescente";"Céu Claro";"Dupla";"Viaduto";"Sim";3;0;2;0;1;0;2;2;-22,8030143;-43,05797603;"SPRF-RJ";"DEL02-RJ";"UOP02-DEL02-RJ"
771396;2026-05-13;"quarta-feira";"07:30:00";"PE";428;185,9;"PETROLINA";"Trafegar com motocicleta (ou similar) entre as faixas";"Colisão lateral mesmo sentido";"Com Vítimas Feridas";"Pleno dia";"Crescente";"Céu Claro";"Múltipla";"Retorno Regulamentado";"Sim";2;0;1;0;1;0;1;2;-9,35916066;-40,48029039;"SPRF-PE";"DEL06-PE";"UOP01-DEL06-PE"
771397;2026-05-13;"quarta-feira";"07:37:00";"PB";230;136,3;"MASSARANDUBA";"Avarias e/ou desgaste excessivo no pneu";"Saída de leito carroçável";"Com Vítimas Feridas";"Pleno dia";"Crescente";"Garoa/Chuvisco";"Dupla";"Reta";"Não";1;0;1;0;0;0;1;1;-7,277213;-35,772668;"SPRF-PB";"DEL02-PB";"UOP01-DEL02-PB"
771398;2026-05-13;"quarta-feira";"07:10:00";"RN";304;297;"MACAIBA";"Acessar a via sem observar a presença dos outros veículos";"Colisão frontal";"Sem Vítimas";"Pleno dia";"Crescente";"Céu Claro";"Simples";"Reta";"Não";1;0;0;0;1;0;0;1;-5,8651544;-35,3509355;"SPRF-RN";"DEL01-RN";"UOP02-DEL01-RN"
771399;2026-05-13;"quarta-feira";"08:00:00";"GO";153;502,9;"GOIANIA";"Condutor deixou de manter distância do veículo da frente";"Colisão traseira";"Com Vítimas Feridas";"Pleno dia";"Crescente";"Céu Claro";"Dupla";"Viaduto;Reta";"Sim";2;0;0;1;1;0;1;2;-16,727194;-49,241497;"SPRF-GO";"DEL01-GO";"UOP01-DEL01-GO"
771400;2026-05-13;"quarta-feira";"01:45:00";"RJ";101;204;"CASIMIRO DE ABREU";"Objeto estático sobre o leito carroçável";"Colisão com objeto";"Com Vítimas Feridas";"Plena Noite";"Decrescente";"Céu Claro";"Dupla";"Reta";"Não";1;0;1;0;0;0;1;1;-22,47484;-42,17999;"SPRF-RJ";"DEL08-RJ";"UOP04-DEL08-RJ"
771401;2026-05-13;"quarta-feira";"07:20:00";"RN";101;93,5;"NATAL";"Condutor deixou de manter distância do veículo da frente";"Colisão traseira";"Com Vítimas Feridas";"Pleno dia";"Decrescente";"Céu Claro";"Dupla";"Viaduto";"Sim";2;0;1;0;1;0;1;2;-5,82726921;-35,21018594;"SPRF-RN";"DEL01-RN";"UOP01-DEL01-RN"