"id";"data_inversa";"dia_semana";"horario";"uf";"br";"km";"municipio";"causa_acidente";"tipo_acidente";"classificacao_acidente";"fase_dia";"sentido_via";"condicao_metereologica";"tipo_pista";"tracado_via";"uso_solo";"pessoas";"mortos";"feridos_leves";"feridos_graves";"ilesos";"ignorados";"feridos";"veiculos";"latitude";"longitude";"regional";"delegacia";"uop"
771402;2026-05-13;"quarta-feira";"07:03:00";"SC";101;207,7;"SAO JOSE";"Condutor deixou de manter distância do veículo da frente";"Colisão traseira";"Com Vítimas Feridas";"Pleno dia";"Decrescente";"Céu Claro";"Múltipla";"Curva";"Sim";4;0;0;1;3;0;1;4;-27,60387176;-48,63255017;"SPRF-SC";"DEL01-SC";"UOP01-DEL01-SC"
771405;2026-05-13;"quarta-feira";"08:00:00";"SC";101;327;"CAPIVARI DE BAIXO";"Desrespeitar a preferência no cruzamento";"Colisão lateral mesmo sentido";"Com Vítimas Feridas";"Pleno dia";"Decrescente";"Sol";"Múltipla";"Rotatória;Reta;Interseção de Vias;Viaduto";"Não";2;0;1;0;1;0;1;2;-28,43933129;-48,96260826;"SPRF-SC";"DEL02-SC";"UOP01-DEL02-SC"
771407;2026-05-13;"quarta-feira";"07:50:00";"MG";40;546;"NOVA LIMA";"Avarias e/ou desgaste excessivo no pneu";"Queda de ocupante de veículo";"Com Vítimas Feridas";"Pleno dia";"Crescente";"Céu Claro";"Dupla";"Reta";"Sim";2;0;2;0;0;0;2;1;-20,013088;-43,968256;"SPRF-MG";"DEL01-MG";"UOP02-DEL01-MG"
771408;2026-05-13;"quarta-feira";"08:20:00";"GO";153;501;"GOIANIA";"Manobra de mudança de faixa";"Colisão lateral mesmo sentido";"Com Vítimas Feridas";"Pleno dia";"Decrescente";"Sol";"Dupla";"Reta";"Sim";2;0;1;0;1;0;1;2;-16,716752;-49,236592;"SPRF-GO";"DEL01-GO";"UOP01-DEL01-GO"
771409;2026-05-13;"quarta-feira";"09:00:00";"ES";101;89,2;"SAO MATEUS";"Reação tardia ou ineficiente do condutor";"Queda de ocupante de veículo";"Com Vítimas Feridas";"Pleno dia";"Crescente";"Céu Claro";"Simples";"Reta";"Não";1;0;1;0;0;0;1;1;-18,891251;-39,952668;"SPRF-ES";"DEL04-ES";"UOP02-DEL04-ES"
771410;2026-04-05;"domingo";"16:25:00";"CE";222;217,5;"SOBRAL";"Transitar na contramão";"Colisão lateral sentido oposto";"Com Vítimas Feridas";"Pleno dia";"Crescente";"Céu Claro";"Simples";"Reta";"Não";5;0;4;0;1;0;4;2;-3,71868351;-40,33245488;"SPRF-CE";"DEL04-CE";"UOP01-DEL04-CE"
771411;2026-05-08;"sexta-feira";"22:45:00";"GO";60;107,5;"GOIANAPOLIS";"Manobra de mudança de faixa";"Colisão lateral mesmo sentido";"Com Vítimas Feridas";"Plena Noite";"Decrescente";"Céu Claro";"Múltipla";"Reta";"Não";3;0;1;0;1;1;1;2;-16,4366;-49,0187;"SPRF-GO";"DEL02-GO";"UOP01-DEL02-GO"
771412;2026-05-13;"quarta-feira";"06:45:00";"AC";364;135;"RIO BRANCO";"Transitar na contramão";"Colisão transversal";"Com Vítimas Feridas";"Pleno dia";"Decrescente";"Céu Claro";"Dupla";"Reta";"Não";2;0;1;0;1;0;1;2;-9,97903345;-67,84850557;"SPRF-AC";"DEL01-AC";"UOP01-DEL01-AC"
771414;2026-05-07;"quinta-feira";"19:40:00";"RO";364;422,9;"JARU";"Ausência de reação do condutor";"Saída de leito carroçável";"Sem Vítimas";"Plena Noite";"Decrescente";"Nublado";"Dupla";"Aclive";"Sim";1;0;0;0;0;1;0;1;-10,45323316;-62,46029589;"SPRF-RO";"DEL03-RO";"UOP02-DEL03-RO"
771415;2026-03-02;"segunda-feira";"20:11:00";"PA";163;331;"NOVO PROGRESSO";"Reação tardia ou ineficiente do condutor";"Saída de leito carroçável";"Sem Vítimas";"Plena Noite";"Decrescente";"Ignorado";"Simples";"Reta";"Não";2;0;0;0;0;2;0;1;-6,88212405;-55,4391707;"SPRF-PA";"DEL05-PA";"UOP03-DEL05-PA"
771416;2026-05-13;"quarta-feira";"09:20:00";"SP";116;145;"SAO JOSE DOS CAMPOS";"Demais falhas mecânicas ou elétricas";"Tombamento";"Com Vítimas Feridas";"Pleno dia";"Crescente";"Céu Claro";"Dupla";"Reta";"Não";2;0;2;0;0;0;2;1;-23,18540882;-45,85196614;"SPRF-SP";"DEL02-SP";"UOP01-DEL02-SP"
771420;2026-04-15;"quarta-feira";"17:45:00";"PR";116;109;"CURITIBA";"Demais Fenômenos da natureza";"Tombamento";"Com Vítimas Feridas";"Pleno dia";"Decrescente";"Ignorado";"Dupla";"Reta";"Não";1;0;1;0;0;0;1;1;-25,565533;-49,245111;"SPRF-PR";"DEL01-PR";"UOP03-DEL01-PR"
771425;2026-05-13;"quarta-feira";"08:10:00";"RJ";40;22,5;"TRES RIOS";"Demais falhas mecânicas ou elétricas";"Incêndio";"Sem Vítimas";"Pleno dia";"Decrescente";"Céu Claro";"Dupla";"Curva";"Não";1;0;0;0;1;0;0;1;-22,12805;-43,15583;"SPRF-RJ";"DEL05-RJ";"UOP02-DEL05-RJ"
771427;2026-05-13;"quarta-feira";"05:30:00";"PE";423;20;"SAO CAITANO";"Reação tardia ou ineficiente do condutor";"Colisão traseira";"Com Vítimas Feridas";"Pleno dia";"Crescente";"Céu Claro";"Simples";"Reta";"Não";3;0;0;2;0;1;2;2;-8,344157;-36,163547;"SPRF-PE";"DEL03-PE";"UOP02-DEL03-PE"
771433;2026-05-13;"quarta-feira";"12:00:00";"RJ";116;82;"TERESOPOLIS";"Acessar a via sem observar a presença dos outros veículos";"Colisão lateral mesmo sentido";"Com Vítimas Feridas";"Pleno dia";"Crescente";"Nublado";"Simples";"Reta;Aclive";"Sim";2;0;1;0;1;0;1;2;-22,4041794;-42,9552175;"SPRF-RJ";"DEL04-RJ";"UOP01-DEL04-RJ"
771434;2026-05-13;"quarta-feira";"11:00:00";"PR";369;152,2;"LONDRINA";"Demais falhas mecânicas ou elétricas";"Incêndio";"Com Vítimas Feridas";"Pleno dia";"Crescente";"Céu Claro";"Dupla";"Reta";"Sim";1;0;1;0;0;0;1;1;-23,29261301;-51,18308044;"SPRF-PR";"DEL07-PR";"UOP01-DEL07-PR"
771438;2026-05-13;"quarta-feira";"10:40:00";"SC";101;138;"ITAPEMA";"Ausência de reação do condutor";"Colisão traseira";"Com Vítimas Feridas";"Pleno dia";"Crescente";"Céu Claro";"Dupla";"Reta";"Sim";2;0;2;0;0;0;2;2;-27,06610358;-48,59579636;"SPRF-SC";"DEL04-SC";"UOP03-DEL04-SC"
771439;2026-05-13;"quarta-feira";"11:10:00";"PB";230;240,2;"JUAZEIRINHO";"Acessar a via sem observar a presença dos outros veículos";"Colisão transversal";"Com Vítimas Feridas";"Pleno dia";"Crescente";"Nublado";"Simples";"Interseção de Vias";"Sim";5;0;3;0;2;0;3;2;-7,06937;-36,577142;"SPRF-PB";"DEL02-PB";"UOP02-DEL02-PB"
771440;2026-05-05;"terça-feira";"19:20:00";"SP";116;144;"SAO JOSE DOS CAMPOS";"Trafegar com motocicleta (ou similar) entre as faixas";"Colisão lateral mesmo sentido";"Com Vítimas Feridas";"Plena Noite";"Decrescente";"Céu Claro";"Dupla";"Reta";"Sim";2;0;1;0;1;0;1;2;-23,18593037;-45,84828969;"SPRF-SP";"DEL02-SP";"UOP01-DEL02-SP"
771444;2026-05-13;"quarta-feira";"09:40:00";"SC";101;27,6;"JOINVILLE";"Reação tardia ou ineficiente do condutor";"Colisão traseira";"Com Vítimas Feridas";"Pleno dia";"Crescente";"Céu Claro";"Dupla";"Reta";"Sim";2;0;1;0;1;0;1;2;-26,20521994;-48,91437141;"SPRF-SC";"DEL03-SC";"UOP01-DEL03-SC"
771447;2026-05-13;"quarta-feira";"11:30:00";"SC";101;210;"SAO JOSE";"Ausência de reação do condutor";"Colisão lateral mesmo sentido";"Com Vítimas Feridas";"Pleno dia";"Decrescente";"Céu Claro";"Múltipla";"Reta";"Sim";2;0;2;0;0;0;2;2;-27,61583812;-48,64452694;"SPRF-SC";"DEL01-SC";"UOP01-DEL01-SC"
771451;2026-05-13;"quarta-feira";"11:00:00";"SC";101;397;"MARACAJA";"Reação tardia ou ineficiente do condutor";"Colisão com objeto";"Com Vítimas Feridas";"Pleno dia";"Decrescente";"Céu Claro";"Dupla";"Curva";"Não";1;0;1;0;0;0;1;1;-28,84418;-49,4314;"SPRF-SC";"DEL02-SC";"UOP02-DEL02-SC"
771452;2026-05-13;"quarta-feira";"10:00:00";"RO";364;14;"VILHENA";"Desrespeitar a preferência no cruzamento";"Colisão transversal";"Com Vítimas Feridas";"Pleno dia";"Crescente";"Céu Claro";"Simples";"Rotatória;Interseção de Vias";"Não";2;0;1;0;1;0;1;2;-12,73893585;-60,13910329;"SPRF-RO";"DEL04-RO";"UOP01-DEL04-RO"
771453;2026-05-13;"quarta-feira";"13:30:00";"PR";277;1,4;"PARANAGUA";"Reação tardia ou ineficiente do condutor";"Atropelamento de Pedestre";"Com Vítimas Feridas";"Pleno dia";"Crescente";"Céu Claro";"Múltipla";"Reta";"Sim";2;0;1;1;0;0;2;2;-25,552999;-48,554447;"SPRF-PR";"DEL01-PR";"UOP05-DEL01-PR"
771455;2026-05-13;"quarta-feira";"13:20:00";"DF";70;3,3;"BRASILIA";"Velocidade Incompatível";"Colisão transversal";"Com Vítimas Feridas";"Pleno dia";"Decrescente";"Céu Claro";"Dupla";"Curva";"Sim";5;0;0;3;0;2;3;3;-15,80197843;-48,08432579;"SPRF-DF";"DEL03-DF";"UOP02-DEL03-DF"
771457;2026-03-26;"quinta-feira";"16:51:00";"BA";101;875;"TEIXEIRA DE FREITAS";"Conversão proibida";"Colisão traseira";"Com Vítimas Feridas";"Pleno dia";"Decrescente";"Céu Claro";"Dupla";"Rotatória";"Sim";3;0;0;1;2;0;1;2;-17,52467756;-39,70787144;"SPRF-BA";"DEL09-BA";"UOP02-DEL09-BA"
771458;2026-05-13;"quarta-feira";"14:05:00";"DF";60;23;"BRASILIA";"Reação tardia ou ineficiente do condutor";"Saída de leito carroçável";"Com Vítimas Feridas";"Pleno dia";"Crescente";"Céu Claro";"Dupla";"Aclive;Reta";"Não";1;0;0;1;0;0;1;1;-15,991465;-48,231378;"SPRF-DF";"DEL03-DF";"UOP01-DEL03-DF"
771460;2026-05-13;"quarta-feira";"14:10:00";"RJ";101;308;"SAO GONCALO";"Demais falhas mecânicas ou elétricas";"Saída de leito carroçável";"Com Vítimas Feridas";"Pleno dia";"Crescente";"Céu Claro";"Dupla";"Reta";"Sim";1;0;1;0;0;0;1;1;-22,79264;-43,02282;"SPRF-RJ";"DEL02-RJ";"UOP02-DEL02-RJ"
771461;2026-05-13;"quarta-feira";"14:00:00";"MG";381;520;"IGARAPE";"Objeto estático sobre o leito carroçável";"Colisão com objeto";"Com Vítimas Feridas";"Pleno dia";"Decrescente";"Sol";"Dupla";"Declive;Curva";"Não";2;0;1;0;1;0;1;1;-20,114198;-44,306018;"SPRF-MG";"DEL01-MG";"UOP03-DEL01-MG"
771464;2026-05-13;"quarta-feira";"14:05:00";"RJ";116;185;"NOVA IGUACU";"Manobra de mudança de faixa";"Colisão lateral mesmo sentido";"Com Vítimas Feridas";"Pleno dia";"Decrescente";"Céu Claro";"Dupla";"Reta";"Sim";2;0;1;0;1;0;1;2;-22,74052148;-43,45852643;"SPRF-RJ";"DEL06-RJ";"UOP01-DEL06-RJ"
771468;2026-04-22;"quarta-feira";"18:28:00";"AC";307;188,5;"CRUZEIRO DO SUL";"Animais na Pista";"Atropelamento de Animal";"Com Vítimas Feridas";"Plena Noite";"Decrescente";"Céu Claro";"Simples";"Curva";"Não";1;0;1;0;0;0;1;1;-7,64458493;-72,65820477;"SPRF-AC";"DEL01-AC";"UOP03-DEL01-AC"
771472;2026-05-13;"quarta-feira";"14:20:00";"RO";364;200;"PIMENTA BUENO";"Reação tardia ou ineficiente do condutor";"Colisão traseira";"Com Vítimas Feridas";"Pleno dia";"Decrescente";"Céu Claro";"Simples";"Reta";"Não";2;0;0;1;1;0;1;2;-11,652595;-61,192833;"SPRF-RO";"DEL02-RO";"UOP02-DEL02-RO"
771473;2026-05-13;"quarta-feira";"15:25:00";"PR";277;646;"CEU AZUL";"Desrespeitar a preferência no cruzamento";"Colisão transversal";"Com Vítimas Feridas";"Pleno dia";"Decrescente";"Céu Claro";"Simples";"Reta;Aclive";"Não";3;0;1;0;2;0;1;2;-25,173556;-53,886972;"SPRF-PR";"DEL05-PR";"UOP02-DEL05-PR"
771474;2026-05-13;"quarta-feira";"14:23:00";"RO";364;715;"PORTO VELHO";"Acessar a via sem observar a presença dos outros veículos";"Colisão transversal";"Com Vítimas Feridas";"Pleno dia";"Crescente";"Céu Claro";"Dupla";"Reta;Declive;Interseção de Vias";"Sim";2;0;1;0;1;0;1;2;-8,78102137;-63,89357337;"SPRF-RO";"DEL01-RO";"UOP01-DEL01-RO"
771478;2026-05-13;"quarta-feira";"16:25:00";"BA";367;40;"PORTO SEGURO";"Reação tardia ou ineficiente do condutor";"Tombamento";"Com Vítimas Feridas";"Pleno dia";"Crescente";"Céu Claro";"Simples";"Curva";"Não";1;0;0;1;0;0;1;1;-16,387108;-39,207255;"SPRF-BA";"DEL09-BA";"UOP03-DEL09-BA"
771480;2026-05-13;"quarta-feira";"16:47:00";"GO";153;507;"APARECIDA DE GOIANIA";"Ausência de reação do condutor";"Tombamento";"Com Vítimas Feridas";"Pleno dia";"Decrescente";"Céu Claro";"Dupla";"Curva";"Sim";1;0;1;0;0;0;1;1;-16,767402;-49,239175;"SPRF-GO";"DEL01-GO";"UOP03-DEL01-GO"
771483;2026-05-13;"quarta-feira";"15:42:00";"MT";70;292;"PRIMAVERA DO LESTE";"Condutor deixou de manter distância do veículo da frente";"Colisão traseira";"Com Vítimas Feridas";"Pleno dia";"Crescente";"Céu Claro";"Simples";"Reta";"Não";2;0;1;0;1;0;1;2;-15,57665954;-54,36753988;"SPRF-MT";"DEL05-MT";"UOP01-DEL05-MT"
771484;2026-05-13;"quarta-feira";"17:00:00";"SP";101;50;"UBATUBA";"Retorno proibido";"Colisão transversal";"Com Vítimas Feridas";"Pleno dia";"Crescente";"Céu Claro";"Simples";"Reta";"Sim";3;0;1;0;2;0;1;2;-23,45105094;-45,07675108;"SPRF-SP";"DEL06-SP";"UOP01-DEL06-SP"
771485;2026-05-13;"quarta-feira";"16:45:00";"RS";290;69;"GRAVATAI";"Reação tardia ou ineficiente do condutor";"Colisão lateral mesmo sentido";"Com Vítimas Feridas";"Pleno dia";"Crescente";"Céu Claro";"Dupla";"Reta";"Sim";3;0;2;0;1;0;2;2;-29,9449691;-50,94647884;"SPRF-RS";"DEL03-RS";"UOP01-DEL03-RS"
771487;2026-05-13;"quarta-feira";"16:40:00";"MG";116;277;"TEOFILO OTONI";"Acessar a via sem observar a presença dos outros veículos";"Colisão transversal";"Com Vítimas Feridas";"Pleno dia";"Crescente";"Céu Claro";"Simples";"Em Obras;Interseção de Vias";"Sim";4;0;0;1;3;0;1;3;-17,866486;-41,515331;"SPRF-MG";"DEL11-MG";"UOP01-DEL11-MG"
771489;2026-05-13;"quarta-feira";"14:30:00";"RJ";40;114;"DUQUE DE CAXIAS";"Reação tardia ou ineficiente do condutor";"Colisão traseira";"Com Vítimas Feridas";"Pleno dia";"Crescente";"Céu Claro";"Múltipla";"Reta;Declive";"Não";4;0;1;0;3;0;1;2;-22,71788395;-43,28997374;"SPRF-RJ";"DEL01-RJ";"UOP02-DEL01-RJ"
771492;2026-05-13;"quarta-feira";"15:45:00";"SC";101;89;"BARRA VELHA";"Ausência de reação do condutor";"Colisão traseira";"Com Vítimas Feridas";"Pleno dia";"Decrescente";"Céu Claro";"Dupla";"Reta";"Sim";2;0;0;1;1;0;1;2;-26,6595893;-48,6880819;"SPRF-SC";"DEL03-SC";"UOP02-DEL03-SC"
771493;2026-03-30;"segunda-feira";"19:05:00";"SP";488;1,5;"APARECIDA";"Conversão proibida";"Colisão lateral mesmo sentido";"Com Vítimas Feridas";"Plena Noite";"Decrescente";"Nublado";"Dupla";"Rotatória";"Sim";3;0;1;0;1;1;1;3;-22,84738167;-45,23445575;"SPRF-SP";"DEL08-SP";"UOP01-DEL08-SP"
771495;2026-05-13;"quarta-feira";"17:47:00";"PR";116;125;"FAZENDA RIO GRANDE";"Trafegar com motocicleta (ou similar) entre as faixas";"Colisão lateral mesmo sentido";"Com Vítimas Feridas";"Pleno dia";"Crescente";"Nublado";"Dupla";"Reta";"Não";3;0;1;0;2;0;1;2;-25,630988;-49,313677;"SPRF-PR";"DEL01-PR";"UOP03-DEL01-PR"
771496;2026-05-13;"quarta-feira";"17:30:00";"RJ";116;181;"NOVA IGUACU";"Ausência de reação do condutor";"Colisão traseira";"Com Vítimas Feridas";"Plena Noite";"Crescente";"Céu Claro";"Dupla";"Reta";"Sim";2;0;1;0;1;0;1;2;-22,76315526;-43,41947631;"SPRF-RJ";"DEL06-RJ";"UOP01-DEL06-RJ"
771497;2026-05-13;"quarta-feira";"17:00:00";"TO";153;248,3;"COLINAS DO TOCANTINS";"Animais na Pista";"Queda de ocupante de veículo";"Com Vítimas Feridas";"Anoitecer";"Decrescente";"Nublado";"Dupla";"Curva";"Sim";2;0;1;1;0;0;2;1;-8,059615;-48,466438;"SPRF-TO";"DEL02-TO";"UOP02-DEL02-TO"
771503;2026-05-13;"quarta-feira";"18:00:00";"BA";116;15,2;"VITORIA DA CONQUISTA";"Ausência de reação do condutor";"Colisão transversal";"Com Vítimas Feridas";"Plena Noite";"Crescente";"Nublado";"Simples";"Rotatória;Reta";"Sim";2;0;1;0;1;0;1;2;-14,89925288;-40,85566521;"SPRF-BA";"DEL08-BA";"UOP01-DEL08-BA"
771504;2026-05-13;"quarta-feira";"18:10:00";"PE";232;181;"BELO JARDIM";"Acessar a via sem observar a presença dos outros veículos";"Colisão transversal";"Com Vítimas Feridas";"Plena Noite";"Crescente";"Nublado";"Simples";"Reta";"Sim";2;0;1;0;1;0;1;2;-8,34691;-36,440495;"SPRF-PE";"DEL03-PE";"UOP02-DEL03-PE"
771505;2026-05-13;"quarta-feira";"18:30:00";"BA";116;817,8;"VITORIA DA CONQUISTA";"Conversão proibida";"Colisão transversal";"Com Vítimas Feridas";"Plena Noite";"Decrescente";"Céu Claro";"Simples";"Reta;Declive;Interseção de Vias;Rotatória";"Sim";6;0;1;2;3;0;3;2;-14,82314778;-40,81769586;"SPRF-BA";"DEL08-BA";"UOP01-DEL08-BA"
771506;2026-05-13;"quarta-feira";"14:50:00";"RS";392;683;"ROQUE GONZALES";"Condutor Dormindo";"Saída de leito carroçável";"Com Vítimas Feridas";"Pleno dia";"Crescente";"Céu Claro";"Simples";"Reta";"Não";2;0;1;0;1;0;1;1;-28,11070736;-54,97957975;"SPRF-RS";"DEL10-RS";"UOP01-DEL10-RS"
771507;2026-05-13;"quarta-feira";"18:15:00";"RN";226;6,2;"NATAL";"Animais na Pista";"Atropelamento de Animal";"Com Vítimas Feridas";"Plena Noite";"Decrescente";"Nublado";"Simples";"Curva";"Sim";1;0;1;0;0;0;1;1;-5,821854;-35,279575;"SPRF-RN";"DEL01-RN";"UOP02-DEL01-RN"
771508;2026-05-13;"quarta-feira";"18:28:00";"SE";101;153,4;"ESTANCIA";"Acesso irregular";"Colisão frontal";"Com Vítimas Fatais";"Plena Noite";"Decrescente";"Nublado";"Simples";"Reta";"Não";9;1;0;0;8;0;0;2;-11,285;-37,453147;"SPRF-SE";"DEL02-SE";"UOP01-DEL02-SE"
771509;2026-05-13;"quarta-feira";"17:55:00";"PR";153;24;"JACAREZINHO";"Desrespeitar a preferência no cruzamento";"Colisão transversal";"Com Vítimas Feridas";"Pleno dia";"Crescente";"Céu Claro";"Simples";"Curva;Aclive;Interseção de Vias";"Não";2;0;1;0;1;0;1;2;-23,18918065;-49,98581735;"SPRF-PR";"DEL07-PR";"UOP04-DEL07-PR"
771510;2026-05-13;"quarta-feira";"18:50:00";"MG";381;786,9;"SAO GONCALO DO SAPUCAI";"Ausência de reação do condutor";"Saída de leito carroçável";"Com Vítimas Fatais";"Plena Noite";"Decrescente";"Céu Claro";"Dupla";"Reta;Declive";"Não";3;1;1;0;0;1;1;2;-21,85209874;-45,52039146;"SPRF-MG";"DEL16-MG";"UOP02-DEL16-MG"
771511;2026-05-13;"quarta-feira";"18:10:00";"SC";101;124;"ITAJAI";"Reação tardia ou ineficiente do condutor";"Colisão traseira";"Com Vítimas Feridas";"Pleno dia";"Crescente";"Céu Claro";"Dupla";"Reta";"Sim";2;0;1;0;1;0;1;2;-26,934295;-48,701155;"SPRF-SC";"DEL04-SC";"UOP04-DEL04-SC"
771512;2026-05-13;"quarta-feira";"16:30:00";"MG";40;532,2;"BELO HORIZONTE";"Condutor usando celular";"Colisão traseira";"Sem Vítimas";"Pleno dia";"Crescente";"Céu Claro";"Dupla";"Declive;Reta";"Sim";2;0;0;0;2;0;0;2;-19,924762;-44,014324;"SPRF-MG";"DEL01-MG";"UOP02-DEL01-MG"
771514;2026-05-13;"quarta-feira";"18:30:00";"SP";153;63,2;"SAO JOSE DO RIO PRETO";"Manobra de mudança de faixa";"Colisão lateral mesmo sentido";"Com Vítimas Feridas";"Anoitecer";"Decrescente";"Céu Claro";"Dupla";"Curva";"Sim";2;0;1;0;1;0;1;2;-20,82519195;-49,35824633;"SPRF-SP";"DEL09-SP";"UOP01-DEL09-SP"
771515;2026-05-13;"quarta-feira";"18:50:00";"RS";116;255;"ESTEIO";"Manobra de mudança de faixa";"Tombamento";"Com Vítimas Feridas";"Plena Noite";"Decrescente";"Céu Claro";"Dupla";"Reta";"Sim";2;0;1;0;0;1;1;2;-29,8339839;-51,1740983;"SPRF-RS";"DEL01-RS";"UOP02-DEL01-RS"
771516;2026-04-19;"domingo";"18:40:00";"MG";381;485;"BETIM";"Manobra de mudança de faixa";"Colisão lateral mesmo sentido";"Com Vítimas Feridas";"Plena Noite";"Decrescente";"Céu Claro";"Dupla";"Reta;Declive";"Sim";2;0;1;0;1;0;1;2;-19,95597;-44,09991;"SPRF-MG";"DEL01-MG";"UOP03-DEL01-MG"
771519;2026-05-13;"quarta-feira";"15:57:00";"RO";364;242;"CACOAL";"Desrespeitar a preferência no cruzamento";"Colisão transversal";"Com Vítimas Feridas";"Pleno dia";"Crescente";"Sol";"Simples";"Rotatória;Interseção de Vias";"Sim";5;0;2;0;3;0;2;2;-11,44062;-61,487702;"SPRF-RO";"DEL02-RO";"UOP02-DEL02-RO"
771520;2026-05-13;"quarta-feira";"19:47:00";"SP";153;43,6;"ONDA VERDE";"Acessar a via sem observar a presença dos outros veículos";"Colisão transversal";"Com Vítimas Feridas";"Plena Noite";"Crescente";"Céu Claro";"Simples";"Curva";"Não";5;0;0;4;1;0;4;2;-20,650714;-49,341578;"SPRF-SP";"DEL09-SP";"UOP01-DEL09-SP"
771521;2026-05-13;"quarta-feira";"19:15:00";"DF";70;13,8;"BRASILIA";"Trafegar com motocicleta (ou similar) entre as faixas";"Colisão traseira";"Com Vítimas Feridas";"Plena Noite";"Crescente";"Céu Claro";"Dupla";"Reta";"Não";5;0;1;0;4;0;1;2;-15,79690862;-48,19168288;"SPRF-DF";"DEL03-DF";"UOP02-DEL03-DF"
771522;2026-05-13;"quarta-feira";"20:00:00";"PR";277;84;"CURITIBA";"Ausência de reação do condutor";"Queda de ocupante de veículo";"Com Vítimas Feridas";"Plena Noite";"Decrescente";"Céu Claro";"Dupla";"Declive;Curva";"Sim";2;0;1;0;1;0;1;1;-25,444372;-49,23299;"SPRF-PR";"DEL01-PR";"UOP03-DEL01-PR"
771523;2026-05-13;"quarta-feira";"11:45:00";"PI";402;35;"PARNAIBA";"Desrespeitar a preferência no cruzamento";"Colisão transversal";"Sem Vítimas";"Pleno dia";"Decrescente";"Sol";"Simples";"Reta";"Não";2;0;0;0;1;1;0;2;-2,939043;-41,741983;"SPRF-PI";"DEL05-PI";"UOP01-DEL05-PI"
771525;2026-05-13;"quarta-feira";"18:20:00";"RJ";101;332;"RIO DE JANEIRO";"Reação tardia ou ineficiente do condutor";"Colisão traseira";"Com Vítimas Feridas";"Plena Noite";"Crescente";"Céu Claro";"Dupla";"Ponte;Reta";"Não";3;0;1;0;2;0;1;3;-22,88067125;-43,21293449;"SPRF-RJ";"DEL02-RJ";"UOP01-DEL02-RJ"
771526;2026-05-13;"quarta-feira";"16:30:00";"PR";116;118;"CURITIBA";"Acessar a via sem observar a presença dos outros veículos";"Colisão transversal";"Com Vítimas Feridas";"Pleno dia";"Crescente";"Céu Claro";"Dupla";"Reta";"Não";2;0;0;2;0;0;2;2;-25,568869;-49,310316;"SPRF-PR";"DEL01-PR";"UOP03-DEL01-PR"
771527;2026-05-13;"quarta-feira";"20:00:00";"SP";116;230;"SAO PAULO";"Manobra de mudança de faixa";"Colisão lateral mesmo sentido";"Com Vítimas Feridas";"Plena Noite";"Decrescente";"Céu Claro";"Múltipla";"Reta";"Sim";3;0;1;0;2;0;1;2;-23,521072;-46,583862;"SPRF-SP";"DEL01-SP";"UOP01-DEL01-SP"
771528;2026-05-13;"quarta-feira";"20:10:00";"DF";40;8;"BRASILIA";"Ausência de reação do condutor";"Colisão traseira";"Com Vítimas Feridas";"Plena Noite";"Crescente";"Céu Claro";"Dupla";"Viaduto;Reta";"Sim";3;0;1;0;2;0;1;2;-16,04863667;-47,98080795;"SPRF-DF";"DEL01-DF";"UOP01-DEL01-DF"
771529;2026-05-13;"quarta-feira";"19:40:00";"DF";20;15,3;"BRASILIA";"Reação tardia ou ineficiente do condutor";"Colisão traseira";"Sem Vítimas";"Plena Noite";"Crescente";"Céu Claro";"Dupla";"Reta;Declive";"Não";2;0;0;0;2;0;0;2;-15,62866381;-47,72998166;"SPRF-DF";"DEL02-DF";"UOP01-DEL02-DF"
771530;2026-05-13;"quarta-feira";"18:00:00";"MS";158;94;"PARANAIBA";"Condutor deixou de manter distância do veículo da frente";"Colisão traseira";"Sem Vítimas";"Plena Noite";"Decrescente";"Céu Claro";"Dupla";"Reta";"Não";2;0;0;0;2;0;0;2;-19,67317552;-51,2041196;"SPRF-MS";"DEL08-MS";"UOP01-DEL08-MS"
771531;2026-05-13;"quarta-feira";"20:00:00";"MG";381;322;"NOVA ERA";"Acessar a via sem observar a presença dos outros veículos";"Colisão transversal";"Com Vítimas Feridas";"Plena Noite";"Crescente";"Céu Claro";"Dupla";"Reta;Interseção de Vias";"Não";7;0;1;0;6;0;1;2;-19,75671417;-43,02723527;"SPRF-MG";"DEL03-MG";"UOP02-DEL03-MG"
771534;2026-05-13;"quarta-feira";"19:30:00";"MT";163;1032;"PEIXOTO DE AZEVEDO";"Ausência de reação do condutor";"Eventos atípicos";"Com Vítimas Feridas";"Plena Noite";"Decrescente";"Céu Claro";"Simples";"Reta";"Não";2;0;2;0;0;0;2;1;-10,229323;-54,976794;"SPRF-MT";"DEL06-MT";"UOP03-DEL06-MT"
771536;2026-05-13;"quarta-feira";"18:00:00";"MG";40;628;"CONSELHEIRO LAFAIETE";"Pedestre cruzava a pista fora da faixa";"Atropelamento de Pedestre";"Com Vítimas Feridas";"Plena Noite";"Crescente";"Nublado";"Simples";"Reta";"Sim";3;0;0;3;0;0;3;2;-20,63795611;-43,81435204;"SPRF-MG";"DEL05-MG";"UOP02-DEL05-MG"
771537;2026-05-13;"quarta-feira";"17:40:00";"MG";381;577,8;"CARMOPOLIS DE MINAS";"Reação tardia ou ineficiente do condutor";"Saída de leito carroçável";"Com Vítimas Feridas";"Anoitecer";"Crescente";"Chuva";"Dupla";"Reta";"Não";1;0;1;0;0;0;1;1;-20,467512;-44,581318;"SPRF-MG";"DEL04-MG";"UOP01-DEL04-MG"