"id";"data_inversa";"dia_semana";"horario";"uf";"br";"km";"municipio";"causa_acidente";"tipo_acidente";"classificacao_acidente";"fase_dia";"sentido_via";"condicao_metereologica";"tipo_pista";"tracado_via";"uso_solo";"pessoas";"mortos";"feridos_leves";"feridos_graves";"ilesos";"ignorados";"feridos";"veiculos";"latitude";"longitude";"regional";"delegacia";"uop"
771539;2026-05-13;"quarta-feira";"19:00:00";"MG";267;226;"LIBERDADE";"Ultrapassagem Indevida";"Colisão frontal";"Com Vítimas Feridas";"Plena Noite";"Decrescente";"Céu Claro";"Simples";"Reta";"Não";3;0;2;0;1;0;2;2;-21,9411033;-44,3122783;"SPRF-MG";"DEL17-MG";"UOP01-DEL17-MG"
771540;2026-02-14;"sábado";"16:20:00";"PR";277;39;"MORRETES";"Reação tardia ou ineficiente do condutor";"Colisão traseira";"Com Vítimas Feridas";"Pleno dia";"Decrescente";"Garoa/Chuvisco";"Dupla";"Declive;Reta";"Não";7;0;2;0;4;1;2;5;-25,5782962;-48,86140315;"SPRF-PR";"DEL01-PR";"UOP05-DEL01-PR"
771542;2026-05-13;"quarta-feira";"21:58:00";"PI";343;331,4;"TERESINA";"Animais na Pista";"Atropelamento de Animal";"Com Vítimas Feridas";"Plena Noite";"Decrescente";"Céu Claro";"Simples";"Reta";"Não";1;0;1;0;0;0;1;1;-5,05940127;-42,66196847;"SPRF-PI";"DEL01-PI";"UOP01-DEL01-PI"
771544;2026-05-13;"quarta-feira";"22:00:00";"BA";101;717;"EUNAPOLIS";"Reação tardia ou ineficiente do condutor";"Colisão frontal";"Com Vítimas Feridas";"Plena Noite";"Decrescente";"Céu Claro";"Simples";"Reta";"Não";2;0;0;1;1;0;1;2;-16,36746672;-39,58275387;"SPRF-BA";"DEL09-BA";"UOP01-DEL09-BA"
771545;2026-05-13;"quarta-feira";"22:30:00";"PE";232;71,8;"GRAVATA";"Acessar a via sem observar a presença dos outros veículos";"Colisão lateral mesmo sentido";"Com Vítimas Feridas";"Plena Noite";"Crescente";"Nublado";"Dupla";"Reta;Retorno Regulamentado";"Sim";3;0;3;0;0;0;3;2;-8,186133;-35,499287;"SPRF-PE";"DEL02-PE";"UOP02-DEL02PE"
771546;2026-05-13;"quarta-feira";"20:30:00";"RO";435;143;"CEREJEIRAS";"Demais falhas na via";"Queda de ocupante de veículo";"Com Vítimas Feridas";"Plena Noite";"Decrescente";"Céu Claro";"Simples";"Reta";"Não";2;0;1;1;0;0;2;1;-13,24230227;-60,95024586;"SPRF-RO";"DEL04-RO";"UOP02-DEL04-RO"
771551;2026-05-13;"quarta-feira";"18:45:00";"MG";262;30,9;"MANHUACU";"Reação tardia ou ineficiente do condutor";"Saída de leito carroçável";"Com Vítimas Feridas";"Plena Noite";"Decrescente";"Céu Claro";"Simples";"Curva;Declive";"Não";1;0;1;0;0;0;1;1;-20,255493;-41,99733;"SPRF-MG";"DEL06-MG";"UOP03-DEL06-MG"
771553;2026-05-13;"quarta-feira";"21:00:00";"MS";267;98,1;"ANAURILANDIA";"Reação tardia ou ineficiente do condutor";"Saída de leito carroçável";"Com Vítimas Feridas";"Plena Noite";"Crescente";"Céu Claro";"Simples";"Curva";"Não";1;0;1;0;0;0;1;1;-21,8553273;-53,0314836;"SPRF-MS";"DEL02-MS";"UOP04-DEL02-MS"
771554;2026-05-13;"quarta-feira";"22:40:00";"MG";116;707,2;"MURIAE";"Animais na Pista";"Atropelamento de Animal";"Com Vítimas Feridas";"Plena Noite";"Crescente";"Céu Claro";"Simples";"Reta";"Não";3;0;2;0;1;0;2;1;-21,161;-42,382;"SPRF-MG";"DEL07-MG";"UOP02-DEL07-MG"
771556;2026-05-14;"quinta-feira";"00:25:00";"MG";381;426;"SABARA";"Velocidade Incompatível";"Saída de leito carroçável";"Com Vítimas Feridas";"Plena Noite";"Crescente";"Chuva";"Simples";"Curva";"Não";2;0;2;0;0;0;2;1;-19,78678;-43,72308;"SPRF-MG";"DEL01-MG";"UOP01-DEL01-MG"
771558;2026-05-14;"quinta-feira";"01:12:00";"RJ";101;318,3;"SAO GONCALO";"Mal súbito do condutor";"Saída de leito carroçável";"Com Vítimas Feridas";"Plena Noite";"Decrescente";"Céu Claro";"Simples";"Reta";"Não";3;0;2;0;0;1;2;2;-22,8471257;-43,0991343;"SPRF-RJ";"DEL02-RJ";"UOP02-DEL02-RJ"
771559;2026-05-14;"quinta-feira";"01:00:00";"MS";163;29;"MUNDO NOVO";"Objeto estático sobre o leito carroçável";"Colisão com objeto";"Com Vítimas Feridas";"Plena Noite";"Crescente";"Céu Claro";"Simples";"Reta";"Não";1;0;1;0;0;0;1;1;-23,86902725;-54,32768762;"SPRF-MS";"DEL09-MS";"UOP02-DEL09-MS"
771562;2026-05-14;"quinta-feira";"03:30:00";"RS";158;566,7;"SANTANA DO LIVRAMENTO";"Ingestão de álcool pelo condutor";"Atropelamento de Pedestre";"Com Vítimas Fatais";"Plena Noite";"Crescente";"Céu Claro";"Simples";"Declive;Reta";"Sim";2;1;0;0;1;0;0;2;-30,884905;-55,50798;"SPRF-RS";"DEL11-RS";"UOP01-DEL11-RS"
771563;2026-05-14;"quinta-feira";"02:40:00";"MG";262;69;"MATIPO";"Reação tardia ou ineficiente do condutor";"Colisão lateral sentido oposto";"Com Vítimas Feridas";"Plena Noite";"Crescente";"Nublado";"Simples";"Reta";"Não";4;0;2;0;1;1;2;2;-20,31178907;-42,31521606;"SPRF-MG";"DEL06-MG";"UOP03-DEL06-MG"
771564;2026-05-14;"quinta-feira";"04:40:00";"SP";116;62,5;"GUARATINGUETA";"Ausência de reação do condutor";"Colisão com objeto";"Com Vítimas Fatais";"Plena Noite";"Decrescente";"Nublado";"Múltipla";"Reta";"Não";1;1;0;0;0;0;0;1;-22,8089562;-45,1751865;"SPRF-SP";"DEL08-SP";"UOP01-DEL08-SP"
771566;2026-05-14;"quinta-feira";"04:30:00";"MS";163;610,9;"SAO GABRIEL DO OESTE";"Reação tardia ou ineficiente do condutor";"Colisão frontal";"Com Vítimas Feridas";"Plena Noite";"Crescente";"Nublado";"Simples";"Aclive;Reta";"Sim";3;0;1;2;0;0;3;2;-19,424216;-54,546206;"SPRF-MS";"DEL06-MS";"UOP02-DEL06-MS"
771567;2026-05-13;"quarta-feira";"18:10:00";"BA";415;27;"ILHEUS";"Reação tardia ou ineficiente do condutor";"Colisão traseira";"Com Vítimas Feridas";"Plena Noite";"Decrescente";"Céu Claro";"Simples";"Reta";"Não";2;0;1;0;1;0;1;2;-14,795551;-39,180799;"SPRF-BA";"DEL05-BA";"UOP01-DEL05-BA"
771568;2026-05-14;"quinta-feira";"04:20:00";"SC";101;102;"BALNEARIO PICARRAS";"Ausência de reação do condutor";"Colisão com objeto";"Com Vítimas Feridas";"Plena Noite";"Crescente";"Céu Claro";"Múltipla";"Reta";"Não";4;0;4;0;0;0;4;1;-26,7745049;-48,68568564;"SPRF-SC";"DEL03-SC";"UOP02-DEL03-SC"
771569;2026-05-14;"quinta-feira";"06:00:00";"PE";101;25;"ITAPISSUMA";"Acessar a via sem observar a presença dos outros veículos";"Colisão transversal";"Com Vítimas Feridas";"Pleno dia";"Crescente";"Céu Claro";"Dupla";"Reta";"Não";2;0;1;0;1;0;1;2;-7,70091;-34,92292;"SPRF-PE";"DEL01-PE";"UOP02-DEL01-PE"
771570;2026-05-14;"quinta-feira";"05:28:00";"SP";116;64,7;"GUARATINGUETA";"Ausência de reação do condutor";"Colisão traseira";"Com Vítimas Feridas";"Amanhecer";"Decrescente";"Nublado";"Dupla";"Declive;Curva";"Sim";3;0;1;1;1;0;2;2;-22,82311411;-45,19156122;"SPRF-SP";"DEL08-SP";"UOP01-DEL08-SP"
771571;2026-05-14;"quinta-feira";"06:00:00";"PR";153;390;"MALLET";"Ausência de reação do condutor";"Saída de leito carroçável";"Com Vítimas Feridas";"Amanhecer";"Crescente";"Chuva";"Simples";"Reta";"Sim";1;0;1;0;0;0;1;1;-25,880299;-50,836507;"SPRF-PR";"DEL08-PR";"UOP02-DEL08-PR"
771574;2026-05-14;"quinta-feira";"07:00:00";"RS";290;78;"GRAVATAI";"Ausência de reação do condutor";"Tombamento";"Com Vítimas Feridas";"Pleno dia";"Crescente";"Céu Claro";"Múltipla";"Reta";"Sim";1;0;1;0;0;0;1;1;-29,95428067;-51,03675354;"SPRF-RS";"DEL01-RS";"UOP01-DEL01-RS"
771575;2026-05-14;"quinta-feira";"06:50:00";"SC";470;51,7;"BLUMENAU";"Reação tardia ou ineficiente do condutor";"Colisão com objeto";"Com Vítimas Feridas";"Pleno dia";"Decrescente";"Nublado";"Simples";"Em Obras;Reta;Desvio Temporário";"Sim";1;0;1;0;0;0;1;1;-26,86276379;-49,09046531;"SPRF-SC";"DEL04-SC";"UOP01-DEL04-SC"
771577;2026-05-14;"quinta-feira";"06:30:00";"RS";392;17,5;"RIO GRANDE";"Retorno proibido";"Colisão traseira";"Com Vítimas Feridas";"Amanhecer";"Decrescente";"Céu Claro";"Dupla";"Retorno Regulamentado;Reta";"Sim";2;0;1;0;1;0;1;2;-32,091152;-52,17278;"SPRF-RS";"DEL07-RS";"UOP02-DEL07-RS"
771578;2026-05-14;"quinta-feira";"06:20:00";"GO";153;109,1;"GOIANAPOLIS";"Ausência de reação do condutor";"Queda de ocupante de veículo";"Com Vítimas Feridas";"Amanhecer";"Decrescente";"Céu Claro";"Dupla";"Reta";"Não";1;0;0;1;0;0;1;1;-16,448517;-49,024402;"SPRF-GO";"DEL07-GO";"UOP01-DEL07-GO"
771580;2026-05-14;"quinta-feira";"04:30:00";"BA";101;749,6;"ITABELA";"Reação tardia ou ineficiente do condutor";"Colisão com objeto";"Com Vítimas Feridas";"Plena Noite";"Crescente";"Céu Claro";"Simples";"Declive;Curva";"Não";3;0;3;0;0;0;3;1;-16,610472;-39,546223;"SPRF-BA";"DEL09-BA";"UOP01-DEL09-BA"
771582;2026-05-14;"quinta-feira";"07:00:00";"PR";163;186;"SANTA TEREZA DO OESTE";"Avarias e/ou desgaste excessivo no pneu";"Saída de leito carroçável";"Com Vítimas Feridas";"Amanhecer";"Decrescente";"Céu Claro";"Dupla";"Curva;Aclive";"Não";4;0;1;0;3;0;1;1;-25,108308;-53,59117;"SPRF-PR";"DEL05-PR";"UOP05-DEL05-PR"
771583;2026-05-14;"quinta-feira";"07:00:00";"PR";277;2;"PARANAGUA";"Reação tardia ou ineficiente do condutor";"Colisão transversal";"Com Vítimas Feridas";"Pleno dia";"Crescente";"Céu Claro";"Simples";"Reta;Interseção de Vias";"Sim";3;0;1;0;2;0;1;2;-25,548409;-48,547573;"SPRF-PR";"DEL01-PR";"UOP05-DEL01-PR"
771585;2026-05-13;"quarta-feira";"23:00:00";"RS";471;169;"RIO PARDO";"Ingestão de álcool pelo condutor";"Saída de leito carroçável";"Sem Vítimas";"Plena Noite";"Crescente";"Nublado";"Simples";"Curva";"Não";1;0;0;0;1;0;0;1;-29,9421766;-52,38425955;"SPRF-RS";"DEL02-RS";"UOP03-DEL02-RS"
771588;2026-05-14;"quinta-feira";"07:42:00";"RS";116;263;"CANOAS";"Manobra de mudança de faixa";"Colisão traseira";"Com Vítimas Feridas";"Pleno dia";"Crescente";"Céu Claro";"Dupla";"Viaduto;Declive;Em Obras;Reta";"Sim";2;0;1;0;1;0;1;2;-29,9039595;-51,17673267;"SPRF-RS";"DEL01-RS";"UOP01-DEL01-RS"
771589;2026-05-13;"quarta-feira";"23:00:00";"RJ";101;80;"CAMPOS DOS GOYTACAZES";"Ingestão de álcool pelo condutor";"Colisão traseira";"Com Vítimas Feridas";"Plena Noite";"Decrescente";"Céu Claro";"Simples";"Reta";"Sim";3;0;0;1;1;1;1;3;-21,835194;-41,435287;"SPRF-RJ";"DEL08-RJ";"UOP02-DEL08-RJ"
771590;2026-05-14;"quinta-feira";"07:40:00";"PR";277;345;"GUARAPUAVA";"Reação tardia ou ineficiente do condutor";"Colisão traseira";"Com Vítimas Feridas";"Pleno dia";"Decrescente";"Céu Claro";"Dupla";"Curva";"Não";6;0;1;1;4;0;2;2;-25,345087;-51,443255;"SPRF-PR";"DEL08-PR";"UOP01-DEL08-PR"
771592;2026-05-14;"quinta-feira";"08:00:00";"RS";472;568;"URUGUAIANA";"Acessar a via sem observar a presença dos outros veículos";"Colisão transversal";"Com Vítimas Feridas";"Pleno dia";"Crescente";"Céu Claro";"Simples";"Reta";"Sim";2;0;1;0;1;0;1;2;-29,76664;-57,02557;"SPRF-RS";"DEL13-RS";"UOP01-DEL13-RS"
771593;2026-05-14;"quinta-feira";"08:10:00";"TO";10;452,5;"PALMAS";"Condutor deixou de manter distância do veículo da frente";"Colisão traseira";"Com Vítimas Feridas";"Pleno dia";"Decrescente";"Céu Claro";"Múltipla";"Reta";"Sim";4;0;0;1;3;0;1;2;-10,324042;-48,297483;"SPRF-TO";"DEL01-TO";"UOP03-DEL01-TO"
771594;2026-05-14;"quinta-feira";"06:50:00";"RS";470;285;"MONTENEGRO";"Transitar na contramão";"Colisão frontal";"Com Vítimas Feridas";"Pleno dia";"Crescente";"Céu Claro";"Simples";"Reta";"Não";3;0;0;2;1;0;2;3;-29,64182082;-51,46482881;"SPRF-RS";"DEL06-RS";"UOP01-DEL06-RS"
771596;2026-05-14;"quinta-feira";"07:35:00";"PR";277;107;"CURITIBA";"Demais falhas mecânicas ou elétricas";"Incêndio";"Sem Vítimas";"Pleno dia";"Crescente";"Céu Claro";"Dupla";"Reta";"Sim";1;0;0;0;1;0;0;1;-25,432685;-49,370583;"SPRF-PR";"DEL01-PR";"UOP06-DEL01-PR"
771597;2026-05-14;"quinta-feira";"07:20:00";"SC";470;4;"NAVEGANTES";"Reação tardia ou ineficiente do condutor";"Colisão traseira";"Com Vítimas Feridas";"Pleno dia";"Crescente";"Céu Claro";"Múltipla";"Em Obras;Reta";"Sim";2;0;1;0;1;0;1;2;-26,8638891;-48,6803443;"SPRF-SC";"DEL04-SC";"UOP04-DEL04-SC"
771599;2026-05-14;"quinta-feira";"06:45:00";"PR";376;182,3;"SARANDI";"Ausência de reação do condutor";"Colisão lateral mesmo sentido";"Com Vítimas Feridas";"Pleno dia";"Crescente";"Céu Claro";"Múltipla";"Reta";"Sim";2;0;1;0;1;0;1;2;-23,43386946;-51,88388326;"SPRF-PR";"DEL09-PR";"UOP01-DEL09-PR"
771601;2026-05-14;"quinta-feira";"08:30:00";"SP";116;230;"SAO PAULO";"Ausência de reação do condutor";"Colisão traseira";"Com Vítimas Feridas";"Pleno dia";"Crescente";"Nublado";"Múltipla";"Reta";"Sim";2;0;1;0;1;0;1;2;-23,51633265;-46,57994247;"SPRF-SP";"DEL01-SP";"UOP01-DEL01-SP"
771603;2026-05-14;"quinta-feira";"07:26:00";"MT";163;603;"NOVA MUTUM";"Ausência de reação do condutor";"Colisão traseira";"Com Vítimas Feridas";"Pleno dia";"Crescente";"Céu Claro";"Dupla";"Reta";"Sim";2;0;1;0;1;0;1;2;-13,780645;-56,060893;"SPRF-MT";"DEL01-MT";"UOP01-DEL01-MT"
771605;2026-05-14;"quinta-feira";"09:15:00";"SP";116;284;"EMBU DAS ARTES";"Reação tardia ou ineficiente do condutor";"Colisão lateral mesmo sentido";"Com Vítimas Feridas";"Pleno dia";"Decrescente";"Céu Claro";"Dupla";"Reta";"Sim";2;0;1;0;1;0;1;2;-23,671967;-46,856196;"SPRF-SP";"DEL04-SP";"UOP01-DEL04-SP"
771606;2026-05-14;"quinta-feira";"08:15:00";"SC";101;333;"TUBARAO";"Manobra de mudança de faixa";"Colisão lateral mesmo sentido";"Com Vítimas Feridas";"Pleno dia";"Crescente";"Céu Claro";"Múltipla";"Reta";"Sim";2;0;1;0;1;0;1;2;-28,4672744;-49,005376;"SPRF-SC";"DEL02-SC";"UOP01-DEL02-SC"
771608;2026-05-14;"quinta-feira";"08:00:00";"RO";364;710;"PORTO VELHO";"Acessar a via sem observar a presença dos outros veículos";"Colisão transversal";"Com Vítimas Feridas";"Pleno dia";"Decrescente";"Céu Claro";"Múltipla";"Reta;Interseção de Vias";"Sim";2;0;1;0;1;0;1;2;-8,78252749;-63,86454312;"SPRF-RO";"DEL01-RO";"UOP01-DEL01-RO"
771611;2026-05-14;"quinta-feira";"10:00:00";"SP";116;148;"SAO JOSE DOS CAMPOS";"Reação tardia ou ineficiente do condutor";"Tombamento";"Com Vítimas Feridas";"Pleno dia";"Crescente";"Céu Claro";"Múltipla";"Reta";"Sim";1;0;0;1;0;0;1;1;-23,19836488;-45,87662864;"SPRF-SP";"DEL02-SP";"UOP01-DEL02-SP"
771612;2026-05-14;"quinta-feira";"07:36:00";"AC";364;134;"RIO BRANCO";"Reação tardia ou ineficiente do condutor";"Colisão traseira";"Com Vítimas Feridas";"Pleno dia";"Decrescente";"Céu Claro";"Dupla";"Reta";"Sim";2;0;1;0;1;0;1;2;-9,99309007;-67,84868717;"SPRF-AC";"DEL01-AC";"UOP01-DEL01-AC"
771613;2026-05-14;"quinta-feira";"10:30:00";"PR";376;592;"CURITIBA";"Manobra de mudança de faixa";"Colisão lateral mesmo sentido";"Com Vítimas Feridas";"Pleno dia";"Decrescente";"Céu Claro";"Dupla";"Reta";"Sim";2;0;1;0;1;0;1;2;-25,4396422;-49,3647163;"SPRF-PR";"DEL01-PR";"UOP06-DEL01-PR"
771615;2026-05-14;"quinta-feira";"07:13:00";"MG";116;436,4;"ENGENHEIRO CALDAS";"Acessar a via sem observar a presença dos outros veículos";"Colisão transversal";"Com Vítimas Feridas";"Pleno dia";"Decrescente";"Nublado";"Simples";"Curva;Declive;Retorno Regulamentado;Interseção de Vias";"Não";8;0;2;0;6;0;2;2;-19,047999;-41,997328;"SPRF-MG";"DEL06-MG";"UOP01-DEL06-MG"
771616;2026-05-14;"quinta-feira";"10:15:00";"SC";101;136,8;"BALNEARIO CAMBORIU";"Manobra de mudança de faixa";"Colisão lateral mesmo sentido";"Com Vítimas Feridas";"Pleno dia";"Crescente";"Céu Claro";"Múltipla";"Reta";"Sim";2;0;1;0;1;0;1;2;-27,01391323;-48,61292736;"SPRF-SC";"DEL04-SC";"UOP03-DEL04-SC"
771623;2026-05-14;"quinta-feira";"11:20:00";"RS";116;244;"SAO LEOPOLDO";"Condutor deixou de manter distância do veículo da frente";"Colisão lateral sentido oposto";"Com Vítimas Feridas";"Pleno dia";"Crescente";"Céu Claro";"Simples";"Reta";"Sim";3;0;0;1;1;1;1;3;-29,74585332;-51,15132378;"SPRF-RS";"DEL01-RS";"UOP02-DEL01-RS"
771624;2026-05-14;"quinta-feira";"09:50:00";"TO";230;132;"ARAGUATINS";"Acumulo de água sobre o pavimento";"Colisão com objeto";"Com Vítimas Feridas";"Pleno dia";"Crescente";"Céu Claro";"Simples";"Reta";"Não";1;0;1;0;0;0;1;1;-5,759979;-48,051853;"SPRF-TO";"DEL02-TO";"UOP03-DEL02-TO"
771625;2026-05-14;"quinta-feira";"02:33:00";"MT";0;0;"BARRA DO GARCAS";"Declive acentuado";"Colisão frontal";"Sem Vítimas";"Plena Noite";"Não Informado";"Céu Claro";"Simples";"Curva;Declive";"Não";5;0;0;0;2;3;0;3;-15,556012;-52,454916;"SPRF-MT";"DEL07-MT";"UOP01-DEL07-MT"
771626;2026-05-14;"quinta-feira";"11:45:00";"PE";101;51;"PAULISTA";"Reação tardia ou ineficiente do condutor";"Colisão traseira";"Com Vítimas Feridas";"Pleno dia";"Decrescente";"Céu Claro";"Múltipla";"Reta";"Sim";4;0;1;0;3;0;1;2;-7,918681;-34,895814;"SPRF-PE";"DEL01-PE";"UOP02-DEL01-PE"
771628;2026-05-14;"quinta-feira";"09:46:00";"PI";343;1,5;"TERESINA";"Manobra de mudança de faixa";"Colisão lateral mesmo sentido";"Com Vítimas Feridas";"Pleno dia";"Crescente";"Sol";"Dupla";"Reta";"Sim";2;0;1;0;1;0;1;2;-5,08108045;-42,76367068;"SPRF-PI";"DEL01-PI";"UOP01-DEL01-PI"
771629;2026-05-14;"quinta-feira";"06:53:00";"PB";101;86;"JOAO PESSOA";"Demais falhas mecânicas ou elétricas";"Tombamento";"Com Vítimas Feridas";"Pleno dia";"Decrescente";"Nublado";"Simples";"Reta";"Sim";2;0;0;1;1;0;1;1;-7,15974541;-34,90578993;"SPRF-PB";"DEL01-PB";"UOP01-DEL01-PB"
771630;2026-05-14;"quinta-feira";"10:40:00";"PB";230;69;"SOBRADO";"Velocidade Incompatível";"Saída de leito carroçável";"Com Vítimas Feridas";"Pleno dia";"Crescente";"Chuva";"Dupla";"Curva";"Não";2;0;1;0;1;0;1;1;-7,188227;-35,213973;"SPRF-PB";"DEL01-PB";"UOP02-DEL01-PB"
771633;2026-05-14;"quinta-feira";"11:45:00";"SC";470;193,9;"PONTE ALTA";"Acessar a via sem observar a presença dos outros veículos";"Colisão transversal";"Com Vítimas Feridas";"Pleno dia";"Crescente";"Céu Claro";"Simples";"Reta";"Não";5;0;2;0;3;0;2;2;-27,3770956;-50,4310739;"SPRF-SC";"DEL04-SC";"UOP02-DEL04-SC"
771634;2026-03-08;"domingo";"08:40:00";"PE";408;83;"SAO LOURENCO DA MATA";"Falta de elemento de contenção que evite a saída do leito carroçável";"Saída de leito carroçável";"Com Vítimas Feridas";"Pleno dia";"Crescente";"Céu Claro";"Dupla";"Reta";"Não";1;0;1;0;0;0;1;1;-8,00124;-35,058695;"SPRF-PE";"DEL01-PE";"UOP01-DEL01-PE"
771635;2026-05-14;"quinta-feira";"12:05:00";"RS";285;293;"PASSO FUNDO";"Desrespeitar a preferência no cruzamento";"Colisão transversal";"Com Vítimas Feridas";"Pleno dia";"Crescente";"Céu Claro";"Dupla";"Rotatória";"Sim";4;0;1;0;3;0;1;2;-28,2369751;-52,37405626;"SPRF-RS";"DEL08-RS";"UOP03-DEL08-RS"
771636;2026-05-14;"quinta-feira";"10:24:00";"RJ";101;297;"ITABORAI";"Demais falhas mecânicas ou elétricas";"Incêndio";"Sem Vítimas";"Pleno dia";"Crescente";"Céu Claro";"Múltipla";"Reta";"Sim";2;0;0;0;2;0;0;1;-22,76927874;-42,9186909;"SPRF-RJ";"DEL02-RJ";"UOP02-DEL02-RJ"
771637;2026-05-14;"quinta-feira";"10:00:00";"MA";135;23;"SAO LUIS";"Acessar a via sem observar a presença dos outros veículos";"Colisão transversal";"Com Vítimas Feridas";"Pleno dia";"Decrescente";"Céu Claro";"Dupla";"Reta";"Sim";2;0;1;0;1;0;1;2;-2,55619;-44,3113;"SPRF-MA";"DEL01-MA";"UOP01-DEL01-MA"
771638;2026-05-14;"quinta-feira";"12:10:00";"SC";282;606;"MARAVILHA";"Desrespeitar a preferência no cruzamento";"Colisão transversal";"Com Vítimas Feridas";"Pleno dia";"Decrescente";"Sol";"Simples";"Reta;Em Obras;Desvio Temporário";"Sim";2;0;0;1;1;0;1;2;-26,77440826;-53,20400398;"SPRF-SC";"DEL07-SC";"UOP02-DEL07-SC"
771639;2026-05-14;"quinta-feira";"12:45:00";"RJ";101;323;"NITEROI";"Manobra de mudança de faixa";"Colisão lateral mesmo sentido";"Com Vítimas Feridas";"Pleno dia";"Crescente";"Céu Claro";"Múltipla";"Reta";"Não";2;0;1;0;1;0;1;2;-22,87565577;-43,11886875;"SPRF-RJ";"DEL02-RJ";"UOP01-DEL02-RJ"
771640;2026-05-08;"sexta-feira";"08:20:00";"GO";60;385;"RIO VERDE";"Demais falhas mecânicas ou elétricas";"Tombamento";"Com Vítimas Feridas";"Pleno dia";"Decrescente";"Céu Claro";"Dupla";"Reta";"Sim";3;0;1;0;2;0;1;2;-17,81075;-50,92729;"SPRF-GO";"DEL04-GO";"UOP02-DEL04-GO"
771641;2026-05-14;"quinta-feira";"08:35:00";"MG";381;675,6;"PERDOES";"Transitar na contramão";"Tombamento";"Com Vítimas Feridas";"Pleno dia";"Decrescente";"Céu Claro";"Simples";"Reta";"Sim";1;0;0;1;0;0;1;1;-21,094248;-45,077394;"SPRF-MG";"DEL04-MG";"UOP02-DEL04-MG"
771645;2026-05-14;"quinta-feira";"08:50:00";"BA";110;303;"INHAMBUPE";"Participar de racha";"Colisão traseira";"Com Vítimas Feridas";"Pleno dia";"Decrescente";"Céu Claro";"Simples";"Declive;Reta";"Não";4;0;0;1;2;1;1;4;-11,803221;-38,35127877;"SPRF-BA";"DEL01-BA";"UOP04-DEL01-BA"
771646;2026-05-14;"quinta-feira";"12:40:00";"PE";232;198;"SANHARO";"Transitar na contramão";"Colisão frontal";"Com Vítimas Feridas";"Pleno dia";"Crescente";"Céu Claro";"Simples";"Reta";"Não";4;0;0;1;3;0;1;2;-8,369718;-36,593403;"SPRF-PE";"DEL03-PE";"UOP02-DEL03-PE"
771647;2026-05-07;"quinta-feira";"03:00:00";"MS";267;44,6;"BATAGUASSU";"Animais na Pista";"Atropelamento de Animal";"Sem Vítimas";"Plena Noite";"Decrescente";"Céu Claro";"Simples";"Reta";"Não";9;0;0;0;9;0;0;1;-21,80405355;-52,52700806;"SPRF-MS";"DEL02-MS";"UOP04-DEL02-MS"
771652;2026-05-06;"quarta-feira";"12:10:00";"SP";116;445;"REGISTRO";"Conversão proibida";"Colisão lateral mesmo sentido";"Com Vítimas Feridas";"Pleno dia";"Crescente";"Sol";"Dupla";"Interseção de Vias";"Sim";2;0;1;0;1;0;1;2;-24,49706822;-47,84181118;"SPRF-SP";"DEL05-SP";"UOP01-DEL05-SP"
771653;2026-05-14;"quinta-feira";"14:00:00";"PR";376;621,7;"SAO JOSE DOS PINHAIS";"Avarias e/ou desgaste excessivo no pneu";"Eventos atípicos";"Com Vítimas Feridas";"Pleno dia";"Crescente";"Céu Claro";"Dupla";"Reta";"Não";1;0;0;1;0;0;1;1;-25,6279246;-49,16484229;"SPRF-PR";"DEL01-PR";"UOP04-DEL01-PR"
771654;2026-05-14;"quinta-feira";"15:30:00";"ES";101;288,5;"CARIACICA";"Velocidade Incompatível";"Tombamento";"Com Vítimas Feridas";"Pleno dia";"Crescente";"Sol";"Dupla";"Reta";"Não";1;0;0;1;0;0;1;1;-20,27133233;-40,39086906;"SPRF-ES";"DEL01-ES";"UOP01-DEL01-ES"
771656;2026-05-14;"quinta-feira";"12:37:00";"SC";101;23,5;"JOINVILLE";"Pedestre - Ingestão de álcool/ substâncias psicoativas";"Atropelamento de Pedestre";"Com Vítimas Feridas";"Pleno dia";"Decrescente";"Sol";"Dupla";"Reta";"Sim";2;0;0;1;1;0;1;2;-26,13791838;-48,90065845;"SPRF-SC";"DEL03-SC";"UOP01-DEL03-SC"
771659;2026-05-14;"quinta-feira";"15:51:00";"TO";10;458,4;"PALMAS";"Manobra de mudança de faixa";"Colisão traseira";"Com Vítimas Feridas";"Pleno dia";"Crescente";"Céu Claro";"Múltipla";"Reta;Aclive";"Sim";2;0;1;0;1;0;1;2;-10,277163;-48,301485;"SPRF-TO";"DEL01-TO";"UOP03-DEL01-TO"
771660;2026-05-14;"quinta-feira";"16:00:00";"RS";285;276,6;"MATO CASTELHANO";"Ultrapassagem Indevida";"Colisão lateral mesmo sentido";"Com Vítimas Feridas";"Pleno dia";"Decrescente";"Céu Claro";"Simples";"Reta";"Não";3;0;2;0;1;0;2;2;-28,26066693;-52,22547278;"SPRF-RS";"DEL08-RS";"UOP03-DEL08-RS"
771662;2026-05-14;"quinta-feira";"14:35:00";"BA";101;505;"ITABUNA";"Retorno proibido";"Colisão transversal";"Com Vítimas Feridas";"Pleno dia";"Crescente";"Sol";"Simples";"Reta";"Não";2;0;0;1;1;0;1;2;-14,7921938;-39,29052025;"SPRF-BA";"DEL05-BA";"UOP01-DEL05-BA"