"id";"data_inversa";"dia_semana";"horario";"uf";"br";"km";"municipio";"causa_acidente";"tipo_acidente";"classificacao_acidente";"fase_dia";"sentido_via";"condicao_metereologica";"tipo_pista";"tracado_via";"uso_solo";"pessoas";"mortos";"feridos_leves";"feridos_graves";"ilesos";"ignorados";"feridos";"veiculos";"latitude";"longitude";"regional";"delegacia";"uop"
771664;2026-05-14;"quinta-feira";"15:20:00";"RJ";101;433;"MANGARATIBA";"Ausência de reação do condutor";"Colisão traseira";"Com Vítimas Feridas";"Pleno dia";"Crescente";"Nublado";"Simples";"Rotatória";"Não";3;0;2;0;1;0;2;2;-22,93821352;-44,03802959;"SPRF-RJ";"DEL03-RJ";"UOP02-DEL03-RJ"
771666;2026-05-13;"quarta-feira";"22:00:00";"MS";158;128;"APARECIDA DO TABOADO";"Ingestão de álcool pelo condutor";"Saída de leito carroçável";"Sem Vítimas";"Plena Noite";"Decrescente";"Céu Claro";"Simples";"Reta";"Não";1;0;0;0;1;0;0;1;-19,933345;-51,118917;"SPRF-MS";"DEL08-MS";"UOP01-DEL08-MS"
771667;2026-05-14;"quinta-feira";"16:20:00";"RS";392;304;"SAO SEPE";"Ausência de reação do condutor";"Saída de leito carroçável";"Com Vítimas Feridas";"Pleno dia";"Crescente";"Céu Claro";"Simples";"Reta";"Não";1;0;0;1;0;0;1;1;-30,112081;-53,623469;"SPRF-RS";"DEL09-RS";"UOP01-DEL09-RS"
771668;2026-05-14;"quinta-feira";"17:00:00";"MG";50;71;"UBERLANDIA";"Ausência de reação do condutor";"Colisão traseira";"Com Vítimas Feridas";"Pleno dia";"Crescente";"Céu Claro";"Dupla";"Aclive;Reta";"Sim";3;0;0;1;1;1;1;2;-18,89514601;-48,24878309;"SPRF-MG";"DEL15-MG";"UOP01-DEL15-MG"
771669;2026-05-14;"quinta-feira";"13:15:00";"RO";364;345,5;"JI-PARANA";"Transitar na contramão";"Colisão frontal";"Com Vítimas Feridas";"Pleno dia";"Decrescente";"Céu Claro";"Múltipla";"Retorno Regulamentado;Reta;Interseção de Vias";"Sim";2;0;1;0;1;0;1;2;-10,867688;-61,965855;"SPRF-RO";"DEL02-RO";"UOP01-DEL02-RO"
771671;2026-05-14;"quinta-feira";"18:00:00";"SE";235;31,8;"AREIA BRANCA";"Ausência de reação do condutor";"Colisão traseira";"Com Vítimas Feridas";"Plena Noite";"Crescente";"Ignorado";"Simples";"Reta";"Sim";2;0;0;1;1;0;1;2;-10,76635774;-37,30086772;"SPRF-SE";"DEL01-SE";"UOP02-DEL01-SE"
771672;2026-05-14;"quinta-feira";"17:50:00";"MG";381;502;"BETIM";"Manobra de mudança de faixa";"Colisão lateral mesmo sentido";"Com Vítimas Feridas";"Plena Noite";"Decrescente";"Nublado";"Dupla";"Reta";"Não";2;0;1;0;1;0;1;2;-20,01425686;-44,22134249;"SPRF-MG";"DEL01-MG";"UOP03-DEL01-MG"
771673;2026-05-14;"quinta-feira";"18:05:00";"MG";116;702,2;"MURIAE";"Desrespeitar a preferência no cruzamento";"Colisão transversal";"Com Vítimas Feridas";"Plena Noite";"Decrescente";"Céu Claro";"Simples";"Rotatória;Interseção de Vias";"Sim";2;0;1;0;1;0;1;2;-21,124396;-42,381193;"SPRF-MG";"DEL07-MG";"UOP02-DEL07-MG"
771676;2026-02-27;"sexta-feira";"22:30:00";"PR";277;2;"CURITIBA";"Velocidade Incompatível";"Colisão traseira";"Com Vítimas Feridas";"Plena Noite";"Crescente";"Nublado";"Dupla";"Reta";"Sim";3;0;1;0;2;0;1;2;-25,43041231;-49,34734432;"SPRF-PR";"DEL01-PR";"UOP06-DEL01-PR"
771677;2026-05-14;"quinta-feira";"17:35:00";"RN";110;47,4;"MOSSORO";"Ausência de reação do condutor";"Colisão traseira";"Com Vítimas Feridas";"Anoitecer";"Crescente";"Nublado";"Simples";"Reta;Interseção de Vias";"Sim";2;0;1;0;1;0;1;2;-5,20589932;-37,32907534;"SPRF-RN";"DEL04-RN";"UOP01-DEL04-RN"
771678;2026-05-14;"quinta-feira";"18:00:00";"MG";381;495,9;"BETIM";"Trafegar com motocicleta (ou similar) entre as faixas";"Colisão lateral mesmo sentido";"Com Vítimas Feridas";"Anoitecer";"Decrescente";"Céu Claro";"Múltipla";"Reta";"Sim";2;0;1;0;1;0;1;2;-19,958658;-44,091669;"SPRF-MG";"DEL01-MG";"UOP03-DEL01-MG"
771679;2026-05-14;"quinta-feira";"18:14:00";"SP";116;215;"GUARULHOS";"Reação tardia ou ineficiente do condutor";"Colisão traseira";"Com Vítimas Feridas";"Plena Noite";"Decrescente";"Nublado";"Múltipla";"Reta";"Sim";2;0;1;0;1;0;1;2;-23,44998799;-46,4608806;"SPRF-SP";"DEL01-SP";"UOP01-DEL01-SP"
771680;2026-05-14;"quinta-feira";"17:20:00";"SC";470;113,9;"IBIRAMA";"Reação tardia ou ineficiente do condutor";"Saída de leito carroçável";"Com Vítimas Feridas";"Anoitecer";"Decrescente";"Nublado";"Simples";"Reta";"Não";1;0;1;0;0;0;1;1;-27,08526;-49,4802;"SPRF-SC";"DEL04-SC";"UOP02-DEL04-SC"
771682;2026-05-14;"quinta-feira";"18:05:00";"MG";381;484;"BETIM";"Ausência de reação do condutor";"Colisão traseira";"Sem Vítimas";"Anoitecer";"Crescente";"Céu Claro";"Dupla";"Declive;Reta";"Sim";2;0;0;0;2;0;0;2;-19,95959427;-44,08430457;"SPRF-MG";"DEL01-MG";"UOP03-DEL01-MG"
771683;2026-05-14;"quinta-feira";"18:30:00";"RS";386;429;"NOVA SANTA RITA";"Ausência de reação do condutor";"Colisão traseira";"Com Vítimas Feridas";"Plena Noite";"Decrescente";"Céu Claro";"Dupla";"Reta";"Não";6;0;2;0;4;0;2;3;-29,82636188;-51,32982938;"SPRF-RS";"DEL04-RS";"UOP02-DEL04-RS"
771684;2026-05-14;"quinta-feira";"18:25:00";"BA";367;23;"PORTO SEGURO";"Trafegar com motocicleta (ou similar) entre as faixas";"Colisão lateral sentido oposto";"Com Vítimas Feridas";"Plena Noite";"Crescente";"Céu Claro";"Simples";"Reta";"Sim";2;0;0;1;1;0;1;2;-16,43651;-39,07724;"SPRF-BA";"DEL09-BA";"UOP03-DEL09-BA"
771687;2026-05-14;"quinta-feira";"17:50:00";"MG";50;174;"UBERABA";"Reação tardia ou ineficiente do condutor";"Colisão com objeto";"Com Vítimas Feridas";"Anoitecer";"Decrescente";"Céu Claro";"Dupla";"Viaduto";"Sim";2;0;1;0;1;0;1;2;-19,77079722;-47,97386019;"SPRF-MG";"DEL13-MG";"UOP01-DEL13-MG"
771688;2026-05-14;"quinta-feira";"19:00:00";"SC";282;3,9;"FLORIANOPOLIS";"Reação tardia ou ineficiente do condutor";"Colisão traseira";"Sem Vítimas";"Plena Noite";"Crescente";"Céu Claro";"Múltipla";"Reta";"Não";2;0;0;0;2;0;0;2;-27,59618868;-48,6009392;"SPRF-SC";"DEL01-SC";"UOP01-DEL01-SC"
771689;2026-05-14;"quinta-feira";"18:15:00";"SC";470;328;"CAMPOS NOVOS";"Reação tardia ou ineficiente do condutor";"Saída de leito carroçável";"Com Vítimas Feridas";"Plena Noite";"Crescente";"Céu Claro";"Simples";"Reta;Declive";"Não";1;0;0;1;0;0;1;1;-27,467839;-51,2806441;"SPRF-SC";"DEL07-SC";"UOP06-DEL07-SC"
771690;2026-05-14;"quinta-feira";"18:55:00";"PR";272;569;"GUAIRA";"Animais na Pista";"Queda de ocupante de veículo";"Com Vítimas Feridas";"Plena Noite";"Crescente";"Nublado";"Simples";"Reta";"Sim";1;0;1;0;0;0;1;1;-24,10620113;-54,26077573;"SPRF-PR";"DEL06-PR";"UOP01-DEL06-PR"
771691;2026-05-14;"quinta-feira";"18:40:00";"MG";262;40,1;"MANHUACU";"Transitar na contramão";"Colisão lateral sentido oposto";"Com Vítimas Feridas";"Plena Noite";"Crescente";"Nublado";"Simples";"Declive";"Sim";2;0;1;0;1;0;1;2;-20,2707081;-42,0667191;"SPRF-MG";"DEL06-MG";"UOP03-DEL06-MG"
771692;2026-05-14;"quinta-feira";"19:00:00";"RJ";116;173;"SAO JOAO DE MERITI";"Ausência de reação do condutor";"Queda de ocupante de veículo";"Com Vítimas Feridas";"Plena Noite";"Crescente";"Céu Claro";"Dupla";"Reta";"Sim";2;0;2;0;0;0;2;1;-22,80150575;-43,35061194;"SPRF-RJ";"DEL06-RJ";"UOP01-DEL06-RJ"
771693;2026-04-16;"quinta-feira";"16:40:00";"RN";101;109;"PARNAMIRIM";"Mal súbito do condutor";"Tombamento";"Com Vítimas Feridas";"Pleno dia";"Crescente";"Céu Claro";"Dupla";"Aclive;Reta";"Sim";1;0;1;0;0;0;1;1;-5,93394086;-35,26490964;"SPRF-RN";"DEL01-RN";"UOP01-DEL01-RN"
771694;2026-05-14;"quinta-feira";"19:00:00";"SC";282;3,9;"FLORIANOPOLIS";"Manobra de mudança de faixa";"Colisão lateral mesmo sentido";"Com Vítimas Feridas";"Plena Noite";"Crescente";"Céu Claro";"Múltipla";"Reta";"Sim";4;0;2;0;2;0;2;4;-27,595275;-48,601171;"SPRF-SC";"DEL01-SC";"UOP01-DEL01-SC"
771696;2026-05-14;"quinta-feira";"15:30:00";"PR";163;82,4;"PLANALTO";"Acessar a via sem observar a presença dos outros veículos";"Colisão transversal";"Com Vítimas Feridas";"Pleno dia";"Decrescente";"Céu Claro";"Simples";"Rotatória";"Não";2;0;1;0;1;0;1;2;-25,711939;-53,775131;"SPRF-PR";"DEL02-PR";"UOP02-DEL02-PR"
771697;2026-05-14;"quinta-feira";"18:10:00";"MG";116;522;"CARATINGA";"Acessar a via sem observar a presença dos outros veículos";"Colisão frontal";"Com Vítimas Feridas";"Plena Noite";"Crescente";"Céu Claro";"Simples";"Reta";"Não";2;0;0;1;1;0;1;2;-19,7488;-42,13295;"SPRF-MG";"DEL06-MG";"UOP02-DEL06-MG"
771698;2026-05-14;"quinta-feira";"18:33:00";"SC";101;336;"TUBARAO";"Ausência de reação do condutor";"Colisão traseira";"Com Vítimas Feridas";"Plena Noite";"Decrescente";"Nublado";"Múltipla";"Reta";"Não";2;0;0;1;1;0;1;2;-28,49624649;-49,04406309;"SPRF-SC";"DEL02-SC";"UOP01-DEL02-SC"
771699;2026-05-14;"quinta-feira";"16:20:00";"PR";277;5;"FOZ DO IGUACU";"Conversão proibida";"Colisão transversal";"Com Vítimas Feridas";"Pleno dia";"Crescente";"Nublado";"Simples";"Reta";"Não";3;0;1;0;2;0;1;3;-25,53379139;-54,52844946;"SPRF-PR";"DEL05-PR";"UOP04-DEL05-PR"
771700;2026-05-14;"quinta-feira";"19:48:00";"SP";116;282;"EMBU DAS ARTES";"Reação tardia ou ineficiente do condutor";"Colisão traseira";"Com Vítimas Feridas";"Plena Noite";"Crescente";"Céu Claro";"Dupla";"Reta";"Sim";2;0;1;0;1;0;1;2;-23,66231924;-46,85324881;"SPRF-SP";"DEL04-SP";"UOP01-DEL04-SP"
771701;2026-05-14;"quinta-feira";"19:22:00";"RJ";116;118;"MAGE";"Ausência de reação do condutor";"Colisão traseira";"Com Vítimas Feridas";"Plena Noite";"Decrescente";"Nublado";"Dupla";"Reta";"Não";2;0;1;0;1;0;1;2;-22,6075082;-43,0285511;"SPRF-RJ";"DEL04-RJ";"UOP02-DEL04-RJ"
771704;2026-05-14;"quinta-feira";"14:10:00";"RO";364;427;"JARU";"Acessar a via sem observar a presença dos outros veículos";"Colisão transversal";"Com Vítimas Feridas";"Pleno dia";"Crescente";"Céu Claro";"Múltipla";"Reta";"Sim";3;0;1;0;1;1;1;3;-10,42815296;-62,48630259;"SPRF-RO";"DEL03-RO";"UOP02-DEL03-RO"
771705;2026-05-14;"quinta-feira";"19:48:00";"CE";20;82;"TAUA";"Animais na Pista";"Tombamento";"Com Vítimas Feridas";"Plena Noite";"Crescente";"Céu Claro";"Simples";"Aclive";"Sim";1;0;0;1;0;0;1;1;-6,009177;-40,288402;"SPRF-CE";"DEL02-CE";"UOP02-DEL02-CE"
771706;2026-05-14;"quinta-feira";"19:00:00";"SC";153;99,4;"CONCORDIA";"Condutor deixou de manter distância do veículo da frente";"Queda de ocupante de veículo";"Com Vítimas Feridas";"Plena Noite";"Crescente";"Céu Claro";"Simples";"Reta";"Não";2;0;2;0;0;0;2;1;-27,24385238;-51,9517858;"SPRF-SC";"DEL07-SC";"UOP04-DEL07-SC"
771707;2026-05-14;"quinta-feira";"18:20:00";"RJ";101;316;"SAO GONCALO";"Ausência de reação do condutor";"Colisão traseira";"Com Vítimas Feridas";"Plena Noite";"Decrescente";"Céu Claro";"Múltipla";"Reta";"Sim";2;0;1;0;1;0;1;2;-22,8283511;-43,0921496;"SPRF-RJ";"DEL02-RJ";"UOP02-DEL02-RJ"
771709;2026-05-14;"quinta-feira";"07:35:00";"RJ";101;323;"NITEROI";"Reação tardia ou ineficiente do condutor";"Tombamento";"Com Vítimas Feridas";"Pleno dia";"Crescente";"Céu Claro";"Dupla";"Reta";"Não";1;0;1;0;0;0;1;1;-22,8755713;-43,1195831;"SPRF-RJ";"DEL02-RJ";"UOP01-DEL02-RJ"
771710;2026-05-14;"quinta-feira";"18:15:00";"MG";50;26,1;"ARAGUARI";"Avarias e/ou desgaste excessivo no pneu";"Tombamento";"Sem Vítimas";"Plena Noite";"Decrescente";"Céu Claro";"Dupla";"Reta;Aclive";"Não";2;0;0;0;2;0;0;1;-18,61939036;-48,09019983;"SPRF-MG";"DEL15-MG";"UOP02-DEL15-MG"
771711;2026-05-14;"quinta-feira";"17:45:00";"MG";40;41,5;"PARACATU";"Acessar a via sem observar a presença dos outros veículos";"Colisão transversal";"Com Vítimas Feridas";"Pleno dia";"Crescente";"Céu Claro";"Simples";"Reta";"Sim";3;0;1;0;2;0;1;2;-17,20973535;-46,87765214;"SPRF-MG";"DEL14-MG";"UOP01-DEL14-MG"
771717;2026-05-14;"quinta-feira";"21:00:00";"SC";101;25,6;"JOINVILLE";"Velocidade Incompatível";"Colisão lateral mesmo sentido";"Sem Vítimas";"Plena Noite";"Crescente";"Nublado";"Dupla";"Reta";"Sim";3;0;0;0;3;0;0;3;-26,18686677;-48,91147614;"SPRF-SC";"DEL03-SC";"UOP01-DEL03-SC"
771718;2026-05-14;"quinta-feira";"20:50:00";"PR";158;519,9;"PATO BRANCO";"Ingestão de álcool pelo condutor";"Colisão frontal";"Com Vítimas Feridas";"Plena Noite";"Crescente";"Nublado";"Simples";"Curva";"Não";2;0;0;1;1;0;1;2;-26,11621231;-52,64005244;"SPRF-PR";"DEL02-PR";"UOP01-DEL02-PR"
771719;2026-05-14;"quinta-feira";"18:20:00";"SC";480;130,8;"CHAPECO";"Reação tardia ou ineficiente do condutor";"Colisão traseira";"Com Vítimas Feridas";"Plena Noite";"Crescente";"Céu Claro";"Simples";"Interseção de Vias;Reta";"Não";2;0;1;0;1;0;1;2;-27,057467;-52,636597;"SPRF-SC";"DEL07-SC";"UOP01-DEL07-SC"
771720;2026-05-14;"quinta-feira";"20:20:00";"MS";376;2;"DOURADOS";"Ausência de reação do condutor";"Saída de leito carroçável";"Com Vítimas Feridas";"Plena Noite";"Decrescente";"Chuva";"Simples";"Reta";"Não";1;0;0;1;0;0;1;1;-22,209865;-54,679527;"SPRF-MS";"DEL04-MS";"UOP01-DEL04-MS"
771721;2026-05-14;"quinta-feira";"20:00:00";"SC";280;38;"JOINVILLE";"Ausência de reação do condutor";"Saída de leito carroçável";"Com Vítimas Feridas";"Plena Noite";"Crescente";"Nublado";"Simples";"Em Obras";"Não";1;0;0;1;0;0;1;1;-26,44793;-48,82774;"SPRF-SC";"DEL03-SC";"UOP03-DEL03-SC"
771723;2026-05-14;"quinta-feira";"21:51:00";"AP";210;0;"MACAPA";"Reação tardia ou ineficiente do condutor";"Atropelamento de Pedestre";"Com Vítimas Feridas";"Plena Noite";"Decrescente";"Céu Claro";"Simples";"Reta";"Não";2;0;2;0;0;0;2;2;0,07738221;-51,06546013;"SPRF-AP";"DEL01-AP";"UOP01-DEL01-AP"
771724;2026-05-14;"quinta-feira";"18:20:00";"RJ";101;287;"ITABORAI";"Condutor deixou de manter distância do veículo da frente";"Colisão traseira";"Com Vítimas Feridas";"Plena Noite";"Decrescente";"Céu Claro";"Dupla";"Reta;Em Obras";"Não";2;0;1;0;1;0;1;2;-22,76090702;-42,84573555;"SPRF-RJ";"DEL02-RJ";"UOP02-DEL02-RJ"
771725;2026-05-14;"quinta-feira";"21:40:00";"MG";381;395,6;"BOM JESUS DO AMPARO";"Mal súbito do condutor";"Colisão traseira";"Com Vítimas Feridas";"Plena Noite";"Crescente";"Céu Claro";"Dupla";"Curva";"Não";5;0;0;2;3;0;2;2;-19,742835;-43,499968;"SPRF-MG";"DEL01-MG";"UOP01-DEL01-MG"
771727;2026-05-14;"quinta-feira";"21:50:00";"PR";376;616,5;"SAO JOSE DOS PINHAIS";"Manobra de mudança de faixa";"Colisão lateral mesmo sentido";"Sem Vítimas";"Plena Noite";"Crescente";"Nublado";"Dupla";"Reta;Aclive";"Sim";2;0;0;0;2;0;0;2;-25,58563384;-49,17448131;"SPRF-PR";"DEL01-PR";"UOP04-DEL01-PR"
771728;2026-05-14;"quinta-feira";"20:10:00";"RJ";493;0;"ITABORAI";"Transitar no Acostamento";"Atropelamento de Pedestre";"Com Vítimas Feridas";"Plena Noite";"Decrescente";"Céu Claro";"Simples";"Reta";"Sim";2;0;0;1;0;1;1;2;-22,76581852;-42,92421196;"SPRF-RJ";"DEL02-RJ";"UOP02-DEL02-RJ"
771730;2026-05-14;"quinta-feira";"22:15:00";"DF";20;12;"BRASILIA";"Velocidade Incompatível";"Colisão transversal";"Sem Vítimas";"Pleno dia";"Decrescente";"Céu Claro";"Múltipla";"Reta";"Sim";2;0;0;0;1;1;0;2;-15,63932121;-47,75092632;"SPRF-DF";"DEL02-DF";"UOP01-DEL02-DF"
771734;2026-05-14;"quinta-feira";"18:00:00";"CE";222;122;"ITAPAJE";"Acessar a via sem observar a presença dos outros veículos";"Colisão transversal";"Com Vítimas Fatais";"Plena Noite";"Decrescente";"Céu Claro";"Simples";"Declive;Interseção de Vias";"Sim";3;1;1;0;1;0;1;2;-3,69592148;-39,57925558;"SPRF-CE";"DEL04-CE";"UOP03-DEL04-CE"
771737;2026-05-05;"terça-feira";"19:30:00";"GO";364;306;"MINEIROS";"Ausência de reação do condutor";"Colisão com objeto";"Com Vítimas Fatais";"Plena Noite";"Crescente";"Céu Claro";"Simples";"Reta;Declive;Ponte";"Não";1;1;0;0;0;0;0;1;-17,507283;-52,538563;"SPRF-GO";"DEL05-GO";"UOP01-DEL05-GO"
771738;2026-05-14;"quinta-feira";"19:50:00";"PA";163;981;"SANTAREM";"Acessar a via sem observar a presença dos outros veículos";"Colisão transversal";"Com Vítimas Feridas";"Plena Noite";"Decrescente";"Ignorado";"Simples";"Reta";"Sim";2;0;1;0;0;1;1;2;-2,6222416;-54,7350347;"SPRF-PA";"DEL05-PA";"UOP01-DEL05-PA"
771740;2026-05-14;"quinta-feira";"23:25:00";"PA";316;63;"CASTANHAL";"Condutor desrespeitou a iluminação vermelha do semáforo";"Colisão transversal";"Sem Vítimas";"Plena Noite";"Crescente";"Nublado";"Dupla";"Reta;Interseção de Vias";"Sim";5;0;0;0;5;0;0;2;-1,296793;-47,92842;"SPRF-PA";"DEL01-PA";"UOP01-DEL01-PA"
771744;2026-05-15;"sexta-feira";"00:40:00";"PA";316;25;"SANTA IZABEL DO PARA";"Mal súbito do condutor";"Tombamento";"Com Vítimas Feridas";"Plena Noite";"Decrescente";"Céu Claro";"Dupla";"Reta";"Não";1;0;1;0;0;0;1;1;-1,308315;-48,215437;"SPRF-PA";"DEL01-PA";"UOP01-DEL01-PA"
771745;2026-05-14;"quinta-feira";"20:00:00";"GO";70;78,2;"PIRENOPOLIS";"Ausência de reação do condutor";"Saída de leito carroçável";"Com Vítimas Fatais";"Plena Noite";"Decrescente";"Céu Claro";"Simples";"Reta;Declive";"Não";1;1;0;0;0;0;0;1;-15,78817;-48,871026;"SPRF-GO";"DEL02-GO";"UOP02-DEL02-GO"
771746;2026-05-15;"sexta-feira";"01:30:00";"PR";376;636;"TIJUCAS DO SUL";"Pedestre cruzava a pista fora da faixa";"Atropelamento de Pedestre";"Com Vítimas Fatais";"Plena Noite";"Decrescente";"Nublado";"Dupla";"Reta";"Sim";2;1;1;0;0;0;1;2;-25,75255515;-49,12669508;"SPRF-PR";"DEL01-PR";"UOP04-DEL01-PR"
771748;2026-05-15;"sexta-feira";"02:20:00";"MA";10;244,3;"DAVINOPOLIS";"Ausência de reação do condutor";"Colisão traseira";"Com Vítimas Feridas";"Plena Noite";"Crescente";"Céu Claro";"Simples";"Reta";"Não";6;0;2;0;3;1;2;2;-5,593278;-47,43074;"SPRF-MA";"DEL04-MA";"UOP01-DEL04-MA"
771750;2026-05-15;"sexta-feira";"03:28:00";"SC";101;240,6;"PALHOCA";"Reação tardia ou ineficiente do condutor";"Saída de leito carroçável";"Sem Vítimas";"Plena Noite";"Decrescente";"Céu Claro";"Dupla";"Reta";"Não";1;0;0;0;1;0;0;1;-27,86374;-48,6457;"SPRF-SC";"DEL01-SC";"UOP02-DEL01-SC"
771751;2026-05-15;"sexta-feira";"03:49:00";"SC";282;492;"FAXINAL DOS GUEDES";"Reação tardia ou ineficiente do condutor";"Saída de leito carroçável";"Sem Vítimas";"Plena Noite";"Decrescente";"Chuva";"Simples";"Rotatória";"Não";1;0;0;0;1;0;0;1;-26,87182234;-52,3001408;"SPRF-SC";"DEL07-SC";"UOP01-DEL07-SC"
771752;2026-05-15;"sexta-feira";"04:30:00";"SC";101;205;"SAO JOSE";"Reação tardia ou ineficiente do condutor";"Colisão traseira";"Com Vítimas Feridas";"Plena Noite";"Decrescente";"Céu Claro";"Múltipla";"Reta";"Sim";2;0;1;0;1;0;1;2;-27,58397;-48,6154;"SPRF-SC";"DEL01-SC";"UOP01-DEL01-SC"
771753;2026-05-15;"sexta-feira";"04:50:00";"RS";290;96;"PORTO ALEGRE";"Ausência de reação do condutor";"Tombamento";"Com Vítimas Feridas";"Plena Noite";"Crescente";"Céu Claro";"Dupla";"Reta";"Sim";1;0;1;0;0;0;1;1;-29,99562873;-51,20597948;"SPRF-RS";"DEL01-RS";"UOP01-DEL01-RS"
771754;2026-05-14;"quinta-feira";"18:00:00";"PR";277;589;"CASCAVEL";"Acessar a via sem observar a presença dos outros veículos";"Colisão transversal";"Com Vítimas Feridas";"Plena Noite";"Crescente";"Céu Claro";"Simples";"Reta";"Sim";2;0;2;0;0;0;2;2;-24,9789472;-53,4492194;"SPRF-PR";"DEL04-PR";"UOP01-DEL04-PR"
771755;2026-05-15;"sexta-feira";"05:30:00";"PR";476;111;"COLOMBO";"Transitar na contramão";"Colisão frontal";"Com Vítimas Fatais";"Amanhecer";"Crescente";"Chuva";"Simples";"Curva";"Não";2;1;0;0;1;0;0;2;-25,314597;-49,158472;"SPRF-PR";"DEL01-PR";"UOP01-DEL01-PR"
771756;2026-05-15;"sexta-feira";"06:30:00";"RN";304;41;"MOSSORO";"Ausência de reação do condutor";"Tombamento";"Com Vítimas Feridas";"Pleno dia";"Decrescente";"Céu Claro";"Dupla";"Reta";"Não";1;0;1;0;0;0;1;1;-5,2119895;-37,37287045;"SPRF-RN";"DEL04-RN";"UOP01-DEL04-RN"
771757;2026-05-15;"sexta-feira";"03:40:00";"BA";242;275;"BOA VISTA DO TUPIM";"Pista esburacada";"Saída de leito carroçável";"Com Vítimas Feridas";"Amanhecer";"Crescente";"Nevoeiro/Neblina";"Simples";"Reta";"Não";10;0;10;0;0;0;10;1;-12,4487;-40,66249;"SPRF-BA";"DEL06-BA";"UOP02-DEL06-BA"
771760;2026-05-15;"sexta-feira";"06:40:00";"RJ";116;172;"SAO JOAO DE MERITI";"Trafegar com motocicleta (ou similar) entre as faixas";"Colisão lateral mesmo sentido";"Com Vítimas Feridas";"Pleno dia";"Decrescente";"Céu Claro";"Dupla";"Reta";"Sim";2;0;1;0;1;0;1;2;-22,80338247;-43,34841371;"SPRF-RJ";"DEL06-RJ";"UOP01-DEL06-RJ"
771761;2026-05-15;"sexta-feira";"07:13:00";"RN";304;43;"MOSSORO";"Condutor deixou de manter distância do veículo da frente";"Colisão traseira";"Com Vítimas Feridas";"Pleno dia";"Decrescente";"Céu Claro";"Dupla";"Reta";"Não";3;0;1;0;2;0;1;2;-5,22126;-37,360738;"SPRF-RN";"DEL04-RN";"UOP01-DEL04-RN"
771762;2026-05-15;"sexta-feira";"07:05:00";"SP";116;217;"GUARULHOS";"Reação tardia ou ineficiente do condutor";"Colisão traseira";"Com Vítimas Feridas";"Pleno dia";"Crescente";"Céu Claro";"Múltipla";"Reta";"Não";1;0;1;0;0;0;1;1;-23,454833;-46,473857;"SPRF-SP";"DEL01-SP";"UOP01-DEL01-SP"
771764;2026-05-14;"quinta-feira";"08:30:00";"RS";285;479;"CORONEL BARROS";"Ultrapassagem Indevida";"Colisão lateral mesmo sentido";"Com Vítimas Feridas";"Pleno dia";"Decrescente";"Céu Claro";"Dupla";"Reta";"Não";2;0;1;0;1;0;1;2;-28,37389659;-54,10187576;"SPRF-RS";"DEL10-RS";"UOP01-DEL10-RS"
771765;2026-05-15;"sexta-feira";"07:00:00";"PR";369;148;"LONDRINA";"Trafegar com motocicleta (ou similar) entre as faixas";"Colisão traseira";"Com Vítimas Feridas";"Pleno dia";"Decrescente";"Chuva";"Dupla";"Reta";"Sim";2;0;1;0;1;0;1;2;-23,29303695;-51,14388792;"SPRF-PR";"DEL07-PR";"UOP01-DEL07-PR"
771767;2026-05-15;"sexta-feira";"05:45:00";"RJ";101;316;"SAO GONCALO";"Ingestão de álcool pelo condutor";"Colisão lateral mesmo sentido";"Sem Vítimas";"Pleno dia";"Crescente";"Céu Claro";"Simples";"Reta";"Sim";2;0;0;0;2;0;0;2;-22,82747119;-43,09183493;"SPRF-RJ";"DEL02-RJ";"UOP02-DEL02-RJ"
771768;2026-05-07;"quinta-feira";"15:30:00";"BA";101;884;"TEIXEIRA DE FREITAS";"Demais falhas mecânicas ou elétricas";"Incêndio";"Sem Vítimas";"Pleno dia";"Crescente";"Céu Claro";"Simples";"Curva";"Não";1;0;0;0;1;0;0;1;-17,596398;-39,749318;"SPRF-BA";"DEL09-BA";"UOP02-DEL09-BA"
771771;2026-05-15;"sexta-feira";"07:30:00";"SP";116;503;"CAJATI";"Chuva";"Saída de leito carroçável";"Sem Vítimas";"Pleno dia";"Crescente";"Chuva";"Simples";"Curva;Aclive";"Não";3;0;0;0;3;0;0;1;-24,7790281;-48,2136884;"SPRF-SP";"DEL05-SP";"UOP02-DEL05-SP"
771772;2026-05-15;"sexta-feira";"07:27:00";"PI";343;55;"BURITI DOS LOPES";"Reação tardia ou ineficiente do condutor";"Colisão traseira";"Com Vítimas Feridas";"Pleno dia";"Decrescente";"Céu Claro";"Simples";"Reta";"Não";2;0;1;0;1;0;1;2;-3,218013;-41,82302;"SPRF-PI";"DEL05-PI";"UOP01-DEL05-PI"
771773;2026-05-15;"sexta-feira";"07:40:00";"DF";70;16,6;"BRASILIA";"Manobra de mudança de faixa";"Colisão lateral mesmo sentido";"Com Vítimas Feridas";"Pleno dia";"Decrescente";"Céu Claro";"Dupla";"Reta";"Não";2;0;1;0;1;0;1;2;-15,79351752;-48,20423417;"SPRF-DF";"DEL03-DF";"UOP02-DEL03-DF"
771774;2026-05-15;"sexta-feira";"06:25:00";"RS";285;268;"MATO CASTELHANO";"Reação tardia ou ineficiente do condutor";"Colisão frontal";"Com Vítimas Feridas";"Amanhecer";"Crescente";"Céu Claro";"Simples";"Reta";"Não";3;0;1;2;0;0;3;2;-28,30444917;-52,12993115;"SPRF-RS";"DEL08-RS";"UOP03-DEL08-RS"