"id";"data_inversa";"dia_semana";"horario";"uf";"br";"km";"municipio";"causa_acidente";"tipo_acidente";"classificacao_acidente";"fase_dia";"sentido_via";"condicao_metereologica";"tipo_pista";"tracado_via";"uso_solo";"pessoas";"mortos";"feridos_leves";"feridos_graves";"ilesos";"ignorados";"feridos";"veiculos";"latitude";"longitude";"regional";"delegacia";"uop"
771999;2026-05-16;"sábado";"07:10:00";"SE";101;93;"NOSSA SENHORA DO SOCORRO";"Acessar a via sem observar a presença dos outros veículos";"Colisão lateral mesmo sentido";"Com Vítimas Feridas";"Pleno dia";"Crescente";"Céu Claro";"Dupla";"Curva";"Sim";2;0;1;0;1;0;1;2;-10,9010606;-37,14303837;"SPRF-SE";"DEL01-SE";"UOP01-DEL01-SE"
772000;2026-05-04;"segunda-feira";"05:30:00";"RJ";101;284;"SAO GONCALO";"Neblina";"Eventos atípicos";"Com Vítimas Feridas";"Amanhecer";"Decrescente";"Nevoeiro/Neblina";"Dupla";"Reta";"Não";1;0;1;0;0;0;1;1;-22,7921;-43,0262;"SPRF-RJ";"DEL02-RJ";"UOP02-DEL02-RJ"
772001;2026-05-16;"sábado";"08:40:00";"RS";290;87;"PORTO ALEGRE";"Manobra de mudança de faixa";"Colisão com objeto";"Com Vítimas Feridas";"Pleno dia";"Crescente";"Céu Claro";"Dupla";"Reta";"Não";3;0;1;0;2;0;1;1;-29,96770803;-51,12571405;"SPRF-RS";"DEL01-RS";"UOP01-DEL01-RS"
772002;2026-05-16;"sábado";"09:40:00";"GO";153;514;"APARECIDA DE GOIANIA";"Acessar a via sem observar a presença dos outros veículos";"Colisão transversal";"Com Vítimas Feridas";"Pleno dia";"Decrescente";"Céu Claro";"Dupla";"Reta;Retorno Regulamentado";"Sim";3;0;1;0;2;0;1;2;-16,826727;-49,242008;"SPRF-GO";"DEL01-GO";"UOP03-DEL01-GO"
772004;2026-05-16;"sábado";"06:00:00";"BA";110;373,5;"CATU";"Transitar na contramão";"Colisão frontal";"Com Vítimas Feridas";"Amanhecer";"Crescente";"Céu Claro";"Simples";"Curva";"Não";3;0;0;1;2;0;1;2;-12,40306867;-38,38977098;"SPRF-BA";"DEL01-BA";"UOP01-DEL01-BA"
772005;2026-05-16;"sábado";"05:50:00";"AL";316;204,8;"MARIBONDO";"Estacionar ou parar em local proibido";"Colisão lateral mesmo sentido";"Com Vítimas Feridas";"Plena Noite";"Crescente";"Nevoeiro/Neblina";"Simples";"Reta";"Não";3;0;1;0;2;0;1;2;-9,56393997;-36,27991135;"SPRF-AL";"DEL03-AL";"UOP01-DEL03-AL"
772007;2026-05-16;"sábado";"07:00:00";"SC";101;111;"NAVEGANTES";"Ausência de reação do condutor";"Tombamento";"Com Vítimas Feridas";"Pleno dia";"Crescente";"Nublado";"Múltipla";"Viaduto;Curva";"Não";1;0;0;1;0;0;1;1;-26,84014412;-48,71532854;"SPRF-SC";"DEL04-SC";"UOP04-DEL04-SC"
772008;2026-04-16;"quinta-feira";"08:15:00";"MG";381;501;"BETIM";"Reação tardia ou ineficiente do condutor";"Engavetamento";"Com Vítimas Feridas";"Pleno dia";"Decrescente";"Céu Claro";"Dupla";"Reta";"Sim";3;0;1;0;2;0;1;3;-20,007164;-44,215484;"SPRF-MG";"DEL01-MG";"UOP03-DEL01-MG"
772009;2026-04-22;"quarta-feira";"09:20:00";"MG";365;417;"PATOS DE MINAS";"Reação tardia ou ineficiente do condutor";"Colisão com objeto";"Sem Vítimas";"Pleno dia";"Crescente";"Sol";"Simples";"Reta;Em Obras";"Não";1;0;0;0;1;0;0;1;-18,68165;-46,565802;"SPRF-MG";"DEL10-MG";"UOP01-DEL10-MG"
772010;2026-05-16;"sábado";"04:41:00";"PR";153;79,1;"CONSELHEIRO MAIRINCK";"Neblina";"Saída de leito carroçável";"Com Vítimas Feridas";"Plena Noite";"Decrescente";"Nevoeiro/Neblina";"Simples";"Curva";"Não";1;0;1;0;0;0;1;1;-23,59677617;-50,14459276;"SPRF-PR";"DEL07-PR";"UOP04-DEL07-PR"
772011;2026-05-16;"sábado";"09:00:00";"GO";70;317;"JUSSARA";"Ultrapassagem Indevida";"Colisão lateral mesmo sentido";"Com Vítimas Feridas";"Pleno dia";"Crescente";"Céu Claro";"Dupla";"Reta";"Sim";3;0;1;0;2;0;1;2;-15,873632;-50,857573;"SPRF-GO";"DEL04-GO";"UOP02-DEL04-GO"
772012;2026-05-15;"sexta-feira";"19:20:00";"MG";365;680,5;"MONTE ALEGRE DE MINAS";"Acumulo de água sobre o pavimento";"Tombamento";"Com Vítimas Feridas";"Plena Noite";"Decrescente";"Chuva";"Dupla";"Curva";"Não";2;0;2;0;0;0;2;1;-18,849299;-48,823006;"SPRF-MG";"DEL15-MG";"UOP01-DEL15-MG"
772015;2026-05-16;"sábado";"06:45:00";"PI";343;325;"TERESINA";"Condutor deixou de manter distância do veículo da frente";"Colisão traseira";"Com Vítimas Feridas";"Pleno dia";"Decrescente";"Sol";"Simples";"Reta";"Não";2;0;1;0;1;0;1;2;-5,066932;-42,612448;"SPRF-PI";"DEL01-PI";"UOP01-DEL01-PI"
772017;2026-05-16;"sábado";"07:20:00";"ES";101;296,3;"CARIACICA";"Manobra de mudança de faixa";"Colisão lateral sentido oposto";"Com Vítimas Feridas";"Pleno dia";"Decrescente";"Céu Claro";"Múltipla";"Curva";"Sim";2;0;1;0;1;0;1;2;-20,34328682;-40,40602684;"SPRF-ES";"DEL01-ES";"UOP01-DEL01-ES"
772018;2026-05-16;"sábado";"09:55:00";"RJ";116;184;"NOVA IGUACU";"Trafegar com motocicleta (ou similar) entre as faixas";"Colisão lateral mesmo sentido";"Com Vítimas Feridas";"Pleno dia";"Crescente";"Céu Claro";"Múltipla";"Reta";"Não";3;0;1;0;2;0;1;2;-22,74565781;-43,44716652;"SPRF-RJ";"DEL06-RJ";"UOP01-DEL06-RJ"
772019;2026-05-16;"sábado";"09:05:00";"CE";20;405,3;"CAUCAIA";"Pista esburacada";"Engavetamento";"Com Vítimas Feridas";"Pleno dia";"Crescente";"Chuva";"Simples";"Reta";"Sim";4;0;2;0;2;0;2;4;-3,772957;-38,675933;"SPRF-CE";"DEL01-CE";"UOP01-DEL01-CE"
772020;2026-05-16;"sábado";"10:00:00";"GO";153;442;"ANAPOLIS";"Ultrapassagem Indevida";"Colisão lateral mesmo sentido";"Com Vítimas Feridas";"Pleno dia";"Decrescente";"Céu Claro";"Simples";"Declive;Reta";"Sim";3;0;0;1;0;2;1;3;-16,349441;-48,927043;"SPRF-GO";"DEL02-GO";"UOP01-DEL02-GO"
772021;2026-05-16;"sábado";"05:40:00";"ES";101;283,5;"CARIACICA";"Avarias e/ou desgaste excessivo no pneu";"Saída de leito carroçável";"Com Vítimas Feridas";"Plena Noite";"Decrescente";"Céu Claro";"Dupla";"Declive;Curva";"Sim";1;0;1;0;0;0;1;1;-20,23982;-40,36959;"SPRF-ES";"DEL01-ES";"UOP01-DEL01-ES"
772023;2026-05-16;"sábado";"10:00:00";"PR";277;4;"CURITIBA";"Velocidade Incompatível";"Colisão com objeto";"Com Vítimas Feridas";"Pleno dia";"Decrescente";"Chuva";"Dupla";"Reta";"Sim";4;0;3;0;1;0;3;2;-25,430485;-49,321959;"SPRF-PR";"DEL01-PR";"UOP06-DEL01-PR"
772026;2026-05-16;"sábado";"07:00:00";"BA";101;815;"ITAMARAJU";"Neblina";"Engavetamento";"Com Vítimas Feridas";"Pleno dia";"Decrescente";"Nevoeiro/Neblina";"Simples";"Curva";"Não";2;0;0;1;1;0;1;2;-17,07402;-39,56336;"SPRF-BA";"DEL09-BA";"UOP01-DEL09-BA"
772027;2026-05-15;"sexta-feira";"05:30:00";"PR";369;348;"CAMPO MOURAO";"Acumulo de água sobre o pavimento";"Saída de leito carroçável";"Sem Vítimas";"Pleno dia";"Decrescente";"Chuva";"Simples";"Reta";"Não";1;0;0;0;0;1;0;1;-24,12821;-52,43542;"SPRF-PR";"DEL09-PR";"UOP03-DEL09-PR"
772030;2026-05-16;"sábado";"03:55:00";"PA";163;587;"TRAIRAO";"Ingestão de álcool pelo condutor";"Queda de ocupante de veículo";"Com Vítimas Feridas";"Plena Noite";"Decrescente";"Ignorado";"Simples";"Reta";"Não";2;0;2;0;0;0;2;1;-4,9344748;-56,20090485;"SPRF-PA";"DEL05-PA";"UOP03-DEL05-PA"
772033;2026-05-16;"sábado";"09:40:00";"ES";259;103;"BAIXO GUANDU";"Acesso irregular";"Colisão transversal";"Com Vítimas Feridas";"Pleno dia";"Crescente";"Céu Claro";"Simples";"Reta";"Não";2;0;1;0;1;0;1;2;-19,51107424;-41,03318453;"SPRF-ES";"DEL02-ES";"UOP01-DEL02-ES"
772035;2026-05-16;"sábado";"05:40:00";"RJ";101;405;"ITAGUAI";"Condutor deixou de manter distância do veículo da frente";"Colisão traseira";"Com Vítimas Feridas";"Amanhecer";"Crescente";"Céu Claro";"Dupla";"Reta";"Sim";2;0;1;0;1;0;1;2;-22,8678958;-43,80329339;"SPRF-RJ";"DEL03-RJ";"UOP01-DEL03-RJ"
772039;2026-05-16;"sábado";"11:32:00";"MG";50;2;"UBERLANDIA";"Reação tardia ou ineficiente do condutor";"Colisão com objeto";"Com Vítimas Feridas";"Pleno dia";"Crescente";"Céu Claro";"Dupla";"Reta";"Não";2;0;2;0;0;0;2;1;-18,8539328;-48,2361887;"SPRF-MG";"DEL15-MG";"UOP01-DEL15-MG"
772040;2026-05-16;"sábado";"10:55:00";"PI";343;4,8;"TERESINA";"Manobra de mudança de faixa";"Colisão lateral mesmo sentido";"Com Vítimas Feridas";"Pleno dia";"Crescente";"Céu Claro";"Múltipla";"Reta;Ponte";"Sim";3;0;2;0;1;0;2;2;-5,081777;-42,793598;"SPRF-PI";"DEL01-PI";"UOP01-DEL01-PI"
772041;2026-05-16;"sábado";"11:00:00";"GO";60;311;"ACREUNA";"Reação tardia ou ineficiente do condutor";"Saída de leito carroçável";"Com Vítimas Feridas";"Pleno dia";"Decrescente";"Céu Claro";"Dupla";"Declive;Reta";"Não";1;0;1;0;0;0;1;1;-17,43164;-50,426278;"SPRF-GO";"DEL04-GO";"UOP02-DEL04-GO"
772043;2026-05-16;"sábado";"12:15:00";"SC";101;203,9;"SAO JOSE";"Manobra de mudança de faixa";"Colisão com objeto";"Com Vítimas Feridas";"Pleno dia";"Decrescente";"Céu Claro";"Dupla";"Reta;Interseção de Vias";"Sim";4;0;2;0;0;2;2;3;-27,56950717;-48,61361917;"SPRF-SC";"DEL01-SC";"UOP01-DEL01-SC"
772045;2026-05-16;"sábado";"12:00:00";"PE";407;125,2;"PETROLINA";"Acessar a via sem observar a presença dos outros veículos";"Tombamento";"Com Vítimas Feridas";"Pleno dia";"Decrescente";"Sol";"Dupla";"Reta";"Sim";2;0;1;0;1;0;1;2;-9,37941533;-40,533735;"SPRF-PE";"DEL06-PE";"UOP01-DEL06-PE"
772046;2026-05-16;"sábado";"11:40:00";"PR";376;657;"TIJUCAS DO SUL";"Reação tardia ou ineficiente do condutor";"Saída de leito carroçável";"Com Vítimas Feridas";"Pleno dia";"Decrescente";"Garoa/Chuvisco";"Simples";"Curva;Declive";"Não";2;0;1;1;0;0;2;1;-25,845793;-49,01315;"SPRF-PR";"DEL01-PR";"UOP04-DEL01-PR"
772047;2026-05-16;"sábado";"12:03:00";"SC";101;152;"ITAPEMA";"Acessar a via sem observar a presença dos outros veículos";"Colisão transversal";"Com Vítimas Feridas";"Pleno dia";"Decrescente";"Nublado";"Dupla";"Interseção de Vias;Reta";"Sim";2;0;1;0;0;1;1;2;-27,108111;-48,61297;"SPRF-SC";"DEL04-SC";"UOP03-DEL04-SC"
772048;2026-05-16;"sábado";"12:20:00";"PR";373;182;"PONTA GROSSA";"Trafegar com motocicleta (ou similar) entre as faixas";"Colisão lateral mesmo sentido";"Com Vítimas Feridas";"Pleno dia";"Crescente";"Nublado";"Dupla";"Reta";"Sim";3;0;1;0;2;0;1;3;-25,0913988;-50,19633707;"SPRF-PR";"DEL03-PR";"UOP01-DEL03-PR"
772050;2026-05-16;"sábado";"12:00:00";"GO";40;5;"VALPARAISO DE GOIAS";"Acessar a via sem observar a presença dos outros veículos";"Colisão transversal";"Com Vítimas Feridas";"Pleno dia";"Crescente";"Céu Claro";"Dupla";"Reta";"Sim";3;0;0;2;1;0;2;2;-16,093495;-47,982078;"SPRF-DF";"DEL01-DF";"UOP01-DEL01-DF"
772051;2026-05-16;"sábado";"12:15:00";"RS";101;4;"TORRES";"Transitar na contramão";"Colisão frontal";"Com Vítimas Feridas";"Pleno dia";"Crescente";"Céu Claro";"Dupla";"Reta";"Não";2;0;1;0;1;0;1;2;-29,32944958;-49,78328252;"SPRF-RS";"DEL03-RS";"UOP02-DEL03-RS"
772053;2026-05-16;"sábado";"11:05:00";"RS";386;37;"FREDERICO WESTPHALEN";"Ausência de reação do condutor";"Colisão traseira";"Com Vítimas Feridas";"Pleno dia";"Crescente";"Chuva";"Simples";"Reta";"Sim";3;0;1;0;2;0;1;2;-27,38029333;-53,39910921;"SPRF-RS";"DEL08-RS";"UOP02-DEL08-RS"
772054;2026-05-16;"sábado";"13:30:00";"SC";280;30;"ARAQUARI";"Condutor deixou de manter distância do veículo da frente";"Colisão traseira";"Com Vítimas Feridas";"Pleno dia";"Decrescente";"Nublado";"Simples";"Reta";"Não";2;0;1;0;1;0;1;2;-26,415055;-48,765151;"SPRF-SC";"DEL03-SC";"UOP03-DEL03-SC"
772057;2026-05-16;"sábado";"13:30:00";"PR";277;728;"FOZ DO IGUACU";"Pista Escorregadia";"Tombamento";"Com Vítimas Feridas";"Pleno dia";"Crescente";"Céu Claro";"Dupla";"Curva";"Sim";1;0;1;0;0;0;1;1;-25,51041086;-54,55808328;"SPRF-PR";"DEL05-PR";"UOP03-DEL05-PR"
772063;2026-05-14;"quinta-feira";"07:00:00";"BA";110;101,5;"SITIO DO QUINTO";"Ausência de reação do condutor";"Saída de leito carroçável";"Com Vítimas Feridas";"Pleno dia";"Crescente";"Céu Claro";"Simples";"Reta";"Não";1;0;1;0;0;0;1;1;-10,266932;-38,305868;"SPRF-BA";"DEL07-BA";"UOP01-DEL07-BA"
772064;2026-05-16;"sábado";"14:00:00";"GO";40;9;"LUZIANIA";"Condutor deixou de manter distância do veículo da frente";"Colisão traseira";"Com Vítimas Feridas";"Pleno dia";"Crescente";"Céu Claro";"Dupla";"Reta";"Sim";2;0;0;1;1;0;1;2;-16,12581424;-47,96148984;"SPRF-DF";"DEL01-DF";"UOP01-DEL01-DF"
772067;2026-05-16;"sábado";"13:06:00";"PB";101;86,3;"JOAO PESSOA";"Demais falhas mecânicas ou elétricas";"Queda de ocupante de veículo";"Com Vítimas Feridas";"Pleno dia";"Decrescente";"Sol";"Dupla";"Reta";"Não";2;0;2;0;0;0;2;1;-7,153115;-34,908277;"SPRF-PB";"DEL01-PB";"UOP01-DEL01-PB"
772070;2026-05-16;"sábado";"12:30:00";"PI";316;165;"ELESBAO VELOSO";"Pista esburacada";"Saída de leito carroçável";"Com Vítimas Feridas";"Pleno dia";"Decrescente";"Céu Claro";"Simples";"Reta";"Não";2;0;1;0;1;0;1;1;-6,19559;-42,114652;"SPRF-PI";"DEL04-PI";"UOP02-DEL04-PI"
772072;2026-05-15;"sexta-feira";"19:30:00";"RS";116;268;"CANOAS";"Condutor deixou de manter distância do veículo da frente";"Colisão traseira";"Com Vítimas Feridas";"Plena Noite";"Decrescente";"Céu Claro";"Dupla";"Reta;Em Obras";"Sim";3;0;1;0;2;0;1;2;-29,94654332;-51,17670189;"SPRF-RS";"DEL01-RS";"UOP01-DEL01-RS"
772073;2026-05-16;"sábado";"15:00:00";"SC";101;215;"PALHOCA";"Manobra de mudança de faixa";"Colisão traseira";"Com Vítimas Feridas";"Pleno dia";"Decrescente";"Nublado";"Dupla";"Reta";"Sim";3;0;3;0;0;0;3;2;-27,65167;-48,676142;"SPRF-SC";"DEL01-SC";"UOP02-DEL01-SC"
772075;2026-05-16;"sábado";"13:45:00";"RS";116;219,7;"DOIS IRMAOS";"Ingestão de álcool pelo condutor";"Saída de leito carroçável";"Sem Vítimas";"Pleno dia";"Decrescente";"Céu Claro";"Dupla";"Reta";"Não";1;0;0;0;1;0;0;1;-29,55583327;-51,09093038;"SPRF-RS";"DEL01-RS";"UOP02-DEL01-RS"
772076;2026-05-16;"sábado";"13:30:00";"SC";101;137,2;"BALNEARIO CAMBORIU";"Manobra de mudança de faixa";"Colisão lateral mesmo sentido";"Com Vítimas Feridas";"Pleno dia";"Decrescente";"Nublado";"Múltipla";"Declive;Reta";"Sim";2;0;1;0;0;1;1;2;-27,016933;-48,610958;"SPRF-SC";"DEL04-SC";"UOP03-DEL04-SC"
772077;2026-05-16;"sábado";"15:00:00";"CE";116;18;"ITAITINGA";"Condutor deixou de manter distância do veículo da frente";"Colisão traseira";"Com Vítimas Feridas";"Pleno dia";"Crescente";"Chuva";"Dupla";"Reta";"Sim";2;0;1;0;1;0;1;2;-3,90558246;-38,50529607;"SPRF-CE";"DEL01-CE";"UOP02-DEL01-CE"
772078;2026-05-16;"sábado";"14:55:00";"SP";116;227;"GUARULHOS";"Reação tardia ou ineficiente do condutor";"Colisão com objeto";"Com Vítimas Feridas";"Pleno dia";"Decrescente";"Céu Claro";"Múltipla";"Reta;Aclive";"Não";1;0;1;0;0;0;1;1;-23,498171;-46,559187;"SPRF-SP";"DEL01-SP";"UOP01-DEL01-SP"
772079;2026-05-16;"sábado";"12:35:00";"PR";369;471,7;"CORBELIA";"Velocidade Incompatível";"Saída de leito carroçável";"Com Vítimas Feridas";"Pleno dia";"Decrescente";"Chuva";"Simples";"Declive";"Não";2;0;1;0;1;0;1;1;-24,703877;-53,239366;"SPRF-PR";"DEL04-PR";"UOP03-DEL04-PR"
772080;2026-05-16;"sábado";"15:15:00";"RS";290;73;"GRAVATAI";"Condutor deixou de manter distância do veículo da frente";"Colisão traseira";"Com Vítimas Feridas";"Pleno dia";"Crescente";"Céu Claro";"Múltipla";"Reta";"Não";2;0;1;0;1;0;1;2;-29,95293038;-50,99057329;"SPRF-RS";"DEL03-RS";"UOP01-DEL03-RS"
772081;2026-05-16;"sábado";"12:20:00";"PE";423;94;"GARANHUNS";"Acessar a via sem observar a presença dos outros veículos";"Colisão transversal";"Com Vítimas Feridas";"Pleno dia";"Crescente";"Céu Claro";"Simples";"Interseção de Vias;Reta";"Sim";2;0;2;0;0;0;2;2;-8,878498;-36,477117;"SPRF-PE";"DEL03-PE";"UOP01-DEL03-PE"
772082;2026-05-16;"sábado";"15:30:00";"GO";153;443;"ANAPOLIS";"Ausência de reação do condutor";"Colisão com objeto";"Com Vítimas Feridas";"Pleno dia";"Crescente";"Céu Claro";"Dupla";"Rotatória;Viaduto";"Sim";1;0;0;1;0;0;1;1;-16,3541;-48,9285;"SPRF-GO";"DEL02-GO";"UOP01-DEL02-GO"
772083;2026-05-15;"sexta-feira";"17:20:00";"RJ";101;575;"PARATY";"Reação tardia ou ineficiente do condutor";"Colisão lateral mesmo sentido";"Com Vítimas Feridas";"Pleno dia";"Crescente";"Nublado";"Simples";"Reta";"Sim";2;0;1;0;1;0;1;2;-23,21381378;-44,73487822;"SPRF-RJ";"DEL03-RJ";"UOP04-DEL03-RJ"
772086;2026-05-16;"sábado";"13:50:00";"PR";280;277,1;"FLOR DA SERRA DO SUL";"Transitar na contramão";"Colisão lateral sentido oposto";"Com Vítimas Feridas";"Pleno dia";"Crescente";"Nublado";"Simples";"Declive;Reta";"Não";8;0;2;0;6;0;2;3;-26,244711;-53,203324;"SPRF-PR";"DEL02-PR";"UOP01-DEL02-PR"
772087;2026-05-16;"sábado";"16:10:00";"ES";101;146,9;"LINHARES";"Frear bruscamente";"Colisão traseira";"Com Vítimas Feridas";"Pleno dia";"Decrescente";"Céu Claro";"Dupla";"Reta";"Sim";8;0;2;0;6;0;2;2;-19,378469;-40,066347;"SPRF-ES";"DEL04-ES";"UOP01-DEL04-ES"
772089;2026-05-16;"sábado";"16:08:00";"PB";230;41,5;"SANTA RITA";"Acessar a via sem observar a presença dos outros veículos";"Colisão lateral mesmo sentido";"Com Vítimas Feridas";"Pleno dia";"Crescente";"Céu Claro";"Dupla";"Reta";"Sim";2;0;0;1;0;1;1;2;-7,14276695;-34,9895668;"SPRF-PB";"DEL01-PB";"UOP02-DEL01-PB"
772091;2026-05-16;"sábado";"07:00:00";"MG";262;485;"MOEMA";"Ausência de reação do condutor";"Saída de leito carroçável";"Sem Vítimas";"Pleno dia";"Crescente";"Sol";"Simples";"Interseção de Vias";"Não";1;0;0;0;0;1;0;1;-19,7853611;-45,39582968;"SPRF-MG";"DEL08-MG";"UOP03-DEL08-MG"
772092;2026-05-16;"sábado";"16:00:00";"MS";163;473;"CAMPO GRANDE";"Carga excessiva e/ou mal acondicionada";"Queda de ocupante de veículo";"Com Vítimas Feridas";"Pleno dia";"Decrescente";"Céu Claro";"Simples";"Declive;Reta";"Não";1;0;1;0;0;0;1;1;-20,533589;-54,564516;"SPRF-MS";"DEL01-MS";"UOP01-DEL01-MS"
772094;2026-05-16;"sábado";"14:50:00";"RO";364;707;"PORTO VELHO";"Reação tardia ou ineficiente do condutor";"Atropelamento de Pedestre";"Com Vítimas Fatais";"Pleno dia";"Crescente";"Céu Claro";"Dupla";"Reta";"Sim";4;1;0;0;3;0;0;2;-8,79749;-63,83756;"SPRF-RO";"DEL01-RO";"UOP01-DEL01-RO"
772095;2026-05-16;"sábado";"16:05:00";"MG";116;408,9;"GOVERNADOR VALADARES";"Ingestão de álcool pelo condutor";"Colisão frontal";"Com Vítimas Feridas";"Pleno dia";"Crescente";"Céu Claro";"Dupla";"Reta;Interseção de Vias";"Sim";3;0;0;1;1;1;1;3;-18,845989;-41,980879;"SPRF-MG";"DEL06-MG";"UOP01-DEL06-MG"
772096;2026-05-16;"sábado";"16:30:00";"PR";116;3;"CAMPINA GRANDE DO SUL";"Condutor deixou de manter distância do veículo da frente";"Colisão traseira";"Com Vítimas Feridas";"Pleno dia";"Crescente";"Nublado";"Dupla";"Reta";"Sim";2;0;2;0;0;0;2;2;-25,35734609;-49,07094352;"SPRF-PR";"DEL01-PR";"UOP02-DEL01-PR"
772097;2026-05-16;"sábado";"15:15:00";"MT";364;262;"JUSCIMEIRA";"Acessar a via sem observar a presença dos outros veículos";"Colisão transversal";"Com Vítimas Feridas";"Pleno dia";"Decrescente";"Céu Claro";"Dupla";"Retorno Regulamentado";"Não";3;0;0;1;1;1;1;3;-16,0278461;-54,89250755;"SPRF-MT";"DEL02-MT";"UOP01-DEL02-MT"
772098;2026-05-16;"sábado";"11:25:00";"PE";316;32,7;"ARARIPINA";"Desrespeitar a preferência no cruzamento";"Colisão transversal";"Com Vítimas Feridas";"Pleno dia";"Crescente";"Sol";"Simples";"Reta";"Sim";5;0;2;2;1;0;4;2;-7,63133;-40,448062;"SPRF-PE";"DEL05-PE";"UOP02-DEL05-PE"
772099;2026-05-16;"sábado";"17:00:00";"SE";101;142;"ESTANCIA";"Demais falhas mecânicas ou elétricas";"Colisão com objeto";"Com Vítimas Feridas";"Plena Noite";"Crescente";"Céu Claro";"Dupla";"Reta";"Não";2;0;1;0;1;0;1;1;-11,19958276;-37,40944354;"SPRF-SE";"DEL02-SE";"UOP01-DEL02-SE"
772100;2026-05-16;"sábado";"17:25:00";"SC";101;195;"BIGUACU";"Ingestão de álcool pelo condutor";"Queda de ocupante de veículo";"Com Vítimas Feridas";"Anoitecer";"Crescente";"Céu Claro";"Dupla";"Reta";"Sim";1;0;1;0;0;0;1;1;-27,5049304;-48,65014013;"SPRF-SC";"DEL01-SC";"UOP01-DEL01-SC"
772103;2026-05-16;"sábado";"18:00:00";"PR";116;15;"COLOMBO";"Demais falhas mecânicas ou elétricas";"Queda de ocupante de veículo";"Com Vítimas Feridas";"Plena Noite";"Decrescente";"Garoa/Chuvisco";"Dupla";"Reta";"Sim";1;0;1;0;0;0;1;1;-25,38479179;-49,17058825;"SPRF-PR";"DEL01-PR";"UOP02-DEL01-PR"
772105;2026-05-16;"sábado";"17:40:00";"SC";101;39;"JOINVILLE";"Frear bruscamente";"Colisão traseira";"Com Vítimas Feridas";"Anoitecer";"Decrescente";"Garoa/Chuvisco";"Simples";"Reta;Interseção de Vias";"Sim";2;0;1;0;1;0;1;2;-26,29828833;-48,8835582;"SPRF-SC";"DEL03-SC";"UOP01-DEL03-SC"
772106;2026-04-02;"quinta-feira";"23:42:00";"PA";163;392;"ITAITUBA";"Reação tardia ou ineficiente do condutor";"Saída de leito carroçável";"Com Vítimas Fatais";"Plena Noite";"Crescente";"Céu Claro";"Simples";"Reta";"Não";2;1;0;0;0;1;0;1;-6,36211;-55,572186;"SPRF-PA";"DEL05-PA";"UOP03-DEL05-PA"
772107;2026-05-16;"sábado";"17:45:00";"RN";101;104,2;"PARNAMIRIM";"Acesso irregular";"Colisão lateral mesmo sentido";"Sem Vítimas";"Plena Noite";"Crescente";"Céu Claro";"Dupla";"Viaduto;Curva;Declive";"Sim";2;0;0;0;2;0;0;2;-5,89189659;-35,25869966;"SPRF-RN";"DEL01-RN";"UOP01-DEL01-RN"
772108;2026-05-16;"sábado";"17:45:00";"SC";101;350;"JAGUARUNA";"Ingestão de álcool pelo condutor";"Colisão com objeto";"Com Vítimas Feridas";"Anoitecer";"Crescente";"Céu Claro";"Dupla";"Reta";"Sim";1;0;1;0;0;0;1;1;-28,61051374;-49,05959576;"SPRF-SC";"DEL02-SC";"UOP01-DEL02-SC"
772110;2026-05-16;"sábado";"17:24:00";"MT";70;735;"CACERES";"Velocidade Incompatível";"Colisão traseira";"Com Vítimas Feridas";"Anoitecer";"Decrescente";"Céu Claro";"Simples";"Ponte";"Sim";2;0;1;0;1;0;1;2;-16,07453376;-57,70333797;"SPRF-MT";"DEL03-MT";"UOP01-DEL03-MT"
772111;2026-05-16;"sábado";"07:40:00";"SC";101;367;"ICARA";"Condutor deixou de manter distância do veículo da frente";"Colisão traseira";"Com Vítimas Feridas";"Pleno dia";"Decrescente";"Nublado";"Dupla";"Declive";"Não";3;0;1;1;1;0;2;2;-28,6974904;-49,17777507;"SPRF-SC";"DEL02-SC";"UOP01-DEL02-SC"
772112;2026-05-16;"sábado";"16:20:00";"RJ";101;487;"ANGRA DOS REIS";"Pedestre cruzava a pista fora da faixa";"Atropelamento de Pedestre";"Com Vítimas Feridas";"Anoitecer";"Decrescente";"Nublado";"Simples";"Reta";"Sim";2;0;1;0;1;0;1;2;-22,96717005;-44,29900853;"SPRF-RJ";"DEL03-RJ";"UOP03-DEL03-RJ"
772113;2026-05-16;"sábado";"18:20:00";"MA";10;257;"IMPERATRIZ";"Acessar a via sem observar a presença dos outros veículos";"Colisão lateral mesmo sentido";"Com Vítimas Feridas";"Plena Noite";"Decrescente";"Céu Claro";"Simples";"Reta;Interseção de Vias";"Não";3;0;2;0;1;0;2;2;-5,48988;-47,47204;"SPRF-MA";"DEL04-MA";"UOP01-DEL04-MA"
772114;2026-05-16;"sábado";"18:30:00";"RJ";101;399;"ITAGUAI";"Ingestão de álcool pelo condutor";"Colisão com objeto";"Sem Vítimas";"Anoitecer";"Decrescente";"Céu Claro";"Dupla";"Reta";"Sim";6;0;0;0;6;0;0;2;-22,85898302;-43,7592874;"SPRF-RJ";"DEL03-RJ";"UOP01-DEL03-RJ"
772116;2026-05-16;"sábado";"18:00:00";"GO";70;14,1;"AGUAS LINDAS DE GOIAS";"Ausência de reação do condutor";"Queda de ocupante de veículo";"Com Vítimas Feridas";"Plena Noite";"Crescente";"Céu Claro";"Múltipla";"Reta";"Sim";1;0;1;0;0;0;1;1;-15,7533454;-48,3267919;"SPRF-DF";"DEL03-DF";"UOP02-DEL03-DF"