"id";"data_inversa";"dia_semana";"horario";"uf";"br";"km";"municipio";"causa_acidente";"tipo_acidente";"classificacao_acidente";"fase_dia";"sentido_via";"condicao_metereologica";"tipo_pista";"tracado_via";"uso_solo";"pessoas";"mortos";"feridos_leves";"feridos_graves";"ilesos";"ignorados";"feridos";"veiculos";"latitude";"longitude";"regional";"delegacia";"uop"
772219;2026-05-17;"domingo";"05:30:00";"MG";381;157;"GOVERNADOR VALADARES";"Reação tardia ou ineficiente do condutor";"Tombamento";"Com Vítimas Feridas";"Pleno dia";"Decrescente";"Céu Claro";"Simples";"Reta";"Não";1;0;1;0;0;0;1;1;-18,8924459;-42,00488297;"SPRF-MG";"DEL06-MG";"UOP01-DEL06-MG"
772220;2026-05-17;"domingo";"03:57:00";"PI";343;595,3;"FLORIANO";"Acessar a via sem observar a presença dos outros veículos";"Colisão transversal";"Sem Vítimas";"Plena Noite";"Decrescente";"Nublado";"Simples";"Curva";"Sim";2;0;0;0;1;1;0;2;-6,799726;-43,047927;"SPRF-PI";"DEL03-PI";"UOP01-DEL03-PI"
772221;2026-05-17;"domingo";"05:45:00";"SC";101;150;"ITAPEMA";"Reação tardia ou ineficiente do condutor";"Colisão lateral mesmo sentido";"Com Vítimas Feridas";"Amanhecer";"Crescente";"Céu Claro";"Dupla";"Interseção de Vias";"Sim";2;0;1;0;1;0;1;2;-27,11839968;-48,60954372;"SPRF-SC";"DEL04-SC";"UOP03-DEL04-SC"
772222;2026-05-17;"domingo";"05:39:00";"SP";116;288;"ITAPECERICA DA SERRA";"Ausência de reação do condutor";"Queda de ocupante de veículo";"Com Vítimas Feridas";"Pleno dia";"Crescente";"Chuva";"Dupla";"Reta";"Não";1;0;1;0;0;0;1;1;-23,710083;-46,876401;"SPRF-SP";"DEL04-SP";"UOP01-DEL04-SP"
772223;2026-05-17;"domingo";"01:55:00";"MG";262;518;"LUZ";"Ingestão de álcool pelo condutor";"Saída de leito carroçável";"Sem Vítimas";"Plena Noite";"Crescente";"Céu Claro";"Simples";"Reta";"Não";1;0;0;0;1;0;0;1;-19,78511881;-45,7106781;"SPRF-MG";"DEL08-MG";"UOP03-DEL08-MG"
772224;2026-05-17;"domingo";"04:00:00";"PR";116;7;"CAMPINA GRANDE DO SUL";"Acessar a via sem observar a presença dos outros veículos";"Colisão traseira";"Com Vítimas Feridas";"Plena Noite";"Crescente";"Garoa/Chuvisco";"Dupla";"Reta";"Sim";2;0;1;0;0;1;1;2;-25,36864043;-49,11128394;"SPRF-PR";"DEL01-PR";"UOP02-DEL01-PR"
772225;2026-05-17;"domingo";"05:30:00";"SP";381;70;"MAIRIPORA";"Ausência de reação do condutor";"Saída de leito carroçável";"Sem Vítimas";"Plena Noite";"Decrescente";"Chuva";"Simples";"Declive;Reta";"Sim";1;0;0;0;1;0;0;1;-23,35392751;-46,55070003;"SPRF-SP";"DEL03-SP";"UOP01-DEL03-SP"
772226;2026-05-17;"domingo";"03:00:00";"MS";376;168;"NOVA ANDRADINA";"Ausência de reação do condutor";"Saída de leito carroçável";"Com Vítimas Feridas";"Plena Noite";"Crescente";"Chuva";"Simples";"Reta";"Não";1;0;1;0;0;0;1;1;-22,29506975;-53,38715418;"SPRF-MS";"DEL04-MS";"UOP04-DEL04-MS"
772229;2026-05-16;"sábado";"13:50:00";"MG";381;408;"NOVA UNIAO";"Condutor usando celular";"Colisão traseira";"Com Vítimas Feridas";"Pleno dia";"Decrescente";"Céu Claro";"Dupla";"Reta";"Não";3;0;0;2;1;0;2;2;-19,72469289;-43,58337371;"SPRF-MG";"DEL01-MG";"UOP01-DEL01-MG"
772230;2026-05-17;"domingo";"06:30:00";"PR";376;650;"TIJUCAS DO SUL";"Reação tardia ou ineficiente do condutor";"Capotamento";"Com Vítimas Feridas";"Pleno dia";"Crescente";"Garoa/Chuvisco";"Dupla";"Reta;Aclive";"Não";1;0;1;0;0;0;1;1;-25,845612;-49,071705;"SPRF-PR";"DEL01-PR";"UOP04-DEL01-PR"
772231;2026-05-17;"domingo";"07:10:00";"PE";101;30;"ITAPISSUMA";"Reação tardia ou ineficiente do condutor";"Tombamento";"Com Vítimas Feridas";"Pleno dia";"Crescente";"Nublado";"Dupla";"Curva;Aclive";"Sim";1;0;1;0;0;0;1;1;-7,73884881;-34,94272905;"SPRF-PE";"DEL01-PE";"UOP02-DEL01-PE"
772232;2026-05-15;"sexta-feira";"16:30:00";"SC";280;89,3;"CORUPA";"Pista Escorregadia";"Saída de leito carroçável";"Com Vítimas Feridas";"Pleno dia";"Crescente";"Chuva";"Simples";"Declive;Curva";"Não";2;0;1;1;0;0;2;1;-26,40321;-49,28802;"SPRF-SC";"DEL06-SC";"UOP03-DEL06-SC"
772233;2026-05-17;"domingo";"06:55:00";"SC";470;41;"BLUMENAU";"Ingestão de álcool pelo condutor";"Capotamento";"Sem Vítimas";"Pleno dia";"Decrescente";"Céu Claro";"Dupla";"Curva";"Não";1;0;0;0;1;0;0;1;-26,878065;-49,001818;"SPRF-SC";"DEL04-SC";"UOP01-DEL04-SC"
772235;2026-05-17;"domingo";"07:05:00";"SC";101;129,2;"CAMBORIU";"Manobra de mudança de faixa";"Colisão lateral mesmo sentido";"Com Vítimas Feridas";"Pleno dia";"Decrescente";"Céu Claro";"Dupla";"Reta";"Não";2;0;1;0;1;0;1;2;-26,980854;-48,678151;"SPRF-SC";"DEL04-SC";"UOP03-DEL04-SC"
772237;2026-05-17;"domingo";"06:15:00";"AM";174;1003;"PRESIDENTE FIGUEIREDO";"Ingestão de álcool pelo condutor";"Saída de leito carroçável";"Com Vítimas Feridas";"Amanhecer";"Crescente";"Nevoeiro/Neblina";"Simples";"Declive";"Não";3;0;1;2;0;0;3;1;-1,94746;-60,042136;"SPRF-AM";"DEL01-AM";"UOP02-DEL01-AM"
772238;2026-05-16;"sábado";"00:20:00";"RJ";465;21;"SEROPEDICA";"Acesso irregular";"Colisão lateral sentido oposto";"Com Vítimas Feridas";"Plena Noite";"Crescente";"Céu Claro";"Simples";"Reta";"Não";2;0;1;0;1;0;1;2;-22,79523658;-43,65329936;"SPRF-RJ";"DEL06-RJ";"UOP02-DEL06-RJ"
772240;2026-05-17;"domingo";"06:30:00";"SC";280;305;"PORTO UNIAO";"Condutor deixou de manter distância do veículo da frente";"Colisão lateral mesmo sentido";"Com Vítimas Feridas";"Amanhecer";"Decrescente";"Nublado";"Simples";"Reta";"Sim";2;0;1;0;1;0;1;2;-26,26545897;-51,06069493;"SPRF-SC";"DEL06-SC";"UOP04-DEL06-SC"
772241;2026-05-15;"sexta-feira";"13:20:00";"MA";330;15,9;"BALSAS";"Ausência de reação do condutor";"Saída de leito carroçável";"Com Vítimas Fatais";"Pleno dia";"Decrescente";"Céu Claro";"Simples";"Reta";"Não";2;1;0;1;0;0;1;1;-7,648197;-46,017878;"SPRF-MA";"DEL05-MA";"UOP01-DEL05-MA"
772242;2026-05-17;"domingo";"06:00:00";"RS";470;195,7;"BENTO GONCALVES";"Ausência de reação do condutor";"Saída de leito carroçável";"Sem Vítimas";"Amanhecer";"Decrescente";"Nublado";"Simples";"Reta";"Não";1;0;0;0;0;1;0;1;-29,052302;-51,596261;"SPRF-RS";"DEL06-RS";"UOP02-DEL06-RS"
772243;2026-05-15;"sexta-feira";"18:20:00";"MG";50;116;"UBERLANDIA";"Ausência de reação do condutor";"Saída de leito carroçável";"Com Vítimas Feridas";"Anoitecer";"Decrescente";"Nublado";"Dupla";"Reta";"Não";2;0;1;0;1;0;1;1;-19,03245326;-48,20161041;"SPRF-MG";"DEL13-MG";"UOP01-DEL13-MG"
772244;2026-05-17;"domingo";"07:10:00";"MS";463;37,5;"PONTA PORA";"Ausência de reação do condutor";"Saída de leito carroçável";"Com Vítimas Feridas";"Pleno dia";"Decrescente";"Chuva";"Simples";"Reta";"Não";1;0;1;0;0;0;1;1;-22,3088;-55,137893;"SPRF-MS";"DEL04-MS";"UOP03-DEL04-MS"
772245;2026-05-16;"sábado";"21:30:00";"RJ";356;182;"SAO JOAO DA BARRA";"Ausência de reação do condutor";"Colisão lateral sentido oposto";"Com Vítimas Feridas";"Pleno dia";"Decrescente";"Céu Claro";"Simples";"Reta";"Não";2;0;2;0;0;0;2;2;-21,63195698;-41,04156844;"SPRF-RJ";"DEL08-RJ";"UOP02-DEL08-RJ"
772246;2026-05-16;"sábado";"18:00:00";"RJ";465;15;"NOVA IGUACU";"Trafegar com motocicleta (ou similar) entre as faixas";"Colisão frontal";"Sem Vítimas";"Plena Noite";"Crescente";"Céu Claro";"Simples";"Reta";"Sim";2;0;0;0;0;2;0;2;-22,81302422;-43,62625536;"SPRF-RJ";"DEL06-RJ";"UOP02-DEL06-RJ"
772247;2026-05-17;"domingo";"07:30:00";"GO";50;242;"CATALAO";"Ausência de reação do condutor";"Saída de leito carroçável";"Com Vítimas Feridas";"Pleno dia";"Crescente";"Céu Claro";"Dupla";"Reta";"Não";1;0;1;0;0;0;1;1;-17,88557811;-47,79308081;"SPRF-GO";"DEL06-GO";"UOP01-DEL06-GO"
772248;2026-05-17;"domingo";"08:30:00";"RS";101;73,1;"OSORIO";"Reação tardia ou ineficiente do condutor";"Saída de leito carroçável";"Sem Vítimas";"Pleno dia";"Decrescente";"Garoa/Chuvisco";"Dupla";"Reta";"Sim";1;0;0;0;1;0;0;1;-29,77269974;-50,21829396;"SPRF-RS";"DEL03-RS";"UOP01-DEL03-RS"
772249;2026-05-16;"sábado";"23:08:00";"AC";364;141;"RIO BRANCO";"Ausência de reação do condutor";"Colisão com objeto";"Com Vítimas Feridas";"Plena Noite";"Decrescente";"Nublado";"Dupla";"Rotatória";"Sim";1;0;1;0;0;0;1;1;-9,94138;-67,8766;"SPRF-AC";"DEL01-AC";"UOP01-DEL01-AC"
772250;2026-05-17;"domingo";"07:30:00";"PE";232;79;"GRAVATA";"Estacionar ou parar em local proibido";"Colisão traseira";"Sem Vítimas";"Pleno dia";"Crescente";"Céu Claro";"Dupla";"Reta";"Não";4;0;0;0;4;0;0;2;-8,194554;-35,560384;"SPRF-PE";"DEL02-PE";"UOP02-DEL02PE"
772251;2026-05-17;"domingo";"08:00:00";"GO";60;92,8;"ANAPOLIS";"Ingestão de álcool pelo condutor";"Colisão com objeto";"Sem Vítimas";"Pleno dia";"Decrescente";"Céu Claro";"Dupla";"Retorno Regulamentado;Reta;Declive";"Sim";1;0;0;0;0;1;0;1;-16,3533955;-48,91984373;"SPRF-GO";"DEL02-GO";"UOP01-DEL02-GO"
772252;2026-05-17;"domingo";"08:30:00";"SP";116;162;"JACAREI";"Avarias e/ou desgaste excessivo no pneu";"Tombamento";"Com Vítimas Feridas";"Pleno dia";"Decrescente";"Garoa/Chuvisco";"Dupla";"Reta";"Não";1;0;1;0;0;0;1;1;-23,28158514;-45,98415506;"SPRF-SP";"DEL02-SP";"UOP01-DEL02-SP"
772253;2026-05-17;"domingo";"08:15:00";"RS";290;104,4;"ELDORADO DO SUL";"Condutor Dormindo";"Saída de leito carroçável";"Com Vítimas Feridas";"Pleno dia";"Crescente";"Nublado";"Dupla";"Reta";"Não";1;0;1;0;0;0;1;1;-29,995612;-51,2848;"SPRF-RS";"DEL02-RS";"UOP01-DEL02-RS"
772254;2026-05-17;"domingo";"07:00:00";"RS";470;248;"BARAO";"Velocidade Incompatível";"Saída de leito carroçável";"Com Vítimas Feridas";"Amanhecer";"Crescente";"Nevoeiro/Neblina";"Simples";"Declive;Reta";"Não";1;0;1;0;0;0;1;1;-29,40046637;-51,5039055;"SPRF-RS";"DEL06-RS";"UOP01-DEL06-RS"
772255;2026-05-17;"domingo";"07:35:00";"MS";376;16;"DOURADOS";"Ausência de reação do condutor";"Colisão frontal";"Com Vítimas Fatais";"Pleno dia";"Crescente";"Chuva";"Simples";"Reta";"Não";3;1;0;2;0;0;2;2;-22,3067043;-54,59281795;"SPRF-MS";"DEL04-MS";"UOP01-DEL04-MS"
772258;2026-05-17;"domingo";"09:00:00";"PR";277;83;"CURITIBA";"Ausência de reação do condutor";"Colisão com objeto";"Com Vítimas Feridas";"Pleno dia";"Crescente";"Garoa/Chuvisco";"Dupla";"Curva";"Sim";2;0;1;0;1;0;1;1;-25,444697;-49,23297;"SPRF-PR";"DEL01-PR";"UOP08-DEL01-PR"
772260;2026-05-17;"domingo";"04:10:00";"RS";158;139,4;"CONDOR";"Ausência de reação do condutor";"Colisão lateral sentido oposto";"Com Vítimas Feridas";"Plena Noite";"Decrescente";"Nevoeiro/Neblina";"Simples";"Reta";"Não";2;0;0;1;0;1;1;2;-28,195326;-53,476806;"SPRF-RS";"DEL08-RS";"UOP01-DEL08-RS"
772261;2026-05-17;"domingo";"08:20:00";"DF";60;3;"BRASILIA";"Acessar a via sem observar a presença dos outros veículos";"Colisão transversal";"Com Vítimas Feridas";"Pleno dia";"Crescente";"Céu Claro";"Dupla";"Retorno Regulamentado";"Sim";6;0;1;1;4;0;2;2;-15,890274;-48,087161;"SPRF-DF";"DEL03-DF";"UOP01-DEL03-DF"
772262;2026-05-17;"domingo";"09:30:00";"MG";381;366;"SAO GONCALO DO RIO ABAIXO";"Manobra de mudança de faixa";"Colisão lateral mesmo sentido";"Com Vítimas Feridas";"Pleno dia";"Decrescente";"Céu Claro";"Simples";"Reta";"Sim";2;0;1;0;1;0;1;2;-19,85094803;-43,29136848;"SPRF-MG";"DEL03-MG";"UOP01-DEL03-MG"
772263;2026-05-17;"domingo";"06:40:00";"RJ";116;210;"SEROPEDICA";"Condutor Dormindo";"Colisão com objeto";"Com Vítimas Feridas";"Pleno dia";"Crescente";"Céu Claro";"Dupla";"Reta";"Não";1;0;1;0;0;0;1;1;-22,70557219;-43,74069214;"SPRF-RJ";"DEL06-RJ";"UOP02-DEL06-RJ"
772264;2026-05-17;"domingo";"07:45:00";"MA";10;233,8;"GOVERNADOR EDISON LOBAO";"Ingestão de álcool pelo condutor";"Colisão traseira";"Sem Vítimas";"Pleno dia";"Crescente";"Céu Claro";"Simples";"Reta";"Não";3;0;0;0;2;1;0;2;-5,671232;-47,378645;"SPRF-MA";"DEL04-MA";"UOP01-DEL04-MA"
772265;2026-05-17;"domingo";"03:00:00";"MG";459;46;"SANTA RITA DE CALDAS";"Ausência de reação do condutor";"Saída de leito carroçável";"Sem Vítimas";"Plena Noite";"Crescente";"Céu Claro";"Simples";"Interseção de Vias;Curva;Rotatória";"Não";1;0;0;0;0;1;0;1;-22,01673837;-46,31287372;"SPRF-MG";"DEL09-MG";"UOP01-DEL09-MG"
772266;2026-05-17;"domingo";"08:40:00";"MT";364;188;"RONDONOPOLIS";"Reação tardia ou ineficiente do condutor";"Saída de leito carroçável";"Com Vítimas Feridas";"Pleno dia";"Crescente";"Céu Claro";"Simples";"Reta";"Não";1;0;1;0;0;0;1;1;-16,571417;-54,542348;"SPRF-MT";"DEL02-MT";"UOP01-DEL02-MT"
772267;2026-05-17;"domingo";"06:20:00";"RJ";493;97;"SEROPEDICA";"Reação tardia ou ineficiente do condutor";"Saída de leito carroçável";"Com Vítimas Feridas";"Pleno dia";"Crescente";"Céu Claro";"Dupla";"Reta";"Sim";2;0;1;0;1;0;1;1;-22,719743;-43,708578;"SPRF-RJ";"DEL01-RJ";"UOP03-DEL01-RJ"
772268;2026-05-01;"sexta-feira";"21:40:00";"GO";364;90;"CACHOEIRA ALTA";"Reação tardia ou ineficiente do condutor";"Saída de leito carroçável";"Com Vítimas Feridas";"Plena Noite";"Decrescente";"Céu Claro";"Dupla";"Reta";"Não";2;0;2;0;0;0;2;1;-18,5024;-51,0709;"SPRF-GO";"DEL05-GO";"UOP02-DEL05-GO"
772272;2026-04-17;"sexta-feira";"19:30:00";"PR";277;118;"CAMPO LARGO";"Ausência de reação do condutor";"Colisão traseira";"Com Vítimas Feridas";"Plena Noite";"Crescente";"Céu Claro";"Dupla";"Reta";"Sim";2;0;1;1;0;0;2;2;-25,44339912;-49,46340426;"SPRF-PR";"DEL01-PR";"UOP07-DEL01-PR"
772273;2026-05-16;"sábado";"00:45:00";"RS";386;438,1;"NOVA SANTA RITA";"Reação tardia ou ineficiente do condutor";"Tombamento";"Com Vítimas Feridas";"Plena Noite";"Decrescente";"Céu Claro";"Dupla";"Reta";"Sim";1;0;1;0;0;0;1;1;-29,865066;-51,251559;"SPRF-RS";"DEL04-RS";"UOP02-DEL04-RS"
772274;2026-05-17;"domingo";"09:30:00";"RJ";493;86;"JAPERI";"Ausência de reação do condutor";"Colisão traseira";"Com Vítimas Feridas";"Pleno dia";"Decrescente";"Céu Claro";"Dupla";"Reta";"Não";2;0;1;0;1;0;1;2;-22,66342276;-43,62670898;"SPRF-RJ";"DEL01-RJ";"UOP03-DEL01-RJ"
772275;2026-05-17;"domingo";"10:10:00";"GO";70;1;"AGUAS LINDAS DE GOIAS";"Reação tardia ou ineficiente do condutor";"Colisão transversal";"Sem Vítimas";"Pleno dia";"Crescente";"Céu Claro";"Dupla";"Aclive;Reta";"Sim";2;0;0;0;2;0;0;2;-15,77324078;-48,23141327;"SPRF-DF";"DEL03-DF";"UOP02-DEL03-DF"
772277;2026-05-16;"sábado";"06:20:00";"SC";280;7,9;"SAO FRANCISCO DO SUL";"Reação tardia ou ineficiente do condutor";"Capotamento";"Com Vítimas Feridas";"Amanhecer";"Crescente";"Garoa/Chuvisco";"Simples";"Curva";"Sim";2;0;2;0;0;0;2;1;-26,27915502;-48,6466638;"SPRF-SC";"DEL03-SC";"UOP03-DEL03-SC"
772279;2026-05-17;"domingo";"11:25:00";"SC";280;24,8;"ARAQUARI";"Acessar a via sem observar a presença dos outros veículos";"Colisão transversal";"Com Vítimas Feridas";"Pleno dia";"Decrescente";"Garoa/Chuvisco";"Simples";"Reta;Em Obras";"Sim";2;0;1;1;0;0;2;2;-26,38328156;-48,72615952;"SPRF-SC";"DEL03-SC";"UOP03-DEL03-SC"
772280;2026-05-17;"domingo";"02:00:00";"PE";232;96;"SAIRE";"Reação tardia ou ineficiente do condutor";"Saída de leito carroçável";"Com Vítimas Feridas";"Plena Noite";"Crescente";"Ignorado";"Dupla";"Reta";"Não";1;0;0;1;0;0;1;1;-8,23342;-35,715282;"SPRF-PE";"DEL02-PE";"UOP03-DEL02-PE"
772281;2026-05-17;"domingo";"07:20:00";"BA";116;879;"VITORIA DA CONQUISTA";"Transitar na contramão";"Colisão frontal";"Com Vítimas Feridas";"Pleno dia";"Decrescente";"Sol";"Simples";"Reta";"Não";1;0;1;0;0;0;1;1;-15,274302;-41,126583;"SPRF-BA";"DEL08-BA";"UOP03-DEL08-BA"
772282;2026-05-17;"domingo";"11:30:00";"SC";470;123;"IBIRAMA";"Ausência de reação do condutor";"Capotamento";"Com Vítimas Feridas";"Pleno dia";"Crescente";"Nublado";"Dupla";"Curva";"Não";3;0;1;0;2;0;1;1;-27,1062739;-49,52198982;"SPRF-SC";"DEL04-SC";"UOP02-DEL04-SC"
772284;2026-05-17;"domingo";"11:35:00";"SP";116;538;"BARRA DO TURVO";"Acumulo de água sobre o pavimento";"Colisão com objeto";"Com Vítimas Feridas";"Pleno dia";"Crescente";"Nublado";"Dupla";"Curva";"Não";4;0;1;0;3;0;1;1;-24,97174679;-48,37158887;"SPRF-SP";"DEL05-SP";"UOP02-DEL05-SP"
772285;2026-05-17;"domingo";"12:30:00";"MG";50;9;"ARAGUARI";"Ausência de reação do condutor";"Queda de ocupante de veículo";"Com Vítimas Feridas";"Pleno dia";"Crescente";"Nublado";"Dupla";"Reta;Aclive";"Não";2;0;1;0;1;0;1;1;-18,4992233;-48,0429767;"SPRF-MG";"DEL15-MG";"UOP02-DEL15-MG"
772286;2026-05-15;"sexta-feira";"12:44:00";"PI";316;1,9;"TERESINA";"Ausência de reação do condutor";"Colisão traseira";"Sem Vítimas";"Pleno dia";"Crescente";"Céu Claro";"Dupla";"Reta";"Sim";1;0;0;0;1;0;0;1;-5,12285815;-42,79576633;"SPRF-PI";"DEL01-PI";"UOP02-DEL01-PI"
772288;2026-05-17;"domingo";"10:00:00";"RJ";101;293,9;"ITABORAI";"Reação tardia ou ineficiente do condutor";"Colisão traseira";"Com Vítimas Feridas";"Pleno dia";"Crescente";"Céu Claro";"Simples";"Reta";"Sim";2;0;1;0;1;0;1;2;-22,760437;-42,89832;"SPRF-RJ";"DEL02-RJ";"UOP02-DEL02-RJ"
772289;2026-05-17;"domingo";"11:25:00";"MG";381;366,1;"SAO GONCALO DO RIO ABAIXO";"Ausência de reação do condutor";"Saída de leito carroçável";"Com Vítimas Feridas";"Pleno dia";"Crescente";"Céu Claro";"Simples";"Reta";"Não";1;0;1;0;0;0;1;1;-19,82807945;-43,38226318;"SPRF-MG";"DEL03-MG";"UOP01-DEL03-MG"
772290;2026-05-17;"domingo";"12:40:00";"PE";408;74;"PAUDALHO";"Ausência de reação do condutor";"Saída de leito carroçável";"Com Vítimas Fatais";"Pleno dia";"Crescente";"Garoa/Chuvisco";"Múltipla";"Reta";"Sim";5;1;3;0;0;1;3;3;-7,94239;-35,12201;"SPRF-PE";"DEL01-PE";"UOP01-DEL01-PE"
772291;2026-05-17;"domingo";"12:30:00";"MT";364;287,9;"JACIARA";"Chuva";"Saída de leito carroçável";"Com Vítimas Feridas";"Pleno dia";"Decrescente";"Chuva";"Dupla";"Reta";"Não";1;0;1;0;0;0;1;1;-15,91626717;-55,03034592;"SPRF-MT";"DEL05-MT";"UOP02-DEL05-MT"
772292;2026-05-17;"domingo";"11:35:00";"RJ";101;380,8;"ITAGUAI";"Ausência de reação do condutor";"Capotamento";"Com Vítimas Feridas";"Pleno dia";"Decrescente";"Céu Claro";"Dupla";"Reta";"Sim";1;0;1;0;0;0;1;1;-22,8613;-43,7844;"SPRF-RJ";"DEL03-RJ";"UOP01-DEL03-RJ"
772294;2026-05-17;"domingo";"12:43:00";"ES";262;183,1;"IRUPI";"Acessar a via sem observar a presença dos outros veículos";"Colisão transversal";"Com Vítimas Feridas";"Pleno dia";"Crescente";"Céu Claro";"Simples";"Reta";"Não";3;0;0;2;1;0;2;2;-20,29739;-41,69749;"SPRF-ES";"DEL01-ES";"UOP02-DEL01-ES"
772296;2026-05-17;"domingo";"10:50:00";"RO";364;704;"PORTO VELHO";"Ausência de reação do condutor";"Colisão com objeto";"Com Vítimas Feridas";"Pleno dia";"Decrescente";"Céu Claro";"Dupla";"Reta";"Sim";1;0;0;1;0;0;1;1;-8,80057;-63,80458;"SPRF-RO";"DEL01-RO";"UOP01-DEL01-RO"
772297;2026-05-17;"domingo";"13:00:00";"MG";116;701,9;"MURIAE";"Desrespeitar a preferência no cruzamento";"Colisão transversal";"Com Vítimas Feridas";"Pleno dia";"Crescente";"Nublado";"Simples";"Reta;Interseção de Vias";"Sim";3;0;1;0;2;0;1;3;-21,12164459;-42,3798573;"SPRF-MG";"DEL07-MG";"UOP02-DEL07-MG"
772299;2026-04-11;"sábado";"14:40:00";"GO";70;0;"AGUAS LINDAS DE GOIAS";"Reação tardia ou ineficiente do condutor";"Colisão traseira";"Com Vítimas Feridas";"Pleno dia";"Decrescente";"Céu Claro";"Múltipla";"Reta";"Não";2;0;1;0;1;0;1;2;-15,779147;-48,234103;"SPRF-DF";"DEL03-DF";"UOP02-DEL03-DF"
772300;2026-05-17;"domingo";"13:50:00";"SC";116;193;"PONTE ALTA";"Reação tardia ou ineficiente do condutor";"Saída de leito carroçável";"Sem Vítimas";"Pleno dia";"Crescente";"Nublado";"Simples";"Declive;Curva";"Não";1;0;0;0;0;1;0;1;-27,37183;-50,42972;"SPRF-SC";"DEL05-SC";"UOP03-DEL05-SC"
772301;2026-05-17;"domingo";"13:25:00";"RS";290;92;"PORTO ALEGRE";"Ausência de reação do condutor";"Saída de leito carroçável";"Com Vítimas Feridas";"Pleno dia";"Decrescente";"Garoa/Chuvisco";"Dupla";"Curva";"Não";2;0;2;0;0;0;2;1;-29,97223065;-51,17427256;"SPRF-RS";"DEL01-RS";"UOP01-DEL01-RS"
772302;2026-05-17;"domingo";"14:30:00";"RJ";116;190;"NOVA IGUACU";"Reação tardia ou ineficiente do condutor";"Colisão traseira";"Com Vítimas Feridas";"Pleno dia";"Decrescente";"Céu Claro";"Múltipla";"Reta";"Sim";4;0;3;1;0;0;4;2;-22,739886;-43,4960299;"SPRF-RJ";"DEL06-RJ";"UOP01-DEL06-RJ"
772303;2026-05-17;"domingo";"15:15:00";"RN";304;294;"MACAIBA";"Transitar no Acostamento";"Colisão com objeto";"Sem Vítimas";"Pleno dia";"Decrescente";"Céu Claro";"Dupla";"Reta";"Não";2;0;0;0;2;0;0;1;-5,8677683;-35,3704032;"SPRF-RN";"DEL01-RN";"UOP02-DEL01-RN"
772304;2026-05-17;"domingo";"14:30:00";"AL";101;242;"PORTO REAL DO COLEGIO";"Acesso irregular";"Colisão transversal";"Sem Vítimas";"Pleno dia";"Decrescente";"Nublado";"Dupla";"Curva;Declive";"Não";3;0;0;0;1;2;0;2;-10,150175;-36,808067;"SPRF-AL";"DEL02-AL";"UOP02-DEL02-AL"
772305;2026-05-17;"domingo";"14:05:00";"PE";104;125,4;"PANELAS";"Condutor deixou de manter distância do veículo da frente";"Colisão traseira";"Com Vítimas Feridas";"Pleno dia";"Crescente";"Chuva";"Simples";"Reta";"Não";3;0;2;0;1;0;2;2;-8,741027;-36,021938;"SPRF-PE";"DEL02-PE";"UOP01-DEL02-PE"
772307;2026-05-17;"domingo";"15:03:00";"GO";70;13;"AGUAS LINDAS DE GOIAS";"Condutor deixou de manter distância do veículo da frente";"Colisão traseira";"Com Vítimas Feridas";"Pleno dia";"Crescente";"Céu Claro";"Múltipla";"Reta";"Não";4;0;2;0;0;2;2;3;-15,746967;-48,320541;"SPRF-DF";"DEL03-DF";"UOP02-DEL03-DF"
772310;2026-05-17;"domingo";"02:15:00";"BA";420;346;"JAGUAQUARA";"Reação tardia ou ineficiente do condutor";"Saída de leito carroçável";"Com Vítimas Fatais";"Plena Noite";"Decrescente";"Ignorado";"Simples";"Curva";"Não";1;1;0;0;0;0;0;1;-13,509355;-40,004015;"SPRF-BA";"DEL03-BA";"UOP01-DEL03-BA"
772311;2026-05-09;"sábado";"22:50:00";"GO";40;17;"LUZIANIA";"Velocidade Incompatível";"Saída de leito carroçável";"Com Vítimas Feridas";"Plena Noite";"Decrescente";"Céu Claro";"Dupla";"Reta";"Sim";2;0;2;0;0;0;2;1;-16,1871961;-47,92814679;"SPRF-DF";"DEL01-DF";"UOP01-DEL01-DF"
772312;2026-05-17;"domingo";"16:15:00";"GO";60;88;"ANAPOLIS";"Acessar a via sem observar a presença dos outros veículos";"Colisão traseira";"Sem Vítimas";"Pleno dia";"Crescente";"Nublado";"Dupla";"Reta";"Não";7;0;0;0;6;1;0;3;-16,334018;-48,89269;"SPRF-GO";"DEL02-GO";"UOP01-DEL02-GO"
772313;2026-05-17;"domingo";"15:30:00";"SC";282;160,5;"BOM RETIRO";"Falta de elemento de contenção que evite a saída do leito carroçável";"Saída de leito carroçável";"Com Vítimas Feridas";"Pleno dia";"Decrescente";"Céu Claro";"Simples";"Aclive;Curva";"Não";4;0;1;0;3;0;1;1;-27,7324724;-49,758074;"SPRF-SC";"DEL05-SC";"UOP01-DEL05-SC"
772314;2026-05-17;"domingo";"14:14:00";"MS";262;108;"AGUA CLARA";"Velocidade Incompatível";"Saída de leito carroçável";"Sem Vítimas";"Pleno dia";"Crescente";"Chuva";"Simples";"Curva";"Não";1;0;0;0;0;1;0;1;-20,53677396;-52,56925535;"SPRF-MS";"DEL07-MS";"UOP02-DEL07-MS"
772316;2026-05-17;"domingo";"15:50:00";"DF";60;11,2;"BRASILIA";"Ingestão de álcool pelo condutor";"Colisão lateral mesmo sentido";"Com Vítimas Feridas";"Pleno dia";"Crescente";"Céu Claro";"Dupla";"Curva";"Sim";3;0;1;0;2;0;1;3;-15,91336;-48,12211;"SPRF-DF";"DEL03-DF";"UOP01-DEL03-DF"