"id";"data_inversa";"dia_semana";"horario";"uf";"br";"km";"municipio";"causa_acidente";"tipo_acidente";"classificacao_acidente";"fase_dia";"sentido_via";"condicao_metereologica";"tipo_pista";"tracado_via";"uso_solo";"pessoas";"mortos";"feridos_leves";"feridos_graves";"ilesos";"ignorados";"feridos";"veiculos";"latitude";"longitude";"regional";"delegacia";"uop"
772317;2026-05-17;"domingo";"16:43:00";"PB";101;99;"CONDE";"Demais falhas na via";"Tombamento";"Com Vítimas Feridas";"Pleno dia";"Decrescente";"Chuva";"Dupla";"Interseção de Vias";"Não";1;0;0;1;0;0;1;1;-7,259145;-34,9354;"SPRF-PB";"DEL01-PB";"UOP01-DEL01-PB"
772318;2026-05-17;"domingo";"16:00:00";"MG";40;636,5;"CONSELHEIRO LAFAIETE";"Curva acentuada";"Queda de ocupante de veículo";"Com Vítimas Feridas";"Pleno dia";"Decrescente";"Céu Claro";"Simples";"Curva";"Não";1;0;1;0;0;0;1;1;-20,7050278;-43,7925434;"SPRF-MG";"DEL05-MG";"UOP02-DEL05-MG"
772319;2026-05-17;"domingo";"15:40:00";"PR";376;624;"SAO JOSE DOS PINHAIS";"Frear bruscamente";"Colisão traseira";"Com Vítimas Feridas";"Pleno dia";"Crescente";"Nublado";"Dupla";"Reta";"Não";4;0;1;0;2;1;1;3;-25,65082;-49,157282;"SPRF-PR";"DEL01-PR";"UOP04-DEL01-PR"
772320;2026-05-17;"domingo";"16:20:00";"MG";116;592,7;"MANHUACU";"Reação tardia ou ineficiente do condutor";"Saída de leito carroçável";"Com Vítimas Feridas";"Pleno dia";"Crescente";"Céu Claro";"Simples";"Curva";"Não";1;0;1;0;0;0;1;1;-20,280663;-42,145467;"SPRF-MG";"DEL06-MG";"UOP03-DEL06-MG"
772321;2026-05-17;"domingo";"16:27:00";"PB";101;44;"MAMANGUAPE";"Avarias e/ou desgaste excessivo no pneu";"Tombamento";"Com Vítimas Feridas";"Pleno dia";"Decrescente";"Chuva";"Dupla";"Reta";"Não";2;0;2;0;0;0;2;1;-6,879159;-35,131678;"SPRF-PB";"DEL01-PB";"UOP03-DEL01-PB"
772322;2026-05-17;"domingo";"16:50:00";"PB";101;99;"CONDE";"Demais falhas na via";"Tombamento";"Com Vítimas Feridas";"Pleno dia";"Decrescente";"Garoa/Chuvisco";"Dupla";"Reta";"Não";2;0;2;0;0;0;2;1;-7,259145;-34,9354;"SPRF-PB";"DEL01-PB";"UOP01-DEL01-PB"
772325;2026-05-17;"domingo";"17:00:00";"PR";163;178;"LINDOESTE";"Reação tardia ou ineficiente do condutor";"Saída de leito carroçável";"Com Vítimas Feridas";"Pleno dia";"Decrescente";"Céu Claro";"Dupla";"Reta";"Não";7;0;1;0;6;0;1;1;-25,18307399;-53,6016965;"SPRF-PR";"DEL05-PR";"UOP05-DEL05-PR"
772326;2026-05-17;"domingo";"16:20:00";"PE";232;20;"MORENO";"Condutor deixou de manter distância do veículo da frente";"Colisão traseira";"Sem Vítimas";"Pleno dia";"Decrescente";"Céu Claro";"Dupla";"Reta";"Não";2;0;0;0;2;0;0;2;-8,09565;-35,07677;"SPRF-PE";"DEL01-PE";"UOP01-DEL01-PE"
772327;2026-05-17;"domingo";"16:46:00";"SP";116;170;"JACAREI";"Acessar a via sem observar a presença dos outros veículos";"Colisão traseira";"Com Vítimas Feridas";"Anoitecer";"Crescente";"Chuva";"Dupla";"Curva;Declive";"Não";3;0;0;1;2;0;1;2;-23,30771568;-46,05394158;"SPRF-SP";"DEL02-SP";"UOP01-DEL02-SP"
772328;2026-05-17;"domingo";"16:45:00";"PE";101;39,8;"IGARASSU";"Manobra de mudança de faixa";"Colisão traseira";"Com Vítimas Feridas";"Plena Noite";"Crescente";"Nublado";"Dupla";"Reta";"Sim";2;0;1;0;1;0;1;2;-7,819281;-34,917069;"SPRF-PE";"DEL01-PE";"UOP02-DEL01-PE"
772331;2026-05-17;"domingo";"17:44:00";"ES";101;185,8;"ARACRUZ";"Ausência de reação do condutor";"Colisão transversal";"Com Vítimas Fatais";"Pleno dia";"Crescente";"Céu Claro";"Simples";"Reta";"Não";7;1;4;1;1;0;5;2;-19,664321;-40,248032;"SPRF-ES";"DEL04-ES";"UOP01-DEL04-ES"
772332;2026-05-17;"domingo";"16:20:00";"MG";116;403,5;"GOVERNADOR VALADARES";"Demais falhas mecânicas ou elétricas";"Tombamento";"Com Vítimas Feridas";"Pleno dia";"Crescente";"Nublado";"Simples";"Reta";"Não";1;0;0;1;0;0;1;1;-18,796287;-41,989349;"SPRF-MG";"DEL06-MG";"UOP01-DEL06-MG"
772333;2026-05-17;"domingo";"17:45:00";"SC";101;327;"CAPIVARI DE BAIXO";"Manobra de mudança de faixa";"Colisão traseira";"Com Vítimas Feridas";"Plena Noite";"Decrescente";"Garoa/Chuvisco";"Simples";"Reta";"Sim";2;0;0;1;1;0;1;2;-28,4374167;-48,96015;"SPRF-SC";"DEL02-SC";"UOP01-DEL02-SC"
772334;2026-05-17;"domingo";"17:45:00";"MG";262;363,9;"JUATUBA";"Velocidade Incompatível";"Colisão com objeto";"Com Vítimas Feridas";"Pleno dia";"Crescente";"Céu Claro";"Dupla";"Reta";"Não";2;0;1;1;0;0;2;1;-19,958985;-44,339878;"SPRF-MG";"DEL01-MG";"UOP03-DEL01-MG"
772336;2026-05-17;"domingo";"17:20:00";"RS";290;16;"SANTO ANTONIO DA PATRULHA";"Velocidade Incompatível";"Colisão traseira";"Com Vítimas Feridas";"Anoitecer";"Decrescente";"Chuva";"Dupla";"Reta";"Não";2;0;1;0;1;0;1;2;-29,870967;-50,417551;"SPRF-RS";"DEL03-RS";"UOP01-DEL03-RS"
772337;2026-05-17;"domingo";"17:30:00";"SP";116;222,9;"GUARULHOS";"Mal súbito do condutor";"Colisão com objeto";"Com Vítimas Feridas";"Plena Noite";"Crescente";"Chuva";"Múltipla";"Reta";"Sim";2;0;1;0;0;1;1;2;-23,47921784;-46,52916527;"SPRF-SP";"DEL01-SP";"UOP01-DEL01-SP"
772338;2026-05-17;"domingo";"17:40:00";"SE";101;181;"SANTA LUZIA DO ITANHY";"Velocidade Incompatível";"Queda de ocupante de veículo";"Com Vítimas Feridas";"Anoitecer";"Crescente";"Céu Claro";"Simples";"Reta";"Não";2;0;1;0;0;1;1;1;-11,3573337;-37,6181194;"SPRF-SE";"DEL02-SE";"UOP03-DEL02-SE"
772339;2026-05-17;"domingo";"17:00:00";"SP";116;148,2;"SAO JOSE DOS CAMPOS";"Ausência de reação do condutor";"Engavetamento";"Com Vítimas Feridas";"Anoitecer";"Decrescente";"Chuva";"Dupla";"Reta";"Não";3;0;1;0;1;1;1;3;-23,19807761;-45,87611943;"SPRF-SP";"DEL02-SP";"UOP01-DEL02-SP"
772340;2026-05-17;"domingo";"17:30:00";"MG";40;646,9;"CRISTIANO OTONI";"Conversão proibida";"Colisão transversal";"Com Vítimas Feridas";"Anoitecer";"Decrescente";"Nublado";"Simples";"Reta";"Sim";10;0;3;0;7;0;3;2;-20,84935227;-43,79882634;"SPRF-MG";"DEL05-MG";"UOP02-DEL05-MG"
772341;2026-05-17;"domingo";"16:40:00";"CE";222;149,7;"IRAUCUBA";"Acessar a via sem observar a presença dos outros veículos";"Colisão transversal";"Com Vítimas Feridas";"Pleno dia";"Crescente";"Nublado";"Simples";"Interseção de Vias;Reta";"Sim";3;0;2;0;1;0;2;2;-3,746021;-39,792585;"SPRF-CE";"DEL04-CE";"UOP03-DEL04-CE"
772343;2026-05-17;"domingo";"18:10:00";"RJ";101;417,5;"MANGARATIBA";"Reação tardia ou ineficiente do condutor";"Colisão traseira";"Sem Vítimas";"Plena Noite";"Crescente";"Nublado";"Simples";"Reta;Aclive";"Não";2;0;0;0;2;0;0;2;-22,91964732;-43,92054498;"SPRF-RJ";"DEL03-RJ";"UOP02-DEL03-RJ"
772344;2026-05-17;"domingo";"17:30:00";"DF";60;16;"BRASILIA";"Afundamento ou ondulação no pavimento";"Queda de ocupante de veículo";"Com Vítimas Feridas";"Plena Noite";"Decrescente";"Céu Claro";"Dupla";"Declive";"Não";1;0;1;0;0;0;1;1;-15,961469;-48,178488;"SPRF-DF";"DEL03-DF";"UOP01-DEL03-DF"
772345;2026-05-17;"domingo";"18:50:00";"RS";287;0;"SANTA MARIA";"Pedestre - Ingestão de álcool/ substâncias psicoativas";"Atropelamento de Pedestre";"Com Vítimas Feridas";"Plena Noite";"Crescente";"Nublado";"Dupla";"Reta";"Sim";2;0;1;0;1;0;1;2;-29,70627692;-53,71619795;"SPRF-RS";"DEL09-RS";"UOP01-DEL09-RS"
772346;2026-05-17;"domingo";"17:20:00";"MG";116;524;"CARATINGA";"Desrespeitar a preferência no cruzamento";"Colisão transversal";"Com Vítimas Feridas";"Pleno dia";"Decrescente";"Céu Claro";"Simples";"Reta;Interseção de Vias";"Não";2;0;1;0;1;0;1;2;-19,7982626;-42,1376896;"SPRF-MG";"DEL06-MG";"UOP02-DEL06-MG"
772347;2026-05-17;"domingo";"18:50:00";"SP";116;288;"ITAPECERICA DA SERRA";"Reação tardia ou ineficiente do condutor";"Engavetamento";"Com Vítimas Feridas";"Plena Noite";"Decrescente";"Garoa/Chuvisco";"Dupla";"Reta";"Sim";5;0;2;0;3;0;2;3;-23,7099241;-46,87660217;"SPRF-SP";"DEL04-SP";"UOP01-DEL04-SP"
772348;2026-05-17;"domingo";"18:40:00";"MA";135;7;"SAO LUIS";"Ausência de reação do condutor";"Tombamento";"Com Vítimas Feridas";"Plena Noite";"Decrescente";"Céu Claro";"Dupla";"Reta";"Sim";1;0;1;0;0;0;1;1;-2,641555;-44,271846;"SPRF-MA";"DEL01-MA";"UOP01-DEL01-MA"
772349;2026-05-17;"domingo";"18:00:00";"MG";381;276,8;"JAGUARACU";"Condutor deixou de manter distância do veículo da frente";"Colisão traseira";"Com Vítimas Feridas";"Plena Noite";"Decrescente";"Céu Claro";"Simples";"Reta";"Não";2;0;1;0;1;0;1;2;-19,59295571;-42,73928102;"SPRF-MG";"DEL03-MG";"UOP02-DEL03-MG"
772351;2026-05-17;"domingo";"17:20:00";"MG";381;845;"SAO SEBASTIAO DA BELA VISTA";"Acumulo de água sobre o pavimento";"Saída de leito carroçável";"Com Vítimas Feridas";"Plena Noite";"Crescente";"Chuva";"Dupla";"Curva";"Não";1;0;1;0;0;0;1;1;-22,20147343;-45,85975729;"SPRF-MG";"DEL16-MG";"UOP01-DEL16-MG"
772352;2026-05-17;"domingo";"18:07:00";"RS";471;154,6;"SANTA CRUZ DO SUL";"Ingestão de álcool pelo condutor";"Colisão lateral sentido oposto";"Sem Vítimas";"Plena Noite";"Decrescente";"Nublado";"Simples";"Viaduto;Reta;Retorno Regulamentado";"Não";4;0;0;0;4;0;0;2;-29,81719763;-52,40334447;"SPRF-RS";"DEL02-RS";"UOP03-DEL02-RS"
772353;2026-05-17;"domingo";"18:40:00";"DF";80;22;"BRASILIA";"Reação tardia ou ineficiente do condutor";"Saída de leito carroçável";"Com Vítimas Feridas";"Plena Noite";"Decrescente";"Céu Claro";"Dupla";"Reta";"Sim";1;0;1;0;0;0;1;1;-15,654442;-48,202825;"SPRF-DF";"DEL03-DF";"UOP02-DEL03-DF"
772354;2026-05-17;"domingo";"19:15:00";"SP";116;214;"GUARULHOS";"Ingestão de álcool pelo condutor";"Colisão traseira";"Com Vítimas Feridas";"Plena Noite";"Crescente";"Chuva";"Dupla";"Declive;Reta";"Sim";7;0;4;0;3;0;4;2;-23,44528822;-46,45063555;"SPRF-SP";"DEL01-SP";"UOP01-DEL01-SP"
772355;2026-05-17;"domingo";"09:20:00";"SC";116;24;"ITAIOPOLIS";"Ingestão de álcool pelo condutor";"Saída de leito carroçável";"Sem Vítimas";"Pleno dia";"Decrescente";"Chuva";"Simples";"Reta";"Não";1;0;0;0;1;0;0;1;-26,2828;-49,9303;"SPRF-SC";"DEL06-SC";"UOP01-DEL06-SC"
772356;2026-05-17;"domingo";"18:50:00";"RS";290;181;"MINAS DO LEAO";"Ausência de reação do condutor";"Queda de ocupante de veículo";"Com Vítimas Feridas";"Plena Noite";"Crescente";"Nublado";"Simples";"Reta";"Não";2;0;1;0;0;1;1;2;-30,13911;-52,018813;"SPRF-RS";"DEL02-RS";"UOP03-DEL02-RS"
772357;2026-05-17;"domingo";"16:00:00";"MT";70;718;"CACERES";"Ultrapassagem Indevida";"Colisão frontal";"Com Vítimas Feridas";"Anoitecer";"Decrescente";"Nublado";"Simples";"Reta";"Não";4;0;1;0;3;0;1;2;-16,16571309;-57,6109314;"SPRF-MT";"DEL03-MT";"UOP01-DEL03-MT"
772358;2026-05-17;"domingo";"18:50:00";"SC";470;138;"RIO DO SUL";"Chuva";"Colisão com objeto";"Sem Vítimas";"Plena Noite";"Crescente";"Chuva";"Simples";"Reta;Ponte";"Sim";1;0;0;0;1;0;0;1;-27,19011681;-49,61951494;"SPRF-SC";"DEL04-SC";"UOP02-DEL04-SC"
772359;2026-05-17;"domingo";"18:30:00";"PB";230;259;"JUNCO DO SERIDO";"Ingestão de álcool pelo condutor";"Colisão lateral sentido oposto";"Com Vítimas Feridas";"Pleno dia";"Decrescente";"Céu Claro";"Simples";"Reta";"Sim";3;0;1;0;2;0;1;3;-6,991677;-36,714802;"SPRF-PB";"DEL03-PB";"UOP01-DEL03-PB"
772360;2026-05-17;"domingo";"19:40:00";"DF";20;22;"BRASILIA";"Ingestão de álcool pelo condutor";"Colisão transversal";"Sem Vítimas";"Plena Noite";"Decrescente";"Nublado";"Dupla";"Reta;Retorno Regulamentado;Em Obras";"Sim";2;0;0;0;2;0;0;2;-15,59820644;-47,66065478;"SPRF-DF";"DEL02-DF";"UOP01-DEL02-DF"
772361;2026-05-17;"domingo";"17:10:00";"RJ";0;0;"RIO DE JANEIRO";"Acesso irregular";"Colisão com objeto";"Sem Vítimas";"Anoitecer";"Não Informado";"Céu Claro";"Simples";"Reta";"Sim";3;0;0;0;3;0;0;1;-22,8339;-43,3237;"SPRF-RJ";"N/A";"N/A"
772362;2026-05-17;"domingo";"16:45:00";"RJ";116;313,2;"RESENDE";"Reação tardia ou ineficiente do condutor";"Colisão com objeto";"Com Vítimas Feridas";"Pleno dia";"Decrescente";"Nublado";"Dupla";"Reta";"Sim";2;0;2;0;0;0;2;1;-22,460057;-44,464005;"SPRF-RJ";"DEL07-RJ";"UOP02-DEL07-RJ"
772363;2026-05-17;"domingo";"19:55:00";"PE";104;64;"CARUARU";"Acessar a via sem observar a presença dos outros veículos";"Colisão lateral mesmo sentido";"Com Vítimas Feridas";"Plena Noite";"Decrescente";"Nublado";"Dupla";"Interseção de Vias";"Sim";3;0;1;0;2;0;1;2;-8,2695;-35,9807;"SPRF-PE";"DEL02-PE";"UOP01-DEL02-PE"
772364;2026-05-17;"domingo";"15:29:00";"MG";365;494;"PATROCINIO";"Reação tardia ou ineficiente do condutor";"Tombamento";"Com Vítimas Feridas";"Pleno dia";"Decrescente";"Nublado";"Simples";"Reta";"Não";1;0;1;0;0;0;1;1;-18,90733;-47,17959;"SPRF-MG";"DEL10-MG";"UOP01-DEL10-MG"
772366;2026-05-17;"domingo";"19:40:00";"RN";405;2;"MOSSORO";"Ausência de reação do condutor";"Atropelamento de Pedestre";"Com Vítimas Feridas";"Plena Noite";"Crescente";"Céu Claro";"Dupla";"Reta";"Sim";2;0;0;2;0;0;2;2;-5,19252008;-37,36684218;"SPRF-RN";"DEL04-RN";"UOP02-DEL04-RN"
772369;2026-05-17;"domingo";"20:00:00";"RS";386;306;"POUSO NOVO";"Transitar na contramão";"Colisão frontal";"Com Vítimas Feridas";"Plena Noite";"Decrescente";"Chuva";"Simples";"Curva;Aclive";"Não";4;0;3;1;0;0;4;2;-29,18295756;-52,19241589;"SPRF-RS";"DEL04-RS";"UOP01-DEL04-RS"
772370;2026-05-17;"domingo";"19:20:00";"PR";153;359,2;"RIO AZUL";"Ingestão de álcool pelo condutor";"Saída de leito carroçável";"Com Vítimas Feridas";"Plena Noite";"Decrescente";"Chuva";"Simples";"Curva";"Não";1;0;1;0;0;0;1;1;-25,72042583;-50,79357147;"SPRF-PR";"DEL08-PR";"UOP02-DEL08-PR"
772371;2026-05-17;"domingo";"17:45:00";"MG";116;467;"TARUMIRIM";"Demais falhas mecânicas ou elétricas";"Tombamento";"Com Vítimas Feridas";"Plena Noite";"Decrescente";"Céu Claro";"Simples";"Reta";"Não";2;0;2;0;0;0;2;1;-19,28684108;-42,07351685;"SPRF-MG";"DEL06-MG";"UOP02-DEL06-MG"
772372;2026-05-17;"domingo";"20:00:00";"RS";392;693,3;"ROQUE GONZALES";"Transitar na contramão";"Colisão frontal";"Com Vítimas Fatais";"Plena Noite";"Decrescente";"Nublado";"Simples";"Curva";"Não";3;1;0;2;0;0;2;2;-28,10681198;-55,02742767;"SPRF-RS";"DEL10-RS";"UOP01-DEL10-RS"
772373;2026-05-17;"domingo";"20:30:00";"SC";282;5,4;"SAO JOSE";"Reação tardia ou ineficiente do condutor";"Tombamento";"Com Vítimas Feridas";"Plena Noite";"Decrescente";"Garoa/Chuvisco";"Múltipla";"Curva";"Não";1;0;1;0;0;0;1;1;-27,584591;-48,6172305;"SPRF-SC";"DEL01-SC";"UOP01-DEL01-SC"
772374;2026-05-17;"domingo";"18:36:00";"MS";163;591,2;"BANDEIRANTES";"Reação tardia ou ineficiente do condutor";"Colisão traseira";"Com Vítimas Feridas";"Plena Noite";"Crescente";"Chuva";"Dupla";"Reta";"Não";8;0;2;0;6;0;2;2;-19,5550293;-54,42982761;"SPRF-MS";"DEL06-MS";"UOP02-DEL06-MS"
772375;2026-05-17;"domingo";"19:10:00";"MG";381;946,4;"EXTREMA";"Ingestão de álcool pelo condutor";"Colisão com objeto";"Sem Vítimas";"Plena Noite";"Crescente";"Chuva";"Dupla";"Ponte;Declive;Reta";"Não";1;0;0;0;0;1;0;1;-22,86211852;-46,34457743;"SPRF-MG";"DEL16-MG";"UOP03-DEL16-MG"
772376;2026-05-05;"terça-feira";"01:20:00";"ES";101;458,8;"MIMOSO DO SUL";"Demais falhas mecânicas ou elétricas";"Incêndio";"Sem Vítimas";"Plena Noite";"Decrescente";"Céu Claro";"Simples";"Reta;Aclive";"Não";33;0;0;0;33;0;0;1;-21,20880482;-41,2986063;"SPRF-ES";"DEL03-ES";"UOP02-DEL03-ES"
772377;2026-05-17;"domingo";"19:00:00";"MS";463;1;"DOURADOS";"Ausência de reação do condutor";"Colisão frontal";"Com Vítimas Fatais";"Plena Noite";"Crescente";"Garoa/Chuvisco";"Simples";"Reta";"Sim";4;1;0;3;0;0;3;2;-22,25903542;-54,80679389;"SPRF-MS";"DEL04-MS";"UOP01-DEL04-MS"
772378;2026-05-17;"domingo";"18:17:00";"PI";316;53;"MONSENHOR GIL";"Animais na Pista";"Atropelamento de Animal";"Com Vítimas Feridas";"Plena Noite";"Crescente";"Céu Claro";"Simples";"Curva";"Não";7;0;1;0;6;0;1;3;-5,52335436;-42,63973475;"SPRF-PI";"DEL01-PI";"UOP02-DEL01-PI"
772379;2026-05-17;"domingo";"18:40:00";"MG";153;172,8;"COMENDADOR GOMES";"Ingestão de álcool pelo condutor";"Saída de leito carroçável";"Com Vítimas Feridas";"Plena Noite";"Decrescente";"Nublado";"Dupla";"Curva";"Não";3;0;2;1;0;0;3;1;-19,731675;-48,973033;"SPRF-MG";"DEL13-MG";"UOP02-DEL13-MG"
772380;2026-05-17;"domingo";"18:20:00";"RJ";493;6;"ITABORAI";"Objeto estático sobre o leito carroçável";"Colisão com objeto";"Com Vítimas Feridas";"Plena Noite";"Crescente";"Céu Claro";"Dupla";"Reta";"Não";1;0;0;1;0;0;1;1;-22,73788;-42,95364;"SPRF-RJ";"DEL02-RJ";"UOP02-DEL02-RJ"
772381;2026-05-17;"domingo";"20:50:00";"PR";277;1,1;"PARANAGUA";"Animais na Pista";"Atropelamento de Animal";"Com Vítimas Feridas";"Plena Noite";"Crescente";"Nublado";"Simples";"Reta";"Sim";1;0;1;0;0;0;1;1;-25,513404;-48,535293;"SPRF-PR";"DEL01-PR";"UOP05-DEL01-PR"
772382;2026-02-20;"sexta-feira";"13:35:00";"MG";262;0,5;"MARTINS SOARES";"Acesso irregular";"Colisão transversal";"Com Vítimas Feridas";"Pleno dia";"Crescente";"Céu Claro";"Simples";"Declive;Reta";"Não";2;0;0;1;1;0;1;2;-20,25286332;-41,78566933;"SPRF-MG";"DEL06-MG";"UOP03-DEL06-MG"
772383;2026-05-17;"domingo";"20:00:00";"MG";267;281;"AIURUOCA";"Velocidade Incompatível";"Colisão frontal";"Com Vítimas Fatais";"Plena Noite";"Decrescente";"Chuva";"Simples";"Curva";"Não";3;1;1;0;1;0;1;2;-21,924653;-44,732753;"SPRF-MG";"DEL17-MG";"UOP01-DEL17-MG"
772385;2026-05-17;"domingo";"17:10:00";"RS";472;589;"ITAQUI";"Ingestão de álcool pelo condutor";"Saída de leito carroçável";"Com Vítimas Feridas";"Pleno dia";"Decrescente";"Céu Claro";"Simples";"Reta";"Sim";1;0;1;0;0;0;1;1;-29,16431144;-56,51074737;"SPRF-RS";"DEL13-RS";"UOP01-DEL13-RS"
772386;2026-05-17;"domingo";"19:47:00";"DF";60;2,5;"BRASILIA";"Acessar a via sem observar a presença dos outros veículos";"Colisão lateral mesmo sentido";"Com Vítimas Feridas";"Plena Noite";"Decrescente";"Céu Claro";"Dupla";"Retorno Regulamentado";"Sim";2;0;1;0;1;0;1;2;-15,888163;-48,080893;"SPRF-DF";"DEL03-DF";"UOP01-DEL03-DF"
772388;2026-05-17;"domingo";"20:15:00";"SC";101;90,5;"BARRA VELHA";"Animais na Pista";"Atropelamento de Animal";"Com Vítimas Feridas";"Plena Noite";"Crescente";"Nublado";"Dupla";"Reta";"Sim";1;0;1;0;0;0;1;1;-26,673114;-48,690617;"SPRF-SC";"DEL03-SC";"UOP02-DEL03-SC"
772390;2026-05-17;"domingo";"21:20:00";"PA";316;38;"SANTA IZABEL DO PARA";"Acessar a via sem observar a presença dos outros veículos";"Colisão lateral mesmo sentido";"Com Vítimas Feridas";"Plena Noite";"Crescente";"Céu Claro";"Dupla";"Reta";"Não";2;0;0;1;0;1;1;2;-1,282583;-48,136677;"SPRF-PA";"DEL01-PA";"UOP01-DEL01-PA"
772392;2026-05-17;"domingo";"20:10:00";"RS";116;248;"SAO LEOPOLDO";"Pista Escorregadia";"Colisão lateral mesmo sentido";"Com Vítimas Feridas";"Plena Noite";"Decrescente";"Chuva";"Múltipla";"Curva";"Sim";3;0;1;0;2;0;1;2;-29,77678631;-51,15529267;"SPRF-RS";"DEL01-RS";"UOP02-DEL01-RS"
772393;2026-05-17;"domingo";"20:12:00";"RS";290;153;"ARROIO DOS RATOS";"Demais falhas mecânicas ou elétricas";"Incêndio";"Sem Vítimas";"Plena Noite";"Decrescente";"Garoa/Chuvisco";"Simples";"Reta;Interseção de Vias";"Sim";1;0;0;0;1;0;0;1;-30,10684873;-51,74336314;"SPRF-RS";"DEL02-RS";"UOP01-DEL02-RS"
772394;2026-05-17;"domingo";"20:30:00";"SC";470;55,2;"BLUMENAU";"Transitar na contramão";"Colisão frontal";"Com Vítimas Feridas";"Plena Noite";"Crescente";"Chuva";"Simples";"Reta;Em Obras";"Sim";6;0;2;0;4;0;2;2;-26,87623;-49,1199;"SPRF-SC";"DEL04-SC";"UOP01-DEL04-SC"
772395;2026-05-17;"domingo";"21:33:00";"RN";101;137;"ARES";"Animais na Pista";"Atropelamento de Animal";"Com Vítimas Feridas";"Plena Noite";"Crescente";"Céu Claro";"Dupla";"Declive";"Não";2;0;0;1;1;0;1;1;-6,1827783;-35,2161683;"SPRF-RN";"DEL01-RN";"UOP01-DEL01-RN"
772396;2026-05-17;"domingo";"17:45:00";"ES";259;19;"JOAO NEIVA";"Reação tardia ou ineficiente do condutor";"Tombamento";"Sem Vítimas";"Pleno dia";"Crescente";"Nublado";"Simples";"Reta";"Não";1;0;0;0;0;1;0;1;-19,658263;-40,458184;"SPRF-ES";"DEL02-ES";"UOP01-DEL02-ES"
772397;2026-05-17;"domingo";"20:00:00";"RJ";116;195;"QUEIMADOS";"Condutor deixou de manter distância do veículo da frente";"Colisão lateral mesmo sentido";"Com Vítimas Feridas";"Plena Noite";"Decrescente";"Nublado";"Dupla";"Curva";"Sim";7;0;2;0;5;0;2;2;-22,735712;-43,550101;"SPRF-RJ";"DEL06-RJ";"UOP01-DEL06-RJ"
772398;2026-05-17;"domingo";"17:00:00";"MG";116;650,2;"FERVEDOURO";"Desrespeitar a preferência no cruzamento";"Colisão transversal";"Com Vítimas Feridas";"Anoitecer";"Crescente";"Nublado";"Simples";"Interseção de Vias;Reta";"Sim";2;0;1;0;1;0;1;2;-20,72458845;-42,28019714;"SPRF-MG";"DEL07-MG";"UOP02-DEL07-MG"
772400;2026-05-17;"domingo";"21:40:00";"SC";280;67;"JARAGUA DO SUL";"Acessar a via sem observar a presença dos outros veículos";"Colisão transversal";"Com Vítimas Feridas";"Plena Noite";"Crescente";"Chuva";"Simples";"Reta";"Sim";2;0;1;1;0;0;2;2;-26,47547534;-49,10695402;"SPRF-SC";"DEL03-SC";"UOP03-DEL03-SC"
772404;2026-05-17;"domingo";"20:20:00";"MG";40;96,9;"LAGOA GRANDE";"Animais na Pista";"Atropelamento de Animal";"Com Vítimas Feridas";"Plena Noite";"Crescente";"Céu Claro";"Simples";"Reta";"Não";4;0;2;0;2;0;2;1;-17,61915494;-46,46518231;"SPRF-MG";"DEL14-MG";"UOP01-DEL14-MG"
772405;2026-05-17;"domingo";"21:58:00";"RN";110;48;"MOSSORO";"Ingestão de álcool pelo condutor";"Colisão transversal";"Sem Vítimas";"Plena Noite";"Decrescente";"Céu Claro";"Dupla";"Reta";"Sim";2;0;0;0;2;0;0;2;-5,211828;-37,33205;"SPRF-RN";"DEL04-RN";"UOP01-DEL04-RN"
772407;2026-05-17;"domingo";"22:00:00";"SC";101;31;"SAO JOSE";"Pista Escorregadia";"Queda de ocupante de veículo";"Com Vítimas Feridas";"Plena Noite";"Crescente";"Céu Claro";"Simples";"Interseção de Vias";"Não";1;0;1;0;0;0;1;1;-27,58651;-48,69548;"SPRF-SC";"DEL01-SC";"UOP02-DEL01-SC"
772408;2026-05-17;"domingo";"16:30:00";"BA";242;226;"ITABERABA";"Acessar a via sem observar a presença dos outros veículos";"Colisão transversal";"Com Vítimas Feridas";"Pleno dia";"Decrescente";"Sol";"Simples";"Reta;Rotatória";"Sim";6;0;1;0;5;0;1;2;-12,51845249;-40,28317451;"SPRF-BA";"DEL06-BA";"UOP02-DEL06-BA"
772410;2026-05-17;"domingo";"22:00:00";"BA";101;108;"ALAGOINHAS";"Transitar na contramão";"Colisão lateral sentido oposto";"Com Vítimas Feridas";"Plena Noite";"Crescente";"Céu Claro";"Simples";"Reta";"Não";2;0;0;1;0;1;1;2;-12,142216;-38,391793;"SPRF-BA";"DEL01-BA";"UOP04-DEL01-BA"
772411;2026-05-17;"domingo";"22:00:00";"PR";277;609,8;"SANTA TEREZA DO OESTE";"Ingestão de álcool pelo condutor";"Saída de leito carroçável";"Sem Vítimas";"Plena Noite";"Decrescente";"Nublado";"Simples";"Reta";"Sim";2;0;0;0;2;0;0;1;-25,04275622;-53,60444991;"SPRF-PR";"DEL05-PR";"UOP02-DEL05-PR"
772412;2026-05-17;"domingo";"22:15:00";"PR";369;420,2;"UBIRATA";"Reação tardia ou ineficiente do condutor";"Saída de leito carroçável";"Com Vítimas Feridas";"Plena Noite";"Decrescente";"Nublado";"Simples";"Reta";"Não";4;0;1;0;2;1;1;2;-24,49653;-52,9048367;"SPRF-PR";"DEL04-PR";"UOP03-DEL04-PR"