"id";"data_inversa";"dia_semana";"horario";"uf";"br";"km";"municipio";"causa_acidente";"tipo_acidente";"classificacao_acidente";"fase_dia";"sentido_via";"condicao_metereologica";"tipo_pista";"tracado_via";"uso_solo";"pessoas";"mortos";"feridos_leves";"feridos_graves";"ilesos";"ignorados";"feridos";"veiculos";"latitude";"longitude";"regional";"delegacia";"uop"
772414;2026-05-17;"domingo";"18:05:00";"PB";230;253,2;"JUAZEIRINHO";"Transitar na contramão";"Colisão frontal";"Com Vítimas Fatais";"Plena Noite";"Crescente";"Céu Claro";"Simples";"Reta;Em Obras";"Não";2;1;0;0;1;0;0;2;-7,023643;-36,669663;"SPRF-PB";"DEL03-PB";"UOP01-DEL03-PB"
772416;2026-05-17;"domingo";"22:40:00";"SP";101;39;"UBATUBA";"Ausência de reação do condutor";"Colisão com objeto";"Com Vítimas Feridas";"Plena Noite";"Crescente";"Chuva";"Simples";"Reta";"Não";4;0;1;0;3;0;1;1;-23,419582;-45,040775;"SPRF-SP";"DEL06-SP";"UOP01-DEL06-SP"
772418;2026-05-17;"domingo";"22:15:00";"RJ";393;285,3;"VOLTA REDONDA";"Entrada inopinada do pedestre";"Atropelamento de Pedestre";"Com Vítimas Feridas";"Plena Noite";"Crescente";"Nublado";"Simples";"Interseção de Vias";"Sim";4;0;1;0;3;0;1;2;-22,502079;-44,072787;"SPRF-RJ";"DEL05-RJ";"UOP04-DEL05-RJ"
772419;2026-05-17;"domingo";"20:55:00";"SC";163;116,7;"DIONISIO CERQUEIRA";"Transitar na contramão";"Colisão frontal";"Com Vítimas Feridas";"Plena Noite";"Crescente";"Garoa/Chuvisco";"Simples";"Reta";"Não";3;0;0;1;2;0;1;2;-26,35642897;-53,54027923;"SPRF-SC";"DEL07-SC";"UOP03-DEL07-SC"
772420;2026-05-17;"domingo";"17:40:00";"MT";70;731;"CACERES";"Ausência de reação do condutor";"Colisão traseira";"Com Vítimas Feridas";"Anoitecer";"Crescente";"Garoa/Chuvisco";"Simples";"Reta";"Sim";3;0;3;0;0;0;3;2;-16,096;-57,6787;"SPRF-MT";"DEL03-MT";"UOP01-DEL03-MT"
772421;2026-05-17;"domingo";"22:30:00";"PE";232;6,9;"RECIFE";"Chuva";"Queda de ocupante de veículo";"Com Vítimas Feridas";"Plena Noite";"Decrescente";"Chuva";"Dupla";"Reta";"Não";1;0;1;0;0;0;1;1;-8,07489;-34,9662;"SPRF-PE";"DEL01-PE";"UOP01-DEL01-PE"
772422;2026-05-17;"domingo";"22:10:00";"PR";277;114;"CAMPO LARGO";"Reação tardia ou ineficiente do condutor";"Colisão com objeto";"Sem Vítimas";"Plena Noite";"Decrescente";"Nublado";"Dupla";"Reta;Aclive";"Sim";1;0;0;0;0;1;0;1;-25,431251;-49,425574;"SPRF-PR";"DEL01-PR";"UOP07-DEL01-PR"
772424;2026-05-17;"domingo";"16:30:00";"SP";381;3;"VARGEM";"Ausência de reação do condutor";"Saída de leito carroçável";"Sem Vítimas";"Pleno dia";"Decrescente";"Nublado";"Dupla";"Curva";"Não";1;0;0;0;1;0;0;1;-22,90629;-46,42324;"SPRF-SP";"DEL03-SP";"UOP02-DEL03-SP"
772426;2026-05-18;"segunda-feira";"00:00:00";"RJ";116;232;"PIRAI";"Chuva";"Tombamento";"Com Vítimas Feridas";"Plena Noite";"Decrescente";"Chuva";"Dupla";"Declive;Curva";"Não";2;0;2;0;0;0;2;1;-22,66787787;-43,83909702;"SPRF-RJ";"DEL07-RJ";"UOP01-DEL07-RJ"
772428;2026-05-18;"segunda-feira";"00:30:00";"SC";101;201,4;"SAO JOSE";"Estacionar ou parar em local proibido";"Colisão traseira";"Com Vítimas Feridas";"Plena Noite";"Decrescente";"Chuva";"Múltipla";"Reta";"Sim";2;0;1;0;1;0;1;2;-27,55227;-48,61939;"SPRF-SC";"DEL01-SC";"UOP01-DEL01-SC"
772430;2026-05-18;"segunda-feira";"00:22:00";"SC";101;208;"SAO JOSE";"Ausência de reação do condutor";"Queda de ocupante de veículo";"Com Vítimas Feridas";"Plena Noite";"Decrescente";"Garoa/Chuvisco";"Dupla";"Reta;Interseção de Vias";"Sim";1;0;1;0;0;0;1;1;-27,60468;-48,63301;"SPRF-SC";"DEL01-SC";"UOP01-DEL01-SC"
772431;2026-05-17;"domingo";"23:15:00";"SP";116;111;"TAUBATE";"Ausência de reação do condutor";"Colisão com objeto";"Com Vítimas Feridas";"Plena Noite";"Crescente";"Nublado";"Dupla";"Reta";"Não";1;0;1;0;0;0;1;1;-23,03699008;-45,55726297;"SPRF-SP";"DEL02-SP";"UOP02-DEL02-SP"
772432;2026-05-18;"segunda-feira";"00:20:00";"MG";146;469;"BANDEIRA DO SUL";"Velocidade Incompatível";"Capotamento";"Sem Vítimas";"Plena Noite";"Decrescente";"Garoa/Chuvisco";"Simples";"Curva";"Não";1;0;0;0;0;1;0;1;-21,713771;-46,421676;"SPRF-MG";"DEL09-MG";"UOP01-DEL09-MG"
772433;2026-05-18;"segunda-feira";"01:15:00";"SP";116;220;"GUARULHOS";"Transitar no Acostamento";"Colisão traseira";"Sem Vítimas";"Plena Noite";"Crescente";"Nublado";"Múltipla";"Reta";"Sim";2;0;0;0;2;0;0;2;-23,46773796;-46,50760726;"SPRF-SP";"DEL01-SP";"UOP01-DEL01-SP"
772434;2026-05-18;"segunda-feira";"01:00:00";"SC";101;224,4;"PALHOCA";"Ingestão de álcool pelo condutor";"Colisão lateral mesmo sentido";"Com Vítimas Feridas";"Plena Noite";"Crescente";"Garoa/Chuvisco";"Dupla";"Reta";"Não";2;0;1;0;1;0;1;2;-27,72651;-48,64316;"SPRF-SC";"DEL01-SC";"UOP02-DEL01-SC"
772435;2026-05-18;"segunda-feira";"00:00:00";"MG";262;494,1;"LUZ";"Ingestão de álcool pelo condutor";"Saída de leito carroçável";"Com Vítimas Feridas";"Plena Noite";"Decrescente";"Céu Claro";"Simples";"Reta";"Não";1;0;1;0;0;0;1;1;-19,77198;-45,48261;"SPRF-MG";"DEL08-MG";"UOP03-DEL08-MG"
772436;2026-05-18;"segunda-feira";"02:30:00";"SE";101;93,4;"NOSSA SENHORA DO SOCORRO";"Animais na Pista";"Colisão com objeto";"Com Vítimas Feridas";"Plena Noite";"Crescente";"Nublado";"Dupla";"Rotatória;Curva";"Sim";5;0;3;0;2;0;3;1;-10,9047231;-37,1490123;"SPRF-SE";"DEL01-SE";"UOP01-DEL01-SE"
772437;2026-05-18;"segunda-feira";"00:55:00";"MG";116;457,7;"ENGENHEIRO CALDAS";"Pedestre andava na pista";"Atropelamento de Pedestre";"Com Vítimas Feridas";"Plena Noite";"Decrescente";"Céu Claro";"Simples";"Reta";"Não";2;0;0;1;0;1;1;2;-19,20564183;-42,04534918;"SPRF-MG";"DEL06-MG";"UOP02-DEL06-MG"
772438;2026-05-18;"segunda-feira";"03:32:00";"SC";101;214,7;"PALHOCA";"Ingestão de álcool pelo condutor";"Colisão com objeto";"Sem Vítimas";"Plena Noite";"Crescente";"Nublado";"Simples";"Reta;Interseção de Vias";"Sim";1;0;0;0;1;0;0;1;-27,64981;-48,67473;"SPRF-SC";"DEL01-SC";"UOP02-DEL01-SC"
772439;2026-05-18;"segunda-feira";"04:50:00";"RS";392;114,5;"CANGUCU";"Transitar na contramão";"Colisão lateral sentido oposto";"Com Vítimas Fatais";"Plena Noite";"Crescente";"Céu Claro";"Simples";"Reta;Ponte";"Não";3;1;0;0;0;2;0;3;-31,42836459;-52,65882969;"SPRF-RS";"DEL07-RS";"UOP01-DEL07-RS"
772441;2026-05-18;"segunda-feira";"06:20:00";"RJ";101;313,9;"SAO GONCALO";"Ausência de reação do condutor";"Colisão traseira";"Com Vítimas Feridas";"Pleno dia";"Crescente";"Céu Claro";"Dupla";"Reta";"Sim";6;0;4;0;2;0;4;4;-22,83608911;-43,09489868;"SPRF-RJ";"DEL02-RJ";"UOP02-DEL02-RJ"
772443;2026-05-18;"segunda-feira";"05:56:00";"PE";232;7,6;"RECIFE";"Transitar na contramão";"Colisão frontal";"Com Vítimas Feridas";"Pleno dia";"Crescente";"Céu Claro";"Dupla";"Reta";"Sim";2;0;0;1;1;0;1;2;-8,07455234;-34,9664983;"SPRF-PE";"DEL01-PE";"UOP01-DEL01-PE"
772444;2026-05-18;"segunda-feira";"05:30:00";"MG";262;805,9;"UBERABA";"Animais na Pista";"Atropelamento de Animal";"Com Vítimas Feridas";"Amanhecer";"Decrescente";"Céu Claro";"Dupla";"Reta;Declive";"Não";3;0;2;0;0;1;2;2;-19,75958;-48,02994;"SPRF-MG";"DEL13-MG";"UOP01-DEL13-MG"
772445;2026-05-17;"domingo";"18:20:00";"PE";110;259;"JATOBA";"Acessar a via sem observar a presença dos outros veículos";"Colisão transversal";"Com Vítimas Feridas";"Plena Noite";"Decrescente";"Céu Claro";"Simples";"Reta";"Não";2;0;0;1;1;0;1;2;-9,28912712;-38,2067248;"SPRF-BA";"DEL07-BA";"UOP01-DEL07-BA"
772447;2026-05-18;"segunda-feira";"06:50:00";"RJ";101;317;"SAO GONCALO";"Ausência de reação do condutor";"Colisão lateral mesmo sentido";"Com Vítimas Feridas";"Pleno dia";"Decrescente";"Nublado";"Múltipla";"Reta";"Sim";4;0;1;0;3;0;1;2;-22,83541948;-43,09454665;"SPRF-RJ";"DEL02-RJ";"UOP02-DEL02-RJ"
772450;2026-05-18;"segunda-feira";"06:35:00";"PI";343;331;"TERESINA";"Condutor deixou de manter distância do veículo da frente";"Colisão traseira";"Sem Vítimas";"Pleno dia";"Decrescente";"Céu Claro";"Simples";"Reta";"Não";2;0;0;0;2;0;0;2;-5,0590383;-42,66258208;"SPRF-PI";"DEL01-PI";"UOP01-DEL01-PI"
772451;2026-05-18;"segunda-feira";"06:30:00";"SP";116;282;"EMBU DAS ARTES";"Manobra de mudança de faixa";"Colisão lateral mesmo sentido";"Com Vítimas Feridas";"Amanhecer";"Decrescente";"Nublado";"Dupla";"Reta";"Sim";2;0;1;0;1;0;1;2;-23,66088494;-46,85190274;"SPRF-SP";"DEL04-SP";"UOP01-DEL04-SP"
772452;2026-05-18;"segunda-feira";"06:00:00";"SP";116;207;"GUARULHOS";"Ingestão de álcool pelo condutor";"Colisão traseira";"Com Vítimas Feridas";"Pleno dia";"Decrescente";"Nublado";"Múltipla";"Reta";"Sim";2;0;1;0;1;0;1;2;-23,421211;-46,38931;"SPRF-SP";"DEL01-SP";"UOP01-DEL01-SP"
772453;2026-05-18;"segunda-feira";"06:45:00";"MG";146;476;"BANDEIRA DO SUL";"Acessar a via sem observar a presença dos outros veículos";"Colisão transversal";"Com Vítimas Feridas";"Amanhecer";"Decrescente";"Nevoeiro/Neblina";"Simples";"Interseção de Vias;Reta";"Não";2;0;1;0;1;0;1;2;-21,74533017;-46,40411174;"SPRF-MG";"DEL09-MG";"UOP01-DEL09-MG"
772454;2026-05-18;"segunda-feira";"06:30:00";"CE";222;221;"SOBRAL";"Animais na Pista";"Atropelamento de Animal";"Com Vítimas Feridas";"Pleno dia";"Crescente";"Céu Claro";"Simples";"Curva";"Sim";2;0;2;0;0;0;2;1;-3,720009;-40,33107;"SPRF-CE";"DEL04-CE";"UOP01-DEL04-CE"
772455;2026-05-18;"segunda-feira";"06:45:00";"MG";381;501;"BETIM";"Reação tardia ou ineficiente do condutor";"Colisão com objeto";"Com Vítimas Feridas";"Pleno dia";"Decrescente";"Céu Claro";"Dupla";"Reta";"Sim";3;0;0;1;2;0;1;3;-20,00965;-44,217727;"SPRF-MG";"DEL01-MG";"UOP03-DEL01-MG"
772458;2026-05-18;"segunda-feira";"05:40:00";"GO";60;36,8;"ALEXANIA";"Ausência de reação do condutor";"Saída de leito carroçável";"Com Vítimas Feridas";"Pleno dia";"Decrescente";"Céu Claro";"Dupla";"Curva";"Não";1;0;0;1;0;0;1;1;-16,113878;-48,544102;"SPRF-DF";"DEL03-DF";"UOP01-DEL03-DF"
772460;2026-05-18;"segunda-feira";"06:30:00";"SP";116;220;"GUARULHOS";"Reação tardia ou ineficiente do condutor";"Engavetamento";"Com Vítimas Feridas";"Pleno dia";"Crescente";"Nublado";"Múltipla";"Reta";"Não";3;0;2;0;1;0;2;3;-23,46489929;-46,49914789;"SPRF-SP";"DEL01-SP";"UOP01-DEL01-SP"
772462;2026-05-18;"segunda-feira";"06:20:00";"SP";153;61;"SAO JOSE DO RIO PRETO";"Acumulo de óleo sobre o pavimento";"Tombamento";"Com Vítimas Feridas";"Amanhecer";"Crescente";"Céu Claro";"Dupla";"Curva";"Sim";1;0;1;0;0;0;1;1;-20,80354012;-49,35610056;"SPRF-SP";"DEL09-SP";"UOP01-DEL09-SP"
772463;2026-05-18;"segunda-feira";"06:40:00";"SC";280;169;"MAFRA";"Reação tardia ou ineficiente do condutor";"Colisão com objeto";"Com Vítimas Feridas";"Pleno dia";"Decrescente";"Chuva";"Dupla";"Retorno Regulamentado;Reta;Aclive";"Sim";4;0;3;0;1;0;3;1;-26,1460985;-49,8139132;"SPRF-SC";"DEL06-SC";"UOP01-DEL06-SC"
772464;2026-05-17;"domingo";"12:03:00";"BA";324;517;"FEIRA DE SANTANA";"Acessar a via sem observar a presença dos outros veículos";"Colisão transversal";"Com Vítimas Feridas";"Pleno dia";"Crescente";"Céu Claro";"Simples";"Reta;Interseção de Vias";"Sim";2;0;0;1;1;0;1;2;-12,24904178;-38,93339809;"SPRF-BA";"DEL02-BA";"UOP01-DEL02-BA"
772465;2026-05-18;"segunda-feira";"07:10:00";"SP";116;158;"JACAREI";"Ausência de reação do condutor";"Queda de ocupante de veículo";"Com Vítimas Feridas";"Pleno dia";"Decrescente";"Nublado";"Simples";"Curva";"Não";1;0;1;0;0;0;1;1;-23,25953653;-45,95043182;"SPRF-SP";"DEL02-SP";"UOP01-DEL02-SP"
772466;2026-05-18;"segunda-feira";"07:15:00";"RS";285;570;"SAO LUIZ GONZAGA";"Ausência de reação do condutor";"Colisão traseira";"Com Vítimas Feridas";"Pleno dia";"Decrescente";"Sol";"Simples";"Reta";"Sim";2;0;1;0;1;0;1;2;-28,41422;-54,975791;"SPRF-RS";"DEL12-RS";"UOP01-DEL12-RS"
772469;2026-05-18;"segunda-feira";"07:45:00";"DF";251;54;"BRASILIA";"Ausência de reação do condutor";"Saída de leito carroçável";"Com Vítimas Feridas";"Pleno dia";"Decrescente";"Céu Claro";"Dupla";"Reta";"Não";1;0;1;0;0;0;1;1;-15,97060568;-47,89006234;"SPRF-DF";"DEL01-DF";"UOP01-DEL01-DF"
772470;2026-04-08;"quarta-feira";"21:00:00";"PB";230;503;"CAJAZEIRAS";"Ausência de reação do condutor";"Queda de ocupante de veículo";"Com Vítimas Feridas";"Plena Noite";"Crescente";"Céu Claro";"Simples";"Reta";"Sim";1;0;1;0;0;0;1;1;-6,896855;-38,545427;"SPRF-PB";"DEL03-PB";"UOP03-DEL03-PB"
772472;2026-05-18;"segunda-feira";"07:25:00";"MG";40;549,7;"NOVA LIMA";"Carga excessiva e/ou mal acondicionada";"Derramamento de carga";"Com Vítimas Feridas";"Pleno dia";"Decrescente";"Sol";"Dupla";"Declive;Curva";"Não";2;0;0;1;0;1;1;2;-20,042122;-43,965086;"SPRF-MG";"DEL01-MG";"UOP02-DEL01-MG"
772476;2026-05-18;"segunda-feira";"06:40:00";"RS";392;340,8;"SANTA MARIA";"Demais falhas na via";"Tombamento";"Com Vítimas Feridas";"Pleno dia";"Crescente";"Céu Claro";"Simples";"Reta;Em Obras";"Não";1;0;1;0;0;0;1;1;-29,814886;-53,770686;"SPRF-RS";"DEL09-RS";"UOP01-DEL09-RS"
772477;2026-05-17;"domingo";"08:35:00";"AM";319;210;"BORBA";"Demais falhas mecânicas ou elétricas";"Capotamento";"Com Vítimas Feridas";"Pleno dia";"Crescente";"Céu Claro";"Simples";"Reta";"Não";3;0;2;1;0;0;3;1;-4,421441;-61,006504;"SPRF-AM";"DEL01-AM";"UOP04-DEL01-AM"
772478;2026-05-18;"segunda-feira";"08:20:00";"RJ";116;174;"SAO JOAO DE MERITI";"Reação tardia ou ineficiente do condutor";"Tombamento";"Com Vítimas Feridas";"Pleno dia";"Decrescente";"Céu Claro";"Múltipla";"Reta";"Sim";1;0;1;0;0;0;1;1;-22,79680435;-43,36015876;"SPRF-RJ";"DEL06-RJ";"UOP01-DEL06-RJ"
772480;2026-05-18;"segunda-feira";"08:20:00";"RS";116;529;"CAPAO DO LEAO";"Condutor deixou de manter distância do veículo da frente";"Colisão traseira";"Com Vítimas Feridas";"Pleno dia";"Decrescente";"Céu Claro";"Simples";"Reta";"Sim";2;0;1;0;0;1;1;2;-31,75249596;-52,42301089;"SPRF-RS";"DEL07-RS";"UOP01-DEL07-RS"
772483;2026-05-18;"segunda-feira";"08:10:00";"ES";101;158,1;"LINHARES";"Ultrapassagem Indevida";"Colisão frontal";"Com Vítimas Fatais";"Pleno dia";"Crescente";"Céu Claro";"Simples";"Reta";"Não";17;1;5;10;0;1;15;4;-19,4622314;-40,1057862;"SPRF-ES";"DEL04-ES";"UOP01-DEL04-ES"
772485;2026-05-18;"segunda-feira";"04:40:00";"RJ";40;103;"DUQUE DE CAXIAS";"Acessar a via sem observar a presença dos outros veículos";"Colisão transversal";"Com Vítimas Feridas";"Plena Noite";"Crescente";"Céu Claro";"Dupla";"Reta";"Sim";2;0;0;1;1;0;1;2;-22,62276619;-43,287063;"SPRF-RJ";"DEL01-RJ";"UOP02-DEL01-RJ"
772487;2026-05-17;"domingo";"18:40:00";"RJ";40;109;"DUQUE DE CAXIAS";"Ingestão de álcool pelo condutor";"Colisão traseira";"Sem Vítimas";"Plena Noite";"Crescente";"Céu Claro";"Simples";"Reta";"Sim";2;0;0;0;2;0;0;2;-22,6768901;-43,28660164;"SPRF-RJ";"DEL01-RJ";"UOP02-DEL01-RJ"
772488;2026-05-18;"segunda-feira";"07:55:00";"RN";405;71,6;"APODI";"Manobra de mudança de faixa";"Colisão lateral mesmo sentido";"Com Vítimas Feridas";"Pleno dia";"Crescente";"Céu Claro";"Simples";"Reta";"Não";3;0;1;0;2;0;1;2;-5,619023;-37,789379;"SPRF-RN";"DEL04-RN";"UOP02-DEL04-RN"
772490;2026-05-10;"domingo";"13:00:00";"RN";101;104;"PARNAMIRIM";"Manobra de mudança de faixa";"Colisão traseira";"Com Vítimas Feridas";"Pleno dia";"Crescente";"Nublado";"Dupla";"Viaduto;Curva;Declive";"Sim";2;0;1;0;1;0;1;2;-5,89225908;-35,25820064;"SPRF-RN";"DEL01-RN";"UOP01-DEL01-RN"
772493;2026-05-18;"segunda-feira";"08:45:00";"SP";116;536;"BARRA DO TURVO";"Chuva";"Colisão com objeto";"Com Vítimas Feridas";"Pleno dia";"Crescente";"Garoa/Chuvisco";"Dupla";"Curva";"Não";2;0;1;0;1;0;1;1;-24,971976;-48,3514443;"SPRF-SP";"DEL05-SP";"UOP02-DEL05-SP"
772495;2026-05-18;"segunda-feira";"09:05:00";"PB";230;4,2;"CABEDELO";"Acessar a via sem observar a presença dos outros veículos";"Colisão transversal";"Com Vítimas Feridas";"Pleno dia";"Decrescente";"Sol";"Múltipla";"Reta;Viaduto;Interseção de Vias";"Sim";3;0;2;0;1;0;2;2;-7,0060481;-34,8288326;"SPRF-PB";"DEL01-PB";"UOP01-DEL01-PB"
772496;2026-05-18;"segunda-feira";"09:54:00";"PB";230;27;"JOAO PESSOA";"Ausência de reação do condutor";"Tombamento";"Com Vítimas Feridas";"Pleno dia";"Crescente";"Céu Claro";"Dupla";"Declive";"Sim";1;0;1;0;0;0;1;1;-7,1672739;-34,88614652;"SPRF-PB";"DEL01-PB";"UOP01-DEL01-PB"
772498;2026-05-18;"segunda-feira";"09:30:00";"PR";116;1;"CAMPINA GRANDE DO SUL";"Chuva";"Colisão com objeto";"Sem Vítimas";"Pleno dia";"Crescente";"Chuva";"Múltipla";"Curva";"Não";1;0;0;0;1;0;0;1;-25,346445;-49,046547;"SPRF-PR";"DEL01-PR";"UOP02-DEL01-PR"
772499;2026-05-18;"segunda-feira";"09:45:00";"SE";101;150,1;"ESTANCIA";"Acessar a via sem observar a presença dos outros veículos";"Colisão transversal";"Com Vítimas Feridas";"Pleno dia";"Crescente";"Sol";"Simples";"Reta";"Sim";3;0;1;0;1;1;1;3;-11,25285983;-37,43755259;"SPRF-SE";"DEL02-SE";"UOP01-DEL02-SE"
772500;2026-05-18;"segunda-feira";"09:00:00";"AL";101;233,6;"OLHO DAGUA GRANDE";"Demais falhas mecânicas ou elétricas";"Incêndio";"Sem Vítimas";"Pleno dia";"Decrescente";"Céu Claro";"Dupla";"Reta";"Não";1;0;0;0;1;0;0;1;-10,115089;-36,748761;"SPRF-AL";"DEL02-AL";"UOP02-DEL02-AL"
772501;2026-05-16;"sábado";"07:20:00";"GO";60;73,2;"ANAPOLIS";"Condutor Dormindo";"Saída de leito carroçável";"Sem Vítimas";"Pleno dia";"Decrescente";"Céu Claro";"Dupla";"Reta;Aclive";"Não";3;0;0;0;3;0;0;1;-16,28237279;-48,79284589;"SPRF-GO";"DEL02-GO";"UOP01-DEL02-GO"
772502;2026-05-18;"segunda-feira";"07:50:00";"AC";364;122;"RIO BRANCO";"Ausência de reação do condutor";"Colisão traseira";"Com Vítimas Feridas";"Pleno dia";"Crescente";"Céu Claro";"Dupla";"Reta";"Sim";2;0;1;0;1;0;1;2;-10,0117;-67,77981;"SPRF-AC";"DEL01-AC";"UOP01-DEL01-AC"
772504;2026-05-18;"segunda-feira";"09:30:00";"PE";101;79;"JABOATAO DOS GUARARAPES";"Condutor deixou de manter distância do veículo da frente";"Colisão lateral mesmo sentido";"Com Vítimas Feridas";"Pleno dia";"Crescente";"Sol";"Dupla";"Reta";"Sim";2;0;2;0;0;0;2;1;-8,147512;-34,94464;"SPRF-PE";"DEL01-PE";"UOP01-DEL01-PE"
772507;2026-05-18;"segunda-feira";"10:40:00";"TO";10;403,3;"PORTO NACIONAL";"Desrespeitar a preferência no cruzamento";"Colisão transversal";"Com Vítimas Feridas";"Pleno dia";"Decrescente";"Céu Claro";"Dupla";"Rotatória";"Sim";2;0;1;0;1;0;1;2;-10,7086271;-48,3987071;"SPRF-TO";"DEL01-TO";"UOP03-DEL01-TO"
772510;2026-05-18;"segunda-feira";"09:20:00";"RO";364;102,7;"CHUPINGUAIA";"Transitar na contramão";"Colisão frontal";"Com Vítimas Fatais";"Pleno dia";"Decrescente";"Nublado";"Simples";"Reta";"Não";4;1;1;2;0;0;3;2;-12,259134;-60,657746;"SPRF-RO";"DEL04-RO";"UOP01-DEL04-RO"
772513;2026-05-18;"segunda-feira";"10:50:00";"MG";381;510;"SAO JOAQUIM DE BICAS";"Ausência de reação do condutor";"Colisão traseira";"Com Vítimas Feridas";"Pleno dia";"Decrescente";"Céu Claro";"Múltipla";"Reta";"Não";2;0;1;0;1;0;1;2;-20,056945;-44,287514;"SPRF-MG";"DEL01-MG";"UOP03-DEL01-MG"
772514;2026-05-18;"segunda-feira";"02:45:00";"PR";116;209;"RIO NEGRO";"Reação tardia ou ineficiente do condutor";"Colisão com objeto";"Sem Vítimas";"Plena Noite";"Crescente";"Chuva";"Simples";"Retorno Regulamentado;Interseção de Vias";"Sim";1;0;0;0;0;1;0;1;-26,085228;-49,778214;"SPRF-SC";"DEL06-SC";"UOP01-DEL06-SC"
772520;2026-05-18;"segunda-feira";"10:30:00";"MG";251;476,1;"FRANCISCO SA";"Acessar a via sem observar a presença dos outros veículos";"Colisão transversal";"Com Vítimas Feridas";"Pleno dia";"Crescente";"Céu Claro";"Simples";"Aclive;Reta";"Não";6;0;1;1;2;2;2;3;-16,47113;-43,45614;"SPRF-MG";"DEL12-MG";"UOP01-DEL12-MG"
772522;2026-05-18;"segunda-feira";"09:00:00";"RJ";40;120,6;"DUQUE DE CAXIAS";"Reação tardia ou ineficiente do condutor";"Colisão traseira";"Com Vítimas Feridas";"Pleno dia";"Crescente";"Céu Claro";"Múltipla";"Reta";"Sim";2;0;0;1;1;0;1;2;-22,77748;-43,28598;"SPRF-RJ";"DEL01-RJ";"UOP02-DEL01-RJ"
772524;2026-05-18;"segunda-feira";"12:30:00";"SP";381;76;"SAO PAULO";"Pista Escorregadia";"Saída de leito carroçável";"Com Vítimas Feridas";"Pleno dia";"Crescente";"Chuva";"Múltipla";"Curva;Declive";"Não";1;0;1;0;0;0;1;1;-23,3830385;-46,56513895;"SPRF-SP";"DEL03-SP";"UOP01-DEL03-SP"
772526;2026-05-18;"segunda-feira";"12:30:00";"ES";262;121,9;"CONCEICAO DO CASTELO";"Conversão proibida";"Colisão transversal";"Com Vítimas Feridas";"Pleno dia";"Crescente";"Sol";"Simples";"Interseção de Vias;Curva";"Não";3;0;1;0;2;0;1;2;-20,293452;-41,241082;"SPRF-ES";"DEL01-ES";"UOP02-DEL01-ES"
772528;2026-05-18;"segunda-feira";"08:58:00";"AC";364;155;"BUJARI";"Reação tardia ou ineficiente do condutor";"Saída de leito carroçável";"Com Vítimas Feridas";"Pleno dia";"Decrescente";"Céu Claro";"Simples";"Reta";"Não";1;0;1;0;0;0;1;1;-9,840635;-67,9374888;"SPRF-AC";"DEL01-AC";"UOP01-DEL01-AC"
772532;2026-05-18;"segunda-feira";"13:15:00";"RS";285;460;"IJUI";"Acessar a via sem observar a presença dos outros veículos";"Colisão transversal";"Com Vítimas Feridas";"Pleno dia";"Decrescente";"Sol";"Simples";"Interseção de Vias;Em Obras";"Sim";2;0;1;0;1;0;1;2;-28,418702;-53,916488;"SPRF-RS";"DEL10-RS";"UOP01-DEL10-RS"
772533;2026-05-18;"segunda-feira";"11:50:00";"BA";116;846,5;"VITORIA DA CONQUISTA";"Acessar a via sem observar a presença dos outros veículos";"Colisão transversal";"Com Vítimas Feridas";"Pleno dia";"Crescente";"Céu Claro";"Simples";"Reta";"Não";2;0;0;1;1;0;1;2;-15,030144;-40,959462;"SPRF-BA";"DEL08-BA";"UOP01-DEL08-BA"
772534;2026-05-18;"segunda-feira";"13:00:00";"SC";101;136;"BALNEARIO CAMBORIU";"Ausência de reação do condutor";"Tombamento";"Com Vítimas Feridas";"Pleno dia";"Crescente";"Nublado";"Múltipla";"Reta";"Sim";1;0;1;0;0;0;1;1;-27,007004;-48,619988;"SPRF-SC";"DEL04-SC";"UOP03-DEL04-SC"
772537;2026-05-18;"segunda-feira";"12:00:00";"RJ";465;21,7;"NOVA IGUACU";"Acessar a via sem observar a presença dos outros veículos";"Colisão transversal";"Com Vítimas Feridas";"Pleno dia";"Decrescente";"Sol";"Simples";"Reta";"Não";3;0;0;1;2;0;1;2;-22,856198;-43,601892;"SPRF-RJ";"DEL06-RJ";"UOP02-DEL06-RJ"
772538;2026-05-18;"segunda-feira";"12:55:00";"PE";101;42;"IGARASSU";"Acessar a via sem observar a presença dos outros veículos";"Colisão transversal";"Com Vítimas Feridas";"Pleno dia";"Crescente";"Céu Claro";"Simples";"Reta";"Sim";4;0;2;0;2;0;2;3;-7,84461723;-34,91066543;"SPRF-PE";"DEL01-PE";"UOP02-DEL01-PE"
772539;2026-05-18;"segunda-feira";"11:00:00";"SP";116;549;"BARRA DO TURVO";"Reação tardia ou ineficiente do condutor";"Colisão com objeto";"Com Vítimas Feridas";"Pleno dia";"Decrescente";"Chuva";"Simples";"Curva";"Não";2;0;1;0;1;0;1;1;-24,96511825;-48,43243218;"SPRF-SP";"DEL05-SP";"UOP02-DEL05-SP"
772543;2026-05-18;"segunda-feira";"12:00:00";"PB";230;458;"SOUSA";"Acessar a via sem observar a presença dos outros veículos";"Colisão transversal";"Com Vítimas Feridas";"Pleno dia";"Crescente";"Céu Claro";"Simples";"Reta";"Sim";2;0;1;0;1;0;1;2;-6,775393;-38,196203;"SPRF-PB";"DEL03-PB";"UOP03-DEL03-PB"