"id";"data_inversa";"dia_semana";"horario";"uf";"br";"km";"municipio";"causa_acidente";"tipo_acidente";"classificacao_acidente";"fase_dia";"sentido_via";"condicao_metereologica";"tipo_pista";"tracado_via";"uso_solo";"pessoas";"mortos";"feridos_leves";"feridos_graves";"ilesos";"ignorados";"feridos";"veiculos";"latitude";"longitude";"regional";"delegacia";"uop"
772544;2026-05-18;"segunda-feira";"12:20:00";"SC";282;216;"LAGES";"Acessar a via sem observar a presença dos outros veículos";"Colisão traseira";"Sem Vítimas";"Pleno dia";"Crescente";"Céu Claro";"Simples";"Aclive;Reta";"Sim";2;0;0;0;2;0;0;2;-27,797607;-50,293588;"SPRF-SC";"DEL05-SC";"UOP01-DEL05-SC"
772546;2026-05-06;"quarta-feira";"06:50:00";"SC";282;398,6;"JOACABA";"Condutor deixou de manter distância do veículo da frente";"Colisão traseira";"Com Vítimas Feridas";"Pleno dia";"Decrescente";"Céu Claro";"Simples";"Reta";"Não";2;0;1;0;1;0;1;2;-27,146492;-51,61275;"SPRF-SC";"DEL07-SC";"UOP05-DEL07-SC"
772547;2026-05-18;"segunda-feira";"14:00:00";"SP";381;74;"SAO PAULO";"Ausência de reação do condutor";"Colisão com objeto";"Sem Vítimas";"Pleno dia";"Crescente";"Garoa/Chuvisco";"Dupla";"Curva;Declive";"Não";2;0;0;0;1;1;0;1;-23,38757501;-46,56956506;"SPRF-SP";"DEL03-SP";"UOP01-DEL03-SP"
772548;2026-05-18;"segunda-feira";"13:00:00";"RJ";356;105;"CARDOSO MOREIRA";"Demais falhas mecânicas ou elétricas";"Saída de leito carroçável";"Com Vítimas Feridas";"Pleno dia";"Decrescente";"Céu Claro";"Simples";"Curva";"Não";1;0;1;0;0;0;1;1;-21,54418243;-41,49653999;"SPRF-RJ";"DEL08-RJ";"UOP03-DEL08-RJ"
772552;2026-05-18;"segunda-feira";"14:35:00";"PR";277;84;"CURITIBA";"Pista Escorregadia";"Queda de ocupante de veículo";"Com Vítimas Feridas";"Pleno dia";"Decrescente";"Chuva";"Dupla";"Declive";"Sim";1;0;1;0;0;0;1;1;-25,446375;-49,231405;"SPRF-PR";"DEL01-PR";"UOP03-DEL01-PR"
772554;2026-05-18;"segunda-feira";"14:30:00";"SP";116;521;"CAJATI";"Chuva";"Capotamento";"Com Vítimas Feridas";"Pleno dia";"Crescente";"Chuva";"Simples";"Curva";"Não";2;0;2;0;0;0;2;1;-24,89406661;-48,24388504;"SPRF-SP";"DEL05-SP";"UOP02-DEL05-SP"
772555;2026-05-18;"segunda-feira";"14:45:00";"SC";101;214,6;"PALHOCA";"Reação tardia ou ineficiente do condutor";"Colisão traseira";"Com Vítimas Feridas";"Pleno dia";"Crescente";"Nublado";"Dupla";"Reta";"Sim";3;0;1;0;2;0;1;3;-27,64924;-48,67535;"SPRF-SC";"DEL01-SC";"UOP02-DEL01-SC"
772559;2026-05-18;"segunda-feira";"12:30:00";"PR";373;440,1;"CHOPINZINHO";"Condutor deixou de manter distância do veículo da frente";"Colisão traseira";"Sem Vítimas";"Pleno dia";"Crescente";"Céu Claro";"Simples";"Reta";"Sim";5;0;0;0;5;0;0;2;-25,81563174;-52,29306329;"SPRF-PR";"DEL02-PR";"UOP01-DEL02-PR"
772560;2026-05-18;"segunda-feira";"14:40:00";"PR";277;649,3;"CEU AZUL";"Condutor Dormindo";"Saída de leito carroçável";"Com Vítimas Feridas";"Pleno dia";"Crescente";"Céu Claro";"Simples";"Reta";"Não";2;0;0;1;1;0;1;1;-25,177801;-53,91816;"SPRF-PR";"DEL05-PR";"UOP02-DEL05-PR"
772563;2026-05-18;"segunda-feira";"14:40:00";"MS";262;239;"RIBAS DO RIO PARDO";"Acessar a via sem observar a presença dos outros veículos";"Colisão transversal";"Sem Vítimas";"Pleno dia";"Crescente";"Nublado";"Simples";"Interseção de Vias;Reta";"Sim";2;0;0;0;2;0;0;2;-20,45697591;-53,75630585;"SPRF-MS";"DEL01-MS";"UOP05-DEL01-MS"
772565;2026-05-18;"segunda-feira";"14:44:00";"MG";354;745;"POUSO ALTO";"Acessar a via sem observar a presença dos outros veículos";"Colisão transversal";"Com Vítimas Feridas";"Pleno dia";"Decrescente";"Nublado";"Simples";"Curva";"Sim";2;0;2;0;0;0;2;2;-22,250162;-44,935293;"SPRF-MG";"DEL17-MG";"UOP01-DEL17-MG"
772566;2026-05-18;"segunda-feira";"15:08:00";"PB";230;135,7;"MASSARANDUBA";"Ausência de reação do condutor";"Colisão traseira";"Com Vítimas Feridas";"Pleno dia";"Crescente";"Céu Claro";"Dupla";"Reta";"Não";2;0;1;0;1;0;1;2;-7,279872;-35,77047;"SPRF-PB";"DEL02-PB";"UOP01-DEL02-PB"
772567;2026-05-18;"segunda-feira";"14:20:00";"RO";319;144;"PORTO VELHO";"Condutor deixou de manter distância do veículo da frente";"Colisão traseira";"Sem Vítimas";"Pleno dia";"Crescente";"Céu Claro";"Dupla";"Interseção de Vias";"Sim";2;0;0;0;2;0;0;2;-8,7713;-63,883703;"SPRF-RO";"DEL01-RO";"UOP01-DEL01-RO"
772569;2026-05-18;"segunda-feira";"07:50:00";"MG";116;562;"MANHUACU";"Ausência de reação do condutor";"Saída de leito carroçável";"Com Vítimas Feridas";"Pleno dia";"Decrescente";"Céu Claro";"Simples";"Curva";"Não";1;0;1;0;0;0;1;1;-20,05480452;-42,17504168;"SPRF-MG";"DEL06-MG";"UOP03-DEL06-MG"
772570;2026-05-18;"segunda-feira";"13:30:00";"RS";468;105,8;"TRES PASSOS";"Ausência de reação do condutor";"Saída de leito carroçável";"Com Vítimas Feridas";"Pleno dia";"Decrescente";"Nublado";"Simples";"Curva";"Sim";1;0;1;0;0;0;1;1;-27,4363541;-53,9501187;"SPRF-RS";"DEL08-RS";"UOP02-DEL08-RS"
772571;2026-04-17;"sexta-feira";"08:30:00";"GO";153;401;"PIRENOPOLIS";"Desrespeitar a preferência no cruzamento";"Colisão transversal";"Com Vítimas Feridas";"Pleno dia";"Crescente";"Céu Claro";"Simples";"Interseção de Vias";"Não";2;0;1;0;0;1;1;2;-16,04860767;-49,07406092;"SPRF-GO";"DEL02-GO";"UOP02-DEL02-GO"
772573;2026-05-18;"segunda-feira";"15:30:00";"RJ";40;85;"PETROPOLIS";"Pista Escorregadia";"Colisão com objeto";"Com Vítimas Feridas";"Pleno dia";"Decrescente";"Garoa/Chuvisco";"Simples";"Aclive;Curva";"Não";2;0;1;0;1;0;1;1;-22,5115949;-43,23028374;"SPRF-RJ";"DEL01-RJ";"UOP01-DEL01-RJ"
772574;2026-05-18;"segunda-feira";"13:05:00";"SP";459;19;"LORENA";"Reação tardia ou ineficiente do condutor";"Queda de ocupante de veículo";"Com Vítimas Feridas";"Pleno dia";"Crescente";"Nublado";"Simples";"Reta";"Não";1;0;0;1;0;0;1;1;-22,66757907;-45,14062579;"SPRF-SP";"DEL08-SP";"UOP02-DEL08-SP"
772576;2026-05-18;"segunda-feira";"16:04:00";"RN";226;15;"MACAIBA";"Condutor deixou de manter distância do veículo da frente";"Colisão traseira";"Sem Vítimas";"Pleno dia";"Decrescente";"Céu Claro";"Simples";"Reta;Interseção de Vias";"Não";2;0;0;0;2;0;0;2;-5,856929;-35,336124;"SPRF-RN";"DEL01-RN";"UOP02-DEL01-RN"
772577;2026-05-13;"quarta-feira";"10:30:00";"SC";282;0,5;"FLORIANOPOLIS";"Reação tardia ou ineficiente do condutor";"Engavetamento";"Com Vítimas Feridas";"Pleno dia";"Decrescente";"Céu Claro";"Múltipla";"Declive;Reta";"Sim";9;0;2;0;7;0;2;7;-27,59839219;-48,57259361;"SPRF-SC";"DEL01-SC";"UOP01-DEL01-SC"
772578;2026-05-15;"sexta-feira";"18:30:00";"RJ";101;43;"CAMPOS DOS GOYTACAZES";"Transitar na contramão";"Colisão frontal";"Com Vítimas Feridas";"Plena Noite";"Decrescente";"Céu Claro";"Simples";"Reta";"Não";3;0;2;0;1;0;2;2;-21,579617;-41,321766;"SPRF-RJ";"DEL08-RJ";"UOP01-DEL08-RJ"
772580;2026-05-18;"segunda-feira";"13:30:00";"SC";280;7;"SAO FRANCISCO DO SUL";"Reação tardia ou ineficiente do condutor";"Colisão transversal";"Com Vítimas Feridas";"Pleno dia";"Decrescente";"Nublado";"Simples";"Reta";"Sim";3;0;2;0;1;0;2;2;-26,276789;-48,645028;"SPRF-SC";"DEL03-SC";"UOP03-DEL03-SC"
772581;2026-05-18;"segunda-feira";"02:45:00";"MT";163;946;"NOVA SANTA HELENA";"Reação tardia ou ineficiente do condutor";"Saída de leito carroçável";"Com Vítimas Feridas";"Plena Noite";"Crescente";"Céu Claro";"Simples";"Reta";"Não";2;0;1;0;1;0;1;1;-10,922915;-55,203023;"SPRF-MT";"DEL06-MT";"UOP02-DEL06-MT"
772582;2026-05-18;"segunda-feira";"14:50:00";"MT";163;732;"SORRISO";"Velocidade Incompatível";"Saída de leito carroçável";"Com Vítimas Feridas";"Pleno dia";"Crescente";"Céu Claro";"Simples";"Declive;Em Obras;Curva";"Não";2;0;2;0;0;0;2;1;-12,70359342;-55,81616879;"SPRF-MT";"DEL06-MT";"UOP01-DEL06-MT"
772583;2026-05-18;"segunda-feira";"16:30:00";"SC";101;139;"BALNEARIO CAMBORIU";"Acesso irregular";"Colisão frontal";"Com Vítimas Feridas";"Pleno dia";"Crescente";"Céu Claro";"Múltipla";"Viaduto";"Não";2;0;2;0;0;0;2;2;-27,033103;-48,604479;"SPRF-SC";"DEL04-SC";"UOP03-DEL04-SC"
772584;2026-05-18;"segunda-feira";"15:30:00";"BA";349;914,8;"CORRENTINA";"Acessar a via sem observar a presença dos outros veículos";"Colisão traseira";"Com Vítimas Feridas";"Pleno dia";"Crescente";"Céu Claro";"Simples";"Reta;Interseção de Vias;Aclive";"Não";8;0;0;2;6;0;2;2;-13,40209;-44,51514;"SPRF-BA";"DEL10-BA";"UOP02-DEL10-BA"
772585;2026-05-18;"segunda-feira";"15:40:00";"PR";153;24,6;"JACAREZINHO";"Acessar a via sem observar a presença dos outros veículos";"Colisão transversal";"Com Vítimas Feridas";"Pleno dia";"Crescente";"Garoa/Chuvisco";"Simples";"Interseção de Vias";"Não";3;0;1;1;1;0;2;2;-23,18892593;-49,98572096;"SPRF-PR";"DEL07-PR";"UOP04-DEL07-PR"
772586;2026-05-18;"segunda-feira";"16:45:00";"MG";381;494;"BETIM";"Manobra de mudança de faixa";"Colisão lateral mesmo sentido";"Com Vítimas Feridas";"Pleno dia";"Crescente";"Céu Claro";"Dupla";"Declive;Viaduto;Reta";"Sim";2;0;1;0;1;0;1;2;-19,96718764;-44,17959809;"SPRF-MG";"DEL01-MG";"UOP03-DEL01-MG"
772587;2026-05-18;"segunda-feira";"11:00:00";"SP";116;220;"GUARULHOS";"Ausência de reação do condutor";"Colisão lateral mesmo sentido";"Com Vítimas Feridas";"Pleno dia";"Crescente";"Céu Claro";"Múltipla";"Reta";"Sim";4;0;2;0;0;2;2;4;-23,46453446;-46,49744742;"SPRF-SP";"DEL01-SP";"UOP01-DEL01-SP"
772588;2026-05-18;"segunda-feira";"16:20:00";"GO";60;453;"JATAI";"Chuva";"Saída de leito carroçável";"Sem Vítimas";"Anoitecer";"Crescente";"Chuva";"Dupla";"Curva";"Não";3;0;0;0;3;0;0;1;-17,856558;-51,553562;"SPRF-GO";"DEL05-GO";"UOP01-DEL05-GO"
772590;2026-04-20;"segunda-feira";"08:15:00";"RJ";116;111;"GUAPIMIRIM";"Ausência de reação do condutor";"Tombamento";"Com Vítimas Feridas";"Pleno dia";"Decrescente";"Céu Claro";"Múltipla";"Reta";"Não";1;0;1;0;0;0;1;1;-22,552378;-42,990427;"SPRF-RJ";"DEL04-RJ";"UOP02-DEL04-RJ"
772591;2026-05-18;"segunda-feira";"17:40:00";"MG";381;447,6;"BELO HORIZONTE";"Conversão proibida";"Colisão transversal";"Com Vítimas Feridas";"Plena Noite";"Crescente";"Céu Claro";"Simples";"Reta";"Sim";2;0;0;1;1;0;1;2;-19,84019032;-43,87630463;"SPRF-MG";"DEL01-MG";"UOP01-DEL01-MG"
772592;2026-05-18;"segunda-feira";"17:15:00";"RS";116;248,6;"SAO LEOPOLDO";"Reação tardia ou ineficiente do condutor";"Queda de ocupante de veículo";"Com Vítimas Feridas";"Anoitecer";"Crescente";"Céu Claro";"Múltipla";"Reta";"Sim";1;0;1;0;0;0;1;1;-29,78225756;-51,15989685;"SPRF-RS";"DEL01-RS";"UOP02-DEL01-RS"
772593;2026-04-17;"sexta-feira";"21:12:00";"PA";163;169,1;"ALTAMIRA";"Reação tardia ou ineficiente do condutor";"Capotamento";"Sem Vítimas";"Plena Noite";"Crescente";"Ignorado";"Simples";"Reta";"Não";3;0;0;0;0;3;0;1;-8,2226473;-55,122346;"SPRF-PA";"DEL05-PA";"UOP03-DEL05-PA"
772596;2026-05-18;"segunda-feira";"17:25:00";"PE";232;58;"POMBOS";"Entrada inopinada do pedestre";"Atropelamento de Pedestre";"Com Vítimas Feridas";"Anoitecer";"Crescente";"Céu Claro";"Dupla";"Reta;Declive";"Sim";2;0;0;1;1;0;1;2;-8,146856;-35,396212;"SPRF-PE";"DEL02-PE";"UOP02-DEL02PE"
772597;2026-05-18;"segunda-feira";"18:05:00";"RN";101;66;"EXTREMOZ";"Demais falhas mecânicas ou elétricas";"Queda de ocupante de veículo";"Com Vítimas Feridas";"Plena Noite";"Crescente";"Céu Claro";"Simples";"Reta";"Não";1;0;1;0;0;0;1;1;-5,652921;-35,249502;"SPRF-RN";"DEL02-RN";"UOP01-DEL02-RN"
772598;2026-05-18;"segunda-feira";"17:30:00";"PR";116;18;"ANTONINA";"Chuva";"Capotamento";"Com Vítimas Feridas";"Anoitecer";"Decrescente";"Chuva";"Dupla";"Reta";"Não";3;0;2;0;1;0;2;1;-25,1053099;-48,71622741;"SPRF-PR";"DEL01-PR";"UOP02-DEL01-PR"
772599;2026-05-18;"segunda-feira";"17:00:00";"PR";476;115;"COLOMBO";"Trafegar com motocicleta (ou similar) entre as faixas";"Atropelamento de Pedestre";"Com Vítimas Feridas";"Pleno dia";"Crescente";"Chuva";"Simples";"Aclive;Reta";"Sim";3;0;1;0;1;1;1;2;-25,3446;-49,16;"SPRF-PR";"DEL01-PR";"UOP01-DEL01-PR"
772601;2026-05-18;"segunda-feira";"10:10:00";"CE";222;49,1;"SAO GONCALO DO AMARANTE";"Falta de elemento de contenção que evite a saída do leito carroçável";"Saída de leito carroçável";"Com Vítimas Feridas";"Pleno dia";"Decrescente";"Céu Claro";"Simples";"Reta;Ponte";"Não";1;0;1;0;0;0;1;1;-3,667238;-38,986737;"SPRF-CE";"DEL01-CE";"UOP03-DEL01-CE"
772602;2026-05-05;"terça-feira";"00:21:00";"TO";153;677;"GURUPI";"Reação tardia ou ineficiente do condutor";"Tombamento";"Com Vítimas Fatais";"Plena Noite";"Decrescente";"Céu Claro";"Simples";"Reta";"Não";1;1;0;0;0;0;0;1;-11,7581;-49,0945;"SPRF-TO";"DEL01-TO";"UOP02-DEL01-TO"
772604;2026-05-18;"segunda-feira";"18:40:00";"TO";10;447;"PALMAS";"Condutor deixou de manter distância do veículo da frente";"Eventos atípicos";"Com Vítimas Feridas";"Anoitecer";"Decrescente";"Céu Claro";"Simples";"Reta";"Não";2;0;0;1;0;1;1;2;-10,371175;-48,304012;"SPRF-TO";"DEL01-TO";"UOP03-DEL01-TO"
772605;2026-05-18;"segunda-feira";"18:45:00";"MG";381;486;"BETIM";"Ausência de reação do condutor";"Engavetamento";"Sem Vítimas";"Anoitecer";"Decrescente";"Céu Claro";"Dupla";"Reta;Declive";"Sim";3;0;0;0;3;0;0;3;-19,9562563;-44,10471082;"SPRF-MG";"DEL01-MG";"UOP03-DEL01-MG"
772606;2026-05-18;"segunda-feira";"18:20:00";"RJ";101;476;"ANGRA DOS REIS";"Ausência de reação do condutor";"Colisão transversal";"Com Vítimas Feridas";"Plena Noite";"Decrescente";"Céu Claro";"Simples";"Curva;Declive";"Sim";2;0;0;1;1;0;1;2;-23,00204001;-44,25947571;"SPRF-RJ";"DEL03-RJ";"UOP03-DEL03-RJ"
772607;2026-05-18;"segunda-feira";"17:00:00";"SP";116;499;"CAJATI";"Reação tardia ou ineficiente do condutor";"Saída de leito carroçável";"Com Vítimas Feridas";"Pleno dia";"Crescente";"Garoa/Chuvisco";"Múltipla";"Curva";"Não";1;0;1;0;0;0;1;1;-24,76968501;-48,17034388;"SPRF-SP";"DEL05-SP";"UOP02-DEL05-SP"
772608;2026-05-18;"segunda-feira";"18:40:00";"SE";101;103;"SAO CRISTOVAO";"Acessar a via sem observar a presença dos outros veículos";"Queda de ocupante de veículo";"Com Vítimas Feridas";"Plena Noite";"Decrescente";"Céu Claro";"Dupla";"Reta";"Sim";1;0;1;0;0;0;1;1;-10,95481741;-37,22329617;"SPRF-SE";"DEL02-SE";"UOP01-DEL02-SE"
772612;2026-05-18;"segunda-feira";"19:02:00";"RS";116;238,4;"NOVO HAMBURGO";"Reação tardia ou ineficiente do condutor";"Tombamento";"Com Vítimas Feridas";"Plena Noite";"Decrescente";"Nevoeiro/Neblina";"Dupla";"Em Obras";"Sim";1;0;1;0;0;0;1;1;-29,69182643;-51,14315694;"SPRF-RS";"DEL01-RS";"UOP02-DEL01-RS"
772615;2026-05-18;"segunda-feira";"18:55:00";"PR";376;181;"MARINGA";"Manobra de mudança de faixa";"Colisão lateral mesmo sentido";"Com Vítimas Feridas";"Anoitecer";"Decrescente";"Céu Claro";"Dupla";"Reta;Aclive;Viaduto";"Sim";2;0;1;0;1;0;1;2;-23,42532516;-51,89859716;"SPRF-PR";"DEL09-PR";"UOP01-DEL09-PR"
772616;2026-05-18;"segunda-feira";"18:50:00";"SC";101;324,3;"CAPIVARI DE BAIXO";"Acessar a via sem observar a presença dos outros veículos";"Colisão lateral mesmo sentido";"Com Vítimas Feridas";"Plena Noite";"Decrescente";"Nublado";"Dupla";"Curva;Aclive";"Não";2;0;1;0;1;0;1;2;-28,42458713;-48,9383289;"SPRF-SC";"DEL02-SC";"UOP01-DEL02-SC"
772617;2026-05-18;"segunda-feira";"17:54:00";"PE";423;93,4;"GARANHUNS";"Acessar a via sem observar a presença dos outros veículos";"Colisão transversal";"Sem Vítimas";"Anoitecer";"Crescente";"Céu Claro";"Simples";"Aclive;Reta";"Sim";2;0;0;0;1;1;0;2;-8,87107348;-36,46524159;"SPRF-PE";"DEL03-PE";"UOP01-DEL03-PE"
772619;2026-05-18;"segunda-feira";"18:15:00";"MA";10;252;"IMPERATRIZ";"Reação tardia ou ineficiente do condutor";"Colisão traseira";"Com Vítimas Feridas";"Anoitecer";"Decrescente";"Céu Claro";"Simples";"Reta";"Não";3;0;1;0;1;1;1;3;-5,528882;-47,471483;"SPRF-MA";"DEL04-MA";"UOP01-DEL04-MA"
772620;2026-05-18;"segunda-feira";"18:30:00";"RS";101;5,5;"TORRES";"Entrada inopinada do pedestre";"Atropelamento de Pedestre";"Com Vítimas Fatais";"Plena Noite";"Crescente";"Céu Claro";"Dupla";"Reta";"Não";2;1;0;0;1;0;0;2;-29,3443873;-49,789777;"SPRF-RS";"DEL03-RS";"UOP02-DEL03-RS"
772621;2026-05-18;"segunda-feira";"19:00:00";"AL";101;74;"MESSIAS";"Ausência de reação do condutor";"Queda de ocupante de veículo";"Com Vítimas Feridas";"Plena Noite";"Decrescente";"Céu Claro";"Dupla";"Reta";"Não";1;0;1;0;0;0;1;1;-9,3966173;-35,8366471;"SPRF-AL";"DEL01-AL";"UOP01-DEL01-AL"
772624;2026-05-18;"segunda-feira";"18:40:00";"PA";316;70;"CASTANHAL";"Ausência de reação do condutor";"Colisão traseira";"Com Vítimas Feridas";"Plena Noite";"Decrescente";"Céu Claro";"Simples";"Reta;Declive";"Não";3;0;2;0;0;1;2;2;-1,291705;-47,868575;"SPRF-PA";"DEL01-PA";"UOP01-DEL01-PA"
772625;2026-05-18;"segunda-feira";"17:30:00";"BA";367;50;"PORTO SEGURO";"Acessar a via sem observar a presença dos outros veículos";"Colisão transversal";"Com Vítimas Feridas";"Plena Noite";"Decrescente";"Nublado";"Simples";"Curva";"Não";2;0;1;0;1;0;1;2;-16,375732;-39,292378;"SPRF-BA";"DEL09-BA";"UOP03-DEL09-BA"
772627;2026-05-18;"segunda-feira";"18:20:00";"MS";267;478;"GUIA LOPES DA LAGUNA";"Ingestão de álcool pelo condutor";"Colisão lateral mesmo sentido";"Com Vítimas Feridas";"Plena Noite";"Decrescente";"Céu Claro";"Dupla";"Rotatória";"Sim";2;0;0;1;1;0;1;2;-21,45865093;-56,12046392;"SPRF-MS";"DEL05-MS";"UOP01-DEL05-MS"
772628;2026-05-18;"segunda-feira";"19:17:00";"PE";232;129,2;"CARUARU";"Ausência de sinalização";"Atropelamento de Pedestre";"Com Vítimas Fatais";"Plena Noite";"Crescente";"Nublado";"Dupla";"Reta";"Sim";2;1;0;1;0;0;1;2;-8,30267087;-35,97749233;"SPRF-PE";"DEL02-PE";"UOP03-DEL02-PE"
772629;2026-05-18;"segunda-feira";"11:00:00";"RJ";101;570;"PARATY";"Acessar a via sem observar a presença dos outros veículos";"Colisão transversal";"Com Vítimas Feridas";"Pleno dia";"Decrescente";"Nublado";"Simples";"Reta";"Não";3;0;2;0;1;0;2;2;-23,17729188;-44,71092224;"SPRF-RJ";"DEL03-RJ";"UOP04-DEL03-RJ"
772630;2026-05-18;"segunda-feira";"19:20:00";"RJ";101;322;"NITEROI";"Ausência de reação do condutor";"Colisão traseira";"Com Vítimas Feridas";"Plena Noite";"Decrescente";"Nublado";"Múltipla";"Reta";"Sim";2;0;1;0;1;0;1;2;-22,87638807;-43,11773895;"SPRF-RJ";"DEL02-RJ";"UOP01-DEL02-RJ"
772631;2026-05-18;"segunda-feira";"19:39:00";"GO";153;501;"GOIANIA";"Chuva";"Tombamento";"Com Vítimas Feridas";"Anoitecer";"Crescente";"Chuva";"Dupla";"Reta";"Não";2;0;2;0;0;0;2;1;-16,71496431;-49,23507426;"SPRF-GO";"DEL01-GO";"UOP01-DEL01-GO"
772633;2026-05-18;"segunda-feira";"18:00:00";"PB";412;50;"SAO JOAO DO CARIRI";"Acessar a via sem observar a presença dos outros veículos";"Colisão transversal";"Com Vítimas Feridas";"Plena Noite";"Decrescente";"Nublado";"Simples";"Reta";"Não";2;0;1;0;1;0;1;2;-7,357315;-36,490807;"SPRF-PB";"DEL02-PB";"UOP02-DEL02-PB"
772636;2026-05-18;"segunda-feira";"18:47:00";"MG";40;520;"CONTAGEM";"Ausência de reação do condutor";"Colisão traseira";"Com Vítimas Feridas";"Plena Noite";"Crescente";"Céu Claro";"Dupla";"Reta";"Não";2;0;1;0;1;0;1;2;-19,85585586;-44,08001189;"SPRF-MG";"DEL01-MG";"UOP02-DEL01-MG"
772637;2026-05-18;"segunda-feira";"19:45:00";"SC";163;76,5;"SAO MIGUEL DO OESTE";"Iluminação deficiente";"Colisão com objeto";"Com Vítimas Feridas";"Plena Noite";"Decrescente";"Céu Claro";"Simples";"Aclive;Curva";"Sim";2;0;2;0;0;0;2;1;-26,67800597;-53,51569176;"SPRF-SC";"DEL07-SC";"UOP03-DEL07-SC"
772640;2026-05-18;"segunda-feira";"18:33:00";"AC";364;135;"RIO BRANCO";"Reação tardia ou ineficiente do condutor";"Engavetamento";"Com Vítimas Feridas";"Plena Noite";"Decrescente";"Nublado";"Dupla";"Reta";"Sim";3;0;1;0;2;0;1;3;-9,974697;-67,850287;"SPRF-AC";"DEL01-AC";"UOP01-DEL01-AC"
772643;2026-05-18;"segunda-feira";"21:30:00";"SC";101;203;"SAO JOSE";"Reação tardia ou ineficiente do condutor";"Colisão traseira";"Com Vítimas Feridas";"Plena Noite";"Decrescente";"Nublado";"Dupla";"Reta";"Sim";3;0;1;0;2;0;1;2;-27,56561297;-48,61363141;"SPRF-SC";"DEL01-SC";"UOP01-DEL01-SC"
772644;2026-05-18;"segunda-feira";"18:00:00";"SC";101;430,9;"SOMBRIO";"Desrespeitar a preferência no cruzamento";"Colisão transversal";"Com Vítimas Feridas";"Anoitecer";"Crescente";"Nublado";"Simples";"Viaduto";"Sim";3;0;1;0;2;0;1;2;-29,07008865;-49,62648793;"SPRF-SC";"DEL02-SC";"UOP02-DEL02-SC"
772645;2026-05-18;"segunda-feira";"21:05:00";"PR";369;74,4;"SANTA MARIANA";"Pedestre - Ingestão de álcool/ substâncias psicoativas";"Atropelamento de Pedestre";"Com Vítimas Feridas";"Plena Noite";"Crescente";"Céu Claro";"Simples";"Interseção de Vias";"Sim";3;0;0;1;0;2;1;2;-23,15188704;-50,52441565;"SPRF-PR";"DEL07-PR";"UOP05-DEL07-PR"
772646;2026-05-18;"segunda-feira";"20:50:00";"MG";116;529,9;"CARATINGA";"Reação tardia ou ineficiente do condutor";"Colisão traseira";"Com Vítimas Feridas";"Plena Noite";"Crescente";"Céu Claro";"Simples";"Reta";"Sim";2;0;0;1;1;0;1;2;-19,813033;-42,13517833;"SPRF-MG";"DEL06-MG";"UOP02-DEL06-MG"
772647;2026-05-18;"segunda-feira";"21:10:00";"SP";116;278,8;"EMBU DAS ARTES";"Ausência de reação do condutor";"Tombamento";"Com Vítimas Feridas";"Plena Noite";"Crescente";"Nublado";"Dupla";"Declive;Curva";"Sim";1;0;1;0;0;0;1;1;-23,6359;-46,8321;"SPRF-SP";"DEL04-SP";"UOP01-DEL04-SP"
772648;2026-05-18;"segunda-feira";"20:07:00";"AC";364;133;"RIO BRANCO";"Animais na Pista";"Atropelamento de Animal";"Com Vítimas Feridas";"Plena Noite";"Crescente";"Céu Claro";"Dupla";"Reta";"Sim";1;0;1;0;0;0;1;1;-10,000081;-67,849693;"SPRF-AC";"DEL01-AC";"UOP01-DEL01-AC"
772649;2026-05-07;"quinta-feira";"18:05:00";"RO";0;0;"JI-PARANA";"Manobra de mudança de faixa";"Colisão lateral mesmo sentido";"Com Vítimas Feridas";"Plena Noite";"Não Informado";"Ignorado";"Simples";"Reta";"Sim";3;0;1;0;1;1;1;3;-10,881882;-61,9200996;"SPRF-RO";"DEL02-RO";"UOP01-DEL02-RO"
772652;2026-05-18;"segunda-feira";"22:30:00";"GO";153;692;"ITUMBIARA";"Velocidade Incompatível";"Colisão com objeto";"Com Vítimas Feridas";"Plena Noite";"Crescente";"Céu Claro";"Dupla";"Retorno Regulamentado";"Não";4;0;3;1;0;0;4;1;-18,32840931;-49,22638273;"SPRF-GO";"DEL03-GO";"UOP02-DEL03-GO"
772656;2026-05-18;"segunda-feira";"22:50:00";"PI";316;9,2;"TERESINA";"Ausência de reação do condutor";"Colisão traseira";"Com Vítimas Feridas";"Plena Noite";"Decrescente";"Céu Claro";"Múltipla";"Reta";"Sim";2;0;0;1;1;0;1;2;-5,180262;-42,76405;"SPRF-PI";"DEL01-PI";"UOP02-DEL01-PI"
772658;2026-05-18;"segunda-feira";"23:00:00";"PR";116;6;"QUATRO BARRAS";"Chuva";"Saída de leito carroçável";"Com Vítimas Feridas";"Plena Noite";"Decrescente";"Chuva";"Dupla";"Reta";"Sim";2;0;1;0;1;0;1;1;-25,36664;-49,097615;"SPRF-PR";"DEL01-PR";"UOP02-DEL01-PR"
772659;2026-05-18;"segunda-feira";"13:00:00";"MG";262;29,4;"REDUTO";"Retorno proibido";"Colisão transversal";"Com Vítimas Feridas";"Pleno dia";"Crescente";"Céu Claro";"Simples";"Reta;Declive";"Não";3;0;2;1;0;0;3;2;-20,25340224;-41,9918257;"SPRF-MG";"DEL06-MG";"UOP03-DEL06-MG"