"id";"data_inversa";"dia_semana";"horario";"uf";"br";"km";"municipio";"causa_acidente";"tipo_acidente";"classificacao_acidente";"fase_dia";"sentido_via";"condicao_metereologica";"tipo_pista";"tracado_via";"uso_solo";"pessoas";"mortos";"feridos_leves";"feridos_graves";"ilesos";"ignorados";"feridos";"veiculos";"latitude";"longitude";"regional";"delegacia";"uop"
772660;2026-05-18;"segunda-feira";"22:20:00";"RS";158;250,7;"JULIO DE CASTILHOS";"Condutor Dormindo";"Saída de leito carroçável";"Sem Vítimas";"Plena Noite";"Decrescente";"Nublado";"Simples";"Aclive";"Não";1;0;0;0;1;0;0;1;-29,11752652;-53,64983225;"SPRF-RS";"DEL10-RS";"UOP02-DEL10-RS"
772663;2026-05-18;"segunda-feira";"19:10:00";"RO";421;2;"ARIQUEMES";"Ausência de reação do condutor";"Tombamento";"Com Vítimas Feridas";"Plena Noite";"Decrescente";"Céu Claro";"Simples";"Reta";"Sim";1;0;0;1;0;0;1;1;-9,92310251;-63,06686338;"SPRF-RO";"DEL03-RO";"UOP01-DEL03-RO"
772664;2026-05-19;"terça-feira";"00:36:00";"SC";282;0;"FLORIANOPOLIS";"Ingestão de álcool pelo condutor";"Tombamento";"Sem Vítimas";"Plena Noite";"Crescente";"Céu Claro";"Múltipla";"Reta";"Sim";1;0;0;0;1;0;0;1;-27,59865;-48,57363;"SPRF-SC";"DEL01-SC";"UOP01-DEL01-SC"
772666;2026-05-18;"segunda-feira";"23:35:00";"PR";277;664,5;"MEDIANEIRA";"Reação tardia ou ineficiente do condutor";"Capotamento";"Com Vítimas Fatais";"Plena Noite";"Crescente";"Céu Claro";"Dupla";"Curva";"Não";1;1;0;0;0;0;0;1;-25,250709;-54,014189;"SPRF-PR";"DEL05-PR";"UOP02-DEL05-PR"
772668;2026-05-18;"segunda-feira";"15:00:00";"SC";101;3;"GARUVA";"Velocidade Incompatível";"Saída de leito carroçável";"Sem Vítimas";"Pleno dia";"Decrescente";"Chuva";"Dupla";"Curva";"Não";1;0;0;0;1;0;0;1;-26,00480139;-48,8716507;"SPRF-SC";"DEL03-SC";"UOP01-DEL03-SC"
772670;2026-05-19;"terça-feira";"02:30:00";"PE";232;79,9;"GRAVATA";"Ingestão de álcool pelo condutor";"Queda de ocupante de veículo";"Com Vítimas Feridas";"Plena Noite";"Decrescente";"Céu Claro";"Simples";"Reta";"Sim";1;0;0;1;0;0;1;1;-8,196215;-35,569071;"SPRF-PE";"DEL02-PE";"UOP02-DEL02PE"
772671;2026-05-19;"terça-feira";"04:30:00";"SP";116;167;"JACAREI";"Animais na Pista";"Atropelamento de Animal";"Com Vítimas Feridas";"Plena Noite";"Decrescente";"Garoa/Chuvisco";"Simples";"Reta";"Sim";1;0;1;0;0;0;1;1;-23,30131161;-46,02138088;"SPRF-SP";"DEL02-SP";"UOP01-DEL02-SP"
772672;2026-05-19;"terça-feira";"04:55:00";"BA";324;622;"SALVADOR";"Manobra de mudança de faixa";"Colisão lateral mesmo sentido";"Com Vítimas Feridas";"Amanhecer";"Crescente";"Céu Claro";"Dupla";"Curva";"Não";2;0;1;0;0;1;1;2;-12,9287459;-38,46827045;"SPRF-BA";"DEL01-BA";"UOP01-DEL01-BA"
772673;2026-05-19;"terça-feira";"03:20:00";"GO";80;160;"SANTA RITA DO NOVO DESTINO";"Reação tardia ou ineficiente do condutor";"Saída de leito carroçável";"Com Vítimas Feridas";"Plena Noite";"Decrescente";"Céu Claro";"Simples";"Curva";"Não";1;0;1;0;0;0;1;1;-14,77708924;-49,05689496;"SPRF-GO";"DEL07-GO";"UOP02-DEL07-GO"
772674;2026-05-19;"terça-feira";"05:18:00";"RN";226;33;"MACAIBA";"Demais falhas mecânicas ou elétricas";"Incêndio";"Sem Vítimas";"Amanhecer";"Decrescente";"Nublado";"Dupla";"Curva";"Não";1;0;0;0;1;0;0;1;-5,89072;-35,49312;"SPRF-RN";"DEL01-RN";"UOP02-DEL01-RN"
772678;2026-05-19;"terça-feira";"06:00:00";"MG";381;374,5;"SAO GONCALO DO RIO ABAIXO";"Ultrapassagem Indevida";"Colisão lateral mesmo sentido";"Com Vítimas Feridas";"Amanhecer";"Decrescente";"Nublado";"Simples";"Curva";"Sim";2;0;0;2;0;0;2;2;-19,833449;-43,351267;"SPRF-MG";"DEL01-MG";"UOP01-DEL01-MG"
772681;2026-05-19;"terça-feira";"06:40:00";"SC";470;52;"BLUMENAU";"Trafegar com motocicleta (ou similar) entre as faixas";"Colisão transversal";"Com Vítimas Feridas";"Pleno dia";"Decrescente";"Céu Claro";"Simples";"Curva";"Sim";2;0;1;0;1;0;1;2;-26,869446;-49,105897;"SPRF-SC";"DEL04-SC";"UOP01-DEL04-SC"
772682;2026-05-19;"terça-feira";"06:45:00";"SP";153;61;"SAO JOSE DO RIO PRETO";"Trafegar com motocicleta (ou similar) entre as faixas";"Colisão lateral mesmo sentido";"Com Vítimas Feridas";"Pleno dia";"Crescente";"Nevoeiro/Neblina";"Dupla";"Reta";"Não";2;0;1;0;1;0;1;2;-20,811332;-49,356842;"SPRF-SP";"DEL09-SP";"UOP01-DEL09-SP"
772685;2026-05-19;"terça-feira";"05:40:00";"RJ";40;106;"DUQUE DE CAXIAS";"Ausência de reação do condutor";"Queda de ocupante de veículo";"Com Vítimas Feridas";"Amanhecer";"Crescente";"Nevoeiro/Neblina";"Múltipla";"Reta";"Sim";2;0;2;0;0;0;2;2;-22,65685934;-43,28314174;"SPRF-RJ";"DEL01-RJ";"UOP02-DEL01-RJ"
772686;2026-05-19;"terça-feira";"05:49:00";"PR";376;164;"MARINGA";"Manobra de mudança de faixa";"Colisão traseira";"Com Vítimas Fatais";"Amanhecer";"Crescente";"Nevoeiro/Neblina";"Dupla";"Reta";"Não";5;1;0;0;4;0;0;3;-23,37867;-52,04209;"SPRF-PR";"DEL09-PR";"UOP02-DEL09-PR"
772688;2026-05-15;"sexta-feira";"16:00:00";"RJ";101;314;"SAO GONCALO";"Reação tardia ou ineficiente do condutor";"Colisão traseira";"Com Vítimas Feridas";"Pleno dia";"Crescente";"Céu Claro";"Dupla";"Reta";"Não";2;0;0;1;1;0;1;2;-22,82253088;-43,08488057;"SPRF-RJ";"DEL02-RJ";"UOP02-DEL02-RJ"
772689;2026-05-19;"terça-feira";"07:15:00";"AP";210;3;"MACAPA";"Pedestre cruzava a pista fora da faixa";"Tombamento";"Com Vítimas Feridas";"Pleno dia";"Decrescente";"Chuva";"Dupla";"Reta";"Sim";1;0;1;0;0;0;1;1;0,0870727;-51,0857631;"SPRF-AP";"DEL01-AP";"UOP01-DEL01-AP"
772690;2026-05-19;"terça-feira";"07:40:00";"RS";116;260;"CANOAS";"Condutor deixou de manter distância do veículo da frente";"Colisão traseira";"Com Vítimas Feridas";"Pleno dia";"Crescente";"Céu Claro";"Dupla";"Reta";"Sim";2;0;1;0;1;0;1;2;-29,88297025;-51,1809956;"SPRF-RS";"DEL01-RS";"UOP01-DEL01-RS"
772691;2026-05-19;"terça-feira";"06:55:00";"RJ";101;170;"MACAE";"Ausência de reação do condutor";"Queda de ocupante de veículo";"Com Vítimas Feridas";"Pleno dia";"Decrescente";"Céu Claro";"Simples";"Curva";"Não";1;0;1;0;0;0;1;1;-22,35426749;-41,92541456;"SPRF-RJ";"DEL08-RJ";"UOP04-DEL08-RJ"
772693;2026-05-19;"terça-feira";"07:45:00";"MG";40;467;"SETE LAGOAS";"Ausência de reação do condutor";"Colisão traseira";"Com Vítimas Feridas";"Pleno dia";"Crescente";"Céu Claro";"Dupla";"Reta";"Não";1;0;1;0;0;0;1;1;-19,45046;-44,31711;"SPRF-MG";"DEL02-MG";"UOP01-DEL02-MG"
772694;2026-05-19;"terça-feira";"07:30:00";"SC";282;17,3;"PALHOCA";"Animais na Pista";"Atropelamento de Animal";"Com Vítimas Feridas";"Pleno dia";"Crescente";"Céu Claro";"Simples";"Reta";"Não";2;0;2;0;0;0;2;1;-27,66607989;-48,68770346;"SPRF-SC";"DEL01-SC";"UOP02-DEL01-SC"
772698;2026-05-19;"terça-feira";"07:44:00";"PR";277;715;"SANTA TEREZINHA DE ITAIPU";"Ausência de reação do condutor";"Tombamento";"Com Vítimas Feridas";"Pleno dia";"Decrescente";"Nevoeiro/Neblina";"Dupla";"Reta";"Não";2;0;1;0;1;0;1;1;-25,46574358;-54,45056853;"SPRF-PR";"DEL05-PR";"UOP01-DEL05-PR"
772699;2026-05-19;"terça-feira";"08:05:00";"SP";116;148;"SAO JOSE DOS CAMPOS";"Manobra de mudança de faixa";"Colisão lateral mesmo sentido";"Com Vítimas Feridas";"Pleno dia";"Crescente";"Nublado";"Múltipla";"Reta";"Sim";2;0;1;0;1;0;1;2;-23,1976169;-45,87562021;"SPRF-SP";"DEL02-SP";"UOP01-DEL02-SP"
772700;2026-05-19;"terça-feira";"07:20:00";"RS";158;333;"SANTA MARIA";"Acessar a via sem observar a presença dos outros veículos";"Colisão transversal";"Com Vítimas Feridas";"Pleno dia";"Crescente";"Céu Claro";"Simples";"Rotatória;Reta;Interseção de Vias";"Não";4;0;1;0;3;0;1;2;-29,70746;-53,87382;"SPRF-RS";"DEL09-RS";"UOP01-DEL09-RS"
772701;2026-05-15;"sexta-feira";"22:00:00";"PR";376;623;"SAO JOSE DOS PINHAIS";"Reação tardia ou ineficiente do condutor";"Saída de leito carroçável";"Sem Vítimas";"Plena Noite";"Decrescente";"Garoa/Chuvisco";"Dupla";"Reta";"Sim";2;0;0;0;2;0;0;1;-25,643988;-49,159;"SPRF-PR";"DEL01-PR";"UOP04-DEL01-PR"
772703;2026-05-19;"terça-feira";"07:25:00";"BA";324;624;"SALVADOR";"Ausência de reação do condutor";"Colisão traseira";"Com Vítimas Feridas";"Pleno dia";"Decrescente";"Céu Claro";"Dupla";"Reta";"Sim";3;0;2;0;0;1;2;2;-12,938641;-38,4725734;"SPRF-BA";"DEL01-BA";"UOP01-DEL01-BA"
772704;2026-05-19;"terça-feira";"07:43:00";"RN";101;75,3;"SAO GONCALO DO AMARANTE";"Ausência de reação do condutor";"Colisão lateral sentido oposto";"Com Vítimas Feridas";"Pleno dia";"Crescente";"Céu Claro";"Simples";"Rotatória";"Não";3;0;1;0;2;0;1;3;-5,72084715;-35,27778022;"SPRF-RN";"DEL02-RN";"UOP01-DEL02-RN"
772705;2026-05-19;"terça-feira";"07:30:00";"SP";381;41;"ATIBAIA";"Reação tardia ou ineficiente do condutor";"Engavetamento";"Sem Vítimas";"Pleno dia";"Decrescente";"Nublado";"Dupla";"Reta";"Sim";3;0;0;0;3;0;0;3;-23,13817407;-46,57566404;"SPRF-SP";"DEL03-SP";"UOP01-DEL03-SP"
772706;2026-05-15;"sexta-feira";"17:50:00";"RS";472;458;"ITAQUI";"Demais falhas mecânicas ou elétricas";"Queda de ocupante de veículo";"Com Vítimas Feridas";"Anoitecer";"Decrescente";"Céu Claro";"Simples";"Reta";"Não";1;0;1;0;0;0;1;1;-29,16147479;-56,37317693;"SPRF-RS";"DEL12-RS";"UOP01-DEL12-RS"
772707;2026-05-15;"sexta-feira";"22:27:00";"SC";470;57;"BLUMENAU";"Ausência de reação do condutor";"Colisão traseira";"Sem Vítimas";"Plena Noite";"Decrescente";"Garoa/Chuvisco";"Simples";"Interseção de Vias;Viaduto;Reta";"Sim";3;0;0;0;3;0;0;2;-26,882189;-49,1441286;"SPRF-SC";"DEL04-SC";"UOP01-DEL04-SC"
772708;2026-05-19;"terça-feira";"07:00:00";"PR";277;231;"TEIXEIRA SOARES";"Reação tardia ou ineficiente do condutor";"Saída de leito carroçável";"Com Vítimas Feridas";"Pleno dia";"Crescente";"Garoa/Chuvisco";"Simples";"Curva";"Não";1;0;1;0;0;0;1;1;-25,46975;-50,483421;"SPRF-PR";"DEL08-PR";"UOP02-DEL08-PR"
772710;2026-05-15;"sexta-feira";"19:30:00";"RJ";393;5;"VOLTA REDONDA";"Ausência de reação do condutor";"Colisão traseira";"Com Vítimas Feridas";"Plena Noite";"Crescente";"Céu Claro";"Simples";"Reta";"Não";3;0;2;0;1;0;2;2;-22,54484218;-44,05910388;"SPRF-RJ";"DEL05-RJ";"UOP04-DEL05-RJ"
772711;2026-05-19;"terça-feira";"09:00:00";"MG";381;481;"CONTAGEM";"Reação tardia ou ineficiente do condutor";"Colisão traseira";"Com Vítimas Feridas";"Pleno dia";"Decrescente";"Céu Claro";"Múltipla";"Reta";"Não";2;0;1;0;1;0;1;2;-19,95843321;-44,05969473;"SPRF-MG";"DEL01-MG";"UOP03-DEL01-MG"
772712;2026-05-19;"terça-feira";"09:00:00";"PR";376;161;"MARINGA";"Manobra de mudança de faixa";"Colisão lateral mesmo sentido";"Com Vítimas Feridas";"Pleno dia";"Crescente";"Nevoeiro/Neblina";"Dupla";"Reta";"Não";2;0;0;1;1;0;1;2;-23,36824;-52,06541;"SPRF-PR";"DEL09-PR";"UOP02-DEL09-PR"
772713;2026-04-29;"quarta-feira";"11:48:00";"PA";163;179,1;"ALTAMIRA";"Reação tardia ou ineficiente do condutor";"Saída de leito carroçável";"Sem Vítimas";"Pleno dia";"Decrescente";"Céu Claro";"Simples";"Aclive;Reta";"Não";2;0;0;0;0;2;0;1;-8,1348455;-55,1353791;"SPRF-PA";"DEL05-PA";"UOP03-DEL05-PA"
772714;2026-05-19;"terça-feira";"06:00:00";"MG";116;812,9;"ALEM PARAIBA";"Pista Escorregadia";"Colisão frontal";"Com Vítimas Feridas";"Amanhecer";"Crescente";"Chuva";"Simples";"Declive";"Não";2;0;1;0;1;0;1;2;-21,82914866;-42,67852664;"SPRF-MG";"DEL07-MG";"UOP01-DEL07-MG"
772715;2026-05-19;"terça-feira";"07:05:00";"MG";116;411;"GOVERNADOR VALADARES";"Condutor deixou de manter distância do veículo da frente";"Colisão traseira";"Com Vítimas Feridas";"Pleno dia";"Crescente";"Céu Claro";"Dupla";"Retorno Regulamentado;Reta";"Sim";3;0;0;2;1;0;2;2;-18,86742774;-41,97288036;"SPRF-MG";"DEL06-MG";"UOP01-DEL06-MG"
772720;2026-05-19;"terça-feira";"08:50:00";"MG";40;519,8;"CONTAGEM";"Condutor deixou de manter distância do veículo da frente";"Colisão lateral mesmo sentido";"Com Vítimas Feridas";"Pleno dia";"Crescente";"Céu Claro";"Dupla";"Reta;Declive";"Sim";2;0;1;0;1;0;1;2;-19,87022128;-44,05826569;"SPRF-MG";"DEL01-MG";"UOP02-DEL01-MG"
772724;2026-05-16;"sábado";"06:30:00";"RJ";116;131;"MAGE";"Condutor Dormindo";"Queda de ocupante de veículo";"Com Vítimas Feridas";"Pleno dia";"Crescente";"Céu Claro";"Dupla";"Reta";"Sim";1;0;1;0;0;0;1;1;-22,646944;-43,186667;"SPRF-RJ";"DEL04-RJ";"UOP02-DEL04-RJ"
772725;2026-05-14;"quinta-feira";"19:12:00";"SP";116;111;"TAUBATE";"Manobra de mudança de faixa";"Colisão lateral mesmo sentido";"Com Vítimas Feridas";"Plena Noite";"Decrescente";"Céu Claro";"Múltipla";"Reta";"Sim";2;0;1;0;1;0;1;2;-23,04103;-45,56718;"SPRF-SP";"DEL02-SP";"UOP02-DEL02-SP"
772726;2026-05-19;"terça-feira";"10:10:00";"PA";230;1;"ALTAMIRA";"Pista esburacada";"Colisão lateral mesmo sentido";"Com Vítimas Feridas";"Pleno dia";"Crescente";"Céu Claro";"Dupla";"Rotatória";"Sim";3;0;1;0;2;0;1;2;-3,18117063;-52,1850303;"SPRF-PA";"DEL03-PA";"UOP01-DEL03-PA"
772727;2026-04-19;"domingo";"00:20:00";"RJ";116;173;"MESQUITA";"Ingestão de álcool pelo condutor";"Capotamento";"Com Vítimas Feridas";"Plena Noite";"Decrescente";"Ignorado";"Múltipla";"Reta";"Sim";2;0;2;0;0;0;2;1;-22,76860832;-43,41046778;"SPRF-RJ";"DEL06-RJ";"UOP01-DEL06-RJ"
772728;2026-05-19;"terça-feira";"10:22:00";"RN";101;84,1;"NATAL";"Condutor deixou de manter distância do veículo da frente";"Colisão traseira";"Com Vítimas Feridas";"Pleno dia";"Decrescente";"Céu Claro";"Múltipla";"Reta";"Sim";3;0;0;1;2;0;1;3;-5,7734845;-35,25975871;"SPRF-RN";"DEL02-RN";"UOP01-DEL02-RN"
772730;2026-05-19;"terça-feira";"09:55:00";"SC";282;392;"JOACABA";"Acesso irregular";"Colisão transversal";"Com Vítimas Feridas";"Pleno dia";"Crescente";"Céu Claro";"Simples";"Interseção de Vias";"Não";4;0;1;0;3;0;1;2;-27,16775731;-51,56005111;"SPRF-SC";"DEL07-SC";"UOP05-DEL07-SC"
772733;2026-05-15;"sexta-feira";"08:55:00";"RJ";101;313;"SAO GONCALO";"Demais falhas mecânicas ou elétricas";"Queda de ocupante de veículo";"Com Vítimas Feridas";"Pleno dia";"Crescente";"Céu Claro";"Dupla";"Reta";"Sim";2;0;2;0;0;0;2;1;-22,8103846;-43,07007551;"SPRF-RJ";"DEL02-RJ";"UOP02-DEL02-RJ"
772734;2026-05-19;"terça-feira";"09:50:00";"SP";381;10;"BRAGANCA PAULISTA";"Animais na Pista";"Atropelamento de Animal";"Sem Vítimas";"Pleno dia";"Crescente";"Nublado";"Dupla";"Reta;Declive";"Sim";1;0;0;0;0;1;0;1;-22,93213973;-46,46877515;"SPRF-SP";"DEL03-SP";"UOP02-DEL03-SP"
772735;2026-05-19;"terça-feira";"09:00:00";"MS";163;683;"RIO VERDE DE MATO GROSSO";"Ausência de reação do condutor";"Tombamento";"Com Vítimas Feridas";"Pleno dia";"Crescente";"Céu Claro";"Simples";"Declive;Reta";"Não";1;0;1;0;0;0;1;1;-18,900481;-54,842506;"SPRF-MS";"DEL06-MS";"UOP01-DEL06-MS"
772736;2026-05-19;"terça-feira";"10:40:00";"MG";40;451,8;"CAETANOPOLIS";"Avarias e/ou desgaste excessivo no pneu";"Tombamento";"Com Vítimas Feridas";"Pleno dia";"Crescente";"Nublado";"Dupla";"Reta";"Não";2;0;2;0;0;0;2;1;-19,33116;-44,36274;"SPRF-MG";"DEL02-MG";"UOP01-DEL02-MG"
772737;2026-05-19;"terça-feira";"09:40:00";"BA";324;402;"NOVA FATIMA";"Acessar a via sem observar a presença dos outros veículos";"Colisão lateral mesmo sentido";"Com Vítimas Feridas";"Pleno dia";"Crescente";"Céu Claro";"Simples";"Reta";"Sim";4;0;0;1;3;0;1;2;-11,59996;-39,6373;"SPRF-BA";"DEL04-BA";"UOP02-DEL04-BA"
772739;2026-04-29;"quarta-feira";"07:28:00";"RN";101;105;"PARNAMIRIM";"Condutor deixou de manter distância do veículo da frente";"Engavetamento";"Sem Vítimas";"Pleno dia";"Decrescente";"Céu Claro";"Dupla";"Reta";"Sim";4;0;0;0;4;0;0;4;-5,898;-35,258;"SPRF-RN";"DEL01-RN";"UOP01-DEL01-RN"
772741;2026-05-19;"terça-feira";"08:15:00";"BA";101;689;"EUNAPOLIS";"Acessar a via sem observar a presença dos outros veículos";"Colisão transversal";"Com Vítimas Feridas";"Pleno dia";"Crescente";"Céu Claro";"Simples";"Reta";"Não";3;0;1;1;1;0;2;2;-16,15466623;-39,59575653;"SPRF-BA";"DEL09-BA";"UOP03-DEL09-BA"
772742;2026-05-19;"terça-feira";"11:30:00";"RN";101;103;"PARNAMIRIM";"Pista Escorregadia";"Queda de ocupante de veículo";"Com Vítimas Feridas";"Pleno dia";"Crescente";"Céu Claro";"Múltipla";"Reta";"Sim";1;0;0;1;0;0;1;1;-5,89098354;-35,25299418;"SPRF-RN";"DEL01-RN";"UOP01-DEL01-RN"
772743;2026-05-19;"terça-feira";"10:15:00";"PR";476;120;"COLOMBO";"Reação tardia ou ineficiente do condutor";"Colisão traseira";"Sem Vítimas";"Pleno dia";"Crescente";"Nublado";"Dupla";"Interseção de Vias;Reta";"Sim";2;0;0;0;2;0;0;2;-25,37358091;-49,19281689;"SPRF-PR";"DEL01-PR";"UOP01-DEL01-PR"
772744;2026-05-15;"sexta-feira";"18:40:00";"SP";101;42;"UBATUBA";"Acessar a via sem observar a presença dos outros veículos";"Colisão transversal";"Com Vítimas Feridas";"Plena Noite";"Crescente";"Chuva";"Simples";"Reta";"Sim";4;0;1;0;3;0;1;3;-23,41390869;-45,05320137;"SPRF-SP";"DEL06-SP";"UOP01-DEL06-SP"
772746;2026-05-19;"terça-feira";"12:23:00";"SP";116;203,6;"ARUJA";"Reação tardia ou ineficiente do condutor";"Colisão traseira";"Com Vítimas Feridas";"Pleno dia";"Decrescente";"Nublado";"Dupla";"Reta";"Não";2;0;1;0;1;0;1;2;-23,41177;-46,353735;"SPRF-SP";"DEL01-SP";"UOP01-DEL01-SP"
772747;2026-05-19;"terça-feira";"09:50:00";"RO";174;13;"VILHENA";"Acessar a via sem observar a presença dos outros veículos";"Colisão transversal";"Com Vítimas Feridas";"Pleno dia";"Crescente";"Céu Claro";"Dupla";"Rotatória;Reta;Interseção de Vias;Retorno Regulamentado";"Sim";2;0;1;0;1;0;1;2;-12,7362679;-60,13066202;"SPRF-RO";"DEL04-RO";"UOP01-DEL04-RO"
772748;2026-05-19;"terça-feira";"12:20:00";"MG";40;601,2;"OURO PRETO";"Manobra de mudança de faixa";"Colisão lateral mesmo sentido";"Com Vítimas Feridas";"Pleno dia";"Decrescente";"Nublado";"Simples";"Reta";"Não";1;0;1;0;0;0;1;1;-20,42949385;-43,85762518;"SPRF-MG";"DEL05-MG";"UOP02-DEL05-MG"
772749;2026-05-19;"terça-feira";"12:00:00";"ES";101;159,9;"LINHARES";"Acessar a via sem observar a presença dos outros veículos";"Colisão transversal";"Com Vítimas Feridas";"Pleno dia";"Decrescente";"Céu Claro";"Simples";"Interseção de Vias;Reta";"Sim";4;0;1;0;3;0;1;2;-19,47670314;-40,11397834;"SPRF-ES";"DEL04-ES";"UOP01-DEL04-ES"
772750;2026-05-19;"terça-feira";"11:50:00";"PE";101;70;"RECIFE";"Entrada inopinada do pedestre";"Atropelamento de Pedestre";"Com Vítimas Feridas";"Pleno dia";"Crescente";"Céu Claro";"Dupla";"Reta";"Sim";2;0;0;2;0;0;2;2;-8,071523;-34,942477;"SPRF-PE";"DEL01-PE";"UOP01-DEL01-PE"
772752;2026-05-19;"terça-feira";"12:00:00";"PA";230;121,8;"MARABA";"Transitar no Acostamento";"Colisão lateral mesmo sentido";"Com Vítimas Feridas";"Pleno dia";"Decrescente";"Céu Claro";"Dupla";"Reta";"Não";3;0;2;0;1;0;2;2;-5,36171;-49,12373;"SPRF-PA";"DEL03-PA";"UOP01-DEL03-PA"
772754;2026-05-19;"terça-feira";"07:45:00";"MS";163;614,3;"SAO GABRIEL DO OESTE";"Acessar a via sem observar a presença dos outros veículos";"Colisão transversal";"Com Vítimas Feridas";"Pleno dia";"Decrescente";"Céu Claro";"Simples";"Rotatória;Reta;Interseção de Vias";"Sim";2;0;0;1;1;0;1;2;-19,399397;-54,565331;"SPRF-MS";"DEL06-MS";"UOP02-DEL06-MS"
772756;2026-05-19;"terça-feira";"12:10:00";"PR";116;112;"CURITIBA";"Demais falhas mecânicas ou elétricas";"Tombamento";"Com Vítimas Feridas";"Pleno dia";"Crescente";"Nublado";"Dupla";"Reta";"Sim";1;0;1;0;0;0;1;1;-25,5553719;-49,2728516;"SPRF-PR";"DEL01-PR";"UOP03-DEL01-PR"
772762;2026-05-19;"terça-feira";"12:20:00";"SP";381;7;"VARGEM";"Velocidade Incompatível";"Colisão com objeto";"Com Vítimas Feridas";"Pleno dia";"Crescente";"Nublado";"Dupla";"Reta";"Sim";1;0;0;1;0;0;1;1;-22,90875651;-46,4248538;"SPRF-SP";"DEL03-SP";"UOP02-DEL03-SP"
772764;2026-05-19;"terça-feira";"13:40:00";"SC";282;1,5;"FLORIANOPOLIS";"Manobra de mudança de faixa";"Colisão traseira";"Com Vítimas Feridas";"Pleno dia";"Decrescente";"Céu Claro";"Múltipla";"Reta";"Sim";3;0;2;0;1;0;2;2;-27,599518;-48,575458;"SPRF-SC";"DEL01-SC";"UOP01-DEL01-SC"
772767;2026-05-19;"terça-feira";"12:00:00";"PE";0;0;"RECIFE";"Reação tardia ou ineficiente do condutor";"Colisão frontal";"Sem Vítimas";"Pleno dia";"Não Informado";"Céu Claro";"Simples";"Reta";"Sim";2;0;0;0;2;0;0;2;-8,07052;-34,930087;"SPRF-PE";"DEL01-PE";"UOP01-DEL01-PE"
772769;2026-05-19;"terça-feira";"01:30:00";"SC";282;68,4;"RANCHO QUEIMADO";"Reação tardia ou ineficiente do condutor";"Colisão frontal";"Com Vítimas Feridas";"Plena Noite";"Decrescente";"Nublado";"Simples";"Curva";"Não";2;0;0;1;0;1;1;2;-27,70000962;-49,06289287;"SPRF-SC";"DEL01-SC";"UOP03-DEL01-SC"
772771;2026-05-19;"terça-feira";"14:10:00";"RJ";116;293;"BARRA MANSA";"Condutor deixou de manter distância do veículo da frente";"Colisão traseira";"Com Vítimas Feridas";"Pleno dia";"Decrescente";"Nublado";"Dupla";"Reta;Em Obras";"Não";2;0;1;0;1;0;1;2;-22,46896489;-44,28066222;"SPRF-RJ";"DEL07-RJ";"UOP02-DEL07-RJ"
772772;2026-05-19;"terça-feira";"14:00:00";"RS";386;404,9;"MONTENEGRO";"Ingestão de álcool pelo condutor";"Colisão transversal";"Com Vítimas Feridas";"Pleno dia";"Decrescente";"Céu Claro";"Dupla";"Reta";"Não";5;0;4;0;1;0;4;2;-29,77944;-51,55703;"SPRF-RS";"DEL04-RS";"UOP02-DEL04-RS"
772776;2026-05-19;"terça-feira";"06:40:00";"RJ";101;312;"SAO GONCALO";"Trafegar com motocicleta (ou similar) entre as faixas";"Colisão lateral mesmo sentido";"Com Vítimas Feridas";"Pleno dia";"Crescente";"Garoa/Chuvisco";"Dupla";"Reta";"Sim";2;0;1;0;1;0;1;2;-22,80586939;-43,06282131;"SPRF-RJ";"DEL02-RJ";"UOP02-DEL02-RJ"
772781;2026-05-19;"terça-feira";"07:30:00";"BA";324;534;"CONCEICAO DO JACUIPE";"Ausência de reação do condutor";"Capotamento";"Com Vítimas Feridas";"Pleno dia";"Decrescente";"Céu Claro";"Dupla";"Reta";"Sim";1;0;1;0;0;0;1;1;-12,35616182;-38,82925224;"SPRF-BA";"DEL11-BA";"UOP02-DEL11-BA"
772784;2026-05-19;"terça-feira";"15:20:00";"MG";50;68;"UBERLANDIA";"Reação tardia ou ineficiente do condutor";"Tombamento";"Com Vítimas Feridas";"Pleno dia";"Decrescente";"Céu Claro";"Dupla";"Reta";"Sim";2;0;0;1;0;1;1;2;-18,88199829;-48,2642886;"SPRF-MG";"DEL15-MG";"UOP02-DEL15-MG"
772786;2026-05-19;"terça-feira";"15:44:00";"GO";452;19;"RIO VERDE";"Demais falhas mecânicas ou elétricas";"Incêndio";"Sem Vítimas";"Pleno dia";"Decrescente";"Céu Claro";"Simples";"Reta;Aclive";"Não";1;0;0;0;1;0;0;1;-17,866243;-50,73689;"SPRF-GO";"DEL04-GO";"UOP01-DEL04-GO"
772787;2026-05-19;"terça-feira";"14:50:00";"RN";101;83,1;"NATAL";"Trafegar com motocicleta (ou similar) entre as faixas";"Atropelamento de Pedestre";"Com Vítimas Feridas";"Pleno dia";"Crescente";"Céu Claro";"Dupla";"Reta";"Sim";3;0;2;0;0;1;2;2;-5,769008;-35,271422;"SPRF-RN";"DEL02-RN";"UOP01-DEL02-RN"
772788;2026-05-03;"domingo";"11:00:00";"MG";381;1;"BETIM";"Ausência de reação do condutor";"Colisão traseira";"Com Vítimas Feridas";"Pleno dia";"Decrescente";"Céu Claro";"Dupla";"Reta";"Sim";3;0;1;0;1;1;1;2;-19,96386401;-44,15797647;"SPRF-MG";"DEL01-MG";"UOP03-DEL01-MG"
772790;2026-05-15;"sexta-feira";"18:45:00";"GO";414;428;"ABADIANIA";"Velocidade Incompatível";"Saída de leito carroçável";"Sem Vítimas";"Plena Noite";"Crescente";"Ignorado";"Simples";"Declive;Reta";"Não";2;0;0;0;2;0;0;2;-16,17829;-48,901852;"SPRF-GO";"DEL02-GO";"UOP01-DEL02-GO"