"id";"data_inversa";"dia_semana";"horario";"uf";"br";"km";"municipio";"causa_acidente";"tipo_acidente";"classificacao_acidente";"fase_dia";"sentido_via";"condicao_metereologica";"tipo_pista";"tracado_via";"uso_solo";"pessoas";"mortos";"feridos_leves";"feridos_graves";"ilesos";"ignorados";"feridos";"veiculos";"latitude";"longitude";"regional";"delegacia";"uop"
772791;2026-05-19;"terça-feira";"16:15:00";"RS";116;270;"CANOAS";"Manobra de mudança de faixa";"Queda de ocupante de veículo";"Com Vítimas Feridas";"Pleno dia";"Decrescente";"Céu Claro";"Múltipla";"Reta";"Sim";1;0;1;0;0;0;1;1;-29,96631987;-51,1762606;"SPRF-RS";"DEL01-RS";"UOP01-DEL01-RS"
772792;2026-05-19;"terça-feira";"14:30:00";"RJ";101;388;"RIO DE JANEIRO";"Condutor deixou de manter distância do veículo da frente";"Colisão traseira";"Com Vítimas Feridas";"Pleno dia";"Crescente";"Nublado";"Múltipla";"Reta";"Sim";2;0;1;0;1;0;1;2;-22,88477486;-43,64755511;"SPRF-RJ";"DEL03-RJ";"UOP01-DEL03-RJ"
772793;2026-05-15;"sexta-feira";"19:50:00";"PE";232;411,8;"SERRA TALHADA";"Velocidade Incompatível";"Colisão com objeto";"Com Vítimas Feridas";"Plena Noite";"Decrescente";"Céu Claro";"Simples";"Ponte;Reta";"Não";1;0;1;0;0;0;1;1;-7,98295022;-38,31915379;"SPRF-PE";"DEL04-PE";"UOP01-DEL04-PE"
772795;2026-05-19;"terça-feira";"15:00:00";"PB";230;0,4;"PATOS";"Acesso irregular";"Colisão transversal";"Com Vítimas Feridas";"Pleno dia";"Decrescente";"Céu Claro";"Simples";"Reta";"Não";2;0;1;0;1;0;1;2;-7,008287;-37,296035;"SPRF-PB";"DEL03-PB";"UOP01-DEL03-PB"
772796;2026-05-19;"terça-feira";"15:45:00";"RJ";40;104;"DUQUE DE CAXIAS";"Acessar a via sem observar a presença dos outros veículos";"Tombamento";"Com Vítimas Feridas";"Anoitecer";"Decrescente";"Garoa/Chuvisco";"Múltipla";"Declive;Reta";"Não";4;0;1;0;2;1;1;3;-22,63581767;-43,2846415;"SPRF-RJ";"DEL01-RJ";"UOP02-DEL01-RJ"
772798;2026-05-19;"terça-feira";"16:00:00";"RJ";101;135;"CARAPEBUS";"Reação tardia ou ineficiente do condutor";"Colisão com objeto";"Com Vítimas Feridas";"Pleno dia";"Crescente";"Nublado";"Dupla";"Curva";"Não";1;0;1;0;0;0;1;1;-22,1494749;-41,7301241;"SPRF-RJ";"DEL08-RJ";"UOP04-DEL08-RJ"
772800;2026-05-19;"terça-feira";"16:40:00";"RS";470;217;"BENTO GONCALVES";"Acessar a via sem observar a presença dos outros veículos";"Colisão transversal";"Sem Vítimas";"Pleno dia";"Crescente";"Céu Claro";"Dupla";"Rotatória";"Sim";4;0;0;0;4;0;0;2;-29,17506278;-51,52295915;"SPRF-RS";"DEL06-RS";"UOP01-DEL06-RS"
772802;2026-05-19;"terça-feira";"14:50:00";"RS";116;154;"CAXIAS DO SUL";"Reação tardia ou ineficiente do condutor";"Colisão frontal";"Com Vítimas Feridas";"Pleno dia";"Crescente";"Céu Claro";"Simples";"Reta";"Sim";2;0;1;0;1;0;1;2;-29,19712138;-51,17782323;"SPRF-RS";"DEL05-RS";"UOP01-DEL05-RS"
772803;2026-05-19;"terça-feira";"17:17:00";"SC";101;62,2;"ARAQUARI";"Desrespeitar a preferência no cruzamento";"Colisão frontal";"Sem Vítimas";"Anoitecer";"Decrescente";"Nublado";"Simples";"Interseção de Vias;Retorno Regulamentado";"Não";3;0;0;0;3;0;0;2;-26,45528234;-48,76439452;"SPRF-SC";"DEL03-SC";"UOP02-DEL03-SC"
772804;2026-05-19;"terça-feira";"17:00:00";"MG";40;509,3;"RIBEIRAO DAS NEVES";"Transitar no Acostamento";"Atropelamento de Pedestre";"Com Vítimas Feridas";"Anoitecer";"Crescente";"Garoa/Chuvisco";"Dupla";"Declive;Reta";"Sim";2;0;0;1;1;0;1;2;-19,77072008;-44,1269242;"SPRF-MG";"DEL01-MG";"UOP02-DEL01-MG"
772805;2026-05-19;"terça-feira";"14:55:00";"PR";369;165;"CAMBE";"Ausência de reação do condutor";"Saída de leito carroçável";"Sem Vítimas";"Pleno dia";"Decrescente";"Céu Claro";"Dupla";"Reta";"Sim";1;0;0;0;0;1;0;1;-23,29559459;-51,29482269;"SPRF-PR";"DEL07-PR";"UOP01-DEL07-PR"
772807;2026-05-19;"terça-feira";"17:13:00";"AL";424;103;"MARECHAL DEODORO";"Condutor deixou de manter distância do veículo da frente";"Colisão traseira";"Com Vítimas Feridas";"Anoitecer";"Crescente";"Céu Claro";"Simples";"Reta";"Não";2;0;1;0;1;0;1;2;-9,68029139;-35,8322525;"SPRF-AL";"DEL02-AL";"UOP01-DEL02-AL"
772811;2026-05-19;"terça-feira";"16:25:00";"RO";364;237,6;"CACOAL";"Manobra de mudança de faixa";"Colisão lateral mesmo sentido";"Com Vítimas Feridas";"Pleno dia";"Crescente";"Céu Claro";"Simples";"Reta";"Sim";2;0;1;0;1;0;1;2;-11,439632;-61,453003;"SPRF-RO";"DEL02-RO";"UOP02-DEL02-RO"
772812;2026-05-19;"terça-feira";"17:10:00";"CE";116;21;"EUSEBIO";"Reação tardia ou ineficiente do condutor";"Colisão traseira";"Com Vítimas Feridas";"Anoitecer";"Decrescente";"Céu Claro";"Dupla";"Reta";"Sim";3;0;1;0;2;0;1;2;-3,9321905;-38,507821;"SPRF-CE";"DEL01-CE";"UOP02-DEL01-CE"
772814;2026-05-19;"terça-feira";"16:35:00";"PA";230;647;"ALTAMIRA";"Reação tardia ou ineficiente do condutor";"Engavetamento";"Sem Vítimas";"Pleno dia";"Decrescente";"Céu Claro";"Simples";"Curva";"Sim";7;0;0;0;7;0;0;4;-3,22272281;-52,28455098;"SPRF-PA";"DEL04-PA";"UOP01-DEL04-PA"
772816;2026-05-19;"terça-feira";"16:40:00";"BA";324;608;"SIMOES FILHO";"Demais falhas mecânicas ou elétricas";"Incêndio";"Sem Vítimas";"Plena Noite";"Crescente";"Céu Claro";"Dupla";"Curva";"Não";1;0;0;0;1;0;0;1;-12,8209417;-38,4091083;"SPRF-BA";"DEL01-BA";"UOP01-DEL01-BA"
772817;2026-05-19;"terça-feira";"17:03:00";"CE";222;314;"TIANGUA";"Velocidade Incompatível";"Saída de leito carroçável";"Sem Vítimas";"Pleno dia";"Crescente";"Nublado";"Dupla";"Curva";"Sim";1;0;0;0;0;1;0;1;-3,74186682;-41,00743029;"SPRF-CE";"DEL04-CE";"UOP02-DEL04-CE"
772818;2026-05-19;"terça-feira";"18:35:00";"MG";40;509;"RIBEIRAO DAS NEVES";"Condutor deixou de manter distância do veículo da frente";"Engavetamento";"Sem Vítimas";"Plena Noite";"Decrescente";"Chuva";"Dupla";"Reta";"Sim";5;0;0;0;5;0;0;5;-19,77348837;-44,12555695;"SPRF-MG";"DEL01-MG";"UOP02-DEL01-MG"
772819;2026-05-19;"terça-feira";"18:10:00";"PA";230;122,7;"MARABA";"Acessar a via sem observar a presença dos outros veículos";"Colisão lateral mesmo sentido";"Com Vítimas Feridas";"Plena Noite";"Crescente";"Céu Claro";"Dupla";"Reta";"Sim";3;0;1;0;2;0;1;2;-5,36553;-49,12586;"SPRF-PA";"DEL03-PA";"UOP01-DEL03-PA"
772821;2026-05-19;"terça-feira";"18:52:00";"SP";116;215;"GUARULHOS";"Manobra de mudança de faixa";"Colisão lateral mesmo sentido";"Com Vítimas Feridas";"Plena Noite";"Crescente";"Nublado";"Múltipla";"Reta";"Sim";4;0;2;0;2;0;2;3;-23,452453;-46,468328;"SPRF-SP";"DEL01-SP";"UOP01-DEL01-SP"
772822;2026-05-19;"terça-feira";"05:32:00";"RJ";101;330;"RIO DE JANEIRO";"Condutor Dormindo";"Queda de ocupante de veículo";"Com Vítimas Feridas";"Amanhecer";"Decrescente";"Céu Claro";"Múltipla";"Curva";"Não";1;0;1;0;0;0;1;1;-22,86926013;-43,20128625;"SPRF-RJ";"DEL02-RJ";"UOP01-DEL02-RJ"
772824;2026-05-19;"terça-feira";"18:40:00";"RS";290;112;"ELDORADO DO SUL";"Demais falhas mecânicas ou elétricas";"Incêndio";"Sem Vítimas";"Plena Noite";"Crescente";"Céu Claro";"Dupla";"Reta";"Sim";1;0;0;0;1;0;0;1;-30,039263;-51,328995;"SPRF-RS";"DEL02-RS";"UOP01-DEL02-RS"
772825;2026-05-19;"terça-feira";"18:00:00";"SC";101;40,5;"JOINVILLE";"Manobra de mudança de faixa";"Colisão traseira";"Com Vítimas Feridas";"Anoitecer";"Crescente";"Nublado";"Dupla";"Reta;Aclive";"Sim";4;0;1;0;3;0;1;2;-26,30842898;-48,87924671;"SPRF-SC";"DEL03-SC";"UOP01-DEL03-SC"
772829;2026-05-19;"terça-feira";"15:40:00";"RJ";101;304;"SAO GONCALO";"Ausência de reação do condutor";"Colisão traseira";"Com Vítimas Feridas";"Pleno dia";"Decrescente";"Nublado";"Simples";"Reta";"Não";3;0;2;1;0;0;3;2;-22,78387205;-42,98107831;"SPRF-RJ";"DEL02-RJ";"UOP02-DEL02-RJ"
772832;2026-05-19;"terça-feira";"20:10:00";"SC";282;16,4;"PALHOCA";"Reação tardia ou ineficiente do condutor";"Colisão traseira";"Com Vítimas Feridas";"Plena Noite";"Crescente";"Nublado";"Simples";"Reta";"Sim";2;0;1;0;1;0;1;2;-27,6621682;-48,6850932;"SPRF-SC";"DEL01-SC";"UOP02-DEL01-SC"
772833;2026-05-19;"terça-feira";"19:38:00";"PR";277;346;"GUARAPUAVA";"Acesso irregular";"Capotamento";"Com Vítimas Feridas";"Plena Noite";"Decrescente";"Céu Claro";"Simples";"Reta;Aclive";"Sim";3;0;1;1;1;0;2;1;-25,347759;-51,449417;"SPRF-PR";"DEL08-PR";"UOP01-DEL08-PR"
772834;2026-05-19;"terça-feira";"20:02:00";"PE";232;7;"RECIFE";"Manobra de mudança de faixa";"Colisão traseira";"Com Vítimas Feridas";"Plena Noite";"Crescente";"Céu Claro";"Múltipla";"Retorno Regulamentado;Reta";"Sim";3;0;3;0;0;0;3;2;-8,074622;-34,966818;"SPRF-PE";"DEL01-PE";"UOP01-DEL01-PE"
772835;2026-05-19;"terça-feira";"19:00:00";"PE";423;91;"GARANHUNS";"Acessar a via sem observar a presença dos outros veículos";"Colisão transversal";"Com Vítimas Feridas";"Plena Noite";"Crescente";"Céu Claro";"Simples";"Aclive";"Não";3;0;0;2;1;0;2;2;-8,861933;-36,46394;"SPRF-PE";"DEL03-PE";"UOP01-DEL03-PE"
772838;2026-05-19;"terça-feira";"19:30:00";"MG";40;499;"ESMERALDAS";"Reação tardia ou ineficiente do condutor";"Saída de leito carroçável";"Sem Vítimas";"Plena Noite";"Crescente";"Chuva";"Dupla";"Reta";"Não";1;0;0;0;1;0;0;1;-19,68854;-44,17306;"SPRF-MG";"DEL02-MG";"UOP01-DEL02-MG"
772839;2026-05-19;"terça-feira";"18:30:00";"RJ";101;304;"SAO GONCALO";"Ausência de reação do condutor";"Engavetamento";"Com Vítimas Feridas";"Plena Noite";"Decrescente";"Céu Claro";"Dupla";"Reta";"Não";4;0;1;0;3;0;1;3;-22,78349075;-42,97934946;"SPRF-RJ";"DEL02-RJ";"UOP02-DEL02-RJ"
772840;2026-05-19;"terça-feira";"21:40:00";"RS";116;530;"CAPAO DO LEAO";"Ausência de reação do condutor";"Colisão transversal";"Com Vítimas Feridas";"Plena Noite";"Crescente";"Céu Claro";"Simples";"Interseção de Vias";"Sim";2;0;1;0;1;0;1;2;-31,76002271;-52,43805377;"SPRF-RS";"DEL07-RS";"UOP01-DEL07-RS"
772841;2026-05-19;"terça-feira";"18:30:00";"BA";242;609;"MUQUEM DE SAO FRANCISCO";"Acessar a via sem observar a presença dos outros veículos";"Colisão lateral mesmo sentido";"Com Vítimas Fatais";"Pleno dia";"Decrescente";"Céu Claro";"Simples";"Reta";"Não";1;1;0;0;0;0;0;1;-12,177751;-43,246324;"SPRF-BA";"DEL10-BA";"UOP01-DEL10-BA"
772843;2026-05-19;"terça-feira";"22:05:00";"GO";40;12;"LUZIANIA";"Acessar a via sem observar a presença dos outros veículos";"Colisão traseira";"Com Vítimas Feridas";"Plena Noite";"Decrescente";"Céu Claro";"Dupla";"Reta";"Sim";3;0;1;0;2;0;1;2;-16,149927;-47,940323;"SPRF-DF";"DEL01-DF";"UOP01-DEL01-DF"
772844;2026-04-21;"terça-feira";"11:45:00";"AL";101;168;"TEOTONIO VILELA";"Acumulo de água sobre o pavimento";"Capotamento";"Com Vítimas Feridas";"Pleno dia";"Crescente";"Nublado";"Dupla";"Reta";"Não";4;0;1;0;3;0;1;1;-9,903572;-36,311067;"SPRF-AL";"DEL02-AL";"UOP02-DEL02-AL"
772845;2026-05-19;"terça-feira";"10:10:00";"RN";226;109,8;"SANTA CRUZ";"Acessar a via sem observar a presença dos outros veículos";"Colisão transversal";"Com Vítimas Feridas";"Pleno dia";"Crescente";"Céu Claro";"Simples";"Reta;Declive";"Sim";2;0;2;0;0;0;2;2;-6,2372822;-36,0086557;"SPRF-RN";"DEL03-RN";"UOP02-DEL03-RN"
772846;2026-05-19;"terça-feira";"23:00:00";"PR";376;242;"APUCARANA";"Demais falhas mecânicas ou elétricas";"Saída de leito carroçável";"Sem Vítimas";"Plena Noite";"Crescente";"Céu Claro";"Dupla";"Curva;Declive";"Não";4;0;0;0;4;0;0;1;-23,581683;-51,426486;"SPRF-PR";"DEL07-PR";"UOP03-DEL07-PR"
772847;2026-05-19;"terça-feira";"22:20:00";"PB";104;135,9;"QUEIMADAS";"Ausência de reação do condutor";"Colisão traseira";"Com Vítimas Feridas";"Plena Noite";"Crescente";"Céu Claro";"Simples";"Reta";"Não";4;0;1;0;3;0;1;2;-7,32708472;-35,89682252;"SPRF-PB";"DEL02-PB";"UOP03-DEL02-PB"
772848;2026-05-19;"terça-feira";"16:19:00";"SC";282;36,3;"AGUAS MORNAS";"Ausência de reação do condutor";"Colisão traseira";"Com Vítimas Feridas";"Pleno dia";"Crescente";"Nublado";"Simples";"Curva";"Não";2;0;1;0;1;0;1;2;-27,70423;-48,83714;"SPRF-SC";"DEL01-SC";"UOP03-DEL01-SC"
772849;2026-05-19;"terça-feira";"16:20:00";"SC";282;32,6;"SANTO AMARO DA IMPERATRIZ";"Ausência de reação do condutor";"Colisão traseira";"Com Vítimas Feridas";"Pleno dia";"Decrescente";"Nublado";"Simples";"Interseção de Vias";"Sim";2;0;1;0;1;0;1;2;-27,70472;-48,80528;"SPRF-SC";"DEL01-SC";"UOP03-DEL01-SC"
772854;2026-05-20;"quarta-feira";"02:05:00";"CE";116;376;"ICO";"Afundamento ou ondulação no pavimento";"Eventos atípicos";"Com Vítimas Fatais";"Plena Noite";"Crescente";"Céu Claro";"Simples";"Reta";"Sim";2;1;0;1;0;0;1;1;-6,40685;-38,8478;"SPRF-CE";"DEL05-CE";"UOP01-DEL05-CE"
772862;2026-05-20;"quarta-feira";"06:45:00";"SC";101;203;"SAO JOSE";"Desrespeitar a preferência no cruzamento";"Colisão transversal";"Com Vítimas Feridas";"Pleno dia";"Crescente";"Céu Claro";"Dupla";"Reta";"Sim";2;0;2;0;0;0;2;2;-27,56604;-48,61469;"SPRF-SC";"DEL01-SC";"UOP01-DEL01-SC"
772863;2026-05-15;"sexta-feira";"19:15:00";"RS";116;531;"CAPAO DO LEAO";"Acessar a via sem observar a presença dos outros veículos";"Atropelamento de Pedestre";"Com Vítimas Feridas";"Anoitecer";"Crescente";"Céu Claro";"Simples";"Reta";"Sim";2;0;2;0;0;0;2;2;-31,76100293;-52,43952211;"SPRF-RS";"DEL07-RS";"UOP01-DEL07-RS"
772864;2026-05-20;"quarta-feira";"07:25:00";"SC";101;119;"ITAJAI";"Trafegar com motocicleta (ou similar) entre as faixas";"Colisão lateral mesmo sentido";"Com Vítimas Feridas";"Pleno dia";"Decrescente";"Céu Claro";"Múltipla";"Reta";"Sim";2;0;0;1;1;0;1;2;-26,90941627;-48,71318579;"SPRF-SC";"DEL04-SC";"UOP04-DEL04-SC"
772865;2026-05-20;"quarta-feira";"07:20:00";"SC";101;132,4;"BALNEARIO CAMBORIU";"Reação tardia ou ineficiente do condutor";"Tombamento";"Com Vítimas Feridas";"Pleno dia";"Crescente";"Sol";"Dupla";"Reta";"Sim";1;0;1;0;0;0;1;1;-26,99829;-48,65083;"SPRF-SC";"DEL04-SC";"UOP03-DEL04-SC"
772866;2026-05-20;"quarta-feira";"07:30:00";"SC";101;152;"PORTO BELO";"Acessar a via sem observar a presença dos outros veículos";"Colisão transversal";"Com Vítimas Feridas";"Amanhecer";"Decrescente";"Céu Claro";"Dupla";"Interseção de Vias";"Sim";2;0;1;0;1;0;1;2;-27,1424524;-48,6102258;"SPRF-SC";"DEL04-SC";"UOP03-DEL04-SC"
772867;2026-05-20;"quarta-feira";"07:30:00";"RJ";116;320;"ITATIAIA";"Acumulo de água sobre o pavimento";"Saída de leito carroçável";"Com Vítimas Feridas";"Pleno dia";"Decrescente";"Chuva";"Dupla";"Reta";"Sim";2;0;1;0;1;0;1;1;-22,4802024;-44,53342128;"SPRF-RJ";"DEL07-RJ";"UOP02-DEL07-RJ"
772868;2026-05-20;"quarta-feira";"07:15:00";"SC";101;121;"ITAJAI";"Manobra de mudança de faixa";"Colisão lateral mesmo sentido";"Com Vítimas Feridas";"Pleno dia";"Decrescente";"Céu Claro";"Múltipla";"Reta";"Não";2;0;0;1;1;0;1;2;-26,9205628;-48,70861027;"SPRF-SC";"DEL04-SC";"UOP04-DEL04-SC"
772869;2026-05-20;"quarta-feira";"07:00:00";"SP";116;157,5;"SAO JOSE DOS CAMPOS";"Ausência de reação do condutor";"Tombamento";"Com Vítimas Feridas";"Pleno dia";"Crescente";"Sol";"Múltipla";"Reta;Declive";"Não";1;0;1;0;0;0;1;1;-23,25778;-45,94727;"SPRF-SP";"DEL02-SP";"UOP01-DEL02-SP"
772870;2026-05-16;"sábado";"04:00:00";"SC";282;646;"SAO MIGUEL DO OESTE";"Ingestão de álcool pelo condutor";"Colisão lateral sentido oposto";"Sem Vítimas";"Plena Noite";"Decrescente";"Céu Claro";"Múltipla";"Reta";"Sim";2;0;0;0;1;1;0;2;-26,76229005;-53,49909352;"SPRF-SC";"DEL07-SC";"UOP03-DEL07-SC"
772871;2026-05-20;"quarta-feira";"07:20:00";"ES";262;22,3;"VIANA";"Demais falhas mecânicas ou elétricas";"Incêndio";"Sem Vítimas";"Pleno dia";"Decrescente";"Céu Claro";"Simples";"Curva";"Não";1;0;0;0;1;0;0;1;-20,37779424;-40,51627636;"SPRF-ES";"DEL01-ES";"UOP01-DEL01-ES"
772872;2026-05-20;"quarta-feira";"07:20:00";"RN";101;98,2;"NATAL";"Condutor deixou de manter distância do veículo da frente";"Colisão traseira";"Com Vítimas Feridas";"Pleno dia";"Decrescente";"Céu Claro";"Dupla";"Reta";"Sim";5;0;2;0;3;0;2;2;-5,867432;-35,21742;"SPRF-RN";"DEL01-RN";"UOP01-DEL01-RN"
772874;2026-05-20;"quarta-feira";"07:45:00";"AL";316;270;"SATUBA";"Ultrapassagem Indevida";"Atropelamento de Pedestre";"Com Vítimas Feridas";"Pleno dia";"Decrescente";"Céu Claro";"Simples";"Reta";"Sim";3;0;1;1;0;1;2;2;-9,57161906;-35,82527787;"SPRF-AL";"DEL02-AL";"UOP01-DEL02-AL"
772875;2026-05-20;"quarta-feira";"06:40:00";"RJ";40;66;"PETROPOLIS";"Pista Escorregadia";"Saída de leito carroçável";"Com Vítimas Feridas";"Amanhecer";"Crescente";"Chuva";"Dupla";"Reta";"Não";1;0;0;1;0;0;1;1;-22,28264367;-43,119699;"SPRF-RJ";"DEL05-RJ";"UOP02-DEL05-RJ"
772878;2026-05-20;"quarta-feira";"08:00:00";"ES";101;183,4;"ARACRUZ";"Velocidade Incompatível";"Saída de leito carroçável";"Com Vítimas Feridas";"Pleno dia";"Crescente";"Céu Claro";"Simples";"Curva";"Não";1;0;1;0;0;0;1;1;-19,650809;-40,232143;"SPRF-ES";"DEL04-ES";"UOP01-DEL04-ES"
772879;2026-05-20;"quarta-feira";"06:30:00";"SC";470;3;"NAVEGANTES";"Conversão proibida";"Colisão traseira";"Com Vítimas Feridas";"Pleno dia";"Decrescente";"Céu Claro";"Dupla";"Em Obras";"Não";3;0;2;0;1;0;2;2;-26,86928969;-48,67464558;"SPRF-SC";"DEL04-SC";"UOP04-DEL04-SC"
772880;2026-05-20;"quarta-feira";"08:00:00";"PR";369;153;"LONDRINA";"Manobra de mudança de faixa";"Colisão traseira";"Com Vítimas Feridas";"Pleno dia";"Crescente";"Garoa/Chuvisco";"Dupla";"Reta";"Sim";2;0;1;0;1;0;1;2;-23,29732322;-51,20068622;"SPRF-PR";"DEL07-PR";"UOP01-DEL07-PR"
772881;2026-05-20;"quarta-feira";"08:30:00";"RJ";116;295;"BARRA MANSA";"Velocidade Incompatível";"Colisão com objeto";"Com Vítimas Feridas";"Pleno dia";"Crescente";"Chuva";"Dupla";"Reta";"Não";1;0;1;0;0;0;1;1;-22,45541298;-44,29394469;"SPRF-RJ";"DEL07-RJ";"UOP02-DEL07-RJ"
772883;2026-05-20;"quarta-feira";"06:50:00";"RO";364;330;"JI-PARANA";"Reação tardia ou ineficiente do condutor";"Saída de leito carroçável";"Com Vítimas Feridas";"Pleno dia";"Crescente";"Céu Claro";"Simples";"Reta";"Não";1;0;0;1;0;0;1;1;-10,985856;-61,91707742;"SPRF-RO";"DEL02-RO";"UOP01-DEL02-RO"
772884;2026-05-20;"quarta-feira";"05:00:00";"CE";116;380,4;"ICO";"Animais na Pista";"Atropelamento de Animal";"Com Vítimas Feridas";"Pleno dia";"Decrescente";"Céu Claro";"Simples";"Reta;Declive";"Não";1;0;1;0;0;0;1;1;-6,436683;-38,857498;"SPRF-CE";"DEL05-CE";"UOP01-DEL05-CE"
772885;2026-05-20;"quarta-feira";"07:50:00";"PR";476;120,5;"COLOMBO";"Condutor deixou de manter distância do veículo da frente";"Colisão traseira";"Com Vítimas Feridas";"Pleno dia";"Crescente";"Nublado";"Dupla";"Reta;Interseção de Vias";"Sim";3;0;1;0;2;0;1;3;-25,373852;-49,193025;"SPRF-PR";"DEL01-PR";"UOP01-DEL01-PR"
772886;2026-05-20;"quarta-feira";"08:40:00";"CE";116;29;"AQUIRAZ";"Acessar a via sem observar a presença dos outros veículos";"Colisão lateral mesmo sentido";"Com Vítimas Feridas";"Pleno dia";"Crescente";"Céu Claro";"Múltipla";"Reta";"Não";2;0;0;1;1;0;1;2;-4,008237;-38,517731;"SPRF-CE";"DEL01-CE";"UOP02-DEL01-CE"
772887;2026-05-20;"quarta-feira";"08:15:00";"MG";262;411;"PARA DE MINAS";"Ausência de reação do condutor";"Tombamento";"Com Vítimas Feridas";"Pleno dia";"Decrescente";"Sol";"Dupla";"Reta";"Não";2;0;2;0;0;0;2;1;-19,88486;-44,73021;"SPRF-MG";"DEL08-MG";"UOP03-DEL08-MG"
772888;2026-05-20;"quarta-feira";"07:45:00";"MG";40;521,4;"CONTAGEM";"Condutor deixou de manter distância do veículo da frente";"Colisão traseira";"Com Vítimas Feridas";"Pleno dia";"Crescente";"Céu Claro";"Dupla";"Reta";"Sim";3;0;1;0;2;0;1;2;-19,85187643;-44,0725565;"SPRF-MG";"DEL01-MG";"UOP02-DEL01-MG"
772889;2026-05-20;"quarta-feira";"07:31:00";"PB";230;157,8;"CAMPINA GRANDE";"Reação tardia ou ineficiente do condutor";"Colisão traseira";"Com Vítimas Feridas";"Pleno dia";"Crescente";"Céu Claro";"Dupla";"Reta;Declive";"Sim";3;0;2;0;1;0;2;2;-7,261205;-35,923255;"SPRF-PB";"DEL02-PB";"UOP01-DEL02-PB"
772890;2026-05-20;"quarta-feira";"08:10:00";"MG";381;1;"BETIM";"Manobra de mudança de faixa";"Colisão traseira";"Com Vítimas Feridas";"Pleno dia";"Crescente";"Céu Claro";"Dupla";"Aclive;Reta";"Não";2;0;1;0;1;0;1;2;-19,96429785;-44,15807059;"SPRF-MG";"DEL01-MG";"UOP03-DEL01-MG"
772891;2026-05-20;"quarta-feira";"08:00:00";"BA";116;26,9;"VITORIA DA CONQUISTA";"Acesso irregular";"Colisão frontal";"Com Vítimas Feridas";"Pleno dia";"Crescente";"Céu Claro";"Simples";"Reta";"Sim";2;0;0;1;1;0;1;2;-14,848055;-40,811275;"SPRF-BA";"DEL08-BA";"UOP01-DEL08-BA"
772892;2026-05-20;"quarta-feira";"08:25:00";"RJ";393;239;"VASSOURAS";"Velocidade Incompatível";"Saída de leito carroçável";"Com Vítimas Feridas";"Pleno dia";"Decrescente";"Chuva";"Simples";"Curva;Declive";"Não";1;0;1;0;0;0;1;1;-22,42882517;-43,70543611;"SPRF-RJ";"DEL05-RJ";"UOP04-DEL05-RJ"
772893;2026-05-20;"quarta-feira";"09:15:00";"SP";381;54;"MAIRIPORA";"Carga excessiva e/ou mal acondicionada";"Colisão traseira";"Com Vítimas Feridas";"Pleno dia";"Decrescente";"Nublado";"Dupla";"Reta";"Não";3;0;1;0;2;0;1;3;-23,23969107;-46,60262177;"SPRF-SP";"DEL03-SP";"UOP01-DEL03-SP"
772894;2026-05-20;"quarta-feira";"09:20:00";"DF";40;6,9;"BRASILIA";"Mal súbito do condutor";"Saída de leito carroçável";"Com Vítimas Feridas";"Pleno dia";"Decrescente";"Céu Claro";"Dupla";"Reta";"Não";1;0;1;0;0;0;1;1;-16,03808;-47,97957;"SPRF-DF";"DEL01-DF";"UOP01-DEL01-DF"
772895;2026-05-20;"quarta-feira";"08:20:00";"MS";463;32,1;"PONTA PORA";"Reação tardia ou ineficiente do condutor";"Capotamento";"Sem Vítimas";"Pleno dia";"Crescente";"Céu Claro";"Simples";"Reta";"Não";1;0;0;0;1;0;0;1;-22,298928;-55,086977;"SPRF-MS";"DEL04-MS";"UOP03-DEL04-MS"
772897;2026-04-04;"sábado";"09:30:00";"MA";135;234,9;"PERITORO";"Condutor deixou de manter distância do veículo da frente";"Colisão lateral mesmo sentido";"Com Vítimas Fatais";"Pleno dia";"Crescente";"Nublado";"Simples";"Reta";"Sim";2;1;0;0;1;0;0;2;-4,448904;-44,375795;"SPRF-MA";"DEL03-MA";"UOP01-DEL03-MA"
772898;2026-04-10;"sexta-feira";"01:05:00";"RJ";101;470;"ANGRA DOS REIS";"Transitar na contramão";"Colisão frontal";"Com Vítimas Feridas";"Plena Noite";"Crescente";"Chuva";"Simples";"Curva";"Não";2;0;0;1;1;0;1;2;-23,00297143;-44,22879744;"SPRF-RJ";"DEL03-RJ";"UOP03-DEL03-RJ"
772900;2026-05-20;"quarta-feira";"10:30:00";"SP";116;141;"SAO JOSE DOS CAMPOS";"Ingestão de álcool pelo condutor";"Saída de leito carroçável";"Com Vítimas Feridas";"Pleno dia";"Decrescente";"Nublado";"Dupla";"Reta";"Não";2;0;2;0;0;0;2;1;-23,16816926;-45,81659317;"SPRF-SP";"DEL02-SP";"UOP01-DEL02-SP"
772901;2026-05-20;"quarta-feira";"05:20:00";"SC";101;101,3;"BALNEARIO PICARRAS";"Condutor Dormindo";"Saída de leito carroçável";"Com Vítimas Feridas";"Plena Noite";"Crescente";"Nublado";"Simples";"Reta;Aclive";"Não";1;0;1;0;0;0;1;1;-26,76613529;-48,68658951;"SPRF-SC";"DEL03-SC";"UOP02-DEL03-SC"
772904;2026-04-30;"quinta-feira";"19:30:00";"MS";267;12,6;"BATAGUASSU";"Reação tardia ou ineficiente do condutor";"Tombamento";"Com Vítimas Feridas";"Plena Noite";"Decrescente";"Céu Claro";"Dupla";"Reta";"Não";1;0;1;0;0;0;1;1;-21,72;-52,26;"SPRF-MS";"DEL02-MS";"UOP04-DEL02-MS"