"id";"data_inversa";"dia_semana";"horario";"uf";"br";"km";"municipio";"causa_acidente";"tipo_acidente";"classificacao_acidente";"fase_dia";"sentido_via";"condicao_metereologica";"tipo_pista";"tracado_via";"uso_solo";"pessoas";"mortos";"feridos_leves";"feridos_graves";"ilesos";"ignorados";"feridos";"veiculos";"latitude";"longitude";"regional";"delegacia";"uop"
773709;2026-05-24;"domingo";"05:50:00";"PB";101;44;"MAMANGUAPE";"Ingestão de álcool pelo condutor";"Saída de leito carroçável";"Com Vítimas Feridas";"Pleno dia";"Crescente";"Chuva";"Dupla";"Curva";"Não";1;0;0;1;0;0;1;1;-6,851717;-35,135278;"SPRF-PB";"DEL01-PB";"UOP03-DEL01-PB"
773710;2026-05-21;"quinta-feira";"06:50:00";"RJ";116;137;"MAGE";"Objeto estático sobre o leito carroçável";"Colisão com objeto";"Com Vítimas Feridas";"Pleno dia";"Crescente";"Nublado";"Dupla";"Reta";"Não";1;0;1;0;0;0;1;1;-22,64700898;-43,18991013;"SPRF-RJ";"DEL04-RJ";"UOP02-DEL04-RJ"
773711;2026-05-23;"sábado";"21:00:00";"MG";116;368,9;"FREI INOCENCIO";"Ausência de reação do condutor";"Saída de leito carroçável";"Sem Vítimas";"Plena Noite";"Crescente";"Nublado";"Simples";"Curva";"Não";1;0;0;0;0;1;0;1;-18,532476;-41,888908;"SPRF-MG";"DEL11-MG";"UOP01-DEL11-MG"
773712;2026-05-24;"domingo";"06:00:00";"MG";40;720,1;"BARBACENA";"Ausência de reação do condutor";"Queda de ocupante de veículo";"Com Vítimas Feridas";"Pleno dia";"Crescente";"Sol";"Dupla";"Curva";"Não";1;0;1;0;0;0;1;1;-21,27981721;-43,64340305;"SPRF-MG";"DEL05-MG";"UOP01-DEL05-MG"
773714;2026-05-24;"domingo";"06:00:00";"BA";116;399;"SANTA BARBARA";"Condutor deixou de manter distância do veículo da frente";"Colisão traseira";"Com Vítimas Feridas";"Pleno dia";"Crescente";"Nublado";"Dupla";"Aclive";"Sim";2;0;1;0;0;1;1;2;-12,02048883;-38,97166584;"SPRF-BA";"DEL02-BA";"UOP01-DEL02-BA"
773715;2026-05-24;"domingo";"05:05:00";"PE";232;34,8;"MORENO";"Ausência de reação do condutor";"Saída de leito carroçável";"Com Vítimas Fatais";"Amanhecer";"Crescente";"Chuva";"Múltipla";"Reta";"Sim";1;1;0;0;0;0;0;1;-8,10924384;-35,19186823;"SPRF-PE";"DEL02-PE";"UOP02-DEL02PE"
773717;2026-05-24;"domingo";"06:21:00";"TO";242;476,4;"FORMOSO DO ARAGUAIA";"Animais na Pista";"Saída de leito carroçável";"Com Vítimas Fatais";"Amanhecer";"Decrescente";"Céu Claro";"Simples";"Reta";"Não";4;1;1;0;2;0;1;1;-11,793918;-49,67663;"SPRF-TO";"DEL01-TO";"UOP02-DEL01-TO"
773718;2026-05-24;"domingo";"05:30:00";"SC";470;72;"INDAIAL";"Ingestão de álcool pelo condutor";"Saída de leito carroçável";"Com Vítimas Feridas";"Amanhecer";"Decrescente";"Céu Claro";"Simples";"Reta";"Sim";1;0;1;0;0;0;1;1;-26,8990879;-49,2656723;"SPRF-SC";"DEL04-SC";"UOP01-DEL04-SC"
773720;2026-03-13;"sexta-feira";"03:26:00";"PA";163;308;"NOVO PROGRESSO";"Pista esburacada";"Queda de ocupante de veículo";"Sem Vítimas";"Plena Noite";"Decrescente";"Céu Claro";"Simples";"Aclive;Reta";"Sim";2;0;0;0;0;2;0;1;-7,06515278;-55,40776111;"SPRF-PA";"DEL05-PA";"UOP03-DEL05-PA"
773721;2026-05-24;"domingo";"06:10:00";"SP";116;157;"SAO JOSE DOS CAMPOS";"Reação tardia ou ineficiente do condutor";"Tombamento";"Com Vítimas Feridas";"Amanhecer";"Crescente";"Chuva";"Múltipla";"Reta";"Não";1;0;1;0;0;0;1;1;-23,25453;-45,94281;"SPRF-SP";"DEL02-SP";"UOP01-DEL02-SP"
773722;2026-05-24;"domingo";"05:50:00";"MG";381;257,3;"CORONEL FABRICIANO";"Ausência de reação do condutor";"Colisão com objeto";"Com Vítimas Feridas";"Amanhecer";"Crescente";"Garoa/Chuvisco";"Simples";"Curva";"Sim";3;0;2;0;1;0;2;1;-19,53401973;-42,59771118;"SPRF-MG";"DEL03-MG";"UOP01-DEL03-MG"
773723;2026-05-24;"domingo";"06:40:00";"RJ";101;47,5;"CAMPOS DOS GOYTACAZES";"Reação tardia ou ineficiente do condutor";"Colisão com objeto";"Com Vítimas Feridas";"Pleno dia";"Decrescente";"Céu Claro";"Simples";"Reta";"Não";1;0;1;0;0;0;1;1;-21,637496;-41,312243;"SPRF-RJ";"DEL08-RJ";"UOP01-DEL08-RJ"
773724;2026-05-24;"domingo";"07:00:00";"BA";367;72;"EUNAPOLIS";"Velocidade Incompatível";"Colisão com objeto";"Com Vítimas Feridas";"Pleno dia";"Decrescente";"Céu Claro";"Simples";"Curva;Ponte";"Não";1;0;1;0;0;0;1;1;-16,38471122;-39,48894775;"SPRF-BA";"DEL09-BA";"UOP03-DEL09-BA"
773725;2026-05-24;"domingo";"06:00:00";"PR";277;221;"TEIXEIRA SOARES";"Ausência de reação do condutor";"Saída de leito carroçável";"Sem Vítimas";"Amanhecer";"Decrescente";"Chuva";"Dupla";"Reta;Declive";"Não";1;0;0;0;1;0;0;1;-25,468722;-50,399365;"SPRF-PR";"DEL08-PR";"UOP02-DEL08-PR"
773726;2026-05-24;"domingo";"04:00:00";"BA";330;803;"JEQUIE";"Velocidade Incompatível";"Saída de leito carroçável";"Com Vítimas Feridas";"Plena Noite";"Crescente";"Chuva";"Simples";"Curva";"Não";4;0;1;0;0;3;1;1;-13,960052;-39,965277;"SPRF-BA";"DEL03-BA";"UOP01-DEL03-BA"
773727;2026-05-23;"sábado";"15:05:00";"PR";163;189;"SANTA TEREZA DO OESTE";"Velocidade Incompatível";"Colisão com objeto";"Com Vítimas Feridas";"Pleno dia";"Decrescente";"Nevoeiro/Neblina";"Simples";"Viaduto";"Não";2;0;2;0;0;0;2;1;-25,08307891;-53,58478995;"SPRF-PR";"DEL05-PR";"UOP05-DEL05-PR"
773728;2026-05-24;"domingo";"00:20:00";"RO";364;6;"VILHENA";"Ausência de reação do condutor";"Atropelamento de Pedestre";"Com Vítimas Feridas";"Plena Noite";"Crescente";"Céu Claro";"Simples";"Reta;Interseção de Vias";"Não";3;0;0;1;1;1;1;2;-12,78307805;-60,09093887;"SPRF-RO";"DEL04-RO";"UOP01-DEL04-RO"
773729;2026-05-24;"domingo";"01:15:00";"RO";364;201,5;"PIMENTA BUENO";"Reação tardia ou ineficiente do condutor";"Tombamento";"Com Vítimas Feridas";"Plena Noite";"Crescente";"Céu Claro";"Simples";"Reta;Interseção de Vias";"Não";1;0;0;1;0;0;1;1;-11,640153;-61,197702;"SPRF-RO";"DEL02-RO";"UOP02-DEL02-RO"
773730;2026-05-24;"domingo";"03:30:00";"PR";369;120;"JATAIZINHO";"Ingestão de álcool pelo condutor";"Saída de leito carroçável";"Com Vítimas Feridas";"Plena Noite";"Crescente";"Nublado";"Dupla";"Curva";"Não";1;0;1;0;0;0;1;1;-23,28465415;-50,90175502;"SPRF-PR";"DEL07-PR";"UOP05-DEL07-PR"
773731;2026-05-24;"domingo";"05:10:00";"GO";153;494;"GOIANIA";"Animais na Pista";"Atropelamento de Animal";"Com Vítimas Feridas";"Amanhecer";"Crescente";"Céu Claro";"Múltipla";"Reta";"Sim";3;0;1;0;1;1;1;3;-16,656;-49,218605;"SPRF-GO";"DEL01-GO";"UOP01-DEL01-GO"
773734;2026-05-24;"domingo";"07:00:00";"GO";153;441,9;"ANAPOLIS";"Ingestão de álcool pelo condutor";"Saída de leito carroçável";"Com Vítimas Feridas";"Pleno dia";"Decrescente";"Céu Claro";"Simples";"Curva";"Não";1;0;1;0;0;0;1;1;-16,34576488;-48,92513797;"SPRF-GO";"DEL02-GO";"UOP01-DEL02-GO"
773735;2026-05-24;"domingo";"06:30:00";"PE";101;95,6;"CABO DE SANTO AGOSTINHO";"Velocidade Incompatível";"Saída de leito carroçável";"Com Vítimas Feridas";"Pleno dia";"Decrescente";"Céu Claro";"Dupla";"Reta";"Não";4;0;2;2;0;0;4;1;-8,25167;-35,0166;"SPRF-PE";"DEL01-PE";"UOP03-DEL01-PE"
773737;2026-05-24;"domingo";"05:40:00";"MT";163;779;"SORRISO";"Ausência de reação do condutor";"Saída de leito carroçável";"Sem Vítimas";"Pleno dia";"Decrescente";"Céu Claro";"Dupla";"Reta";"Não";1;0;0;0;1;0;0;1;-12,34445621;-55,59431791;"SPRF-MT";"DEL06-MT";"UOP02-DEL06-MT"
773738;2026-05-24;"domingo";"07:10:00";"SC";101;215,1;"PALHOCA";"Reação tardia ou ineficiente do condutor";"Tombamento";"Com Vítimas Feridas";"Pleno dia";"Crescente";"Céu Claro";"Dupla";"Reta";"Não";1;0;1;0;0;0;1;1;-27,652759;-48,676942;"SPRF-SC";"DEL01-SC";"UOP02-DEL01-SC"
773739;2026-05-24;"domingo";"03:20:00";"MT";174;4;"PONTES E LACERDA";"Reação tardia ou ineficiente do condutor";"Tombamento";"Sem Vítimas";"Plena Noite";"Decrescente";"Céu Claro";"Simples";"Reta";"Sim";1;0;0;0;0;1;0;1;-15,23643;-59,341055;"SPRF-MT";"DEL04-MT";"UOP01-DEL04-MT"
773740;2026-05-24;"domingo";"03:50:00";"RJ";116;176;"SAO JOAO DE MERITI";"Ausência de reação do condutor";"Queda de ocupante de veículo";"Com Vítimas Feridas";"Amanhecer";"Crescente";"Céu Claro";"Dupla";"Reta";"Não";2;0;2;0;0;0;2;1;-22,78636828;-43,37773696;"SPRF-RJ";"DEL06-RJ";"UOP01-DEL06-RJ"
773741;2026-05-24;"domingo";"07:00:00";"DF";60;19;"BRASILIA";"Ingestão de álcool pelo condutor";"Colisão lateral mesmo sentido";"Sem Vítimas";"Pleno dia";"Decrescente";"Garoa/Chuvisco";"Dupla";"Curva;Declive";"Não";5;0;0;0;5;0;0;2;-15,973622;-48,187984;"SPRF-DF";"DEL03-DF";"UOP01-DEL03-DF"
773742;2026-05-24;"domingo";"06:20:00";"MG";40;765;"JUIZ DE FORA";"Ausência de reação do condutor";"Saída de leito carroçável";"Sem Vítimas";"Amanhecer";"Crescente";"Nublado";"Simples";"Reta;Declive";"Não";1;0;0;0;1;0;0;1;-21,56055296;-43,4997654;"SPRF-MG";"DEL05-MG";"UOP01-DEL05-MG"
773743;2026-05-23;"sábado";"22:55:00";"SP";116;158;"SAO JOSE DOS CAMPOS";"Reação tardia ou ineficiente do condutor";"Colisão com objeto";"Sem Vítimas";"Plena Noite";"Crescente";"Chuva";"Múltipla";"Reta";"Não";1;0;0;0;0;1;0;1;-23,25792133;-45,94783019;"SPRF-SP";"DEL02-SP";"UOP01-DEL02-SP"
773744;2026-05-24;"domingo";"05:10:00";"RJ";116;333;"RESENDE";"Ingestão de álcool pelo condutor";"Colisão com objeto";"Com Vítimas Feridas";"Amanhecer";"Decrescente";"Nublado";"Dupla";"Curva";"Não";2;0;1;0;1;0;1;1;-22,49303939;-44,65590175;"SPRF-RJ";"DEL07-RJ";"UOP02-DEL07-RJ"
773745;2026-05-24;"domingo";"07:40:00";"RS";386;346;"LAJEADO";"Ingestão de álcool pelo condutor";"Saída de leito carroçável";"Com Vítimas Feridas";"Pleno dia";"Decrescente";"Nublado";"Dupla";"Reta;Interseção de Vias;Viaduto";"Sim";1;0;1;0;0;0;1;1;-29,446718;-51,974555;"SPRF-RS";"DEL04-RS";"UOP01-DEL04-RS"
773746;2026-05-24;"domingo";"06:42:00";"MT";364;404;"CUIABA";"Condutor Dormindo";"Saída de leito carroçável";"Com Vítimas Feridas";"Pleno dia";"Decrescente";"Nublado";"Múltipla";"Reta;Aclive;Rotatória";"Sim";2;0;0;1;0;1;1;2;-15,64145984;-56,02108866;"SPRF-MT";"DEL01-MT";"UOP02-DEL01-MT"
773747;2026-05-23;"sábado";"05:30:00";"SC";282;592,8;"SAUDADES";"Ingestão de álcool pelo condutor";"Saída de leito carroçável";"Sem Vítimas";"Plena Noite";"Crescente";"Nevoeiro/Neblina";"Simples";"Curva;Declive";"Não";1;0;0;0;0;1;0;1;-26,82597706;-53,1018392;"SPRF-SC";"DEL07-SC";"UOP02-DEL07-SC"
773748;2026-05-24;"domingo";"08:13:00";"TO";10;453,6;"PALMAS";"Ausência de reação do condutor";"Queda de ocupante de veículo";"Com Vítimas Feridas";"Pleno dia";"Crescente";"Céu Claro";"Múltipla";"Reta";"Sim";1;0;1;0;0;0;1;1;-10,319615;-48,297075;"SPRF-TO";"DEL01-TO";"UOP03-DEL01-TO"
773749;2026-05-24;"domingo";"08:40:00";"MG";40;566,5;"NOVA LIMA";"Objeto estático sobre o leito carroçável";"Tombamento";"Com Vítimas Feridas";"Pleno dia";"Crescente";"Sol";"Simples";"Reta;Declive";"Não";1;0;1;0;0;0;1;1;-20,17951454;-43,96691769;"SPRF-MG";"DEL01-MG";"UOP02-DEL01-MG"
773752;2026-05-24;"domingo";"08:30:00";"PR";376;617;"SAO JOSE DOS PINHAIS";"Reação tardia ou ineficiente do condutor";"Colisão com objeto";"Com Vítimas Feridas";"Pleno dia";"Crescente";"Garoa/Chuvisco";"Dupla";"Curva;Declive";"Não";2;0;0;1;0;1;1;2;-25,592033;-49,172053;"SPRF-PR";"DEL01-PR";"UOP04-DEL01-PR"
773754;2026-05-24;"domingo";"05:10:00";"BA";324;377;"CAPIM GROSSO";"Ingestão de álcool pelo condutor";"Saída de leito carroçável";"Com Vítimas Fatais";"Amanhecer";"Decrescente";"Nublado";"Simples";"Curva";"Não";2;1;0;1;0;0;1;1;-11,38839;-39,98644;"SPRF-BA";"DEL04-BA";"UOP02-DEL04-BA"
773755;2026-05-24;"domingo";"07:50:00";"SP";381;75;"SAO PAULO";"Ausência de reação do condutor";"Saída de leito carroçável";"Com Vítimas Feridas";"Pleno dia";"Decrescente";"Chuva";"Dupla";"Curva";"Não";2;0;2;0;0;0;2;1;-23,36878566;-46,55440299;"SPRF-SP";"DEL03-SP";"UOP01-DEL03-SP"
773756;2026-05-16;"sábado";"16:36:00";"MG";116;408,9;"GOVERNADOR VALADARES";"Carga excessiva e/ou mal acondicionada";"Eventos atípicos";"Sem Vítimas";"Pleno dia";"Crescente";"Nublado";"Dupla";"Reta;Interseção de Vias";"Sim";2;0;0;0;2;0;0;2;-18,846201;-41,98072;"SPRF-MG";"DEL06-MG";"UOP01-DEL06-MG"
773757;2026-05-24;"domingo";"08:00:00";"CE";20;395;"CAUCAIA";"Reação tardia ou ineficiente do condutor";"Colisão transversal";"Com Vítimas Fatais";"Pleno dia";"Crescente";"Céu Claro";"Simples";"Reta";"Não";3;1;0;2;0;0;2;2;-3,823847;-38,747968;"SPRF-CE";"DEL01-CE";"UOP01-DEL01-CE"
773758;2026-05-24;"domingo";"09:05:00";"SP";153;98;"JOSE BONIFACIO";"Ausência de reação do condutor";"Saída de leito carroçável";"Com Vítimas Feridas";"Pleno dia";"Crescente";"Céu Claro";"Dupla";"Reta;Declive";"Não";1;0;1;0;0;0;1;1;-20,99229489;-49,62373392;"SPRF-SP";"DEL09-SP";"UOP01-DEL09-SP"
773759;2026-05-24;"domingo";"06:35:00";"PE";232;129;"CARUARU";"Reação tardia ou ineficiente do condutor";"Saída de leito carroçável";"Com Vítimas Fatais";"Pleno dia";"Decrescente";"Chuva";"Simples";"Viaduto";"Sim";2;2;0;0;0;0;0;1;-8,30155;-35,98749;"SPRF-PE";"DEL02-PE";"UOP03-DEL02-PE"
773760;2026-05-24;"domingo";"04:00:00";"RJ";40;109;"DUQUE DE CAXIAS";"Reação tardia ou ineficiente do condutor";"Colisão traseira";"Com Vítimas Feridas";"Plena Noite";"Crescente";"Céu Claro";"Múltipla";"Reta";"Sim";6;0;2;0;4;0;2;2;-22,68025244;-43,28599858;"SPRF-RJ";"DEL01-RJ";"UOP02-DEL01-RJ"
773761;2026-05-23;"sábado";"18:20:00";"RJ";40;115;"DUQUE DE CAXIAS";"Condutor deixou de manter distância do veículo da frente";"Engavetamento";"Com Vítimas Feridas";"Anoitecer";"Crescente";"Nublado";"Dupla";"Reta";"Sim";9;0;1;0;8;0;1;3;-22,783146;-43,307419;"SPRF-RJ";"DEL01-RJ";"UOP02-DEL01-RJ"
773764;2026-05-24;"domingo";"07:40:00";"SP";116;450;"REGISTRO";"Condutor Dormindo";"Saída de leito carroçável";"Com Vítimas Feridas";"Pleno dia";"Crescente";"Nublado";"Dupla";"Reta";"Não";1;0;1;0;0;0;1;1;-24,53201951;-47,85757033;"SPRF-SP";"DEL05-SP";"UOP01-DEL05-SP"
773766;2026-05-24;"domingo";"09:48:00";"PA";230;6,4;"ALTAMIRA";"Reação tardia ou ineficiente do condutor";"Colisão lateral mesmo sentido";"Com Vítimas Feridas";"Pleno dia";"Crescente";"Céu Claro";"Simples";"Reta";"Sim";2;0;1;0;1;0;1;2;-3,18961;-52,20957;"SPRF-PA";"DEL04-PA";"UOP01-DEL04-PA"
773767;2026-05-24;"domingo";"07:30:00";"MA";230;446,8;"RIACHAO";"Ultrapassagem Indevida";"Colisão traseira";"Com Vítimas Feridas";"Pleno dia";"Decrescente";"Céu Claro";"Simples";"Reta";"Não";3;0;1;1;1;0;2;3;-7,40199;-46,401875;"SPRF-MA";"DEL05-MA";"UOP01-DEL05-MA"
773768;2026-05-24;"domingo";"09:50:00";"DF";70;12;"BRASILIA";"Acumulo de água sobre o pavimento";"Colisão transversal";"Com Vítimas Feridas";"Pleno dia";"Decrescente";"Garoa/Chuvisco";"Múltipla";"Reta";"Sim";4;0;1;0;2;1;1;3;-15,79303;-48,16029;"SPRF-DF";"DEL03-DF";"UOP02-DEL03-DF"
773770;2026-05-24;"domingo";"09:40:00";"PR";116;47;"CAMPINA GRANDE DO SUL";"Velocidade Incompatível";"Capotamento";"Com Vítimas Feridas";"Pleno dia";"Crescente";"Chuva";"Dupla";"Curva";"Não";2;0;1;0;1;0;1;1;-25,2108983;-48,8969767;"SPRF-PR";"DEL01-PR";"UOP02-DEL01-PR"
773772;2026-05-24;"domingo";"09:22:00";"SC";101;154;"PORTO BELO";"Reação tardia ou ineficiente do condutor";"Colisão com objeto";"Com Vítimas Feridas";"Pleno dia";"Decrescente";"Céu Claro";"Múltipla";"Reta";"Sim";1;0;1;0;0;0;1;1;-27,15781256;-48,61090628;"SPRF-SC";"DEL04-SC";"UOP03-DEL04-SC"
773773;2026-05-24;"domingo";"09:00:00";"SP";116;503;"CAJATI";"Reação tardia ou ineficiente do condutor";"Capotamento";"Com Vítimas Feridas";"Pleno dia";"Crescente";"Chuva";"Múltipla";"Curva";"Não";2;0;2;0;0;0;2;1;-24,78933765;-48,21004361;"SPRF-SP";"DEL05-SP";"UOP02-DEL05-SP"
773775;2026-05-16;"sábado";"12:20:00";"MG";50;118;"UBERABA";"Ausência de reação do condutor";"Queda de ocupante de veículo";"Com Vítimas Feridas";"Pleno dia";"Decrescente";"Céu Claro";"Dupla";"Reta;Retorno Regulamentado";"Não";1;0;0;1;0;0;1;1;-19,299049;-48,114243;"SPRF-MG";"DEL13-MG";"UOP01-DEL13-MG"
773777;2026-05-23;"sábado";"20:00:00";"RJ";116;169;"RIO DE JANEIRO";"Frear bruscamente";"Colisão traseira";"Com Vítimas Feridas";"Plena Noite";"Crescente";"Nublado";"Simples";"Reta";"Sim";4;0;1;0;3;0;1;2;-22,81731765;-43,31801569;"SPRF-RJ";"DEL06-RJ";"UOP01-DEL06-RJ"
773779;2026-05-24;"domingo";"11:07:00";"PB";230;20;"JOAO PESSOA";"Frear bruscamente";"Tombamento";"Com Vítimas Feridas";"Pleno dia";"Decrescente";"Sol";"Dupla";"Reta";"Sim";2;0;2;0;0;0;2;1;-7,136948;-34,854015;"SPRF-PB";"DEL01-PB";"UOP01-DEL01-PB"
773782;2026-05-24;"domingo";"12:00:00";"PE";101;158;"GAMELEIRA";"Manobra de mudança de faixa";"Colisão lateral mesmo sentido";"Com Vítimas Fatais";"Pleno dia";"Crescente";"Céu Claro";"Dupla";"Aclive;Reta";"Não";2;1;0;1;0;0;1;2;-8,55226;-35,413433;"SPRF-PE";"DEL01-PE";"UOP03-DEL01-PE"
773784;2026-05-24;"domingo";"12:20:00";"SC";470;111,2;"IBIRAMA";"Velocidade Incompatível";"Colisão com objeto";"Com Vítimas Feridas";"Pleno dia";"Decrescente";"Nublado";"Simples";"Curva";"Não";1;0;0;1;0;0;1;1;-27,09931228;-49,46177356;"SPRF-SC";"DEL04-SC";"UOP02-DEL04-SC"
773785;2026-05-24;"domingo";"12:10:00";"PR";116;21;"ANTONINA";"Reação tardia ou ineficiente do condutor";"Capotamento";"Com Vítimas Feridas";"Pleno dia";"Crescente";"Garoa/Chuvisco";"Dupla";"Reta";"Não";3;0;3;0;0;0;3;1;-25,1026749;-48,7359184;"SPRF-PR";"DEL01-PR";"UOP02-DEL01-PR"
773786;2026-05-24;"domingo";"12:30:00";"MG";40;561,4;"NOVA LIMA";"Velocidade Incompatível";"Colisão com objeto";"Com Vítimas Feridas";"Pleno dia";"Crescente";"Céu Claro";"Dupla";"Reta";"Sim";1;0;1;0;0;0;1;1;-20,13657659;-43,96215677;"SPRF-MG";"DEL01-MG";"UOP02-DEL01-MG"
773787;2026-05-24;"domingo";"12:50:00";"RS";116;268;"CANOAS";"Ingestão de álcool pelo condutor";"Colisão com objeto";"Sem Vítimas";"Pleno dia";"Decrescente";"Nublado";"Dupla";"Reta";"Sim";1;0;0;0;0;1;0;1;-29,9469164;-51,1765901;"SPRF-RS";"DEL01-RS";"UOP01-DEL01-RS"
773788;2026-05-24;"domingo";"07:57:00";"MT";174;112;"CACERES";"Condutor Dormindo";"Colisão lateral sentido oposto";"Com Vítimas Feridas";"Pleno dia";"Decrescente";"Céu Claro";"Simples";"Reta";"Não";2;0;1;0;1;0;1;2;-15,857086;-57,841752;"SPRF-MT";"DEL03-MT";"UOP01-DEL03-MT"
773789;2026-05-24;"domingo";"12:51:00";"PE";101;51;"ABREU E LIMA";"Acesso irregular";"Colisão transversal";"Com Vítimas Feridas";"Pleno dia";"Decrescente";"Céu Claro";"Múltipla";"Reta";"Não";2;0;0;1;1;0;1;2;-7,9173481;-34,89658427;"SPRF-PE";"DEL01-PE";"UOP02-DEL01-PE"
773790;2026-05-24;"domingo";"11:00:00";"PR";163;260,5;"TOLEDO";"Demais falhas mecânicas ou elétricas";"Tombamento";"Com Vítimas Feridas";"Pleno dia";"Decrescente";"Nublado";"Dupla";"Reta";"Não";2;0;2;0;0;0;2;1;-24,63534;-53,86686;"SPRF-PR";"DEL06-PR";"UOP02-DEL06-PR"
773791;2026-05-24;"domingo";"13:40:00";"MG";381;350;"JOAO MONLEVADE";"Acessar a via sem observar a presença dos outros veículos";"Colisão transversal";"Com Vítimas Feridas";"Pleno dia";"Crescente";"Céu Claro";"Simples";"Reta;Interseção de Vias";"Sim";4;0;1;0;3;0;1;2;-19,83979067;-43,17969883;"SPRF-MG";"DEL03-MG";"UOP01-DEL03-MG"
773793;2026-04-14;"terça-feira";"12:20:00";"GO";153;512;"APARECIDA DE GOIANIA";"Condutor deixou de manter distância do veículo da frente";"Colisão lateral mesmo sentido";"Com Vítimas Feridas";"Pleno dia";"Crescente";"Céu Claro";"Dupla";"Reta";"Não";2;0;0;1;1;0;1;2;-16,83538712;-49,2435058;"SPRF-GO";"DEL01-GO";"UOP03-DEL01-GO"
773794;2026-05-24;"domingo";"14:20:00";"ES";101;145,8;"LINHARES";"Manobra de mudança de faixa";"Colisão lateral mesmo sentido";"Com Vítimas Feridas";"Pleno dia";"Decrescente";"Céu Claro";"Dupla";"Reta";"Sim";5;0;1;0;4;0;1;2;-19,365785;-40,064915;"SPRF-ES";"DEL04-ES";"UOP01-DEL04-ES"
773795;2026-05-24;"domingo";"03:00:00";"MA";226;111,6;"CAXIAS";"Objeto estático sobre o leito carroçável";"Queda de ocupante de veículo";"Com Vítimas Fatais";"Plena Noite";"Decrescente";"Céu Claro";"Simples";"Reta;Aclive";"Não";1;1;0;0;0;0;0;1;-5,288818;-43,75309;"SPRF-MA";"DEL03-MA";"UOP02-DEL03-MA"
773801;2026-05-24;"domingo";"12:10:00";"RJ";101;482;"ANGRA DOS REIS";"Acessar a via sem observar a presença dos outros veículos";"Colisão lateral mesmo sentido";"Com Vítimas Feridas";"Pleno dia";"Decrescente";"Nublado";"Simples";"Reta";"Sim";2;0;0;1;1;0;1;2;-23,00037697;-44,29890124;"SPRF-RJ";"DEL03-RJ";"UOP03-DEL03-RJ"
773804;2026-05-24;"domingo";"14:35:00";"SC";470;57,5;"BLUMENAU";"Acessar a via sem observar a presença dos outros veículos";"Colisão transversal";"Com Vítimas Feridas";"Pleno dia";"Decrescente";"Nublado";"Dupla";"Interseção de Vias;Rotatória";"Sim";2;0;1;0;1;0;1;2;-26,88307877;-49,14191723;"SPRF-SC";"DEL04-SC";"UOP01-DEL04-SC"
773806;2026-05-24;"domingo";"12:50:00";"MA";226;279,4;"BARRA DO CORDA";"Condutor Dormindo";"Queda de ocupante de veículo";"Com Vítimas Feridas";"Pleno dia";"Crescente";"Céu Claro";"Simples";"Curva;Aclive";"Não";1;0;0;1;0;0;1;1;-5,43975;-45,09346;"SPRF-MA";"DEL06-MA";"UOP01-DEL06-MA"
773808;2026-05-24;"domingo";"04:50:00";"PE";424;6;"ARCOVERDE";"Curva acentuada";"Saída de leito carroçável";"Com Vítimas Feridas";"Amanhecer";"Decrescente";"Céu Claro";"Simples";"Curva";"Não";1;0;1;0;0;0;1;1;-8,47298776;-37,04021215;"SPRF-PE";"DEL04-PE";"UOP02-DEL04-PE"
773809;2026-05-24;"domingo";"14:30:00";"RN";101;102,5;"PARNAMIRIM";"Demais falhas mecânicas ou elétricas";"Queda de ocupante de veículo";"Com Vítimas Feridas";"Pleno dia";"Decrescente";"Céu Claro";"Dupla";"Reta";"Sim";2;0;2;0;0;0;2;1;-5,88983351;-35,24590979;"SPRF-RN";"DEL01-RN";"UOP01-DEL01-RN"
773810;2026-05-24;"domingo";"13:50:00";"PR";277;290,3;"PRUDENTOPOLIS";"Acessar a via sem observar a presença dos outros veículos";"Colisão transversal";"Com Vítimas Feridas";"Pleno dia";"Crescente";"Nublado";"Simples";"Curva;Aclive";"Não";5;0;1;0;4;0;1;2;-25,31606858;-51,00254774;"SPRF-PR";"DEL08-PR";"UOP02-DEL08-PR"
773811;2026-05-24;"domingo";"15:15:00";"SP";381;34;"ATIBAIA";"Ausência de reação do condutor";"Saída de leito carroçável";"Com Vítimas Feridas";"Pleno dia";"Crescente";"Nublado";"Dupla";"Curva";"Sim";2;0;1;0;1;0;1;1;-23,07636062;-46,56659095;"SPRF-SP";"DEL03-SP";"UOP02-DEL03-SP"
773816;2026-05-24;"domingo";"15:00:00";"SC";282;160;"BOM RETIRO";"Acessar a via sem observar a presença dos outros veículos";"Colisão transversal";"Com Vítimas Fatais";"Pleno dia";"Decrescente";"Céu Claro";"Simples";"Reta";"Não";4;1;1;0;1;1;1;3;-27,7346233;-49,753395;"SPRF-SC";"DEL05-SC";"UOP01-DEL05-SC"
773817;2026-05-24;"domingo";"15:30:00";"RS";293;343;"SANTANA DO LIVRAMENTO";"Ingestão de álcool pelo condutor";"Saída de leito carroçável";"Sem Vítimas";"Pleno dia";"Decrescente";"Nublado";"Simples";"Reta";"Não";1;0;0;0;1;0;0;1;-30,8460027;-55,5590629;"SPRF-RS";"DEL11-RS";"UOP01-DEL11-RS"
773818;2026-05-24;"domingo";"15:00:00";"AL";104;65;"MURICI";"Demais falhas mecânicas ou elétricas";"Colisão traseira";"Com Vítimas Feridas";"Pleno dia";"Decrescente";"Nublado";"Simples";"Curva";"Não";4;0;4;0;0;0;4;2;-9,33035872;-35,90447299;"SPRF-AL";"DEL01-AL";"UOP02-DEL01-AL"