"id";"data_inversa";"dia_semana";"horario";"uf";"br";"km";"municipio";"causa_acidente";"tipo_acidente";"classificacao_acidente";"fase_dia";"sentido_via";"condicao_metereologica";"tipo_pista";"tracado_via";"uso_solo";"pessoas";"mortos";"feridos_leves";"feridos_graves";"ilesos";"ignorados";"feridos";"veiculos";"latitude";"longitude";"regional";"delegacia";"uop"
773821;2026-05-24;"domingo";"16:27:00";"PE";232;6,8;"RECIFE";"Manobra de mudança de faixa";"Colisão lateral mesmo sentido";"Com Vítimas Feridas";"Pleno dia";"Crescente";"Nublado";"Múltipla";"Reta";"Sim";3;0;1;0;1;1;1;2;-8,0727;-34,95958;"SPRF-PE";"DEL01-PE";"UOP01-DEL01-PE"
773822;2026-05-24;"domingo";"16:02:00";"SP";116;541;"BARRA DO TURVO";"Reação tardia ou ineficiente do condutor";"Colisão com objeto";"Com Vítimas Feridas";"Pleno dia";"Crescente";"Chuva";"Dupla";"Curva";"Não";3;0;1;0;2;0;1;1;-24,97294474;-48,40059981;"SPRF-SP";"DEL05-SP";"UOP02-DEL05-SP"
773823;2026-05-24;"domingo";"14:40:00";"SC";116;107,5;"MONTE CASTELO";"Ausência de reação do condutor";"Saída de leito carroçável";"Com Vítimas Feridas";"Pleno dia";"Decrescente";"Nublado";"Simples";"Curva;Declive";"Não";1;0;1;0;0;0;1;1;-26,75495;-50,33345;"SPRF-SC";"DEL06-SC";"UOP02-DEL06-SC"
773824;2026-05-24;"domingo";"14:10:00";"RO";364;635;"CANDEIAS DO JAMARI";"Condutor deixou de manter distância do veículo da frente";"Colisão traseira";"Sem Vítimas";"Pleno dia";"Decrescente";"Céu Claro";"Simples";"Reta";"Não";2;0;0;0;2;0;0;2;-9,05679107;-63,40826735;"SPRF-RO";"DEL01-RO";"UOP04-DEL01-RO"
773825;2026-05-24;"domingo";"16:20:00";"RN";101;63,5;"EXTREMOZ";"Avarias e/ou desgaste excessivo no pneu";"Tombamento";"Com Vítimas Feridas";"Pleno dia";"Decrescente";"Céu Claro";"Simples";"Reta";"Não";2;0;2;0;0;0;2;1;-5,627337;-35,249105;"SPRF-RN";"DEL02-RN";"UOP01-DEL02-RN"
773826;2026-05-24;"domingo";"15:30:00";"SP";116;516;"CAJATI";"Reação tardia ou ineficiente do condutor";"Capotamento";"Com Vítimas Feridas";"Pleno dia";"Decrescente";"Nevoeiro/Neblina";"Dupla";"Curva;Declive";"Não";2;0;1;0;1;0;1;1;-24,87123142;-48,21031921;"SPRF-SP";"DEL05-SP";"UOP02-DEL05-SP"
773828;2026-05-24;"domingo";"17:10:00";"PB";230;8;"CABEDELO";"Ausência de reação do condutor";"Colisão traseira";"Sem Vítimas";"Pleno dia";"Crescente";"Garoa/Chuvisco";"Dupla";"Curva";"Não";2;0;0;0;2;0;0;2;-7,03;-34,84;"SPRF-PB";"DEL01-PB";"UOP01-DEL01-PB"
773829;2026-05-24;"domingo";"16:55:00";"MG";40;554,7;"NOVA LIMA";"Ausência de reação do condutor";"Colisão lateral mesmo sentido";"Sem Vítimas";"Pleno dia";"Decrescente";"Céu Claro";"Dupla";"Reta";"Sim";5;0;0;0;3;2;0;3;-20,0833114;-43,97886157;"SPRF-MG";"DEL01-MG";"UOP02-DEL01-MG"
773831;2026-04-26;"domingo";"09:40:00";"DF";70;19,4;"BRASILIA";"Ausência de reação do condutor";"Saída de leito carroçável";"Com Vítimas Feridas";"Pleno dia";"Crescente";"Céu Claro";"Simples";"Reta;Aclive";"Não";3;0;2;0;0;1;2;2;-15,794956;-48,199192;"SPRF-DF";"DEL03-DF";"UOP02-DEL03-DF"
773833;2026-05-24;"domingo";"17:15:00";"SP";116;70;"APARECIDA";"Objeto estático sobre o leito carroçável";"Colisão com objeto";"Com Vítimas Feridas";"Pleno dia";"Crescente";"Garoa/Chuvisco";"Dupla";"Curva";"Não";1;0;1;0;0;0;1;1;-22,850008;-45,227289;"SPRF-SP";"DEL08-SP";"UOP01-DEL08-SP"
773836;2026-05-24;"domingo";"17:00:00";"PR";277;10,8;"PARANAGUA";"Velocidade Incompatível";"Saída de leito carroçável";"Com Vítimas Feridas";"Anoitecer";"Crescente";"Chuva";"Múltipla";"Curva";"Não";2;0;2;0;0;0;2;1;-25,56830435;-48,61810684;"SPRF-PR";"DEL01-PR";"UOP05-DEL01-PR"
773840;2026-05-24;"domingo";"16:40:00";"MG";251;470,2;"GRAO MOGOL";"Velocidade Incompatível";"Colisão com objeto";"Com Vítimas Feridas";"Anoitecer";"Crescente";"Céu Claro";"Simples";"Reta";"Não";3;0;1;2;0;0;3;1;-16,4748;-43,4086567;"SPRF-MG";"DEL12-MG";"UOP01-DEL12-MG"
773841;2026-05-24;"domingo";"14:30:00";"SC";470;191;"POUSO REDONDO";"Retorno proibido";"Colisão transversal";"Com Vítimas Feridas";"Pleno dia";"Decrescente";"Sol";"Simples";"Reta";"Não";2;0;0;1;1;0;1;2;-27,29021508;-50,07807478;"SPRF-SC";"DEL04-SC";"UOP02-DEL04-SC"
773844;2026-05-24;"domingo";"17:10:00";"PR";376;441;"TIBAGI";"Reação tardia ou ineficiente do condutor";"Saída de leito carroçável";"Sem Vítimas";"Anoitecer";"Crescente";"Garoa/Chuvisco";"Dupla";"Curva";"Não";1;0;0;0;1;0;0;1;-24,85654;-50,45929;"SPRF-PR";"DEL03-PR";"UOP02-DEL03-PR"
773846;2026-05-24;"domingo";"14:00:00";"CE";304;48,2;"ARACATI";"Ingestão de álcool pelo condutor";"Colisão transversal";"Com Vítimas Fatais";"Pleno dia";"Crescente";"Céu Claro";"Dupla";"Reta";"Não";2;1;0;0;1;0;0;2;-4,579379;-37,778489;"SPRF-CE";"DEL03-CE";"UOP02-DEL03-CE"
773849;2026-05-24;"domingo";"16:00:00";"RS";116;134;"CAXIAS DO SUL";"Ausência de reação do condutor";"Colisão com objeto";"Com Vítimas Feridas";"Pleno dia";"Decrescente";"Céu Claro";"Simples";"Curva";"Não";1;0;1;0;0;0;1;1;-29,07169428;-51,10253898;"SPRF-RS";"DEL05-RS";"UOP01-DEL05-RS"
773850;2026-05-24;"domingo";"16:50:00";"RO";364;192,4;"PIMENTA BUENO";"Condutor deixou de manter distância do veículo da frente";"Colisão traseira";"Com Vítimas Feridas";"Pleno dia";"Crescente";"Sol";"Simples";"Reta";"Sim";6;0;1;1;4;0;2;2;-11,708903;-61,161213;"SPRF-RO";"DEL02-RO";"UOP02-DEL02-RO"
773851;2026-05-24;"domingo";"18:00:00";"SC";101;41,3;"JOINVILLE";"Ausência de reação do condutor";"Colisão com objeto";"Com Vítimas Feridas";"Anoitecer";"Crescente";"Garoa/Chuvisco";"Dupla";"Curva";"Sim";1;0;1;0;0;0;1;1;-26,31751541;-48,87288921;"SPRF-SC";"DEL03-SC";"UOP01-DEL03-SC"
773852;2026-05-24;"domingo";"16:20:00";"GO";153;187,4;"URUACU";"Avarias e/ou desgaste excessivo no pneu";"Queda de ocupante de veículo";"Com Vítimas Feridas";"Pleno dia";"Crescente";"Céu Claro";"Simples";"Reta";"Não";2;0;2;0;0;0;2;1;-14,42033095;-49,15724158;"SPRF-GO";"DEL07-GO";"UOP02-DEL07-GO"
773853;2026-05-24;"domingo";"17:20:00";"SC";282;343,1;"CAMPOS NOVOS";"Velocidade Incompatível";"Saída de leito carroçável";"Com Vítimas Feridas";"Pleno dia";"Crescente";"Céu Claro";"Simples";"Rotatória";"Sim";1;0;0;1;0;0;1;1;-27,385648;-51,234937;"SPRF-SC";"DEL07-SC";"UOP06-DEL07-SC"
773854;2026-05-24;"domingo";"17:30:00";"RJ";101;315;"SAO GONCALO";"Reação tardia ou ineficiente do condutor";"Colisão traseira";"Com Vítimas Feridas";"Anoitecer";"Crescente";"Céu Claro";"Dupla";"Reta";"Sim";3;0;1;0;2;0;1;2;-22,82032994;-43,08220832;"SPRF-RJ";"DEL02-RJ";"UOP02-DEL02-RJ"
773855;2026-05-24;"domingo";"18:40:00";"MG";381;328;"NOVA ERA";"Velocidade Incompatível";"Colisão transversal";"Com Vítimas Feridas";"Plena Noite";"Crescente";"Céu Claro";"Simples";"Curva";"Não";2;0;1;1;0;0;2;2;-19,79111;-43,05452;"SPRF-MG";"DEL03-MG";"UOP01-DEL03-MG"
773859;2026-05-24;"domingo";"16:10:00";"PR";376;468,6;"PONTA GROSSA";"Velocidade Incompatível";"Saída de leito carroçável";"Sem Vítimas";"Pleno dia";"Crescente";"Chuva";"Dupla";"Curva;Aclive;Viaduto";"Não";1;0;0;0;1;0;0;1;-25,03613115;-50,29764685;"SPRF-PR";"DEL03-PR";"UOP01-DEL03-PR"
773861;2026-05-24;"domingo";"17:00:00";"MG";381;156,6;"GOVERNADOR VALADARES";"Ultrapassagem Indevida";"Colisão frontal";"Com Vítimas Fatais";"Pleno dia";"Crescente";"Nublado";"Simples";"Reta";"Não";3;2;0;1;0;0;1;2;-18,919746;-42,014914;"SPRF-MG";"DEL06-MG";"UOP01-DEL06-MG"
773862;2026-05-24;"domingo";"18:10:00";"DF";20;20,5;"BRASILIA";"Acessar a via sem observar a presença dos outros veículos";"Colisão transversal";"Com Vítimas Feridas";"Plena Noite";"Crescente";"Céu Claro";"Múltipla";"Reta";"Sim";2;0;1;0;1;0;1;2;-15,60433892;-47,68706767;"SPRF-DF";"DEL02-DF";"UOP01-DEL02-DF"
773864;2026-05-24;"domingo";"18:23:00";"SP";116;512,8;"CAJATI";"Pedestre andava na pista";"Atropelamento de Pedestre";"Com Vítimas Fatais";"Plena Noite";"Decrescente";"Garoa/Chuvisco";"Dupla";"Curva;Declive";"Não";2;1;0;0;1;0;0;2;-24,84895667;-48,21142897;"SPRF-SP";"DEL05-SP";"UOP02-DEL05-SP"
773865;2026-05-24;"domingo";"18:30:00";"PE";101;41,3;"IGARASSU";"Ausência de sinalização";"Colisão traseira";"Com Vítimas Feridas";"Plena Noite";"Crescente";"Chuva";"Dupla";"Reta";"Sim";3;0;1;0;1;1;1;3;-7,8377;-34,91257;"SPRF-PE";"DEL01-PE";"UOP02-DEL01-PE"
773866;2026-05-24;"domingo";"19:00:00";"PI";402;33,9;"PARNAIBA";"Entrada inopinada do pedestre";"Atropelamento de Pedestre";"Com Vítimas Feridas";"Plena Noite";"Decrescente";"Céu Claro";"Simples";"Reta";"Sim";2;0;1;0;0;1;1;2;-2,94005929;-41,74098118;"SPRF-PI";"DEL05-PI";"UOP01-DEL05-PI"
773867;2026-05-24;"domingo";"17:45:00";"BA";116;277;"TUCANO";"Ingestão de álcool pelo condutor";"Colisão traseira";"Com Vítimas Feridas";"Plena Noite";"Crescente";"Céu Claro";"Simples";"Reta";"Não";3;0;1;0;2;0;1;2;-10,988562;-38,801328;"SPRF-BA";"DEL07-BA";"UOP02-DEL07-BA"
773868;2026-05-24;"domingo";"18:00:00";"PR";153;0,3;"IMBITUVA";"Ausência de reação do condutor";"Tombamento";"Com Vítimas Feridas";"Anoitecer";"Crescente";"Nublado";"Simples";"Curva";"Não";1;0;1;0;0;0;1;1;-25,241839;-50,619874;"SPRF-PR";"DEL08-PR";"UOP02-DEL08-PR"
773869;2026-05-24;"domingo";"18:00:00";"SP";459;20;"LORENA";"Transitar na contramão";"Colisão lateral sentido oposto";"Com Vítimas Feridas";"Anoitecer";"Decrescente";"Céu Claro";"Simples";"Curva;Declive";"Não";7;0;4;0;3;0;4;2;-22,64618;-45,14487;"SPRF-SP";"DEL08-SP";"UOP02-DEL08-SP"
773870;2026-05-17;"domingo";"02:10:00";"MG";40;431;"PARAOPEBA";"Ausência de reação do condutor";"Colisão com objeto";"Com Vítimas Feridas";"Plena Noite";"Decrescente";"Céu Claro";"Dupla";"Reta";"Não";4;0;1;2;0;1;3;2;-19,201;-44,474;"SPRF-MG";"DEL02-MG";"UOP01-DEL02-MG"
773871;2026-05-24;"domingo";"17:55:00";"RO";319;57;"PORTO VELHO";"Condutor deixou de manter distância do veículo da frente";"Colisão traseira";"Com Vítimas Feridas";"Anoitecer";"Crescente";"Céu Claro";"Simples";"Ponte";"Não";2;0;1;0;1;0;1;2;-8,73774816;-63,921127;"SPRF-RO";"DEL01-RO";"UOP01-DEL01-RO"
773872;2026-05-24;"domingo";"19:00:00";"RJ";101;39;"CAMPOS DOS GOYTACAZES";"Animais na Pista";"Atropelamento de Animal";"Sem Vítimas";"Plena Noite";"Crescente";"Céu Claro";"Simples";"Reta";"Não";1;0;0;0;1;0;0;1;-21,543358;-41,340731;"SPRF-RJ";"DEL08-RJ";"UOP01-DEL08-RJ"
773873;2026-05-24;"domingo";"19:25:00";"ES";101;130;"LINHARES";"Ultrapassagem Indevida";"Queda de ocupante de veículo";"Com Vítimas Feridas";"Plena Noite";"Crescente";"Céu Claro";"Simples";"Reta";"Não";1;0;0;1;0;0;1;1;-19,228093;-40,092928;"SPRF-ES";"DEL04-ES";"UOP01-DEL04-ES"
773875;2026-05-24;"domingo";"18:28:00";"SC";101;147;"ITAPEMA";"Ausência de reação do condutor";"Tombamento";"Com Vítimas Feridas";"Plena Noite";"Crescente";"Nublado";"Dupla";"Reta";"Sim";2;0;2;0;0;0;2;1;-27,09134;-48,61698;"SPRF-SC";"DEL04-SC";"UOP03-DEL04-SC"
773876;2026-05-24;"domingo";"19:00:00";"TO";153;623;"ALIANCA DO TOCANTINS";"Entrada inopinada do pedestre";"Atropelamento de Pedestre";"Com Vítimas Feridas";"Plena Noite";"Crescente";"Ignorado";"Dupla";"Reta";"Sim";2;0;0;1;1;0;1;2;-11,30254107;-48,94026931;"SPRF-TO";"DEL01-TO";"UOP02-DEL01-TO"
773877;2026-05-24;"domingo";"18:40:00";"PE";428;144,9;"PETROLINA";"Ausência de sinalização";"Colisão frontal";"Com Vítimas Fatais";"Plena Noite";"Crescente";"Céu Claro";"Simples";"Reta;Em Obras";"Não";5;1;0;0;0;4;0;3;-9,03378;-40,28996;"SPRF-PE";"DEL06-PE";"UOP01-DEL06-PE"
773878;2026-05-24;"domingo";"19:20:00";"SC";282;3,1;"FLORIANOPOLIS";"Manobra de mudança de faixa";"Colisão lateral mesmo sentido";"Com Vítimas Feridas";"Plena Noite";"Decrescente";"Nublado";"Dupla";"Reta";"Sim";2;0;1;0;1;0;1;2;-27,600027;-48,59988;"SPRF-SC";"DEL01-SC";"UOP01-DEL01-SC"
773879;2026-05-24;"domingo";"18:00:00";"BA";415;22;"ILHEUS";"Condutor deixou de manter distância do veículo da frente";"Colisão traseira";"Sem Vítimas";"Anoitecer";"Crescente";"Céu Claro";"Dupla";"Reta";"Não";2;0;0;0;1;1;0;2;-14,79929;-39,169075;"SPRF-BA";"DEL05-BA";"UOP01-DEL05-BA"
773880;2026-05-24;"domingo";"19:20:00";"PR";369;188;"ARAPONGAS";"Condutor deixou de manter distância do veículo da frente";"Colisão traseira";"Sem Vítimas";"Plena Noite";"Decrescente";"Nevoeiro/Neblina";"Simples";"Reta";"Sim";2;0;0;0;2;0;0;2;-23,42685645;-51,42319322;"SPRF-PR";"DEL07-PR";"UOP03-DEL07-PR"
773881;2026-05-24;"domingo";"19:28:00";"SC";101;146;"ITAPEMA";"Trafegar com motocicleta (ou similar) entre as faixas";"Colisão traseira";"Com Vítimas Feridas";"Anoitecer";"Crescente";"Nublado";"Dupla";"Reta";"Sim";2;0;1;0;1;0;1;2;-27,08708289;-48,61026255;"SPRF-SC";"DEL04-SC";"UOP03-DEL04-SC"
773882;2026-05-24;"domingo";"19:30:00";"PR";277;75;"SAO JOSE DOS PINHAIS";"Acessar a via sem observar a presença dos outros veículos";"Colisão lateral sentido oposto";"Com Vítimas Feridas";"Plena Noite";"Decrescente";"Nublado";"Dupla";"Reta";"Sim";2;0;2;0;0;0;2;2;-25,491336;-49,1735;"SPRF-PR";"DEL01-PR";"UOP08-DEL01-PR"
773884;2026-05-24;"domingo";"19:30:00";"RS";290;107;"ELDORADO DO SUL";"Ausência de reação do condutor";"Saída de leito carroçável";"Sem Vítimas";"Plena Noite";"Crescente";"Céu Claro";"Dupla";"Declive;Curva";"Sim";1;0;0;0;1;0;0;1;-30,00142057;-51,30404949;"SPRF-RS";"DEL02-RS";"UOP01-DEL02-RS"
773885;2026-05-24;"domingo";"20:15:00";"MG";50;12,7;"UBERLANDIA";"Acumulo de areia ou detritos sobre o pavimento";"Tombamento";"Com Vítimas Feridas";"Plena Noite";"Decrescente";"Céu Claro";"Simples";"Viaduto;Reta;Rotatória";"Não";2;0;2;0;0;0;2;1;-18,90130736;-48,18699572;"SPRF-MG";"DEL15-MG";"UOP01-DEL15-MG"
773886;2026-05-24;"domingo";"20:00:00";"SE";101;181,4;"UMBAUBA";"Acesso irregular";"Colisão frontal";"Com Vítimas Feridas";"Plena Noite";"Crescente";"Céu Claro";"Simples";"Reta";"Sim";2;0;1;1;0;0;2;2;-11,37007;-37,64961;"SPRF-SE";"DEL02-SE";"UOP03-DEL02-SE"
773887;2026-05-24;"domingo";"20:20:00";"RJ";116;183;"NOVA IGUACU";"Transitar na contramão";"Colisão frontal";"Com Vítimas Feridas";"Plena Noite";"Crescente";"Ignorado";"Dupla";"Reta";"Sim";3;0;3;0;0;0;3;2;-22,753313;-43,436447;"SPRF-RJ";"DEL06-RJ";"UOP01-DEL06-RJ"
773888;2026-05-24;"domingo";"19:51:00";"GO";414;394;"CORUMBA DE GOIAS";"Pedestre andava na pista";"Atropelamento de Pedestre";"Com Vítimas Feridas";"Plena Noite";"Crescente";"Céu Claro";"Simples";"Reta";"Sim";3;0;0;1;2;0;1;2;-15,920567;-48,808264;"SPRF-GO";"DEL02-GO";"UOP01-DEL02-GO"
773889;2026-05-24;"domingo";"20:00:00";"PR";369;162,8;"CAMBE";"Ingestão de álcool pelo condutor";"Saída de leito carroçável";"Sem Vítimas";"Plena Noite";"Crescente";"Nublado";"Dupla";"Curva;Declive";"Não";1;0;0;0;1;0;0;1;-23,2962688;-51,2728278;"SPRF-PR";"DEL07-PR";"UOP01-DEL07-PR"
773890;2026-05-24;"domingo";"18:30:00";"PB";405;45,3;"SAO JOAO DO RIO DO PEIXE";"Curva acentuada";"Capotamento";"Com Vítimas Feridas";"Pleno dia";"Crescente";"Céu Claro";"Simples";"Curva";"Não";2;0;2;0;0;0;2;1;-6,821973;-38,40895;"SPRF-PB";"DEL03-PB";"UOP03-DEL03-PB"
773891;2026-05-24;"domingo";"19:10:00";"GO";60;205;"GUAPO";"Ausência de reação do condutor";"Colisão traseira";"Sem Vítimas";"Plena Noite";"Decrescente";"Céu Claro";"Dupla";"Curva;Declive";"Sim";2;0;0;0;2;0;0;2;-16,885313;-49,61955786;"SPRF-GO";"DEL01-GO";"UOP02-DEL01-GO"
773892;2026-05-24;"domingo";"19:35:00";"CE";122;38,6;"OCARA";"Acessar a via sem observar a presença dos outros veículos";"Colisão transversal";"Com Vítimas Feridas";"Plena Noite";"Crescente";"Céu Claro";"Dupla";"Curva";"Não";2;0;0;1;1;0;1;2;-4,597253;-38,62496;"SPRF-CE";"DEL03-CE";"UOP01-DEL03-CE"
773893;2026-05-24;"domingo";"20:57:00";"BA";116;277;"TUCANO";"Condutor deixou de manter distância do veículo da frente";"Colisão traseira";"Com Vítimas Feridas";"Plena Noite";"Crescente";"Nublado";"Simples";"Reta";"Não";2;0;1;0;1;0;1;2;-10,9891128;-38,8018986;"SPRF-BA";"DEL07-BA";"UOP02-DEL07-BA"
773894;2026-05-24;"domingo";"19:45:00";"MG";459;87,9;"CONGONHAL";"Ausência de reação do condutor";"Colisão lateral mesmo sentido";"Com Vítimas Feridas";"Plena Noite";"Decrescente";"Garoa/Chuvisco";"Simples";"Reta";"Sim";2;0;1;0;0;1;1;2;-22,15034;-46,04002;"SPRF-MG";"DEL09-MG";"UOP01-DEL09-MG"
773895;2026-05-24;"domingo";"19:40:00";"PE";232;251;"ARCOVERDE";"Acessar a via sem observar a presença dos outros veículos";"Colisão transversal";"Com Vítimas Feridas";"Plena Noite";"Decrescente";"Céu Claro";"Simples";"Interseção de Vias;Rotatória";"Sim";2;0;1;0;1;0;1;2;-8,4321757;-37,06348801;"SPRF-PE";"DEL04-PE";"UOP02-DEL04-PE"
773896;2026-05-24;"domingo";"19:50:00";"PR";153;352,8;"REBOUCAS";"Ausência de reação do condutor";"Saída de leito carroçável";"Com Vítimas Feridas";"Plena Noite";"Crescente";"Nublado";"Simples";"Reta;Declive";"Não";2;0;1;0;1;0;1;1;-25,62802315;-50,72412372;"SPRF-PR";"DEL08-PR";"UOP02-DEL08-PR"
773897;2026-05-24;"domingo";"19:40:00";"RJ";101;412,1;"ITAGUAI";"Pedestre andava na pista";"Atropelamento de Pedestre";"Com Vítimas Feridas";"Plena Noite";"Crescente";"Garoa/Chuvisco";"Dupla";"Curva";"Sim";2;0;0;1;1;0;1;2;-22,90299;-43,87028;"SPRF-RJ";"DEL03-RJ";"UOP01-DEL03-RJ"
773898;2026-05-24;"domingo";"19:50:00";"SC";282;221,5;"LAGES";"Avarias e/ou desgaste excessivo no pneu";"Queda de ocupante de veículo";"Com Vítimas Feridas";"Plena Noite";"Decrescente";"Céu Claro";"Simples";"Reta";"Sim";2;0;1;0;1;0;1;1;-27,7968963;-50,3476679;"SPRF-SC";"DEL05-SC";"UOP01-DEL05-SC"
773900;2026-05-24;"domingo";"19:50:00";"MS";262;774;"CORUMBA";"Acessar a via sem observar a presença dos outros veículos";"Colisão transversal";"Com Vítimas Feridas";"Plena Noite";"Crescente";"Céu Claro";"Simples";"Reta;Interseção de Vias";"Sim";2;0;1;0;0;1;1;2;-19,0306514;-57,65583546;"SPRF-MS";"DEL03-MS";"UOP03-DEL03-MS"
773901;2026-05-24;"domingo";"20:30:00";"TO";153;457;"BARROLANDIA";"Entrada inopinada do pedestre";"Atropelamento de Pedestre";"Com Vítimas Fatais";"Plena Noite";"Crescente";"Céu Claro";"Simples";"Reta";"Não";5;1;0;0;4;0;0;2;-9,8789;-48,72609;"SPRF-TO";"DEL01-TO";"UOP01-DEL01-TO"
773902;2026-04-30;"quinta-feira";"19:04:00";"RS";290;152;"ARROIO DOS RATOS";"Entrada inopinada do pedestre";"Atropelamento de Pedestre";"Com Vítimas Feridas";"Plena Noite";"Crescente";"Céu Claro";"Simples";"Reta";"Sim";2;0;0;1;1;0;1;2;-30,104675;-51,729228;"SPRF-RS";"DEL02-RS";"UOP01-DEL02-RS"
773903;2026-05-24;"domingo";"21:50:00";"SC";470;52;"BLUMENAU";"Ingestão de álcool pelo condutor";"Colisão frontal";"Com Vítimas Feridas";"Plena Noite";"Crescente";"Céu Claro";"Simples";"Em Obras;Reta";"Sim";2;0;1;0;1;0;1;2;-26,86495989;-49,09949748;"SPRF-SC";"DEL04-SC";"UOP01-DEL04-SC"
773905;2026-05-24;"domingo";"21:20:00";"ES";101;329,4;"GUARAPARI";"Entrada inopinada do pedestre";"Atropelamento de Pedestre";"Com Vítimas Feridas";"Plena Noite";"Crescente";"Céu Claro";"Dupla";"Reta";"Não";4;0;0;1;3;0;1;2;-20,589052;-40,497963;"SPRF-ES";"DEL03-ES";"UOP01-DEL03-ES"
773907;2026-05-24;"domingo";"21:05:00";"BA";116;437;"FEIRA DE SANTANA";"Ingestão de álcool pelo condutor";"Colisão traseira";"Sem Vítimas";"Plena Noite";"Decrescente";"Chuva";"Dupla";"Reta;Declive";"Não";5;0;0;0;4;1;0;2;-12,32115;-39,04946;"SPRF-BA";"DEL02-BA";"UOP01-DEL02-BA"
773909;2026-05-24;"domingo";"21:51:00";"PB";230;89;"GURINHEM";"Ingestão de álcool pelo condutor";"Queda de ocupante de veículo";"Com Vítimas Feridas";"Plena Noite";"Crescente";"Céu Claro";"Dupla";"Reta";"Não";2;0;2;0;0;0;2;1;-7,17349102;-35,39611255;"SPRF-PB";"DEL01-PB";"UOP02-DEL01-PB"
773910;2026-05-24;"domingo";"22:20:00";"SP";116;56;"GUARATINGUETA";"Manobra de mudança de faixa";"Colisão transversal";"Com Vítimas Feridas";"Plena Noite";"Decrescente";"Garoa/Chuvisco";"Dupla";"Reta";"Não";3;0;2;0;0;1;2;3;-22,775203;-45,139238;"SPRF-SP";"DEL08-SP";"UOP02-DEL08-SP"
773911;2026-05-24;"domingo";"20:10:00";"MG";365;166;"BURITIZEIRO";"Ausência de reação do condutor";"Colisão traseira";"Com Vítimas Feridas";"Plena Noite";"Crescente";"Céu Claro";"Simples";"Reta";"Não";3;0;1;0;1;1;1;2;-17,3734081;-44,948749;"SPRF-MG";"DEL10-MG";"UOP02-DEL010-MG"
773912;2026-05-24;"domingo";"21:30:00";"SP";116;166,8;"JACAREI";"Ausência de reação do condutor";"Colisão traseira";"Sem Vítimas";"Plena Noite";"Decrescente";"Nublado";"Dupla";"Curva;Declive";"Não";2;0;0;0;2;0;0;2;-23,301791;-46,023738;"SPRF-SP";"DEL02-SP";"UOP01-DEL02-SP"
773914;2026-05-24;"domingo";"20:00:00";"RS";290;424;"SAO GABRIEL";"Ingestão de álcool pelo condutor";"Colisão com objeto";"Com Vítimas Feridas";"Plena Noite";"Crescente";"Céu Claro";"Simples";"Reta;Em Obras";"Não";2;0;0;2;0;0;2;1;-30,32476836;-54,38169551;"SPRF-RS";"DEL11-RS";"UOP02-DEL11-RS"
773915;2026-05-24;"domingo";"21:40:00";"RS";290;87;"PORTO ALEGRE";"Velocidade Incompatível";"Colisão com objeto";"Com Vítimas Feridas";"Plena Noite";"Crescente";"Céu Claro";"Múltipla";"Reta";"Sim";4;0;1;2;0;1;3;3;-29,96814053;-51,12110901;"SPRF-RS";"DEL01-RS";"UOP01-DEL01-RS"
773916;2026-05-24;"domingo";"21:00:00";"MG";262;442,5;"NOVA SERRANA";"Condutor Dormindo";"Saída de leito carroçável";"Com Vítimas Feridas";"Plena Noite";"Decrescente";"Céu Claro";"Simples";"Reta;Declive";"Não";1;0;1;0;0;0;1;1;-19,85576152;-45,01695156;"SPRF-MG";"DEL08-MG";"UOP03-DEL08-MG"
773917;2026-05-24;"domingo";"20:30:00";"SC";116;88;"MONTE CASTELO";"Transitar na contramão";"Colisão frontal";"Com Vítimas Fatais";"Plena Noite";"Decrescente";"Nublado";"Simples";"Reta";"Não";3;1;1;0;0;1;1;3;-26,62673;-50,24405;"SPRF-SC";"DEL06-SC";"UOP02-DEL06-SC"
773920;2026-05-24;"domingo";"20:30:00";"ES";101;31;"CONCEICAO DA BARRA";"Ausência de reação do condutor";"Queda de ocupante de veículo";"Com Vítimas Feridas";"Plena Noite";"Crescente";"Céu Claro";"Simples";"Declive";"Não";1;0;1;0;0;0;1;1;-18,42705411;-39,93470192;"SPRF-ES";"DEL04-ES";"UOP02-DEL04-ES"
773921;2026-05-24;"domingo";"19:38:00";"MT";163;632;"NOVA MUTUM";"Reação tardia ou ineficiente do condutor";"Saída de leito carroçável";"Sem Vítimas";"Plena Noite";"Crescente";"Céu Claro";"Simples";"Desvio Temporário";"Não";1;0;0;0;0;1;0;1;-13,583615;-56,0303617;"SPRF-MT";"DEL01-MT";"UOP01-DEL01-MT"
773922;2026-05-24;"domingo";"22:00:00";"ES";101;79;"SAO MATEUS";"Reação tardia ou ineficiente do condutor";"Queda de ocupante de veículo";"Com Vítimas Feridas";"Plena Noite";"Crescente";"Céu Claro";"Simples";"Reta";"Não";2;0;1;0;1;0;1;1;-18,76059607;-39,8616104;"SPRF-ES";"DEL04-ES";"UOP02-DEL04-ES"
773925;2026-05-24;"domingo";"21:20:00";"BA";101;807,9;"ITAMARAJU";"Acessar a via sem observar a presença dos outros veículos";"Colisão transversal";"Com Vítimas Feridas";"Plena Noite";"Decrescente";"Céu Claro";"Simples";"Reta";"Sim";5;0;1;0;4;0;1;2;-17,022947;-39,54081;"SPRF-BA";"DEL09-BA";"UOP01-DEL09-BA"