"id";"data_inversa";"dia_semana";"horario";"uf";"br";"km";"municipio";"causa_acidente";"tipo_acidente";"classificacao_acidente";"fase_dia";"sentido_via";"condicao_metereologica";"tipo_pista";"tracado_via";"uso_solo";"pessoas";"mortos";"feridos_leves";"feridos_graves";"ilesos";"ignorados";"feridos";"veiculos";"latitude";"longitude";"regional";"delegacia";"uop"
774271;2026-05-26;"terça-feira";"13:40:00";"MA";230;405;"BALSAS";"Acessar a via sem observar a presença dos outros veículos";"Colisão transversal";"Com Vítimas Feridas";"Pleno dia";"Decrescente";"Céu Claro";"Simples";"Reta";"Sim";2;0;2;0;0;0;2;2;-7,52105927;-46,05069486;"SPRF-MA";"DEL05-MA";"UOP01-DEL05-MA"
774272;2026-05-26;"terça-feira";"15:30:00";"RS";116;148;"CAXIAS DO SUL";"Ingestão de álcool pelo condutor";"Colisão lateral mesmo sentido";"Com Vítimas Feridas";"Pleno dia";"Decrescente";"Garoa/Chuvisco";"Dupla";"Curva";"Sim";3;0;1;0;2;0;1;2;-29,15290323;-51,14810798;"SPRF-RS";"DEL05-RS";"UOP01-DEL05-RS"
774274;2026-05-26;"terça-feira";"15:35:00";"PB";101;82;"BAYEUX";"Reação tardia ou ineficiente do condutor";"Tombamento";"Com Vítimas Feridas";"Pleno dia";"Crescente";"Nublado";"Simples";"Reta";"Sim";2;0;0;1;0;1;1;2;-7,12985518;-34,93578164;"SPRF-PB";"DEL01-PB";"UOP01-DEL01-PB"
774275;2026-05-26;"terça-feira";"16:00:00";"SC";101;146,8;"ITAPEMA";"Trafegar com motocicleta (ou similar) entre as faixas";"Colisão lateral mesmo sentido";"Com Vítimas Feridas";"Pleno dia";"Decrescente";"Céu Claro";"Dupla";"Reta";"Sim";2;0;1;0;1;0;1;2;-27,08873285;-48,6127125;"SPRF-SC";"DEL04-SC";"UOP03-DEL04-SC"
774276;2026-03-31;"terça-feira";"06:40:00";"RS";285;638;"SANTO ANTONIO DAS MISSOES";"Objeto estático sobre o leito carroçável";"Colisão com objeto";"Com Vítimas Feridas";"Amanhecer";"Crescente";"Céu Claro";"Simples";"Reta;Declive";"Não";1;0;1;0;0;0;1;1;-28,58623682;-55,62886155;"SPRF-RS";"DEL12-RS";"UOP01-DEL12-RS"
774277;2026-05-26;"terça-feira";"12:45:00";"BA";116;346,7;"SERRINHA";"Ausência de reação do condutor";"Colisão frontal";"Com Vítimas Feridas";"Pleno dia";"Decrescente";"Céu Claro";"Simples";"Reta;Declive";"Não";4;0;1;3;0;0;4;2;-11,5627;-38,9889;"SPRF-BA";"DEL02-BA";"UOP01-DEL02-BA"
774279;2026-04-12;"domingo";"02:50:00";"RS";285;576,1;"SAO LUIZ GONZAGA";"Ingestão de álcool pelo condutor";"Colisão frontal";"Com Vítimas Feridas";"Plena Noite";"Crescente";"Chuva";"Simples";"Reta";"Não";3;0;2;0;0;1;2;2;-28,41547493;-55,00442505;"SPRF-RS";"DEL12-RS";"UOP01-DEL12-RS"
774281;2026-05-26;"terça-feira";"15:50:00";"RO";364;701;"PORTO VELHO";"Condutor deixou de manter distância do veículo da frente";"Colisão traseira";"Com Vítimas Feridas";"Pleno dia";"Crescente";"Céu Claro";"Dupla";"Reta";"Sim";2;0;1;0;1;0;1;2;-8,800878;-63,779785;"SPRF-RO";"DEL01-RO";"UOP01-DEL01-RO"
774282;2026-04-12;"domingo";"03:30:00";"RS";285;598;"SANTO ANTONIO DAS MISSOES";"Transitar na contramão";"Colisão frontal";"Com Vítimas Feridas";"Plena Noite";"Crescente";"Chuva";"Simples";"Reta";"Não";6;0;6;0;0;0;6;2;-28,48887274;-55,24417162;"SPRF-RS";"DEL12-RS";"UOP01-DEL12-RS"
774283;2026-05-26;"terça-feira";"14:20:00";"RS";101;34;"TRES CACHOEIRAS";"Velocidade Incompatível";"Saída de leito carroçável";"Com Vítimas Feridas";"Pleno dia";"Crescente";"Garoa/Chuvisco";"Dupla";"Curva;Retorno Regulamentado";"Não";1;0;1;0;0;0;1;1;-29,5175946;-49,9917779;"SPRF-RS";"DEL03-RS";"UOP02-DEL03-RS"
774284;2026-03-19;"quinta-feira";"07:18:00";"PR";277;75;"SAO JOSE DOS PINHAIS";"Acessar a via sem observar a presença dos outros veículos";"Queda de ocupante de veículo";"Com Vítimas Feridas";"Pleno dia";"Crescente";"Chuva";"Dupla";"Reta";"Sim";1;0;1;0;0;0;1;1;-25,49406911;-49,16682243;"SPRF-PR";"DEL01-PR";"UOP08-DEL01-PR"
774285;2026-05-26;"terça-feira";"16:20:00";"PB";230;59;"CRUZ DO ESPIRITO SANTO";"Manobra de mudança de faixa";"Colisão lateral mesmo sentido";"Sem Vítimas";"Pleno dia";"Decrescente";"Nublado";"Dupla";"Declive";"Sim";2;0;0;0;2;0;0;2;-7,204279;-35,129304;"SPRF-PB";"DEL01-PB";"UOP02-DEL01-PB"
774286;2026-05-26;"terça-feira";"17:00:00";"PR";116;126;"FAZENDA RIO GRANDE";"Ausência de reação do condutor";"Colisão traseira";"Com Vítimas Feridas";"Pleno dia";"Decrescente";"Nublado";"Dupla";"Reta";"Sim";2;0;1;0;1;0;1;2;-25,637284;-49,312989;"SPRF-PR";"DEL01-PR";"UOP03-DEL01-PR"
774287;2026-05-26;"terça-feira";"16:45:00";"MG";381;502;"BETIM";"Manobra de mudança de faixa";"Colisão lateral mesmo sentido";"Com Vítimas Feridas";"Anoitecer";"Crescente";"Céu Claro";"Dupla";"Reta;Declive";"Não";2;0;1;0;0;1;1;2;-20,017268;-44,224452;"SPRF-MG";"DEL01-MG";"UOP03-DEL01-MG"
774289;2026-05-26;"terça-feira";"17:20:00";"DF";20;24,8;"BRASILIA";"Acostamento em desnível";"Colisão com objeto";"Sem Vítimas";"Pleno dia";"Decrescente";"Céu Claro";"Dupla";"Curva;Aclive";"Sim";1;0;0;0;1;0;0;1;-15,594943;-47,654675;"SPRF-DF";"DEL02-DF";"UOP01-DEL02-DF"
774290;2026-05-26;"terça-feira";"16:25:00";"RO";364;264,5;"CACOAL";"Reação tardia ou ineficiente do condutor";"Saída de leito carroçável";"Com Vítimas Feridas";"Pleno dia";"Decrescente";"Céu Claro";"Simples";"Reta";"Não";1;0;0;1;0;0;1;1;-11,382988;-61,667922;"SPRF-RO";"DEL02-RO";"UOP02-DEL02-RO"
774291;2026-05-26;"terça-feira";"14:10:00";"BA";415;29;"ILHEUS";"Demais falhas mecânicas ou elétricas";"Queda de ocupante de veículo";"Com Vítimas Feridas";"Pleno dia";"Crescente";"Céu Claro";"Simples";"Reta";"Não";1;0;0;1;0;0;1;1;-14,795269;-39,209385;"SPRF-BA";"DEL05-BA";"UOP01-DEL05-BA"
774293;2026-05-26;"terça-feira";"17:15:00";"RS";116;262,9;"CANOAS";"Condutor deixou de manter distância do veículo da frente";"Colisão traseira";"Com Vítimas Feridas";"Anoitecer";"Decrescente";"Garoa/Chuvisco";"Dupla";"Reta;Declive";"Sim";2;0;1;0;1;0;1;2;-29,9054194;-51,17668585;"SPRF-RS";"DEL01-RS";"UOP01-DEL01-RS"
774294;2026-05-26;"terça-feira";"17:00:00";"GO";70;8;"AGUAS LINDAS DE GOIAS";"Entrada inopinada do pedestre";"Atropelamento de Pedestre";"Com Vítimas Feridas";"Anoitecer";"Decrescente";"Céu Claro";"Dupla";"Retorno Regulamentado;Declive;Curva";"Sim";5;0;2;1;1;1;3;2;-15,73639;-48,2769;"SPRF-DF";"DEL03-DF";"UOP02-DEL03-DF"
774295;2026-05-26;"terça-feira";"16:40:00";"PE";407;129;"PETROLINA";"Ingestão de álcool pelo condutor";"Engavetamento";"Sem Vítimas";"Pleno dia";"Crescente";"Céu Claro";"Dupla";"Reta;Ponte";"Sim";3;0;0;0;3;0;0;3;-9,407015;-40,50478;"SPRF-PE";"DEL06-PE";"UOP01-DEL06-PE"
774298;2026-05-26;"terça-feira";"17:45:00";"MG";381;445,9;"SABARA";"Reação tardia ou ineficiente do condutor";"Colisão transversal";"Com Vítimas Feridas";"Anoitecer";"Crescente";"Céu Claro";"Simples";"Curva";"Sim";2;0;1;0;1;0;1;2;-19,84027563;-43,86104671;"SPRF-MG";"DEL01-MG";"UOP01-DEL01-MG"
774299;2026-05-26;"terça-feira";"17:30:00";"SC";280;239;"CANOINHAS";"Reação tardia ou ineficiente do condutor";"Colisão traseira";"Com Vítimas Feridas";"Plena Noite";"Decrescente";"Chuva";"Simples";"Reta";"Não";2;0;1;0;1;0;1;2;-26,209686;-50,447859;"SPRF-SC";"DEL06-SC";"UOP04-DEL06-SC"
774301;2026-05-26;"terça-feira";"08:30:00";"PI";343;11;"PARNAIBA";"Acesso irregular";"Colisão transversal";"Com Vítimas Feridas";"Pleno dia";"Decrescente";"Céu Claro";"Simples";"Reta";"Sim";2;0;1;0;1;0;1;2;-2,90334542;-41,75154269;"SPRF-PI";"DEL05-PI";"UOP01-DEL05-PI"
774302;2026-05-26;"terça-feira";"14:00:00";"PR";116;10;"COLOMBO";"Ausência de reação do condutor";"Tombamento";"Com Vítimas Feridas";"Pleno dia";"Crescente";"Céu Claro";"Dupla";"Curva";"Sim";1;0;1;0;0;0;1;1;-25,371475;-49,131488;"SPRF-PR";"DEL01-PR";"UOP02-DEL01-PR"
774306;2026-05-26;"terça-feira";"17:47:00";"PI";343;325;"TERESINA";"Conversão proibida";"Colisão lateral mesmo sentido";"Com Vítimas Feridas";"Anoitecer";"Decrescente";"Céu Claro";"Simples";"Reta";"Não";3;0;2;1;0;0;3;2;-5,065703;-42,609527;"SPRF-PI";"DEL01-PI";"UOP01-DEL01-PI"
774307;2026-05-26;"terça-feira";"16:00:00";"SC";101;121;"ITAJAI";"Condutor deixou de manter distância do veículo da frente";"Colisão lateral mesmo sentido";"Com Vítimas Feridas";"Pleno dia";"Decrescente";"Nublado";"Múltipla";"Reta";"Sim";2;0;2;0;0;0;2;2;-26,92148115;-48,70806662;"SPRF-SC";"DEL04-SC";"UOP04-DEL04-SC"
774308;2026-05-26;"terça-feira";"16:40:00";"MT";158;566;"AGUA BOA";"Acessar a via sem observar a presença dos outros veículos";"Colisão transversal";"Com Vítimas Feridas";"Pleno dia";"Decrescente";"Céu Claro";"Dupla";"Retorno Regulamentado";"Sim";3;0;1;0;2;0;1;2;-14,0501384;-52,15489894;"SPRF-MT";"DEL07-MT";"UOP02-DEL07-MT"
774309;2026-05-26;"terça-feira";"17:40:00";"SC";280;127,8;"RIO NEGRINHO";"Acessar a via sem observar a presença dos outros veículos";"Colisão transversal";"Com Vítimas Feridas";"Anoitecer";"Crescente";"Nublado";"Simples";"Reta;Interseção de Vias";"Sim";3;0;2;0;1;0;2;2;-26,242499;-49,511898;"SPRF-SC";"DEL06-SC";"UOP03-DEL06-SC"
774310;2026-05-26;"terça-feira";"13:00:00";"SP";101;43;"UBATUBA";"Transitar na contramão";"Colisão frontal";"Com Vítimas Feridas";"Pleno dia";"Crescente";"Céu Claro";"Simples";"Reta";"Sim";2;0;1;0;1;0;1;2;-23,41382622;-45,05602447;"SPRF-SP";"DEL06-SP";"UOP01-DEL06-SP"
774311;2026-05-26;"terça-feira";"17:20:00";"PR";476;120;"COLOMBO";"Acessar a via sem observar a presença dos outros veículos";"Atropelamento de Pedestre";"Com Vítimas Feridas";"Anoitecer";"Decrescente";"Céu Claro";"Dupla";"Reta";"Sim";2;0;0;1;1;0;1;2;-25,371723;-49,191263;"SPRF-PR";"DEL01-PR";"UOP01-DEL01-PR"
774313;2026-05-26;"terça-feira";"18:00:00";"RJ";101;322;"NITEROI";"Trafegar com motocicleta (ou similar) entre as faixas";"Colisão lateral mesmo sentido";"Com Vítimas Feridas";"Anoitecer";"Decrescente";"Nublado";"Múltipla";"Reta";"Sim";3;0;1;0;2;0;1;3;-22,87318402;-43,11067989;"SPRF-RJ";"DEL02-RJ";"UOP01-DEL02-RJ"
774314;2026-05-26;"terça-feira";"17:00:00";"RJ";116;182;"NOVA IGUACU";"Avarias e/ou desgaste excessivo no pneu";"Queda de ocupante de veículo";"Com Vítimas Feridas";"Pleno dia";"Decrescente";"Céu Claro";"Dupla";"Reta";"Não";2;0;2;0;0;0;2;1;-22,76060858;-43,42537636;"SPRF-RJ";"DEL06-RJ";"UOP01-DEL06-RJ"
774316;2026-05-26;"terça-feira";"17:35:00";"MS";163;264;"DOURADOS";"Ausência de reação do condutor";"Colisão traseira";"Com Vítimas Feridas";"Anoitecer";"Decrescente";"Céu Claro";"Dupla";"Rotatória";"Sim";3;0;2;0;1;0;2;2;-22,226112;-54,735677;"SPRF-MS";"DEL04-MS";"UOP01-DEL04-MS"
774317;2026-05-26;"terça-feira";"18:30:00";"PB";230;24,6;"JOAO PESSOA";"Conversão proibida";"Queda de ocupante de veículo";"Com Vítimas Feridas";"Plena Noite";"Decrescente";"Chuva";"Dupla";"Reta";"Sim";3;0;2;0;0;1;2;2;-7,17068029;-34,86964909;"SPRF-PB";"DEL01-PB";"UOP01-DEL01-PB"
774318;2026-05-26;"terça-feira";"14:50:00";"CE";402;280,6;"ITAPIPOCA";"Demais falhas mecânicas ou elétricas";"Queda de ocupante de veículo";"Com Vítimas Feridas";"Pleno dia";"Decrescente";"Céu Claro";"Simples";"Reta";"Não";1;0;1;0;0;0;1;1;-3,560446;-39,467742;"SPRF-CE";"DEL01-CE";"UOP03-DEL01-CE"
774319;2026-05-26;"terça-feira";"18:20:00";"SC";101;213,4;"PALHOCA";"Reação tardia ou ineficiente do condutor";"Colisão traseira";"Com Vítimas Feridas";"Plena Noite";"Decrescente";"Nublado";"Múltipla";"Reta";"Não";2;0;1;0;1;0;1;2;-27,64036;-48,66733;"SPRF-SC";"DEL01-SC";"UOP02-DEL01-SC"
774320;2026-05-26;"terça-feira";"18:10:00";"PR";277;5;"PARANAGUA";"Reação tardia ou ineficiente do condutor";"Colisão traseira";"Sem Vítimas";"Anoitecer";"Decrescente";"Nublado";"Dupla";"Reta";"Sim";2;0;0;0;2;0;0;2;-25,558092;-48,571147;"SPRF-PR";"DEL01-PR";"UOP05-DEL01-PR"
774322;2026-05-26;"terça-feira";"18:40:00";"RS";386;346,5;"LAJEADO";"Chuva";"Colisão com objeto";"Com Vítimas Feridas";"Plena Noite";"Decrescente";"Chuva";"Dupla";"Reta";"Sim";1;0;0;1;0;0;1;1;-29,450052;-51,96888;"SPRF-RS";"DEL04-RS";"UOP01-DEL04-RS"
774325;2026-05-26;"terça-feira";"17:34:00";"SP";153;108;"JOSE BONIFACIO";"Manobra de mudança de faixa";"Colisão lateral mesmo sentido";"Com Vítimas Feridas";"Anoitecer";"Crescente";"Sol";"Dupla";"Retorno Regulamentado";"Sim";2;0;0;1;1;0;1;2;-21,07158591;-49,66644287;"SPRF-SP";"DEL09-SP";"UOP01-DEL09-SP"
774327;2026-05-26;"terça-feira";"18:40:00";"PR";376;189,9;"MARIALVA";"Manobra de mudança de faixa";"Tombamento";"Com Vítimas Feridas";"Anoitecer";"Decrescente";"Céu Claro";"Dupla";"Reta";"Sim";1;0;1;0;0;0;1;1;-23,469181;-51,823485;"SPRF-PR";"DEL09-PR";"UOP01-DEL09-PR"
774328;2026-05-26;"terça-feira";"18:40:00";"RJ";40;112;"DUQUE DE CAXIAS";"Manobra de mudança de faixa";"Tombamento";"Com Vítimas Feridas";"Plena Noite";"Decrescente";"Céu Claro";"Múltipla";"Reta";"Sim";1;0;1;0;0;0;1;1;-22,704583;-43,287705;"SPRF-RJ";"DEL01-RJ";"UOP02-DEL01-RJ"
774329;2026-05-26;"terça-feira";"18:30:00";"RN";101;144;"GOIANINHA";"Objeto estático sobre o leito carroçável";"Colisão traseira";"Com Vítimas Feridas";"Plena Noite";"Crescente";"Céu Claro";"Dupla";"Reta;Em Obras";"Não";7;0;1;0;6;0;1;2;-6,2413263;-35,2172969;"SPRF-RN";"DEL01-RN";"UOP01-DEL01-RN"
774331;2026-05-26;"terça-feira";"14:23:00";"RO";364;376,9;"OURO PRETO DO OESTE";"Demais falhas mecânicas ou elétricas";"Tombamento";"Com Vítimas Feridas";"Pleno dia";"Decrescente";"Céu Claro";"Simples";"Reta";"Não";2;0;2;0;0;0;2;1;-10,738075;-62,20024;"SPRF-RO";"DEL02-RO";"UOP01-DEL02-RO"
774332;2026-05-26;"terça-feira";"19:30:00";"PA";163;984;"SANTAREM";"Pista esburacada";"Saída de leito carroçável";"Com Vítimas Feridas";"Plena Noite";"Decrescente";"Céu Claro";"Simples";"Reta;Aclive";"Não";2;0;2;0;0;0;2;1;-2,60722936;-54,72092307;"SPRF-PA";"DEL05-PA";"UOP01-DEL05-PA"
774333;2026-05-26;"terça-feira";"19:10:00";"PR";277;726;"FOZ DO IGUACU";"Ausência de reação do condutor";"Colisão traseira";"Com Vítimas Feridas";"Plena Noite";"Crescente";"Céu Claro";"Dupla";"Reta";"Sim";2;0;1;0;1;0;1;2;-25,50768428;-54,54557419;"SPRF-PR";"DEL05-PR";"UOP03-DEL05-PR"
774334;2026-05-26;"terça-feira";"19:20:00";"SP";116;154,9;"SAO JOSE DOS CAMPOS";"Entrada inopinada do pedestre";"Colisão transversal";"Com Vítimas Feridas";"Plena Noite";"Crescente";"Céu Claro";"Dupla";"Reta";"Sim";2;0;1;0;1;0;1;2;-23,2415821;-45,92366688;"SPRF-SP";"DEL02-SP";"UOP01-DEL02-SP"
774335;2026-05-26;"terça-feira";"18:30:00";"PA";230;4;"ALTAMIRA";"Acessar a via sem observar a presença dos outros veículos";"Colisão lateral sentido oposto";"Com Vítimas Feridas";"Anoitecer";"Crescente";"Céu Claro";"Simples";"Reta";"Sim";3;0;1;0;1;1;1;2;-3,18995468;-52,21059573;"SPRF-PA";"DEL03-PA";"UOP01-DEL03-PA"
774336;2026-05-26;"terça-feira";"19:10:00";"BA";324;603;"SIMOES FILHO";"Pista Escorregadia";"Tombamento";"Com Vítimas Feridas";"Plena Noite";"Decrescente";"Nublado";"Dupla";"Reta";"Não";2;0;1;0;1;0;1;2;-12,7852367;-38,4109383;"SPRF-BA";"DEL01-BA";"UOP01-DEL01-BA"
774338;2026-05-26;"terça-feira";"18:30:00";"SC";101;212,5;"PALHOCA";"Ausência de reação do condutor";"Colisão traseira";"Com Vítimas Feridas";"Plena Noite";"Crescente";"Nublado";"Dupla";"Reta";"Sim";2;0;0;1;1;0;1;2;-27,63314;-48,66228;"SPRF-SC";"DEL01-SC";"UOP02-DEL01-SC"
774340;2026-05-25;"segunda-feira";"19:30:00";"PA";230;123,3;"MARABA";"Acessar a via sem observar a presença dos outros veículos";"Colisão transversal";"Com Vítimas Feridas";"Plena Noite";"Decrescente";"Céu Claro";"Dupla";"Reta";"Sim";3;0;0;1;2;0;1;3;-5,3712944;-49,13230455;"SPRF-PA";"DEL03-PA";"UOP01-DEL03-PA"
774341;2026-05-26;"terça-feira";"18:30:00";"SP";116;229;"SAO PAULO";"Manobra de mudança de faixa";"Colisão lateral mesmo sentido";"Com Vítimas Feridas";"Plena Noite";"Decrescente";"Nublado";"Múltipla";"Reta";"Sim";2;0;1;0;1;0;1;2;-23,51168735;-46,57496866;"SPRF-SP";"DEL01-SP";"UOP01-DEL01-SP"
774342;2026-05-26;"terça-feira";"17:40:00";"MG";116;456;"ENGENHEIRO CALDAS";"Acessar a via sem observar a presença dos outros veículos";"Colisão transversal";"Com Vítimas Feridas";"Anoitecer";"Decrescente";"Céu Claro";"Simples";"Reta";"Não";2;0;0;1;1;0;1;2;-19,20782;-42,05177;"SPRF-MG";"DEL06-MG";"UOP02-DEL06-MG"
774343;2026-05-26;"terça-feira";"18:15:00";"PI";343;20;"PARNAIBA";"Acessar a via sem observar a presença dos outros veículos";"Colisão transversal";"Com Vítimas Feridas";"Plena Noite";"Decrescente";"Céu Claro";"Simples";"Reta;Declive";"Não";2;0;0;1;1;0;1;2;-2,98509232;-41,7632006;"SPRF-PI";"DEL05-PI";"UOP01-DEL05-PI"
774344;2026-05-26;"terça-feira";"20:00:00";"SP";116;217;"GUARULHOS";"Pedestre cruzava a pista fora da faixa";"Atropelamento de Pedestre";"Com Vítimas Feridas";"Plena Noite";"Decrescente";"Céu Claro";"Múltipla";"Reta";"Sim";2;0;1;1;0;0;2;2;-23,45801;-46,4807;"SPRF-SP";"DEL01-SP";"UOP01-DEL01-SP"
774345;2026-05-26;"terça-feira";"17:50:00";"AC";364;119;"RIO BRANCO";"Reação tardia ou ineficiente do condutor";"Colisão traseira";"Com Vítimas Feridas";"Plena Noite";"Decrescente";"Ignorado";"Dupla";"Reta";"Não";2;0;1;0;1;0;1;2;-10,012288;-67,755475;"SPRF-AC";"DEL01-AC";"UOP01-DEL01-AC"
774346;2026-05-26;"terça-feira";"18:45:00";"SC";101;213,4;"PALHOCA";"Reação tardia ou ineficiente do condutor";"Colisão lateral mesmo sentido";"Sem Vítimas";"Plena Noite";"Decrescente";"Nublado";"Múltipla";"Reta;Aclive";"Sim";4;0;0;0;4;0;0;2;-27,64036;-48,66733;"SPRF-SC";"DEL01-SC";"UOP02-DEL01-SC"
774348;2026-05-26;"terça-feira";"20:00:00";"PR";376;161;"MARINGA";"Demais falhas mecânicas ou elétricas";"Saída de leito carroçável";"Com Vítimas Feridas";"Plena Noite";"Crescente";"Céu Claro";"Dupla";"Aclive";"Sim";1;0;1;0;0;0;1;1;-23,366778;-52,070166;"SPRF-PR";"DEL09-PR";"UOP02-DEL09-PR"
774350;2026-05-26;"terça-feira";"20:10:00";"SP";116;22,3;"LAVRINHAS";"Avarias e/ou desgaste excessivo no pneu";"Queda de ocupante de veículo";"Com Vítimas Feridas";"Plena Noite";"Crescente";"Céu Claro";"Dupla";"Curva";"Não";1;0;1;0;0;0;1;1;-22,58271799;-44,88574376;"SPRF-SP";"DEL08-SP";"UOP02-DEL08-SP"
774351;2026-05-26;"terça-feira";"20:10:00";"RJ";101;305,8;"SAO GONCALO";"Animais na Pista";"Atropelamento de Animal";"Com Vítimas Feridas";"Plena Noite";"Crescente";"Nublado";"Múltipla";"Reta";"Sim";2;0;2;0;0;0;2;1;-22,78924084;-43,00692485;"SPRF-RJ";"DEL02-RJ";"UOP02-DEL02-RJ"
774353;2026-05-26;"terça-feira";"20:00:00";"PE";232;253;"ARCOVERDE";"Transitar na contramão";"Colisão frontal";"Sem Vítimas";"Plena Noite";"Decrescente";"Céu Claro";"Simples";"Reta";"Sim";2;0;0;0;2;0;0;2;-8,42133;-37,076825;"SPRF-PE";"DEL04-PE";"UOP02-DEL04-PE"
774354;2026-05-26;"terça-feira";"20:30:00";"PR";369;37;"ANDIRA";"Reação tardia ou ineficiente do condutor";"Colisão traseira";"Com Vítimas Feridas";"Plena Noite";"Crescente";"Céu Claro";"Dupla";"Curva";"Não";2;0;2;0;0;0;2;2;-23,04617686;-50,23398659;"SPRF-PR";"DEL07-PR";"UOP05-DEL07-PR"
774356;2026-05-26;"terça-feira";"17:40:00";"PA";230;11,9;"ALTAMIRA";"Transitar na contramão";"Colisão frontal";"Com Vítimas Feridas";"Pleno dia";"Decrescente";"Céu Claro";"Simples";"Declive";"Sim";2;0;1;1;0;0;2;2;-3,19643501;-52,23488331;"SPRF-PA";"DEL04-PA";"UOP01-DEL04-PA"
774358;2026-05-26;"terça-feira";"17:30:00";"RJ";40;70;"PETROPOLIS";"Conversão proibida";"Colisão transversal";"Com Vítimas Feridas";"Anoitecer";"Crescente";"Céu Claro";"Dupla";"Retorno Regulamentado";"Não";5;0;1;2;2;0;3;3;-22,45247181;-43,206321;"SPRF-RJ";"DEL05-RJ";"UOP02-DEL05-RJ"
774359;2026-05-26;"terça-feira";"20:00:00";"SP";116;217;"GUARULHOS";"Condutor deixou de manter distância do veículo da frente";"Colisão traseira";"Com Vítimas Feridas";"Plena Noite";"Decrescente";"Céu Claro";"Múltipla";"Reta";"Sim";4;0;1;0;2;1;1;3;-23,45783;-46,480118;"SPRF-SP";"DEL01-SP";"UOP01-DEL01-SP"
774362;2026-05-26;"terça-feira";"19:45:00";"MS";262;379,7;"TERENOS";"Acostamento em desnível";"Tombamento";"Com Vítimas Feridas";"Plena Noite";"Decrescente";"Céu Claro";"Simples";"Reta";"Não";1;0;1;0;0;0;1;1;-20,456794;-54,844428;"SPRF-MS";"DEL01-MS";"UOP03-DEL01-MS"
774363;2026-05-26;"terça-feira";"21:00:00";"GO";40;17;"LUZIANIA";"Pedestre - Ingestão de álcool/ substâncias psicoativas";"Atropelamento de Pedestre";"Com Vítimas Fatais";"Pleno dia";"Crescente";"Céu Claro";"Dupla";"Reta";"Sim";2;1;0;0;1;0;0;2;-16,180105;-47,928856;"SPRF-DF";"DEL01-DF";"UOP01-DEL01-DF"
774365;2026-05-26;"terça-feira";"21:30:00";"RJ";101;72;"CAMPOS DOS GOYTACAZES";"Ingestão de álcool pelo condutor";"Colisão lateral sentido oposto";"Sem Vítimas";"Plena Noite";"Crescente";"Céu Claro";"Simples";"Reta";"Não";2;0;0;0;2;0;0;2;-21,793828;-41,390418;"SPRF-RJ";"DEL08-RJ";"UOP02-DEL08-RJ"
774369;2026-05-26;"terça-feira";"20:10:00";"RO";364;422;"JARU";"Ausência de reação do condutor";"Colisão lateral mesmo sentido";"Sem Vítimas";"Plena Noite";"Decrescente";"Céu Claro";"Dupla";"Reta;Declive;Interseção de Vias";"Não";4;0;0;0;3;1;0;2;-10,457915;-62,457448;"SPRF-RO";"DEL03-RO";"UOP02-DEL03-RO"
774371;2026-05-26;"terça-feira";"21:25:00";"PB";230;25,2;"JOAO PESSOA";"Acessar a via sem observar a presença dos outros veículos";"Colisão lateral mesmo sentido";"Sem Vítimas";"Plena Noite";"Decrescente";"Nublado";"Dupla";"Retorno Regulamentado";"Sim";2;0;0;0;2;0;0;2;-7,170665;-34,870903;"SPRF-PB";"DEL01-PB";"UOP01-DEL01-PB"
774372;2026-05-26;"terça-feira";"20:05:00";"MG";116;621,2;"ORIZANIA";"Ingestão de álcool pelo condutor";"Saída de leito carroçável";"Com Vítimas Feridas";"Plena Noite";"Decrescente";"Nublado";"Simples";"Curva";"Não";5;0;3;0;2;0;3;1;-20,517;-42,195;"SPRF-MG";"DEL07-MG";"UOP02-DEL07-MG"
774374;2026-05-26;"terça-feira";"21:30:00";"MG";262;779;"UBERABA";"Ausência de reação do condutor";"Colisão traseira";"Com Vítimas Feridas";"Plena Noite";"Decrescente";"Céu Claro";"Simples";"Reta";"Não";4;0;0;2;2;0;2;2;-19,76293;-47,85538;"SPRF-MG";"DEL13-MG";"UOP01-DEL13-MG"
774375;2026-05-26;"terça-feira";"10:00:00";"MA";0;0;"SUCUPIRA DO NORTE";"Transitar na contramão";"Colisão lateral sentido oposto";"Com Vítimas Feridas";"Pleno dia";"Não Informado";"Céu Claro";"Simples";"Reta";"Não";2;0;1;0;1;0;1;2;-6,39966306;-44,29780198;"SPRF-MA";"DEL05-MA";"UOP01-DEL05-MA"
774376;2026-05-26;"terça-feira";"18:40:00";"MG";116;626,1;"ORIZANIA";"Velocidade Incompatível";"Capotamento";"Com Vítimas Feridas";"Anoitecer";"Crescente";"Céu Claro";"Simples";"Curva";"Não";1;0;1;0;0;0;1;1;-20,55769;-42,208897;"SPRF-MG";"DEL07-MG";"UOP02-DEL07-MG"
774378;2026-05-26;"terça-feira";"21:57:00";"PE";423;37,5;"CACHOEIRINHA";"Acessar a via sem observar a presença dos outros veículos";"Colisão transversal";"Com Vítimas Fatais";"Plena Noite";"Crescente";"Chuva";"Simples";"Reta";"Sim";2;1;0;0;1;0;0;2;-8,4813529;-36,2236722;"SPRF-PE";"DEL03-PE";"UOP02-DEL03-PE"