"id";"data_inversa";"dia_semana";"horario";"uf";"br";"km";"municipio";"causa_acidente";"tipo_acidente";"classificacao_acidente";"fase_dia";"sentido_via";"condicao_metereologica";"tipo_pista";"tracado_via";"uso_solo";"pessoas";"mortos";"feridos_leves";"feridos_graves";"ilesos";"ignorados";"feridos";"veiculos";"latitude";"longitude";"regional";"delegacia";"uop"
774380;2026-05-26;"terça-feira";"16:40:00";"MG";116;415;"GOVERNADOR VALADARES";"Ultrapassagem Indevida";"Colisão lateral mesmo sentido";"Com Vítimas Feridas";"Pleno dia";"Decrescente";"Céu Claro";"Simples";"Reta";"Não";2;0;1;0;1;0;1;2;-18,890403;-41,946418;"SPRF-MG";"DEL06-MG";"UOP01-DEL06-MG"
774382;2026-05-26;"terça-feira";"16:45:00";"RS";386;404,8;"MONTENEGRO";"Condutor Dormindo";"Colisão com objeto";"Com Vítimas Feridas";"Pleno dia";"Crescente";"Chuva";"Dupla";"Reta";"Não";1;0;1;0;0;0;1;1;-29,777408;-51,560633;"SPRF-RS";"DEL04-RS";"UOP02-DEL04-RS"
774383;2026-05-26;"terça-feira";"11:50:00";"MG";116;413,4;"GOVERNADOR VALADARES";"Condutor deixou de manter distância do veículo da frente";"Colisão traseira";"Com Vítimas Feridas";"Pleno dia";"Decrescente";"Sol";"Dupla";"Reta";"Não";2;0;1;0;1;0;1;2;-18,882172;-41,957123;"SPRF-MG";"DEL06-MG";"UOP01-DEL06-MG"
774384;2026-05-26;"terça-feira";"23:00:00";"ES";262;18,9;"VIANA";"Ausência de reação do condutor";"Colisão com objeto";"Sem Vítimas";"Plena Noite";"Decrescente";"Céu Claro";"Simples";"Reta";"Sim";1;0;0;0;1;0;0;1;-20,392299;-40,488661;"SPRF-ES";"DEL01-ES";"UOP01-DEL01-ES"
774385;2026-05-26;"terça-feira";"23:00:00";"MG";265;357;"JUATUBA";"Velocidade Incompatível";"Colisão frontal";"Com Vítimas Feridas";"Plena Noite";"Decrescente";"Céu Claro";"Simples";"Interseção de Vias;Retorno Regulamentado";"Sim";2;0;1;0;1;0;1;2;-19,97167491;-44,28688645;"SPRF-MG";"DEL04-MG";"UOP02-DEL04-MG"
774387;2026-05-26;"terça-feira";"18:00:00";"MG";116;412;"GOVERNADOR VALADARES";"Reação tardia ou ineficiente do condutor";"Colisão traseira";"Com Vítimas Feridas";"Anoitecer";"Decrescente";"Céu Claro";"Dupla";"Reta;Declive";"Sim";2;0;1;0;1;0;1;2;-18,873592;-41,966785;"SPRF-MG";"DEL06-MG";"UOP01-DEL06-MG"
774388;2026-05-26;"terça-feira";"22:50:00";"PR";369;197;"APUCARANA";"Demais falhas mecânicas ou elétricas";"Incêndio";"Sem Vítimas";"Plena Noite";"Crescente";"Nublado";"Dupla";"Reta";"Não";1;0;0;0;1;0;0;1;-23,511632;-51,426722;"SPRF-PR";"DEL07-PR";"UOP03-DEL07-PR"
774389;2026-05-26;"terça-feira";"23:00:00";"RJ";116;321;"ITATIAIA";"Avarias e/ou desgaste excessivo no pneu";"Tombamento";"Com Vítimas Feridas";"Plena Noite";"Crescente";"Nublado";"Dupla";"Declive;Reta";"Não";2;0;1;1;0;0;2;1;-22,483285;-44,54288419;"SPRF-RJ";"DEL07-RJ";"UOP02-DEL07-RJ"
774390;2026-05-26;"terça-feira";"23:40:00";"DF";60;20,8;"BRASILIA";"Ausência de reação do condutor";"Saída de leito carroçável";"Sem Vítimas";"Plena Noite";"Decrescente";"Céu Claro";"Dupla";"Reta";"Não";1;0;0;0;0;1;0;1;-15,976913;-48,200757;"SPRF-DF";"DEL03-DF";"UOP01-DEL03-DF"
774391;2026-05-26;"terça-feira";"17:20:00";"BA";116;18;"VITORIA DA CONQUISTA";"Acessar a via sem observar a presença dos outros veículos";"Colisão transversal";"Com Vítimas Feridas";"Anoitecer";"Crescente";"Nublado";"Simples";"Reta";"Sim";2;0;1;0;1;0;1;2;-14,89411023;-40,82159042;"SPRF-BA";"DEL08-BA";"UOP01-DEL08-BA"
774392;2026-05-26;"terça-feira";"20:50:00";"BA";116;9;"VITORIA DA CONQUISTA";"Chuva";"Colisão frontal";"Com Vítimas Fatais";"Plena Noite";"Crescente";"Garoa/Chuvisco";"Simples";"Reta";"Não";2;1;0;0;0;1;0;2;-14,85396;-40,88069;"SPRF-BA";"DEL08-BA";"UOP01-DEL08-BA"
774393;2026-05-26;"terça-feira";"23:00:00";"BA";116;6;"VITORIA DA CONQUISTA";"Animais na Pista";"Atropelamento de Animal";"Com Vítimas Fatais";"Plena Noite";"Crescente";"Chuva";"Simples";"Reta";"Sim";1;1;0;0;0;0;0;1;-14,83263775;-40,88716507;"SPRF-BA";"DEL08-BA";"UOP01-DEL08-BA"
774394;2026-05-27;"quarta-feira";"00:10:00";"PE";428;188;"PETROLINA";"Demais falhas mecânicas ou elétricas";"Incêndio";"Sem Vítimas";"Plena Noite";"Decrescente";"Céu Claro";"Dupla";"Reta;Viaduto";"Sim";1;0;0;0;1;0;0;1;-9,3755724;-40,4901338;"SPRF-PE";"DEL06-PE";"UOP01-DEL06-PE"
774398;2026-05-18;"segunda-feira";"06:30:00";"BA";324;623;"SALVADOR";"Condutor deixou de manter distância do veículo da frente";"Colisão lateral mesmo sentido";"Sem Vítimas";"Pleno dia";"Crescente";"Chuva";"Múltipla";"Reta";"Sim";2;0;0;0;1;1;0;2;-12,94235801;-38,47050397;"SPRF-BA";"DEL01-BA";"UOP01-DEL01-BA"
774399;2026-05-27;"quarta-feira";"03:30:00";"SC";101;222,1;"PALHOCA";"Reação tardia ou ineficiente do condutor";"Saída de leito carroçável";"Com Vítimas Feridas";"Plena Noite";"Crescente";"Nublado";"Múltipla";"Aclive;Reta";"Sim";1;0;1;0;0;0;1;1;-27,70952314;-48,65494816;"SPRF-SC";"DEL01-SC";"UOP02-DEL01-SC"
774406;2026-05-11;"segunda-feira";"11:36:00";"PB";230;6,5;"CABEDELO";"Ausência de reação do condutor";"Colisão traseira";"Com Vítimas Feridas";"Pleno dia";"Decrescente";"Céu Claro";"Dupla";"Reta";"Sim";2;0;0;1;1;0;1;2;-7,024185;-34,837562;"SPRF-PB";"DEL01-PB";"UOP01-DEL01-PB"
774409;2026-05-27;"quarta-feira";"06:30:00";"TO";242;462;"FORMOSO DO ARAGUAIA";"Animais na Pista";"Capotamento";"Com Vítimas Feridas";"Pleno dia";"Decrescente";"Céu Claro";"Simples";"Reta";"Não";2;0;1;1;0;0;2;1;-11,79935;-49,62997;"SPRF-TO";"DEL01-TO";"UOP02-DEL01-TO"
774412;2026-05-27;"quarta-feira";"01:16:00";"MA";135;36;"BACABEIRA";"Animais na Pista";"Atropelamento de Animal";"Sem Vítimas";"Amanhecer";"Decrescente";"Nublado";"Dupla";"Reta";"Não";1;0;0;0;0;1;0;1;-2,924801;-44,339016;"SPRF-MA";"DEL01-MA";"UOP01-DEL01-MA"
774413;2026-05-27;"quarta-feira";"00:00:00";"MT";163;981;"TERRA NOVA DO NORTE";"Ingestão de álcool pelo condutor";"Saída de leito carroçável";"Sem Vítimas";"Plena Noite";"Crescente";"Céu Claro";"Simples";"Reta";"Não";2;0;0;0;2;0;0;1;-10,62977278;-55,13015494;"SPRF-MT";"DEL06-MT";"UOP03-DEL06-MT"
774416;2026-05-27;"quarta-feira";"06:45:00";"PE";232;71,5;"GRAVATA";"Ausência de reação do condutor";"Queda de ocupante de veículo";"Com Vítimas Feridas";"Pleno dia";"Crescente";"Garoa/Chuvisco";"Dupla";"Reta";"Sim";1;0;1;0;0;0;1;1;-8,185302;-35,497566;"SPRF-PE";"DEL02-PE";"UOP02-DEL02PE"
774418;2026-05-26;"terça-feira";"17:15:00";"SC";470;108;"APIUNA";"Acessar a via sem observar a presença dos outros veículos";"Colisão transversal";"Com Vítimas Feridas";"Anoitecer";"Decrescente";"Nublado";"Simples";"Reta";"Não";2;0;1;0;1;0;1;2;-27,0838;-49,4475;"SPRF-SC";"DEL04-SC";"UOP02-DEL04-SC"
774419;2026-05-26;"terça-feira";"23:15:00";"SC";470;135;"RIO DO SUL";"Reação tardia ou ineficiente do condutor";"Saída de leito carroçável";"Com Vítimas Feridas";"Plena Noite";"Crescente";"Nublado";"Simples";"Reta";"Não";2;0;2;0;0;0;2;1;-27,202003;-49,634097;"SPRF-SC";"DEL04-SC";"UOP02-DEL04-SC"
774420;2026-05-27;"quarta-feira";"06:40:00";"PR";277;120;"CAMPO LARGO";"Ausência de reação do condutor";"Colisão transversal";"Com Vítimas Feridas";"Pleno dia";"Crescente";"Sol";"Dupla";"Retorno Regulamentado";"Sim";3;0;2;1;0;0;3;2;-25,44659234;-49,48733065;"SPRF-PR";"DEL01-PR";"UOP07-DEL01-PR"
774422;2026-05-27;"quarta-feira";"06:40:00";"DF";20;6,1;"BRASILIA";"Acessar a via sem observar a presença dos outros veículos";"Colisão lateral mesmo sentido";"Com Vítimas Feridas";"Pleno dia";"Decrescente";"Céu Claro";"Dupla";"Reta";"Não";3;0;1;0;2;0;1;2;-15,66487;-47,80658;"SPRF-DF";"DEL02-DF";"UOP01-DEL02-DF"
774423;2026-05-27;"quarta-feira";"06:30:00";"RJ";116;174;"SAO JOAO DE MERITI";"Ausência de reação do condutor";"Colisão traseira";"Sem Vítimas";"Pleno dia";"Decrescente";"Céu Claro";"Simples";"Reta";"Sim";2;0;0;0;2;0;0;2;-22,790237;-43,37149;"SPRF-RJ";"DEL06-RJ";"UOP01-DEL06-RJ"
774424;2026-05-27;"quarta-feira";"07:15:00";"MG";116;275,7;"TEOFILO OTONI";"Ausência de reação do condutor";"Colisão transversal";"Com Vítimas Feridas";"Pleno dia";"Decrescente";"Céu Claro";"Simples";"Reta;Em Obras";"Sim";2;0;1;0;1;0;1;2;-17,84895;-41,515127;"SPRF-MG";"DEL11-MG";"UOP01-DEL11-MG"
774426;2026-05-27;"quarta-feira";"07:19:00";"MA";226;302;"BARRA DO CORDA";"Acessar a via sem observar a presença dos outros veículos";"Colisão transversal";"Com Vítimas Feridas";"Pleno dia";"Decrescente";"Céu Claro";"Simples";"Reta";"Sim";3;0;2;0;1;0;2;2;-5,494473;-45,271345;"SPRF-MA";"DEL06-MA";"UOP01-DEL06-MA"
774427;2026-05-27;"quarta-feira";"07:50:00";"ES";101;278;"SERRA";"Ausência de reação do condutor";"Colisão com objeto";"Com Vítimas Feridas";"Pleno dia";"Crescente";"Céu Claro";"Dupla";"Interseção de Vias;Curva";"Não";2;0;2;0;0;0;2;1;-20,21729541;-40,33492049;"SPRF-ES";"DEL02-ES";"UOP01-DEL02-ES"
774428;2026-05-27;"quarta-feira";"08:11:00";"MG";116;495,7;"INHAPIM";"Manobra de mudança de faixa";"Colisão lateral mesmo sentido";"Com Vítimas Feridas";"Pleno dia";"Crescente";"Céu Claro";"Simples";"Aclive;Curva";"Não";3;0;2;0;1;0;2;2;-19,527786;-42,12726;"SPRF-MG";"DEL06-MG";"UOP02-DEL06-MG"
774429;2026-05-27;"quarta-feira";"07:30:00";"RJ";116;108,5;"GUAPIMIRIM";"Mal súbito do condutor";"Tombamento";"Com Vítimas Feridas";"Pleno dia";"Decrescente";"Céu Claro";"Dupla";"Reta";"Sim";1;0;1;0;0;0;1;1;-22,536314;-42,990887;"SPRF-RJ";"DEL04-RJ";"UOP01-DEL04-RJ"
774430;2026-05-27;"quarta-feira";"08:00:00";"PE";101;82,3;"JABOATAO DOS GUARARAPES";"Pista esburacada";"Tombamento";"Com Vítimas Feridas";"Pleno dia";"Crescente";"Chuva";"Dupla";"Reta";"Não";1;0;1;0;0;0;1;1;-8,170713;-34,938748;"SPRF-PE";"DEL01-PE";"UOP01-DEL01-PE"
774433;2026-05-27;"quarta-feira";"08:10:00";"RN";304;47;"MOSSORO";"Retorno proibido";"Colisão transversal";"Com Vítimas Feridas";"Pleno dia";"Decrescente";"Céu Claro";"Dupla";"Reta";"Sim";3;0;2;0;1;0;2;2;-5,22781;-37,32276;"SPRF-RN";"DEL04-RN";"UOP01-DEL04-RN"
774434;2026-05-27;"quarta-feira";"07:30:00";"PI";343;329,8;"TERESINA";"Manobra de mudança de faixa";"Colisão transversal";"Com Vítimas Feridas";"Pleno dia";"Crescente";"Céu Claro";"Simples";"Reta";"Sim";2;0;2;0;0;0;2;2;-5,06105231;-42,65299972;"SPRF-PI";"DEL01-PI";"UOP01-DEL01-PI"
774435;2026-05-27;"quarta-feira";"07:50:00";"RS";386;33,9;"FREDERICO WESTPHALEN";"Acessar a via sem observar a presença dos outros veículos";"Queda de ocupante de veículo";"Com Vítimas Feridas";"Pleno dia";"Decrescente";"Nevoeiro/Neblina";"Simples";"Interseção de Vias";"Não";3;0;1;0;2;0;1;2;-27,35917519;-53,38861942;"SPRF-RS";"DEL08-RS";"UOP02-DEL08-RS"
774437;2026-05-27;"quarta-feira";"07:40:00";"PR";369;159;"CAMBE";"Condutor deixou de manter distância do veículo da frente";"Colisão traseira";"Com Vítimas Feridas";"Pleno dia";"Decrescente";"Céu Claro";"Dupla";"Reta";"Sim";2;0;1;0;1;0;1;2;-23,283296;-51,25019073;"SPRF-PR";"DEL07-PR";"UOP01-DEL07-PR"
774438;2026-05-27;"quarta-feira";"08:25:00";"TO";153;342,3;"GUARAI";"Pista esburacada";"Tombamento";"Com Vítimas Feridas";"Pleno dia";"Crescente";"Céu Claro";"Simples";"Reta";"Não";1;0;1;0;0;0;1;1;-8,909265;-48,509257;"SPRF-TO";"DEL02-TO";"UOP02-DEL02-TO"
774439;2026-05-27;"quarta-feira";"07:50:00";"PR";277;108;"CURITIBA";"Condutor deixou de manter distância do veículo da frente";"Colisão traseira";"Sem Vítimas";"Pleno dia";"Crescente";"Céu Claro";"Dupla";"Reta";"Sim";6;0;0;0;6;0;0;2;-25,42741368;-49,38596344;"SPRF-PR";"DEL01-PR";"UOP06-DEL01-PR"
774440;2026-05-27;"quarta-feira";"08:50:00";"PB";230;21;"JOAO PESSOA";"Ausência de reação do condutor";"Tombamento";"Com Vítimas Feridas";"Pleno dia";"Crescente";"Chuva";"Dupla";"Reta";"Sim";2;0;2;0;0;0;2;1;-7,14235327;-34,85159967;"SPRF-PB";"DEL01-PB";"UOP01-DEL01-PB"
774441;2026-05-27;"quarta-feira";"08:30:00";"PR";116;116;"CURITIBA";"Trafegar com motocicleta (ou similar) entre as faixas";"Colisão lateral mesmo sentido";"Com Vítimas Feridas";"Pleno dia";"Decrescente";"Céu Claro";"Múltipla";"Reta";"Sim";5;0;3;0;2;0;3;4;-25,56721751;-49,309611;"SPRF-PR";"DEL01-PR";"UOP03-DEL01-PR"
774442;2026-05-27;"quarta-feira";"08:15:00";"PR";369;153;"LONDRINA";"Trafegar com motocicleta (ou similar) entre as faixas";"Colisão lateral mesmo sentido";"Com Vítimas Feridas";"Pleno dia";"Decrescente";"Céu Claro";"Dupla";"Declive;Reta";"Não";2;0;0;1;1;0;1;2;-23,2945018;-51,1885339;"SPRF-PR";"DEL07-PR";"UOP01-DEL07-PR"
774444;2026-03-12;"quinta-feira";"20:34:00";"PE";0;0;"RECIFE";"Ausência de reação do condutor";"Colisão lateral mesmo sentido";"Sem Vítimas";"Plena Noite";"Não Informado";"Céu Claro";"Simples";"Curva";"Não";3;0;0;0;2;1;0;3;-7,951927;-34,968925;"SPRF-PE";"DEL01-PE";"UOP02-DEL01-PE"
774445;2026-05-27;"quarta-feira";"08:20:00";"MS";158;97,1;"PARANAIBA";"Pedestre andava na pista";"Atropelamento de Pedestre";"Com Vítimas Feridas";"Pleno dia";"Decrescente";"Céu Claro";"Dupla";"Reta";"Sim";2;0;0;1;1;0;1;2;-19,6965358;-51,1758631;"SPRF-MS";"DEL08-MS";"UOP01-DEL08-MS"
774446;2026-05-08;"sexta-feira";"05:45:00";"MS";463;5;"DOURADOS";"Ausência de reação do condutor";"Colisão traseira";"Com Vítimas Feridas";"Pleno dia";"Decrescente";"Garoa/Chuvisco";"Dupla";"Declive";"Não";2;0;1;0;0;1;1;2;-22,25783125;-54,85376772;"SPRF-MS";"DEL04-MS";"UOP01-DEL04-MS"
774447;2026-05-27;"quarta-feira";"08:35:00";"TO";153;139;"ARAGUAINA";"Reação tardia ou ineficiente do condutor";"Colisão com objeto";"Sem Vítimas";"Pleno dia";"Crescente";"Céu Claro";"Dupla";"Reta;Em Obras";"Sim";4;0;0;0;2;2;0;4;-7,16429911;-48,20813656;"SPRF-TO";"DEL02-TO";"UOP01-DEL02-TO"
774448;2026-05-27;"quarta-feira";"07:00:00";"MG";262;34,5;"MANHUACU";"Acessar a via sem observar a presença dos outros veículos";"Colisão transversal";"Com Vítimas Feridas";"Pleno dia";"Crescente";"Céu Claro";"Simples";"Reta";"Sim";5;0;1;0;4;0;1;2;-20,255962;-42,028345;"SPRF-MG";"DEL06-MG";"UOP03-DEL06-MG"
774449;2026-05-27;"quarta-feira";"09:30:00";"SC";101;207;"SAO JOSE";"Reação tardia ou ineficiente do condutor";"Colisão traseira";"Com Vítimas Feridas";"Pleno dia";"Decrescente";"Céu Claro";"Múltipla";"Reta";"Sim";2;0;1;0;1;0;1;2;-27,59890563;-48,62142054;"SPRF-SC";"DEL01-SC";"UOP01-DEL01-SC"
774451;2026-05-27;"quarta-feira";"09:15:00";"PR";376;181;"MARINGA";"Avarias e/ou desgaste excessivo no pneu";"Tombamento";"Com Vítimas Feridas";"Pleno dia";"Decrescente";"Céu Claro";"Dupla";"Reta";"Sim";2;0;1;0;1;0;1;1;-23,4303966;-51,88992132;"SPRF-PR";"DEL09-PR";"UOP01-DEL09-PR"
774452;2026-05-27;"quarta-feira";"08:50:00";"PE";423;66,5;"JUPI";"Acessar a via sem observar a presença dos outros veículos";"Colisão transversal";"Com Vítimas Fatais";"Pleno dia";"Crescente";"Nublado";"Simples";"Reta;Declive";"Não";3;1;0;0;2;0;0;2;-8,6699973;-36,3809132;"SPRF-PE";"DEL03-PE";"UOP01-DEL03-PE"
774453;2026-05-27;"quarta-feira";"07:20:00";"RJ";101;318;"NITEROI";"Trafegar com motocicleta (ou similar) entre as faixas";"Engavetamento";"Com Vítimas Feridas";"Pleno dia";"Crescente";"Céu Claro";"Simples";"Reta";"Sim";4;0;1;0;3;0;1;3;-22,85857878;-43,10537338;"SPRF-RJ";"DEL02-RJ";"UOP02-DEL02-RJ"
774454;2026-05-27;"quarta-feira";"10:00:00";"PR";376;598;"CURITIBA";"Condutor deixou de manter distância do veículo da frente";"Colisão traseira";"Com Vítimas Feridas";"Pleno dia";"Decrescente";"Céu Claro";"Dupla";"Reta";"Sim";5;0;2;0;3;0;2;3;-25,48928867;-49,34544062;"SPRF-PR";"DEL01-PR";"UOP03-DEL01-PR"
774455;2026-05-27;"quarta-feira";"08:39:00";"RO";364;525;"ARIQUEMES";"Reação tardia ou ineficiente do condutor";"Tombamento";"Com Vítimas Feridas";"Pleno dia";"Crescente";"Céu Claro";"Simples";"Reta";"Não";1;0;1;0;0;0;1;1;-9,83053202;-63,06866582;"SPRF-RO";"DEL03-RO";"UOP01-DEL03-RO"
774456;2026-04-27;"segunda-feira";"05:15:00";"RJ";116;184;"NOVA IGUACU";"Ingestão de álcool pelo condutor";"Colisão traseira";"Com Vítimas Feridas";"Amanhecer";"Decrescente";"Céu Claro";"Múltipla";"Reta";"Sim";2;0;1;0;1;0;1;2;-22,745771;-43,447175;"SPRF-RJ";"DEL06-RJ";"UOP01-DEL06-RJ"
774457;2026-05-27;"quarta-feira";"08:30:00";"MG";116;534;"SANTA RITA DE MINAS";"Acessar a via sem observar a presença dos outros veículos";"Colisão transversal";"Com Vítimas Feridas";"Pleno dia";"Crescente";"Céu Claro";"Simples";"Curva;Declive";"Não";2;0;0;1;1;0;1;2;-19,85091355;-42,14161992;"SPRF-MG";"DEL06-MG";"UOP02-DEL06-MG"
774458;2026-05-27;"quarta-feira";"10:10:00";"PR";277;6;"PARANAGUA";"Ausência de reação do condutor";"Tombamento";"Com Vítimas Feridas";"Pleno dia";"Crescente";"Nublado";"Dupla";"Reta";"Não";1;0;1;0;0;0;1;1;-25,55828611;-48,57229169;"SPRF-PR";"DEL01-PR";"UOP05-DEL01-PR"
774459;2026-04-29;"quarta-feira";"20:15:00";"RO";364;694;"CANDEIAS DO JAMARI";"Acessar a via sem observar a presença dos outros veículos";"Colisão transversal";"Com Vítimas Fatais";"Plena Noite";"Decrescente";"Céu Claro";"Dupla";"Reta";"Sim";2;1;0;1;0;0;1;2;-8,79795;-63,71236;"SPRF-RO";"DEL01-RO";"UOP01-DEL01-RO"
774461;2026-05-27;"quarta-feira";"06:30:00";"SP";116;114;"TAUBATE";"Reação tardia ou ineficiente do condutor";"Tombamento";"Com Vítimas Feridas";"Pleno dia";"Crescente";"Céu Claro";"Dupla";"Reta";"Sim";1;0;1;0;0;0;1;1;-23,05127302;-45,60345631;"SPRF-SP";"DEL02-SP";"UOP02-DEL02-SP"
774465;2026-05-09;"sábado";"17:15:00";"MG";262;396;"PARA DE MINAS";"Velocidade Incompatível";"Capotamento";"Com Vítimas Feridas";"Plena Noite";"Crescente";"Céu Claro";"Dupla";"Curva;Declive";"Não";5;0;0;1;4;0;1;3;-19,8828;-44,61356;"SPRF-MG";"DEL01-MG";"UOP03-DEL01-MG"
774466;2026-05-27;"quarta-feira";"11:45:00";"PE";101;69,1;"RECIFE";"Trafegar com motocicleta (ou similar) entre as faixas";"Colisão traseira";"Com Vítimas Feridas";"Pleno dia";"Crescente";"Nublado";"Dupla";"Reta";"Sim";3;0;2;0;0;1;2;3;-8,06054;-34,94567;"SPRF-PE";"DEL01-PE";"UOP01-DEL01-PE"
774468;2026-05-27;"quarta-feira";"11:20:00";"PR";376;602,4;"CURITIBA";"Reação tardia ou ineficiente do condutor";"Tombamento";"Com Vítimas Feridas";"Pleno dia";"Decrescente";"Céu Claro";"Dupla";"Reta";"Não";1;0;1;0;0;0;1;1;-25,52627872;-49,32969538;"SPRF-PR";"DEL01-PR";"UOP03-DEL01-PR"
774469;2026-05-27;"quarta-feira";"11:02:00";"SE";235;51,9;"ITABAIANA";"Desrespeitar a preferência no cruzamento";"Colisão transversal";"Com Vítimas Feridas";"Pleno dia";"Crescente";"Céu Claro";"Simples";"Reta;Interseção de Vias;Retorno Regulamentado";"Sim";3;0;2;0;1;0;2;2;-10,69320143;-37,43753163;"SPRF-SE";"DEL01-SE";"UOP02-DEL01-SE"
774470;2026-05-27;"quarta-feira";"11:50:00";"SP";116;79,5;"ROSEIRA";"Demais falhas mecânicas ou elétricas";"Tombamento";"Com Vítimas Feridas";"Pleno dia";"Crescente";"Céu Claro";"Dupla";"Reta";"Não";2;0;2;0;0;0;2;1;-22,8955842;-45,29704794;"SPRF-SP";"DEL08-SP";"UOP01-DEL08-SP"
774471;2026-05-27;"quarta-feira";"11:20:00";"PR";116;118;"CURITIBA";"Trafegar com motocicleta (ou similar) entre as faixas";"Colisão traseira";"Com Vítimas Feridas";"Pleno dia";"Crescente";"Céu Claro";"Dupla";"Reta";"Sim";2;0;1;0;1;0;1;2;-25,58289452;-49,31306586;"SPRF-PR";"DEL01-PR";"UOP03-DEL01-PR"
774472;2026-05-27;"quarta-feira";"11:30:00";"SC";101;135,3;"BALNEARIO CAMBORIU";"Reação tardia ou ineficiente do condutor";"Colisão traseira";"Com Vítimas Feridas";"Pleno dia";"Crescente";"Céu Claro";"Dupla";"Reta";"Sim";2;0;1;0;1;0;1;2;-27,00567;-48,62454;"SPRF-SC";"DEL04-SC";"UOP03-DEL04-SC"
774473;2026-05-27;"quarta-feira";"10:20:00";"MG";262;94,7;"ABRE CAMPO";"Acumulo de óleo sobre o pavimento";"Colisão frontal";"Com Vítimas Fatais";"Pleno dia";"Decrescente";"Céu Claro";"Simples";"Curva;Aclive";"Sim";3;1;1;1;0;0;2;2;-20,28714;-42,538775;"SPRF-MG";"DEL03-MG";"UOP03-DEL03-MG"
774474;2026-05-27;"quarta-feira";"09:55:00";"BA";101;172;"FEIRA DE SANTANA";"Carga excessiva e/ou mal acondicionada";"Colisão com objeto";"Com Vítimas Feridas";"Pleno dia";"Crescente";"Céu Claro";"Simples";"Reta";"Não";3;0;1;0;1;1;1;2;-12,37093981;-38,87519717;"SPRF-BA";"DEL11-BA";"UOP02-DEL11-BA"
774476;2026-05-27;"quarta-feira";"12:40:00";"SC";280;28;"ARAQUARI";"Acessar a via sem observar a presença dos outros veículos";"Colisão transversal";"Com Vítimas Feridas";"Pleno dia";"Crescente";"Céu Claro";"Simples";"Reta;Interseção de Vias";"Sim";2;0;0;1;1;0;1;2;-26,40526085;-48,74607889;"SPRF-SC";"DEL03-SC";"UOP03-DEL03-SC"
774478;2026-05-27;"quarta-feira";"11:40:00";"RO";319;139;"PORTO VELHO";"Acessar a via sem observar a presença dos outros veículos";"Colisão lateral mesmo sentido";"Com Vítimas Feridas";"Pleno dia";"Decrescente";"Céu Claro";"Dupla";"Reta";"Sim";2;0;1;0;1;0;1;2;-8,7426001;-63,90490651;"SPRF-RO";"DEL01-RO";"UOP01-DEL01-RO"
774479;2026-05-27;"quarta-feira";"10:15:00";"SC";470;66,9;"INDAIAL";"Ultrapassagem Indevida";"Colisão com objeto";"Com Vítimas Feridas";"Pleno dia";"Decrescente";"Céu Claro";"Simples";"Em Obras;Reta;Declive";"Sim";1;0;1;0;0;0;1;1;-26,871588;-49,23005819;"SPRF-SC";"DEL04-SC";"UOP01-DEL04-SC"
774482;2026-05-27;"quarta-feira";"12:00:00";"MA";135;80;"SANTA RITA";"Ultrapassagem Indevida";"Colisão frontal";"Com Vítimas Fatais";"Pleno dia";"Decrescente";"Céu Claro";"Simples";"Aclive;Reta";"Não";2;1;0;0;1;0;0;2;-3,22404;-44,361941;"SPRF-MA";"DEL01-MA";"UOP02-DEL01-MA"
774483;2026-04-18;"sábado";"16:50:00";"MS";262;40;"TRES LAGOAS";"Reação tardia ou ineficiente do condutor";"Saída de leito carroçável";"Com Vítimas Feridas";"Pleno dia";"Crescente";"Céu Claro";"Simples";"Reta";"Não";4;0;2;1;1;0;3;1;-20,774864;-51,972833;"SPRF-MS";"DEL07-MS";"UOP01-DEL07-MS"
774484;2026-05-27;"quarta-feira";"13:20:00";"RJ";101;398,1;"ITAGUAI";"Avarias e/ou desgaste excessivo no pneu";"Queda de ocupante de veículo";"Com Vítimas Feridas";"Pleno dia";"Decrescente";"Nublado";"Dupla";"Reta";"Sim";2;0;2;0;0;0;2;1;-22,8632071;-43,7543329;"SPRF-RJ";"DEL03-RJ";"UOP01-DEL03-RJ"
774487;2026-05-27;"quarta-feira";"12:44:00";"PB";230;16,6;"JOAO PESSOA";"Manobra de mudança de faixa";"Colisão traseira";"Com Vítimas Feridas";"Pleno dia";"Decrescente";"Céu Claro";"Dupla";"Reta";"Sim";3;0;0;1;2;0;1;2;-7,111597;-34,84261;"SPRF-PB";"DEL01-PB";"UOP01-DEL01-PB"
774488;2026-05-27;"quarta-feira";"13:19:00";"PE";428;186;"PETROLINA";"Condutor deixou de manter distância do veículo da frente";"Colisão traseira";"Com Vítimas Feridas";"Pleno dia";"Decrescente";"Céu Claro";"Dupla";"Reta";"Sim";2;0;1;0;1;0;1;2;-9,356802;-40,478805;"SPRF-PE";"DEL06-PE";"UOP01-DEL06-PE"
774489;2026-04-08;"quarta-feira";"17:32:00";"BA";330;847;"IPIAU";"Velocidade Incompatível";"Queda de ocupante de veículo";"Com Vítimas Feridas";"Pleno dia";"Decrescente";"Céu Claro";"Simples";"Reta";"Não";2;0;2;0;0;0;2;1;-14,14439927;-39,71574783;"SPRF-BA";"DEL03-BA";"UOP01-DEL03-BA"
774491;2026-04-04;"sábado";"19:30:00";"GO";452;145;"BOM JESUS DE GOIAS";"Ausência de reação do condutor";"Queda de ocupante de veículo";"Com Vítimas Feridas";"Pleno dia";"Crescente";"Céu Claro";"Simples";"Reta";"Não";1;0;0;1;0;0;1;1;-18,26769;-49,651;"SPRF-GO";"DEL03-GO";"UOP02-DEL03-GO"