"id";"data_inversa";"dia_semana";"horario";"uf";"br";"km";"municipio";"causa_acidente";"tipo_acidente";"classificacao_acidente";"fase_dia";"sentido_via";"condicao_metereologica";"tipo_pista";"tracado_via";"uso_solo";"pessoas";"mortos";"feridos_leves";"feridos_graves";"ilesos";"ignorados";"feridos";"veiculos";"latitude";"longitude";"regional";"delegacia";"uop"
774729;2026-05-28;"quinta-feira";"18:00:00";"RS";470;222,4;"GARIBALDI";"Transitar no Acostamento";"Colisão transversal";"Com Vítimas Feridas";"Anoitecer";"Decrescente";"Nublado";"Múltipla";"Retorno Regulamentado;Reta";"Sim";2;0;1;0;1;0;1;2;-29,227352;-51,51615;"SPRF-RS";"DEL06-RS";"UOP01-DEL06-RS"
774730;2026-05-28;"quinta-feira";"16:40:00";"AP";210;54;"FERREIRA GOMES";"Acumulo de óleo sobre o pavimento";"Tombamento";"Com Vítimas Feridas";"Pleno dia";"Crescente";"Chuva";"Simples";"Reta";"Não";2;0;2;0;0;0;2;1;0,4684;-51,0806;"SPRF-AP";"DEL01-AP";"UOP01-DEL01-AP"
774731;2026-05-28;"quinta-feira";"17:40:00";"SC";101;150;"ITAPEMA";"Trafegar com motocicleta (ou similar) entre as faixas";"Colisão lateral mesmo sentido";"Com Vítimas Feridas";"Anoitecer";"Decrescente";"Céu Claro";"Dupla";"Reta";"Sim";2;0;1;0;1;0;1;2;-27,11844;-48,60914;"SPRF-SC";"DEL04-SC";"UOP03-DEL04-SC"
774732;2026-05-28;"quinta-feira";"18:00:00";"RJ";101;205;"CASIMIRO DE ABREU";"Ausência de reação do condutor";"Colisão traseira";"Com Vítimas Feridas";"Plena Noite";"Crescente";"Céu Claro";"Simples";"Reta";"Sim";2;0;1;0;1;0;1;2;-22,47571;-42,19278;"SPRF-RJ";"DEL08-RJ";"UOP04-DEL08-RJ"
774734;2026-05-28;"quinta-feira";"17:30:00";"PR";376;497;"PONTA GROSSA";"Ausência de reação do condutor";"Colisão traseira";"Com Vítimas Feridas";"Anoitecer";"Decrescente";"Nublado";"Simples";"Interseção de Vias";"Sim";3;0;1;1;1;0;2;2;-25,173745;-50,104192;"SPRF-PR";"DEL03-PR";"UOP03-DEL03-PR"
774735;2026-05-27;"quarta-feira";"08:40:00";"RJ";116;184;"NOVA IGUACU";"Ausência de reação do condutor";"Colisão traseira";"Com Vítimas Feridas";"Pleno dia";"Decrescente";"Céu Claro";"Dupla";"Reta";"Sim";2;0;1;0;1;0;1;2;-22,76236041;-43,42206415;"SPRF-RJ";"DEL06-RJ";"UOP01-DEL06-RJ"
774736;2026-05-28;"quinta-feira";"17:15:00";"GO";40;2;"VALPARAISO DE GOIAS";"Manobra de mudança de faixa";"Colisão lateral mesmo sentido";"Com Vítimas Fatais";"Pleno dia";"Decrescente";"Céu Claro";"Dupla";"Reta";"Sim";2;1;0;0;1;0;0;2;-16,0719;-47,98449;"SPRF-DF";"DEL01-DF";"UOP01-DEL01-DF"
774737;2026-05-28;"quinta-feira";"17:30:00";"PE";428;188;"PETROLINA";"Condutor deixou de manter distância do veículo da frente";"Colisão lateral mesmo sentido";"Com Vítimas Feridas";"Plena Noite";"Decrescente";"Céu Claro";"Múltipla";"Retorno Regulamentado";"Sim";2;0;1;0;1;0;1;2;-9,36509936;-40,48335163;"SPRF-PE";"DEL06-PE";"UOP01-DEL06-PE"
774738;2026-05-28;"quinta-feira";"18:35:00";"SC";101;338,5;"TUBARAO";"Ausência de reação do condutor";"Colisão traseira";"Com Vítimas Feridas";"Plena Noite";"Decrescente";"Céu Claro";"Dupla";"Reta;Aclive";"Não";2;0;1;0;1;0;1;2;-28,5084437;-49,05005012;"SPRF-SC";"DEL02-SC";"UOP01-DEL02-SC"
774739;2026-05-28;"quinta-feira";"16:35:00";"MG";116;515,1;"UBAPORANGA";"Pista Escorregadia";"Tombamento";"Com Vítimas Feridas";"Pleno dia";"Crescente";"Nublado";"Simples";"Curva";"Não";1;0;1;0;0;0;1;1;-19,691857;-42,117162;"SPRF-MG";"DEL06-MG";"UOP02-DEL06-MG"
774740;2026-05-28;"quinta-feira";"17:40:00";"CE";116;46,1;"PACAJUS";"Acessar a via sem observar a presença dos outros veículos";"Colisão transversal";"Com Vítimas Feridas";"Anoitecer";"Decrescente";"Céu Claro";"Dupla";"Retorno Regulamentado";"Sim";3;0;1;1;1;0;2;2;-4,14818947;-38,47746313;"SPRF-CE";"DEL01-CE";"UOP02-DEL01-CE"
774742;2026-04-24;"sexta-feira";"19:30:00";"RJ";101;236;"SILVA JARDIM";"Acessar a via sem observar a presença dos outros veículos";"Atropelamento de Pedestre";"Com Vítimas Fatais";"Plena Noite";"Decrescente";"Céu Claro";"Dupla";"Reta";"Sim";2;1;0;1;0;0;1;2;-22,61419905;-42,41143227;"SPRF-RJ";"DEL02-RJ";"UOP03-DEL02-RJ"
774743;2026-05-28;"quinta-feira";"18:30:00";"SC";101;338,2;"TUBARAO";"Ausência de reação do condutor";"Colisão traseira";"Com Vítimas Feridas";"Plena Noite";"Decrescente";"Céu Claro";"Múltipla";"Viaduto;Reta";"Não";3;0;1;0;2;0;1;3;-28,50710639;-49,04957771;"SPRF-SC";"DEL02-SC";"UOP01-DEL02-SC"
774746;2026-05-28;"quinta-feira";"19:00:00";"PR";369;159;"CAMBE";"Ausência de reação do condutor";"Engavetamento";"Sem Vítimas";"Plena Noite";"Crescente";"Céu Claro";"Dupla";"Reta;Aclive";"Sim";3;0;0;0;3;0;0;3;-23,28455745;-51,24207973;"SPRF-PR";"DEL07-PR";"UOP01-DEL07-PR"
774748;2026-05-28;"quinta-feira";"17:30:00";"RO";364;3,1;"JI-PARANA";"Frear bruscamente";"Queda de ocupante de veículo";"Com Vítimas Feridas";"Pleno dia";"Crescente";"Céu Claro";"Simples";"Rotatória";"Não";2;0;1;0;1;0;1;1;-10,8868093;-61,98773257;"SPRF-RO";"DEL04-RO";"UOP01-DEL04-RO"
774750;2026-05-28;"quinta-feira";"19:36:00";"SP";116;216;"GUARULHOS";"Ausência de reação do condutor";"Colisão traseira";"Com Vítimas Feridas";"Plena Noite";"Crescente";"Nublado";"Múltipla";"Aclive;Reta";"Sim";3;0;2;0;0;1;2;2;-23,455197;-46,474663;"SPRF-SP";"DEL01-SP";"UOP01-DEL01-SP"
774751;2026-05-28;"quinta-feira";"18:30:00";"RJ";101;478;"ANGRA DOS REIS";"Transitar no Acostamento";"Colisão traseira";"Com Vítimas Feridas";"Anoitecer";"Decrescente";"Garoa/Chuvisco";"Simples";"Reta";"Não";3;0;1;0;2;0;1;3;-23,00252172;-44,2707704;"SPRF-RJ";"DEL03-RJ";"UOP03-DEL03-RJ"
774754;2026-05-28;"quinta-feira";"19:00:00";"SP";381;82;"SAO PAULO";"Demais falhas mecânicas ou elétricas";"Incêndio";"Sem Vítimas";"Plena Noite";"Crescente";"Céu Claro";"Dupla";"Reta";"Sim";1;0;0;0;1;0;0;1;-23,44181784;-46,56815958;"SPRF-SP";"DEL03-SP";"UOP01-DEL03-SP"
774755;2026-04-30;"quinta-feira";"13:30:00";"GO";60;162,1;"GOIANIA";"Reação tardia ou ineficiente do condutor";"Colisão traseira";"Com Vítimas Feridas";"Pleno dia";"Crescente";"Céu Claro";"Dupla";"Declive;Viaduto";"Sim";2;0;0;1;1;0;1;2;-16,70544429;-49,34507132;"SPRF-GO";"DEL01-GO";"UOP02-DEL01-GO"
774756;2026-05-28;"quinta-feira";"19:30:00";"DF";40;1;"BRASILIA";"Ingestão de álcool pelo condutor";"Colisão traseira";"Sem Vítimas";"Plena Noite";"Crescente";"Céu Claro";"Dupla";"Reta";"Sim";8;0;0;0;8;0;0;4;-15,986576;-47,98752;"SPRF-DF";"DEL01-DF";"UOP01-DEL01-DF"
774757;2026-05-28;"quinta-feira";"19:55:00";"SC";470;65,9;"BLUMENAU";"Condutor deixou de manter distância do veículo da frente";"Colisão com objeto";"Com Vítimas Feridas";"Plena Noite";"Crescente";"Céu Claro";"Dupla";"Reta";"Não";1;0;1;0;0;0;1;1;-26,8627451;-49,0919052;"SPRF-SC";"DEL04-SC";"UOP01-DEL04-SC"
774758;2026-05-28;"quinta-feira";"18:45:00";"PE";423;85,3;"SAO JOAO";"Condutor deixou de manter distância do veículo da frente";"Colisão traseira";"Com Vítimas Feridas";"Plena Noite";"Decrescente";"Nublado";"Simples";"Reta";"Não";3;0;1;0;1;1;1;2;-8,808853;-36,442995;"SPRF-PE";"DEL03-PE";"UOP01-DEL03-PE"
774760;2026-05-28;"quinta-feira";"18:10:00";"MG";116;414;"GOVERNADOR VALADARES";"Ausência de reação do condutor";"Tombamento";"Com Vítimas Feridas";"Plena Noite";"Crescente";"Céu Claro";"Simples";"Reta";"Sim";2;0;1;0;0;1;1;2;-18,8864725;-41,94648743;"SPRF-MG";"DEL06-MG";"UOP01-DEL06-MG"
774761;2026-05-28;"quinta-feira";"18:30:00";"RS";116;258;"ESTEIO";"Ausência de reação do condutor";"Colisão traseira";"Com Vítimas Feridas";"Anoitecer";"Crescente";"Céu Claro";"Dupla";"Reta";"Sim";2;0;1;0;0;1;1;2;-29,85647184;-51,18042178;"SPRF-RS";"DEL01-RS";"UOP02-DEL01-RS"
774765;2026-05-28;"quinta-feira";"18:20:00";"RJ";40;120;"DUQUE DE CAXIAS";"Trafegar com motocicleta (ou similar) entre as faixas";"Colisão traseira";"Com Vítimas Feridas";"Plena Noite";"Decrescente";"Céu Claro";"Múltipla";"Reta";"Sim";3;0;0;2;1;0;2;2;-22,7967725;-43,3043291;"SPRF-RJ";"DEL01-RJ";"UOP02-DEL01-RJ"
774766;2026-05-28;"quinta-feira";"18:20:00";"GO";414;438;"ANAPOLIS";"Condutor deixou de manter distância do veículo da frente";"Colisão traseira";"Sem Vítimas";"Plena Noite";"Crescente";"Céu Claro";"Simples";"Reta;Declive";"Não";2;0;0;0;2;0;0;2;-16,26735037;-48,93922895;"SPRF-GO";"DEL02-GO";"UOP01-DEL02-GO"
774767;2026-05-28;"quinta-feira";"20:15:00";"PE";101;85,9;"JABOATAO DOS GUARARAPES";"Entrada inopinada do pedestre";"Atropelamento de Pedestre";"Com Vítimas Feridas";"Plena Noite";"Decrescente";"Nublado";"Dupla";"Aclive;Reta";"Não";2;0;1;1;0;0;2;2;-8,1874351;-34,9723695;"SPRF-PE";"DEL01-PE";"UOP01-DEL01-PE"
774768;2026-05-28;"quinta-feira";"20:20:00";"GO";414;439,9;"ANAPOLIS";"Manobra de mudança de faixa";"Colisão lateral mesmo sentido";"Com Vítimas Feridas";"Plena Noite";"Decrescente";"Céu Claro";"Simples";"Reta";"Sim";2;0;0;1;1;0;1;2;-16,28081207;-48,94237217;"SPRF-GO";"DEL02-GO";"UOP01-DEL02-GO"
774769;2026-05-28;"quinta-feira";"17:30:00";"PR";153;162;"VENTANIA";"Conversão proibida";"Colisão frontal";"Com Vítimas Fatais";"Anoitecer";"Crescente";"Céu Claro";"Simples";"Curva";"Sim";3;1;0;0;2;0;0;2;-24,242144;-50,238391;"SPRF-PR";"DEL03-PR";"UOP02-DEL03-PR"
774770;2026-05-28;"quinta-feira";"20:45:00";"SC";101;132;"BALNEARIO CAMBORIU";"Condutor deixou de manter distância do veículo da frente";"Colisão traseira";"Com Vítimas Feridas";"Plena Noite";"Decrescente";"Nublado";"Dupla";"Reta";"Sim";2;0;1;0;1;0;1;2;-26,99808937;-48,64915458;"SPRF-SC";"DEL04-SC";"UOP03-DEL04-SC"
774771;2026-05-28;"quinta-feira";"19:50:00";"SP";101;16,8;"UBATUBA";"Conversão proibida";"Colisão transversal";"Sem Vítimas";"Plena Noite";"Decrescente";"Chuva";"Simples";"Curva";"Sim";2;0;0;0;1;1;0;2;-23,33656016;-44,87971252;"SPRF-SP";"DEL06-SP";"UOP01-DEL06-SP"
774773;2026-05-28;"quinta-feira";"20:30:00";"PR";153;354;"REBOUCAS";"Demais falhas mecânicas ou elétricas";"Incêndio";"Sem Vítimas";"Plena Noite";"Decrescente";"Céu Claro";"Simples";"Reta";"Não";2;0;0;0;1;1;0;1;-25,64543463;-50,73120984;"SPRF-PR";"DEL08-PR";"UOP02-DEL08-PR"
774775;2026-05-28;"quinta-feira";"19:00:00";"GO";153;583;"PROFESSOR JAMIL";"Animais na Pista";"Atropelamento de Animal";"Com Vítimas Feridas";"Plena Noite";"Crescente";"Céu Claro";"Dupla";"Declive";"Não";2;0;1;0;1;0;1;1;-17,31977047;-49,24327612;"SPRF-GO";"DEL03-GO";"UOP01-DEL03-GO"
774776;2026-05-28;"quinta-feira";"19:30:00";"SC";101;297;"IMBITUBA";"Acessar a via sem observar a presença dos outros veículos";"Colisão frontal";"Com Vítimas Feridas";"Plena Noite";"Decrescente";"Céu Claro";"Simples";"Reta";"Sim";2;0;0;1;1;0;1;2;-28,31930877;-48,72751096;"SPRF-SC";"DEL02-SC";"UOP03-DEL02-SC"
774777;2026-05-28;"quinta-feira";"19:30:00";"SP";116;121;"CACAPAVA";"Pedestre andava na pista";"Colisão traseira";"Com Vítimas Feridas";"Plena Noite";"Crescente";"Céu Claro";"Dupla";"Reta";"Não";2;0;0;1;1;0;1;2;-23,08196868;-45,66128213;"SPRF-SP";"DEL02-SP";"UOP02-DEL02-SP"
774779;2026-05-28;"quinta-feira";"17:25:00";"MT";70;260;"PRIMAVERA DO LESTE";"Ingestão de álcool pelo condutor";"Saída de leito carroçável";"Com Vítimas Feridas";"Plena Noite";"Decrescente";"Céu Claro";"Simples";"Curva";"Não";7;0;4;1;2;0;5;1;-15,613515;-54,187377;"SPRF-MT";"DEL05-MT";"UOP01-DEL05-MT"
774781;2026-05-28;"quinta-feira";"20:30:00";"PE";101;81;"JABOATAO DOS GUARARAPES";"Condutor deixou de manter distância do veículo da frente";"Colisão traseira";"Com Vítimas Feridas";"Plena Noite";"Decrescente";"Ignorado";"Dupla";"Reta";"Sim";2;0;0;1;1;0;1;2;-8,16403685;-34,93887234;"SPRF-PE";"DEL01-PE";"UOP01-DEL01-PE"
774782;2026-05-28;"quinta-feira";"21:30:00";"PB";230;27;"BAYEUX";"Acumulo de areia ou detritos sobre o pavimento";"Tombamento";"Com Vítimas Feridas";"Plena Noite";"Crescente";"Céu Claro";"Dupla";"Curva;Viaduto";"Sim";1;0;1;0;0;0;1;1;-7,11068928;-34,895111;"SPRF-PB";"DEL01-PB";"UOP01-DEL01-PB"
774783;2026-05-28;"quinta-feira";"21:00:00";"SP";101;45,7;"UBATUBA";"Reação tardia ou ineficiente do condutor";"Colisão com objeto";"Com Vítimas Feridas";"Plena Noite";"Decrescente";"Nublado";"Simples";"Reta";"Sim";1;0;1;0;0;0;1;1;-23,423788;-45,074773;"SPRF-SP";"DEL06-SP";"UOP01-DEL06-SP"
774784;2026-05-27;"quarta-feira";"03:25:00";"RJ";101;201;"CASIMIRO DE ABREU";"Frear bruscamente";"Colisão traseira";"Com Vítimas Feridas";"Plena Noite";"Decrescente";"Nublado";"Simples";"Reta";"Não";2;0;1;0;1;0;1;2;-22,47578581;-42,16940615;"SPRF-RJ";"DEL08-RJ";"UOP04-DEL08-RJ"
774785;2026-05-28;"quinta-feira";"19:23:00";"MT";163;853;"SINOP";"Acessar a via sem observar a presença dos outros veículos";"Colisão transversal";"Com Vítimas Feridas";"Plena Noite";"Crescente";"Ignorado";"Simples";"Reta";"Sim";3;0;1;0;2;0;1;2;-11,70639742;-55,45495784;"SPRF-MT";"DEL06-MT";"UOP02-DEL06-MT"
774786;2026-05-28;"quinta-feira";"21:40:00";"PR";376;2,6;"APUCARANA";"Acessar a via sem observar a presença dos outros veículos";"Colisão transversal";"Com Vítimas Feridas";"Plena Noite";"Decrescente";"Céu Claro";"Simples";"Reta";"Não";2;0;0;1;1;0;1;2;-23,561685;-51,434537;"SPRF-PR";"DEL07-PR";"UOP03-DEL07-PR"
774789;2026-05-28;"quinta-feira";"21:40:00";"MA";10;255;"IMPERATRIZ";"Conversão proibida";"Colisão transversal";"Com Vítimas Feridas";"Plena Noite";"Crescente";"Céu Claro";"Simples";"Reta";"Sim";6;0;2;0;4;0;2;2;-5,5045333;-47,4717483;"SPRF-MA";"DEL04-MA";"UOP01-DEL04-MA"
774791;2026-05-28;"quinta-feira";"23:00:00";"MA";10;258;"IMPERATRIZ";"Reação tardia ou ineficiente do condutor";"Tombamento";"Com Vítimas Feridas";"Plena Noite";"Crescente";"Céu Claro";"Simples";"Reta";"Sim";1;0;1;0;0;0;1;1;-5,4789113;-47,4720777;"SPRF-MA";"DEL04-MA";"UOP01-DEL04-MA"
774793;2026-05-28;"quinta-feira";"19:00:00";"MG";116;413;"GOVERNADOR VALADARES";"Condutor deixou de manter distância do veículo da frente";"Colisão traseira";"Com Vítimas Feridas";"Plena Noite";"Crescente";"Céu Claro";"Simples";"Reta";"Sim";4;0;1;0;3;0;1;3;-18,88240641;-41,95659969;"SPRF-MG";"DEL06-MG";"UOP01-DEL06-MG"
774794;2026-05-28;"quinta-feira";"23:10:00";"MG";262;37,6;"MANHUACU";"Ausência de reação do condutor";"Tombamento";"Com Vítimas Feridas";"Plena Noite";"Crescente";"Céu Claro";"Simples";"Reta";"Sim";1;0;1;0;0;0;1;1;-20,27248058;-42,04325551;"SPRF-MG";"DEL06-MG";"UOP03-DEL06-MG"
774795;2026-05-28;"quinta-feira";"22:30:00";"MG";50;173;"UBERABA";"Ingestão de álcool pelo condutor";"Colisão traseira";"Sem Vítimas";"Plena Noite";"Decrescente";"Céu Claro";"Dupla";"Reta";"Sim";3;0;0;0;3;0;0;2;-19,75934197;-47,97845062;"SPRF-MG";"DEL13-MG";"UOP01-DEL13-MG"
774796;2026-05-28;"quinta-feira";"23:50:00";"SP";116;223;"GUARULHOS";"Acessar a via sem observar a presença dos outros veículos";"Queda de ocupante de veículo";"Com Vítimas Feridas";"Plena Noite";"Decrescente";"Nublado";"Múltipla";"Reta";"Não";1;0;1;0;0;0;1;1;-23,47760498;-46,52753893;"SPRF-SP";"DEL01-SP";"UOP01-DEL01-SP"
774797;2026-05-28;"quinta-feira";"21:35:00";"RS";116;82,6;"CAMPESTRE DA SERRA";"Reação tardia ou ineficiente do condutor";"Saída de leito carroçável";"Com Vítimas Feridas";"Plena Noite";"Crescente";"Nublado";"Simples";"Reta";"Sim";2;0;1;0;1;0;1;1;-28,81751;-51,11065;"SPRF-RS";"DEL05-RS";"UOP03-DEL05-RS"
774798;2026-05-28;"quinta-feira";"23:20:00";"SC";101;145;"ITAPEMA";"Condutor deixou de manter distância do veículo da frente";"Colisão traseira";"Com Vítimas Feridas";"Plena Noite";"Crescente";"Céu Claro";"Dupla";"Reta";"Sim";2;0;1;0;1;0;1;2;-27,08359;-48,60437;"SPRF-SC";"DEL04-SC";"UOP03-DEL04-SC"
774799;2026-05-28;"quinta-feira";"22:30:00";"SC";101;213,3;"PALHOCA";"Acesso irregular";"Colisão lateral sentido oposto";"Com Vítimas Feridas";"Plena Noite";"Decrescente";"Céu Claro";"Dupla";"Interseção de Vias;Reta";"Não";2;0;1;0;1;0;1;2;-27,6396;-48,66654;"SPRF-SC";"DEL01-SC";"UOP02-DEL01-SC"
774800;2026-05-28;"quinta-feira";"19:00:00";"SP";459;30,8;"LORENA";"Transitar na contramão";"Colisão frontal";"Com Vítimas Feridas";"Plena Noite";"Decrescente";"Céu Claro";"Simples";"Reta";"Sim";3;0;0;1;1;1;1;3;-22,730934;-45,099864;"SPRF-SP";"DEL08-SP";"UOP02-DEL08-SP"
774801;2026-05-29;"sexta-feira";"00:28:00";"PE";101;48,2;"ABREU E LIMA";"Manobra de mudança de faixa";"Colisão traseira";"Com Vítimas Feridas";"Plena Noite";"Crescente";"Céu Claro";"Dupla";"Reta";"Sim";2;0;2;0;0;0;2;2;-7,8956083;-34,9028067;"SPRF-PE";"DEL01-PE";"UOP02-DEL01-PE"
774802;2026-05-28;"quinta-feira";"23:10:00";"PI";20;359;"MONSENHOR HIPOLITO";"Condutor Dormindo";"Capotamento";"Com Vítimas Feridas";"Plena Noite";"Decrescente";"Céu Claro";"Simples";"Reta";"Não";1;0;0;1;0;0;1;1;-6,851912;-41,067072;"SPRF-PI";"DEL04-PI";"UOP01-DEL04-PI"
774803;2026-05-28;"quinta-feira";"16:30:00";"PR";163;337;"GUAIRA";"Reação tardia ou ineficiente do condutor";"Saída de leito carroçável";"Com Vítimas Feridas";"Pleno dia";"Crescente";"Céu Claro";"Simples";"Reta";"Não";2;0;1;0;1;0;1;1;-24,166825;-54,223343;"SPRF-PR";"DEL06-PR";"UOP01-DEL06-PR"
774805;2026-05-29;"sexta-feira";"01:30:00";"MG";381;502,5;"BETIM";"Animais na Pista";"Atropelamento de Animal";"Sem Vítimas";"Plena Noite";"Decrescente";"Céu Claro";"Dupla";"Curva";"Sim";3;0;0;0;3;0;0;1;-20,01880328;-44,22745792;"SPRF-MG";"DEL01-MG";"UOP03-DEL01-MG"
774807;2026-05-29;"sexta-feira";"01:00:00";"RS";116;130;"SAO MARCOS";"Condutor Dormindo";"Saída de leito carroçável";"Com Vítimas Feridas";"Plena Noite";"Crescente";"Céu Claro";"Simples";"Curva";"Não";1;0;1;0;0;0;1;1;-29,03642832;-51,09155148;"SPRF-RS";"DEL05-RS";"UOP01-DEL05-RS"
774810;2026-05-29;"sexta-feira";"00:55:00";"MG";40;615;"CONGONHAS";"Ingestão de álcool pelo condutor";"Colisão frontal";"Sem Vítimas";"Plena Noite";"Crescente";"Céu Claro";"Simples";"Curva";"Sim";2;0;0;0;2;0;0;2;-20,533375;-43,822576;"SPRF-MG";"DEL05-MG";"UOP02-DEL05-MG"
774811;2026-05-29;"sexta-feira";"02:40:00";"RS";101;49;"TERRA DE AREIA";"Ingestão de álcool pelo condutor";"Saída de leito carroçável";"Sem Vítimas";"Plena Noite";"Decrescente";"Céu Claro";"Dupla";"Reta";"Não";3;0;0;0;3;0;0;1;-29,602662;-50,082582;"SPRF-RS";"DEL03-RS";"UOP02-DEL03-RS"
774813;2026-05-29;"sexta-feira";"03:30:00";"MG";40;545,9;"NOVA LIMA";"Suicídio (presumido)";"Sinistro pessoal de trânsito";"Com Vítimas Feridas";"Plena Noite";"Crescente";"Céu Claro";"Dupla";"Viaduto;Reta";"Sim";2;0;0;1;0;1;1;2;-20,01211666;-43,96759999;"SPRF-MG";"DEL01-MG";"UOP02-DEL01-MG"
774814;2026-05-28;"quinta-feira";"22:25:00";"RJ";101;313;"SAO GONCALO";"Ausência de reação do condutor";"Queda de ocupante de veículo";"Com Vítimas Feridas";"Plena Noite";"Decrescente";"Nublado";"Dupla";"Reta";"Sim";1;0;1;0;0;0;1;1;-22,81068179;-43,06981118;"SPRF-RJ";"DEL02-RJ";"UOP02-DEL02-RJ"
774815;2026-05-29;"sexta-feira";"05:00:00";"MG";40;553,3;"NOVA LIMA";"Afundamento ou ondulação no pavimento";"Tombamento";"Com Vítimas Feridas";"Plena Noite";"Crescente";"Céu Claro";"Dupla";"Declive;Curva";"Sim";1;0;1;0;0;0;1;1;-20,06704211;-43,97993982;"SPRF-MG";"DEL01-MG";"UOP02-DEL01-MG"
774819;2026-05-28;"quinta-feira";"11:52:00";"GO";153;197;"URUACU";"Reação tardia ou ineficiente do condutor";"Engavetamento";"Sem Vítimas";"Pleno dia";"Decrescente";"Céu Claro";"Simples";"Reta";"Sim";5;0;0;0;5;0;0;3;-14,51534736;-49,15100473;"SPRF-GO";"DEL07-GO";"UOP02-DEL07-GO"
774820;2026-05-29;"sexta-feira";"06:30:00";"MG";40;549,2;"NOVA LIMA";"Ausência de reação do condutor";"Colisão traseira";"Com Vítimas Feridas";"Pleno dia";"Crescente";"Céu Claro";"Dupla";"Reta";"Não";2;0;1;0;1;0;1;2;-20,04474;-43,96796;"SPRF-MG";"DEL01-MG";"UOP02-DEL01-MG"
774821;2026-05-29;"sexta-feira";"06:26:00";"PE";101;81;"JABOATAO DOS GUARARAPES";"Condutor deixou de manter distância do veículo da frente";"Colisão traseira";"Com Vítimas Feridas";"Pleno dia";"Crescente";"Céu Claro";"Múltipla";"Reta";"Sim";2;0;1;0;1;0;1;2;-8,1653723;-34,9392398;"SPRF-PE";"DEL01-PE";"UOP01-DEL01-PE"
774823;2026-05-29;"sexta-feira";"05:10:00";"PR";277;678;"MEDIANEIRA";"Ingestão de álcool pelo condutor";"Saída de leito carroçável";"Com Vítimas Feridas";"Plena Noite";"Decrescente";"Céu Claro";"Dupla";"Reta;Declive";"Não";2;0;2;0;0;0;2;1;-25,307056;-54,138962;"SPRF-PR";"DEL05-PR";"UOP01-DEL05-PR"
774824;2026-05-29;"sexta-feira";"06:00:00";"RJ";393;284;"VOLTA REDONDA";"Ultrapassagem Indevida";"Colisão frontal";"Com Vítimas Feridas";"Amanhecer";"Crescente";"Nublado";"Simples";"Curva";"Não";2;0;0;2;0;0;2;2;-22,498171;-44,072833;"SPRF-RJ";"DEL05-RJ";"UOP04-DEL05-RJ"
774825;2026-05-29;"sexta-feira";"07:30:00";"SC";280;130;"RIO NEGRINHO";"Acessar a via sem observar a presença dos outros veículos";"Colisão lateral mesmo sentido";"Com Vítimas Feridas";"Pleno dia";"Crescente";"Céu Claro";"Simples";"Declive;Reta";"Não";2;0;0;1;1;0;1;2;-26,25407615;-49,53432497;"SPRF-SC";"DEL06-SC";"UOP03-DEL06-SC"
774826;2026-05-29;"sexta-feira";"06:43:00";"RJ";101;305;"SAO GONCALO";"Ausência de reação do condutor";"Colisão traseira";"Com Vítimas Feridas";"Amanhecer";"Decrescente";"Céu Claro";"Dupla";"Reta";"Sim";3;0;2;0;1;0;2;2;-22,78825399;-43,00140945;"SPRF-RJ";"DEL02-RJ";"UOP02-DEL02-RJ"
774827;2026-05-29;"sexta-feira";"07:45:00";"SC";101;196,5;"BIGUACU";"Avarias e/ou desgaste excessivo no pneu";"Tombamento";"Com Vítimas Feridas";"Pleno dia";"Decrescente";"Céu Claro";"Múltipla";"Curva";"Sim";2;0;2;0;0;0;2;1;-27,51388;-48,64001;"SPRF-SC";"DEL01-SC";"UOP01-DEL01-SC"
774829;2026-05-28;"quinta-feira";"19:10:00";"RO";364;346;"JI-PARANA";"Retorno proibido";"Colisão transversal";"Com Vítimas Feridas";"Plena Noite";"Crescente";"Céu Claro";"Dupla";"Reta";"Sim";2;0;1;0;1;0;1;2;-10,864783;-61,97008;"SPRF-RO";"DEL02-RO";"UOP01-DEL02-RO"
774830;2026-05-29;"sexta-feira";"07:00:00";"RJ";101;312;"SAO GONCALO";"Manobra de mudança de faixa";"Colisão lateral mesmo sentido";"Com Vítimas Feridas";"Pleno dia";"Crescente";"Nublado";"Dupla";"Reta";"Sim";2;0;1;0;1;0;1;2;-22,8046529;-43,06055048;"SPRF-RJ";"DEL02-RJ";"UOP02-DEL02-RJ"
774831;2026-05-29;"sexta-feira";"07:30:00";"PR";277;590,2;"CASCAVEL";"Ausência de reação do condutor";"Tombamento";"Com Vítimas Feridas";"Pleno dia";"Crescente";"Céu Claro";"Simples";"Declive;Reta";"Não";1;0;1;0;0;0;1;1;-24,9722664;-53,4356932;"SPRF-PR";"DEL04-PR";"UOP01-DEL04-PR"
774834;2026-05-29;"sexta-feira";"07:45:00";"RS";472;580;"URUGUAIANA";"Condutor deixou de manter distância do veículo da frente";"Colisão traseira";"Com Vítimas Feridas";"Pleno dia";"Crescente";"Chuva";"Simples";"Rotatória";"Não";2;0;1;0;1;0;1;2;-29,788415;-57,090182;"SPRF-RS";"DEL13-RS";"UOP01-DEL13-RS"
774836;2026-05-29;"sexta-feira";"06:10:00";"RO";364;426;"JARU";"Ingestão de álcool pelo condutor";"Colisão lateral mesmo sentido";"Com Vítimas Feridas";"Amanhecer";"Decrescente";"Céu Claro";"Simples";"Interseção de Vias;Declive";"Sim";3;0;0;1;2;0;1;2;-10,43254529;-62,47989639;"SPRF-RO";"DEL03-RO";"UOP02-DEL03-RO"