"id";"data_inversa";"dia_semana";"horario";"uf";"br";"km";"municipio";"causa_acidente";"tipo_acidente";"classificacao_acidente";"fase_dia";"sentido_via";"condicao_metereologica";"tipo_pista";"tracado_via";"uso_solo";"pessoas";"mortos";"feridos_leves";"feridos_graves";"ilesos";"ignorados";"feridos";"veiculos";"latitude";"longitude";"regional";"delegacia";"uop"
775046;2026-05-29;"sexta-feira";"22:50:00";"GO";60;192,3;"GUAPO";"Avarias e/ou desgaste excessivo no pneu";"Saída de leito carroçável";"Com Vítimas Feridas";"Plena Noite";"Crescente";"Céu Claro";"Dupla";"Reta";"Não";2;0;2;0;0;0;2;1;-16,851551;-49,567918;"SPRF-GO";"DEL01-GO";"UOP02-DEL01-GO"
775047;2026-05-29;"sexta-feira";"21:36:00";"RN";101;78,4;"NATAL";"Manobra de mudança de faixa";"Colisão lateral mesmo sentido";"Com Vítimas Feridas";"Plena Noite";"Decrescente";"Chuva";"Dupla";"Reta";"Sim";2;0;1;0;0;1;1;2;-5,74426;-35,289746;"SPRF-RN";"DEL02-RN";"UOP01-DEL02-RN"
775048;2026-05-29;"sexta-feira";"19:00:00";"MT";70;403;"CAMPO VERDE";"Acesso irregular";"Colisão frontal";"Com Vítimas Feridas";"Plena Noite";"Crescente";"Ignorado";"Simples";"Interseção de Vias";"Não";6;0;4;2;0;0;6;2;-15,675716;-55,26161;"SPRF-MT";"DEL05-MT";"UOP02-DEL05-MT"
775050;2026-05-29;"sexta-feira";"22:30:00";"PR";277;596,5;"CASCAVEL";"Acessar a via sem observar a presença dos outros veículos";"Colisão transversal";"Com Vítimas Feridas";"Plena Noite";"Crescente";"Garoa/Chuvisco";"Simples";"Aclive";"Sim";2;0;0;1;1;0;1;2;-24,97942998;-53,49683616;"SPRF-PR";"DEL04-PR";"UOP01-DEL04-PR"
775052;2026-05-29;"sexta-feira";"22:20:00";"PR";476;117;"COLOMBO";"Ingestão de álcool pelo condutor";"Colisão frontal";"Com Vítimas Feridas";"Plena Noite";"Crescente";"Nublado";"Dupla";"Interseção de Vias;Reta";"Sim";3;0;0;1;1;1;1;3;-25,36482704;-49,18603627;"SPRF-PR";"DEL01-PR";"UOP01-DEL01-PR"
775053;2026-05-29;"sexta-feira";"23:30:00";"MG";381;488,8;"BETIM";"Demais falhas mecânicas ou elétricas";"Tombamento";"Com Vítimas Feridas";"Plena Noite";"Decrescente";"Céu Claro";"Múltipla";"Declive;Reta";"Sim";1;0;0;1;0;0;1;1;-19,9566255;-44,1429562;"SPRF-MG";"DEL01-MG";"UOP03-DEL01-MG"
775054;2026-05-29;"sexta-feira";"23:35:00";"PE";101;78,3;"JABOATAO DOS GUARARAPES";"Ausência de reação do condutor";"Tombamento";"Com Vítimas Feridas";"Plena Noite";"Crescente";"Chuva";"Dupla";"Reta";"Sim";1;0;1;0;0;0;1;1;-8,139388;-34,947091;"SPRF-PE";"DEL01-PE";"UOP01-DEL01-PE"
775055;2026-05-29;"sexta-feira";"23:45:00";"ES";101;290,8;"CARIACICA";"Reação tardia ou ineficiente do condutor";"Tombamento";"Com Vítimas Feridas";"Plena Noite";"Decrescente";"Céu Claro";"Dupla";"Reta";"Sim";1;0;1;0;0;0;1;1;-20,295258;-40,39349;"SPRF-ES";"DEL01-ES";"UOP01-DEL01-ES"
775059;2026-05-29;"sexta-feira";"20:00:00";"MA";135;23;"SAO LUIS";"Acessar a via sem observar a presença dos outros veículos";"Colisão transversal";"Com Vítimas Feridas";"Plena Noite";"Crescente";"Céu Claro";"Dupla";"Rotatória;Reta";"Sim";4;0;2;0;1;1;2;3;-2,551378;-44,306798;"SPRF-MA";"DEL01-MA";"UOP01-DEL01-MA"
775060;2026-05-30;"sábado";"00:47:00";"SC";101;195;"BIGUACU";"Ausência de reação do condutor";"Colisão traseira";"Com Vítimas Feridas";"Plena Noite";"Crescente";"Céu Claro";"Múltipla";"Reta;Aclive";"Sim";2;0;0;1;1;0;1;2;-27,50495;-48,64975;"SPRF-SC";"DEL01-SC";"UOP01-DEL01-SC"
775063;2026-05-30;"sábado";"01:24:00";"TO";153;669;"GURUPI";"Mal súbito do condutor";"Saída de leito carroçável";"Com Vítimas Feridas";"Plena Noite";"Crescente";"Céu Claro";"Dupla";"Reta";"Não";1;0;1;0;0;0;1;1;-11,6959;-49,0714;"SPRF-TO";"DEL01-TO";"UOP02-DEL01-TO"
775065;2026-05-30;"sábado";"01:00:00";"RS";392;709,1;"PORTO XAVIER";"Reação tardia ou ineficiente do condutor";"Saída de leito carroçável";"Com Vítimas Fatais";"Plena Noite";"Decrescente";"Nevoeiro/Neblina";"Simples";"Curva";"Não";1;1;0;0;0;0;0;1;-27,99885815;-55,12833087;"SPRF-RS";"DEL10-RS";"UOP01-DEL10-RS"
775067;2026-05-30;"sábado";"00:35:00";"SC";101;131,9;"CAMBORIU";"Reação tardia ou ineficiente do condutor";"Colisão traseira";"Com Vítimas Feridas";"Plena Noite";"Crescente";"Nublado";"Dupla";"Curva";"Sim";3;0;1;0;1;1;1;3;-26,994816;-48,658611;"SPRF-SC";"DEL04-SC";"UOP03-DEL04-SC"
775068;2026-05-30;"sábado";"00:20:00";"RO";364;709;"PORTO VELHO";"Ingestão de álcool pelo condutor";"Saída de leito carroçável";"Sem Vítimas";"Plena Noite";"Crescente";"Céu Claro";"Múltipla";"Reta";"Sim";1;0;0;0;0;1;0;1;-8,7872;-63,8554;"SPRF-RO";"DEL01-RO";"UOP01-DEL01-RO"
775069;2026-05-30;"sábado";"01:33:00";"RN";226;119,1;"SANTA CRUZ";"Animais na Pista";"Atropelamento de Animal";"Sem Vítimas";"Plena Noite";"Crescente";"Garoa/Chuvisco";"Simples";"Reta";"Não";3;0;0;0;3;0;0;1;-6,196655;-36,068265;"SPRF-RN";"DEL03-RN";"UOP02-DEL03-RN"
775070;2026-05-30;"sábado";"01:20:00";"SC";116;248,2;"LAGES";"Ausência de reação do condutor";"Colisão traseira";"Com Vítimas Feridas";"Plena Noite";"Crescente";"Chuva";"Simples";"Declive;Reta";"Não";3;0;2;0;0;1;2;2;-27,8205529;-50,3750475;"SPRF-SC";"DEL05-SC";"UOP02-DEL05-SC"
775071;2026-05-30;"sábado";"03:00:00";"MG";381;484,5;"BETIM";"Condutor Dormindo";"Tombamento";"Com Vítimas Fatais";"Plena Noite";"Crescente";"Céu Claro";"Dupla";"Curva;Declive";"Sim";1;1;0;0;0;0;0;1;-19,95542432;-44,09838617;"SPRF-MG";"DEL01-MG";"UOP03-DEL01-MG"
775072;2026-05-30;"sábado";"02:00:00";"PR";277;636;"CEU AZUL";"Condutor Dormindo";"Saída de leito carroçável";"Com Vítimas Feridas";"Plena Noite";"Crescente";"Céu Claro";"Simples";"Reta";"Sim";1;0;1;0;0;0;1;1;-25,13185507;-53,82487234;"SPRF-PR";"DEL05-PR";"UOP02-DEL05-PR"
775075;2026-05-30;"sábado";"02:45:00";"SP";116;54;"LORENA";"Ausência de reação do condutor";"Colisão com objeto";"Sem Vítimas";"Plena Noite";"Decrescente";"Ignorado";"Dupla";"Reta;Declive";"Não";1;0;0;0;0;1;0;1;-22,75810767;-45,11521952;"SPRF-SP";"DEL08-SP";"UOP02-DEL08-SP"
775076;2026-05-30;"sábado";"03:55:00";"GO";60;186;"GUAPO";"Condutor Dormindo";"Capotamento";"Com Vítimas Feridas";"Plena Noite";"Decrescente";"Céu Claro";"Dupla";"Reta";"Não";2;0;2;0;0;0;2;1;-16,809348;-49,527174;"SPRF-GO";"DEL01-GO";"UOP02-DEL01-GO"
775078;2026-05-30;"sábado";"04:00:00";"SP";116;286;"ITAPECERICA DA SERRA";"Ausência de reação do condutor";"Colisão lateral mesmo sentido";"Com Vítimas Feridas";"Plena Noite";"Crescente";"Céu Claro";"Dupla";"Reta";"Não";2;0;1;0;0;1;1;2;-23,69870503;-46,86678219;"SPRF-SP";"DEL04-SP";"UOP01-DEL04-SP"
775079;2026-05-30;"sábado";"03:45:00";"GO";414;374;"COCALZINHO DE GOIAS";"Reação tardia ou ineficiente do condutor";"Saída de leito carroçável";"Com Vítimas Feridas";"Plena Noite";"Decrescente";"Céu Claro";"Dupla";"Curva";"Sim";2;0;1;0;0;1;1;1;-15,783555;-48,768827;"SPRF-GO";"DEL02-GO";"UOP01-DEL02-GO"
775080;2026-05-30;"sábado";"03:50:00";"GO";40;140;"CRISTALINA";"Condutor Dormindo";"Saída de leito carroçável";"Com Vítimas Feridas";"Plena Noite";"Decrescente";"Céu Claro";"Simples";"Reta";"Não";1;0;0;1;0;0;1;1;-16,95449;-47,27507;"SPRF-DF";"DEL01-DF";"UOP02-DEL01-DF"
775082;2026-05-30;"sábado";"04:45:00";"GO";60;376;"RIO VERDE";"Estacionar ou parar em local proibido";"Colisão traseira";"Sem Vítimas";"Plena Noite";"Decrescente";"Céu Claro";"Dupla";"Reta";"Não";2;0;0;0;2;0;0;2;-17,752;-50,87742;"SPRF-GO";"DEL04-GO";"UOP02-DEL04-GO"
775084;2026-05-30;"sábado";"01:00:00";"ES";101;394;"RIO NOVO DO SUL";"Ausência de reação do condutor";"Saída de leito carroçável";"Com Vítimas Feridas";"Plena Noite";"Decrescente";"Nublado";"Simples";"Reta";"Não";1;0;1;0;0;0;1;1;-20,86581;-40,924045;"SPRF-ES";"DEL03-ES";"UOP02-DEL03-ES"
775086;2026-05-30;"sábado";"05:00:00";"PR";163;159,2;"LINDOESTE";"Condutor Dormindo";"Saída de leito carroçável";"Com Vítimas Feridas";"Plena Noite";"Crescente";"Nevoeiro/Neblina";"Dupla";"Curva";"Não";2;0;0;1;1;0;1;1;-25,319208;-53,591731;"SPRF-PR";"DEL05-PR";"UOP05-DEL05-PR"
775087;2026-05-30;"sábado";"03:40:00";"SC";282;460;"PONTE SERRADA";"Condutor deixou de manter distância do veículo da frente";"Colisão traseira";"Sem Vítimas";"Plena Noite";"Decrescente";"Chuva";"Simples";"Interseção de Vias";"Sim";2;0;0;0;2;0;0;2;-26,8730705;-52,01852258;"SPRF-SC";"DEL07-SC";"UOP04-DEL07-SC"
775088;2026-05-30;"sábado";"05:20:00";"MS";163;481;"CAMPO GRANDE";"Ausência de reação do condutor";"Colisão frontal";"Com Vítimas Feridas";"Amanhecer";"Decrescente";"Céu Claro";"Simples";"Curva";"Sim";3;0;3;0;0;0;3;2;-20,46735963;-54,55922907;"SPRF-MS";"DEL01-MS";"UOP01-DEL01-MS"
775089;2026-05-30;"sábado";"06:05:00";"SC";101;16,4;"PALHOCA";"Problema com o freio";"Incêndio";"Sem Vítimas";"Amanhecer";"Crescente";"Garoa/Chuvisco";"Simples";"Reta";"Não";1;0;0;0;1;0;0;1;-27,661687;-48,68456;"SPRF-SC";"DEL03-SC";"UOP01-DEL03-SC"
775090;2026-05-30;"sábado";"05:45:00";"PR";153;8;"JACAREZINHO";"Ingestão de álcool pelo condutor";"Saída de leito carroçável";"Sem Vítimas";"Plena Noite";"Decrescente";"Céu Claro";"Simples";"Reta";"Não";1;0;0;0;1;0;0;1;-23,05494;-49,92977;"SPRF-PR";"DEL07-PR";"UOP04-DEL07-PR"
775093;2026-05-29;"sexta-feira";"19:00:00";"RJ";116;194;"QUEIMADOS";"Ausência de reação do condutor";"Tombamento";"Com Vítimas Feridas";"Plena Noite";"Decrescente";"Céu Claro";"Dupla";"Reta";"Sim";2;0;1;0;1;0;1;1;-22,73786253;-43,53615459;"SPRF-RJ";"DEL06-RJ";"UOP01-DEL06-RJ"
775094;2026-05-30;"sábado";"04:45:00";"PB";361;92;"PIANCO";"Ingestão de álcool pelo condutor";"Colisão frontal";"Com Vítimas Feridas";"Pleno dia";"Crescente";"Céu Claro";"Simples";"Reta";"Não";5;0;5;0;0;0;5;3;-7,221398;-37,985615;"SPRF-PB";"DEL03-PB";"UOP01-DEL03-PB"
775096;2026-05-30;"sábado";"06:06:00";"MG";50;121,7;"UBERABA";"Demais falhas mecânicas ou elétricas";"Colisão traseira";"Com Vítimas Feridas";"Amanhecer";"Crescente";"Céu Claro";"Dupla";"Reta";"Não";9;0;1;0;8;0;1;2;-19,33719;-48,08888;"SPRF-MG";"DEL13-MG";"UOP01-DEL13-MG"
775097;2026-05-30;"sábado";"05:40:00";"GO";60;78,8;"ANAPOLIS";"Ausência de reação do condutor";"Saída de leito carroçável";"Com Vítimas Feridas";"Amanhecer";"Decrescente";"Céu Claro";"Dupla";"Reta;Rotatória";"Sim";5;0;1;0;4;0;1;1;-16,299891;-48,810535;"SPRF-GO";"DEL02-GO";"UOP01-DEL02-GO"
775099;2026-05-30;"sábado";"06:56:00";"PR";277;603,4;"CASCAVEL";"Avarias e/ou desgaste excessivo no pneu";"Saída de leito carroçável";"Com Vítimas Feridas";"Pleno dia";"Crescente";"Céu Claro";"Dupla";"Reta";"Não";1;0;0;1;0;0;1;1;-25,01925377;-53,54480982;"SPRF-PR";"DEL05-PR";"UOP02-DEL05-PR"
775103;2026-05-29;"sexta-feira";"19:50:00";"RO";364;290;"PRESIDENTE MEDICI";"Animais na Pista";"Atropelamento de Animal";"Com Vítimas Feridas";"Plena Noite";"Crescente";"Nublado";"Simples";"Reta";"Não";1;0;0;1;0;0;1;1;-11,327423;-61,876013;"SPRF-RO";"DEL02-RO";"UOP01-DEL02-RO"
775105;2026-05-30;"sábado";"07:45:00";"RJ";101;318;"SAO GONCALO";"Avarias e/ou desgaste excessivo no pneu";"Tombamento";"Com Vítimas Feridas";"Pleno dia";"Decrescente";"Nublado";"Múltipla";"Reta";"Sim";1;0;1;0;0;0;1;1;-22,84392875;-43,09747623;"SPRF-RJ";"DEL02-RJ";"UOP02-DEL02-RJ"
775108;2026-05-29;"sexta-feira";"22:20:00";"RO";364;342,7;"JI-PARANA";"Ausência de reação do condutor";"Engavetamento";"Com Vítimas Feridas";"Plena Noite";"Crescente";"Céu Claro";"Múltipla";"Reta";"Sim";4;0;1;0;3;0;1;3;-10,879542;-61,943868;"SPRF-RO";"DEL02-RO";"UOP01-DEL02-RO"
775109;2026-05-30;"sábado";"07:20:00";"MG";116;704,6;"MURIAE";"Modificação proibida";"Colisão transversal";"Com Vítimas Feridas";"Pleno dia";"Crescente";"Céu Claro";"Simples";"Reta";"Sim";2;0;1;0;1;0;1;2;-21,1405786;-42,3813808;"SPRF-MG";"DEL07-MG";"UOP02-DEL07-MG"
775110;2026-04-12;"domingo";"22:03:00";"SE";235;66;"ITABAIANA";"Chuva";"Capotamento";"Sem Vítimas";"Plena Noite";"Decrescente";"Chuva";"Simples";"Curva;Declive";"Não";3;0;0;0;3;0;0;1;-10,60257013;-37,48809814;"SPRF-SE";"DEL01-SE";"UOP02-DEL01-SE"
775111;2026-04-28;"terça-feira";"08:00:00";"MG";381;484;"BETIM";"Condutor deixou de manter distância do veículo da frente";"Colisão traseira";"Com Vítimas Feridas";"Pleno dia";"Decrescente";"Céu Claro";"Múltipla";"Reta";"Sim";2;0;1;0;1;0;1;2;-19,956831;-44,093663;"SPRF-MG";"DEL01-MG";"UOP03-DEL01-MG"
775114;2026-05-30;"sábado";"07:20:00";"CE";20;323,5;"CARIDADE";"Transitar na contramão";"Colisão frontal";"Sem Vítimas";"Pleno dia";"Decrescente";"Chuva";"Simples";"Aclive;Curva";"Não";3;0;0;0;3;0;0;2;-4,249012;-39,209575;"SPRF-CE";"DEL02-CE";"UOP01-DEL02-CE"
775115;2026-05-30;"sábado";"08:08:00";"PE";101;64;"RECIFE";"Ingestão de álcool pelo condutor";"Colisão lateral mesmo sentido";"Com Vítimas Feridas";"Pleno dia";"Crescente";"Sol";"Dupla";"Reta;Interseção de Vias";"Sim";2;0;1;0;1;0;1;2;-8,01534;-34,94007;"SPRF-PE";"DEL01-PE";"UOP01-DEL01-PE"
775116;2026-05-30;"sábado";"06:50:00";"RJ";40;111;"DUQUE DE CAXIAS";"Ausência de reação do condutor";"Colisão traseira";"Com Vítimas Feridas";"Pleno dia";"Crescente";"Nublado";"Dupla";"Reta;Aclive";"Não";2;0;1;0;1;0;1;2;-22,697452;-43,289307;"SPRF-RJ";"DEL01-RJ";"UOP02-DEL01-RJ"
775117;2026-05-30;"sábado";"08:00:00";"PR";369;158;"CAMBE";"Ausência de reação do condutor";"Tombamento";"Com Vítimas Feridas";"Pleno dia";"Crescente";"Céu Claro";"Dupla";"Curva";"Sim";2;0;2;0;0;0;2;1;-23,285616;-51,236526;"SPRF-PR";"DEL07-PR";"UOP01-DEL07-PR"
775118;2026-05-30;"sábado";"01:24:00";"PE";428;181;"PETROLINA";"Reação tardia ou ineficiente do condutor";"Saída de leito carroçável";"Sem Vítimas";"Plena Noite";"Crescente";"Céu Claro";"Dupla";"Reta";"Não";1;0;0;0;0;1;0;1;-9,322283;-40,4613;"SPRF-PE";"DEL06-PE";"UOP01-DEL06-PE"
775119;2026-05-30;"sábado";"06:10:00";"PA";316;31;"SANTA IZABEL DO PARA";"Transitar na contramão";"Colisão frontal";"Com Vítimas Feridas";"Amanhecer";"Decrescente";"Céu Claro";"Dupla";"Curva";"Sim";2;0;0;1;1;0;1;2;-1,302036;-48,196276;"SPRF-PA";"DEL01-PA";"UOP01-DEL01-PA"
775120;2026-05-30;"sábado";"07:30:00";"RJ";116;174;"SAO JOAO DE MERITI";"Acesso irregular";"Tombamento";"Com Vítimas Feridas";"Pleno dia";"Decrescente";"Céu Claro";"Múltipla";"Reta;Em Obras";"Sim";1;0;1;0;0;0;1;1;-22,79081043;-43,37043699;"SPRF-RJ";"DEL06-RJ";"UOP01-DEL06-RJ"
775122;2026-05-30;"sábado";"06:30:00";"PI";316;317;"PICOS";"Acessar a via sem observar a presença dos outros veículos";"Colisão transversal";"Sem Vítimas";"Pleno dia";"Decrescente";"Céu Claro";"Dupla";"Reta";"Sim";2;0;0;0;2;0;0;2;-7,08413484;-41,40562124;"SPRF-PI";"DEL04-PI";"UOP01-DEL04-PI"
775124;2026-05-30;"sábado";"07:20:00";"MS";163;477,7;"CAMPO GRANDE";"Transitar no Acostamento";"Colisão traseira";"Com Vítimas Feridas";"Pleno dia";"Decrescente";"Céu Claro";"Simples";"Reta";"Sim";2;0;1;0;1;0;1;2;-20,49813973;-54,559232;"SPRF-MS";"DEL01-MS";"UOP01-DEL01-MS"
775125;2026-05-30;"sábado";"08:00:00";"MG";365;718;"MONTE ALEGRE DE MINAS";"Pista esburacada";"Sinistro pessoal de trânsito";"Com Vítimas Feridas";"Pleno dia";"Crescente";"Céu Claro";"Simples";"Reta";"Não";1;0;1;0;0;0;1;1;-18,88272158;-49,19204056;"SPRF-MG";"DEL15-MG";"UOP03-DEL15-MG"
775126;2026-05-30;"sábado";"04:30:00";"RO";364;422,9;"JARU";"Ausência de reação do condutor";"Saída de leito carroçável";"Com Vítimas Feridas";"Plena Noite";"Decrescente";"Céu Claro";"Múltipla";"Retorno Regulamentado;Reta";"Não";1;0;1;0;0;0;1;1;-10,452622;-62,460777;"SPRF-RO";"DEL03-RO";"UOP02-DEL03-RO"
775127;2026-05-30;"sábado";"07:40:00";"MG";262;811;"UBERABA";"Velocidade Incompatível";"Saída de leito carroçável";"Sem Vítimas";"Pleno dia";"Crescente";"Céu Claro";"Dupla";"Reta";"Não";1;0;0;0;0;1;0;1;-19,70335239;-47,98568416;"SPRF-MG";"DEL13-MG";"UOP01-DEL13-MG"
775128;2026-05-30;"sábado";"06:30:00";"CE";116;366,4;"ICO";"Pista esburacada";"Queda de ocupante de veículo";"Com Vítimas Fatais";"Pleno dia";"Crescente";"Nublado";"Simples";"Reta";"Não";1;1;0;0;0;0;0;1;-6,35889;-38,77462;"SPRF-CE";"DEL05-CE";"UOP01-DEL05-CE"
775129;2026-05-26;"terça-feira";"17:40:00";"PR";116;12;"COLOMBO";"Reação tardia ou ineficiente do condutor";"Colisão traseira";"Com Vítimas Feridas";"Pleno dia";"Decrescente";"Nublado";"Dupla";"Reta";"Sim";2;0;1;0;1;0;1;2;-25,37600784;-49,15029399;"SPRF-PR";"DEL01-PR";"UOP02-DEL01-PR"
775130;2026-05-30;"sábado";"08:15:00";"BA";116;10,7;"VITORIA DA CONQUISTA";"Reação tardia ou ineficiente do condutor";"Colisão traseira";"Com Vítimas Feridas";"Pleno dia";"Decrescente";"Nublado";"Simples";"Reta";"Sim";2;0;0;1;1;0;1;2;-14,86296;-40,87384;"SPRF-BA";"DEL08-BA";"UOP01-DEL08-BA"
775131;2026-05-30;"sábado";"05:58:00";"MT";163;770,2;"SORRISO";"Condutor Dormindo";"Saída de leito carroçável";"Com Vítimas Feridas";"Pleno dia";"Decrescente";"Céu Claro";"Dupla";"Reta";"Não";2;0;2;0;0;0;2;1;-12,435002;-55,649085;"SPRF-MT";"DEL06-MT";"UOP01-DEL06-MT"
775134;2026-05-30;"sábado";"07:20:00";"RO";364;10;"VILHENA";"Acesso irregular";"Colisão transversal";"Com Vítimas Feridas";"Pleno dia";"Crescente";"Céu Claro";"Dupla";"Reta";"Sim";3;0;3;0;0;0;3;2;-12,75522013;-60,1033026;"SPRF-RO";"DEL04-RO";"UOP01-DEL04-RO"
775135;2026-05-30;"sábado";"09:20:00";"AM";230;614;"HUMAITA";"Condutor desrespeitou a iluminação vermelha do semáforo";"Colisão transversal";"Com Vítimas Feridas";"Pleno dia";"Crescente";"Céu Claro";"Simples";"Interseção de Vias";"Sim";2;0;1;0;1;0;1;2;-7,5216;-63,03616;"SPRF-AM";"DEL02-AM";"UOP01-DEL02-AM"
775136;2026-05-30;"sábado";"10:27:00";"PE";101;61;"RECIFE";"Reação tardia ou ineficiente do condutor";"Colisão traseira";"Com Vítimas Feridas";"Pleno dia";"Crescente";"Céu Claro";"Dupla";"Reta";"Sim";4;0;2;0;2;0;2;2;-7,99417;-34,93788;"SPRF-PE";"DEL01-PE";"UOP02-DEL01-PE"
775137;2026-05-30;"sábado";"09:35:00";"PE";423;93,8;"GARANHUNS";"Reação tardia ou ineficiente do condutor";"Queda de ocupante de veículo";"Com Vítimas Feridas";"Pleno dia";"Crescente";"Garoa/Chuvisco";"Dupla";"Reta";"Sim";3;0;1;0;2;0;1;2;-8,874518;-36,470557;"SPRF-PE";"DEL03-PE";"UOP01-DEL03-PE"
775139;2026-05-30;"sábado";"11:01:00";"RJ";40;117,5;"DUQUE DE CAXIAS";"Manobra de mudança de faixa";"Colisão transversal";"Com Vítimas Feridas";"Pleno dia";"Decrescente";"Céu Claro";"Múltipla";"Reta";"Sim";3;0;1;0;2;0;1;2;-22,75017;-43,28738;"SPRF-RJ";"DEL01-RJ";"UOP02-DEL01-RJ"
775140;2026-05-30;"sábado";"11:10:00";"SC";101;213,3;"PALHOCA";"Reação tardia ou ineficiente do condutor";"Tombamento";"Com Vítimas Feridas";"Pleno dia";"Decrescente";"Nublado";"Dupla";"Reta";"Sim";2;0;2;0;0;0;2;1;-27,63937;-48,66653;"SPRF-SC";"DEL01-SC";"UOP02-DEL01-SC"
775141;2026-05-30;"sábado";"11:00:00";"SC";101;129;"CAMBORIU";"Trafegar com motocicleta (ou similar) entre as faixas";"Colisão lateral mesmo sentido";"Com Vítimas Feridas";"Pleno dia";"Crescente";"Nublado";"Dupla";"Reta";"Não";2;0;0;1;1;0;1;2;-26,98187851;-48,67607944;"SPRF-SC";"DEL04-SC";"UOP03-DEL04-SC"
775143;2026-05-30;"sábado";"10:05:00";"RJ";493;63;"NOVA IGUACU";"Demais falhas mecânicas ou elétricas";"Incêndio";"Sem Vítimas";"Pleno dia";"Decrescente";"Céu Claro";"Dupla";"Reta";"Não";2;0;0;0;2;0;0;1;-22,6834998;-43,42447793;"SPRF-RJ";"DEL01-RJ";"UOP03-DEL01-RJ"
775146;2026-05-30;"sábado";"11:45:00";"SP";381;40;"ATIBAIA";"Transitar no Acostamento";"Colisão traseira";"Com Vítimas Feridas";"Pleno dia";"Decrescente";"Céu Claro";"Dupla";"Reta";"Não";2;0;1;0;1;0;1;2;-23,13119;-46,57644;"SPRF-SP";"DEL03-SP";"UOP01-DEL03-SP"
775147;2026-05-30;"sábado";"11:35:00";"RJ";116;304;"RESENDE";"Avarias e/ou desgaste excessivo no pneu";"Tombamento";"Com Vítimas Feridas";"Pleno dia";"Crescente";"Nublado";"Dupla";"Reta";"Não";2;0;1;1;0;0;2;1;-22,454358;-44,380006;"SPRF-RJ";"DEL07-RJ";"UOP02-DEL07-RJ"
775148;2026-05-30;"sábado";"10:50:00";"RJ";116;169;"RIO DE JANEIRO";"Estacionar ou parar em local proibido";"Colisão traseira";"Com Vítimas Feridas";"Pleno dia";"Decrescente";"Céu Claro";"Dupla";"Curva";"Sim";2;0;1;0;1;0;1;2;-22,82027938;-43,32021728;"SPRF-RJ";"DEL06-RJ";"UOP01-DEL06-RJ"
775150;2026-05-30;"sábado";"12:10:00";"DF";60;28;"BRASILIA";"Ingestão de álcool pelo condutor";"Saída de leito carroçável";"Sem Vítimas";"Pleno dia";"Crescente";"Nublado";"Dupla";"Declive;Reta";"Não";1;0;0;0;1;0;0;1;-16,01941;-48,249857;"SPRF-DF";"DEL03-DF";"UOP01-DEL03-DF"
775151;2026-05-30;"sábado";"12:10:00";"PE";428;185;"PETROLINA";"Pedestre - Ingestão de álcool/ substâncias psicoativas";"Atropelamento de Pedestre";"Com Vítimas Feridas";"Pleno dia";"Crescente";"Céu Claro";"Múltipla";"Reta";"Sim";3;0;1;0;1;1;1;2;-9,3457741;-40,4734333;"SPRF-PE";"DEL06-PE";"UOP01-DEL06-PE"
775152;2026-05-30;"sábado";"10:10:00";"RJ";101;296;"ITABORAI";"Ausência de reação do condutor";"Colisão traseira";"Com Vítimas Feridas";"Pleno dia";"Decrescente";"Céu Claro";"Dupla";"Reta";"Sim";4;0;1;0;3;0;1;3;-22,765783;-42,905233;"SPRF-RJ";"DEL02-RJ";"UOP02-DEL02-RJ"
775153;2026-05-30;"sábado";"12:30:00";"PE";232;3,9;"RECIFE";"Condutor deixou de manter distância do veículo da frente";"Colisão traseira";"Sem Vítimas";"Pleno dia";"Crescente";"Céu Claro";"Dupla";"Reta";"Não";3;0;0;0;3;0;0;2;-8,0655655;-34,939585;"SPRF-PE";"DEL01-PE";"UOP01-DEL01-PE"
775154;2026-05-30;"sábado";"08:30:00";"SC";280;137;"RIO NEGRINHO";"Ingestão de álcool pelo condutor";"Saída de leito carroçável";"Com Vítimas Feridas";"Pleno dia";"Crescente";"Chuva";"Simples";"Curva";"Não";1;0;1;0;0;0;1;1;-26,26821;-49,59042;"SPRF-SC";"DEL06-SC";"UOP03-DEL06-SC"
775155;2026-05-30;"sábado";"12:42:00";"SP";116;297,2;"ITAPECERICA DA SERRA";"Ausência de reação do condutor";"Colisão com objeto";"Com Vítimas Feridas";"Pleno dia";"Decrescente";"Nublado";"Dupla";"Reta";"Não";2;0;1;0;0;1;1;1;-23,766;-46,908;"SPRF-SP";"DEL04-SP";"UOP01-DEL04-SP"
775156;2026-05-30;"sábado";"11:50:00";"BA";116;709;"MANOEL VITORINO";"Reação tardia ou ineficiente do condutor";"Atropelamento de Pedestre";"Com Vítimas Feridas";"Pleno dia";"Decrescente";"Nublado";"Dupla";"Reta";"Sim";2;0;0;2;0;0;2;2;-14,14690294;-40,24337975;"SPRF-BA";"DEL03-BA";"UOP01-DEL03-BA"
775157;2026-05-30;"sábado";"10:30:00";"MG";262;786,8;"UBERABA";"Pedestre andava na pista";"Atropelamento de Pedestre";"Com Vítimas Feridas";"Pleno dia";"Crescente";"Céu Claro";"Dupla";"Curva";"Sim";4;0;1;1;0;2;2;2;-19,772046;-47,913613;"SPRF-MG";"DEL13-MG";"UOP01-DEL13-MG"
775158;2026-05-30;"sábado";"11:01:00";"RJ";101;290,5;"ITABORAI";"Afundamento ou ondulação no pavimento";"Tombamento";"Com Vítimas Feridas";"Pleno dia";"Decrescente";"Céu Claro";"Dupla";"Reta";"Não";1;0;1;0;0;0;1;1;-22,76492;-42,86925;"SPRF-RJ";"DEL02-RJ";"UOP02-DEL02-RJ"