"id";"data_inversa";"dia_semana";"horario";"uf";"br";"km";"municipio";"causa_acidente";"tipo_acidente";"classificacao_acidente";"fase_dia";"sentido_via";"condicao_metereologica";"tipo_pista";"tracado_via";"uso_solo";"pessoas";"mortos";"feridos_leves";"feridos_graves";"ilesos";"ignorados";"feridos";"veiculos";"latitude";"longitude";"regional";"delegacia";"uop"
775159;2026-05-30;"sábado";"12:02:00";"GO";452;0;"RIO VERDE";"Pista Escorregadia";"Queda de ocupante de veículo";"Com Vítimas Feridas";"Pleno dia";"Crescente";"Céu Claro";"Dupla";"Curva";"Sim";1;0;0;1;0;0;1;1;-17,78716878;-50,90223312;"SPRF-GO";"DEL04-GO";"UOP01-DEL04-GO"
775160;2026-05-30;"sábado";"12:30:00";"ES";101;294;"CARIACICA";"Ausência de reação do condutor";"Queda de ocupante de veículo";"Sem Vítimas";"Pleno dia";"Crescente";"Céu Claro";"Dupla";"Reta";"Não";1;0;0;0;0;1;0;1;-20,26565187;-40,38571805;"SPRF-ES";"DEL01-ES";"UOP01-DEL01-ES"
775161;2026-05-30;"sábado";"12:00:00";"SC";280;66,4;"JARAGUA DO SUL";"Condutor deixou de manter distância do veículo da frente";"Engavetamento";"Com Vítimas Feridas";"Pleno dia";"Decrescente";"Céu Claro";"Simples";"Reta";"Sim";3;0;2;0;1;0;2;3;-26,475765;-49,106401;"SPRF-SC";"DEL03-SC";"UOP03-DEL03-SC"
775164;2026-05-30;"sábado";"12:50:00";"ES";101;62,8;"SAO MATEUS";"Ausência de reação do condutor";"Saída de leito carroçável";"Com Vítimas Feridas";"Pleno dia";"Crescente";"Céu Claro";"Simples";"Reta";"Não";5;0;3;0;0;2;3;1;-18,696275;-39,864597;"SPRF-ES";"DEL04-ES";"UOP02-DEL04-ES"
775165;2026-05-30;"sábado";"13:00:00";"RS";448;13,9;"CANOAS";"Reação tardia ou ineficiente do condutor";"Colisão traseira";"Com Vítimas Feridas";"Pleno dia";"Crescente";"Céu Claro";"Múltipla";"Reta";"Sim";4;0;1;0;3;0;1;2;-29,91347898;-51,23664768;"SPRF-RS";"DEL01-RS";"UOP01-DEL01-RS"
775166;2026-05-30;"sábado";"12:00:00";"SC";101;45;"JOINVILLE";"Condutor deixou de manter distância do veículo da frente";"Colisão traseira";"Com Vítimas Feridas";"Pleno dia";"Crescente";"Nublado";"Simples";"Reta;Declive";"Não";3;0;0;1;2;0;1;2;-26,34347;-48,85825;"SPRF-SC";"DEL03-SC";"UOP01-DEL03-SC"
775167;2026-05-30;"sábado";"12:50:00";"SE";235;29,7;"AREIA BRANCA";"Ultrapassagem Indevida";"Colisão frontal";"Com Vítimas Feridas";"Pleno dia";"Decrescente";"Céu Claro";"Simples";"Reta";"Não";5;0;5;0;0;0;5;2;-10,786764;-37,289989;"SPRF-SE";"DEL01-SE";"UOP02-DEL01-SE"
775168;2026-05-30;"sábado";"13:00:00";"PR";369;201;"APUCARANA";"Ausência de reação do condutor";"Colisão traseira";"Com Vítimas Feridas";"Pleno dia";"Decrescente";"Céu Claro";"Simples";"Curva;Interseção de Vias;Declive";"Sim";2;0;1;0;1;0;1;2;-23,53997288;-51,45722672;"SPRF-PR";"DEL07-PR";"UOP03-DEL07-PR"
775169;2026-05-30;"sábado";"11:00:00";"MG";50;186;"UBERABA";"Reação tardia ou ineficiente do condutor";"Tombamento";"Com Vítimas Feridas";"Pleno dia";"Crescente";"Céu Claro";"Dupla";"Reta";"Não";1;0;1;0;0;0;1;1;-19,81609793;-47,8965611;"SPRF-MG";"DEL13-MG";"UOP01-DEL13-MG"
775170;2026-05-30;"sábado";"13:15:00";"MA";222;671;"ACAILANDIA";"Ultrapassagem Indevida";"Colisão transversal";"Com Vítimas Feridas";"Pleno dia";"Decrescente";"Céu Claro";"Simples";"Reta";"Sim";3;0;1;0;1;1;1;3;-4,941073;-47,465508;"SPRF-MA";"DEL04-MA";"UOP03-DEL04-MA"
775171;2026-05-30;"sábado";"13:50:00";"SC";101;205,7;"SAO JOSE";"Condutor deixou de manter distância do veículo da frente";"Colisão traseira";"Com Vítimas Feridas";"Pleno dia";"Decrescente";"Céu Claro";"Múltipla";"Reta";"Não";3;0;1;0;2;0;1;2;-27,58955;-48,61724;"SPRF-SC";"DEL01-SC";"UOP01-DEL01-SC"
775172;2026-05-30;"sábado";"09:45:00";"SC";163;89,3;"GUARACIABA";"Entrada inopinada do pedestre";"Atropelamento de Pedestre";"Com Vítimas Feridas";"Pleno dia";"Decrescente";"Céu Claro";"Simples";"Curva";"Não";4;0;1;0;3;0;1;2;-26,572331;-53,51086378;"SPRF-SC";"DEL07-SC";"UOP03-DEL07-SC"
775173;2026-05-30;"sábado";"12:51:00";"MA";135;1,5;"SAO LUIS";"Reação tardia ou ineficiente do condutor";"Atropelamento de Pedestre";"Com Vítimas Feridas";"Pleno dia";"Crescente";"Chuva";"Dupla";"Reta";"Sim";2;0;1;1;0;0;2;2;-2,593333;-44,24518;"SPRF-MA";"DEL01-MA";"UOP01-DEL01-MA"
775174;2026-05-30;"sábado";"12:10:00";"MG";116;215,6;"CATUJI";"Ausência de reação do condutor";"Colisão lateral mesmo sentido";"Com Vítimas Feridas";"Pleno dia";"Crescente";"Céu Claro";"Simples";"Aclive;Reta";"Não";3;0;1;1;0;1;2;2;-17,37313;-41,530825;"SPRF-MG";"DEL11-MG";"UOP01-DEL11-MG"
775175;2026-05-30;"sábado";"12:53:00";"RO";319;62,9;"PORTO VELHO";"Condutor desrespeitou a iluminação vermelha do semáforo";"Colisão transversal";"Com Vítimas Feridas";"Pleno dia";"Crescente";"Céu Claro";"Dupla";"Interseção de Vias";"Sim";3;0;1;0;2;0;1;2;-8,75883955;-63,88609383;"SPRF-RO";"DEL01-RO";"UOP01-DEL01-RO"
775178;2026-05-30;"sábado";"14:15:00";"GO";40;13,6;"LUZIANIA";"Pedestre cruzava a pista fora da faixa";"Atropelamento de Pedestre";"Com Vítimas Feridas";"Pleno dia";"Crescente";"Céu Claro";"Dupla";"Reta;Aclive";"Sim";2;0;0;1;1;0;1;2;-16,15643;-47,93501;"SPRF-DF";"DEL01-DF";"UOP01-DEL01-DF"
775179;2026-05-30;"sábado";"10:50:00";"RS";470;233;"CARLOS BARBOSA";"Velocidade Incompatível";"Colisão frontal";"Com Vítimas Feridas";"Pleno dia";"Crescente";"Céu Claro";"Simples";"Reta;Declive";"Não";5;0;1;3;1;0;4;3;-29,306184;-51,485803;"SPRF-RS";"DEL06-RS";"UOP01-DEL06-RS"
775183;2026-05-30;"sábado";"14:40:00";"MG";365;626,1;"UBERLANDIA";"Ausência de reação do condutor";"Saída de leito carroçável";"Sem Vítimas";"Pleno dia";"Decrescente";"Sol";"Dupla";"Curva";"Sim";1;0;0;0;0;1;0;1;-18,9065753;-48,33506791;"SPRF-MG";"DEL15-MG";"UOP01-DEL15-MG"
775185;2026-05-30;"sábado";"14:40:00";"PR";376;353;"ORTIGUEIRA";"Mal súbito do condutor";"Saída de leito carroçável";"Com Vítimas Feridas";"Pleno dia";"Decrescente";"Céu Claro";"Simples";"Reta";"Não";1;0;0;1;0;0;1;1;-24,256055;-50,897832;"SPRF-PR";"DEL07-PR";"UOP02-DEL07-PR"
775186;2026-05-30;"sábado";"14:45:00";"SC";282;348;"CAMPOS NOVOS";"Reação tardia ou ineficiente do condutor";"Saída de leito carroçável";"Com Vítimas Feridas";"Pleno dia";"Crescente";"Céu Claro";"Simples";"Reta";"Não";4;0;4;0;0;0;4;1;-27,361623;-51,273125;"SPRF-SC";"DEL07-SC";"UOP06-DEL07-SC"
775190;2026-05-30;"sábado";"12:15:00";"SP";116;47;"CANAS";"Reação tardia ou ineficiente do condutor";"Saída de leito carroçável";"Com Vítimas Feridas";"Pleno dia";"Decrescente";"Nublado";"Dupla";"Reta";"Não";3;0;2;0;1;0;2;1;-22,71909311;-45,06063159;"SPRF-SP";"DEL08-SP";"UOP02-DEL08-SP"
775191;2026-05-30;"sábado";"14:40:00";"PR";277;724;"FOZ DO IGUACU";"Reação tardia ou ineficiente do condutor";"Colisão traseira";"Com Vítimas Feridas";"Pleno dia";"Decrescente";"Céu Claro";"Dupla";"Reta";"Sim";2;0;1;0;1;0;1;2;-25,50024794;-54,53289525;"SPRF-PR";"DEL05-PR";"UOP03-DEL05-PR"
775193;2026-05-30;"sábado";"15:45:00";"SC";101;99,6;"BALNEARIO PICARRAS";"Reação tardia ou ineficiente do condutor";"Colisão traseira";"Com Vítimas Feridas";"Pleno dia";"Decrescente";"Céu Claro";"Dupla";"Reta";"Não";2;0;0;1;1;0;1;2;-26,75390198;-48,69020311;"SPRF-SC";"DEL03-SC";"UOP02-DEL03-SC"
775194;2026-05-30;"sábado";"15:20:00";"SC";101;98,3;"BALNEARIO PICARRAS";"Reação tardia ou ineficiente do condutor";"Colisão traseira";"Com Vítimas Feridas";"Pleno dia";"Decrescente";"Nublado";"Dupla";"Reta";"Sim";2;0;1;0;1;0;1;2;-26,743895;-48,697532;"SPRF-SC";"DEL03-SC";"UOP02-DEL03-SC"
775195;2026-05-30;"sábado";"11:50:00";"RJ";101;228;"NITEROI";"Reação tardia ou ineficiente do condutor";"Colisão traseira";"Com Vítimas Feridas";"Pleno dia";"Decrescente";"Céu Claro";"Dupla";"Ponte;Reta";"Não";4;0;2;0;2;0;2;2;-22,87237931;-43,15052032;"SPRF-RJ";"DEL02-RJ";"UOP03-DEL02-RJ"
775196;2026-05-30;"sábado";"15:58:00";"PB";230;6,8;"CABEDELO";"Demais falhas na via";"Colisão com objeto";"Com Vítimas Fatais";"Pleno dia";"Decrescente";"Sol";"Múltipla";"Em Obras;Reta";"Sim";7;1;4;1;1;0;5;1;-7,0287;-34,8396;"SPRF-PB";"DEL01-PB";"UOP01-DEL01-PB"
775197;2026-05-30;"sábado";"12:20:00";"RJ";393;168;"TRES RIOS";"Desrespeitar a preferência no cruzamento";"Colisão transversal";"Com Vítimas Feridas";"Pleno dia";"Crescente";"Céu Claro";"Dupla";"Interseção de Vias";"Sim";3;0;2;0;1;0;2;2;-22,125031;-43,174348;"SPRF-RJ";"DEL05-RJ";"UOP01-DEL05-RJ"
775198;2026-05-30;"sábado";"14:10:00";"RJ";101;119;"CAMPOS DOS GOYTACAZES";"Ausência de reação do condutor";"Colisão lateral mesmo sentido";"Com Vítimas Feridas";"Pleno dia";"Decrescente";"Céu Claro";"Dupla";"Reta";"Não";4;0;2;0;2;0;2;2;-22,00631311;-41,66537982;"SPRF-RJ";"DEL08-RJ";"UOP02-DEL08-RJ"
775199;2026-05-30;"sábado";"11:30:00";"PI";316;294;"PICOS";"Demais falhas mecânicas ou elétricas";"Incêndio";"Sem Vítimas";"Pleno dia";"Decrescente";"Céu Claro";"Simples";"Reta";"Sim";4;0;0;0;4;0;0;1;-7,013566;-41,588378;"SPRF-PI";"DEL04-PI";"UOP01-DEL04-PI"
775200;2026-05-30;"sábado";"15:30:00";"TO";153;498;"PARAISO DO TOCANTINS";"Falta de acostamento";"Colisão traseira";"Com Vítimas Feridas";"Pleno dia";"Decrescente";"Céu Claro";"Simples";"Declive;Reta";"Sim";2;0;0;1;1;0;1;2;-10,187472;-48,880425;"SPRF-TO";"DEL01-TO";"UOP01-DEL01-TO"
775201;2026-05-30;"sábado";"14:10:00";"PR";277;298,9;"PRUDENTOPOLIS";"Reação tardia ou ineficiente do condutor";"Saída de leito carroçável";"Com Vítimas Feridas";"Pleno dia";"Crescente";"Céu Claro";"Simples";"Curva";"Não";1;0;1;0;0;0;1;1;-25,31523693;-51,04503125;"SPRF-PR";"DEL08-PR";"UOP01-DEL08-PR"
775202;2026-05-30;"sábado";"17:00:00";"MG";381;478;"CONTAGEM";"Reação tardia ou ineficiente do condutor";"Tombamento";"Com Vítimas Feridas";"Pleno dia";"Decrescente";"Céu Claro";"Dupla";"Reta";"Sim";2;0;0;1;1;0;1;2;-19,959487;-44,033423;"SPRF-MG";"DEL01-MG";"UOP03-DEL01-MG"
775203;2026-05-30;"sábado";"17:10:00";"BA";116;413;"FEIRA DE SANTANA";"Chuva";"Saída de leito carroçável";"Com Vítimas Feridas";"Anoitecer";"Decrescente";"Chuva";"Dupla";"Reta";"Não";7;0;6;0;1;0;6;1;-12,14973086;-38,96445799;"SPRF-BA";"DEL02-BA";"UOP01-DEL02-BA"
775204;2026-05-30;"sábado";"16:23:00";"RS";116;230;"IVOTI";"Condutor deixou de manter distância do veículo da frente";"Colisão traseira";"Sem Vítimas";"Pleno dia";"Crescente";"Céu Claro";"Simples";"Reta";"Não";7;0;0;0;7;0;0;4;-29,62746704;-51,13871662;"SPRF-RS";"DEL01-RS";"UOP02-DEL01-RS"
775206;2026-05-30;"sábado";"16:45:00";"PR";376;188;"MARIALVA";"Condutor deixou de manter distância do veículo da frente";"Colisão traseira";"Com Vítimas Feridas";"Pleno dia";"Decrescente";"Sol";"Dupla";"Reta";"Não";2;0;1;0;0;1;1;2;-23,45975;-51,8385;"SPRF-PR";"DEL09-PR";"UOP01-DEL09-PR"
775208;2026-05-30;"sábado";"17:01:00";"PR";476;172;"CONTENDA";"Ausência de reação do condutor";"Colisão transversal";"Com Vítimas Feridas";"Pleno dia";"Decrescente";"Céu Claro";"Dupla";"Interseção de Vias;Reta";"Sim";2;0;1;0;1;0;1;2;-25,68571856;-49,53442924;"SPRF-PR";"DEL01-PR";"UOP06-DEL01-PR"
775209;2026-05-30;"sábado";"16:40:00";"MG";262;786;"UBERABA";"Pedestre - Ingestão de álcool/ substâncias psicoativas";"Colisão com objeto";"Sem Vítimas";"Pleno dia";"Decrescente";"Céu Claro";"Dupla";"Reta";"Não";1;0;0;0;1;0;0;1;-19,70324133;-47,98572669;"SPRF-MG";"DEL13-MG";"UOP01-DEL13-MG"
775210;2026-05-30;"sábado";"15:30:00";"RJ";101;394;"RIO DE JANEIRO";"Condutor deixou de manter distância do veículo da frente";"Colisão traseira";"Com Vítimas Feridas";"Pleno dia";"Decrescente";"Nublado";"Dupla";"Reta";"Não";3;0;1;1;1;0;2;2;-22,883303;-43,720029;"SPRF-RJ";"DEL03-RJ";"UOP01-DEL03-RJ"
775213;2026-05-30;"sábado";"15:30:00";"RS";116;442;"CRISTAL";"Acesso irregular";"Saída de leito carroçável";"Sem Vítimas";"Anoitecer";"Crescente";"Céu Claro";"Dupla";"Reta";"Não";1;0;0;0;0;1;0;1;-31,1332036;-52,0293545;"SPRF-RS";"DEL02-RS";"UOP02-DEL02-RS"
775217;2026-05-30;"sábado";"18:13:00";"PI";316;13;"TERESINA";"Acessar a via sem observar a presença dos outros veículos";"Colisão transversal";"Com Vítimas Feridas";"Plena Noite";"Crescente";"Céu Claro";"Múltipla";"Reta;Interseção de Vias";"Sim";3;0;1;0;2;0;1;2;-5,209767;-42,755502;"SPRF-PI";"DEL01-PI";"UOP02-DEL01-PI"
775219;2026-05-30;"sábado";"18:27:00";"SP";116;282;"EMBU DAS ARTES";"Acessar a via sem observar a presença dos outros veículos";"Colisão traseira";"Com Vítimas Feridas";"Plena Noite";"Decrescente";"Céu Claro";"Dupla";"Reta";"Sim";1;0;1;0;0;0;1;1;-23,66686;-46,85492;"SPRF-SP";"DEL04-SP";"UOP01-DEL04-SP"
775220;2026-05-30;"sábado";"17:15:00";"MT";163;737;"SORRISO";"Mal súbito do condutor";"Saída de leito carroçável";"Com Vítimas Feridas";"Pleno dia";"Decrescente";"Céu Claro";"Simples";"Reta;Declive;Em Obras";"Não";2;0;2;0;0;0;2;1;-12,66485506;-55,79196453;"SPRF-MT";"DEL06-MT";"UOP01-DEL06-MT"
775221;2026-05-30;"sábado";"18:00:00";"ES";101;298;"VIANA";"Demais falhas mecânicas ou elétricas";"Capotamento";"Com Vítimas Feridas";"Plena Noite";"Crescente";"Céu Claro";"Dupla";"Reta";"Sim";3;0;3;0;0;0;3;1;-20,3570847;-40,4192394;"SPRF-ES";"DEL01-ES";"UOP01-DEL01-ES"
775222;2026-05-30;"sábado";"16:00:00";"RO";364;239,3;"CACOAL";"Ausência de reação do condutor";"Colisão traseira";"Com Vítimas Feridas";"Pleno dia";"Crescente";"Céu Claro";"Simples";"Reta;Declive";"Sim";5;0;2;0;2;1;2;2;-11,43321;-61,465765;"SPRF-RO";"DEL02-RO";"UOP02-DEL02-RO"
775224;2026-05-30;"sábado";"17:00:00";"MG";116;517,9;"UBAPORANGA";"Frear bruscamente";"Tombamento";"Com Vítimas Feridas";"Anoitecer";"Crescente";"Nublado";"Simples";"Reta";"Não";1;0;1;0;0;0;1;1;-19,712475;-42,125122;"SPRF-MG";"DEL06-MG";"UOP02-DEL06-MG"
775225;2026-05-30;"sábado";"18:00:00";"SP";116;225;"GUARULHOS";"Reação tardia ou ineficiente do condutor";"Tombamento";"Com Vítimas Feridas";"Plena Noite";"Decrescente";"Nublado";"Múltipla";"Reta";"Sim";1;0;1;0;0;0;1;1;-23,490055;-46,547058;"SPRF-SP";"DEL01-SP";"UOP01-DEL01-SP"
775226;2026-05-30;"sábado";"17:00:00";"BA";242;320;"ANDARAI";"Reação tardia ou ineficiente do condutor";"Capotamento";"Com Vítimas Feridas";"Anoitecer";"Crescente";"Chuva";"Simples";"Reta";"Não";4;0;4;0;0;0;4;1;-12,474755;-41,047949;"SPRF-BA";"DEL06-BA";"UOP02-DEL06-BA"
775227;2026-05-30;"sábado";"16:15:00";"PB";230;461,4;"SOUSA";"Pedestre cruzava a pista fora da faixa";"Atropelamento de Pedestre";"Com Vítimas Feridas";"Pleno dia";"Decrescente";"Céu Claro";"Simples";"Reta";"Sim";2;0;0;1;1;0;1;2;-6,778083;-38,222425;"SPRF-PB";"DEL03-PB";"UOP03-DEL03-PB"
775228;2026-05-30;"sábado";"18:48:00";"RJ";101;295;"ITABORAI";"Trafegar com motocicleta (ou similar) entre as faixas";"Colisão traseira";"Com Vítimas Feridas";"Plena Noite";"Decrescente";"Céu Claro";"Dupla";"Reta";"Não";3;0;2;0;1;0;2;2;-22,76478516;-42,90229797;"SPRF-RJ";"DEL02-RJ";"UOP02-DEL02-RJ"
775229;2026-05-30;"sábado";"11:42:00";"RJ";40;118;"DUQUE DE CAXIAS";"Condutor deixou de manter distância do veículo da frente";"Colisão traseira";"Sem Vítimas";"Pleno dia";"Decrescente";"Céu Claro";"Múltipla";"Reta";"Sim";2;0;0;0;2;0;0;2;-22,76108;-43,28674;"SPRF-RJ";"DEL01-RJ";"UOP02-DEL01-RJ"
775230;2026-05-30;"sábado";"17:30:00";"RJ";40;85;"PETROPOLIS";"Curva acentuada";"Saída de leito carroçável";"Com Vítimas Feridas";"Anoitecer";"Decrescente";"Céu Claro";"Simples";"Curva;Aclive";"Não";3;0;1;0;2;0;1;1;-22,55131349;-43,225419;"SPRF-RJ";"DEL01-RJ";"UOP01-DEL01-RJ"
775231;2026-05-30;"sábado";"18:22:00";"TO";153;334;"GUARAI";"Acessar a via sem observar a presença dos outros veículos";"Colisão transversal";"Sem Vítimas";"Plena Noite";"Crescente";"Céu Claro";"Simples";"Interseção de Vias;Reta";"Sim";2;0;0;0;2;0;0;2;-8,838982;-48,51208;"SPRF-TO";"DEL02-TO";"UOP02-DEL02-TO"
775232;2026-05-30;"sábado";"18:15:00";"MG";40;793,2;"JUIZ DE FORA";"Ausência de reação do condutor";"Colisão com objeto";"Com Vítimas Fatais";"Plena Noite";"Decrescente";"Nublado";"Dupla";"Reta";"Não";4;1;0;0;1;2;0;4;-21,59944908;-43,45787223;"SPRF-MG";"DEL05-MG";"UOP01-DEL05-MG"
775233;2026-05-30;"sábado";"16:50:00";"RJ";40;121;"DUQUE DE CAXIAS";"Manobra de mudança de faixa";"Queda de ocupante de veículo";"Com Vítimas Feridas";"Pleno dia";"Decrescente";"Nublado";"Múltipla";"Reta";"Não";3;0;1;0;2;0;1;2;-22,78656;-43,2852;"SPRF-RJ";"DEL01-RJ";"UOP02-DEL01-RJ"
775235;2026-05-30;"sábado";"19:10:00";"RS";116;635;"JAGUARAO";"Animais na Pista";"Atropelamento de Animal";"Com Vítimas Feridas";"Plena Noite";"Decrescente";"Nublado";"Simples";"Reta;Declive";"Não";2;0;1;0;1;0;1;1;-32,41559003;-53,23690295;"SPRF-RS";"DEL07-RS";"UOP03-DEL07-RS"
775236;2026-05-30;"sábado";"19:10:00";"SC";101;203,5;"SAO JOSE";"Avarias e/ou desgaste excessivo no pneu";"Tombamento";"Com Vítimas Feridas";"Plena Noite";"Crescente";"Nublado";"Dupla";"Reta";"Sim";2;0;2;0;0;0;2;1;-27,56971;-48,61397;"SPRF-SC";"DEL01-SC";"UOP01-DEL01-SC"
775237;2026-05-30;"sábado";"19:13:00";"SC";470;59;"BLUMENAU";"Acesso irregular";"Colisão transversal";"Com Vítimas Feridas";"Plena Noite";"Crescente";"Céu Claro";"Simples";"Reta";"Sim";2;0;1;0;1;0;1;2;-26,882047;-49,159194;"SPRF-SC";"DEL04-SC";"UOP01-DEL04-SC"
775238;2026-05-30;"sábado";"18:30:00";"MS";163;479;"CAMPO GRANDE";"Acessar a via sem observar a presença dos outros veículos";"Colisão transversal";"Com Vítimas Feridas";"Plena Noite";"Crescente";"Céu Claro";"Simples";"Reta;Interseção de Vias";"Sim";2;0;1;0;1;0;1;2;-20,48656752;-54,55930549;"SPRF-MS";"DEL01-MS";"UOP01-DEL01-MS"
775239;2026-05-30;"sábado";"18:30:00";"PR";467;106,9;"CASCAVEL";"Condutor deixou de manter distância do veículo da frente";"Tombamento";"Com Vítimas Feridas";"Plena Noite";"Decrescente";"Céu Claro";"Dupla";"Reta";"Sim";1;0;1;0;0;0;1;1;-24,91865204;-53,48288834;"SPRF-PR";"DEL04-PR";"UOP01-DEL04-PR"
775240;2026-05-30;"sábado";"19:20:00";"DF";40;4,8;"BRASILIA";"Pedestre cruzava a pista fora da faixa";"Atropelamento de Pedestre";"Com Vítimas Fatais";"Plena Noite";"Crescente";"Céu Claro";"Múltipla";"Reta";"Não";5;1;0;0;4;0;0;2;-16,01831;-47,98095;"SPRF-DF";"DEL01-DF";"UOP01-DEL01-DF"
775241;2026-05-30;"sábado";"18:30:00";"PR";116;125,5;"FAZENDA RIO GRANDE";"Ingestão de álcool pelo condutor";"Engavetamento";"Sem Vítimas";"Plena Noite";"Crescente";"Céu Claro";"Dupla";"Reta";"Sim";7;0;0;0;7;0;0;4;-25,633661;-49,3134;"SPRF-PR";"DEL01-PR";"UOP03-DEL01-PR"
775243;2026-05-30;"sábado";"13:00:00";"GO";60;258;"INDIARA";"Animais na Pista";"Saída de leito carroçável";"Sem Vítimas";"Pleno dia";"Decrescente";"Céu Claro";"Dupla";"Reta";"Não";1;0;0;0;1;0;0;1;-17,160212;-50,036491;"SPRF-GO";"DEL01-GO";"UOP02-DEL01-GO"
775244;2026-05-30;"sábado";"19:10:00";"MA";222;663;"ACAILANDIA";"Ingestão de álcool pelo condutor";"Colisão traseira";"Com Vítimas Feridas";"Plena Noite";"Decrescente";"Céu Claro";"Simples";"Reta";"Sim";3;0;2;0;0;1;2;2;-4,900628;-47,395647;"SPRF-MA";"DEL04-MA";"UOP03-DEL04-MA"
775245;2026-05-30;"sábado";"19:34:00";"PE";101;40;"IGARASSU";"Ausência de reação do condutor";"Colisão lateral mesmo sentido";"Com Vítimas Feridas";"Plena Noite";"Crescente";"Nublado";"Dupla";"Reta";"Não";3;0;2;0;0;1;2;2;-7,82085293;-34,91683808;"SPRF-PE";"DEL01-PE";"UOP02-DEL01-PE"
775248;2026-05-30;"sábado";"16:10:00";"MT";163;747,7;"SORRISO";"Ausência de reação do condutor";"Colisão traseira";"Sem Vítimas";"Pleno dia";"Decrescente";"Sol";"Dupla";"Reta";"Sim";2;0;0;0;0;2;0;2;-12,58981198;-55,74039012;"SPRF-MT";"DEL06-MT";"UOP01-DEL06-MT"
775249;2026-05-30;"sábado";"18:45:00";"SC";282;242,5;"SAO JOSE DO CERRITO";"Demais falhas mecânicas ou elétricas";"Incêndio";"Sem Vítimas";"Plena Noite";"Decrescente";"Céu Claro";"Simples";"Reta";"Não";1;0;0;0;1;0;0;1;-27,7440777;-50,5097892;"SPRF-SC";"DEL05-SC";"UOP02-DEL05-SC"
775251;2026-05-30;"sábado";"18:10:00";"RS";290;128;"ELDORADO DO SUL";"Ultrapassagem Indevida";"Saída de leito carroçável";"Com Vítimas Feridas";"Plena Noite";"Crescente";"Céu Claro";"Simples";"Reta";"Não";1;0;1;0;0;0;1;1;-30,05707674;-51,48900859;"SPRF-RS";"DEL02-RS";"UOP01-DEL02-RS"
775252;2026-05-30;"sábado";"20:10:00";"MG";381;496;"BETIM";"Avarias e/ou desgaste excessivo no pneu";"Tombamento";"Com Vítimas Feridas";"Plena Noite";"Crescente";"Nublado";"Dupla";"Reta;Declive";"Não";2;0;0;2;0;0;2;1;-19,975541;-44,196885;"SPRF-MG";"DEL01-MG";"UOP03-DEL01-MG"
775253;2026-05-30;"sábado";"18:50:00";"BA";101;364;"GANDU";"Animais na Pista";"Atropelamento de Animal";"Com Vítimas Fatais";"Plena Noite";"Crescente";"Nevoeiro/Neblina";"Simples";"Reta";"Não";2;1;0;0;0;1;0;2;-13,727284;-39,478187;"SPRF-BA";"DEL05-BA";"UOP03-DEL05-BA"
775254;2026-05-30;"sábado";"19:15:00";"RJ";101;40;"CAMPOS DOS GOYTACAZES";"Reação tardia ou ineficiente do condutor";"Colisão com objeto";"Com Vítimas Feridas";"Plena Noite";"Crescente";"Nublado";"Múltipla";"Reta";"Não";1;0;1;0;0;0;1;1;-21,552743;-41,331912;"SPRF-RJ";"DEL08-RJ";"UOP01-DEL08-RJ"
775256;2026-05-30;"sábado";"19:00:00";"PR";277;79;"CURITIBA";"Condutor deixou de manter distância do veículo da frente";"Colisão traseira";"Com Vítimas Feridas";"Plena Noite";"Decrescente";"Nublado";"Dupla";"Reta";"Sim";3;0;1;0;2;0;1;2;-25,47835855;-49,20256488;"SPRF-PR";"DEL01-PR";"UOP08-DEL01-PR"
775257;2026-05-30;"sábado";"20:18:00";"ES";262;37,5;"DOMINGOS MARTINS";"Transitar no Acostamento";"Atropelamento de Pedestre";"Com Vítimas Fatais";"Plena Noite";"Decrescente";"Céu Claro";"Simples";"Reta;Aclive";"Não";2;1;0;0;1;0;0;2;-20,38178247;-40,61789989;"SPRF-ES";"DEL01-ES";"UOP01-DEL01-ES"
775258;2026-05-30;"sábado";"20:00:00";"DF";20;20;"BRASILIA";"Transitar no Acostamento";"Atropelamento de Pedestre";"Com Vítimas Fatais";"Plena Noite";"Decrescente";"Céu Claro";"Simples";"Declive";"Sim";3;1;0;0;0;2;0;2;-15,60541924;-47,68874288;"SPRF-DF";"DEL02-DF";"UOP01-DEL02-DF"
775259;2026-05-30;"sábado";"18:00:00";"MG";116;626,1;"ORIZANIA";"Velocidade Incompatível";"Colisão com objeto";"Com Vítimas Feridas";"Anoitecer";"Crescente";"Céu Claro";"Simples";"Curva";"Não";1;0;1;0;0;0;1;1;-20,55762136;-42,20902205;"SPRF-MG";"DEL07-MG";"UOP02-DEL07-MG"
775260;2026-05-30;"sábado";"19:00:00";"MS";163;478;"CAMPO GRANDE";"Transitar no Acostamento";"Atropelamento de Pedestre";"Com Vítimas Feridas";"Plena Noite";"Decrescente";"Céu Claro";"Simples";"Reta";"Não";2;0;1;0;0;1;1;2;-20,4907029;-54,55929637;"SPRF-MS";"DEL01-MS";"UOP01-DEL01-MS"
775261;2026-05-30;"sábado";"19:40:00";"SC";282;492,9;"FAXINAL DOS GUEDES";"Ingestão de álcool pelo condutor";"Capotamento";"Com Vítimas Feridas";"Plena Noite";"Decrescente";"Céu Claro";"Simples";"Rotatória;Curva";"Não";4;0;4;0;0;0;4;1;-26,87178374;-52,3001096;"SPRF-SC";"DEL07-SC";"UOP01-DEL07-SC"
775262;2026-05-30;"sábado";"17:00:00";"SC";280;5,5;"SAO FRANCISCO DO SUL";"Condutor deixou de manter distância do veículo da frente";"Colisão lateral mesmo sentido";"Com Vítimas Feridas";"Pleno dia";"Decrescente";"Céu Claro";"Simples";"Interseção de Vias;Reta";"Sim";3;0;1;1;1;0;2;2;-26,26287038;-48,6293691;"SPRF-SC";"DEL03-SC";"UOP03-DEL03-SC"