"id";"data_inversa";"dia_semana";"horario";"uf";"br";"km";"municipio";"causa_acidente";"tipo_acidente";"classificacao_acidente";"fase_dia";"sentido_via";"condicao_metereologica";"tipo_pista";"tracado_via";"uso_solo";"pessoas";"mortos";"feridos_leves";"feridos_graves";"ilesos";"ignorados";"feridos";"veiculos";"latitude";"longitude";"regional";"delegacia";"uop"
775264;2026-05-30;"sábado";"08:10:00";"SC";101;121;"ITAJAI";"Acumulo de óleo sobre o pavimento";"Tombamento";"Com Vítimas Feridas";"Plena Noite";"Crescente";"Céu Claro";"Múltipla";"Reta";"Não";2;0;2;0;0;0;2;1;-26,9267745;-48,705647;"SPRF-SC";"DEL04-SC";"UOP04-DEL04-SC"
775265;2026-05-30;"sábado";"19:57:00";"PA";222;225;"MARABA";"Ausência de reação do condutor";"Colisão traseira";"Com Vítimas Fatais";"Plena Noite";"Crescente";"Céu Claro";"Simples";"Reta";"Não";3;1;0;1;1;0;1;2;-5,20901;-49,03664;"SPRF-PA";"DEL03-PA";"UOP01-DEL03-PA"
775266;2026-05-30;"sábado";"19:30:00";"RO";364;451;"THEOBROMA";"Desrespeitar a preferência no cruzamento";"Colisão frontal";"Com Vítimas Feridas";"Plena Noite";"Decrescente";"Céu Claro";"Simples";"Reta";"Não";2;0;0;1;1;0;1;2;-10,294633;-62,660777;"SPRF-RO";"DEL03-RO";"UOP02-DEL03-RO"
775267;2026-05-30;"sábado";"21:30:00";"MG";40;532;"BELO HORIZONTE";"Reação tardia ou ineficiente do condutor";"Colisão com objeto";"Sem Vítimas";"Plena Noite";"Crescente";"Céu Claro";"Dupla";"Aclive;Reta";"Sim";1;0;0;0;1;0;0;1;-19,90990991;-43,99923718;"SPRF-MG";"DEL01-MG";"UOP02-DEL01-MG"
775268;2026-05-30;"sábado";"18:34:00";"TO";10;443;"PALMAS";"Ausência de reação do condutor";"Colisão traseira";"Com Vítimas Fatais";"Plena Noite";"Decrescente";"Céu Claro";"Simples";"Reta";"Não";4;1;1;1;0;1;2;2;-10,406237;-48,30661076;"SPRF-TO";"DEL01-TO";"UOP03-DEL01-TO"
775270;2026-05-30;"sábado";"19:50:00";"SC";101;432,2;"SOMBRIO";"Ingestão de álcool pelo condutor";"Colisão lateral mesmo sentido";"Com Vítimas Feridas";"Plena Noite";"Crescente";"Nublado";"Dupla";"Reta";"Sim";2;0;2;0;0;0;2;2;-29,081946;-49,629778;"SPRF-SC";"DEL02-SC";"UOP02-DEL02-SC"
775272;2026-05-30;"sábado";"21:17:00";"GO";60;378;"RIO VERDE";"Ausência de reação do condutor";"Saída de leito carroçável";"Sem Vítimas";"Plena Noite";"Decrescente";"Céu Claro";"Dupla";"Curva;Retorno Regulamentado";"Sim";1;0;0;0;1;0;0;1;-17,77129;-50,885245;"SPRF-GO";"DEL04-GO";"UOP02-DEL04-GO"
775274;2026-05-30;"sábado";"21:20:00";"PE";101;57,1;"RECIFE";"Entrada inopinada do pedestre";"Atropelamento de Pedestre";"Com Vítimas Feridas";"Plena Noite";"Crescente";"Céu Claro";"Dupla";"Reta";"Sim";2;0;1;0;1;0;1;2;-7,964055;-34,916338;"SPRF-PE";"DEL01-PE";"UOP02-DEL01-PE"
775276;2026-05-30;"sábado";"20:00:00";"PA";10;263;"AURORA DO PARA";"Desvio temporário";"Colisão com objeto";"Com Vítimas Feridas";"Plena Noite";"Decrescente";"Nublado";"Simples";"Reta";"Não";1;0;0;1;0;0;1;1;-2,12533;-47,560757;"SPRF-PA";"DEL02-PA";"UOP01-DEL02-PA"
775278;2026-05-29;"sexta-feira";"18:15:00";"PA";230;121;"MARABA";"Pista esburacada";"Queda de ocupante de veículo";"Com Vítimas Feridas";"Anoitecer";"Decrescente";"Céu Claro";"Dupla";"Reta";"Sim";1;0;0;1;0;0;1;1;-5,3505;-49,11551;"SPRF-PA";"DEL03-PA";"UOP01-DEL03-PA"
775279;2026-05-30;"sábado";"21:30:00";"PR";369;187;"ARAPONGAS";"Ausência de reação do condutor";"Tombamento";"Com Vítimas Feridas";"Plena Noite";"Decrescente";"Nublado";"Simples";"Reta";"Sim";2;0;1;1;0;0;2;1;-23,412469;-51,427137;"SPRF-PR";"DEL07-PR";"UOP03-DEL07-PR"
775280;2026-05-30;"sábado";"21:00:00";"PR";376;273;"MARILANDIA DO SUL";"Ausência de reação do condutor";"Colisão com objeto";"Com Vítimas Feridas";"Plena Noite";"Crescente";"Céu Claro";"Dupla";"Reta";"Não";3;0;1;0;2;0;1;1;-23,775138;-51,268188;"SPRF-PR";"DEL07-PR";"UOP02-DEL07-PR"
775281;2026-05-30;"sábado";"21:50:00";"SE";101;103;"SAO CRISTOVAO";"Demais falhas mecânicas ou elétricas";"Incêndio";"Sem Vítimas";"Plena Noite";"Crescente";"Nublado";"Dupla";"Reta";"Não";4;0;0;0;4;0;0;1;-10,95456746;-37,2229182;"SPRF-SE";"DEL02-SE";"UOP01-DEL02-SE"
775282;2026-05-30;"sábado";"22:30:00";"SP";116;204;"ARUJA";"Avarias e/ou desgaste excessivo no pneu";"Tombamento";"Com Vítimas Feridas";"Plena Noite";"Crescente";"Nublado";"Dupla";"Declive";"Não";1;0;1;0;0;0;1;1;-23,411787;-46,354528;"SPRF-SP";"DEL01-SP";"UOP01-DEL01-SP"
775283;2026-05-30;"sábado";"18:05:00";"RS";470;246;"BARAO";"Reação tardia ou ineficiente do condutor";"Saída de leito carroçável";"Com Vítimas Feridas";"Plena Noite";"Crescente";"Céu Claro";"Simples";"Reta";"Não";1;0;1;0;0;0;1;1;-29,383908;-51,492042;"SPRF-RS";"DEL06-RS";"UOP01-DEL06-RS"
775284;2026-05-30;"sábado";"20:50:00";"SC";282;355;"CAMPOS NOVOS";"Animais na Pista";"Atropelamento de Animal";"Com Vítimas Feridas";"Plena Noite";"Crescente";"Nevoeiro/Neblina";"Simples";"Reta;Aclive";"Não";1;0;1;0;0;0;1;1;-27,355838;-51,33194;"SPRF-SC";"DEL07-SC";"UOP06-DEL07-SC"
775285;2026-05-30;"sábado";"21:15:00";"TO";153;670;"GURUPI";"Reação tardia ou ineficiente do condutor";"Colisão traseira";"Com Vítimas Feridas";"Plena Noite";"Decrescente";"Céu Claro";"Dupla";"Reta";"Não";3;0;1;1;1;0;2;2;-11,71125;-49,07484;"SPRF-TO";"DEL01-TO";"UOP02-DEL01-TO"
775286;2026-03-18;"quarta-feira";"12:42:00";"ES";101;298,1;"VIANA";"Ultrapassagem Indevida";"Colisão lateral mesmo sentido";"Com Vítimas Feridas";"Pleno dia";"Crescente";"Ignorado";"Dupla";"Reta";"Sim";3;0;1;0;0;2;1;3;-20,353707;-40,416188;"SPRF-ES";"DEL01-ES";"UOP01-DEL01-ES"
775287;2026-05-30;"sábado";"22:20:00";"SC";280;52;"GUARAMIRIM";"Ingestão de álcool pelo condutor";"Colisão traseira";"Sem Vítimas";"Plena Noite";"Crescente";"Nublado";"Dupla";"Reta";"Não";2;0;0;0;2;0;0;2;-26,467433;-48,960754;"SPRF-SC";"DEL03-SC";"UOP03-DEL03-SC"
775288;2026-05-30;"sábado";"22:08:00";"RS";285;118,4;"VACARIA";"Participar de racha";"Colisão transversal";"Com Vítimas Feridas";"Plena Noite";"Decrescente";"Nevoeiro/Neblina";"Simples";"Reta";"Não";4;0;3;0;1;0;3;3;-28,50506167;-50,91481025;"SPRF-RS";"DEL05-RS";"UOP03-DEL05-RS"
775289;2026-05-30;"sábado";"20:35:00";"MT";70;499,9;"CUIABA";"Conversão proibida";"Colisão frontal";"Com Vítimas Feridas";"Plena Noite";"Decrescente";"Céu Claro";"Simples";"Reta";"Sim";2;0;1;0;1;0;1;2;-15,67643228;-56,01357579;"SPRF-MT";"DEL01-MT";"UOP02-DEL01-MT"
775290;2026-05-30;"sábado";"22:50:00";"PR";369;154;"LONDRINA";"Condutor desrespeitou a iluminação vermelha do semáforo";"Colisão lateral sentido oposto";"Com Vítimas Feridas";"Plena Noite";"Crescente";"Céu Claro";"Dupla";"Curva";"Não";3;0;2;0;0;1;2;2;-23,29793103;-51,19687201;"SPRF-PR";"DEL07-PR";"UOP01-DEL07-PR"
775291;2026-05-30;"sábado";"22:16:00";"PE";104;64;"CARUARU";"Acessar a via sem observar a presença dos outros veículos";"Colisão transversal";"Com Vítimas Feridas";"Plena Noite";"Decrescente";"Nublado";"Dupla";"Interseção de Vias";"Sim";2;0;0;2;0;0;2;2;-8,20997482;-35,97138011;"SPRF-PE";"DEL02-PE";"UOP01-DEL02-PE"
775292;2026-05-30;"sábado";"22:00:00";"MG";116;525;"CARATINGA";"Transitar no Acostamento";"Engavetamento";"Com Vítimas Feridas";"Plena Noite";"Decrescente";"Céu Claro";"Dupla";"Reta";"Sim";4;0;0;2;2;0;2;3;-19,77198;-42,13214;"SPRF-MG";"DEL06-MG";"UOP02-DEL06-MG"
775293;2026-05-30;"sábado";"20:24:00";"TO";153;137,8;"ARAGUAINA";"Acessar a via sem observar a presença dos outros veículos";"Colisão traseira";"Com Vítimas Feridas";"Plena Noite";"Decrescente";"Céu Claro";"Dupla";"Reta";"Sim";2;0;0;1;1;0;1;2;-7,156042;-48,203851;"SPRF-TO";"DEL02-TO";"UOP01-DEL02-TO"
775294;2026-05-30;"sábado";"22:50:00";"MG";262;359;"JUATUBA";"Reação tardia ou ineficiente do condutor";"Colisão traseira";"Com Vítimas Feridas";"Plena Noite";"Crescente";"Céu Claro";"Dupla";"Reta";"Não";2;0;1;0;1;0;1;2;-19,97073;-44,294856;"SPRF-MG";"DEL01-MG";"UOP03-DEL01-MG"
775296;2026-05-30;"sábado";"22:00:00";"GO";153;696,1;"ITUMBIARA";"Ingestão de álcool pelo condutor";"Saída de leito carroçável";"Com Vítimas Feridas";"Plena Noite";"Decrescente";"Céu Claro";"Dupla";"Viaduto";"Sim";3;0;0;1;2;0;1;1;-18,35999358;-49,21603498;"SPRF-GO";"DEL03-GO";"UOP02-DEL03-GO"
775297;2026-05-30;"sábado";"20:30:00";"AL";101;196,8;"SAO SEBASTIAO";"Reação tardia ou ineficiente do condutor";"Colisão traseira";"Com Vítimas Fatais";"Plena Noite";"Crescente";"Céu Claro";"Dupla";"Reta";"Não";2;1;0;0;0;1;0;2;-9,93311;-36,51385;"SPRF-AL";"DEL02-AL";"UOP02-DEL02-AL"
775298;2026-05-30;"sábado";"17:50:00";"MT";364;63,4;"ALTO GARCAS";"Deixar de acionar o farol da motocicleta (ou similar)";"Colisão traseira";"Com Vítimas Fatais";"Plena Noite";"Decrescente";"Céu Claro";"Simples";"Reta";"Não";2;1;0;0;1;0;0;2;-16,93718538;-53,55726002;"SPRF-MT";"DEL02-MT";"UOP02-DEL02-MT"
775299;2026-05-30;"sábado";"22:45:00";"SP";116;215;"GUARULHOS";"Ausência de reação do condutor";"Colisão com objeto";"Sem Vítimas";"Plena Noite";"Crescente";"Ignorado";"Múltipla";"Reta";"Sim";1;0;0;0;0;1;0;1;-23,45003457;-46,46245027;"SPRF-SP";"DEL01-SP";"UOP01-DEL01-SP"
775300;2026-05-30;"sábado";"22:45:00";"SC";101;209;"SAO JOSE";"Acessar a via sem observar a presença dos outros veículos";"Colisão transversal";"Com Vítimas Feridas";"Plena Noite";"Decrescente";"Céu Claro";"Dupla";"Reta";"Sim";2;0;1;0;0;1;1;2;-27,61656;-48,6451;"SPRF-SC";"DEL01-SC";"UOP01-DEL01-SC"
775301;2026-05-30;"sábado";"21:20:00";"BA";116;608;"IRAJUBA";"Velocidade Incompatível";"Saída de leito carroçável";"Com Vítimas Feridas";"Plena Noite";"Decrescente";"Nublado";"Simples";"Curva";"Não";4;0;3;1;0;0;4;1;-13,30516;-40,02639;"SPRF-BA";"DEL03-BA";"UOP02-DEL03-BA"
775302;2026-05-30;"sábado";"22:12:00";"MS";163;700;"RIO VERDE DE MATO GROSSO";"Ausência de sinalização";"Colisão com objeto";"Com Vítimas Feridas";"Plena Noite";"Crescente";"Céu Claro";"Simples";"Desvio Temporário;Em Obras";"Não";1;0;0;1;0;0;1;1;-18,7406347;-54,819708;"SPRF-MS";"DEL06-MS";"UOP01-DEL06-MS"
775303;2026-05-30;"sábado";"23:00:00";"RJ";465;5;"SEROPEDICA";"Acessar a via sem observar a presença dos outros veículos";"Colisão lateral mesmo sentido";"Com Vítimas Feridas";"Plena Noite";"Decrescente";"Céu Claro";"Simples";"Reta";"Sim";3;0;2;0;1;0;2;2;-22,7455;-43,70127;"SPRF-RJ";"DEL06-RJ";"UOP02-DEL06-RJ"
775304;2026-05-30;"sábado";"23:30:00";"PE";101;68;"RECIFE";"Acumulo de água sobre o pavimento";"Colisão traseira";"Com Vítimas Feridas";"Plena Noite";"Crescente";"Chuva";"Dupla";"Viaduto;Reta";"Sim";2;0;1;0;1;0;1;2;-8,05074;-34,94638;"SPRF-PE";"DEL01-PE";"UOP01-DEL01-PE"
775305;2026-05-08;"sexta-feira";"16:30:00";"AC";317;335;"BRASILEIA";"Pista esburacada";"Saída de leito carroçável";"Com Vítimas Feridas";"Pleno dia";"Crescente";"Céu Claro";"Simples";"Reta";"Não";3;0;3;0;0;0;3;1;-10,95333042;-68,81763654;"SPRF-AC";"DEL01-AC";"UOP02-DEL01-AC"
775306;2026-05-30;"sábado";"22:50:00";"BA";324;616;"SALVADOR";"Condutor Dormindo";"Colisão traseira";"Com Vítimas Feridas";"Plena Noite";"Crescente";"Garoa/Chuvisco";"Múltipla";"Curva;Em Obras;Viaduto;Declive;Desvio Temporário";"Sim";2;0;2;0;0;0;2;2;-12,8946985;-38,44807918;"SPRF-BA";"DEL01-BA";"UOP01-DEL01-BA"
775309;2026-05-30;"sábado";"21:45:00";"MT";163;828,9;"SINOP";"Reação tardia ou ineficiente do condutor";"Colisão lateral mesmo sentido";"Com Vítimas Feridas";"Plena Noite";"Decrescente";"Céu Claro";"Dupla";"Reta";"Sim";3;0;0;3;0;0;3;2;-11,90463;-55,5066;"SPRF-MT";"DEL06-MT";"UOP02-DEL06-MT"
775310;2026-05-30;"sábado";"18:20:00";"RJ";101;145;"MACAE";"Condutor Dormindo";"Saída de leito carroçável";"Com Vítimas Feridas";"Plena Noite";"Decrescente";"Céu Claro";"Simples";"Curva";"Não";3;0;2;0;1;0;2;1;-22,22161491;-41,76478386;"SPRF-RJ";"DEL08-RJ";"UOP04-DEL08-RJ"
775311;2026-05-30;"sábado";"23:55:00";"RJ";101;412;"ITAGUAI";"Reação tardia ou ineficiente do condutor";"Colisão traseira";"Com Vítimas Feridas";"Plena Noite";"Decrescente";"Céu Claro";"Dupla";"Curva";"Sim";2;0;1;0;1;0;1;2;-22,899383;-43,865188;"SPRF-RJ";"DEL03-RJ";"UOP01-DEL03-RJ"
775313;2026-05-31;"domingo";"00:20:00";"GO";40;11;"LUZIANIA";"Reação tardia ou ineficiente do condutor";"Colisão lateral mesmo sentido";"Com Vítimas Feridas";"Plena Noite";"Crescente";"Céu Claro";"Dupla";"Reta";"Sim";3;0;2;0;1;0;2;2;-16,13753;-47,95239;"SPRF-DF";"DEL01-DF";"UOP01-DEL01-DF"
775315;2026-05-30;"sábado";"23:30:00";"PE";101;60;"RECIFE";"Reação tardia ou ineficiente do condutor";"Saída de leito carroçável";"Sem Vítimas";"Plena Noite";"Crescente";"Garoa/Chuvisco";"Dupla";"Curva";"Sim";1;0;0;0;0;1;0;1;-7,98549546;-34,93210006;"SPRF-PE";"DEL01-PE";"UOP02-DEL01-PE"
775317;2026-05-31;"domingo";"00:20:00";"PR";277;457,7;"LARANJEIRAS DO SUL";"Transitar na contramão";"Colisão frontal";"Sem Vítimas";"Plena Noite";"Decrescente";"Céu Claro";"Simples";"Reta;Interseção de Vias";"Não";2;0;0;0;2;0;0;2;-25,3860131;-52,41249919;"SPRF-PR";"DEL04-PR";"UOP02-DEL04-PR"
775318;2026-05-31;"domingo";"00:00:00";"MT";174;4;"PONTES E LACERDA";"Ingestão de álcool pelo condutor";"Queda de ocupante de veículo";"Com Vítimas Feridas";"Anoitecer";"Decrescente";"Ignorado";"Simples";"Reta";"Sim";1;0;0;1;0;0;1;1;-15,23472;-59,34332;"SPRF-MT";"DEL04-MT";"UOP01-DEL04-MT"
775319;2026-05-31;"domingo";"00:40:00";"SC";101;105,6;"PENHA";"Pista Escorregadia";"Queda de ocupante de veículo";"Com Vítimas Feridas";"Plena Noite";"Decrescente";"Nublado";"Simples";"Curva";"Não";1;0;1;0;0;0;1;1;-26,8074376;-48,68063521;"SPRF-SC";"DEL03-SC";"UOP02-DEL03-SC"
775320;2026-05-31;"domingo";"01:50:00";"BA";415;50;"ITABUNA";"Ingestão de álcool pelo condutor";"Colisão traseira";"Com Vítimas Feridas";"Plena Noite";"Crescente";"Céu Claro";"Simples";"Reta";"Sim";3;0;0;2;1;0;2;2;-14,832673;-39,320319;"SPRF-BA";"DEL05-BA";"UOP01-DEL05-BA"
775321;2026-05-30;"sábado";"22:17:00";"MT";174;14;"PONTES E LACERDA";"Animais na Pista";"Atropelamento de Animal";"Com Vítimas Feridas";"Plena Noite";"Decrescente";"Céu Claro";"Simples";"Reta";"Não";1;0;0;1;0;0;1;1;-15,19712074;-59,41386144;"SPRF-MT";"DEL04-MT";"UOP01-DEL04-MT"
775322;2026-05-31;"domingo";"01:45:00";"PR";376;178;"MARINGA";"Acessar a via sem observar a presença dos outros veículos";"Colisão transversal";"Com Vítimas Feridas";"Plena Noite";"Decrescente";"Céu Claro";"Múltipla";"Interseção de Vias;Reta";"Sim";2;0;1;0;1;0;1;2;-23,41725;-51,9182;"SPRF-PR";"DEL09-PR";"UOP01-DEL09-PR"
775323;2026-05-31;"domingo";"01:25:00";"GO";70;1;"AGUAS LINDAS DE GOIAS";"Reação tardia ou ineficiente do condutor";"Saída de leito carroçável";"Com Vítimas Feridas";"Plena Noite";"Decrescente";"Céu Claro";"Dupla";"Curva";"Não";3;0;2;0;1;0;2;2;-15,77860495;-48,23395014;"SPRF-DF";"DEL03-DF";"UOP02-DEL03-DF"
775324;2026-05-31;"domingo";"01:45:00";"DF";60;1;"BRASILIA";"Ingestão de álcool pelo condutor";"Colisão com objeto";"Sem Vítimas";"Plena Noite";"Decrescente";"Céu Claro";"Dupla";"Reta";"Sim";3;0;0;0;3;0;0;1;-15,884039;-48,065031;"SPRF-DF";"DEL03-DF";"UOP01-DEL03-DF"
775325;2026-05-31;"domingo";"02:15:00";"DF";70;7,3;"BRASILIA";"Transitar na contramão";"Colisão com objeto";"Sem Vítimas";"Plena Noite";"Crescente";"Céu Claro";"Múltipla";"Reta";"Sim";1;0;0;0;1;0;0;1;-15,78528095;-48,12116636;"SPRF-DF";"DEL03-DF";"UOP02-DEL03-DF"
775326;2026-05-31;"domingo";"01:30:00";"RS";287;320,1;"SAO VICENTE DO SUL";"Neblina";"Tombamento";"Com Vítimas Feridas";"Plena Noite";"Crescente";"Nevoeiro/Neblina";"Simples";"Reta";"Não";2;0;2;0;0;0;2;1;-29,653429;-54,565827;"SPRF-RS";"DEL09-RS";"UOP01-DEL09-RS"
775327;2026-05-31;"domingo";"02:40:00";"GO";153;292;"RIALMA";"Transitar na contramão";"Colisão frontal";"Com Vítimas Fatais";"Plena Noite";"Crescente";"Céu Claro";"Simples";"Curva;Declive";"Não";4;2;0;0;2;0;0;2;-15,249348;-49,556573;"SPRF-GO";"DEL02-GO";"UOP02-DEL02-GO"
775328;2026-05-31;"domingo";"02:30:00";"SE";101;25;"MURIBECA";"Condutor Dormindo";"Queda de ocupante de veículo";"Com Vítimas Feridas";"Plena Noite";"Crescente";"Chuva";"Dupla";"Retorno Regulamentado;Curva";"Não";1;0;0;1;0;0;1;1;-10,40781338;-36,91940647;"SPRF-SE";"DEL02-SE";"UOP02-DEL02-SE"
775329;2026-05-31;"domingo";"03:18:00";"PE";232;18,6;"JABOATAO DOS GUARARAPES";"Animais na Pista";"Atropelamento de Animal";"Sem Vítimas";"Plena Noite";"Decrescente";"Nublado";"Múltipla";"Reta";"Não";1;0;0;0;0;1;0;1;-8,097345;-35,058282;"SPRF-PE";"DEL01-PE";"UOP01-DEL01-PE"
775330;2026-05-31;"domingo";"02:00:00";"MS";163;627,9;"SAO GABRIEL DO OESTE";"Ingestão de álcool pelo condutor";"Saída de leito carroçável";"Sem Vítimas";"Plena Noite";"Decrescente";"Céu Claro";"Dupla";"Reta";"Não";1;0;0;0;1;0;0;1;-19,31267478;-54,62033808;"SPRF-MS";"DEL06-MS";"UOP02-DEL06-MS"
775331;2026-05-31;"domingo";"02:45:00";"SP";116;281;"EMBU DAS ARTES";"Reação tardia ou ineficiente do condutor";"Colisão traseira";"Com Vítimas Feridas";"Plena Noite";"Decrescente";"Céu Claro";"Dupla";"Retorno Regulamentado;Reta";"Sim";3;0;1;0;2;0;1;2;-23,65703;-46,85029;"SPRF-SP";"DEL04-SP";"UOP01-DEL04-SP"
775332;2026-05-31;"domingo";"01:40:00";"MG";381;572;"ITAGUARA";"Condutor Dormindo";"Saída de leito carroçável";"Com Vítimas Feridas";"Plena Noite";"Crescente";"Chuva";"Múltipla";"Curva";"Não";2;0;2;0;0;0;2;1;-20,40826314;-44,52413052;"SPRF-MG";"DEL04-MG";"UOP03-DEL04-MG"
775333;2026-05-31;"domingo";"02:00:00";"SC";280;232,7;"CANOINHAS";"Animais na Pista";"Atropelamento de Animal";"Com Vítimas Feridas";"Plena Noite";"Crescente";"Nevoeiro/Neblina";"Simples";"Reta;Declive";"Não";7;0;7;0;0;0;7;2;-26,191073;-50,389945;"SPRF-SC";"DEL06-SC";"UOP04-DEL06-SC"
775334;2026-05-31;"domingo";"02:20:00";"CE";222;123;"ITAPAJE";"Reação tardia ou ineficiente do condutor";"Saída de leito carroçável";"Com Vítimas Fatais";"Plena Noite";"Crescente";"Céu Claro";"Dupla";"Reta";"Sim";1;1;0;0;0;0;0;1;-3,691079;-39,585074;"SPRF-CE";"DEL04-CE";"UOP03-DEL04-CE"
775335;2026-05-31;"domingo";"02:15:00";"SP";381;82;"SAO PAULO";"Ausência de reação do condutor";"Saída de leito carroçável";"Com Vítimas Feridas";"Pleno dia";"Decrescente";"Céu Claro";"Múltipla";"Reta";"Sim";1;0;1;0;0;0;1;1;-23,438666;-46,567762;"SPRF-SP";"DEL03-SP";"UOP01-DEL03-SP"
775337;2026-05-31;"domingo";"03:20:00";"RJ";40;120;"DUQUE DE CAXIAS";"Reação tardia ou ineficiente do condutor";"Tombamento";"Com Vítimas Feridas";"Plena Noite";"Decrescente";"Céu Claro";"Simples";"Reta";"Sim";1;0;1;0;0;0;1;1;-22,7736;-43,286;"SPRF-RJ";"DEL01-RJ";"UOP02-DEL01-RJ"
775338;2026-05-31;"domingo";"04:06:00";"SP";116;278,6;"EMBU DAS ARTES";"Manobra de mudança de faixa";"Colisão lateral mesmo sentido";"Com Vítimas Feridas";"Pleno dia";"Decrescente";"Nublado";"Múltipla";"Aclive;Curva";"Sim";2;0;1;0;1;0;1;2;-23,6371;-46,83333;"SPRF-SP";"DEL04-SP";"UOP01-DEL04-SP"
775339;2026-05-31;"domingo";"04:15:00";"MG";40;461,8;"SETE LAGOAS";"Ingestão de álcool pelo condutor";"Saída de leito carroçável";"Com Vítimas Feridas";"Plena Noite";"Crescente";"Céu Claro";"Dupla";"Curva;Declive";"Não";1;0;1;0;0;0;1;1;-19,40958;-44,33445;"SPRF-MG";"DEL02-MG";"UOP01-DEL02-MG"
775340;2026-05-31;"domingo";"04:10:00";"SC";101;47;"PALHOCA";"Ingestão de álcool pelo condutor";"Colisão com objeto";"Sem Vítimas";"Plena Noite";"Decrescente";"Céu Claro";"Dupla";"Reta";"Não";1;0;0;0;0;1;0;1;-27,68407938;-48,68067261;"SPRF-SC";"DEL01-SC";"UOP02-DEL01-SC"
775341;2026-05-31;"domingo";"04:47:00";"PA";10;162,2;"PARAGOMINAS";"Ausência de reação do condutor";"Queda de ocupante de veículo";"Com Vítimas Feridas";"Plena Noite";"Decrescente";"Ignorado";"Simples";"Reta";"Não";1;0;1;0;0;0;1;1;-3,021137;-47,463884;"SPRF-PA";"DEL02-PA";"UOP01-DEL02-PA"
775342;2026-05-31;"domingo";"03:20:00";"PR";369;86;"CORNELIO PROCOPIO";"Ausência de reação do condutor";"Saída de leito carroçável";"Com Vítimas Feridas";"Plena Noite";"Decrescente";"Céu Claro";"Simples";"Aclive;Curva";"Sim";1;0;1;0;0;0;1;1;-23,17877525;-50,62279892;"SPRF-PR";"DEL07-PR";"UOP05-DEL07-PR"
775343;2026-05-31;"domingo";"02:00:00";"CE";222;22;"CAUCAIA";"Ingestão de álcool pelo condutor";"Colisão com objeto";"Sem Vítimas";"Plena Noite";"Decrescente";"Céu Claro";"Dupla";"Reta";"Não";1;0;0;0;0;1;0;1;-3,73414;-38,74942;"SPRF-CE";"DEL01-CE";"UOP01-DEL01-CE"
775344;2026-05-31;"domingo";"04:00:00";"SC";163;97;"SAO JOSE DO CEDRO";"Velocidade Incompatível";"Saída de leito carroçável";"Sem Vítimas";"Plena Noite";"Crescente";"Nevoeiro/Neblina";"Simples";"Declive;Reta";"Não";1;0;0;0;0;1;0;1;-26,50344303;-53,50968361;"SPRF-SC";"DEL07-SC";"UOP03-DEL07-SC"
775345;2026-05-31;"domingo";"04:40:00";"PR";153;17,8;"JACAREZINHO";"Ingestão de álcool pelo condutor";"Colisão frontal";"Sem Vítimas";"Plena Noite";"Crescente";"Céu Claro";"Simples";"Interseção de Vias;Reta";"Não";2;0;0;0;2;0;0;2;-23,14396;-49,94959;"SPRF-PR";"DEL07-PR";"UOP04-DEL07-PR"
775347;2026-05-31;"domingo";"05:25:00";"SP";116;445;"REGISTRO";"Condutor desrespeitou a iluminação vermelha do semáforo";"Colisão transversal";"Com Vítimas Feridas";"Amanhecer";"Decrescente";"Céu Claro";"Múltipla";"Interseção de Vias";"Sim";3;0;1;0;2;0;1;2;-24,49636527;-47,84030914;"SPRF-SP";"DEL05-SP";"UOP01-DEL05-SP"
775349;2026-05-31;"domingo";"05:15:00";"MG";40;523;"CONTAGEM";"Reação tardia ou ineficiente do condutor";"Saída de leito carroçável";"Com Vítimas Feridas";"Amanhecer";"Decrescente";"Céu Claro";"Dupla";"Reta";"Não";2;0;2;0;0;0;2;1;-19,8717169;-44,0566787;"SPRF-MG";"DEL01-MG";"UOP02-DEL01-MG"
775350;2026-05-31;"domingo";"01:50:00";"AL";104;92;"RIO LARGO";"Reação tardia ou ineficiente do condutor";"Colisão com objeto";"Sem Vítimas";"Plena Noite";"Decrescente";"Céu Claro";"Dupla";"Reta";"Sim";1;0;0;0;1;0;0;1;-9,47206709;-35,82297675;"SPRF-AL";"DEL01-AL";"UOP01-DEL01-AL"
775352;2026-05-31;"domingo";"01:00:00";"ES";101;288,6;"CARIACICA";"Reação tardia ou ineficiente do condutor";"Capotamento";"Com Vítimas Feridas";"Plena Noite";"Crescente";"Céu Claro";"Múltipla";"Reta";"Sim";1;0;1;0;0;0;1;1;-20,273809;-40,392576;"SPRF-ES";"DEL01-ES";"UOP01-DEL01-ES"
775353;2026-05-31;"domingo";"05:15:00";"AL";104;30,8;"UNIAO DOS PALMARES";"Condutor Dormindo";"Saída de leito carroçável";"Com Vítimas Feridas";"Pleno dia";"Crescente";"Céu Claro";"Simples";"Reta";"Não";4;0;4;0;0;0;4;1;-9,13198;-36,027694;"SPRF-AL";"DEL01-AL";"UOP02-DEL01-AL"
775355;2026-05-31;"domingo";"04:40:00";"RJ";116;187;"NOVA IGUACU";"Reação tardia ou ineficiente do condutor";"Colisão traseira";"Com Vítimas Feridas";"Plena Noite";"Decrescente";"Céu Claro";"Dupla";"Reta";"Sim";2;0;1;0;0;1;1;2;-22,73870902;-43,47653596;"SPRF-RJ";"DEL06-RJ";"UOP01-DEL06-RJ"