"id";"data_inversa";"dia_semana";"horario";"uf";"br";"km";"municipio";"causa_acidente";"tipo_acidente";"classificacao_acidente";"fase_dia";"sentido_via";"condicao_metereologica";"tipo_pista";"tracado_via";"uso_solo";"pessoas";"mortos";"feridos_leves";"feridos_graves";"ilesos";"ignorados";"feridos";"veiculos";"latitude";"longitude";"regional";"delegacia";"uop"
775465;2026-05-31;"domingo";"17:42:00";"SE";235;61;"ITABAIANA";"Acesso irregular";"Colisão traseira";"Com Vítimas Feridas";"Plena Noite";"Crescente";"Céu Claro";"Simples";"Curva";"Não";2;0;1;0;1;0;1;2;-10,60942276;-37,47667663;"SPRF-SE";"DEL01-SE";"UOP02-DEL01-SE"
775466;2026-05-31;"domingo";"17:00:00";"GO";153;674,3;"PANAMA";"Demais falhas mecânicas ou elétricas";"Incêndio";"Sem Vítimas";"Pleno dia";"Crescente";"Céu Claro";"Dupla";"Curva";"Não";3;0;0;0;3;0;0;1;-18,178553;-49,29093;"SPRF-GO";"DEL03-GO";"UOP02-DEL03-GO"
775467;2026-05-31;"domingo";"17:45:00";"TO";10;454,1;"PALMAS";"Reação tardia ou ineficiente do condutor";"Saída de leito carroçável";"Com Vítimas Fatais";"Plena Noite";"Decrescente";"Céu Claro";"Múltipla";"Reta";"Sim";1;1;0;0;0;0;0;1;-10,314988;-48;"SPRF-TO";"DEL01-TO";"UOP03-DEL01-TO"
775469;2026-05-31;"domingo";"17:00:00";"PR";163;148;"LINDOESTE";"Frear bruscamente";"Colisão traseira";"Com Vítimas Feridas";"Anoitecer";"Decrescente";"Céu Claro";"Simples";"Reta";"Não";4;0;1;0;3;0;1;2;-25,18328;-53,6018;"SPRF-PR";"DEL05-PR";"UOP05-DEL05-PR"
775470;2026-05-31;"domingo";"18:45:00";"MG";262;121,5;"RIO CASCA";"Acumulo de areia ou detritos sobre o pavimento";"Queda de ocupante de veículo";"Com Vítimas Feridas";"Plena Noite";"Crescente";"Céu Claro";"Simples";"Rotatória";"Não";1;0;0;1;0;0;1;1;-20,21103694;-42,6602494;"SPRF-MG";"DEL03-MG";"UOP03-DEL03-MG"
775472;2026-05-31;"domingo";"18:35:00";"PE";101;43,4;"IGARASSU";"Trafegar com motocicleta (ou similar) entre as faixas";"Colisão lateral mesmo sentido";"Com Vítimas Feridas";"Plena Noite";"Crescente";"Céu Claro";"Múltipla";"Reta";"Sim";2;0;1;0;1;0;1;2;-7,8501621;-34,9093621;"SPRF-PE";"DEL01-PE";"UOP02-DEL01-PE"
775474;2026-05-31;"domingo";"18:00:00";"SP";116;50,8;"LORENA";"Demais falhas mecânicas ou elétricas";"Queda de ocupante de veículo";"Com Vítimas Feridas";"Anoitecer";"Decrescente";"Céu Claro";"Dupla";"Declive;Reta";"Não";2;0;2;0;0;0;2;1;-22,73828253;-45,08728726;"SPRF-SP";"DEL08-SP";"UOP02-DEL08-SP"
775475;2026-05-31;"domingo";"16:05:00";"SC";101;137,5;"BALNEARIO CAMBORIU";"Condutor deixou de manter distância do veículo da frente";"Colisão traseira";"Com Vítimas Feridas";"Pleno dia";"Decrescente";"Nublado";"Múltipla";"Aclive;Reta";"Sim";3;0;1;0;2;0;1;2;-27,01861;-48,61016;"SPRF-SC";"DEL04-SC";"UOP03-DEL04-SC"
775476;2026-05-31;"domingo";"15:15:00";"CE";116;544,1;"PENAFORTE";"Manobra de mudança de faixa";"Colisão frontal";"Com Vítimas Fatais";"Pleno dia";"Decrescente";"Céu Claro";"Simples";"Reta";"Não";2;1;1;0;0;0;1;2;-7,823377;-39,087703;"SPRF-CE";"DEL05-CE";"UOP03-DEL05-CE"
775477;2026-05-31;"domingo";"19:00:00";"ES";262;17;"VIANA";"Acesso irregular";"Colisão transversal";"Com Vítimas Feridas";"Plena Noite";"Crescente";"Céu Claro";"Simples";"Reta";"Sim";3;0;1;0;2;0;1;2;-20,386603;-40,473321;"SPRF-ES";"DEL01-ES";"UOP01-DEL01-ES"
775478;2026-05-31;"domingo";"16:50:00";"GO";60;298;"ACREUNA";"Ingestão de álcool pelo condutor";"Saída de leito carroçável";"Sem Vítimas";"Pleno dia";"Crescente";"Céu Claro";"Dupla";"Reta";"Não";2;0;0;0;2;0;0;1;-17,364125;-50,335438;"SPRF-GO";"DEL04-GO";"UOP02-DEL04-GO"
775479;2026-05-31;"domingo";"18:36:00";"GO";60;30,5;"ALEXANIA";"Ausência de reação do condutor";"Colisão traseira";"Com Vítimas Feridas";"Plena Noite";"Crescente";"Céu Claro";"Dupla";"Reta";"Sim";3;0;1;0;2;0;1;2;-16,093977;-48,49017;"SPRF-DF";"DEL03-DF";"UOP01-DEL03-DF"
775481;2026-05-31;"domingo";"18:00:00";"AL";316;248;"ATALAIA";"Transitar no Acostamento";"Queda de ocupante de veículo";"Com Vítimas Feridas";"Plena Noite";"Decrescente";"Céu Claro";"Simples";"Reta";"Não";1;0;0;1;0;0;1;1;-9,52926965;-35,99308714;"SPRF-AL";"DEL01-AL";"UOP01-DEL01-AL"
775482;2026-05-31;"domingo";"18:40:00";"PR";487;174,2;"CAMPO MOURAO";"Ingestão de álcool pelo condutor";"Colisão traseira";"Com Vítimas Feridas";"Anoitecer";"Crescente";"Céu Claro";"Simples";"Aclive;Reta";"Não";4;0;1;0;3;0;1;2;-24,03409;-52,419491;"SPRF-PR";"DEL09-PR";"UOP03-DEL09-PR"
775484;2026-05-31;"domingo";"16:50:00";"SC";163;66;"SAO MIGUEL DO OESTE";"Acessar a via sem observar a presença dos outros veículos";"Colisão transversal";"Com Vítimas Feridas";"Pleno dia";"Crescente";"Céu Claro";"Simples";"Rotatória";"Sim";2;0;1;0;0;1;1;2;-26,76101558;-53,50062847;"SPRF-SC";"DEL07-SC";"UOP03-DEL07-SC"
775488;2026-05-31;"domingo";"17:20:00";"MG";40;249;"SAO GONCALO DO ABAETE";"Condutor deixou de manter distância do veículo da frente";"Colisão traseira";"Com Vítimas Feridas";"Anoitecer";"Crescente";"Céu Claro";"Simples";"Reta;Declive";"Não";5;0;2;0;2;1;2;3;-18,1182861;-45,4480247;"SPRF-MG";"DEL14-MG";"UOP02-DEL14-MG"
775489;2026-05-31;"domingo";"20:00:00";"SC";282;3;"FLORIANOPOLIS";"Manobra de mudança de faixa";"Colisão lateral mesmo sentido";"Com Vítimas Feridas";"Plena Noite";"Decrescente";"Céu Claro";"Múltipla";"Reta";"Sim";2;0;1;0;1;0;1;2;-27,6025428;-48,59527171;"SPRF-SC";"DEL01-SC";"UOP01-DEL01-SC"
775491;2026-05-31;"domingo";"18:20:00";"SP";116;460;"PARIQUERA-ACU";"Pedestre andava na pista";"Atropelamento de Pedestre";"Com Vítimas Feridas";"Plena Noite";"Crescente";"Nublado";"Dupla";"Reta";"Não";2;0;1;0;0;1;1;2;-24,618235;-47,891257;"SPRF-SP";"DEL05-SP";"UOP01-DEL05-SP"
775492;2026-05-31;"domingo";"18:00:00";"BA";324;352;"CAPIM GROSSO";"Acessar a via sem observar a presença dos outros veículos";"Colisão frontal";"Com Vítimas Feridas";"Plena Noite";"Crescente";"Céu Claro";"Simples";"Reta";"Não";3;0;2;0;1;0;2;2;-11,37233;-40,03212;"SPRF-BA";"DEL04-BA";"UOP02-DEL04-BA"
775497;2026-05-31;"domingo";"19:45:00";"RJ";101;573;"PARATY";"Ultrapassagem Indevida";"Colisão lateral sentido oposto";"Com Vítimas Feridas";"Plena Noite";"Crescente";"Nublado";"Simples";"Reta";"Não";3;0;0;2;1;0;2;3;-23,20996442;-44,73333168;"SPRF-RJ";"DEL03-RJ";"UOP04-DEL03-RJ"
775498;2026-05-31;"domingo";"20:20:00";"ES";101;2;"SERRA";"Ausência de reação do condutor";"Tombamento";"Com Vítimas Feridas";"Plena Noite";"Crescente";"Céu Claro";"Dupla";"Reta";"Não";2;0;2;0;0;0;2;1;-20,07846;-40,366333;"SPRF-ES";"DEL02-ES";"UOP01-DEL02-ES"
775499;2026-05-31;"domingo";"20:31:00";"SC";282;218;"LAGES";"Transitar na contramão";"Colisão traseira";"Sem Vítimas";"Plena Noite";"Decrescente";"Céu Claro";"Simples";"Declive;Reta";"Sim";3;0;0;0;3;0;0;2;-27,79769492;-50,30989408;"SPRF-SC";"DEL05-SC";"UOP01-DEL05-SC"
775500;2026-05-31;"domingo";"19:15:00";"SP";116;66,9;"GUARATINGUETA";"Demais falhas mecânicas ou elétricas";"Colisão traseira";"Sem Vítimas";"Plena Noite";"Decrescente";"Nublado";"Dupla";"Reta";"Não";2;0;0;0;2;0;0;2;-22,82875314;-45,20914642;"SPRF-SP";"DEL08-SP";"UOP01-DEL08-SP"
775503;2026-05-31;"domingo";"19:15:00";"RS";472;138,7;"TRES DE MAIO";"Transitar na contramão";"Colisão lateral sentido oposto";"Sem Vítimas";"Plena Noite";"Crescente";"Céu Claro";"Simples";"Reta";"Não";3;0;0;0;2;1;0;2;-27,7742878;-54,3037293;"SPRF-RS";"DEL10-RS";"UOP01-DEL10-RS"
775504;2026-05-31;"domingo";"20:20:00";"SC";280;239;"CANOINHAS";"Mal súbito do condutor";"Tombamento";"Com Vítimas Feridas";"Plena Noite";"Decrescente";"Céu Claro";"Simples";"Declive;Reta";"Não";1;0;1;0;0;0;1;1;-26,19673691;-50,42984176;"SPRF-SC";"DEL06-SC";"UOP04-DEL06-SC"
775505;2026-05-31;"domingo";"20:00:00";"CE";20;304,2;"CANINDE";"Deixar de acionar o farol da motocicleta (ou similar)";"Colisão traseira";"Com Vítimas Feridas";"Plena Noite";"Crescente";"Céu Claro";"Simples";"Reta";"Sim";2;0;1;0;1;0;1;2;-4,380312;-39,309855;"SPRF-CE";"DEL02-CE";"UOP01-DEL02-CE"
775506;2026-05-31;"domingo";"17:50:00";"SC";470;68;"INDAIAL";"Ausência de reação do condutor";"Colisão traseira";"Com Vítimas Feridas";"Anoitecer";"Decrescente";"Céu Claro";"Dupla";"Reta";"Não";2;0;1;0;1;0;1;2;-26,87732483;-49,23860757;"SPRF-SC";"DEL04-SC";"UOP01-DEL04-SC"
775507;2026-05-31;"domingo";"14:50:00";"RJ";116;146;"DUQUE DE CAXIAS";"Objeto estático sobre o leito carroçável";"Queda de ocupante de veículo";"Com Vítimas Feridas";"Pleno dia";"Crescente";"Céu Claro";"Dupla";"Reta";"Sim";1;0;1;0;0;0;1;1;-22,64742278;-43,25966836;"SPRF-RJ";"DEL01-RJ";"UOP02-DEL01-RJ"
775508;2026-05-31;"domingo";"19:10:00";"SP";116;133,4;"CACAPAVA";"Ausência de reação do condutor";"Tombamento";"Com Vítimas Feridas";"Plena Noite";"Crescente";"Céu Claro";"Dupla";"Reta";"Não";2;0;0;1;0;1;1;2;-23,13290091;-45,74696922;"SPRF-SP";"DEL02-SP";"UOP02-DEL02-SP"
775509;2026-05-31;"domingo";"20:35:00";"MG";40;471,7;"SETE LAGOAS";"Reação tardia ou ineficiente do condutor";"Queda de ocupante de veículo";"Com Vítimas Feridas";"Plena Noite";"Decrescente";"Céu Claro";"Dupla";"Reta;Aclive";"Sim";2;0;1;0;1;0;1;1;-19,47848766;-44,28706884;"SPRF-MG";"DEL02-MG";"UOP01-DEL02-MG"
775510;2026-05-31;"domingo";"18:50:00";"RJ";116;207;"QUEIMADOS";"Ausência de reação do condutor";"Colisão com objeto";"Com Vítimas Feridas";"Plena Noite";"Crescente";"Nublado";"Dupla";"Em Obras;Reta";"Não";5;0;4;1;0;0;5;1;-22,72923921;-43,63003341;"SPRF-RJ";"DEL06-RJ";"UOP02-DEL06-RJ"
775511;2026-05-31;"domingo";"19:03:00";"RJ";116;207;"SEROPEDICA";"Pista Escorregadia";"Tombamento";"Com Vítimas Feridas";"Plena Noite";"Crescente";"Céu Claro";"Dupla";"Reta;Em Obras";"Não";2;0;1;0;1;0;1;1;-22,72213937;-43,67601871;"SPRF-RJ";"DEL06-RJ";"UOP02-DEL06-RJ"
775512;2026-05-31;"domingo";"16:15:00";"RJ";40;119;"DUQUE DE CAXIAS";"Entrada inopinada do pedestre";"Atropelamento de Pedestre";"Com Vítimas Feridas";"Pleno dia";"Crescente";"Nublado";"Múltipla";"Reta";"Sim";3;0;1;0;1;1;1;2;-22,77705055;-43,28614305;"SPRF-RJ";"DEL01-RJ";"UOP02-DEL01-RJ"
775513;2026-05-31;"domingo";"18:30:00";"MS";463;2;"DOURADOS";"Velocidade Incompatível";"Tombamento";"Com Vítimas Feridas";"Plena Noite";"Decrescente";"Céu Claro";"Dupla";"Reta";"Sim";1;0;1;0;0;0;1;1;-22,26741824;-54,99707429;"SPRF-MS";"DEL04-MS";"UOP01-DEL04-MS"
775514;2026-05-31;"domingo";"18:30:00";"PE";232;218,9;"PESQUEIRA";"Ausência de reação do condutor";"Saída de leito carroçável";"Sem Vítimas";"Plena Noite";"Decrescente";"Céu Claro";"Simples";"Reta";"Não";1;0;0;0;0;1;0;1;-8,38217727;-36,73462121;"SPRF-PE";"DEL03-PE";"UOP02-DEL03-PE"
775515;2026-05-31;"domingo";"18:40:00";"PR";369;379,9;"MAMBORE";"Reação tardia ou ineficiente do condutor";"Saída de leito carroçável";"Com Vítimas Feridas";"Anoitecer";"Crescente";"Céu Claro";"Simples";"Curva;Interseção de Vias";"Não";2;0;1;0;1;0;1;1;-24,28708776;-52,57308743;"SPRF-PR";"DEL04-PR";"UOP03-DEL04-PR"
775517;2026-05-31;"domingo";"20:30:00";"MG";116;415,7;"GOVERNADOR VALADARES";"Conversão proibida";"Colisão transversal";"Com Vítimas Feridas";"Plena Noite";"Crescente";"Nublado";"Simples";"Reta";"Sim";3;0;2;0;1;0;2;2;-18,89606512;-41,94787262;"SPRF-MG";"DEL06-MG";"UOP01-DEL06-MG"
775519;2026-05-31;"domingo";"19:30:00";"PE";423;80,2;"JUCATI";"Demais falhas mecânicas ou elétricas";"Incêndio";"Sem Vítimas";"Plena Noite";"Crescente";"Nublado";"Simples";"Reta";"Não";1;0;0;0;1;0;0;1;-8,768118;-36,428227;"SPRF-PE";"DEL03-PE";"UOP01-DEL03-PE"
775520;2026-05-31;"domingo";"19:10:00";"DF";251;42;"BRASILIA";"Velocidade Incompatível";"Colisão frontal";"Com Vítimas Fatais";"Plena Noite";"Decrescente";"Céu Claro";"Simples";"Rotatória";"Não";5;2;1;1;1;0;2;2;-15,93818508;-47,82575933;"SPRF-DF";"DEL01-DF";"UOP01-DEL01-DF"
775522;2026-05-31;"domingo";"20:40:00";"ES";262;166;"IBATIBA";"Afundamento ou ondulação no pavimento";"Saída de leito carroçável";"Com Vítimas Feridas";"Plena Noite";"Crescente";"Nublado";"Simples";"Reta";"Não";2;0;2;0;0;0;2;1;-20,26113116;-41,57533916;"SPRF-ES";"DEL01-ES";"UOP02-DEL01-ES"
775524;2026-05-31;"domingo";"20:15:00";"PR";467;109,4;"CASCAVEL";"Desrespeitar a preferência no cruzamento";"Colisão transversal";"Com Vítimas Feridas";"Plena Noite";"Crescente";"Céu Claro";"Dupla";"Aclive;Curva";"Sim";4;0;3;0;1;0;3;2;-24,92491759;-53,46607659;"SPRF-PR";"DEL04-PR";"UOP01-DEL04-PR"
775525;2026-05-31;"domingo";"20:50:00";"MG";365;627;"UBERLANDIA";"Ausência de reação do condutor";"Colisão traseira";"Com Vítimas Feridas";"Pleno dia";"Crescente";"Nublado";"Dupla";"Aclive;Reta";"Sim";2;0;1;0;1;0;1;2;-18,904228;-48,34138;"SPRF-MG";"DEL15-MG";"UOP01-DEL15-MG"
775526;2026-05-31;"domingo";"16:00:00";"PI";222;180;"SAO JOAO DO ARRAIAL";"Ingestão de álcool pelo condutor";"Saída de leito carroçável";"Com Vítimas Fatais";"Pleno dia";"Decrescente";"Céu Claro";"Simples";"Curva";"Não";1;1;0;0;0;0;0;1;-3,82656;-42,437355;"SPRF-PI";"DEL02-PI";"UOP01-DEL02-PI"
775527;2026-05-31;"domingo";"17:50:00";"BA";242;319;"ANDARAI";"Demais falhas na via";"Queda de ocupante de veículo";"Com Vítimas Feridas";"Anoitecer";"Crescente";"Ignorado";"Simples";"Reta";"Não";1;0;0;1;0;0;1;1;-12,474527;-41,046663;"SPRF-BA";"DEL06-BA";"UOP02-DEL06-BA"
775528;2026-05-31;"domingo";"21:00:00";"MG";381;496,5;"BETIM";"Pedestre cruzava a pista fora da faixa";"Atropelamento de Pedestre";"Com Vítimas Fatais";"Plena Noite";"Crescente";"Céu Claro";"Múltipla";"Declive;Curva";"Sim";2;1;0;0;0;1;0;2;-19,9759771;-44,19889776;"SPRF-MG";"DEL01-MG";"UOP03-DEL01-MG"
775529;2026-05-31;"domingo";"21:50:00";"CE";222;23;"CAUCAIA";"Reação tardia ou ineficiente do condutor";"Queda de ocupante de veículo";"Com Vítimas Feridas";"Plena Noite";"Crescente";"Céu Claro";"Dupla";"Reta";"Sim";1;0;1;0;0;0;1;1;-3,73143329;-38,7625521;"SPRF-CE";"DEL01-CE";"UOP01-DEL01-CE"
775530;2026-05-31;"domingo";"19:45:00";"GO";70;165,9;"JARAGUA";"Velocidade Incompatível";"Colisão traseira";"Com Vítimas Feridas";"Plena Noite";"Crescente";"Ignorado";"Simples";"Reta;Declive";"Não";2;0;1;0;0;1;1;2;-15,914128;-49,589592;"SPRF-GO";"DEL02-GO";"UOP02-DEL02-GO"
775531;2026-05-31;"domingo";"17:10:00";"MG";262;520,4;"LUZ";"Velocidade Incompatível";"Saída de leito carroçável";"Com Vítimas Fatais";"Anoitecer";"Crescente";"Céu Claro";"Simples";"Reta";"Não";4;2;2;0;0;0;2;1;-19,78236271;-45,72621346;"SPRF-MG";"DEL08-MG";"UOP03-DEL08-MG"
775532;2026-05-31;"domingo";"21:20:00";"ES";259;56,5;"COLATINA";"Condutor deixou de manter distância do veículo da frente";"Colisão traseira";"Com Vítimas Feridas";"Plena Noite";"Crescente";"Céu Claro";"Simples";"Reta";"Sim";2;0;1;0;0;1;1;2;-19,517119;-40,66313;"SPRF-ES";"DEL02-ES";"UOP01-DEL02-ES"
775533;2026-05-31;"domingo";"19:40:00";"PA";230;4;"ALTAMIRA";"Ingestão de álcool pelo condutor";"Colisão transversal";"Sem Vítimas";"Plena Noite";"Crescente";"Céu Claro";"Simples";"Reta";"Sim";4;0;0;0;4;0;0;3;-3,18940068;-52,20888138;"SPRF-PA";"DEL04-PA";"UOP01-DEL04-PA"
775534;2026-05-31;"domingo";"19:30:00";"SC";153;59,2;"IRANI";"Transitar na contramão";"Colisão lateral sentido oposto";"Sem Vítimas";"Plena Noite";"Decrescente";"Céu Claro";"Simples";"Reta";"Não";2;0;0;0;2;0;0;2;-26,97126709;-51,8570137;"SPRF-SC";"DEL07-SC";"UOP04-DEL07-SC"
775535;2026-05-31;"domingo";"22:45:00";"RJ";101;321;"NITEROI";"Acessar a via sem observar a presença dos outros veículos";"Colisão lateral mesmo sentido";"Com Vítimas Feridas";"Plena Noite";"Decrescente";"Céu Claro";"Múltipla";"Aclive;Reta";"Sim";2;0;1;0;1;0;1;2;-22,874768;-43,109987;"SPRF-RJ";"DEL02-RJ";"UOP01-DEL02-RJ"
775536;2026-05-31;"domingo";"22:25:00";"MG";381;584;"CARMOPOLIS DE MINAS";"Restrição de visibilidade em curvas horizontais";"Colisão com objeto";"Sem Vítimas";"Plena Noite";"Decrescente";"Céu Claro";"Dupla";"Curva";"Não";4;0;0;0;4;0;0;2;-20,50678208;-44,610672;"SPRF-MG";"DEL04-MG";"UOP01-DEL04-MG"
775537;2026-05-31;"domingo";"21:00:00";"RO";364;426;"JARU";"Acessar a via sem observar a presença dos outros veículos";"Colisão transversal";"Com Vítimas Feridas";"Plena Noite";"Crescente";"Céu Claro";"Múltipla";"Reta";"Sim";2;0;1;0;1;0;1;2;-10,43210979;-62,47998683;"SPRF-RO";"DEL03-RO";"UOP02-DEL03-RO"
775538;2026-05-31;"domingo";"22:15:00";"RJ";40;86;"PETROPOLIS";"Reação tardia ou ineficiente do condutor";"Tombamento";"Com Vítimas Feridas";"Plena Noite";"Crescente";"Garoa/Chuvisco";"Dupla";"Curva;Declive";"Não";2;0;0;2;0;0;2;1;-22,53858932;-43,23302402;"SPRF-RJ";"DEL01-RJ";"UOP01-DEL01-RJ"
775540;2026-05-31;"domingo";"22:30:00";"PR";376;166,7;"MARINGA";"Ingestão de álcool pelo condutor";"Saída de leito carroçável";"Com Vítimas Feridas";"Plena Noite";"Decrescente";"Céu Claro";"Dupla";"Reta";"Não";2;0;2;0;0;0;2;1;-23,38819168;-52,01938927;"SPRF-PR";"DEL09-PR";"UOP01-DEL09-PR"
775541;2026-05-31;"domingo";"22:30:00";"PR";277;117,3;"CAMPO LARGO";"Ingestão de álcool pelo condutor";"Saída de leito carroçável";"Com Vítimas Feridas";"Plena Noite";"Crescente";"Céu Claro";"Dupla";"Reta";"Sim";1;0;0;1;0;0;1;1;-25,443043;-49,455076;"SPRF-PR";"DEL01-PR";"UOP07-DEL01-PR"
775545;2026-05-31;"domingo";"23:30:00";"ES";262;18;"VIANA";"Reação tardia ou ineficiente do condutor";"Colisão traseira";"Sem Vítimas";"Plena Noite";"Decrescente";"Céu Claro";"Simples";"Reta";"Não";2;0;0;0;2;0;0;2;-20,39052501;-40,47971673;"SPRF-ES";"DEL01-ES";"UOP01-DEL01-ES"
775546;2026-05-31;"domingo";"23:00:00";"SC";470;244;"CURITIBANOS";"Reação tardia ou ineficiente do condutor";"Colisão lateral mesmo sentido";"Com Vítimas Feridas";"Plena Noite";"Crescente";"Céu Claro";"Simples";"Curva";"Não";4;0;1;0;3;0;1;2;-27,31646767;-50,52457263;"SPRF-SC";"DEL05-SC";"UOP03-DEL05-SC"
775547;2026-05-31;"domingo";"19:30:00";"PE";101;109,4;"CABO DE SANTO AGOSTINHO";"Velocidade Incompatível";"Colisão com objeto";"Com Vítimas Feridas";"Plena Noite";"Crescente";"Céu Claro";"Dupla";"Curva";"Não";4;0;4;0;0;0;4;1;-8,3121;-35,10081;"SPRF-PE";"DEL01-PE";"UOP03-DEL01-PE"
775549;2026-06-01;"segunda-feira";"00:15:00";"MG";459;69,3;"SENADOR JOSE BENTO";"Transitar na contramão";"Colisão frontal";"Com Vítimas Feridas";"Plena Noite";"Crescente";"Céu Claro";"Simples";"Curva;Declive";"Não";2;0;0;1;1;0;1;2;-22,13393382;-46,17565942;"SPRF-MG";"DEL09-MG";"UOP01-DEL09-MG"
775550;2026-06-01;"segunda-feira";"00:15:00";"RS";116;303;"GUAIBA";"Objeto estático sobre o leito carroçável";"Colisão traseira";"Sem Vítimas";"Plena Noite";"Decrescente";"Céu Claro";"Múltipla";"Reta";"Não";2;0;0;0;1;1;0;2;-30,150587;-51,3671233;"SPRF-RS";"DEL02-RS";"UOP01-DEL02-RS"
775551;2026-05-31;"domingo";"23:40:00";"RJ";116;322,1;"ITATIAIA";"Entrada inopinada do pedestre";"Atropelamento de Pedestre";"Com Vítimas Fatais";"Plena Noite";"Decrescente";"Céu Claro";"Dupla";"Reta";"Não";2;1;0;0;1;0;0;2;-22,484867;-44,546105;"SPRF-RJ";"DEL07-RJ";"UOP02-DEL07-RJ"
775553;2026-06-01;"segunda-feira";"01:55:00";"BA";101;492;"ITAJUIPE";"Ingestão de álcool pelo condutor";"Saída de leito carroçável";"Com Vítimas Feridas";"Plena Noite";"Crescente";"Céu Claro";"Simples";"Curva";"Não";2;0;2;0;0;0;2;1;-14,712898;-39,360048;"SPRF-BA";"DEL05-BA";"UOP01-DEL05-BA"
775555;2026-06-01;"segunda-feira";"01:00:00";"RJ";116;0,8;"TERESOPOLIS";"Velocidade Incompatível";"Colisão com objeto";"Com Vítimas Feridas";"Plena Noite";"Decrescente";"Nublado";"Simples";"Reta";"Sim";2;0;1;0;1;0;1;1;-22,454653;-42,983723;"SPRF-RJ";"DEL04-RJ";"UOP01-DEL04-RJ"
775556;2026-06-01;"segunda-feira";"04:30:00";"BA";116;15,5;"VITORIA DA CONQUISTA";"Condutor deixou de manter distância do veículo da frente";"Colisão traseira";"Com Vítimas Feridas";"Amanhecer";"Decrescente";"Nevoeiro/Neblina";"Simples";"Reta";"Sim";2;0;1;0;1;0;1;2;-14,89671932;-40,85987971;"SPRF-BA";"DEL08-BA";"UOP01-DEL08-BA"
775557;2026-06-01;"segunda-feira";"03:10:00";"PI";230;195;"OEIRAS";"Ausência de reação do condutor";"Colisão com objeto";"Com Vítimas Feridas";"Plena Noite";"Crescente";"Céu Claro";"Simples";"Curva";"Sim";1;0;1;0;0;0;1;1;-6,999657;-42,11371;"SPRF-PI";"DEL04-PI";"UOP01-DEL04-PI"
775559;2026-06-01;"segunda-feira";"01:47:00";"PI";316;369;"VILA NOVA DO PIAUI";"Ingestão de álcool pelo condutor";"Colisão traseira";"Com Vítimas Feridas";"Plena Noite";"Crescente";"Céu Claro";"Simples";"Reta";"Sim";6;0;1;0;5;0;1;2;-7,14287474;-40,94146282;"SPRF-PI";"DEL04-PI";"UOP03-DEL04-PI"
775561;2026-06-01;"segunda-feira";"04:30:00";"MT";174;263;"JAURU";"Animais na Pista";"Saída de leito carroçável";"Com Vítimas Feridas";"Plena Noite";"Decrescente";"Céu Claro";"Simples";"Aclive;Reta";"Não";4;0;2;2;0;0;4;1;-15,490013;-59,037674;"SPRF-MT";"DEL04-MT";"UOP01-DEL04-MT"
775562;2026-06-01;"segunda-feira";"02:07:00";"RJ";101;54,8;"CAMPOS DOS GOYTACAZES";"Ausência de reação do condutor";"Colisão frontal";"Com Vítimas Feridas";"Plena Noite";"Crescente";"Céu Claro";"Simples";"Reta";"Sim";3;0;3;0;0;0;3;2;-21,67131574;-41,31110567;"SPRF-RJ";"DEL08-RJ";"UOP01-DEL08-RJ"
775563;2026-05-31;"domingo";"21:35:00";"RN";226;235,9;"PATU";"Animais na Pista";"Atropelamento de Animal";"Sem Vítimas";"Plena Noite";"Decrescente";"Nublado";"Simples";"Reta";"Não";1;0;0;0;1;0;0;1;-6,095583;-37,620639;"SPRF-RN";"DEL03-RN";"UOP01-DEL03-RN"
775565;2026-06-01;"segunda-feira";"05:39:00";"TO";230;1;"AGUIARNOPOLIS";"Manobra de mudança de faixa";"Colisão lateral sentido oposto";"Com Vítimas Feridas";"Amanhecer";"Crescente";"Céu Claro";"Simples";"Reta";"Sim";3;0;0;1;2;0;1;2;-6,5617;-47,4732;"SPRF-TO";"DEL02-TO";"UOP03-DEL02-TO"
775568;2026-06-01;"segunda-feira";"05:40:00";"PI";316;7;"TERESINA";"Reação tardia ou ineficiente do condutor";"Colisão com objeto";"Com Vítimas Fatais";"Amanhecer";"Decrescente";"Céu Claro";"Múltipla";"Reta";"Sim";2;1;0;1;0;0;1;1;-5,1554867;-42,7713901;"SPRF-PI";"DEL01-PI";"UOP02-DEL01-PI"
775569;2026-06-01;"segunda-feira";"06:09:00";"PR";369;136;"IBIPORA";"Desrespeitar a preferência no cruzamento";"Colisão transversal";"Com Vítimas Feridas";"Amanhecer";"Crescente";"Céu Claro";"Simples";"Reta;Declive";"Sim";2;0;0;1;1;0;1;2;-23,2673244;-51,03835909;"SPRF-PR";"DEL07-PR";"UOP01-DEL07-PR"
775572;2026-06-01;"segunda-feira";"07:00:00";"RJ";101;307;"SAO GONCALO";"Acessar a via sem observar a presença dos outros veículos";"Colisão lateral mesmo sentido";"Com Vítimas Feridas";"Pleno dia";"Crescente";"Céu Claro";"Dupla";"Reta";"Não";2;0;1;0;1;0;1;2;-22,7928644;-43,0248473;"SPRF-RJ";"DEL02-RJ";"UOP02-DEL02-RJ"
775573;2026-06-01;"segunda-feira";"06:50:00";"MG";381;501;"BETIM";"Reação tardia ou ineficiente do condutor";"Colisão traseira";"Com Vítimas Feridas";"Pleno dia";"Decrescente";"Céu Claro";"Dupla";"Reta";"Não";4;0;1;0;2;1;1;3;-20,01197305;-44,21977457;"SPRF-MG";"DEL01-MG";"UOP03-DEL01-MG"