"id";"data_inversa";"dia_semana";"horario";"uf";"br";"km";"municipio";"causa_acidente";"tipo_acidente";"classificacao_acidente";"fase_dia";"sentido_via";"condicao_metereologica";"tipo_pista";"tracado_via";"uso_solo";"pessoas";"mortos";"feridos_leves";"feridos_graves";"ilesos";"ignorados";"feridos";"veiculos";"latitude";"longitude";"regional";"delegacia";"uop"
775684;2026-06-01;"segunda-feira";"15:55:00";"RO";364;63;"VILHENA";"Avarias e/ou desgaste excessivo no pneu";"Tombamento";"Com Vítimas Feridas";"Pleno dia";"Crescente";"Céu Claro";"Dupla";"Declive;Reta";"Sim";2;0;2;0;0;0;2;1;-12,504771;-60,467909;"SPRF-RO";"DEL04-RO";"UOP01-DEL04-RO"
775687;2026-06-01;"segunda-feira";"15:50:00";"RO";364;538;"RIO CRESPO";"Transitar na contramão";"Colisão lateral sentido oposto";"Com Vítimas Feridas";"Pleno dia";"Decrescente";"Céu Claro";"Simples";"Reta;Em Obras";"Não";4;0;0;1;3;0;1;2;-9,735429;-63,111355;"SPRF-RO";"DEL03-RO";"UOP01-DEL03-RO"
775688;2026-06-01;"segunda-feira";"17:45:00";"PR";163;36;"SANTO ANTONIO DO SUDOESTE";"Conversão proibida";"Colisão transversal";"Com Vítimas Feridas";"Anoitecer";"Decrescente";"Céu Claro";"Simples";"Aclive;Reta";"Sim";3;0;1;0;2;0;1;2;-26,059308;-53,72283;"SPRF-PR";"DEL02-PR";"UOP02-DEL02-PR"
775689;2026-06-01;"segunda-feira";"16:30:00";"GO";60;25;"ALEXANIA";"Chuva";"Saída de leito carroçável";"Sem Vítimas";"Pleno dia";"Crescente";"Chuva";"Dupla";"Declive";"Não";1;0;0;0;0;1;0;1;-16,108235;-48,44893;"SPRF-DF";"DEL03-DF";"UOP01-DEL03-DF"
775690;2026-06-01;"segunda-feira";"07:15:00";"PR";116;14;"COLOMBO";"Trafegar com motocicleta (ou similar) entre as faixas";"Colisão traseira";"Com Vítimas Feridas";"Pleno dia";"Decrescente";"Nevoeiro/Neblina";"Dupla";"Reta";"Sim";2;0;1;0;0;1;1;2;-25,38151601;-49,16341321;"SPRF-PR";"DEL01-PR";"UOP02-DEL01-PR"
775691;2026-06-01;"segunda-feira";"18:00:00";"PE";101;54;"PAULISTA";"Reação tardia ou ineficiente do condutor";"Tombamento";"Com Vítimas Feridas";"Plena Noite";"Decrescente";"Nublado";"Dupla";"Curva";"Sim";1;0;1;0;0;0;1;1;-7,94584226;-34,90464413;"SPRF-PE";"DEL01-PE";"UOP02-DEL01-PE"
775692;2026-06-01;"segunda-feira";"17:20:00";"MG";116;512,9;"UBAPORANGA";"Acessar a via sem observar a presença dos outros veículos";"Colisão transversal";"Com Vítimas Feridas";"Plena Noite";"Crescente";"Nublado";"Simples";"Interseção de Vias;Reta";"Não";2;0;0;1;1;0;1;2;-19,672166;-42,117061;"SPRF-MG";"DEL06-MG";"UOP02-DEL06-MG"
775693;2026-06-01;"segunda-feira";"18:30:00";"SP";381;35,5;"ATIBAIA";"Acessar a via sem observar a presença dos outros veículos";"Colisão transversal";"Com Vítimas Feridas";"Plena Noite";"Decrescente";"Nublado";"Múltipla";"Interseção de Vias;Reta";"Sim";3;0;1;1;1;0;2;2;-23,08983837;-46,57211781;"SPRF-SP";"DEL03-SP";"UOP02-DEL03-SP"
775695;2026-06-01;"segunda-feira";"17:45:00";"RN";304;42,7;"MOSSORO";"Manobra de mudança de faixa";"Colisão traseira";"Com Vítimas Feridas";"Plena Noite";"Crescente";"Céu Claro";"Dupla";"Retorno Regulamentado";"Não";4;0;2;0;2;0;2;2;-5,214;-37,37;"SPRF-RN";"DEL04-RN";"UOP01-DEL04-RN"
775697;2026-06-01;"segunda-feira";"18:30:00";"PR";369;37,6;"ANDIRA";"Acessar a via sem observar a presença dos outros veículos";"Colisão transversal";"Com Vítimas Feridas";"Anoitecer";"Crescente";"Céu Claro";"Dupla";"Interseção de Vias";"Sim";2;0;0;1;1;0;1;2;-23,05862256;-50,24884408;"SPRF-PR";"DEL07-PR";"UOP05-DEL07-PR"
775698;2026-06-01;"segunda-feira";"17:40:00";"SP";116;61;"GUARATINGUETA";"Condutor deixou de manter distância do veículo da frente";"Tombamento";"Com Vítimas Feridas";"Anoitecer";"Decrescente";"Nublado";"Dupla";"Declive;Reta";"Não";2;0;1;0;0;1;1;2;-22,797585;-45,167445;"SPRF-SP";"DEL08-SP";"UOP01-DEL08-SP"
775699;2026-06-01;"segunda-feira";"18:20:00";"GO";40;11,8;"LUZIANIA";"Acessar a via sem observar a presença dos outros veículos";"Colisão lateral mesmo sentido";"Com Vítimas Feridas";"Plena Noite";"Crescente";"Nublado";"Dupla";"Retorno Regulamentado;Interseção de Vias";"Sim";3;0;1;0;1;1;1;3;-16,14405;-47,946536;"SPRF-DF";"DEL01-DF";"UOP01-DEL01-DF"
775701;2026-06-01;"segunda-feira";"19:00:00";"SC";101;334,2;"TUBARAO";"Transitar na contramão";"Colisão transversal";"Com Vítimas Feridas";"Plena Noite";"Decrescente";"Céu Claro";"Simples";"Reta";"Sim";2;0;2;0;0;0;2;2;-28,47155327;-49,02056543;"SPRF-SC";"DEL02-SC";"UOP01-DEL02-SC"
775704;2026-06-01;"segunda-feira";"18:45:00";"PR";116;94,1;"SAO JOSE DOS PINHAIS";"Manobra de mudança de faixa";"Tombamento";"Com Vítimas Feridas";"Plena Noite";"Decrescente";"Nublado";"Dupla";"Reta;Aclive";"Sim";2;0;1;1;0;0;2;1;-25,521205;-49,135467;"SPRF-PR";"DEL01-PR";"UOP08-DEL01-PR"
775705;2026-06-01;"segunda-feira";"18:30:00";"BA";116;13;"VITORIA DA CONQUISTA";"Ausência de reação do condutor";"Colisão frontal";"Com Vítimas Feridas";"Plena Noite";"Crescente";"Céu Claro";"Simples";"Reta";"Sim";2;0;1;0;1;0;1;2;-14,8813;-40,8709;"SPRF-BA";"DEL08-BA";"UOP01-DEL08-BA"
775706;2026-06-01;"segunda-feira";"19:05:00";"SC";470;59,5;"BLUMENAU";"Acessar a via sem observar a presença dos outros veículos";"Colisão transversal";"Com Vítimas Feridas";"Plena Noite";"Crescente";"Nublado";"Simples";"Curva";"Sim";2;0;1;0;0;1;1;2;-26,88216621;-49,15961802;"SPRF-SC";"DEL04-SC";"UOP01-DEL04-SC"
775707;2026-06-01;"segunda-feira";"17:30:00";"RO";364;427;"JARU";"Desrespeitar a preferência no cruzamento";"Colisão transversal";"Com Vítimas Feridas";"Pleno dia";"Crescente";"Céu Claro";"Simples";"Reta;Interseção de Vias;Rotatória";"Sim";6;0;6;0;0;0;6;2;-10,4265297;-62,4888275;"SPRF-RO";"DEL03-RO";"UOP02-DEL03-RO"
775708;2026-06-01;"segunda-feira";"18:35:00";"GO";153;513;"HIDROLANDIA";"Acessar a via sem observar a presença dos outros veículos";"Atropelamento de Pedestre";"Com Vítimas Fatais";"Plena Noite";"Crescente";"Vento";"Dupla";"Reta";"Não";2;1;0;0;0;1;0;2;-16,86512199;-49,24876404;"SPRF-GO";"DEL01-GO";"UOP03-DEL01-GO"
775711;2026-06-01;"segunda-feira";"18:55:00";"RN";304;43;"MOSSORO";"Transitar na contramão";"Colisão lateral sentido oposto";"Com Vítimas Feridas";"Plena Noite";"Decrescente";"Céu Claro";"Dupla";"Reta;Interseção de Vias";"Não";3;0;1;1;1;0;2;2;-5,217997;-37,365208;"SPRF-RN";"DEL04-RN";"UOP01-DEL04-RN"
775712;2026-06-01;"segunda-feira";"18:45:00";"SP";153;343;"OURINHOS";"Manobra de mudança de faixa";"Colisão lateral mesmo sentido";"Com Vítimas Feridas";"Plena Noite";"Crescente";"Céu Claro";"Dupla";"Curva";"Não";3;0;1;0;1;1;1;3;-22,95657;-49,90689;"SPRF-SP";"DEL07-SP";"UOP03-DEL07-SP"
775713;2026-06-01;"segunda-feira";"18:50:00";"PR";277;587,1;"CASCAVEL";"Ausência de reação do condutor";"Colisão transversal";"Com Vítimas Feridas";"Anoitecer";"Crescente";"Nevoeiro/Neblina";"Simples";"Curva";"Sim";2;0;1;0;1;0;1;2;-24,96407817;-53,40821028;"SPRF-PR";"DEL04-PR";"UOP01-DEL04-PR"
775714;2026-06-01;"segunda-feira";"19:45:00";"RS";285;446,1;"BOZANO";"Transitar na contramão";"Colisão frontal";"Com Vítimas Fatais";"Plena Noite";"Crescente";"Céu Claro";"Simples";"Reta";"Sim";2;1;0;1;0;0;1;2;-28,364609;-53,798564;"SPRF-RS";"DEL10-RS";"UOP01-DEL10-RS"
775715;2026-06-01;"segunda-feira";"18:10:00";"SC";480;129,9;"CHAPECO";"Pedestre cruzava a pista fora da faixa";"Atropelamento de Pedestre";"Com Vítimas Feridas";"Plena Noite";"Crescente";"Céu Claro";"Dupla";"Reta";"Sim";2;0;0;1;1;0;1;2;-27,05482621;-52,6365602;"SPRF-SC";"DEL07-SC";"UOP01-DEL07-SC"
775717;2026-06-01;"segunda-feira";"19:00:00";"BA";324;621;"SALVADOR";"Entrada inopinada do pedestre";"Atropelamento de Pedestre";"Com Vítimas Fatais";"Plena Noite";"Decrescente";"Céu Claro";"Dupla";"Curva";"Sim";3;1;0;0;2;0;0;3;-12,9213637;-38,4679742;"SPRF-BA";"DEL01-BA";"UOP01-DEL01-BA"
775719;2026-06-01;"segunda-feira";"16:15:00";"RJ";40;122;"DUQUE DE CAXIAS";"Trafegar com motocicleta (ou similar) entre as faixas";"Colisão lateral mesmo sentido";"Com Vítimas Feridas";"Anoitecer";"Crescente";"Céu Claro";"Múltipla";"Reta";"Não";2;0;1;0;1;0;1;2;-22,793167;-43,287382;"SPRF-RJ";"DEL01-RJ";"UOP02-DEL01-RJ"
775722;2026-06-01;"segunda-feira";"19:10:00";"PE";232;138,2;"SAO CAITANO";"Acessar a via sem observar a presença dos outros veículos";"Colisão transversal";"Com Vítimas Feridas";"Plena Noite";"Decrescente";"Céu Claro";"Dupla";"Aclive;Reta";"Não";3;0;0;1;2;0;1;2;-8,319832;-36,06817722;"SPRF-PE";"DEL02-PE";"UOP03-DEL02-PE"
775723;2026-06-01;"segunda-feira";"11:30:00";"SC";101;334;"TUBARAO";"Desrespeitar a preferência no cruzamento";"Colisão transversal";"Com Vítimas Feridas";"Pleno dia";"Crescente";"Chuva";"Dupla";"Reta;Interseção de Vias";"Não";2;0;1;0;1;0;1;2;-28,47624992;-49,02991394;"SPRF-SC";"DEL02-SC";"UOP01-DEL02-SC"
775724;2026-06-01;"segunda-feira";"20:35:00";"SC";280;22,6;"ARAQUARI";"Ultrapassagem Indevida";"Colisão frontal";"Com Vítimas Feridas";"Plena Noite";"Decrescente";"Nublado";"Simples";"Reta";"Sim";2;0;0;2;0;0;2;2;-26,37127;-48,708573;"SPRF-SC";"DEL03-SC";"UOP03-DEL03-SC"
775725;2026-06-01;"segunda-feira";"19:40:00";"RJ";40;78;"PETROPOLIS";"Chuva";"Saída de leito carroçável";"Com Vítimas Feridas";"Plena Noite";"Crescente";"Nevoeiro/Neblina";"Dupla";"Declive;Curva";"Não";1;0;1;0;0;0;1;1;-22,48572459;-43,22709203;"SPRF-RJ";"DEL01-RJ";"UOP01-DEL01-RJ"
775726;2026-06-01;"segunda-feira";"19:10:00";"SC";280;25;"ARAQUARI";"Ausência de reação do condutor";"Colisão traseira";"Com Vítimas Feridas";"Plena Noite";"Decrescente";"Nublado";"Simples";"Em Obras;Reta";"Não";2;0;1;0;1;0;1;2;-26,390238;-48,734807;"SPRF-SC";"DEL03-SC";"UOP03-DEL03-SC"
775727;2026-06-01;"segunda-feira";"19:40:00";"PI";343;341,9;"TERESINA";"Acessar a via sem observar a presença dos outros veículos";"Colisão transversal";"Com Vítimas Feridas";"Plena Noite";"Decrescente";"Céu Claro";"Dupla";"Rotatória";"Sim";3;0;1;1;1;0;2;2;-5,08281;-42,750328;"SPRF-PI";"DEL01-PI";"UOP01-DEL01-PI"
775728;2026-06-01;"segunda-feira";"17:30:00";"RS";101;50,2;"TERRA DE AREIA";"Condutor Dormindo";"Saída de leito carroçável";"Com Vítimas Feridas";"Anoitecer";"Crescente";"Nublado";"Dupla";"Reta";"Não";1;0;1;0;0;0;1;1;-29,612543;-50,089926;"SPRF-RS";"DEL03-RS";"UOP02-DEL03-RS"
775729;2026-06-01;"segunda-feira";"18:05:00";"SC";101;434,5;"SOMBRIO";"Ultrapassagem Indevida";"Colisão lateral mesmo sentido";"Com Vítimas Feridas";"Plena Noite";"Decrescente";"Céu Claro";"Simples";"Reta";"Sim";2;0;1;0;1;0;1;2;-29,1020581;-49,63547945;"SPRF-SC";"DEL02-SC";"UOP02-DEL02-SC"
775731;2026-06-01;"segunda-feira";"21:30:00";"PR";116;65;"CAMPINA GRANDE DO SUL";"Ingestão de álcool pelo condutor";"Colisão transversal";"Sem Vítimas";"Plena Noite";"Crescente";"Céu Claro";"Dupla";"Curva";"Não";3;0;0;0;3;0;0;2;-25,31116545;-49,01495425;"SPRF-PR";"DEL01-PR";"UOP02-DEL01-PR"
775733;2026-06-01;"segunda-feira";"16:30:00";"RJ";40;70,3;"PETROPOLIS";"Reação tardia ou ineficiente do condutor";"Colisão traseira";"Com Vítimas Feridas";"Anoitecer";"Crescente";"Nublado";"Dupla";"Curva";"Não";2;0;1;0;1;0;1;2;-22,451311;-43,203444;"SPRF-RJ";"DEL05-RJ";"UOP02-DEL05-RJ"
775734;2026-06-01;"segunda-feira";"21:20:00";"GO";60;119;"TEREZOPOLIS DE GOIAS";"Ingestão de álcool pelo condutor";"Colisão traseira";"Com Vítimas Feridas";"Plena Noite";"Decrescente";"Ignorado";"Dupla";"Reta";"Sim";2;0;1;0;1;0;1;2;-16,4839801;-49,0920551;"SPRF-GO";"DEL01-GO";"UOP01-DEL01-GO"
775735;2026-06-01;"segunda-feira";"21:40:00";"GO";452;3;"RIO VERDE";"Ausência de reação do condutor";"Colisão com objeto";"Com Vítimas Feridas";"Plena Noite";"Decrescente";"Céu Claro";"Dupla";"Reta";"Não";2;0;0;1;0;1;1;2;-17,80352;-50,87251;"SPRF-GO";"DEL04-GO";"UOP01-DEL04-GO"
775736;2026-06-01;"segunda-feira";"19:00:00";"MG";381;244,3;"IPATINGA";"Acessar a via sem observar a presença dos outros veículos";"Colisão transversal";"Com Vítimas Feridas";"Plena Noite";"Crescente";"Céu Claro";"Simples";"Interseção de Vias";"Sim";2;0;1;0;1;0;1;2;-19,45899434;-42,52540536;"SPRF-MG";"DEL06-MG";"UOP01-DEL06-MG"
775738;2026-06-01;"segunda-feira";"20:25:00";"MA";316;613,3;"TIMON";"Transitar na contramão";"Colisão frontal";"Com Vítimas Feridas";"Plena Noite";"Crescente";"Céu Claro";"Simples";"Declive;Curva";"Não";2;0;1;1;0;0;2;2;-5,0754058;-42,84952283;"SPRF-MA";"DEL03-MA";"UOP02-DEL03-MA"
775742;2026-06-01;"segunda-feira";"18:20:00";"MT";70;383,7;"CAMPO VERDE";"Acessar a via sem observar a presença dos outros veículos";"Colisão transversal";"Com Vítimas Feridas";"Plena Noite";"Crescente";"Céu Claro";"Simples";"Aclive;Reta";"Sim";2;0;0;1;1;0;1;2;-15,54862969;-55,16409159;"SPRF-MT";"DEL05-MT";"UOP02-DEL05-MT"
775743;2026-06-01;"segunda-feira";"20:30:00";"CE";222;32,3;"CAUCAIA";"Reação tardia ou ineficiente do condutor";"Saída de leito carroçável";"Com Vítimas Feridas";"Plena Noite";"Crescente";"Céu Claro";"Dupla";"Reta";"Não";3;0;2;1;0;0;3;1;-3,70669217;-38,84171247;"SPRF-CE";"DEL01-CE";"UOP01-DEL01-CE"
775744;2026-06-01;"segunda-feira";"18:55:00";"MG";50;177;"UBERABA";"Condutor deixou de manter distância do veículo da frente";"Tombamento";"Com Vítimas Feridas";"Plena Noite";"Crescente";"Céu Claro";"Dupla";"Reta";"Sim";2;0;0;1;1;0;1;1;-19,77941096;-47,94669025;"SPRF-MG";"DEL13-MG";"UOP01-DEL13-MG"
775747;2026-06-02;"terça-feira";"00:50:00";"PR";116;116;"CURITIBA";"Reação tardia ou ineficiente do condutor";"Colisão traseira";"Com Vítimas Feridas";"Plena Noite";"Crescente";"Céu Claro";"Dupla";"Reta";"Sim";2;0;2;0;0;0;2;2;-25,5531222;-49,3054222;"SPRF-PR";"DEL01-PR";"UOP03-DEL01-PR"
775748;2026-06-02;"terça-feira";"01:20:00";"PE";101;40;"IGARASSU";"Reação tardia ou ineficiente do condutor";"Colisão traseira";"Sem Vítimas";"Plena Noite";"Crescente";"Céu Claro";"Dupla";"Reta";"Não";1;0;0;0;1;0;0;1;-7,83055501;-34,91413665;"SPRF-PE";"DEL01-PE";"UOP02-DEL01-PE"
775750;2026-06-02;"terça-feira";"01:40:00";"RJ";40;111;"DUQUE DE CAXIAS";"Pista Escorregadia";"Saída de leito carroçável";"Com Vítimas Feridas";"Plena Noite";"Crescente";"Chuva";"Múltipla";"Reta";"Sim";4;0;1;2;0;1;3;2;-22,6955;-43,2888;"SPRF-RJ";"DEL01-RJ";"UOP02-DEL01-RJ"
775753;2026-06-02;"terça-feira";"03:25:00";"PR";277;371,5;"GUARAPUAVA";"Ausência de reação do condutor";"Colisão frontal";"Com Vítimas Feridas";"Plena Noite";"Decrescente";"Nevoeiro/Neblina";"Simples";"Reta";"Não";7;0;6;0;1;0;6;2;-25,422902;-51,665512;"SPRF-PR";"DEL08-PR";"UOP01-DEL08-PR"
775755;2026-06-02;"terça-feira";"05:20:00";"RS";116;251,1;"SAPUCAIA DO SUL";"Manobra de mudança de faixa";"Colisão com objeto";"Com Vítimas Feridas";"Plena Noite";"Crescente";"Céu Claro";"Múltipla";"Reta";"Sim";2;0;0;2;0;0;2;2;-29,79837578;-51,16534749;"SPRF-RS";"DEL01-RS";"UOP02-DEL01-RS"
775756;2026-06-02;"terça-feira";"03:40:00";"MT";163;75;"RONDONOPOLIS";"Animais na Pista";"Atropelamento de Animal";"Com Vítimas Feridas";"Plena Noite";"Crescente";"Céu Claro";"Dupla";"Reta";"Não";3;0;3;0;0;0;3;1;-16,854855;-54,705954;"SPRF-MT";"DEL02-MT";"UOP03-DEL02-MT"
775758;2026-06-02;"terça-feira";"05:00:00";"BA";116;495,1;"SANTA TERESINHA";"Problema com o freio";"Saída de leito carroçável";"Com Vítimas Feridas";"Plena Noite";"Crescente";"Nevoeiro/Neblina";"Simples";"Interseção de Vias";"Não";1;0;1;0;0;0;1;1;-12,59237;-39,5283305;"SPRF-BA";"DEL02-BA";"UOP01-DEL02-BA"
775760;2026-06-02;"terça-feira";"04:38:00";"MT";163;1049;"MATUPA";"Ausência de reação do condutor";"Saída de leito carroçável";"Sem Vítimas";"Amanhecer";"Decrescente";"Ignorado";"Simples";"Reta";"Não";2;0;0;0;0;2;0;1;-10,089546;-54,916676;"SPRF-MT";"DEL06-MT";"UOP03-DEL06-MT"
775761;2026-05-05;"terça-feira";"20:05:00";"GO";50;303;"CUMARI";"Animais na Pista";"Capotamento";"Com Vítimas Feridas";"Plena Noite";"Crescente";"Céu Claro";"Dupla";"Reta";"Não";2;0;1;0;1;0;1;1;-18,36440787;-48,05057019;"SPRF-GO";"DEL06-GO";"UOP01-DEL06-GO"
775764;2026-06-02;"terça-feira";"06:51:00";"TO";10;419;"PORTO NACIONAL";"Reação tardia ou ineficiente do condutor";"Colisão traseira";"Sem Vítimas";"Pleno dia";"Crescente";"Céu Claro";"Simples";"Reta";"Não";5;0;0;0;5;0;0;2;-10,59242;-48,36915;"SPRF-TO";"DEL01-TO";"UOP03-DEL01-TO"
775765;2026-06-02;"terça-feira";"06:20:00";"SC";101;416,2;"ARARANGUA";"Acessar a via sem observar a presença dos outros veículos";"Colisão transversal";"Com Vítimas Feridas";"Amanhecer";"Crescente";"Nevoeiro/Neblina";"Simples";"Reta";"Sim";5;0;1;0;4;0;1;2;-28,97390051;-49,53063369;"SPRF-SC";"DEL02-SC";"UOP02-DEL02-SC"
775766;2026-06-02;"terça-feira";"06:50:00";"BA";116;427,8;"FEIRA DE SANTANA";"Condutor deixou de manter distância do veículo da frente";"Colisão lateral mesmo sentido";"Com Vítimas Feridas";"Pleno dia";"Decrescente";"Nublado";"Dupla";"Reta";"Não";2;0;1;0;1;0;1;2;-12,27298;-38,99441;"SPRF-BA";"DEL02-BA";"UOP01-DEL02-BA"
775769;2026-06-02;"terça-feira";"06:30:00";"PR";376;169;"MARINGA";"Iluminação deficiente";"Atropelamento de Pedestre";"Com Vítimas Fatais";"Amanhecer";"Crescente";"Céu Claro";"Dupla";"Declive";"Não";2;1;0;0;1;0;0;2;-23,403901;-51,995835;"SPRF-PR";"DEL09-PR";"UOP01-DEL09-PR"
775771;2026-03-06;"sexta-feira";"12:20:00";"SE";235;5;"NOSSA SENHORA DO SOCORRO";"Avarias e/ou desgaste excessivo no pneu";"Tombamento";"Com Vítimas Feridas";"Pleno dia";"Decrescente";"Sol";"Dupla";"Aclive";"Não";2;0;2;0;0;0;2;1;-10,9063719;-37,1216806;"SPRF-SE";"DEL01-SE";"UOP01-DEL01-SE"
775772;2026-06-02;"terça-feira";"07:00:00";"MG";40;517;"RIBEIRAO DAS NEVES";"Manobra de mudança de faixa";"Colisão lateral mesmo sentido";"Com Vítimas Feridas";"Pleno dia";"Crescente";"Céu Claro";"Dupla";"Reta";"Sim";2;0;1;0;1;0;1;2;-19,8241;-44,0844;"SPRF-MG";"DEL01-MG";"UOP02-DEL01-MG"
775773;2026-06-02;"terça-feira";"06:50:00";"RS";470;222;"GARIBALDI";"Condutor deixou de manter distância do veículo da frente";"Colisão traseira";"Com Vítimas Feridas";"Pleno dia";"Decrescente";"Nublado";"Dupla";"Interseção de Vias";"Sim";2;0;1;0;1;0;1;2;-29,21990135;-51,51695251;"SPRF-RS";"DEL06-RS";"UOP01-DEL06-RS"
775774;2026-06-02;"terça-feira";"07:15:00";"BA";101;715,6;"EUNAPOLIS";"Condutor deixou de manter distância do veículo da frente";"Colisão traseira";"Com Vítimas Feridas";"Pleno dia";"Decrescente";"Céu Claro";"Simples";"Aclive;Reta";"Sim";3;0;1;0;1;1;1;2;-16,35936;-39,57977;"SPRF-BA";"DEL09-BA";"UOP01-DEL09-BA"
775775;2026-06-02;"terça-feira";"07:30:00";"PR";277;727,7;"FOZ DO IGUACU";"Acumulo de areia ou detritos sobre o pavimento";"Tombamento";"Com Vítimas Feridas";"Pleno dia";"Decrescente";"Céu Claro";"Dupla";"Rotatória;Curva";"Sim";1;0;0;1;0;0;1;1;-25,51087446;-54,55916647;"SPRF-PR";"DEL05-PR";"UOP03-DEL05-PR"
775776;2026-06-02;"terça-feira";"07:00:00";"AL";101;136,5;"SAO MIGUEL DOS CAMPOS";"Acessar a via sem observar a presença dos outros veículos";"Colisão transversal";"Com Vítimas Feridas";"Pleno dia";"Crescente";"Céu Claro";"Dupla";"Retorno Regulamentado;Reta";"Sim";5;0;2;0;3;0;2;2;-9,78354;-36,10626;"SPRF-AL";"DEL02-AL";"UOP01-DEL02-AL"
775778;2026-06-02;"terça-feira";"07:45:00";"SC";101;137,1;"BALNEARIO CAMBORIU";"Manobra de mudança de faixa";"Colisão traseira";"Com Vítimas Feridas";"Pleno dia";"Decrescente";"Nublado";"Dupla";"Reta";"Sim";2;0;1;0;1;0;1;2;-27,01651471;-48,61138022;"SPRF-SC";"DEL04-SC";"UOP03-DEL04-SC"
775780;2026-05-09;"sábado";"23:15:00";"RO";364;714;"PORTO VELHO";"Desrespeitar a preferência no cruzamento";"Colisão transversal";"Com Vítimas Feridas";"Plena Noite";"Crescente";"Céu Claro";"Simples";"Interseção de Vias";"Sim";2;0;1;0;1;0;1;2;-8,77440067;-63,8858521;"SPRF-RO";"DEL01-RO";"UOP01-DEL01-RO"
775781;2026-06-02;"terça-feira";"06:51:00";"TO";10;419;"PORTO NACIONAL";"Ausência de reação do condutor";"Colisão traseira";"Com Vítimas Feridas";"Pleno dia";"Crescente";"Céu Claro";"Simples";"Reta";"Não";3;0;1;0;2;0;1;2;-10,5934074;-48,369406;"SPRF-TO";"DEL01-TO";"UOP03-DEL01-TO"
775782;2026-06-02;"terça-feira";"08:00:00";"RS";386;34,1;"FREDERICO WESTPHALEN";"Acessar a via sem observar a presença dos outros veículos";"Colisão transversal";"Com Vítimas Feridas";"Pleno dia";"Crescente";"Nevoeiro/Neblina";"Simples";"Rotatória";"Sim";2;0;2;0;0;0;2;2;-27,36140072;-53,38986397;"SPRF-RS";"DEL08-RS";"UOP02-DEL08-RS"
775783;2026-06-02;"terça-feira";"08:30:00";"SC";101;208;"SAO JOSE";"Ausência de reação do condutor";"Tombamento";"Com Vítimas Feridas";"Pleno dia";"Decrescente";"Nublado";"Múltipla";"Reta";"Sim";2;0;0;1;1;0;1;2;-27,60679;-48,63579;"SPRF-SC";"DEL01-SC";"UOP01-DEL01-SC"
775786;2026-06-02;"terça-feira";"08:30:00";"SC";101;182,5;"GOVERNADOR CELSO RAMOS";"Ausência de reação do condutor";"Saída de leito carroçável";"Com Vítimas Feridas";"Pleno dia";"Decrescente";"Céu Claro";"Dupla";"Reta";"Sim";1;0;1;0;0;0;1;1;-27,40135446;-48,62934463;"SPRF-SC";"DEL01-SC";"UOP01-DEL01-SC"
775787;2026-05-18;"segunda-feira";"18:30:00";"BA";101;229;"SAPEACU";"Transitar na contramão";"Colisão lateral sentido oposto";"Com Vítimas Fatais";"Plena Noite";"Decrescente";"Céu Claro";"Simples";"Reta;Declive";"Não";9;1;6;1;1;0;7;4;-12,7106809;-39,1714766;"SPRF-BA";"DEL11-BA";"UOP01-DEL11-BA"
775788;2026-06-02;"terça-feira";"06:30:00";"RJ";40;105;"DUQUE DE CAXIAS";"Pista Escorregadia";"Queda de ocupante de veículo";"Com Vítimas Feridas";"Pleno dia";"Decrescente";"Garoa/Chuvisco";"Múltipla";"Retorno Regulamentado";"Sim";1;0;1;0;0;0;1;1;-22,638857;-43,283475;"SPRF-RJ";"DEL01-RJ";"UOP02-DEL01-RJ"
775791;2026-06-02;"terça-feira";"06:50:00";"SC";280;227,5;"TRES BARRAS";"Velocidade Incompatível";"Saída de leito carroçável";"Com Vítimas Feridas";"Pleno dia";"Crescente";"Nublado";"Simples";"Reta";"Não";1;0;0;1;0;0;1;1;-26,18463314;-50,34381866;"SPRF-SC";"DEL06-SC";"UOP04-DEL06-SC"
775792;2026-06-02;"terça-feira";"07:50:00";"PR";476;116;"COLOMBO";"Desrespeitar a preferência no cruzamento";"Colisão transversal";"Com Vítimas Feridas";"Pleno dia";"Crescente";"Céu Claro";"Dupla";"Rotatória";"Sim";2;0;1;0;1;0;1;2;-25,34811;-49,16266;"SPRF-PR";"DEL01-PR";"UOP01-DEL01-PR"
775794;2026-06-02;"terça-feira";"07:50:00";"RS";290;709,7;"URUGUAIANA";"Desrespeitar a preferência no cruzamento";"Colisão transversal";"Com Vítimas Feridas";"Pleno dia";"Decrescente";"Sol";"Simples";"Reta";"Não";2;0;1;0;1;0;1;2;-29,828909;-56,97669;"SPRF-RS";"DEL13-RS";"UOP01-DEL13-RS"
775795;2026-06-02;"terça-feira";"06:30:00";"BA";324;608;"SIMOES FILHO";"Manobra de mudança de faixa";"Saída de leito carroçável";"Com Vítimas Feridas";"Pleno dia";"Crescente";"Céu Claro";"Dupla";"Reta";"Não";1;0;1;0;0;0;1;1;-12,81578;-38,406192;"SPRF-BA";"DEL01-BA";"UOP01-DEL01-BA"