"id";"data_inversa";"dia_semana";"horario";"uf";"br";"km";"municipio";"causa_acidente";"tipo_acidente";"classificacao_acidente";"fase_dia";"sentido_via";"condicao_metereologica";"tipo_pista";"tracado_via";"uso_solo";"pessoas";"mortos";"feridos_leves";"feridos_graves";"ilesos";"ignorados";"feridos";"veiculos";"latitude";"longitude";"regional";"delegacia";"uop"
775799;2026-06-02;"terça-feira";"09:15:00";"SC";280;127,3;"RIO NEGRINHO";"Reação tardia ou ineficiente do condutor";"Colisão traseira";"Com Vítimas Feridas";"Pleno dia";"Decrescente";"Nublado";"Simples";"Curva";"Não";2;0;1;0;0;1;1;2;-26,240283;-49,508353;"SPRF-SC";"DEL06-SC";"UOP03-DEL06-SC"
775800;2026-06-01;"segunda-feira";"08:10:00";"MA";222;395;"SANTA LUZIA";"Pista esburacada";"Saída de leito carroçável";"Com Vítimas Feridas";"Pleno dia";"Crescente";"Céu Claro";"Simples";"Declive";"Não";1;0;1;0;0;0;1;1;-3,91628615;-45,59967132;"SPRF-MA";"DEL02-MA";"UOP01-DEL02-MA"
775802;2026-06-02;"terça-feira";"08:50:00";"PR";376;167,9;"MARINGA";"Retorno proibido";"Engavetamento";"Com Vítimas Feridas";"Pleno dia";"Decrescente";"Céu Claro";"Dupla";"Reta";"Não";10;0;0;1;7;2;1;7;-23,39349;-52,00934;"SPRF-PR";"DEL09-PR";"UOP01-DEL09-PR"
775805;2026-06-02;"terça-feira";"10:13:00";"TO";10;459;"PALMAS";"Ausência de reação do condutor";"Saída de leito carroçável";"Com Vítimas Feridas";"Pleno dia";"Crescente";"Céu Claro";"Múltipla";"Reta;Declive";"Não";1;0;1;0;0;0;1;1;-10,2617835;-48,30886809;"SPRF-TO";"DEL01-TO";"UOP03-DEL01-TO"
775807;2026-06-02;"terça-feira";"10:15:00";"MG";40;558;"NOVA LIMA";"Mal súbito do condutor";"Saída de leito carroçável";"Com Vítimas Feridas";"Pleno dia";"Crescente";"Nublado";"Dupla";"Curva";"Não";1;0;1;0;0;0;1;1;-20,10784567;-43,97475243;"SPRF-MG";"DEL01-MG";"UOP02-DEL01-MG"
775808;2026-05-17;"domingo";"22:30:00";"RJ";465;21;"NOVA IGUACU";"Acessar a via sem observar a presença dos outros veículos";"Colisão transversal";"Com Vítimas Feridas";"Plena Noite";"Decrescente";"Chuva";"Simples";"Reta";"Sim";2;0;0;1;0;1;1;2;-22,85333;-43,60203;"SPRF-RJ";"DEL06-RJ";"UOP02-DEL06-RJ"
775811;2026-06-02;"terça-feira";"10:09:00";"PE";101;46,3;"IGARASSU";"Acessar a via sem observar a presença dos outros veículos";"Colisão transversal";"Sem Vítimas";"Pleno dia";"Decrescente";"Céu Claro";"Múltipla";"Retorno Regulamentado";"Sim";3;0;0;0;3;0;0;2;-7,875303;-34,906067;"SPRF-PE";"DEL01-PE";"UOP02-DEL01-PE"
775813;2026-06-02;"terça-feira";"11:13:00";"PE";101;69;"RECIFE";"Condutor deixou de manter distância do veículo da frente";"Colisão traseira";"Com Vítimas Feridas";"Pleno dia";"Crescente";"Céu Claro";"Dupla";"Viaduto";"Sim";3;0;1;1;1;0;2;2;-8,051981;-34,946138;"SPRF-PE";"DEL01-PE";"UOP01-DEL01-PE"
775815;2026-06-02;"terça-feira";"11:25:00";"PB";230;14,4;"CABEDELO";"Reação tardia ou ineficiente do condutor";"Colisão lateral mesmo sentido";"Com Vítimas Feridas";"Pleno dia";"Crescente";"Nublado";"Simples";"Reta";"Sim";2;0;1;0;1;0;1;2;-7,091915;-34,848588;"SPRF-PB";"DEL01-PB";"UOP01-DEL01-PB"
775816;2026-06-02;"terça-feira";"10:45:00";"AL";316;254,8;"PILAR";"Acessar a via sem observar a presença dos outros veículos";"Colisão lateral mesmo sentido";"Com Vítimas Feridas";"Pleno dia";"Crescente";"Céu Claro";"Simples";"Reta";"Sim";1;0;1;0;0;0;1;1;-9,59046;-35,95103;"SPRF-AL";"DEL02-AL";"UOP01-DEL02-AL"
775817;2026-06-02;"terça-feira";"09:30:00";"BA";324;614;"SALVADOR";"Suicídio (presumido)";"Atropelamento de Pedestre";"Com Vítimas Fatais";"Pleno dia";"Crescente";"Céu Claro";"Dupla";"Reta";"Não";2;1;0;0;1;0;0;2;-12,87893;-38,43165133;"SPRF-BA";"DEL01-BA";"UOP01-DEL01-BA"
775820;2026-06-02;"terça-feira";"07:00:00";"RN";110;44,9;"MOSSORO";"Animais na Pista";"Atropelamento de Animal";"Com Vítimas Feridas";"Pleno dia";"Crescente";"Sol";"Simples";"Reta";"Sim";1;0;0;1;0;0;1;1;-5,30272171;-37,28092308;"SPRF-RN";"DEL04-RN";"UOP01-DEL04-RN"
775822;2026-06-02;"terça-feira";"11:50:00";"MS";163;476;"CAMPO GRANDE";"Acessar a via sem observar a presença dos outros veículos";"Colisão traseira";"Com Vítimas Feridas";"Pleno dia";"Crescente";"Céu Claro";"Simples";"Interseção de Vias;Reta";"Sim";3;0;0;1;2;0;1;2;-20,6851568;-54,5539371;"SPRF-MS";"DEL01-MS";"UOP01-DEL01-MS"
775823;2026-06-02;"terça-feira";"13:00:00";"MG";381;379;"SAO GONCALO DO RIO ABAIXO";"Reação tardia ou ineficiente do condutor";"Colisão transversal";"Com Vítimas Feridas";"Pleno dia";"Crescente";"Céu Claro";"Simples";"Curva";"Não";3;0;1;0;2;0;1;2;-19,82150111;-43,38849052;"SPRF-MG";"DEL01-MG";"UOP01-DEL01-MG"
775826;2026-06-02;"terça-feira";"12:40:00";"RS";116;262;"CANOAS";"Condutor deixou de manter distância do veículo da frente";"Engavetamento";"Com Vítimas Feridas";"Pleno dia";"Crescente";"Céu Claro";"Simples";"Reta;Em Obras";"Sim";4;0;1;0;3;0;1;4;-29,90214232;-51,17661165;"SPRF-RS";"DEL01-RS";"UOP01-DEL01-RS"
775827;2026-06-02;"terça-feira";"10:12:00";"SC";282;23,8;"SANTO AMARO DA IMPERATRIZ";"Acessar a via sem observar a presença dos outros veículos";"Colisão transversal";"Com Vítimas Feridas";"Pleno dia";"Crescente";"Céu Claro";"Simples";"Interseção de Vias";"Sim";2;0;0;1;1;0;1;2;-27,68393;-48,74363;"SPRF-SC";"DEL01-SC";"UOP03-DEL01-SC"
775828;2026-06-02;"terça-feira";"12:30:00";"BA";101;222;"CRUZ DAS ALMAS";"Transitar na contramão";"Colisão frontal";"Com Vítimas Feridas";"Pleno dia";"Crescente";"Céu Claro";"Simples";"Curva";"Não";3;0;3;0;0;0;3;2;-12,6799169;-39,1397178;"SPRF-BA";"DEL11-BA";"UOP01-DEL11-BA"
775829;2026-06-02;"terça-feira";"13:30:00";"MG";40;794,1;"JUIZ DE FORA";"Velocidade Incompatível";"Colisão com objeto";"Com Vítimas Feridas";"Pleno dia";"Decrescente";"Céu Claro";"Dupla";"Curva";"Não";1;0;1;0;0;0;1;1;-21,779258;-43,421191;"SPRF-MG";"DEL05-MG";"UOP01-DEL05-MG"
775832;2026-06-02;"terça-feira";"12:20:00";"RJ";493;48;"DUQUE DE CAXIAS";"Manobra de mudança de faixa";"Colisão lateral mesmo sentido";"Com Vítimas Feridas";"Pleno dia";"Decrescente";"Nublado";"Múltipla";"Reta";"Sim";1;0;1;0;0;0;1;1;-22,672026;-43,286233;"SPRF-RJ";"DEL01-RJ";"UOP02-DEL01-RJ"
775834;2026-06-02;"terça-feira";"14:25:00";"SP";116;225;"GUARULHOS";"Reação tardia ou ineficiente do condutor";"Colisão traseira";"Com Vítimas Feridas";"Pleno dia";"Decrescente";"Nublado";"Múltipla";"Reta";"Sim";2;0;1;0;1;0;1;2;-23,49129674;-46,54917805;"SPRF-SP";"DEL01-SP";"UOP01-DEL01-SP"
775835;2026-06-02;"terça-feira";"12:50:00";"PR";163;3,6;"BARRACAO";"Acessar a via sem observar a presença dos outros veículos";"Colisão transversal";"Com Vítimas Feridas";"Pleno dia";"Crescente";"Céu Claro";"Simples";"Rotatória";"Não";2;0;1;0;1;0;1;2;-26,272757;-53,585029;"SPRF-PR";"DEL02-PR";"UOP02-DEL02-PR"
775837;2026-05-31;"domingo";"21:00:00";"PA";230;1120;"ITAITUBA";"Ingestão de álcool pelo condutor";"Tombamento";"Com Vítimas Feridas";"Plena Noite";"Decrescente";"Ignorado";"Simples";"Reta";"Não";1;0;0;1;0;0;1;1;-4,37431109;-55,95989227;"SPRF-PA";"DEL05-PA";"UOP02-DEL05-PA"
775839;2026-06-02;"terça-feira";"13:50:00";"BA";324;618;"SALVADOR";"Demais falhas mecânicas ou elétricas";"Queda de ocupante de veículo";"Com Vítimas Feridas";"Pleno dia";"Crescente";"Céu Claro";"Dupla";"Reta";"Não";1;0;1;0;0;0;1;1;-12,891728;-38,446103;"SPRF-BA";"DEL01-BA";"UOP01-DEL01-BA"
775842;2026-06-02;"terça-feira";"13:25:00";"MS";163;22;"MUNDO NOVO";"Ausência de reação do condutor";"Tombamento";"Com Vítimas Feridas";"Pleno dia";"Crescente";"Céu Claro";"Simples";"Aclive;Em Obras";"Não";1;0;1;0;0;0;1;1;-23,90924213;-54,29713726;"SPRF-MS";"DEL09-MS";"UOP02-DEL09-MS"
775843;2026-06-02;"terça-feira";"14:40:00";"PB";361;77;"PIANCO";"Ausência de reação do condutor";"Saída de leito carroçável";"Com Vítimas Feridas";"Pleno dia";"Decrescente";"Céu Claro";"Simples";"Declive";"Não";1;0;1;0;0;0;1;1;-7,187155;-37,8868828;"SPRF-PB";"DEL03-PB";"UOP01-DEL03-PB"
775844;2026-06-02;"terça-feira";"14:15:00";"MG";50;140,1;"UBERABA";"Reação tardia ou ineficiente do condutor";"Colisão lateral mesmo sentido";"Sem Vítimas";"Pleno dia";"Crescente";"Céu Claro";"Dupla";"Reta";"Não";1;0;0;0;1;0;0;1;-19,47647;-48,05362;"SPRF-MG";"DEL13-MG";"UOP01-DEL13-MG"
775845;2026-06-02;"terça-feira";"13:35:00";"PR";376;497,2;"PONTA GROSSA";"Avarias e/ou desgaste excessivo no pneu";"Saída de leito carroçável";"Com Vítimas Fatais";"Pleno dia";"Decrescente";"Sol";"Dupla";"Declive;Reta";"Sim";2;1;1;0;0;0;1;1;-25,173833;-50,105035;"SPRF-PR";"DEL03-PR";"UOP03-DEL03-PR"
775847;2026-05-23;"sábado";"16:00:00";"SC";116;167,8;"PONTE ALTA DO NORTE";"Reação tardia ou ineficiente do condutor";"Colisão lateral mesmo sentido";"Com Vítimas Feridas";"Pleno dia";"Decrescente";"Garoa/Chuvisco";"Simples";"Reta";"Não";5;0;3;0;2;0;3;2;-27,17264;-50,46329;"SPRF-SC";"DEL05-SC";"UOP03-DEL05-SC"
775852;2026-05-13;"quarta-feira";"06:30:00";"BA";324;518;"FEIRA DE SANTANA";"Acesso irregular";"Colisão transversal";"Com Vítimas Feridas";"Pleno dia";"Decrescente";"Ignorado";"Simples";"Desvio Temporário;Em Obras";"Sim";2;0;1;0;1;0;1;2;-12,25677084;-38,93218553;"SPRF-BA";"DEL02-BA";"UOP01-DEL02-BA"
775853;2026-06-02;"terça-feira";"14:30:00";"PI";343;340,8;"TERESINA";"Reação tardia ou ineficiente do condutor";"Colisão traseira";"Com Vítimas Feridas";"Pleno dia";"Crescente";"Céu Claro";"Dupla";"Curva";"Sim";2;0;0;1;1;0;1;2;-5,077583;-42,7432;"SPRF-PI";"DEL01-PI";"UOP01-DEL01-PI"
775855;2026-06-02;"terça-feira";"15:30:00";"PI";343;2,3;"TERESINA";"Reação tardia ou ineficiente do condutor";"Atropelamento de Pedestre";"Com Vítimas Feridas";"Pleno dia";"Decrescente";"Céu Claro";"Dupla";"Reta";"Sim";2;0;1;0;1;0;1;2;-5,08179;-42,770785;"SPRF-PI";"DEL01-PI";"UOP01-DEL01-PI"
775857;2026-06-02;"terça-feira";"16:00:00";"GO";153;495;"GOIANIA";"Demais falhas mecânicas ou elétricas";"Tombamento";"Com Vítimas Feridas";"Pleno dia";"Decrescente";"Sol";"Dupla";"Declive;Reta";"Sim";2;0;2;0;0;0;2;1;-16,66443;-49,223602;"SPRF-GO";"DEL01-GO";"UOP01-DEL01-GO"
775858;2026-06-02;"terça-feira";"13:41:00";"PB";412;144,9;"MONTEIRO";"Ausência de reação do condutor";"Colisão lateral sentido oposto";"Com Vítimas Feridas";"Pleno dia";"Crescente";"Céu Claro";"Simples";"Reta";"Não";2;0;0;1;1;0;1;2;-7,898417;-37,117042;"SPRF-PB";"DEL02-PB";"UOP02-DEL02-PB"
775859;2026-03-10;"terça-feira";"21:45:00";"GO";50;160,5;"CAMPO ALEGRE DE GOIAS";"Deficiência do Sistema de Iluminação/Sinalização";"Colisão traseira";"Com Vítimas Fatais";"Plena Noite";"Crescente";"Céu Claro";"Dupla";"Reta";"Não";2;1;0;0;1;0;0;2;-17,259116;-47,76847;"SPRF-GO";"DEL06-GO";"UOP01-DEL06-GO"
775861;2026-06-02;"terça-feira";"16:10:00";"RJ";101;334;"RIO DE JANEIRO";"Manobra de mudança de faixa";"Colisão lateral mesmo sentido";"Com Vítimas Feridas";"Pleno dia";"Crescente";"Nublado";"Dupla";"Reta";"Sim";2;0;1;0;1;0;1;2;-22,885443;-43,217327;"SPRF-RJ";"DEL02-RJ";"UOP01-DEL02-RJ"
775865;2026-06-02;"terça-feira";"16:10:00";"PE";101;48,9;"ABREU E LIMA";"Manobra de mudança de faixa";"Colisão traseira";"Com Vítimas Feridas";"Pleno dia";"Decrescente";"Nublado";"Múltipla";"Reta";"Sim";2;0;1;0;1;0;1;2;-7,89916458;-34,90222335;"SPRF-PE";"DEL01-PE";"UOP02-DEL01-PE"
775866;2026-06-02;"terça-feira";"16:30:00";"SC";101;359,4;"SANGAO";"Demais falhas mecânicas ou elétricas";"Incêndio";"Sem Vítimas";"Pleno dia";"Decrescente";"Céu Claro";"Simples";"Interseção de Vias";"Não";1;0;0;0;1;0;0;1;-28,66201;-49,11176;"SPRF-SC";"DEL02-SC";"UOP01-DEL02-SC"
775867;2026-06-02;"terça-feira";"07:30:00";"PR";277;500,4;"NOVA LARANJEIRAS";"Velocidade Incompatível";"Saída de leito carroçável";"Sem Vítimas";"Amanhecer";"Decrescente";"Céu Claro";"Simples";"Reta";"Não";1;0;0;0;0;1;0;1;-25,169;-52,6788;"SPRF-PR";"DEL04-PR";"UOP04-DEL04-PR"
775868;2026-05-29;"sexta-feira";"19:00:00";"PR";116;116;"CURITIBA";"Trafegar com motocicleta (ou similar) entre as faixas";"Colisão lateral mesmo sentido";"Com Vítimas Feridas";"Plena Noite";"Decrescente";"Céu Claro";"Dupla";"Reta";"Sim";2;0;1;0;1;0;1;2;-25,54783164;-49,30396727;"SPRF-PR";"DEL01-PR";"UOP03-DEL01-PR"
775869;2026-06-02;"terça-feira";"14:20:00";"SC";163;70,8;"SAO MIGUEL DO OESTE";"Ausência de reação do condutor";"Engavetamento";"Com Vítimas Feridas";"Pleno dia";"Crescente";"Céu Claro";"Simples";"Interseção de Vias;Reta";"Sim";5;0;2;0;3;0;2;3;-26,72968657;-53,51151949;"SPRF-SC";"DEL07-SC";"UOP03-DEL07-SC"
775874;2026-06-02;"terça-feira";"15:30:00";"BA";101;792,7;"ITAMARAJU";"Reação tardia ou ineficiente do condutor";"Colisão com objeto";"Com Vítimas Feridas";"Pleno dia";"Crescente";"Céu Claro";"Simples";"Reta";"Não";1;0;0;1;0;0;1;1;-16,907522;-39,522203;"SPRF-BA";"DEL09-BA";"UOP01-DEL09-BA"
775876;2026-06-02;"terça-feira";"15:30:00";"MG";116;193;"CARAI";"Ingestão de álcool pelo condutor";"Tombamento";"Com Vítimas Feridas";"Pleno dia";"Decrescente";"Céu Claro";"Simples";"Reta";"Sim";1;0;1;0;0;0;1;1;-17,18333255;-41,48646712;"SPRF-MG";"DEL11-MG";"UOP01-DEL11-MG"
775877;2026-06-02;"terça-feira";"16:50:00";"PR";277;347;"GUARAPUAVA";"Ausência de reação do condutor";"Saída de leito carroçável";"Com Vítimas Feridas";"Pleno dia";"Decrescente";"Céu Claro";"Dupla";"Reta";"Não";1;0;1;0;0;0;1;1;-25,356788;-51,462546;"SPRF-PR";"DEL08-PR";"UOP01-DEL08-PR"
775879;2026-06-02;"terça-feira";"17:15:00";"SP";381;66;"MAIRIPORA";"Acessar a via sem observar a presença dos outros veículos";"Colisão transversal";"Com Vítimas Feridas";"Anoitecer";"Decrescente";"Nublado";"Simples";"Reta;Aclive;Rotatória";"Sim";3;0;1;0;2;0;1;2;-23,290706;-46,579937;"SPRF-SP";"DEL03-SP";"UOP01-DEL03-SP"
775881;2026-06-02;"terça-feira";"17:55:00";"SP";116;230;"SAO PAULO";"Reação tardia ou ineficiente do condutor";"Colisão traseira";"Com Vítimas Feridas";"Plena Noite";"Crescente";"Céu Claro";"Múltipla";"Reta";"Sim";2;0;1;0;1;0;1;2;-23,51698553;-46,58058135;"SPRF-SP";"DEL01-SP";"UOP01-DEL01-SP"
775882;2026-06-02;"terça-feira";"16:48:00";"MT";163;1074;"GUARANTA DO NORTE";"Reação tardia ou ineficiente do condutor";"Saída de leito carroçável";"Com Vítimas Feridas";"Pleno dia";"Crescente";"Sol";"Simples";"Reta";"Não";2;0;1;1;0;0;2;1;-9,8754;-54,8946;"SPRF-MT";"DEL06-MT";"UOP03-DEL06-MT"
775883;2026-06-02;"terça-feira";"17:30:00";"SP";116;155,4;"SAO JOSE DOS CAMPOS";"Reação tardia ou ineficiente do condutor";"Colisão traseira";"Com Vítimas Feridas";"Anoitecer";"Decrescente";"Céu Claro";"Múltipla";"Reta;Declive";"Sim";4;0;1;0;3;0;1;4;-23,24540392;-45,92807516;"SPRF-SP";"DEL02-SP";"UOP01-DEL02-SP"
775884;2026-06-02;"terça-feira";"17:38:00";"BA";101;171;"FEIRA DE SANTANA";"Pedestre cruzava a pista fora da faixa";"Atropelamento de Pedestre";"Com Vítimas Feridas";"Anoitecer";"Decrescente";"Céu Claro";"Simples";"Reta";"Não";2;0;2;0;0;0;2;2;-12,36016988;-38,86363091;"SPRF-BA";"DEL11-BA";"UOP02-DEL11-BA"
775885;2026-06-02;"terça-feira";"17:40:00";"PR";376;186,6;"MARIALVA";"Trafegar com motocicleta (ou similar) entre as faixas";"Tombamento";"Com Vítimas Feridas";"Anoitecer";"Decrescente";"Céu Claro";"Dupla";"Reta";"Sim";1;0;1;0;0;0;1;1;-23,4546988;-51,849434;"SPRF-PR";"DEL09-PR";"UOP01-DEL09-PR"
775886;2026-06-02;"terça-feira";"15:45:00";"RR";401;69;"BONFIM";"Ausência de reação do condutor";"Capotamento";"Com Vítimas Feridas";"Pleno dia";"Crescente";"Céu Claro";"Simples";"Reta";"Não";2;0;1;1;0;0;2;1;3,02127878;-60,40205352;"SPRF-RR";"DEL01-RR";"UOP01-DEL01-RR"
775887;2026-06-02;"terça-feira";"17:30:00";"SC";101;1,9;"FLORIANOPOLIS";"Trafegar com motocicleta (ou similar) entre as faixas";"Colisão lateral mesmo sentido";"Com Vítimas Feridas";"Plena Noite";"Crescente";"Ignorado";"Múltipla";"Reta";"Sim";2;0;1;0;0;1;1;2;-27,60339333;-48,5872492;"SPRF-SC";"DEL03-SC";"UOP01-DEL03-SC"
775888;2026-06-02;"terça-feira";"18:00:00";"BA";101;798,1;"ITAMARAJU";"Reação tardia ou ineficiente do condutor";"Queda de ocupante de veículo";"Com Vítimas Feridas";"Anoitecer";"Crescente";"Céu Claro";"Simples";"Curva";"Não";1;0;1;0;0;0;1;1;-16,940842;-39,554453;"SPRF-BA";"DEL09-BA";"UOP01-DEL09-BA"
775890;2026-06-02;"terça-feira";"13:30:00";"RJ";40;118;"DUQUE DE CAXIAS";"Reação tardia ou ineficiente do condutor";"Colisão traseira";"Com Vítimas Feridas";"Pleno dia";"Decrescente";"Céu Claro";"Múltipla";"Reta";"Sim";3;0;3;0;0;0;3;2;-22,760701;-43,286811;"SPRF-RJ";"DEL01-RJ";"UOP02-DEL01-RJ"
775891;2026-06-02;"terça-feira";"17:05:00";"MT";158;561;"AGUA BOA";"Ausência de reação do condutor";"Colisão traseira";"Com Vítimas Feridas";"Anoitecer";"Crescente";"Céu Claro";"Simples";"Reta";"Sim";5;0;0;1;4;0;1;2;-14,02023752;-52,15497034;"SPRF-MT";"DEL07-MT";"UOP02-DEL07-MT"
775894;2026-06-02;"terça-feira";"17:15:00";"RS";470;243;"BARAO";"Acesso irregular";"Colisão lateral mesmo sentido";"Com Vítimas Feridas";"Anoitecer";"Decrescente";"Céu Claro";"Simples";"Reta";"Não";2;0;0;2;0;0;2;2;-29,3746958;-51,50562286;"SPRF-RS";"DEL06-RS";"UOP01-DEL06-RS"
775895;2026-06-02;"terça-feira";"18:00:00";"GO";70;6;"AGUAS LINDAS DE GOIAS";"Ausência de reação do condutor";"Colisão traseira";"Com Vítimas Feridas";"Plena Noite";"Crescente";"Nublado";"Múltipla";"Reta";"Sim";2;0;1;0;0;1;1;2;-15,744132;-48,267417;"SPRF-DF";"DEL03-DF";"UOP02-DEL03-DF"
775897;2026-06-02;"terça-feira";"17:25:00";"SP";153;308,7;"SAO PEDRO DO TURVO";"Demais falhas mecânicas ou elétricas";"Incêndio";"Sem Vítimas";"Pleno dia";"Decrescente";"Céu Claro";"Simples";"Declive;Reta";"Não";1;0;0;0;1;0;0;1;-22,665926;-49,889512;"SPRF-SP";"DEL07-SP";"UOP03-DEL07-SP"
775899;2026-06-02;"terça-feira";"18:20:00";"PR";277;76;"SAO JOSE DOS PINHAIS";"Ausência de reação do condutor";"Colisão lateral mesmo sentido";"Com Vítimas Feridas";"Plena Noite";"Decrescente";"Nublado";"Dupla";"Reta";"Sim";2;0;1;0;0;1;1;2;-25,48981877;-49,1770277;"SPRF-PR";"DEL01-PR";"UOP08-DEL01-PR"
775900;2026-06-02;"terça-feira";"17:30:00";"MS";163;488;"CAMPO GRANDE";"Ausência de reação do condutor";"Colisão traseira";"Sem Vítimas";"Anoitecer";"Crescente";"Céu Claro";"Simples";"Reta";"Sim";3;0;0;0;3;0;0;2;-20,416556;-54,547733;"SPRF-MS";"DEL01-MS";"UOP02-DEL01-MS"
775902;2026-06-02;"terça-feira";"16:20:00";"GO";153;406;"PIRENOPOLIS";"Avarias e/ou desgaste excessivo no pneu";"Tombamento";"Com Vítimas Feridas";"Pleno dia";"Decrescente";"Céu Claro";"Simples";"Reta";"Não";1;0;1;0;0;0;1;1;-16,084991;-49,040993;"SPRF-GO";"DEL02-GO";"UOP02-DEL02-GO"
775903;2026-06-02;"terça-feira";"19:00:00";"GO";414;440;"ANAPOLIS";"Acumulo de óleo sobre o pavimento";"Tombamento";"Com Vítimas Feridas";"Plena Noite";"Crescente";"Céu Claro";"Simples";"Rotatória";"Sim";1;0;1;0;0;0;1;1;-16,284899;-48,943623;"SPRF-GO";"DEL02-GO";"UOP01-DEL02-GO"
775904;2026-06-02;"terça-feira";"18:15:00";"TO";153;496;"PARAISO DO TOCANTINS";"Acessar a via sem observar a presença dos outros veículos";"Colisão lateral sentido oposto";"Com Vítimas Feridas";"Anoitecer";"Crescente";"Céu Claro";"Simples";"Reta";"Sim";2;0;0;1;1;0;1;2;-10,165091;-48,88132;"SPRF-TO";"DEL01-TO";"UOP01-DEL01-TO"
775905;2026-06-02;"terça-feira";"19:10:00";"MG";40;484;"SETE LAGOAS";"Ausência de reação do condutor";"Queda de ocupante de veículo";"Sem Vítimas";"Anoitecer";"Crescente";"Céu Claro";"Dupla";"Reta";"Não";1;0;0;0;1;0;0;1;-19,56294;-44,238345;"SPRF-MG";"DEL02-MG";"UOP01-DEL02-MG"
775908;2026-06-02;"terça-feira";"18:45:00";"PE";101;82;"JABOATAO DOS GUARARAPES";"Pista esburacada";"Colisão com objeto";"Com Vítimas Feridas";"Plena Noite";"Decrescente";"Chuva";"Dupla";"Reta";"Sim";1;0;0;1;0;0;1;1;-8,16943;-34,93732;"SPRF-PE";"DEL01-PE";"UOP01-DEL01-PE"
775910;2026-06-02;"terça-feira";"17:12:00";"SC";101;33;"JOINVILLE";"Velocidade Incompatível";"Colisão lateral mesmo sentido";"Com Vítimas Feridas";"Pleno dia";"Crescente";"Nublado";"Dupla";"Viaduto";"Não";6;0;2;0;4;0;2;5;-26,25691372;-48,90481822;"SPRF-SC";"DEL03-SC";"UOP01-DEL03-SC"
775911;2026-06-02;"terça-feira";"19:15:00";"PB";230;146,5;"CAMPINA GRANDE";"Reação tardia ou ineficiente do condutor";"Colisão com objeto";"Com Vítimas Feridas";"Plena Noite";"Crescente";"Céu Claro";"Dupla";"Reta";"Sim";2;0;2;0;0;0;2;1;-7,24256855;-35,85673938;"SPRF-PB";"DEL02-PB";"UOP01-DEL02-PB"
775915;2026-06-02;"terça-feira";"16:10:00";"BA";242;232;"ITABERABA";"Ultrapassagem Indevida";"Colisão frontal";"Com Vítimas Feridas";"Pleno dia";"Decrescente";"Céu Claro";"Simples";"Curva";"Não";15;0;7;8;0;0;15;2;-12,514308;-40,330165;"SPRF-BA";"DEL06-BA";"UOP02-DEL06-BA"
775916;2026-06-02;"terça-feira";"20:21:00";"DF";40;2;"BRASILIA";"Condutor deixou de manter distância do veículo da frente";"Colisão traseira";"Com Vítimas Feridas";"Pleno dia";"Crescente";"Céu Claro";"Dupla";"Reta";"Não";2;0;0;1;1;0;1;2;-15,99239045;-47,98607681;"SPRF-DF";"DEL01-DF";"UOP01-DEL01-DF"
775917;2026-06-02;"terça-feira";"19:30:00";"SP";116;280;"EMBU DAS ARTES";"Trafegar com motocicleta (ou similar) entre as faixas";"Colisão lateral mesmo sentido";"Com Vítimas Feridas";"Plena Noite";"Crescente";"Céu Claro";"Múltipla";"Reta";"Sim";3;0;0;1;2;0;1;3;-23,6459852;-46,8415507;"SPRF-SP";"DEL04-SP";"UOP01-DEL04-SP"
775918;2026-06-02;"terça-feira";"19:30:00";"PR";369;144,4;"LONDRINA";"Acessar a via sem observar a presença dos outros veículos";"Colisão transversal";"Com Vítimas Feridas";"Plena Noite";"Crescente";"Céu Claro";"Dupla";"Declive;Interseção de Vias";"Sim";2;0;2;0;0;0;2;2;-23,293433;-51,107935;"SPRF-PR";"DEL07-PR";"UOP01-DEL07-PR"
775921;2026-06-02;"terça-feira";"17:40:00";"BA";324;614;"SALVADOR";"Ausência de reação do condutor";"Colisão lateral mesmo sentido";"Sem Vítimas";"Plena Noite";"Decrescente";"Chuva";"Dupla";"Reta";"Não";3;0;0;0;3;0;0;3;-12,8711522;-38,42620745;"SPRF-BA";"DEL01-BA";"UOP01-DEL01-BA"
775922;2026-06-02;"terça-feira";"18:35:00";"MT";163;839;"SINOP";"Ultrapassagem Indevida";"Colisão transversal";"Com Vítimas Feridas";"Anoitecer";"Decrescente";"Céu Claro";"Simples";"Reta;Em Obras";"Sim";4;0;1;1;2;0;2;2;-11,821559;-55,484568;"SPRF-MT";"DEL06-MT";"UOP02-DEL06-MT"
775923;2026-06-02;"terça-feira";"19:13:00";"MT";163;723;"SORRISO";"Manobra de mudança de faixa";"Colisão traseira";"Com Vítimas Feridas";"Plena Noite";"Decrescente";"Ignorado";"Dupla";"Reta";"Não";2;0;1;0;1;0;1;2;-12,78506;-55,83754;"SPRF-MT";"DEL06-MT";"UOP01-DEL06-MT"
775925;2026-06-02;"terça-feira";"20:20:00";"PR";487;174,5;"CAMPO MOURAO";"Reação tardia ou ineficiente do condutor";"Queda de ocupante de veículo";"Com Vítimas Feridas";"Plena Noite";"Decrescente";"Céu Claro";"Simples";"Declive;Reta";"Não";1;0;1;0;0;0;1;1;-24,02977269;-52,42841968;"SPRF-PR";"DEL09-PR";"UOP03-DEL09-PR"
775926;2026-06-02;"terça-feira";"19:15:00";"MS";60;564,5;"NIOAQUE";"Ausência de reação do condutor";"Saída de leito carroçável";"Com Vítimas Feridas";"Plena Noite";"Crescente";"Céu Claro";"Simples";"Aclive;Curva";"Não";2;0;0;1;1;0;1;1;-21,3031245;-55,9993955;"SPRF-MS";"DEL05-MS";"UOP01-DEL05-MS"