"id";"data_inversa";"dia_semana";"horario";"uf";"br";"km";"municipio";"causa_acidente";"tipo_acidente";"classificacao_acidente";"fase_dia";"sentido_via";"condicao_metereologica";"tipo_pista";"tracado_via";"uso_solo";"pessoas";"mortos";"feridos_leves";"feridos_graves";"ilesos";"ignorados";"feridos";"veiculos";"latitude";"longitude";"regional";"delegacia";"uop"
775927;2026-06-02;"terça-feira";"18:15:00";"MG";116;561,8;"MANHUACU";"Conversão proibida";"Colisão frontal";"Com Vítimas Feridas";"Plena Noite";"Crescente";"Nublado";"Simples";"Curva";"Não";2;0;1;0;1;0;1;2;-20,052914;-42,175579;"SPRF-MG";"DEL06-MG";"UOP03-DEL06-MG"
775928;2026-06-02;"terça-feira";"17:45:00";"PR";369;37;"ANDIRA";"Acesso irregular";"Colisão transversal";"Com Vítimas Feridas";"Anoitecer";"Decrescente";"Céu Claro";"Dupla";"Interseção de Vias;Rotatória";"Sim";2;0;1;0;0;1;1;2;-23,04721999;-50,23532188;"SPRF-PR";"DEL07-PR";"UOP05-DEL07-PR"
775930;2026-06-02;"terça-feira";"21:15:00";"RS";158;194,6;"CRUZ ALTA";"Acessar a via sem observar a presença dos outros veículos";"Colisão transversal";"Sem Vítimas";"Plena Noite";"Crescente";"Nevoeiro/Neblina";"Simples";"Interseção de Vias";"Sim";12;0;0;0;12;0;0;2;-28,6467101;-53,57677873;"SPRF-RS";"DEL10-RS";"UOP02-DEL10-RS"
775932;2026-06-02;"terça-feira";"13:00:00";"MA";10;255;"IMPERATRIZ";"Condutor deixou de manter distância do veículo da frente";"Engavetamento";"Com Vítimas Feridas";"Pleno dia";"Decrescente";"Céu Claro";"Simples";"Reta";"Sim";3;0;1;1;0;1;2;3;-5,50021;-47,47189;"SPRF-MA";"DEL04-MA";"UOP01-DEL04-MA"
775934;2026-06-02;"terça-feira";"22:50:00";"RS";116;267;"CANOAS";"Manobra de mudança de faixa";"Tombamento";"Com Vítimas Feridas";"Plena Noite";"Decrescente";"Céu Claro";"Dupla";"Reta";"Sim";2;0;1;0;1;0;1;2;-29,93720509;-51,17706006;"SPRF-RS";"DEL01-RS";"UOP01-DEL01-RS"
775936;2026-06-03;"quarta-feira";"00:30:00";"MG";50;71;"UBERLANDIA";"Pedestre cruzava a pista fora da faixa";"Atropelamento de Pedestre";"Com Vítimas Feridas";"Plena Noite";"Decrescente";"Céu Claro";"Dupla";"Reta";"Sim";3;0;0;1;0;2;1;2;-18,88797254;-48,26060568;"SPRF-MG";"DEL15-MG";"UOP01-DEL15-MG"
775938;2026-06-02;"terça-feira";"22:50:00";"RS";116;266,9;"CANOAS";"Acessar a via sem observar a presença dos outros veículos";"Queda de ocupante de veículo";"Com Vítimas Feridas";"Plena Noite";"Decrescente";"Céu Claro";"Dupla";"Reta";"Sim";2;0;1;0;1;0;1;2;-29,93325112;-51,17734022;"SPRF-RS";"DEL01-RS";"UOP01-DEL01-RS"
775939;2026-06-02;"terça-feira";"23:45:00";"RJ";116;127;"MAGE";"Ausência de reação do condutor";"Colisão com objeto";"Com Vítimas Feridas";"Plena Noite";"Decrescente";"Garoa/Chuvisco";"Dupla";"Curva";"Não";2;0;1;0;1;0;1;1;-22,66563648;-43,10090161;"SPRF-RJ";"DEL04-RJ";"UOP02-DEL04-RJ"
775940;2026-06-02;"terça-feira";"19:30:00";"PR";272;531;"FRANCISCO ALVES";"Ingestão de álcool pelo condutor";"Colisão traseira";"Com Vítimas Fatais";"Plena Noite";"Decrescente";"Céu Claro";"Simples";"Reta";"Não";5;2;1;0;2;0;1;3;-24,06781762;-53,90174612;"SPRF-PR";"DEL06-PR";"UOP01-DEL06-PR"
775943;2026-06-02;"terça-feira";"19:20:00";"BA";324;5;"FEIRA DE SANTANA";"Objeto estático sobre o leito carroçável";"Queda de ocupante de veículo";"Com Vítimas Feridas";"Plena Noite";"Decrescente";"Nublado";"Dupla";"Reta";"Sim";2;0;2;0;0;0;2;1;-12,28202522;-38,9765954;"SPRF-BA";"DEL02-BA";"UOP01-DEL02-BA"
775948;2026-06-03;"quarta-feira";"01:47:00";"MT";163;812;"SINOP";"Ausência de reação do condutor";"Saída de leito carroçável";"Com Vítimas Feridas";"Plena Noite";"Decrescente";"Céu Claro";"Simples";"Reta;Em Obras";"Não";1;0;1;0;0;0;1;1;-12,09978405;-55,5178535;"SPRF-MT";"DEL06-MT";"UOP02-DEL06-MT"
775950;2026-06-02;"terça-feira";"21:30:00";"PB";230;460;"SOUSA";"Reação tardia ou ineficiente do condutor";"Colisão traseira";"Com Vítimas Fatais";"Plena Noite";"Decrescente";"Nublado";"Simples";"Reta";"Não";3;1;0;1;1;0;1;2;-6,78028124;-38,15942109;"SPRF-PB";"DEL03-PB";"UOP03-DEL03-PB"
775952;2026-06-03;"quarta-feira";"05:56:00";"PE";101;33,9;"IGARASSU";"Acessar a via sem observar a presença dos outros veículos";"Colisão traseira";"Com Vítimas Feridas";"Amanhecer";"Crescente";"Céu Claro";"Dupla";"Reta";"Não";3;0;1;1;1;0;2;2;-7,77800933;-34,9344635;"SPRF-PE";"DEL01-PE";"UOP02-DEL01-PE"
775954;2026-06-03;"quarta-feira";"06:20:00";"SC";101;209;"SAO JOSE";"Reação tardia ou ineficiente do condutor";"Engavetamento";"Com Vítimas Feridas";"Amanhecer";"Crescente";"Nublado";"Múltipla";"Reta";"Sim";4;0;2;0;1;1;2;4;-27,61237337;-48,64139915;"SPRF-SC";"DEL01-SC";"UOP01-DEL01-SC"
775955;2026-06-03;"quarta-feira";"04:20:00";"BA";367;71;"PORTO SEGURO";"Velocidade Incompatível";"Saída de leito carroçável";"Sem Vítimas";"Plena Noite";"Crescente";"Céu Claro";"Simples";"Curva";"Não";1;0;0;0;1;0;0;1;-16,4045604;-39,1755582;"SPRF-BA";"DEL09-BA";"UOP03-DEL09-BA"
775957;2026-06-03;"quarta-feira";"06:40:00";"ES";101;289,5;"CARIACICA";"Trafegar com motocicleta (ou similar) entre as faixas";"Colisão lateral mesmo sentido";"Com Vítimas Fatais";"Pleno dia";"Crescente";"Sol";"Dupla";"Aclive;Reta";"Não";3;1;0;0;2;0;0;3;-20,2853579;-40,39271291;"SPRF-ES";"DEL01-ES";"UOP01-DEL01-ES"
775958;2026-06-03;"quarta-feira";"04:40:00";"RS";290;101;"PORTO ALEGRE";"Ausência de reação do condutor";"Colisão com objeto";"Sem Vítimas";"Plena Noite";"Crescente";"Nublado";"Dupla";"Reta";"Não";1;0;0;0;0;1;0;1;-29,9945747;-51,21846483;"SPRF-RS";"DEL01-RS";"UOP01-DEL01-RS"
775959;2026-06-02;"terça-feira";"17:50:00";"RJ";116;201;"QUEIMADOS";"Área urbana sem a presença de local apropriado para a travessia de pedestres";"Atropelamento de Pedestre";"Com Vítimas Feridas";"Anoitecer";"Decrescente";"Nublado";"Dupla";"Reta;Em Obras";"Não";2;0;1;0;0;1;1;2;-22,730291;-43,609792;"SPRF-RJ";"DEL06-RJ";"UOP02-DEL06-RJ"
775960;2026-06-03;"quarta-feira";"05:30:00";"RS";386;43;"SEBERI";"Falta de elemento de contenção que evite a saída do leito carroçável";"Saída de leito carroçável";"Com Vítimas Feridas";"Plena Noite";"Decrescente";"Nevoeiro/Neblina";"Simples";"Reta";"Não";1;0;1;0;0;0;1;1;-27,43154796;-53,420402;"SPRF-RS";"DEL08-RS";"UOP02-DEL08-RS"
775961;2026-06-03;"quarta-feira";"06:50:00";"PA";316;25,7;"BENEVIDES";"Acessar a via sem observar a presença dos outros veículos";"Colisão transversal";"Com Vítimas Feridas";"Pleno dia";"Decrescente";"Sol";"Dupla";"Reta";"Não";5;0;4;0;1;0;4;2;-1,327897;-48,234457;"SPRF-PA";"DEL01-PA";"UOP01-DEL01-PA"
775962;2026-06-03;"quarta-feira";"06:10:00";"SP";116;143;"SAO JOSE DOS CAMPOS";"Reação tardia ou ineficiente do condutor";"Colisão lateral mesmo sentido";"Com Vítimas Feridas";"Pleno dia";"Crescente";"Céu Claro";"Dupla";"Reta";"Sim";2;0;1;0;1;0;1;2;-23,17783;-45,8369417;"SPRF-SP";"DEL02-SP";"UOP01-DEL02-SP"
775965;2026-06-03;"quarta-feira";"01:00:00";"SC";470;66;"INDAIAL";"Reação tardia ou ineficiente do condutor";"Tombamento";"Com Vítimas Feridas";"Plena Noite";"Crescente";"Céu Claro";"Simples";"Reta";"Não";2;0;0;2;0;0;2;1;-26,87022377;-49,22762124;"SPRF-SC";"DEL04-SC";"UOP01-DEL04-SC"
775969;2026-06-03;"quarta-feira";"07:40:00";"SC";470;138;"RIO DO SUL";"Ultrapassagem Indevida";"Colisão transversal";"Com Vítimas Feridas";"Pleno dia";"Decrescente";"Nublado";"Simples";"Reta";"Sim";2;0;0;1;1;0;1;2;-27,2073;-49,6489;"SPRF-SC";"DEL04-SC";"UOP02-DEL04-SC"
775971;2026-06-03;"quarta-feira";"08:00:00";"GO";153;437;"ANAPOLIS";"Acumulo de areia ou detritos sobre o pavimento";"Tombamento";"Com Vítimas Feridas";"Pleno dia";"Decrescente";"Céu Claro";"Dupla";"Reta;Em Obras";"Sim";1;0;1;0;0;0;1;1;-16,300755;-48,925961;"SPRF-GO";"DEL02-GO";"UOP01-DEL02-GO"
775972;2026-06-03;"quarta-feira";"08:05:00";"SC";101;213,4;"PALHOCA";"Reação tardia ou ineficiente do condutor";"Colisão traseira";"Com Vítimas Feridas";"Pleno dia";"Crescente";"Nublado";"Dupla";"Reta";"Sim";5;0;3;1;1;0;4;4;-27,63976;-48,667077;"SPRF-SC";"DEL01-SC";"UOP02-DEL01-SC"
775974;2026-06-03;"quarta-feira";"07:00:00";"MG";40;704,9;"BARBACENA";"Acumulo de óleo sobre o pavimento";"Saída de leito carroçável";"Sem Vítimas";"Pleno dia";"Decrescente";"Garoa/Chuvisco";"Dupla";"Curva;Aclive";"Sim";2;0;0;0;1;1;0;1;-21,20798;-43,75033;"SPRF-MG";"DEL05-MG";"UOP02-DEL05-MG"
775975;2026-06-03;"quarta-feira";"07:40:00";"DF";80;20,3;"BRASILIA";"Acessar a via sem observar a presença dos outros veículos";"Colisão transversal";"Com Vítimas Feridas";"Pleno dia";"Decrescente";"Céu Claro";"Dupla";"Em Obras;Reta";"Sim";2;0;1;0;1;0;1;2;-15,65872424;-48,20294525;"SPRF-DF";"DEL03-DF";"UOP02-DEL03-DF"
775976;2026-06-03;"quarta-feira";"07:40:00";"ES";262;0,1;"VITORIA";"Velocidade Incompatível";"Colisão transversal";"Com Vítimas Feridas";"Pleno dia";"Decrescente";"Nublado";"Dupla";"Reta;Declive";"Sim";5;0;1;1;3;0;2;4;-20,32149473;-40,35343677;"SPRF-ES";"DEL01-ES";"UOP01-DEL01-ES"
775977;2026-06-03;"quarta-feira";"08:10:00";"MG";381;494;"BETIM";"Condutor deixou de manter distância do veículo da frente";"Colisão traseira";"Com Vítimas Feridas";"Pleno dia";"Decrescente";"Céu Claro";"Dupla";"Reta";"Sim";4;0;1;0;2;1;1;4;-19,966286;-44,178209;"SPRF-MG";"DEL01-MG";"UOP03-DEL01-MG"
775978;2026-06-03;"quarta-feira";"07:30:00";"PA";163;982;"SANTAREM";"Reação tardia ou ineficiente do condutor";"Queda de ocupante de veículo";"Com Vítimas Feridas";"Pleno dia";"Crescente";"Céu Claro";"Simples";"Reta";"Sim";1;0;1;0;0;0;1;1;-2,61782415;-54,73078644;"SPRF-PA";"DEL05-PA";"UOP01-DEL05-PA"
775981;2026-06-03;"quarta-feira";"00:15:00";"RJ";116;115;"GUAPIMIRIM";"Chuva";"Saída de leito carroçável";"Com Vítimas Feridas";"Plena Noite";"Crescente";"Garoa/Chuvisco";"Dupla";"Reta";"Não";1;0;1;0;0;0;1;1;-22,573116;-43,008638;"SPRF-RJ";"DEL04-RJ";"UOP02-DEL04-RJ"
775982;2026-06-02;"terça-feira";"19:30:00";"BA";407;19;"JUAZEIRO";"Reação tardia ou ineficiente do condutor";"Atropelamento de Animal";"Sem Vítimas";"Plena Noite";"Crescente";"Céu Claro";"Simples";"Reta";"Não";1;0;0;0;0;1;0;1;-9,5583383;-40,4377317;"SPRF-BA";"DEL04-BA";"UOP01-DEL04-BA"
775983;2026-06-03;"quarta-feira";"04:30:00";"PE";316;296;"FLORESTA";"Animais na Pista";"Atropelamento de Animal";"Com Vítimas Fatais";"Pleno dia";"Decrescente";"Sol";"Simples";"Reta";"Não";2;1;0;1;0;0;1;1;-8,619512;-38,62537;"SPRF-PE";"DEL04-PE";"UOP03-DEL04-PE"
775984;2026-06-03;"quarta-feira";"08:00:00";"PB";104;132;"QUEIMADAS";"Condutor deixou de manter distância do veículo da frente";"Colisão traseira";"Com Vítimas Feridas";"Pleno dia";"Decrescente";"Nublado";"Simples";"Reta";"Sim";2;0;1;0;1;0;1;2;-7,298958;-35,891907;"SPRF-PB";"DEL02-PB";"UOP03-DEL02-PB"
775985;2026-06-03;"quarta-feira";"08:30:00";"PR";476;149;"ARAUCARIA";"Ausência de reação do condutor";"Colisão traseira";"Com Vítimas Feridas";"Pleno dia";"Decrescente";"Céu Claro";"Dupla";"Curva";"Sim";2;0;1;0;1;0;1;2;-25,55775104;-49,36224684;"SPRF-PR";"DEL01-PR";"UOP06-DEL01-PR"
775986;2026-06-03;"quarta-feira";"07:30:00";"MG";40;521,5;"CONTAGEM";"Reação tardia ou ineficiente do condutor";"Colisão traseira";"Com Vítimas Feridas";"Pleno dia";"Crescente";"Céu Claro";"Dupla";"Declive;Reta";"Não";6;0;2;1;3;0;3;5;-19,85991896;-44,07162309;"SPRF-MG";"DEL01-MG";"UOP02-DEL01-MG"
775990;2026-05-17;"domingo";"21:24:00";"SC";101;275;"IMBITUBA";"Velocidade Incompatível";"Colisão com objeto";"Sem Vítimas";"Plena Noite";"Crescente";"Nublado";"Múltipla";"Reta";"Sim";1;0;0;0;1;0;0;1;-28,1512947;-48,6947479;"SPRF-SC";"DEL02-SC";"UOP03-DEL02-SC"
775991;2026-06-02;"terça-feira";"19:00:00";"RN";226;117,4;"LAJES PINTADAS";"Ausência de reação do condutor";"Saída de leito carroçável";"Sem Vítimas";"Plena Noite";"Decrescente";"Céu Claro";"Simples";"Curva;Ponte";"Não";1;0;0;0;1;0;0;1;-6,17756312;-36,11779897;"SPRF-RN";"DEL03-RN";"UOP02-DEL03-RN"
775993;2026-06-03;"quarta-feira";"08:40:00";"MG";381;490,7;"BETIM";"Ausência de reação do condutor";"Queda de ocupante de veículo";"Com Vítimas Feridas";"Pleno dia";"Crescente";"Céu Claro";"Dupla";"Aclive;Reta";"Sim";1;0;1;0;0;0;1;1;-19,95722899;-44,1511759;"SPRF-MG";"DEL01-MG";"UOP03-DEL01-MG"
775994;2026-06-03;"quarta-feira";"05:00:00";"RJ";116;268;"BARRA MANSA";"Ausência de reação do condutor";"Saída de leito carroçável";"Com Vítimas Fatais";"Plena Noite";"Crescente";"Céu Claro";"Dupla";"Curva";"Não";1;1;0;0;0;0;0;1;-22,5832383;-44,1096283;"SPRF-RJ";"DEL07-RJ";"UOP02-DEL07-RJ"
775995;2026-06-03;"quarta-feira";"07:50:00";"CE";116;16;"ITAITINGA";"Reação tardia ou ineficiente do condutor";"Atropelamento de Pedestre";"Com Vítimas Feridas";"Pleno dia";"Crescente";"Céu Claro";"Dupla";"Reta";"Sim";3;0;1;0;1;1;1;2;-3,893103;-38,502592;"SPRF-CE";"DEL01-CE";"UOP02-DEL01-CE"
775996;2026-06-03;"quarta-feira";"07:20:00";"MS";262;366,9;"CAMPO GRANDE";"Acessar a via sem observar a presença dos outros veículos";"Colisão transversal";"Com Vítimas Feridas";"Pleno dia";"Decrescente";"Céu Claro";"Simples";"Rotatória";"Não";4;0;2;0;2;0;2;2;-20,47811326;-54,75093191;"SPRF-MS";"DEL01-MS";"UOP03-DEL01-MS"
775997;2026-06-03;"quarta-feira";"07:45:00";"RS";116;149;"CAXIAS DO SUL";"Ausência de reação do condutor";"Colisão traseira";"Com Vítimas Feridas";"Pleno dia";"Crescente";"Céu Claro";"Dupla";"Reta";"Não";2;0;1;0;1;0;1;2;-29,1587659;-51,1557525;"SPRF-RS";"DEL05-RS";"UOP01-DEL05-RS"
775999;2026-06-03;"quarta-feira";"08:15:00";"RS";116;325;"BARRA DO RIBEIRO";"Ausência de reação do condutor";"Saída de leito carroçável";"Com Vítimas Feridas";"Amanhecer";"Decrescente";"Céu Claro";"Dupla";"Curva";"Não";1;0;1;0;0;0;1;1;-30,33161331;-51,42234296;"SPRF-RS";"DEL02-RS";"UOP01-DEL02-RS"
776001;2026-06-03;"quarta-feira";"09:15:00";"RS";448;12;"CANOAS";"Reação tardia ou ineficiente do condutor";"Engavetamento";"Com Vítimas Feridas";"Pleno dia";"Crescente";"Céu Claro";"Múltipla";"Reta";"Sim";4;0;2;0;2;0;2;3;-29,90279507;-51,24488743;"SPRF-RS";"DEL01-RS";"UOP01-DEL01-RS"
776002;2026-06-03;"quarta-feira";"08:50:00";"DF";80;22;"BRASILIA";"Ausência de reação do condutor";"Colisão traseira";"Com Vítimas Feridas";"Pleno dia";"Decrescente";"Céu Claro";"Simples";"Reta";"Sim";3;0;1;0;2;0;1;2;-15,657309;-48,202823;"SPRF-DF";"DEL03-DF";"UOP02-DEL03-DF"
776004;2026-04-20;"segunda-feira";"16:45:00";"RJ";101;479;"ANGRA DOS REIS";"Ausência de reação do condutor";"Colisão traseira";"Com Vítimas Feridas";"Pleno dia";"Crescente";"Céu Claro";"Simples";"Reta";"Sim";2;0;1;0;1;0;1;2;-22,98992254;-44,24196226;"SPRF-RJ";"DEL03-RJ";"UOP03-DEL03-RJ"
776008;2026-06-03;"quarta-feira";"06:10:00";"MT";163;708;"SORRISO";"Ausência de reação do condutor";"Saída de leito carroçável";"Com Vítimas Feridas";"Pleno dia";"Decrescente";"Céu Claro";"Simples";"Reta";"Não";1;0;0;1;0;0;1;1;-12,916488;-55,85424;"SPRF-MT";"DEL06-MT";"UOP01-DEL06-MT"
776009;2026-06-03;"quarta-feira";"09:45:00";"MG";381;588;"CARMOPOLIS DE MINAS";"Condutor Dormindo";"Saída de leito carroçável";"Com Vítimas Fatais";"Pleno dia";"Crescente";"Nublado";"Dupla";"Declive;Reta";"Sim";1;1;0;0;0;0;0;1;-20,532651;-44,639206;"SPRF-MG";"DEL04-MG";"UOP01-DEL04-MG"
776010;2026-06-03;"quarta-feira";"09:00:00";"SP";116;145;"SAO JOSE DOS CAMPOS";"Manobra de mudança de faixa";"Colisão traseira";"Com Vítimas Feridas";"Pleno dia";"Crescente";"Céu Claro";"Dupla";"Reta";"Sim";2;0;1;0;0;1;1;2;-23,187188;-45,856135;"SPRF-SP";"DEL02-SP";"UOP01-DEL02-SP"
776011;2026-06-03;"quarta-feira";"09:30:00";"MG";262;127;"RIO CASCA";"Velocidade Incompatível";"Saída de leito carroçável";"Com Vítimas Feridas";"Pleno dia";"Decrescente";"Céu Claro";"Simples";"Curva";"Não";1;0;1;0;0;0;1;1;-20,17573013;-42,69673197;"SPRF-MG";"DEL03-MG";"UOP03-DEL03-MG"
776012;2026-06-03;"quarta-feira";"08:45:00";"SC";280;28,7;"ARAQUARI";"Ausência de reação do condutor";"Colisão transversal";"Com Vítimas Feridas";"Pleno dia";"Decrescente";"Céu Claro";"Simples";"Reta";"Não";2;0;0;1;1;0;1;2;-26,407858;-48,749337;"SPRF-SC";"DEL03-SC";"UOP03-DEL03-SC"
776013;2026-06-02;"terça-feira";"22:00:00";"PR";277;1,9;"CURITIBA";"Manobra de mudança de faixa";"Saída de leito carroçável";"Com Vítimas Feridas";"Plena Noite";"Decrescente";"Nublado";"Dupla";"Reta";"Sim";1;0;1;0;0;0;1;1;-25,43041428;-49,35201857;"SPRF-PR";"DEL01-PR";"UOP06-DEL01-PR"
776016;2026-05-22;"sexta-feira";"18:00:00";"DF";60;6,9;"BRASILIA";"Entrada inopinada do pedestre";"Atropelamento de Pedestre";"Com Vítimas Feridas";"Anoitecer";"Decrescente";"Céu Claro";"Dupla";"Reta";"Sim";4;0;1;1;2;0;2;2;-15,899915;-48,122693;"SPRF-DF";"DEL03-DF";"UOP01-DEL03-DF"
776018;2026-06-03;"quarta-feira";"09:40:00";"RJ";101;309;"SAO GONCALO";"Reação tardia ou ineficiente do condutor";"Colisão traseira";"Com Vítimas Feridas";"Pleno dia";"Crescente";"Céu Claro";"Dupla";"Reta";"Sim";3;0;1;0;1;1;1;3;-22,79643932;-43,04228783;"SPRF-RJ";"DEL02-RJ";"UOP02-DEL02-RJ"
776019;2026-06-03;"quarta-feira";"11:00:00";"SP";153;75;"BADY BASSITT";"Condutor deixou de manter distância do veículo da frente";"Colisão traseira";"Com Vítimas Feridas";"Pleno dia";"Crescente";"Céu Claro";"Simples";"Retorno Regulamentado;Rotatória";"Não";3;0;1;0;2;0;1;2;-20,8948688;-49,4347565;"SPRF-SP";"DEL09-SP";"UOP01-DEL09-SP"
776022;2026-06-03;"quarta-feira";"11:30:00";"DF";60;10;"BRASILIA";"Ausência de reação do condutor";"Saída de leito carroçável";"Com Vítimas Feridas";"Pleno dia";"Crescente";"Céu Claro";"Dupla";"Aclive;Reta";"Não";1;0;1;0;0;0;1;1;-15,910135;-48,152418;"SPRF-DF";"DEL03-DF";"UOP01-DEL03-DF"
776023;2026-06-03;"quarta-feira";"10:40:00";"SE";101;11;"CEDRO DE SAO JOAO";"Velocidade Incompatível";"Capotamento";"Com Vítimas Feridas";"Pleno dia";"Decrescente";"Chuva";"Dupla";"Curva";"Não";1;0;1;0;0;0;1;1;-10,26185262;-36,86384082;"SPRF-SE";"DEL02-SE";"UOP02-DEL02-SE"
776027;2026-06-03;"quarta-feira";"11:20:00";"RN";101;74;"SAO GONCALO DO AMARANTE";"Avarias e/ou desgaste excessivo no pneu";"Colisão com objeto";"Com Vítimas Feridas";"Pleno dia";"Decrescente";"Céu Claro";"Dupla";"Declive";"Não";3;0;1;1;0;1;2;2;-5,71521;-35,273072;"SPRF-RN";"DEL02-RN";"UOP01-DEL02-RN"
776028;2026-05-07;"quinta-feira";"04:20:00";"MT";174;486;"COMODORO";"Objeto estático sobre o leito carroçável";"Colisão com objeto";"Com Vítimas Feridas";"Amanhecer";"Decrescente";"Ignorado";"Simples";"Reta;Declive";"Não";1;0;1;0;0;0;1;1;-13,70957172;-59,78241348;"SPRF-MT";"DEL04-MT";"UOP02-DEL04-MT"
776029;2026-06-03;"quarta-feira";"12:00:00";"RJ";116;177;"MESQUITA";"Manobra de mudança de faixa";"Colisão lateral mesmo sentido";"Com Vítimas Feridas";"Pleno dia";"Decrescente";"Céu Claro";"Dupla";"Reta";"Não";2;0;1;0;1;0;1;2;-22,77685047;-43,39890227;"SPRF-RJ";"DEL06-RJ";"UOP01-DEL06-RJ"
776032;2026-05-20;"quarta-feira";"06:00:00";"RJ";101;313;"SAO GONCALO";"Reação tardia ou ineficiente do condutor";"Colisão lateral mesmo sentido";"Com Vítimas Feridas";"Pleno dia";"Crescente";"Chuva";"Dupla";"Reta";"Sim";3;0;1;0;2;0;1;2;-22,80947922;-43,06831447;"SPRF-RJ";"DEL02-RJ";"UOP02-DEL02-RJ"
776034;2026-06-03;"quarta-feira";"11:45:00";"PR";369;163,4;"CAMBE";"Condutor deixou de manter distância do veículo da frente";"Colisão lateral mesmo sentido";"Com Vítimas Feridas";"Pleno dia";"Crescente";"Céu Claro";"Dupla";"Curva;Declive";"Sim";2;0;1;0;1;0;1;2;-23,2969249;-51,27915859;"SPRF-PR";"DEL07-PR";"UOP01-DEL07-PR"
776035;2026-06-03;"quarta-feira";"11:40:00";"RS";153;44;"ERECHIM";"Reação tardia ou ineficiente do condutor";"Colisão traseira";"Sem Vítimas";"Pleno dia";"Decrescente";"Céu Claro";"Dupla";"Rotatória;Interseção de Vias";"Sim";2;0;0;0;2;0;0;2;-27,62175171;-52,23769643;"SPRF-RS";"DEL08-RS";"UOP04-DEL08-RS"
776036;2026-06-03;"quarta-feira";"10:30:00";"MS";0;0;"PARANAIBA";"Demais falhas na via";"Colisão com objeto";"Sem Vítimas";"Pleno dia";"Não Informado";"Sol";"Dupla";"Declive";"Sim";3;0;0;0;2;1;0;2;-19,678484;-51,193258;"SPRF-MS";"DEL08-MS";"UOP01-DEL08-MS"
776037;2026-06-03;"quarta-feira";"12:30:00";"MG";40;518;"RIBEIRAO DAS NEVES";"Reação tardia ou ineficiente do condutor";"Engavetamento";"Sem Vítimas";"Pleno dia";"Crescente";"Céu Claro";"Dupla";"Reta";"Não";5;0;0;0;5;0;0;5;-19,832698;-44,08152;"SPRF-MG";"DEL01-MG";"UOP02-DEL01-MG"
776039;2026-05-07;"quinta-feira";"07:50:00";"BA";101;716;"EUNAPOLIS";"Acesso irregular";"Colisão transversal";"Com Vítimas Feridas";"Pleno dia";"Decrescente";"Céu Claro";"Simples";"Reta";"Sim";2;0;1;1;0;0;2;2;-16,3636675;-39,5806781;"SPRF-BA";"DEL09-BA";"UOP01-DEL09-BA"
776040;2026-06-03;"quarta-feira";"13:10:00";"MG";381;351;"JOAO MONLEVADE";"Condutor deixou de manter distância do veículo da frente";"Colisão traseira";"Com Vítimas Feridas";"Pleno dia";"Crescente";"Céu Claro";"Simples";"Reta";"Sim";2;0;1;1;0;0;2;1;-19,83725352;-43,18772793;"SPRF-MG";"DEL03-MG";"UOP01-DEL03-MG"
776041;2026-06-03;"quarta-feira";"12:30:00";"MG";381;338;"BELA VISTA DE MINAS";"Reação tardia ou ineficiente do condutor";"Saída de leito carroçável";"Com Vítimas Feridas";"Pleno dia";"Decrescente";"Céu Claro";"Simples";"Curva";"Não";2;0;1;0;1;0;1;1;-19,833929;-43,110349;"SPRF-MG";"DEL03-MG";"UOP01-DEL03-MG"
776046;2026-06-03;"quarta-feira";"13:50:00";"SP";153;62,6;"SAO JOSE DO RIO PRETO";"Ausência de reação do condutor";"Engavetamento";"Com Vítimas Feridas";"Pleno dia";"Crescente";"Céu Claro";"Dupla";"Aclive;Reta";"Não";4;0;1;0;3;0;1;3;-20,8181963;-49,3572916;"SPRF-SP";"DEL09-SP";"UOP01-DEL09-SP"
776047;2026-06-03;"quarta-feira";"13:00:00";"BA";415;30;"ILHEUS";"Chuva";"Colisão transversal";"Com Vítimas Feridas";"Pleno dia";"Decrescente";"Chuva";"Dupla";"Curva";"Não";3;0;1;0;2;0;1;2;-14,78266;-39,23412;"SPRF-BA";"DEL05-BA";"UOP01-DEL05-BA"
776048;2026-05-02;"sábado";"18:10:00";"TO";153;562,9;"FATIMA";"Reação tardia ou ineficiente do condutor";"Saída de leito carroçável";"Com Vítimas Fatais";"Plena Noite";"Decrescente";"Céu Claro";"Dupla";"Curva";"Sim";1;1;0;0;0;0;0;1;-10,763453;-48,901785;"SPRF-TO";"DEL01-TO";"UOP01-DEL01-TO"
776049;2026-06-03;"quarta-feira";"14:12:00";"PE";101;80;"JABOATAO DOS GUARARAPES";"Reação tardia ou ineficiente do condutor";"Colisão transversal";"Com Vítimas Feridas";"Pleno dia";"Decrescente";"Nublado";"Dupla";"Reta";"Sim";3;0;2;0;1;0;2;3;-8,15700133;-34,94109392;"SPRF-PE";"DEL01-PE";"UOP01-DEL01-PE"
776053;2026-06-03;"quarta-feira";"13:40:00";"ES";101;285;"CARIACICA";"Ausência de reação do condutor";"Colisão transversal";"Com Vítimas Feridas";"Pleno dia";"Decrescente";"Sol";"Dupla";"Retorno Regulamentado";"Não";3;0;2;0;1;0;2;2;-20,2520016;-40,3731833;"SPRF-ES";"DEL01-ES";"UOP01-DEL01-ES"