"id";"data_inversa";"dia_semana";"horario";"uf";"br";"km";"municipio";"causa_acidente";"tipo_acidente";"classificacao_acidente";"fase_dia";"sentido_via";"condicao_metereologica";"tipo_pista";"tracado_via";"uso_solo";"pessoas";"mortos";"feridos_leves";"feridos_graves";"ilesos";"ignorados";"feridos";"veiculos";"latitude";"longitude";"regional";"delegacia";"uop"
776302;2026-06-04;"quinta-feira";"13:10:00";"MS";163;452;"CAMPO GRANDE";"Avarias e/ou desgaste excessivo no pneu";"Tombamento";"Com Vítimas Feridas";"Pleno dia";"Crescente";"Céu Claro";"Simples";"Declive;Reta";"Não";2;0;0;2;0;0;2;1;-20,7517688;-54,5333403;"SPRF-MS";"DEL01-MS";"UOP01-DEL01-MS"
776303;2026-06-04;"quinta-feira";"15:45:00";"SP";116;109,4;"TAUBATE";"Condutor deixou de manter distância do veículo da frente";"Engavetamento";"Com Vítimas Feridas";"Pleno dia";"Decrescente";"Céu Claro";"Múltipla";"Reta";"Sim";4;0;1;0;1;2;1;4;-23,0324;-45,54986;"SPRF-SP";"DEL02-SP";"UOP02-DEL02-SP"
776304;2026-06-04;"quinta-feira";"14:00:00";"PI";343;157;"BRASILEIRA";"Condutor Dormindo";"Colisão com objeto";"Com Vítimas Feridas";"Pleno dia";"Decrescente";"Céu Claro";"Simples";"Reta";"Não";1;0;1;0;0;0;1;1;-4,048659;-41,771574;"SPRF-PI";"DEL02-PI";"UOP01-DEL02-PI"
776307;2026-06-04;"quinta-feira";"15:30:00";"RS";101;1;"OSORIO";"Ausência de reação do condutor";"Colisão traseira";"Sem Vítimas";"Pleno dia";"Crescente";"Céu Claro";"Dupla";"Curva;Viaduto";"Não";3;0;0;0;2;1;0;2;-29,8943154;-50,2866789;"SPRF-RS";"DEL03-RS";"UOP02-DEL03-RS"
776309;2026-06-04;"quinta-feira";"16:00:00";"BA";116;356;"SERRINHA";"Acessar a via sem observar a presença dos outros veículos";"Eventos atípicos";"Com Vítimas Feridas";"Pleno dia";"Decrescente";"Céu Claro";"Simples";"Interseção de Vias";"Sim";2;0;1;0;0;1;1;2;-11,65083;-38,991527;"SPRF-BA";"DEL02-BA";"UOP01-DEL02-BA"
776310;2026-06-04;"quinta-feira";"15:30:00";"GO";153;664,4;"GOIATUBA";"Ausência de reação do condutor";"Colisão traseira";"Sem Vítimas";"Pleno dia";"Decrescente";"Céu Claro";"Dupla";"Reta";"Não";1;0;0;0;1;0;0;1;-18,085895;-49,270338;"SPRF-GO";"DEL03-GO";"UOP02-DEL03-GO"
776311;2026-06-04;"quinta-feira";"14:10:00";"PE";408;69,9;"PAUDALHO";"Condutor Dormindo";"Colisão traseira";"Com Vítimas Feridas";"Pleno dia";"Crescente";"Céu Claro";"Dupla";"Reta";"Não";2;0;1;0;1;0;1;2;-7,921557;-35,158295;"SPRF-PE";"DEL01-PE";"UOP01-DEL01-PE"
776313;2026-06-04;"quinta-feira";"13:50:00";"RJ";101;597;"PARATY";"Transitar na contramão";"Colisão frontal";"Com Vítimas Feridas";"Pleno dia";"Decrescente";"Nublado";"Simples";"Curva;Declive";"Não";3;0;1;0;2;0;1;2;-23,33823668;-44,7446537;"SPRF-RJ";"DEL03-RJ";"UOP04-DEL03-RJ"
776315;2026-05-11;"segunda-feira";"12:00:00";"GO";0;0;"JATAI";"Demais falhas mecânicas ou elétricas";"Colisão com objeto";"Sem Vítimas";"Pleno dia";"Não Informado";"Céu Claro";"Simples";"Reta";"Sim";2;0;0;0;2;0;0;1;-17,89653;-51,733156;"SPRF-GO";"DEL05-GO";"UOP01-DEL05-GO"
776316;2026-06-04;"quinta-feira";"10:20:00";"PB";104;9;"CUITE";"Retorno proibido";"Colisão transversal";"Com Vítimas Feridas";"Pleno dia";"Decrescente";"Céu Claro";"Simples";"Reta";"Sim";2;0;0;2;0;0;2;2;-6,483744;-36,157985;"SPRF-PB";"DEL02-PB";"UOP04-DEL02-PB"
776317;2026-06-04;"quinta-feira";"17:00:00";"MG";381;422;"CAETE";"Reação tardia ou ineficiente do condutor";"Tombamento";"Com Vítimas Feridas";"Anoitecer";"Crescente";"Céu Claro";"Dupla";"Aclive;Reta";"Não";1;0;1;0;0;0;1;1;-19,7918919;-43,6816406;"SPRF-MG";"DEL01-MG";"UOP01-DEL01-MG"
776319;2026-06-04;"quinta-feira";"16:25:00";"RS";101;79;"OSORIO";"Reação tardia ou ineficiente do condutor";"Saída de leito carroçável";"Com Vítimas Feridas";"Pleno dia";"Decrescente";"Céu Claro";"Dupla";"Curva";"Não";3;0;0;1;0;2;1;2;-29,8730991;-50,25481224;"SPRF-RS";"DEL03-RS";"UOP01-DEL03-RS"
776320;2026-06-04;"quinta-feira";"17:00:00";"CE";116;42;"HORIZONTE";"Acessar a via sem observar a presença dos outros veículos";"Colisão traseira";"Com Vítimas Feridas";"Plena Noite";"Crescente";"Céu Claro";"Dupla";"Curva;Retorno Regulamentado;Aclive";"Sim";3;0;1;2;0;0;3;2;-4,1127799;-38,4911744;"SPRF-CE";"DEL01-CE";"UOP02-DEL01-CE"
776321;2026-06-04;"quinta-feira";"17:40:00";"BA";116;820;"VITORIA DA CONQUISTA";"Reação tardia ou ineficiente do condutor";"Queda de ocupante de veículo";"Com Vítimas Feridas";"Anoitecer";"Decrescente";"Nublado";"Simples";"Reta;Aclive";"Não";2;0;1;0;1;0;1;1;-14,83105563;-40,83711354;"SPRF-BA";"DEL08-BA";"UOP01-DEL08-BA"
776322;2026-06-04;"quinta-feira";"15:30:00";"RJ";40;85;"PETROPOLIS";"Pista Escorregadia";"Colisão com objeto";"Com Vítimas Feridas";"Pleno dia";"Crescente";"Garoa/Chuvisco";"Dupla";"Curva;Declive";"Não";2;0;2;0;0;0;2;1;-22,529627;-43,23516;"SPRF-RJ";"DEL01-RJ";"UOP01-DEL01-RJ"
776323;2026-06-04;"quinta-feira";"16:50:00";"RS";116;258,8;"CANOAS";"Velocidade Incompatível";"Colisão lateral sentido oposto";"Com Vítimas Feridas";"Anoitecer";"Crescente";"Céu Claro";"Simples";"Reta;Desvio Temporário;Em Obras";"Sim";3;0;0;1;2;0;1;2;-29,86681837;-51,18101744;"SPRF-RS";"DEL01-RS";"UOP02-DEL01-RS"
776324;2026-06-04;"quinta-feira";"18:00:00";"ES";101;140,1;"LINHARES";"Demais falhas mecânicas ou elétricas";"Incêndio";"Sem Vítimas";"Anoitecer";"Decrescente";"Chuva";"Múltipla";"Reta";"Sim";2;0;0;0;2;0;0;1;-19,3188045;-40,0750726;"SPRF-ES";"DEL04-ES";"UOP01-DEL04-ES"
776326;2026-06-04;"quinta-feira";"17:10:00";"PI";343;4;"TERESINA";"Manobra de mudança de faixa";"Colisão com objeto";"Com Vítimas Feridas";"Pleno dia";"Decrescente";"Céu Claro";"Dupla";"Ponte;Reta";"Sim";2;0;1;0;1;0;1;2;-5,083522;-42,796966;"SPRF-PI";"DEL01-PI";"UOP01-DEL01-PI"
776327;2026-06-04;"quinta-feira";"15:00:00";"MG";262;36,4;"MANHUACU";"Reação tardia ou ineficiente do condutor";"Colisão lateral mesmo sentido";"Com Vítimas Feridas";"Pleno dia";"Decrescente";"Céu Claro";"Simples";"Curva;Aclive";"Sim";2;0;1;0;1;0;1;2;-20,26615;-42,03568;"SPRF-MG";"DEL06-MG";"UOP03-DEL06-MG"
776328;2026-06-04;"quinta-feira";"18:20:00";"SC";280;28;"ARAQUARI";"Acessar a via sem observar a presença dos outros veículos";"Colisão transversal";"Sem Vítimas";"Anoitecer";"Decrescente";"Nublado";"Simples";"Reta";"Sim";3;0;0;0;3;0;0;2;-26,40464584;-48,74563901;"SPRF-SC";"DEL03-SC";"UOP03-DEL03-SC"
776329;2026-06-04;"quinta-feira";"18:20:00";"CE";20;310,8;"CANINDE";"Ingestão de álcool pelo condutor";"Colisão traseira";"Com Vítimas Feridas";"Plena Noite";"Decrescente";"Céu Claro";"Simples";"Aclive;Reta";"Não";2;0;0;1;1;0;1;2;-4,329123;-39,284055;"SPRF-CE";"DEL02-CE";"UOP01-DEL02-CE"
776330;2026-06-04;"quinta-feira";"16:20:00";"MG";262;349;"BETIM";"Ausência de reação do condutor";"Tombamento";"Com Vítimas Feridas";"Pleno dia";"Decrescente";"Céu Claro";"Dupla";"Curva";"Não";1;0;1;0;0;0;1;1;-19,9798021;-44,21756744;"SPRF-MG";"DEL01-MG";"UOP03-DEL01-MG"
776331;2026-06-04;"quinta-feira";"16:00:00";"MG";262;361;"JUATUBA";"Trafegar com motocicleta (ou similar) entre as faixas";"Colisão lateral mesmo sentido";"Com Vítimas Feridas";"Pleno dia";"Decrescente";"Céu Claro";"Dupla";"Reta";"Sim";2;0;0;1;1;0;1;2;-19,97327726;-44,31375917;"SPRF-MG";"DEL01-MG";"UOP03-DEL01-MG"
776333;2026-06-04;"quinta-feira";"18:25:00";"PR";163;263;"TOLEDO";"Ingestão de álcool pelo condutor";"Colisão lateral mesmo sentido";"Com Vítimas Feridas";"Anoitecer";"Crescente";"Céu Claro";"Dupla";"Reta";"Não";3;0;1;0;2;0;1;2;-24,62674545;-53,89315065;"SPRF-PR";"DEL06-PR";"UOP02-DEL06-PR"
776334;2026-06-04;"quinta-feira";"17:45:00";"GO";414;439,5;"ANAPOLIS";"Transitar na contramão";"Colisão transversal";"Com Vítimas Feridas";"Plena Noite";"Decrescente";"Céu Claro";"Simples";"Reta";"Sim";3;0;1;0;2;0;1;2;-16,27756895;-48,94160271;"SPRF-GO";"DEL02-GO";"UOP01-DEL02-GO"
776335;2026-06-04;"quinta-feira";"18:10:00";"RS";285;390,6;"SANTA BARBARA DO SUL";"Faróis desregulados";"Colisão frontal";"Com Vítimas Feridas";"Plena Noite";"Crescente";"Céu Claro";"Simples";"Reta;Declive";"Não";5;0;2;3;0;0;5;2;-28,397846;-53,234707;"SPRF-RS";"DEL10-RS";"UOP02-DEL10-RS"
776338;2026-06-04;"quinta-feira";"18:10:00";"SC";282;588,8;"SAUDADES";"Acessar a via sem observar a presença dos outros veículos";"Colisão transversal";"Com Vítimas Feridas";"Plena Noite";"Crescente";"Céu Claro";"Simples";"Declive";"Não";2;0;0;1;1;0;1;2;-26,82610487;-53,0625364;"SPRF-SC";"DEL07-SC";"UOP02-DEL07-SC"
776339;2026-06-04;"quinta-feira";"19:00:00";"RS";386;414;"MONTENEGRO";"Velocidade Incompatível";"Saída de leito carroçável";"Com Vítimas Feridas";"Plena Noite";"Crescente";"Céu Claro";"Simples";"Curva";"Não";1;0;1;0;0;0;1;1;-29,8157116;-51,4814687;"SPRF-RS";"DEL04-RS";"UOP02-DEL04-RS"
776340;2026-06-04;"quinta-feira";"18:00:00";"BA";116;226;"EUCLIDES DA CUNHA";"Condutor deixou de manter distância do veículo da frente";"Colisão traseira";"Com Vítimas Feridas";"Anoitecer";"Crescente";"Céu Claro";"Simples";"Declive;Reta";"Não";2;0;1;0;0;1;1;2;-10,587394;-38,980829;"SPRF-BA";"DEL07-BA";"UOP03-DEL07-BA"
776343;2026-06-04;"quinta-feira";"18:40:00";"PE";423;96,4;"GARANHUNS";"Condutor desrespeitou a iluminação vermelha do semáforo";"Colisão transversal";"Com Vítimas Feridas";"Plena Noite";"Crescente";"Garoa/Chuvisco";"Simples";"Aclive;Reta";"Não";2;0;1;0;1;0;1;2;-8,88170506;-36,49019051;"SPRF-PE";"DEL03-PE";"UOP01-DEL03-PE"
776344;2026-06-04;"quinta-feira";"19:00:00";"SP";101;39;"UBATUBA";"Reação tardia ou ineficiente do condutor";"Saída de leito carroçável";"Sem Vítimas";"Plena Noite";"Crescente";"Nublado";"Simples";"Curva;Declive";"Não";1;0;0;0;1;0;0;1;-23,4137165;-45,0326953;"SPRF-SP";"DEL06-SP";"UOP01-DEL06-SP"
776346;2026-06-04;"quinta-feira";"18:30:00";"PR";277;586,9;"CASCAVEL";"Manobra de mudança de faixa";"Colisão lateral mesmo sentido";"Com Vítimas Feridas";"Plena Noite";"Crescente";"Céu Claro";"Dupla";"Rotatória;Interseção de Vias;Viaduto";"Sim";2;0;1;0;1;0;1;2;-24,96462009;-53,40554005;"SPRF-PR";"DEL04-PR";"UOP01-DEL04-PR"
776347;2026-06-04;"quinta-feira";"19:20:00";"GO";60;167;"GOIANIA";"Demais falhas mecânicas ou elétricas";"Colisão traseira";"Com Vítimas Feridas";"Plena Noite";"Crescente";"Céu Claro";"Dupla";"Declive;Reta";"Sim";2;0;1;0;1;0;1;2;-16,73023;-49,389333;"SPRF-GO";"DEL01-GO";"UOP02-DEL01-GO"
776348;2026-06-04;"quinta-feira";"19:15:00";"SP";116;150,2;"SAO JOSE DOS CAMPOS";"Manobra de mudança de faixa";"Colisão lateral mesmo sentido";"Com Vítimas Feridas";"Plena Noite";"Decrescente";"Céu Claro";"Múltipla";"Declive;Reta";"Sim";2;0;1;0;1;0;1;2;-23,21341;-45,89312;"SPRF-SP";"DEL02-SP";"UOP01-DEL02-SP"
776349;2026-06-04;"quinta-feira";"18:05:00";"SE";101;93,4;"NOSSA SENHORA DO SOCORRO";"Chuva";"Colisão transversal";"Sem Vítimas";"Plena Noite";"Crescente";"Chuva";"Dupla";"Reta";"Sim";3;0;0;0;3;0;0;3;-10,90321974;-37,14675872;"SPRF-SE";"DEL01-SE";"UOP01-DEL01-SE"
776352;2026-06-04;"quinta-feira";"20:20:00";"ES";101;156;"LINHARES";"Reação tardia ou ineficiente do condutor";"Colisão traseira";"Com Vítimas Feridas";"Plena Noite";"Crescente";"Garoa/Chuvisco";"Simples";"Reta";"Não";3;0;1;0;2;0;1;2;-19,43910505;-40,08955892;"SPRF-ES";"DEL04-ES";"UOP01-DEL04-ES"
776353;2026-06-04;"quinta-feira";"20:00:00";"RN";101;95,9;"NATAL";"Velocidade Incompatível";"Colisão traseira";"Com Vítimas Feridas";"Plena Noite";"Crescente";"Céu Claro";"Múltipla";"Reta";"Sim";2;0;1;0;0;1;1;2;-5,853815;-35,210925;"SPRF-RN";"DEL01-RN";"UOP01-DEL01-RN"
776356;2026-06-04;"quinta-feira";"17:41:00";"MG";50;188,2;"UBERABA";"Afundamento ou ondulação no pavimento";"Tombamento";"Com Vítimas Feridas";"Anoitecer";"Crescente";"Céu Claro";"Dupla";"Reta";"Não";2;0;1;0;0;1;1;2;-19,8419665;-47,87936211;"SPRF-MG";"DEL13-MG";"UOP01-DEL13-MG"
776358;2026-04-29;"quarta-feira";"18:10:00";"RJ";101;575;"PARATY";"Retorno proibido";"Colisão transversal";"Com Vítimas Feridas";"Plena Noite";"Decrescente";"Nublado";"Simples";"Reta";"Sim";2;0;1;0;1;0;1;2;-23,22153412;-44,73374097;"SPRF-RJ";"DEL03-RJ";"UOP04-DEL03-RJ"
776359;2026-04-13;"segunda-feira";"08:05:00";"BA";324;516;"FEIRA DE SANTANA";"Reação tardia ou ineficiente do condutor";"Colisão frontal";"Com Vítimas Feridas";"Pleno dia";"Decrescente";"Ignorado";"Simples";"Reta";"Sim";1;0;1;0;0;0;1;1;-12,24941;-38,93367;"SPRF-BA";"DEL02-BA";"UOP01-DEL02-BA"
776361;2026-06-04;"quinta-feira";"19:50:00";"MS";262;387;"TERENOS";"Acostamento em desnível";"Colisão com objeto";"Com Vítimas Feridas";"Plena Noite";"Decrescente";"Céu Claro";"Simples";"Reta;Declive;Em Obras";"Não";5;0;2;0;3;0;2;1;-20,429285;-54,902004;"SPRF-MS";"DEL01-MS";"UOP03-DEL01-MS"
776362;2026-06-04;"quinta-feira";"19:25:00";"SC";282;542,5;"CHAPECO";"Ingestão de álcool pelo condutor";"Colisão lateral mesmo sentido";"Sem Vítimas";"Plena Noite";"Crescente";"Céu Claro";"Simples";"Declive;Reta";"Não";2;0;0;0;1;1;0;2;-27,000202;-52,713292;"SPRF-SC";"DEL07-SC";"UOP01-DEL07-SC"
776366;2026-06-04;"quinta-feira";"19:10:00";"SP";116;149;"SAO JOSE DOS CAMPOS";"Acessar a via sem observar a presença dos outros veículos";"Tombamento";"Sem Vítimas";"Plena Noite";"Decrescente";"Céu Claro";"Dupla";"Reta";"Sim";1;0;0;0;0;1;0;1;-23,21037;-45,88966;"SPRF-SP";"DEL02-SP";"UOP01-DEL02-SP"
776367;2026-06-04;"quinta-feira";"19:50:00";"PE";232;13,5;"JABOATAO DOS GUARARAPES";"Acumulo de água sobre o pavimento";"Capotamento";"Com Vítimas Feridas";"Plena Noite";"Decrescente";"Chuva";"Dupla";"Reta";"Não";1;0;1;0;0;0;1;1;-8,086187;-35,003585;"SPRF-PE";"DEL01-PE";"UOP01-DEL01-PE"
776369;2026-06-04;"quinta-feira";"20:59:00";"SC";470;153,7;"AGRONOMICA";"Reação tardia ou ineficiente do condutor";"Saída de leito carroçável";"Com Vítimas Feridas";"Plena Noite";"Decrescente";"Nublado";"Simples";"Curva";"Não";1;0;1;0;0;0;1;1;-27,27655;-49,74107;"SPRF-SC";"DEL04-SC";"UOP02-DEL04-SC"
776370;2026-06-04;"quinta-feira";"18:50:00";"PR";376;68,7;"GUAIRACA";"Ultrapassagem Indevida";"Colisão frontal";"Com Vítimas Fatais";"Plena Noite";"Crescente";"Céu Claro";"Simples";"Aclive;Reta";"Não";7;3;0;3;1;0;3;3;-22,936205;-52,739742;"SPRF-PR";"DEL09-PR";"UOP02-DEL09-PR"
776371;2026-06-04;"quinta-feira";"18:20:00";"PE";424;4;"ARCOVERDE";"Transitar na contramão";"Colisão frontal";"Com Vítimas Fatais";"Plena Noite";"Crescente";"Garoa/Chuvisco";"Simples";"Reta";"Não";2;1;0;0;0;1;0;2;-8,456895;-37,046493;"SPRF-PE";"DEL04-PE";"UOP02-DEL04-PE"
776372;2026-06-04;"quinta-feira";"18:00:00";"BA";116;229;"EUCLIDES DA CUNHA";"Ausência de reação do condutor";"Atropelamento de Pedestre";"Com Vítimas Feridas";"Pleno dia";"Crescente";"Chuva";"Simples";"Reta";"Não";2;0;0;1;0;1;1;2;-10,587381;-38,980829;"SPRF-BA";"DEL07-BA";"UOP03-DEL07-BA"
776373;2026-06-04;"quinta-feira";"19:00:00";"AC";317;276;"EPITACIOLANDIA";"Condutor Dormindo";"Queda de ocupante de veículo";"Com Vítimas Feridas";"Plena Noite";"Crescente";"Céu Claro";"Simples";"Reta";"Não";1;0;0;1;0;0;1;1;-11,00142399;-68,64748608;"SPRF-AC";"DEL01-AC";"UOP02-DEL01-AC"
776374;2026-06-04;"quinta-feira";"18:30:00";"SC";101;451,4;"SAO JOAO DO SUL";"Ausência de reação do condutor";"Colisão frontal";"Com Vítimas Feridas";"Plena Noite";"Crescente";"Nublado";"Múltipla";"Reta";"Não";2;0;0;1;1;0;1;2;-29,19047151;-49,75426409;"SPRF-SC";"DEL02-SC";"UOP02-DEL02-SC"
776375;2026-06-04;"quinta-feira";"20:30:00";"MG";116;109,8;"ITAOBIM";"Ausência de reação do condutor";"Saída de leito carroçável";"Com Vítimas Fatais";"Plena Noite";"Decrescente";"Céu Claro";"Simples";"Curva";"Não";1;1;0;0;0;0;0;1;-16,51097;-41,506303;"SPRF-MG";"DEL11-MG";"UOP02-DEL11-MG"
776376;2026-06-04;"quinta-feira";"19:00:00";"BA";101;222;"CRUZ DAS ALMAS";"Transitar na contramão";"Colisão frontal";"Com Vítimas Feridas";"Plena Noite";"Crescente";"Nublado";"Simples";"Reta";"Não";3;0;0;1;2;0;1;2;-12,680915;-39,140234;"SPRF-BA";"DEL11-BA";"UOP01-DEL11-BA"
776379;2026-06-04;"quinta-feira";"20:57:00";"PR";116;208,8;"RIO NEGRO";"Reação tardia ou ineficiente do condutor";"Colisão com objeto";"Com Vítimas Feridas";"Plena Noite";"Decrescente";"Céu Claro";"Simples";"Aclive";"Sim";1;0;1;0;0;0;1;1;-26,0840429;-49,7756798;"SPRF-SC";"DEL06-SC";"UOP01-DEL06-SC"
776380;2026-06-04;"quinta-feira";"18:00:00";"RO";364;343;"JI-PARANA";"Acessar a via sem observar a presença dos outros veículos";"Colisão transversal";"Com Vítimas Feridas";"Anoitecer";"Crescente";"Céu Claro";"Simples";"Reta;Interseção de Vias";"Sim";3;0;2;0;0;1;2;3;-10,87731266;-61,94701044;"SPRF-RO";"DEL02-RO";"UOP01-DEL02-RO"
776382;2026-06-04;"quinta-feira";"21:30:00";"PI";316;29,2;"DEMERVAL LOBAO";"Transitar na contramão";"Colisão frontal";"Com Vítimas Feridas";"Plena Noite";"Decrescente";"Céu Claro";"Simples";"Curva";"Não";2;0;0;1;1;0;1;2;-5,338625;-42,696087;"SPRF-PI";"DEL01-PI";"UOP02-DEL01-PI"
776385;2026-06-04;"quinta-feira";"22:40:00";"MG";381;366;"SAO GONCALO DO RIO ABAIXO";"Reação tardia ou ineficiente do condutor";"Saída de leito carroçável";"Com Vítimas Feridas";"Plena Noite";"Decrescente";"Céu Claro";"Simples";"Curva";"Não";1;0;1;0;0;0;1;1;-19,851215;-43,291934;"SPRF-MG";"DEL03-MG";"UOP01-DEL03-MG"
776386;2026-06-04;"quinta-feira";"21:35:00";"RJ";393;175,6;"TRES RIOS";"Ausência de reação do condutor";"Tombamento";"Com Vítimas Feridas";"Pleno dia";"Decrescente";"Nublado";"Simples";"Rotatória";"Sim";1;0;0;1;0;0;1;1;-22,12430193;-43,23140351;"SPRF-RJ";"DEL05-RJ";"UOP03-DEL05-RJ"
776387;2026-06-04;"quinta-feira";"17:55:00";"MT";364;197,8;"RONDONOPOLIS";"Ultrapassagem Indevida";"Colisão lateral sentido oposto";"Com Vítimas Feridas";"Plena Noite";"Crescente";"Céu Claro";"Simples";"Aclive;Reta";"Não";2;0;1;0;1;0;1;2;-16,512571;-54,613029;"SPRF-MT";"DEL02-MT";"UOP01-DEL02-MT"
776390;2026-06-05;"sexta-feira";"00:05:00";"PR";376;126,3;"ALTO PARANA";"Animais na Pista";"Atropelamento de Animal";"Com Vítimas Feridas";"Plena Noite";"Crescente";"Céu Claro";"Dupla";"Aclive;Reta";"Não";1;0;1;0;0;0;1;1;-23,14864687;-52,27621078;"SPRF-PR";"DEL09-PR";"UOP02-DEL09-PR"
776391;2026-06-04;"quinta-feira";"20:00:00";"AM";319;601;"HUMAITA";"Velocidade Incompatível";"Saída de leito carroçável";"Com Vítimas Fatais";"Plena Noite";"Decrescente";"Céu Claro";"Simples";"Curva";"Não";1;1;0;0;0;0;0;1;-7,08522551;-63,11018793;"SPRF-AM";"DEL02-AM";"UOP01-DEL02-AM"
776392;2026-06-04;"quinta-feira";"23:40:00";"PR";476;168;"ARAUCARIA";"Ausência de reação do condutor";"Saída de leito carroçável";"Sem Vítimas";"Plena Noite";"Crescente";"Nublado";"Simples";"Curva;Declive";"Não";1;0;0;0;1;0;0;1;-25,65233765;-49,47954051;"SPRF-PR";"DEL01-PR";"UOP06-DEL01-PR"
776393;2026-06-04;"quinta-feira";"23:30:00";"SC";101;92;"BARRA VELHA";"Reação tardia ou ineficiente do condutor";"Saída de leito carroçável";"Com Vítimas Feridas";"Plena Noite";"Crescente";"Nublado";"Simples";"Reta";"Não";2;0;2;0;0;0;2;1;-26,68038344;-48,69321942;"SPRF-SC";"DEL03-SC";"UOP02-DEL03-SC"
776394;2026-06-04;"quinta-feira";"23:15:00";"MG";40;580;"NOVA LIMA";"Condutor deixou de manter distância do veículo da frente";"Colisão lateral mesmo sentido";"Com Vítimas Feridas";"Plena Noite";"Decrescente";"Céu Claro";"Dupla";"Curva";"Não";2;0;2;0;0;0;2;2;-20,0819082;-43,9793805;"SPRF-MG";"DEL01-MG";"UOP02-DEL01-MG"
776395;2026-06-04;"quinta-feira";"23:50:00";"RS";116;149;"CAXIAS DO SUL";"Manobra de mudança de faixa";"Colisão lateral mesmo sentido";"Sem Vítimas";"Plena Noite";"Crescente";"Céu Claro";"Dupla";"Reta";"Sim";3;0;0;0;3;0;0;2;-29,168727;-51,158287;"SPRF-RS";"DEL05-RS";"UOP01-DEL05-RS"
776396;2026-06-05;"sexta-feira";"00:10:00";"RN";101;83,9;"NATAL";"Condutor deixou de manter distância do veículo da frente";"Colisão traseira";"Com Vítimas Feridas";"Plena Noite";"Decrescente";"Céu Claro";"Dupla";"Reta";"Sim";2;0;1;0;1;0;1;2;-5,77322162;-35,26023527;"SPRF-RN";"DEL02-RN";"UOP01-DEL02-RN"
776398;2026-06-05;"sexta-feira";"00:50:00";"SC";280;56,2;"GUARAMIRIM";"Acesso irregular";"Colisão com objeto";"Sem Vítimas";"Plena Noite";"Crescente";"Chuva";"Dupla";"Reta;Em Obras";"Sim";1;0;0;0;1;0;0;1;-26,479392;-49,00407;"SPRF-SC";"DEL03-SC";"UOP03-DEL03-SC"
776399;2026-06-05;"sexta-feira";"00:56:00";"GO";40;2;"VALPARAISO DE GOIAS";"Reação tardia ou ineficiente do condutor";"Colisão com objeto";"Com Vítimas Feridas";"Plena Noite";"Crescente";"Céu Claro";"Dupla";"Reta";"Sim";1;0;0;1;0;0;1;1;-16,0690848;-47,9868383;"SPRF-DF";"DEL01-DF";"UOP01-DEL01-DF"
776401;2026-06-05;"sexta-feira";"01:30:00";"MG";40;498,3;"ESMERALDAS";"Pedestre andava na pista";"Atropelamento de Pedestre";"Com Vítimas Fatais";"Plena Noite";"Crescente";"Céu Claro";"Dupla";"Declive;Reta";"Não";2;1;0;0;1;0;0;2;-19,6865361;-44,18119669;"SPRF-MG";"DEL02-MG";"UOP01-DEL02-MG"
776403;2026-06-05;"sexta-feira";"01:30:00";"SC";153;66;"IRANI";"Ausência de reação do condutor";"Colisão com objeto";"Sem Vítimas";"Plena Noite";"Decrescente";"Céu Claro";"Simples";"Reta";"Não";1;0;0;0;1;0;0;1;-27,0253837;-51,88550091;"SPRF-SC";"DEL07-SC";"UOP04-DEL07-SC"
776404;2026-06-05;"sexta-feira";"01:30:00";"RS";471;150,6;"SANTA CRUZ DO SUL";"Ingestão de álcool pelo condutor";"Colisão com objeto";"Com Vítimas Feridas";"Plena Noite";"Crescente";"Nevoeiro/Neblina";"Simples";"Interseção de Vias";"Sim";1;0;1;0;0;0;1;1;-29,77803604;-52,41648881;"SPRF-RS";"DEL02-RS";"UOP03-DEL02-RS"
776407;2026-06-05;"sexta-feira";"02:40:00";"SC";282;0,2;"FLORIANOPOLIS";"Ingestão de álcool pelo condutor";"Saída de leito carroçável";"Sem Vítimas";"Plena Noite";"Crescente";"Céu Claro";"Dupla";"Curva";"Não";1;0;0;0;0;1;0;1;-27,5992148;-48,5744155;"SPRF-SC";"DEL01-SC";"UOP01-DEL01-SC"
776408;2026-06-05;"sexta-feira";"02:50:00";"ES";101;141,9;"LINHARES";"Pedestre cruzava a pista fora da faixa";"Atropelamento de Pedestre";"Com Vítimas Fatais";"Plena Noite";"Crescente";"Céu Claro";"Múltipla";"Reta";"Sim";2;1;0;0;0;1;0;2;-19,3338815;-40,0680138;"SPRF-ES";"DEL04-ES";"UOP01-DEL04-ES"
776409;2026-06-05;"sexta-feira";"03:00:00";"RS";470;221,3;"GARIBALDI";"Reação tardia ou ineficiente do condutor";"Saída de leito carroçável";"Com Vítimas Feridas";"Plena Noite";"Crescente";"Céu Claro";"Simples";"Retorno Regulamentado";"Sim";1;0;1;0;0;0;1;1;-29,20866439;-51,51808977;"SPRF-RS";"DEL06-RS";"UOP01-DEL06-RS"
776410;2026-06-05;"sexta-feira";"03:15:00";"CE";20;406;"CAUCAIA";"Transitar na contramão";"Colisão lateral sentido oposto";"Com Vítimas Feridas";"Plena Noite";"Decrescente";"Céu Claro";"Simples";"Reta";"Não";2;0;0;1;0;1;1;2;-3,77242328;-38,67499558;"SPRF-CE";"DEL01-CE";"UOP01-DEL01-CE"
776412;2026-06-05;"sexta-feira";"04:20:00";"RS";290;99;"PORTO ALEGRE";"Ingestão de álcool pelo condutor";"Saída de leito carroçável";"Com Vítimas Feridas";"Plena Noite";"Crescente";"Céu Claro";"Dupla";"Reta";"Não";1;0;1;0;0;0;1;1;-29,9910588;-51,2281324;"SPRF-RS";"DEL01-RS";"UOP01-DEL01-RS"