"id";"data_inversa";"dia_semana";"horario";"uf";"br";"km";"municipio";"causa_acidente";"tipo_acidente";"classificacao_acidente";"fase_dia";"sentido_via";"condicao_metereologica";"tipo_pista";"tracado_via";"uso_solo";"pessoas";"mortos";"feridos_leves";"feridos_graves";"ilesos";"ignorados";"feridos";"veiculos";"latitude";"longitude";"regional";"delegacia";"uop"
776628;2026-06-06;"sábado";"01:25:00";"RS";116;243,1;"SAO LEOPOLDO";"Velocidade Incompatível";"Colisão com objeto";"Com Vítimas Feridas";"Plena Noite";"Decrescente";"Céu Claro";"Múltipla";"Reta";"Sim";3;0;1;1;0;1;2;2;-29,7274525;-51,1487108;"SPRF-RS";"DEL01-RS";"UOP02-DEL01-RS"
776629;2026-06-06;"sábado";"00:48:00";"GO";153;626;"MORRINHOS";"Animais na Pista";"Atropelamento de Animal";"Com Vítimas Feridas";"Pleno dia";"Decrescente";"Céu Claro";"Dupla";"Reta";"Não";4;0;1;0;3;0;1;2;-17,77454347;-49,17495489;"SPRF-GO";"DEL03-GO";"UOP01-DEL03-GO"
776630;2026-06-05;"sexta-feira";"22:51:00";"MS";163;248;"DOURADOS";"Velocidade Incompatível";"Saída de leito carroçável";"Sem Vítimas";"Plena Noite";"Crescente";"Céu Claro";"Simples";"Retorno Regulamentado;Reta";"Não";2;0;0;0;0;2;0;2;-22,3204141;-54,8192929;"SPRF-MS";"DEL04-MS";"UOP02-DEL04-MS"
776631;2026-06-06;"sábado";"00:30:00";"MT";364;396,9;"CUIABA";"Animais na Pista";"Atropelamento de Animal";"Com Vítimas Feridas";"Plena Noite";"Crescente";"Céu Claro";"Dupla";"Reta";"Sim";2;0;2;0;0;0;2;1;-15,66651586;-55,95889533;"SPRF-MT";"DEL01-MT";"UOP02-DEL01-MT"
776632;2026-06-06;"sábado";"01:50:00";"RS";116;241;"NOVO HAMBURGO";"Ingestão de álcool pelo condutor";"Saída de leito carroçável";"Com Vítimas Feridas";"Plena Noite";"Decrescente";"Céu Claro";"Dupla";"Reta";"Sim";1;0;1;0;0;0;1;1;-29,71092691;-51,14725325;"SPRF-RS";"DEL01-RS";"UOP02-DEL01-RS"
776633;2026-06-06;"sábado";"01:40:00";"SC";101;127;"ITAJAI";"Pedestre cruzava a pista fora da faixa";"Atropelamento de Pedestre";"Com Vítimas Feridas";"Plena Noite";"Decrescente";"Nublado";"Dupla";"Curva";"Não";2;0;1;0;1;0;1;2;-26,96441697;-48,6830686;"SPRF-SC";"DEL04-SC";"UOP04-DEL04-SC"
776635;2026-06-06;"sábado";"01:00:00";"SC";282;2;"FLORIANOPOLIS";"Ausência de reação do condutor";"Colisão traseira";"Com Vítimas Feridas";"Plena Noite";"Decrescente";"Nublado";"Múltipla";"Interseção de Vias";"Sim";2;0;1;0;1;0;1;2;-27,60337431;-48,59087555;"SPRF-SC";"DEL01-SC";"UOP01-DEL01-SC"
776636;2026-06-06;"sábado";"01:15:00";"RS";285;407,3;"PANAMBI";"Ausência de reação do condutor";"Colisão lateral sentido oposto";"Com Vítimas Feridas";"Plena Noite";"Decrescente";"Céu Claro";"Simples";"Reta";"Não";3;0;0;2;0;1;2;2;-28,375989;-53,394618;"SPRF-RS";"DEL10-RS";"UOP02-DEL10-RS"
776637;2026-06-06;"sábado";"02:00:00";"MG";381;855,9;"POUSO ALEGRE";"Avarias e/ou desgaste excessivo no pneu";"Saída de leito carroçável";"Sem Vítimas";"Plena Noite";"Crescente";"Nublado";"Dupla";"Reta";"Não";1;0;0;0;1;0;0;1;-22,287521;-45,897126;"SPRF-MG";"DEL16-MG";"UOP01-DEL16-MG"
776638;2026-06-06;"sábado";"00:50:00";"MS";158;94,6;"PARANAIBA";"Ausência de reação do condutor";"Saída de leito carroçável";"Sem Vítimas";"Plena Noite";"Decrescente";"Céu Claro";"Simples";"Declive;Reta";"Sim";1;0;0;0;0;1;0;1;-19,68184582;-51,20101193;"SPRF-MS";"DEL08-MS";"UOP01-DEL08-MS"
776639;2026-06-06;"sábado";"02:01:00";"SP";116;61,6;"GUARATINGUETA";"Ingestão de álcool pelo condutor";"Colisão com objeto";"Com Vítimas Fatais";"Plena Noite";"Crescente";"Céu Claro";"Dupla";"Declive;Reta";"Não";2;1;0;0;1;0;0;1;-22,80215656;-45,17045653;"SPRF-SP";"DEL08-SP";"UOP01-DEL08-SP"
776640;2026-06-06;"sábado";"02:40:00";"PR";376;231;"APUCARANA";"Mal súbito do condutor";"Saída de leito carroçável";"Com Vítimas Feridas";"Plena Noite";"Decrescente";"Céu Claro";"Dupla";"Reta";"Não";1;0;1;0;0;0;1;1;-23,55947;-51,5362;"SPRF-PR";"DEL07-PR";"UOP03-DEL07-PR"
776641;2026-06-06;"sábado";"02:20:00";"MS";163;258;"DOURADOS";"Ingestão de álcool pelo condutor";"Colisão traseira";"Sem Vítimas";"Plena Noite";"Crescente";"Céu Claro";"Dupla";"Reta";"Não";3;0;0;0;3;0;0;2;-22,259024;-54,785739;"SPRF-MS";"DEL04-MS";"UOP01-DEL04-MS"
776642;2026-06-06;"sábado";"04:00:00";"SC";470;44,2;"GASPAR";"Ingestão de álcool pelo condutor";"Colisão lateral mesmo sentido";"Sem Vítimas";"Plena Noite";"Decrescente";"Céu Claro";"Dupla";"Reta";"Não";1;0;0;0;1;0;0;1;-26,8704569;-49,02287833;"SPRF-SC";"DEL04-SC";"UOP01-DEL04-SC"
776643;2026-06-06;"sábado";"01:30:00";"RS";285;159,7;"MUITOS CAPOES";"Condutor Dormindo";"Saída de leito carroçável";"Com Vítimas Feridas";"Plena Noite";"Crescente";"Ignorado";"Simples";"Reta";"Não";1;0;1;0;0;0;1;1;-28,32106;-51,22457;"SPRF-RS";"DEL05-RS";"UOP03-DEL05-RS"
776644;2026-06-06;"sábado";"03:55:00";"RS";116;391;"CAMAQUA";"Reação tardia ou ineficiente do condutor";"Tombamento";"Com Vítimas Feridas";"Plena Noite";"Decrescente";"Céu Claro";"Dupla";"Reta";"Não";1;0;0;1;0;0;1;1;-30,8321971;-51,730259;"SPRF-RS";"DEL02-RS";"UOP02-DEL02-RS"
776647;2026-06-06;"sábado";"05:10:00";"PR";277;68;"SAO JOSE DOS PINHAIS";"Ausência de reação do condutor";"Colisão traseira";"Sem Vítimas";"Plena Noite";"Decrescente";"Nevoeiro/Neblina";"Dupla";"Reta";"Sim";2;0;0;0;2;0;0;2;-25,523543;-49,101267;"SPRF-PR";"DEL01-PR";"UOP01-DEL01-PR"
776649;2026-06-06;"sábado";"05:00:00";"PE";424;92;"GARANHUNS";"Transitar na contramão";"Colisão frontal";"Com Vítimas Feridas";"Pleno dia";"Crescente";"Chuva";"Simples";"Reta";"Não";2;0;0;1;1;0;1;2;-8,9117232;-36,4928408;"SPRF-PE";"DEL03-PE";"UOP01-DEL03-PE"
776650;2026-06-06;"sábado";"06:20:00";"ES";101;66,8;"SAO MATEUS";"Reação tardia ou ineficiente do condutor";"Saída de leito carroçável";"Com Vítimas Feridas";"Pleno dia";"Crescente";"Céu Claro";"Múltipla";"Reta";"Sim";1;0;1;0;0;0;1;1;-18,722852;-39,86206;"SPRF-ES";"DEL04-ES";"UOP02-DEL04-ES"
776651;2026-06-06;"sábado";"06:30:00";"RN";101;83;"SAO GONCALO DO AMARANTE";"Ausência de reação do condutor";"Colisão traseira";"Sem Vítimas";"Pleno dia";"Crescente";"Nublado";"Dupla";"Reta";"Sim";2;0;0;0;2;0;0;2;-5,7721363;-35,26362989;"SPRF-RN";"DEL02-RN";"UOP01-DEL02-RN"
776652;2026-06-06;"sábado";"05:26:00";"SC";101;127;"ITAJAI";"Ausência de reação do condutor";"Colisão com objeto";"Com Vítimas Feridas";"Plena Noite";"Crescente";"Nevoeiro/Neblina";"Dupla";"Reta";"Sim";1;0;1;0;0;0;1;1;-26,94115;-48,69409;"SPRF-SC";"DEL04-SC";"UOP04-DEL04-SC"
776653;2026-06-06;"sábado";"06:40:00";"RS";386;446;"CANOAS";"Ausência de reação do condutor";"Colisão com objeto";"Com Vítimas Feridas";"Amanhecer";"Decrescente";"Céu Claro";"Dupla";"Curva";"Sim";2;0;1;0;1;0;1;1;-29,89169123;-51,17651419;"SPRF-RS";"DEL01-RS";"UOP01-DEL01-RS"
776654;2026-06-06;"sábado";"04:30:00";"BA";324;416;"RIACHAO DO JACUIPE";"Ausência de reação do condutor";"Colisão traseira";"Sem Vítimas";"Plena Noite";"Crescente";"Céu Claro";"Simples";"Reta";"Não";1;0;0;0;1;0;0;1;-11,68678;-39,54531;"SPRF-BA";"DEL04-BA";"UOP02-DEL04-BA"
776655;2026-06-05;"sexta-feira";"22:05:00";"MT";364;353;"SANTO ANTONIO DO LEVERGER";"Avarias e/ou desgaste excessivo no pneu";"Capotamento";"Sem Vítimas";"Plena Noite";"Crescente";"Céu Claro";"Dupla";"Curva";"Não";1;0;0;0;1;0;0;1;-15,7938451;-55,5820907;"SPRF-MT";"DEL05-MT";"UOP02-DEL05-MT"
776656;2026-06-06;"sábado";"06:45:00";"PB";230;26,2;"JOAO PESSOA";"Ausência de reação do condutor";"Tombamento";"Com Vítimas Feridas";"Pleno dia";"Decrescente";"Céu Claro";"Múltipla";"Reta";"Não";1;0;1;0;0;0;1;1;-7,169217;-34,880056;"SPRF-PB";"DEL01-PB";"UOP01-DEL01-PB"
776657;2026-06-06;"sábado";"06:50:00";"SP";116;413;"JUQUIA";"Ausência de reação do condutor";"Colisão com objeto";"Sem Vítimas";"Amanhecer";"Crescente";"Nevoeiro/Neblina";"Dupla";"Reta";"Não";1;0;0;0;1;0;0;1;-24,330155;-47,625407;"SPRF-SP";"DEL05-SP";"UOP01-DEL05-SP"
776658;2026-06-06;"sábado";"02:26:00";"PA";230;1128;"ITAITUBA";"Entrada inopinada do pedestre";"Atropelamento de Pedestre";"Com Vítimas Fatais";"Plena Noite";"Crescente";"Nublado";"Simples";"Reta";"Sim";2;1;0;0;0;1;0;2;-4,29973939;-55,95884655;"SPRF-PA";"DEL05-PA";"UOP02-DEL05-PA"
776660;2026-06-06;"sábado";"07:40:00";"DF";70;16,5;"BRASILIA";"Manobra de mudança de faixa";"Colisão lateral mesmo sentido";"Com Vítimas Feridas";"Pleno dia";"Decrescente";"Céu Claro";"Dupla";"Reta";"Sim";3;0;2;0;1;0;2;2;-15,79533006;-48,19826603;"SPRF-DF";"DEL03-DF";"UOP02-DEL03-DF"
776661;2026-06-06;"sábado";"07:00:00";"RS";153;653;"BAGE";"Ausência de reação do condutor";"Saída de leito carroçável";"Com Vítimas Feridas";"Amanhecer";"Crescente";"Nevoeiro/Neblina";"Simples";"Reta";"Não";1;0;0;1;0;0;1;1;-31,29765636;-54,00148565;"SPRF-RS";"DEL11-RS";"UOP03-DEL11-RS"
776662;2026-06-06;"sábado";"08:05:00";"RN";110;48,6;"MOSSORO";"Acessar a via sem observar a presença dos outros veículos";"Colisão transversal";"Com Vítimas Feridas";"Pleno dia";"Crescente";"Céu Claro";"Múltipla";"Reta";"Sim";2;0;1;0;1;0;1;2;-5,21292973;-37,33173609;"SPRF-RN";"DEL04-RN";"UOP01-DEL04-RN"
776663;2026-06-06;"sábado";"05:35:00";"MT";364;273;"JACIARA";"Reação tardia ou ineficiente do condutor";"Saída de leito carroçável";"Sem Vítimas";"Amanhecer";"Crescente";"Céu Claro";"Dupla";"Reta";"Sim";1;0;0;0;1;0;0;1;-15,9605074;-54,9682759;"SPRF-MT";"DEL05-MT";"UOP02-DEL05-MT"
776664;2026-06-06;"sábado";"06:10:00";"RO";319;143;"PORTO VELHO";"Demais falhas mecânicas ou elétricas";"Incêndio";"Sem Vítimas";"Pleno dia";"Crescente";"Céu Claro";"Dupla";"Reta";"Sim";2;0;0;0;2;0;0;1;-8,75959856;-63,88600481;"SPRF-RO";"DEL01-RO";"UOP01-DEL01-RO"
776665;2026-06-06;"sábado";"07:02:00";"RN";406;167,9;"SAO GONCALO DO AMARANTE";"Manobra de mudança de faixa";"Colisão lateral mesmo sentido";"Com Vítimas Feridas";"Pleno dia";"Crescente";"Céu Claro";"Dupla";"Retorno Regulamentado";"Sim";3;0;3;0;0;0;3;2;-5,74851244;-35,32654064;"SPRF-RN";"DEL02-RN";"UOP01-DEL02-RN"
776666;2026-06-06;"sábado";"08:40:00";"SP";116;466;"PARIQUERA-ACU";"Ausência de reação do condutor";"Capotamento";"Com Vítimas Feridas";"Pleno dia";"Decrescente";"Céu Claro";"Dupla";"Reta";"Não";2;0;2;0;0;0;2;1;-24,6468168;-47,92089192;"SPRF-SP";"DEL05-SP";"UOP01-DEL05-SP"
776667;2026-06-05;"sexta-feira";"19:20:00";"RS";158;163;"PANAMBI";"Ingestão de álcool pelo condutor";"Saída de leito carroçável";"Sem Vítimas";"Plena Noite";"Crescente";"Céu Claro";"Simples";"Reta";"Não";1;0;0;0;1;0;0;1;-28,33739915;-53,49753857;"SPRF-RS";"DEL10-RS";"UOP02-DEL10-RS"
776668;2026-06-06;"sábado";"07:35:00";"RO";364;197;"PIMENTA BUENO";"Conversão proibida";"Colisão lateral mesmo sentido";"Com Vítimas Feridas";"Pleno dia";"Decrescente";"Céu Claro";"Simples";"Declive;Reta";"Sim";2;0;0;1;1;0;1;2;-11,677307;-61,188542;"SPRF-RO";"DEL02-RO";"UOP02-DEL02-RO"
776669;2026-06-06;"sábado";"08:40:00";"CE";222;224,2;"SOBRAL";"Transitar na contramão";"Colisão frontal";"Com Vítimas Fatais";"Pleno dia";"Crescente";"Céu Claro";"Simples";"Reta";"Sim";3;2;1;0;0;0;1;2;-3,70798;-40,35354;"SPRF-CE";"DEL04-CE";"UOP01-DEL04-CE"
776672;2026-06-06;"sábado";"09:20:00";"SC";101;418;"ARARANGUA";"Ingestão de álcool pelo condutor";"Colisão transversal";"Sem Vítimas";"Pleno dia";"Crescente";"Céu Claro";"Simples";"Reta";"Sim";2;0;0;0;2;0;0;2;-28,990333;-49,546945;"SPRF-SC";"DEL02-SC";"UOP02-DEL02-SC"
776673;2026-06-06;"sábado";"09:12:00";"PR";277;644,6;"CEU AZUL";"Acesso irregular";"Colisão lateral mesmo sentido";"Sem Vítimas";"Pleno dia";"Decrescente";"Céu Claro";"Simples";"Reta";"Não";5;0;0;0;5;0;0;3;-25,17622161;-53,8781058;"SPRF-PR";"DEL05-PR";"UOP02-DEL05-PR"
776674;2026-06-06;"sábado";"08:15:00";"PE";104;71;"CARUARU";"Acessar a via sem observar a presença dos outros veículos";"Saída de leito carroçável";"Com Vítimas Feridas";"Pleno dia";"Crescente";"Nublado";"Dupla";"Curva";"Sim";1;0;1;0;0;0;1;1;-8,32802259;-35,98374367;"SPRF-PE";"DEL02-PE";"UOP01-DEL02-PE"
776675;2026-06-06;"sábado";"09:45:00";"SC";101;221,7;"PALHOCA";"Manobra de mudança de faixa";"Colisão lateral mesmo sentido";"Com Vítimas Feridas";"Pleno dia";"Crescente";"Céu Claro";"Dupla";"Reta";"Sim";3;0;2;0;1;0;2;2;-27,70743;-48,65731;"SPRF-SC";"DEL01-SC";"UOP02-DEL01-SC"
776676;2026-06-06;"sábado";"10:00:00";"PE";101;53;"PAULISTA";"Reação tardia ou ineficiente do condutor";"Capotamento";"Com Vítimas Feridas";"Pleno dia";"Decrescente";"Nublado";"Múltipla";"Reta";"Sim";1;0;1;0;0;0;1;1;-7,93263;-34,901885;"SPRF-PE";"DEL01-PE";"UOP02-DEL01-PE"
776681;2026-06-06;"sábado";"08:30:00";"DF";80;22;"BRASILIA";"Ultrapassagem Indevida";"Colisão transversal";"Com Vítimas Feridas";"Pleno dia";"Crescente";"Céu Claro";"Simples";"Reta;Em Obras";"Sim";2;0;1;0;1;0;1;2;-15,655577;-48,202518;"SPRF-DF";"DEL03-DF";"UOP02-DEL03-DF"
776683;2026-06-06;"sábado";"10:40:00";"ES";101;202,1;"JOAO NEIVA";"Acessar a via sem observar a presença dos outros veículos";"Colisão transversal";"Com Vítimas Feridas";"Pleno dia";"Crescente";"Céu Claro";"Simples";"Curva";"Não";2;0;1;0;1;0;1;2;-19,742298;-40,365048;"SPRF-ES";"DEL04-ES";"UOP01-DEL04-ES"
776686;2026-06-06;"sábado";"11:20:00";"SC";282;64,1;"RANCHO QUEIMADO";"Velocidade Incompatível";"Colisão frontal";"Com Vítimas Feridas";"Pleno dia";"Crescente";"Céu Claro";"Simples";"Curva";"Não";6;0;3;1;2;0;4;3;-27,696385;-49,0531033;"SPRF-SC";"DEL01-SC";"UOP03-DEL01-SC"
776687;2026-06-06;"sábado";"10:45:00";"RO";364;197,9;"PIMENTA BUENO";"Condutor deixou de manter distância do veículo da frente";"Colisão lateral mesmo sentido";"Com Vítimas Feridas";"Pleno dia";"Crescente";"Céu Claro";"Simples";"Aclive;Reta";"Não";2;0;1;0;0;1;1;2;-11,665;-61,1916;"SPRF-RO";"DEL02-RO";"UOP02-DEL02-RO"
776688;2026-06-06;"sábado";"10:30:00";"RJ";101;390;"RIO DE JANEIRO";"Acumulo de areia ou detritos sobre o pavimento";"Queda de ocupante de veículo";"Com Vítimas Feridas";"Pleno dia";"Crescente";"Céu Claro";"Múltipla";"Curva";"Não";3;0;1;0;2;0;1;2;-22,8954617;-43,6808983;"SPRF-RJ";"DEL03-RJ";"UOP01-DEL03-RJ"
776690;2026-06-06;"sábado";"11:20:00";"SP";116;158;"SAO JOSE DOS CAMPOS";"Ausência de reação do condutor";"Colisão com objeto";"Com Vítimas Feridas";"Pleno dia";"Crescente";"Céu Claro";"Simples";"Curva";"Sim";1;0;1;0;0;0;1;1;-23,25668538;-45,94746785;"SPRF-SP";"DEL02-SP";"UOP01-DEL02-SP"
776691;2026-06-06;"sábado";"11:30:00";"RJ";116;176;"SAO JOAO DE MERITI";"Reação tardia ou ineficiente do condutor";"Colisão lateral mesmo sentido";"Com Vítimas Feridas";"Pleno dia";"Decrescente";"Céu Claro";"Múltipla";"Reta";"Sim";4;0;2;0;2;0;2;2;-22,78631079;-43,37882996;"SPRF-RJ";"DEL06-RJ";"UOP01-DEL06-RJ"
776692;2026-06-06;"sábado";"10:20:00";"PR";376;623;"SAO JOSE DOS PINHAIS";"Ausência de reação do condutor";"Saída de leito carroçável";"Com Vítimas Feridas";"Pleno dia";"Crescente";"Céu Claro";"Dupla";"Reta";"Não";1;0;1;0;0;0;1;1;-25,648255;-49,157985;"SPRF-PR";"DEL01-PR";"UOP04-DEL01-PR"
776693;2026-06-06;"sábado";"12:00:00";"SE";101;94;"NOSSA SENHORA DO SOCORRO";"Avarias e/ou desgaste excessivo no pneu";"Queda de ocupante de veículo";"Com Vítimas Feridas";"Pleno dia";"Decrescente";"Nublado";"Dupla";"Declive;Reta";"Não";2;0;1;1;0;0;2;1;-10,91004645;-37,15624301;"SPRF-SE";"DEL01-SE";"UOP01-DEL01-SE"
776694;2026-06-06;"sábado";"12:00:00";"PR";376;165;"MARINGA";"Frear bruscamente";"Tombamento";"Com Vítimas Feridas";"Pleno dia";"Crescente";"Céu Claro";"Dupla";"Reta";"Não";2;0;1;0;1;0;1;2;-23,384678;-52,027295;"SPRF-PR";"DEL09-PR";"UOP01-DEL09-PR"
776695;2026-06-06;"sábado";"11:45:00";"SC";101;127;"ITAJAI";"Reação tardia ou ineficiente do condutor";"Queda de ocupante de veículo";"Com Vítimas Feridas";"Pleno dia";"Crescente";"Céu Claro";"Dupla";"Reta";"Sim";1;0;1;0;0;0;1;1;-26,966128;-48,683947;"SPRF-SC";"DEL04-SC";"UOP04-DEL04-SC"
776697;2026-06-06;"sábado";"12:20:00";"PE";428;185;"PETROLINA";"Manobra de mudança de faixa";"Colisão transversal";"Com Vítimas Fatais";"Pleno dia";"Decrescente";"Céu Claro";"Múltipla";"Reta;Retorno Regulamentado";"Sim";2;1;0;0;1;0;0;2;-9,35674224;-40,47879338;"SPRF-PE";"DEL06-PE";"UOP01-DEL06-PE"
776701;2026-06-06;"sábado";"11:30:00";"RN";226;113,2;"SANTA CRUZ";"Ausência de reação do condutor";"Tombamento";"Com Vítimas Feridas";"Pleno dia";"Crescente";"Céu Claro";"Simples";"Declive";"Sim";1;0;1;0;0;0;1;1;-6,20988199;-36,02053967;"SPRF-RN";"DEL03-RN";"UOP02-DEL03-RN"
776702;2026-06-06;"sábado";"12:20:00";"PE";101;58;"RECIFE";"Acostamento em desnível";"Tombamento";"Com Vítimas Feridas";"Pleno dia";"Decrescente";"Nublado";"Dupla";"Reta";"Sim";2;0;2;0;0;0;2;1;-7,97242;-34,92121;"SPRF-PE";"DEL01-PE";"UOP02-DEL01-PE"
776703;2026-06-06;"sábado";"09:30:00";"MG";459;30,4;"CALDAS";"Velocidade Incompatível";"Tombamento";"Com Vítimas Feridas";"Pleno dia";"Crescente";"Céu Claro";"Dupla";"Rotatória;Interseção de Vias";"Sim";2;0;1;1;0;0;2;1;-21,91302836;-46,38138056;"SPRF-MG";"DEL09-MG";"UOP01-DEL09-MG"
776704;2026-06-06;"sábado";"13:00:00";"MG";40;511;"RIBEIRAO DAS NEVES";"Condutor deixou de manter distância do veículo da frente";"Colisão traseira";"Com Vítimas Feridas";"Pleno dia";"Crescente";"Céu Claro";"Dupla";"Reta";"Sim";3;0;1;0;2;0;1;2;-19,78533081;-44,11520898;"SPRF-MG";"DEL01-MG";"UOP02-DEL01-MG"
776705;2026-06-06;"sábado";"11:20:00";"RJ";101;490;"ANGRA DOS REIS";"Ausência de reação do condutor";"Colisão traseira";"Com Vítimas Feridas";"Pleno dia";"Crescente";"Céu Claro";"Simples";"Reta";"Sim";3;0;1;0;2;0;1;2;-22,9568863;-44,30047838;"SPRF-RJ";"DEL03-RJ";"UOP03-DEL03-RJ"
776709;2026-06-06;"sábado";"13:10:00";"ES";101;297;"VIANA";"Condutor deixou de manter distância do veículo da frente";"Colisão traseira";"Com Vítimas Feridas";"Pleno dia";"Crescente";"Céu Claro";"Dupla";"Reta";"Sim";2;0;1;0;1;0;1;2;-20,3496;-40,4126;"SPRF-ES";"DEL01-ES";"UOP01-DEL01-ES"
776710;2026-06-06;"sábado";"11:55:00";"RS";116;145,4;"CAXIAS DO SUL";"Acessar a via sem observar a presença dos outros veículos";"Colisão lateral mesmo sentido";"Com Vítimas Feridas";"Pleno dia";"Crescente";"Céu Claro";"Dupla";"Reta";"Sim";2;0;1;0;1;0;1;2;-29,13854872;-51,1327607;"SPRF-RS";"DEL05-RS";"UOP01-DEL05-RS"
776711;2026-06-06;"sábado";"11:00:00";"PR";369;452,3;"CORBELIA";"Ausência de reação do condutor";"Saída de leito carroçável";"Com Vítimas Feridas";"Pleno dia";"Crescente";"Céu Claro";"Simples";"Curva;Aclive";"Não";1;0;1;0;0;0;1;1;-24,5765342;-53,1474325;"SPRF-PR";"DEL04-PR";"UOP03-DEL04-PR"
776714;2026-06-06;"sábado";"13:15:00";"SP";153;85;"MIRASSOL";"Condutor Dormindo";"Saída de leito carroçável";"Com Vítimas Feridas";"Pleno dia";"Decrescente";"Céu Claro";"Múltipla";"Curva";"Não";5;0;5;0;0;0;5;1;-20,93483228;-49,5187119;"SPRF-SP";"DEL09-SP";"UOP01-DEL09-SP"
776715;2026-06-06;"sábado";"10:15:00";"MG";262;565,4;"CORREGO DANTA";"Ultrapassagem Indevida";"Colisão frontal";"Com Vítimas Feridas";"Pleno dia";"Decrescente";"Sol";"Simples";"Curva";"Não";3;0;0;3;0;0;3;2;-19,68428;-46,03932;"SPRF-MG";"DEL08-MG";"UOP02-DEL08-MG"
776716;2026-06-06;"sábado";"13:05:00";"SC";280;26;"ARAQUARI";"Ultrapassagem Indevida";"Colisão transversal";"Com Vítimas Feridas";"Pleno dia";"Crescente";"Sol";"Simples";"Reta";"Sim";2;0;1;0;1;0;1;2;-26,40891766;-48,75063479;"SPRF-SC";"DEL03-SC";"UOP03-DEL03-SC"
776717;2026-06-06;"sábado";"04:15:00";"RJ";40;114;"DUQUE DE CAXIAS";"Demais falhas mecânicas ou elétricas";"Incêndio";"Sem Vítimas";"Amanhecer";"Decrescente";"Nublado";"Simples";"Retorno Regulamentado";"Sim";1;0;0;0;1;0;0;1;-22,71808355;-43,29074225;"SPRF-RJ";"DEL01-RJ";"UOP02-DEL01-RJ"
776718;2026-06-06;"sábado";"09:30:00";"PA";10;256;"AURORA DO PARA";"Reação tardia ou ineficiente do condutor";"Saída de leito carroçável";"Com Vítimas Feridas";"Pleno dia";"Decrescente";"Ignorado";"Simples";"Aclive;Reta";"Não";1;0;1;0;0;0;1;1;-2,19516;-47,561573;"SPRF-PA";"DEL02-PA";"UOP01-DEL02-PA"
776719;2026-06-06;"sábado";"13:40:00";"SP";116;469,8;"JACUPIRANGA";"Ausência de reação do condutor";"Saída de leito carroçável";"Com Vítimas Feridas";"Pleno dia";"Decrescente";"Sol";"Dupla";"Reta";"Não";1;0;1;0;0;0;1;1;-24,6534327;-47,9601525;"SPRF-SP";"DEL05-SP";"UOP01-DEL05-SP"
776720;2026-06-06;"sábado";"13:40:00";"RJ";101;296;"ITABORAI";"Condutor deixou de manter distância do veículo da frente";"Colisão traseira";"Com Vítimas Feridas";"Pleno dia";"Crescente";"Céu Claro";"Dupla";"Reta";"Não";2;0;1;0;1;0;1;2;-22,76114;-42,89924;"SPRF-RJ";"DEL02-RJ";"UOP02-DEL02-RJ"
776721;2026-06-06;"sábado";"11:45:00";"MT";364;275;"JACIARA";"Acessar a via sem observar a presença dos outros veículos";"Colisão transversal";"Sem Vítimas";"Pleno dia";"Decrescente";"Céu Claro";"Dupla";"Reta";"Sim";2;0;0;0;2;0;0;2;-15,95097341;-54,98223692;"SPRF-MT";"DEL05-MT";"UOP02-DEL05-MT"
776722;2026-06-06;"sábado";"14:00:00";"MG";459;29,1;"CALDAS";"Ausência de reação do condutor";"Colisão traseira";"Com Vítimas Feridas";"Pleno dia";"Decrescente";"Céu Claro";"Simples";"Declive;Reta";"Não";3;0;1;1;0;1;2;2;-21,90345358;-46,37982917;"SPRF-MG";"DEL09-MG";"UOP01-DEL09-MG"
776723;2026-06-06;"sábado";"13:40:00";"RJ";116;182;"NOVA IGUACU";"Trafegar com motocicleta (ou similar) entre as faixas";"Queda de ocupante de veículo";"Sem Vítimas";"Pleno dia";"Crescente";"Céu Claro";"Dupla";"Reta";"Sim";1;0;0;0;1;0;0;1;-22,75829964;-43,4288892;"SPRF-RJ";"DEL06-RJ";"UOP01-DEL06-RJ"
776724;2026-06-06;"sábado";"14:00:00";"ES";259;50,8;"COLATINA";"Acumulo de areia ou detritos sobre o pavimento";"Tombamento";"Com Vítimas Feridas";"Pleno dia";"Crescente";"Céu Claro";"Simples";"Rotatória";"Não";1;0;1;0;0;0;1;1;-19,50365;-40,61403;"SPRF-ES";"DEL02-ES";"UOP01-DEL02-ES"
776726;2026-05-23;"sábado";"13:12:00";"MT";158;767;"BARRA DO GARCAS";"Reação tardia ou ineficiente do condutor";"Colisão transversal";"Com Vítimas Feridas";"Pleno dia";"Decrescente";"Céu Claro";"Simples";"Reta";"Não";3;0;1;1;1;0;2;2;-15,71660972;-52,2466881;"SPRF-MT";"DEL07-MT";"UOP01-DEL07-MT"
776728;2026-06-06;"sábado";"13:30:00";"RJ";40;83;"PETROPOLIS";"Demais falhas na via";"Saída de leito carroçável";"Com Vítimas Feridas";"Pleno dia";"Decrescente";"Céu Claro";"Dupla";"Aclive;Reta";"Sim";1;0;1;0;0;0;1;1;-22,55438746;-43,22543767;"SPRF-RJ";"DEL01-RJ";"UOP01-DEL01-RJ"
776730;2026-06-06;"sábado";"11:20:00";"RJ";40;120;"DUQUE DE CAXIAS";"Transitar no Acostamento";"Colisão transversal";"Com Vítimas Feridas";"Pleno dia";"Decrescente";"Céu Claro";"Dupla";"Reta";"Sim";2;0;0;1;1;0;1;2;-22,77426585;-43,28585062;"SPRF-RJ";"DEL01-RJ";"UOP02-DEL01-RJ"
776731;2026-06-06;"sábado";"15:15:00";"RN";101;96,2;"NATAL";"Manobra de mudança de faixa";"Colisão lateral mesmo sentido";"Com Vítimas Feridas";"Pleno dia";"Crescente";"Sol";"Simples";"Interseção de Vias";"Não";2;0;1;0;1;0;1;2;-5,840635;-35,21082466;"SPRF-RN";"DEL01-RN";"UOP01-DEL01-RN"