"id";"data_inversa";"dia_semana";"horario";"uf";"br";"km";"municipio";"causa_acidente";"tipo_acidente";"classificacao_acidente";"fase_dia";"sentido_via";"condicao_metereologica";"tipo_pista";"tracado_via";"uso_solo";"pessoas";"mortos";"feridos_leves";"feridos_graves";"ilesos";"ignorados";"feridos";"veiculos";"latitude";"longitude";"regional";"delegacia";"uop"
776821;2026-06-06;"sábado";"22:20:00";"RS";290;42,5;"GLORINHA";"Condutor Dormindo";"Colisão com objeto";"Com Vítimas Fatais";"Plena Noite";"Crescente";"Nevoeiro/Neblina";"Dupla";"Reta";"Não";13;1;9;2;1;0;11;1;-29,889372;-50,685112;"SPRF-RS";"DEL03-RS";"UOP01-DEL03-RS"
776822;2026-06-06;"sábado";"20:00:00";"RJ";101;487;"ANGRA DOS REIS";"Conversão proibida";"Colisão transversal";"Com Vítimas Feridas";"Plena Noite";"Crescente";"Céu Claro";"Dupla";"Reta;Interseção de Vias;Declive";"Sim";2;0;1;0;1;0;1;2;-22,96280446;-44,2976405;"SPRF-RJ";"DEL03-RJ";"UOP03-DEL03-RJ"
776824;2026-06-06;"sábado";"22:47:00";"MG";50;179;"UBERABA";"Demais Fenômenos da natureza";"Colisão com objeto";"Com Vítimas Feridas";"Plena Noite";"Decrescente";"Céu Claro";"Dupla";"Declive;Reta";"Sim";1;0;1;0;0;0;1;1;-19,77792;-47,93563;"SPRF-MG";"DEL13-MG";"UOP01-DEL13-MG"
776825;2026-06-06;"sábado";"22:10:00";"BA";324;597;"CANDEIAS";"Manobra de mudança de faixa";"Colisão lateral mesmo sentido";"Com Vítimas Feridas";"Plena Noite";"Crescente";"Nublado";"Dupla";"Reta";"Não";5;0;4;0;1;0;4;2;-12,732127;-38,445385;"SPRF-BA";"DEL01-BA";"UOP01-DEL01-BA"
776826;2026-06-06;"sábado";"22:50:00";"RJ";40;119;"DUQUE DE CAXIAS";"Transitar na contramão";"Colisão frontal";"Com Vítimas Feridas";"Plena Noite";"Decrescente";"Céu Claro";"Dupla";"Curva";"Sim";2;0;1;0;1;0;1;2;-22,7651;-43,2863;"SPRF-RJ";"DEL01-RJ";"UOP02-DEL01-RJ"
776827;2026-06-06;"sábado";"23:15:00";"PB";230;15,6;"JOAO PESSOA";"Pista Escorregadia";"Tombamento";"Com Vítimas Feridas";"Plena Noite";"Decrescente";"Chuva";"Dupla";"Reta";"Sim";1;0;1;0;0;0;1;1;-7,10440602;-34,84517813;"SPRF-PB";"DEL01-PB";"UOP01-DEL01-PB"
776828;2026-06-06;"sábado";"23:10:00";"MG";381;501,2;"BETIM";"Condutor Dormindo";"Colisão traseira";"Com Vítimas Feridas";"Plena Noite";"Decrescente";"Céu Claro";"Múltipla";"Reta";"Não";7;0;5;1;1;0;6;2;-20,0118;-44,2197;"SPRF-MG";"DEL01-MG";"UOP03-DEL01-MG"
776829;2026-06-06;"sábado";"23:00:00";"ES";262;56,2;"MARECHAL FLORIANO";"Reação tardia ou ineficiente do condutor";"Tombamento";"Com Vítimas Feridas";"Plena Noite";"Decrescente";"Céu Claro";"Simples";"Declive";"Não";1;0;1;0;0;0;1;1;-20,41126166;-40,75614301;"SPRF-ES";"DEL01-ES";"UOP01-DEL01-ES"
776830;2026-06-06;"sábado";"23:40:00";"RN";226;7,9;"NATAL";"Transitar na contramão";"Colisão lateral sentido oposto";"Sem Vítimas";"Plena Noite";"Crescente";"Chuva";"Simples";"Ponte";"Não";2;0;0;0;1;1;0;2;-5,835833;-35,28044;"SPRF-RN";"DEL01-RN";"UOP02-DEL01-RN"
776831;2026-06-06;"sábado";"23:50:00";"RJ";116;186;"NOVA IGUACU";"Ingestão de álcool pelo condutor";"Colisão traseira";"Sem Vítimas";"Plena Noite";"Crescente";"Céu Claro";"Múltipla";"Reta;Em Obras";"Sim";2;0;0;0;2;0;0;2;-22,73848143;-43,47689001;"SPRF-RJ";"DEL06-RJ";"UOP01-DEL06-RJ"
776832;2026-06-06;"sábado";"22:55:00";"MG";365;414;"PATOS DE MINAS";"Ingestão de álcool pelo condutor";"Colisão transversal";"Com Vítimas Feridas";"Plena Noite";"Crescente";"Vento";"Simples";"Declive;Reta";"Não";1;0;1;0;0;0;1;1;-18,67361;-46,54322;"SPRF-MG";"DEL10-MG";"UOP01-DEL10-MG"
776833;2026-06-06;"sábado";"23:40:00";"PE";116;26;"SALGUEIRO";"Ausência de reação do condutor";"Colisão transversal";"Com Vítimas Feridas";"Plena Noite";"Decrescente";"Nublado";"Simples";"Reta";"Sim";2;0;0;1;0;1;1;2;-8,0702322;-39,1337645;"SPRF-PE";"DEL05-PE";"UOP01-DEL05-PE"
776834;2026-06-06;"sábado";"21:45:00";"BA";324;348;"QUIXABEIRA";"Condutor deixou de manter distância do veículo da frente";"Colisão traseira";"Com Vítimas Feridas";"Plena Noite";"Decrescente";"Céu Claro";"Simples";"Reta";"Não";6;0;2;1;3;0;3;2;-11,35367;-40,07789;"SPRF-BA";"DEL04-BA";"UOP02-DEL04-BA"
776835;2026-06-06;"sábado";"22:50:00";"MG";365;757;"ITUIUTABA";"Ingestão de álcool pelo condutor";"Saída de leito carroçável";"Sem Vítimas";"Plena Noite";"Crescente";"Céu Claro";"Simples";"Reta";"Não";4;0;0;0;4;0;0;2;-18,96529;-49,51584;"SPRF-MG";"DEL15-MG";"UOP03-DEL15-MG"
776836;2026-06-07;"domingo";"00:15:00";"PR";277;724;"FOZ DO IGUACU";"Ingestão de álcool pelo condutor";"Colisão frontal";"Com Vítimas Feridas";"Plena Noite";"Decrescente";"Céu Claro";"Múltipla";"Reta";"Sim";3;0;0;3;0;0;3;2;-25,499444;-54,531047;"SPRF-PR";"DEL05-PR";"UOP03-DEL05-PR"
776837;2026-06-07;"domingo";"00:10:00";"MG";40;567;"NOVA LIMA";"Ingestão de álcool pelo condutor";"Colisão com objeto";"Sem Vítimas";"Plena Noite";"Crescente";"Céu Claro";"Simples";"Reta";"Não";1;0;0;0;0;1;0;1;-20,18962;-43,9702833;"SPRF-MG";"DEL01-MG";"UOP02-DEL01-MG"
776838;2026-06-06;"sábado";"22:43:00";"MG";116;699,8;"MURIAE";"Ingestão de álcool pelo condutor";"Colisão lateral sentido oposto";"Com Vítimas Feridas";"Plena Noite";"Crescente";"Céu Claro";"Simples";"Reta";"Não";37;0;0;1;36;0;1;2;-21,14650258;-42,38108065;"SPRF-MG";"DEL07-MG";"UOP02-DEL07-MG"
776839;2026-06-07;"domingo";"00:30:00";"SC";101;360;"SANGAO";"Animais na Pista";"Atropelamento de Animal";"Com Vítimas Feridas";"Plena Noite";"Crescente";"Céu Claro";"Múltipla";"Reta";"Não";1;0;1;0;0;0;1;1;-28,666405;-49,116414;"SPRF-SC";"DEL02-SC";"UOP01-DEL02-SC"
776840;2026-06-06;"sábado";"23:44:00";"RO";174;14;"VILHENA";"Reação tardia ou ineficiente do condutor";"Colisão lateral mesmo sentido";"Com Vítimas Feridas";"Plena Noite";"Crescente";"Céu Claro";"Dupla";"Interseção de Vias";"Sim";2;0;1;0;1;0;1;2;-12,72391798;-60,12829185;"SPRF-RO";"DEL04-RO";"UOP01-DEL04-RO"
776841;2026-06-06;"sábado";"23:55:00";"PE";232;129,3;"CARUARU";"Reação tardia ou ineficiente do condutor";"Saída de leito carroçável";"Sem Vítimas";"Plena Noite";"Decrescente";"Nublado";"Dupla";"Curva;Interseção de Vias";"Sim";1;0;0;0;0;1;0;1;-8,30015;-35,98974;"SPRF-PE";"DEL02-PE";"UOP03-DEL02-PE"
776842;2026-06-07;"domingo";"00:30:00";"SC";101;1,5;"FLORIANOPOLIS";"Ausência de reação do condutor";"Saída de leito carroçável";"Com Vítimas Feridas";"Plena Noite";"Crescente";"Nublado";"Múltipla";"Reta;Declive";"Sim";1;0;1;0;0;0;1;1;-27,60330345;-48,5863173;"SPRF-SC";"DEL03-SC";"UOP01-DEL03-SC"
776843;2026-06-06;"sábado";"23:00:00";"MT";158;677;"NOVA XAVANTINA";"Reação tardia ou ineficiente do condutor";"Saída de leito carroçável";"Com Vítimas Feridas";"Plena Noite";"Crescente";"Céu Claro";"Simples";"Curva";"Não";2;0;0;2;0;0;2;1;-14,83513204;-52,29567328;"SPRF-MT";"DEL07-MT";"UOP01-DEL07-MT"
776844;2026-06-07;"domingo";"00:51:00";"SC";101;212,7;"PALHOCA";"Pedestre andava na pista";"Atropelamento de Pedestre";"Com Vítimas Feridas";"Plena Noite";"Crescente";"Céu Claro";"Múltipla";"Reta";"Sim";5;0;2;1;2;0;3;3;-27,63458;-48,66354;"SPRF-SC";"DEL01-SC";"UOP02-DEL01-SC"
776845;2026-06-06;"sábado";"22:41:00";"RO";364;673;"CANDEIAS DO JAMARI";"Ingestão de álcool pelo condutor";"Colisão traseira";"Com Vítimas Feridas";"Plena Noite";"Crescente";"Céu Claro";"Simples";"Reta";"Não";4;0;2;0;2;0;2;2;-8,7776237;-63,51564127;"SPRF-RO";"DEL01-RO";"UOP01-DEL01-RO"
776847;2026-06-07;"domingo";"00:50:00";"SP";116;133;"CACAPAVA";"Ingestão de álcool pelo condutor";"Saída de leito carroçável";"Sem Vítimas";"Plena Noite";"Decrescente";"Céu Claro";"Dupla";"Reta";"Não";1;0;0;0;1;0;0;1;-23,12171393;-45,72514461;"SPRF-SP";"DEL02-SP";"UOP02-DEL02-SP"
776848;2026-06-06;"sábado";"21:20:00";"RR";174;356;"CARACARAI";"Ultrapassagem Indevida";"Colisão frontal";"Com Vítimas Feridas";"Plena Noite";"Crescente";"Nevoeiro/Neblina";"Simples";"Ponte";"Não";3;0;0;2;0;1;2;2;1,74054972;-61,14280736;"SPRF-RR";"DEL01-RR";"UOP02-DEL01-RR"
776849;2026-06-07;"domingo";"00:20:00";"PR";369;182;"ARAPONGAS";"Ausência de reação do condutor";"Colisão com objeto";"Com Vítimas Feridas";"Plena Noite";"Crescente";"Ignorado";"Dupla";"Reta";"Não";2;0;0;2;0;0;2;1;-23,37381382;-51,41293645;"SPRF-PR";"DEL07-PR";"UOP03-DEL07-PR"
776851;2026-06-07;"domingo";"01:15:00";"RS";386;42,5;"FREDERICO WESTPHALEN";"Ingestão de álcool pelo condutor";"Tombamento";"Com Vítimas Feridas";"Plena Noite";"Crescente";"Céu Claro";"Simples";"Curva";"Sim";1;0;1;0;0;0;1;1;-27,4244267;-53,4218367;"SPRF-RS";"DEL08-RS";"UOP02-DEL08-RS"
776853;2026-06-07;"domingo";"02:20:00";"DF";20;15,8;"BRASILIA";"Ingestão de álcool pelo condutor";"Colisão com objeto";"Sem Vítimas";"Plena Noite";"Crescente";"Céu Claro";"Dupla";"Reta";"Não";1;0;0;0;1;0;0;1;-15,626969;-47,726986;"SPRF-DF";"DEL02-DF";"UOP01-DEL02-DF"
776854;2026-06-07;"domingo";"02:10:00";"SC";101;378,4;"ICARA";"Reação tardia ou ineficiente do condutor";"Saída de leito carroçável";"Com Vítimas Fatais";"Plena Noite";"Decrescente";"Garoa/Chuvisco";"Simples";"Curva";"Sim";3;1;0;0;0;2;0;2;-28,751502;-49,270398;"SPRF-SC";"DEL02-SC";"UOP02-DEL02-SC"
776855;2026-06-07;"domingo";"03:00:00";"PR";277;11;"PARANAGUA";"Reação tardia ou ineficiente do condutor";"Colisão traseira";"Com Vítimas Feridas";"Plena Noite";"Decrescente";"Nublado";"Dupla";"Reta";"Sim";2;0;1;0;1;0;1;2;-25,565128;-48,626845;"SPRF-PR";"DEL01-PR";"UOP05-DEL01-PR"
776856;2026-06-07;"domingo";"03:30:00";"SC";101;208,3;"SAO JOSE";"Manobra de mudança de faixa";"Colisão lateral mesmo sentido";"Com Vítimas Feridas";"Plena Noite";"Crescente";"Céu Claro";"Múltipla";"Reta";"Sim";2;0;2;0;0;0;2;1;-27,60538;-48,63435;"SPRF-SC";"DEL01-SC";"UOP01-DEL01-SC"
776857;2026-06-07;"domingo";"01:20:00";"ES";101;66,3;"SAO MATEUS";"Ingestão de álcool pelo condutor";"Colisão traseira";"Sem Vítimas";"Plena Noite";"Decrescente";"Céu Claro";"Dupla";"Interseção de Vias";"Sim";3;0;0;0;3;0;0;2;-18,71723204;-39,87238381;"SPRF-ES";"DEL04-ES";"UOP02-DEL04-ES"
776858;2026-06-07;"domingo";"00:26:00";"MG";381;237;"SANTANA DO PARAISO";"Ingestão de álcool pelo condutor";"Colisão traseira";"Com Vítimas Feridas";"Plena Noite";"Decrescente";"Céu Claro";"Simples";"Reta";"Não";3;0;2;0;1;0;2;2;-19,405055;-42,4849333;"SPRF-MG";"DEL06-MG";"UOP01-DEL06-MG"
776859;2026-06-07;"domingo";"02:20:00";"PR";277;530,7;"GUARANIACU";"Ingestão de álcool pelo condutor";"Saída de leito carroçável";"Com Vítimas Feridas";"Plena Noite";"Decrescente";"Nublado";"Simples";"Curva";"Não";2;0;1;1;0;0;2;1;-25,09773903;-52,94114683;"SPRF-PR";"DEL04-PR";"UOP04-DEL04-PR"
776860;2026-06-07;"domingo";"00:48:00";"MT";163;701;"SORRISO";"Ausência de sinalização";"Colisão traseira";"Com Vítimas Feridas";"Plena Noite";"Decrescente";"Céu Claro";"Simples";"Reta;Aclive";"Não";16;0;1;0;15;0;1;2;-12,97796638;-55,87804091;"SPRF-MT";"DEL06-MT";"UOP01-DEL06-MT"
776861;2026-04-30;"quinta-feira";"06:30:00";"GO";60;94;"ANAPOLIS";"Pedestre andava na pista";"Atropelamento de Pedestre";"Com Vítimas Fatais";"Amanhecer";"Decrescente";"Céu Claro";"Simples";"Declive";"Sim";2;1;0;0;1;0;0;2;-16,35662;-48,930544;"SPRF-GO";"DEL02-GO";"UOP01-DEL02-GO"
776862;2026-05-25;"segunda-feira";"18:00:00";"BA";110;396;"SAO SEBASTIAO DO PASSE";"Reação tardia ou ineficiente do condutor";"Saída de leito carroçável";"Com Vítimas Feridas";"Plena Noite";"Decrescente";"Nublado";"Simples";"Reta";"Sim";1;0;1;0;0;0;1;1;-12,50388307;-38,49470973;"SPRF-BA";"DEL01-BA";"UOP01-DEL01-BA"
776863;2026-06-07;"domingo";"03:50:00";"MG";50;81;"UBERLANDIA";"Condutor Dormindo";"Saída de leito carroçável";"Com Vítimas Feridas";"Plena Noite";"Crescente";"Céu Claro";"Dupla";"Aclive;Interseção de Vias";"Sim";1;0;1;0;0;0;1;1;-18,9704776;-48,21356384;"SPRF-MG";"DEL15-MG";"UOP01-DEL15-MG"
776867;2026-06-07;"domingo";"05:30:00";"PR";376;105,8;"PARANAVAI";"Condutor Dormindo";"Tombamento";"Com Vítimas Feridas";"Plena Noite";"Crescente";"Nublado";"Dupla";"Reta";"Não";1;0;1;0;0;0;1;1;-23,0539433;-52,443195;"SPRF-PR";"DEL09-PR";"UOP02-DEL09-PR"
776868;2026-06-07;"domingo";"02:00:00";"MA";222;294,4;"VITORIA DO MEARIM";"Ingestão de álcool pelo condutor";"Colisão frontal";"Com Vítimas Fatais";"Plena Noite";"Decrescente";"Nublado";"Simples";"Reta";"Sim";4;4;0;0;0;0;0;2;-3,47580341;-44,87243146;"SPRF-MA";"DEL02-MA";"UOP01-DEL02-MA"
776870;2026-06-07;"domingo";"04:40:00";"PR";116;85;"PIRAQUARA";"Ingestão de álcool pelo condutor";"Saída de leito carroçável";"Com Vítimas Feridas";"Plena Noite";"Crescente";"Garoa/Chuvisco";"Dupla";"Reta";"Não";1;0;1;0;0;0;1;1;-25,45348379;-49,08841006;"SPRF-PR";"DEL01-PR";"UOP02-DEL01-PR"
776871;2026-06-07;"domingo";"05:00:00";"RS";470;231,3;"CARLOS BARBOSA";"Reação tardia ou ineficiente do condutor";"Capotamento";"Com Vítimas Feridas";"Plena Noite";"Decrescente";"Nublado";"Simples";"Aclive;Curva";"Não";3;0;3;0;0;0;3;1;-29,29652938;-51,48436753;"SPRF-RS";"DEL06-RS";"UOP01-DEL06-RS"
776872;2026-06-07;"domingo";"05:30:00";"PR";277;251;"IRATI";"Condutor Dormindo";"Saída de leito carroçável";"Sem Vítimas";"Plena Noite";"Crescente";"Céu Claro";"Simples";"Curva;Em Obras";"Não";2;0;0;0;2;0;0;1;-25,44956122;-50,66806253;"SPRF-PR";"DEL08-PR";"UOP02-DEL08-PR"
776873;2026-06-07;"domingo";"05:00:00";"RS";472;175,4;"SANTA ROSA";"Transitar na contramão";"Colisão frontal";"Com Vítimas Feridas";"Plena Noite";"Crescente";"Nublado";"Simples";"Curva";"Não";4;0;4;0;0;0;4;2;-27,85590966;-54,51788843;"SPRF-RS";"DEL10-RS";"UOP01-DEL10-RS"
776875;2026-06-07;"domingo";"05:45:00";"SP";381;89;"GUARULHOS";"Pedestre cruzava a pista fora da faixa";"Atropelamento de Pedestre";"Com Vítimas Fatais";"Amanhecer";"Crescente";"Céu Claro";"Múltipla";"Reta";"Sim";2;1;0;0;0;1;0;2;-23,48761;-46,55966;"SPRF-SP";"DEL03-SP";"UOP01-DEL03-SP"
776876;2026-06-07;"domingo";"05:50:00";"PR";369;51;"BANDEIRANTES";"Ingestão de álcool pelo condutor";"Saída de leito carroçável";"Com Vítimas Feridas";"Plena Noite";"Decrescente";"Céu Claro";"Múltipla";"Curva";"Não";2;0;2;0;0;0;2;1;-23,1210613;-50,3235626;"SPRF-PR";"DEL07-PR";"UOP05-DEL07-PR"
776877;2026-06-07;"domingo";"06:03:00";"PE";101;75,7;"RECIFE";"Condutor deixou de manter distância do veículo da frente";"Colisão traseira";"Com Vítimas Feridas";"Pleno dia";"Decrescente";"Chuva";"Dupla";"Reta";"Sim";3;0;1;0;2;0;1;2;-8,112651;-34,945436;"SPRF-PE";"DEL01-PE";"UOP01-DEL01-PE"
776878;2026-06-06;"sábado";"21:35:00";"SC";101;303;"LAGUNA";"Ausência de reação do condutor";"Colisão com objeto";"Sem Vítimas";"Plena Noite";"Crescente";"Céu Claro";"Múltipla";"Reta";"Sim";1;0;0;0;0;1;0;1;-28,36745022;-48,75515986;"SPRF-SC";"DEL02-SC";"UOP03-DEL02-SC"
776879;2026-06-07;"domingo";"05:10:00";"SP";116;133;"CACAPAVA";"Ausência de reação do condutor";"Saída de leito carroçável";"Sem Vítimas";"Amanhecer";"Decrescente";"Nublado";"Dupla";"Reta";"Não";1;0;0;0;0;1;0;1;-23,1222701;-45,7253927;"SPRF-SP";"DEL02-SP";"UOP02-DEL02-SP"
776880;2026-06-07;"domingo";"06:00:00";"GO";60;20,5;"ALEXANIA";"Avarias e/ou desgaste excessivo no pneu";"Queda de ocupante de veículo";"Com Vítimas Feridas";"Amanhecer";"Decrescente";"Nevoeiro/Neblina";"Dupla";"Curva";"Sim";1;0;0;1;0;0;1;1;-16,120371;-48,404708;"SPRF-DF";"DEL03-DF";"UOP01-DEL03-DF"
776882;2026-06-07;"domingo";"05:40:00";"RS";158;327;"SANTA MARIA";"Ausência de reação do condutor";"Saída de leito carroçável";"Com Vítimas Feridas";"Plena Noite";"Crescente";"Nevoeiro/Neblina";"Dupla";"Reta";"Não";1;0;1;0;0;0;1;1;-29,7111;-53,819789;"SPRF-RS";"DEL09-RS";"UOP01-DEL09-RS"
776884;2026-06-06;"sábado";"23:00:00";"MG";116;527,4;"CARATINGA";"Ingestão de álcool pelo condutor";"Colisão traseira";"Com Vítimas Feridas";"Plena Noite";"Crescente";"Céu Claro";"Dupla";"Reta";"Sim";2;0;1;0;0;1;1;2;-19,790461;-42,137036;"SPRF-MG";"DEL06-MG";"UOP02-DEL06-MG"
776885;2026-06-07;"domingo";"06:20:00";"MG";365;120,6;"VARZEA DA PALMA";"Condutor Dormindo";"Saída de leito carroçável";"Com Vítimas Fatais";"Amanhecer";"Decrescente";"Céu Claro";"Simples";"Reta";"Não";6;2;0;3;0;1;3;2;-17,16601;-44,68447;"SPRF-MG";"DEL12-MG";"UOP01-DEL12-MG"
776886;2026-06-07;"domingo";"06:50:00";"SC";101;205;"SAO JOSE";"Reação tardia ou ineficiente do condutor";"Colisão lateral mesmo sentido";"Com Vítimas Feridas";"Pleno dia";"Decrescente";"Céu Claro";"Múltipla";"Interseção de Vias";"Não";2;0;1;0;1;0;1;2;-27,58506107;-48,61557333;"SPRF-SC";"DEL01-SC";"UOP01-DEL01-SC"
776889;2026-06-07;"domingo";"06:15:00";"SP";153;256,2;"MARILIA";"Acessar a via sem observar a presença dos outros veículos";"Colisão transversal";"Com Vítimas Feridas";"Amanhecer";"Crescente";"Céu Claro";"Dupla";"Reta;Interseção de Vias";"Sim";2;0;1;0;0;1;1;2;-22,23677;-49,91934;"SPRF-SP";"DEL07-SP";"UOP02-DEL07-SP"
776890;2026-06-07;"domingo";"07:30:00";"RJ";116;182;"NOVA IGUACU";"Reação tardia ou ineficiente do condutor";"Colisão lateral mesmo sentido";"Com Vítimas Feridas";"Pleno dia";"Crescente";"Céu Claro";"Múltipla";"Reta";"Sim";3;0;2;0;0;1;2;2;-22,7576102;-43,4295397;"SPRF-RJ";"DEL06-RJ";"UOP01-DEL06-RJ"
776891;2026-06-07;"domingo";"05:50:00";"MT";364;263;"SAO PEDRO DA CIPA";"Ausência de reação do condutor";"Colisão com objeto";"Com Vítimas Fatais";"Amanhecer";"Crescente";"Céu Claro";"Dupla";"Reta";"Não";1;1;0;0;0;0;0;1;-16,011515;-54,911943;"SPRF-MT";"DEL02-MT";"UOP01-DEL02-MT"
776892;2026-06-07;"domingo";"07:30:00";"PR";116;210,7;"RIO NEGRO";"Ausência de reação do condutor";"Tombamento";"Com Vítimas Feridas";"Pleno dia";"Crescente";"Céu Claro";"Simples";"Reta";"Sim";1;0;1;0;0;0;1;1;-26,10197752;-49,78107975;"SPRF-SC";"DEL06-SC";"UOP01-DEL06-SC"
776893;2026-06-07;"domingo";"07:00:00";"RJ";101;60;"CAMPOS DOS GOYTACAZES";"Condutor desrespeitou a iluminação vermelha do semáforo";"Colisão transversal";"Sem Vítimas";"Pleno dia";"Crescente";"Céu Claro";"Simples";"Interseção de Vias;Reta";"Sim";2;0;0;0;2;0;0;2;-21,70789939;-41,30910723;"SPRF-RJ";"DEL08-RJ";"UOP01-DEL08-RJ"
776894;2026-06-07;"domingo";"08:11:00";"PE";101;41,9;"IGARASSU";"Condutor deixou de manter distância do veículo da frente";"Colisão traseira";"Com Vítimas Feridas";"Pleno dia";"Decrescente";"Chuva";"Múltipla";"Declive;Reta";"Sim";2;0;0;1;1;0;1;2;-7,8371583;-34,912305;"SPRF-PE";"DEL01-PE";"UOP02-DEL01-PE"
776895;2026-06-07;"domingo";"07:40:00";"DF";80;21,1;"BRASILIA";"Ingestão de álcool pelo condutor";"Saída de leito carroçável";"Com Vítimas Fatais";"Pleno dia";"Crescente";"Céu Claro";"Simples";"Reta";"Não";1;1;0;0;0;0;0;1;-15,6409187;-48,2010852;"SPRF-DF";"DEL03-DF";"UOP02-DEL03-DF"
776896;2026-06-07;"domingo";"05:40:00";"MS";163;838;"SONORA";"Ingestão de álcool pelo condutor";"Colisão com objeto";"Sem Vítimas";"Amanhecer";"Decrescente";"Céu Claro";"Simples";"Rotatória";"Sim";1;0;0;0;1;0;0;1;-17,5919021;-54,74494815;"SPRF-MS";"DEL06-MS";"UOP01-DEL06-MS"
776898;2026-06-07;"domingo";"06:20:00";"MT";163;720;"SORRISO";"Ausência de reação do condutor";"Saída de leito carroçável";"Com Vítimas Feridas";"Pleno dia";"Crescente";"Céu Claro";"Dupla";"Reta";"Não";2;0;1;0;1;0;1;1;-12,811786;-55,829867;"SPRF-MT";"DEL06-MT";"UOP01-DEL06-MT"
776899;2026-05-31;"domingo";"04:00:00";"SC";470;50;"BLUMENAU";"Ingestão de álcool pelo condutor";"Colisão com objeto";"Sem Vítimas";"Plena Noite";"Crescente";"Céu Claro";"Simples";"Reta";"Não";1;0;0;0;1;0;0;1;-26,86016909;-49,07873567;"SPRF-SC";"DEL04-SC";"UOP01-DEL04-SC"
776901;2026-06-07;"domingo";"08:40:00";"RJ";101;332;"RIO DE JANEIRO";"Velocidade Incompatível";"Colisão lateral mesmo sentido";"Com Vítimas Feridas";"Pleno dia";"Decrescente";"Céu Claro";"Múltipla";"Curva";"Não";3;0;1;0;2;0;1;3;-22,86773764;-43,19655625;"SPRF-RJ";"DEL02-RJ";"UOP01-DEL02-RJ"
776902;2026-06-07;"domingo";"08:25:00";"SC";101;209,8;"SAO JOSE";"Ausência de reação do condutor";"Saída de leito carroçável";"Com Vítimas Feridas";"Pleno dia";"Decrescente";"Céu Claro";"Dupla";"Reta;Aclive";"Sim";1;0;0;1;0;0;1;1;-27,61457374;-48,64311425;"SPRF-SC";"DEL01-SC";"UOP01-DEL01-SC"
776903;2026-06-07;"domingo";"08:15:00";"MG";365;647;"UBERLANDIA";"Acumulo de areia ou detritos sobre o pavimento";"Tombamento";"Com Vítimas Feridas";"Pleno dia";"Crescente";"Céu Claro";"Dupla";"Reta";"Não";1;0;1;0;0;0;1;1;-18,86783002;-48,56693968;"SPRF-MG";"DEL15-MG";"UOP01-DEL15-MG"
776905;2026-06-07;"domingo";"09:15:00";"PR";369;154;"LONDRINA";"Reação tardia ou ineficiente do condutor";"Colisão traseira";"Com Vítimas Feridas";"Pleno dia";"Crescente";"Céu Claro";"Dupla";"Reta";"Sim";5;0;1;0;4;0;1;3;-23,29699738;-51,20344618;"SPRF-PR";"DEL07-PR";"UOP01-DEL07-PR"
776906;2026-06-07;"domingo";"09:40:00";"GO";50;277;"CATALAO";"Acumulo de água sobre o pavimento";"Queda de ocupante de veículo";"Com Vítimas Feridas";"Pleno dia";"Decrescente";"Céu Claro";"Dupla";"Rotatória;Curva;Viaduto";"Sim";1;0;1;0;0;0;1;1;-18,170213;-47,919752;"SPRF-GO";"DEL06-GO";"UOP01-DEL06-GO"
776907;2026-06-07;"domingo";"08:36:00";"SC";282;125,4;"BOM RETIRO";"Ultrapassagem Indevida";"Colisão frontal";"Com Vítimas Feridas";"Amanhecer";"Crescente";"Nevoeiro/Neblina";"Simples";"Reta";"Não";6;0;0;6;0;0;6;2;-27,80407;-49,46459;"SPRF-SC";"DEL05-SC";"UOP01-DEL05-SC"
776908;2026-06-07;"domingo";"09:22:00";"SP";116;400;"MIRACATU";"Ausência de reação do condutor";"Tombamento";"Com Vítimas Feridas";"Pleno dia";"Decrescente";"Céu Claro";"Dupla";"Reta";"Não";1;0;1;0;0;0;1;1;-24,309462;-47,505008;"SPRF-SP";"DEL04-SP";"UOP02-DEL04-SP"
776909;2026-06-07;"domingo";"09:38:00";"RN";101;93,5;"NATAL";"Participar de racha";"Colisão traseira";"Com Vítimas Feridas";"Pleno dia";"Decrescente";"Céu Claro";"Dupla";"Reta";"Sim";2;0;0;1;0;1;1;2;-5,82489;-35,209497;"SPRF-RN";"DEL01-RN";"UOP01-DEL01-RN"
776910;2026-06-07;"domingo";"08:30:00";"MG";40;107;"LAGOA GRANDE";"Condutor deixou de manter distância do veículo da frente";"Colisão traseira";"Com Vítimas Feridas";"Pleno dia";"Crescente";"Céu Claro";"Simples";"Aclive;Reta";"Não";5;0;2;0;3;0;2;2;-17,615725;-46,4674;"SPRF-MG";"DEL14-MG";"UOP01-DEL14-MG"
776911;2026-06-07;"domingo";"02:00:00";"PB";230;47,2;"SANTA RITA";"Condutor Dormindo";"Colisão com objeto";"Sem Vítimas";"Pleno dia";"Decrescente";"Chuva";"Dupla";"Reta";"Não";1;0;0;0;0;1;0;1;-7,169333;-35,033;"SPRF-PB";"DEL01-PB";"UOP02-DEL01-PB"
776913;2026-06-07;"domingo";"09:15:00";"MA";135;4;"SAO LUIS";"Condutor deixou de manter distância do veículo da frente";"Colisão traseira";"Sem Vítimas";"Pleno dia";"Decrescente";"Céu Claro";"Dupla";"Reta";"Sim";2;0;0;0;1;1;0;2;-2,619278;-44,256037;"SPRF-MA";"DEL01-MA";"UOP01-DEL01-MA"
776915;2026-06-07;"domingo";"09:10:00";"SC";282;530,5;"CORDILHEIRA ALTA";"Ausência de reação do condutor";"Engavetamento";"Com Vítimas Feridas";"Pleno dia";"Decrescente";"Céu Claro";"Simples";"Reta;Retorno Regulamentado;Aclive";"Não";10;0;1;0;9;0;1;3;-26,98260311;-52,59813714;"SPRF-SC";"DEL07-SC";"UOP01-DEL07-SC"