"id";"data_inversa";"dia_semana";"horario";"uf";"br";"km";"municipio";"causa_acidente";"tipo_acidente";"classificacao_acidente";"fase_dia";"sentido_via";"condicao_metereologica";"tipo_pista";"tracado_via";"uso_solo";"pessoas";"mortos";"feridos_leves";"feridos_graves";"ilesos";"ignorados";"feridos";"veiculos";"latitude";"longitude";"regional";"delegacia";"uop"
777576;2026-06-10;"quarta-feira";"07:55:00";"RJ";40;123;"DUQUE DE CAXIAS";"Reação tardia ou ineficiente do condutor";"Queda de ocupante de veículo";"Com Vítimas Feridas";"Pleno dia";"Crescente";"Céu Claro";"Múltipla";"Reta";"Sim";1;0;1;0;0;0;1;1;-22,80689;-43,289542;"SPRF-RJ";"DEL01-RJ";"UOP02-DEL01-RJ"
777577;2026-06-10;"quarta-feira";"09:25:00";"BA";101;218;"CRUZ DAS ALMAS";"Acessar a via sem observar a presença dos outros veículos";"Colisão transversal";"Com Vítimas Feridas";"Pleno dia";"Decrescente";"Céu Claro";"Simples";"Declive;Reta";"Não";2;0;1;0;1;0;1;2;-12,64570899;-39,10715171;"SPRF-BA";"DEL11-BA";"UOP01-DEL11-BA"
777578;2026-06-10;"quarta-feira";"09:45:00";"SC";282;4,6;"SAO JOSE";"Reação tardia ou ineficiente do condutor";"Colisão traseira";"Com Vítimas Feridas";"Pleno dia";"Decrescente";"Nublado";"Múltipla";"Reta";"Sim";2;0;1;0;1;0;1;2;-27,59013;-48,60948;"SPRF-SC";"DEL01-SC";"UOP01-DEL01-SC"
777579;2026-06-10;"quarta-feira";"09:00:00";"RJ";356;27;"ITAPERUNA";"Carga excessiva e/ou mal acondicionada";"Saída de leito carroçável";"Com Vítimas Feridas";"Pleno dia";"Crescente";"Céu Claro";"Simples";"Reta";"Não";2;0;1;0;1;0;1;1;-21,18366675;-41,94045401;"SPRF-RJ";"DEL08-RJ";"UOP03-DEL08-RJ"
777584;2026-06-10;"quarta-feira";"10:45:00";"MG";381;484;"BETIM";"Ausência de reação do condutor";"Tombamento";"Com Vítimas Feridas";"Pleno dia";"Crescente";"Sol";"Múltipla";"Reta";"Sim";2;0;1;0;1;0;1;2;-19,95574656;-44,09975259;"SPRF-MG";"DEL01-MG";"UOP03-DEL01-MG"
777585;2026-06-10;"quarta-feira";"08:20:00";"PR";163;304;"MERCEDES";"Acumulo de água sobre o pavimento";"Saída de leito carroçável";"Com Vítimas Feridas";"Pleno dia";"Decrescente";"Chuva";"Simples";"Aclive;Reta";"Não";1;0;1;0;0;0;1;1;-24,43238;-54,16794;"SPRF-PR";"DEL06-PR";"UOP02-DEL06-PR"
777586;2026-04-22;"quarta-feira";"11:45:00";"RJ";101;487;"ANGRA DOS REIS";"Condutor deixou de manter distância do veículo da frente";"Colisão traseira";"Com Vítimas Feridas";"Pleno dia";"Crescente";"Céu Claro";"Simples";"Reta";"Sim";2;0;1;0;1;0;1;2;-22,95791913;-44,29859161;"SPRF-RJ";"DEL03-RJ";"UOP03-DEL03-RJ"
777587;2026-06-10;"quarta-feira";"08:20:00";"SC";101;47,5;"JOINVILLE";"Condutor deixou de manter distância do veículo da frente";"Colisão traseira";"Com Vítimas Feridas";"Pleno dia";"Decrescente";"Garoa/Chuvisco";"Dupla";"Declive;Reta";"Sim";4;0;2;0;2;0;2;2;-26,37158768;-48,85679595;"SPRF-SC";"DEL03-SC";"UOP01-DEL03-SC"
777590;2026-06-10;"quarta-feira";"07:41:00";"AC";364;128;"RIO BRANCO";"Transitar na contramão";"Colisão frontal";"Com Vítimas Feridas";"Pleno dia";"Decrescente";"Nublado";"Simples";"Reta";"Sim";4;0;2;0;2;0;2;2;-10,01829394;-67,81347362;"SPRF-AC";"DEL01-AC";"UOP01-DEL01-AC"
777592;2026-06-10;"quarta-feira";"08:50:00";"SC";101;133;"BALNEARIO CAMBORIU";"Ultrapassagem Indevida";"Colisão lateral mesmo sentido";"Com Vítimas Feridas";"Pleno dia";"Crescente";"Nevoeiro/Neblina";"Múltipla";"Interseção de Vias;Viaduto";"Não";1;0;0;1;0;0;1;1;-26,99959978;-48,64608614;"SPRF-SC";"DEL04-SC";"UOP03-DEL04-SC"
777593;2026-04-26;"domingo";"00:30:00";"RJ";465;19;"NOVA IGUACU";"Reação tardia ou ineficiente do condutor";"Colisão traseira";"Com Vítimas Feridas";"Plena Noite";"Crescente";"Céu Claro";"Simples";"Reta";"Sim";2;0;1;0;1;0;1;2;-22,843808;-43,607733;"SPRF-RJ";"DEL06-RJ";"UOP02-DEL06-RJ"
777594;2026-06-10;"quarta-feira";"10:50:00";"RN";226;108,8;"SANTA CRUZ";"Condutor deixou de manter distância do veículo da frente";"Colisão traseira";"Com Vítimas Feridas";"Pleno dia";"Decrescente";"Céu Claro";"Simples";"Reta";"Não";3;0;1;0;2;0;1;3;-6,23971336;-36,0020241;"SPRF-RN";"DEL03-RN";"UOP02-DEL03-RN"
777595;2026-06-10;"quarta-feira";"11:37:00";"PE";101;46,5;"IGARASSU";"Acessar a via sem observar a presença dos outros veículos";"Colisão transversal";"Sem Vítimas";"Pleno dia";"Decrescente";"Céu Claro";"Múltipla";"Reta";"Sim";2;0;0;0;2;0;0;2;-7,87983837;-34,90519373;"SPRF-PE";"DEL01-PE";"UOP02-DEL01-PE"
777596;2026-06-10;"quarta-feira";"11:20:00";"SP";116;146;"SAO JOSE DOS CAMPOS";"Ausência de reação do condutor";"Colisão traseira";"Com Vítimas Feridas";"Pleno dia";"Decrescente";"Céu Claro";"Dupla";"Reta";"Não";2;0;1;0;1;0;1;2;-23,19338721;-45,86654663;"SPRF-SP";"DEL02-SP";"UOP01-DEL02-SP"
777601;2026-06-10;"quarta-feira";"12:30:00";"MG";262;769,5;"UBERABA";"Ausência de reação do condutor";"Colisão frontal";"Com Vítimas Fatais";"Pleno dia";"Crescente";"Céu Claro";"Simples";"Reta";"Não";2;1;0;0;1;0;0;2;-19,747753;-47,765142;"SPRF-MG";"DEL13-MG";"UOP01-DEL13-MG"
777603;2026-06-10;"quarta-feira";"12:30:00";"RN";101;83;"SAO GONCALO DO AMARANTE";"Desrespeitar a preferência no cruzamento";"Colisão transversal";"Sem Vítimas";"Pleno dia";"Crescente";"Céu Claro";"Dupla";"Rotatória";"Sim";2;0;0;0;2;0;0;2;-5,77091091;-35,26778547;"SPRF-RN";"DEL02-RN";"UOP01-DEL02-RN"
777606;2026-06-10;"quarta-feira";"13:00:00";"MG";40;739,9;"SANTOS DUMONT";"Ausência de reação do condutor";"Colisão com objeto";"Com Vítimas Feridas";"Pleno dia";"Crescente";"Sol";"Simples";"Reta;Declive";"Não";3;0;3;0;0;0;3;1;-21,40451098;-43,5672605;"SPRF-MG";"DEL05-MG";"UOP01-DEL05-MG"
777607;2026-06-10;"quarta-feira";"10:25:00";"PR";376;292,8;"MAUA DA SERRA";"Chuva";"Colisão com objeto";"Sem Vítimas";"Pleno dia";"Decrescente";"Chuva";"Dupla";"Curva;Retorno Regulamentado";"Não";2;0;0;0;2;0;0;1;-23,90718684;-51,19366972;"SPRF-PR";"DEL07-PR";"UOP02-DEL07-PR"
777608;2026-06-10;"quarta-feira";"13:20:00";"GO";40;4;"VALPARAISO DE GOIAS";"Condutor deixou de manter distância do veículo da frente";"Saída de leito carroçável";"Sem Vítimas";"Pleno dia";"Decrescente";"Céu Claro";"Dupla";"Reta";"Sim";1;0;0;0;0;1;0;1;-16,08878911;-47,98482506;"SPRF-DF";"DEL01-DF";"UOP01-DEL01-DF"
777610;2026-06-10;"quarta-feira";"13:45:00";"MG";40;776;"JUIZ DE FORA";"Acumulo de óleo sobre o pavimento";"Tombamento";"Com Vítimas Feridas";"Pleno dia";"Crescente";"Céu Claro";"Múltipla";"Curva;Aclive";"Não";1;0;1;0;0;0;1;1;-21,64550184;-43,43667984;"SPRF-MG";"DEL05-MG";"UOP01-DEL05-MG"
777612;2026-06-10;"quarta-feira";"11:00:00";"RJ";116;174;"SAO JOAO DE MERITI";"Trafegar com motocicleta (ou similar) entre as faixas";"Tombamento";"Com Vítimas Feridas";"Pleno dia";"Crescente";"Céu Claro";"Dupla";"Reta";"Sim";1;0;1;0;0;0;1;1;-22,79689878;-43,35919468;"SPRF-RJ";"DEL06-RJ";"UOP01-DEL06-RJ"
777613;2026-06-10;"quarta-feira";"12:00:00";"SC";101;48,5;"JOINVILLE";"Acessar a via sem observar a presença dos outros veículos";"Colisão lateral mesmo sentido";"Com Vítimas Feridas";"Pleno dia";"Decrescente";"Chuva";"Dupla";"Curva";"Não";2;0;1;0;1;0;1;2;-26,3842506;-48,84999722;"SPRF-SC";"DEL03-SC";"UOP01-DEL03-SC"
777614;2026-06-10;"quarta-feira";"13:15:00";"PR";277;614;"CEU AZUL";"Acessar a via sem observar a presença dos outros veículos";"Colisão transversal";"Sem Vítimas";"Pleno dia";"Decrescente";"Chuva";"Simples";"Reta";"Não";3;0;0;0;2;1;0;2;-25,055525;-53,639237;"SPRF-PR";"DEL05-PR";"UOP02-DEL05-PR"
777617;2026-06-10;"quarta-feira";"13:40:00";"DF";20;10;"BRASILIA";"Ausência de reação do condutor";"Colisão traseira";"Com Vítimas Feridas";"Pleno dia";"Decrescente";"Nublado";"Dupla";"Retorno Regulamentado;Reta";"Sim";2;0;1;0;1;0;1;2;-15,65705877;-47,79386401;"SPRF-DF";"DEL02-DF";"UOP01-DEL02-DF"
777618;2026-06-10;"quarta-feira";"13:45:00";"PE";104;60,5;"CARUARU";"Acesso irregular";"Colisão transversal";"Com Vítimas Feridas";"Pleno dia";"Decrescente";"Sol";"Dupla";"Curva";"Sim";3;0;1;0;2;0;1;2;-8,23581;-35,97597;"SPRF-PE";"DEL02-PE";"UOP01-DEL02-PE"
777620;2026-05-31;"domingo";"17:56:00";"MS";60;43;"PARAISO DAS AGUAS";"Ausência de reação do condutor";"Tombamento";"Com Vítimas Feridas";"Plena Noite";"Crescente";"Céu Claro";"Simples";"Reta";"Não";1;0;1;0;0;0;1;1;-18,969367;-52,871453;"SPRF-MS";"DEL08-MS";"UOP01-DEL08-MS"
777621;2026-05-29;"sexta-feira";"16:10:00";"SC";280;23,7;"ARAQUARI";"Acessar a via sem observar a presença dos outros veículos";"Colisão transversal";"Com Vítimas Feridas";"Pleno dia";"Crescente";"Nublado";"Simples";"Reta";"Sim";2;0;0;1;1;0;1;2;-26,37673767;-48,71835135;"SPRF-SC";"DEL03-SC";"UOP03-DEL03-SC"
777622;2026-06-10;"quarta-feira";"06:12:00";"MT";364;284,8;"JACIARA";"Reação tardia ou ineficiente do condutor";"Saída de leito carroçável";"Com Vítimas Feridas";"Pleno dia";"Decrescente";"Céu Claro";"Dupla";"Reta";"Não";2;0;2;0;0;0;2;1;-15,9038118;-55,05102396;"SPRF-MT";"DEL05-MT";"UOP02-DEL05-MT"
777624;2026-06-10;"quarta-feira";"06:55:00";"MG";262;439;"NOVA SERRANA";"Trafegar com motocicleta (ou similar) entre as faixas";"Colisão traseira";"Com Vítimas Feridas";"Pleno dia";"Crescente";"Céu Claro";"Dupla";"Reta";"Sim";3;0;1;0;2;0;1;3;-19,864913;-44,994846;"SPRF-MG";"DEL08-MG";"UOP03-DEL08-MG"
777625;2026-06-10;"quarta-feira";"14:30:00";"PR";277;700;"SAO MIGUEL DO IGUACU";"Ingestão de álcool pelo condutor";"Colisão lateral mesmo sentido";"Sem Vítimas";"Plena Noite";"Crescente";"Chuva";"Dupla";"Reta";"Não";3;0;0;0;3;0;0;2;-25,42787414;-54,36410397;"SPRF-PR";"DEL05-PR";"UOP01-DEL05-PR"
777626;2026-06-10;"quarta-feira";"13:05:00";"MG";381;558;"ITAGUARA";"Condutor Dormindo";"Saída de leito carroçável";"Com Vítimas Feridas";"Pleno dia";"Decrescente";"Céu Claro";"Múltipla";"Aclive;Reta";"Não";2;0;1;0;1;0;1;1;-20,35743128;-44,46029361;"SPRF-MG";"DEL04-MG";"UOP03-DEL04-MG"
777627;2026-05-07;"quinta-feira";"12:50:00";"PR";116;211;"RIO NEGRO";"Acessar a via sem observar a presença dos outros veículos";"Colisão transversal";"Com Vítimas Feridas";"Pleno dia";"Crescente";"Céu Claro";"Simples";"Interseção de Vias;Reta;Rotatória;Retorno Regulamentado";"Sim";6;0;2;0;4;0;2;2;-26,09949226;-49,78066206;"SPRF-SC";"DEL06-SC";"UOP01-DEL06-SC"
777630;2026-05-25;"segunda-feira";"20:25:00";"GO";60;392,9;"RIO VERDE";"Pedestre cruzava a pista fora da faixa";"Atropelamento de Pedestre";"Com Vítimas Feridas";"Plena Noite";"Crescente";"Ignorado";"Dupla";"Aclive;Reta";"Não";4;0;0;2;2;0;2;2;-17,823555;-50,994038;"SPRF-GO";"DEL04-GO";"UOP02-DEL04-GO"
777637;2026-06-10;"quarta-feira";"13:40:00";"PR";163;154,5;"SANTA LUCIA";"Ausência de reação do condutor";"Saída de leito carroçável";"Com Vítimas Feridas";"Pleno dia";"Decrescente";"Chuva";"Dupla";"Curva;Declive";"Não";2;0;1;0;1;0;1;1;-25,357761;-53,57849;"SPRF-PR";"DEL05-PR";"UOP05-DEL05-PR"
777639;2026-06-10;"quarta-feira";"13:03:00";"PI";135;352;"BOM JESUS";"Acessar a via sem observar a presença dos outros veículos";"Colisão transversal";"Com Vítimas Feridas";"Pleno dia";"Decrescente";"Céu Claro";"Dupla";"Reta";"Sim";2;0;0;1;1;0;1;2;-9,079567;-44,360728;"SPRF-PI";"DEL03-PI";"UOP02-DEL03-PI"
777640;2026-06-10;"quarta-feira";"10:30:00";"RJ";116;129;"MAGE";"Reação tardia ou ineficiente do condutor";"Tombamento";"Com Vítimas Feridas";"Pleno dia";"Crescente";"Céu Claro";"Dupla";"Curva";"Não";1;0;0;1;0;0;1;1;-22,66331386;-43,11530828;"SPRF-RJ";"DEL04-RJ";"UOP02-DEL04-RJ"
777641;2026-06-10;"quarta-feira";"14:10:00";"PI";343;590,1;"FLORIANO";"Ausência de reação do condutor";"Colisão com objeto";"Com Vítimas Feridas";"Pleno dia";"Crescente";"Céu Claro";"Dupla";"Rotatória";"Sim";1;0;0;1;0;0;1;1;-6,784677;-43,015717;"SPRF-PI";"DEL03-PI";"UOP01-DEL03-PI"
777643;2026-06-10;"quarta-feira";"13:20:00";"BA";407;3;"JUAZEIRO";"Acessar a via sem observar a presença dos outros veículos";"Colisão transversal";"Com Vítimas Feridas";"Pleno dia";"Decrescente";"Céu Claro";"Simples";"Reta";"Sim";2;0;0;1;1;0;1;2;-9,43804;-40,494915;"SPRF-PE";"DEL06-PE";"UOP01-DEL06-PE"
777646;2026-06-10;"quarta-feira";"13:15:00";"MG";40;144;"JOAO PINHEIRO";"Conversão proibida";"Colisão frontal";"Com Vítimas Feridas";"Pleno dia";"Crescente";"Céu Claro";"Simples";"Declive;Curva";"Sim";3;0;0;1;2;0;1;2;-17,75053087;-46,16927508;"SPRF-MG";"DEL14-MG";"UOP01-DEL14-MG"
777649;2026-06-10;"quarta-feira";"09:00:00";"RS";285;314;"PASSO FUNDO";"Manobra de mudança de faixa";"Colisão lateral mesmo sentido";"Sem Vítimas";"Pleno dia";"Crescente";"Nublado";"Simples";"Reta";"Não";2;0;0;0;2;0;0;2;-28,26783332;-52,6207231;"SPRF-RS";"DEL08-RS";"UOP03-DEL08-RS"
777651;2026-06-10;"quarta-feira";"16:15:00";"PR";369;90;"CORNELIO PROCOPIO";"Manobra de mudança de faixa";"Colisão traseira";"Sem Vítimas";"Pleno dia";"Crescente";"Chuva";"Simples";"Reta";"Não";2;0;0;0;2;0;0;2;-23,18286432;-50,6338191;"SPRF-PR";"DEL07-PR";"UOP05-DEL07-PR"
777652;2026-06-10;"quarta-feira";"17:00:00";"PR";369;179;"ROLANDIA";"Chuva";"Colisão com objeto";"Com Vítimas Feridas";"Anoitecer";"Crescente";"Chuva";"Dupla";"Viaduto;Declive";"Não";1;0;1;0;0;0;1;1;-23,349835;-51,38686;"SPRF-PR";"DEL07-PR";"UOP03-DEL07-PR"
777653;2026-06-10;"quarta-feira";"09:20:00";"BA";324;576;"SAO SEBASTIAO DO PASSE";"Reação tardia ou ineficiente do condutor";"Saída de leito carroçável";"Com Vítimas Feridas";"Pleno dia";"Crescente";"Céu Claro";"Dupla";"Reta";"Não";1;0;1;0;0;0;1;1;-12,58934207;-38,52319404;"SPRF-BA";"DEL01-BA";"UOP01-DEL01-BA"
777654;2026-05-21;"quinta-feira";"14:54:00";"PB";230;18;"JOAO PESSOA";"Condutor deixou de manter distância do veículo da frente";"Engavetamento";"Com Vítimas Feridas";"Pleno dia";"Decrescente";"Céu Claro";"Dupla";"Reta";"Sim";3;0;1;0;2;0;1;3;-7,121135;-34,845137;"SPRF-PB";"DEL01-PB";"UOP01-DEL01-PB"
777655;2026-06-10;"quarta-feira";"17:20:00";"RJ";116;174;"SAO JOAO DE MERITI";"Acessar a via sem observar a presença dos outros veículos";"Colisão lateral mesmo sentido";"Com Vítimas Feridas";"Anoitecer";"Crescente";"Céu Claro";"Múltipla";"Reta";"Sim";3;0;1;0;2;0;1;2;-22,80179013;-43,35607409;"SPRF-RJ";"DEL06-RJ";"UOP01-DEL06-RJ"
777656;2026-06-10;"quarta-feira";"17:35:00";"SC";280;50,5;"GUARAMIRIM";"Acessar a via sem observar a presença dos outros veículos";"Colisão transversal";"Com Vítimas Feridas";"Plena Noite";"Decrescente";"Chuva";"Simples";"Curva";"Não";2;0;1;0;0;1;1;2;-26,46361422;-48,95021645;"SPRF-SC";"DEL03-SC";"UOP03-DEL03-SC"
777658;2026-05-26;"terça-feira";"07:00:00";"ES";101;66;"SAO MATEUS";"Reação tardia ou ineficiente do condutor";"Queda de ocupante de veículo";"Com Vítimas Feridas";"Pleno dia";"Crescente";"Céu Claro";"Dupla";"Reta";"Sim";2;0;2;0;0;0;2;1;-18,7174222;-39,8729993;"SPRF-ES";"DEL04-ES";"UOP02-DEL04-ES"
777660;2026-06-10;"quarta-feira";"13:20:00";"RO";364;15;"VILHENA";"Reação tardia ou ineficiente do condutor";"Colisão lateral mesmo sentido";"Com Vítimas Feridas";"Pleno dia";"Decrescente";"Sol";"Dupla";"Reta";"Sim";3;0;2;0;1;0;2;3;-12,73647038;-60,1498553;"SPRF-RO";"DEL04-RO";"UOP01-DEL04-RO"
777661;2026-06-10;"quarta-feira";"17:30:00";"RS";290;103,4;"ELDORADO DO SUL";"Condutor deixou de manter distância do veículo da frente";"Colisão traseira";"Sem Vítimas";"Plena Noite";"Decrescente";"Céu Claro";"Dupla";"Ponte";"Não";5;0;0;0;5;0;0;2;-29,99179256;-51,27189986;"SPRF-RS";"DEL02-RS";"UOP01-DEL02-RS"
777662;2026-06-10;"quarta-feira";"17:34:00";"ES";262;54;"MARECHAL FLORIANO";"Ausência de reação do condutor";"Tombamento";"Com Vítimas Feridas";"Anoitecer";"Decrescente";"Céu Claro";"Simples";"Curva;Declive";"Não";1;0;1;0;0;0;1;1;-20,41439886;-40,74277489;"SPRF-ES";"DEL01-ES";"UOP01-DEL01-ES"
777664;2026-06-10;"quarta-feira";"16:15:00";"RJ";465;13;"SEROPEDICA";"Ausência de reação do condutor";"Atropelamento de Pedestre";"Com Vítimas Feridas";"Pleno dia";"Decrescente";"Nublado";"Simples";"Reta";"Sim";2;0;2;0;0;0;2;2;-22,803292;-43,64135;"SPRF-RJ";"DEL06-RJ";"UOP02-DEL06-RJ"
777666;2026-06-10;"quarta-feira";"17:00:00";"DF";80;17;"BRASILIA";"Reação tardia ou ineficiente do condutor";"Colisão lateral sentido oposto";"Com Vítimas Feridas";"Anoitecer";"Crescente";"Nublado";"Dupla";"Reta";"Não";4;0;4;0;0;0;4;3;-15,691702;-48,205259;"SPRF-DF";"DEL03-DF";"UOP02-DEL03-DF"
777668;2026-06-10;"quarta-feira";"17:30:00";"PB";104;130;"CAMPINA GRANDE";"Condutor deixou de manter distância do veículo da frente";"Colisão traseira";"Com Vítimas Feridas";"Anoitecer";"Crescente";"Céu Claro";"Simples";"Reta";"Sim";3;0;0;1;1;1;1;2;-7,283917;-35,889402;"SPRF-PB";"DEL02-PB";"UOP01-DEL02-PB"
777669;2026-06-10;"quarta-feira";"16:50:00";"MG";116;528,6;"CARATINGA";"Conversão proibida";"Colisão transversal";"Com Vítimas Feridas";"Pleno dia";"Decrescente";"Céu Claro";"Simples";"Reta";"Sim";2;0;0;1;1;0;1;2;-19,801206;-42,137503;"SPRF-MG";"DEL06-MG";"UOP02-DEL06-MG"
777670;2026-06-10;"quarta-feira";"18:00:00";"RN";101;96;"NATAL";"Reação tardia ou ineficiente do condutor";"Colisão traseira";"Com Vítimas Feridas";"Plena Noite";"Crescente";"Céu Claro";"Dupla";"Reta";"Sim";2;0;1;0;1;0;1;2;-5,85120699;-35,21007154;"SPRF-RN";"DEL01-RN";"UOP01-DEL01-RN"
777671;2026-06-10;"quarta-feira";"17:20:00";"SC";101;149;"ITAPEMA";"Trafegar com motocicleta (ou similar) entre as faixas";"Colisão transversal";"Com Vítimas Feridas";"Pleno dia";"Crescente";"Nublado";"Dupla";"Reta";"Sim";2;0;0;1;1;0;1;2;-27,10998088;-48,61176346;"SPRF-SC";"DEL04-SC";"UOP03-DEL04-SC"
777672;2026-06-10;"quarta-feira";"12:25:00";"RJ";116;117;"MAGE";"Reação tardia ou ineficiente do condutor";"Capotamento";"Com Vítimas Feridas";"Pleno dia";"Crescente";"Céu Claro";"Dupla";"Reta";"Não";2;0;2;0;0;0;2;1;-22,599087;-43,025122;"SPRF-RJ";"DEL04-RJ";"UOP02-DEL04-RJ"
777673;2026-06-10;"quarta-feira";"18:00:00";"RN";406;171;"SAO GONCALO DO AMARANTE";"Ausência de reação do condutor";"Colisão transversal";"Com Vítimas Feridas";"Plena Noite";"Decrescente";"Nublado";"Dupla";"Reta";"Sim";3;0;2;0;0;1;2;2;-5,762022;-35,290058;"SPRF-RN";"DEL02-RN";"UOP01-DEL02-RN"
777675;2026-06-10;"quarta-feira";"17:40:00";"SC";280;26,8;"ARAQUARI";"Condutor usando celular";"Colisão traseira";"Com Vítimas Feridas";"Pleno dia";"Crescente";"Chuva";"Simples";"Reta";"Não";3;0;1;0;2;0;1;2;-26,39485764;-48,73899635;"SPRF-SC";"DEL03-SC";"UOP03-DEL03-SC"
777676;2026-06-10;"quarta-feira";"18:20:00";"GO";60;88;"ANAPOLIS";"Ingestão de álcool pelo condutor";"Tombamento";"Com Vítimas Feridas";"Plena Noite";"Decrescente";"Céu Claro";"Dupla";"Reta";"Sim";1;0;1;0;0;0;1;1;-16,3354601;-48,89362335;"SPRF-GO";"DEL02-GO";"UOP01-DEL02-GO"
777677;2026-05-10;"domingo";"19:25:00";"BA";415;49,9;"ITAPE";"Transitar na contramão";"Colisão frontal";"Com Vítimas Feridas";"Plena Noite";"Crescente";"Céu Claro";"Simples";"Reta";"Não";2;0;0;1;0;1;1;2;-14,85188608;-39,375;"SPRF-BA";"DEL05-BA";"UOP01-DEL05-BA"
777678;2026-06-10;"quarta-feira";"18:00:00";"RN";101;104;"PARNAMIRIM";"Condutor deixou de manter distância do veículo da frente";"Colisão traseira";"Com Vítimas Feridas";"Plena Noite";"Decrescente";"Céu Claro";"Dupla";"Reta";"Sim";2;0;2;0;0;0;2;1;-5,895233;-35,257712;"SPRF-RN";"DEL01-RN";"UOP01-DEL01-RN"
777680;2026-06-10;"quarta-feira";"18:25:00";"RJ";116;186;"NOVA IGUACU";"Reação tardia ou ineficiente do condutor";"Colisão lateral mesmo sentido";"Com Vítimas Feridas";"Plena Noite";"Decrescente";"Nublado";"Múltipla";"Reta";"Sim";5;0;2;0;3;0;2;2;-22,739026;-43,4632441;"SPRF-RJ";"DEL06-RJ";"UOP01-DEL06-RJ"
777682;2026-06-10;"quarta-feira";"18:30:00";"SC";101;203;"SAO JOSE";"Condutor deixou de manter distância do veículo da frente";"Colisão traseira";"Com Vítimas Feridas";"Plena Noite";"Decrescente";"Garoa/Chuvisco";"Múltipla";"Reta;Aclive;Viaduto";"Sim";4;0;1;0;3;0;1;2;-27,57076345;-48,61369729;"SPRF-SC";"DEL01-SC";"UOP01-DEL01-SC"
777684;2026-06-10;"quarta-feira";"18:40:00";"MG";40;701,4;"BARBACENA";"Ausência de reação do condutor";"Colisão frontal";"Com Vítimas Feridas";"Plena Noite";"Decrescente";"Nublado";"Simples";"Reta";"Não";3;0;0;1;2;0;1;2;-21,18272017;-43,75373539;"SPRF-MG";"DEL05-MG";"UOP02-DEL05-MG"
777685;2026-06-10;"quarta-feira";"16:33:00";"PI";316;45;"LAGOA DO PIAUI";"Reação tardia ou ineficiente do condutor";"Saída de leito carroçável";"Com Vítimas Feridas";"Pleno dia";"Crescente";"Céu Claro";"Simples";"Reta";"Não";5;0;3;1;1;0;4;1;-5,48657644;-42,63925554;"SPRF-PI";"DEL01-PI";"UOP02-DEL01-PI"
777686;2026-06-10;"quarta-feira";"17:36:00";"PR";277;587,3;"CASCAVEL";"Reação tardia ou ineficiente do condutor";"Tombamento";"Com Vítimas Feridas";"Anoitecer";"Crescente";"Chuva";"Dupla";"Reta";"Sim";1;0;1;0;0;0;1;1;-24,9642171;-53,4098582;"SPRF-PR";"DEL04-PR";"UOP01-DEL04-PR"
777687;2026-06-10;"quarta-feira";"18:20:00";"PR";369;145,8;"LONDRINA";"Pedestre andava na pista";"Atropelamento de Pedestre";"Com Vítimas Feridas";"Plena Noite";"Crescente";"Chuva";"Dupla";"Reta";"Sim";2;0;1;1;0;0;2;2;-23,29373122;-51,11313757;"SPRF-PR";"DEL07-PR";"UOP01-DEL07-PR"
777688;2026-06-10;"quarta-feira";"17:30:00";"RO";364;425;"JARU";"Acessar a via sem observar a presença dos outros veículos";"Colisão lateral mesmo sentido";"Com Vítimas Feridas";"Anoitecer";"Decrescente";"Céu Claro";"Dupla";"Retorno Regulamentado;Reta";"Sim";1;0;0;1;0;0;1;1;-10,431758;-62,481024;"SPRF-RO";"DEL03-RO";"UOP02-DEL03-RO"
777689;2026-06-10;"quarta-feira";"18:50:00";"SC";101;203;"SAO JOSE";"Ausência de reação do condutor";"Colisão transversal";"Com Vítimas Feridas";"Plena Noite";"Crescente";"Nublado";"Múltipla";"Reta;Interseção de Vias";"Sim";2;0;1;0;0;1;1;2;-27,5707538;-48,6143656;"SPRF-SC";"DEL01-SC";"UOP01-DEL01-SC"
777690;2026-06-10;"quarta-feira";"18:30:00";"RN";101;84,7;"SAO GONCALO DO AMARANTE";"Conversão proibida";"Engavetamento";"Com Vítimas Feridas";"Plena Noite";"Crescente";"Céu Claro";"Dupla";"Reta;Interseção de Vias;Declive";"Sim";3;0;1;0;2;0;1;3;-5,776422;-35,252162;"SPRF-RN";"DEL02-RN";"UOP01-DEL02-RN"
777691;2026-06-10;"quarta-feira";"18:45:00";"RS";116;266,1;"CANOAS";"Condutor deixou de manter distância do veículo da frente";"Colisão traseira";"Com Vítimas Feridas";"Plena Noite";"Decrescente";"Nublado";"Múltipla";"Reta";"Sim";2;0;1;0;1;0;1;2;-29,93145094;-51,17750287;"SPRF-RS";"DEL01-RS";"UOP01-DEL01-RS"
777692;2026-06-10;"quarta-feira";"19:00:00";"RS";392;24;"RIO GRANDE";"Animais na Pista";"Atropelamento de Animal";"Sem Vítimas";"Plena Noite";"Decrescente";"Céu Claro";"Dupla";"Reta";"Não";2;0;0;0;2;0;0;2;-32,085876;-52,237913;"SPRF-RS";"DEL07-RS";"UOP02-DEL07-RS"
777693;2026-06-10;"quarta-feira";"18:25:00";"RS";470;217;"BENTO GONCALVES";"Acessar a via sem observar a presença dos outros veículos";"Colisão transversal";"Com Vítimas Feridas";"Anoitecer";"Decrescente";"Nublado";"Dupla";"Curva";"Não";3;0;1;0;2;0;1;2;-29,17620563;-51,52137129;"SPRF-RS";"DEL06-RS";"UOP01-DEL06-RS"