"id";"data_inversa";"dia_semana";"horario";"uf";"br";"km";"municipio";"causa_acidente";"tipo_acidente";"classificacao_acidente";"fase_dia";"sentido_via";"condicao_metereologica";"tipo_pista";"tracado_via";"uso_solo";"pessoas";"mortos";"feridos_leves";"feridos_graves";"ilesos";"ignorados";"feridos";"veiculos";"latitude";"longitude";"regional";"delegacia";"uop"
778036;2026-06-12;"sexta-feira";"08:00:00";"SC";101;190,8;"BIGUACU";"Reação tardia ou ineficiente do condutor";"Saída de leito carroçável";"Com Vítimas Feridas";"Pleno dia";"Decrescente";"Chuva";"Dupla";"Curva";"Sim";1;0;1;0;0;0;1;1;-27,47656942;-48,64064395;"SPRF-SC";"DEL01-SC";"UOP01-DEL01-SC"
778038;2026-06-12;"sexta-feira";"07:10:00";"SC";101;118,5;"ITAJAI";"Manobra de mudança de faixa";"Colisão lateral mesmo sentido";"Com Vítimas Feridas";"Pleno dia";"Crescente";"Chuva";"Dupla";"Reta";"Não";2;0;0;1;1;0;1;2;-26,9012839;-48,71684499;"SPRF-SC";"DEL04-SC";"UOP04-DEL04-SC"
778039;2026-05-28;"quinta-feira";"07:15:00";"SC";280;26;"ARAQUARI";"Acessar a via sem observar a presença dos outros veículos";"Colisão transversal";"Com Vítimas Feridas";"Pleno dia";"Decrescente";"Céu Claro";"Simples";"Reta";"Sim";2;0;1;0;1;0;1;2;-26,38757755;-48,73140033;"SPRF-SC";"DEL03-SC";"UOP03-DEL03-SC"
778040;2026-06-12;"sexta-feira";"07:55:00";"MS";163;177;"JUTI";"Reação tardia ou ineficiente do condutor";"Saída de leito carroçável";"Sem Vítimas";"Pleno dia";"Decrescente";"Nublado";"Simples";"Declive";"Não";1;0;0;0;1;0;0;1;-22,84641;-54,66348;"SPRF-MS";"DEL09-MS";"UOP01-DEL09-MS"
778041;2026-06-12;"sexta-feira";"09:35:00";"BA";324;621;"SALVADOR";"Condutor deixou de manter distância do veículo da frente";"Colisão traseira";"Com Vítimas Feridas";"Pleno dia";"Crescente";"Céu Claro";"Dupla";"Curva";"Sim";3;0;2;0;1;0;2;2;-12,9223353;-38,4678295;"SPRF-BA";"DEL01-BA";"UOP01-DEL01-BA"
778042;2026-06-12;"sexta-feira";"08:30:00";"SE";235;41;"ITABAIANA";"Ultrapassagem Indevida";"Colisão frontal";"Com Vítimas Feridas";"Pleno dia";"Decrescente";"Céu Claro";"Simples";"Aclive";"Não";2;0;1;0;1;0;1;2;-10,76208226;-37,38809936;"SPRF-SE";"DEL01-SE";"UOP02-DEL01-SE"
778043;2026-06-12;"sexta-feira";"08:50:00";"PE";101;68,1;"RECIFE";"Trafegar com motocicleta (ou similar) entre as faixas";"Colisão traseira";"Com Vítimas Feridas";"Pleno dia";"Crescente";"Nublado";"Dupla";"Reta";"Sim";2;0;1;0;1;0;1;2;-8,04729;-34,94505;"SPRF-PE";"DEL01-PE";"UOP01-DEL01-PE"
778046;2026-06-12;"sexta-feira";"07:55:00";"BA";324;518;"FEIRA DE SANTANA";"Transitar na contramão";"Colisão lateral sentido oposto";"Com Vítimas Feridas";"Pleno dia";"Decrescente";"Céu Claro";"Múltipla";"Reta";"Sim";2;0;0;1;1;0;1;2;-12,26579;-38,93291;"SPRF-BA";"DEL02-BA";"UOP01-DEL02-BA"
778047;2026-06-12;"sexta-feira";"10:26:00";"TO";153;498;"PARAISO DO TOCANTINS";"Acesso irregular";"Colisão transversal";"Com Vítimas Feridas";"Pleno dia";"Decrescente";"Céu Claro";"Simples";"Aclive;Reta";"Não";2;0;1;0;1;0;1;2;-10,18378824;-48,88018548;"SPRF-TO";"DEL01-TO";"UOP01-DEL01-TO"
778048;2026-06-12;"sexta-feira";"07:16:00";"PI";316;304;"PICOS";"Acessar a via sem observar a presença dos outros veículos";"Colisão transversal";"Com Vítimas Feridas";"Pleno dia";"Crescente";"Céu Claro";"Simples";"Reta";"Sim";2;0;1;1;0;0;2;2;-7,068818;-41,509673;"SPRF-PI";"DEL04-PI";"UOP01-DEL04-PI"
778049;2026-06-07;"domingo";"19:00:00";"GO";153;424;"ANAPOLIS";"Deficiência do Sistema de Iluminação/Sinalização";"Colisão traseira";"Com Vítimas Feridas";"Plena Noite";"Crescente";"Céu Claro";"Dupla";"Reta";"Não";3;0;2;0;1;0;2;2;-16,2111079;-49,0181061;"SPRF-GO";"DEL02-GO";"UOP01-DEL02-GO"
778050;2026-06-12;"sexta-feira";"10:20:00";"ES";101;149,3;"LINHARES";"Conversão proibida";"Atropelamento de Pedestre";"Com Vítimas Feridas";"Pleno dia";"Decrescente";"Céu Claro";"Múltipla";"Interseção de Vias;Reta";"Sim";2;0;1;0;1;0;1;2;-19,39966305;-40,06231665;"SPRF-ES";"DEL04-ES";"UOP01-DEL04-ES"
778052;2026-06-12;"sexta-feira";"09:10:00";"GO";251;33,3;"CRISTALINA";"Velocidade Incompatível";"Saída de leito carroçável";"Com Vítimas Feridas";"Pleno dia";"Crescente";"Nublado";"Simples";"Retorno Regulamentado;Reta";"Não";2;0;2;0;0;0;2;1;-16,05544;-47,53565;"SPRF-DF";"DEL01-DF";"UOP01-DEL01-DF"
778053;2026-06-12;"sexta-feira";"08:00:00";"MT";364;198;"RONDONOPOLIS";"Condutor deixou de manter distância do veículo da frente";"Colisão traseira";"Com Vítimas Feridas";"Pleno dia";"Crescente";"Céu Claro";"Dupla";"Reta";"Sim";2;0;0;1;1;0;1;2;-16,49943461;-54,63345766;"SPRF-MT";"DEL02-MT";"UOP01-DEL02-MT"
778054;2026-06-12;"sexta-feira";"08:30:00";"RO";319;144,2;"PORTO VELHO";"Ausência de reação do condutor";"Colisão transversal";"Com Vítimas Feridas";"Pleno dia";"Crescente";"Céu Claro";"Múltipla";"Reta";"Sim";1;0;1;0;0;0;1;1;-8;-63;"SPRF-RO";"DEL01-RO";"UOP01-DEL01-RO"
778057;2026-06-12;"sexta-feira";"10:10:00";"RN";304;58,8;"MOSSORO";"Ultrapassagem Indevida";"Saída de leito carroçável";"Com Vítimas Fatais";"Pleno dia";"Decrescente";"Céu Claro";"Simples";"Reta";"Não";6;1;2;2;0;1;4;2;-5,31411;-37,27459;"SPRF-RN";"DEL04-RN";"UOP01-DEL04-RN"
778059;2026-06-12;"sexta-feira";"08:45:00";"RN";405;175;"JOSE DA PENHA";"Manobra de mudança de faixa";"Capotamento";"Com Vítimas Feridas";"Pleno dia";"Crescente";"Céu Claro";"Simples";"Reta";"Não";4;0;1;1;0;2;2;2;-6,305534;-38,279793;"SPRF-RN";"DEL04-RN";"UOP02-DEL04-RN"
778062;2026-06-12;"sexta-feira";"07:40:00";"MG";116;536,3;"SANTA RITA DE MINAS";"Acessar a via sem observar a presença dos outros veículos";"Colisão transversal";"Com Vítimas Feridas";"Pleno dia";"Crescente";"Céu Claro";"Simples";"Reta";"Sim";2;0;1;0;1;0;1;2;-19,87253189;-42,1334374;"SPRF-MG";"DEL06-MG";"UOP02-DEL06-MG"
778064;2026-06-12;"sexta-feira";"10:40:00";"PR";376;677;"GUARATUBA";"Reação tardia ou ineficiente do condutor";"Colisão com objeto";"Com Vítimas Feridas";"Pleno dia";"Decrescente";"Garoa/Chuvisco";"Simples";"Curva";"Não";1;0;1;0;0;0;1;1;-25,94155682;-48,90649494;"SPRF-PR";"DEL01-PR";"UOP04-DEL01-PR"
778065;2026-06-12;"sexta-feira";"11:25:00";"MG";381;500;"BETIM";"Manobra de mudança de faixa";"Tombamento";"Com Vítimas Feridas";"Pleno dia";"Decrescente";"Céu Claro";"Dupla";"Reta";"Sim";2;0;2;0;0;0;2;1;-20,00613318;-44,21429381;"SPRF-MG";"DEL01-MG";"UOP03-DEL01-MG"
778066;2026-06-12;"sexta-feira";"09:00:00";"RO";364;197;"PIMENTA BUENO";"Reação tardia ou ineficiente do condutor";"Colisão transversal";"Com Vítimas Feridas";"Pleno dia";"Crescente";"Céu Claro";"Simples";"Reta;Interseção de Vias";"Sim";2;0;1;0;1;0;1;2;-11,678625;-61,187473;"SPRF-RO";"DEL02-RO";"UOP02-DEL02-RO"
778068;2026-06-12;"sexta-feira";"10:20:00";"MG";381;528;"BRUMADINHO";"Ausência de reação do condutor";"Queda de ocupante de veículo";"Com Vítimas Feridas";"Pleno dia";"Crescente";"Nublado";"Dupla";"Reta";"Não";2;0;2;0;0;0;2;1;-20,16372735;-44,33934912;"SPRF-MG";"DEL04-MG";"UOP03-DEL04-MG"
778069;2026-06-12;"sexta-feira";"07:25:00";"SC";101;292,9;"IMBITUBA";"Avarias e/ou desgaste excessivo no pneu";"Saída de leito carroçável";"Com Vítimas Feridas";"Pleno dia";"Crescente";"Chuva";"Dupla";"Curva";"Sim";1;0;1;0;0;0;1;1;-28,30113117;-48,7189579;"SPRF-SC";"DEL02-SC";"UOP03-DEL02-SC"
778071;2026-06-12;"sexta-feira";"11:15:00";"SE";235;12,5;"NOSSA SENHORA DO SOCORRO";"Ingestão de álcool pelo condutor";"Colisão lateral mesmo sentido";"Com Vítimas Feridas";"Pleno dia";"Crescente";"Céu Claro";"Simples";"Curva";"Sim";3;0;1;0;1;1;1;2;-10,871642;-37,164327;"SPRF-SE";"DEL01-SE";"UOP01-DEL01-SE"
778072;2026-06-12;"sexta-feira";"11:30:00";"MG";381;892,4;"CAMBUI";"Condutor deixou de manter distância do veículo da frente";"Colisão traseira";"Com Vítimas Feridas";"Pleno dia";"Crescente";"Chuva";"Dupla";"Reta;Em Obras";"Não";3;0;2;0;1;0;2;2;-22,5412411;-45,95455742;"SPRF-MG";"DEL16-MG";"UOP01-DEL16-MG"
778073;2026-06-12;"sexta-feira";"07:30:00";"SC";282;495,7;"XANXERE";"Acessar a via sem observar a presença dos outros veículos";"Colisão transversal";"Com Vítimas Feridas";"Pleno dia";"Decrescente";"Chuva";"Simples";"Reta";"Não";2;0;1;0;1;0;1;2;-26,8748699;-52,3259311;"SPRF-SC";"DEL07-SC";"UOP01-DEL07-SC"
778074;2026-06-12;"sexta-feira";"08:45:00";"SC";480;128,6;"CHAPECO";"Condutor deixou de manter distância do veículo da frente";"Colisão traseira";"Com Vítimas Feridas";"Pleno dia";"Crescente";"Chuva";"Dupla";"Reta";"Sim";2;0;1;0;1;0;1;2;-27,0338735;-52,633662;"SPRF-SC";"DEL07-SC";"UOP01-DEL07-SC"
778076;2026-05-10;"domingo";"00:06:00";"PR";476;155;"ARAUCARIA";"Acessar a via sem observar a presença dos outros veículos";"Colisão lateral mesmo sentido";"Com Vítimas Feridas";"Plena Noite";"Decrescente";"Chuva";"Dupla";"Reta";"Sim";2;0;1;0;1;0;1;1;-25,58717;-49,40539;"SPRF-PR";"DEL01-PR";"UOP06-DEL01-PR"
778077;2026-06-12;"sexta-feira";"12:05:00";"BA";110;207;"CIPO";"Ultrapassagem Indevida";"Saída de leito carroçável";"Com Vítimas Feridas";"Pleno dia";"Decrescente";"Céu Claro";"Simples";"Reta";"Não";2;0;0;2;0;0;2;1;-11,12322;-38,51833;"SPRF-BA";"DEL07-BA";"UOP02-DEL07-BA"
778078;2026-06-12;"sexta-feira";"10:10:00";"PB";230;122;"RIACHAO DO BACAMARTE";"Transitar no Acostamento";"Saída de leito carroçável";"Com Vítimas Feridas";"Pleno dia";"Decrescente";"Céu Claro";"Simples";"Reta";"Não";2;0;0;1;1;0;1;1;-7,25525722;-35,66894596;"SPRF-PB";"DEL02-PB";"UOP01-DEL02-PB"
778080;2026-06-12;"sexta-feira";"08:17:00";"MT";163;616;"NOVA MUTUM";"Demais falhas mecânicas ou elétricas";"Incêndio";"Sem Vítimas";"Pleno dia";"Decrescente";"Céu Claro";"Dupla";"Reta";"Não";2;0;0;0;1;1;0;1;-13,66749;-56,037415;"SPRF-MT";"DEL01-MT";"UOP01-DEL01-MT"
778082;2026-06-12;"sexta-feira";"11:45:00";"PR";116;27;"ANTONINA";"Pista Escorregadia";"Saída de leito carroçável";"Com Vítimas Feridas";"Pleno dia";"Decrescente";"Garoa/Chuvisco";"Dupla";"Declive;Curva";"Não";5;0;1;1;3;0;2;2;-25,113634;-48,759121;"SPRF-PR";"DEL01-PR";"UOP02-DEL01-PR"
778083;2026-06-12;"sexta-feira";"11:35:00";"ES";101;335;"GUARAPARI";"Problema na suspensão";"Tombamento";"Sem Vítimas";"Pleno dia";"Crescente";"Céu Claro";"Simples";"Curva";"Não";2;0;0;0;2;0;0;1;-20,6259;-40,52701;"SPRF-ES";"DEL03-ES";"UOP01-DEL03-ES"
778084;2026-06-12;"sexta-feira";"11:32:00";"BA";101;264;"SANTO ANTONIO DE JESUS";"Acessar a via sem observar a presença dos outros veículos";"Colisão transversal";"Com Vítimas Feridas";"Pleno dia";"Decrescente";"Céu Claro";"Simples";"Declive";"Sim";2;0;1;0;1;0;1;2;-12,983106;-39,288888;"SPRF-BA";"DEL11-BA";"UOP01-DEL11-BA"
778085;2026-06-12;"sexta-feira";"12:27:00";"SP";116;208;"GUARULHOS";"Reação tardia ou ineficiente do condutor";"Colisão traseira";"Com Vítimas Feridas";"Pleno dia";"Decrescente";"Nublado";"Dupla";"Reta";"Sim";3;0;1;0;2;0;1;2;-23,3906978;-46,34658158;"SPRF-SP";"DEL01-SP";"UOP01-DEL01-SP"
778087;2026-06-12;"sexta-feira";"08:00:00";"PB";230;148;"CAMPINA GRANDE";"Manobra de mudança de faixa";"Colisão lateral mesmo sentido";"Com Vítimas Feridas";"Pleno dia";"Crescente";"Céu Claro";"Dupla";"Rotatória";"Sim";2;0;0;1;1;0;1;2;-7,236457;-35,867511;"SPRF-PB";"DEL02-PB";"UOP01-DEL02-PB"
778088;2026-06-12;"sexta-feira";"07:00:00";"PE";101;189,4;"PALMARES";"Ausência de reação do condutor";"Queda de ocupante de veículo";"Sem Vítimas";"Pleno dia";"Decrescente";"Ignorado";"Dupla";"Curva";"Sim";1;0;0;0;0;1;0;1;-8,691736;-35,608231;"SPRF-PE";"DEL01-PE";"UOP03-DEL01-PE"
778090;2026-06-12;"sexta-feira";"07:30:00";"MG";251;376;"GRAO MOGOL";"Manobra de mudança de faixa";"Colisão lateral mesmo sentido";"Com Vítimas Feridas";"Pleno dia";"Decrescente";"Céu Claro";"Simples";"Reta";"Sim";2;0;1;1;0;0;2;2;-16,299949;-42,715678;"SPRF-MG";"DEL12-MG";"UOP01-DEL12-MG"
778091;2026-05-31;"domingo";"21:00:00";"MG";40;698,3;"ALFREDO VASCONCELOS";"Animais na Pista";"Atropelamento de Animal";"Com Vítimas Feridas";"Plena Noite";"Decrescente";"Céu Claro";"Simples";"Reta";"Não";4;0;2;0;2;0;2;2;-21,1243651;-43,7584714;"SPRF-MG";"DEL05-MG";"UOP02-DEL05-MG"
778093;2026-06-12;"sexta-feira";"11:48:00";"RS";290;17;"SANTO ANTONIO DA PATRULHA";"Ausência de reação do condutor";"Saída de leito carroçável";"Com Vítimas Feridas";"Pleno dia";"Crescente";"Chuva";"Múltipla";"Reta";"Não";1;0;1;0;0;0;1;1;-29,88515545;-50,44724464;"SPRF-RS";"DEL03-RS";"UOP01-DEL03-RS"
778096;2026-06-12;"sexta-feira";"12:10:00";"PR";369;161;"CAMBE";"Manobra de mudança de faixa";"Colisão lateral mesmo sentido";"Com Vítimas Feridas";"Pleno dia";"Decrescente";"Céu Claro";"Dupla";"Reta;Interseção de Vias";"Sim";2;0;1;0;1;0;1;2;-23,28891975;-51,26179934;"SPRF-PR";"DEL07-PR";"UOP01-DEL07-PR"
778097;2026-06-12;"sexta-feira";"13:40:00";"DF";40;0;"BRASILIA";"Reação tardia ou ineficiente do condutor";"Tombamento";"Com Vítimas Feridas";"Pleno dia";"Decrescente";"Nublado";"Simples";"Curva";"Sim";1;0;1;0;0;0;1;1;-15,976735;-47,989259;"SPRF-DF";"DEL01-DF";"UOP01-DEL01-DF"
778098;2026-06-12;"sexta-feira";"13:14:00";"PI";343;2,8;"TERESINA";"Condutor deixou de manter distância do veículo da frente";"Colisão traseira";"Com Vítimas Feridas";"Pleno dia";"Crescente";"Céu Claro";"Simples";"Rotatória";"Sim";2;0;1;0;1;0;1;2;-5,08090362;-42,77436582;"SPRF-PI";"DEL01-PI";"UOP01-DEL01-PI"
778099;2026-06-12;"sexta-feira";"13:00:00";"MG";381;813;"CAREACU";"Reação tardia ou ineficiente do condutor";"Saída de leito carroçável";"Com Vítimas Feridas";"Pleno dia";"Decrescente";"Chuva";"Dupla";"Curva";"Não";2;0;1;1;0;0;2;1;-22,007552;-45,67778;"SPRF-MG";"DEL16-MG";"UOP02-DEL16-MG"
778100;2026-06-12;"sexta-feira";"13:20:00";"MG";251;474,2;"FRANCISCO SA";"Acumulo de óleo sobre o pavimento";"Saída de leito carroçável";"Com Vítimas Feridas";"Pleno dia";"Crescente";"Céu Claro";"Simples";"Declive;Reta";"Não";2;0;1;0;1;0;1;1;-16,46755;-43,439954;"SPRF-MG";"DEL12-MG";"UOP01-DEL12-MG"
778101;2026-06-12;"sexta-feira";"09:00:00";"MT";364;400;"SANTO ANTONIO DO LEVERGER";"Acesso irregular";"Colisão transversal";"Com Vítimas Feridas";"Pleno dia";"Decrescente";"Céu Claro";"Dupla";"Reta";"Não";2;0;0;1;1;0;1;2;-15,70072212;-55,87268829;"SPRF-MT";"DEL01-MT";"UOP02-DEL01-MT"
778102;2026-03-08;"domingo";"18:45:00";"BA";101;934,5;"MUCURI";"Ingestão de álcool pelo condutor";"Colisão frontal";"Com Vítimas Feridas";"Plena Noite";"Crescente";"Ignorado";"Simples";"Reta";"Sim";3;0;0;2;0;1;2;2;-18,00385592;-39,86106992;"SPRF-BA";"DEL09-BA";"UOP02-DEL09-BA"
778103;2026-06-12;"sexta-feira";"13:10:00";"RS";287;402;"SANTIAGO";"Desrespeitar a preferência no cruzamento";"Colisão transversal";"Sem Vítimas";"Pleno dia";"Crescente";"Garoa/Chuvisco";"Simples";"Interseção de Vias";"Não";5;0;0;0;5;0;0;2;-29,14883776;-54,88627267;"SPRF-RS";"DEL12-RS";"UOP02-DEL12-RS"
778106;2026-06-12;"sexta-feira";"13:50:00";"SP";116;200;"ARUJA";"Reação tardia ou ineficiente do condutor";"Colisão com objeto";"Sem Vítimas";"Pleno dia";"Decrescente";"Nublado";"Dupla";"Reta";"Não";1;0;0;0;0;1;0;1;-23,4030472;-46,31997208;"SPRF-SP";"DEL01-SP";"UOP01-DEL01-SP"
778107;2026-02-01;"domingo";"11:00:00";"PR";476;104,5;"COLOMBO";"Reação tardia ou ineficiente do condutor";"Tombamento";"Com Vítimas Feridas";"Pleno dia";"Decrescente";"Céu Claro";"Simples";"Curva";"Não";1;0;0;1;0;0;1;1;-25,27260195;-49,14000034;"SPRF-PR";"DEL01-PR";"UOP01-DEL01-PR"
778109;2026-06-12;"sexta-feira";"13:50:00";"SC";470;140,1;"RIO DO SUL";"Acessar a via sem observar a presença dos outros veículos";"Colisão lateral mesmo sentido";"Sem Vítimas";"Pleno dia";"Decrescente";"Chuva";"Simples";"Reta";"Sim";2;0;0;0;2;0;0;2;-27,20527821;-49,64170352;"SPRF-SC";"DEL04-SC";"UOP02-DEL04-SC"
778112;2026-06-12;"sexta-feira";"14:25:00";"RS";392;268;"CACAPAVA DO SUL";"Demais Fenômenos da natureza";"Eventos atípicos";"Com Vítimas Feridas";"Pleno dia";"Decrescente";"Chuva";"Simples";"Declive;Curva";"Não";1;0;1;0;0;0;1;1;-30,409185;-53,498417;"SPRF-RS";"DEL09-RS";"UOP02-DEL09-RS"
778114;2026-06-12;"sexta-feira";"13:30:00";"MG";381;615,4;"OLIVEIRA";"Reação tardia ou ineficiente do condutor";"Saída de leito carroçável";"Com Vítimas Feridas";"Pleno dia";"Crescente";"Chuva";"Dupla";"Curva;Declive";"Não";2;0;1;0;1;0;1;1;-20,717868;-44,766092;"SPRF-MG";"DEL04-MG";"UOP01-DEL04-MG"
778115;2026-06-12;"sexta-feira";"14:30:00";"BA";367;29;"PORTO SEGURO";"Ultrapassagem Indevida";"Colisão frontal";"Com Vítimas Feridas";"Pleno dia";"Crescente";"Céu Claro";"Simples";"Curva";"Sim";4;0;1;1;2;0;2;2;-16,414311;-39,123;"SPRF-BA";"DEL09-BA";"UOP03-DEL09-BA"
778116;2026-06-12;"sexta-feira";"15:10:00";"MG";381;532;"ITATIAIUCU";"Acumulo de água sobre o pavimento";"Capotamento";"Com Vítimas Feridas";"Pleno dia";"Crescente";"Chuva";"Dupla";"Curva";"Não";3;0;2;0;1;0;2;1;-20,1641302;-44,3661283;"SPRF-MG";"DEL04-MG";"UOP03-DEL04-MG"
778117;2026-06-12;"sexta-feira";"14:13:00";"PR";277;719;"SANTA TEREZINHA DE ITAIPU";"Animais na Pista";"Atropelamento de Pedestre";"Com Vítimas Feridas";"Pleno dia";"Crescente";"Céu Claro";"Dupla";"Reta";"Não";3;0;1;0;2;0;1;2;-25,47559418;-54,47387982;"SPRF-PR";"DEL05-PR";"UOP03-DEL05-PR"
778119;2026-06-12;"sexta-feira";"14:58:00";"PE";232;122,4;"CARUARU";"Condutor deixou de manter distância do veículo da frente";"Colisão traseira";"Sem Vítimas";"Pleno dia";"Crescente";"Céu Claro";"Dupla";"Reta";"Não";3;0;0;0;3;0;0;3;-8,30432;-35,92879;"SPRF-PE";"DEL02-PE";"UOP03-DEL02-PE"
778120;2026-06-12;"sexta-feira";"14:40:00";"GO";60;5,5;"SANTO ANTONIO DO DESCOBERTO";"Reação tardia ou ineficiente do condutor";"Saída de leito carroçável";"Com Vítimas Feridas";"Pleno dia";"Decrescente";"Garoa/Chuvisco";"Múltipla";"Declive;Reta";"Não";1;0;1;0;0;0;1;1;-16,094652;-48,281473;"SPRF-DF";"DEL03-DF";"UOP01-DEL03-DF"
778121;2026-06-12;"sexta-feira";"15:10:00";"RN";226;14,8;"MACAIBA";"Condutor deixou de manter distância do veículo da frente";"Colisão traseira";"Sem Vítimas";"Pleno dia";"Decrescente";"Nublado";"Simples";"Declive";"Sim";2;0;0;0;2;0;0;2;-5,85691699;-35,33593152;"SPRF-RN";"DEL01-RN";"UOP02-DEL01-RN"
778123;2026-05-15;"sexta-feira";"23:00:00";"RJ";393;181;"PARAIBA DO SUL";"Animais na Pista";"Atropelamento de Animal";"Com Vítimas Feridas";"Plena Noite";"Decrescente";"Céu Claro";"Simples";"Aclive;Reta";"Não";3;0;3;0;0;0;3;1;-22,1431633;-43,2762383;"SPRF-RJ";"DEL05-RJ";"UOP03-DEL05-RJ"
778125;2026-06-12;"sexta-feira";"15:15:00";"PB";101;88,3;"JOAO PESSOA";"Ausência de reação do condutor";"Colisão traseira";"Com Vítimas Feridas";"Pleno dia";"Decrescente";"Céu Claro";"Dupla";"Viaduto";"Sim";2;0;1;0;1;0;1;2;-7,16559946;-34,89737672;"SPRF-PB";"DEL01-PB";"UOP01-DEL01-PB"
778126;2026-06-12;"sexta-feira";"13:45:00";"GO";153;500;"GOIANIA";"Ingestão de álcool pelo condutor";"Queda de ocupante de veículo";"Sem Vítimas";"Pleno dia";"Crescente";"Céu Claro";"Dupla";"Declive";"Sim";1;0;0;0;1;0;0;1;-16,710488;-49,231583;"SPRF-GO";"DEL01-GO";"UOP01-DEL01-GO"
778127;2026-06-12;"sexta-feira";"15:11:00";"SC";163;70,2;"SAO MIGUEL DO OESTE";"Reação tardia ou ineficiente do condutor";"Saída de leito carroçável";"Com Vítimas Fatais";"Pleno dia";"Decrescente";"Nublado";"Dupla";"Reta";"Sim";4;1;0;3;0;0;3;2;-26,73400197;-53,50779383;"SPRF-SC";"DEL07-SC";"UOP03-DEL07-SC"
778128;2026-06-12;"sexta-feira";"15:30:00";"MG";40;826,4;"SIMAO PEREIRA";"Velocidade Incompatível";"Saída de leito carroçável";"Com Vítimas Feridas";"Pleno dia";"Crescente";"Nevoeiro/Neblina";"Dupla";"Curva";"Não";1;0;1;0;0;0;1;1;-21,99042526;-43,28466766;"SPRF-MG";"DEL05-MG";"UOP01-DEL05-MG"
778129;2026-06-12;"sexta-feira";"15:40:00";"PB";230;29;"JOAO PESSOA";"Condutor deixou de manter distância do veículo da frente";"Colisão traseira";"Sem Vítimas";"Pleno dia";"Crescente";"Nublado";"Dupla";"Reta";"Sim";2;0;0;0;2;0;0;2;-7,153673;-34,908037;"SPRF-PB";"DEL01-PB";"UOP01-DEL01-PB"
778130;2026-06-12;"sexta-feira";"15:21:00";"MG";40;196,4;"JOAO PINHEIRO";"Avarias e/ou desgaste excessivo no pneu";"Saída de leito carroçável";"Com Vítimas Feridas";"Pleno dia";"Crescente";"Garoa/Chuvisco";"Simples";"Curva";"Não";1;0;0;1;0;0;1;1;-17,995812;-45,83975;"SPRF-MG";"DEL14-MG";"UOP02-DEL14-MG"
778132;2026-06-12;"sexta-feira";"14:23:00";"SC";116;254,9;"LAGES";"Acessar a via sem observar a presença dos outros veículos";"Colisão transversal";"Com Vítimas Feridas";"Pleno dia";"Decrescente";"Garoa/Chuvisco";"Múltipla";"Declive";"Não";3;0;1;0;1;1;1;3;-27,87293719;-50,40093287;"SPRF-SC";"DEL05-SC";"UOP02-DEL05-SC"
778133;2026-06-12;"sexta-feira";"15:20:00";"MG";365;612;"UBERLANDIA";"Reação tardia ou ineficiente do condutor";"Engavetamento";"Com Vítimas Feridas";"Pleno dia";"Crescente";"Céu Claro";"Simples";"Reta";"Sim";5;0;1;0;4;0;1;4;-18,925065;-48,198418;"SPRF-MG";"DEL15-MG";"UOP01-DEL15-MG"
778134;2026-06-12;"sexta-feira";"13:00:00";"MT";163;1037;"MATUPA";"Condutor deixou de manter distância do veículo da frente";"Colisão traseira";"Com Vítimas Feridas";"Pleno dia";"Crescente";"Céu Claro";"Simples";"Reta";"Sim";2;0;1;0;1;0;1;2;-10,20865562;-54,96260941;"SPRF-MT";"DEL06-MT";"UOP03-DEL06-MT"
778135;2026-06-12;"sexta-feira";"16:14:00";"PE";101;70,7;"RECIFE";"Acessar a via sem observar a presença dos outros veículos";"Colisão lateral mesmo sentido";"Com Vítimas Feridas";"Pleno dia";"Crescente";"Céu Claro";"Dupla";"Reta";"Não";2;0;2;0;0;0;2;1;-8,075941;-34,943133;"SPRF-PE";"DEL01-PE";"UOP01-DEL01-PE"
778136;2026-06-12;"sexta-feira";"15:40:00";"SC";101;43;"JOINVILLE";"Reação tardia ou ineficiente do condutor";"Colisão traseira";"Com Vítimas Feridas";"Pleno dia";"Decrescente";"Céu Claro";"Dupla";"Aclive";"Sim";3;0;2;0;1;0;2;2;-26,33156291;-48,86160247;"SPRF-SC";"DEL03-SC";"UOP01-DEL03-SC"
778137;2026-06-12;"sexta-feira";"16:20:00";"MG";262;357,4;"JUATUBA";"Pedestre cruzava a pista fora da faixa";"Atropelamento de Pedestre";"Com Vítimas Feridas";"Pleno dia";"Crescente";"Nublado";"Dupla";"Reta";"Sim";2;0;0;1;1;0;1;2;-19,97238738;-44,28078024;"SPRF-MG";"DEL01-MG";"UOP03-DEL01-MG"
778138;2026-06-12;"sexta-feira";"16:13:00";"PE";232;174;"BELO JARDIM";"Acessar a via sem observar a presença dos outros veículos";"Colisão transversal";"Com Vítimas Feridas";"Pleno dia";"Crescente";"Céu Claro";"Simples";"Declive";"Não";3;0;0;2;1;0;2;2;-8,341183;-36,387265;"SPRF-PE";"DEL03-PE";"UOP02-DEL03-PE"
778139;2026-06-12;"sexta-feira";"15:35:00";"TO";242;445;"FORMOSO DO ARAGUAIA";"Condutor Dormindo";"Saída de leito carroçável";"Sem Vítimas";"Pleno dia";"Crescente";"Sol";"Simples";"Reta";"Não";1;0;0;0;1;0;0;1;-11,8192;-49,4588;"SPRF-TO";"DEL01-TO";"UOP02-DEL01-TO"