"id";"data_inversa";"dia_semana";"horario";"uf";"br";"km";"municipio";"causa_acidente";"tipo_acidente";"classificacao_acidente";"fase_dia";"sentido_via";"condicao_metereologica";"tipo_pista";"tracado_via";"uso_solo";"pessoas";"mortos";"feridos_leves";"feridos_graves";"ilesos";"ignorados";"feridos";"veiculos";"latitude";"longitude";"regional";"delegacia";"uop"
778140;2026-06-12;"sexta-feira";"13:20:00";"BA";116;783,8;"PLANALTO";"Acessar a via sem observar a presença dos outros veículos";"Colisão transversal";"Com Vítimas Feridas";"Pleno dia";"Decrescente";"Céu Claro";"Simples";"Reta";"Não";2;0;1;1;0;0;2;2;-14,679869;-40,519046;"SPRF-BA";"DEL08-BA";"UOP02-DEL08-BA"
778141;2026-06-12;"sexta-feira";"15:40:00";"MG";356;265;"MURIAE";"Condutor deixou de manter distância do veículo da frente";"Colisão frontal";"Com Vítimas Feridas";"Pleno dia";"Crescente";"Céu Claro";"Simples";"Reta";"Não";3;0;1;1;0;1;2;3;-21,12549764;-42,37581253;"SPRF-MG";"DEL07-MG";"UOP02-DEL07-MG"
778143;2026-06-12;"sexta-feira";"14:45:00";"RS";285;456,5;"IJUI";"Ingestão de álcool pelo condutor";"Saída de leito carroçável";"Sem Vítimas";"Pleno dia";"Crescente";"Chuva";"Simples";"Rotatória";"Sim";1;0;0;0;1;0;0;1;-28,39361483;-53,89560118;"SPRF-RS";"DEL10-RS";"UOP01-DEL10-RS"
778144;2026-06-08;"segunda-feira";"10:05:00";"ES";101;296,9;"CARIACICA";"Acessar a via sem observar a presença dos outros veículos";"Colisão transversal";"Com Vítimas Feridas";"Pleno dia";"Decrescente";"Céu Claro";"Dupla";"Curva";"Sim";2;0;2;0;0;0;2;2;-20,34479818;-40,40956736;"SPRF-ES";"DEL01-ES";"UOP01-DEL01-ES"
778145;2026-06-12;"sexta-feira";"16:20:00";"ES";101;127;"SOORETAMA";"Reação tardia ou ineficiente do condutor";"Saída de leito carroçável";"Com Vítimas Feridas";"Pleno dia";"Crescente";"Céu Claro";"Múltipla";"Reta;Aclive;Interseção de Vias;Retorno Regulamentado";"Sim";2;0;1;0;1;0;1;1;-19,2031903;-40,0956974;"SPRF-ES";"DEL04-ES";"UOP01-DEL04-ES"
778146;2026-06-12;"sexta-feira";"16:00:00";"BA";101;379;"GANDU";"Demais falhas na via";"Saída de leito carroçável";"Sem Vítimas";"Pleno dia";"Decrescente";"Céu Claro";"Simples";"Reta";"Não";4;0;0;0;4;0;0;1;-13,786237;-39,49379906;"SPRF-BA";"DEL05-BA";"UOP03-DEL05-BA"
778148;2026-06-12;"sexta-feira";"17:20:00";"ES";262;17,3;"VIANA";"Acessar a via sem observar a presença dos outros veículos";"Colisão transversal";"Com Vítimas Feridas";"Anoitecer";"Crescente";"Céu Claro";"Simples";"Reta";"Não";3;0;0;1;2;0;1;2;-20,38659882;-40,47336526;"SPRF-ES";"DEL01-ES";"UOP01-DEL01-ES"
778149;2026-06-08;"segunda-feira";"14:30:00";"MG";381;498;"BETIM";"Ausência de reação do condutor";"Tombamento";"Sem Vítimas";"Pleno dia";"Decrescente";"Céu Claro";"Dupla";"Reta";"Sim";2;0;0;0;1;1;0;2;-20,00011635;-44,21120994;"SPRF-MG";"DEL01-MG";"UOP03-DEL01-MG"
778150;2026-06-12;"sexta-feira";"17:10:00";"RS";116;263;"CANOAS";"Condutor desrespeitou a iluminação vermelha do semáforo";"Colisão transversal";"Com Vítimas Feridas";"Plena Noite";"Decrescente";"Chuva";"Múltipla";"Interseção de Vias";"Sim";2;0;1;0;1;0;1;2;-29,93420306;-51,17753506;"SPRF-RS";"DEL01-RS";"UOP01-DEL01-RS"
778151;2026-06-12;"sexta-feira";"16:30:00";"SC";101;151,8;"ITAPEMA";"Acessar a via sem observar a presença dos outros veículos";"Colisão transversal";"Sem Vítimas";"Anoitecer";"Decrescente";"Céu Claro";"Simples";"Interseção de Vias;Reta";"Não";4;0;0;0;4;0;0;2;-27,133072;-48,609547;"SPRF-SC";"DEL04-SC";"UOP03-DEL04-SC"
778155;2026-06-12;"sexta-feira";"07:10:00";"ES";262;91,1;"DOMINGOS MARTINS";"Reação tardia ou ineficiente do condutor";"Tombamento";"Com Vítimas Feridas";"Pleno dia";"Decrescente";"Sol";"Simples";"Reta";"Sim";1;0;0;1;0;0;1;1;-20,37874897;-41,03347994;"SPRF-ES";"DEL01-ES";"UOP02-DEL01-ES"
778156;2026-06-12;"sexta-feira";"17:10:00";"BA";116;803,9;"VITORIA DA CONQUISTA";"Trafegar com motocicleta (ou similar) entre as faixas";"Colisão lateral mesmo sentido";"Com Vítimas Feridas";"Anoitecer";"Decrescente";"Céu Claro";"Simples";"Reta";"Não";2;0;1;0;1;0;1;2;-14,76492432;-40,70562834;"SPRF-BA";"DEL08-BA";"UOP02-DEL08-BA"
778158;2026-06-12;"sexta-feira";"18:00:00";"BA";116;858,1;"VITORIA DA CONQUISTA";"Velocidade Incompatível";"Tombamento";"Com Vítimas Fatais";"Anoitecer";"Crescente";"Céu Claro";"Simples";"Interseção de Vias;Reta";"Não";1;1;0;0;0;0;0;1;-15,1157483;-41,030015;"SPRF-BA";"DEL08-BA";"UOP01-DEL08-BA"
778159;2026-06-12;"sexta-feira";"17:30:00";"RS";392;677,8;"SAO PEDRO DO BUTIA";"Ausência de reação do condutor";"Colisão com objeto";"Sem Vítimas";"Pleno dia";"Decrescente";"Nevoeiro/Neblina";"Simples";"Rotatória";"Sim";1;0;0;0;1;0;0;1;-28,12900181;-54,88662243;"SPRF-RS";"DEL10-RS";"UOP01-DEL10-RS"
778160;2026-06-12;"sexta-feira";"17:30:00";"SC";101;203;"SAO JOSE";"Reação tardia ou ineficiente do condutor";"Colisão traseira";"Com Vítimas Feridas";"Anoitecer";"Decrescente";"Céu Claro";"Múltipla";"Reta";"Sim";4;0;2;0;2;0;2;2;-27,56825697;-48,61368505;"SPRF-SC";"DEL01-SC";"UOP01-DEL01-SC"
778163;2026-06-12;"sexta-feira";"17:40:00";"RS";116;254;"SAPUCAIA DO SUL";"Condutor deixou de manter distância do veículo da frente";"Colisão traseira";"Com Vítimas Feridas";"Plena Noite";"Crescente";"Chuva";"Múltipla";"Reta";"Sim";2;0;1;0;1;0;1;2;-29,8294607;-51,1727313;"SPRF-RS";"DEL01-RS";"UOP02-DEL01-RS"
778164;2026-06-12;"sexta-feira";"18:15:00";"MG";262;86;"ABRE CAMPO";"Iluminação deficiente";"Colisão traseira";"Com Vítimas Feridas";"Plena Noite";"Crescente";"Chuva";"Simples";"Reta;Aclive";"Não";2;0;1;1;0;0;2;2;-20,33913244;-42,42653243;"SPRF-MG";"DEL03-MG";"UOP03-DEL03-MG"
778166;2026-06-12;"sexta-feira";"17:15:00";"PR";476;117;"COLOMBO";"Ausência de reação do condutor";"Colisão traseira";"Com Vítimas Feridas";"Pleno dia";"Decrescente";"Nublado";"Dupla";"Reta;Declive";"Sim";4;0;1;0;3;0;1;3;-25,348915;-49,176346;"SPRF-PR";"DEL01-PR";"UOP01-DEL01-PR"
778168;2026-06-12;"sexta-feira";"18:00:00";"MG";40;544;"BELO HORIZONTE";"Ausência de reação do condutor";"Colisão com objeto";"Com Vítimas Feridas";"Plena Noite";"Crescente";"Céu Claro";"Dupla";"Curva;Declive";"Sim";1;0;0;1;0;0;1;1;-19,9957272;-43,9607474;"SPRF-MG";"DEL01-MG";"UOP02-DEL01-MG"
778171;2026-06-12;"sexta-feira";"18:30:00";"PR";369;207;"APUCARANA";"Condutor deixou de manter distância do veículo da frente";"Colisão traseira";"Com Vítimas Feridas";"Plena Noite";"Crescente";"Céu Claro";"Simples";"Declive;Reta";"Sim";3;0;1;0;2;0;1;2;-23,563464;-51,492492;"SPRF-PR";"DEL07-PR";"UOP03-DEL07-PR"
778172;2026-06-12;"sexta-feira";"18:15:00";"SC";101;150,7;"ITAPEMA";"Reação tardia ou ineficiente do condutor";"Engavetamento";"Com Vítimas Feridas";"Anoitecer";"Decrescente";"Nublado";"Dupla";"Reta";"Sim";3;0;1;0;2;0;1;3;-27,1226273;-48,6092965;"SPRF-SC";"DEL04-SC";"UOP03-DEL04-SC"
778173;2026-06-12;"sexta-feira";"19:00:00";"SC";101;207;"SAO JOSE";"Trafegar com motocicleta (ou similar) entre as faixas";"Colisão traseira";"Sem Vítimas";"Plena Noite";"Crescente";"Nublado";"Múltipla";"Curva";"Sim";2;0;0;0;2;0;0;2;-27,60016499;-48,62267431;"SPRF-SC";"DEL01-SC";"UOP01-DEL01-SC"
778174;2026-06-12;"sexta-feira";"18:20:00";"DF";20;2,6;"BRASILIA";"Pedestre - Ingestão de álcool/ substâncias psicoativas";"Atropelamento de Pedestre";"Com Vítimas Feridas";"Anoitecer";"Crescente";"Céu Claro";"Dupla";"Reta";"Sim";2;0;0;1;1;0;1;2;-15,68105;-47,83547;"SPRF-DF";"DEL02-DF";"UOP01-DEL02-DF"
778176;2026-06-12;"sexta-feira";"18:00:00";"PR";369;165;"CAMBE";"Condutor deixou de manter distância do veículo da frente";"Colisão traseira";"Com Vítimas Feridas";"Anoitecer";"Decrescente";"Céu Claro";"Dupla";"Declive";"Não";3;0;2;0;1;0;2;2;-23,29586682;-51,29901633;"SPRF-PR";"DEL07-PR";"UOP01-DEL07-PR"
778177;2026-06-12;"sexta-feira";"18:30:00";"SP";153;72,7;"SAO JOSE DO RIO PRETO";"Reação tardia ou ineficiente do condutor";"Colisão traseira";"Com Vítimas Feridas";"Anoitecer";"Crescente";"Chuva";"Dupla";"Reta";"Sim";2;0;1;0;0;1;1;2;-20,876042;-49,420018;"SPRF-SP";"DEL09-SP";"UOP01-DEL09-SP"
778178;2026-06-12;"sexta-feira";"17:57:00";"SC";470;161;"TROMBUDO CENTRAL";"Ausência de reação do condutor";"Colisão lateral mesmo sentido";"Com Vítimas Feridas";"Plena Noite";"Crescente";"Ignorado";"Simples";"Reta";"Não";2;0;0;1;0;1;1;2;-27,28601;-49,7988;"SPRF-SC";"DEL04-SC";"UOP02-DEL04-SC"
778179;2026-06-12;"sexta-feira";"18:50:00";"SC";101;221,7;"PALHOCA";"Acumulo de areia ou detritos sobre o pavimento";"Tombamento";"Com Vítimas Feridas";"Plena Noite";"Crescente";"Garoa/Chuvisco";"Múltipla";"Curva;Viaduto";"Não";2;0;2;0;0;0;2;1;-27,675428;-48,670514;"SPRF-SC";"DEL01-SC";"UOP02-DEL01-SC"
778181;2026-06-12;"sexta-feira";"18:05:00";"MG";262;36,1;"MANHUACU";"Reação tardia ou ineficiente do condutor";"Colisão frontal";"Com Vítimas Feridas";"Plena Noite";"Crescente";"Chuva";"Simples";"Declive";"Sim";2;0;1;0;1;0;1;2;-20,263505;-42,036425;"SPRF-MG";"DEL06-MG";"UOP03-DEL06-MG"
778182;2026-06-12;"sexta-feira";"18:35:00";"RS";386;431;"NOVA SANTA RITA";"Ausência de sinalização";"Colisão com objeto";"Com Vítimas Feridas";"Plena Noite";"Decrescente";"Chuva";"Simples";"Reta";"Não";5;0;3;0;2;0;3;2;-29,83844482;-51,30386559;"SPRF-RS";"DEL04-RS";"UOP02-DEL04-RS"
778183;2026-06-12;"sexta-feira";"16:40:00";"MS";262;2,5;"TRES LAGOAS";"Ausência de reação do condutor";"Colisão traseira";"Com Vítimas Feridas";"Anoitecer";"Decrescente";"Chuva";"Simples";"Reta";"Não";3;0;1;0;2;0;1;2;-20,78869;-51,64381;"SPRF-MS";"DEL07-MS";"UOP01-DEL07-MS"
778184;2026-06-12;"sexta-feira";"18:30:00";"SC";163;66;"SAO MIGUEL DO OESTE";"Ausência de reação do condutor";"Colisão com objeto";"Sem Vítimas";"Plena Noite";"Crescente";"Nublado";"Dupla";"Reta";"Sim";1;0;0;0;1;0;0;1;-26,75929556;-53,50041239;"SPRF-SC";"DEL07-SC";"UOP03-DEL07-SC"
778185;2026-06-12;"sexta-feira";"19:05:00";"SC";101;205,8;"SAO JOSE";"Manobra de mudança de faixa";"Colisão traseira";"Sem Vítimas";"Plena Noite";"Crescente";"Nublado";"Múltipla";"Reta";"Sim";2;0;0;0;2;0;0;2;-27,590721;-48,617832;"SPRF-SC";"DEL01-SC";"UOP01-DEL01-SC"
778187;2026-06-12;"sexta-feira";"18:20:00";"MG";365;414;"PATOS DE MINAS";"Ausência de reação do condutor";"Capotamento";"Com Vítimas Feridas";"Plena Noite";"Decrescente";"Garoa/Chuvisco";"Simples";"Reta";"Não";1;0;1;0;0;0;1;1;-18,674;-46,545;"SPRF-MG";"DEL10-MG";"UOP01-DEL10-MG"
778188;2026-06-12;"sexta-feira";"18:55:00";"SC";282;604;"XANXERE";"Reação tardia ou ineficiente do condutor";"Colisão frontal";"Com Vítimas Feridas";"Plena Noite";"Decrescente";"Garoa/Chuvisco";"Simples";"Reta";"Não";2;0;1;0;1;0;1;2;-26,88602874;-52,41760612;"SPRF-SC";"DEL07-SC";"UOP02-DEL07-SC"
778189;2026-06-12;"sexta-feira";"17:30:00";"RJ";493;19;"MAGE";"Manobra de mudança de faixa";"Colisão lateral mesmo sentido";"Com Vítimas Feridas";"Anoitecer";"Decrescente";"Nublado";"Simples";"Reta;Em Obras";"Sim";3;0;0;1;2;0;1;3;-22,66439651;-43,03229236;"SPRF-RJ";"DEL04-RJ";"UOP02-DEL04-RJ"
778190;2026-06-12;"sexta-feira";"17:30:00";"RO";364;709;"PORTO VELHO";"Ausência de reação do condutor";"Tombamento";"Com Vítimas Feridas";"Anoitecer";"Crescente";"Céu Claro";"Múltipla";"Reta";"Sim";1;0;1;0;0;0;1;1;-8,787777;-63,854519;"SPRF-RO";"DEL01-RO";"UOP01-DEL01-RO"
778191;2026-06-12;"sexta-feira";"15:20:00";"PR";163;158;"LINDOESTE";"Reação tardia ou ineficiente do condutor";"Saída de leito carroçável";"Com Vítimas Feridas";"Pleno dia";"Decrescente";"Nublado";"Dupla";"Reta";"Não";4;0;1;1;2;0;2;1;-25,328981;-53,591339;"SPRF-PR";"DEL05-PR";"UOP05-DEL05-PR"
778192;2026-06-12;"sexta-feira";"18:20:00";"ES";262;95;"DOMINGOS MARTINS";"Acessar a via sem observar a presença dos outros veículos";"Colisão transversal";"Com Vítimas Feridas";"Plena Noite";"Decrescente";"Céu Claro";"Simples";"Rotatória";"Não";2;0;1;0;0;1;1;2;-20,364862;-41,062391;"SPRF-ES";"DEL01-ES";"UOP02-DEL01-ES"
778193;2026-06-12;"sexta-feira";"19:10:00";"RS";470;247;"BARAO";"Chuva";"Saída de leito carroçável";"Com Vítimas Feridas";"Plena Noite";"Crescente";"Chuva";"Simples";"Curva";"Não";1;0;1;0;0;0;1;1;-29,3890088;-51,4948937;"SPRF-RS";"DEL06-RS";"UOP01-DEL06-RS"
778195;2026-06-12;"sexta-feira";"18:30:00";"SP";116;147,2;"SAO JOSE DOS CAMPOS";"Reação tardia ou ineficiente do condutor";"Colisão traseira";"Com Vítimas Feridas";"Plena Noite";"Crescente";"Nublado";"Dupla";"Reta";"Sim";3;0;1;0;2;0;1;3;-23,19536984;-45,87179708;"SPRF-SP";"DEL02-SP";"UOP01-DEL02-SP"
778196;2026-06-12;"sexta-feira";"13:00:00";"RS";116;247,5;"SAO LEOPOLDO";"Avarias e/ou desgaste excessivo no pneu";"Tombamento";"Com Vítimas Feridas";"Pleno dia";"Crescente";"Chuva";"Dupla";"Reta";"Sim";1;0;1;0;0;0;1;1;-29,77011974;-51,15349947;"SPRF-RS";"DEL01-RS";"UOP02-DEL01-RS"
778198;2026-06-12;"sexta-feira";"18:30:00";"CE";116;374,5;"ICO";"Acesso irregular";"Colisão frontal";"Com Vítimas Feridas";"Plena Noite";"Crescente";"Céu Claro";"Simples";"Interseção de Vias;Reta";"Sim";2;0;0;1;1;0;1;2;-6,3980759;-38,8352305;"SPRF-CE";"DEL05-CE";"UOP01-DEL05-CE"
778200;2026-06-12;"sexta-feira";"17:50:00";"RJ";40;96;"DUQUE DE CAXIAS";"Pista Escorregadia";"Tombamento";"Com Vítimas Feridas";"Plena Noite";"Crescente";"Céu Claro";"Dupla";"Declive;Curva";"Não";2;0;1;0;1;0;1;1;-22,569612;-43,277669;"SPRF-RJ";"DEL01-RJ";"UOP01-DEL01-RJ"
778201;2026-06-12;"sexta-feira";"18:30:00";"SP";153;72,2;"SAO JOSE DO RIO PRETO";"Condutor deixou de manter distância do veículo da frente";"Engavetamento";"Com Vítimas Feridas";"Plena Noite";"Crescente";"Chuva";"Dupla";"Declive;Reta";"Sim";5;0;2;0;3;0;2;3;-20,87680132;-49,42047207;"SPRF-SP";"DEL09-SP";"UOP01-DEL09-SP"
778202;2026-06-12;"sexta-feira";"18:30:00";"PR";277;93;"SAO JOSE DOS PINHAIS";"Ausência de reação do condutor";"Colisão traseira";"Com Vítimas Feridas";"Plena Noite";"Decrescente";"Nublado";"Dupla";"Reta;Declive;Em Obras";"Não";3;0;1;0;2;0;1;3;-25,5232231;-49,13653946;"SPRF-PR";"DEL01-PR";"UOP03-DEL01-PR"
778204;2026-06-12;"sexta-feira";"19:40:00";"SC";280;3;"SAO FRANCISCO DO SUL";"Ausência de reação do condutor";"Tombamento";"Com Vítimas Feridas";"Plena Noite";"Crescente";"Nublado";"Simples";"Reta";"Não";5;0;2;1;2;0;3;3;-26,24992;-48,616427;"SPRF-SC";"DEL03-SC";"UOP03-DEL03-SC"
778205;2026-06-12;"sexta-feira";"18:40:00";"SC";282;16;"PALHOCA";"Pedestre cruzava a pista fora da faixa";"Atropelamento de Pedestre";"Com Vítimas Feridas";"Plena Noite";"Crescente";"Nublado";"Simples";"Reta";"Sim";2;0;1;0;1;0;1;2;-27,66061628;-48,68363706;"SPRF-SC";"DEL01-SC";"UOP02-DEL01-SC"
778206;2026-06-12;"sexta-feira";"20:10:00";"PE";101;83;"JABOATAO DOS GUARARAPES";"Reação tardia ou ineficiente do condutor";"Queda de ocupante de veículo";"Com Vítimas Feridas";"Plena Noite";"Crescente";"Céu Claro";"Dupla";"Reta";"Sim";1;0;1;0;0;0;1;1;-8,177938;-34,947982;"SPRF-PE";"DEL01-PE";"UOP01-DEL01-PE"
778207;2026-06-12;"sexta-feira";"18:00:00";"PB";104;146,3;"QUEIMADAS";"Transitar na contramão";"Colisão frontal";"Com Vítimas Fatais";"Plena Noite";"Crescente";"Céu Claro";"Simples";"Reta";"Não";3;1;0;0;2;0;0;2;-7,41822746;-35,89549589;"SPRF-PB";"DEL02-PB";"UOP03-DEL02-PB"
778208;2026-06-12;"sexta-feira";"19:20:00";"PR";277;79;"CURITIBA";"Trafegar com motocicleta (ou similar) entre as faixas";"Colisão traseira";"Com Vítimas Feridas";"Plena Noite";"Crescente";"Céu Claro";"Dupla";"Em Obras";"Não";2;0;1;0;1;0;1;2;-25,47191066;-49,21085867;"SPRF-PR";"DEL01-PR";"UOP08-DEL01-PR"
778209;2026-06-12;"sexta-feira";"19:10:00";"GO";60;381;"RIO VERDE";"Reação tardia ou ineficiente do condutor";"Queda de ocupante de veículo";"Com Vítimas Feridas";"Plena Noite";"Crescente";"Céu Claro";"Múltipla";"Reta";"Não";2;0;0;2;0;0;2;1;-17,784452;-50,899932;"SPRF-GO";"DEL04-GO";"UOP01-DEL04-GO"
778210;2026-06-12;"sexta-feira";"19:30:00";"MG";365;681;"MONTE ALEGRE DE MINAS";"Reação tardia ou ineficiente do condutor";"Saída de leito carroçável";"Sem Vítimas";"Plena Noite";"Crescente";"Chuva";"Dupla";"Reta";"Não";1;0;0;0;1;0;0;1;-18,85051113;-48,83722655;"SPRF-MG";"DEL15-MG";"UOP01-DEL15-MG"
778213;2026-06-12;"sexta-feira";"18:30:00";"AL";316;85;"SANTANA DO IPANEMA";"Conversão proibida";"Colisão transversal";"Com Vítimas Feridas";"Pleno dia";"Crescente";"Céu Claro";"Simples";"Declive";"Sim";3;0;2;0;1;0;2;2;-9,37288735;-37,23637225;"SPRF-AL";"DEL03-AL";"UOP02-DEL03-AL"
778214;2026-06-12;"sexta-feira";"19:40:00";"PA";316;65,9;"CASTANHAL";"Ausência de reação do condutor";"Colisão traseira";"Com Vítimas Feridas";"Plena Noite";"Decrescente";"Nublado";"Dupla";"Reta";"Sim";2;0;0;2;0;0;2;2;-1,295198;-47,902712;"SPRF-PA";"DEL01-PA";"UOP01-DEL01-PA"
778215;2026-06-12;"sexta-feira";"18:30:00";"MT";163;710;"SORRISO";"Acessar a via sem observar a presença dos outros veículos";"Colisão transversal";"Com Vítimas Feridas";"Anoitecer";"Decrescente";"Céu Claro";"Simples";"Reta";"Não";3;0;1;0;2;0;1;2;-12,89731;-55,846718;"SPRF-MT";"DEL06-MT";"UOP01-DEL06-MT"
778216;2026-06-12;"sexta-feira";"19:00:00";"MS";163;461;"CAMPO GRANDE";"Ausência de reação do condutor";"Saída de leito carroçável";"Sem Vítimas";"Plena Noite";"Crescente";"Chuva";"Simples";"Reta";"Não";1;0;0;0;1;0;0;1;-20,62912;-54,57193;"SPRF-MS";"DEL01-MS";"UOP01-DEL01-MS"
778218;2026-06-12;"sexta-feira";"18:40:00";"CE";222;59;"SAO GONCALO DO AMARANTE";"Conversão proibida";"Colisão transversal";"Com Vítimas Feridas";"Plena Noite";"Crescente";"Céu Claro";"Simples";"Reta";"Sim";2;0;1;0;1;0;1;2;-3,670772;-39,079059;"SPRF-CE";"DEL01-CE";"UOP03-DEL01-CE"
778219;2026-06-12;"sexta-feira";"11:30:00";"PI";316;306;"PICOS";"Retorno proibido";"Colisão frontal";"Com Vítimas Feridas";"Pleno dia";"Decrescente";"Céu Claro";"Dupla";"Aclive;Reta";"Sim";2;0;0;1;0;1;1;2;-7,07916;-41,504779;"SPRF-PI";"DEL04-PI";"UOP01-DEL04-PI"
778220;2026-06-12;"sexta-feira";"16:16:00";"RJ";40;110;"DUQUE DE CAXIAS";"Trafegar com motocicleta (ou similar) entre as faixas";"Colisão traseira";"Com Vítimas Feridas";"Anoitecer";"Decrescente";"Nublado";"Múltipla";"Reta";"Sim";3;0;1;0;2;0;1;2;-22,68537108;-43,28533679;"SPRF-RJ";"DEL01-RJ";"UOP02-DEL01-RJ"
778222;2026-06-12;"sexta-feira";"18:30:00";"RJ";116;184;"NOVA IGUACU";"Ausência de reação do condutor";"Colisão lateral mesmo sentido";"Com Vítimas Feridas";"Plena Noite";"Crescente";"Nublado";"Dupla";"Reta";"Sim";2;0;2;0;0;0;2;2;-22,74627845;-43,446227;"SPRF-RJ";"DEL06-RJ";"UOP01-DEL06-RJ"
778224;2026-06-12;"sexta-feira";"20:32:00";"TO";10;346,1;"SILVANOPOLIS";"Acessar a via sem observar a presença dos outros veículos";"Colisão transversal";"Com Vítimas Feridas";"Plena Noite";"Crescente";"Céu Claro";"Simples";"Curva";"Sim";4;0;0;2;2;0;2;2;-11,15672;-48,17947;"SPRF-TO";"DEL01-TO";"UOP03-DEL01-TO"
778225;2026-06-12;"sexta-feira";"21:20:00";"ES";101;295,5;"CARIACICA";"Transtornos Mentais (exceto suicidio)";"Atropelamento de Pedestre";"Com Vítimas Feridas";"Plena Noite";"Crescente";"Céu Claro";"Dupla";"Reta;Aclive";"Sim";2;0;0;1;1;0;1;2;-20,337447;-40,402809;"SPRF-ES";"DEL01-ES";"UOP01-DEL01-ES"
778226;2026-06-12;"sexta-feira";"17:45:00";"RJ";116;15;"SEROPEDICA";"Acesso irregular";"Colisão transversal";"Com Vítimas Feridas";"Plena Noite";"Crescente";"Nublado";"Simples";"Reta";"Não";2;0;0;1;1;0;1;2;-22,80958801;-43,63311259;"SPRF-RJ";"DEL05-RJ";"UOP01-DEL05-RJ"
778227;2026-06-12;"sexta-feira";"19:30:00";"PI";316;5;"TERESINA";"Reação tardia ou ineficiente do condutor";"Colisão traseira";"Com Vítimas Feridas";"Plena Noite";"Decrescente";"Céu Claro";"Múltipla";"Reta";"Sim";3;0;1;2;0;0;3;2;-5,26810087;-42,72740126;"SPRF-PI";"DEL01-PI";"UOP02-DEL01-PI"
778228;2026-06-12;"sexta-feira";"19:10:00";"PR";277;407,2;"CANDOI";"Ausência de reação do condutor";"Queda de ocupante de veículo";"Com Vítimas Feridas";"Plena Noite";"Decrescente";"Céu Claro";"Simples";"Reta";"Não";1;0;0;1;0;0;1;1;-25,439855;-51,983186;"SPRF-PR";"DEL04-PR";"UOP02-DEL04-PR"
778230;2026-06-12;"sexta-feira";"18:20:00";"PE";232;41;"VITORIA DE SANTO ANTAO";"Ausência de reação do condutor";"Colisão traseira";"Com Vítimas Feridas";"Plena Noite";"Crescente";"Céu Claro";"Dupla";"Reta";"Não";3;0;1;0;2;0;1;2;-8,11625;-35,25622;"SPRF-PE";"DEL02-PE";"UOP02-DEL02PE"
778232;2026-06-12;"sexta-feira";"21:30:00";"CE";222;162;"IRAUCUBA";"Acessar a via sem observar a presença dos outros veículos";"Atropelamento de Pedestre";"Com Vítimas Fatais";"Plena Noite";"Crescente";"Céu Claro";"Simples";"Reta";"Não";28;1;0;0;27;0;0;2;-3,74083687;-39,80258435;"SPRF-CE";"DEL04-CE";"UOP03-DEL04-CE"
778233;2026-06-12;"sexta-feira";"22:00:00";"SC";280;24,7;"ARAQUARI";"Pedestre - Ingestão de álcool/ substâncias psicoativas";"Atropelamento de Pedestre";"Com Vítimas Feridas";"Plena Noite";"Crescente";"Céu Claro";"Simples";"Reta";"Sim";4;0;1;0;2;1;1;3;-26,38019653;-48,72286169;"SPRF-SC";"DEL03-SC";"UOP03-DEL03-SC"
778234;2026-06-12;"sexta-feira";"22:20:00";"SC";101;202;"SAO JOSE";"Ausência de reação do condutor";"Colisão traseira";"Com Vítimas Feridas";"Plena Noite";"Decrescente";"Nublado";"Múltipla";"Reta";"Sim";2;0;1;0;1;0;1;2;-27,550396;-48,619395;"SPRF-SC";"DEL01-SC";"UOP01-DEL01-SC"
778237;2026-06-12;"sexta-feira";"18:30:00";"RO";364;19;"VILHENA";"Ausência de reação do condutor";"Colisão traseira";"Com Vítimas Feridas";"Anoitecer";"Crescente";"Céu Claro";"Simples";"Reta";"Não";2;0;1;0;1;0;1;2;-12,72906741;-60,17729795;"SPRF-RO";"DEL04-RO";"UOP01-DEL04-RO"
778241;2026-06-09;"terça-feira";"20:45:00";"MS";0;0;"ANAURILANDIA";"Animais na Pista";"Atropelamento de Animal";"Sem Vítimas";"Plena Noite";"Não Informado";"Céu Claro";"Simples";"Reta";"Não";1;0;0;0;1;0;0;1;-22,18486176;-52,69729614;"SPRF-MS";"DEL07-MS";"UOP01-DEL07-MS"
778242;2026-06-12;"sexta-feira";"22:10:00";"MG";459;75,2;"SENADOR JOSE BENTO";"Ingestão de álcool pelo condutor";"Colisão com objeto";"Sem Vítimas";"Plena Noite";"Decrescente";"Céu Claro";"Simples";"Aclive;Reta";"Não";2;0;0;0;2;0;0;1;-22,1382433;-46,146825;"SPRF-MG";"DEL09-MG";"UOP01-DEL09-MG"
778243;2026-06-12;"sexta-feira";"20:20:00";"RO";364;284;"PRESIDENTE MEDICI";"Reação tardia ou ineficiente do condutor";"Saída de leito carroçável";"Com Vítimas Feridas";"Plena Noite";"Decrescente";"Céu Claro";"Simples";"Reta";"Não";1;0;1;0;0;0;1;1;-11,36681;-61,84111;"SPRF-RO";"DEL02-RO";"UOP01-DEL02-RO"
778244;2026-06-12;"sexta-feira";"22:30:00";"MG";116;740,2;"LEOPOLDINA";"Animais na Pista";"Saída de leito carroçável";"Sem Vítimas";"Plena Noite";"Decrescente";"Céu Claro";"Simples";"Reta";"Não";1;0;0;0;1;0;0;1;-21,403953;-42,499003;"SPRF-MG";"DEL07-MG";"UOP01-DEL07-MG"