"id";"data_inversa";"dia_semana";"horario";"uf";"br";"km";"municipio";"causa_acidente";"tipo_acidente";"classificacao_acidente";"fase_dia";"sentido_via";"condicao_metereologica";"tipo_pista";"tracado_via";"uso_solo";"pessoas";"mortos";"feridos_leves";"feridos_graves";"ilesos";"ignorados";"feridos";"veiculos";"latitude";"longitude";"regional";"delegacia";"uop"
778458;2026-06-13;"sábado";"22:30:00";"SP";116;108,3;"TAUBATE";"Reação tardia ou ineficiente do condutor";"Colisão traseira";"Sem Vítimas";"Plena Noite";"Crescente";"Céu Claro";"Dupla";"Reta";"Sim";3;0;0;0;2;1;0;2;-23,02398807;-45,53876996;"SPRF-SP";"DEL02-SP";"UOP02-DEL02-SP"
778459;2026-06-13;"sábado";"21:40:00";"PR";272;567;"GUAIRA";"Reação tardia ou ineficiente do condutor";"Tombamento";"Com Vítimas Feridas";"Plena Noite";"Decrescente";"Chuva";"Simples";"Reta";"Não";2;0;2;0;0;0;2;1;-24,103735;-54,233275;"SPRF-PR";"DEL06-PR";"UOP01-DEL06-PR"
778460;2026-06-13;"sábado";"22:20:00";"MG";116;412;"GOVERNADOR VALADARES";"Reação tardia ou ineficiente do condutor";"Tombamento";"Com Vítimas Feridas";"Plena Noite";"Decrescente";"Céu Claro";"Dupla";"Reta";"Sim";1;0;1;0;0;0;1;1;-18,87097547;-41,96917389;"SPRF-MG";"DEL06-MG";"UOP01-DEL06-MG"
778461;2026-06-13;"sábado";"20:05:00";"PE";232;114,5;"CARUARU";"Pedestre andava na pista";"Atropelamento de Pedestre";"Com Vítimas Fatais";"Plena Noite";"Decrescente";"Céu Claro";"Dupla";"Reta";"Não";2;1;0;0;1;0;0;2;-8,2985;-35,85907;"SPRF-PE";"DEL02-PE";"UOP03-DEL02-PE"
778462;2026-06-13;"sábado";"22:50:00";"RS";116;252;"SAPUCAIA DO SUL";"Velocidade Incompatível";"Colisão lateral mesmo sentido";"Sem Vítimas";"Plena Noite";"Decrescente";"Céu Claro";"Múltipla";"Reta";"Sim";2;0;0;0;1;1;0;2;-29,82258438;-51,17131526;"SPRF-RS";"DEL01-RS";"UOP02-DEL01-RS"
778463;2026-06-13;"sábado";"22:45:00";"PR";376;3,8;"APUCARANA";"Acessar a via sem observar a presença dos outros veículos";"Colisão transversal";"Com Vítimas Feridas";"Plena Noite";"Decrescente";"Nevoeiro/Neblina";"Dupla";"Reta";"Sim";4;0;2;0;2;0;2;2;-23,55628;-51,44315;"SPRF-PR";"DEL07-PR";"UOP03-DEL07-PR"
778464;2026-06-13;"sábado";"21:45:00";"RJ";116;189;"NOVA IGUACU";"Condutor deixou de manter distância do veículo da frente";"Colisão traseira";"Com Vítimas Feridas";"Plena Noite";"Decrescente";"Céu Claro";"Múltipla";"Reta";"Sim";4;0;1;0;3;0;1;2;-22,74237799;-43,51870984;"SPRF-RJ";"DEL06-RJ";"UOP01-DEL06-RJ"
778465;2026-06-13;"sábado";"18:00:00";"MG";116;374;"MATHIAS LOBATO";"Acessar a via sem observar a presença dos outros veículos";"Colisão lateral mesmo sentido";"Com Vítimas Feridas";"Plena Noite";"Decrescente";"Nublado";"Simples";"Reta";"Sim";2;0;1;0;1;0;1;2;-18,575128;-41,916059;"SPRF-MG";"DEL11-MG";"UOP01-DEL11-MG"
778467;2026-06-13;"sábado";"22:50:00";"PB";230;0,6;"CABEDELO";"Reação tardia ou ineficiente do condutor";"Colisão com objeto";"Com Vítimas Fatais";"Plena Noite";"Decrescente";"Céu Claro";"Simples";"Curva";"Sim";1;1;0;0;0;0;0;1;-6,972322;-34,832892;"SPRF-PB";"DEL01-PB";"UOP01-DEL01-PB"
778468;2026-06-13;"sábado";"23:30:00";"MG";50;175;"UBERABA";"Ingestão de álcool pelo condutor";"Saída de leito carroçável";"Com Vítimas Feridas";"Plena Noite";"Decrescente";"Garoa/Chuvisco";"Simples";"Reta";"Sim";1;0;1;0;0;0;1;1;-19,7032708;-47,98572058;"SPRF-MG";"DEL13-MG";"UOP01-DEL13-MG"
778469;2026-06-13;"sábado";"22:35:00";"PI";343;2;"TERESINA";"Ingestão de álcool pelo condutor";"Colisão traseira";"Sem Vítimas";"Plena Noite";"Decrescente";"Céu Claro";"Dupla";"Retorno Regulamentado;Reta";"Sim";3;0;0;0;3;0;0;2;-5,08165;-42,767862;"SPRF-PI";"DEL01-PI";"UOP01-DEL01-PI"
778470;2026-06-13;"sábado";"23:30:00";"PR";376;182;"MARINGA";"Desrespeitar a preferência no cruzamento";"Colisão transversal";"Com Vítimas Feridas";"Plena Noite";"Crescente";"Garoa/Chuvisco";"Dupla";"Rotatória";"Sim";3;0;1;0;2;0;1;2;-23,43226539;-51,88746063;"SPRF-PR";"DEL09-PR";"UOP01-DEL09-PR"
778471;2026-06-13;"sábado";"22:00:00";"SC";101;99,9;"BALNEARIO PICARRAS";"Ingestão de álcool pelo condutor";"Colisão transversal";"Com Vítimas Feridas";"Plena Noite";"Decrescente";"Céu Claro";"Dupla";"Reta";"Sim";2;0;1;0;1;0;1;2;-26,75610543;-48,68908731;"SPRF-SC";"DEL03-SC";"UOP02-DEL03-SC"
778472;2026-06-13;"sábado";"22:30:00";"GO";251;29,5;"CRISTALINA";"Ausência de reação do condutor";"Colisão traseira";"Sem Vítimas";"Plena Noite";"Crescente";"Céu Claro";"Simples";"Reta";"Não";5;0;0;0;5;0;0;3;-16,0852015;-47,5190033;"SPRF-DF";"DEL01-DF";"UOP01-DEL01-DF"
778473;2026-06-13;"sábado";"23:10:00";"MS";267;503,2;"JARDIM";"Manobra de mudança de faixa";"Colisão frontal";"Com Vítimas Fatais";"Plena Noite";"Crescente";"Garoa/Chuvisco";"Simples";"Reta";"Não";6;1;1;4;0;0;5;2;-21,4661563;-56,3325902;"SPRF-MS";"DEL05-MS";"UOP01-DEL05-MS"
778475;2026-06-14;"domingo";"00:00:00";"RS";116;521;"PELOTAS";"Velocidade Incompatível";"Colisão com objeto";"Sem Vítimas";"Plena Noite";"Decrescente";"Nublado";"Múltipla";"Rotatória;Interseção de Vias;Viaduto";"Sim";1;0;0;0;0;1;0;1;-31,7074751;-52,3672333;"SPRF-RS";"DEL07-RS";"UOP01-DEL07-RS"
778477;2026-06-13;"sábado";"23:04:00";"MT";70;274;"PRIMAVERA DO LESTE";"Manobra de mudança de faixa";"Capotamento";"Sem Vítimas";"Plena Noite";"Crescente";"Céu Claro";"Simples";"Reta";"Não";1;0;0;0;0;1;0;1;-15,57734751;-54,37890151;"SPRF-MT";"DEL05-MT";"UOP01-DEL05-MT"
778478;2026-06-14;"domingo";"01:00:00";"ES";101;145,1;"LINHARES";"Reação tardia ou ineficiente do condutor";"Tombamento";"Com Vítimas Feridas";"Plena Noite";"Crescente";"Ignorado";"Múltipla";"Reta";"Sim";1;0;1;0;0;0;1;1;-19,36218662;-40,06508946;"SPRF-ES";"DEL04-ES";"UOP01-DEL04-ES"
778479;2026-06-14;"domingo";"00:40:00";"PR";277;698,9;"SAO MIGUEL DO IGUACU";"Ingestão de álcool pelo condutor";"Saída de leito carroçável";"Sem Vítimas";"Plena Noite";"Decrescente";"Vento";"Dupla";"Reta;Aclive;Retorno Regulamentado";"Não";1;0;0;0;1;0;0;1;-25,394195;-54,3074233;"SPRF-PR";"DEL05-PR";"UOP01-DEL05-PR"
778480;2026-06-13;"sábado";"22:30:00";"RJ";356;177;"SAO JOAO DA BARRA";"Acessar a via sem observar a presença dos outros veículos";"Colisão transversal";"Com Vítimas Feridas";"Plena Noite";"Decrescente";"Céu Claro";"Simples";"Reta";"Não";3;0;1;1;1;0;2;2;-21,717968;-41,057435;"SPRF-RJ";"DEL08-RJ";"UOP02-DEL08-RJ"
778481;2026-06-14;"domingo";"01:10:00";"GO";40;4;"VALPARAISO DE GOIAS";"Reação tardia ou ineficiente do condutor";"Colisão com objeto";"Com Vítimas Feridas";"Plena Noite";"Decrescente";"Ignorado";"Dupla";"Reta";"Sim";3;0;0;1;1;1;1;2;-16,082051;-47,986433;"SPRF-DF";"DEL01-DF";"UOP01-DEL01-DF"
778482;2026-06-14;"domingo";"01:00:00";"PR";272;527;"FRANCISCO ALVES";"Chuva";"Saída de leito carroçável";"Sem Vítimas";"Plena Noite";"Crescente";"Chuva";"Simples";"Reta";"Sim";1;0;0;0;0;1;0;1;-24,06554276;-53,84991344;"SPRF-PR";"DEL06-PR";"UOP01-DEL06-PR"
778483;2026-06-13;"sábado";"23:00:00";"MA";135;335;"PRESIDENTE DUTRA";"Transitar na contramão";"Colisão frontal";"Com Vítimas Fatais";"Plena Noite";"Decrescente";"Céu Claro";"Simples";"Reta";"Não";2;1;0;0;1;0;0;2;-5,256223;-44,4818;"SPRF-MA";"DEL06-MA";"UOP01-DEL06-MA"
778484;2026-06-14;"domingo";"01:00:00";"PR";376;174;"MARINGA";"Ingestão de álcool pelo condutor";"Colisão traseira";"Com Vítimas Feridas";"Plena Noite";"Crescente";"Garoa/Chuvisco";"Dupla";"Declive;Reta";"Sim";2;0;1;0;1;0;1;2;-23,418369;-51,961971;"SPRF-PR";"DEL09-PR";"UOP01-DEL09-PR"
778485;2026-06-13;"sábado";"23:45:00";"SP";116;110,4;"TAUBATE";"Pedestre andava na pista";"Atropelamento de Pedestre";"Com Vítimas Fatais";"Plena Noite";"Decrescente";"Céu Claro";"Dupla";"Curva;Declive";"Sim";3;1;0;0;2;0;0;2;-23,036797;-45,556865;"SPRF-SP";"DEL02-SP";"UOP02-DEL02-SP"
778486;2026-06-14;"domingo";"00:51:00";"MS";163;626;"SAO GABRIEL DO OESTE";"Reação tardia ou ineficiente do condutor";"Colisão com objeto";"Com Vítimas Feridas";"Plena Noite";"Crescente";"Céu Claro";"Simples";"Curva;Em Obras";"Não";2;0;0;2;0;0;2;1;-19,298468;-54,631061;"SPRF-MS";"DEL06-MS";"UOP02-DEL06-MS"
778487;2026-06-14;"domingo";"01:50:00";"SP";101;46;"UBATUBA";"Velocidade Incompatível";"Capotamento";"Com Vítimas Feridas";"Plena Noite";"Crescente";"Ignorado";"Simples";"Curva";"Não";1;0;1;0;0;0;1;1;-23,4276633;-45,08013;"SPRF-SP";"DEL06-SP";"UOP01-DEL06-SP"
778488;2026-06-14;"domingo";"01:30:00";"SC";282;5,1;"SAO JOSE";"Pedestre andava na pista";"Atropelamento de Pedestre";"Com Vítimas Feridas";"Plena Noite";"Crescente";"Céu Claro";"Dupla";"Reta";"Não";2;0;0;1;1;0;1;2;-27,58852;-48,612382;"SPRF-SC";"DEL01-SC";"UOP01-DEL01-SC"
778494;2026-06-13;"sábado";"22:00:00";"BA";407;179;"PONTO NOVO";"Ausência de reação do condutor";"Queda de ocupante de veículo";"Com Vítimas Fatais";"Plena Noite";"Crescente";"Céu Claro";"Simples";"Reta";"Não";2;1;0;1;0;0;1;1;-10,918;-40,1073;"SPRF-BA";"DEL04-BA";"UOP02-DEL04-BA"
778495;2026-06-13;"sábado";"22:40:00";"SC";101;206;"SAO JOSE";"Acesso irregular";"Colisão lateral mesmo sentido";"Com Vítimas Feridas";"Plena Noite";"Crescente";"Nublado";"Múltipla";"Interseção de Vias";"Sim";2;0;1;0;1;0;1;2;-27,59361904;-48,61895291;"SPRF-SC";"DEL01-SC";"UOP01-DEL01-SC"
778496;2026-06-14;"domingo";"00:50:00";"RJ";116;184;"NOVA IGUACU";"Condutor deixou de manter distância do veículo da frente";"Engavetamento";"Com Vítimas Feridas";"Plena Noite";"Decrescente";"Nublado";"Dupla";"Reta";"Não";5;0;1;0;3;1;1;4;-22,747042;-43,44551;"SPRF-RJ";"DEL06-RJ";"UOP01-DEL06-RJ"
778497;2026-06-14;"domingo";"00:10:00";"SP";153;59,5;"SAO JOSE DO RIO PRETO";"Transitar na contramão";"Colisão frontal";"Com Vítimas Feridas";"Plena Noite";"Decrescente";"Chuva";"Dupla";"Reta";"Sim";3;0;3;0;0;0;3;2;-20,792258;-49,354332;"SPRF-SP";"DEL09-SP";"UOP01-DEL09-SP"
778498;2026-06-14;"domingo";"01:30:00";"MG";116;546,9;"SANTA BARBARA DO LESTE";"Velocidade Incompatível";"Tombamento";"Com Vítimas Feridas";"Plena Noite";"Crescente";"Céu Claro";"Simples";"Reta;Aclive";"Não";1;0;1;0;0;0;1;1;-19,96164809;-42,13409436;"SPRF-MG";"DEL06-MG";"UOP02-DEL06-MG"
778501;2026-06-14;"domingo";"02:10:00";"GO";60;34,2;"GOIANIA";"Ausência de reação do condutor";"Colisão com objeto";"Com Vítimas Feridas";"Plena Noite";"Crescente";"Céu Claro";"Dupla";"Declive;Reta";"Sim";2;0;1;0;1;0;1;1;-16,7145416;-49,3569491;"SPRF-GO";"DEL01-GO";"UOP02-DEL01-GO"
778502;2026-06-14;"domingo";"03:00:00";"PR";376;212;"MANDAGUARI";"Ingestão de álcool pelo condutor";"Saída de leito carroçável";"Com Vítimas Feridas";"Plena Noite";"Crescente";"Nevoeiro/Neblina";"Dupla";"Curva";"Não";1;0;1;0;0;0;1;1;-23,55860378;-51,66373801;"SPRF-PR";"DEL09-PR";"UOP01-DEL09-PR"
778503;2026-06-13;"sábado";"23:30:00";"PI";343;652,2;"JERUMENHA";"Reação tardia ou ineficiente do condutor";"Saída de leito carroçável";"Com Vítimas Feridas";"Plena Noite";"Decrescente";"Céu Claro";"Simples";"Reta";"Não";1;0;1;0;0;0;1;1;-7,069123;-43,470657;"SPRF-PI";"DEL03-PI";"UOP01-DEL03-PI"
778504;2026-06-14;"domingo";"03:05:00";"SP";153;108;"JOSE BONIFACIO";"Ingestão de álcool pelo condutor";"Saída de leito carroçável";"Sem Vítimas";"Plena Noite";"Crescente";"Chuva";"Dupla";"Curva";"Sim";1;0;0;0;1;0;0;1;-21,0724;-49,666592;"SPRF-SP";"DEL09-SP";"UOP01-DEL09-SP"
778505;2026-06-14;"domingo";"04:00:00";"PB";230;24;"JOAO PESSOA";"Velocidade Incompatível";"Colisão traseira";"Com Vítimas Feridas";"Plena Noite";"Crescente";"Céu Claro";"Dupla";"Reta";"Sim";3;0;2;0;1;0;2;2;-7,17051981;-34,86939001;"SPRF-PB";"DEL01-PB";"UOP01-DEL01-PB"
778506;2026-06-14;"domingo";"03:45:00";"PR";116;125;"FAZENDA RIO GRANDE";"Reação tardia ou ineficiente do condutor";"Colisão com objeto";"Sem Vítimas";"Plena Noite";"Crescente";"Céu Claro";"Dupla";"Reta";"Sim";1;0;0;0;1;0;0;1;-25,636002;-49,313313;"SPRF-PR";"DEL01-PR";"UOP03-DEL01-PR"
778507;2026-06-14;"domingo";"03:00:00";"MT";364;502;"JANGADA";"Reação tardia ou ineficiente do condutor";"Saída de leito carroçável";"Com Vítimas Fatais";"Plena Noite";"Crescente";"Céu Claro";"Simples";"Interseção de Vias";"Não";2;1;0;1;0;0;1;1;-15,17548874;-56,52517319;"SPRF-MT";"DEL01-MT";"UOP01-DEL01-MT"
778509;2026-06-14;"domingo";"04:30:00";"DF";70;12;"BRASILIA";"Ingestão de álcool pelo condutor";"Colisão traseira";"Sem Vítimas";"Plena Noite";"Decrescente";"Nublado";"Dupla";"Reta";"Sim";2;0;0;0;1;1;0;2;-15,79308883;-48,1600469;"SPRF-DF";"DEL03-DF";"UOP02-DEL03-DF"
778510;2026-06-14;"domingo";"04:15:00";"PR";277;428,4;"CANTAGALO";"Ingestão de álcool pelo condutor";"Saída de leito carroçável";"Com Vítimas Feridas";"Plena Noite";"Crescente";"Céu Claro";"Simples";"Reta";"Não";1;0;1;0;0;0;1;1;-25,38329543;-52,15220824;"SPRF-PR";"DEL04-PR";"UOP02-DEL04-PR"
778511;2026-06-14;"domingo";"05:15:00";"RS";116;238;"NOVO HAMBURGO";"Ingestão de álcool pelo condutor";"Colisão com objeto";"Com Vítimas Feridas";"Plena Noite";"Crescente";"Céu Claro";"Dupla";"Em Obras";"Sim";1;0;1;0;0;0;1;1;-29,69330429;-51,14391122;"SPRF-RS";"DEL01-RS";"UOP02-DEL01-RS"
778512;2026-06-14;"domingo";"03:55:00";"RO";364;517,2;"ARIQUEMES";"Ingestão de álcool pelo condutor";"Tombamento";"Com Vítimas Feridas";"Plena Noite";"Decrescente";"Céu Claro";"Simples";"Rotatória";"Não";1;0;0;1;0;0;1;1;-9,904723;-63,056112;"SPRF-RO";"DEL03-RO";"UOP01-DEL03-RO"
778513;2026-06-14;"domingo";"05:20:00";"RJ";116;179;"BELFORD ROXO";"Reação tardia ou ineficiente do condutor";"Colisão traseira";"Com Vítimas Feridas";"Amanhecer";"Crescente";"Céu Claro";"Múltipla";"Reta";"Sim";3;0;2;0;1;0;2;2;-22,7719929;-43,4048165;"SPRF-RJ";"DEL06-RJ";"UOP01-DEL06-RJ"
778514;2026-06-14;"domingo";"04:44:00";"TO";10;466;"PALMAS";"Reação tardia ou ineficiente do condutor";"Queda de ocupante de veículo";"Com Vítimas Feridas";"Plena Noite";"Crescente";"Céu Claro";"Dupla";"Reta";"Não";1;0;1;0;0;0;1;1;-10,24168;-48,29536;"SPRF-TO";"DEL01-TO";"UOP03-DEL01-TO"
778515;2026-06-14;"domingo";"05:40:00";"GO";153;425;"ANAPOLIS";"Entrada inopinada do pedestre";"Atropelamento de Pedestre";"Com Vítimas Feridas";"Amanhecer";"Crescente";"Nublado";"Dupla";"Declive;Reta";"Não";2;0;0;1;0;1;1;2;-16,2402;-49,0041;"SPRF-GO";"DEL02-GO";"UOP01-DEL02-GO"
778517;2026-06-14;"domingo";"05:30:00";"RS";470;220;"GARIBALDI";"Ausência de reação do condutor";"Saída de leito carroçável";"Sem Vítimas";"Plena Noite";"Crescente";"Céu Claro";"Simples";"Aclive;Curva";"Não";2;0;0;0;2;0;0;1;-29,201383;-51,518625;"SPRF-RS";"DEL06-RS";"UOP01-DEL06-RS"
778518;2026-06-14;"domingo";"05:00:00";"RO";364;198,1;"PIMENTA BUENO";"Ingestão de álcool pelo condutor";"Colisão com objeto";"Com Vítimas Feridas";"Amanhecer";"Decrescente";"Nublado";"Simples";"Viaduto;Interseção de Vias";"Sim";2;0;1;1;0;0;2;1;-11,670405;-61,191642;"SPRF-RO";"DEL02-RO";"UOP02-DEL02-RO"
778519;2026-06-14;"domingo";"06:00:00";"GO";60;50,9;"ABADIANIA";"Objeto estático sobre o leito carroçável";"Colisão com objeto";"Com Vítimas Feridas";"Amanhecer";"Crescente";"Céu Claro";"Dupla";"Aclive;Curva";"Não";1;0;0;1;0;0;1;1;-16,1669072;-48,6274547;"SPRF-GO";"DEL02-GO";"UOP01-DEL02-GO"
778521;2026-06-14;"domingo";"05:30:00";"RJ";116;289,1;"BARRA MANSA";"Ingestão de álcool pelo condutor";"Colisão frontal";"Sem Vítimas";"Amanhecer";"Decrescente";"Céu Claro";"Simples";"Reta";"Não";3;0;0;0;3;0;0;2;-22,49064392;-44,24434662;"SPRF-RJ";"DEL07-RJ";"UOP02-DEL07-RJ"
778522;2026-06-14;"domingo";"05:30:00";"RJ";116;170;"RIO DE JANEIRO";"Condutor Dormindo";"Saída de leito carroçável";"Sem Vítimas";"Amanhecer";"Crescente";"Céu Claro";"Múltipla";"Reta";"Sim";1;0;0;0;1;0;0;1;-22,8107511;-43,3340162;"SPRF-RJ";"DEL06-RJ";"UOP01-DEL06-RJ"
778525;2026-06-14;"domingo";"05:25:00";"PE";423;66,1;"JUPI";"Ultrapassagem Indevida";"Colisão frontal";"Com Vítimas Fatais";"Pleno dia";"Decrescente";"Céu Claro";"Simples";"Reta";"Não";2;1;0;0;1;0;0;2;-8,66853364;-36,37533734;"SPRF-PE";"DEL03-PE";"UOP01-DEL03-PE"
778526;2026-06-14;"domingo";"06:00:00";"ES";262;148,3;"IBATIBA";"Reação tardia ou ineficiente do condutor";"Tombamento";"Com Vítimas Feridas";"Amanhecer";"Crescente";"Céu Claro";"Simples";"Curva";"Não";1;0;1;0;0;0;1;1;-20,22994018;-41,41418454;"SPRF-ES";"DEL01-ES";"UOP02-DEL01-ES"
778529;2026-06-14;"domingo";"05:00:00";"RJ";40;115;"DUQUE DE CAXIAS";"Avarias e/ou desgaste excessivo no pneu";"Saída de leito carroçável";"Com Vítimas Feridas";"Amanhecer";"Crescente";"Céu Claro";"Dupla";"Reta";"Sim";3;0;2;0;1;0;2;1;-22,741864;-43,28832;"SPRF-RJ";"DEL01-RJ";"UOP02-DEL01-RJ"
778530;2026-06-14;"domingo";"05:40:00";"PA";10;16,9;"DOM ELISEU";"Ingestão de álcool pelo condutor";"Saída de leito carroçável";"Sem Vítimas";"Amanhecer";"Crescente";"Nublado";"Simples";"Reta";"Sim";1;0;0;0;1;0;0;1;-4,30216;-47,555777;"SPRF-PA";"DEL02-PA";"UOP02-DEL02-PA"
778531;2026-06-14;"domingo";"06:25:00";"SC";163;76,3;"SAO MIGUEL DO OESTE";"Retorno proibido";"Colisão transversal";"Com Vítimas Feridas";"Plena Noite";"Crescente";"Nevoeiro/Neblina";"Simples";"Reta;Aclive";"Não";4;0;1;0;3;0;1;2;-26,68266358;-53,51462348;"SPRF-SC";"DEL07-SC";"UOP03-DEL07-SC"
778533;2026-06-14;"domingo";"04:50:00";"RJ";101;476;"ANGRA DOS REIS";"Ausência de reação do condutor";"Saída de leito carroçável";"Com Vítimas Feridas";"Amanhecer";"Decrescente";"Nublado";"Simples";"Curva";"Sim";2;0;1;0;1;0;1;1;-23,00675219;-44,26013947;"SPRF-RJ";"DEL03-RJ";"UOP03-DEL03-RJ"
778534;2026-06-14;"domingo";"03:12:00";"BA";242;413;"SEABRA";"Ausência de reação do condutor";"Saída de leito carroçável";"Com Vítimas Feridas";"Amanhecer";"Crescente";"Nublado";"Simples";"Reta";"Não";1;0;1;0;0;0;1;1;-12,429574;-41,758898;"SPRF-BA";"DEL06-BA";"UOP01-DEL06-BA"
778535;2026-06-14;"domingo";"07:00:00";"MG";40;524,2;"CONTAGEM";"Pista Escorregadia";"Tombamento";"Com Vítimas Feridas";"Pleno dia";"Crescente";"Chuva";"Dupla";"Reta";"Sim";1;0;1;0;0;0;1;1;-19,87529405;-44,05389905;"SPRF-MG";"DEL01-MG";"UOP02-DEL01-MG"
778536;2026-06-13;"sábado";"22:20:00";"SC";280;95;"CORUPA";"Ausência de reação do condutor";"Colisão lateral mesmo sentido";"Com Vítimas Feridas";"Plena Noite";"Crescente";"Nevoeiro/Neblina";"Múltipla";"Curva;Declive";"Não";6;0;1;0;5;0;1;3;-26,37796136;-49,31637939;"SPRF-SC";"DEL06-SC";"UOP03-DEL06-SC"
778537;2026-06-14;"domingo";"06:00:00";"RS";470;338;"TRIUNFO";"Reação tardia ou ineficiente do condutor";"Colisão com objeto";"Sem Vítimas";"Amanhecer";"Crescente";"Nublado";"Dupla";"Reta";"Sim";1;0;0;0;1;0;0;1;-29,92358463;-51,71473986;"SPRF-RS";"DEL04-RS";"UOP02-DEL04-RS"
778538;2026-06-14;"domingo";"07:10:00";"MG";381;483;"BETIM";"Pista Escorregadia";"Colisão com objeto";"Com Vítimas Feridas";"Pleno dia";"Crescente";"Chuva";"Dupla";"Curva;Declive";"Sim";1;0;1;0;0;0;1;1;-19,95757693;-44,07918453;"SPRF-MG";"DEL01-MG";"UOP03-DEL01-MG"
778539;2026-06-14;"domingo";"02:40:00";"MG";116;115;"ITAOBIM";"Ausência de reação do condutor";"Saída de leito carroçável";"Com Vítimas Fatais";"Plena Noite";"Crescente";"Nublado";"Simples";"Reta;Declive";"Sim";1;1;0;0;0;0;0;1;-16,56257;-41,50425;"SPRF-MG";"DEL11-MG";"UOP02-DEL11-MG"
778540;2026-06-14;"domingo";"07:30:00";"TO";153;335;"GUARAI";"Ausência de reação do condutor";"Colisão traseira";"Com Vítimas Feridas";"Pleno dia";"Crescente";"Céu Claro";"Dupla";"Reta";"Sim";3;0;1;0;2;0;1;2;-8,842;-48,511;"SPRF-TO";"DEL02-TO";"UOP02-DEL02-TO"
778541;2026-02-18;"quarta-feira";"13:40:00";"RS";158;565,9;"SANTANA DO LIVRAMENTO";"Desrespeitar a preferência no cruzamento";"Colisão transversal";"Com Vítimas Feridas";"Pleno dia";"Decrescente";"Sol";"Simples";"Declive;Interseção de Vias";"Sim";3;0;2;0;1;0;2;2;-30,87642651;-55,51072954;"SPRF-RS";"DEL11-RS";"UOP01-DEL11-RS"
778542;2026-06-14;"domingo";"07:55:00";"SE";235;5;"NOSSA SENHORA DO SOCORRO";"Reação tardia ou ineficiente do condutor";"Colisão traseira";"Com Vítimas Feridas";"Pleno dia";"Crescente";"Céu Claro";"Dupla";"Reta";"Não";2;0;2;0;0;0;2;2;-10,90518981;-37,12314455;"SPRF-SE";"DEL01-SE";"UOP01-DEL01-SE"
778543;2026-06-14;"domingo";"06:50:00";"BA";110;62;"JEREMOABO";"Reação tardia ou ineficiente do condutor";"Colisão traseira";"Sem Vítimas";"Pleno dia";"Crescente";"Céu Claro";"Simples";"Reta";"Não";2;0;0;0;2;0;0;2;-9,95329;-38,30174;"SPRF-BA";"DEL07-BA";"UOP01-DEL07-BA"
778544;2026-06-14;"domingo";"08:00:00";"MG";381;490;"BETIM";"Demais falhas mecânicas ou elétricas";"Incêndio";"Sem Vítimas";"Pleno dia";"Crescente";"Chuva";"Dupla";"Reta";"Não";1;0;0;0;1;0;0;1;-19,956634;-44,13806526;"SPRF-MG";"DEL01-MG";"UOP03-DEL01-MG"
778545;2026-06-14;"domingo";"07:00:00";"MG";381;752;"TRES CORACOES";"Reação tardia ou ineficiente do condutor";"Colisão com objeto";"Com Vítimas Feridas";"Amanhecer";"Decrescente";"Céu Claro";"Dupla";"Curva";"Sim";4;0;4;0;0;0;4;1;-21,661242;-45,30474;"SPRF-MG";"DEL16-MG";"UOP02-DEL16-MG"
778546;2026-06-14;"domingo";"07:15:00";"MG";262;383,7;"FLORESTAL";"Velocidade Incompatível";"Saída de leito carroçável";"Com Vítimas Feridas";"Pleno dia";"Crescente";"Chuva";"Dupla";"Curva";"Não";3;0;3;0;0;0;3;1;-19,91433;-44,49844;"SPRF-MG";"DEL01-MG";"UOP03-DEL01-MG"
778547;2026-02-06;"sexta-feira";"11:00:00";"BA";116;828;"VITORIA DA CONQUISTA";"Entrada inopinada do pedestre";"Atropelamento de Pedestre";"Com Vítimas Feridas";"Pleno dia";"Decrescente";"Ignorado";"Simples";"Reta";"Sim";2;0;1;0;0;1;1;2;-14,896635;-40,865948;"SPRF-BA";"DEL08-BA";"UOP01-DEL08-BA"
778549;2026-06-14;"domingo";"05:30:00";"RJ";101;320;"NITEROI";"Ingestão de álcool pelo condutor";"Atropelamento de Pedestre";"Com Vítimas Fatais";"Amanhecer";"Decrescente";"Nublado";"Múltipla";"Reta;Ponte";"Sim";4;2;0;0;1;1;0;3;-22,86696;-43,109832;"SPRF-RJ";"DEL02-RJ";"UOP01-DEL02-RJ"
778550;2026-06-06;"sábado";"13:00:00";"MS";262;143;"AGUA CLARA";"Acessar a via sem observar a presença dos outros veículos";"Colisão transversal";"Com Vítimas Feridas";"Pleno dia";"Crescente";"Céu Claro";"Simples";"Reta";"Sim";3;0;2;0;1;0;2;2;-20,44542092;-52,87450433;"SPRF-MS";"DEL07-MS";"UOP02-DEL07-MS"
778551;2026-06-13;"sábado";"22:40:00";"MT";163;1012;"TERRA NOVA DO NORTE";"Acessar a via sem observar a presença dos outros veículos";"Colisão transversal";"Com Vítimas Feridas";"Plena Noite";"Crescente";"Céu Claro";"Simples";"Reta;Aclive";"Não";5;0;2;0;3;0;2;2;-10,39107;-55,050819;"SPRF-MT";"DEL06-MT";"UOP03-DEL06-MT"
778552;2026-06-14;"domingo";"08:00:00";"PE";423;58,5;"LAJEDO";"Demais falhas mecânicas ou elétricas";"Incêndio";"Sem Vítimas";"Pleno dia";"Crescente";"Céu Claro";"Simples";"Reta";"Não";1;0;0;0;1;0;0;1;-8,6433765;-36,3139816;"SPRF-PE";"DEL03-PE";"UOP01-DEL03-PE"
778553;2026-06-14;"domingo";"08:00:00";"RS";470;219;"BENTO GONCALVES";"Reação tardia ou ineficiente do condutor";"Saída de leito carroçável";"Com Vítimas Feridas";"Pleno dia";"Decrescente";"Céu Claro";"Dupla";"Aclive;Curva";"Não";3;0;3;0;0;0;3;1;-29,18758533;-51,52113374;"SPRF-RS";"DEL06-RS";"UOP01-DEL06-RS"