"id";"data_inversa";"dia_semana";"horario";"uf";"br";"km";"municipio";"causa_acidente";"tipo_acidente";"classificacao_acidente";"fase_dia";"sentido_via";"condicao_metereologica";"tipo_pista";"tracado_via";"uso_solo";"pessoas";"mortos";"feridos_leves";"feridos_graves";"ilesos";"ignorados";"feridos";"veiculos";"latitude";"longitude";"regional";"delegacia";"uop"
778554;2026-03-02;"segunda-feira";"19:15:00";"ES";393;0,5;"CACHOEIRO DE ITAPEMIRIM";"Ingestão de álcool pelo condutor";"Colisão transversal";"Com Vítimas Feridas";"Plena Noite";"Crescente";"Nublado";"Simples";"Reta";"Sim";3;0;1;1;0;1;2;2;-20,839;-41,163;"SPRF-ES";"DEL03-ES";"UOP02-DEL03-ES"
778555;2026-06-14;"domingo";"00:45:00";"ES";101;363;"ANCHIETA";"Reação tardia ou ineficiente do condutor";"Saída de leito carroçável";"Sem Vítimas";"Plena Noite";"Crescente";"Céu Claro";"Dupla";"Curva";"Não";1;0;0;0;1;0;0;1;-20,73639871;-40,76022148;"SPRF-ES";"DEL03-ES";"UOP01-DEL03-ES"
778556;2026-06-14;"domingo";"04:24:00";"RJ";493;102;"SEROPEDICA";"Reação tardia ou ineficiente do condutor";"Saída de leito carroçável";"Com Vítimas Feridas";"Amanhecer";"Crescente";"Nublado";"Dupla";"Reta";"Não";2;0;1;0;0;1;1;1;-22,76765542;-43,737843;"SPRF-RJ";"DEL01-RJ";"UOP03-DEL01-RJ"
778557;2026-06-14;"domingo";"09:05:00";"DF";20;8;"BRASILIA";"Condutor Dormindo";"Colisão com objeto";"Com Vítimas Feridas";"Pleno dia";"Decrescente";"Nublado";"Dupla";"Aclive;Reta;Viaduto";"Sim";1;0;0;1;0;0;1;1;-15,65620347;-47,78674901;"SPRF-DF";"DEL02-DF";"UOP01-DEL02-DF"
778558;2026-06-14;"domingo";"09:00:00";"MG";381;496,5;"BETIM";"Ausência de reação do condutor";"Colisão com objeto";"Com Vítimas Feridas";"Pleno dia";"Decrescente";"Céu Claro";"Múltipla";"Reta";"Sim";1;0;1;0;0;0;1;1;-19,97631142;-44,19897906;"SPRF-MG";"DEL01-MG";"UOP03-DEL01-MG"
778559;2026-06-14;"domingo";"01:00:00";"MA";316;261,8;"SANTA INES";"Reação tardia ou ineficiente do condutor";"Saída de leito carroçável";"Com Vítimas Feridas";"Plena Noite";"Decrescente";"Céu Claro";"Simples";"Reta";"Sim";1;0;1;0;0;0;1;1;-3,675987;-45,381388;"SPRF-MA";"DEL02-MA";"UOP01-DEL02-MA"
778560;2026-06-14;"domingo";"09:30:00";"AL";101;97;"PILAR";"Ingestão de álcool pelo condutor";"Saída de leito carroçável";"Com Vítimas Feridas";"Pleno dia";"Crescente";"Céu Claro";"Dupla";"Curva";"Não";1;0;1;0;0;0;1;1;-9,5534233;-35,966585;"SPRF-AL";"DEL01-AL";"UOP01-DEL01-AL"
778561;2026-06-14;"domingo";"07:59:00";"RO";364;625;"ITAPUA DO OESTE";"Acessar a via sem observar a presença dos outros veículos";"Colisão traseira";"Com Vítimas Feridas";"Pleno dia";"Decrescente";"Céu Claro";"Simples";"Reta";"Não";6;0;2;0;4;0;2;2;-9,2202917;-63,1721231;"SPRF-RO";"DEL01-RO";"UOP04-DEL01-RO"
778562;2026-06-14;"domingo";"07:14:00";"SC";116;176,7;"SAO CRISTOVAO DO SUL";"Ingestão de álcool pelo condutor";"Saída de leito carroçável";"Sem Vítimas";"Pleno dia";"Decrescente";"Nevoeiro/Neblina";"Simples";"Reta";"Não";1;0;0;0;0;1;0;1;-27,234;-50,463139;"SPRF-SC";"DEL05-SC";"UOP03-DEL05-SC"
778564;2026-06-14;"domingo";"09:45:00";"PR";369;87;"CORNELIO PROCOPIO";"Curva acentuada";"Queda de ocupante de veículo";"Com Vítimas Feridas";"Pleno dia";"Decrescente";"Chuva";"Dupla";"Declive;Curva";"Não";3;0;2;0;1;0;2;2;-23,179935;-50,624805;"SPRF-PR";"DEL07-PR";"UOP05-DEL07-PR"
778565;2026-06-14;"domingo";"09:55:00";"SP";116;399,9;"MIRACATU";"Reação tardia ou ineficiente do condutor";"Capotamento";"Com Vítimas Feridas";"Pleno dia";"Crescente";"Nublado";"Dupla";"Reta";"Não";2;0;2;0;0;0;2;1;-24,307232;-47,49881254;"SPRF-SP";"DEL04-SP";"UOP02-DEL04-SP"
778566;2026-06-04;"quinta-feira";"22:01:00";"PI";343;254,5;"CAMPO MAIOR";"Ausência de reação do condutor";"Saída de leito carroçável";"Com Vítimas Fatais";"Plena Noite";"Decrescente";"Nublado";"Simples";"Reta";"Não";1;1;0;0;0;0;0;1;-4,76588;-42,11283;"SPRF-PI";"DEL01-PI";"UOP03-DEL01-PI"
778567;2026-06-14;"domingo";"10:20:00";"PE";101;71,6;"RECIFE";"Ausência de reação do condutor";"Colisão lateral mesmo sentido";"Com Vítimas Feridas";"Pleno dia";"Crescente";"Sol";"Dupla";"Curva";"Sim";4;0;2;0;2;0;2;2;-8,082183;-34,94342;"SPRF-PE";"DEL01-PE";"UOP01-DEL01-PE"
778568;2026-06-14;"domingo";"09:00:00";"SP";381;74;"SAO PAULO";"Ausência de reação do condutor";"Saída de leito carroçável";"Com Vítimas Feridas";"Pleno dia";"Decrescente";"Garoa/Chuvisco";"Dupla";"Aclive;Curva";"Não";4;0;1;0;3;0;1;1;-23,37768;-46,56442;"SPRF-SP";"DEL03-SP";"UOP01-DEL03-SP"
778569;2026-06-13;"sábado";"22:00:00";"PA";10;49,4;"ULIANOPOLIS";"Ausência de reação do condutor";"Saída de leito carroçável";"Com Vítimas Feridas";"Plena Noite";"Crescente";"Ignorado";"Simples";"Declive";"Não";1;0;0;1;0;0;1;1;-4,011965;-47,54427;"SPRF-PA";"DEL02-PA";"UOP02-DEL02-PA"
778570;2026-06-14;"domingo";"07:00:00";"RS";386;220;"TIO HUGO";"Reação tardia ou ineficiente do condutor";"Saída de leito carroçável";"Sem Vítimas";"Pleno dia";"Crescente";"Céu Claro";"Simples";"Curva";"Não";1;0;0;0;1;0;0;1;-28,6310753;-52,61313379;"SPRF-RS";"DEL04-RS";"UOP03-DEL04-RS"
778571;2026-06-14;"domingo";"09:12:00";"PE";101;58;"RECIFE";"Condutor deixou de manter distância do veículo da frente";"Colisão lateral mesmo sentido";"Com Vítimas Feridas";"Pleno dia";"Crescente";"Céu Claro";"Dupla";"Reta";"Sim";2;0;1;0;0;1;1;2;-7,97912127;-34,92947325;"SPRF-PE";"DEL01-PE";"UOP02-DEL01-PE"
778572;2026-06-14;"domingo";"06:00:00";"PA";316;34;"SANTA IZABEL DO PARA";"Ausência de reação do condutor";"Saída de leito carroçável";"Com Vítimas Feridas";"Pleno dia";"Decrescente";"Céu Claro";"Dupla";"Curva";"Sim";4;0;3;0;1;0;3;1;-1,2937925;-48,1712362;"SPRF-PA";"DEL01-PA";"UOP01-DEL01-PA"
778573;2026-06-13;"sábado";"20:30:00";"CE";222;320;"TIANGUA";"Acessar a via sem observar a presença dos outros veículos";"Tombamento";"Com Vítimas Feridas";"Plena Noite";"Crescente";"Céu Claro";"Simples";"Interseção de Vias;Reta";"Não";1;0;1;0;0;0;1;1;-3,76147993;-41,02779714;"SPRF-CE";"DEL04-CE";"UOP02-DEL04-CE"
778575;2026-06-14;"domingo";"10:43:00";"PB";101;81,2;"SANTA RITA";"Transitar na contramão";"Colisão lateral sentido oposto";"Sem Vítimas";"Pleno dia";"Decrescente";"Céu Claro";"Dupla";"Aclive;Curva";"Não";2;0;0;0;1;1;0;2;-7,12466839;-34,94368935;"SPRF-PB";"DEL01-PB";"UOP01-DEL01-PB"
778576;2026-06-14;"domingo";"10:30:00";"PE";104;68;"CARUARU";"Ausência de reação do condutor";"Saída de leito carroçável";"Com Vítimas Feridas";"Pleno dia";"Crescente";"Nublado";"Dupla";"Curva";"Sim";1;0;1;0;0;0;1;1;-8,3090908;-35,99005222;"SPRF-PE";"DEL02-PE";"UOP01-DEL02-PE"
778577;2026-06-14;"domingo";"10:40:00";"SC";280;188,5;"MAFRA";"Velocidade Incompatível";"Saída de leito carroçável";"Com Vítimas Feridas";"Pleno dia";"Decrescente";"Chuva";"Simples";"Curva;Declive";"Não";1;0;1;0;0;0;1;1;-26,1743283;-49,9672867;"SPRF-SC";"DEL06-SC";"UOP01-DEL06-SC"
778578;2026-06-14;"domingo";"09:45:00";"PR";376;591;"CURITIBA";"Chuva";"Tombamento";"Com Vítimas Feridas";"Pleno dia";"Decrescente";"Chuva";"Dupla";"Curva;Interseção de Vias";"Não";2;0;2;0;0;0;2;1;-25,42963;-49,36592;"SPRF-PR";"DEL01-PR";"UOP06-DEL01-PR"
778579;2026-06-14;"domingo";"09:20:00";"PE";428;94;"SANTA MARIA DA BOA VISTA";"Acesso irregular";"Colisão transversal";"Com Vítimas Fatais";"Pleno dia";"Decrescente";"Céu Claro";"Simples";"Reta";"Não";4;2;0;0;2;0;0;2;-8,812563;-39,915012;"SPRF-PE";"DEL06-PE";"UOP03-DEL06-PE"
778580;2026-06-14;"domingo";"09:10:00";"BA";101;680;"ITAGIMIRIM";"Condutor Dormindo";"Atropelamento de Pedestre";"Com Vítimas Feridas";"Pleno dia";"Decrescente";"Sol";"Simples";"Reta";"Não";2;0;1;0;1;0;1;2;-16,079835;-39,620568;"SPRF-BA";"DEL09-BA";"UOP03-DEL09-BA"
778582;2026-06-14;"domingo";"11:30:00";"PE";232;117,8;"CARUARU";"Ingestão de álcool pelo condutor";"Saída de leito carroçável";"Sem Vítimas";"Pleno dia";"Crescente";"Céu Claro";"Dupla";"Reta";"Não";1;0;0;0;1;0;0;1;-8,29527;-35,88852;"SPRF-PE";"DEL02-PE";"UOP03-DEL02-PE"
778583;2026-06-14;"domingo";"11:20:00";"GO";40;3;"VALPARAISO DE GOIAS";"Condutor Dormindo";"Saída de leito carroçável";"Com Vítimas Feridas";"Pleno dia";"Crescente";"Céu Claro";"Dupla";"Retorno Regulamentado;Reta";"Sim";1;0;1;0;0;0;1;1;-16,07506786;-47,98544381;"SPRF-DF";"DEL01-DF";"UOP01-DEL01-DF"
778585;2026-06-14;"domingo";"12:25:00";"DF";60;16;"BRASILIA";"Manobra de mudança de faixa";"Colisão traseira";"Com Vítimas Feridas";"Pleno dia";"Decrescente";"Céu Claro";"Dupla";"Retorno Regulamentado;Reta";"Não";8;0;1;0;7;0;1;2;-15,952331;-48,174505;"SPRF-DF";"DEL03-DF";"UOP01-DEL03-DF"
778586;2026-06-14;"domingo";"11:30:00";"MT";158;646;"NOVA XAVANTINA";"Ultrapassagem Indevida";"Colisão frontal";"Com Vítimas Feridas";"Pleno dia";"Crescente";"Céu Claro";"Simples";"Reta";"Não";7;0;5;1;0;1;6;3;-14,620478;-52,357339;"SPRF-MT";"DEL07-MT";"UOP02-DEL07-MT"
778587;2026-06-14;"domingo";"08:30:00";"MG";50;0;"ARAGUARI";"Chuva";"Saída de leito carroçável";"Com Vítimas Feridas";"Pleno dia";"Crescente";"Chuva";"Dupla";"Curva";"Não";1;0;0;1;0;0;1;1;-18,425517;-48,063812;"SPRF-MG";"DEL15-MG";"UOP02-DEL15-MG"
778588;2026-06-14;"domingo";"12:39:00";"PE";101;66,5;"RECIFE";"Acessar a via sem observar a presença dos outros veículos";"Colisão lateral mesmo sentido";"Com Vítimas Feridas";"Pleno dia";"Decrescente";"Céu Claro";"Dupla";"Reta";"Não";3;0;2;0;1;0;2;2;-8,035005;-34,941394;"SPRF-PE";"DEL01-PE";"UOP01-DEL01-PE"
778589;2026-06-14;"domingo";"13:00:00";"MG";40;818,8;"SIMAO PEREIRA";"Demais falhas mecânicas ou elétricas";"Tombamento";"Com Vítimas Feridas";"Pleno dia";"Crescente";"Nublado";"Dupla";"Reta";"Não";1;0;1;0;0;0;1;1;-21,91734672;-43,32227751;"SPRF-MG";"DEL05-MG";"UOP01-DEL05-MG"
778590;2026-06-14;"domingo";"12:30:00";"CE";116;40;"HORIZONTE";"Condutor deixou de manter distância do veículo da frente";"Colisão traseira";"Sem Vítimas";"Pleno dia";"Crescente";"Céu Claro";"Dupla";"Aclive";"Não";2;0;0;0;1;1;0;2;-4,101136;-38,50096;"SPRF-CE";"DEL01-CE";"UOP02-DEL01-CE"
778591;2026-06-14;"domingo";"11:00:00";"PR";376;646;"TIJUCAS DO SUL";"Ausência de reação do condutor";"Saída de leito carroçável";"Com Vítimas Feridas";"Pleno dia";"Crescente";"Nublado";"Dupla";"Curva";"Não";1;0;1;0;0;0;1;1;-25,8328501;-49,1112308;"SPRF-PR";"DEL01-PR";"UOP04-DEL01-PR"
778594;2026-06-14;"domingo";"13:30:00";"GO";153;437;"ANAPOLIS";"Acumulo de areia ou detritos sobre o pavimento";"Tombamento";"Com Vítimas Feridas";"Pleno dia";"Decrescente";"Céu Claro";"Dupla";"Viaduto;Reta";"Sim";2;0;1;0;1;0;1;1;-16,302596;-48,925277;"SPRF-GO";"DEL02-GO";"UOP01-DEL02-GO"
778595;2026-06-14;"domingo";"13:05:00";"RS";116;247;"SAO LEOPOLDO";"Acessar a via sem observar a presença dos outros veículos";"Colisão lateral mesmo sentido";"Com Vítimas Feridas";"Pleno dia";"Decrescente";"Nublado";"Dupla";"Reta";"Sim";2;0;1;0;1;0;1;2;-29,76726505;-51,15343554;"SPRF-RS";"DEL01-RS";"UOP02-DEL01-RS"
778596;2026-06-14;"domingo";"14:00:00";"MG";40;549,9;"NOVA LIMA";"Reação tardia ou ineficiente do condutor";"Queda de ocupante de veículo";"Com Vítimas Feridas";"Pleno dia";"Crescente";"Céu Claro";"Dupla";"Retorno Regulamentado;Curva";"Sim";2;0;2;0;0;0;2;1;-20,044334;-43,964693;"SPRF-MG";"DEL01-MG";"UOP02-DEL01-MG"
778597;2026-06-14;"domingo";"11:50:00";"RS";101;8;"TORRES";"Reação tardia ou ineficiente do condutor";"Eventos atípicos";"Com Vítimas Feridas";"Pleno dia";"Decrescente";"Nublado";"Simples";"Curva";"Não";2;0;1;0;0;1;1;2;-29,35767841;-49,80407238;"SPRF-RS";"DEL03-RS";"UOP02-DEL03-RS"
778600;2026-06-14;"domingo";"14:00:00";"MG";365;340,1;"VARJAO DE MINAS";"Ausência de reação do condutor";"Colisão com objeto";"Com Vítimas Fatais";"Pleno dia";"Decrescente";"Nublado";"Simples";"Declive";"Não";4;1;2;1;0;0;3;1;-18,351837;-46,018777;"SPRF-MG";"DEL10-MG";"UOP01-DEL10-MG"
778601;2026-06-14;"domingo";"14:15:00";"SP";116;320;"SAO JOSE DOS CAMPOS";"Velocidade Incompatível";"Saída de leito carroçável";"Com Vítimas Feridas";"Pleno dia";"Crescente";"Nublado";"Dupla";"Curva";"Sim";1;0;1;0;0;0;1;1;-23;-46;"SPRF-SP";"DEL04-SP";"UOP03-DEL04-SP"
778604;2026-06-14;"domingo";"14:45:00";"SP";116;439,9;"REGISTRO";"Ausência de reação do condutor";"Colisão lateral mesmo sentido";"Com Vítimas Feridas";"Pleno dia";"Decrescente";"Nublado";"Dupla";"Reta";"Sim";2;0;1;0;1;0;1;2;-24,45990553;-47,81587395;"SPRF-SP";"DEL05-SP";"UOP01-DEL05-SP"
778605;2026-06-14;"domingo";"14:35:00";"MG";50;204;"DELTA";"Velocidade Incompatível";"Capotamento";"Com Vítimas Feridas";"Pleno dia";"Crescente";"Chuva";"Simples";"Curva";"Não";1;0;1;0;0;0;1;1;-19,96944;-47,77748;"SPRF-MG";"DEL13-MG";"UOP01-DEL13-MG"
778606;2026-06-14;"domingo";"11:00:00";"RO";364;491;"ARIQUEMES";"Ausência de reação do condutor";"Colisão traseira";"Com Vítimas Feridas";"Pleno dia";"Crescente";"Céu Claro";"Simples";"Reta";"Não";4;0;0;1;3;0;1;2;-10,097105;-62,959625;"SPRF-RO";"DEL03-RO";"UOP01-DEL03-RO"
778607;2026-06-14;"domingo";"15:00:00";"RJ";101;439;"MANGARATIBA";"Acesso irregular";"Colisão transversal";"Com Vítimas Feridas";"Pleno dia";"Crescente";"Céu Claro";"Simples";"Interseção de Vias;Reta";"Não";2;0;1;0;1;0;1;2;-22,9539651;-44,0860488;"SPRF-RJ";"DEL03-RJ";"UOP02-DEL03-RJ"
778608;2026-06-14;"domingo";"15:25:00";"PI";343;345,5;"TERESINA";"Manobra de mudança de faixa";"Colisão lateral mesmo sentido";"Com Vítimas Feridas";"Pleno dia";"Crescente";"Céu Claro";"Dupla";"Reta";"Sim";2;0;1;0;1;0;1;2;-5,10703;-42,76864;"SPRF-PI";"DEL01-PI";"UOP01-DEL01-PI"
778610;2026-06-14;"domingo";"15:20:00";"PE";232;177;"BELO JARDIM";"Ausência de reação do condutor";"Colisão traseira";"Com Vítimas Feridas";"Pleno dia";"Decrescente";"Céu Claro";"Simples";"Reta";"Não";4;0;1;0;3;0;1;2;-8,34234234;-36,42141696;"SPRF-PE";"DEL03-PE";"UOP02-DEL03-PE"
778611;2026-06-14;"domingo";"13:20:00";"MT";364;177;"PEDRA PRETA";"Condutor deixou de manter distância do veículo da frente";"Colisão traseira";"Com Vítimas Feridas";"Pleno dia";"Crescente";"Céu Claro";"Simples";"Reta";"Não";3;0;0;1;2;0;1;2;-16,609607;-54,467853;"SPRF-MT";"DEL02-MT";"UOP01-DEL02-MT"
778613;2026-06-14;"domingo";"15:00:00";"SP";116;507;"CAJATI";"Chuva";"Saída de leito carroçável";"Sem Vítimas";"Pleno dia";"Decrescente";"Chuva";"Simples";"Curva;Declive";"Não";4;0;0;0;4;0;0;1;-24,81391956;-48,20827067;"SPRF-SP";"DEL05-SP";"UOP02-DEL05-SP"
778615;2026-06-14;"domingo";"13:54:00";"RJ";40;13;"TRES RIOS";"Velocidade Incompatível";"Queda de ocupante de veículo";"Com Vítimas Feridas";"Pleno dia";"Decrescente";"Céu Claro";"Dupla";"Curva";"Não";1;0;1;0;0;0;1;1;-22,06634;-43,19606;"SPRF-RJ";"DEL05-RJ";"UOP02-DEL05-RJ"
778616;2026-06-14;"domingo";"16:10:00";"PR";376;101;"PARANAVAI";"Ausência de reação do condutor";"Colisão com objeto";"Sem Vítimas";"Pleno dia";"Decrescente";"Nublado";"Simples";"Declive";"Não";1;0;0;0;1;0;0;1;-23,03219;-52,48105;"SPRF-PR";"DEL09-PR";"UOP02-DEL09-PR"
778617;2026-06-14;"domingo";"15:55:00";"PE";232;6,9;"RECIFE";"Ausência de reação do condutor";"Colisão traseira";"Com Vítimas Feridas";"Pleno dia";"Decrescente";"Céu Claro";"Dupla";"Reta";"Sim";3;0;0;1;2;0;1;2;-8,073;-34,96042;"SPRF-PE";"DEL01-PE";"UOP01-DEL01-PE"
778619;2026-06-14;"domingo";"16:15:00";"GO";452;1;"RIO VERDE";"Ausência de reação do condutor";"Colisão traseira";"Com Vítimas Fatais";"Pleno dia";"Decrescente";"Nublado";"Dupla";"Reta";"Sim";4;1;1;0;0;2;1;3;-17,79128577;-50,89377729;"SPRF-GO";"DEL04-GO";"UOP01-DEL04-GO"
778620;2026-06-14;"domingo";"14:30:00";"RJ";101;505;"ANGRA DOS REIS";"Transitar na contramão";"Colisão frontal";"Sem Vítimas";"Pleno dia";"Decrescente";"Céu Claro";"Simples";"Reta";"Sim";2;0;0;0;1;1;0;2;-22,93324402;-44,38986719;"SPRF-RJ";"DEL03-RJ";"UOP03-DEL03-RJ"
778621;2026-06-14;"domingo";"16:30:00";"SE";0;0;"NOSSA SENHORA DO SOCORRO";"Velocidade Incompatível";"Tombamento";"Com Vítimas Feridas";"Pleno dia";"Não Informado";"Céu Claro";"Simples";"Reta";"Sim";1;0;0;1;0;0;1;1;-10,88407674;-37,14473097;"SPRF-SE";"DEL01-SE";"UOP01-DEL01-SE"
778623;2026-06-14;"domingo";"10:50:00";"BA";101;676;"PORTO SEGURO";"Velocidade Incompatível";"Saída de leito carroçável";"Com Vítimas Feridas";"Pleno dia";"Decrescente";"Céu Claro";"Simples";"Curva";"Não";1;0;0;1;0;0;1;1;-16,4378553;-39,0907075;"SPRF-BA";"DEL09-BA";"UOP03-DEL09-BA"
778624;2026-06-14;"domingo";"14:00:00";"RJ";465;19;"NOVA IGUACU";"Reação tardia ou ineficiente do condutor";"Colisão traseira";"Com Vítimas Feridas";"Pleno dia";"Crescente";"Céu Claro";"Simples";"Reta";"Sim";3;0;1;0;2;0;1;2;-22,841665;-43,608875;"SPRF-RJ";"DEL06-RJ";"UOP02-DEL06-RJ"
778626;2026-06-14;"domingo";"16:50:00";"SP";116;67;"GUARATINGUETA";"Acessar a via sem observar a presença dos outros veículos";"Colisão lateral mesmo sentido";"Com Vítimas Feridas";"Pleno dia";"Decrescente";"Nublado";"Dupla";"Interseção de Vias";"Sim";2;0;1;0;1;0;1;2;-22,8287096;-45,20922558;"SPRF-SP";"DEL08-SP";"UOP01-DEL08-SP"
778628;2026-06-14;"domingo";"16:25:00";"RO";364;239;"CACOAL";"Condutor deixou de manter distância do veículo da frente";"Colisão traseira";"Com Vítimas Feridas";"Pleno dia";"Crescente";"Céu Claro";"Simples";"Reta";"Não";5;0;2;0;3;0;2;2;-11,43318;-61,465745;"SPRF-RO";"DEL02-RO";"UOP02-DEL02-RO"
778630;2026-06-14;"domingo";"15:30:00";"MA";316;222,4;"BOM JARDIM";"Manobra de mudança de faixa";"Colisão transversal";"Com Vítimas Feridas";"Pleno dia";"Decrescente";"Céu Claro";"Simples";"Reta";"Não";2;0;0;1;1;0;1;2;-3,50638007;-45,65157831;"SPRF-MA";"DEL02-MA";"UOP01-DEL02-MA"
778631;2026-06-14;"domingo";"13:00:00";"PE";424;25;"PEDRA";"Reação tardia ou ineficiente do condutor";"Saída de leito carroçável";"Com Vítimas Feridas";"Pleno dia";"Decrescente";"Céu Claro";"Simples";"Reta";"Não";3;0;2;1;0;0;3;1;-8,553243;-36,899862;"SPRF-PE";"DEL04-PE";"UOP02-DEL04-PE"
778632;2026-06-14;"domingo";"17:00:00";"SC";470;66,1;"INDAIAL";"Acessar a via sem observar a presença dos outros veículos";"Colisão transversal";"Sem Vítimas";"Anoitecer";"Decrescente";"Céu Claro";"Simples";"Reta";"Não";2;0;0;0;2;0;0;2;-26,8703784;-49,2231865;"SPRF-SC";"DEL04-SC";"UOP01-DEL04-SC"
778634;2026-06-14;"domingo";"17:45:00";"PE";101;69;"RECIFE";"Manobra de mudança de faixa";"Colisão lateral mesmo sentido";"Com Vítimas Feridas";"Anoitecer";"Decrescente";"Céu Claro";"Dupla";"Reta";"Sim";2;0;1;0;1;0;1;2;-8,05988;-34,945623;"SPRF-PE";"DEL01-PE";"UOP01-DEL01-PE"
778635;2026-06-14;"domingo";"18:00:00";"RJ";116;82;"TERESOPOLIS";"Ultrapassagem Indevida";"Colisão frontal";"Com Vítimas Feridas";"Plena Noite";"Crescente";"Céu Claro";"Simples";"Reta";"Sim";7;0;4;1;2;0;5;3;-22,40126;-42,953798;"SPRF-RJ";"DEL04-RJ";"UOP01-DEL04-RJ"
778637;2026-06-14;"domingo";"17:40:00";"SC";282;19,8;"PALHOCA";"Reação tardia ou ineficiente do condutor";"Colisão traseira";"Com Vítimas Feridas";"Anoitecer";"Decrescente";"Céu Claro";"Simples";"Reta";"Não";6;0;1;0;5;0;1;3;-27,68414304;-48,7102761;"SPRF-SC";"DEL01-SC";"UOP02-DEL01-SC"
778638;2026-06-14;"domingo";"16:30:00";"BA";324;7;"FEIRA DE SANTANA";"Ausência de reação do condutor";"Colisão com objeto";"Com Vítimas Feridas";"Pleno dia";"Crescente";"Céu Claro";"Dupla";"Viaduto;Em Obras";"Sim";1;0;1;0;0;0;1;1;-12,26805064;-38,98886919;"SPRF-BA";"DEL02-BA";"UOP01-DEL02-BA"
778639;2026-03-22;"domingo";"19:24:00";"PA";163;457;"ITAITUBA";"Entrada inopinada do pedestre";"Atropelamento de Pedestre";"Sem Vítimas";"Plena Noite";"Decrescente";"Ignorado";"Simples";"Aclive;Reta";"Não";2;0;0;0;0;2;0;2;-4,24496093;-56,01466311;"SPRF-PA";"DEL05-PA";"UOP03-DEL05-PA"
778640;2026-06-14;"domingo";"17:00:00";"MG";262;786;"UBERABA";"Velocidade Incompatível";"Colisão traseira";"Sem Vítimas";"Pleno dia";"Decrescente";"Chuva";"Dupla";"Declive;Reta";"Não";2;0;0;0;2;0;0;2;-19,77062558;-47,90521709;"SPRF-MG";"DEL13-MG";"UOP01-DEL13-MG"
778642;2026-06-14;"domingo";"18:00:00";"PR";373;252;"GUAMIRANGA";"Ausência de reação do condutor";"Colisão lateral sentido oposto";"Com Vítimas Feridas";"Anoitecer";"Decrescente";"Ignorado";"Simples";"Reta";"Sim";2;0;0;1;0;1;1;2;-25,189276;-50,8693;"SPRF-PR";"DEL03-PR";"UOP01-DEL03-PR"
778643;2026-06-14;"domingo";"17:50:00";"MG";262;363,8;"JUATUBA";"Animais na Pista";"Atropelamento de Animal";"Com Vítimas Feridas";"Anoitecer";"Decrescente";"Céu Claro";"Dupla";"Reta";"Não";1;0;0;1;0;0;1;1;-19,9596;-44,3388;"SPRF-MG";"DEL01-MG";"UOP03-DEL01-MG"
778645;2026-06-14;"domingo";"17:35:00";"SP";101;43;"UBATUBA";"Acessar a via sem observar a presença dos outros veículos";"Colisão transversal";"Com Vítimas Feridas";"Anoitecer";"Crescente";"Céu Claro";"Simples";"Reta";"Não";2;0;1;0;0;1;1;2;-23,40869791;-45,06017557;"SPRF-SP";"DEL06-SP";"UOP01-DEL06-SP"
778646;2026-06-14;"domingo";"15:20:00";"BA";324;593;"CANDEIAS";"Demais falhas mecânicas ou elétricas";"Capotamento";"Sem Vítimas";"Pleno dia";"Crescente";"Céu Claro";"Dupla";"Reta";"Não";4;0;0;0;4;0;0;1;-12,6362116;-38,4781491;"SPRF-BA";"DEL01-BA";"UOP01-DEL01-BA"
778647;2026-06-14;"domingo";"18:00:00";"RS";116;415;"CRISTAL";"Ausência de reação do condutor";"Tombamento";"Com Vítimas Feridas";"Plena Noite";"Decrescente";"Nublado";"Dupla";"Em Obras;Reta";"Não";2;0;2;0;0;0;2;1;-30,9374432;-51,929485;"SPRF-RS";"DEL02-RS";"UOP02-DEL02-RS"
778649;2026-06-14;"domingo";"18:00:00";"CE";20;402;"CAUCAIA";"Condutor deixou de manter distância do veículo da frente";"Colisão traseira";"Com Vítimas Feridas";"Plena Noite";"Crescente";"Céu Claro";"Simples";"Reta";"Não";4;0;1;1;2;0;2;3;-3,78122106;-38,69049875;"SPRF-CE";"DEL01-CE";"UOP01-DEL01-CE"
778650;2026-06-14;"domingo";"17:50:00";"GO";153;556;"PROFESSOR JAMIL";"Velocidade Incompatível";"Saída de leito carroçável";"Com Vítimas Fatais";"Pleno dia";"Crescente";"Céu Claro";"Dupla";"Reta";"Sim";1;1;0;0;0;0;0;1;-17,176825;-49,209294;"SPRF-GO";"DEL03-GO";"UOP01-DEL03-GO"
778651;2026-06-14;"domingo";"16:50:00";"MG";354;756,6;"ITAMONTE";"Problema com o freio";"Saída de leito carroçável";"Sem Vítimas";"Anoitecer";"Decrescente";"Céu Claro";"Simples";"Curva";"Não";2;0;0;0;2;0;0;1;-22,29789267;-44,86279875;"SPRF-MG";"DEL17-MG";"UOP01-DEL17-MG"
778652;2026-06-14;"domingo";"17:00:00";"SC";282;507;"XANXERE";"Velocidade Incompatível";"Colisão frontal";"Com Vítimas Feridas";"Anoitecer";"Decrescente";"Céu Claro";"Múltipla";"Interseção de Vias;Retorno Regulamentado";"Sim";6;0;5;0;1;0;5;2;-26,885504;-52,435944;"SPRF-SC";"DEL07-SC";"UOP01-DEL07-SC"
778653;2026-05-31;"domingo";"08:30:00";"SC";282;112;"ALFREDO WAGNER";"Ausência de reação do condutor";"Saída de leito carroçável";"Com Vítimas Feridas";"Pleno dia";"Decrescente";"Céu Claro";"Simples";"Curva;Declive";"Não";2;0;2;0;0;0;2;1;-27,73362;-49,37499;"SPRF-SC";"DEL01-SC";"UOP03-DEL01-SC"