"id";"data_inversa";"dia_semana";"horario";"uf";"br";"km";"municipio";"causa_acidente";"tipo_acidente";"classificacao_acidente";"fase_dia";"sentido_via";"condicao_metereologica";"tipo_pista";"tracado_via";"uso_solo";"pessoas";"mortos";"feridos_leves";"feridos_graves";"ilesos";"ignorados";"feridos";"veiculos";"latitude";"longitude";"regional";"delegacia";"uop"
778654;2026-06-14;"domingo";"18:50:00";"RS";386;32;"FREDERICO WESTPHALEN";"Ausência de reação do condutor";"Atropelamento de Pedestre";"Com Vítimas Feridas";"Plena Noite";"Crescente";"Nevoeiro/Neblina";"Simples";"Reta;Declive";"Sim";3;0;0;1;0;2;1;2;-27,35155384;-53,3863998;"SPRF-RS";"DEL08-RS";"UOP02-DEL08-RS"
778655;2026-06-14;"domingo";"18:20:00";"RJ";101;383;"RIO DE JANEIRO";"Reação tardia ou ineficiente do condutor";"Capotamento";"Com Vítimas Feridas";"Plena Noite";"Decrescente";"Céu Claro";"Dupla";"Reta";"Não";1;0;1;0;0;0;1;1;-22,87886388;-43,61949921;"SPRF-RJ";"DEL03-RJ";"UOP01-DEL03-RJ"
778656;2026-06-14;"domingo";"18:40:00";"PR";116;126,7;"FAZENDA RIO GRANDE";"Manobra de mudança de faixa";"Colisão traseira";"Com Vítimas Feridas";"Plena Noite";"Decrescente";"Céu Claro";"Dupla";"Reta";"Sim";5;0;1;0;4;0;1;2;-25,64483;-49,312671;"SPRF-PR";"DEL01-PR";"UOP03-DEL01-PR"
778657;2026-06-14;"domingo";"19:20:00";"DF";80;21;"BRASILIA";"Ingestão de álcool pelo condutor";"Colisão traseira";"Sem Vítimas";"Plena Noite";"Decrescente";"Nublado";"Simples";"Reta";"Não";2;0;0;0;2;0;0;2;-15,6504373;-48,2099715;"SPRF-DF";"DEL03-DF";"UOP02-DEL03-DF"
778658;2026-06-14;"domingo";"17:30:00";"SE";235;109;"CARIRA";"Ultrapassagem Indevida";"Colisão com objeto";"Com Vítimas Feridas";"Anoitecer";"Decrescente";"Céu Claro";"Simples";"Reta";"Sim";1;0;1;0;0;0;1;1;-10,35236776;-37,70467043;"SPRF-SE";"DEL01-SE";"UOP02-DEL01-SE"
778659;2026-06-14;"domingo";"18:45:00";"RJ";116;142;"DUQUE DE CAXIAS";"Reação tardia ou ineficiente do condutor";"Colisão traseira";"Sem Vítimas";"Plena Noite";"Crescente";"Céu Claro";"Dupla";"Reta";"Sim";4;0;0;0;4;0;0;2;-22,6471901;-43,22352682;"SPRF-RJ";"DEL01-RJ";"UOP02-DEL01-RJ"
778660;2026-05-17;"domingo";"23:00:00";"MG";153;205;"FRUTAL";"Ausência de reação do condutor";"Saída de leito carroçável";"Com Vítimas Feridas";"Plena Noite";"Crescente";"Garoa/Chuvisco";"Simples";"Interseção de Vias;Em Obras";"Não";4;0;2;2;0;0;4;1;-20,02091167;-49,04720333;"SPRF-MG";"DEL13-MG";"UOP02-DEL13-MG"
778661;2026-06-14;"domingo";"19:15:00";"SC";101;216,6;"PALHOCA";"Ingestão de álcool pelo condutor";"Colisão com objeto";"Com Vítimas Feridas";"Plena Noite";"Decrescente";"Céu Claro";"Dupla";"Reta;Viaduto;Aclive";"Sim";1;0;1;0;0;0;1;1;-27,66491743;-48,6752395;"SPRF-SC";"DEL01-SC";"UOP02-DEL01-SC"
778663;2026-06-14;"domingo";"18:00:00";"BA";116;263;"TUCANO";"Ingestão de álcool pelo condutor";"Colisão lateral sentido oposto";"Com Vítimas Feridas";"Plena Noite";"Crescente";"Céu Claro";"Simples";"Curva";"Não";3;0;1;0;2;0;1;2;-10,8670584;-38,848129;"SPRF-BA";"DEL07-BA";"UOP02-DEL07-BA"
778665;2026-06-14;"domingo";"19:55:00";"SP";116;72;"APARECIDA";"Ausência de reação do condutor";"Colisão traseira";"Sem Vítimas";"Plena Noite";"Crescente";"Nublado";"Dupla";"Reta";"Sim";2;0;0;0;2;0;0;2;-22,86311321;-45,23741913;"SPRF-SP";"DEL08-SP";"UOP01-DEL08-SP"
778666;2026-06-14;"domingo";"18:30:00";"PR";116;126;"FAZENDA RIO GRANDE";"Manobra de mudança de faixa";"Colisão lateral mesmo sentido";"Com Vítimas Feridas";"Pleno dia";"Decrescente";"Céu Claro";"Dupla";"Reta";"Sim";2;0;1;0;1;0;1;2;-25,64192;-49,3125716;"SPRF-PR";"DEL01-PR";"UOP03-DEL01-PR"
778667;2026-06-14;"domingo";"18:00:00";"SC";282;19;"PALHOCA";"Transitar na contramão";"Colisão lateral sentido oposto";"Com Vítimas Feridas";"Plena Noite";"Decrescente";"Nublado";"Simples";"Reta";"Sim";2;0;1;0;1;0;1;2;-27,67722376;-48,70056717;"SPRF-SC";"DEL01-SC";"UOP02-DEL01-SC"
778668;2026-06-14;"domingo";"17:50:00";"RS";116;143;"CAXIAS DO SUL";"Condutor desrespeitou a iluminação vermelha do semáforo";"Colisão transversal";"Com Vítimas Feridas";"Plena Noite";"Crescente";"Nublado";"Dupla";"Interseção de Vias";"Sim";2;0;1;0;1;0;1;2;-29,12136745;-51,12251507;"SPRF-RS";"DEL05-RS";"UOP01-DEL05-RS"
778669;2026-06-14;"domingo";"18:55:00";"SE";101;148;"ESTANCIA";"Acessar a via sem observar a presença dos outros veículos";"Queda de ocupante de veículo";"Com Vítimas Feridas";"Plena Noite";"Decrescente";"Céu Claro";"Simples";"Reta";"Sim";3;0;1;0;0;2;1;3;-11,2414323;-37,4316323;"SPRF-SE";"DEL02-SE";"UOP01-DEL02-SE"
778671;2026-06-14;"domingo";"20:00:00";"MG";267;128,6;"JUIZ DE FORA";"Reação tardia ou ineficiente do condutor";"Saída de leito carroçável";"Com Vítimas Feridas";"Plena Noite";"Decrescente";"Céu Claro";"Simples";"Reta";"Não";1;0;0;1;0;0;1;1;-21,72034167;-43,53377333;"SPRF-MG";"DEL05-MG";"UOP01-DEL05-MG"
778672;2026-06-14;"domingo";"20:00:00";"MG";365;624;"UBERLANDIA";"Ingestão de álcool pelo condutor";"Saída de leito carroçável";"Sem Vítimas";"Plena Noite";"Crescente";"Chuva";"Dupla";"Curva";"Sim";1;0;0;0;0;1;0;1;-18,906442;-48,297105;"SPRF-MG";"DEL15-MG";"UOP01-DEL15-MG"
778673;2026-06-14;"domingo";"19:15:00";"MG";40;511;"RIBEIRAO DAS NEVES";"Ingestão de álcool pelo condutor";"Colisão lateral mesmo sentido";"Sem Vítimas";"Plena Noite";"Decrescente";"Nublado";"Dupla";"Retorno Regulamentado;Reta";"Sim";2;0;0;0;2;0;0;2;-19,785035;-44,1148883;"SPRF-MG";"DEL01-MG";"UOP02-DEL01-MG"
778674;2026-06-14;"domingo";"19:00:00";"RJ";116;189;"NOVA IGUACU";"Trafegar com motocicleta (ou similar) entre as faixas";"Colisão lateral mesmo sentido";"Com Vítimas Feridas";"Plena Noite";"Decrescente";"Céu Claro";"Dupla";"Reta";"Sim";3;0;2;0;1;0;2;2;-22,74012569;-43,52996573;"SPRF-RJ";"DEL06-RJ";"UOP01-DEL06-RJ"
778675;2026-06-14;"domingo";"18:06:00";"RJ";393;218;"VASSOURAS";"Ingestão de álcool pelo condutor";"Queda de ocupante de veículo";"Com Vítimas Feridas";"Plena Noite";"Crescente";"Céu Claro";"Simples";"Reta";"Não";2;0;1;1;0;0;2;1;-22,32870839;-43,54151599;"SPRF-RJ";"DEL05-RJ";"UOP03-DEL05-RJ"
778676;2026-06-14;"domingo";"19:15:00";"PR";373;249,9;"GUAMIRANGA";"Transitar na contramão";"Colisão frontal";"Com Vítimas Fatais";"Plena Noite";"Crescente";"Céu Claro";"Simples";"Reta;Aclive";"Não";3;2;1;0;0;0;1;2;-25,18681088;-50,80553262;"SPRF-PR";"DEL03-PR";"UOP01-DEL03-PR"
778677;2026-06-14;"domingo";"17:50:00";"BA";110;174;"RIBEIRA DO POMBAL";"Ingestão de álcool pelo condutor";"Queda de ocupante de veículo";"Com Vítimas Feridas";"Plena Noite";"Decrescente";"Céu Claro";"Simples";"Reta";"Sim";2;0;2;0;0;0;2;1;-10,83559264;-38,53213191;"SPRF-BA";"DEL07-BA";"UOP02-DEL07-BA"
778678;2026-06-14;"domingo";"19:18:00";"PE";101;37,9;"ITAPISSUMA";"Ausência de reação do condutor";"Capotamento";"Com Vítimas Feridas";"Pleno dia";"Crescente";"Céu Claro";"Dupla";"Declive";"Não";1;0;1;0;0;0;1;1;-7,80552983;-34,92559075;"SPRF-PE";"DEL01-PE";"UOP02-DEL01-PE"
778679;2026-06-14;"domingo";"20:30:00";"SP";488;1,5;"APARECIDA";"Ausência de reação do condutor";"Colisão traseira";"Com Vítimas Feridas";"Plena Noite";"Decrescente";"Ignorado";"Dupla";"Reta";"Sim";2;0;1;0;1;0;1;2;-22,8469587;-45,2322477;"SPRF-SP";"DEL08-SP";"UOP01-DEL08-SP"
778680;2026-06-14;"domingo";"20:30:00";"GO";60;97;"ANAPOLIS";"Acessar a via sem observar a presença dos outros veículos";"Colisão traseira";"Com Vítimas Feridas";"Plena Noite";"Crescente";"Ignorado";"Dupla";"Reta";"Sim";4;0;1;0;2;1;1;2;-16,375813;-48,947053;"SPRF-GO";"DEL02-GO";"UOP01-DEL02-GO"
778681;2026-06-14;"domingo";"20:43:00";"PR";376;294;"MAUA DA SERRA";"Acessar a via sem observar a presença dos outros veículos";"Colisão transversal";"Com Vítimas Feridas";"Plena Noite";"Crescente";"Nevoeiro/Neblina";"Dupla";"Reta";"Não";2;0;0;1;1;0;1;2;-23,914236;-51,18228;"SPRF-PR";"DEL07-PR";"UOP02-DEL07-PR"
778682;2026-06-14;"domingo";"19:27:00";"SC";282;516,4;"XAXIM";"Reação tardia ou ineficiente do condutor";"Saída de leito carroçável";"Sem Vítimas";"Plena Noite";"Decrescente";"Nublado";"Simples";"Curva";"Não";1;0;0;0;0;1;0;1;-26,92923184;-52,49941198;"SPRF-SC";"DEL07-SC";"UOP01-DEL07-SC"
778683;2026-06-14;"domingo";"19:45:00";"SP";381;28;"ATIBAIA";"Entrada inopinada do pedestre";"Atropelamento de Pedestre";"Com Vítimas Fatais";"Plena Noite";"Crescente";"Nublado";"Dupla";"Reta";"Sim";2;1;0;0;0;1;0;2;-23,03648243;-46,55296432;"SPRF-SP";"DEL03-SP";"UOP02-DEL03-SP"
778686;2026-06-14;"domingo";"19:00:00";"SP";381;87;"GUARULHOS";"Ausência de reação do condutor";"Colisão com objeto";"Com Vítimas Feridas";"Plena Noite";"Crescente";"Chuva";"Dupla";"Curva";"Não";2;0;2;0;0;0;2;1;-23,48969825;-46,55937195;"SPRF-SP";"DEL03-SP";"UOP01-DEL03-SP"
778688;2026-06-14;"domingo";"20:30:00";"BA";324;536;"AMELIA RODRIGUES";"Demais falhas na via";"Saída de leito carroçável";"Com Vítimas Feridas";"Plena Noite";"Crescente";"Céu Claro";"Dupla";"Retorno Regulamentado;Curva";"Sim";7;0;7;0;0;0;7;1;-12,3791282;-38,7990769;"SPRF-BA";"DEL11-BA";"UOP02-DEL11-BA"
778689;2026-06-14;"domingo";"18:00:00";"MG";116;657,3;"SAO FRANCISCO DO GLORIA";"Ingestão de álcool pelo condutor";"Saída de leito carroçável";"Com Vítimas Feridas";"Plena Noite";"Decrescente";"Nublado";"Simples";"Curva";"Não";1;0;1;0;0;0;1;1;-20,77785181;-42,30062183;"SPRF-MG";"DEL07-MG";"UOP02-DEL07-MG"
778690;2026-06-14;"domingo";"18:00:00";"RJ";393;167,8;"TRES RIOS";"Acessar a via sem observar a presença dos outros veículos";"Colisão traseira";"Com Vítimas Feridas";"Plena Noite";"Crescente";"Céu Claro";"Simples";"Reta";"Não";3;0;2;0;1;0;2;2;-22,12366585;-43,16989157;"SPRF-RJ";"DEL05-RJ";"UOP01-DEL05-RJ"
778691;2026-06-14;"domingo";"20:00:00";"MG";251;448,8;"GRAO MOGOL";"Ingestão de álcool pelo condutor";"Colisão frontal";"Com Vítimas Feridas";"Plena Noite";"Decrescente";"Céu Claro";"Simples";"Declive;Reta";"Não";4;0;0;1;3;0;1;3;-16,428004;-43,268416;"SPRF-MG";"DEL12-MG";"UOP01-DEL12-MG"
778692;2026-06-14;"domingo";"20:00:00";"RJ";101;297;"ITABORAI";"Acessar a via sem observar a presença dos outros veículos";"Colisão lateral mesmo sentido";"Com Vítimas Feridas";"Plena Noite";"Decrescente";"Céu Claro";"Dupla";"Reta";"Não";2;0;1;0;1;0;1;2;-22,77102;-42,92203;"SPRF-RJ";"DEL02-RJ";"UOP02-DEL02-RJ"
778694;2026-06-14;"domingo";"18:50:00";"PE";101;42,8;"IGARASSU";"Manobra de mudança de faixa";"Colisão lateral mesmo sentido";"Com Vítimas Feridas";"Plena Noite";"Crescente";"Céu Claro";"Dupla";"Reta";"Sim";2;0;0;1;1;0;1;2;-7,84484;-34,91055;"SPRF-PE";"DEL01-PE";"UOP02-DEL01-PE"
778697;2026-06-14;"domingo";"19:15:00";"RS";116;413,9;"CRISTAL";"Velocidade Incompatível";"Saída de leito carroçável";"Com Vítimas Feridas";"Plena Noite";"Decrescente";"Nublado";"Dupla";"Em Obras;Reta";"Não";3;0;0;1;1;1;1;3;-30,9374432;-51,929485;"SPRF-RS";"DEL02-RS";"UOP02-DEL02-RS"
778699;2026-06-14;"domingo";"14:50:00";"MG";116;5,5;"DIVISA ALEGRE";"Demais falhas mecânicas ou elétricas";"Colisão frontal";"Com Vítimas Feridas";"Pleno dia";"Crescente";"Céu Claro";"Simples";"Aclive;Reta";"Não";3;0;3;0;0;0;3;2;-15,75780665;-41,3318646;"SPRF-BA";"DEL08-BA";"UOP03-DEL08-BA"
778700;2026-06-14;"domingo";"21:10:00";"MG";40;523;"CONTAGEM";"Ausência de reação do condutor";"Colisão traseira";"Com Vítimas Feridas";"Plena Noite";"Crescente";"Céu Claro";"Dupla";"Reta";"Não";2;0;2;0;0;0;2;2;-19,87035702;-44,05783502;"SPRF-MG";"DEL01-MG";"UOP02-DEL01-MG"
778702;2026-06-14;"domingo";"18:30:00";"SC";282;125;"BOM RETIRO";"Ausência de reação do condutor";"Colisão traseira";"Com Vítimas Feridas";"Plena Noite";"Crescente";"Nevoeiro/Neblina";"Simples";"Reta";"Não";3;0;2;0;1;0;2;3;-27,80554347;-49,46238041;"SPRF-SC";"DEL05-SC";"UOP01-DEL05-SC"
778703;2026-06-14;"domingo";"18:40:00";"BA";116;403;"FEIRA DE SANTANA";"Ingestão de álcool pelo condutor";"Colisão transversal";"Sem Vítimas";"Plena Noite";"Crescente";"Céu Claro";"Múltipla";"Reta";"Não";4;0;0;0;4;0;0;4;-12,08496058;-38,96963239;"SPRF-BA";"DEL02-BA";"UOP01-DEL02-BA"
778704;2026-06-14;"domingo";"22:30:00";"SP";381;89;"GUARULHOS";"Manobra de mudança de faixa";"Colisão traseira";"Com Vítimas Feridas";"Plena Noite";"Crescente";"Garoa/Chuvisco";"Dupla";"Reta";"Não";2;0;1;0;1;0;1;2;-23,49618;-46,5597;"SPRF-SP";"DEL03-SP";"UOP01-DEL03-SP"
778705;2026-06-14;"domingo";"18:20:00";"MG";40;124;"JOAO PINHEIRO";"Ultrapassagem Indevida";"Colisão frontal";"Com Vítimas Fatais";"Anoitecer";"Decrescente";"Céu Claro";"Simples";"Reta";"Não";4;1;1;0;2;0;1;2;-17,677861;-46,331185;"SPRF-MG";"DEL14-MG";"UOP01-DEL14-MG"
778706;2026-06-14;"domingo";"22:10:00";"PR";153;1;"JACAREZINHO";"Acesso irregular";"Saída de leito carroçável";"Sem Vítimas";"Plena Noite";"Crescente";"Garoa/Chuvisco";"Simples";"Rotatória;Retorno Regulamentado";"Não";1;0;0;0;0;1;0;1;-23,00719;-49,90641;"SPRF-PR";"DEL07-PR";"UOP04-DEL07-PR"
778708;2026-06-14;"domingo";"19:20:00";"PR";376;384;"IMBAU";"Chuva";"Saída de leito carroçável";"Com Vítimas Feridas";"Plena Noite";"Crescente";"Chuva";"Dupla";"Declive;Curva";"Não";2;0;1;0;1;0;1;1;-24,47259;-50,73913;"SPRF-PR";"DEL03-PR";"UOP02-DEL03-PR"
778709;2026-06-14;"domingo";"21:30:00";"SC";480;124,5;"CHAPECO";"Velocidade Incompatível";"Tombamento";"Com Vítimas Feridas";"Plena Noite";"Decrescente";"Céu Claro";"Múltipla";"Reta";"Sim";2;0;2;0;0;0;2;1;-27,012125;-52,638931;"SPRF-SC";"DEL07-SC";"UOP01-DEL07-SC"
778710;2026-06-14;"domingo";"21:00:00";"MG";116;619,2;"ORIZANIA";"Velocidade Incompatível";"Saída de leito carroçável";"Com Vítimas Feridas";"Plena Noite";"Decrescente";"Céu Claro";"Simples";"Reta";"Não";2;0;1;0;1;0;1;1;-20,500422;-42,18997;"SPRF-MG";"DEL07-MG";"UOP02-DEL07-MG"
778711;2026-06-14;"domingo";"20:00:00";"SC";153;107;"CONCORDIA";"Ausência de reação do condutor";"Colisão frontal";"Com Vítimas Feridas";"Plena Noite";"Decrescente";"Céu Claro";"Simples";"Curva";"Não";3;0;0;1;1;1;1;2;-27,3023811;-51,9816745;"SPRF-SC";"DEL07-SC";"UOP04-DEL07-SC"
778712;2026-06-14;"domingo";"18:15:00";"MA";222;567;"BOM JESUS DAS SELVAS";"Ingestão de álcool pelo condutor";"Colisão traseira";"Com Vítimas Feridas";"Anoitecer";"Crescente";"Céu Claro";"Simples";"Reta";"Sim";5;0;0;4;1;0;4;2;-4,496897;-46,856967;"SPRF-MA";"DEL04-MA";"UOP03-DEL04-MA"
778714;2026-06-14;"domingo";"19:05:00";"MG";50;104,5;"UBERABA";"Chuva";"Tombamento";"Com Vítimas Feridas";"Plena Noite";"Crescente";"Chuva";"Dupla";"Reta;Aclive";"Não";1;0;1;0;0;0;1;1;-19,17839339;-48,15828888;"SPRF-MG";"DEL13-MG";"UOP01-DEL13-MG"
778715;2026-06-14;"domingo";"20:00:00";"RR";432;196;"CANTA";"Ausência de reação do condutor";"Atropelamento de Pedestre";"Com Vítimas Feridas";"Plena Noite";"Decrescente";"Nublado";"Simples";"Reta";"Não";2;0;0;1;0;1;1;2;2,65122112;-60,59064782;"SPRF-RR";"DEL01-RR";"UOP01-DEL01-RR"
778716;2026-06-14;"domingo";"20:45:00";"RJ";116;171;"RIO DE JANEIRO";"Ausência de reação do condutor";"Queda de ocupante de veículo";"Com Vítimas Feridas";"Plena Noite";"Crescente";"Céu Claro";"Dupla";"Reta";"Sim";4;0;2;0;2;0;2;3;-22,81620414;-43,32420794;"SPRF-RJ";"DEL06-RJ";"UOP01-DEL06-RJ"
778717;2026-06-14;"domingo";"23:00:00";"RS";116;147;"CAXIAS DO SUL";"Ausência de reação do condutor";"Colisão com objeto";"Sem Vítimas";"Plena Noite";"Crescente";"Céu Claro";"Dupla";"Reta";"Sim";1;0;0;0;1;0;0;1;-29,15000923;-51,14487615;"SPRF-RS";"DEL05-RS";"UOP01-DEL05-RS"
778719;2026-06-14;"domingo";"22:45:00";"RN";406;147;"CEARA-MIRIM";"Ingestão de álcool pelo condutor";"Colisão frontal";"Com Vítimas Feridas";"Plena Noite";"Crescente";"Chuva";"Simples";"Reta";"Não";2;0;0;1;1;0;1;2;-5,649403;-35,435698;"SPRF-RN";"DEL02-RN";"UOP01-DEL02-RN"
778720;2026-06-14;"domingo";"21:00:00";"SC";101;48,3;"JOINVILLE";"Ingestão de álcool pelo condutor";"Saída de leito carroçável";"Com Vítimas Fatais";"Plena Noite";"Crescente";"Garoa/Chuvisco";"Múltipla";"Interseção de Vias;Reta";"Sim";1;1;0;0;0;0;0;1;-26,37800852;-48,85254733;"SPRF-SC";"DEL03-SC";"UOP01-DEL03-SC"
778721;2026-06-14;"domingo";"22:00:00";"BA";324;408;"RIACHAO DO JACUIPE";"Velocidade Incompatível";"Saída de leito carroçável";"Com Vítimas Feridas";"Plena Noite";"Decrescente";"Céu Claro";"Simples";"Reta";"Não";4;0;2;1;1;0;3;1;-11,7038073;-39,5276647;"SPRF-BA";"DEL04-BA";"UOP02-DEL04-BA"
778724;2026-06-15;"segunda-feira";"00:23:00";"RS";101;1,5;"TORRES";"Ausência de reação do condutor";"Colisão com objeto";"Com Vítimas Feridas";"Plena Noite";"Crescente";"Nublado";"Dupla";"Reta";"Não";1;0;0;1;0;0;1;1;-29,31174936;-49,77375662;"SPRF-RS";"DEL03-RS";"UOP02-DEL03-RS"
778725;2026-06-14;"domingo";"21:50:00";"BA";110;280;"INHAMBUPE";"Acessar a via sem observar a presença dos outros veículos";"Atropelamento de Pedestre";"Com Vítimas Fatais";"Plena Noite";"Decrescente";"Nublado";"Simples";"Reta";"Sim";2;1;0;0;0;1;0;2;-11,7112845;-38,32906723;"SPRF-BA";"DEL01-BA";"UOP04-DEL01-BA"
778726;2026-06-15;"segunda-feira";"00:00:00";"PR";376;386;"IMBAU";"Ausência de reação do condutor";"Saída de leito carroçável";"Com Vítimas Feridas";"Plena Noite";"Crescente";"Céu Claro";"Dupla";"Aclive;Reta";"Não";1;0;1;0;0;0;1;1;-24,48685;-50,73355;"SPRF-PR";"DEL03-PR";"UOP02-DEL03-PR"
778729;2026-06-14;"domingo";"22:35:00";"GO";60;43;"ALEXANIA";"Ausência de reação do condutor";"Colisão traseira";"Sem Vítimas";"Plena Noite";"Crescente";"Garoa/Chuvisco";"Dupla";"Reta";"Não";4;0;0;0;4;0;0;2;-16,115523;-48,589408;"SPRF-GO";"DEL02-GO";"UOP01-DEL02-GO"
778730;2026-06-15;"segunda-feira";"00:25:00";"SC";101;37;"JOINVILLE";"Ingestão de álcool pelo condutor";"Colisão com objeto";"Com Vítimas Feridas";"Plena Noite";"Decrescente";"Garoa/Chuvisco";"Simples";"Curva";"Sim";2;0;1;0;1;0;1;1;-26,28282061;-48,88885371;"SPRF-SC";"DEL03-SC";"UOP01-DEL03-SC"
778731;2026-06-15;"segunda-feira";"01:20:00";"RS";116;262;"CANOAS";"Ausência de reação do condutor";"Colisão com objeto";"Sem Vítimas";"Plena Noite";"Decrescente";"Nublado";"Dupla";"Reta";"Sim";1;0;0;0;0;1;0;1;-29,88983025;-51,17818031;"SPRF-RS";"DEL01-RS";"UOP01-DEL01-RS"
778732;2026-06-15;"segunda-feira";"01:40:00";"MG";50;49;"ARAGUARI";"Ingestão de álcool pelo condutor";"Saída de leito carroçável";"Sem Vítimas";"Plena Noite";"Crescente";"Garoa/Chuvisco";"Dupla";"Curva";"Não";1;0;0;0;1;0;0;1;-18,731305;-48,2232583;"SPRF-MG";"DEL15-MG";"UOP02-DEL15-MG"
778733;2026-06-14;"domingo";"21:20:00";"PE";428;148;"PETROLINA";"Manobra de mudança de faixa";"Colisão lateral mesmo sentido";"Com Vítimas Feridas";"Plena Noite";"Crescente";"Céu Claro";"Simples";"Reta";"Não";5;0;5;0;0;0;5;2;-9,05839;-40,30439;"SPRF-PE";"DEL06-PE";"UOP01-DEL06-PE"
778735;2026-06-15;"segunda-feira";"01:04:00";"RO";364;343,7;"JI-PARANA";"Ingestão de álcool pelo condutor";"Tombamento";"Com Vítimas Feridas";"Plena Noite";"Crescente";"Céu Claro";"Dupla";"Reta";"Sim";1;0;1;0;0;0;1;1;-10,87461722;-61,95118254;"SPRF-RO";"DEL02-RO";"UOP01-DEL02-RO"
778736;2026-06-15;"segunda-feira";"01:00:00";"GO";60;162,1;"GOIANIA";"Acumulo de água sobre o pavimento";"Colisão com objeto";"Com Vítimas Feridas";"Plena Noite";"Crescente";"Nublado";"Dupla";"Reta";"Sim";1;0;1;0;0;0;1;1;-16,70163;-49,336034;"SPRF-GO";"DEL01-GO";"UOP02-DEL01-GO"
778737;2026-06-15;"segunda-feira";"03:30:00";"PR";277;82;"CURITIBA";"Ingestão de álcool pelo condutor";"Colisão traseira";"Com Vítimas Fatais";"Plena Noite";"Decrescente";"Garoa/Chuvisco";"Dupla";"Reta";"Sim";2;1;0;0;1;0;0;2;-25,454;-49,225;"SPRF-PR";"DEL01-PR";"UOP03-DEL01-PR"
778738;2026-06-15;"segunda-feira";"03:45:00";"RJ";493;119;"ITAGUAI";"Ausência de reação do condutor";"Saída de leito carroçável";"Com Vítimas Feridas";"Plena Noite";"Crescente";"Céu Claro";"Dupla";"Declive;Reta";"Sim";3;0;3;0;0;0;3;1;-22,87499286;-43,8206784;"SPRF-RJ";"DEL03-RJ";"UOP01-DEL03-RJ"
778739;2026-06-15;"segunda-feira";"04:35:00";"GO";40;0,4;"VALPARAISO DE GOIAS";"Ausência de reação do condutor";"Saída de leito carroçável";"Com Vítimas Fatais";"Plena Noite";"Crescente";"Garoa/Chuvisco";"Dupla";"Reta";"Sim";2;1;0;0;0;1;0;2;-16,05544;-47,9824;"SPRF-DF";"DEL01-DF";"UOP01-DEL01-DF"
778740;2026-06-15;"segunda-feira";"05:10:00";"GO";60;165;"GOIANIA";"Condutor Dormindo";"Capotamento";"Com Vítimas Feridas";"Amanhecer";"Crescente";"Céu Claro";"Dupla";"Reta";"Sim";1;0;1;0;0;0;1;1;-16,717446;-49,366183;"SPRF-GO";"DEL01-GO";"UOP02-DEL01-GO"
778741;2026-06-14;"domingo";"22:20:00";"PA";10;80;"ULIANOPOLIS";"Condutor deixou de manter distância do veículo da frente";"Colisão traseira";"Com Vítimas Feridas";"Plena Noite";"Decrescente";"Céu Claro";"Simples";"Reta";"Sim";2;0;0;1;1;0;1;2;-3,739655;-47,494303;"SPRF-PA";"DEL02-PA";"UOP02-DEL02-PA"
778742;2026-06-15;"segunda-feira";"04:15:00";"CE";20;345,5;"CARIDADE";"Condutor Dormindo";"Colisão com objeto";"Com Vítimas Feridas";"Plena Noite";"Decrescente";"Céu Claro";"Simples";"Reta;Ponte";"Não";3;0;2;1;0;0;3;1;-4,121963;-39,070475;"SPRF-CE";"DEL02-CE";"UOP01-DEL02-CE"
778743;2026-06-15;"segunda-feira";"05:12:00";"PE";101;49,1;"ABREU E LIMA";"Ingestão de álcool pelo condutor";"Colisão com objeto";"Com Vítimas Feridas";"Amanhecer";"Decrescente";"Chuva";"Múltipla";"Curva";"Sim";2;0;0;1;0;1;1;2;-7,901923;-34,901616;"SPRF-PE";"DEL01-PE";"UOP02-DEL01-PE"
778744;2026-06-15;"segunda-feira";"05:46:00";"PB";230;40;"SANTA RITA";"Transitar no Acostamento";"Atropelamento de Pedestre";"Com Vítimas Feridas";"Pleno dia";"Crescente";"Céu Claro";"Dupla";"Reta";"Não";2;0;0;1;0;1;1;2;-7,14;-34,97;"SPRF-PB";"DEL01-PB";"UOP02-DEL01-PB"
778745;2026-06-15;"segunda-feira";"04:48:00";"PE";232;133,9;"CARUARU";"Reação tardia ou ineficiente do condutor";"Saída de leito carroçável";"Com Vítimas Feridas";"Plena Noite";"Decrescente";"Nublado";"Dupla";"Aclive;Reta";"Não";38;0;17;1;19;1;18;2;-8,31022;-36,02984;"SPRF-PE";"DEL02-PE";"UOP03-DEL02-PE"
778746;2026-06-15;"segunda-feira";"05:46:00";"PE";232;6;"RECIFE";"Ausência de sinalização";"Colisão traseira";"Com Vítimas Feridas";"Pleno dia";"Decrescente";"Céu Claro";"Dupla";"Reta;Aclive;Viaduto";"Sim";2;0;1;0;1;0;1;2;-8,067253;-34,943185;"SPRF-PE";"DEL01-PE";"UOP01-DEL01-PE"
778747;2026-06-15;"segunda-feira";"03:00:00";"RJ";116;55;"TERESOPOLIS";"Ausência de reação do condutor";"Queda de ocupante de veículo";"Com Vítimas Feridas";"Plena Noite";"Crescente";"Nublado";"Simples";"Reta";"Não";1;0;1;0;0;0;1;1;-22,17333717;-42,83500671;"SPRF-RJ";"DEL04-RJ";"UOP01-DEL04-RJ"
778748;2026-06-14;"domingo";"20:50:00";"RS";116;244;"SAO LEOPOLDO";"Reação tardia ou ineficiente do condutor";"Colisão com objeto";"Sem Vítimas";"Plena Noite";"Decrescente";"Céu Claro";"Dupla";"Reta";"Sim";1;0;0;0;1;0;0;1;-29,7382725;-51,1501531;"SPRF-RS";"DEL01-RS";"UOP02-DEL01-RS"