"id";"data_inversa";"dia_semana";"horario";"uf";"br";"km";"municipio";"causa_acidente";"tipo_acidente";"classificacao_acidente";"fase_dia";"sentido_via";"condicao_metereologica";"tipo_pista";"tracado_via";"uso_solo";"pessoas";"mortos";"feridos_leves";"feridos_graves";"ilesos";"ignorados";"feridos";"veiculos";"latitude";"longitude";"regional";"delegacia";"uop"
778749;2026-06-15;"segunda-feira";"03:30:00";"MG";262;350,1;"BETIM";"Velocidade Incompatível";"Saída de leito carroçável";"Com Vítimas Fatais";"Plena Noite";"Decrescente";"Céu Claro";"Dupla";"Reta";"Sim";2;1;1;0;0;0;1;1;-19,9786987;-44,2224804;"SPRF-MG";"DEL01-MG";"UOP03-DEL01-MG"
778750;2026-06-14;"domingo";"18:55:00";"SC";282;468;"PASSOS MAIA";"Condutor deixou de manter distância do veículo da frente";"Colisão lateral mesmo sentido";"Com Vítimas Feridas";"Plena Noite";"Crescente";"Nevoeiro/Neblina";"Simples";"Reta";"Não";4;0;1;0;3;0;1;2;-26,8533625;-52,0783814;"SPRF-SC";"DEL07-SC";"UOP04-DEL07-SC"
778751;2026-06-15;"segunda-feira";"06:25:00";"BA";324;600;"SIMOES FILHO";"Manobra de mudança de faixa";"Colisão lateral mesmo sentido";"Com Vítimas Feridas";"Pleno dia";"Decrescente";"Nublado";"Dupla";"Reta";"Não";5;0;1;0;4;0;1;3;-12,75922484;-38,42626713;"SPRF-BA";"DEL01-BA";"UOP01-DEL01-BA"
778752;2026-06-15;"segunda-feira";"07:00:00";"SP";381;70,5;"MAIRIPORA";"Chuva";"Capotamento";"Com Vítimas Feridas";"Amanhecer";"Crescente";"Chuva";"Múltipla";"Curva;Declive";"Não";2;0;1;0;1;0;1;2;-23,349749;-46,553272;"SPRF-SP";"DEL03-SP";"UOP01-DEL03-SP"
778755;2026-06-14;"domingo";"23:31:00";"SC";470;155;"AGRONOMICA";"Transitar na contramão";"Colisão lateral sentido oposto";"Com Vítimas Feridas";"Plena Noite";"Crescente";"Nevoeiro/Neblina";"Simples";"Reta";"Não";2;0;1;0;1;0;1;2;-27,275403;-49,738053;"SPRF-SC";"DEL04-SC";"UOP02-DEL04-SC"
778757;2026-06-15;"segunda-feira";"02:27:00";"MT";364;497;"ROSARIO OESTE";"Reação tardia ou ineficiente do condutor";"Capotamento";"Sem Vítimas";"Plena Noite";"Decrescente";"Céu Claro";"Simples";"Reta";"Não";1;0;0;0;1;0;0;1;-14,97106349;-56,51599467;"SPRF-MT";"DEL01-MT";"UOP01-DEL01-MT"
778759;2026-06-15;"segunda-feira";"07:30:00";"SC";101;200,9;"SAO JOSE";"Mal súbito do condutor";"Colisão lateral mesmo sentido";"Com Vítimas Feridas";"Pleno dia";"Crescente";"Nublado";"Múltipla";"Reta";"Sim";2;0;1;0;1;0;1;2;-27,5488431;-48,619846;"SPRF-SC";"DEL01-SC";"UOP01-DEL01-SC"
778761;2026-06-15;"segunda-feira";"06:55:00";"PR";376;593;"CURITIBA";"Ausência de reação do condutor";"Engavetamento";"Sem Vítimas";"Pleno dia";"Decrescente";"Chuva";"Dupla";"Reta";"Sim";3;0;0;0;3;0;0;3;-25,46334;-49,35755;"SPRF-PR";"DEL01-PR";"UOP06-DEL01-PR"
778762;2026-06-15;"segunda-feira";"07:45:00";"PR";116;124,6;"FAZENDA RIO GRANDE";"Trafegar com motocicleta (ou similar) entre as faixas";"Colisão traseira";"Com Vítimas Feridas";"Pleno dia";"Decrescente";"Céu Claro";"Dupla";"Reta";"Não";3;0;0;2;1;0;2;2;-25,626162;-49,314815;"SPRF-PR";"DEL01-PR";"UOP03-DEL01-PR"
778763;2026-06-15;"segunda-feira";"07:25:00";"PI";343;2,1;"TERESINA";"Condutor deixou de manter distância do veículo da frente";"Colisão traseira";"Com Vítimas Feridas";"Pleno dia";"Crescente";"Céu Claro";"Dupla";"Reta";"Sim";3;0;1;1;1;0;2;2;-5,08160894;-42,76889412;"SPRF-PI";"DEL01-PI";"UOP01-DEL01-PI"
778764;2026-06-14;"domingo";"16:30:00";"RJ";40;92;"PETROPOLIS";"Reação tardia ou ineficiente do condutor";"Queda de ocupante de veículo";"Com Vítimas Feridas";"Pleno dia";"Decrescente";"Céu Claro";"Dupla";"Aclive;Curva";"Não";2;0;2;0;0;0;2;1;-22,55469478;-43,25350145;"SPRF-RJ";"DEL01-RJ";"UOP01-DEL01-RJ"
778765;2026-06-15;"segunda-feira";"07:35:00";"PR";369;146,8;"LONDRINA";"Reação tardia ou ineficiente do condutor";"Colisão traseira";"Com Vítimas Feridas";"Pleno dia";"Decrescente";"Garoa/Chuvisco";"Dupla";"Reta;Declive";"Sim";2;0;1;0;1;0;1;2;-23,293;-51,1295;"SPRF-PR";"DEL07-PR";"UOP01-DEL07-PR"
778766;2026-06-15;"segunda-feira";"07:20:00";"PE";428;175,4;"PETROLINA";"Avarias e/ou desgaste excessivo no pneu";"Tombamento";"Com Vítimas Feridas";"Pleno dia";"Decrescente";"Céu Claro";"Simples";"Reta";"Não";2;0;1;1;0;0;2;1;-9,263717;-40,43112;"SPRF-PE";"DEL06-PE";"UOP01-DEL06-PE"
778768;2026-06-15;"segunda-feira";"07:53:00";"RN";101;84,2;"SAO GONCALO DO AMARANTE";"Manobra de mudança de faixa";"Colisão transversal";"Com Vítimas Feridas";"Pleno dia";"Crescente";"Céu Claro";"Dupla";"Interseção de Vias;Reta";"Sim";2;0;1;0;1;0;1;2;-5,77514;-35,25564;"SPRF-RN";"DEL02-RN";"UOP01-DEL02-RN"
778770;2026-05-24;"domingo";"03:52:00";"SP";116;221;"GUARULHOS";"Pedestre cruzava a pista fora da faixa";"Atropelamento de Pedestre";"Com Vítimas Fatais";"Plena Noite";"Decrescente";"Garoa/Chuvisco";"Dupla";"Reta";"Sim";2;1;0;0;0;1;0;2;-23,46961334;-46,51194739;"SPRF-SP";"DEL01-SP";"UOP01-DEL01-SP"
778771;2026-06-15;"segunda-feira";"07:10:00";"MG";381;440,4;"SANTA LUZIA";"Transitar no Acostamento";"Colisão lateral mesmo sentido";"Com Vítimas Feridas";"Pleno dia";"Crescente";"Sol";"Simples";"Declive;Curva";"Não";3;0;2;0;1;0;2;2;-19,821875;-43,821503;"SPRF-MG";"DEL01-MG";"UOP01-DEL01-MG"
778773;2026-06-15;"segunda-feira";"08:26:00";"PI";343;1,1;"TERESINA";"Condutor deixou de manter distância do veículo da frente";"Colisão traseira";"Com Vítimas Feridas";"Pleno dia";"Decrescente";"Céu Claro";"Dupla";"Reta";"Sim";2;0;0;1;1;0;1;2;-5,08065198;-42,75887188;"SPRF-PI";"DEL01-PI";"UOP01-DEL01-PI"
778774;2026-06-15;"segunda-feira";"07:20:00";"PI";230;307;"FLORIANO";"Conversão proibida";"Colisão lateral mesmo sentido";"Com Vítimas Feridas";"Pleno dia";"Decrescente";"Céu Claro";"Simples";"Reta";"Não";2;0;2;0;0;0;2;2;-6,785768;-42,994938;"SPRF-PI";"DEL03-PI";"UOP01-DEL03-PI"
778775;2026-06-15;"segunda-feira";"05:45:00";"RN";304;252;"SANTA MARIA";"Avarias e/ou desgaste excessivo no pneu";"Tombamento";"Com Vítimas Feridas";"Pleno dia";"Crescente";"Céu Claro";"Simples";"Reta";"Não";2;0;2;0;0;0;2;1;-5,833944;-35,734618;"SPRF-RN";"DEL01-RN";"UOP02-DEL01-RN"
778776;2026-06-15;"segunda-feira";"07:40:00";"SC";470;3,9;"NAVEGANTES";"Reação tardia ou ineficiente do condutor";"Colisão traseira";"Com Vítimas Feridas";"Pleno dia";"Decrescente";"Nublado";"Dupla";"Desvio Temporário;Interseção de Vias;Viaduto;Em Obras";"Sim";2;0;1;0;1;0;1;2;-26,858878;-48,689143;"SPRF-SC";"DEL04-SC";"UOP04-DEL04-SC"
778777;2026-06-15;"segunda-feira";"07:36:00";"GO";50;157;"CAMPO ALEGRE DE GOIAS";"Condutor deixou de manter distância do veículo da frente";"Capotamento";"Com Vítimas Feridas";"Pleno dia";"Decrescente";"Céu Claro";"Dupla";"Reta";"Não";3;0;1;2;0;0;3;1;-17,236094;-47,762143;"SPRF-GO";"DEL06-GO";"UOP01-DEL06-GO"
778780;2026-06-15;"segunda-feira";"08:00:00";"PR";277;81,6;"CURITIBA";"Trafegar com motocicleta (ou similar) entre as faixas";"Colisão lateral mesmo sentido";"Com Vítimas Feridas";"Pleno dia";"Crescente";"Nublado";"Dupla";"Reta";"Não";3;0;1;0;2;0;1;2;-25,460696;-49,219888;"SPRF-PR";"DEL01-PR";"UOP03-DEL01-PR"
778781;2026-02-15;"domingo";"23:55:00";"PI";343;267,5;"CAMPO MAIOR";"Reação tardia ou ineficiente do condutor";"Colisão frontal";"Com Vítimas Feridas";"Plena Noite";"Crescente";"Nublado";"Simples";"Curva";"Sim";4;0;0;1;2;1;1;3;-4,839173;-42,184987;"SPRF-PI";"DEL01-PI";"UOP03-DEL01-PI"
778782;2026-06-15;"segunda-feira";"08:30:00";"SC";101;204,2;"SAO JOSE";"Pedestre cruzava a pista fora da faixa";"Colisão lateral mesmo sentido";"Com Vítimas Feridas";"Pleno dia";"Decrescente";"Nublado";"Múltipla";"Reta;Declive";"Sim";3;0;2;0;0;1;2;3;-27,576175;-48,6133032;"SPRF-SC";"DEL01-SC";"UOP01-DEL01-SC"
778784;2026-06-15;"segunda-feira";"09:07:00";"PE";232;24;"MORENO";"Acessar a via sem observar a presença dos outros veículos";"Colisão lateral mesmo sentido";"Com Vítimas Feridas";"Pleno dia";"Crescente";"Céu Claro";"Dupla";"Reta";"Não";3;0;0;2;1;0;2;2;-8,109403;-35,105635;"SPRF-PE";"DEL02-PE";"UOP02-DEL02PE"
778786;2026-06-15;"segunda-feira";"09:30:00";"SC";101;203,9;"SAO JOSE";"Acessar a via sem observar a presença dos outros veículos";"Colisão lateral mesmo sentido";"Com Vítimas Feridas";"Pleno dia";"Decrescente";"Nublado";"Múltipla";"Declive;Reta";"Sim";2;0;1;0;1;0;1;2;-27,57379;-48,61313;"SPRF-SC";"DEL01-SC";"UOP01-DEL01-SC"
778788;2026-06-15;"segunda-feira";"07:40:00";"MG";40;79,5;"PARACATU";"Condutor Dormindo";"Saída de leito carroçável";"Com Vítimas Feridas";"Pleno dia";"Crescente";"Céu Claro";"Simples";"Reta";"Não";1;0;0;1;0;0;1;1;-17,45951431;-46,66431841;"SPRF-MG";"DEL14-MG";"UOP01-DEL14-MG"
778789;2026-06-15;"segunda-feira";"10:00:00";"RN";304;295;"MACAIBA";"Ausência de reação do condutor";"Queda de ocupante de veículo";"Com Vítimas Feridas";"Pleno dia";"Crescente";"Céu Claro";"Simples";"Reta";"Sim";2;0;1;0;1;0;1;2;-5,865062;-35,351308;"SPRF-RN";"DEL01-RN";"UOP02-DEL01-RN"
778790;2026-06-15;"segunda-feira";"08:20:00";"PB";230;149,6;"CAMPINA GRANDE";"Reação tardia ou ineficiente do condutor";"Tombamento";"Com Vítimas Feridas";"Pleno dia";"Crescente";"Chuva";"Dupla";"Reta";"Sim";2;0;1;0;1;0;1;1;-7,248675;-35,871692;"SPRF-PB";"DEL02-PB";"UOP01-DEL02-PB"
778791;2026-06-15;"segunda-feira";"09:50:00";"DF";70;15;"BRASILIA";"Demais falhas mecânicas ou elétricas";"Tombamento";"Com Vítimas Feridas";"Pleno dia";"Decrescente";"Céu Claro";"Dupla";"Curva";"Não";2;0;2;0;0;0;2;1;-15,799237;-48,18511;"SPRF-DF";"DEL03-DF";"UOP02-DEL03-DF"
778795;2026-06-15;"segunda-feira";"08:15:00";"GO";60;27,2;"ALEXANIA";"Avarias e/ou desgaste excessivo no pneu";"Saída de leito carroçável";"Sem Vítimas";"Pleno dia";"Decrescente";"Céu Claro";"Dupla";"Aclive;Ponte";"Não";1;0;0;0;0;1;0;1;-16,102073;-48,459482;"SPRF-DF";"DEL03-DF";"UOP01-DEL03-DF"
778798;2026-06-15;"segunda-feira";"09:00:00";"GO";60;372;"RIO VERDE";"Condutor Dormindo";"Colisão com objeto";"Com Vítimas Feridas";"Pleno dia";"Crescente";"Céu Claro";"Dupla";"Reta";"Não";1;0;1;0;0;0;1;1;-17,724111;-50,861083;"SPRF-GO";"DEL04-GO";"UOP01-DEL04-GO"
778800;2026-02-08;"domingo";"08:00:00";"SC";101;241;"PALHOCA";"Avarias e/ou desgaste excessivo no pneu";"Tombamento";"Com Vítimas Feridas";"Pleno dia";"Decrescente";"Céu Claro";"Dupla";"Reta";"Não";2;0;2;0;0;0;2;1;-27,86735;-48,64604;"SPRF-SC";"DEL01-SC";"UOP02-DEL01-SC"
778801;2026-06-15;"segunda-feira";"10:58:00";"SE";101;89;"NOSSA SENHORA DO SOCORRO";"Acumulo de óleo sobre o pavimento";"Tombamento";"Com Vítimas Feridas";"Pleno dia";"Crescente";"Céu Claro";"Dupla";"Declive;Curva;Viaduto";"Não";2;0;1;0;1;0;1;1;-10,88357102;-37,13395922;"SPRF-SE";"DEL01-SE";"UOP01-DEL01-SE"
778802;2026-06-15;"segunda-feira";"10:05:00";"PR";373;266;"PRUDENTOPOLIS";"Transitar na contramão";"Colisão lateral sentido oposto";"Com Vítimas Feridas";"Pleno dia";"Crescente";"Céu Claro";"Simples";"Reta";"Sim";5;0;1;0;4;0;1;2;-25,206;-50,997;"SPRF-PR";"DEL08-PR";"UOP01-DEL08-PR"
778803;2026-06-15;"segunda-feira";"11:10:00";"GO";60;45,1;"ALEXANIA";"Manobra de mudança de faixa";"Saída de leito carroçável";"Com Vítimas Feridas";"Pleno dia";"Crescente";"Céu Claro";"Dupla";"Declive;Reta";"Não";3;0;0;1;1;1;1;2;-16,132757;-48,59804;"SPRF-GO";"DEL02-GO";"UOP01-DEL02-GO"
778804;2026-06-15;"segunda-feira";"10:47:00";"RN";101;96,8;"NATAL";"Manobra de mudança de faixa";"Colisão lateral mesmo sentido";"Com Vítimas Feridas";"Pleno dia";"Crescente";"Céu Claro";"Dupla";"Reta";"Não";2;0;0;1;1;0;1;2;-5,85455;-35,21165;"SPRF-RN";"DEL01-RN";"UOP01-DEL01-RN"
778805;2026-06-15;"segunda-feira";"11:10:00";"PB";101;122;"CAAPORA";"Ausência de reação do condutor";"Saída de leito carroçável";"Com Vítimas Feridas";"Pleno dia";"Crescente";"Céu Claro";"Dupla";"Retorno Regulamentado;Declive";"Não";1;0;1;0;0;0;1;1;-7,453532;-34,980557;"SPRF-PB";"DEL01-PB";"UOP01-DEL01-PB"
778808;2026-06-15;"segunda-feira";"10:40:00";"PR";376;657,7;"TIJUCAS DO SUL";"Velocidade Incompatível";"Saída de leito carroçável";"Com Vítimas Feridas";"Pleno dia";"Decrescente";"Chuva";"Simples";"Aclive;Curva";"Não";2;0;0;1;1;0;1;1;-25,84673867;-49,01208814;"SPRF-PR";"DEL01-PR";"UOP04-DEL01-PR"
778809;2026-06-15;"segunda-feira";"09:15:00";"AL";101;41;"FLEXEIRAS";"Avarias e/ou desgaste excessivo no pneu";"Capotamento";"Sem Vítimas";"Pleno dia";"Decrescente";"Chuva";"Dupla";"Curva;Declive";"Não";2;0;0;0;2;0;0;1;-9,1700875;-35,7744395;"SPRF-AL";"DEL01-AL";"UOP02-DEL01-AL"
778810;2026-06-10;"quarta-feira";"15:00:00";"SC";0;0;"FLORIANOPOLIS";"Acumulo de areia ou detritos sobre o pavimento";"Tombamento";"Sem Vítimas";"Pleno dia";"Não Informado";"Nublado";"Simples";"Curva";"Não";3;0;0;0;3;0;0;1;-27,43755;-48,45573;"SPRF-SC";"N/A";"N/A"
778811;2026-06-15;"segunda-feira";"12:05:00";"RN";101;98,9;"NATAL";"Frear bruscamente";"Queda de ocupante de veículo";"Com Vítimas Feridas";"Pleno dia";"Decrescente";"Sol";"Dupla";"Reta";"Sim";4;0;2;0;0;2;2;3;-5,84699;-35,2096614;"SPRF-RN";"DEL01-RN";"UOP01-DEL01-RN"
778813;2026-06-15;"segunda-feira";"12:15:00";"TO";10;459;"PALMAS";"Acessar a via sem observar a presença dos outros veículos";"Colisão transversal";"Com Vítimas Feridas";"Pleno dia";"Decrescente";"Céu Claro";"Dupla";"Retorno Regulamentado;Reta";"Sim";3;0;1;1;1;0;2;2;-10,26558;-48,30801;"SPRF-TO";"DEL01-TO";"UOP03-DEL01-TO"
778815;2026-06-15;"segunda-feira";"07:40:00";"RS";158;326;"SANTA MARIA";"Acumulo de areia ou detritos sobre o pavimento";"Queda de ocupante de veículo";"Com Vítimas Feridas";"Pleno dia";"Crescente";"Céu Claro";"Dupla";"Rotatória";"Sim";1;0;1;0;0;0;1;1;-29,70036862;-53,84080617;"SPRF-RS";"DEL09-RS";"UOP01-DEL09-RS"
778816;2026-04-14;"terça-feira";"22:00:00";"MT";174;465;"COMODORO";"Animais na Pista";"Saída de leito carroçável";"Com Vítimas Feridas";"Plena Noite";"Crescente";"Céu Claro";"Simples";"Aclive;Reta";"Não";1;0;0;1;0;0;1;1;-13,973268;-59,7543;"SPRF-MT";"DEL04-MT";"UOP02-DEL04-MT"
778819;2026-06-15;"segunda-feira";"11:55:00";"BA";101;926,9;"NOVA VICOSA";"Acessar a via sem observar a presença dos outros veículos";"Colisão transversal";"Com Vítimas Feridas";"Pleno dia";"Crescente";"Céu Claro";"Simples";"Aclive;Reta";"Não";2;0;0;1;1;0;1;2;-17,941155;-39,855252;"SPRF-BA";"DEL09-BA";"UOP02-DEL09-BA"
778822;2026-06-15;"segunda-feira";"13:09:00";"RN";406;146,4;"CEARA-MIRIM";"Ausência de reação do condutor";"Tombamento";"Com Vítimas Feridas";"Pleno dia";"Crescente";"Céu Claro";"Simples";"Reta";"Não";1;0;0;1;0;0;1;1;-5,64554;-35,46414;"SPRF-RN";"DEL02-RN";"UOP01-DEL02-RN"
778823;2026-06-15;"segunda-feira";"06:10:00";"MA";316;348;"BACABAL";"Ingestão de álcool pelo condutor";"Colisão frontal";"Com Vítimas Fatais";"Amanhecer";"Decrescente";"Sol";"Simples";"Reta";"Não";3;1;1;1;0;0;2;2;-4,232052;-44,890742;"SPRF-MA";"DEL02-MA";"UOP01-DEL02-MA"
778825;2026-06-15;"segunda-feira";"12:00:00";"RS";153;539,8;"CACAPAVA DO SUL";"Ausência de reação do condutor";"Saída de leito carroçável";"Com Vítimas Fatais";"Pleno dia";"Crescente";"Céu Claro";"Simples";"Curva";"Não";1;1;0;0;0;0;0;1;-30,764517;-53,54581;"SPRF-RS";"DEL09-RS";"UOP02-DEL09-RS"
778827;2026-06-15;"segunda-feira";"12:15:00";"RO";364;11,2;"JI-PARANA";"Ausência de reação do condutor";"Tombamento";"Com Vítimas Feridas";"Pleno dia";"Decrescente";"Sol";"Simples";"Curva";"Não";1;0;1;0;0;0;1;1;-10,8616;-62,0057;"SPRF-RO";"DEL02-RO";"UOP01-DEL02-RO"
778828;2026-06-15;"segunda-feira";"13:00:00";"RJ";101;484;"ANGRA DOS REIS";"Pista Escorregadia";"Colisão traseira";"Com Vítimas Feridas";"Pleno dia";"Crescente";"Chuva";"Simples";"Declive;Reta";"Não";2;0;1;0;1;0;1;2;-22,98635691;-44,29802366;"SPRF-RJ";"DEL03-RJ";"UOP03-DEL03-RJ"
778829;2026-06-15;"segunda-feira";"14:10:00";"PR";277;70;"SAO JOSE DOS PINHAIS";"Ausência de reação do condutor";"Colisão traseira";"Com Vítimas Feridas";"Pleno dia";"Crescente";"Céu Claro";"Dupla";"Em Obras;Reta";"Não";2;0;1;0;1;0;1;2;-25,5111;-49,1287;"SPRF-PR";"DEL01-PR";"UOP01-DEL01-PR"
778830;2026-06-15;"segunda-feira";"13:26:00";"SC";101;151,2;"ITAPEMA";"Ultrapassagem Indevida";"Colisão transversal";"Com Vítimas Feridas";"Pleno dia";"Crescente";"Nublado";"Dupla";"Interseção de Vias;Reta";"Sim";3;0;0;2;1;0;2;2;-27,129694;-48,610211;"SPRF-SC";"DEL04-SC";"UOP03-DEL04-SC"
778835;2026-06-15;"segunda-feira";"14:20:00";"MG";381;491;"BETIM";"Condutor deixou de manter distância do veículo da frente";"Colisão traseira";"Com Vítimas Feridas";"Pleno dia";"Decrescente";"Céu Claro";"Dupla";"Curva";"Sim";3;0;1;0;2;0;1;2;-19,961295;-44,154999;"SPRF-MG";"DEL01-MG";"UOP03-DEL01-MG"
778836;2026-06-15;"segunda-feira";"14:35:00";"MG";381;499;"BETIM";"Ausência de reação do condutor";"Colisão traseira";"Com Vítimas Feridas";"Pleno dia";"Crescente";"Nublado";"Dupla";"Aclive;Reta";"Não";2;0;1;0;1;0;1;2;-19,99549063;-44,20879126;"SPRF-MG";"DEL01-MG";"UOP03-DEL01-MG"
778838;2026-06-15;"segunda-feira";"14:15:00";"SC";101;211,7;"PALHOCA";"Manobra de mudança de faixa";"Colisão lateral mesmo sentido";"Com Vítimas Feridas";"Pleno dia";"Decrescente";"Nublado";"Múltipla";"Viaduto;Reta";"Não";2;0;1;0;1;0;1;2;-27,62837;-48,65674;"SPRF-SC";"DEL01-SC";"UOP02-DEL01-SC"
778839;2026-06-15;"segunda-feira";"14:51:00";"SP";116;340;"MIRACATU";"Chuva";"Saída de leito carroçável";"Com Vítimas Feridas";"Pleno dia";"Decrescente";"Chuva";"Dupla";"Curva;Declive";"Não";1;0;1;0;0;0;1;1;-24,00904945;-47,1607273;"SPRF-SP";"DEL04-SP";"UOP03-DEL04-SP"
778840;2026-06-15;"segunda-feira";"14:25:00";"PR";163;235,8;"TOLEDO";"Velocidade Incompatível";"Saída de leito carroçável";"Sem Vítimas";"Pleno dia";"Crescente";"Céu Claro";"Múltipla";"Aclive;Reta";"Não";1;0;0;0;1;0;0;1;-24,7656826;-53,6897551;"SPRF-PR";"DEL04-PR";"UOP01-DEL04-PR"
778841;2026-06-15;"segunda-feira";"14:30:00";"MA";230;406,8;"BALSAS";"Acessar a via sem observar a presença dos outros veículos";"Colisão transversal";"Com Vítimas Feridas";"Pleno dia";"Crescente";"Céu Claro";"Simples";"Retorno Regulamentado;Reta";"Sim";2;0;1;0;1;0;1;2;-7,5195866;-46,06594205;"SPRF-MA";"DEL05-MA";"UOP01-DEL05-MA"
778844;2026-06-15;"segunda-feira";"15:45:00";"BA";235;352;"JUAZEIRO";"Ausência de reação do condutor";"Queda de ocupante de veículo";"Com Vítimas Feridas";"Pleno dia";"Crescente";"Céu Claro";"Simples";"Reta";"Não";1;0;1;0;0;0;1;1;-9,4266517;-40,5049817;"SPRF-PE";"DEL06-PE";"UOP01-DEL06-PE"
778845;2026-06-15;"segunda-feira";"15:49:00";"SC";101;157;"PORTO BELO";"Reação tardia ou ineficiente do condutor";"Colisão traseira";"Com Vítimas Feridas";"Pleno dia";"Decrescente";"Nublado";"Múltipla";"Reta";"Não";2;0;1;0;1;0;1;2;-27,18573637;-48,61212015;"SPRF-SC";"DEL04-SC";"UOP03-DEL04-SC"
778846;2026-06-08;"segunda-feira";"04:15:00";"PR";277;35;"MORRETES";"Demais falhas mecânicas ou elétricas";"Incêndio";"Sem Vítimas";"Plena Noite";"Crescente";"Céu Claro";"Dupla";"Reta";"Não";1;0;0;0;1;0;0;1;-25,573349;-48,8259809;"SPRF-PR";"DEL01-PR";"UOP05-DEL01-PR"
778847;2026-06-15;"segunda-feira";"16:05:00";"RS";116;260;"CANOAS";"Reação tardia ou ineficiente do condutor";"Tombamento";"Com Vítimas Feridas";"Pleno dia";"Decrescente";"Céu Claro";"Simples";"Curva;Em Obras";"Sim";1;0;1;0;0;0;1;1;-29,8719529;-51,1784026;"SPRF-RS";"DEL01-RS";"UOP01-DEL01-RS"
778848;2026-06-15;"segunda-feira";"14:30:00";"PE";232;36,1;"MORENO";"Transitar no Acostamento";"Colisão traseira";"Com Vítimas Fatais";"Pleno dia";"Decrescente";"Céu Claro";"Dupla";"Reta";"Sim";2;1;0;0;1;0;0;2;-8,1115907;-35,2028564;"SPRF-PE";"DEL02-PE";"UOP02-DEL02PE"
778849;2026-06-15;"segunda-feira";"12:34:00";"AC";364;122;"RIO BRANCO";"Acessar a via sem observar a presença dos outros veículos";"Colisão traseira";"Com Vítimas Feridas";"Pleno dia";"Crescente";"Céu Claro";"Dupla";"Reta";"Sim";3;0;3;0;0;0;3;2;-10,01179625;-67,77981726;"SPRF-AC";"DEL01-AC";"UOP01-DEL01-AC"
778851;2026-06-15;"segunda-feira";"16:30:00";"SP";116;219;"GUARULHOS";"Reação tardia ou ineficiente do condutor";"Colisão lateral mesmo sentido";"Com Vítimas Feridas";"Pleno dia";"Crescente";"Garoa/Chuvisco";"Múltipla";"Reta";"Sim";2;0;1;0;1;0;1;2;-23,466128;-46,502853;"SPRF-SP";"DEL01-SP";"UOP01-DEL01-SP"
778854;2026-06-15;"segunda-feira";"15:00:00";"RS";116;254;"SAPUCAIA DO SUL";"Velocidade Incompatível";"Tombamento";"Com Vítimas Feridas";"Pleno dia";"Crescente";"Céu Claro";"Simples";"Curva;Retorno Regulamentado;Aclive";"Não";1;0;1;0;0;0;1;1;-29,82630604;-51,17132155;"SPRF-RS";"DEL01-RS";"UOP02-DEL01-RS"
778855;2026-06-15;"segunda-feira";"15:55:00";"PR";369;209;"APUCARANA";"Demais falhas mecânicas ou elétricas";"Tombamento";"Com Vítimas Feridas";"Pleno dia";"Decrescente";"Nublado";"Dupla";"Reta";"Sim";2;0;2;0;0;0;2;1;-23,566038;-51,506048;"SPRF-PR";"DEL07-PR";"UOP03-DEL07-PR"
778859;2026-06-15;"segunda-feira";"15:30:00";"PR";153;375;"RIO AZUL";"Ausência de reação do condutor";"Saída de leito carroçável";"Sem Vítimas";"Pleno dia";"Crescente";"Garoa/Chuvisco";"Simples";"Reta";"Não";1;0;0;0;0;1;0;1;-25,772726;-50,846581;"SPRF-PR";"DEL08-PR";"UOP02-DEL08-PR"
778860;2026-06-15;"segunda-feira";"14:15:00";"RO";435;71,4;"COLORADO DO OESTE";"Reação tardia ou ineficiente do condutor";"Capotamento";"Com Vítimas Feridas";"Pleno dia";"Decrescente";"Céu Claro";"Simples";"Aclive;Reta";"Não";1;0;1;0;0;0;1;1;-13,103413;-60,41875;"SPRF-RO";"DEL04-RO";"UOP02-DEL04-RO"
778861;2026-06-15;"segunda-feira";"16:25:00";"PR";277;70;"SAO JOSE DOS PINHAIS";"Ausência de reação do condutor";"Colisão traseira";"Com Vítimas Feridas";"Pleno dia";"Crescente";"Chuva";"Dupla";"Reta;Em Obras";"Sim";2;0;1;0;1;0;1;2;-25,51324;-49,124158;"SPRF-PR";"DEL01-PR";"UOP01-DEL01-PR"
778867;2026-06-15;"segunda-feira";"16:15:00";"MA";230;404;"BALSAS";"Acesso irregular";"Colisão traseira";"Com Vítimas Feridas";"Pleno dia";"Crescente";"Céu Claro";"Múltipla";"Reta";"Sim";2;0;1;0;1;0;1;2;-7,521393;-46,049598;"SPRF-MA";"DEL05-MA";"UOP01-DEL05-MA"
778868;2026-06-12;"sexta-feira";"07:20:00";"RJ";116;174;"SAO JOAO DE MERITI";"Trafegar com motocicleta (ou similar) entre as faixas";"Colisão lateral mesmo sentido";"Com Vítimas Feridas";"Pleno dia";"Decrescente";"Céu Claro";"Dupla";"Reta";"Sim";2;0;0;1;1;0;1;2;-22,79750752;-43,35880995;"SPRF-RJ";"DEL06-RJ";"UOP01-DEL06-RJ"
778872;2026-06-15;"segunda-feira";"07:00:00";"MS";376;142;"IVINHEMA";"Pista esburacada";"Tombamento";"Com Vítimas Feridas";"Pleno dia";"Crescente";"Nublado";"Simples";"Reta";"Não";1;0;1;0;0;0;1;1;-22,38544089;-53,58101109;"SPRF-MS";"DEL04-MS";"UOP04-DEL04-MS"