"id";"data_inversa";"dia_semana";"horario";"uf";"br";"km";"municipio";"causa_acidente";"tipo_acidente";"classificacao_acidente";"fase_dia";"sentido_via";"condicao_metereologica";"tipo_pista";"tracado_via";"uso_solo";"pessoas";"mortos";"feridos_leves";"feridos_graves";"ilesos";"ignorados";"feridos";"veiculos";"latitude";"longitude";"regional";"delegacia";"uop"
778989;2026-06-16;"terça-feira";"08:05:00";"RS";116;250,4;"SAPUCAIA DO SUL";"Manobra de mudança de faixa";"Colisão lateral mesmo sentido";"Com Vítimas Feridas";"Pleno dia";"Crescente";"Céu Claro";"Múltipla";"Reta";"Sim";4;0;1;0;3;0;1;3;-29,794967;-51,164785;"SPRF-RS";"DEL01-RS";"UOP02-DEL01-RS"
778990;2026-06-15;"segunda-feira";"18:45:00";"AC";364;682;"TARAUACA";"Ausência de sinalização";"Colisão frontal";"Com Vítimas Feridas";"Anoitecer";"Decrescente";"Céu Claro";"Simples";"Reta;Aclive";"Não";2;0;0;1;0;1;1;2;-7,811944;-71,9832;"SPRF-AC";"DEL01-AC";"UOP03-DEL01-AC"
778992;2026-06-16;"terça-feira";"09:45:00";"SC";470;136,2;"RIO DO SUL";"Ultrapassagem Indevida";"Colisão lateral mesmo sentido";"Com Vítimas Feridas";"Pleno dia";"Crescente";"Céu Claro";"Simples";"Reta";"Não";2;0;1;0;1;0;1;2;-27,196414;-49,62728;"SPRF-SC";"DEL04-SC";"UOP02-DEL04-SC"
778994;2026-06-16;"terça-feira";"08:30:00";"ES";262;106,1;"VENDA NOVA DO IMIGRANTE";"Acessar a via sem observar a presença dos outros veículos";"Colisão lateral mesmo sentido";"Com Vítimas Feridas";"Pleno dia";"Crescente";"Sol";"Simples";"Reta";"Sim";2;0;1;0;1;0;1;2;-20,326419;-41,144955;"SPRF-ES";"DEL01-ES";"UOP02-DEL01-ES"
778999;2026-04-21;"terça-feira";"14:10:00";"GO";70;57;"COCALZINHO DE GOIAS";"Ausência de reação do condutor";"Colisão transversal";"Com Vítimas Fatais";"Pleno dia";"Crescente";"Céu Claro";"Simples";"Reta";"Não";2;1;0;0;1;0;0;2;-15,753829;-48,67938;"SPRF-DF";"DEL03-DF";"UOP02-DEL03-DF"
779001;2026-03-25;"quarta-feira";"07:05:00";"RJ";116;316;"ITATIAIA";"Ausência de reação do condutor";"Atropelamento de Pedestre";"Com Vítimas Feridas";"Amanhecer";"Decrescente";"Céu Claro";"Simples";"Curva";"Não";2;0;1;0;0;1;1;2;-22,49200687;-44,56325283;"SPRF-RJ";"DEL07-RJ";"UOP02-DEL07-RJ"
779002;2026-06-16;"terça-feira";"07:30:00";"MG";116;526,9;"CARATINGA";"Acessar a via sem observar a presença dos outros veículos";"Tombamento";"Com Vítimas Feridas";"Pleno dia";"Decrescente";"Sol";"Dupla";"Reta";"Sim";2;0;1;0;0;1;1;2;-19,78847505;-42,13585708;"SPRF-MG";"DEL06-MG";"UOP02-DEL06-MG"
779003;2026-06-16;"terça-feira";"10:00:00";"BA";101;905,6;"IBIRAPUA";"Velocidade Incompatível";"Colisão traseira";"Com Vítimas Feridas";"Pleno dia";"Decrescente";"Céu Claro";"Simples";"Declive;Curva";"Não";3;0;2;0;0;1;2;2;-17,769653;-39,776155;"SPRF-BA";"DEL09-BA";"UOP02-DEL09-BA"
779004;2026-06-16;"terça-feira";"10:40:00";"SC";101;148,8;"ITAPEMA";"Manobra de mudança de faixa";"Colisão lateral mesmo sentido";"Com Vítimas Feridas";"Pleno dia";"Decrescente";"Nublado";"Múltipla";"Viaduto;Reta";"Sim";2;0;1;0;1;0;1;2;-27,10554116;-48,61522079;"SPRF-SC";"DEL04-SC";"UOP03-DEL04-SC"
779005;2026-06-16;"terça-feira";"08:25:00";"SP";459;17;"PIQUETE";"Manobra de mudança de faixa";"Saída de leito carroçável";"Com Vítimas Feridas";"Pleno dia";"Crescente";"Céu Claro";"Simples";"Curva";"Não";1;0;1;0;0;0;1;1;-22,62875;-45,16118;"SPRF-SP";"DEL08-SP";"UOP02-DEL08-SP"
779006;2026-06-16;"terça-feira";"10:57:00";"SP";116;228;"SAO PAULO";"Reação tardia ou ineficiente do condutor";"Colisão com objeto";"Com Vítimas Feridas";"Pleno dia";"Decrescente";"Nublado";"Múltipla";"Reta";"Sim";2;0;1;0;1;0;1;2;-23,50619406;-46,56980033;"SPRF-SP";"DEL01-SP";"UOP01-DEL01-SP"
779008;2026-06-13;"sábado";"18:00:00";"RJ";0;0;"RIO BONITO";"Acesso irregular";"Colisão frontal";"Sem Vítimas";"Anoitecer";"Não Informado";"Nublado";"Simples";"Reta";"Sim";3;0;0;0;2;1;0;2;-22,71135213;-42,68476009;"SPRF-RJ";"DEL02-RJ";"UOP03-DEL02-RJ"
779010;2026-06-16;"terça-feira";"08:25:00";"RJ";116;103,3;"GUAPIMIRIM";"Ausência de reação do condutor";"Colisão lateral sentido oposto";"Com Vítimas Feridas";"Pleno dia";"Decrescente";"Chuva";"Múltipla";"Reta";"Sim";4;0;1;0;3;0;1;2;-22,511776;-43,000539;"SPRF-RJ";"DEL04-RJ";"UOP01-DEL04-RJ"
779011;2026-06-16;"terça-feira";"11:20:00";"RJ";101;479;"ANGRA DOS REIS";"Ausência de reação do condutor";"Colisão traseira";"Com Vítimas Feridas";"Pleno dia";"Decrescente";"Chuva";"Simples";"Reta";"Não";9;0;1;1;7;0;2;4;-23,01361993;-44,2863879;"SPRF-RJ";"DEL03-RJ";"UOP03-DEL03-RJ"
779012;2026-06-16;"terça-feira";"11:10:00";"ES";101;397,7;"RIO NOVO DO SUL";"Velocidade Incompatível";"Colisão traseira";"Com Vítimas Feridas";"Pleno dia";"Crescente";"Céu Claro";"Simples";"Reta";"Não";2;0;1;0;1;0;1;2;-20,87594375;-40,95586952;"SPRF-ES";"DEL03-ES";"UOP02-DEL03-ES"
779013;2026-06-16;"terça-feira";"10:30:00";"RO";364;697;"PORTO VELHO";"Manobra de mudança de faixa";"Colisão transversal";"Com Vítimas Feridas";"Pleno dia";"Decrescente";"Céu Claro";"Dupla";"Reta";"Não";2;0;1;0;1;0;1;2;-8,80034239;-63,76175591;"SPRF-RO";"DEL01-RO";"UOP01-DEL01-RO"
779016;2026-05-05;"terça-feira";"20:15:00";"GO";153;280;"NOVA GLORIA";"Reação tardia ou ineficiente do condutor";"Saída de leito carroçável";"Com Vítimas Feridas";"Plena Noite";"Crescente";"Céu Claro";"Simples";"Aclive";"Não";1;0;1;0;0;0;1;1;-15,145991;-49,531811;"SPRF-GO";"DEL07-GO";"UOP02-DEL07-GO"
779017;2026-06-16;"terça-feira";"11:40:00";"BA";101;719;"EUNAPOLIS";"Acessar a via sem observar a presença dos outros veículos";"Colisão transversal";"Com Vítimas Feridas";"Pleno dia";"Decrescente";"Céu Claro";"Simples";"Retorno Regulamentado;Reta";"Não";2;0;1;0;1;0;1;2;-16,38663776;-39,58634464;"SPRF-BA";"DEL09-BA";"UOP01-DEL09-BA"
779019;2026-06-16;"terça-feira";"10:53:00";"RJ";101;478;"ANGRA DOS REIS";"Acessar a via sem observar a presença dos outros veículos";"Colisão transversal";"Sem Vítimas";"Pleno dia";"Decrescente";"Chuva";"Dupla";"Curva;Declive";"Sim";2;0;0;0;2;0;0;2;-22,99933012;-44,26818458;"SPRF-RJ";"DEL03-RJ";"UOP03-DEL03-RJ"
779020;2026-06-16;"terça-feira";"11:00:00";"MA";135;3;"SAO LUIS";"Condutor deixou de manter distância do veículo da frente";"Colisão traseira";"Com Vítimas Feridas";"Pleno dia";"Crescente";"Céu Claro";"Dupla";"Reta";"Sim";4;0;2;1;1;0;3;2;-2,60748;-44,24789;"SPRF-MA";"DEL01-MA";"UOP01-DEL01-MA"
779022;2026-06-16;"terça-feira";"07:30:00";"AM";319;723;"HUMAITA";"Condutor Dormindo";"Capotamento";"Com Vítimas Feridas";"Pleno dia";"Decrescente";"Céu Claro";"Simples";"Reta";"Não";1;0;1;0;0;0;1;1;-7,8717193;-63,260735;"SPRF-AM";"DEL02-AM";"UOP01-DEL02-AM"
779026;2026-06-16;"terça-feira";"11:50:00";"SC";101;201,4;"SAO JOSE";"Ausência de reação do condutor";"Colisão lateral mesmo sentido";"Com Vítimas Feridas";"Pleno dia";"Crescente";"Céu Claro";"Múltipla";"Reta";"Sim";2;0;1;0;1;0;1;2;-27,552041;-48,619784;"SPRF-SC";"DEL01-SC";"UOP01-DEL01-SC"
779028;2026-05-15;"sexta-feira";"10:30:00";"GO";153;496;"GOIANIA";"Reação tardia ou ineficiente do condutor";"Colisão traseira";"Sem Vítimas";"Pleno dia";"Decrescente";"Céu Claro";"Dupla";"Aclive;Viaduto";"Sim";2;0;0;0;2;0;0;2;-16,669121;-49,226797;"SPRF-GO";"DEL01-GO";"UOP01-DEL01-GO"
779030;2026-06-16;"terça-feira";"12:52:00";"TO";153;759;"ALVORADA";"Ausência de reação do condutor";"Queda de ocupante de veículo";"Com Vítimas Feridas";"Pleno dia";"Crescente";"Céu Claro";"Simples";"Aclive";"Não";1;0;0;1;0;0;1;1;-12,4593;-49,1184;"SPRF-TO";"DEL01-TO";"UOP02-DEL01-TO"
779032;2026-06-16;"terça-feira";"11:10:00";"MT";364;201;"RONDONOPOLIS";"Acessar a via sem observar a presença dos outros veículos";"Colisão traseira";"Com Vítimas Feridas";"Pleno dia";"Decrescente";"Céu Claro";"Dupla";"Retorno Regulamentado";"Sim";3;0;1;0;2;0;1;2;-16,48970111;-54,64707971;"SPRF-MT";"DEL02-MT";"UOP01-DEL02-MT"
779035;2026-06-16;"terça-feira";"09:53:00";"RJ";101;329;"RIO DE JANEIRO";"Reação tardia ou ineficiente do condutor";"Colisão traseira";"Com Vítimas Feridas";"Pleno dia";"Decrescente";"Chuva";"Dupla";"Ponte;Reta";"Sim";2;0;1;0;1;0;1;2;-22,869041;-43,17933;"SPRF-RJ";"DEL02-RJ";"UOP01-DEL02-RJ"
779036;2026-06-16;"terça-feira";"10:30:00";"MG";262;400;"PARA DE MINAS";"Restrição de visibilidade em curvas verticais";"Saída de leito carroçável";"Com Vítimas Feridas";"Pleno dia";"Crescente";"Céu Claro";"Dupla";"Aclive;Reta";"Não";2;0;2;0;0;0;2;1;-19,887437;-44,640931;"SPRF-MG";"DEL01-MG";"UOP03-DEL01-MG"
779037;2026-06-16;"terça-feira";"08:10:00";"RS";285;336,9;"CARAZINHO";"Acessar a via sem observar a presença dos outros veículos";"Colisão transversal";"Com Vítimas Feridas";"Pleno dia";"Crescente";"Nevoeiro/Neblina";"Simples";"Declive";"Sim";3;0;1;1;0;1;2;3;-28,31864211;-52,76477746;"SPRF-RS";"DEL08-RS";"UOP03-DEL08-RS"
779038;2026-06-14;"domingo";"23:20:00";"RJ";116;130;"MAGE";"Ausência de reação do condutor";"Tombamento";"Com Vítimas Feridas";"Plena Noite";"Decrescente";"Céu Claro";"Dupla";"Reta";"Não";2;0;2;0;0;0;2;1;-22,66512337;-43,10159683;"SPRF-RJ";"DEL04-RJ";"UOP02-DEL04-RJ"
779043;2026-06-16;"terça-feira";"08:25:00";"RS";285;257;"AGUA SANTA";"Acesso irregular";"Colisão frontal";"Com Vítimas Fatais";"Pleno dia";"Crescente";"Nevoeiro/Neblina";"Simples";"Reta";"Não";3;2;0;0;1;0;0;2;-28,30319475;-52,04790685;"SPRF-RS";"DEL08-RS";"UOP03-DEL08-RS"
779045;2026-06-16;"terça-feira";"12:40:00";"SP";116;224;"GUARULHOS";"Reação tardia ou ineficiente do condutor";"Colisão traseira";"Com Vítimas Feridas";"Pleno dia";"Crescente";"Céu Claro";"Múltipla";"Reta";"Sim";2;0;1;0;1;0;1;2;-23,48245686;-46,53616023;"SPRF-SP";"DEL01-SP";"UOP01-DEL01-SP"
779047;2026-06-16;"terça-feira";"13:15:00";"PB";230;27,4;"JOAO PESSOA";"Condutor Dormindo";"Colisão com objeto";"Sem Vítimas";"Pleno dia";"Crescente";"Céu Claro";"Dupla";"Reta";"Sim";1;0;0;0;1;0;0;1;-7,16565586;-34,88945452;"SPRF-PB";"DEL01-PB";"UOP01-DEL01-PB"
779049;2026-06-16;"terça-feira";"14:20:00";"SP";153;61,4;"SAO JOSE DO RIO PRETO";"Condutor deixou de manter distância do veículo da frente";"Queda de ocupante de veículo";"Com Vítimas Feridas";"Pleno dia";"Crescente";"Céu Claro";"Dupla";"Declive";"Sim";1;0;1;0;0;0;1;1;-20,80626056;-49,35531199;"SPRF-SP";"DEL09-SP";"UOP01-DEL09-SP"
779050;2026-06-10;"quarta-feira";"12:20:00";"RS";386;33,9;"FREDERICO WESTPHALEN";"Acessar a via sem observar a presença dos outros veículos";"Colisão transversal";"Com Vítimas Feridas";"Pleno dia";"Crescente";"Garoa/Chuvisco";"Simples";"Interseção de Vias";"Não";2;0;0;1;1;0;1;2;-27,35909491;-53,38862932;"SPRF-RS";"DEL08-RS";"UOP02-DEL08-RS"
779052;2026-06-16;"terça-feira";"12:36:00";"MS";163;168,5;"JUTI";"Ausência de reação do condutor";"Saída de leito carroçável";"Sem Vítimas";"Pleno dia";"Crescente";"Céu Claro";"Simples";"Reta";"Não";1;0;0;0;0;1;0;1;-22,887096;-54,585053;"SPRF-MS";"DEL09-MS";"UOP01-DEL09-MS"
779053;2026-06-16;"terça-feira";"13:55:00";"PR";277;652;"MATELANDIA";"Acessar a via sem observar a presença dos outros veículos";"Colisão transversal";"Sem Vítimas";"Pleno dia";"Decrescente";"Céu Claro";"Simples";"Interseção de Vias;Reta";"Sim";4;0;0;0;4;0;0;2;-25,19687848;-53,94292323;"SPRF-PR";"DEL05-PR";"UOP02-DEL05-PR"
779054;2026-06-16;"terça-feira";"14:15:00";"ES";262;115;"CONCEICAO DO CASTELO";"Reação tardia ou ineficiente do condutor";"Queda de ocupante de veículo";"Com Vítimas Fatais";"Pleno dia";"Crescente";"Nublado";"Simples";"Aclive;Reta";"Não";1;1;0;0;0;0;0;1;-20,315113;-41,232407;"SPRF-ES";"DEL01-ES";"UOP02-DEL01-ES"
779056;2026-06-16;"terça-feira";"14:05:00";"GO";153;500;"GOIANIA";"Reação tardia ou ineficiente do condutor";"Colisão traseira";"Com Vítimas Feridas";"Pleno dia";"Crescente";"Céu Claro";"Dupla";"Aclive";"Sim";2;0;0;1;1;0;1;2;-16,699478;-49,231221;"SPRF-GO";"DEL01-GO";"UOP01-DEL01-GO"
779057;2026-01-14;"quarta-feira";"16:20:00";"SC";101;3,5;"ARARANGUA";"Ausência de reação do condutor";"Colisão traseira";"Com Vítimas Feridas";"Pleno dia";"Decrescente";"Nublado";"Simples";"Reta";"Sim";3;0;0;1;2;0;1;2;-28,946934;-49,50496;"SPRF-SC";"DEL02-SC";"UOP02-DEL02-SC"
779058;2026-06-16;"terça-feira";"14:40:00";"AL";101;73,9;"MESSIAS";"Transitar na contramão";"Colisão frontal";"Com Vítimas Fatais";"Pleno dia";"Crescente";"Céu Claro";"Dupla";"Curva";"Sim";2;1;0;0;0;1;0;2;-9,394566;-35,838791;"SPRF-AL";"DEL01-AL";"UOP01-DEL01-AL"
779059;2026-05-21;"quinta-feira";"09:30:00";"GO";20;18,1;"FORMOSA";"Acessar a via sem observar a presença dos outros veículos";"Colisão transversal";"Com Vítimas Feridas";"Pleno dia";"Decrescente";"Céu Claro";"Simples";"Reta;Interseção de Vias";"Não";5;0;3;0;2;0;3;2;-15,557133;-47,198097;"SPRF-DF";"DEL02-DF";"UOP02-DEL02-DF"
779060;2026-06-16;"terça-feira";"12:00:00";"CE";116;497;"BREJO SANTO";"Reação tardia ou ineficiente do condutor";"Saída de leito carroçável";"Com Vítimas Feridas";"Pleno dia";"Decrescente";"Céu Claro";"Simples";"Curva";"Não";2;0;2;0;0;0;2;1;-7,451772;-38,97294;"SPRF-CE";"DEL05-CE";"UOP03-DEL05-CE"
779062;2026-06-16;"terça-feira";"14:53:00";"BA";110;1;"PAULO AFONSO";"Acessar a via sem observar a presença dos outros veículos";"Colisão lateral mesmo sentido";"Com Vítimas Feridas";"Pleno dia";"Decrescente";"Céu Claro";"Simples";"Interseção de Vias;Reta";"Sim";2;0;0;1;1;0;1;2;-9,428359;-38,200824;"SPRF-BA";"DEL07-BA";"UOP01-DEL07-BA"
779063;2026-04-29;"quarta-feira";"14:20:00";"SC";0;0;"MAFRA";"Chuva";"Colisão com objeto";"Sem Vítimas";"Pleno dia";"Não Informado";"Chuva";"Simples";"Reta";"Sim";2;0;0;0;2;0;0;1;-26,11596666;-49,79254961;"SPRF-SC";"DEL06-SC";"UOP01-DEL06-SC"
779065;2026-06-16;"terça-feira";"15:55:00";"DF";20;15;"BRASILIA";"Velocidade Incompatível";"Saída de leito carroçável";"Sem Vítimas";"Pleno dia";"Crescente";"Céu Claro";"Dupla";"Reta;Retorno Regulamentado;Em Obras;Declive";"Sim";1;0;0;0;1;0;0;1;-15,6264117;-47,7263167;"SPRF-DF";"DEL02-DF";"UOP01-DEL02-DF"
779067;2026-06-16;"terça-feira";"15:10:00";"MG";381;858,1;"POUSO ALEGRE";"Ausência de reação do condutor";"Colisão traseira";"Com Vítimas Feridas";"Pleno dia";"Crescente";"Céu Claro";"Dupla";"Reta";"Não";3;0;1;0;1;1;1;3;-22,39677603;-45,95900306;"SPRF-MG";"DEL16-MG";"UOP01-DEL16-MG"
779070;2026-06-16;"terça-feira";"08:25:00";"PR";476;352;"UNIAO DA VITORIA";"Condutor deixou de manter distância do veículo da frente";"Colisão traseira";"Com Vítimas Feridas";"Pleno dia";"Crescente";"Sol";"Simples";"Reta";"Não";2;0;1;0;1;0;1;2;-26,198286;-51,001781;"SPRF-PR";"DEL02-PR";"UOP03-DEL02-PR"
779071;2026-06-16;"terça-feira";"15:50:00";"BA";101;880,7;"TEIXEIRA DE FREITAS";"Frear bruscamente";"Queda de ocupante de veículo";"Com Vítimas Feridas";"Pleno dia";"Crescente";"Céu Claro";"Simples";"Reta";"Não";1;0;1;0;0;0;1;1;-17,567927;-39,731193;"SPRF-BA";"DEL09-BA";"UOP02-DEL09-BA"
779072;2026-06-16;"terça-feira";"15:00:00";"SP";153;182;"LINS";"Desrespeitar a preferência no cruzamento";"Colisão transversal";"Sem Vítimas";"Pleno dia";"Decrescente";"Céu Claro";"Simples";"Interseção de Vias";"Não";3;0;0;0;3;0;0;2;-21,70522795;-49,79998318;"SPRF-SP";"DEL07-SP";"UOP01-DEL07-SP"
779073;2026-06-16;"terça-feira";"14:58:00";"PR";153;335,9;"IRATI";"Ultrapassagem Indevida";"Colisão lateral mesmo sentido";"Com Vítimas Feridas";"Pleno dia";"Decrescente";"Céu Claro";"Simples";"Reta";"Não";2;0;1;0;1;0;1;2;-25,50340429;-50,65006256;"SPRF-PR";"DEL08-PR";"UOP02-DEL08-PR"
779074;2026-06-16;"terça-feira";"16:07:00";"SP";116;196;"SANTA ISABEL";"Acessar a via sem observar a presença dos outros veículos";"Colisão transversal";"Com Vítimas Feridas";"Pleno dia";"Decrescente";"Céu Claro";"Simples";"Reta;Retorno Regulamentado;Declive";"Sim";3;0;2;0;1;0;2;2;-23,35244696;-46,19891473;"SPRF-SP";"DEL01-SP";"UOP01-DEL01-SP"
779075;2026-06-16;"terça-feira";"16:05:00";"RJ";101;482;"ANGRA DOS REIS";"Ultrapassagem Indevida";"Colisão lateral mesmo sentido";"Com Vítimas Feridas";"Pleno dia";"Crescente";"Chuva";"Múltipla";"Interseção de Vias;Reta";"Não";2;0;1;0;1;0;1;2;-23,004635;-44,297901;"SPRF-RJ";"DEL03-RJ";"UOP03-DEL03-RJ"
779076;2026-06-16;"terça-feira";"08:00:00";"MG";381;494;"BETIM";"Ausência de reação do condutor";"Colisão com objeto";"Sem Vítimas";"Amanhecer";"Decrescente";"Céu Claro";"Simples";"Retorno Regulamentado";"Sim";1;0;0;0;0;1;0;1;-19,96636485;-44,17728133;"SPRF-MG";"DEL01-MG";"UOP03-DEL01-MG"
779080;2026-06-16;"terça-feira";"11:12:00";"AC";0;0;"RIO BRANCO";"Demais falhas na via";"Colisão com objeto";"Sem Vítimas";"Pleno dia";"Não Informado";"Nublado";"Dupla";"Reta";"Sim";3;0;0;0;3;0;0;1;-10,012326;-67,7837284;"SPRF-AC";"DEL01-AC";"UOP01-DEL01-AC"
779081;2026-06-16;"terça-feira";"16:39:00";"SC";280;128;"RIO NEGRINHO";"Acesso irregular";"Colisão transversal";"Com Vítimas Feridas";"Pleno dia";"Crescente";"Céu Claro";"Simples";"Reta";"Sim";3;0;1;0;2;0;1;2;-26,2430347;-49,5131747;"SPRF-SC";"DEL06-SC";"UOP03-DEL06-SC"
779082;2026-06-16;"terça-feira";"17:20:00";"MG";40;785;"JUIZ DE FORA";"Acessar a via sem observar a presença dos outros veículos";"Colisão lateral mesmo sentido";"Com Vítimas Feridas";"Pleno dia";"Decrescente";"Céu Claro";"Dupla";"Interseção de Vias;Curva";"Não";2;0;1;0;1;0;1;2;-21,73053255;-43,43665765;"SPRF-MG";"DEL05-MG";"UOP01-DEL05-MG"
779083;2026-06-16;"terça-feira";"16:20:00";"SP";381;59;"MAIRIPORA";"Demais falhas mecânicas ou elétricas";"Incêndio";"Sem Vítimas";"Pleno dia";"Decrescente";"Céu Claro";"Dupla";"Aclive;Curva";"Sim";1;0;0;0;1;0;0;1;-23,28486722;-46,58962226;"SPRF-SP";"DEL03-SP";"UOP01-DEL03-SP"
779084;2026-06-16;"terça-feira";"08:19:00";"SP";116;226;"GUARULHOS";"Reação tardia ou ineficiente do condutor";"Queda de ocupante de veículo";"Com Vítimas Feridas";"Pleno dia";"Crescente";"Ignorado";"Múltipla";"Reta";"Sim";2;0;2;0;0;0;2;1;-23,49389884;-46,55351099;"SPRF-SP";"DEL01-SP";"UOP01-DEL01-SP"
779085;2026-06-16;"terça-feira";"15:20:00";"PE";428;34,5;"OROCO";"Acessar a via sem observar a presença dos outros veículos";"Colisão traseira";"Com Vítimas Fatais";"Pleno dia";"Crescente";"Céu Claro";"Simples";"Reta";"Não";3;1;2;0;0;0;2;2;-8,53392;-39,514893;"SPRF-PE";"DEL05-PE";"UOP03-DEL05-PE"
779086;2026-06-16;"terça-feira";"17:10:00";"SC";101;200,3;"SAO JOSE";"Reação tardia ou ineficiente do condutor";"Queda de ocupante de veículo";"Com Vítimas Feridas";"Anoitecer";"Decrescente";"Céu Claro";"Múltipla";"Reta";"Sim";1;0;1;0;0;0;1;1;-27,54223785;-48,62100363;"SPRF-SC";"DEL01-SC";"UOP01-DEL01-SC"
779087;2026-06-16;"terça-feira";"16:10:00";"MT";174;1;"PONTES E LACERDA";"Ultrapassagem Indevida";"Colisão transversal";"Com Vítimas Feridas";"Pleno dia";"Crescente";"Céu Claro";"Simples";"Reta";"Sim";2;0;1;0;1;0;1;2;-15,24791998;-59,32179272;"SPRF-MT";"DEL04-MT";"UOP01-DEL04-MT"
779090;2026-06-16;"terça-feira";"17:30:00";"MG";40;546;"NOVA LIMA";"Ausência de reação do condutor";"Colisão traseira";"Com Vítimas Feridas";"Plena Noite";"Decrescente";"Céu Claro";"Dupla";"Declive;Reta";"Sim";3;0;2;0;1;0;2;2;-20,03084457;-43,96975279;"SPRF-MG";"DEL01-MG";"UOP02-DEL01-MG"
779091;2026-06-16;"terça-feira";"13:00:00";"RJ";101;312;"SAO GONCALO";"Trafegar com motocicleta (ou similar) entre as faixas";"Colisão lateral mesmo sentido";"Sem Vítimas";"Pleno dia";"Crescente";"Céu Claro";"Dupla";"Reta";"Não";2;0;0;0;2;0;0;2;-22,81287495;-43,07365291;"SPRF-RJ";"DEL02-RJ";"UOP02-DEL02-RJ"
779095;2026-06-16;"terça-feira";"17:10:00";"PA";230;128;"MARABA";"Acessar a via sem observar a presença dos outros veículos";"Colisão transversal";"Com Vítimas Feridas";"Pleno dia";"Crescente";"Chuva";"Simples";"Reta";"Sim";2;0;2;0;0;0;2;2;-5,37187;-49,17587;"SPRF-PA";"DEL03-PA";"UOP01-DEL03-PA"
779096;2026-06-16;"terça-feira";"17:38:00";"PE";101;70,7;"RECIFE";"Pedestre cruzava a pista fora da faixa";"Atropelamento de Pedestre";"Com Vítimas Feridas";"Plena Noite";"Crescente";"Céu Claro";"Dupla";"Reta";"Sim";2;0;0;2;0;0;2;2;-8,074395;-34,94288;"SPRF-PE";"DEL01-PE";"UOP01-DEL01-PE"
779097;2026-06-16;"terça-feira";"15:50:00";"MG";116;413,7;"GOVERNADOR VALADARES";"Condutor deixou de manter distância do veículo da frente";"Engavetamento";"Com Vítimas Feridas";"Pleno dia";"Crescente";"Céu Claro";"Simples";"Reta;Em Obras;Ponte";"Sim";5;0;2;0;3;0;2;4;-18,883125;-41,953976;"SPRF-MG";"DEL06-MG";"UOP01-DEL06-MG"
779098;2026-06-16;"terça-feira";"18:00:00";"ES";101;212,1;"IBIRACU";"Acessar a via sem observar a presença dos outros veículos";"Colisão transversal";"Com Vítimas Feridas";"Plena Noite";"Decrescente";"Céu Claro";"Simples";"Reta";"Sim";3;0;1;1;1;0;2;2;-19,81548775;-40,36664335;"SPRF-ES";"DEL02-ES";"UOP01-DEL02-ES"
779099;2026-06-16;"terça-feira";"17:40:00";"RS";153;29,5;"TRES ARROIOS";"Animais na Pista";"Atropelamento de Animal";"Com Vítimas Feridas";"Anoitecer";"Decrescente";"Céu Claro";"Simples";"Declive;Reta";"Não";1;0;1;0;0;0;1;1;-27,52593147;-52,15379477;"SPRF-RS";"DEL08-RS";"UOP04-DEL08-RS"
779101;2026-06-16;"terça-feira";"17:40:00";"GO";153;508,6;"APARECIDA DE GOIANIA";"Ausência de reação do condutor";"Tombamento";"Com Vítimas Feridas";"Anoitecer";"Decrescente";"Céu Claro";"Dupla";"Curva";"Não";1;0;1;0;0;0;1;1;-16,776628;-49,236812;"SPRF-GO";"DEL01-GO";"UOP03-DEL01-GO"
779103;2026-06-16;"terça-feira";"16:15:00";"SC";101;215;"PALHOCA";"Reação tardia ou ineficiente do condutor";"Colisão lateral mesmo sentido";"Com Vítimas Feridas";"Pleno dia";"Crescente";"Céu Claro";"Múltipla";"Declive;Curva";"Sim";4;0;1;0;1;2;1;3;-27,65473397;-48,67816536;"SPRF-SC";"DEL01-SC";"UOP02-DEL01-SC"
779104;2026-06-16;"terça-feira";"17:00:00";"SC";282;241,7;"SAO JOSE DO CERRITO";"Demais Fenômenos da natureza";"Colisão traseira";"Com Vítimas Feridas";"Anoitecer";"Crescente";"Céu Claro";"Simples";"Aclive";"Não";4;0;1;0;3;0;1;2;-27,748617;-50,502328;"SPRF-SC";"DEL05-SC";"UOP02-DEL05-SC"
779106;2026-06-11;"quinta-feira";"20:49:00";"MS";163;227;"CAARAPO";"Chuva";"Saída de leito carroçável";"Com Vítimas Feridas";"Plena Noite";"Crescente";"Chuva";"Simples";"Declive;Reta";"Não";1;0;1;0;0;0;1;1;-22,48259641;-54,86647954;"SPRF-MS";"DEL04-MS";"UOP02-DEL04-MS"
779107;2026-06-16;"terça-feira";"18:00:00";"RJ";101;99,5;"CAMPOS DOS GOYTACAZES";"Reação tardia ou ineficiente do condutor";"Tombamento";"Com Vítimas Feridas";"Anoitecer";"Decrescente";"Garoa/Chuvisco";"Dupla";"Curva";"Não";1;0;1;0;0;0;1;1;-21,879335;-41,586453;"SPRF-RJ";"DEL08-RJ";"UOP02-DEL08-RJ"