"id";"data_inversa";"dia_semana";"horario";"uf";"br";"km";"municipio";"causa_acidente";"tipo_acidente";"classificacao_acidente";"fase_dia";"sentido_via";"condicao_metereologica";"tipo_pista";"tracado_via";"uso_solo";"pessoas";"mortos";"feridos_leves";"feridos_graves";"ilesos";"ignorados";"feridos";"veiculos";"latitude";"longitude";"regional";"delegacia";"uop"
779233;2026-06-17;"quarta-feira";"09:10:00";"PA";230;120;"MARABA";"Acessar a via sem observar a presença dos outros veículos";"Colisão transversal";"Com Vítimas Feridas";"Pleno dia";"Crescente";"Céu Claro";"Dupla";"Reta";"Sim";2;0;1;0;1;0;1;2;-5,36150078;-49,12411094;"SPRF-PA";"DEL03-PA";"UOP01-DEL03-PA"
779234;2026-06-17;"quarta-feira";"11:30:00";"PB";230;176,4;"POCINHOS";"Ausência de reação do condutor";"Colisão traseira";"Com Vítimas Feridas";"Pleno dia";"Crescente";"Céu Claro";"Simples";"Reta";"Não";2;0;2;0;0;0;2;2;-7,171927;-36,035304;"SPRF-PB";"DEL02-PB";"UOP02-DEL02-PB"
779235;2026-06-17;"quarta-feira";"10:40:00";"PE";423;22;"SAO CAITANO";"Ausência de reação do condutor";"Tombamento";"Com Vítimas Feridas";"Pleno dia";"Decrescente";"Céu Claro";"Simples";"Reta";"Não";1;0;0;1;0;0;1;1;-8,35237;-36,171237;"SPRF-PE";"DEL03-PE";"UOP02-DEL03-PE"
779237;2026-06-12;"sexta-feira";"00:30:00";"MT";158;646;"NOVA XAVANTINA";"Acesso irregular";"Colisão traseira";"Com Vítimas Fatais";"Plena Noite";"Crescente";"Ignorado";"Simples";"Reta";"Não";3;2;1;0;0;0;1;2;-14,61736574;-52,35768691;"SPRF-MT";"DEL07-MT";"UOP02-DEL07-MT"
779238;2026-06-17;"quarta-feira";"10:00:00";"MT";364;7,5;"ALTO ARAGUAIA";"Acesso irregular";"Colisão frontal";"Com Vítimas Fatais";"Pleno dia";"Decrescente";"Céu Claro";"Simples";"Reta";"Sim";4;1;2;1;0;0;3;3;-17,2785403;-53,26174021;"SPRF-MT";"DEL02-MT";"UOP02-DEL02-MT"
779239;2026-06-17;"quarta-feira";"11:10:00";"RJ";356;39;"ITAPERUNA";"Acesso irregular";"Colisão transversal";"Com Vítimas Feridas";"Pleno dia";"Decrescente";"Céu Claro";"Simples";"Curva";"Não";2;0;0;1;1;0;1;2;-21,20756329;-41,84413282;"SPRF-RJ";"DEL08-RJ";"UOP03-DEL08-RJ"
779240;2026-06-17;"quarta-feira";"12:10:00";"PB";230;6,9;"CABEDELO";"Reação tardia ou ineficiente do condutor";"Colisão traseira";"Com Vítimas Feridas";"Pleno dia";"Decrescente";"Céu Claro";"Dupla";"Reta";"Sim";2;0;2;0;0;0;2;2;-7,027505;-34,838955;"SPRF-PB";"DEL01-PB";"UOP01-DEL01-PB"
779241;2026-06-17;"quarta-feira";"06:30:00";"MG";365;527;"MONTE CARMELO";"Neblina";"Colisão transversal";"Com Vítimas Feridas";"Amanhecer";"Crescente";"Nevoeiro/Neblina";"Simples";"Reta";"Não";2;0;0;1;1;0;1;2;-18,91313571;-47,45731249;"SPRF-MG";"DEL10-MG";"UOP01-DEL10-MG"
779242;2026-04-19;"domingo";"08:15:00";"PR";277;724;"FOZ DO IGUACU";"Ingestão de álcool pelo condutor";"Colisão frontal";"Com Vítimas Feridas";"Pleno dia";"Crescente";"Céu Claro";"Dupla";"Interseção de Vias;Reta;Retorno Regulamentado";"Sim";4;0;3;0;1;0;3;2;-25,498861;-54,530079;"SPRF-PR";"DEL05-PR";"UOP03-DEL05-PR"
779243;2026-06-17;"quarta-feira";"12:30:00";"MG";381;869,4;"POUSO ALEGRE";"Ultrapassagem Indevida";"Colisão lateral mesmo sentido";"Com Vítimas Feridas";"Pleno dia";"Decrescente";"Céu Claro";"Dupla";"Reta";"Não";2;0;1;0;0;1;1;2;-22,3840743;-45,9494245;"SPRF-MG";"DEL16-MG";"UOP01-DEL16-MG"
779245;2026-06-17;"quarta-feira";"10:30:00";"RJ";101;521;"ANGRA DOS REIS";"Pista Escorregadia";"Saída de leito carroçável";"Com Vítimas Feridas";"Pleno dia";"Decrescente";"Chuva";"Dupla";"Retorno Regulamentado;Reta";"Não";1;0;1;0;0;0;1;1;-23,00328;-44,459741;"SPRF-RJ";"DEL03-RJ";"UOP03-DEL03-RJ"
779246;2026-05-03;"domingo";"19:00:00";"BA";101;253;"CONCEICAO DO ALMEIDA";"Transitar na contramão";"Colisão frontal";"Com Vítimas Feridas";"Plena Noite";"Decrescente";"Nublado";"Simples";"Aclive;Reta";"Não";3;0;0;1;2;0;1;2;-12,913955;-39,242818;"SPRF-BA";"DEL11-BA";"UOP01-DEL11-BA"
779247;2026-06-01;"segunda-feira";"15:20:00";"GO";20;32;"FORMOSA";"Demais falhas na via";"Eventos atípicos";"Com Vítimas Feridas";"Pleno dia";"Crescente";"Céu Claro";"Dupla";"Retorno Regulamentado";"Sim";2;0;1;1;0;0;2;1;-15,489233;-47,104005;"SPRF-DF";"DEL02-DF";"UOP02-DEL02-DF"
779248;2026-06-17;"quarta-feira";"08:40:00";"MT";70;190;"GENERAL CARNEIRO";"Reação tardia ou ineficiente do condutor";"Saída de leito carroçável";"Com Vítimas Feridas";"Pleno dia";"Crescente";"Nevoeiro/Neblina";"Simples";"Reta";"Não";3;0;2;0;1;0;2;1;-15,715618;-53,627882;"SPRF-MT";"DEL05-MT";"UOP01-DEL05-MT"
779249;2026-06-17;"quarta-feira";"12:30:00";"RS";285;525;"SAO LUIZ GONZAGA";"Ingestão de álcool pelo condutor";"Saída de leito carroçável";"Com Vítimas Feridas";"Pleno dia";"Crescente";"Céu Claro";"Simples";"Reta";"Não";1;0;0;1;0;0;1;1;-28,409494;-54,585571;"SPRF-RS";"DEL10-RS";"UOP01-DEL10-RS"
779250;2026-06-17;"quarta-feira";"13:03:00";"PE";428;185,5;"PETROLINA";"Acessar a via sem observar a presença dos outros veículos";"Colisão lateral mesmo sentido";"Com Vítimas Feridas";"Pleno dia";"Crescente";"Céu Claro";"Múltipla";"Retorno Regulamentado";"Sim";3;0;1;0;1;1;1;3;-9,3570752;-40,47885625;"SPRF-PE";"DEL06-PE";"UOP01-DEL06-PE"
779251;2026-06-17;"quarta-feira";"13:20:00";"MG";40;446;"PARAOPEBA";"Mal súbito do condutor";"Queda de ocupante de veículo";"Com Vítimas Feridas";"Pleno dia";"Crescente";"Céu Claro";"Dupla";"Declive;Retorno Regulamentado";"Sim";1;0;0;1;0;0;1;1;-19,2888898;-44,390833;"SPRF-MG";"DEL02-MG";"UOP01-DEL02-MG"
779252;2026-06-17;"quarta-feira";"11:29:00";"RO";364;710;"PORTO VELHO";"Acessar a via sem observar a presença dos outros veículos";"Colisão lateral mesmo sentido";"Com Vítimas Feridas";"Pleno dia";"Decrescente";"Céu Claro";"Múltipla";"Reta";"Sim";2;0;1;0;0;1;1;2;-8,78318;-63,86285;"SPRF-RO";"DEL01-RO";"UOP01-DEL01-RO"
779254;2026-06-17;"quarta-feira";"10:20:00";"SC";163;67,6;"SAO MIGUEL DO OESTE";"Condutor deixou de manter distância do veículo da frente";"Tombamento";"Com Vítimas Feridas";"Pleno dia";"Decrescente";"Céu Claro";"Dupla";"Declive;Reta";"Sim";2;0;1;0;1;0;1;1;-26,7551734;-53,5006586;"SPRF-SC";"DEL07-SC";"UOP03-DEL07-SC"
779255;2026-06-17;"quarta-feira";"11:28:00";"SP";153;174;"GUAICARA";"Acessar a via sem observar a presença dos outros veículos";"Colisão transversal";"Com Vítimas Feridas";"Pleno dia";"Decrescente";"Céu Claro";"Simples";"Rotatória";"Sim";6;0;1;0;5;0;1;2;-21,63294;-49,78775;"SPRF-SP";"DEL07-SP";"UOP01-DEL07-SP"
779256;2026-06-17;"quarta-feira";"09:50:00";"PR";369;106;"URAI";"Avarias e/ou desgaste excessivo no pneu";"Saída de leito carroçável";"Com Vítimas Feridas";"Pleno dia";"Decrescente";"Céu Claro";"Dupla";"Reta";"Não";2;0;1;0;1;0;1;1;-23,258348;-50,770018;"SPRF-PR";"DEL07-PR";"UOP05-DEL07-PR"
779259;2026-05-12;"terça-feira";"10:24:00";"RN";101;94,1;"NATAL";"Condutor deixou de manter distância do veículo da frente";"Colisão traseira";"Com Vítimas Feridas";"Pleno dia";"Decrescente";"Céu Claro";"Dupla";"Reta";"Sim";2;0;1;0;1;0;1;2;-5,830273;-35,211268;"SPRF-RN";"DEL01-RN";"UOP01-DEL01-RN"
779261;2026-06-17;"quarta-feira";"12:45:00";"GO";153;493,4;"GOIANIA";"Manobra de mudança de faixa";"Colisão lateral mesmo sentido";"Com Vítimas Feridas";"Pleno dia";"Crescente";"Sol";"Múltipla";"Reta;Interseção de Vias;Aclive";"Sim";2;0;1;0;1;0;1;2;-16,64864707;-49,21318614;"SPRF-GO";"DEL01-GO";"UOP01-DEL01-GO"
779262;2026-06-17;"quarta-feira";"13:05:00";"TO";10;478;"APARECIDA DO RIO NEGRO";"Ausência de reação do condutor";"Saída de leito carroçável";"Com Vítimas Feridas";"Pleno dia";"Crescente";"Céu Claro";"Simples";"Reta";"Não";3;0;2;0;1;0;2;1;-10;-48;"SPRF-TO";"DEL01-TO";"UOP03-DEL01-TO"
779263;2026-06-17;"quarta-feira";"11:40:00";"AC";364;138;"RIO BRANCO";"Manobra de mudança de faixa";"Colisão lateral mesmo sentido";"Com Vítimas Feridas";"Pleno dia";"Decrescente";"Nublado";"Dupla";"Rotatória";"Sim";4;0;2;0;2;0;2;2;-9,960605;-67,856907;"SPRF-AC";"DEL01-AC";"UOP01-DEL01-AC"
779266;2026-06-17;"quarta-feira";"14:20:00";"RS";116;266;"CANOAS";"Entrada inopinada do pedestre";"Engavetamento";"Sem Vítimas";"Pleno dia";"Crescente";"Céu Claro";"Dupla";"Reta";"Sim";7;0;0;0;7;0;0;6;-29,9320995;-51,1772077;"SPRF-RS";"DEL01-RS";"UOP01-DEL01-RS"
779267;2026-06-17;"quarta-feira";"13:30:00";"PR";153;334;"IRATI";"Acessar a via sem observar a presença dos outros veículos";"Colisão transversal";"Com Vítimas Feridas";"Pleno dia";"Decrescente";"Céu Claro";"Simples";"Reta";"Sim";5;0;1;0;4;0;1;2;-25,49646;-50,647513;"SPRF-PR";"DEL08-PR";"UOP02-DEL08-PR"
779269;2026-06-17;"quarta-feira";"13:40:00";"RN";101;94,4;"NATAL";"Condutor deixou de manter distância do veículo da frente";"Colisão traseira";"Com Vítimas Feridas";"Pleno dia";"Decrescente";"Chuva";"Dupla";"Reta;Viaduto";"Sim";3;0;1;0;2;0;1;3;-5,835202;-35,212015;"SPRF-RN";"DEL01-RN";"UOP01-DEL01-RN"
779271;2026-06-17;"quarta-feira";"14:00:00";"PB";230;22;"JOAO PESSOA";"Reação tardia ou ineficiente do condutor";"Tombamento";"Com Vítimas Feridas";"Pleno dia";"Crescente";"Céu Claro";"Dupla";"Reta";"Sim";1;0;1;0;0;0;1;1;-7,152258;-34,854165;"SPRF-PB";"DEL01-PB";"UOP01-DEL01-PB"
779272;2026-06-11;"quinta-feira";"08:40:00";"RJ";116;173;"SAO JOAO DE MERITI";"Manobra de mudança de faixa";"Colisão traseira";"Com Vítimas Feridas";"Pleno dia";"Decrescente";"Garoa/Chuvisco";"Dupla";"Reta";"Sim";2;0;1;0;1;0;1;2;-22,79814976;-43,35786271;"SPRF-RJ";"DEL06-RJ";"UOP01-DEL06-RJ"
779274;2026-06-17;"quarta-feira";"14:15:00";"RS";471;174;"RIO PARDO";"Acessar a via sem observar a presença dos outros veículos";"Colisão transversal";"Com Vítimas Feridas";"Pleno dia";"Crescente";"Sol";"Simples";"Rotatória";"Sim";2;0;1;0;1;0;1;2;-29,98170666;-52,36974327;"SPRF-RS";"DEL02-RS";"UOP03-DEL02-RS"
779275;2026-06-17;"quarta-feira";"11:00:00";"RJ";101;311;"SAO GONCALO";"Condutor deixou de manter distância do veículo da frente";"Colisão traseira";"Com Vítimas Feridas";"Pleno dia";"Decrescente";"Chuva";"Dupla";"Reta";"Sim";2;0;1;0;1;0;1;2;-22,80200679;-43,05530962;"SPRF-RJ";"DEL02-RJ";"UOP02-DEL02-RJ"
779276;2026-05-13;"quarta-feira";"14:40:00";"AM";174;886;"MANAUS";"Acessar a via sem observar a presença dos outros veículos";"Colisão transversal";"Com Vítimas Feridas";"Pleno dia";"Crescente";"Céu Claro";"Simples";"Interseção de Vias;Curva";"Não";5;0;2;1;2;0;3;2;-2,957975;-60,033057;"SPRF-AM";"DEL01-AM";"UOP01-DEL01-AM"
779277;2026-06-16;"terça-feira";"08:00:00";"RJ";116;182;"NOVA IGUACU";"Ausência de reação do condutor";"Colisão lateral mesmo sentido";"Com Vítimas Feridas";"Pleno dia";"Crescente";"Céu Claro";"Dupla";"Reta";"Sim";3;0;1;0;2;0;1;2;-22,73724007;-43,48594666;"SPRF-RJ";"DEL06-RJ";"UOP01-DEL06-RJ"
779278;2026-06-07;"domingo";"23:30:00";"MG";365;624;"UBERLANDIA";"Animais na Pista";"Colisão com objeto";"Com Vítimas Feridas";"Plena Noite";"Crescente";"Nublado";"Dupla";"Reta";"Não";2;0;1;0;1;0;1;1;-18,90917719;-48,29901123;"SPRF-MG";"DEL15-MG";"UOP01-DEL15-MG"
779281;2026-06-17;"quarta-feira";"15:20:00";"RS";290;418,2;"SAO GABRIEL";"Acessar a via sem observar a presença dos outros veículos";"Colisão transversal";"Com Vítimas Feridas";"Pleno dia";"Decrescente";"Céu Claro";"Simples";"Rotatória";"Sim";4;0;0;1;3;0;1;2;-30,35340717;-54,33211327;"SPRF-RS";"DEL11-RS";"UOP02-DEL11-RS"
779283;2026-06-17;"quarta-feira";"12:02:00";"MG";116;511,2;"UBAPORANGA";"Conversão proibida";"Colisão transversal";"Com Vítimas Fatais";"Pleno dia";"Decrescente";"Sol";"Simples";"Reta";"Não";2;1;1;0;0;0;1;2;-19,657458;-42,114648;"SPRF-MG";"DEL06-MG";"UOP02-DEL06-MG"
779284;2026-06-17;"quarta-feira";"13:45:00";"MT";70;522,2;"VARZEA GRANDE";"Acessar a via sem observar a presença dos outros veículos";"Colisão transversal";"Com Vítimas Feridas";"Pleno dia";"Crescente";"Céu Claro";"Simples";"Reta";"Sim";2;0;1;0;1;0;1;2;-15,66462124;-56,18410027;"SPRF-MT";"DEL01-MT";"UOP02-DEL01-MT"
779285;2026-05-29;"sexta-feira";"08:00:00";"SP";116;156;"SAO JOSE DOS CAMPOS";"Condutor deixou de manter distância do veículo da frente";"Colisão traseira";"Com Vítimas Feridas";"Pleno dia";"Decrescente";"Nublado";"Múltipla";"Reta";"Sim";2;0;0;1;1;0;1;2;-23,24920286;-45,93305469;"SPRF-SP";"DEL02-SP";"UOP01-DEL02-SP"
779287;2026-06-17;"quarta-feira";"13:35:00";"RJ";493;22;"MAGE";"Acessar a via sem observar a presença dos outros veículos";"Colisão transversal";"Com Vítimas Feridas";"Pleno dia";"Decrescente";"Nublado";"Simples";"Reta";"Sim";2;0;1;0;0;1;1;2;-22,657534;-43,056859;"SPRF-RJ";"DEL04-RJ";"UOP02-DEL04-RJ"
779288;2026-06-17;"quarta-feira";"15:20:00";"PI";343;336;"TERESINA";"Ausência de reação do condutor";"Colisão traseira";"Com Vítimas Feridas";"Pleno dia";"Decrescente";"Céu Claro";"Dupla";"Reta";"Não";3;0;2;0;1;0;2;2;-5,061842;-42,708542;"SPRF-PI";"DEL01-PI";"UOP01-DEL01-PI"
779290;2026-06-17;"quarta-feira";"15:00:00";"PB";104;88,9;"REMIGIO";"Retorno proibido";"Colisão transversal";"Com Vítimas Feridas";"Pleno dia";"Decrescente";"Céu Claro";"Simples";"Reta;Aclive";"Não";2;0;0;1;1;0;1;2;-6,970975;-35,801439;"SPRF-PB";"DEL02-PB";"UOP04-DEL02-PB"
779297;2026-06-17;"quarta-feira";"13:30:00";"RJ";40;94,5;"DUQUE DE CAXIAS";"Reação tardia ou ineficiente do condutor";"Saída de leito carroçável";"Sem Vítimas";"Pleno dia";"Crescente";"Chuva";"Simples";"Declive;Curva";"Não";6;0;0;0;6;0;0;1;-22,558785;-43,266316;"SPRF-RJ";"DEL01-RJ";"UOP01-DEL01-RJ"
779298;2026-06-17;"quarta-feira";"16:40:00";"SC";280;128,5;"RIO NEGRINHO";"Acessar a via sem observar a presença dos outros veículos";"Colisão transversal";"Com Vítimas Feridas";"Pleno dia";"Decrescente";"Céu Claro";"Simples";"Retorno Regulamentado;Reta;Interseção de Vias";"Sim";2;0;1;0;1;0;1;2;-26,24376;-49,51562;"SPRF-SC";"DEL06-SC";"UOP03-DEL06-SC"
779301;2026-06-17;"quarta-feira";"17:10:00";"SC";101;213,9;"PALHOCA";"Manobra de mudança de faixa";"Colisão lateral mesmo sentido";"Com Vítimas Feridas";"Anoitecer";"Crescente";"Céu Claro";"Dupla";"Reta";"Sim";3;0;0;1;2;0;1;2;-27,643751;-48,670407;"SPRF-SC";"DEL01-SC";"UOP02-DEL01-SC"
779302;2026-06-17;"quarta-feira";"16:55:00";"MG";381;479;"CONTAGEM";"Ausência de reação do condutor";"Colisão traseira";"Com Vítimas Feridas";"Anoitecer";"Crescente";"Céu Claro";"Múltipla";"Reta";"Sim";2;0;1;0;1;0;1;2;-19,962427;-44,049672;"SPRF-MG";"DEL01-MG";"UOP03-DEL01-MG"
779303;2026-06-17;"quarta-feira";"11:55:00";"RJ";465;14;"SEROPEDICA";"Demais falhas mecânicas ou elétricas";"Engavetamento";"Com Vítimas Feridas";"Pleno dia";"Crescente";"Céu Claro";"Simples";"Reta";"Sim";3;0;1;0;2;0;1;3;-22,81099777;-43,63082886;"SPRF-RJ";"DEL06-RJ";"UOP02-DEL06-RJ"
779304;2026-06-17;"quarta-feira";"17:25:00";"SC";280;50,7;"GUARAMIRIM";"Transitar no Acostamento";"Atropelamento de Pedestre";"Com Vítimas Feridas";"Anoitecer";"Crescente";"Céu Claro";"Simples";"Curva;Em Obras;Declive";"Sim";2;0;2;0;0;0;2;2;-26,464097;-48,953335;"SPRF-SC";"DEL03-SC";"UOP03-DEL03-SC"
779306;2026-06-17;"quarta-feira";"17:29:00";"RN";101;105,9;"PARNAMIRIM";"Chuva";"Colisão traseira";"Com Vítimas Feridas";"Plena Noite";"Crescente";"Chuva";"Múltipla";"Reta";"Não";2;0;1;0;1;0;1;2;-5,89562816;-35,25820613;"SPRF-RN";"DEL01-RN";"UOP01-DEL01-RN"
779307;2026-06-17;"quarta-feira";"17:10:00";"MG";116;550;"SANTA BARBARA DO LESTE";"Transitar na contramão";"Colisão lateral sentido oposto";"Com Vítimas Feridas";"Anoitecer";"Decrescente";"Nublado";"Simples";"Interseção de Vias";"Sim";3;0;1;0;2;0;1;2;-19,97732164;-42,1389842;"SPRF-MG";"DEL06-MG";"UOP02-DEL06-MG"
779308;2026-06-17;"quarta-feira";"09:35:00";"SC";101;398;"MARACAJA";"Condutor deixou de manter distância do veículo da frente";"Colisão traseira";"Com Vítimas Feridas";"Pleno dia";"Decrescente";"Céu Claro";"Simples";"Reta;Em Obras";"Sim";2;0;1;0;1;0;1;2;-28,86306574;-49,44507346;"SPRF-SC";"DEL02-SC";"UOP02-DEL02-SC"
779309;2026-06-17;"quarta-feira";"17:32:00";"RS";470;172;"VERANOPOLIS";"Acessar a via sem observar a presença dos outros veículos";"Colisão transversal";"Com Vítimas Feridas";"Pleno dia";"Decrescente";"Céu Claro";"Múltipla";"Interseção de Vias;Reta";"Sim";2;0;0;1;1;0;1;2;-28,90950197;-51,54533951;"SPRF-RS";"DEL06-RS";"UOP02-DEL06-RS"
779310;2026-06-17;"quarta-feira";"17:20:00";"MG";262;118;"RIO CASCA";"Ausência de reação do condutor";"Colisão traseira";"Com Vítimas Feridas";"Anoitecer";"Crescente";"Céu Claro";"Simples";"Aclive;Reta";"Sim";2;0;1;0;1;0;1;2;-20,22945708;-42,6380345;"SPRF-MG";"DEL03-MG";"UOP03-DEL03-MG"
779311;2026-06-17;"quarta-feira";"18:00:00";"MG";153;0,5;"ARAPORA";"Ausência de reação do condutor";"Saída de leito carroçável";"Com Vítimas Feridas";"Anoitecer";"Decrescente";"Céu Claro";"Dupla";"Curva;Retorno Regulamentado;Declive";"Sim";1;0;0;1;0;0;1;1;-18,42107813;-49,1944569;"SPRF-MG";"DEL15-MG";"UOP03-DEL15-MG"
779312;2026-06-17;"quarta-feira";"17:00:00";"SC";101;114;"ITAJAI";"Trafegar com motocicleta (ou similar) entre as faixas";"Colisão lateral mesmo sentido";"Com Vítimas Feridas";"Anoitecer";"Crescente";"Céu Claro";"Dupla";"Reta";"Sim";2;0;0;1;1;0;1;2;-26,87325941;-48,72825623;"SPRF-SC";"DEL04-SC";"UOP04-DEL04-SC"
779313;2026-06-17;"quarta-feira";"18:08:00";"GO";70;0,6;"AGUAS LINDAS DE GOIAS";"Ausência de reação do condutor";"Colisão traseira";"Com Vítimas Feridas";"Plena Noite";"Crescente";"Céu Claro";"Dupla";"Reta";"Não";5;0;1;0;4;0;1;3;-15,77611574;-48,23265966;"SPRF-DF";"DEL03-DF";"UOP02-DEL03-DF"
779314;2026-06-17;"quarta-feira";"17:35:00";"PE";101;86,1;"JABOATAO DOS GUARARAPES";"Reação tardia ou ineficiente do condutor";"Colisão traseira";"Com Vítimas Feridas";"Plena Noite";"Crescente";"Céu Claro";"Dupla";"Reta";"Sim";2;0;1;0;1;0;1;2;-8,184413;-34,967774;"SPRF-PE";"DEL01-PE";"UOP01-DEL01-PE"
779316;2026-06-17;"quarta-feira";"18:12:00";"AL";316;105;"DOIS RIACHOS";"Iluminação deficiente";"Colisão traseira";"Com Vítimas Feridas";"Plena Noite";"Crescente";"Céu Claro";"Simples";"Reta";"Não";2;0;0;1;0;1;1;2;-9,38479;-37,06864;"SPRF-AL";"DEL03-AL";"UOP01-DEL03-AL"
779317;2026-06-17;"quarta-feira";"18:30:00";"PB";230;18;"JOAO PESSOA";"Trafegar com motocicleta (ou similar) entre as faixas";"Colisão traseira";"Com Vítimas Feridas";"Plena Noite";"Decrescente";"Céu Claro";"Dupla";"Reta";"Sim";2;0;1;0;1;0;1;2;-7,1239007;-34,84507895;"SPRF-PB";"DEL01-PB";"UOP01-DEL01-PB"
779318;2026-06-17;"quarta-feira";"18:15:00";"MG";40;774,3;"JUIZ DE FORA";"Conversão proibida";"Colisão transversal";"Com Vítimas Feridas";"Plena Noite";"Decrescente";"Céu Claro";"Simples";"Reta";"Não";5;0;3;0;2;0;3;2;-21,63255382;-43,44338385;"SPRF-MG";"DEL05-MG";"UOP01-DEL05-MG"
779319;2026-06-17;"quarta-feira";"17:20:00";"DF";80;21;"BRASILIA";"Conversão proibida";"Colisão transversal";"Com Vítimas Feridas";"Pleno dia";"Crescente";"Céu Claro";"Simples";"Reta;Interseção de Vias";"Sim";2;0;1;0;1;0;1;2;-15,66547427;-48,20350438;"SPRF-DF";"DEL03-DF";"UOP02-DEL03-DF"
779321;2026-06-17;"quarta-feira";"18:50:00";"BA";110;340;"ALAGOINHAS";"Acessar a via sem observar a presença dos outros veículos";"Colisão transversal";"Com Vítimas Feridas";"Plena Noite";"Crescente";"Céu Claro";"Dupla";"Interseção de Vias;Reta";"Não";2;0;1;0;1;0;1;2;-12,16216471;-38,41586861;"SPRF-BA";"DEL01-BA";"UOP04-DEL01-BA"
779323;2026-06-17;"quarta-feira";"18:30:00";"PR";116;123,5;"CURITIBA";"Reação tardia ou ineficiente do condutor";"Colisão traseira";"Com Vítimas Feridas";"Anoitecer";"Crescente";"Céu Claro";"Dupla";"Reta";"Sim";4;0;1;2;1;0;3;3;-25,61450343;-49,31817262;"SPRF-PR";"DEL01-PR";"UOP03-DEL01-PR"
779324;2026-06-17;"quarta-feira";"16:35:00";"PE";428;179,5;"PETROLINA";"Frear bruscamente";"Saída de leito carroçável";"Com Vítimas Feridas";"Pleno dia";"Crescente";"Sol";"Simples";"Reta";"Não";3;0;1;1;1;0;2;2;-9,306723;-40,453221;"SPRF-PE";"DEL06-PE";"UOP01-DEL06-PE"
779326;2026-06-17;"quarta-feira";"18:30:00";"MG";381;923;"CAMANDUCAIA";"Acessar a via sem observar a presença dos outros veículos";"Colisão lateral mesmo sentido";"Com Vítimas Feridas";"Plena Noite";"Decrescente";"Céu Claro";"Dupla";"Rotatória";"Não";2;0;1;0;1;0;1;2;-22,7717117;-46,1829383;"SPRF-MG";"DEL16-MG";"UOP03-DEL16-MG"
779328;2026-06-17;"quarta-feira";"18:00:00";"MG";40;531;"CONTAGEM";"Trafegar com motocicleta (ou similar) entre as faixas";"Colisão lateral mesmo sentido";"Com Vítimas Feridas";"Plena Noite";"Crescente";"Céu Claro";"Dupla";"Reta;Retorno Regulamentado;Declive";"Sim";3;0;1;0;2;0;1;2;-19,920381;-44,024601;"SPRF-MG";"DEL01-MG";"UOP02-DEL01-MG"
779329;2026-06-17;"quarta-feira";"18:00:00";"PR";373;410;"FOZ DO JORDAO";"Transitar na contramão";"Colisão frontal";"Com Vítimas Fatais";"Plena Noite";"Crescente";"Céu Claro";"Simples";"Reta";"Não";3;2;1;0;0;0;1;2;-25,6282;-52,09145;"SPRF-PR";"DEL08-PR";"UOP01-DEL08-PR"
779330;2026-06-17;"quarta-feira";"18:30:00";"PR";277;83;"CURITIBA";"Ausência de reação do condutor";"Colisão lateral mesmo sentido";"Com Vítimas Feridas";"Plena Noite";"Decrescente";"Céu Claro";"Dupla";"Interseção de Vias;Curva;Viaduto";"Sim";5;0;1;0;4;0;1;3;-25,444717;-49,232832;"SPRF-PR";"DEL01-PR";"UOP03-DEL01-PR"
779331;2026-06-17;"quarta-feira";"18:20:00";"BA";101;710;"EUNAPOLIS";"Condutor deixou de manter distância do veículo da frente";"Colisão traseira";"Com Vítimas Feridas";"Plena Noite";"Decrescente";"Céu Claro";"Simples";"Reta";"Não";2;0;1;0;1;0;1;2;-16,319053;-39,59741;"SPRF-BA";"DEL09-BA";"UOP01-DEL09-BA"
779332;2026-06-17;"quarta-feira";"15:30:00";"BA";324;587;"CANDEIAS";"Ausência de reação do condutor";"Engavetamento";"Sem Vítimas";"Pleno dia";"Decrescente";"Céu Claro";"Dupla";"Reta";"Não";4;0;0;0;3;1;0;3;-12,665806;-38,470201;"SPRF-BA";"DEL01-BA";"UOP01-DEL01-BA"
779333;2026-06-17;"quarta-feira";"18:10:00";"SC";282;385,7;"JOACABA";"Ultrapassagem Indevida";"Colisão frontal";"Com Vítimas Feridas";"Plena Noite";"Crescente";"Nublado";"Simples";"Reta";"Não";4;0;1;0;3;0;1;2;-27,188613;-51,517995;"SPRF-SC";"DEL07-SC";"UOP05-DEL07-SC"
779334;2026-06-17;"quarta-feira";"18:20:00";"PR";373;175,1;"PONTA GROSSA";"Velocidade Incompatível";"Engavetamento";"Com Vítimas Feridas";"Plena Noite";"Crescente";"Céu Claro";"Múltipla";"Reta";"Sim";4;0;1;1;2;0;2;3;-25,066855;-50,212269;"SPRF-PR";"DEL03-PR";"UOP01-DEL03-PR"
779335;2026-06-17;"quarta-feira";"19:30:00";"SP";116;72,6;"APARECIDA";"Avarias e/ou desgaste excessivo no pneu";"Tombamento";"Com Vítimas Feridas";"Plena Noite";"Crescente";"Céu Claro";"Dupla";"Curva;Declive";"Não";2;0;1;0;1;0;1;2;-22,86640261;-45,24164625;"SPRF-SP";"DEL08-SP";"UOP01-DEL08-SP"
779336;2026-06-17;"quarta-feira";"19:00:00";"RJ";465;14;"SEROPEDICA";"Ingestão de álcool pelo condutor";"Atropelamento de Pedestre";"Com Vítimas Feridas";"Plena Noite";"Decrescente";"Nublado";"Simples";"Reta";"Não";2;0;1;0;1;0;1;2;-22,80225817;-43,64248037;"SPRF-RJ";"DEL06-RJ";"UOP02-DEL06-RJ"