"id";"data_inversa";"dia_semana";"horario";"uf";"br";"km";"municipio";"causa_acidente";"tipo_acidente";"classificacao_acidente";"fase_dia";"sentido_via";"condicao_metereologica";"tipo_pista";"tracado_via";"uso_solo";"pessoas";"mortos";"feridos_leves";"feridos_graves";"ilesos";"ignorados";"feridos";"veiculos";"latitude";"longitude";"regional";"delegacia";"uop"
779453;2026-06-18;"quinta-feira";"11:50:00";"PE";101;70,3;"RECIFE";"Acessar a via sem observar a presença dos outros veículos";"Colisão transversal";"Com Vítimas Feridas";"Pleno dia";"Crescente";"Céu Claro";"Dupla";"Reta";"Sim";3;0;0;2;1;0;2;3;-8,07132;-34,93923;"SPRF-PE";"DEL01-PE";"UOP01-DEL01-PE"
779454;2026-06-18;"quinta-feira";"12:11:00";"PE";101;80;"JABOATAO DOS GUARARAPES";"Reação tardia ou ineficiente do condutor";"Colisão lateral mesmo sentido";"Com Vítimas Feridas";"Pleno dia";"Decrescente";"Céu Claro";"Dupla";"Reta;Interseção de Vias";"Não";1;0;0;1;0;0;1;1;-8,15863;-34,941;"SPRF-PE";"DEL01-PE";"UOP01-DEL01-PE"
779455;2026-06-18;"quinta-feira";"11:20:00";"SE";101;75,7;"MARUIM";"Manobra de mudança de faixa";"Colisão traseira";"Com Vítimas Feridas";"Pleno dia";"Crescente";"Céu Claro";"Dupla";"Curva";"Não";2;0;1;0;1;0;1;2;-10,77432;-37,124575;"SPRF-SE";"DEL01-SE";"UOP01-DEL01-SE"
779457;2026-06-18;"quinta-feira";"10:30:00";"BA";101;493;"BARRO PRETO";"Transitar na contramão";"Colisão frontal";"Com Vítimas Fatais";"Pleno dia";"Crescente";"Céu Claro";"Simples";"Reta";"Não";7;1;3;3;0;0;6;2;-14,71807032;-39,35463878;"SPRF-BA";"DEL05-BA";"UOP01-DEL05-BA"
779459;2026-06-18;"quinta-feira";"12:00:00";"MG";40;545;"NOVA LIMA";"Reação tardia ou ineficiente do condutor";"Engavetamento";"Com Vítimas Feridas";"Pleno dia";"Crescente";"Céu Claro";"Dupla";"Reta";"Não";3;0;1;0;1;1;1;3;-20,022428;-43,970583;"SPRF-MG";"DEL01-MG";"UOP02-DEL01-MG"
779460;2026-06-18;"quinta-feira";"12:00:00";"RO";364;711;"PORTO VELHO";"Demais falhas mecânicas ou elétricas";"Colisão com objeto";"Com Vítimas Feridas";"Pleno dia";"Crescente";"Céu Claro";"Dupla";"Reta";"Sim";3;0;1;0;2;0;1;2;-8,78057653;-63,86731837;"SPRF-RO";"DEL01-RO";"UOP01-DEL01-RO"
779461;2026-06-18;"quinta-feira";"13:10:00";"SC";282;3;"FLORIANOPOLIS";"Condutor deixou de manter distância do veículo da frente";"Colisão traseira";"Com Vítimas Feridas";"Pleno dia";"Decrescente";"Nublado";"Dupla";"Reta";"Sim";2;0;1;0;1;0;1;2;-27,59936142;-48,60027552;"SPRF-SC";"DEL01-SC";"UOP01-DEL01-SC"
779462;2026-06-18;"quinta-feira";"13:00:00";"SP";116;181;"GUARAREMA";"Reação tardia ou ineficiente do condutor";"Colisão com objeto";"Com Vítimas Feridas";"Pleno dia";"Decrescente";"Sol";"Simples";"Curva";"Não";1;0;1;0;0;0;1;1;-23,34060737;-46,15327477;"SPRF-SP";"DEL01-SP";"UOP01-DEL01-SP"
779465;2026-06-18;"quinta-feira";"13:00:00";"PR";369;145,5;"LONDRINA";"Reação tardia ou ineficiente do condutor";"Tombamento";"Com Vítimas Feridas";"Pleno dia";"Crescente";"Céu Claro";"Dupla";"Aclive";"Sim";1;0;0;1;0;0;1;1;-23,292991;-51,118689;"SPRF-PR";"DEL07-PR";"UOP01-DEL07-PR"
779466;2026-06-18;"quinta-feira";"12:50:00";"SC";470;158;"TROMBUDO CENTRAL";"Acessar a via sem observar a presença dos outros veículos";"Colisão transversal";"Com Vítimas Feridas";"Pleno dia";"Crescente";"Céu Claro";"Simples";"Reta;Interseção de Vias;Rotatória";"Sim";2;0;1;0;1;0;1;2;-27,28571463;-49,78324637;"SPRF-SC";"DEL04-SC";"UOP02-DEL04-SC"
779467;2026-06-18;"quinta-feira";"12:50:00";"SC";282;0,7;"FLORIANOPOLIS";"Reação tardia ou ineficiente do condutor";"Colisão traseira";"Com Vítimas Feridas";"Pleno dia";"Decrescente";"Nublado";"Dupla";"Reta;Declive";"Sim";3;0;2;0;1;0;2;2;-27,599329;-48,575129;"SPRF-SC";"DEL01-SC";"UOP01-DEL01-SC"
779469;2026-06-18;"quinta-feira";"08:10:00";"MT";70;733;"CACERES";"Acessar a via sem observar a presença dos outros veículos";"Colisão transversal";"Com Vítimas Feridas";"Pleno dia";"Crescente";"Céu Claro";"Simples";"Reta";"Sim";3;0;1;2;0;0;3;2;-16,08989987;-57,69064469;"SPRF-MT";"DEL03-MT";"UOP01-DEL03-MT"
779470;2026-05-21;"quinta-feira";"20:00:00";"RJ";101;318;"SAO GONCALO";"Ausência de reação do condutor";"Colisão traseira";"Com Vítimas Feridas";"Plena Noite";"Decrescente";"Chuva";"Dupla";"Reta";"Não";2;0;1;0;1;0;1;2;-22,85012447;-43,09980825;"SPRF-RJ";"DEL02-RJ";"UOP02-DEL02-RJ"
779471;2026-06-18;"quinta-feira";"15:00:00";"RS";290;107;"ELDORADO DO SUL";"Condutor deixou de manter distância do veículo da frente";"Colisão traseira";"Com Vítimas Feridas";"Pleno dia";"Decrescente";"Céu Claro";"Dupla";"Reta;Aclive";"Sim";3;0;1;0;2;0;1;2;-30,00307862;-51,30828587;"SPRF-RS";"DEL02-RS";"UOP01-DEL02-RS"
779473;2026-06-18;"quinta-feira";"12:30:00";"BA";367;91;"ITAGIMIRIM";"Velocidade Incompatível";"Saída de leito carroçável";"Sem Vítimas";"Pleno dia";"Crescente";"Céu Claro";"Simples";"Aclive;Curva";"Não";1;0;0;0;1;0;0;1;-16,0872444;-39,6154456;"SPRF-BA";"DEL09-BA";"UOP01-DEL09-BA"
779478;2026-06-18;"quinta-feira";"14:50:00";"SP";116;216;"GUARULHOS";"Avarias e/ou desgaste excessivo no pneu";"Queda de ocupante de veículo";"Com Vítimas Feridas";"Pleno dia";"Decrescente";"Céu Claro";"Múltipla";"Reta";"Sim";2;0;2;0;0;0;2;1;-23,45173547;-46,46527855;"SPRF-SP";"DEL01-SP";"UOP01-DEL01-SP"
779479;2026-06-18;"quinta-feira";"16:15:00";"PB";101;84,5;"BAYEUX";"Condutor deixou de manter distância do veículo da frente";"Colisão traseira";"Com Vítimas Feridas";"Pleno dia";"Crescente";"Céu Claro";"Dupla";"Reta";"Sim";3;0;1;0;2;0;1;2;-7,138164;-34,924731;"SPRF-PB";"DEL01-PB";"UOP01-DEL01-PB"
779480;2026-06-18;"quinta-feira";"15:36:00";"PE";428;145;"PETROLINA";"Manobra de mudança de faixa";"Colisão frontal";"Sem Vítimas";"Pleno dia";"Crescente";"Céu Claro";"Simples";"Reta";"Não";2;0;0;0;2;0;0;2;-9,035802;-40,291067;"SPRF-PE";"DEL06-PE";"UOP01-DEL06-PE"
779482;2026-06-18;"quinta-feira";"14:30:00";"BA";324;603,1;"SIMOES FILHO";"Pista Escorregadia";"Saída de leito carroçável";"Com Vítimas Feridas";"Pleno dia";"Decrescente";"Chuva";"Dupla";"Curva";"Sim";1;0;1;0;0;0;1;1;-12,78401344;-38,41335297;"SPRF-BA";"DEL01-BA";"UOP01-DEL01-BA"
779484;2026-06-18;"quinta-feira";"13:00:00";"PR";277;421,2;"CANTAGALO";"Conversão proibida";"Colisão transversal";"Com Vítimas Feridas";"Pleno dia";"Decrescente";"Céu Claro";"Simples";"Reta";"Não";3;0;2;0;1;0;2;2;-25,40485894;-52,09882943;"SPRF-PR";"DEL04-PR";"UOP02-DEL04-PR"
779486;2026-06-18;"quinta-feira";"15:41:00";"PB";230;110,2;"INGA";"Ausência de reação do condutor";"Saída de leito carroçável";"Com Vítimas Feridas";"Pleno dia";"Crescente";"Sol";"Dupla";"Reta";"Não";1;0;1;0;0;0;1;1;-7,2111292;-35,58061687;"SPRF-PB";"DEL01-PB";"UOP02-DEL01-PB"
779487;2026-06-18;"quinta-feira";"15:50:00";"MG";50;185,5;"UBERABA";"Ausência de reação do condutor";"Colisão traseira";"Com Vítimas Feridas";"Pleno dia";"Crescente";"Céu Claro";"Dupla";"Reta;Em Obras";"Não";2;0;1;0;1;0;1;2;-19,8196013;-47,89429665;"SPRF-MG";"DEL13-MG";"UOP01-DEL13-MG"
779489;2026-06-18;"quinta-feira";"17:00:00";"PI";343;49;"BURITI DOS LOPES";"Ausência de reação do condutor";"Colisão lateral sentido oposto";"Com Vítimas Feridas";"Pleno dia";"Decrescente";"Sol";"Simples";"Reta";"Sim";2;0;0;1;1;0;1;2;-3,17825049;-41,86230747;"SPRF-PI";"DEL05-PI";"UOP01-DEL05-PI"
779491;2026-06-18;"quinta-feira";"16:00:00";"SC";101;212;"PALHOCA";"Reação tardia ou ineficiente do condutor";"Tombamento";"Com Vítimas Feridas";"Pleno dia";"Crescente";"Céu Claro";"Múltipla";"Reta";"Não";1;0;1;0;0;0;1;1;-27,63109172;-48,66025481;"SPRF-SC";"DEL01-SC";"UOP02-DEL01-SC"
779492;2026-06-18;"quinta-feira";"16:50:00";"PE";104;54,1;"CARUARU";"Acessar a via sem observar a presença dos outros veículos";"Colisão transversal";"Com Vítimas Feridas";"Anoitecer";"Decrescente";"Céu Claro";"Dupla";"Retorno Regulamentado;Declive";"Sim";2;0;1;0;1;0;1;2;-8,18414;-35,96699;"SPRF-PE";"DEL02-PE";"UOP01-DEL02-PE"
779493;2026-06-18;"quinta-feira";"13:55:00";"SC";163;83,8;"GUARACIABA";"Conversão proibida";"Colisão transversal";"Com Vítimas Fatais";"Pleno dia";"Crescente";"Céu Claro";"Simples";"Curva;Interseção de Vias;Aclive;Em Obras";"Não";3;1;0;1;1;0;1;2;-26,61745479;-53,51918399;"SPRF-SC";"DEL07-SC";"UOP03-DEL07-SC"
779495;2026-06-18;"quinta-feira";"17:10:00";"GO";40;96,1;"CRISTALINA";"Desrespeitar a preferência no cruzamento";"Colisão lateral mesmo sentido";"Com Vítimas Feridas";"Pleno dia";"Decrescente";"Céu Claro";"Simples";"Reta";"Sim";2;0;1;0;1;0;1;2;-16,75829493;-47,60105006;"SPRF-DF";"DEL01-DF";"UOP02-DEL01-DF"
779496;2026-06-18;"quinta-feira";"17:00:00";"SC";101;131;"BALNEARIO CAMBORIU";"Condutor deixou de manter distância do veículo da frente";"Engavetamento";"Com Vítimas Feridas";"Pleno dia";"Decrescente";"Nublado";"Dupla";"Reta";"Não";3;0;2;0;1;0;2;3;-26,98631473;-48,66636649;"SPRF-SC";"DEL04-SC";"UOP03-DEL04-SC"
779498;2026-06-18;"quinta-feira";"16:50:00";"BA";116;836,6;"VITORIA DA CONQUISTA";"Condutor deixou de manter distância do veículo da frente";"Colisão traseira";"Com Vítimas Feridas";"Pleno dia";"Decrescente";"Céu Claro";"Simples";"Reta";"Não";11;0;1;0;10;0;1;2;-14,960795;-40,906035;"SPRF-BA";"DEL08-BA";"UOP01-DEL08-BA"
779500;2026-06-18;"quinta-feira";"14:40:00";"MG";116;453,6;"ENGENHEIRO CALDAS";"Demais falhas mecânicas ou elétricas";"Tombamento";"Com Vítimas Feridas";"Pleno dia";"Decrescente";"Céu Claro";"Simples";"Reta";"Não";1;0;1;0;0;0;1;1;-19,182853;-42,039894;"SPRF-MG";"DEL06-MG";"UOP02-DEL06-MG"
779501;2026-06-18;"quinta-feira";"18:00:00";"PR";277;83;"CURITIBA";"Trafegar com motocicleta (ou similar) entre as faixas";"Colisão traseira";"Com Vítimas Feridas";"Plena Noite";"Decrescente";"Nublado";"Dupla";"Reta";"Sim";3;0;0;2;1;0;2;2;-25,449;-49,229;"SPRF-PR";"DEL01-PR";"UOP03-DEL01-PR"
779502;2026-06-18;"quinta-feira";"16:00:00";"MS";376;118,9;"IVINHEMA";"Acessar a via sem observar a presença dos outros veículos";"Colisão transversal";"Com Vítimas Feridas";"Pleno dia";"Decrescente";"Céu Claro";"Simples";"Interseção de Vias";"Sim";2;0;0;1;1;0;1;2;-22,32032839;-53,80888788;"SPRF-MS";"DEL04-MS";"UOP04-DEL04-MS"
779503;2026-06-18;"quinta-feira";"18:00:00";"SC";101;146;"ITAPEMA";"Ausência de reação do condutor";"Tombamento";"Com Vítimas Feridas";"Anoitecer";"Decrescente";"Nublado";"Dupla";"Viaduto;Reta";"Sim";3;0;0;1;2;0;1;2;-27,08643;-48,60889;"SPRF-SC";"DEL04-SC";"UOP03-DEL04-SC"
779505;2026-06-18;"quinta-feira";"14:20:00";"MG";365;72,3;"JEQUITAI";"Condutor Dormindo";"Saída de leito carroçável";"Com Vítimas Feridas";"Pleno dia";"Decrescente";"Sol";"Simples";"Reta";"Não";2;0;0;2;0;0;2;1;-17,083063;-44,342356;"SPRF-MG";"DEL12-MG";"UOP01-DEL12-MG"
779506;2026-06-18;"quinta-feira";"18:15:00";"TO";153;335;"GUARAI";"Reação tardia ou ineficiente do condutor";"Colisão transversal";"Com Vítimas Feridas";"Anoitecer";"Decrescente";"Nublado";"Múltipla";"Reta";"Sim";2;0;1;0;1;0;1;2;-8,845032;-48,51047;"SPRF-TO";"DEL02-TO";"UOP02-DEL02-TO"
779507;2026-06-18;"quinta-feira";"18:15:00";"RN";110;47,5;"MOSSORO";"Acessar a via sem observar a presença dos outros veículos";"Colisão transversal";"Com Vítimas Feridas";"Plena Noite";"Decrescente";"Céu Claro";"Simples";"Reta";"Sim";3;0;1;1;1;0;2;2;-5,20624;-37,32951;"SPRF-RN";"DEL04-RN";"UOP01-DEL04-RN"
779508;2026-06-18;"quinta-feira";"18:00:00";"SC";280;3,7;"SAO FRANCISCO DO SUL";"Acessar a via sem observar a presença dos outros veículos";"Colisão transversal";"Com Vítimas Feridas";"Plena Noite";"Decrescente";"Nublado";"Simples";"Rotatória";"Sim";2;0;1;0;1;0;1;2;-26,25192079;-48,61768909;"SPRF-SC";"DEL03-SC";"UOP03-DEL03-SC"
779509;2026-06-18;"quinta-feira";"17:10:00";"PR";369;55;"BANDEIRANTES";"Desrespeitar a preferência no cruzamento";"Colisão transversal";"Com Vítimas Feridas";"Anoitecer";"Decrescente";"Céu Claro";"Simples";"Reta;Declive";"Sim";2;0;1;0;1;0;1;2;-23,1096764;-50,370975;"SPRF-PR";"DEL07-PR";"UOP05-DEL07-PR"
779510;2026-06-18;"quinta-feira";"18:00:00";"PR";277;75;"SAO JOSE DOS PINHAIS";"Manobra de mudança de faixa";"Colisão lateral mesmo sentido";"Com Vítimas Feridas";"Anoitecer";"Crescente";"Céu Claro";"Dupla";"Reta;Em Obras";"Sim";2;0;1;0;1;0;1;2;-25,493;-49,168;"SPRF-PR";"DEL01-PR";"UOP08-DEL01-PR"
779512;2026-06-18;"quinta-feira";"18:00:00";"RJ";116;186;"NOVA IGUACU";"Condutor deixou de manter distância do veículo da frente";"Colisão traseira";"Com Vítimas Feridas";"Anoitecer";"Decrescente";"Céu Claro";"Dupla";"Reta";"Sim";3;0;2;0;1;0;2;2;-22,73901035;-43,47321924;"SPRF-RJ";"DEL06-RJ";"UOP01-DEL06-RJ"
779513;2026-06-18;"quinta-feira";"17:50:00";"SC";282;604;"MARAVILHA";"Acessar a via sem observar a presença dos outros veículos";"Colisão transversal";"Com Vítimas Feridas";"Anoitecer";"Decrescente";"Céu Claro";"Simples";"Reta";"Não";2;0;1;0;1;0;1;2;-26,790745;-53,194889;"SPRF-SC";"DEL07-SC";"UOP02-DEL07-SC"
779515;2026-06-18;"quinta-feira";"18:40:00";"SP";116;145;"SAO JOSE DOS CAMPOS";"Reação tardia ou ineficiente do condutor";"Colisão traseira";"Com Vítimas Feridas";"Plena Noite";"Crescente";"Céu Claro";"Múltipla";"Reta";"Sim";2;0;1;0;1;0;1;2;-23,18887492;-45,85885255;"SPRF-SP";"DEL02-SP";"UOP01-DEL02-SP"
779516;2026-06-18;"quinta-feira";"17:55:00";"RS";290;91,7;"PORTO ALEGRE";"Manobra de mudança de faixa";"Colisão lateral mesmo sentido";"Com Vítimas Feridas";"Anoitecer";"Decrescente";"Céu Claro";"Múltipla";"Retorno Regulamentado;Reta";"Sim";2;0;1;0;1;0;1;2;-29,96952767;-51,16959572;"SPRF-RS";"DEL01-RS";"UOP01-DEL01-RS"
779517;2026-06-18;"quinta-feira";"18:30:00";"RS";116;263;"CANOAS";"Condutor deixou de manter distância do veículo da frente";"Colisão traseira";"Com Vítimas Feridas";"Plena Noite";"Decrescente";"Nublado";"Dupla";"Reta";"Não";2;0;1;0;1;0;1;2;-29,89885955;-51,17623069;"SPRF-RS";"DEL01-RS";"UOP01-DEL01-RS"
779518;2026-06-18;"quinta-feira";"18:31:00";"GO";153;502;"GOIANIA";"Condutor deixou de manter distância do veículo da frente";"Colisão traseira";"Com Vítimas Feridas";"Anoitecer";"Crescente";"Céu Claro";"Dupla";"Reta";"Sim";2;0;2;0;0;0;2;2;-16,71332;-49,23388;"SPRF-GO";"DEL01-GO";"UOP01-DEL01-GO"
779519;2026-06-18;"quinta-feira";"18:30:00";"PR";277;716;"SANTA TEREZINHA DE ITAIPU";"Manobra de mudança de faixa";"Colisão lateral mesmo sentido";"Com Vítimas Feridas";"Plena Noite";"Decrescente";"Céu Claro";"Dupla";"Reta";"Não";2;0;1;0;1;0;1;2;-25,46773407;-54,45495542;"SPRF-PR";"DEL05-PR";"UOP01-DEL05-PR"
779520;2026-06-18;"quinta-feira";"17:30:00";"RJ";40;91;"PETROPOLIS";"Demais falhas mecânicas ou elétricas";"Incêndio";"Sem Vítimas";"Plena Noite";"Decrescente";"Nublado";"Dupla";"Curva";"Não";3;0;0;0;3;0;0;1;-22,55869802;-43,22758341;"SPRF-RJ";"DEL01-RJ";"UOP01-DEL01-RJ"
779521;2026-06-18;"quinta-feira";"18:43:00";"RS";116;301;"GUAIBA";"Acesso irregular";"Colisão frontal";"Com Vítimas Feridas";"Plena Noite";"Crescente";"Céu Claro";"Simples";"Reta";"Sim";2;0;1;0;1;0;1;2;-30,12817724;-51,35149525;"SPRF-RS";"DEL02-RS";"UOP01-DEL02-RS"
779522;2026-06-18;"quinta-feira";"18:15:00";"MG";116;506,4;"UBAPORANGA";"Acessar a via sem observar a presença dos outros veículos";"Colisão transversal";"Com Vítimas Feridas";"Anoitecer";"Crescente";"Céu Claro";"Simples";"Reta;Interseção de Vias";"Não";2;0;0;1;1;0;1;2;-19,61729229;-42,11033106;"SPRF-MG";"DEL06-MG";"UOP02-DEL06-MG"
779525;2026-06-18;"quinta-feira";"17:50:00";"AL";101;239;"SAO BRAS";"Acesso irregular";"Atropelamento de Pedestre";"Com Vítimas Feridas";"Plena Noite";"Decrescente";"Céu Claro";"Dupla";"Reta";"Não";4;0;0;2;2;0;2;2;-10,134168;-36,800465;"SPRF-AL";"DEL02-AL";"UOP02-DEL02-AL"
779526;2026-06-18;"quinta-feira";"18:00:00";"MG";40;496,1;"ESMERALDAS";"Demais falhas mecânicas ou elétricas";"Tombamento";"Com Vítimas Fatais";"Anoitecer";"Crescente";"Céu Claro";"Dupla";"Declive;Reta";"Não";1;1;0;0;0;0;0;1;-19,6713983;-44,1936183;"SPRF-MG";"DEL02-MG";"UOP01-DEL02-MG"
779527;2026-06-18;"quinta-feira";"19:15:00";"SP";381;60;"MAIRIPORA";"Condutor deixou de manter distância do veículo da frente";"Colisão traseira";"Com Vítimas Feridas";"Plena Noite";"Decrescente";"Céu Claro";"Múltipla";"Reta";"Não";3;0;1;0;2;0;1;3;-23,287741;-46,58919;"SPRF-SP";"DEL03-SP";"UOP01-DEL03-SP"
779528;2026-06-18;"quinta-feira";"19:20:00";"SP";116;477;"JACUPIRANGA";"Transitar na contramão";"Colisão transversal";"Com Vítimas Feridas";"Plena Noite";"Decrescente";"Nublado";"Simples";"Reta";"Sim";2;0;0;2;0;0;2;2;-24,70312981;-48,00843939;"SPRF-SP";"DEL05-SP";"UOP01-DEL05-SP"
779530;2026-06-18;"quinta-feira";"18:30:00";"RS";290;6,2;"OSORIO";"Reação tardia ou ineficiente do condutor";"Colisão lateral mesmo sentido";"Com Vítimas Feridas";"Plena Noite";"Decrescente";"Nublado";"Dupla";"Reta";"Não";2;0;1;0;1;0;1;2;-29,89651;-50,334388;"SPRF-RS";"DEL03-RS";"UOP01-DEL03-RS"
779531;2026-06-18;"quinta-feira";"18:45:00";"PE";232;95;"SAIRE";"Demais falhas mecânicas ou elétricas";"Incêndio";"Sem Vítimas";"Plena Noite";"Crescente";"Céu Claro";"Dupla";"Reta";"Não";1;0;0;0;1;0;0;1;-8,23004;-35,70483;"SPRF-PE";"DEL02-PE";"UOP03-DEL02-PE"
779532;2026-06-02;"terça-feira";"18:00:00";"AC";364;124;"RIO BRANCO";"Pista esburacada";"Tombamento";"Com Vítimas Feridas";"Plena Noite";"Decrescente";"Céu Claro";"Dupla";"Reta";"Sim";1;0;0;1;0;0;1;1;-10,013413;-67,801123;"SPRF-AC";"DEL01-AC";"UOP01-DEL01-AC"
779533;2026-06-18;"quinta-feira";"19:15:00";"PE";408;83;"SAO LOURENCO DA MATA";"Acessar a via sem observar a presença dos outros veículos";"Colisão traseira";"Sem Vítimas";"Plena Noite";"Decrescente";"Céu Claro";"Dupla";"Retorno Regulamentado;Reta";"Não";2;0;0;0;2;0;0;2;-7,984908;-35,079182;"SPRF-PE";"DEL01-PE";"UOP01-DEL01-PE"
779536;2026-06-18;"quinta-feira";"17:45:00";"RJ";465;4;"SEROPEDICA";"Pedestre cruzava a pista fora da faixa";"Atropelamento de Pedestre";"Com Vítimas Feridas";"Anoitecer";"Crescente";"Nublado";"Simples";"Reta";"Sim";2;0;1;0;0;1;1;2;-22,7446;-43,702113;"SPRF-RJ";"DEL06-RJ";"UOP02-DEL06-RJ"
779537;2026-06-18;"quinta-feira";"20:00:00";"PR";476;184;"LAPA";"Acessar a via sem observar a presença dos outros veículos";"Colisão frontal";"Com Vítimas Feridas";"Plena Noite";"Crescente";"Céu Claro";"Simples";"Reta";"Não";2;0;1;0;1;0;1;2;-25,714243;-49,633055;"SPRF-PR";"DEL01-PR";"UOP06-DEL01-PR"
779538;2026-06-18;"quinta-feira";"19:45:00";"PR";163;172;"LINDOESTE";"Ausência de reação do condutor";"Queda de ocupante de veículo";"Com Vítimas Feridas";"Anoitecer";"Decrescente";"Céu Claro";"Dupla";"Reta;Declive";"Não";1;0;1;0;0;0;1;1;-25,221655;-53,594939;"SPRF-PR";"DEL05-PR";"UOP05-DEL05-PR"
779539;2026-05-10;"domingo";"14:12:00";"PR";376;181,8;"MARINGA";"Manobra de mudança de faixa";"Colisão lateral mesmo sentido";"Com Vítimas Feridas";"Pleno dia";"Decrescente";"Céu Claro";"Dupla";"Rotatória";"Sim";2;0;1;0;1;0;1;2;-23,43132974;-51,88778099;"SPRF-PR";"DEL09-PR";"UOP01-DEL09-PR"
779541;2026-06-18;"quinta-feira";"18:40:00";"PE";428;44,8;"OROCO";"Ausência de reação do condutor";"Colisão traseira";"Com Vítimas Fatais";"Plena Noite";"Crescente";"Céu Claro";"Simples";"Ponte;Reta";"Não";2;1;0;0;0;1;0;2;-8,5847732;-39,5863477;"SPRF-PE";"DEL05-PE";"UOP03-DEL05-PE"
779542;2026-06-18;"quinta-feira";"20:00:00";"PR";369;184;"ARAPONGAS";"Acessar a via sem observar a presença dos outros veículos";"Colisão traseira";"Sem Vítimas";"Plena Noite";"Decrescente";"Céu Claro";"Simples";"Reta;Retorno Regulamentado";"Não";3;0;0;0;3;0;0;2;-23,39558681;-51,42471671;"SPRF-PR";"DEL07-PR";"UOP03-DEL07-PR"
779543;2026-06-14;"domingo";"04:00:00";"BA";110;400;"SAO SEBASTIAO DO PASSE";"Ausência de reação do condutor";"Capotamento";"Com Vítimas Feridas";"Plena Noite";"Crescente";"Céu Claro";"Simples";"Reta";"Não";1;0;1;0;0;0;1;1;-12,558443;-38,52433054;"SPRF-BA";"DEL01-BA";"UOP01-DEL01-BA"
779544;2026-06-18;"quinta-feira";"13:40:00";"MS";163;234;"CAARAPO";"Reação tardia ou ineficiente do condutor";"Tombamento";"Com Vítimas Feridas";"Pleno dia";"Decrescente";"Céu Claro";"Dupla";"Reta";"Não";1;0;0;1;0;0;1;1;-22,43245086;-54,81611252;"SPRF-MS";"DEL04-MS";"UOP02-DEL04-MS"
779545;2026-06-18;"quinta-feira";"20:30:00";"PR";277;5;"FOZ DO IGUACU";"Velocidade Incompatível";"Colisão com objeto";"Com Vítimas Feridas";"Plena Noite";"Decrescente";"Céu Claro";"Simples";"Reta";"Sim";1;0;0;1;0;0;1;1;-25,5338114;-54,52845097;"SPRF-PR";"DEL05-PR";"UOP04-DEL05-PR"
779546;2026-06-18;"quinta-feira";"19:20:00";"SP";101;52;"UBATUBA";"Pedestre cruzava a pista fora da faixa";"Atropelamento de Pedestre";"Com Vítimas Feridas";"Plena Noite";"Decrescente";"Céu Claro";"Simples";"Reta";"Não";2;0;1;0;0;1;1;2;-23,466519;-45,062542;"SPRF-SP";"DEL06-SP";"UOP01-DEL06-SP"
779547;2026-06-18;"quinta-feira";"19:00:00";"SC";470;68;"INDAIAL";"Ausência de reação do condutor";"Colisão lateral mesmo sentido";"Com Vítimas Feridas";"Plena Noite";"Decrescente";"Céu Claro";"Dupla";"Reta";"Sim";2;0;1;0;0;1;1;2;-26,88048285;-49,24263088;"SPRF-SC";"DEL04-SC";"UOP01-DEL04-SC"
779548;2026-06-18;"quinta-feira";"19:10:00";"RS";153;592;"BAGE";"Velocidade Incompatível";"Saída de leito carroçável";"Com Vítimas Feridas";"Plena Noite";"Crescente";"Garoa/Chuvisco";"Simples";"Reta";"Não";1;0;1;0;0;0;1;1;-31,128923;-53,788333;"SPRF-RS";"DEL11-RS";"UOP03-DEL11-RS"
779550;2026-06-18;"quinta-feira";"20:00:00";"SE";101;177;"SANTA LUZIA DO ITANHY";"Reação tardia ou ineficiente do condutor";"Saída de leito carroçável";"Com Vítimas Fatais";"Plena Noite";"Crescente";"Nublado";"Simples";"Reta";"Sim";1;1;0;0;0;0;0;1;-11,3623;-37,62125;"SPRF-SE";"DEL02-SE";"UOP03-DEL02-SE"
779551;2026-06-18;"quinta-feira";"19:30:00";"RJ";40;24;"TRES RIOS";"Ausência de reação do condutor";"Colisão com objeto";"Com Vítimas Feridas";"Plena Noite";"Decrescente";"Céu Claro";"Dupla";"Curva";"Sim";5;0;2;3;0;0;5;1;-22,14531112;-43,15801475;"SPRF-RJ";"DEL05-RJ";"UOP02-DEL05-RJ"
779552;2026-06-18;"quinta-feira";"20:25:00";"PB";104;161,2;"BARRA DE SANTANA";"Acessar a via sem observar a presença dos outros veículos";"Colisão transversal";"Com Vítimas Feridas";"Plena Noite";"Crescente";"Céu Claro";"Simples";"Reta";"Sim";2;0;0;1;1;0;1;2;-7,52343387;-35,99135963;"SPRF-PB";"DEL02-PB";"UOP03-DEL02-PB"
779554;2026-06-18;"quinta-feira";"17:00:00";"BA";110;350;"ALAGOINHAS";"Transitar na contramão";"Colisão frontal";"Com Vítimas Feridas";"Anoitecer";"Decrescente";"Céu Claro";"Simples";"Reta";"Não";2;0;0;1;0;1;1;2;-12,227435;-38,412588;"SPRF-BA";"DEL01-BA";"UOP04-DEL01-BA"
779555;2026-06-18;"quinta-feira";"18:15:00";"SC";470;143;"RIO DO SUL";"Acessar a via sem observar a presença dos outros veículos";"Colisão lateral mesmo sentido";"Sem Vítimas";"Plena Noite";"Decrescente";"Céu Claro";"Simples";"Curva";"Sim";2;0;0;0;2;0;0;2;-27,21669;-49,654182;"SPRF-SC";"DEL04-SC";"UOP02-DEL04-SC"