"id";"data_inversa";"dia_semana";"horario";"uf";"br";"km";"municipio";"causa_acidente";"tipo_acidente";"classificacao_acidente";"fase_dia";"sentido_via";"condicao_metereologica";"tipo_pista";"tracado_via";"uso_solo";"pessoas";"mortos";"feridos_leves";"feridos_graves";"ilesos";"ignorados";"feridos";"veiculos";"latitude";"longitude";"regional";"delegacia";"uop"
779670;2026-06-19;"sexta-feira";"14:00:00";"CE";304;45;"ARACATI";"Acessar a via sem observar a presença dos outros veículos";"Colisão transversal";"Com Vítimas Feridas";"Pleno dia";"Crescente";"Céu Claro";"Simples";"Reta;Retorno Regulamentado";"Não";2;0;0;1;1;0;1;2;-4,57505602;-37,79810635;"SPRF-CE";"DEL03-CE";"UOP02-DEL03-CE"
779671;2026-06-19;"sexta-feira";"09:10:00";"SC";101;211,1;"PALHOCA";"Acumulo de areia ou detritos sobre o pavimento";"Queda de ocupante de veículo";"Com Vítimas Feridas";"Pleno dia";"Crescente";"Nublado";"Dupla";"Reta";"Sim";1;0;1;0;0;0;1;1;-27,624947;-48,654221;"SPRF-SC";"DEL01-SC";"UOP02-DEL01-SC"
779672;2026-06-19;"sexta-feira";"14:00:00";"ES";101;287,9;"CARIACICA";"Avarias e/ou desgaste excessivo no pneu";"Tombamento";"Com Vítimas Feridas";"Pleno dia";"Crescente";"Céu Claro";"Dupla";"Reta";"Sim";2;0;2;0;0;0;2;1;-20,270987;-40,390682;"SPRF-ES";"DEL01-ES";"UOP01-DEL01-ES"
779673;2026-06-19;"sexta-feira";"14:00:00";"BA";324;607;"SIMOES FILHO";"Acessar a via sem observar a presença dos outros veículos";"Colisão lateral mesmo sentido";"Com Vítimas Feridas";"Pleno dia";"Decrescente";"Céu Claro";"Dupla";"Reta";"Sim";3;0;2;0;1;0;2;2;-12,814486;-38,405556;"SPRF-BA";"DEL01-BA";"UOP01-DEL01-BA"
779674;2026-06-19;"sexta-feira";"11:25:00";"PR";163;153;"SANTA LUCIA";"Pista Escorregadia";"Saída de leito carroçável";"Com Vítimas Feridas";"Pleno dia";"Decrescente";"Chuva";"Dupla";"Declive;Reta";"Não";4;0;1;0;3;0;1;1;-25,3781;-53,5757;"SPRF-PR";"DEL05-PR";"UOP05-DEL05-PR"
779675;2026-06-19;"sexta-feira";"14:30:00";"ES";101;144,3;"LINHARES";"Manobra de mudança de faixa";"Colisão traseira";"Com Vítimas Feridas";"Pleno dia";"Decrescente";"Céu Claro";"Dupla";"Reta";"Não";3;0;1;0;2;0;1;2;-19,35916631;-40,06425429;"SPRF-ES";"DEL04-ES";"UOP01-DEL04-ES"
779677;2026-06-19;"sexta-feira";"14:45:00";"MG";381;740,3;"SOLEDADE DE MINAS";"Reação tardia ou ineficiente do condutor";"Capotamento";"Com Vítimas Feridas";"Pleno dia";"Decrescente";"Sol";"Dupla";"Reta";"Não";2;0;2;0;0;0;2;1;-22;-45;"SPRF-MG";"DEL16-MG";"UOP02-DEL16-MG"
779678;2026-06-19;"sexta-feira";"14:00:00";"MG";354;728,3;"POUSO ALTO";"Ultrapassagem Indevida";"Colisão traseira";"Com Vítimas Feridas";"Pleno dia";"Decrescente";"Céu Claro";"Simples";"Curva;Aclive";"Não";3;0;1;0;2;0;1;3;-22,146582;-44,966265;"SPRF-MG";"DEL17-MG";"UOP01-DEL17-MG"
779679;2026-06-19;"sexta-feira";"14:09:00";"BA";235;352,7;"JUAZEIRO";"Acesso irregular";"Colisão transversal";"Com Vítimas Feridas";"Pleno dia";"Crescente";"Sol";"Dupla";"Rotatória";"Sim";2;0;1;0;1;0;1;2;-9,43327603;-40,50200908;"SPRF-PE";"DEL06-PE";"UOP01-DEL06-PE"
779682;2026-06-19;"sexta-feira";"15:00:00";"SC";101;72,5;"ARAQUARI";"Manobra de mudança de faixa";"Colisão lateral mesmo sentido";"Com Vítimas Feridas";"Pleno dia";"Decrescente";"Céu Claro";"Dupla";"Reta";"Sim";2;0;1;0;1;0;1;2;-26,532748;-48,713802;"SPRF-SC";"DEL03-SC";"UOP02-DEL03-SC"
779684;2026-06-19;"sexta-feira";"15:00:00";"PR";369;191,4;"ARAPONGAS";"Ausência de reação do condutor";"Colisão traseira";"Com Vítimas Feridas";"Pleno dia";"Decrescente";"Nublado";"Dupla";"Retorno Regulamentado;Reta";"Não";2;0;1;0;1;0;1;2;-23,44875;-51,42321;"SPRF-PR";"DEL07-PR";"UOP03-DEL07-PR"
779685;2026-06-19;"sexta-feira";"14:00:00";"SC";280;22;"ARAQUARI";"Reação tardia ou ineficiente do condutor";"Colisão lateral mesmo sentido";"Com Vítimas Feridas";"Pleno dia";"Decrescente";"Céu Claro";"Simples";"Reta";"Não";2;0;0;1;1;0;1;2;-26,371345;-48,709502;"SPRF-SC";"DEL03-SC";"UOP03-DEL03-SC"
779687;2026-06-19;"sexta-feira";"15:00:00";"BA";101;173;"FEIRA DE SANTANA";"Ausência de reação do condutor";"Colisão traseira";"Sem Vítimas";"Pleno dia";"Crescente";"Céu Claro";"Simples";"Reta";"Não";2;0;0;0;1;1;0;2;-12,36682503;-38,8690567;"SPRF-BA";"DEL11-BA";"UOP02-DEL11-BA"
779689;2026-06-19;"sexta-feira";"09:10:00";"RJ";116;182;"NOVA IGUACU";"Condutor deixou de manter distância do veículo da frente";"Colisão traseira";"Com Vítimas Feridas";"Pleno dia";"Crescente";"Céu Claro";"Dupla";"Reta";"Sim";2;0;1;0;1;0;1;2;-22,76225251;-43,42208862;"SPRF-RJ";"DEL06-RJ";"UOP01-DEL06-RJ"
779691;2026-06-05;"sexta-feira";"05:20:00";"SC";101;41;"JOINVILLE";"Manobra de mudança de faixa";"Saída de leito carroçável";"Com Vítimas Feridas";"Amanhecer";"Crescente";"Ignorado";"Simples";"Interseção de Vias";"Não";1;0;1;0;0;0;1;1;-26,323226;-48,86818;"SPRF-SC";"DEL03-SC";"UOP01-DEL03-SC"
779692;2026-05-31;"domingo";"13:30:00";"GO";60;138;"GOIANAPOLIS";"Desrespeitar a preferência no cruzamento";"Colisão transversal";"Com Vítimas Feridas";"Pleno dia";"Crescente";"Céu Claro";"Simples";"Reta";"Sim";3;0;1;0;2;0;1;2;-16,57470565;-49,15970198;"SPRF-GO";"DEL01-GO";"UOP01-DEL01-GO"
779694;2026-06-19;"sexta-feira";"15:30:00";"RS";392;11;"RIO GRANDE";"Mal súbito do condutor";"Saída de leito carroçável";"Sem Vítimas";"Pleno dia";"Decrescente";"Garoa/Chuvisco";"Dupla";"Reta";"Não";1;0;0;0;1;0;0;1;-32,117684;-52,12372;"SPRF-RS";"DEL07-RS";"UOP02-DEL07-RS"
779695;2026-06-19;"sexta-feira";"16:30:00";"DF";60;3;"BRASILIA";"Acessar a via sem observar a presença dos outros veículos";"Colisão lateral mesmo sentido";"Com Vítimas Feridas";"Pleno dia";"Decrescente";"Céu Claro";"Dupla";"Declive;Reta";"Sim";2;0;0;1;1;0;1;2;-15,892445;-48,094728;"SPRF-DF";"DEL03-DF";"UOP01-DEL03-DF"
779696;2026-06-19;"sexta-feira";"16:00:00";"PR";116;130,1;"FAZENDA RIO GRANDE";"Ingestão de álcool pelo condutor";"Colisão traseira";"Sem Vítimas";"Pleno dia";"Decrescente";"Nublado";"Dupla";"Reta";"Não";6;0;0;0;4;2;0;3;-25,675552;-49,315496;"SPRF-PR";"DEL01-PR";"UOP03-DEL01-PR"
779697;2026-06-19;"sexta-feira";"16:38:00";"PB";101;90,5;"JOAO PESSOA";"Ausência de reação do condutor";"Colisão traseira";"Com Vítimas Feridas";"Pleno dia";"Decrescente";"Céu Claro";"Dupla";"Reta";"Sim";2;0;1;0;1;0;1;2;-7,18465385;-34,90175928;"SPRF-PB";"DEL01-PB";"UOP01-DEL01-PB"
779699;2026-05-30;"sábado";"16:00:00";"SC";101;333,5;"TUBARAO";"Desrespeitar a preferência no cruzamento";"Colisão transversal";"Com Vítimas Feridas";"Pleno dia";"Decrescente";"Nublado";"Múltipla";"Rotatória";"Sim";2;0;1;0;1;0;1;2;-28,46952557;-49,01511549;"SPRF-SC";"DEL02-SC";"UOP01-DEL02-SC"
779700;2026-06-19;"sexta-feira";"16:00:00";"GO";153;367;"JARAGUA";"Ausência de reação do condutor";"Engavetamento";"Com Vítimas Feridas";"Pleno dia";"Decrescente";"Céu Claro";"Dupla";"Reta";"Não";7;0;1;0;6;0;1;3;-15,8272311;-49,2811657;"SPRF-GO";"DEL02-GO";"UOP02-DEL02-GO"
779701;2026-06-19;"sexta-feira";"15:30:00";"PR";369;474,2;"CORBELIA";"Avarias e/ou desgaste excessivo no pneu";"Colisão transversal";"Com Vítimas Feridas";"Pleno dia";"Crescente";"Chuva";"Simples";"Curva";"Não";5;0;2;0;3;0;2;2;-24,70675929;-53,2394886;"SPRF-PR";"DEL04-PR";"UOP03-DEL04-PR"
779702;2026-06-19;"sexta-feira";"16:45:00";"BA";367;83,5;"EUNAPOLIS";"Condutor deixou de manter distância do veículo da frente";"Colisão traseira";"Com Vítimas Feridas";"Pleno dia";"Decrescente";"Sol";"Simples";"Reta";"Sim";3;0;1;0;2;0;1;2;-16,373853;-39,575745;"SPRF-BA";"DEL09-BA";"UOP03-DEL09-BA"
779704;2026-06-19;"sexta-feira";"15:00:00";"PB";230;183,7;"BOA VISTA";"Reação tardia ou ineficiente do condutor";"Colisão traseira";"Com Vítimas Feridas";"Pleno dia";"Crescente";"Céu Claro";"Dupla";"Reta;Desvio Temporário;Em Obras";"Não";2;0;1;0;1;0;1;2;-7,152924;-36,102217;"SPRF-PB";"DEL02-PB";"UOP02-DEL02-PB"
779705;2026-06-19;"sexta-feira";"16:20:00";"RJ";40;120;"DUQUE DE CAXIAS";"Ausência de reação do condutor";"Queda de ocupante de veículo";"Com Vítimas Feridas";"Pleno dia";"Decrescente";"Céu Claro";"Dupla";"Reta";"Sim";1;0;1;0;0;0;1;1;-22,78177051;-43,28563339;"SPRF-RJ";"DEL01-RJ";"UOP02-DEL01-RJ"
779706;2026-06-19;"sexta-feira";"16:30:00";"ES";101;159,2;"LINHARES";"Acessar a via sem observar a presença dos outros veículos";"Colisão transversal";"Com Vítimas Fatais";"Anoitecer";"Crescente";"Céu Claro";"Simples";"Reta;Rotatória";"Sim";3;1;0;0;2;0;0;3;-19,46987094;-40,11112421;"SPRF-ES";"DEL04-ES";"UOP01-DEL04-ES"
779707;2026-06-19;"sexta-feira";"14:55:00";"RJ";40;23;"TRES RIOS";"Mal súbito do condutor";"Saída de leito carroçável";"Com Vítimas Feridas";"Pleno dia";"Decrescente";"Céu Claro";"Dupla";"Curva";"Sim";3;0;1;2;0;0;3;1;-22,1425215;-43,1588797;"SPRF-RJ";"DEL05-RJ";"UOP02-DEL05-RJ"
779710;2026-06-19;"sexta-feira";"17:30:00";"RJ";116;174;"SAO JOAO DE MERITI";"Condutor deixou de manter distância do veículo da frente";"Colisão traseira";"Com Vítimas Feridas";"Plena Noite";"Decrescente";"Céu Claro";"Dupla";"Reta";"Sim";4;0;1;0;3;0;1;4;-22,790585;-43,3710033;"SPRF-RJ";"DEL06-RJ";"UOP01-DEL06-RJ"
779711;2026-06-19;"sexta-feira";"14:33:00";"PR";277;581,5;"CASCAVEL";"Velocidade Incompatível";"Colisão lateral mesmo sentido";"Com Vítimas Feridas";"Pleno dia";"Decrescente";"Chuva";"Dupla";"Declive;Curva";"Sim";25;0;12;3;9;1;15;3;-24,98310167;-53,3615613;"SPRF-PR";"DEL04-PR";"UOP01-DEL04-PR"
779712;2026-06-19;"sexta-feira";"17:00:00";"MA";135;48,6;"BACABEIRA";"Avarias e/ou desgaste excessivo no pneu";"Saída de leito carroçável";"Sem Vítimas";"Pleno dia";"Crescente";"Ignorado";"Dupla";"Aclive;Reta";"Não";1;0;0;0;0;1;0;1;-2,9503;-44,32628;"SPRF-MA";"DEL01-MA";"UOP01-DEL01-MA"
779713;2026-06-19;"sexta-feira";"12:35:00";"RS";290;232;"RIO PARDO";"Ausência de reação do condutor";"Colisão com objeto";"Com Vítimas Feridas";"Pleno dia";"Decrescente";"Garoa/Chuvisco";"Simples";"Ponte;Reta";"Não";1;0;1;0;0;0;1;1;-30,21177511;-52,53548384;"SPRF-RS";"DEL02-RS";"UOP03-DEL02-RS"
779714;2026-06-19;"sexta-feira";"17:01:00";"RN";304;304,6;"PARNAMIRIM";"Acessar a via sem observar a presença dos outros veículos";"Colisão lateral mesmo sentido";"Com Vítimas Feridas";"Anoitecer";"Crescente";"Nublado";"Dupla";"Reta";"Não";2;0;1;0;1;0;1;2;-5,88642;-35,276967;"SPRF-RN";"DEL01-RN";"UOP02-DEL01-RN"
779715;2026-06-19;"sexta-feira";"16:45:00";"SC";116;142;"SANTA CECILIA";"Acesso irregular";"Colisão frontal";"Com Vítimas Feridas";"Pleno dia";"Crescente";"Chuva";"Simples";"Reta";"Sim";2;0;1;1;0;0;2;2;-26,9791557;-50,3952572;"SPRF-SC";"DEL06-SC";"UOP02-DEL06-SC"
779717;2026-06-19;"sexta-feira";"16:30:00";"PR";476;145;"CURITIBA";"Manobra de mudança de faixa";"Colisão lateral mesmo sentido";"Com Vítimas Feridas";"Pleno dia";"Crescente";"Céu Claro";"Dupla";"Reta";"Não";3;0;1;0;1;1;1;3;-25,545377;-49,316778;"SPRF-PR";"DEL01-PR";"UOP06-DEL01-PR"
779718;2026-06-03;"quarta-feira";"23:00:00";"MT";174;353;"CONQUISTA DOESTE";"Animais na Pista";"Atropelamento de Animal";"Com Vítimas Feridas";"Plena Noite";"Crescente";"Céu Claro";"Simples";"Reta";"Não";2;0;2;0;0;0;2;1;-14,827651;-59,320166;"SPRF-MT";"DEL04-MT";"UOP01-DEL04-MT"
779719;2026-06-19;"sexta-feira";"17:35:00";"MA";135;13,6;"SAO LUIS";"Demais falhas na via";"Tombamento";"Com Vítimas Feridas";"Pleno dia";"Crescente";"Nublado";"Dupla";"Aclive;Reta";"Sim";1;0;0;1;0;0;1;1;-2,685477;-44,297703;"SPRF-MA";"DEL01-MA";"UOP01-DEL01-MA"
779720;2026-06-19;"sexta-feira";"17:30:00";"ES";101;68,4;"SAO MATEUS";"Reação tardia ou ineficiente do condutor";"Tombamento";"Com Vítimas Feridas";"Anoitecer";"Decrescente";"Céu Claro";"Simples";"Aclive;Reta";"Não";1;0;0;1;0;0;1;1;-18,73294961;-39,86045536;"SPRF-ES";"DEL04-ES";"UOP02-DEL04-ES"
779721;2026-06-19;"sexta-feira";"16:25:00";"RS";285;269;"MATO CASTELHANO";"Manobra de mudança de faixa";"Saída de leito carroçável";"Com Vítimas Feridas";"Pleno dia";"Decrescente";"Nublado";"Simples";"Reta";"Não";3;0;1;0;1;1;1;2;-28,30156393;-52,14531295;"SPRF-RS";"DEL08-RS";"UOP03-DEL08-RS"
779722;2026-06-19;"sexta-feira";"16:45:00";"RJ";101;478;"ANGRA DOS REIS";"Ausência de reação do condutor";"Atropelamento de Pedestre";"Com Vítimas Feridas";"Pleno dia";"Crescente";"Céu Claro";"Simples";"Curva";"Sim";2;0;0;2;0;0;2;2;-23,00548812;-44,27696228;"SPRF-RJ";"DEL03-RJ";"UOP03-DEL03-RJ"
779723;2026-06-19;"sexta-feira";"17:30:00";"PB";104;114,8;"LAGOA SECA";"Acessar a via sem observar a presença dos outros veículos";"Colisão transversal";"Com Vítimas Feridas";"Anoitecer";"Decrescente";"Garoa/Chuvisco";"Simples";"Interseção de Vias;Reta";"Sim";2;0;1;0;1;0;1;2;-7,16036;-35,856675;"SPRF-PB";"DEL02-PB";"UOP04-DEL02-PB"
779724;2026-06-19;"sexta-feira";"14:28:00";"MA";226;178;"GOVERNADOR EUGENIO BARROS";"Avarias e/ou desgaste excessivo no pneu";"Saída de leito carroçável";"Sem Vítimas";"Pleno dia";"Crescente";"Céu Claro";"Simples";"Reta";"Não";1;0;0;0;0;1;0;1;-5,343692;-44,291085;"SPRF-MA";"DEL06-MA";"UOP01-DEL06-MA"
779725;2026-06-19;"sexta-feira";"18:30:00";"SC";280;30,8;"ARAQUARI";"Acessar a via sem observar a presença dos outros veículos";"Colisão transversal";"Com Vítimas Feridas";"Anoitecer";"Decrescente";"Nublado";"Simples";"Reta";"Não";2;0;0;1;1;0;1;2;-26,41524034;-48,76831055;"SPRF-SC";"DEL03-SC";"UOP03-DEL03-SC"
779726;2026-06-19;"sexta-feira";"14:40:00";"SC";101;32;"JOINVILLE";"Trafegar com motocicleta (ou similar) entre as faixas";"Colisão traseira";"Com Vítimas Feridas";"Pleno dia";"Decrescente";"Nublado";"Dupla";"Reta";"Não";2;0;1;0;1;0;1;2;-26,25137142;-48,90816562;"SPRF-SC";"DEL03-SC";"UOP01-DEL03-SC"
779727;2026-06-19;"sexta-feira";"18:40:00";"MG";381;501;"BETIM";"Velocidade Incompatível";"Colisão traseira";"Sem Vítimas";"Plena Noite";"Crescente";"Ignorado";"Múltipla";"Declive;Reta";"Sim";2;0;0;0;2;0;0;2;-20,010678;-44,219073;"SPRF-MG";"DEL01-MG";"UOP03-DEL01-MG"
779728;2026-06-03;"quarta-feira";"22:55:00";"SC";470;10;"NAVEGANTES";"Pedestre andava na pista";"Atropelamento de Pedestre";"Com Vítimas Feridas";"Plena Noite";"Decrescente";"Ignorado";"Múltipla";"Reta";"Não";2;0;0;1;1;0;1;2;-26,85912581;-48,68910877;"SPRF-SC";"DEL04-SC";"UOP04-DEL04-SC"
779729;2026-06-19;"sexta-feira";"19:00:00";"SC";101;202;"SAO JOSE";"Reação tardia ou ineficiente do condutor";"Colisão traseira";"Com Vítimas Feridas";"Plena Noite";"Decrescente";"Céu Claro";"Múltipla";"Reta";"Sim";5;0;1;0;4;0;1;3;-27,55393;-48,61935;"SPRF-SC";"DEL01-SC";"UOP01-DEL01-SC"
779730;2026-06-19;"sexta-feira";"16:30:00";"PR";277;3;"CURITIBA";"Ultrapassagem Indevida";"Colisão transversal";"Com Vítimas Feridas";"Anoitecer";"Crescente";"Nublado";"Simples";"Reta";"Não";2;0;0;1;1;0;1;2;-25,430315;-49,336868;"SPRF-PR";"DEL01-PR";"UOP05-DEL01-PR"
779732;2026-06-19;"sexta-feira";"16:30:00";"RJ";116;79;"TERESOPOLIS";"Conversão proibida";"Colisão transversal";"Com Vítimas Feridas";"Pleno dia";"Crescente";"Céu Claro";"Simples";"Reta";"Não";3;0;1;1;1;0;2;2;-22,38083778;-42,95397727;"SPRF-RJ";"DEL04-RJ";"UOP01-DEL04-RJ"
779734;2026-06-19;"sexta-feira";"19:30:00";"SC";101;203,7;"SAO JOSE";"Manobra de mudança de faixa";"Colisão traseira";"Com Vítimas Feridas";"Plena Noite";"Decrescente";"Céu Claro";"Múltipla";"Reta";"Sim";2;0;1;0;1;0;1;2;-27,57207;-48,61361;"SPRF-SC";"DEL01-SC";"UOP01-DEL01-SC"
779735;2026-06-19;"sexta-feira";"19:02:00";"SP";116;369;"MIRACATU";"Reação tardia ou ineficiente do condutor";"Tombamento";"Com Vítimas Feridas";"Plena Noite";"Crescente";"Céu Claro";"Dupla";"Reta";"Sim";1;0;1;0;0;0;1;1;-24,150435;-47,3140799;"SPRF-SP";"DEL04-SP";"UOP02-DEL04-SP"
779736;2026-06-19;"sexta-feira";"18:00:00";"BA";101;744,5;"ITABELA";"Acessar a via sem observar a presença dos outros veículos";"Colisão transversal";"Com Vítimas Feridas";"Plena Noite";"Decrescente";"Céu Claro";"Simples";"Curva;Declive";"Sim";3;0;2;0;1;0;2;2;-16,570108;-39,55978;"SPRF-BA";"DEL09-BA";"UOP01-DEL09-BA"
779738;2026-06-19;"sexta-feira";"17:26:00";"RO";364;11;"VILHENA";"Desrespeitar a preferência no cruzamento";"Colisão transversal";"Com Vítimas Feridas";"Anoitecer";"Crescente";"Céu Claro";"Simples";"Reta";"Sim";2;0;0;1;1;0;1;2;-12,74665872;-60,11375105;"SPRF-RO";"DEL04-RO";"UOP01-DEL04-RO"
779740;2026-06-19;"sexta-feira";"15:50:00";"MG";116;413,9;"GOVERNADOR VALADARES";"Manobra de mudança de faixa";"Colisão transversal";"Sem Vítimas";"Pleno dia";"Crescente";"Céu Claro";"Simples";"Interseção de Vias";"Sim";2;0;0;0;2;0;0;2;-18,88318046;-41,95324156;"SPRF-MG";"DEL06-MG";"UOP01-DEL06-MG"
779742;2026-06-19;"sexta-feira";"19:16:00";"RN";101;159;"CANGUARETAMA";"Acessar a via sem observar a presença dos outros veículos";"Colisão frontal";"Com Vítimas Feridas";"Plena Noite";"Crescente";"Garoa/Chuvisco";"Dupla";"Reta";"Sim";2;0;0;1;1;0;1;2;-6,364367;-35,156267;"SPRF-RN";"DEL01-RN";"UOP01-DEL01-RN"
779745;2026-06-19;"sexta-feira";"18:30:00";"ES";262;158;"IBATIBA";"Ausência de reação do condutor";"Atropelamento de Pedestre";"Com Vítimas Feridas";"Plena Noite";"Crescente";"Céu Claro";"Simples";"Interseção de Vias;Reta";"Não";3;0;0;1;1;1;1;2;-20,232232;-41,503445;"SPRF-ES";"DEL01-ES";"UOP02-DEL01-ES"
779746;2026-06-19;"sexta-feira";"19:30:00";"SP";116;231;"SAO PAULO";"Pedestre cruzava a pista fora da faixa";"Atropelamento de Pedestre";"Com Vítimas Feridas";"Pleno dia";"Decrescente";"Céu Claro";"Múltipla";"Reta";"Sim";6;0;0;1;5;0;1;2;-23,52536;-46,58755;"SPRF-SP";"DEL01-SP";"UOP01-DEL01-SP"
779747;2026-06-19;"sexta-feira";"18:15:00";"PR";467;108;"CASCAVEL";"Transitar no Acostamento";"Colisão traseira";"Com Vítimas Feridas";"Plena Noite";"Crescente";"Chuva";"Dupla";"Aclive;Curva";"Não";3;0;1;0;2;0;1;2;-24,91895429;-53,48271873;"SPRF-PR";"DEL04-PR";"UOP01-DEL04-PR"
779748;2026-06-19;"sexta-feira";"17:40:00";"RJ";493;50;"DUQUE DE CAXIAS";"Ausência de reação do condutor";"Queda de ocupante de veículo";"Com Vítimas Feridas";"Plena Noite";"Decrescente";"Céu Claro";"Dupla";"Reta";"Não";1;0;1;0;0;0;1;1;-22,67149585;-43,29169474;"SPRF-RJ";"DEL01-RJ";"UOP03-DEL01-RJ"
779749;2026-06-19;"sexta-feira";"16:40:00";"MG";262;31,3;"REDUTO";"Transitar na contramão";"Colisão frontal";"Com Vítimas Feridas";"Pleno dia";"Crescente";"Céu Claro";"Simples";"Reta;Declive";"Não";2;0;0;1;1;0;1;2;-20,255304;-42,001089;"SPRF-MG";"DEL06-MG";"UOP03-DEL06-MG"
779750;2026-06-19;"sexta-feira";"19:20:00";"RS";285;122,2;"VACARIA";"Acessar a via sem observar a presença dos outros veículos";"Colisão lateral sentido oposto";"Sem Vítimas";"Plena Noite";"Decrescente";"Garoa/Chuvisco";"Simples";"Reta";"Sim";4;0;0;0;4;0;0;2;-28,505133;-50,944993;"SPRF-RS";"DEL05-RS";"UOP03-DEL05-RS"
779751;2026-06-19;"sexta-feira";"20:00:00";"RN";101;81,2;"SAO GONCALO DO AMARANTE";"Condutor deixou de manter distância do veículo da frente";"Colisão traseira";"Com Vítimas Feridas";"Plena Noite";"Crescente";"Céu Claro";"Dupla";"Reta";"Sim";4;0;1;0;3;0;1;3;-5,764516;-35,283744;"SPRF-RN";"DEL02-RN";"UOP01-DEL02-RN"
779753;2026-06-19;"sexta-feira";"20:05:00";"BA";116;420;"FEIRA DE SANTANA";"Manobra de mudança de faixa";"Atropelamento de Pedestre";"Com Vítimas Feridas";"Plena Noite";"Crescente";"Chuva";"Dupla";"Reta";"Sim";2;0;2;0;0;0;2;2;-12,20884;-38,96557;"SPRF-BA";"DEL02-BA";"UOP01-DEL02-BA"
779756;2026-06-19;"sexta-feira";"18:35:00";"RJ";101;453;"MANGARATIBA";"Deficiência do Sistema de Iluminação/Sinalização";"Colisão transversal";"Com Vítimas Feridas";"Pleno dia";"Decrescente";"Céu Claro";"Simples";"Reta";"Não";2;0;1;0;1;0;1;2;-23,03352;-44,14958;"SPRF-RJ";"DEL03-RJ";"UOP02-DEL03-RJ"
779757;2026-06-19;"sexta-feira";"20:05:00";"SP";116;282;"EMBU DAS ARTES";"Reação tardia ou ineficiente do condutor";"Colisão traseira";"Com Vítimas Feridas";"Plena Noite";"Crescente";"Céu Claro";"Dupla";"Reta";"Sim";3;0;1;0;1;1;1;3;-23,66548;-46,85462;"SPRF-SP";"DEL04-SP";"UOP01-DEL04-SP"
779758;2026-06-19;"sexta-feira";"20:09:00";"RN";110;46;"MOSSORO";"Manobra de mudança de faixa";"Colisão lateral mesmo sentido";"Com Vítimas Feridas";"Plena Noite";"Crescente";"Garoa/Chuvisco";"Simples";"Reta";"Sim";3;0;1;0;2;0;1;2;-5,200115;-37,320978;"SPRF-RN";"DEL04-RN";"UOP01-DEL04-RN"
779759;2026-06-19;"sexta-feira";"18:40:00";"MG";381;481;"CONTAGEM";"Condutor usando celular";"Engavetamento";"Com Vítimas Feridas";"Plena Noite";"Crescente";"Céu Claro";"Dupla";"Reta";"Sim";3;0;1;0;2;0;1;3;-19,95807609;-44,05758826;"SPRF-MG";"DEL01-MG";"UOP03-DEL01-MG"
779761;2026-06-19;"sexta-feira";"17:58:00";"RO";364;714;"PORTO VELHO";"Demais falhas mecânicas ou elétricas";"Incêndio";"Sem Vítimas";"Pleno dia";"Decrescente";"Céu Claro";"Dupla";"Aclive";"Sim";1;0;0;0;1;0;0;1;-8,77535;-63,887106;"SPRF-RO";"DEL01-RO";"UOP01-DEL01-RO"
779763;2026-06-19;"sexta-feira";"09:30:00";"AM";319;107,3;"CAREIRO";"Reação tardia ou ineficiente do condutor";"Saída de leito carroçável";"Com Vítimas Feridas";"Pleno dia";"Decrescente";"Céu Claro";"Simples";"Curva";"Não";4;0;3;1;0;0;4;1;-3,79586;-60,31252;"SPRF-AM";"DEL01-AM";"UOP04-DEL01-AM"
779765;2026-06-19;"sexta-feira";"16:15:00";"MG";40;143;"JOAO PINHEIRO";"Acesso irregular";"Colisão transversal";"Com Vítimas Feridas";"Pleno dia";"Crescente";"Céu Claro";"Simples";"Reta;Interseção de Vias";"Não";2;0;0;1;1;0;1;2;-17,748499;-46,172336;"SPRF-MG";"DEL14-MG";"UOP01-DEL14-MG"
779767;2026-06-19;"sexta-feira";"20:00:00";"DF";20;1;"BRASILIA";"Manobra de mudança de faixa";"Colisão lateral mesmo sentido";"Com Vítimas Feridas";"Plena Noite";"Decrescente";"Céu Claro";"Dupla";"Reta";"Sim";6;0;1;0;5;0;1;2;-15,68523326;-47,84919173;"SPRF-DF";"DEL02-DF";"UOP01-DEL02-DF"
779768;2026-06-19;"sexta-feira";"20:50:00";"RS";386;415;"MONTENEGRO";"Ingestão de álcool pelo condutor";"Colisão com objeto";"Sem Vítimas";"Plena Noite";"Decrescente";"Chuva";"Dupla";"Reta";"Não";1;0;0;0;1;0;0;1;-29,818236;-51,468456;"SPRF-RS";"DEL04-RS";"UOP02-DEL04-RS"
779769;2026-06-19;"sexta-feira";"19:50:00";"SP";381;79;"SAO PAULO";"Reação tardia ou ineficiente do condutor";"Colisão traseira";"Com Vítimas Feridas";"Plena Noite";"Decrescente";"Céu Claro";"Dupla";"Reta";"Sim";3;0;1;0;2;0;1;2;-23,407856;-46,580553;"SPRF-SP";"DEL03-SP";"UOP01-DEL03-SP"
779770;2026-06-19;"sexta-feira";"19:00:00";"MG";116;506;"UBAPORANGA";"Ausência de reação do condutor";"Colisão frontal";"Com Vítimas Feridas";"Plena Noite";"Crescente";"Céu Claro";"Simples";"Interseção de Vias";"Não";2;0;0;1;0;1;1;2;-19,61723;-42,11025;"SPRF-MG";"DEL06-MG";"UOP02-DEL06-MG"
779771;2026-06-19;"sexta-feira";"20:30:00";"SC";282;90;"ALFREDO WAGNER";"Ausência de reação do condutor";"Saída de leito carroçável";"Com Vítimas Feridas";"Plena Noite";"Decrescente";"Chuva";"Simples";"Reta";"Não";2;0;1;0;1;0;1;1;-27,6871;-49,22619;"SPRF-SC";"DEL01-SC";"UOP03-DEL01-SC"