"id";"data_inversa";"dia_semana";"horario";"uf";"br";"km";"municipio";"causa_acidente";"tipo_acidente";"classificacao_acidente";"fase_dia";"sentido_via";"condicao_metereologica";"tipo_pista";"tracado_via";"uso_solo";"pessoas";"mortos";"feridos_leves";"feridos_graves";"ilesos";"ignorados";"feridos";"veiculos";"latitude";"longitude";"regional";"delegacia";"uop"
780091;2026-06-21;"domingo";"06:45:00";"RS";285;315,9;"PASSO FUNDO";"Neblina";"Saída de leito carroçável";"Com Vítimas Feridas";"Pleno dia";"Decrescente";"Nevoeiro/Neblina";"Dupla";"Rotatória";"Não";2;0;1;0;1;0;1;1;-28,251;-52,5869;"SPRF-RS";"DEL08-RS";"UOP03-DEL08-RS"
780093;2026-06-21;"domingo";"08:00:00";"MG";262;390;"PARA DE MINAS";"Ingestão de álcool pelo condutor";"Colisão traseira";"Com Vítimas Feridas";"Pleno dia";"Decrescente";"Céu Claro";"Dupla";"Declive;Reta";"Não";7;0;4;0;1;2;4;4;-19,898;-44,5611;"SPRF-MG";"DEL01-MG";"UOP03-DEL01-MG"
780094;2026-06-21;"domingo";"02:30:00";"MT";364;531,8;"ROSARIO OESTE";"Reação tardia ou ineficiente do condutor";"Saída de leito carroçável";"Com Vítimas Feridas";"Plena Noite";"Decrescente";"Céu Claro";"Simples";"Reta;Aclive";"Não";1;0;1;0;0;0;1;1;-14,92414;-56,480874;"SPRF-MT";"DEL01-MT";"UOP01-DEL01-MT"
780095;2026-06-20;"sábado";"11:50:00";"RJ";116;41;"SAO JOSE DO VALE DO RIO PRETO";"Ausência de reação do condutor";"Colisão traseira";"Com Vítimas Feridas";"Pleno dia";"Crescente";"Nublado";"Simples";"Reta";"Não";2;0;0;2;0;0;2;2;-22,13306774;-42,77947275;"SPRF-RJ";"DEL04-RJ";"UOP01-DEL04-RJ"
780096;2026-06-21;"domingo";"07:50:00";"RS";472;577;"URUGUAIANA";"Reação tardia ou ineficiente do condutor";"Tombamento";"Com Vítimas Feridas";"Amanhecer";"Decrescente";"Nublado";"Simples";"Rotatória";"Sim";4;0;1;0;3;0;1;2;-29,78029698;-57,06379144;"SPRF-RS";"DEL13-RS";"UOP01-DEL13-RS"
780097;2026-06-21;"domingo";"08:30:00";"MG";40;526,5;"CONTAGEM";"Manobra de mudança de faixa";"Colisão lateral mesmo sentido";"Com Vítimas Feridas";"Pleno dia";"Crescente";"Céu Claro";"Múltipla";"Reta";"Sim";2;0;1;0;1;0;1;2;-19,89630597;-44,04988289;"SPRF-MG";"DEL01-MG";"UOP02-DEL01-MG"
780098;2026-06-21;"domingo";"06:45:00";"MT";364;1186;"CAMPOS DE JULIO";"Avarias e/ou desgaste excessivo no pneu";"Queda de ocupante de veículo";"Com Vítimas Feridas";"Amanhecer";"Crescente";"Céu Claro";"Simples";"Reta";"Não";1;0;0;1;0;0;1;1;-13,7381199;-59,2612493;"SPRF-MT";"DEL04-MT";"UOP02-DEL04-MT"
780099;2026-06-21;"domingo";"06:30:00";"MS";163;205,5;"CAARAPO";"Ausência de reação do condutor";"Saída de leito carroçável";"Sem Vítimas";"Pleno dia";"Crescente";"Céu Claro";"Simples";"Reta";"Não";3;0;0;0;3;0;0;1;-22,65812502;-54,80317052;"SPRF-MS";"DEL04-MS";"UOP02-DEL04-MS"
780100;2026-06-21;"domingo";"01:00:00";"BA";410;2;"RIBEIRA DO POMBAL";"Ingestão de álcool pelo condutor";"Queda de ocupante de veículo";"Com Vítimas Feridas";"Plena Noite";"Crescente";"Céu Claro";"Simples";"Curva";"Sim";1;0;1;0;0;0;1;1;-10,82543427;-38,54653001;"SPRF-BA";"DEL07-BA";"UOP02-DEL07-BA"
780101;2026-06-21;"domingo";"06:05:00";"SC";280;298,4;"PORTO UNIAO";"Transitar na contramão";"Colisão frontal";"Com Vítimas Fatais";"Amanhecer";"Decrescente";"Garoa/Chuvisco";"Simples";"Reta;Aclive";"Não";4;2;0;0;2;0;0;2;-26,28331001;-51,00765467;"SPRF-SC";"DEL06-SC";"UOP04-DEL06-SC"
780102;2026-06-20;"sábado";"18:40:00";"RJ";40;112;"DUQUE DE CAXIAS";"Acessar a via sem observar a presença dos outros veículos";"Colisão traseira";"Com Vítimas Feridas";"Plena Noite";"Crescente";"Céu Claro";"Simples";"Reta";"Sim";2;0;1;0;1;0;1;2;-22,70462204;-43,29059601;"SPRF-RJ";"DEL01-RJ";"UOP02-DEL01-RJ"
780103;2026-06-21;"domingo";"08:25:00";"PR";277;598,5;"CASCAVEL";"Neblina";"Colisão com objeto";"Com Vítimas Feridas";"Pleno dia";"Decrescente";"Nevoeiro/Neblina";"Dupla";"Reta";"Não";1;0;0;1;0;0;1;1;-24,988165;-53,507825;"SPRF-PR";"DEL04-PR";"UOP01-DEL04-PR"
780104;2026-06-21;"domingo";"09:20:00";"ES";101;307,9;"VIANA";"Reação tardia ou ineficiente do condutor";"Tombamento";"Com Vítimas Feridas";"Pleno dia";"Crescente";"Céu Claro";"Dupla";"Reta";"Não";1;0;1;0;0;0;1;1;-20,40797295;-40,45837641;"SPRF-ES";"DEL01-ES";"UOP01-DEL01-ES"
780105;2026-06-21;"domingo";"07:15:00";"RO";364;199,5;"PIMENTA BUENO";"Ingestão de álcool pelo condutor";"Colisão traseira";"Com Vítimas Feridas";"Pleno dia";"Crescente";"Céu Claro";"Simples";"Rotatória";"Sim";2;0;1;0;1;0;1;2;-11,65731488;-61,19148429;"SPRF-RO";"DEL02-RO";"UOP02-DEL02-RO"
780106;2026-06-21;"domingo";"09:00:00";"MG";40;519,6;"CONTAGEM";"Velocidade Incompatível";"Saída de leito carroçável";"Com Vítimas Feridas";"Pleno dia";"Decrescente";"Céu Claro";"Dupla";"Reta";"Sim";2;0;0;2;0;0;2;1;-19,84513;-44,073852;"SPRF-MG";"DEL01-MG";"UOP02-DEL01-MG"
780107;2026-06-21;"domingo";"08:28:00";"RO";364;240,1;"CACOAL";"Velocidade Incompatível";"Colisão transversal";"Com Vítimas Feridas";"Pleno dia";"Decrescente";"Céu Claro";"Simples";"Reta;Interseção de Vias";"Sim";2;0;1;0;1;0;1;2;-11,436522;-61,472158;"SPRF-RO";"DEL02-RO";"UOP02-DEL02-RO"
780109;2026-06-21;"domingo";"09:40:00";"ES";101;279;"SERRA";"Avarias e/ou desgaste excessivo no pneu";"Tombamento";"Com Vítimas Feridas";"Pleno dia";"Crescente";"Céu Claro";"Dupla";"Reta";"Não";2;0;2;0;0;0;2;1;-20,218485;-40,348588;"SPRF-ES";"DEL02-ES";"UOP01-DEL02-ES"
780110;2026-06-21;"domingo";"00:30:00";"MT";163;752;"SORRISO";"Condutor Dormindo";"Saída de leito carroçável";"Com Vítimas Feridas";"Plena Noite";"Crescente";"Céu Claro";"Dupla";"Reta";"Sim";4;0;4;0;0;0;4;1;-12,549692;-55,712379;"SPRF-MT";"DEL06-MT";"UOP01-DEL06-MT"
780111;2026-06-21;"domingo";"04:15:00";"MA";230;376,9;"BALSAS";"Transitar na contramão";"Colisão frontal";"Com Vítimas Fatais";"Plena Noite";"Decrescente";"Céu Claro";"Simples";"Declive;Reta";"Não";3;1;2;0;0;0;2;2;-7,303332;-45,939883;"SPRF-MA";"DEL05-MA";"UOP01-DEL05-MA"
780112;2026-06-21;"domingo";"09:08:00";"SP";116;214,9;"GUARULHOS";"Ausência de reação do condutor";"Colisão com objeto";"Com Vítimas Feridas";"Pleno dia";"Decrescente";"Sol";"Múltipla";"Reta";"Não";1;0;1;0;0;0;1;1;-23,447132;-46,454266;"SPRF-SP";"DEL01-SP";"UOP01-DEL01-SP"
780113;2026-06-21;"domingo";"09:10:00";"AL";101;34;"JOAQUIM GOMES";"Reação tardia ou ineficiente do condutor";"Saída de leito carroçável";"Com Vítimas Feridas";"Pleno dia";"Crescente";"Nublado";"Dupla";"Reta";"Não";2;0;0;2;0;0;2;1;-9,112163;-35,762755;"SPRF-AL";"DEL01-AL";"UOP02-DEL01-AL"
780114;2026-06-21;"domingo";"08:50:00";"PE";104;59;"CARUARU";"Ausência de reação do condutor";"Colisão com objeto";"Sem Vítimas";"Pleno dia";"Crescente";"Céu Claro";"Dupla";"Curva";"Sim";1;0;0;0;1;0;0;1;-8,23049577;-35,97874328;"SPRF-PE";"DEL02-PE";"UOP01-DEL02-PE"
780115;2026-06-21;"domingo";"08:40:00";"AL";104;20;"SAO JOSE DA LAJE";"Frear bruscamente";"Saída de leito carroçável";"Sem Vítimas";"Pleno dia";"Crescente";"Nublado";"Simples";"Curva";"Não";2;0;0;0;0;2;0;2;-9,059598;-36,03562;"SPRF-AL";"DEL01-AL";"UOP02-DEL01-AL"
780116;2026-06-21;"domingo";"10:30:00";"CE";116;14,9;"FORTALEZA";"Acesso irregular";"Colisão transversal";"Com Vítimas Feridas";"Pleno dia";"Decrescente";"Céu Claro";"Múltipla";"Reta";"Sim";3;0;1;0;2;0;1;2;-3,873963;-38,4989754;"SPRF-CE";"DEL01-CE";"UOP02-DEL01-CE"
780117;2026-06-21;"domingo";"06:45:00";"PI";230;178;"SAO JOAO DA VARJOTA";"Transitar no Acostamento";"Atropelamento de Animal";"Com Vítimas Fatais";"Amanhecer";"Decrescente";"Céu Claro";"Simples";"Reta";"Não";3;1;1;0;1;0;1;2;-6,9418167;-41,9771067;"SPRF-PI";"DEL04-PI";"UOP01-DEL04-PI"
780118;2026-06-21;"domingo";"10:40:00";"ES";262;159,1;"IBATIBA";"Reação tardia ou ineficiente do condutor";"Colisão transversal";"Com Vítimas Feridas";"Pleno dia";"Crescente";"Céu Claro";"Simples";"Reta";"Sim";4;0;0;1;1;2;1;3;-20,234617;-41,506841;"SPRF-ES";"DEL01-ES";"UOP02-DEL01-ES"
780119;2026-06-21;"domingo";"11:00:00";"SC";101;205;"SAO JOSE";"Acesso irregular";"Colisão lateral mesmo sentido";"Com Vítimas Feridas";"Pleno dia";"Crescente";"Nublado";"Múltipla";"Curva";"Sim";3;0;2;0;0;1;2;2;-27,58384819;-48,61591514;"SPRF-SC";"DEL01-SC";"UOP01-DEL01-SC"
780120;2026-06-21;"domingo";"02:00:00";"MA";222;673;"ACAILANDIA";"Desrespeitar a preferência no cruzamento";"Colisão transversal";"Com Vítimas Feridas";"Plena Noite";"Crescente";"Céu Claro";"Simples";"Interseção de Vias";"Sim";2;0;1;0;1;0;1;2;-4,946549;-47,473157;"SPRF-MA";"DEL04-MA";"UOP03-DEL04-MA"
780121;2026-05-07;"quinta-feira";"10:32:00";"PA";163;473;"ITAITUBA";"Demais falhas mecânicas ou elétricas";"Incêndio";"Sem Vítimas";"Pleno dia";"Crescente";"Ignorado";"Simples";"Reta";"Não";1;0;0;0;0;1;0;1;-5,7189989;-55,7454927;"SPRF-PA";"DEL05-PA";"UOP03-DEL05-PA"
780122;2026-06-21;"domingo";"10:50:00";"RJ";465;4;"NITEROI";"Conversão proibida";"Colisão transversal";"Com Vítimas Feridas";"Pleno dia";"Crescente";"Nublado";"Simples";"Reta";"Sim";2;0;1;0;1;0;1;2;-22,884339;-43,118988;"SPRF-RJ";"DEL06-RJ";"UOP02-DEL06-RJ"
780124;2026-06-21;"domingo";"04:10:00";"PI";316;120;"PASSAGEM FRANCA DO PIAUI";"Demais falhas mecânicas ou elétricas";"Incêndio";"Sem Vítimas";"Amanhecer";"Crescente";"Céu Claro";"Simples";"Reta";"Não";1;0;0;0;1;0;0;1;-5,91359267;-42,39941597;"SPRF-PI";"DEL04-PI";"UOP02-DEL04-PI"
780126;2026-06-21;"domingo";"11:10:00";"MG";40;641,6;"CONSELHEIRO LAFAIETE";"Velocidade Incompatível";"Saída de leito carroçável";"Com Vítimas Feridas";"Pleno dia";"Decrescente";"Sol";"Simples";"Curva";"Não";2;0;1;1;0;0;2;1;-20,69517876;-43,79025546;"SPRF-MG";"DEL05-MG";"UOP02-DEL05-MG"
780128;2026-06-21;"domingo";"09:16:00";"PI";135;401;"REDENCAO DO GURGUEIA";"Conversão proibida";"Colisão traseira";"Sem Vítimas";"Pleno dia";"Crescente";"Céu Claro";"Simples";"Declive";"Não";3;0;0;0;3;0;0;2;-9,415388;-44,598397;"SPRF-PI";"DEL03-PI";"UOP02-DEL03-PI"
780130;2026-06-18;"quinta-feira";"03:54:00";"BA";407;209;"CAEM";"Animais na Pista";"Atropelamento de Animal";"Com Vítimas Feridas";"Plena Noite";"Crescente";"Céu Claro";"Simples";"Reta;Declive";"Não";2;0;0;1;1;0;1;1;-11,169043;-40,051269;"SPRF-BA";"DEL04-BA";"UOP02-DEL04-BA"
780131;2026-06-21;"domingo";"12:45:00";"PR";116;151;"MANDIRITUBA";"Ausência de reação do condutor";"Colisão transversal";"Com Vítimas Feridas";"Pleno dia";"Crescente";"Céu Claro";"Simples";"Curva";"Não";5;0;4;1;0;0;5;2;-25,85012335;-49,35614197;"SPRF-PR";"DEL01-PR";"UOP03-DEL01-PR"
780133;2026-06-21;"domingo";"10:20:00";"PR";163;224,3;"CASCAVEL";"Mal súbito do condutor";"Saída de leito carroçável";"Com Vítimas Feridas";"Pleno dia";"Crescente";"Céu Claro";"Dupla";"Curva";"Não";1;0;1;0;0;0;1;1;-24,84178;-53,62351;"SPRF-PR";"DEL04-PR";"UOP01-DEL04-PR"
780134;2026-06-21;"domingo";"09:20:00";"RS";471;171,3;"RIO PARDO";"Condutor Dormindo";"Colisão frontal";"Com Vítimas Fatais";"Pleno dia";"Decrescente";"Nevoeiro/Neblina";"Múltipla";"Reta";"Sim";2;1;1;0;0;0;1;2;-29,95714181;-52,37070886;"SPRF-RS";"DEL02-RS";"UOP03-DEL02-RS"
780135;2026-06-21;"domingo";"12:50:00";"SC";101;194;"BIGUACU";"Velocidade Incompatível";"Colisão lateral mesmo sentido";"Com Vítimas Feridas";"Pleno dia";"Crescente";"Céu Claro";"Dupla";"Curva";"Sim";3;0;3;0;0;0;3;2;-27,49771518;-48,65704018;"SPRF-SC";"DEL01-SC";"UOP01-DEL01-SC"
780136;2026-06-17;"quarta-feira";"22:00:00";"BA";324;365;"CAPIM GROSSO";"Manobra de mudança de faixa";"Colisão frontal";"Com Vítimas Fatais";"Plena Noite";"Crescente";"Céu Claro";"Simples";"Reta";"Não";2;2;0;0;0;0;0;2;-11,408863;-39,932855;"SPRF-BA";"DEL04-BA";"UOP02-DEL04-BA"
780139;2026-06-21;"domingo";"13:30:00";"SC";101;185;"BIGUACU";"Acessar a via sem observar a presença dos outros veículos";"Colisão transversal";"Com Vítimas Feridas";"Pleno dia";"Crescente";"Céu Claro";"Dupla";"Reta";"Sim";3;0;3;0;0;0;3;2;-27,42659922;-48,62446753;"SPRF-SC";"DEL01-SC";"UOP01-DEL01-SC"
780142;2026-06-11;"quinta-feira";"18:00:00";"SC";282;431;"VARGEM BONITA";"Ultrapassagem Indevida";"Colisão frontal";"Com Vítimas Feridas";"Anoitecer";"Decrescente";"Nublado";"Simples";"Curva";"Não";2;0;2;0;0;0;2;2;-26,9791572;-51,8006619;"SPRF-SC";"DEL07-SC";"UOP05-DEL07-SC"
780143;2026-06-21;"domingo";"13:42:00";"MG";40;760,6;"EWBANK DA CAMARA";"Frear bruscamente";"Colisão traseira";"Com Vítimas Feridas";"Pleno dia";"Decrescente";"Céu Claro";"Simples";"Curva";"Não";3;0;2;0;1;0;2;2;-21,54345293;-43,51177918;"SPRF-MG";"DEL05-MG";"UOP01-DEL05-MG"
780144;2026-06-21;"domingo";"13:20:00";"SC";470;164;"TROMBUDO CENTRAL";"Velocidade Incompatível";"Saída de leito carroçável";"Com Vítimas Feridas";"Pleno dia";"Decrescente";"Sol";"Simples";"Curva";"Não";5;0;5;0;0;0;5;1;-27,2764381;-49,8400513;"SPRF-SC";"DEL04-SC";"UOP02-DEL04-SC"
780145;2026-06-21;"domingo";"14:00:00";"SC";280;57;"GUARAMIRIM";"Ultrapassagem Indevida";"Colisão lateral sentido oposto";"Com Vítimas Feridas";"Pleno dia";"Decrescente";"Nublado";"Simples";"Reta;Aclive;Em Obras;Viaduto";"Não";5;0;0;2;3;0;2;2;-26,4781;-49,012572;"SPRF-SC";"DEL03-SC";"UOP03-DEL03-SC"
780146;2026-06-21;"domingo";"13:50:00";"PR";277;709;"SANTA TEREZINHA DE ITAIPU";"Condutor deixou de manter distância do veículo da frente";"Colisão lateral mesmo sentido";"Com Vítimas Feridas";"Pleno dia";"Crescente";"Céu Claro";"Dupla";"Declive;Reta";"Sim";6;0;1;0;5;0;1;4;-25,449411;-54,410854;"SPRF-PR";"DEL05-PR";"UOP01-DEL05-PR"
780147;2026-06-21;"domingo";"09:55:00";"MT";70;2,1;"BARRA DO GARCAS";"Ausência de reação do condutor";"Colisão traseira";"Com Vítimas Feridas";"Pleno dia";"Crescente";"Céu Claro";"Dupla";"Reta";"Não";2;0;1;0;1;0;1;2;-15,88541539;-52,27124333;"SPRF-MT";"DEL07-MT";"UOP01-DEL07-MT"
780148;2026-06-21;"domingo";"14:22:00";"PE";408;97;"JABOATAO DOS GUARARAPES";"Demais falhas mecânicas ou elétricas";"Colisão lateral mesmo sentido";"Sem Vítimas";"Pleno dia";"Crescente";"Céu Claro";"Dupla";"Curva";"Sim";5;0;0;0;5;0;0;3;-8,07610902;-34,99234557;"SPRF-PE";"DEL01-PE";"UOP01-DEL01-PE"
780149;2026-06-21;"domingo";"14:00:00";"PE";424;69;"CAETES";"Transitar na contramão";"Colisão frontal";"Sem Vítimas";"Pleno dia";"Decrescente";"Céu Claro";"Simples";"Reta";"Não";2;0;0;0;1;1;0;2;-8,7745337;-36,6268041;"SPRF-PE";"DEL03-PE";"UOP01-DEL03-PE"
780150;2026-06-21;"domingo";"03:25:00";"MS";163;263;"DOURADOS";"Ingestão de álcool pelo condutor";"Saída de leito carroçável";"Sem Vítimas";"Plena Noite";"Decrescente";"Nublado";"Dupla";"Reta";"Não";1;0;0;0;1;0;0;1;-22,23037014;-54,74498521;"SPRF-MS";"DEL04-MS";"UOP01-DEL04-MS"
780151;2026-06-21;"domingo";"13:00:00";"MG";365;856;"SANTA VITORIA";"Ausência de reação do condutor";"Saída de leito carroçável";"Sem Vítimas";"Pleno dia";"Crescente";"Céu Claro";"Simples";"Reta";"Não";1;0;0;0;1;0;0;1;-19,04214493;-50,42216599;"SPRF-MG";"DEL15-MG";"UOP03-DEL15-MG"
780152;2026-06-21;"domingo";"05:00:00";"RS";287;275,4;"SAO PEDRO DO SUL";"Ausência de reação do condutor";"Saída de leito carroçável";"Com Vítimas Fatais";"Pleno dia";"Crescente";"Nublado";"Simples";"Aclive;Reta";"Não";1;1;0;0;0;0;0;1;-29,659991;-54,134403;"SPRF-RS";"DEL09-RS";"UOP01-DEL09-RS"
780153;2026-06-21;"domingo";"14:50:00";"RS";116;245,8;"SAO LEOPOLDO";"Problema na suspensão";"Incêndio";"Sem Vítimas";"Pleno dia";"Decrescente";"Céu Claro";"Simples";"Reta";"Sim";1;0;0;0;1;0;0;1;-29,760381;-51,1511885;"SPRF-RS";"DEL01-RS";"UOP02-DEL01-RS"
780154;2026-06-21;"domingo";"11:05:00";"RS";386;5,7;"IRAI";"Transitar na contramão";"Colisão lateral sentido oposto";"Com Vítimas Feridas";"Pleno dia";"Decrescente";"Céu Claro";"Simples";"Reta";"Sim";2;0;0;1;1;0;1;2;-27,192206;-53,27127;"SPRF-RS";"DEL08-RS";"UOP02-DEL08-RS"
780155;2026-06-21;"domingo";"14:25:00";"PR";376;598;"CURITIBA";"Ingestão de álcool pelo condutor";"Colisão traseira";"Com Vítimas Feridas";"Pleno dia";"Decrescente";"Céu Claro";"Dupla";"Reta";"Não";2;0;1;0;1;0;1;2;-25,489344;-49,34535;"SPRF-PR";"DEL01-PR";"UOP03-DEL01-PR"
780156;2026-06-21;"domingo";"15:05:00";"SP";116;211;"GUARULHOS";"Ausência de reação do condutor";"Colisão traseira";"Com Vítimas Feridas";"Pleno dia";"Crescente";"Céu Claro";"Múltipla";"Reta";"Sim";3;0;1;0;2;0;1;2;-23,43301695;-46,41993141;"SPRF-SP";"DEL01-SP";"UOP01-DEL01-SP"
780159;2026-06-21;"domingo";"15:10:00";"BA";101;927,8;"NOVA VICOSA";"Acesso irregular";"Colisão lateral mesmo sentido";"Com Vítimas Feridas";"Pleno dia";"Crescente";"Nublado";"Simples";"Curva";"Não";2;0;0;1;1;0;1;2;-17,946598;-39,861025;"SPRF-BA";"DEL09-BA";"UOP02-DEL09-BA"
780160;2026-06-21;"domingo";"14:30:00";"PR";376;598;"CURITIBA";"Condutor deixou de manter distância do veículo da frente";"Colisão traseira";"Com Vítimas Feridas";"Pleno dia";"Decrescente";"Céu Claro";"Dupla";"Aclive";"Sim";2;0;1;0;1;0;1;2;-25,48512388;-49,34712997;"SPRF-PR";"DEL01-PR";"UOP03-DEL01-PR"
780161;2026-06-21;"domingo";"13:15:00";"BA";324;570;"SAO SEBASTIAO DO PASSE";"Reação tardia ou ineficiente do condutor";"Colisão lateral mesmo sentido";"Com Vítimas Feridas";"Pleno dia";"Decrescente";"Céu Claro";"Múltipla";"Reta";"Não";3;0;2;0;0;1;2;2;-12,549553;-38,576127;"SPRF-BA";"DEL01-BA";"UOP01-DEL01-BA"
780162;2026-05-17;"domingo";"04:30:00";"RJ";116;307;"RESENDE";"Ausência de reação do condutor";"Colisão traseira";"Com Vítimas Feridas";"Plena Noite";"Decrescente";"Céu Claro";"Dupla";"Reta";"Não";3;0;1;1;1;0;2;3;-22,46399321;-44,44761515;"SPRF-RJ";"DEL07-RJ";"UOP02-DEL07-RJ"
780163;2026-06-21;"domingo";"15:50:00";"MG";381;510;"SAO JOAQUIM DE BICAS";"Reação tardia ou ineficiente do condutor";"Capotamento";"Com Vítimas Feridas";"Pleno dia";"Crescente";"Céu Claro";"Dupla";"Reta";"Sim";2;0;2;0;0;0;2;1;-20,046538;-44,274531;"SPRF-MG";"DEL01-MG";"UOP03-DEL01-MG"
780165;2026-06-21;"domingo";"13:00:00";"RJ";116;3,8;"SAPUCAIA";"Velocidade Incompatível";"Queda de ocupante de veículo";"Com Vítimas Feridas";"Pleno dia";"Decrescente";"Céu Claro";"Simples";"Reta";"Não";1;0;1;0;0;0;1;1;-21,89519023;-42,68274307;"SPRF-RJ";"DEL05-RJ";"UOP01-DEL05-RJ"
780167;2026-06-21;"domingo";"15:20:00";"SP";381;44,6;"ATIBAIA";"Velocidade Incompatível";"Colisão com objeto";"Sem Vítimas";"Pleno dia";"Crescente";"Céu Claro";"Dupla";"Aclive;Reta";"Não";1;0;0;0;0;1;0;1;-23,1673936;-46,57526135;"SPRF-SP";"DEL03-SP";"UOP01-DEL03-SP"
780168;2026-06-21;"domingo";"15:50:00";"SC";470;49,8;"BLUMENAU";"Reação tardia ou ineficiente do condutor";"Colisão traseira";"Com Vítimas Feridas";"Pleno dia";"Crescente";"Nublado";"Dupla";"Curva";"Não";2;0;1;0;1;0;1;2;-26,85980628;-49,07320261;"SPRF-SC";"DEL04-SC";"UOP01-DEL04-SC"
780169;2026-06-21;"domingo";"16:15:00";"ES";101;301;"VIANA";"Reação tardia ou ineficiente do condutor";"Colisão lateral mesmo sentido";"Com Vítimas Feridas";"Pleno dia";"Crescente";"Céu Claro";"Dupla";"Curva";"Sim";3;0;1;0;1;1;1;3;-20,36446;-40,443462;"SPRF-ES";"DEL01-ES";"UOP01-DEL01-ES"
780170;2026-06-21;"domingo";"15:20:00";"PR";153;357;"RIO AZUL";"Reação tardia ou ineficiente do condutor";"Capotamento";"Com Vítimas Feridas";"Pleno dia";"Crescente";"Sol";"Simples";"Reta";"Não";1;0;0;1;0;0;1;1;-25,668748;-50,746887;"SPRF-PR";"DEL08-PR";"UOP02-DEL08-PR"
780172;2026-06-21;"domingo";"16:25:00";"BA";324;587;"CANDEIAS";"Condutor deixou de manter distância do veículo da frente";"Engavetamento";"Sem Vítimas";"Pleno dia";"Decrescente";"Céu Claro";"Dupla";"Aclive";"Não";4;0;0;0;4;0;0;3;-12,6623276;-38,4708201;"SPRF-BA";"DEL01-BA";"UOP01-DEL01-BA"
780173;2026-06-21;"domingo";"15:50:00";"SC";282;5,3;"SAO JOSE";"Manobra de mudança de faixa";"Colisão traseira";"Com Vítimas Feridas";"Pleno dia";"Decrescente";"Céu Claro";"Dupla";"Reta";"Não";2;0;1;0;1;0;1;2;-27,5872862;-48,61523001;"SPRF-SC";"DEL01-SC";"UOP01-DEL01-SC"
780174;2026-06-21;"domingo";"13:00:00";"BA";420;320;"SANTA INES";"Demais falhas mecânicas ou elétricas";"Incêndio";"Com Vítimas Feridas";"Pleno dia";"Crescente";"Céu Claro";"Simples";"Reta";"Não";2;0;1;0;1;0;1;1;-13,35952139;-39,88102194;"SPRF-BA";"DEL03-BA";"UOP01-DEL03-BA"
780175;2026-06-21;"domingo";"15:10:00";"RS";101;87;"OSORIO";"Frear bruscamente";"Colisão traseira";"Sem Vítimas";"Pleno dia";"Crescente";"Céu Claro";"Simples";"Reta";"Sim";3;0;0;0;3;0;0;2;-29,88457548;-50,27056808;"SPRF-RS";"DEL03-RS";"UOP01-DEL03-RS"
780176;2026-06-21;"domingo";"16:20:00";"RJ";356;29;"ITAPERUNA";"Ingestão de álcool pelo condutor";"Colisão traseira";"Sem Vítimas";"Pleno dia";"Decrescente";"Céu Claro";"Simples";"Reta";"Sim";2;0;0;0;2;0;0;2;-21,185436;-41,918784;"SPRF-RJ";"DEL08-RJ";"UOP03-DEL08-RJ"
780178;2026-06-21;"domingo";"16:24:00";"MG";40;277,8;"TRES MARIAS";"Reação tardia ou ineficiente do condutor";"Saída de leito carroçável";"Com Vítimas Feridas";"Pleno dia";"Decrescente";"Nublado";"Simples";"Declive";"Sim";1;0;1;0;0;0;1;1;-18,22067737;-45,22087162;"SPRF-MG";"DEL14-MG";"UOP02-DEL14-MG"
780179;2026-06-21;"domingo";"15:45:00";"SC";282;536,3;"CHAPECO";"Acessar a via sem observar a presença dos outros veículos";"Colisão transversal";"Com Vítimas Feridas";"Pleno dia";"Decrescente";"Céu Claro";"Simples";"Interseção de Vias;Reta";"Não";2;0;2;0;0;0;2;2;-27,0004711;-52,65904474;"SPRF-SC";"DEL07-SC";"UOP01-DEL07-SC"
780181;2026-06-21;"domingo";"14:15:00";"SC";158;107;"CUNHA PORA";"Velocidade Incompatível";"Saída de leito carroçável";"Com Vítimas Feridas";"Pleno dia";"Crescente";"Céu Claro";"Simples";"Curva";"Não";1;0;1;0;0;0;1;1;-26,87071797;-53,16201458;"SPRF-SC";"DEL07-SC";"UOP02-DEL07-SC"
780182;2026-06-21;"domingo";"16:30:00";"SP";116;139,9;"SAO JOSE DOS CAMPOS";"Manobra de mudança de faixa";"Colisão lateral mesmo sentido";"Com Vítimas Feridas";"Pleno dia";"Crescente";"Sol";"Dupla";"Reta";"Não";2;0;1;0;1;0;1;2;-23,1637556;-45,8086248;"SPRF-SP";"DEL02-SP";"UOP01-DEL02-SP"
780184;2026-06-21;"domingo";"08:40:00";"BA";101;782,9;"ITABELA";"Reação tardia ou ineficiente do condutor";"Saída de leito carroçável";"Com Vítimas Feridas";"Pleno dia";"Crescente";"Ignorado";"Simples";"Curva";"Não";1;0;0;1;0;0;1;1;-16,835657;-39,486651;"SPRF-BA";"DEL09-BA";"UOP01-DEL09-BA"
780186;2026-06-21;"domingo";"16:40:00";"MG";153;57;"MONTE ALEGRE DE MINAS";"Ingestão de álcool pelo condutor";"Saída de leito carroçável";"Sem Vítimas";"Pleno dia";"Decrescente";"Sol";"Dupla";"Reta";"Não";1;0;0;0;1;0;0;1;-18,87527993;-49,05881373;"SPRF-MG";"DEL15-MG";"UOP03-DEL15-MG"
780187;2026-06-21;"domingo";"17:30:00";"PR";277;77;"SAO JOSE DOS PINHAIS";"Ingestão de álcool pelo condutor";"Colisão traseira";"Sem Vítimas";"Anoitecer";"Crescente";"Céu Claro";"Dupla";"Reta;Em Obras";"Não";2;0;0;0;2;0;0;2;-25,484103;-49,189302;"SPRF-PR";"DEL01-PR";"UOP08-DEL01-PR"