"id";"data_inversa";"dia_semana";"horario";"uf";"br";"km";"municipio";"causa_acidente";"tipo_acidente";"classificacao_acidente";"fase_dia";"sentido_via";"condicao_metereologica";"tipo_pista";"tracado_via";"uso_solo";"pessoas";"mortos";"feridos_leves";"feridos_graves";"ilesos";"ignorados";"feridos";"veiculos";"latitude";"longitude";"regional";"delegacia";"uop"
780188;2026-06-21;"domingo";"16:40:00";"MG";116;409;"GOVERNADOR VALADARES";"Ausência de reação do condutor";"Tombamento";"Com Vítimas Feridas";"Pleno dia";"Decrescente";"Céu Claro";"Dupla";"Reta";"Sim";1;0;1;0;0;0;1;1;-18,84083562;-41,98501535;"SPRF-MG";"DEL06-MG";"UOP01-DEL06-MG"
780189;2026-06-21;"domingo";"15:15:00";"MG";354;745;"POUSO ALTO";"Ingestão de álcool pelo condutor";"Colisão transversal";"Com Vítimas Feridas";"Pleno dia";"Decrescente";"Céu Claro";"Simples";"Reta";"Não";2;0;1;0;1;0;1;2;-22,25192819;-44,93330598;"SPRF-MG";"DEL17-MG";"UOP01-DEL17-MG"
780192;2026-06-21;"domingo";"18:10:00";"SC";282;19,6;"PALHOCA";"Reação tardia ou ineficiente do condutor";"Colisão lateral mesmo sentido";"Com Vítimas Feridas";"Plena Noite";"Decrescente";"Nublado";"Simples";"Reta";"Sim";2;0;1;0;1;0;1;2;-27,68208;-48,7073;"SPRF-SC";"DEL01-SC";"UOP02-DEL01-SC"
780194;2026-06-21;"domingo";"18:30:00";"RJ";116;188;"NOVA IGUACU";"Trafegar com motocicleta (ou similar) entre as faixas";"Colisão lateral mesmo sentido";"Com Vítimas Feridas";"Plena Noite";"Decrescente";"Ignorado";"Dupla";"Reta";"Sim";2;0;1;0;1;0;1;2;-22,738024;-43,484526;"SPRF-RJ";"DEL06-RJ";"UOP01-DEL06-RJ"
780195;2026-06-21;"domingo";"18:00:00";"SP";116;137;"SAO JOSE DOS CAMPOS";"Ausência de reação do condutor";"Colisão traseira";"Com Vítimas Feridas";"Plena Noite";"Decrescente";"Céu Claro";"Dupla";"Reta";"Não";4;0;1;0;3;0;1;2;-23,1554214;-45,7918519;"SPRF-SP";"DEL02-SP";"UOP01-DEL02-SP"
780196;2026-06-21;"domingo";"18:30:00";"SC";101;416;"ARARANGUA";"Transitar na contramão";"Colisão frontal";"Com Vítimas Feridas";"Plena Noite";"Decrescente";"Céu Claro";"Simples";"Interseção de Vias";"Não";3;0;2;0;1;0;2;2;-28,97199957;-49,5280838;"SPRF-SC";"DEL02-SC";"UOP02-DEL02-SC"
780197;2026-06-21;"domingo";"19:00:00";"SC";280;24;"ARAQUARI";"Ingestão de álcool pelo condutor";"Colisão transversal";"Com Vítimas Feridas";"Plena Noite";"Crescente";"Nublado";"Simples";"Reta";"Sim";3;0;2;0;1;0;2;2;-26,377922;-48,720258;"SPRF-SC";"DEL03-SC";"UOP03-DEL03-SC"
780198;2026-06-21;"domingo";"16:00:00";"MS";163;561;"BANDEIRANTES";"Ausência de reação do condutor";"Saída de leito carroçável";"Sem Vítimas";"Pleno dia";"Crescente";"Céu Claro";"Simples";"Aclive";"Não";1;0;0;0;1;0;0;1;-19,73208927;-54,35164064;"SPRF-MS";"DEL01-MS";"UOP02-DEL01-MS"
780199;2026-06-21;"domingo";"07:50:00";"RS";116;410;"CAMAQUA";"Reação tardia ou ineficiente do condutor";"Saída de leito carroçável";"Sem Vítimas";"Pleno dia";"Decrescente";"Nublado";"Dupla";"Reta";"Não";1;0;0;0;0;1;0;1;-30,88677407;-51,83453511;"SPRF-RS";"DEL02-RS";"UOP02-DEL02-RS"
780200;2026-06-21;"domingo";"19:15:00";"SC";101;195;"BIGUACU";"Ausência de reação do condutor";"Colisão traseira";"Com Vítimas Feridas";"Plena Noite";"Crescente";"Céu Claro";"Dupla";"Reta";"Sim";2;0;1;0;1;0;1;2;-27,504035;-48,651065;"SPRF-SC";"DEL01-SC";"UOP01-DEL01-SC"
780202;2026-06-21;"domingo";"18:00:00";"RJ";101;238;"SILVA JARDIM";"Pedestre andava na pista";"Atropelamento de Pedestre";"Com Vítimas Fatais";"Plena Noite";"Decrescente";"Nublado";"Dupla";"Reta";"Sim";3;1;0;0;1;1;0;3;-22,63569699;-42,45374076;"SPRF-RJ";"DEL02-RJ";"UOP03-DEL02-RJ"
780203;2026-06-21;"domingo";"18:20:00";"MG";262;786;"UBERABA";"Reação tardia ou ineficiente do condutor";"Colisão traseira";"Com Vítimas Feridas";"Plena Noite";"Decrescente";"Céu Claro";"Dupla";"Declive;Reta";"Sim";3;0;3;0;0;0;3;3;-19,770691;-47,906041;"SPRF-MG";"DEL13-MG";"UOP01-DEL13-MG"
780204;2026-06-21;"domingo";"18:15:00";"GO";251;28;"CRISTALINA";"Reação tardia ou ineficiente do condutor";"Colisão com objeto";"Com Vítimas Feridas";"Pleno dia";"Crescente";"Céu Claro";"Simples";"Curva";"Sim";2;0;1;0;1;0;1;1;-16,09322;-47,50929;"SPRF-DF";"DEL01-DF";"UOP01-DEL01-DF"
780206;2026-06-21;"domingo";"16:40:00";"MS";262;612,6;"MIRANDA";"Avarias e/ou desgaste excessivo no pneu";"Queda de ocupante de veículo";"Com Vítimas Feridas";"Pleno dia";"Decrescente";"Céu Claro";"Simples";"Reta";"Não";2;0;2;0;0;0;2;1;-20,010735;-56,813492;"SPRF-MS";"DEL03-MS";"UOP02-DEL03-MS"
780207;2026-06-21;"domingo";"19:10:00";"PR";116;127;"FAZENDA RIO GRANDE";"Reação tardia ou ineficiente do condutor";"Colisão traseira";"Sem Vítimas";"Plena Noite";"Decrescente";"Céu Claro";"Dupla";"Declive;Reta";"Sim";2;0;0;0;1;1;0;2;-25,65108656;-49,31230394;"SPRF-PR";"DEL01-PR";"UOP03-DEL01-PR"
780209;2026-06-21;"domingo";"19:15:00";"MG";364;40,8;"FRUTAL";"Condutor Dormindo";"Saída de leito carroçável";"Com Vítimas Feridas";"Plena Noite";"Crescente";"Céu Claro";"Simples";"Curva";"Não";1;0;0;1;0;0;1;1;-19,945962;-48,958413;"SPRF-MG";"DEL13-MG";"UOP02-DEL13-MG"
780210;2026-06-21;"domingo";"18:30:00";"SP";116;282;"EMBU DAS ARTES";"Manobra de mudança de faixa";"Capotamento";"Com Vítimas Feridas";"Plena Noite";"Decrescente";"Nublado";"Dupla";"Reta";"Sim";2;0;0;1;1;0;1;2;-23,6634;-46,853403;"SPRF-SP";"DEL04-SP";"UOP01-DEL04-SP"
780211;2026-06-21;"domingo";"18:26:00";"PE";232;102;"BEZERROS";"Condutor deixou de manter distância do veículo da frente";"Colisão traseira";"Sem Vítimas";"Plena Noite";"Crescente";"Nublado";"Dupla";"Reta";"Sim";6;0;0;0;4;2;0;2;-8,25425;-35,771472;"SPRF-PE";"DEL02-PE";"UOP03-DEL02-PE"
780213;2026-06-21;"domingo";"18:45:00";"PR";369;189;"ARAPONGAS";"Reação tardia ou ineficiente do condutor";"Colisão transversal";"Com Vítimas Feridas";"Plena Noite";"Decrescente";"Nevoeiro/Neblina";"Simples";"Reta";"Não";2;0;1;0;1;0;1;2;-23,427489;-51,423119;"SPRF-PR";"DEL07-PR";"UOP03-DEL07-PR"
780215;2026-06-21;"domingo";"19:20:00";"PE";232;64;"POMBOS";"Avarias e/ou desgaste excessivo no pneu";"Queda de ocupante de veículo";"Com Vítimas Feridas";"Plena Noite";"Crescente";"Céu Claro";"Dupla";"Reta";"Não";1;0;1;0;0;0;1;1;-8,162993;-35,443815;"SPRF-PE";"DEL02-PE";"UOP02-DEL02PE"
780217;2026-06-21;"domingo";"17:50:00";"MS";463;7;"DOURADOS";"Ausência de reação do condutor";"Capotamento";"Com Vítimas Feridas";"Plena Noite";"Crescente";"Nublado";"Simples";"Reta";"Não";2;0;1;0;1;0;1;1;-22,25531;-54,86734;"SPRF-MS";"DEL04-MS";"UOP01-DEL04-MS"
780219;2026-06-21;"domingo";"19:40:00";"ES";259;10;"JOAO NEIVA";"Reação tardia ou ineficiente do condutor";"Colisão lateral mesmo sentido";"Com Vítimas Feridas";"Plena Noite";"Crescente";"Céu Claro";"Simples";"Reta";"Não";3;0;1;0;1;1;1;3;-19,669385;-40,40265;"SPRF-ES";"DEL02-ES";"UOP01-DEL02-ES"
780220;2026-06-21;"domingo";"19:30:00";"PR";277;83;"CURITIBA";"Manobra de mudança de faixa";"Tombamento";"Com Vítimas Feridas";"Plena Noite";"Crescente";"Nublado";"Múltipla";"Reta";"Sim";1;0;1;0;0;0;1;1;-25,44877742;-49,22956467;"SPRF-PR";"DEL01-PR";"UOP03-DEL01-PR"
780221;2026-06-21;"domingo";"20:35:00";"PR";116;62,7;"SAO JOSE DOS PINHAIS";"Ausência de reação do condutor";"Capotamento";"Com Vítimas Feridas";"Plena Noite";"Crescente";"Céu Claro";"Dupla";"Reta";"Não";2;0;0;2;0;0;2;1;-25,53964823;-49,06478969;"SPRF-PR";"DEL01-PR";"UOP02-DEL01-PR"
780222;2026-06-21;"domingo";"18:52:00";"MG";381;850;"POUSO ALEGRE";"Ingestão de álcool pelo condutor";"Colisão traseira";"Com Vítimas Feridas";"Plena Noite";"Decrescente";"Céu Claro";"Dupla";"Aclive;Reta";"Não";2;0;1;0;1;0;1;2;-22,23896227;-45,88042974;"SPRF-MG";"DEL16-MG";"UOP01-DEL16-MG"
780223;2026-06-21;"domingo";"19:15:00";"BA";242;834;"BARREIRAS";"Ingestão de álcool pelo condutor";"Colisão frontal";"Com Vítimas Fatais";"Plena Noite";"Crescente";"Céu Claro";"Simples";"Declive;Reta";"Não";2;1;0;1;0;0;1;2;-12,131855;-45,115623;"SPRF-BA";"DEL10-BA";"UOP01-DEL10-BA"
780224;2026-06-21;"domingo";"18:40:00";"SC";101;42;"JOINVILLE";"Reação tardia ou ineficiente do condutor";"Tombamento";"Com Vítimas Feridas";"Plena Noite";"Crescente";"Céu Claro";"Dupla";"Aclive;Reta";"Não";1;0;1;0;0;0;1;1;-26,32991697;-48,86271207;"SPRF-SC";"DEL03-SC";"UOP01-DEL03-SC"
780225;2026-06-21;"domingo";"19:00:00";"SC";280;287,3;"PORTO UNIAO";"Transitar na contramão";"Colisão frontal";"Com Vítimas Feridas";"Plena Noite";"Decrescente";"Céu Claro";"Simples";"Curva";"Não";7;0;3;0;4;0;3;3;-26,29708753;-50,90126887;"SPRF-SC";"DEL06-SC";"UOP04-DEL06-SC"
780226;2026-06-21;"domingo";"17:50:00";"MS";267;28,7;"BATAGUASSU";"Ausência de reação do condutor";"Tombamento";"Com Vítimas Feridas";"Plena Noite";"Decrescente";"Céu Claro";"Dupla";"Reta";"Sim";1;0;1;0;0;0;1;1;-21,720924;-52,414476;"SPRF-MS";"DEL02-MS";"UOP04-DEL02-MS"
780227;2026-06-21;"domingo";"17:30:00";"MG";365;506;"PATROCINIO";"Demais falhas mecânicas ou elétricas";"Capotamento";"Com Vítimas Feridas";"Anoitecer";"Crescente";"Céu Claro";"Simples";"Aclive";"Não";5;0;5;0;0;0;5;1;-18,9453345;-47,29048976;"SPRF-MG";"DEL10-MG";"UOP01-DEL10-MG"
780228;2026-06-21;"domingo";"19:05:00";"BA";367;23,7;"PORTO SEGURO";"Reação tardia ou ineficiente do condutor";"Queda de ocupante de veículo";"Com Vítimas Feridas";"Plena Noite";"Crescente";"Céu Claro";"Simples";"Reta";"Sim";2;0;1;0;1;0;1;1;-16,436785;-39,078253;"SPRF-BA";"DEL09-BA";"UOP03-DEL09-BA"
780229;2026-06-21;"domingo";"20:20:00";"PE";101;167,5;"AGUA PRETA";"Avarias e/ou desgaste excessivo no pneu";"Capotamento";"Com Vítimas Feridas";"Plena Noite";"Decrescente";"Chuva";"Dupla";"Reta";"Não";1;0;1;0;0;0;1;1;-8,575761;-35,484484;"SPRF-PE";"DEL01-PE";"UOP03-DEL01-PE"
780233;2026-06-21;"domingo";"19:50:00";"BA";116;420,5;"FEIRA DE SANTANA";"Reação tardia ou ineficiente do condutor";"Saída de leito carroçável";"Com Vítimas Feridas";"Plena Noite";"Crescente";"Céu Claro";"Simples";"Reta";"Sim";1;0;0;1;0;0;1;1;-12,21325643;-38,96580219;"SPRF-BA";"DEL02-BA";"UOP01-DEL02-BA"
780234;2026-06-21;"domingo";"16:10:00";"MG";365;179;"BURITIZEIRO";"Demais falhas mecânicas ou elétricas";"Incêndio";"Sem Vítimas";"Pleno dia";"Crescente";"Céu Claro";"Simples";"Curva";"Não";3;0;0;0;3;0;0;1;-17,407421;-45,056884;"SPRF-MG";"DEL10-MG";"UOP02-DEL010-MG"
780237;2026-06-21;"domingo";"21:10:00";"SC";101;193;"BIGUACU";"Reação tardia ou ineficiente do condutor";"Tombamento";"Com Vítimas Feridas";"Plena Noite";"Crescente";"Céu Claro";"Dupla";"Reta";"Sim";1;0;1;0;0;0;1;1;-27,48665353;-48,64937989;"SPRF-SC";"DEL01-SC";"UOP01-DEL01-SC"
780238;2026-06-21;"domingo";"18:20:00";"SC";101;189;"BIGUACU";"Demais falhas mecânicas ou elétricas";"Queda de ocupante de veículo";"Com Vítimas Feridas";"Plena Noite";"Crescente";"Céu Claro";"Dupla";"Reta";"Não";2;0;2;0;0;0;2;1;-27,460025;-48,639363;"SPRF-SC";"DEL01-SC";"UOP01-DEL01-SC"
780240;2026-06-21;"domingo";"21:00:00";"PA";10;216,9;"IPIXUNA DO PARA";"Transitar na contramão";"Colisão frontal";"Com Vítimas Fatais";"Plena Noite";"Crescente";"Céu Claro";"Simples";"Declive;Reta";"Não";49;1;2;1;45;0;3;2;-2,535083;-47,49987;"SPRF-PA";"DEL02-PA";"UOP01-DEL02-PA"
780242;2026-06-21;"domingo";"17:55:00";"SC";282;346,5;"CAMPOS NOVOS";"Manobra de mudança de faixa";"Colisão frontal";"Com Vítimas Fatais";"Anoitecer";"Crescente";"Céu Claro";"Simples";"Aclive;Reta";"Não";2;1;0;0;1;0;0;2;-27,370503;-51,251347;"SPRF-SC";"DEL07-SC";"UOP06-DEL07-SC"
780243;2026-06-21;"domingo";"18:30:00";"MT";70;533;"VARZEA GRANDE";"Deficiência do Sistema de Iluminação/Sinalização";"Colisão traseira";"Com Vítimas Fatais";"Plena Noite";"Crescente";"Céu Claro";"Simples";"Reta";"Não";4;1;0;0;3;0;0;2;-15,666042;-56,233862;"SPRF-MT";"DEL01-MT";"UOP02-DEL01-MT"
780244;2026-06-21;"domingo";"20:47:00";"RJ";40;116;"DUQUE DE CAXIAS";"Ingestão de álcool pelo condutor";"Queda de ocupante de veículo";"Com Vítimas Feridas";"Plena Noite";"Crescente";"Nublado";"Múltipla";"Reta";"Sim";1;0;1;0;0;0;1;1;-22,73662;-43,28859;"SPRF-RJ";"DEL01-RJ";"UOP02-DEL01-RJ"
780245;2026-06-21;"domingo";"20:20:00";"MG";116;581,4;"MANHUACU";"Suicídio (presumido)";"Atropelamento de Pedestre";"Com Vítimas Fatais";"Plena Noite";"Crescente";"Céu Claro";"Simples";"Reta";"Não";2;1;0;0;1;0;0;2;-20,206152;-42,18234;"SPRF-MG";"DEL06-MG";"UOP03-DEL06-MG"
780246;2026-06-21;"domingo";"20:00:00";"GO";60;19;"ALEXANIA";"Conversão proibida";"Saída de leito carroçável";"Sem Vítimas";"Plena Noite";"Crescente";"Nublado";"Dupla";"Aclive;Reta";"Não";2;0;0;0;2;0;0;1;-16,115498;-48,39176;"SPRF-DF";"DEL03-DF";"UOP01-DEL03-DF"
780247;2026-06-21;"domingo";"21:20:00";"PR";376;232;"APUCARANA";"Ingestão de álcool pelo condutor";"Capotamento";"Com Vítimas Feridas";"Plena Noite";"Crescente";"Chuva";"Dupla";"Reta";"Não";2;0;2;0;0;0;2;1;-23,566902;-51,523587;"SPRF-PR";"DEL07-PR";"UOP03-DEL07-PR"
780248;2026-06-21;"domingo";"20:30:00";"PE";423;41;"CACHOEIRINHA";"Transitar na contramão";"Colisão frontal";"Com Vítimas Fatais";"Plena Noite";"Decrescente";"Céu Claro";"Simples";"Reta";"Não";2;1;0;0;1;0;0;2;-8,5047983;-36,2486383;"SPRF-PE";"DEL03-PE";"UOP01-DEL03-PE"
780249;2026-06-21;"domingo";"18:40:00";"MA";135;8;"SAO LUIS";"Reação tardia ou ineficiente do condutor";"Colisão traseira";"Com Vítimas Feridas";"Plena Noite";"Decrescente";"Céu Claro";"Dupla";"Reta";"Sim";5;0;0;2;3;0;2;2;-2,643492;-44,273463;"SPRF-MA";"DEL01-MA";"UOP01-DEL01-MA"
780250;2026-06-21;"domingo";"21:00:00";"CE";20;390;"CAUCAIA";"Animais na Pista";"Atropelamento de Animal";"Com Vítimas Feridas";"Plena Noite";"Crescente";"Céu Claro";"Simples";"Reta";"Não";2;0;1;0;1;0;1;2;-3,85503704;-38,78675636;"SPRF-CE";"DEL01-CE";"UOP01-DEL01-CE"
780251;2026-06-21;"domingo";"21:45:00";"MG";381;497;"BETIM";"Velocidade Incompatível";"Eventos atípicos";"Com Vítimas Feridas";"Plena Noite";"Decrescente";"Céu Claro";"Dupla";"Curva;Declive";"Sim";5;0;4;0;1;0;4;1;-19,97663026;-44,19976151;"SPRF-MG";"DEL01-MG";"UOP03-DEL01-MG"
780253;2026-06-21;"domingo";"18:00:00";"PB";104;114,6;"LAGOA SECA";"Ultrapassagem Indevida";"Colisão transversal";"Com Vítimas Feridas";"Plena Noite";"Decrescente";"Céu Claro";"Simples";"Reta;Declive";"Sim";3;0;2;0;1;0;2;2;-7,15865719;-35,85527658;"SPRF-PB";"DEL02-PB";"UOP04-DEL02-PB"
780254;2026-06-21;"domingo";"21:03:00";"SE";101;129;"ESTANCIA";"Ausência de reação do condutor";"Colisão com objeto";"Sem Vítimas";"Plena Noite";"Decrescente";"Céu Claro";"Dupla";"Reta";"Não";1;0;0;0;0;1;0;1;-11,103656;-37,371925;"SPRF-SE";"DEL02-SE";"UOP01-DEL02-SE"
780255;2026-06-21;"domingo";"22:07:00";"TO";10;447;"PALMAS";"Ausência de reação do condutor";"Saída de leito carroçável";"Com Vítimas Feridas";"Plena Noite";"Decrescente";"Céu Claro";"Simples";"Reta";"Não";1;0;1;0;0;0;1;1;-10,378586;-48,304389;"SPRF-TO";"DEL01-TO";"UOP03-DEL01-TO"
780257;2026-06-21;"domingo";"21:40:00";"SC";101;123;"ITAJAI";"Ausência de reação do condutor";"Colisão lateral mesmo sentido";"Com Vítimas Feridas";"Plena Noite";"Crescente";"Nublado";"Dupla";"Reta";"Não";2;0;1;0;0;1;1;2;-26,9408113;-48,69466782;"SPRF-SC";"DEL04-SC";"UOP04-DEL04-SC"
780258;2026-06-21;"domingo";"20:05:00";"SC";163;86,4;"GUARACIABA";"Ingestão de álcool pelo condutor";"Saída de leito carroçável";"Com Vítimas Feridas";"Plena Noite";"Decrescente";"Céu Claro";"Simples";"Reta";"Sim";1;0;1;0;0;0;1;1;-26,592192;-53,514988;"SPRF-SC";"DEL07-SC";"UOP03-DEL07-SC"
780260;2026-06-21;"domingo";"19:58:00";"AC";364;120;"RIO BRANCO";"Animais na Pista";"Atropelamento de Animal";"Com Vítimas Feridas";"Plena Noite";"Crescente";"Céu Claro";"Simples";"Reta";"Sim";2;0;2;0;0;0;2;1;-10,0120239;-67,76199818;"SPRF-AC";"DEL01-AC";"UOP01-DEL01-AC"
780261;2026-06-21;"domingo";"22:30:00";"MG";262;439,5;"NOVA SERRANA";"Ausência de reação do condutor";"Queda de ocupante de veículo";"Com Vítimas Fatais";"Plena Noite";"Decrescente";"Céu Claro";"Dupla";"Reta";"Sim";1;1;0;0;0;0;0;1;-19,86705296;-44,99042988;"SPRF-MG";"DEL08-MG";"UOP03-DEL08-MG"
780262;2026-06-21;"domingo";"19:30:00";"RJ";101;320;"NITEROI";"Ausência de reação do condutor";"Colisão com objeto";"Com Vítimas Fatais";"Plena Noite";"Decrescente";"Céu Claro";"Dupla";"Curva";"Sim";1;1;0;0;0;0;0;1;-22,86053625;-43,10667157;"SPRF-RJ";"DEL02-RJ";"UOP01-DEL02-RJ"
780263;2026-06-21;"domingo";"21:00:00";"MG";262;810;"UBERABA";"Ingestão de álcool pelo condutor";"Colisão traseira";"Com Vítimas Feridas";"Plena Noite";"Crescente";"Céu Claro";"Dupla";"Reta";"Não";6;0;1;1;4;0;2;2;-19,760372;-48,07656;"SPRF-MG";"DEL13-MG";"UOP01-DEL13-MG"
780264;2026-06-21;"domingo";"22:00:00";"PR";277;43,5;"MORRETES";"Condutor Dormindo";"Capotamento";"Com Vítimas Feridas";"Plena Noite";"Crescente";"Vento";"Dupla";"Curva;Aclive";"Não";2;0;2;0;0;0;2;1;-25,593836;-48,884936;"SPRF-PR";"DEL01-PR";"UOP05-DEL01-PR"
780265;2026-06-21;"domingo";"20:14:00";"AC";364;137;"RIO BRANCO";"Manobra de mudança de faixa";"Colisão lateral mesmo sentido";"Sem Vítimas";"Plena Noite";"Crescente";"Ignorado";"Dupla";"Interseção de Vias";"Sim";5;0;0;0;5;0;0;2;-9,96938;-67,85271;"SPRF-AC";"DEL01-AC";"UOP01-DEL01-AC"
780268;2026-06-21;"domingo";"19:50:00";"RO";364;468,3;"ARIQUEMES";"Acesso irregular";"Colisão lateral mesmo sentido";"Com Vítimas Feridas";"Plena Noite";"Crescente";"Céu Claro";"Simples";"Declive;Reta";"Não";7;0;2;0;5;0;2;2;-10,204178;-62,785968;"SPRF-RO";"DEL03-RO";"UOP01-DEL03-RO"
780269;2026-06-21;"domingo";"23:40:00";"RS";116;39,6;"VACARIA";"Ausência de reação do condutor";"Saída de leito carroçável";"Sem Vítimas";"Plena Noite";"Crescente";"Céu Claro";"Simples";"Interseção de Vias";"Sim";2;0;0;0;2;0;0;1;-28,5156731;-50,9368089;"SPRF-RS";"DEL05-RS";"UOP03-DEL05-RS"
780270;2026-06-21;"domingo";"23:45:00";"GO";20;10,5;"FORMOSA";"Transitar na contramão";"Colisão frontal";"Com Vítimas Fatais";"Plena Noite";"Crescente";"Céu Claro";"Simples";"Reta";"Não";2;1;1;0;0;0;1;2;-15,559888;-47,262756;"SPRF-DF";"DEL02-DF";"UOP02-DEL02-DF"
780271;2026-06-21;"domingo";"20:32:00";"RO";435;92;"COLORADO DO OESTE";"Transitar na contramão";"Colisão lateral sentido oposto";"Com Vítimas Feridas";"Plena Noite";"Decrescente";"Ignorado";"Simples";"Declive;Reta";"Não";3;0;0;1;2;0;1;2;-13,170133;-60,544882;"SPRF-RO";"DEL04-RO";"UOP02-DEL04-RO"
780272;2026-06-21;"domingo";"23:05:00";"RS";386;273;"FONTOURA XAVIER";"Ausência de reação do condutor";"Saída de leito carroçável";"Sem Vítimas";"Plena Noite";"Decrescente";"Nublado";"Simples";"Reta";"Não";1;0;0;0;0;1;0;1;-29,00791;-52,338024;"SPRF-RS";"DEL04-RS";"UOP03-DEL04-RS"
780273;2026-06-22;"segunda-feira";"01:29:00";"PE";232;150;"SAO CAITANO";"Reação tardia ou ineficiente do condutor";"Saída de leito carroçável";"Com Vítimas Feridas";"Plena Noite";"Crescente";"Chuva";"Simples";"Reta";"Não";2;0;0;2;0;0;2;1;-8,33006373;-36,12304688;"SPRF-PE";"DEL03-PE";"UOP02-DEL03-PE"
780274;2026-06-22;"segunda-feira";"00:00:00";"MT";163;595;"NOVA MUTUM";"Reação tardia ou ineficiente do condutor";"Saída de leito carroçável";"Com Vítimas Fatais";"Plena Noite";"Decrescente";"Céu Claro";"Dupla";"Reta";"Sim";2;1;0;1;0;0;1;1;-13,85239157;-56,08477375;"SPRF-MT";"DEL01-MT";"UOP01-DEL01-MT"
780275;2026-06-22;"segunda-feira";"01:30:00";"MS";267;21;"BATAGUASSU";"Ausência de reação do condutor";"Saída de leito carroçável";"Com Vítimas Feridas";"Plena Noite";"Decrescente";"Nublado";"Simples";"Declive;Reta";"Não";2;0;2;0;0;0;2;1;-21,726881;-52,340428;"SPRF-MS";"DEL02-MS";"UOP04-DEL02-MS"
780276;2026-06-22;"segunda-feira";"03:30:00";"DF";70;15;"BRASILIA";"Condutor Dormindo";"Colisão com objeto";"Sem Vítimas";"Plena Noite";"Decrescente";"Céu Claro";"Dupla";"Reta";"Sim";2;0;0;0;2;0;0;1;-15,794956;-48,19918542;"SPRF-DF";"DEL03-DF";"UOP02-DEL03-DF"
780278;2026-06-22;"segunda-feira";"05:15:00";"SP";116;211;"GUARULHOS";"Ausência de reação do condutor";"Colisão traseira";"Com Vítimas Feridas";"Amanhecer";"Crescente";"Nevoeiro/Neblina";"Dupla";"Reta";"Não";2;0;1;0;1;0;1;2;-23,43619849;-46,42928481;"SPRF-SP";"DEL01-SP";"UOP01-DEL01-SP"
780279;2026-06-22;"segunda-feira";"04:40:00";"PI";316;33,1;"DEMERVAL LOBAO";"Acessar a via sem observar a presença dos outros veículos";"Colisão transversal";"Com Vítimas Feridas";"Plena Noite";"Crescente";"Nublado";"Múltipla";"Reta";"Sim";2;0;1;0;1;0;1;2;-5,360903;-42,675309;"SPRF-PI";"DEL01-PI";"UOP02-DEL01-PI"
780280;2026-06-22;"segunda-feira";"04:30:00";"MG";381;928,2;"ITAPEVA";"Demais falhas mecânicas ou elétricas";"Incêndio";"Sem Vítimas";"Amanhecer";"Decrescente";"Nublado";"Dupla";"Reta";"Não";1;0;0;0;1;0;0;1;-22,77093558;-46,23431826;"SPRF-MG";"DEL16-MG";"UOP03-DEL16-MG"
780282;2026-06-22;"segunda-feira";"05:01:00";"MA";10;255,6;"IMPERATRIZ";"Reação tardia ou ineficiente do condutor";"Saída de leito carroçável";"Com Vítimas Feridas";"Amanhecer";"Crescente";"Céu Claro";"Simples";"Reta";"Sim";1;0;0;1;0;0;1;1;-5,503157;-47,471676;"SPRF-MA";"DEL04-MA";"UOP01-DEL04-MA"
780283;2026-06-22;"segunda-feira";"05:45:00";"SC";101;208,3;"SAO JOSE";"Manobra de mudança de faixa";"Colisão traseira";"Com Vítimas Feridas";"Amanhecer";"Decrescente";"Céu Claro";"Dupla";"Reta";"Sim";2;0;0;1;1;0;1;2;-27,60435;-48,63279;"SPRF-SC";"DEL01-SC";"UOP01-DEL01-SC"
780284;2026-06-22;"segunda-feira";"06:00:00";"RN";406;128;"TAIPU";"Transitar na contramão";"Colisão traseira";"Sem Vítimas";"Pleno dia";"Decrescente";"Céu Claro";"Simples";"Reta";"Não";2;0;0;0;2;0;0;2;-5,6212383;-35,6088483;"SPRF-RN";"DEL02-RN";"UOP01-DEL02-RN"
780286;2026-06-22;"segunda-feira";"05:50:00";"MG";381;423,8;"SABARA";"Ausência de sinalização";"Colisão frontal";"Com Vítimas Feridas";"Amanhecer";"Crescente";"Sol";"Simples";"Curva";"Não";4;0;1;3;0;0;4;2;-19,78741047;-43,691715;"SPRF-MG";"DEL01-MG";"UOP01-DEL01-MG"
780287;2026-06-22;"segunda-feira";"06:00:00";"MG";381;489;"BETIM";"Ausência de reação do condutor";"Colisão traseira";"Com Vítimas Feridas";"Pleno dia";"Decrescente";"Céu Claro";"Dupla";"Reta";"Sim";3;0;1;0;2;0;1;2;-19,9559785;-44,13215367;"SPRF-MG";"DEL01-MG";"UOP03-DEL01-MG"
780288;2026-06-22;"segunda-feira";"05:21:00";"RJ";101;489;"ANGRA DOS REIS";"Transitar na contramão";"Colisão frontal";"Com Vítimas Feridas";"Amanhecer";"Decrescente";"Céu Claro";"Dupla";"Curva";"Sim";4;0;2;1;1;0;3;3;-22,99316288;-44,30065155;"SPRF-RJ";"DEL03-RJ";"UOP03-DEL03-RJ"
780290;2026-06-22;"segunda-feira";"05:00:00";"RJ";40;102;"DUQUE DE CAXIAS";"Pedestre andava na pista";"Atropelamento de Pedestre";"Com Vítimas Feridas";"Amanhecer";"Decrescente";"Céu Claro";"Múltipla";"Reta";"Sim";2;0;1;0;0;1;1;2;-22,61475;-43,28655;"SPRF-RJ";"DEL01-RJ";"UOP02-DEL01-RJ"