"id";"data_inversa";"dia_semana";"horario";"uf";"br";"km";"municipio";"causa_acidente";"tipo_acidente";"classificacao_acidente";"fase_dia";"sentido_via";"condicao_metereologica";"tipo_pista";"tracado_via";"uso_solo";"pessoas";"mortos";"feridos_leves";"feridos_graves";"ilesos";"ignorados";"feridos";"veiculos";"latitude";"longitude";"regional";"delegacia";"uop"
780402;2026-06-22;"segunda-feira";"11:05:00";"MT";364;272;"JACIARA";"Pedestre cruzava a pista fora da faixa";"Atropelamento de Pedestre";"Com Vítimas Feridas";"Pleno dia";"Crescente";"Céu Claro";"Dupla";"Reta";"Sim";2;0;1;0;1;0;1;2;-15,962632;-54,96422;"SPRF-MT";"DEL05-MT";"UOP02-DEL05-MT"
780404;2026-06-22;"segunda-feira";"13:30:00";"DF";251;33;"BRASILIA";"Acessar a via sem observar a presença dos outros veículos";"Colisão transversal";"Com Vítimas Feridas";"Pleno dia";"Decrescente";"Céu Claro";"Simples";"Declive;Reta";"Sim";2;0;0;1;1;0;1;2;-15,93934822;-47,7636745;"SPRF-DF";"DEL01-DF";"UOP01-DEL01-DF"
780407;2026-06-22;"segunda-feira";"13:25:00";"SP";101;47;"UBATUBA";"Demais falhas mecânicas ou elétricas";"Incêndio";"Com Vítimas Feridas";"Pleno dia";"Crescente";"Céu Claro";"Simples";"Reta";"Sim";1;0;1;0;0;0;1;1;-23,43295386;-45,08517623;"SPRF-SP";"DEL06-SP";"UOP01-DEL06-SP"
780408;2026-06-22;"segunda-feira";"14:00:00";"DF";70;14,7;"BRASILIA";"Manobra de mudança de faixa";"Colisão lateral mesmo sentido";"Com Vítimas Feridas";"Pleno dia";"Decrescente";"Céu Claro";"Dupla";"Reta";"Sim";3;0;1;0;2;0;1;3;-15,798444;-48,187832;"SPRF-DF";"DEL03-DF";"UOP02-DEL03-DF"
780409;2026-06-22;"segunda-feira";"13:40:00";"MG";381;829,3;"SAO SEBASTIAO DA BELA VISTA";"Avarias e/ou desgaste excessivo no pneu";"Tombamento";"Com Vítimas Feridas";"Pleno dia";"Decrescente";"Sol";"Dupla";"Reta";"Não";1;0;1;0;0;0;1;1;-22,11950785;-45,75905353;"SPRF-MG";"DEL16-MG";"UOP01-DEL16-MG"
780410;2026-06-22;"segunda-feira";"13:35:00";"PR";277;118;"CAMPO LARGO";"Mal súbito do condutor";"Tombamento";"Com Vítimas Feridas";"Pleno dia";"Crescente";"Nublado";"Dupla";"Aclive;Reta";"Não";1;0;1;0;0;0;1;1;-25,44345869;-49,46507335;"SPRF-PR";"DEL01-PR";"UOP07-DEL01-PR"
780411;2026-06-22;"segunda-feira";"14:15:00";"BA";324;516;"FEIRA DE SANTANA";"Reação tardia ou ineficiente do condutor";"Colisão transversal";"Com Vítimas Feridas";"Pleno dia";"Decrescente";"Céu Claro";"Múltipla";"Reta";"Sim";2;0;0;1;1;0;1;2;-12,25861502;-38,93211365;"SPRF-BA";"DEL02-BA";"UOP01-DEL02-BA"
780412;2026-06-22;"segunda-feira";"14:15:00";"MG";381;492,7;"BETIM";"Pedestre andava na pista";"Atropelamento de Pedestre";"Com Vítimas Feridas";"Pleno dia";"Decrescente";"Sol";"Múltipla";"Reta";"Sim";2;0;1;0;1;0;1;2;-19,962998;-44,165762;"SPRF-MG";"DEL01-MG";"UOP03-DEL01-MG"
780413;2026-06-22;"segunda-feira";"13:47:00";"RJ";356;23;"ITAPERUNA";"Ausência de reação do condutor";"Colisão traseira";"Com Vítimas Feridas";"Pleno dia";"Decrescente";"Sol";"Simples";"Reta";"Não";3;0;2;0;1;0;2;2;-21,2584937;-41,7691766;"SPRF-RJ";"DEL08-RJ";"UOP03-DEL08-RJ"
780414;2026-06-22;"segunda-feira";"12:45:00";"RO";364;425,4;"JARU";"Área urbana sem a presença de local apropriado para a travessia de pedestres";"Atropelamento de Pedestre";"Com Vítimas Feridas";"Pleno dia";"Crescente";"Nublado";"Dupla";"Reta";"Sim";2;0;2;0;0;0;2;2;-10,43585936;-62,47396248;"SPRF-RO";"DEL03-RO";"UOP02-DEL03-RO"
780415;2026-06-22;"segunda-feira";"12:50:00";"MT";163;1030;"PEIXOTO DE AZEVEDO";"Acessar a via sem observar a presença dos outros veículos";"Colisão transversal";"Com Vítimas Feridas";"Pleno dia";"Crescente";"Céu Claro";"Simples";"Reta";"Sim";2;0;2;0;0;0;2;2;-10,2418027;-54,9864455;"SPRF-MT";"DEL06-MT";"UOP03-DEL06-MT"
780417;2026-06-22;"segunda-feira";"14:30:00";"SP";488;4,2;"APARECIDA";"Ausência de reação do condutor";"Colisão transversal";"Com Vítimas Feridas";"Pleno dia";"Crescente";"Sol";"Dupla";"Curva";"Sim";2;0;1;0;1;0;1;2;-22,860167;-45,252998;"SPRF-SP";"DEL08-SP";"UOP01-DEL08-SP"
780418;2026-06-22;"segunda-feira";"14:36:00";"PB";230;22;"JOAO PESSOA";"Trafegar com motocicleta (ou similar) entre as faixas";"Colisão lateral mesmo sentido";"Com Vítimas Feridas";"Pleno dia";"Decrescente";"Nublado";"Dupla";"Reta";"Sim";2;0;1;0;1;0;1;2;-7,152773;-34,854395;"SPRF-PB";"DEL01-PB";"UOP01-DEL01-PB"
780419;2026-06-22;"segunda-feira";"14:40:00";"CE";0;0;"FORTALEZA";"Reação tardia ou ineficiente do condutor";"Engavetamento";"Sem Vítimas";"Pleno dia";"Não Informado";"Céu Claro";"Múltipla";"Reta";"Sim";4;0;0;0;4;0;0;4;-3,77782256;-38,51489067;"SPRF-CE";"N/A";"N/A"
780420;2026-06-22;"segunda-feira";"12:30:00";"PR";163;159,5;"LINDOESTE";"Chuva";"Saída de leito carroçável";"Com Vítimas Feridas";"Pleno dia";"Decrescente";"Chuva";"Dupla";"Declive;Curva";"Não";2;0;0;2;0;0;2;1;-25,317497;-53,591453;"SPRF-PR";"DEL05-PR";"UOP05-DEL05-PR"
780421;2026-06-22;"segunda-feira";"15:00:00";"BA";324;516;"FEIRA DE SANTANA";"Conversão proibida";"Colisão traseira";"Com Vítimas Feridas";"Pleno dia";"Crescente";"Céu Claro";"Simples";"Reta";"Sim";3;0;1;0;2;0;1;3;-12,25593105;-38,93241405;"SPRF-BA";"DEL02-BA";"UOP01-DEL02-BA"
780422;2026-06-11;"quinta-feira";"15:04:00";"DF";20;54;"BRASILIA";"Velocidade Incompatível";"Saída de leito carroçável";"Com Vítimas Feridas";"Pleno dia";"Crescente";"Chuva";"Dupla";"Reta;Declive";"Não";2;0;2;0;0;0;2;1;-15,578033;-47,383287;"SPRF-DF";"DEL02-DF";"UOP01-DEL02-DF"
780423;2026-06-22;"segunda-feira";"14:30:00";"SC";282;55;"AGUAS MORNAS";"Chuva";"Colisão frontal";"Com Vítimas Feridas";"Pleno dia";"Decrescente";"Chuva";"Simples";"Curva";"Não";4;0;1;3;0;0;4;2;-27,6878311;-48,9781106;"SPRF-SC";"DEL01-SC";"UOP03-DEL01-SC"
780424;2026-06-22;"segunda-feira";"14:45:00";"RN";304;281;"MACAIBA";"Reação tardia ou ineficiente do condutor";"Colisão com objeto";"Com Vítimas Feridas";"Pleno dia";"Decrescente";"Céu Claro";"Dupla";"Reta";"Não";2;0;1;1;0;0;2;1;-5,8872167;-35,4816967;"SPRF-RN";"DEL01-RN";"UOP02-DEL01-RN"
780427;2026-06-22;"segunda-feira";"15:30:00";"RN";304;32;"MOSSORO";"Avarias e/ou desgaste excessivo no pneu";"Tombamento";"Com Vítimas Feridas";"Pleno dia";"Decrescente";"Céu Claro";"Dupla";"Reta";"Sim";2;0;2;0;0;0;2;1;-5,1418148;-37,34631507;"SPRF-RN";"DEL04-RN";"UOP02-DEL04-RN"
780428;2026-06-22;"segunda-feira";"15:05:00";"RS";392;352;"SANTA MARIA";"Pista Escorregadia";"Colisão com objeto";"Com Vítimas Feridas";"Pleno dia";"Decrescente";"Chuva";"Múltipla";"Curva";"Sim";1;0;1;0;0;0;1;1;-29,71572577;-53,809714;"SPRF-RS";"DEL09-RS";"UOP01-DEL09-RS"
780430;2026-06-22;"segunda-feira";"14:45:00";"MG";50;178;"UBERABA";"Condutor deixou de manter distância do veículo da frente";"Colisão traseira";"Com Vítimas Feridas";"Pleno dia";"Decrescente";"Céu Claro";"Dupla";"Declive;Reta";"Sim";2;0;1;0;1;0;1;2;-19,77858688;-47,93404698;"SPRF-MG";"DEL13-MG";"UOP01-DEL13-MG"
780432;2026-06-22;"segunda-feira";"16:07:00";"RS";386;422,5;"MONTENEGRO";"Acumulo de água sobre o pavimento";"Colisão frontal";"Com Vítimas Feridas";"Pleno dia";"Crescente";"Garoa/Chuvisco";"Simples";"Curva";"Não";3;0;2;0;1;0;2;2;-29,817478;-51,387328;"SPRF-RS";"DEL04-RS";"UOP02-DEL04-RS"
780433;2026-04-18;"sábado";"22:30:00";"BA";367;30,7;"PORTO SEGURO";"Transitar na contramão";"Colisão frontal";"Com Vítimas Fatais";"Plena Noite";"Decrescente";"Céu Claro";"Simples";"Reta";"Não";3;2;0;0;1;0;0;2;-16,417748;-39,131778;"SPRF-BA";"DEL09-BA";"UOP03-DEL09-BA"
780434;2026-06-22;"segunda-feira";"16:15:00";"SC";101;205;"SAO JOSE";"Velocidade Incompatível";"Tombamento";"Com Vítimas Feridas";"Pleno dia";"Crescente";"Chuva";"Múltipla";"Aclive;Curva;Viaduto";"Sim";1;0;0;1;0;0;1;1;-27,58594961;-48,61759147;"SPRF-SC";"DEL01-SC";"UOP01-DEL01-SC"
780436;2026-06-22;"segunda-feira";"16:00:00";"PE";101;67;"RECIFE";"Ausência de reação do condutor";"Colisão traseira";"Com Vítimas Feridas";"Pleno dia";"Crescente";"Garoa/Chuvisco";"Simples";"Reta";"Sim";2;0;1;0;1;0;1;2;-8,04059668;-34,94277835;"SPRF-PE";"DEL01-PE";"UOP01-DEL01-PE"
780437;2026-06-22;"segunda-feira";"15:20:00";"RJ";116;323;"ITATIAIA";"Avarias e/ou desgaste excessivo no pneu";"Tombamento";"Com Vítimas Feridas";"Pleno dia";"Crescente";"Céu Claro";"Dupla";"Curva";"Não";1;0;1;0;0;0;1;1;-22,489157;-44,553989;"SPRF-RJ";"DEL07-RJ";"UOP02-DEL07-RJ"
780438;2026-06-22;"segunda-feira";"14:55:00";"PR";376;156,6;"MANDAGUACU";"Frear bruscamente";"Saída de leito carroçável";"Com Vítimas Feridas";"Pleno dia";"Decrescente";"Céu Claro";"Dupla";"Aclive;Curva";"Não";3;0;1;1;1;0;2;3;-23,340921;-52,092098;"SPRF-PR";"DEL09-PR";"UOP02-DEL09-PR"
780440;2026-06-22;"segunda-feira";"15:30:00";"PR";277;165,9;"LINDOESTE";"Condutor usando celular";"Colisão traseira";"Sem Vítimas";"Pleno dia";"Decrescente";"Nublado";"Simples";"Reta";"Sim";2;0;0;0;2;0;0;2;-25,269504;-53,571591;"SPRF-PR";"DEL01-PR";"UOP07-DEL01-PR"
780445;2026-05-10;"domingo";"05:40:00";"RJ";101;385;"ITAGUAI";"Velocidade Incompatível";"Tombamento";"Com Vítimas Feridas";"Pleno dia";"Crescente";"Céu Claro";"Dupla";"Reta";"Sim";2;0;1;1;0;0;2;1;-22,858924;-43,75937838;"SPRF-RJ";"DEL03-RJ";"UOP01-DEL03-RJ"
780448;2026-06-22;"segunda-feira";"17:20:00";"SP";116;154;"SAO JOSE DOS CAMPOS";"Ausência de reação do condutor";"Queda de ocupante de veículo";"Com Vítimas Feridas";"Anoitecer";"Crescente";"Céu Claro";"Dupla";"Reta;Declive";"Sim";1;0;1;0;0;0;1;1;-23,24378552;-45,92648713;"SPRF-SP";"DEL02-SP";"UOP01-DEL02-SP"
780449;2026-06-22;"segunda-feira";"17:35:00";"MT";158;555,7;"AGUA BOA";"Ausência de reação do condutor";"Saída de leito carroçável";"Com Vítimas Feridas";"Anoitecer";"Decrescente";"Céu Claro";"Simples";"Reta";"Não";1;0;1;0;0;0;1;1;-13,98029682;-52,13424683;"SPRF-MT";"DEL07-MT";"UOP02-DEL07-MT"
780451;2026-06-22;"segunda-feira";"16:15:00";"BA";324;578;"SAO SEBASTIAO DO PASSE";"Reação tardia ou ineficiente do condutor";"Colisão transversal";"Com Vítimas Feridas";"Pleno dia";"Decrescente";"Céu Claro";"Dupla";"Reta";"Não";3;0;2;0;1;0;2;2;-12,5907763;-38,5205599;"SPRF-BA";"DEL01-BA";"UOP01-DEL01-BA"
780454;2026-06-22;"segunda-feira";"17:20:00";"MG";116;702,6;"MURIAE";"Reação tardia ou ineficiente do condutor";"Tombamento";"Com Vítimas Feridas";"Anoitecer";"Crescente";"Céu Claro";"Simples";"Reta";"Não";1;0;0;1;0;0;1;1;-21,12575784;-42,38311887;"SPRF-MG";"DEL07-MG";"UOP02-DEL07-MG"
780455;2026-06-22;"segunda-feira";"17:00:00";"MA";222;672;"ACAILANDIA";"Ausência de reação do condutor";"Queda de ocupante de veículo";"Com Vítimas Feridas";"Pleno dia";"Decrescente";"Céu Claro";"Simples";"Reta";"Sim";1;0;0;1;0;0;1;1;-4,94731;-47,47665;"SPRF-MA";"DEL04-MA";"UOP03-DEL04-MA"
780456;2026-06-22;"segunda-feira";"08:18:00";"PA";316;60;"CASTANHAL";"Conversão proibida";"Colisão transversal";"Com Vítimas Feridas";"Pleno dia";"Crescente";"Sol";"Dupla";"Reta";"Sim";2;0;0;1;1;0;1;2;-1,29685348;-47,93105649;"SPRF-PA";"DEL01-PA";"UOP01-DEL01-PA"
780457;2026-06-22;"segunda-feira";"18:08:00";"SC";282;16,3;"PALHOCA";"Acesso irregular";"Colisão transversal";"Com Vítimas Feridas";"Plena Noite";"Decrescente";"Chuva";"Simples";"Reta";"Sim";2;0;0;1;1;0;1;2;-27,66089;-48,68378;"SPRF-SC";"DEL01-SC";"UOP02-DEL01-SC"
780458;2026-06-22;"segunda-feira";"14:20:00";"CE";222;55;"SAO GONCALO DO AMARANTE";"Acesso irregular";"Eventos atípicos";"Com Vítimas Feridas";"Pleno dia";"Decrescente";"Céu Claro";"Simples";"Reta";"Não";3;0;2;0;0;1;2;2;-3,668748;-39,010399;"SPRF-CE";"DEL01-CE";"UOP03-DEL01-CE"
780460;2026-06-22;"segunda-feira";"18:08:00";"TO";153;497;"PARAISO DO TOCANTINS";"Ultrapassagem Indevida";"Colisão lateral mesmo sentido";"Com Vítimas Feridas";"Anoitecer";"Crescente";"Céu Claro";"Simples";"Reta;Aclive";"Sim";2;0;1;0;1;0;1;2;-10,17899075;-48,88069737;"SPRF-TO";"DEL01-TO";"UOP01-DEL01-TO"
780461;2026-06-22;"segunda-feira";"17:30:00";"SP";116;111;"TAUBATE";"Reação tardia ou ineficiente do condutor";"Colisão traseira";"Com Vítimas Feridas";"Anoitecer";"Crescente";"Céu Claro";"Dupla";"Reta";"Sim";2;0;1;0;1;0;1;2;-23,03830632;-45,55738449;"SPRF-SP";"DEL02-SP";"UOP02-DEL02-SP"
780462;2026-06-22;"segunda-feira";"16:35:00";"RS";285;325,2;"PASSO FUNDO";"Chuva";"Saída de leito carroçável";"Com Vítimas Feridas";"Pleno dia";"Crescente";"Chuva";"Simples";"Reta";"Não";1;0;1;0;0;0;1;1;-28,268243;-52,667609;"SPRF-RS";"DEL08-RS";"UOP03-DEL08-RS"
780464;2026-06-17;"quarta-feira";"17:15:00";"MS";376;82;"DEODAPOLIS";"Ausência de reação do condutor";"Saída de leito carroçável";"Com Vítimas Feridas";"Anoitecer";"Decrescente";"Céu Claro";"Simples";"Reta";"Não";2;0;2;0;0;0;2;1;-22,285183;-54,14568;"SPRF-MS";"DEL04-MS";"UOP04-DEL04-MS"
780467;2026-06-02;"terça-feira";"10:30:00";"PB";230;248,1;"JUAZEIRINHO";"Reação tardia ou ineficiente do condutor";"Colisão frontal";"Com Vítimas Fatais";"Pleno dia";"Decrescente";"Sol";"Simples";"Reta";"Não";9;2;2;1;3;1;3;3;-7,069206;-36,632465;"SPRF-PB";"DEL02-PB";"UOP02-DEL02-PB"
780470;2026-06-22;"segunda-feira";"18:00:00";"RS";116;441;"CRISTAL";"Desvio temporário";"Saída de leito carroçável";"Com Vítimas Feridas";"Plena Noite";"Crescente";"Garoa/Chuvisco";"Dupla";"Reta;Desvio Temporário;Em Obras";"Não";4;0;1;2;0;1;3;2;-31,1244;-52,027605;"SPRF-RS";"DEL02-RS";"UOP02-DEL02-RS"
780471;2026-06-22;"segunda-feira";"18:44:00";"MT";70;511;"CUIABA";"Reação tardia ou ineficiente do condutor";"Tombamento";"Com Vítimas Feridas";"Anoitecer";"Crescente";"Nublado";"Dupla";"Reta";"Não";2;0;2;0;0;0;2;1;-15,69890481;-56,11188447;"SPRF-MT";"DEL01-MT";"UOP02-DEL01-MT"
780474;2026-06-22;"segunda-feira";"18:15:00";"MT";163;822,4;"SINOP";"Reação tardia ou ineficiente do condutor";"Colisão com objeto";"Com Vítimas Feridas";"Plena Noite";"Decrescente";"Nublado";"Simples";"Reta;Em Obras";"Sim";1;0;1;0;0;0;1;1;-11,9729;-55,5169;"SPRF-MT";"DEL06-MT";"UOP02-DEL06-MT"
780475;2026-06-22;"segunda-feira";"19:15:00";"RS";116;252;"SAPUCAIA DO SUL";"Condutor deixou de manter distância do veículo da frente";"Colisão traseira";"Com Vítimas Feridas";"Plena Noite";"Crescente";"Nublado";"Dupla";"Declive;Reta";"Sim";4;0;1;0;3;0;1;4;-29,80404471;-51,16631196;"SPRF-RS";"DEL01-RS";"UOP02-DEL01-RS"
780480;2026-06-22;"segunda-feira";"20:35:00";"RS";386;358,9;"ESTRELA";"Reação tardia ou ineficiente do condutor";"Colisão traseira";"Sem Vítimas";"Plena Noite";"Crescente";"Garoa/Chuvisco";"Dupla";"Curva";"Não";6;0;0;0;6;0;0;2;-29,540848;-51,913058;"SPRF-RS";"DEL04-RS";"UOP01-DEL04-RS"
780481;2026-06-22;"segunda-feira";"19:40:00";"MG";381;238;"SANTANA DO PARAISO";"Transitar no Acostamento";"Tombamento";"Com Vítimas Feridas";"Plena Noite";"Decrescente";"Céu Claro";"Simples";"Aclive;Reta";"Não";1;0;1;0;0;0;1;1;-19,4190209;-42,4942291;"SPRF-MG";"DEL06-MG";"UOP01-DEL06-MG"
780482;2026-06-22;"segunda-feira";"20:18:00";"SC";280;4;"SAO FRANCISCO DO SUL";"Conversão proibida";"Colisão traseira";"Com Vítimas Feridas";"Plena Noite";"Decrescente";"Chuva";"Simples";"Reta";"Sim";2;0;1;0;1;0;1;2;-26,25428;-48,619904;"SPRF-SC";"DEL03-SC";"UOP03-DEL03-SC"
780483;2026-06-22;"segunda-feira";"18:30:00";"MG";116;272,5;"TEOFILO OTONI";"Reação tardia ou ineficiente do condutor";"Colisão com objeto";"Com Vítimas Feridas";"Plena Noite";"Crescente";"Céu Claro";"Simples";"Reta";"Não";1;0;0;1;0;0;1;1;-17,823552;-41,504132;"SPRF-MG";"DEL11-MG";"UOP01-DEL11-MG"
780484;2026-06-22;"segunda-feira";"21:15:00";"SC";280;30;"ARAQUARI";"Acostamento em desnível";"Queda de ocupante de veículo";"Com Vítimas Feridas";"Plena Noite";"Decrescente";"Garoa/Chuvisco";"Simples";"Reta";"Sim";2;0;2;0;0;0;2;1;-26,41584478;-48,76832899;"SPRF-SC";"DEL03-SC";"UOP03-DEL03-SC"
780488;2026-06-22;"segunda-feira";"21:09:00";"MG";116;276,6;"TEOFILO OTONI";"Reação tardia ou ineficiente do condutor";"Colisão com objeto";"Com Vítimas Feridas";"Plena Noite";"Crescente";"Céu Claro";"Múltipla";"Reta";"Sim";2;0;1;0;0;1;1;2;-17,856752;-41,51468;"SPRF-MG";"DEL11-MG";"UOP01-DEL11-MG"
780489;2026-06-22;"segunda-feira";"21:00:00";"PR";373;175;"PONTA GROSSA";"Ingestão de álcool pelo condutor";"Colisão com objeto";"Sem Vítimas";"Plena Noite";"Crescente";"Chuva";"Dupla";"Curva";"Sim";1;0;0;0;1;0;0;1;-25,064743;-50,213163;"SPRF-PR";"DEL03-PR";"UOP01-DEL03-PR"
780490;2026-06-22;"segunda-feira";"18:45:00";"SP";116;220;"GUARULHOS";"Manobra de mudança de faixa";"Colisão lateral mesmo sentido";"Com Vítimas Feridas";"Plena Noite";"Crescente";"Nublado";"Múltipla";"Reta";"Não";2;0;1;0;1;0;1;2;-23,46710987;-46,50541633;"SPRF-SP";"DEL01-SP";"UOP01-DEL01-SP"
780491;2026-06-22;"segunda-feira";"16:02:00";"RN";304;304,6;"PARNAMIRIM";"Ausência de reação do condutor";"Colisão lateral mesmo sentido";"Com Vítimas Feridas";"Pleno dia";"Decrescente";"Céu Claro";"Dupla";"Reta";"Não";2;0;1;0;0;1;1;2;-5,886816;-35,274887;"SPRF-RN";"DEL01-RN";"UOP02-DEL01-RN"
780492;2026-06-22;"segunda-feira";"19:00:00";"RO";364;13;"VILHENA";"Ausência de reação do condutor";"Colisão traseira";"Com Vítimas Feridas";"Plena Noite";"Crescente";"Céu Claro";"Dupla";"Retorno Regulamentado";"Sim";3;0;1;0;2;0;1;2;-12,74101208;-60,13177721;"SPRF-RO";"DEL04-RO";"UOP01-DEL04-RO"
780494;2026-06-22;"segunda-feira";"21:00:00";"PE";232;23,8;"MORENO";"Chuva";"Atropelamento de Pedestre";"Com Vítimas Feridas";"Plena Noite";"Decrescente";"Chuva";"Dupla";"Reta";"Não";2;0;0;1;0;1;1;2;-8,10395;-35,102542;"SPRF-PE";"DEL02-PE";"UOP02-DEL02PE"
780495;2026-06-22;"segunda-feira";"19:50:00";"MS";60;426;"SIDROLANDIA";"Reação tardia ou ineficiente do condutor";"Colisão traseira";"Com Vítimas Feridas";"Plena Noite";"Decrescente";"Céu Claro";"Dupla";"Reta";"Sim";2;0;0;1;1;0;1;2;-20,936823;-54,962046;"SPRF-MS";"DEL01-MS";"UOP04-DEL01-MS"
780497;2026-06-22;"segunda-feira";"19:31:00";"RJ";493;71;"NOVA IGUACU";"Animais na Pista";"Atropelamento de Animal";"Com Vítimas Feridas";"Plena Noite";"Decrescente";"Céu Claro";"Dupla";"Reta";"Não";6;0;3;2;1;0;5;3;-22,68772068;-43,5141298;"SPRF-RJ";"DEL01-RJ";"UOP03-DEL01-RJ"
780499;2026-06-22;"segunda-feira";"22:12:00";"GO";70;9,2;"AGUAS LINDAS DE GOIAS";"Reação tardia ou ineficiente do condutor";"Saída de leito carroçável";"Com Vítimas Feridas";"Plena Noite";"Crescente";"Céu Claro";"Múltipla";"Reta;Retorno Regulamentado";"Sim";1;0;1;0;0;0;1;1;-15,737152;-48,290533;"SPRF-DF";"DEL03-DF";"UOP02-DEL03-DF"
780500;2026-05-17;"domingo";"19:20:00";"RJ";40;114;"DUQUE DE CAXIAS";"Demais falhas mecânicas ou elétricas";"Incêndio";"Sem Vítimas";"Plena Noite";"Crescente";"Nublado";"Múltipla";"Reta";"Sim";1;0;0;0;1;0;0;1;-22,72076287;-43,28947719;"SPRF-RJ";"DEL01-RJ";"UOP02-DEL01-RJ"
780502;2026-06-22;"segunda-feira";"23:05:00";"RJ";101;287,5;"ITABORAI";"Ausência de reação do condutor";"Queda de ocupante de veículo";"Com Vítimas Feridas";"Plena Noite";"Decrescente";"Nublado";"Dupla";"Reta";"Não";2;0;0;2;0;0;2;1;-22,758415;-42,841345;"SPRF-RJ";"DEL02-RJ";"UOP02-DEL02-RJ"
780503;2026-06-22;"segunda-feira";"22:40:00";"PR";116;151;"MANDIRITUBA";"Velocidade Incompatível";"Colisão com objeto";"Com Vítimas Feridas";"Plena Noite";"Crescente";"Céu Claro";"Simples";"Reta";"Não";1;0;1;0;0;0;1;1;-25,852694;-49,357908;"SPRF-PR";"DEL01-PR";"UOP03-DEL01-PR"
780504;2026-06-22;"segunda-feira";"18:20:00";"RJ";40;111;"DUQUE DE CAXIAS";"Condutor deixou de manter distância do veículo da frente";"Colisão traseira";"Com Vítimas Feridas";"Plena Noite";"Decrescente";"Céu Claro";"Múltipla";"Reta";"Sim";2;0;0;1;1;0;1;1;-22,685909;-43,285414;"SPRF-RJ";"DEL01-RJ";"UOP02-DEL01-RJ"
780507;2026-06-22;"segunda-feira";"22:00:00";"PE";101;168,6;"AGUA PRETA";"Ausência de reação do condutor";"Colisão traseira";"Com Vítimas Fatais";"Plena Noite";"Crescente";"Chuva";"Dupla";"Curva";"Não";2;1;0;0;0;1;0;2;-8,57667;-35,48798;"SPRF-PE";"DEL01-PE";"UOP03-DEL01-PE"
780510;2026-06-22;"segunda-feira";"20:15:00";"MG";262;683,5;"ARAXA";"Ausência de reação do condutor";"Saída de leito carroçável";"Com Vítimas Feridas";"Plena Noite";"Decrescente";"Céu Claro";"Simples";"Aclive;Reta";"Não";2;0;1;0;0;1;1;2;-19,57297;-47,00109;"SPRF-MG";"DEL08-MG";"UOP01-DEL08-MG"
780511;2026-06-22;"segunda-feira";"22:50:00";"RJ";40;124;"RIO DE JANEIRO";"Condutor Dormindo";"Capotamento";"Sem Vítimas";"Plena Noite";"Crescente";"Céu Claro";"Dupla";"Curva";"Sim";1;0;0;0;1;0;0;1;-22,8138677;-43,2878394;"SPRF-RJ";"DEL01-RJ";"UOP02-DEL01-RJ"
780515;2026-06-23;"terça-feira";"02:15:00";"MG";381;566,1;"ITAGUARA";"Ingestão de álcool pelo condutor";"Saída de leito carroçável";"Sem Vítimas";"Plena Noite";"Crescente";"Nublado";"Dupla";"Reta";"Não";1;0;0;0;1;0;0;1;-20,40089486;-44,5064494;"SPRF-MG";"DEL04-MG";"UOP03-DEL04-MG"
780516;2026-06-23;"terça-feira";"02:05:00";"PE";101;6,6;"GOIANA";"Animais na Pista";"Atropelamento de Animal";"Com Vítimas Feridas";"Plena Noite";"Decrescente";"Nublado";"Dupla";"Reta";"Não";2;0;2;0;0;0;2;1;-7,55632;-34,99082;"SPRF-PE";"DEL01-PE";"UOP02-DEL01-PE"
780517;2026-06-22;"segunda-feira";"21:10:00";"BA";101;466;"URUCUCA";"Transitar na contramão";"Colisão lateral sentido oposto";"Com Vítimas Fatais";"Plena Noite";"Decrescente";"Céu Claro";"Simples";"Reta";"Não";5;1;0;0;3;1;0;3;-14,49369194;-39,32944252;"SPRF-BA";"DEL05-BA";"UOP01-DEL05-BA"
780518;2026-06-23;"terça-feira";"03:00:00";"BA";116;484;"RAFAEL JAMBEIRO";"Retorno proibido";"Colisão transversal";"Com Vítimas Feridas";"Plena Noite";"Crescente";"Nublado";"Dupla";"Reta";"Não";3;0;1;2;0;0;3;2;-12,54277;-39,43613;"SPRF-BA";"DEL02-BA";"UOP01-DEL02-BA"
780521;2026-06-23;"terça-feira";"06:00:00";"RN";101;119;"SAO JOSE DE MIPIBU";"Acessar a via sem observar a presença dos outros veículos";"Colisão transversal";"Com Vítimas Feridas";"Pleno dia";"Decrescente";"Céu Claro";"Dupla";"Reta";"Não";2;0;1;0;0;1;1;2;-6,026825;-35,250348;"SPRF-RN";"DEL01-RN";"UOP01-DEL01-RN"
780522;2026-06-23;"terça-feira";"04:35:00";"MT";364;201,4;"RONDONOPOLIS";"Ausência de reação do condutor";"Colisão traseira";"Com Vítimas Feridas";"Amanhecer";"Decrescente";"Nublado";"Dupla";"Reta";"Sim";3;0;0;1;1;1;1;3;-16,485846;-54,648822;"SPRF-MT";"DEL02-MT";"UOP01-DEL02-MT"
780525;2026-06-23;"terça-feira";"06:20:00";"DF";251;60;"BRASILIA";"Acesso irregular";"Colisão transversal";"Com Vítimas Feridas";"Pleno dia";"Crescente";"Céu Claro";"Múltipla";"Interseção de Vias";"Não";2;0;1;1;0;0;2;2;-15,97661258;-47,98876254;"SPRF-DF";"DEL01-DF";"UOP01-DEL01-DF"
780528;2026-06-23;"terça-feira";"06:45:00";"SC";470;136;"RIO DO SUL";"Acessar a via sem observar a presença dos outros veículos";"Colisão transversal";"Com Vítimas Feridas";"Plena Noite";"Crescente";"Céu Claro";"Simples";"Reta";"Sim";2;0;1;0;1;0;1;2;-27,193885;-49,624117;"SPRF-SC";"DEL04-SC";"UOP02-DEL04-SC"