"id";"data_inversa";"dia_semana";"horario";"uf";"br";"km";"municipio";"causa_acidente";"tipo_acidente";"classificacao_acidente";"fase_dia";"sentido_via";"condicao_metereologica";"tipo_pista";"tracado_via";"uso_solo";"pessoas";"mortos";"feridos_leves";"feridos_graves";"ilesos";"ignorados";"feridos";"veiculos";"latitude";"longitude";"regional";"delegacia";"uop"
780531;2026-06-23;"terça-feira";"07:35:00";"SC";470;67,6;"INDAIAL";"Acessar a via sem observar a presença dos outros veículos";"Colisão transversal";"Com Vítimas Feridas";"Pleno dia";"Decrescente";"Céu Claro";"Simples";"Reta;Interseção de Vias;Viaduto";"Sim";2;0;1;0;1;0;1;2;-26,87208999;-49,23049305;"SPRF-SC";"DEL04-SC";"UOP01-DEL04-SC"
780533;2026-06-23;"terça-feira";"07:00:00";"SP";116;217;"GUARULHOS";"Condutor deixou de manter distância do veículo da frente";"Colisão traseira";"Com Vítimas Feridas";"Pleno dia";"Crescente";"Nublado";"Múltipla";"Reta";"Sim";2;0;1;0;0;1;1;2;-23,457556;-46,480401;"SPRF-SP";"DEL01-SP";"UOP01-DEL01-SP"
780535;2026-06-23;"terça-feira";"07:40:00";"RS";116;259;"CANOAS";"Ausência de reação do condutor";"Tombamento";"Com Vítimas Feridas";"Pleno dia";"Decrescente";"Céu Claro";"Dupla";"Reta";"Sim";1;0;1;0;0;0;1;1;-29,87312357;-51,17930368;"SPRF-RS";"DEL01-RS";"UOP02-DEL01-RS"
780537;2026-06-23;"terça-feira";"07:21:00";"SC";470;144;"RIO DO SUL";"Reação tardia ou ineficiente do condutor";"Colisão traseira";"Com Vítimas Feridas";"Pleno dia";"Decrescente";"Céu Claro";"Simples";"Reta";"Não";2;0;1;0;1;0;1;2;-27,2246285;-49,6648949;"SPRF-SC";"DEL04-SC";"UOP02-DEL04-SC"
780539;2026-06-23;"terça-feira";"08:10:00";"SC";101;147;"ITAPEMA";"Condutor deixou de manter distância do veículo da frente";"Colisão traseira";"Com Vítimas Feridas";"Pleno dia";"Decrescente";"Nublado";"Simples";"Viaduto";"Sim";2;0;1;0;1;0;1;2;-27,090267;-48,615027;"SPRF-SC";"DEL04-SC";"UOP03-DEL04-SC"
780540;2026-06-23;"terça-feira";"07:40:00";"MG";381;485;"BETIM";"Ultrapassagem Indevida";"Colisão lateral mesmo sentido";"Com Vítimas Feridas";"Pleno dia";"Decrescente";"Céu Claro";"Múltipla";"Reta";"Sim";2;0;1;0;1;0;1;2;-19,965808;-44,176103;"SPRF-MG";"DEL01-MG";"UOP03-DEL01-MG"
780541;2026-06-23;"terça-feira";"06:45:00";"PR";376;238;"APUCARANA";"Acessar a via sem observar a presença dos outros veículos";"Colisão transversal";"Com Vítimas Feridas";"Amanhecer";"Crescente";"Nublado";"Dupla";"Reta";"Não";2;0;0;1;1;0;1;2;-23,58506997;-51,47001386;"SPRF-PR";"DEL07-PR";"UOP03-DEL07-PR"
780543;2026-06-23;"terça-feira";"07:30:00";"CE";304;47;"ARACATI";"Acessar a via sem observar a presença dos outros veículos";"Colisão transversal";"Com Vítimas Feridas";"Pleno dia";"Crescente";"Céu Claro";"Dupla";"Reta";"Não";2;0;2;0;0;0;2;2;-4,57525;-37,792;"SPRF-CE";"DEL03-CE";"UOP02-DEL03-CE"
780544;2026-06-22;"segunda-feira";"18:50:00";"SC";282;506;"XANXERE";"Ausência de reação do condutor";"Colisão lateral mesmo sentido";"Com Vítimas Feridas";"Plena Noite";"Decrescente";"Nublado";"Dupla";"Rotatória";"Sim";2;0;1;0;1;0;1;2;-26,88540207;-52,43380785;"SPRF-SC";"DEL07-SC";"UOP01-DEL07-SC"
780545;2026-06-20;"sábado";"05:40:00";"RS";116;149,2;"CAXIAS DO SUL";"Condutor desrespeitou a iluminação vermelha do semáforo";"Colisão transversal";"Com Vítimas Feridas";"Plena Noite";"Decrescente";"Garoa/Chuvisco";"Múltipla";"Interseção de Vias";"Sim";3;0;1;1;1;0;2;2;-29,16225793;-51,15698212;"SPRF-RS";"DEL05-RS";"UOP01-DEL05-RS"
780546;2026-06-23;"terça-feira";"07:00:00";"MT";70;275;"PRIMAVERA DO LESTE";"Reação tardia ou ineficiente do condutor";"Colisão lateral mesmo sentido";"Com Vítimas Feridas";"Pleno dia";"Decrescente";"Céu Claro";"Simples";"Reta;Declive;Interseção de Vias";"Sim";3;0;1;0;1;1;1;3;-15,55735;-54,279608;"SPRF-MT";"DEL05-MT";"UOP01-DEL05-MT"
780550;2026-06-23;"terça-feira";"05:50:00";"RJ";40;121;"DUQUE DE CAXIAS";"Manobra de mudança de faixa";"Colisão lateral mesmo sentido";"Com Vítimas Feridas";"Amanhecer";"Crescente";"Céu Claro";"Múltipla";"Reta";"Sim";3;0;2;0;0;1;2;2;-22,787347;-43,285547;"SPRF-RJ";"DEL01-RJ";"UOP02-DEL01-RJ"
780551;2026-06-23;"terça-feira";"08:30:00";"SP";116;218;"GUARULHOS";"Reação tardia ou ineficiente do condutor";"Colisão traseira";"Com Vítimas Feridas";"Pleno dia";"Decrescente";"Garoa/Chuvisco";"Múltipla";"Reta";"Sim";3;0;1;0;2;0;1;2;-23,46029175;-46,48585914;"SPRF-SP";"DEL01-SP";"UOP01-DEL01-SP"
780552;2026-06-23;"terça-feira";"08:40:00";"PB";230;19;"JOAO PESSOA";"Ausência de reação do condutor";"Queda de ocupante de veículo";"Com Vítimas Feridas";"Pleno dia";"Decrescente";"Nublado";"Dupla";"Reta";"Sim";1;0;1;0;0;0;1;1;-7,128958;-34,849234;"SPRF-PB";"DEL01-PB";"UOP01-DEL01-PB"
780553;2026-06-23;"terça-feira";"07:55:00";"SC";470;1;"NAVEGANTES";"Reação tardia ou ineficiente do condutor";"Colisão lateral mesmo sentido";"Sem Vítimas";"Pleno dia";"Crescente";"Nublado";"Múltipla";"Rotatória";"Não";2;0;0;0;1;1;0;2;-26,88218894;-48,66096681;"SPRF-SC";"DEL04-SC";"UOP04-DEL04-SC"
780555;2026-06-23;"terça-feira";"07:12:00";"SP";381;84;"SAO PAULO";"Ausência de reação do condutor";"Colisão traseira";"Com Vítimas Feridas";"Pleno dia";"Decrescente";"Garoa/Chuvisco";"Dupla";"Reta";"Sim";2;0;1;0;1;0;1;2;-23,45068274;-46,56987799;"SPRF-SP";"DEL03-SP";"UOP01-DEL03-SP"
780556;2026-06-23;"terça-feira";"08:00:00";"PR";116;13;"COLOMBO";"Ausência de reação do condutor";"Colisão traseira";"Com Vítimas Feridas";"Pleno dia";"Crescente";"Nublado";"Dupla";"Reta";"Sim";2;0;1;0;1;0;1;2;-25,37966;-49,160285;"SPRF-PR";"DEL01-PR";"UOP02-DEL01-PR"
780557;2026-06-19;"sexta-feira";"18:50:00";"MT";70;0;"BARRA DO GARCAS";"Acesso irregular";"Colisão transversal";"Com Vítimas Feridas";"Plena Noite";"Decrescente";"Céu Claro";"Simples";"Reta;Rotatória";"Sim";4;0;3;0;1;0;3;2;-15,894077;-52,258373;"SPRF-MT";"DEL07-MT";"UOP01-DEL07-MT"
780561;2026-06-23;"terça-feira";"09:29:00";"RN";226;69,7;"SERRA CAIADA";"Acessar a via sem observar a presença dos outros veículos";"Colisão transversal";"Com Vítimas Feridas";"Pleno dia";"Decrescente";"Céu Claro";"Simples";"Reta";"Não";3;0;1;0;2;0;1;2;-6,103127;-35,704415;"SPRF-RN";"DEL01-RN";"UOP02-DEL01-RN"
780562;2026-06-23;"terça-feira";"07:50:00";"MT";163;104;"RONDONOPOLIS";"Pista Escorregadia";"Saída de leito carroçável";"Com Vítimas Feridas";"Pleno dia";"Crescente";"Chuva";"Dupla";"Reta";"Não";1;0;1;0;0;0;1;1;-16,62383639;-54,69831457;"SPRF-MT";"DEL02-MT";"UOP03-DEL02-MT"
780564;2026-06-20;"sábado";"03:00:00";"RJ";116;121;"MAGE";"Condutor Dormindo";"Tombamento";"Com Vítimas Feridas";"Plena Noite";"Crescente";"Nublado";"Dupla";"Reta";"Não";1;0;1;0;0;0;1;1;-22,629132;-43,049903;"SPRF-RJ";"DEL04-RJ";"UOP02-DEL04-RJ"
780565;2026-06-23;"terça-feira";"09:25:00";"RJ";101;322;"NITEROI";"Reação tardia ou ineficiente do condutor";"Colisão traseira";"Com Vítimas Feridas";"Pleno dia";"Decrescente";"Céu Claro";"Dupla";"Declive;Reta";"Não";2;0;1;0;1;0;1;2;-22,8811;-43,111;"SPRF-RJ";"DEL02-RJ";"UOP01-DEL02-RJ"
780566;2026-06-23;"terça-feira";"09:30:00";"PB";101;88;"JOAO PESSOA";"Trafegar com motocicleta (ou similar) entre as faixas";"Colisão lateral mesmo sentido";"Com Vítimas Feridas";"Pleno dia";"Decrescente";"Garoa/Chuvisco";"Dupla";"Reta";"Sim";2;0;1;1;0;0;2;2;-7,16772099;-34,89667503;"SPRF-PB";"DEL01-PB";"UOP01-DEL01-PB"
780567;2026-05-30;"sábado";"17:50:00";"SC";101;136,4;"BALNEARIO CAMBORIU";"Ausência de reação do condutor";"Colisão com objeto";"Com Vítimas Feridas";"Anoitecer";"Decrescente";"Nublado";"Múltipla";"Reta;Declive";"Sim";2;0;0;2;0;0;2;1;-27,0105681;-48,6152153;"SPRF-SC";"DEL04-SC";"UOP03-DEL04-SC"
780568;2026-06-23;"terça-feira";"09:50:00";"PB";101;99;"CONDE";"Acostamento em desnível";"Tombamento";"Com Vítimas Feridas";"Pleno dia";"Decrescente";"Chuva";"Simples";"Retorno Regulamentado;Reta";"Não";2;0;1;0;1;0;1;1;-7,25932437;-34,9354814;"SPRF-PB";"DEL01-PB";"UOP01-DEL01-PB"
780569;2026-06-23;"terça-feira";"10:00:00";"SP";381;72;"MAIRIPORA";"Velocidade Incompatível";"Saída de leito carroçável";"Com Vítimas Feridas";"Pleno dia";"Decrescente";"Céu Claro";"Múltipla";"Curva";"Não";1;0;1;0;0;0;1;1;-23,352791;-46,551359;"SPRF-SP";"DEL03-SP";"UOP01-DEL03-SP"
780572;2026-06-23;"terça-feira";"10:00:00";"SP";116;127;"CACAPAVA";"Demais falhas mecânicas ou elétricas";"Incêndio";"Sem Vítimas";"Pleno dia";"Decrescente";"Nublado";"Dupla";"Reta";"Sim";1;0;0;0;1;0;0;1;-23,10598771;-45,69704663;"SPRF-SP";"DEL02-SP";"UOP02-DEL02-SP"
780575;2026-06-21;"domingo";"19:30:00";"PE";428;136,8;"LAGOA GRANDE";"Ausência de reação do condutor";"Colisão com objeto";"Com Vítimas Fatais";"Plena Noite";"Decrescente";"Céu Claro";"Simples";"Interseção de Vias;Rotatória";"Não";1;1;0;0;0;0;0;1;-8,982668;-40,25388;"SPRF-PE";"DEL06-PE";"UOP03-DEL06-PE"
780577;2026-06-23;"terça-feira";"10:15:00";"RJ";101;333;"RIO DE JANEIRO";"Trafegar com motocicleta (ou similar) entre as faixas";"Queda de ocupante de veículo";"Com Vítimas Feridas";"Pleno dia";"Decrescente";"Céu Claro";"Múltipla";"Reta";"Não";1;0;1;0;0;0;1;1;-22,87960984;-43,21180051;"SPRF-RJ";"DEL02-RJ";"UOP01-DEL02-RJ"
780579;2026-06-01;"segunda-feira";"19:30:00";"SC";280;29;"ARAQUARI";"Ausência de reação do condutor";"Colisão traseira";"Com Vítimas Feridas";"Plena Noite";"Decrescente";"Nublado";"Simples";"Reta";"Não";3;0;1;0;2;0;1;2;-26,41694106;-48,77332091;"SPRF-SC";"DEL03-SC";"UOP03-DEL03-SC"
780580;2026-06-23;"terça-feira";"09:00:00";"RN";226;190,5;"SAO VICENTE";"Reação tardia ou ineficiente do condutor";"Colisão com objeto";"Com Vítimas Fatais";"Pleno dia";"Crescente";"Céu Claro";"Simples";"Curva";"Não";6;1;3;2;0;0;5;1;-6,2638122;-36,6269927;"SPRF-RN";"DEL03-RN";"UOP02-DEL03-RN"
780581;2026-06-23;"terça-feira";"10:20:00";"MG";381;931,2;"ITAPEVA";"Velocidade Incompatível";"Saída de leito carroçável";"Com Vítimas Feridas";"Pleno dia";"Decrescente";"Chuva";"Dupla";"Curva";"Não";2;0;0;2;0;0;2;1;-22,786684;-46,241846;"SPRF-MG";"DEL16-MG";"UOP03-DEL16-MG"
780582;2026-06-23;"terça-feira";"10:40:00";"TO";153;491;"PARAISO DO TOCANTINS";"Demais falhas na via";"Tombamento";"Com Vítimas Feridas";"Pleno dia";"Crescente";"Céu Claro";"Simples";"Declive;Reta";"Não";1;0;1;0;0;0;1;1;-10,12709425;-48,88561891;"SPRF-TO";"DEL01-TO";"UOP01-DEL01-TO"
780583;2026-06-23;"terça-feira";"08:40:00";"ES";101;54;"CONCEICAO DA BARRA";"Reação tardia ou ineficiente do condutor";"Colisão traseira";"Com Vítimas Feridas";"Pleno dia";"Crescente";"Sol";"Simples";"Reta";"Não";5;0;2;0;1;2;2;4;-18,62368043;-39,88100259;"SPRF-ES";"DEL04-ES";"UOP02-DEL04-ES"
780585;2026-06-23;"terça-feira";"11:15:00";"RS";448;10;"CANOAS";"Acumulo de areia ou detritos sobre o pavimento";"Tombamento";"Com Vítimas Feridas";"Pleno dia";"Crescente";"Céu Claro";"Dupla";"Interseção de Vias";"Não";1;0;1;0;0;0;1;1;-29,88180451;-51,23858444;"SPRF-RS";"DEL01-RS";"UOP01-DEL01-RS"
780587;2026-06-23;"terça-feira";"11:00:00";"GO";153;502;"GOIANAPOLIS";"Ausência de reação do condutor";"Colisão traseira";"Com Vítimas Feridas";"Pleno dia";"Crescente";"Céu Claro";"Dupla";"Reta";"Sim";2;0;0;1;1;0;1;2;-16,57573942;-49,15934717;"SPRF-GO";"DEL01-GO";"UOP01-DEL01-GO"
780588;2026-06-23;"terça-feira";"08:45:00";"SC";101;149;"ITAPEMA";"Reação tardia ou ineficiente do condutor";"Colisão traseira";"Com Vítimas Feridas";"Pleno dia";"Crescente";"Nublado";"Múltipla";"Reta";"Sim";2;0;1;0;1;0;1;2;-27,12188515;-48,60976903;"SPRF-SC";"DEL04-SC";"UOP03-DEL04-SC"
780589;2026-06-23;"terça-feira";"11:24:00";"RN";101;94;"NATAL";"Trafegar com motocicleta (ou similar) entre as faixas";"Colisão lateral mesmo sentido";"Com Vítimas Feridas";"Pleno dia";"Decrescente";"Céu Claro";"Múltipla";"Interseção de Vias;Reta";"Sim";2;0;1;0;1;0;1;2;-5,8312408;-35,21176863;"SPRF-RN";"DEL01-RN";"UOP01-DEL01-RN"
780590;2026-05-20;"quarta-feira";"19:40:00";"GO";364;314;"MINEIROS";"Ultrapassagem Indevida";"Colisão lateral mesmo sentido";"Com Vítimas Feridas";"Anoitecer";"Crescente";"Garoa/Chuvisco";"Simples";"Reta";"Não";2;0;1;0;1;0;1;2;-17,44875;-52,59529;"SPRF-GO";"DEL05-GO";"UOP01-DEL05-GO"
780591;2026-06-23;"terça-feira";"10:10:00";"CE";20;312,7;"CANINDE";"Transitar na contramão";"Colisão lateral sentido oposto";"Sem Vítimas";"Pleno dia";"Crescente";"Céu Claro";"Simples";"Aclive;Curva";"Não";2;0;0;0;2;0;0;2;-4,321342;-39,270412;"SPRF-CE";"DEL02-CE";"UOP01-DEL02-CE"
780593;2026-06-23;"terça-feira";"11:30:00";"PE";232;148;"SAO CAITANO";"Condutor deixou de manter distância do veículo da frente";"Colisão traseira";"Sem Vítimas";"Pleno dia";"Crescente";"Céu Claro";"Dupla";"Reta";"Sim";2;0;0;0;1;1;0;2;-8,33218739;-36,14046729;"SPRF-PE";"DEL03-PE";"UOP02-DEL03-PE"
780594;2026-06-23;"terça-feira";"11:00:00";"SP";116;148;"SAO JOSE DOS CAMPOS";"Reação tardia ou ineficiente do condutor";"Colisão lateral mesmo sentido";"Com Vítimas Feridas";"Pleno dia";"Decrescente";"Garoa/Chuvisco";"Múltipla";"Reta";"Sim";3;0;1;0;2;0;1;2;-23,20098798;-45,87956834;"SPRF-SP";"DEL02-SP";"UOP01-DEL02-SP"
780596;2026-06-23;"terça-feira";"11:14:00";"PE";101;41,7;"IGARASSU";"Trafegar com motocicleta (ou similar) entre as faixas";"Colisão lateral mesmo sentido";"Com Vítimas Feridas";"Pleno dia";"Decrescente";"Chuva";"Dupla";"Reta;Declive";"Não";3;0;1;0;2;0;1;2;-7,836937;-34,912413;"SPRF-PE";"DEL01-PE";"UOP02-DEL01-PE"
780597;2026-06-23;"terça-feira";"12:00:00";"SE";235;55;"ITABAIANA";"Chuva";"Saída de leito carroçável";"Com Vítimas Feridas";"Pleno dia";"Crescente";"Chuva";"Simples";"Reta";"Não";2;0;2;0;0;0;2;1;-10,669224;-37,444953;"SPRF-SE";"DEL01-SE";"UOP02-DEL01-SE"
780598;2026-06-19;"sexta-feira";"14:45:00";"MS";163;264;"DOURADOS";"Acumulo de areia ou detritos sobre o pavimento";"Tombamento";"Com Vítimas Feridas";"Pleno dia";"Decrescente";"Chuva";"Dupla";"Reta";"Sim";1;0;0;1;0;0;1;1;-22,226057;-54,736509;"SPRF-MS";"DEL04-MS";"UOP01-DEL04-MS"
780599;2026-06-23;"terça-feira";"11:40:00";"MG";40;102;"LAGOA GRANDE";"Condutor deixou de manter distância do veículo da frente";"Capotamento";"Com Vítimas Feridas";"Pleno dia";"Crescente";"Céu Claro";"Simples";"Reta";"Não";5;0;1;1;3;0;2;2;-17,57505731;-46,4937973;"SPRF-MG";"DEL14-MG";"UOP01-DEL14-MG"
780600;2026-06-23;"terça-feira";"11:55:00";"SP";116;291;"ITAPECERICA DA SERRA";"Ausência de reação do condutor";"Tombamento";"Com Vítimas Feridas";"Pleno dia";"Decrescente";"Chuva";"Dupla";"Retorno Regulamentado";"Sim";1;0;1;0;0;0;1;1;-23,73315;-46,894938;"SPRF-SP";"DEL04-SP";"UOP01-DEL04-SP"
780601;2026-06-05;"sexta-feira";"07:20:00";"BA";324;519;"FEIRA DE SANTANA";"Ausência de reação do condutor";"Colisão traseira";"Com Vítimas Feridas";"Pleno dia";"Decrescente";"Nublado";"Dupla";"Reta";"Sim";1;0;1;0;0;0;1;1;-12,27334181;-38,93396823;"SPRF-BA";"DEL02-BA";"UOP01-DEL02-BA"
780605;2026-06-19;"sexta-feira";"19:35:00";"MT";70;1;"BARRA DO GARCAS";"Condutor desrespeitou a iluminação vermelha do semáforo";"Colisão transversal";"Com Vítimas Feridas";"Plena Noite";"Decrescente";"Céu Claro";"Simples";"Reta;Interseção de Vias";"Sim";2;0;1;0;1;0;1;2;-15,890116;-52,264128;"SPRF-MT";"DEL07-MT";"UOP01-DEL07-MT"
780606;2026-06-21;"domingo";"04:20:00";"CE";20;325;"CARIDADE";"Animais na Pista";"Atropelamento de Animal";"Com Vítimas Feridas";"Amanhecer";"Crescente";"Céu Claro";"Simples";"Reta";"Sim";3;0;1;0;2;0;1;1;-4,233734;-39,200304;"SPRF-CE";"DEL02-CE";"UOP01-DEL02-CE"
780607;2026-06-21;"domingo";"05:00:00";"SC";470;112;"APIUNA";"Velocidade Incompatível";"Tombamento";"Com Vítimas Feridas";"Plena Noite";"Decrescente";"Céu Claro";"Simples";"Curva";"Não";1;0;0;1;0;0;1;1;-27,06467155;-49,39977262;"SPRF-SC";"DEL04-SC";"UOP02-DEL04-SC"
780609;2026-06-22;"segunda-feira";"09:00:00";"SC";282;374;"ERVAL VELHO";"Condutor deixou de manter distância do veículo da frente";"Colisão traseira";"Sem Vítimas";"Pleno dia";"Decrescente";"Ignorado";"Simples";"Reta";"Não";2;0;0;0;1;1;0;2;-27,2404981;-51,44989226;"SPRF-SC";"DEL07-SC";"UOP05-DEL07-SC"
780612;2026-06-23;"terça-feira";"10:30:00";"PI";343;151;"PIRACURUCA";"Ausência de reação do condutor";"Tombamento";"Com Vítimas Feridas";"Pleno dia";"Decrescente";"Céu Claro";"Simples";"Reta";"Não";1;0;1;0;0;0;1;1;-3,95331088;-41,72470093;"SPRF-PI";"DEL02-PI";"UOP01-DEL02-PI"
780613;2026-06-23;"terça-feira";"13:15:00";"SP";381;85;"SAO PAULO";"Manobra de mudança de faixa";"Colisão traseira";"Com Vítimas Feridas";"Pleno dia";"Crescente";"Chuva";"Múltipla";"Reta;Viaduto;Aclive";"Sim";6;0;1;0;5;0;1;3;-23,458875;-46,571497;"SPRF-SP";"DEL03-SP";"UOP01-DEL03-SP"
780620;2026-06-23;"terça-feira";"13:03:00";"RS";472;161,9;"SANTA ROSA";"Desrespeitar a preferência no cruzamento";"Colisão transversal";"Com Vítimas Feridas";"Pleno dia";"Decrescente";"Céu Claro";"Simples";"Interseção de Vias";"Não";2;0;2;0;0;0;2;2;-27,879298;-54,429274;"SPRF-RS";"DEL10-RS";"UOP01-DEL10-RS"
780622;2026-06-23;"terça-feira";"10:00:00";"SC";101;54,8;"JOINVILLE";"Condutor deixou de manter distância do veículo da frente";"Colisão traseira";"Sem Vítimas";"Pleno dia";"Crescente";"Nublado";"Dupla";"Declive";"Não";2;0;0;0;2;0;0;2;-26,42661645;-48,82804871;"SPRF-SC";"DEL03-SC";"UOP01-DEL03-SC"
780624;2026-06-23;"terça-feira";"11:50:00";"SC";101;146;"ITAPEMA";"Demais falhas mecânicas ou elétricas";"Tombamento";"Com Vítimas Feridas";"Pleno dia";"Crescente";"Nublado";"Dupla";"Declive";"Sim";1;0;1;0;0;0;1;1;-27,08679233;-48,60990362;"SPRF-SC";"DEL04-SC";"UOP03-DEL04-SC"
780625;2026-06-23;"terça-feira";"13:15:00";"SC";101;105;"PENHA";"Reação tardia ou ineficiente do condutor";"Colisão com objeto";"Sem Vítimas";"Pleno dia";"Decrescente";"Nublado";"Dupla";"Aclive;Reta";"Não";1;0;0;0;1;0;0;1;-26,82502821;-48,68908882;"SPRF-SC";"DEL03-SC";"UOP02-DEL03-SC"
780628;2026-06-23;"terça-feira";"13:30:00";"PB";230;137,9;"MASSARANDUBA";"Pista Escorregadia";"Saída de leito carroçável";"Com Vítimas Feridas";"Pleno dia";"Decrescente";"Chuva";"Dupla";"Curva;Declive";"Não";2;0;2;0;0;0;2;1;-7,271526;-35,786277;"SPRF-PB";"DEL02-PB";"UOP01-DEL02-PB"
780629;2026-06-23;"terça-feira";"14:31:00";"PE";101;68,2;"RECIFE";"Acessar a via sem observar a presença dos outros veículos";"Colisão transversal";"Com Vítimas Feridas";"Pleno dia";"Crescente";"Céu Claro";"Múltipla";"Rotatória";"Sim";3;0;1;1;1;0;2;2;-8,05189;-34,94672;"SPRF-PE";"DEL01-PE";"UOP01-DEL01-PE"
780630;2026-06-23;"terça-feira";"14:05:00";"PR";116;38;"CAMPINA GRANDE DO SUL";"Chuva";"Saída de leito carroçável";"Com Vítimas Feridas";"Pleno dia";"Decrescente";"Chuva";"Dupla";"Declive;Curva";"Não";3;0;2;0;1;0;2;1;-25,150457;-48,859163;"SPRF-PR";"DEL01-PR";"UOP02-DEL01-PR"
780631;2026-06-23;"terça-feira";"14:16:00";"PE";232;8;"RECIFE";"Acessar a via sem observar a presença dos outros veículos";"Colisão traseira";"Com Vítimas Feridas";"Pleno dia";"Crescente";"Céu Claro";"Simples";"Reta;Interseção de Vias";"Sim";2;0;1;0;1;0;1;2;-8,07595;-34,97094;"SPRF-PE";"DEL01-PE";"UOP01-DEL01-PE"
780634;2026-06-07;"domingo";"03:45:00";"PE";232;203;"PESQUEIRA";"Ultrapassagem Indevida";"Colisão frontal";"Com Vítimas Feridas";"Amanhecer";"Crescente";"Céu Claro";"Simples";"Declive";"Não";2;0;0;1;1;0;1;2;-8,37209306;-36,6381135;"SPRF-PE";"DEL03-PE";"UOP02-DEL03-PE"
780636;2026-06-23;"terça-feira";"15:00:00";"PE";232;8;"RECIFE";"Trafegar com motocicleta (ou similar) entre as faixas";"Colisão lateral mesmo sentido";"Com Vítimas Feridas";"Pleno dia";"Crescente";"Nublado";"Dupla";"Reta";"Não";3;0;0;1;2;0;1;2;-8,075563;-34,969244;"SPRF-PE";"DEL01-PE";"UOP01-DEL01-PE"
780637;2026-06-23;"terça-feira";"14:50:00";"BA";242;813;"BARREIRAS";"Acessar a via sem observar a presença dos outros veículos";"Colisão transversal";"Com Vítimas Feridas";"Pleno dia";"Crescente";"Céu Claro";"Simples";"Interseção de Vias;Curva";"Não";2;0;0;1;1;0;1;2;-12,11901;-44,95267;"SPRF-BA";"DEL10-BA";"UOP01-DEL10-BA"
780638;2026-06-23;"terça-feira";"09:30:00";"MS";163;703,8;"RIO VERDE DE MATO GROSSO";"Reação tardia ou ineficiente do condutor";"Tombamento";"Com Vítimas Feridas";"Pleno dia";"Crescente";"Nublado";"Dupla";"Declive;Reta";"Não";1;0;1;0;0;0;1;1;-18,718711;-54,813844;"SPRF-MS";"DEL06-MS";"UOP01-DEL06-MS"
780639;2026-06-23;"terça-feira";"15:03:00";"PE";101;49;"ABREU E LIMA";"Ingestão de álcool pelo condutor";"Colisão traseira";"Sem Vítimas";"Pleno dia";"Decrescente";"Céu Claro";"Dupla";"Reta";"Sim";3;0;0;0;3;0;0;3;-7,900232;-34,902075;"SPRF-PE";"DEL01-PE";"UOP02-DEL01-PE"
780641;2026-06-23;"terça-feira";"14:12:00";"MG";251;465,3;"GRAO MOGOL";"Velocidade Incompatível";"Saída de leito carroçável";"Com Vítimas Feridas";"Pleno dia";"Crescente";"Céu Claro";"Simples";"Curva;Declive";"Não";4;0;4;0;0;0;4;1;-16,440669;-43,395937;"SPRF-MG";"DEL12-MG";"UOP01-DEL12-MG"
780642;2026-06-23;"terça-feira";"15:00:00";"GO";153;443;"ANAPOLIS";"Demais falhas mecânicas ou elétricas";"Colisão traseira";"Com Vítimas Feridas";"Pleno dia";"Decrescente";"Céu Claro";"Dupla";"Reta";"Sim";4;0;1;1;2;0;2;2;-16,34944348;-48,92715859;"SPRF-GO";"DEL02-GO";"UOP01-DEL02-GO"
780643;2026-06-23;"terça-feira";"15:34:00";"GO";50;122,2;"IPAMERI";"Reação tardia ou ineficiente do condutor";"Saída de leito carroçável";"Com Vítimas Feridas";"Pleno dia";"Decrescente";"Céu Claro";"Dupla";"Curva";"Não";1;0;1;0;0;0;1;1;-16,943758;-47,728932;"SPRF-GO";"DEL06-GO";"UOP01-DEL06-GO"
780644;2026-06-23;"terça-feira";"12:15:00";"SC";282;571,7;"NOVA ERECHIM";"Acesso irregular";"Colisão transversal";"Sem Vítimas";"Pleno dia";"Decrescente";"Céu Claro";"Simples";"Reta";"Não";2;0;0;0;2;0;0;2;-26,88766485;-52,93485778;"SPRF-SC";"DEL07-SC";"UOP02-DEL07-SC"
780645;2026-06-23;"terça-feira";"15:28:00";"PE";428;192;"PETROLINA";"Transitar na contramão";"Colisão frontal";"Com Vítimas Feridas";"Pleno dia";"Crescente";"Céu Claro";"Dupla";"Reta";"Sim";2;0;1;0;1;0;1;2;-9,385741;-40,522792;"SPRF-PE";"DEL06-PE";"UOP01-DEL06-PE"
780646;2026-06-23;"terça-feira";"13:40:00";"RN";427;8,9;"CURRAIS NOVOS";"Ausência de reação do condutor";"Colisão lateral sentido oposto";"Com Vítimas Feridas";"Pleno dia";"Crescente";"Céu Claro";"Simples";"Curva";"Não";2;0;1;0;1;0;1;2;-6,32911855;-36,54155731;"SPRF-RN";"DEL03-RN";"UOP02-DEL03-RN"
780647;2026-06-23;"terça-feira";"15:05:00";"MG";381;936,5;"EXTREMA";"Ausência de reação do condutor";"Saída de leito carroçável";"Com Vítimas Feridas";"Pleno dia";"Crescente";"Chuva";"Dupla";"Reta";"Não";2;0;2;0;0;0;2;1;-22,811432;-46,283206;"SPRF-MG";"DEL16-MG";"UOP03-DEL16-MG"
780648;2026-06-23;"terça-feira";"16:15:00";"PE";408;53;"CARPINA";"Frear bruscamente";"Colisão lateral mesmo sentido";"Com Vítimas Feridas";"Pleno dia";"Crescente";"Céu Claro";"Simples";"Reta";"Não";3;0;1;0;2;0;1;2;-7,82477928;-35,24577141;"SPRF-PE";"DEL01-PE";"UOP01-DEL01-PE"