"id";"data_inversa";"dia_semana";"horario";"uf";"br";"km";"municipio";"causa_acidente";"tipo_acidente";"classificacao_acidente";"fase_dia";"sentido_via";"condicao_metereologica";"tipo_pista";"tracado_via";"uso_solo";"pessoas";"mortos";"feridos_leves";"feridos_graves";"ilesos";"ignorados";"feridos";"veiculos";"latitude";"longitude";"regional";"delegacia";"uop"
780649;2026-06-23;"terça-feira";"16:15:00";"PB";230;16;"JOAO PESSOA";"Condutor deixou de manter distância do veículo da frente";"Colisão traseira";"Com Vítimas Feridas";"Pleno dia";"Decrescente";"Céu Claro";"Dupla";"Reta";"Não";3;0;1;0;0;2;1;3;-7,107106;-34,84371;"SPRF-PB";"DEL01-PB";"UOP01-DEL01-PB"
780651;2026-06-23;"terça-feira";"15:30:00";"BA";324;593;"CANDEIAS";"Manobra de mudança de faixa";"Colisão lateral mesmo sentido";"Com Vítimas Feridas";"Pleno dia";"Decrescente";"Sol";"Dupla";"Reta";"Não";3;0;2;0;1;0;2;2;-12,71029817;-38,45937176;"SPRF-BA";"DEL01-BA";"UOP01-DEL01-BA"
780652;2026-06-23;"terça-feira";"14:50:00";"SE";235;6;"NOSSA SENHORA DO SOCORRO";"Reação tardia ou ineficiente do condutor";"Colisão traseira";"Com Vítimas Feridas";"Pleno dia";"Crescente";"Céu Claro";"Dupla";"Interseção de Vias";"Não";2;0;1;0;1;0;1;2;-10,89998066;-37,1318686;"SPRF-SE";"DEL01-SE";"UOP01-DEL01-SE"
780653;2026-06-23;"terça-feira";"06:30:00";"RO";364;848;"PORTO VELHO";"Transitar na contramão";"Colisão frontal";"Com Vítimas Fatais";"Pleno dia";"Crescente";"Céu Claro";"Simples";"Reta";"Não";7;1;0;0;5;1;0;3;-9,45360863;-64,73993048;"SPRF-RO";"DEL01-RO";"UOP02-DEL01-RO"
780655;2026-06-23;"terça-feira";"13:40:00";"RO";364;651;"CANDEIAS DO JAMARI";"Transitar na contramão";"Colisão frontal";"Com Vítimas Fatais";"Pleno dia";"Decrescente";"Nublado";"Simples";"Reta";"Não";4;1;0;3;0;0;3;2;-8,915023;-63,435392;"SPRF-RO";"DEL01-RO";"UOP01-DEL01-RO"
780656;2026-06-23;"terça-feira";"16:30:00";"MG";40;507,1;"RIBEIRAO DAS NEVES";"Ausência de reação do condutor";"Colisão traseira";"Com Vítimas Feridas";"Pleno dia";"Decrescente";"Céu Claro";"Dupla";"Reta";"Sim";2;0;0;1;1;0;1;2;-19,7537;-44,14377;"SPRF-MG";"DEL02-MG";"UOP01-DEL02-MG"
780660;2026-06-23;"terça-feira";"17:30:00";"MG";40;511;"RIBEIRAO DAS NEVES";"Retorno proibido";"Colisão transversal";"Com Vítimas Feridas";"Anoitecer";"Crescente";"Céu Claro";"Dupla";"Reta";"Sim";3;0;1;0;2;0;1;2;-19,78378378;-44,11747686;"SPRF-MG";"DEL01-MG";"UOP02-DEL01-MG"
780662;2026-06-23;"terça-feira";"17:45:00";"PR";376;596;"CURITIBA";"Manobra de mudança de faixa";"Colisão transversal";"Sem Vítimas";"Anoitecer";"Crescente";"Céu Claro";"Dupla";"Reta";"Sim";2;0;0;0;2;0;0;2;-25,45004167;-49,36326474;"SPRF-PR";"DEL01-PR";"UOP03-DEL01-PR"
780664;2026-06-23;"terça-feira";"17:15:00";"MG";40;553;"NOVA LIMA";"Transitar na contramão";"Colisão frontal";"Com Vítimas Feridas";"Plena Noite";"Crescente";"Céu Claro";"Múltipla";"Aclive;Reta";"Sim";2;0;0;1;1;0;1;2;-20,064899;-43,980262;"SPRF-MG";"DEL01-MG";"UOP02-DEL01-MG"
780665;2026-06-23;"terça-feira";"16:40:00";"PR";116;112,9;"CURITIBA";"Trafegar com motocicleta (ou similar) entre as faixas";"Colisão lateral mesmo sentido";"Com Vítimas Feridas";"Pleno dia";"Decrescente";"Nublado";"Dupla";"Reta";"Não";2;0;0;1;1;0;1;2;-25,550299;-49,2821;"SPRF-PR";"DEL01-PR";"UOP03-DEL01-PR"
780667;2026-06-23;"terça-feira";"18:15:00";"BA";116;212;"FEIRA DE SANTANA";"Manobra de mudança de faixa";"Colisão lateral mesmo sentido";"Com Vítimas Feridas";"Plena Noite";"Decrescente";"Céu Claro";"Dupla";"Declive;Reta";"Sim";3;0;2;0;1;0;2;2;-12,1570165;-38,9642192;"SPRF-BA";"DEL07-BA";"UOP03-DEL07-BA"
780668;2026-06-23;"terça-feira";"17:40:00";"MG";262;30;"REDUTO";"Acessar a via sem observar a presença dos outros veículos";"Colisão transversal";"Com Vítimas Feridas";"Anoitecer";"Crescente";"Céu Claro";"Simples";"Reta";"Não";2;0;1;0;1;0;1;2;-20,253488;-41,991416;"SPRF-MG";"DEL06-MG";"UOP03-DEL06-MG"
780669;2026-06-23;"terça-feira";"18:00:00";"PE";428;168,9;"PETROLINA";"Demais falhas mecânicas ou elétricas";"Colisão transversal";"Com Vítimas Feridas";"Plena Noite";"Crescente";"Céu Claro";"Simples";"Reta";"Não";3;0;1;0;1;1;1;2;-9,221358;-40,408312;"SPRF-PE";"DEL06-PE";"UOP01-DEL06-PE"
780670;2026-06-23;"terça-feira";"17:00:00";"SP";116;537;"BARRA DO TURVO";"Pista Escorregadia";"Colisão com objeto";"Com Vítimas Feridas";"Pleno dia";"Crescente";"Chuva";"Simples";"Declive;Curva";"Não";4;0;1;0;3;0;1;1;-24,9718;-48,3721;"SPRF-SP";"DEL05-SP";"UOP02-DEL05-SP"
780671;2026-06-23;"terça-feira";"18:20:00";"MG";50;70,5;"UBERLANDIA";"Manobra de mudança de faixa";"Colisão traseira";"Com Vítimas Feridas";"Plena Noite";"Decrescente";"Céu Claro";"Dupla";"Reta;Aclive;Em Obras";"Sim";2;0;1;0;1;0;1;2;-18,89201;-48,25452;"SPRF-MG";"DEL15-MG";"UOP01-DEL15-MG"
780672;2026-06-23;"terça-feira";"18:25:00";"MG";50;69;"UBERLANDIA";"Afundamento ou ondulação no pavimento";"Queda de ocupante de veículo";"Com Vítimas Feridas";"Anoitecer";"Crescente";"Céu Claro";"Dupla";"Em Obras;Reta";"Não";3;0;0;1;0;2;1;2;-18,88557364;-48,26412885;"SPRF-MG";"DEL15-MG";"UOP01-DEL15-MG"
780674;2026-06-23;"terça-feira";"08:20:00";"MG";356;263,9;"MURIAE";"Ultrapassagem Indevida";"Colisão lateral mesmo sentido";"Com Vítimas Feridas";"Pleno dia";"Decrescente";"Sol";"Simples";"Curva";"Não";2;0;1;0;0;1;1;2;-21,126632;-42,373807;"SPRF-MG";"DEL05-MG";"UOP01-DEL05-MG"
780675;2026-06-23;"terça-feira";"16:05:00";"PI";343;15,3;"PARNAIBA";"Frear bruscamente";"Colisão traseira";"Com Vítimas Feridas";"Pleno dia";"Crescente";"Céu Claro";"Simples";"Reta";"Sim";2;0;1;0;1;0;1;2;-2,939538;-41,75553;"SPRF-PI";"DEL05-PI";"UOP01-DEL05-PI"
780676;2026-06-23;"terça-feira";"18:25:00";"SP";116;215;"GUARULHOS";"Trafegar com motocicleta (ou similar) entre as faixas";"Colisão traseira";"Com Vítimas Feridas";"Plena Noite";"Crescente";"Chuva";"Dupla";"Reta";"Não";2;0;0;1;1;0;1;2;-23,447512;-46,456078;"SPRF-SP";"DEL01-SP";"UOP01-DEL01-SP"
780677;2026-06-23;"terça-feira";"14:40:00";"PA";230;648;"ALTAMIRA";"Demais falhas mecânicas ou elétricas";"Incêndio";"Sem Vítimas";"Pleno dia";"Crescente";"Sol";"Simples";"Reta";"Não";3;0;0;0;3;0;0;1;-3,22137;-52,27626;"SPRF-PA";"DEL04-PA";"UOP01-DEL04-PA"
780678;2026-06-23;"terça-feira";"18:40:00";"DF";70;11;"BRASILIA";"Acessar a via sem observar a presença dos outros veículos";"Colisão transversal";"Com Vítimas Feridas";"Anoitecer";"Crescente";"Céu Claro";"Dupla";"Reta";"Sim";3;0;1;0;2;0;1;3;-15,79066;-48,15232;"SPRF-DF";"DEL03-DF";"UOP02-DEL03-DF"
780679;2026-06-23;"terça-feira";"18:10:00";"SC";282;23,6;"SANTO AMARO DA IMPERATRIZ";"Acessar a via sem observar a presença dos outros veículos";"Colisão transversal";"Sem Vítimas";"Plena Noite";"Crescente";"Céu Claro";"Simples";"Interseção de Vias;Reta";"Sim";2;0;0;0;2;0;0;2;-27,684222;-48,743533;"SPRF-SC";"DEL01-SC";"UOP03-DEL01-SC"
780681;2026-06-23;"terça-feira";"18:40:00";"MG";40;531;"CONTAGEM";"Condutor deixou de manter distância do veículo da frente";"Colisão traseira";"Com Vítimas Feridas";"Plena Noite";"Crescente";"Céu Claro";"Dupla";"Reta";"Sim";2;0;1;0;1;0;1;2;-19,920381;-44,024601;"SPRF-MG";"DEL01-MG";"UOP02-DEL01-MG"
780682;2026-06-23;"terça-feira";"19:00:00";"ES";262;42;"DOMINGOS MARTINS";"Reação tardia ou ineficiente do condutor";"Capotamento";"Com Vítimas Feridas";"Pleno dia";"Crescente";"Céu Claro";"Simples";"Curva";"Não";2;0;2;0;0;0;2;1;-20,38519096;-40,6542778;"SPRF-ES";"DEL01-ES";"UOP01-DEL01-ES"
780683;2026-06-23;"terça-feira";"19:00:00";"RS";116;302;"GUAIBA";"Ausência de sinalização";"Saída de leito carroçável";"Sem Vítimas";"Plena Noite";"Decrescente";"Céu Claro";"Múltipla";"Reta;Em Obras";"Não";3;0;0;0;3;0;0;1;-30,14499032;-51,36291182;"SPRF-RS";"DEL02-RS";"UOP01-DEL02-RS"
780685;2026-06-23;"terça-feira";"18:20:00";"RS";153;46,6;"ERECHIM";"Transitar na contramão";"Colisão frontal";"Com Vítimas Feridas";"Plena Noite";"Decrescente";"Céu Claro";"Simples";"Aclive;Reta";"Sim";3;0;1;0;1;1;1;3;-27,63896706;-52,24157659;"SPRF-RS";"DEL08-RS";"UOP04-DEL08-RS"
780686;2026-06-23;"terça-feira";"18:02:00";"MG";381;164,2;"GOVERNADOR VALADARES";"Entrada inopinada do pedestre";"Atropelamento de Pedestre";"Com Vítimas Fatais";"Anoitecer";"Decrescente";"Céu Claro";"Simples";"Reta";"Não";3;1;0;0;2;0;0;2;-18,95246;-42,07241;"SPRF-MG";"DEL06-MG";"UOP01-DEL06-MG"
780689;2026-06-23;"terça-feira";"19:00:00";"RJ";116;169;"RIO DE JANEIRO";"Ausência de reação do condutor";"Colisão lateral mesmo sentido";"Com Vítimas Feridas";"Plena Noite";"Crescente";"Céu Claro";"Simples";"Reta";"Sim";4;0;1;0;3;0;1;3;-22,81641;-43,324293;"SPRF-RJ";"DEL06-RJ";"UOP01-DEL06-RJ"
780690;2026-06-23;"terça-feira";"17:25:00";"MA";222;328,7;"IGARAPE DO MEIO";"Ausência de reação do condutor";"Atropelamento de Pedestre";"Com Vítimas Feridas";"Anoitecer";"Crescente";"Nublado";"Simples";"Reta";"Não";2;0;0;1;1;0;1;2;-3,585856;-45,069144;"SPRF-MA";"DEL02-MA";"UOP01-DEL02-MA"
780693;2026-06-23;"terça-feira";"19:15:00";"RS";392;352;"SANTA MARIA";"Ingestão de álcool pelo condutor";"Colisão traseira";"Com Vítimas Feridas";"Plena Noite";"Crescente";"Céu Claro";"Dupla";"Em Obras";"Sim";2;0;1;0;1;0;1;2;-29,71546486;-53,80947797;"SPRF-RS";"DEL09-RS";"UOP01-DEL09-RS"
780695;2026-06-23;"terça-feira";"18:40:00";"PR";467;110,4;"CASCAVEL";"Velocidade Incompatível";"Colisão traseira";"Com Vítimas Feridas";"Anoitecer";"Crescente";"Céu Claro";"Dupla";"Aclive";"Sim";5;0;1;0;4;0;1;2;-24,9241818;-53,4670435;"SPRF-PR";"DEL04-PR";"UOP01-DEL04-PR"
780696;2026-06-23;"terça-feira";"18:10:00";"RO";364;15;"VILHENA";"Acessar a via sem observar a presença dos outros veículos";"Colisão transversal";"Com Vítimas Feridas";"Plena Noite";"Decrescente";"Nublado";"Dupla";"Reta";"Sim";2;0;2;0;0;0;2;2;-12,73773188;-60,14413834;"SPRF-RO";"DEL04-RO";"UOP01-DEL04-RO"
780698;2026-06-23;"terça-feira";"19:10:00";"PB";101;90,7;"JOAO PESSOA";"Chuva";"Tombamento";"Com Vítimas Feridas";"Plena Noite";"Decrescente";"Chuva";"Dupla";"Reta";"Sim";1;0;1;0;0;0;1;1;-7,185982;-34,902218;"SPRF-PB";"DEL01-PB";"UOP01-DEL01-PB"
780699;2026-06-23;"terça-feira";"19:20:00";"SP";116;223;"GUARULHOS";"Ausência de reação do condutor";"Colisão com objeto";"Com Vítimas Feridas";"Plena Noite";"Decrescente";"Chuva";"Múltipla";"Reta";"Sim";2;0;1;0;1;0;1;2;-23,48137355;-46,53398752;"SPRF-SP";"DEL01-SP";"UOP01-DEL01-SP"
780700;2026-06-23;"terça-feira";"18:42:00";"PA";163;992;"SANTAREM";"Manobra de mudança de faixa";"Colisão transversal";"Com Vítimas Feridas";"Plena Noite";"Decrescente";"Céu Claro";"Simples";"Reta";"Sim";2;0;2;0;0;0;2;2;-2,53293;-54,72266;"SPRF-PA";"DEL05-PA";"UOP01-DEL05-PA"
780701;2026-06-23;"terça-feira";"17:00:00";"MG";40;142;"JOAO PINHEIRO";"Acessar a via sem observar a presença dos outros veículos";"Colisão transversal";"Com Vítimas Feridas";"Pleno dia";"Decrescente";"Céu Claro";"Simples";"Reta";"Sim";3;0;0;1;0;2;1;3;-17,741657;-46,184817;"SPRF-MG";"DEL14-MG";"UOP01-DEL14-MG"
780702;2026-04-10;"sexta-feira";"02:40:00";"RO";364;703;"PORTO VELHO";"Reação tardia ou ineficiente do condutor";"Saída de leito carroçável";"Sem Vítimas";"Plena Noite";"Decrescente";"Garoa/Chuvisco";"Dupla";"Reta";"Não";1;0;0;0;0;1;0;1;-8,8006;-63,80435;"SPRF-RO";"DEL01-RO";"UOP01-DEL01-RO"
780703;2026-06-23;"terça-feira";"19:10:00";"PB";230;150,7;"CAMPINA GRANDE";"Acumulo de areia ou detritos sobre o pavimento";"Tombamento";"Com Vítimas Feridas";"Plena Noite";"Decrescente";"Garoa/Chuvisco";"Simples";"Reta";"Não";2;0;1;1;0;0;2;1;-7,259725;-35,878562;"SPRF-PB";"DEL02-PB";"UOP01-DEL02-PB"
780704;2026-06-23;"terça-feira";"20:25:00";"PR";469;12;"FOZ DO IGUACU";"Conversão proibida";"Colisão lateral mesmo sentido";"Com Vítimas Feridas";"Plena Noite";"Decrescente";"Céu Claro";"Dupla";"Reta";"Sim";2;0;0;1;1;0;1;2;-25,57581438;-54,54722643;"SPRF-PR";"DEL05-PR";"UOP04-DEL05-PR"
780705;2026-06-23;"terça-feira";"15:55:00";"RO";425;127,5;"GUAJARA-MIRIM";"Manobra de mudança de faixa";"Colisão lateral mesmo sentido";"Com Vítimas Feridas";"Pleno dia";"Crescente";"Céu Claro";"Dupla";"Reta";"Não";2;0;1;0;1;0;1;2;-10,778913;-65,331915;"SPRF-RO";"DEL01-RO";"UOP03-DEL01-RO"
780707;2026-06-23;"terça-feira";"18:45:00";"SC";282;424,4;"VARGEM BONITA";"Reação tardia ou ineficiente do condutor";"Colisão frontal";"Com Vítimas Feridas";"Plena Noite";"Crescente";"Céu Claro";"Simples";"Declive;Curva";"Não";4;0;0;4;0;0;4;2;-26,99225;-51,751907;"SPRF-SC";"DEL07-SC";"UOP05-DEL07-SC"
780708;2026-06-23;"terça-feira";"20:10:00";"PE";428;188;"PETROLINA";"Acessar a via sem observar a presença dos outros veículos";"Colisão lateral mesmo sentido";"Com Vítimas Feridas";"Plena Noite";"Decrescente";"Céu Claro";"Múltipla";"Retorno Regulamentado;Reta";"Sim";2;0;1;0;1;0;1;2;-9,3644482;-40,4827274;"SPRF-PE";"DEL06-PE";"UOP01-DEL06-PE"
780709;2026-06-23;"terça-feira";"20:45:00";"RS";290;67,2;"GRAVATAI";"Demais falhas na via";"Tombamento";"Com Vítimas Feridas";"Plena Noite";"Crescente";"Céu Claro";"Dupla";"Reta";"Não";2;0;1;0;1;0;1;1;-29,942622;-50,92827;"SPRF-RS";"DEL03-RS";"UOP01-DEL03-RS"
780710;2026-06-23;"terça-feira";"20:33:00";"RN";304;297,3;"MACAIBA";"Pedestre andava na pista";"Atropelamento de Pedestre";"Com Vítimas Fatais";"Plena Noite";"Crescente";"Nublado";"Dupla";"Reta";"Não";2;1;0;1;0;0;1;2;-5,86902;-35,327;"SPRF-RN";"DEL01-RN";"UOP02-DEL01-RN"
780711;2026-05-17;"domingo";"01:50:00";"MG";262;436;"NOVA SERRANA";"Ausência de reação do condutor";"Queda de ocupante de veículo";"Com Vítimas Feridas";"Plena Noite";"Decrescente";"Céu Claro";"Múltipla";"Curva";"Sim";2;0;2;0;0;0;2;1;-19,87232001;-44,9653244;"SPRF-MG";"DEL08-MG";"UOP03-DEL08-MG"
780712;2026-06-23;"terça-feira";"21:00:00";"SC";282;19,5;"PALHOCA";"Acessar a via sem observar a presença dos outros veículos";"Colisão transversal";"Com Vítimas Feridas";"Plena Noite";"Decrescente";"Nublado";"Simples";"Reta";"Não";4;0;3;1;0;0;4;2;-27,68147;-48,706003;"SPRF-SC";"DEL01-SC";"UOP02-DEL01-SC"
780713;2026-06-23;"terça-feira";"19:51:00";"RJ";101;52;"CAMPOS DOS GOYTACAZES";"Acessar a via sem observar a presença dos outros veículos";"Colisão transversal";"Com Vítimas Feridas";"Plena Noite";"Decrescente";"Céu Claro";"Simples";"Reta";"Não";2;0;1;0;1;0;1;2;-21,63509041;-41,31271362;"SPRF-RJ";"DEL08-RJ";"UOP01-DEL08-RJ"
780714;2026-06-23;"terça-feira";"20:20:00";"ES";259;20,6;"JOAO NEIVA";"Transitar na contramão";"Colisão frontal";"Com Vítimas Feridas";"Plena Noite";"Crescente";"Céu Claro";"Simples";"Curva;Declive";"Não";3;0;0;1;2;0;1;2;-19,64444;-40,46382;"SPRF-ES";"DEL02-ES";"UOP01-DEL02-ES"
780716;2026-06-23;"terça-feira";"18:00:00";"MS";262;398;"TERENOS";"Acessar a via sem observar a presença dos outros veículos";"Colisão lateral sentido oposto";"Sem Vítimas";"Plena Noite";"Crescente";"Nublado";"Simples";"Reta";"Não";7;0;0;0;7;0;0;2;-20,419754;-55,014483;"SPRF-MS";"DEL01-MS";"UOP03-DEL01-MS"
780717;2026-06-23;"terça-feira";"19:00:00";"MG";116;414;"GOVERNADOR VALADARES";"Acessar a via sem observar a presença dos outros veículos";"Colisão transversal";"Com Vítimas Feridas";"Plena Noite";"Decrescente";"Céu Claro";"Simples";"Curva;Interseção de Vias";"Sim";2;0;1;0;0;1;1;2;-18,88604;-41,94621;"SPRF-MG";"DEL06-MG";"UOP01-DEL06-MG"
780718;2026-06-23;"terça-feira";"20:50:00";"SC";470;135;"RIO DO SUL";"Acessar a via sem observar a presença dos outros veículos";"Colisão transversal";"Sem Vítimas";"Plena Noite";"Crescente";"Céu Claro";"Simples";"Interseção de Vias;Reta";"Sim";2;0;0;0;2;0;0;2;-27,1722082;-49,5811334;"SPRF-SC";"DEL04-SC";"UOP02-DEL04-SC"
780719;2026-06-23;"terça-feira";"18:50:00";"RJ";116;271;"BARRA MANSA";"Conversão proibida";"Colisão transversal";"Com Vítimas Feridas";"Plena Noite";"Crescente";"Nublado";"Simples";"Interseção de Vias";"Sim";3;0;1;0;2;0;1;2;-22,56094961;-44,12037341;"SPRF-RJ";"DEL07-RJ";"UOP02-DEL07-RJ"
780721;2026-06-23;"terça-feira";"17:10:00";"SC";282;665,7;"GUARACIABA";"Ausência de reação do condutor";"Colisão traseira";"Com Vítimas Feridas";"Pleno dia";"Crescente";"Sol";"Simples";"Aclive;Reta";"Não";7;0;2;0;5;0;2;4;-26,65076215;-53,6116451;"SPRF-SC";"DEL07-SC";"UOP03-DEL07-SC"
780722;2026-06-23;"terça-feira";"18:00:00";"SC";116;49,6;"PAPANDUVA";"Deficiência do Sistema de Iluminação/Sinalização";"Colisão traseira";"Com Vítimas Fatais";"Plena Noite";"Decrescente";"Céu Claro";"Simples";"Aclive;Reta";"Não";2;1;0;0;1;0;0;2;-26,37467;-50,128785;"SPRF-SC";"DEL06-SC";"UOP01-DEL06-SC"
780723;2026-06-23;"terça-feira";"21:00:00";"MG";50;79,5;"UBERLANDIA";"Reação tardia ou ineficiente do condutor";"Saída de leito carroçável";"Com Vítimas Feridas";"Plena Noite";"Decrescente";"Céu Claro";"Dupla";"Reta";"Sim";1;0;0;1;0;0;1;1;-18,948714;-48,217914;"SPRF-MG";"DEL15-MG";"UOP01-DEL15-MG"
780727;2026-06-23;"terça-feira";"21:50:00";"SC";470;56,8;"BLUMENAU";"Entrada inopinada do pedestre";"Atropelamento de Pedestre";"Com Vítimas Feridas";"Plena Noite";"Decrescente";"Céu Claro";"Dupla";"Reta";"Sim";2;0;1;1;0;0;2;2;-26,8775483;-49,1299917;"SPRF-SC";"DEL04-SC";"UOP01-DEL04-SC"
780730;2026-06-23;"terça-feira";"18:15:00";"RJ";116;271,5;"BARRA MANSA";"Deficiência do Sistema de Iluminação/Sinalização";"Atropelamento de Pedestre";"Com Vítimas Feridas";"Anoitecer";"Crescente";"Nublado";"Dupla";"Declive;Reta";"Sim";2;0;1;0;1;0;1;2;-22,55678379;-44,12743449;"SPRF-RJ";"DEL07-RJ";"UOP02-DEL07-RJ"
780732;2026-06-23;"terça-feira";"20:15:00";"GO";414;314;"COCALZINHO DE GOIAS";"Condutor deixou de manter distância do veículo da frente";"Colisão traseira";"Com Vítimas Feridas";"Plena Noite";"Decrescente";"Céu Claro";"Simples";"Reta";"Não";3;0;2;0;1;0;2;2;-15,3698867;-48,6458583;"SPRF-GO";"DEL02-GO";"UOP01-DEL02-GO"
780733;2026-06-23;"terça-feira";"22:10:00";"GO";70;19;"AGUAS LINDAS DE GOIAS";"Animais na Pista";"Atropelamento de Animal";"Com Vítimas Feridas";"Plena Noite";"Crescente";"Nublado";"Dupla";"Aclive;Reta";"Não";5;0;2;0;3;0;2;4;-15,78380847;-48,23250175;"SPRF-DF";"DEL03-DF";"UOP02-DEL03-DF"
780734;2026-06-23;"terça-feira";"21:40:00";"MS";262;550,3;"MIRANDA";"Reação tardia ou ineficiente do condutor";"Saída de leito carroçável";"Com Vítimas Feridas";"Plena Noite";"Crescente";"Garoa/Chuvisco";"Simples";"Reta";"Não";1;0;1;0;0;0;1;1;-20,271427;-56,318621;"SPRF-MS";"DEL03-MS";"UOP02-DEL03-MS"
780735;2026-06-23;"terça-feira";"14:00:00";"AM";174;966;"MANAUS";"Condutor Dormindo";"Saída de leito carroçável";"Com Vítimas Feridas";"Pleno dia";"Crescente";"Céu Claro";"Simples";"Reta";"Não";1;0;1;0;0;0;1;1;-2,261187;-60,03909;"SPRF-AM";"DEL01-AM";"UOP02-DEL01-AM"
780737;2026-06-23;"terça-feira";"22:17:00";"BA";330;813,5;"JITAUNA";"Transitar na contramão";"Colisão frontal";"Com Vítimas Feridas";"Plena Noite";"Crescente";"Céu Claro";"Simples";"Reta";"Sim";2;0;0;1;1;0;1;2;-14,01289;-39,89296;"SPRF-BA";"DEL03-BA";"UOP01-DEL03-BA"
780739;2026-06-23;"terça-feira";"22:50:00";"MG";153;238;"FRONTEIRA";"Demais falhas na via";"Queda de ocupante de veículo";"Com Vítimas Feridas";"Plena Noite";"Crescente";"Garoa/Chuvisco";"Simples";"Reta";"Não";1;0;1;0;0;0;1;1;-20,24993;-49,16845;"SPRF-MG";"DEL13-MG";"UOP02-DEL13-MG"
780740;2026-06-23;"terça-feira";"21:45:00";"MT";70;520;"VARZEA GRANDE";"Reação tardia ou ineficiente do condutor";"Queda de ocupante de veículo";"Com Vítimas Feridas";"Plena Noite";"Crescente";"Garoa/Chuvisco";"Simples";"Reta";"Não";1;0;1;0;0;0;1;1;-15,66014871;-56,18720323;"SPRF-MT";"DEL01-MT";"UOP02-DEL01-MT"
780741;2026-06-23;"terça-feira";"21:45:00";"MT";70;520;"VARZEA GRANDE";"Ausência de reação do condutor";"Saída de leito carroçável";"Com Vítimas Feridas";"Pleno dia";"Decrescente";"Garoa/Chuvisco";"Simples";"Reta";"Não";1;0;1;0;0;0;1;1;-15,66452689;-56,18416429;"SPRF-MT";"DEL01-MT";"UOP02-DEL01-MT"
780742;2026-06-24;"quarta-feira";"01:26:00";"TO";153;671;"GURUPI";"Acessar a via sem observar a presença dos outros veículos";"Colisão transversal";"Com Vítimas Feridas";"Plena Noite";"Decrescente";"Céu Claro";"Dupla";"Interseção de Vias;Reta";"Sim";27;0;2;0;25;0;2;2;-11,71940107;-49,07685611;"SPRF-TO";"DEL01-TO";"UOP02-DEL01-TO"
780745;2026-06-24;"quarta-feira";"03:05:00";"MG";50;192;"DELTA";"Objeto estático sobre o leito carroçável";"Queda de ocupante de veículo";"Com Vítimas Feridas";"Plena Noite";"Crescente";"Garoa/Chuvisco";"Dupla";"Aclive;Reta";"Não";1;0;1;0;0;0;1;1;-19,87427;-47,857482;"SPRF-MG";"DEL13-MG";"UOP01-DEL13-MG"
780746;2026-06-24;"quarta-feira";"03:24:00";"PE";101;29;"ITAPISSUMA";"Ausência de reação do condutor";"Saída de leito carroçável";"Com Vítimas Feridas";"Plena Noite";"Crescente";"Garoa/Chuvisco";"Dupla";"Reta";"Não";1;0;0;1;0;0;1;1;-7,7299375;-34,9418939;"SPRF-PE";"DEL01-PE";"UOP02-DEL01-PE"
780748;2026-06-24;"quarta-feira";"01:30:00";"SC";153;4,5;"AGUA DOCE";"Reação tardia ou ineficiente do condutor";"Saída de leito carroçável";"Com Vítimas Feridas";"Plena Noite";"Decrescente";"Nevoeiro/Neblina";"Simples";"Curva";"Não";1;0;1;0;0;0;1;1;-26,64563324;-51,51308233;"SPRF-SC";"DEL07-SC";"UOP07-DEL07-SC"
780752;2026-06-24;"quarta-feira";"04:50:00";"MA";10;147,2;"PORTO FRANCO";"Animais na Pista";"Atropelamento de Animal";"Com Vítimas Feridas";"Amanhecer";"Decrescente";"Céu Claro";"Simples";"Reta";"Não";1;0;0;1;0;0;1;1;-6,431814;-47,397226;"SPRF-MA";"DEL04-MA";"UOP02-DEL04-MA"
780754;2026-06-20;"sábado";"05:00:00";"SP";116;276;"EMBU DAS ARTES";"Ausência de reação do condutor";"Tombamento";"Com Vítimas Feridas";"Plena Noite";"Crescente";"Céu Claro";"Dupla";"Reta";"Sim";1;0;1;0;0;0;1;1;-23,6248;-46,816;"SPRF-SP";"DEL04-SP";"UOP01-DEL04-SP"
780758;2026-06-24;"quarta-feira";"00:15:00";"MG";381;862,8;"POUSO ALEGRE";"Reação tardia ou ineficiente do condutor";"Capotamento";"Com Vítimas Feridas";"Plena Noite";"Crescente";"Chuva";"Dupla";"Aclive;Reta";"Não";2;0;1;0;1;0;1;1;-22,34158685;-45,92576131;"SPRF-MG";"DEL16-MG";"UOP01-DEL16-MG"
780761;2026-06-24;"quarta-feira";"06:40:00";"PR";277;78;"CURITIBA";"Condutor deixou de manter distância do veículo da frente";"Colisão traseira";"Com Vítimas Feridas";"Pleno dia";"Decrescente";"Céu Claro";"Dupla";"Reta";"Sim";2;0;1;0;0;1;1;2;-25,4815;-49,1953;"SPRF-PR";"DEL01-PR";"UOP08-DEL01-PR"
780762;2026-06-24;"quarta-feira";"05:10:00";"MS";163;265,1;"DOURADOS";"Acessar a via sem observar a presença dos outros veículos";"Colisão lateral mesmo sentido";"Com Vítimas Feridas";"Plena Noite";"Crescente";"Céu Claro";"Dupla";"Rotatória";"Sim";2;0;0;1;1;0;1;2;-22,22372048;-54,73127961;"SPRF-MS";"DEL04-MS";"UOP01-DEL04-MS"