"id";"data_inversa";"dia_semana";"horario";"uf";"br";"km";"municipio";"causa_acidente";"tipo_acidente";"classificacao_acidente";"fase_dia";"sentido_via";"condicao_metereologica";"tipo_pista";"tracado_via";"uso_solo";"pessoas";"mortos";"feridos_leves";"feridos_graves";"ilesos";"ignorados";"feridos";"veiculos";"latitude";"longitude";"regional";"delegacia";"uop"
780880;2026-06-24;"quarta-feira";"16:00:00";"MG";381;876;"POUSO ALEGRE";"Velocidade Incompatível";"Saída de leito carroçável";"Com Vítimas Feridas";"Pleno dia";"Decrescente";"Chuva";"Dupla";"Curva";"Não";2;0;1;0;1;0;1;1;-22,38918293;-45,95373631;"SPRF-MG";"DEL16-MG";"UOP01-DEL16-MG"
780885;2026-06-24;"quarta-feira";"18:20:00";"RS";116;264;"CANOAS";"Reação tardia ou ineficiente do condutor";"Colisão traseira";"Com Vítimas Feridas";"Plena Noite";"Decrescente";"Céu Claro";"Múltipla";"Reta";"Não";3;0;2;0;1;0;2;2;-29,91467301;-51,17758025;"SPRF-RS";"DEL01-RS";"UOP01-DEL01-RS"
780886;2026-06-24;"quarta-feira";"17:50:00";"MG";40;697;"ALFREDO VASCONCELOS";"Acessar a via sem observar a presença dos outros veículos";"Atropelamento de Pedestre";"Com Vítimas Feridas";"Plena Noite";"Crescente";"Garoa/Chuvisco";"Simples";"Reta";"Sim";2;0;1;0;1;0;1;2;-21,1554131;-43,7629075;"SPRF-MG";"DEL05-MG";"UOP02-DEL05-MG"
780887;2026-06-24;"quarta-feira";"16:40:00";"SC";101;158,3;"PORTO BELO";"Reação tardia ou ineficiente do condutor";"Colisão lateral mesmo sentido";"Com Vítimas Feridas";"Pleno dia";"Crescente";"Céu Claro";"Dupla";"Reta";"Sim";3;0;0;2;1;0;2;2;-27,19464;-48,61346;"SPRF-SC";"DEL04-SC";"UOP03-DEL04-SC"
780888;2026-06-24;"quarta-feira";"14:30:00";"MG";153;124;"PRATA";"Chuva";"Saída de leito carroçável";"Com Vítimas Feridas";"Pleno dia";"Decrescente";"Chuva";"Dupla";"Reta";"Não";3;0;2;1;0;0;3;1;-19,33678104;-48,90373993;"SPRF-MG";"DEL15-MG";"UOP03-DEL15-MG"
780889;2026-06-24;"quarta-feira";"16:15:00";"PR";280;277;"FLOR DA SERRA DO SUL";"Acessar a via sem observar a presença dos outros veículos";"Colisão transversal";"Com Vítimas Fatais";"Pleno dia";"Crescente";"Céu Claro";"Simples";"Reta";"Não";3;1;1;0;0;1;1;3;-26,243238;-53,197614;"SPRF-PR";"DEL02-PR";"UOP01-DEL02-PR"
780890;2026-06-24;"quarta-feira";"18:10:00";"BA";116;458;"SANTO ESTEVAO";"Ausência de reação do condutor";"Colisão com objeto";"Sem Vítimas";"Plena Noite";"Decrescente";"Céu Claro";"Dupla";"Reta";"Não";1;0;0;0;0;1;0;1;-12,435477;-39,221632;"SPRF-BA";"DEL02-BA";"UOP01-DEL02-BA"
780891;2026-06-24;"quarta-feira";"16:05:00";"PR";277;117,6;"CAMPO LARGO";"Transitar na contramão";"Colisão frontal";"Com Vítimas Feridas";"Pleno dia";"Crescente";"Nublado";"Simples";"Curva";"Sim";2;0;1;0;1;0;1;2;-25,44331437;-49,45838839;"SPRF-PR";"DEL01-PR";"UOP07-DEL01-PR"
780892;2026-06-24;"quarta-feira";"18:00:00";"MA";135;3;"SAO LUIS";"Reação tardia ou ineficiente do condutor";"Colisão traseira";"Com Vítimas Feridas";"Plena Noite";"Crescente";"Céu Claro";"Dupla";"Reta";"Sim";3;0;1;0;2;0;1;2;-2,61155;-44,25068;"SPRF-MA";"DEL01-MA";"UOP01-DEL01-MA"
780893;2026-06-24;"quarta-feira";"18:45:00";"SC";101;205;"SAO JOSE";"Ausência de reação do condutor";"Queda de ocupante de veículo";"Com Vítimas Feridas";"Plena Noite";"Crescente";"Céu Claro";"Múltipla";"Reta";"Sim";3;0;1;0;2;0;1;2;-27,58826905;-48,61702792;"SPRF-SC";"DEL01-SC";"UOP01-DEL01-SC"
780894;2026-06-24;"quarta-feira";"14:00:00";"MA";135;181;"SAO MATEUS DO MARANHAO";"Transitar na contramão";"Colisão frontal";"Com Vítimas Fatais";"Pleno dia";"Decrescente";"Céu Claro";"Simples";"Reta";"Sim";2;1;0;1;0;0;1;2;-4,027021;-44,464922;"SPRF-MA";"DEL03-MA";"UOP01-DEL03-MA"
780895;2026-06-24;"quarta-feira";"18:30:00";"SC";101;121,1;"ITAJAI";"Ausência de reação do condutor";"Colisão lateral mesmo sentido";"Com Vítimas Feridas";"Anoitecer";"Decrescente";"Nublado";"Dupla";"Reta";"Não";2;0;1;0;1;0;1;2;-26,92270561;-48,70754812;"SPRF-SC";"DEL04-SC";"UOP04-DEL04-SC"
780896;2026-06-24;"quarta-feira";"16:00:00";"RJ";101;87,1;"CAMPOS DOS GOYTACAZES";"Condutor deixou de manter distância do veículo da frente";"Colisão traseira";"Com Vítimas Feridas";"Pleno dia";"Decrescente";"Céu Claro";"Dupla";"Reta";"Não";2;0;1;0;1;0;1;2;-21,826798;-41,496856;"SPRF-RJ";"DEL08-RJ";"UOP02-DEL08-RJ"
780897;2026-06-24;"quarta-feira";"16:30:00";"AC";364;119;"RIO BRANCO";"Acumulo de areia ou detritos sobre o pavimento";"Queda de ocupante de veículo";"Com Vítimas Feridas";"Pleno dia";"Decrescente";"Chuva";"Simples";"Rotatória";"Não";3;0;2;0;1;0;2;2;-10,01178771;-67,77057362;"SPRF-AC";"DEL01-AC";"UOP01-DEL01-AC"
780898;2026-06-24;"quarta-feira";"18:20:00";"MG";365;753;"ITUIUTABA";"Acessar a via sem observar a presença dos outros veículos";"Atropelamento de Pedestre";"Com Vítimas Feridas";"Plena Noite";"Crescente";"Garoa/Chuvisco";"Simples";"Reta";"Não";2;0;1;0;1;0;1;2;-18,95741952;-49,47081864;"SPRF-MG";"DEL15-MG";"UOP03-DEL15-MG"
780899;2026-06-24;"quarta-feira";"18:50:00";"RS";285;299,8;"PASSO FUNDO";"Desrespeitar a preferência no cruzamento";"Colisão transversal";"Com Vítimas Feridas";"Plena Noite";"Crescente";"Céu Claro";"Simples";"Reta;Interseção de Vias;Rotatória";"Sim";3;0;2;0;0;1;2;2;-28,23113025;-52,4388472;"SPRF-RS";"DEL08-RS";"UOP03-DEL08-RS"
780901;2026-06-24;"quarta-feira";"18:04:00";"BA";116;153,5;"CANUDOS";"Ingestão de álcool pelo condutor";"Tombamento";"Com Vítimas Feridas";"Plena Noite";"Decrescente";"Céu Claro";"Dupla";"Curva";"Sim";1;0;0;1;0;0;1;1;-9,96109684;-39,16322275;"SPRF-BA";"DEL07-BA";"UOP03-DEL07-BA"
780902;2026-06-24;"quarta-feira";"19:00:00";"SC";101;208,4;"SAO JOSE";"Ausência de reação do condutor";"Colisão traseira";"Com Vítimas Feridas";"Plena Noite";"Decrescente";"Céu Claro";"Múltipla";"Reta";"Não";3;0;1;0;2;0;1;2;-27,6062793;-48,63523006;"SPRF-SC";"DEL01-SC";"UOP01-DEL01-SC"
780903;2026-06-24;"quarta-feira";"19:00:00";"BA";324;537;"AMELIA RODRIGUES";"Ausência de reação do condutor";"Capotamento";"Com Vítimas Feridas";"Plena Noite";"Decrescente";"Céu Claro";"Dupla";"Curva";"Não";2;0;2;0;0;0;2;1;-12,3780785;-38,8004939;"SPRF-BA";"DEL11-BA";"UOP02-DEL11-BA"
780904;2026-06-24;"quarta-feira";"19:00:00";"PR";369;202;"APUCARANA";"Condutor desrespeitou a iluminação vermelha do semáforo";"Colisão frontal";"Com Vítimas Feridas";"Plena Noite";"Decrescente";"Céu Claro";"Simples";"Reta;Interseção de Vias";"Sim";4;0;2;0;2;0;2;3;-23,54357957;-51,45465016;"SPRF-PR";"DEL07-PR";"UOP03-DEL07-PR"
780906;2026-06-24;"quarta-feira";"19:44:00";"SP";116;279;"EMBU DAS ARTES";"Ausência de reação do condutor";"Tombamento";"Com Vítimas Feridas";"Plena Noite";"Decrescente";"Céu Claro";"Dupla";"Reta";"Não";1;0;1;0;0;0;1;1;-23,64253344;-46,83801055;"SPRF-SP";"DEL04-SP";"UOP01-DEL04-SP"
780907;2026-06-24;"quarta-feira";"19:00:00";"DF";60;4,7;"BRASILIA";"Manobra de mudança de faixa";"Queda de ocupante de veículo";"Com Vítimas Feridas";"Plena Noite";"Crescente";"Chuva";"Dupla";"Reta";"Sim";1;0;1;0;0;0;1;1;-15,894605;-48,101902;"SPRF-DF";"DEL03-DF";"UOP01-DEL03-DF"
780909;2026-06-24;"quarta-feira";"18:30:00";"PB";104;135,9;"QUEIMADAS";"Ausência de reação do condutor";"Colisão traseira";"Com Vítimas Feridas";"Plena Noite";"Crescente";"Céu Claro";"Simples";"Reta";"Não";3;0;2;0;1;0;2;2;-7,327895;-35,89696;"SPRF-PB";"DEL02-PB";"UOP03-DEL02-PB"
780911;2026-06-24;"quarta-feira";"17:35:00";"PE";424;94,8;"GARANHUNS";"Condutor deixou de manter distância do veículo da frente";"Colisão traseira";"Com Vítimas Feridas";"Anoitecer";"Decrescente";"Céu Claro";"Simples";"Aclive;Reta";"Não";3;0;2;0;0;1;2;2;-8,923306;-36,48967;"SPRF-PE";"DEL03-PE";"UOP01-DEL03-PE"
780912;2026-06-24;"quarta-feira";"18:20:00";"MS";163;257;"DOURADOS";"Ausência de reação do condutor";"Engavetamento";"Com Vítimas Feridas";"Plena Noite";"Crescente";"Céu Claro";"Dupla";"Reta;Em Obras";"Sim";3;0;1;0;2;0;1;3;-22,25904806;-54,7936341;"SPRF-MS";"DEL04-MS";"UOP01-DEL04-MS"
780913;2026-06-24;"quarta-feira";"19:30:00";"MG";40;406;"CURVELO";"Objeto estático sobre o leito carroçável";"Colisão com objeto";"Com Vítimas Feridas";"Plena Noite";"Decrescente";"Céu Claro";"Simples";"Reta;Aclive";"Não";2;0;1;1;0;0;2;1;-19,0849214;-44,65437826;"SPRF-MG";"DEL02-MG";"UOP01-DEL02-MG"
780914;2026-06-24;"quarta-feira";"19:00:00";"CE";116;44,2;"HORIZONTE";"Pedestre andava na pista";"Atropelamento de Pedestre";"Com Vítimas Feridas";"Plena Noite";"Crescente";"Céu Claro";"Dupla";"Reta";"Não";3;0;1;2;0;0;3;2;-4,129392;-38,4838;"SPRF-CE";"DEL01-CE";"UOP02-DEL01-CE"
780916;2026-06-24;"quarta-feira";"20:30:00";"PR";116;210,5;"RIO NEGRO";"Entrada inopinada do pedestre";"Atropelamento de Pedestre";"Com Vítimas Feridas";"Plena Noite";"Crescente";"Céu Claro";"Simples";"Reta";"Sim";2;0;1;0;1;0;1;2;-26,0969059;-49,7805411;"SPRF-SC";"DEL06-SC";"UOP01-DEL06-SC"
780917;2026-06-24;"quarta-feira";"15:15:00";"SC";101;333,7;"TUBARAO";"Reação tardia ou ineficiente do condutor";"Colisão lateral mesmo sentido";"Com Vítimas Feridas";"Pleno dia";"Crescente";"Céu Claro";"Dupla";"Reta";"Sim";2;0;1;0;1;0;1;2;-28,468146;-49,012699;"SPRF-SC";"DEL02-SC";"UOP01-DEL02-SC"
780919;2026-06-24;"quarta-feira";"17:25:00";"PR";376;241;"APUCARANA";"Reação tardia ou ineficiente do condutor";"Capotamento";"Com Vítimas Feridas";"Pleno dia";"Crescente";"Céu Claro";"Dupla";"Declive";"Não";2;0;0;1;1;0;1;1;-23,5802872;-51,4388037;"SPRF-PR";"DEL07-PR";"UOP03-DEL07-PR"
780921;2026-06-24;"quarta-feira";"18:15:00";"SC";101;377,7;"ICARA";"Desrespeitar a preferência no cruzamento";"Colisão transversal";"Com Vítimas Feridas";"Plena Noite";"Crescente";"Céu Claro";"Múltipla";"Reta";"Sim";2;0;0;1;1;0;1;2;-28,74677866;-49,26138997;"SPRF-SC";"DEL02-SC";"UOP01-DEL02-SC"
780922;2026-06-24;"quarta-feira";"19:45:00";"MG";40;625;"CARANDAI";"Pedestre andava na pista";"Atropelamento de Pedestre";"Com Vítimas Fatais";"Plena Noite";"Decrescente";"Chuva";"Simples";"Declive;Reta";"Não";2;1;0;0;1;0;0;2;-20,93454259;-43,81645569;"SPRF-MG";"DEL05-MG";"UOP02-DEL05-MG"
780923;2026-06-24;"quarta-feira";"17:15:00";"PR";376;227;"APUCARANA";"Reação tardia ou ineficiente do condutor";"Capotamento";"Com Vítimas Feridas";"Pleno dia";"Crescente";"Céu Claro";"Dupla";"Declive;Reta";"Não";1;0;1;0;0;0;1;1;-23,581443;-51,555842;"SPRF-PR";"DEL07-PR";"UOP03-DEL07-PR"
780924;2026-06-24;"quarta-feira";"20:35:00";"SC";101;154,8;"PORTO BELO";"Ingestão de álcool pelo condutor";"Saída de leito carroçável";"Com Vítimas Feridas";"Plena Noite";"Decrescente";"Nublado";"Múltipla";"Reta";"Sim";1;0;1;0;0;0;1;1;-27,16106;-48,611;"SPRF-SC";"DEL04-SC";"UOP03-DEL04-SC"
780925;2026-06-24;"quarta-feira";"10:50:00";"AM";174;952;"MANAUS";"Carga excessiva e/ou mal acondicionada";"Tombamento";"Com Vítimas Feridas";"Pleno dia";"Crescente";"Céu Claro";"Simples";"Reta";"Não";1;0;1;0;0;0;1;1;-2,38648;-60,03864;"SPRF-AM";"DEL01-AM";"UOP01-DEL01-AM"
780927;2026-06-24;"quarta-feira";"15:20:00";"RJ";354;2;"RESENDE";"Ausência de reação do condutor";"Colisão frontal";"Com Vítimas Feridas";"Pleno dia";"Decrescente";"Chuva";"Simples";"Reta";"Não";4;0;4;0;0;0;4;2;-22,383472;-44,752424;"SPRF-RJ";"DEL07-RJ";"UOP02-DEL07-RJ"
780928;2026-06-24;"quarta-feira";"19:40:00";"PR";277;722;"FOZ DO IGUACU";"Avarias e/ou desgaste excessivo no pneu";"Queda de ocupante de veículo";"Com Vítimas Feridas";"Plena Noite";"Decrescente";"Céu Claro";"Dupla";"Reta";"Sim";2;0;2;0;0;0;2;1;-25,49266399;-54,51499399;"SPRF-PR";"DEL05-PR";"UOP03-DEL05-PR"
780930;2026-06-24;"quarta-feira";"21:53:00";"GO";60;97;"ANAPOLIS";"Velocidade Incompatível";"Queda de ocupante de veículo";"Com Vítimas Feridas";"Plena Noite";"Crescente";"Ignorado";"Dupla";"Reta";"Sim";1;0;1;0;0;0;1;1;-16,3774;-48,94873;"SPRF-GO";"DEL02-GO";"UOP01-DEL02-GO"
780931;2026-06-24;"quarta-feira";"18:45:00";"RO";364;522,1;"ARIQUEMES";"Ausência de reação do condutor";"Colisão traseira";"Com Vítimas Feridas";"Plena Noite";"Decrescente";"Céu Claro";"Simples";"Em Obras;Reta";"Não";2;0;1;0;1;0;1;2;-9,869722;-63,058438;"SPRF-RO";"DEL03-RO";"UOP01-DEL03-RO"
780933;2026-06-24;"quarta-feira";"21:40:00";"PE";101;91;"CABO DE SANTO AGOSTINHO";"Ingestão de álcool pelo condutor";"Capotamento";"Com Vítimas Feridas";"Plena Noite";"Decrescente";"Céu Claro";"Dupla";"Reta";"Não";1;0;0;1;0;0;1;1;-8,228428;-34,995042;"SPRF-PE";"DEL01-PE";"UOP01-DEL01-PE"
780937;2026-06-24;"quarta-feira";"16:37:00";"PE";408;54;"CARPINA";"Ingestão de álcool pelo condutor";"Colisão transversal";"Com Vítimas Feridas";"Pleno dia";"Crescente";"Céu Claro";"Simples";"Reta";"Sim";2;0;0;1;0;1;1;2;-7,82979611;-35,24502575;"SPRF-PE";"DEL01-PE";"UOP01-DEL01-PE"
780939;2026-06-24;"quarta-feira";"21:30:00";"SC";282;22,4;"SANTO AMARO DA IMPERATRIZ";"Ingestão de substâncias psicoativas pelo condutor";"Colisão lateral sentido oposto";"Sem Vítimas";"Plena Noite";"Decrescente";"Céu Claro";"Simples";"Reta";"Não";2;0;0;0;2;0;0;2;-27,68937;-48,73175;"SPRF-SC";"DEL01-SC";"UOP02-DEL01-SC"
780941;2026-06-24;"quarta-feira";"21:30:00";"SC";470;139,5;"RIO DO SUL";"Ausência de reação do condutor";"Saída de leito carroçável";"Sem Vítimas";"Plena Noite";"Decrescente";"Céu Claro";"Simples";"Rotatória;Curva";"Não";2;0;0;0;2;0;0;1;-27,221689;-49,660966;"SPRF-SC";"DEL04-SC";"UOP02-DEL04-SC"
780942;2026-06-24;"quarta-feira";"22:10:00";"SC";282;27,4;"SANTO AMARO DA IMPERATRIZ";"Entrada inopinada do pedestre";"Atropelamento de Pedestre";"Com Vítimas Feridas";"Plena Noite";"Decrescente";"Nublado";"Simples";"Reta";"Sim";2;0;0;1;1;0;1;2;-27,67286;-48,7735;"SPRF-SC";"DEL01-SC";"UOP03-DEL01-SC"
780943;2026-06-24;"quarta-feira";"18:10:00";"RS";0;0;"GUAIBA";"Frear bruscamente";"Colisão traseira";"Com Vítimas Feridas";"Plena Noite";"Não Informado";"Céu Claro";"Simples";"Interseção de Vias";"Sim";3;0;0;1;2;0;1;2;-30,0929328;-51,33407109;"SPRF-RS";"DEL02-RS";"UOP01-DEL02-RS"
780944;2026-06-24;"quarta-feira";"22:40:00";"MG";50;72;"UBERLANDIA";"Velocidade Incompatível";"Colisão com objeto";"Sem Vítimas";"Plena Noite";"Crescente";"Céu Claro";"Dupla";"Reta";"Sim";1;0;0;0;0;1;0;1;-18,89914533;-48,24207036;"SPRF-MG";"DEL15-MG";"UOP01-DEL15-MG"
780945;2026-06-24;"quarta-feira";"22:30:00";"SC";101;357,8;"SANGAO";"Reação tardia ou ineficiente do condutor";"Colisão traseira";"Sem Vítimas";"Plena Noite";"Crescente";"Céu Claro";"Dupla";"Reta;Em Obras";"Não";2;0;0;0;0;2;0;2;-28,65403514;-49,10742458;"SPRF-SC";"DEL02-SC";"UOP01-DEL02-SC"
780946;2026-06-24;"quarta-feira";"22:30:00";"BA";116;382;"SANTA BARBARA";"Ingestão de álcool pelo condutor";"Colisão lateral mesmo sentido";"Com Vítimas Feridas";"Plena Noite";"Crescente";"Céu Claro";"Simples";"Reta";"Não";6;0;2;0;4;0;2;2;-11,872057;-38,978643;"SPRF-BA";"DEL02-BA";"UOP01-DEL02-BA"
780949;2026-06-24;"quarta-feira";"22:30:00";"BA";101;102;"ALAGOINHAS";"Reação tardia ou ineficiente do condutor";"Saída de leito carroçável";"Com Vítimas Feridas";"Plena Noite";"Crescente";"Céu Claro";"Simples";"Reta";"Não";1;0;0;1;0;0;1;1;-12,10732504;-38,38091358;"SPRF-BA";"DEL01-BA";"UOP04-DEL01-BA"
780951;2026-06-24;"quarta-feira";"22:10:00";"MA";135;23;"SAO LUIS";"Acessar a via sem observar a presença dos outros veículos";"Colisão transversal";"Com Vítimas Feridas";"Plena Noite";"Decrescente";"Céu Claro";"Dupla";"Retorno Regulamentado;Reta";"Sim";2;0;1;0;1;0;1;2;-2,55689469;-44,31202412;"SPRF-MA";"DEL01-MA";"UOP01-DEL01-MA"
780952;2026-06-24;"quarta-feira";"22:40:00";"SC";280;74;"JARAGUA DO SUL";"Transitar na contramão";"Colisão frontal";"Com Vítimas Feridas";"Plena Noite";"Crescente";"Garoa/Chuvisco";"Simples";"Reta";"Não";3;0;2;0;0;1;2;2;-26,459065;-49,175927;"SPRF-SC";"DEL03-SC";"UOP03-DEL03-SC"
780954;2026-06-24;"quarta-feira";"23:00:00";"MG";116;275,6;"TEOFILO OTONI";"Conversão proibida";"Colisão lateral mesmo sentido";"Com Vítimas Feridas";"Plena Noite";"Decrescente";"Nublado";"Simples";"Reta";"Sim";6;0;1;1;4;0;2;3;-17,848565;-41,515215;"SPRF-MG";"DEL11-MG";"UOP01-DEL11-MG"
780956;2026-06-24;"quarta-feira";"21:00:00";"RO";364;301,7;"PRESIDENTE MEDICI";"Ausência de reação do condutor";"Saída de leito carroçável";"Com Vítimas Feridas";"Plena Noite";"Crescente";"Céu Claro";"Simples";"Reta;Aclive";"Não";1;0;1;0;0;0;1;1;-11,23934391;-61,90182495;"SPRF-RO";"DEL02-RO";"UOP01-DEL02-RO"
780957;2026-06-25;"quinta-feira";"00:07:00";"GO";60;92;"ANAPOLIS";"Trafegar com motocicleta (ou similar) entre as faixas";"Tombamento";"Com Vítimas Feridas";"Plena Noite";"Crescente";"Ignorado";"Dupla";"Declive;Reta";"Não";1;0;1;0;0;0;1;1;-16,3527168;-48,91566563;"SPRF-GO";"DEL02-GO";"UOP01-DEL02-GO"
780959;2026-06-24;"quarta-feira";"21:40:00";"RJ";101;305;"SAO GONCALO";"Reação tardia ou ineficiente do condutor";"Colisão traseira";"Com Vítimas Fatais";"Plena Noite";"Crescente";"Chuva";"Dupla";"Reta";"Sim";2;1;0;0;1;0;0;2;-22,78915951;-42,99842834;"SPRF-RJ";"DEL02-RJ";"UOP02-DEL02-RJ"
780960;2026-06-24;"quarta-feira";"22:46:00";"PA";230;116,5;"MARABA";"Ingestão de substâncias psicoativas pelo condutor";"Colisão com objeto";"Com Vítimas Fatais";"Plena Noite";"Crescente";"Céu Claro";"Dupla";"Reta";"Sim";1;1;0;0;0;0;0;1;-5,35824;-49,08541;"SPRF-PA";"DEL03-PA";"UOP01-DEL03-PA"
780961;2026-06-25;"quinta-feira";"01:15:00";"SC";470;66;"INDAIAL";"Ausência de reação do condutor";"Saída de leito carroçável";"Sem Vítimas";"Plena Noite";"Crescente";"Céu Claro";"Simples";"Reta;Rotatória";"Sim";1;0;0;0;1;0;0;1;-26,8695301;-49,2250692;"SPRF-SC";"DEL04-SC";"UOP01-DEL04-SC"
780962;2026-06-25;"quinta-feira";"01:12:00";"MG";116;774,8;"LEOPOLDINA";"Ausência de reação do condutor";"Colisão com objeto";"Com Vítimas Feridas";"Plena Noite";"Decrescente";"Chuva";"Simples";"Curva;Declive";"Não";1;0;1;0;0;0;1;1;-21,578107;-42,687324;"SPRF-MG";"DEL07-MG";"UOP01-DEL07-MG"
780963;2026-06-25;"quinta-feira";"02:20:00";"RS";116;247;"SAO LEOPOLDO";"Reação tardia ou ineficiente do condutor";"Colisão com objeto";"Sem Vítimas";"Plena Noite";"Crescente";"Céu Claro";"Múltipla";"Curva";"Sim";1;0;0;0;1;0;0;1;-29,76409354;-51,15347403;"SPRF-RS";"DEL01-RS";"UOP02-DEL01-RS"
780967;2026-06-25;"quinta-feira";"02:50:00";"PR";469;11,1;"FOZ DO IGUACU";"Ingestão de álcool pelo condutor";"Colisão transversal";"Com Vítimas Feridas";"Plena Noite";"Decrescente";"Céu Claro";"Dupla";"Reta";"Sim";2;0;1;0;1;0;1;2;-25,5764531;-54,54566002;"SPRF-PR";"DEL05-PR";"UOP04-DEL05-PR"
780968;2026-06-25;"quinta-feira";"03:20:00";"MS";262;558,1;"MIRANDA";"Velocidade Incompatível";"Saída de leito carroçável";"Com Vítimas Fatais";"Plena Noite";"Crescente";"Céu Claro";"Dupla";"Rotatória";"Sim";1;1;0;0;0;0;0;1;-20,2340199;-56,37733553;"SPRF-MS";"DEL03-MS";"UOP02-DEL03-MS"
780969;2026-06-25;"quinta-feira";"04:03:00";"PR";153;18,5;"JACAREZINHO";"Ingestão de álcool pelo condutor";"Colisão com objeto";"Com Vítimas Feridas";"Plena Noite";"Crescente";"Céu Claro";"Simples";"Reta";"Sim";4;0;1;0;0;3;1;1;-23,14916433;-49,95321242;"SPRF-PR";"DEL07-PR";"UOP04-DEL07-PR"
780970;2026-06-25;"quinta-feira";"04:30:00";"PE";101;55;"PAULISTA";"Acumulo de água sobre o pavimento";"Saída de leito carroçável";"Com Vítimas Feridas";"Amanhecer";"Crescente";"Chuva";"Dupla";"Curva;Declive";"Não";2;0;2;0;0;0;2;1;-7,94884298;-34,90713716;"SPRF-PE";"DEL01-PE";"UOP02-DEL01-PE"
780971;2026-06-20;"sábado";"20:00:00";"RJ";101;316;"SAO GONCALO";"Ingestão de álcool pelo condutor";"Engavetamento";"Sem Vítimas";"Plena Noite";"Decrescente";"Céu Claro";"Múltipla";"Reta";"Sim";3;0;0;0;3;0;0;3;-22,82853915;-43,09232108;"SPRF-RJ";"DEL02-RJ";"UOP02-DEL02-RJ"
780973;2026-06-25;"quinta-feira";"05:01:00";"GO";70;14;"AGUAS LINDAS DE GOIAS";"Ausência de reação do condutor";"Colisão lateral mesmo sentido";"Com Vítimas Feridas";"Amanhecer";"Decrescente";"Céu Claro";"Dupla";"Retorno Regulamentado";"Sim";4;0;2;0;1;1;2;3;-15,752;-48,32548;"SPRF-DF";"DEL03-DF";"UOP02-DEL03-DF"
780974;2026-06-25;"quinta-feira";"05:50:00";"SP";153;61;"SAO JOSE DO RIO PRETO";"Ausência de reação do condutor";"Colisão com objeto";"Sem Vítimas";"Amanhecer";"Decrescente";"Nevoeiro/Neblina";"Dupla";"Reta";"Sim";1;0;0;0;0;1;0;1;-20,810145;-49,356338;"SPRF-SP";"DEL09-SP";"UOP01-DEL09-SP"
780976;2026-06-25;"quinta-feira";"05:30:00";"ES";101;90,5;"JAGUARE";"Ausência de reação do condutor";"Eventos atípicos";"Com Vítimas Feridas";"Amanhecer";"Crescente";"Nevoeiro/Neblina";"Simples";"Reta";"Não";2;0;1;0;0;1;1;2;-18,90135;-39,9578233;"SPRF-ES";"DEL04-ES";"UOP02-DEL04-ES"
780977;2026-06-25;"quinta-feira";"06:30:00";"RJ";101;276,9;"TANGUA";"Acessar a via sem observar a presença dos outros veículos";"Colisão lateral mesmo sentido";"Com Vítimas Feridas";"Pleno dia";"Decrescente";"Chuva";"Dupla";"Reta";"Não";3;0;1;1;1;0;2;2;-22,7394937;-42,74334947;"SPRF-RJ";"DEL02-RJ";"UOP03-DEL02-RJ"
780979;2026-06-25;"quinta-feira";"05:10:00";"BA";101;933;"MUCURI";"Neblina";"Colisão traseira";"Com Vítimas Fatais";"Amanhecer";"Crescente";"Nevoeiro/Neblina";"Simples";"Reta";"Não";2;1;1;0;0;0;1;2;-17,98884161;-39,85992528;"SPRF-BA";"DEL09-BA";"UOP02-DEL09-BA"
780980;2026-06-25;"quinta-feira";"05:55:00";"SP";381;82;"SAO PAULO";"Acessar a via sem observar a presença dos outros veículos";"Colisão traseira";"Com Vítimas Feridas";"Amanhecer";"Crescente";"Garoa/Chuvisco";"Dupla";"Reta;Interseção de Vias";"Sim";2;0;0;1;1;0;1;2;-23,43813;-46,568166;"SPRF-SP";"DEL03-SP";"UOP01-DEL03-SP"
780981;2026-06-25;"quinta-feira";"05:25:00";"BA";324;520;"FEIRA DE SANTANA";"Reação tardia ou ineficiente do condutor";"Colisão traseira";"Com Vítimas Fatais";"Amanhecer";"Decrescente";"Nublado";"Dupla";"Reta";"Sim";2;1;0;0;0;1;0;2;-12,274153;-38,932888;"SPRF-BA";"DEL11-BA";"UOP02-DEL11-BA"
780982;2026-06-25;"quinta-feira";"05:55:00";"BA";116;674;"JEQUIE";"Ausência de reação do condutor";"Atropelamento de Pedestre";"Com Vítimas Feridas";"Amanhecer";"Decrescente";"Nublado";"Simples";"Reta";"Sim";2;0;1;0;0;1;1;2;-13,872132;-40,117333;"SPRF-BA";"DEL03-BA";"UOP01-DEL03-BA"
780984;2026-06-25;"quinta-feira";"07:00:00";"SP";116;166;"JACAREI";"Manobra de mudança de faixa";"Colisão lateral mesmo sentido";"Com Vítimas Feridas";"Pleno dia";"Decrescente";"Nublado";"Dupla";"Reta";"Sim";3;0;0;1;2;0;1;2;-23,30074232;-46,01757336;"SPRF-SP";"DEL02-SP";"UOP01-DEL02-SP"
780985;2026-06-25;"quinta-feira";"06:00:00";"MG";262;632,9;"IBIA";"Ausência de reação do condutor";"Queda de ocupante de veículo";"Com Vítimas Feridas";"Amanhecer";"Crescente";"Nevoeiro/Neblina";"Simples";"Reta;Aclive";"Não";1;0;1;0;0;0;1;1;-19,571825;-46,585281;"SPRF-MG";"DEL08-MG";"UOP01-DEL08-MG"