"id";"data_inversa";"dia_semana";"horario";"uf";"br";"km";"municipio";"causa_acidente";"tipo_acidente";"classificacao_acidente";"fase_dia";"sentido_via";"condicao_metereologica";"tipo_pista";"tracado_via";"uso_solo";"pessoas";"mortos";"feridos_leves";"feridos_graves";"ilesos";"ignorados";"feridos";"veiculos";"latitude";"longitude";"regional";"delegacia";"uop"
780986;2026-06-25;"quinta-feira";"06:25:00";"PB";230;23,6;"JOAO PESSOA";"Ausência de reação do condutor";"Queda de ocupante de veículo";"Com Vítimas Feridas";"Pleno dia";"Crescente";"Nublado";"Dupla";"Interseção de Vias";"Sim";1;0;0;1;0;0;1;1;-7,16419266;-34,8624301;"SPRF-PB";"DEL01-PB";"UOP01-DEL01-PB"
780988;2026-06-25;"quinta-feira";"07:00:00";"ES";101;144,3;"LINHARES";"Condutor desrespeitou a iluminação vermelha do semáforo";"Colisão transversal";"Com Vítimas Feridas";"Pleno dia";"Decrescente";"Céu Claro";"Múltipla";"Reta";"Sim";2;0;2;0;0;0;2;2;-19,35580961;-40,06437063;"SPRF-ES";"DEL04-ES";"UOP01-DEL04-ES"
780990;2026-06-25;"quinta-feira";"06:30:00";"SC";280;54,1;"GUARAMIRIM";"Ausência de reação do condutor";"Colisão com objeto";"Com Vítimas Feridas";"Pleno dia";"Crescente";"Nublado";"Dupla";"Viaduto";"Sim";3;0;2;0;1;0;2;2;-26,47736145;-49,01210123;"SPRF-SC";"DEL03-SC";"UOP03-DEL03-SC"
780991;2026-06-25;"quinta-feira";"06:40:00";"BA";324;603;"SIMOES FILHO";"Manobra de mudança de faixa";"Queda de ocupante de veículo";"Com Vítimas Feridas";"Pleno dia";"Crescente";"Chuva";"Dupla";"Reta";"Não";3;0;1;0;1;1;1;2;-12,77279698;-38,41970444;"SPRF-BA";"DEL01-BA";"UOP01-DEL01-BA"
780992;2026-06-25;"quinta-feira";"07:00:00";"PB";230;102,7;"GURINHEM";"Acesso irregular";"Colisão transversal";"Com Vítimas Fatais";"Pleno dia";"Crescente";"Céu Claro";"Dupla";"Reta";"Não";4;1;1;0;2;0;1;3;-7,2054551;-35,5131367;"SPRF-PB";"DEL01-PB";"UOP02-DEL01-PB"
780993;2026-06-25;"quinta-feira";"06:20:00";"MS";163;10,7;"MUNDO NOVO";"Transitar na contramão";"Colisão lateral sentido oposto";"Com Vítimas Fatais";"Amanhecer";"Decrescente";"Céu Claro";"Simples";"Curva";"Não";6;1;0;0;5;0;0;2;-23,970759;-54,330462;"SPRF-MS";"DEL09-MS";"UOP02-DEL09-MS"
780994;2026-06-25;"quinta-feira";"06:00:00";"RJ";116;14;"SAPUCAIA";"Ausência de reação do condutor";"Colisão com objeto";"Com Vítimas Feridas";"Amanhecer";"Crescente";"Chuva";"Simples";"Curva;Ponte";"Não";2;0;1;0;1;0;1;1;-21,95942;-42,735644;"SPRF-RJ";"DEL05-RJ";"UOP01-DEL05-RJ"
780996;2026-06-25;"quinta-feira";"07:30:00";"PR";116;115;"CURITIBA";"Trafegar com motocicleta (ou similar) entre as faixas";"Colisão traseira";"Com Vítimas Feridas";"Pleno dia";"Decrescente";"Nublado";"Dupla";"Reta";"Sim";2;0;1;0;1;0;1;2;-25,55367444;-49,30536238;"SPRF-PR";"DEL01-PR";"UOP03-DEL01-PR"
780997;2026-06-24;"quarta-feira";"00:30:00";"PE";232;338;"CUSTODIA";"Demais falhas mecânicas ou elétricas";"Saída de leito carroçável";"Com Vítimas Feridas";"Plena Noite";"Decrescente";"Céu Claro";"Simples";"Curva";"Não";4;0;0;2;1;1;2;2;-8,080343;-37,67524;"SPRF-PE";"DEL04-PE";"UOP02-DEL04-PE"
780998;2026-06-25;"quinta-feira";"04:50:00";"PE";101;40;"IGARASSU";"Ingestão de álcool pelo condutor";"Colisão traseira";"Com Vítimas Feridas";"Amanhecer";"Crescente";"Chuva";"Dupla";"Reta";"Sim";3;0;1;0;2;0;1;2;-7,82302;-34,91623;"SPRF-PE";"DEL01-PE";"UOP02-DEL01-PE"
781000;2026-06-24;"quarta-feira";"23:30:00";"GO";364;310;"MINEIROS";"Neblina";"Saída de leito carroçável";"Com Vítimas Feridas";"Plena Noite";"Crescente";"Nevoeiro/Neblina";"Simples";"Interseção de Vias";"Não";1;0;0;1;0;0;1;1;-17,4868569;-52,55491225;"SPRF-GO";"DEL05-GO";"UOP01-DEL05-GO"
781001;2026-06-19;"sexta-feira";"21:16:00";"TO";153;142;"ARAGUAINA";"Ausência de reação do condutor";"Atropelamento de Pedestre";"Com Vítimas Feridas";"Plena Noite";"Crescente";"Céu Claro";"Dupla";"Reta";"Sim";2;0;1;0;0;1;1;2;-7,18088372;-48,22491646;"SPRF-TO";"DEL02-TO";"UOP01-DEL02-TO"
781002;2026-06-17;"quarta-feira";"17:10:00";"PR";376;198,8;"MARIALVA";"Condutor deixou de manter distância do veículo da frente";"Colisão traseira";"Com Vítimas Feridas";"Pleno dia";"Crescente";"Céu Claro";"Dupla";"Reta";"Não";10;0;2;0;8;0;2;6;-23,501133;-51,760452;"SPRF-PR";"DEL09-PR";"UOP01-DEL09-PR"
781006;2026-06-25;"quinta-feira";"07:32:00";"MG";262;354;"BETIM";"Velocidade Incompatível";"Colisão traseira";"Com Vítimas Feridas";"Amanhecer";"Decrescente";"Céu Claro";"Dupla";"Curva";"Não";6;0;2;2;2;0;4;2;-19,975306;-44,260451;"SPRF-MG";"DEL01-MG";"UOP03-DEL01-MG"
781007;2026-06-25;"quinta-feira";"08:22:00";"RN";101;116;"SAO JOSE DE MIPIBU";"Condutor deixou de manter distância do veículo da frente";"Colisão traseira";"Com Vítimas Feridas";"Pleno dia";"Decrescente";"Céu Claro";"Dupla";"Reta";"Sim";3;0;0;2;1;0;2;2;-6,000023;-35,259673;"SPRF-RN";"DEL01-RN";"UOP01-DEL01-RN"
781009;2026-06-25;"quinta-feira";"07:10:00";"PR";163;216;"CASCAVEL";"Condutor Dormindo";"Capotamento";"Com Vítimas Feridas";"Pleno dia";"Crescente";"Céu Claro";"Múltipla";"Reta";"Não";1;0;1;0;0;0;1;1;-24,87415776;-53,56399868;"SPRF-PR";"DEL04-PR";"UOP01-DEL04-PR"
781011;2026-06-25;"quinta-feira";"08:00:00";"BA";324;590;"CANDEIAS";"Condutor deixou de manter distância do veículo da frente";"Tombamento";"Com Vítimas Feridas";"Pleno dia";"Crescente";"Chuva";"Dupla";"Reta";"Não";2;0;1;0;1;0;1;1;-12,68269016;-38,4673214;"SPRF-BA";"DEL01-BA";"UOP01-DEL01-BA"
781013;2026-06-25;"quinta-feira";"08:00:00";"SC";101;218,6;"PALHOCA";"Manobra de mudança de faixa";"Colisão lateral mesmo sentido";"Com Vítimas Feridas";"Pleno dia";"Decrescente";"Céu Claro";"Dupla";"Reta";"Sim";3;0;2;0;0;1;2;2;-27,681208;-48,667966;"SPRF-SC";"DEL01-SC";"UOP02-DEL01-SC"
781014;2026-06-14;"domingo";"15:50:00";"PE";116;71;"CABROBO";"Avarias e/ou desgaste excessivo no pneu";"Saída de leito carroçável";"Com Vítimas Feridas";"Pleno dia";"Crescente";"Céu Claro";"Simples";"Reta";"Não";5;0;5;0;0;0;5;1;-8,453697;-39,190343;"SPRF-PE";"DEL05-PE";"UOP03-DEL05-PE"
781015;2026-06-25;"quinta-feira";"07:02:00";"RS";392;4,4;"RIO GRANDE";"Transitar no Acostamento";"Colisão lateral mesmo sentido";"Com Vítimas Feridas";"Amanhecer";"Crescente";"Céu Claro";"Simples";"Reta";"Não";2;0;1;0;1;0;1;2;-32,08261574;-52,10526118;"SPRF-RS";"DEL07-RS";"UOP02-DEL07-RS"
781017;2026-06-25;"quinta-feira";"08:00:00";"MA";135;2;"SAO LUIS";"Transtornos Mentais (exceto suicidio)";"Queda de ocupante de veículo";"Com Vítimas Feridas";"Pleno dia";"Decrescente";"Céu Claro";"Dupla";"Reta";"Sim";2;0;1;0;1;0;1;1;-2,59102569;-44,24454896;"SPRF-MA";"DEL01-MA";"UOP01-DEL01-MA"
781018;2026-06-25;"quinta-feira";"08:26:00";"PB";230;23;"JOAO PESSOA";"Manobra de mudança de faixa";"Colisão lateral mesmo sentido";"Com Vítimas Feridas";"Pleno dia";"Decrescente";"Sol";"Dupla";"Viaduto";"Não";4;0;1;0;3;0;1;2;-7,167296;-34,8632479;"SPRF-PB";"DEL01-PB";"UOP01-DEL01-PB"
781019;2026-06-25;"quinta-feira";"09:00:00";"GO";60;130;"GOIANAPOLIS";"Reação tardia ou ineficiente do condutor";"Saída de leito carroçável";"Com Vítimas Feridas";"Pleno dia";"Decrescente";"Céu Claro";"Dupla";"Reta";"Não";2;0;2;0;0;0;2;1;-16,57471502;-49,15971742;"SPRF-GO";"DEL01-GO";"UOP01-DEL01-GO"
781020;2026-06-25;"quinta-feira";"08:30:00";"BA";101;878;"TEIXEIRA DE FREITAS";"Reação tardia ou ineficiente do condutor";"Colisão traseira";"Com Vítimas Feridas";"Pleno dia";"Crescente";"Céu Claro";"Simples";"Reta";"Não";2;0;0;1;1;0;1;2;-17,547446;-39,719572;"SPRF-BA";"DEL09-BA";"UOP02-DEL09-BA"
781021;2026-06-25;"quinta-feira";"08:54:00";"SE";101;14,2;"CEDRO DE SAO JOAO";"Acumulo de água sobre o pavimento";"Saída de leito carroçável";"Sem Vítimas";"Pleno dia";"Crescente";"Chuva";"Dupla";"Reta";"Não";1;0;0;0;1;0;0;1;-10,30949;-36,89102;"SPRF-SE";"DEL02-SE";"UOP02-DEL02-SE"
781023;2026-06-25;"quinta-feira";"06:40:00";"BA";116;425,9;"FEIRA DE SANTANA";"Pista esburacada";"Queda de ocupante de veículo";"Com Vítimas Feridas";"Pleno dia";"Decrescente";"Nevoeiro/Neblina";"Dupla";"Reta";"Sim";2;0;0;2;0;0;2;1;-12,26126466;-38,989411;"SPRF-BA";"DEL02-BA";"UOP01-DEL02-BA"
781025;2026-06-25;"quinta-feira";"06:30:00";"BA";116;426;"FEIRA DE SANTANA";"Pista esburacada";"Queda de ocupante de veículo";"Com Vítimas Feridas";"Pleno dia";"Decrescente";"Nevoeiro/Neblina";"Dupla";"Reta";"Sim";2;0;2;0;0;0;2;1;-12,26081204;-38,98943369;"SPRF-BA";"DEL02-BA";"UOP01-DEL02-BA"
781026;2026-06-25;"quinta-feira";"06:50:00";"MT";163;841;"SINOP";"Conversão proibida";"Colisão traseira";"Com Vítimas Feridas";"Pleno dia";"Crescente";"Céu Claro";"Simples";"Reta";"Não";2;0;1;0;1;0;1;2;-11,8109;-55,4821;"SPRF-MT";"DEL06-MT";"UOP02-DEL06-MT"
781028;2026-06-25;"quinta-feira";"09:15:00";"GO";40;2,7;"VALPARAISO DE GOIAS";"Condutor deixou de manter distância do veículo da frente";"Colisão traseira";"Com Vítimas Feridas";"Pleno dia";"Decrescente";"Céu Claro";"Dupla";"Reta";"Sim";2;0;1;0;1;0;1;2;-16,07586;-47,98541;"SPRF-DF";"DEL01-DF";"UOP01-DEL01-DF"
781029;2026-06-25;"quinta-feira";"06:30:00";"MT";364;203;"RONDONOPOLIS";"Reação tardia ou ineficiente do condutor";"Colisão lateral mesmo sentido";"Com Vítimas Feridas";"Pleno dia";"Crescente";"Garoa/Chuvisco";"Dupla";"Retorno Regulamentado";"Sim";2;0;1;0;1;0;1;2;-16,46542374;-54,65793877;"SPRF-MT";"DEL02-MT";"UOP01-DEL02-MT"
781030;2026-06-25;"quinta-feira";"09:00:00";"MG";116;525,1;"CARATINGA";"Avarias e/ou desgaste excessivo no pneu";"Colisão lateral mesmo sentido";"Sem Vítimas";"Pleno dia";"Crescente";"Céu Claro";"Simples";"Curva;Interseção de Vias";"Sim";2;0;0;0;2;0;0;2;-19,7720966;-42,13223;"SPRF-MG";"DEL06-MG";"UOP02-DEL06-MG"
781031;2026-06-25;"quinta-feira";"07:50:00";"SC";280;57,9;"GUARAMIRIM";"Condutor deixou de manter distância do veículo da frente";"Colisão traseira";"Com Vítimas Feridas";"Pleno dia";"Decrescente";"Nublado";"Dupla";"Reta";"Não";2;0;0;1;1;0;1;2;-26,47436;-49,023053;"SPRF-SC";"DEL03-SC";"UOP03-DEL03-SC"
781032;2026-06-24;"quarta-feira";"06:20:00";"SC";101;211;"PALHOCA";"Condutor deixou de manter distância do veículo da frente";"Colisão traseira";"Com Vítimas Feridas";"Pleno dia";"Decrescente";"Nublado";"Múltipla";"Aclive";"Sim";6;0;1;0;5;0;1;4;-27,624582;-48,653651;"SPRF-SC";"DEL01-SC";"UOP02-DEL01-SC"
781035;2026-06-25;"quinta-feira";"09:20:00";"RN";101;101;"SAO JOSE DE MIPIBU";"Acessar a via sem observar a presença dos outros veículos";"Colisão transversal";"Com Vítimas Feridas";"Pleno dia";"Decrescente";"Céu Claro";"Múltipla";"Reta";"Sim";3;0;2;0;0;1;2;2;-6,06794835;-35,24345398;"SPRF-RN";"DEL01-RN";"UOP01-DEL01-RN"
781037;2026-06-25;"quinta-feira";"08:30:00";"RS";470;67,5;"LAGOA VERMELHA";"Acumulo de água sobre o pavimento";"Saída de leito carroçável";"Com Vítimas Feridas";"Pleno dia";"Decrescente";"Céu Claro";"Simples";"Curva";"Não";2;0;1;0;1;0;1;1;-28,356488;-51,457809;"SPRF-RS";"DEL08-RS";"UOP05-DEL08-RS"
781039;2026-06-25;"quinta-feira";"10:00:00";"PB";101;99,3;"CONDE";"Afundamento ou ondulação no pavimento";"Tombamento";"Com Vítimas Feridas";"Pleno dia";"Decrescente";"Céu Claro";"Dupla";"Reta";"Não";1;0;1;0;0;0;1;1;-7,25903785;-34,93551342;"SPRF-PB";"DEL01-PB";"UOP01-DEL01-PB"
781040;2026-06-25;"quinta-feira";"09:50:00";"SC";282;0,6;"FLORIANOPOLIS";"Condutor deixou de manter distância do veículo da frente";"Colisão traseira";"Sem Vítimas";"Pleno dia";"Decrescente";"Céu Claro";"Múltipla";"Declive;Reta";"Sim";3;0;0;0;2;1;0;3;-27,60091;-48,57735;"SPRF-SC";"DEL01-SC";"UOP01-DEL01-SC"
781041;2026-06-25;"quinta-feira";"08:00:00";"RJ";101;332;"RIO DE JANEIRO";"Condutor deixou de manter distância do veículo da frente";"Colisão traseira";"Com Vítimas Feridas";"Pleno dia";"Decrescente";"Chuva";"Dupla";"Reta";"Sim";2;0;1;0;0;1;1;2;-22,87320967;-43,20566654;"SPRF-RJ";"DEL02-RJ";"UOP01-DEL02-RJ"
781042;2026-06-25;"quinta-feira";"10:50:00";"SC";280;53,9;"GUARAMIRIM";"Transitar na contramão";"Colisão transversal";"Com Vítimas Feridas";"Pleno dia";"Crescente";"Céu Claro";"Dupla";"Reta";"Sim";2;0;0;1;1;0;1;2;-26,47510605;-48,98276925;"SPRF-SC";"DEL03-SC";"UOP03-DEL03-SC"
781043;2026-06-25;"quinta-feira";"09:20:00";"GO";60;15;"ALEXANIA";"Ausência de reação do condutor";"Colisão com objeto";"Com Vítimas Fatais";"Pleno dia";"Decrescente";"Céu Claro";"Dupla";"Curva;Declive";"Não";1;1;0;0;0;0;0;1;-16,108686;-48,361782;"SPRF-DF";"DEL03-DF";"UOP01-DEL03-DF"
781044;2026-06-25;"quinta-feira";"10:25:00";"PR";369;142,8;"IBIPORA";"Acessar a via sem observar a presença dos outros veículos";"Colisão traseira";"Com Vítimas Feridas";"Pleno dia";"Crescente";"Céu Claro";"Dupla";"Rotatória";"Sim";2;0;1;0;1;0;1;2;-23,285532;-51,074545;"SPRF-PR";"DEL07-PR";"UOP01-DEL07-PR"
781045;2026-06-25;"quinta-feira";"10:25:00";"PB";101;81;"BAYEUX";"Reação tardia ou ineficiente do condutor";"Engavetamento";"Com Vítimas Feridas";"Pleno dia";"Crescente";"Céu Claro";"Dupla";"Aclive";"Sim";15;0;4;0;11;0;4;4;-7,1273581;-34,9405597;"SPRF-PB";"DEL01-PB";"UOP01-DEL01-PB"
781046;2026-06-25;"quinta-feira";"10:30:00";"BA";116;777;"PLANALTO";"Acessar a via sem observar a presença dos outros veículos";"Colisão transversal";"Com Vítimas Feridas";"Pleno dia";"Decrescente";"Céu Claro";"Simples";"Reta";"Sim";2;0;1;0;1;0;1;2;-14,67063189;-40,47308729;"SPRF-BA";"DEL08-BA";"UOP02-DEL08-BA"
781047;2026-06-25;"quinta-feira";"06:56:00";"RJ";40;122;"DUQUE DE CAXIAS";"Manobra de mudança de faixa";"Colisão traseira";"Com Vítimas Feridas";"Pleno dia";"Crescente";"Garoa/Chuvisco";"Múltipla";"Reta";"Sim";2;0;1;1;0;0;2;1;-22,79252385;-43,2870907;"SPRF-RJ";"DEL01-RJ";"UOP02-DEL01-RJ"
781048;2026-06-25;"quinta-feira";"11:07:00";"PE";232;9,7;"JABOATAO DOS GUARARAPES";"Manobra de mudança de faixa";"Queda de ocupante de veículo";"Com Vítimas Feridas";"Pleno dia";"Decrescente";"Nublado";"Múltipla";"Reta";"Sim";2;0;0;1;1;0;1;1;-8,078453;-34,981443;"SPRF-PE";"DEL01-PE";"UOP01-DEL01-PE"
781049;2026-06-25;"quinta-feira";"11:00:00";"ES";262;23;"VIANA";"Ultrapassagem Indevida";"Colisão transversal";"Com Vítimas Feridas";"Pleno dia";"Crescente";"Céu Claro";"Simples";"Aclive";"Não";3;0;2;0;1;0;2;2;-20,37421743;-40,51937453;"SPRF-ES";"DEL01-ES";"UOP01-DEL01-ES"
781050;2026-06-25;"quinta-feira";"08:42:00";"MT";70;282;"PRIMAVERA DO LESTE";"Acessar a via sem observar a presença dos outros veículos";"Colisão transversal";"Com Vítimas Feridas";"Pleno dia";"Crescente";"Nublado";"Simples";"Reta";"Sim";2;0;1;0;1;0;1;2;-15,56695602;-54,30491477;"SPRF-MT";"DEL05-MT";"UOP01-DEL05-MT"
781051;2026-06-25;"quinta-feira";"10:50:00";"SP";381;70;"SAO PAULO";"Velocidade Incompatível";"Colisão com objeto";"Com Vítimas Feridas";"Pleno dia";"Decrescente";"Chuva";"Dupla";"Curva";"Não";1;0;1;0;0;0;1;1;-23,35549455;-46,55010223;"SPRF-SP";"DEL03-SP";"UOP01-DEL03-SP"
781055;2026-06-25;"quinta-feira";"11:30:00";"MG";40;527;"CONTAGEM";"Acessar a via sem observar a presença dos outros veículos";"Colisão traseira";"Com Vítimas Feridas";"Pleno dia";"Crescente";"Céu Claro";"Dupla";"Interseção de Vias;Reta";"Sim";3;0;0;1;2;0;1;3;-19,902096;-44,049794;"SPRF-MG";"DEL01-MG";"UOP02-DEL01-MG"
781058;2026-06-25;"quinta-feira";"08:15:00";"RO";364;343,5;"JI-PARANA";"Acesso irregular";"Colisão transversal";"Com Vítimas Feridas";"Pleno dia";"Decrescente";"Céu Claro";"Simples";"Reta";"Sim";4;0;4;0;0;0;4;2;-10,876544;-61,94882;"SPRF-RO";"DEL02-RO";"UOP01-DEL02-RO"
781060;2026-06-25;"quinta-feira";"06:15:00";"BA";116;524;"ITATIM";"Velocidade Incompatível";"Saída de leito carroçável";"Com Vítimas Feridas";"Pleno dia";"Decrescente";"Garoa/Chuvisco";"Simples";"Curva";"Não";2;0;1;0;1;0;1;1;-12,717745;-39,7474266;"SPRF-BA";"DEL03-BA";"UOP02-DEL03-BA"
781061;2026-06-25;"quinta-feira";"11:50:00";"RN";304;296;"MACAIBA";"Acessar a via sem observar a presença dos outros veículos";"Colisão transversal";"Com Vítimas Feridas";"Pleno dia";"Crescente";"Céu Claro";"Simples";"Reta";"Sim";3;0;1;0;1;1;1;3;-5,8653;-35,351015;"SPRF-RN";"DEL01-RN";"UOP02-DEL01-RN"
781065;2026-06-25;"quinta-feira";"11:20:00";"MA";10;247;"IMPERATRIZ";"Avarias e/ou desgaste excessivo no pneu";"Tombamento";"Com Vítimas Feridas";"Pleno dia";"Crescente";"Sol";"Dupla";"Reta";"Não";2;0;2;0;0;0;2;1;-5,570468;-47,44603;"SPRF-MA";"DEL04-MA";"UOP01-DEL04-MA"
781066;2026-06-25;"quinta-feira";"12:00:00";"DF";20;8,9;"BRASILIA";"Acessar a via sem observar a presença dos outros veículos";"Colisão transversal";"Com Vítimas Feridas";"Pleno dia";"Decrescente";"Céu Claro";"Dupla";"Interseção de Vias";"Sim";2;0;1;0;1;0;1;2;-15,653627;-47,782658;"SPRF-DF";"DEL02-DF";"UOP01-DEL02-DF"
781070;2026-03-17;"terça-feira";"15:00:00";"MG";381;448;"BELO HORIZONTE";"Retorno proibido";"Colisão transversal";"Com Vítimas Feridas";"Pleno dia";"Decrescente";"Céu Claro";"Simples";"Reta";"Sim";3;0;0;2;1;0;2;2;-19,839;-43,878;"SPRF-MG";"DEL01-MG";"UOP01-DEL01-MG"
781072;2026-06-25;"quinta-feira";"08:50:00";"MG";116;688,5;"MURIAE";"Chuva";"Tombamento";"Com Vítimas Feridas";"Pleno dia";"Crescente";"Chuva";"Simples";"Curva";"Não";1;0;1;0;0;0;1;1;-21,01002751;-42,36135576;"SPRF-MG";"DEL07-MG";"UOP02-DEL07-MG"
781073;2026-06-25;"quinta-feira";"10:50:00";"RJ";101;387;"RIO DE JANEIRO";"Reação tardia ou ineficiente do condutor";"Colisão lateral mesmo sentido";"Com Vítimas Feridas";"Pleno dia";"Crescente";"Chuva";"Múltipla";"Reta";"Sim";2;0;1;0;1;0;1;2;-22,888848;-43,660975;"SPRF-RJ";"DEL03-RJ";"UOP01-DEL03-RJ"
781074;2026-06-25;"quinta-feira";"13:00:00";"GO";40;11,5;"LUZIANIA";"Condutor deixou de manter distância do veículo da frente";"Colisão traseira";"Sem Vítimas";"Pleno dia";"Decrescente";"Sol";"Dupla";"Reta";"Sim";3;0;0;0;2;1;0;2;-16,14112;-47,9486;"SPRF-DF";"DEL01-DF";"UOP01-DEL01-DF"
781076;2026-06-25;"quinta-feira";"11:40:00";"RJ";493;21;"MAGE";"Reação tardia ou ineficiente do condutor";"Colisão transversal";"Com Vítimas Feridas";"Pleno dia";"Crescente";"Nublado";"Simples";"Reta";"Sim";2;0;1;0;1;0;1;2;-22,66104479;-43,04558627;"SPRF-RJ";"DEL04-RJ";"UOP02-DEL04-RJ"
781079;2026-06-25;"quinta-feira";"07:55:00";"RJ";40;101;"NITEROI";"Objeto estático sobre o leito carroçável";"Tombamento";"Com Vítimas Feridas";"Pleno dia";"Decrescente";"Chuva";"Múltipla";"Reta;Ponte";"Não";1;0;1;0;0;0;1;1;-22,874873;-43,120608;"SPRF-RJ";"DEL01-RJ";"UOP01-DEL01-RJ"
781081;2026-06-25;"quinta-feira";"12:00:00";"AP";156;471;"TARTARUGALZINHO";"Reação tardia ou ineficiente do condutor";"Capotamento";"Com Vítimas Feridas";"Pleno dia";"Crescente";"Nublado";"Simples";"Curva";"Não";1;0;1;0;0;0;1;1;1,4867;-50,9084;"SPRF-AP";"DEL01-AP";"UOP02-DEL01-AP"
781084;2026-06-25;"quinta-feira";"13:35:00";"RS";158;569,9;"SANTANA DO LIVRAMENTO";"Desrespeitar a preferência no cruzamento";"Colisão transversal";"Com Vítimas Feridas";"Pleno dia";"Crescente";"Céu Claro";"Simples";"Interseção de Vias";"Sim";2;0;1;1;0;0;2;2;-30,87667931;-55,5107495;"SPRF-RS";"DEL11-RS";"UOP01-DEL11-RS"
781086;2026-06-25;"quinta-feira";"14:00:00";"GO";60;96;"ANAPOLIS";"Ausência de reação do condutor";"Colisão com objeto";"Com Vítimas Feridas";"Pleno dia";"Decrescente";"Céu Claro";"Dupla";"Reta";"Sim";1;0;1;0;0;0;1;1;-16,37186293;-48,94296482;"SPRF-GO";"DEL02-GO";"UOP01-DEL02-GO"
781087;2026-06-25;"quinta-feira";"13:15:00";"BA";324;568;"SAO SEBASTIAO DO PASSE";"Reação tardia ou ineficiente do condutor";"Colisão traseira";"Com Vítimas Feridas";"Pleno dia";"Crescente";"Céu Claro";"Dupla";"Reta";"Não";2;0;1;0;1;0;1;2;-12,5422083;-38,586795;"SPRF-BA";"DEL01-BA";"UOP01-DEL01-BA"
781088;2026-06-25;"quinta-feira";"12:21:00";"SC";163;69,7;"SAO MIGUEL DO OESTE";"Velocidade Incompatível";"Saída de leito carroçável";"Com Vítimas Feridas";"Pleno dia";"Decrescente";"Céu Claro";"Dupla";"Aclive;Reta";"Sim";2;0;2;0;0;0;2;2;-26,73949325;-53,50131467;"SPRF-SC";"DEL07-SC";"UOP03-DEL07-SC"
781089;2026-06-25;"quinta-feira";"13:35:00";"PB";230;12;"CABEDELO";"Transitar na contramão";"Colisão frontal";"Com Vítimas Feridas";"Pleno dia";"Crescente";"Sol";"Simples";"Reta";"Sim";2;0;1;0;1;0;1;2;-7,07765446;-34,84945011;"SPRF-PB";"DEL01-PB";"UOP01-DEL01-PB"
781090;2026-06-25;"quinta-feira";"14:10:00";"MG";381;495;"BETIM";"Ausência de reação do condutor";"Tombamento";"Com Vítimas Feridas";"Pleno dia";"Decrescente";"Céu Claro";"Dupla";"Reta";"Sim";1;0;1;0;0;0;1;1;-19,973287;-44,184331;"SPRF-MG";"DEL01-MG";"UOP03-DEL01-MG"
781091;2026-06-25;"quinta-feira";"14:30:00";"RJ";101;73;"CAMPOS DOS GOYTACAZES";"Condutor deixou de manter distância do veículo da frente";"Colisão traseira";"Com Vítimas Feridas";"Pleno dia";"Crescente";"Céu Claro";"Simples";"Reta";"Não";2;0;1;0;0;1;1;2;-21,805901;-41,397086;"SPRF-RJ";"DEL08-RJ";"UOP02-DEL08-RJ"
781092;2026-06-25;"quinta-feira";"14:11:00";"PE";232;79;"GRAVATA";"Acessar a via sem observar a presença dos outros veículos";"Colisão transversal";"Com Vítimas Feridas";"Pleno dia";"Decrescente";"Céu Claro";"Simples";"Reta";"Sim";2;0;1;0;1;0;1;2;-8,19563608;-35,56498647;"SPRF-PE";"DEL02-PE";"UOP02-DEL02PE"
781093;2026-06-22;"segunda-feira";"07:50:00";"PR";277;83;"CURITIBA";"Manobra de mudança de faixa";"Colisão traseira";"Com Vítimas Feridas";"Pleno dia";"Crescente";"Nublado";"Dupla";"Reta";"Sim";2;0;1;0;1;0;1;2;-25,44853235;-49,22941295;"SPRF-PR";"DEL01-PR";"UOP03-DEL01-PR"
781097;2026-06-25;"quinta-feira";"14:30:00";"SC";101;197;"BIGUACU";"Transitar na contramão";"Colisão transversal";"Com Vítimas Feridas";"Pleno dia";"Decrescente";"Céu Claro";"Múltipla";"Aclive;Reta";"Sim";2;0;2;0;0;0;2;2;-27,5215046;-48,63711222;"SPRF-SC";"DEL01-SC";"UOP01-DEL01-SC"
781098;2026-06-25;"quinta-feira";"15:00:00";"RJ";116;184;"NOVA IGUACU";"Trafegar com motocicleta (ou similar) entre as faixas";"Colisão lateral mesmo sentido";"Com Vítimas Feridas";"Pleno dia";"Crescente";"Chuva";"Múltipla";"Reta";"Sim";2;0;1;0;1;0;1;2;-22,75396171;-43,44798803;"SPRF-RJ";"DEL06-RJ";"UOP01-DEL06-RJ"
781099;2026-06-25;"quinta-feira";"14:00:00";"RJ";40;90;"PETROPOLIS";"Reação tardia ou ineficiente do condutor";"Saída de leito carroçável";"Com Vítimas Feridas";"Pleno dia";"Decrescente";"Chuva";"Dupla";"Curva;Aclive";"Não";2;0;1;0;1;0;1;1;-22,55525;-43,230027;"SPRF-RJ";"DEL01-RJ";"UOP01-DEL01-RJ"
781102;2026-06-25;"quinta-feira";"15:00:00";"ES";101;217;"IBIRACU";"Acessar a via sem observar a presença dos outros veículos";"Tombamento";"Com Vítimas Feridas";"Pleno dia";"Crescente";"Céu Claro";"Simples";"Reta";"Não";1;0;1;0;0;0;1;1;-19,81932878;-40,36573291;"SPRF-ES";"DEL02-ES";"UOP01-DEL02-ES"
781103;2026-06-25;"quinta-feira";"07:00:00";"SE";101;152;"ESTANCIA";"Mal súbito do condutor";"Saída de leito carroçável";"Sem Vítimas";"Pleno dia";"Decrescente";"Nublado";"Simples";"Reta";"Sim";2;0;0;0;1;1;0;1;-11,27336075;-37,44695155;"SPRF-SE";"DEL02-SE";"UOP01-DEL02-SE"