"id";"data_inversa";"dia_semana";"horario";"uf";"br";"km";"municipio";"causa_acidente";"tipo_acidente";"classificacao_acidente";"fase_dia";"sentido_via";"condicao_metereologica";"tipo_pista";"tracado_via";"uso_solo";"pessoas";"mortos";"feridos_leves";"feridos_graves";"ilesos";"ignorados";"feridos";"veiculos";"latitude";"longitude";"regional";"delegacia";"uop"
781549;2026-06-27;"sábado";"17:20:00";"SC";101;194,5;"BIGUACU";"Acessar a via sem observar a presença dos outros veículos";"Colisão transversal";"Com Vítimas Feridas";"Plena Noite";"Crescente";"Nublado";"Simples";"Viaduto;Reta;Interseção de Vias";"Sim";3;0;2;0;1;0;2;2;-27,49933;-48,65628;"SPRF-SC";"DEL01-SC";"UOP01-DEL01-SC"
781550;2026-06-27;"sábado";"17:35:00";"RN";101;114;"SAO JOSE DE MIPIBU";"Entrada inopinada do pedestre";"Atropelamento de Pedestre";"Com Vítimas Feridas";"Plena Noite";"Crescente";"Nublado";"Dupla";"Reta";"Não";2;0;0;2;0;0;2;2;-5,98643849;-35,26491165;"SPRF-RN";"DEL01-RN";"UOP01-DEL01-RN"
781551;2026-06-16;"terça-feira";"16:30:00";"SC";470;62;"INDAIAL";"Acessar a via sem observar a presença dos outros veículos";"Colisão transversal";"Com Vítimas Feridas";"Pleno dia";"Crescente";"Céu Claro";"Simples";"Curva";"Sim";2;0;1;0;1;0;1;2;-26,8743417;-49,1846433;"SPRF-SC";"DEL04-SC";"UOP01-DEL04-SC"
781553;2026-06-27;"sábado";"10:15:00";"RJ";101;56;"CAMPOS DOS GOYTACAZES";"Condutor deixou de manter distância do veículo da frente";"Colisão traseira";"Com Vítimas Feridas";"Pleno dia";"Decrescente";"Céu Claro";"Simples";"Reta";"Sim";2;0;1;0;0;1;1;2;-21,694533;-41,310264;"SPRF-RJ";"DEL08-RJ";"UOP01-DEL08-RJ"
781554;2026-06-27;"sábado";"18:30:00";"MG";381;383;"BARAO DE COCAIS";"Reação tardia ou ineficiente do condutor";"Colisão traseira";"Com Vítimas Feridas";"Plena Noite";"Decrescente";"Nublado";"Dupla";"Declive;Reta";"Não";3;0;1;0;2;0;1;2;-19,802645;-43,410658;"SPRF-MG";"DEL01-MG";"UOP01-DEL01-MG"
781555;2026-06-27;"sábado";"17:30:00";"GO";20;72;"FORMOSA";"Reação tardia ou ineficiente do condutor";"Saída de leito carroçável";"Com Vítimas Feridas";"Plena Noite";"Crescente";"Céu Claro";"Simples";"Rotatória";"Não";1;0;1;0;0;0;1;1;-15,149332;-47,135452;"SPRF-DF";"DEL02-DF";"UOP02-DEL02-DF"
781556;2026-06-27;"sábado";"18:00:00";"ES";259;42;"COLATINA";"Animais na Pista";"Atropelamento de Animal";"Com Vítimas Feridas";"Plena Noite";"Crescente";"Céu Claro";"Simples";"Curva";"Não";2;0;1;0;1;0;1;2;-19,59371861;-40,50742793;"SPRF-ES";"DEL02-ES";"UOP01-DEL02-ES"
781557;2026-06-27;"sábado";"18:28:00";"SP";116;279;"EMBU DAS ARTES";"Reação tardia ou ineficiente do condutor";"Engavetamento";"Com Vítimas Feridas";"Plena Noite";"Decrescente";"Céu Claro";"Dupla";"Declive;Reta";"Sim";7;0;1;0;6;0;1;4;-23,63702;-46,83335;"SPRF-SP";"DEL04-SP";"UOP01-DEL04-SP"
781558;2026-06-27;"sábado";"14:10:00";"MT";163;597;"NOVA MUTUM";"Ausência de reação do condutor";"Queda de ocupante de veículo";"Com Vítimas Feridas";"Pleno dia";"Crescente";"Céu Claro";"Dupla";"Retorno Regulamentado";"Sim";1;0;1;0;0;0;1;1;-13,8163867;-56,07519937;"SPRF-MT";"DEL01-MT";"UOP01-DEL01-MT"
781559;2026-06-27;"sábado";"18:30:00";"GO";70;8;"AGUAS LINDAS DE GOIAS";"Reação tardia ou ineficiente do condutor";"Colisão traseira";"Com Vítimas Feridas";"Plena Noite";"Crescente";"Céu Claro";"Múltipla";"Reta";"Sim";2;0;1;0;1;0;1;2;-15,73663;-48,28741;"SPRF-DF";"DEL03-DF";"UOP02-DEL03-DF"
781561;2026-06-27;"sábado";"18:10:00";"PR";116;97,7;"SAO JOSE DOS PINHAIS";"Ausência de reação do condutor";"Saída de leito carroçável";"Com Vítimas Feridas";"Plena Noite";"Decrescente";"Garoa/Chuvisco";"Dupla";"Reta";"Não";1;0;1;0;0;0;1;1;-25,549687;-49,150081;"SPRF-PR";"DEL01-PR";"UOP08-DEL01-PR"
781562;2026-06-27;"sábado";"18:20:00";"PR";153;26;"JACAREZINHO";"Ingestão de álcool pelo condutor";"Saída de leito carroçável";"Sem Vítimas";"Plena Noite";"Decrescente";"Céu Claro";"Simples";"Reta";"Não";2;0;0;0;2;0;0;1;-23,2182;-50,00418;"SPRF-PR";"DEL07-PR";"UOP04-DEL07-PR"
781565;2026-06-27;"sábado";"19:05:00";"CE";20;405;"CAUCAIA";"Afundamento ou ondulação no pavimento";"Queda de ocupante de veículo";"Com Vítimas Feridas";"Plena Noite";"Decrescente";"Céu Claro";"Simples";"Reta";"Sim";2;0;0;2;0;0;2;1;-3,771416;-38,672888;"SPRF-CE";"DEL01-CE";"UOP01-DEL01-CE"
781566;2026-06-27;"sábado";"16:10:00";"MS";163;366;"NOVA ALVORADA DO SUL";"Problema na suspensão";"Eventos atípicos";"Sem Vítimas";"Pleno dia";"Crescente";"Céu Claro";"Simples";"Reta";"Sim";2;0;0;0;2;0;0;1;-21,45079644;-54,37805984;"SPRF-MS";"DEL02-MS";"UOP01-DEL02-MS"
781567;2026-06-27;"sábado";"18:15:00";"MG";262;432;"NOVA SERRANA";"Acessar a via sem observar a presença dos outros veículos";"Colisão traseira";"Com Vítimas Feridas";"Anoitecer";"Crescente";"Céu Claro";"Dupla";"Retorno Regulamentado";"Sim";3;0;2;0;1;0;2;2;-19,88190568;-44,92831247;"SPRF-MG";"DEL08-MG";"UOP03-DEL08-MG"
781569;2026-06-27;"sábado";"19:00:00";"SC";101;147;"ITAPEMA";"Trafegar com motocicleta (ou similar) entre as faixas";"Colisão lateral mesmo sentido";"Com Vítimas Feridas";"Plena Noite";"Crescente";"Nublado";"Dupla";"Reta";"Não";2;0;1;0;1;0;1;2;-27,08940267;-48,6139369;"SPRF-SC";"DEL04-SC";"UOP03-DEL04-SC"
781570;2026-06-27;"sábado";"17:20:00";"AP";210;2;"MACAPA";"Condutor deixou de manter distância do veículo da frente";"Colisão traseira";"Sem Vítimas";"Pleno dia";"Crescente";"Céu Claro";"Múltipla";"Reta";"Sim";2;0;0;0;2;0;0;2;0,083786;-51,079251;"SPRF-AP";"DEL01-AP";"UOP01-DEL01-AP"
781571;2026-06-27;"sábado";"16:26:00";"RO";364;388;"OURO PRETO DO OESTE";"Desrespeitar a preferência no cruzamento";"Colisão transversal";"Com Vítimas Feridas";"Pleno dia";"Decrescente";"Céu Claro";"Simples";"Rotatória;Reta";"Não";3;0;2;0;1;0;2;2;-10,68702683;-62,27423303;"SPRF-RO";"DEL03-RO";"UOP02-DEL03-RO"
781572;2026-06-27;"sábado";"18:50:00";"SC";282;23,5;"SANTO AMARO DA IMPERATRIZ";"Reação tardia ou ineficiente do condutor";"Colisão traseira";"Com Vítimas Feridas";"Plena Noite";"Crescente";"Nublado";"Simples";"Reta";"Sim";4;0;2;0;2;0;2;2;-27,6854472;-48,74213219;"SPRF-SC";"DEL01-SC";"UOP03-DEL01-SC"
781573;2026-06-27;"sábado";"18:52:00";"MG";354;703,9;"CAXAMBU";"Acessar a via sem observar a presença dos outros veículos";"Colisão transversal";"Com Vítimas Feridas";"Plena Noite";"Crescente";"Céu Claro";"Simples";"Curva";"Sim";6;0;2;0;4;0;2;2;-21,987192;-44,926274;"SPRF-MG";"DEL17-MG";"UOP01-DEL17-MG"
781574;2026-06-27;"sábado";"19:00:00";"PE";408;85;"SAO LOURENCO DA MATA";"Acesso irregular";"Colisão frontal";"Com Vítimas Fatais";"Plena Noite";"Decrescente";"Chuva";"Simples";"Reta";"Sim";5;2;0;1;2;0;1;3;-8,00203;-35,05415;"SPRF-PE";"DEL01-PE";"UOP01-DEL01-PE"
781575;2026-06-27;"sábado";"18:40:00";"PR";376;176,3;"MARINGA";"Condutor desrespeitou a iluminação vermelha do semáforo";"Colisão transversal";"Sem Vítimas";"Plena Noite";"Crescente";"Céu Claro";"Dupla";"Interseção de Vias";"Sim";3;0;0;0;3;0;0;2;-23,41125855;-51,93656651;"SPRF-PR";"DEL09-PR";"UOP01-DEL09-PR"
781576;2026-06-27;"sábado";"19:50:00";"SP";116;223;"GUARULHOS";"Ausência de reação do condutor";"Colisão lateral mesmo sentido";"Com Vítimas Feridas";"Plena Noite";"Decrescente";"Nublado";"Múltipla";"Reta";"Sim";5;0;3;0;2;0;3;2;-23,47787479;-46,52823536;"SPRF-SP";"DEL01-SP";"UOP01-DEL01-SP"
781577;2026-06-27;"sábado";"19:00:00";"ES";101;62,3;"SAO MATEUS";"Reação tardia ou ineficiente do condutor";"Tombamento";"Com Vítimas Feridas";"Pleno dia";"Crescente";"Céu Claro";"Simples";"Aclive;Reta";"Não";2;0;2;0;0;0;2;1;-18,69352552;-39,86405119;"SPRF-ES";"DEL04-ES";"UOP02-DEL04-ES"
781579;2026-06-27;"sábado";"18:30:00";"PR";116;198,7;"RIO NEGRO";"Ausência de reação do condutor";"Colisão traseira";"Sem Vítimas";"Plena Noite";"Decrescente";"Céu Claro";"Simples";"Reta";"Não";6;0;0;0;5;1;0;3;-26,047038;-49,70608;"SPRF-SC";"DEL06-SC";"UOP01-DEL06-SC"
781581;2026-06-27;"sábado";"20:30:00";"SC";470;118;"IBIRAMA";"Velocidade Incompatível";"Capotamento";"Com Vítimas Feridas";"Plena Noite";"Crescente";"Nublado";"Simples";"Curva;Declive";"Não";1;0;1;0;0;0;1;1;-27,090876;-49,520523;"SPRF-SC";"DEL04-SC";"UOP02-DEL04-SC"
781582;2026-06-27;"sábado";"20:10:00";"MG";50;70;"UBERLANDIA";"Ausência de reação do condutor";"Saída de leito carroçável";"Sem Vítimas";"Plena Noite";"Crescente";"Céu Claro";"Dupla";"Reta";"Sim";1;0;0;0;0;1;0;1;-18,886567;-48,262986;"SPRF-MG";"DEL15-MG";"UOP01-DEL15-MG"
781584;2026-06-27;"sábado";"19:30:00";"PR";277;269;"IRATI";"Ingestão de álcool pelo condutor";"Saída de leito carroçável";"Sem Vítimas";"Plena Noite";"Crescente";"Céu Claro";"Simples";"Reta";"Não";1;0;0;0;1;0;0;1;-25,39376184;-50,80669133;"SPRF-PR";"DEL08-PR";"UOP02-DEL08-PR"
781585;2026-06-27;"sábado";"20:15:00";"SC";470;44,2;"BLUMENAU";"Ingestão de álcool pelo condutor";"Colisão com objeto";"Com Vítimas Feridas";"Plena Noite";"Decrescente";"Céu Claro";"Dupla";"Reta";"Não";1;0;0;1;0;0;1;1;-26,869965;-49,0247417;"SPRF-SC";"DEL04-SC";"UOP01-DEL04-SC"
781586;2026-06-27;"sábado";"19:40:00";"MG";40;697,3;"ALFREDO VASCONCELOS";"Reação tardia ou ineficiente do condutor";"Colisão transversal";"Com Vítimas Feridas";"Plena Noite";"Crescente";"Céu Claro";"Simples";"Reta";"Sim";2;0;1;1;0;0;2;2;-21,17191582;-43,75622368;"SPRF-MG";"DEL05-MG";"UOP02-DEL05-MG"
781587;2026-06-27;"sábado";"20:06:00";"SP";116;147;"SAO JOSE DOS CAMPOS";"Estacionar ou parar em local proibido";"Colisão traseira";"Com Vítimas Feridas";"Plena Noite";"Crescente";"Céu Claro";"Dupla";"Reta";"Sim";2;0;0;1;1;0;1;2;-23,19584;-45,87852;"SPRF-SP";"DEL02-SP";"UOP01-DEL02-SP"
781588;2026-06-27;"sábado";"20:00:00";"MG";381;496;"BETIM";"Condutor usando celular";"Colisão com objeto";"Sem Vítimas";"Plena Noite";"Decrescente";"Céu Claro";"Dupla";"Curva";"Sim";1;0;0;0;1;0;0;1;-19,976277;-44,199099;"SPRF-MG";"DEL01-MG";"UOP03-DEL01-MG"
781589;2026-06-27;"sábado";"21:00:00";"DF";20;36;"BRASILIA";"Animais na Pista";"Saída de leito carroçável";"Com Vítimas Feridas";"Plena Noite";"Crescente";"Céu Claro";"Dupla";"Curva";"Não";2;0;1;0;0;1;1;2;-15,58197;-47,55107;"SPRF-DF";"DEL02-DF";"UOP01-DEL02-DF"
781590;2026-06-27;"sábado";"20:35:00";"SC";282;22,1;"SANTO AMARO DA IMPERATRIZ";"Transitar na contramão";"Colisão lateral sentido oposto";"Com Vítimas Feridas";"Plena Noite";"Crescente";"Nublado";"Simples";"Reta";"Sim";3;0;3;0;0;0;3;2;-27,68877;-48,72855;"SPRF-SC";"DEL01-SC";"UOP02-DEL01-SC"
781591;2026-06-27;"sábado";"20:45:00";"RS";392;352;"SANTA MARIA";"Condutor deixou de manter distância do veículo da frente";"Colisão traseira";"Com Vítimas Feridas";"Plena Noite";"Crescente";"Nublado";"Dupla";"Rotatória;Interseção de Vias;Em Obras";"Não";2;0;1;0;1;0;1;2;-29,71530646;-53,80944578;"SPRF-RS";"DEL09-RS";"UOP01-DEL09-RS"
781594;2026-06-27;"sábado";"20:30:00";"RJ";101;484;"ANGRA DOS REIS";"Ultrapassagem Indevida";"Colisão lateral mesmo sentido";"Com Vítimas Feridas";"Plena Noite";"Decrescente";"Céu Claro";"Simples";"Reta";"Não";2;0;0;1;1;0;1;2;-22,9868151;-44,29942261;"SPRF-RJ";"DEL03-RJ";"UOP03-DEL03-RJ"
781595;2026-06-27;"sábado";"20:40:00";"MA";135;7,7;"SAO LUIS";"Transitar na contramão";"Colisão frontal";"Com Vítimas Feridas";"Plena Noite";"Crescente";"Nublado";"Dupla";"Reta";"Sim";2;0;0;1;1;0;1;2;-2,68824378;-44,29980389;"SPRF-MA";"DEL01-MA";"UOP01-DEL01-MA"
781596;2026-06-27;"sábado";"17:55:00";"RJ";101;58;"CAMPOS DOS GOYTACAZES";"Acessar a via sem observar a presença dos outros veículos";"Colisão transversal";"Com Vítimas Feridas";"Plena Noite";"Decrescente";"Céu Claro";"Simples";"Reta";"Sim";4;0;1;0;3;0;1;2;-21,70217969;-41,31008355;"SPRF-RJ";"DEL08-RJ";"UOP01-DEL08-RJ"
781597;2026-06-27;"sábado";"14:20:00";"PR";277;516;"GUARANIACU";"Ingestão de álcool pelo condutor";"Saída de leito carroçável";"Com Vítimas Feridas";"Pleno dia";"Decrescente";"Chuva";"Simples";"Reta";"Não";2;0;1;0;0;1;1;2;-25,10184438;-52,89530754;"SPRF-PR";"DEL04-PR";"UOP04-DEL04-PR"
781600;2026-06-27;"sábado";"00:20:00";"MT";364;577;"NOBRES";"Falta de elemento de contenção que evite a saída do leito carroçável";"Saída de leito carroçável";"Com Vítimas Feridas";"Plena Noite";"Crescente";"Ignorado";"Múltipla";"Reta;Aclive";"Não";1;0;0;1;0;0;1;1;-14,61778;-56,259147;"SPRF-MT";"DEL01-MT";"UOP01-DEL01-MT"
781601;2026-06-27;"sábado";"16:40:00";"PR";373;462,5;"CORONEL VIVIDA";"Acumulo de água sobre o pavimento";"Saída de leito carroçável";"Com Vítimas Feridas";"Pleno dia";"Decrescente";"Chuva";"Simples";"Reta";"Não";1;0;1;0;0;0;1;1;-25,96308785;-52,42756717;"SPRF-PR";"DEL02-PR";"UOP01-DEL02-PR"
781602;2026-06-27;"sábado";"20:30:00";"SP";116;155;"SAO JOSE DOS CAMPOS";"Ingestão de álcool pelo condutor";"Saída de leito carroçável";"Sem Vítimas";"Plena Noite";"Decrescente";"Céu Claro";"Dupla";"Declive;Reta";"Não";1;0;0;0;1;0;0;1;-23,1799002;-45,8533699;"SPRF-SP";"DEL02-SP";"UOP01-DEL02-SP"
781603;2026-06-27;"sábado";"21:00:00";"BA";367;31;"PORTO SEGURO";"Condutor deixou de manter distância do veículo da frente";"Colisão traseira";"Com Vítimas Feridas";"Plena Noite";"Crescente";"Garoa/Chuvisco";"Simples";"Reta";"Sim";3;0;0;2;0;1;2;2;-16,419724;-39,13672;"SPRF-BA";"DEL09-BA";"UOP03-DEL09-BA"
781604;2026-06-27;"sábado";"20:20:00";"RN";226;247,1;"JUCURUTU";"Transitar na contramão";"Colisão frontal";"Com Vítimas Fatais";"Plena Noite";"Crescente";"Nublado";"Simples";"Reta;Em Obras";"Sim";2;1;0;0;1;0;0;2;-6,023187;-37,028113;"SPRF-RN";"DEL03-RN";"UOP01-DEL03-RN"
781606;2026-06-27;"sábado";"22:30:00";"RN";304;268,7;"SAO PEDRO";"Animais na Pista";"Atropelamento de Animal";"Com Vítimas Feridas";"Plena Noite";"Crescente";"Chuva";"Simples";"Reta";"Não";1;0;1;0;0;0;1;1;-5,86952;-35,58858;"SPRF-RN";"DEL01-RN";"UOP02-DEL01-RN"
781607;2026-06-27;"sábado";"19:20:00";"GO";153;168;"CAMPINORTE";"Reação tardia ou ineficiente do condutor";"Saída de leito carroçável";"Com Vítimas Fatais";"Plena Noite";"Crescente";"Céu Claro";"Simples";"Reta;Declive";"Não";1;1;0;0;0;0;0;1;-14,24342;-49,137522;"SPRF-GO";"DEL07-GO";"UOP02-DEL07-GO"
781608;2026-06-27;"sábado";"20:40:00";"RN";226;176,9;"CURRAIS NOVOS";"Ultrapassagem Indevida";"Colisão lateral mesmo sentido";"Com Vítimas Feridas";"Plena Noite";"Decrescente";"Céu Claro";"Simples";"Interseção de Vias";"Sim";3;0;2;0;1;0;2;2;-6,268447;-36,52239;"SPRF-RN";"DEL03-RN";"UOP02-DEL03-RN"
781609;2026-06-27;"sábado";"22:15:00";"SC";282;3,1;"FLORIANOPOLIS";"Ingestão de álcool pelo condutor";"Atropelamento de Pedestre";"Com Vítimas Feridas";"Plena Noite";"Crescente";"Chuva";"Múltipla";"Aclive";"Sim";3;0;0;1;1;1;1;2;-27,59960922;-48,5994908;"SPRF-SC";"DEL01-SC";"UOP01-DEL01-SC"
781610;2026-06-27;"sábado";"22:00:00";"MS";262;257;"RIBAS DO RIO PARDO";"Animais na Pista";"Atropelamento de Animal";"Com Vítimas Feridas";"Plena Noite";"Decrescente";"Nublado";"Simples";"Curva";"Não";2;0;0;2;0;0;2;1;-20,400386;-53,909283;"SPRF-MS";"DEL01-MS";"UOP05-DEL01-MS"
781613;2026-06-27;"sábado";"21:35:00";"MA";222;668;"ACAILANDIA";"Deficiência do Sistema de Iluminação/Sinalização";"Colisão traseira";"Com Vítimas Feridas";"Plena Noite";"Crescente";"Céu Claro";"Simples";"Declive";"Sim";4;0;3;1;0;0;4;2;-4,933784;-47,453102;"SPRF-MA";"DEL04-MA";"UOP03-DEL04-MA"
781614;2026-03-01;"domingo";"04:40:00";"ES";262;166;"IBATIBA";"Ingestão de álcool pelo condutor";"Colisão frontal";"Com Vítimas Feridas";"Amanhecer";"Crescente";"Céu Claro";"Simples";"Aclive;Reta";"Não";4;0;2;0;2;0;2;2;-20,2508765;-41,5667044;"SPRF-ES";"DEL01-ES";"UOP02-DEL01-ES"
781615;2026-06-27;"sábado";"19:10:00";"BA";324;349;"QUIXABEIRA";"Ingestão de álcool pelo condutor";"Colisão transversal";"Sem Vítimas";"Plena Noite";"Decrescente";"Nublado";"Simples";"Reta";"Não";3;0;0;0;3;0;0;2;-11,36443;-40,05056;"SPRF-BA";"DEL04-BA";"UOP02-DEL04-BA"
781617;2026-06-27;"sábado";"23:00:00";"PR";369;128,9;"JATAIZINHO";"Ausência de reação do condutor";"Colisão com objeto";"Com Vítimas Feridas";"Plena Noite";"Decrescente";"Céu Claro";"Dupla";"Reta";"Não";1;0;0;1;0;0;1;1;-23,263535;-50,975192;"SPRF-PR";"DEL07-PR";"UOP01-DEL07-PR"
781618;2026-06-27;"sábado";"21:55:00";"RJ";493;97;"SEROPEDICA";"Reação tardia ou ineficiente do condutor";"Saída de leito carroçável";"Com Vítimas Feridas";"Plena Noite";"Decrescente";"Céu Claro";"Simples";"Curva";"Não";1;0;1;0;0;0;1;1;-22,72034864;-43,70808399;"SPRF-RJ";"DEL01-RJ";"UOP03-DEL01-RJ"
781619;2026-06-27;"sábado";"22:10:00";"AL";101;226;"PORTO REAL DO COLEGIO";"Retorno proibido";"Colisão transversal";"Com Vítimas Feridas";"Plena Noite";"Crescente";"Nublado";"Dupla";"Reta";"Não";3;0;0;2;1;0;2;2;-10,097176;-36,703777;"SPRF-AL";"DEL02-AL";"UOP02-DEL02-AL"
781620;2026-06-27;"sábado";"19:00:00";"MT";163;1018;"TERRA NOVA DO NORTE";"Afundamento ou ondulação no pavimento";"Saída de leito carroçável";"Com Vítimas Feridas";"Plena Noite";"Crescente";"Céu Claro";"Simples";"Reta";"Não";4;0;4;0;0;0;4;1;-10,3293701;-55,0382453;"SPRF-MT";"DEL06-MT";"UOP03-DEL06-MT"
781621;2026-06-27;"sábado";"22:47:00";"CE";20;404;"CAUCAIA";"Desrespeitar a preferência no cruzamento";"Colisão transversal";"Com Vítimas Feridas";"Plena Noite";"Decrescente";"Garoa/Chuvisco";"Simples";"Reta;Em Obras";"Não";2;0;1;0;1;0;1;2;-3,77414956;-38,6783522;"SPRF-CE";"DEL01-CE";"UOP01-DEL01-CE"
781624;2026-06-27;"sábado";"22:15:00";"GO";153;597,5;"MORRINHOS";"Reação tardia ou ineficiente do condutor";"Saída de leito carroçável";"Sem Vítimas";"Plena Noite";"Crescente";"Céu Claro";"Dupla";"Reta";"Não";1;0;0;0;1;0;0;1;-17,51864;-49,216112;"SPRF-GO";"DEL03-GO";"UOP01-DEL03-GO"
781625;2026-06-27;"sábado";"20:50:00";"PB";361;70;"OLHO DAGUA";"Chuva";"Queda de ocupante de veículo";"Com Vítimas Feridas";"Plena Noite";"Crescente";"Céu Claro";"Simples";"Reta";"Não";1;0;1;0;0;0;1;1;-7,19569;-37,81283;"SPRF-PB";"DEL03-PB";"UOP01-DEL03-PB"
781626;2026-06-27;"sábado";"23:40:00";"BA";367;82;"EUNAPOLIS";"Ausência de reação do condutor";"Queda de ocupante de veículo";"Com Vítimas Feridas";"Plena Noite";"Decrescente";"Céu Claro";"Simples";"Aclive;Reta";"Sim";2;0;1;0;1;0;1;1;-16,3721048;-39,56668601;"SPRF-BA";"DEL09-BA";"UOP03-DEL09-BA"
781627;2026-06-27;"sábado";"23:00:00";"RS";290;178;"BUTIA";"Ingestão de álcool pelo condutor";"Colisão traseira";"Com Vítimas Feridas";"Plena Noite";"Decrescente";"Nublado";"Simples";"Reta";"Não";3;0;3;0;0;0;3;2;-30,13412727;-51,98978154;"SPRF-RS";"DEL02-RS";"UOP03-DEL02-RS"
781628;2026-06-27;"sábado";"23:40:00";"PR";277;686;"SAO MIGUEL DO IGUACU";"Reação tardia ou ineficiente do condutor";"Capotamento";"Com Vítimas Feridas";"Plena Noite";"Crescente";"Garoa/Chuvisco";"Dupla";"Curva;Declive";"Não";2;0;1;0;0;1;1;1;-25,33338751;-54,19357967;"SPRF-PR";"DEL05-PR";"UOP01-DEL05-PR"
781629;2026-06-27;"sábado";"22:49:00";"PI";343;266;"CAMPO MAIOR";"Ausência de reação do condutor";"Colisão transversal";"Com Vítimas Feridas";"Plena Noite";"Decrescente";"Nublado";"Simples";"Curva";"Sim";2;0;1;0;1;0;1;2;-4,83854218;-42,17122905;"SPRF-PI";"DEL01-PI";"UOP03-DEL01-PI"
781631;2026-06-27;"sábado";"22:20:00";"RJ";101;56;"CAMPOS DOS GOYTACAZES";"Manobra de mudança de faixa";"Colisão lateral mesmo sentido";"Com Vítimas Feridas";"Plena Noite";"Decrescente";"Céu Claro";"Simples";"Reta";"Não";4;0;3;0;1;0;3;2;-21,693985;-41,310262;"SPRF-RJ";"DEL08-RJ";"UOP01-DEL08-RJ"
781632;2026-06-28;"domingo";"00:45:00";"SC";101;212,7;"PALHOCA";"Reação tardia ou ineficiente do condutor";"Capotamento";"Com Vítimas Feridas";"Plena Noite";"Crescente";"Chuva";"Múltipla";"Reta";"Sim";3;0;1;0;2;0;1;2;-27,62886653;-48,65780354;"SPRF-SC";"DEL01-SC";"UOP02-DEL01-SC"
781633;2026-06-27;"sábado";"13:40:00";"SC";101;111;"NAVEGANTES";"Reação tardia ou ineficiente do condutor";"Colisão traseira";"Sem Vítimas";"Pleno dia";"Decrescente";"Céu Claro";"Dupla";"Reta";"Sim";2;0;0;0;1;1;0;2;-26,841292;-48,715562;"SPRF-SC";"DEL04-SC";"UOP04-DEL04-SC"
781634;2026-06-27;"sábado";"19:33:00";"SC";470;1;"NAVEGANTES";"Reação tardia ou ineficiente do condutor";"Colisão traseira";"Sem Vítimas";"Plena Noite";"Decrescente";"Céu Claro";"Dupla";"Reta";"Sim";2;0;0;0;2;0;0;2;-26,879492;-48,664536;"SPRF-SC";"DEL04-SC";"UOP04-DEL04-SC"
781635;2026-06-28;"domingo";"00:30:00";"MG";262;809;"UBERABA";"Reação tardia ou ineficiente do condutor";"Saída de leito carroçável";"Sem Vítimas";"Plena Noite";"Decrescente";"Céu Claro";"Dupla";"Reta";"Não";1;0;0;0;0;1;0;1;-19,75954296;-48,06063049;"SPRF-MG";"DEL13-MG";"UOP01-DEL13-MG"
781636;2026-06-28;"domingo";"00:05:00";"GO";60;172,9;"ABADIA DE GOIAS";"Ingestão de álcool pelo condutor";"Colisão traseira";"Com Vítimas Feridas";"Plena Noite";"Crescente";"Nublado";"Dupla";"Reta";"Não";2;0;1;0;1;0;1;2;-16,75081394;-49,42975621;"SPRF-GO";"DEL01-GO";"UOP02-DEL01-GO"
781637;2026-06-27;"sábado";"22:40:00";"BA";418;85;"NOVA VICOSA";"Reação tardia ou ineficiente do condutor";"Colisão com objeto";"Com Vítimas Fatais";"Plena Noite";"Decrescente";"Céu Claro";"Simples";"Reta";"Sim";1;1;0;0;0;0;0;1;-17,888672;-39,82601;"SPRF-BA";"DEL09-BA";"UOP02-DEL09-BA"
781638;2026-06-28;"domingo";"01:35:00";"PR";369;432,3;"UBIRATA";"Pedestre andava na pista";"Atropelamento de Pedestre";"Com Vítimas Fatais";"Plena Noite";"Decrescente";"Nublado";"Simples";"Reta";"Não";4;1;0;0;3;0;0;2;-24,55492493;-52,97309009;"SPRF-PR";"DEL04-PR";"UOP03-DEL04-PR"
781640;2026-06-28;"domingo";"00:15:00";"SC";470;92;"APIUNA";"Ausência de reação do condutor";"Colisão traseira";"Com Vítimas Feridas";"Plena Noite";"Decrescente";"Chuva";"Simples";"Reta";"Não";2;0;1;0;1;0;1;2;-26,99089074;-49,37491743;"SPRF-SC";"DEL04-SC";"UOP01-DEL04-SC"
781641;2026-06-28;"domingo";"00:53:00";"SC";101;127;"ITAJAI";"Reação tardia ou ineficiente do condutor";"Colisão com objeto";"Sem Vítimas";"Plena Noite";"Decrescente";"Garoa/Chuvisco";"Dupla";"Reta";"Não";2;0;0;0;2;0;0;2;-26,969427;-48,683482;"SPRF-SC";"DEL04-SC";"UOP04-DEL04-SC"
781642;2026-06-28;"domingo";"02:00:00";"GO";414;439;"ANAPOLIS";"Acessar a via sem observar a presença dos outros veículos";"Colisão transversal";"Com Vítimas Feridas";"Plena Noite";"Crescente";"Ignorado";"Simples";"Interseção de Vias;Reta;Aclive";"Sim";3;0;2;0;1;0;2;2;-16,27773;-48,94161;"SPRF-GO";"DEL02-GO";"UOP01-DEL02-GO"
781643;2026-06-28;"domingo";"02:10:00";"RJ";101;295;"ITABORAI";"Estacionar ou parar em local proibido";"Colisão traseira";"Com Vítimas Feridas";"Plena Noite";"Crescente";"Céu Claro";"Dupla";"Reta";"Sim";2;0;1;0;1;0;1;2;-22,7671586;-42,91291332;"SPRF-RJ";"DEL02-RJ";"UOP02-DEL02-RJ"
781644;2026-06-27;"sábado";"23:00:00";"PI";230;15;"FRONTEIRAS";"Ausência de reação do condutor";"Atropelamento de Pedestre";"Com Vítimas Fatais";"Plena Noite";"Crescente";"Céu Claro";"Simples";"Reta";"Não";2;1;0;0;1;0;0;2;-7,085818;-40,59871673;"SPRF-PI";"DEL04-PI";"UOP03-DEL04-PI"