"id";"data_inversa";"dia_semana";"horario";"uf";"br";"km";"municipio";"causa_acidente";"tipo_acidente";"classificacao_acidente";"fase_dia";"sentido_via";"condicao_metereologica";"tipo_pista";"tracado_via";"uso_solo";"pessoas";"mortos";"feridos_leves";"feridos_graves";"ilesos";"ignorados";"feridos";"veiculos";"latitude";"longitude";"regional";"delegacia";"uop"
781751;2026-06-28;"domingo";"16:20:00";"PR";376;179;"MARINGA";"Ausência de reação do condutor";"Queda de ocupante de veículo";"Com Vítimas Feridas";"Pleno dia";"Crescente";"Sol";"Dupla";"Reta";"Sim";1;0;0;1;0;0;1;1;-23,419775;-51,912112;"SPRF-PR";"DEL09-PR";"UOP01-DEL09-PR"
781753;2026-06-28;"domingo";"16:30:00";"RJ";101;455;"MANGARATIBA";"Conversão proibida";"Colisão transversal";"Com Vítimas Feridas";"Pleno dia";"Crescente";"Céu Claro";"Simples";"Reta";"Sim";5;0;2;0;3;0;2;2;-23,03040599;-44,16157651;"SPRF-RJ";"DEL03-RJ";"UOP02-DEL03-RJ"
781755;2026-06-28;"domingo";"16:10:00";"MG";381;525;"BRUMADINHO";"Avarias e/ou desgaste excessivo no pneu";"Capotamento";"Com Vítimas Feridas";"Pleno dia";"Crescente";"Céu Claro";"Dupla";"Curva";"Não";1;0;1;0;0;0;1;1;-20,15039618;-44,32631493;"SPRF-MG";"DEL04-MG";"UOP03-DEL04-MG"
781756;2026-06-28;"domingo";"14:18:00";"AC";317;137;"CAPIXABA";"Acumulo de areia ou detritos sobre o pavimento";"Capotamento";"Sem Vítimas";"Pleno dia";"Crescente";"Céu Claro";"Simples";"Reta;Em Obras";"Não";1;0;0;0;1;0;0;1;-10,519025;-67,666275;"SPRF-AC";"DEL01-AC";"UOP02-DEL01-AC"
781758;2026-06-28;"domingo";"16:01:00";"MT";70;4;"BARRA DO GARCAS";"Reação tardia ou ineficiente do condutor";"Queda de ocupante de veículo";"Com Vítimas Feridas";"Pleno dia";"Decrescente";"Céu Claro";"Dupla";"Rotatória";"Não";2;0;2;0;0;0;2;1;-15,87824348;-52,29918122;"SPRF-MT";"DEL07-MT";"UOP01-DEL07-MT"
781760;2026-06-28;"domingo";"17:50:00";"RN";304;302;"MACAIBA";"Acumulo de areia ou detritos sobre o pavimento";"Tombamento";"Sem Vítimas";"Plena Noite";"Decrescente";"Céu Claro";"Dupla";"Reta";"Não";1;0;0;0;1;0;0;1;-5,87934599;-35,29783845;"SPRF-RN";"DEL01-RN";"UOP02-DEL01-RN"
781761;2026-06-28;"domingo";"17:14:00";"PE";232;140,8;"SAO CAITANO";"Demais falhas mecânicas ou elétricas";"Incêndio";"Sem Vítimas";"Anoitecer";"Decrescente";"Céu Claro";"Dupla";"Reta";"Não";1;0;0;0;1;0;0;1;-8,32452233;-36,11000061;"SPRF-PE";"DEL03-PE";"UOP02-DEL03-PE"
781762;2026-06-28;"domingo";"18:00:00";"MG";40;448;"CAETANOPOLIS";"Reação tardia ou ineficiente do condutor";"Colisão traseira";"Com Vítimas Feridas";"Anoitecer";"Decrescente";"Céu Claro";"Simples";"Reta";"Não";3;0;2;0;1;0;2;2;-19,302432;-44,377448;"SPRF-MG";"DEL02-MG";"UOP01-DEL02-MG"
781763;2026-06-28;"domingo";"17:50:00";"BA";324;595;"CANDEIAS";"Ausência de reação do condutor";"Queda de ocupante de veículo";"Com Vítimas Feridas";"Pleno dia";"Crescente";"Céu Claro";"Dupla";"Declive";"Não";4;0;2;0;2;0;2;3;-12,7174233;-38,45203;"SPRF-BA";"DEL01-BA";"UOP01-DEL01-BA"
781766;2026-06-28;"domingo";"16:45:00";"PR";277;440,6;"VIRMOND";"Reação tardia ou ineficiente do condutor";"Capotamento";"Sem Vítimas";"Pleno dia";"Decrescente";"Chuva";"Simples";"Reta";"Não";1;0;0;0;1;0;0;1;-25,37592059;-52,25551955;"SPRF-PR";"DEL04-PR";"UOP02-DEL04-PR"
781767;2026-06-28;"domingo";"16:50:00";"SC";101;158,4;"PORTO BELO";"Manobra de mudança de faixa";"Colisão transversal";"Com Vítimas Feridas";"Anoitecer";"Crescente";"Céu Claro";"Dupla";"Retorno Regulamentado;Reta";"Sim";3;0;1;2;0;0;3;2;-27,19519;-48,61305;"SPRF-SC";"DEL04-SC";"UOP03-DEL04-SC"
781768;2026-06-28;"domingo";"18:10:00";"SP";116;206;"GUARULHOS";"Manobra de mudança de faixa";"Colisão lateral mesmo sentido";"Com Vítimas Feridas";"Plena Noite";"Crescente";"Céu Claro";"Dupla";"Reta";"Sim";7;0;2;0;5;0;2;3;-23,41637616;-46,3725063;"SPRF-SP";"DEL01-SP";"UOP01-DEL01-SP"
781769;2026-06-28;"domingo";"17:50:00";"RN";101;94;"NATAL";"Afundamento ou ondulação no pavimento";"Colisão lateral mesmo sentido";"Com Vítimas Feridas";"Plena Noite";"Decrescente";"Céu Claro";"Múltipla";"Reta";"Sim";2;0;1;0;1;0;1;2;-5,83008808;-35,2112751;"SPRF-RN";"DEL01-RN";"UOP01-DEL01-RN"
781770;2026-06-28;"domingo";"18:30:00";"GO";70;8,3;"AGUAS LINDAS DE GOIAS";"Pedestre cruzava a pista fora da faixa";"Atropelamento de Pedestre";"Com Vítimas Feridas";"Plena Noite";"Decrescente";"Céu Claro";"Dupla";"Reta";"Sim";2;0;1;0;1;0;1;2;-15,736228;-48,284665;"SPRF-DF";"DEL03-DF";"UOP02-DEL03-DF"
781772;2026-06-28;"domingo";"18:00:00";"PR";277;663,8;"MATELANDIA";"Chuva";"Saída de leito carroçável";"Sem Vítimas";"Plena Noite";"Decrescente";"Chuva";"Dupla";"Reta;Retorno Regulamentado";"Não";1;0;0;0;1;0;0;1;-25,25273711;-54,00023667;"SPRF-PR";"DEL05-PR";"UOP02-DEL05-PR"
781773;2026-06-28;"domingo";"18:40:00";"SC";280;50,4;"GUARAMIRIM";"Deficiência do Sistema de Iluminação/Sinalização";"Saída de leito carroçável";"Com Vítimas Feridas";"Plena Noite";"Crescente";"Nublado";"Simples";"Curva;Em Obras";"Sim";3;0;3;0;0;0;3;1;-26,46346891;-48,94924716;"SPRF-SC";"DEL03-SC";"UOP03-DEL03-SC"
781774;2026-06-28;"domingo";"18:30:00";"RJ";101;276;"TANGUA";"Condutor deixou de manter distância do veículo da frente";"Colisão traseira";"Com Vítimas Feridas";"Plena Noite";"Crescente";"Céu Claro";"Dupla";"Reta";"Sim";3;0;0;1;2;0;1;2;-22,739258;-42,7432467;"SPRF-RJ";"DEL02-RJ";"UOP03-DEL02-RJ"
781776;2026-06-28;"domingo";"18:40:00";"GO";60;34,2;"GOIANIA";"Manobra de mudança de faixa";"Colisão lateral mesmo sentido";"Com Vítimas Feridas";"Plena Noite";"Decrescente";"Céu Claro";"Dupla";"Reta";"Sim";4;0;2;0;1;1;2;3;-16,714108;-49,356644;"SPRF-DF";"DEL03-DF";"UOP01-DEL03-DF"
781778;2026-06-28;"domingo";"17:40:00";"PR";116;208,5;"RIO NEGRO";"Demais falhas mecânicas ou elétricas";"Incêndio";"Sem Vítimas";"Anoitecer";"Decrescente";"Nublado";"Simples";"Reta";"Sim";2;0;0;0;2;0;0;1;-26,081544;-49,772708;"SPRF-SC";"DEL06-SC";"UOP01-DEL06-SC"
781779;2026-06-24;"quarta-feira";"19:40:00";"MT";163;701;"SORRISO";"Reação tardia ou ineficiente do condutor";"Colisão lateral sentido oposto";"Com Vítimas Feridas";"Plena Noite";"Decrescente";"Céu Claro";"Simples";"Reta";"Não";2;0;0;1;1;0;1;2;-12,98037407;-55,87904645;"SPRF-MT";"DEL06-MT";"UOP01-DEL06-MT"
781780;2026-06-28;"domingo";"18:16:00";"PE";232;29,3;"MORENO";"Pedestre cruzava a pista fora da faixa";"Atropelamento de Pedestre";"Com Vítimas Feridas";"Plena Noite";"Decrescente";"Chuva";"Dupla";"Reta";"Não";5;0;0;1;4;0;1;2;-8,1111;-35,141;"SPRF-PE";"DEL02-PE";"UOP02-DEL02PE"
781781;2026-06-28;"domingo";"16:30:00";"SC";163;82,8;"GUARACIABA";"Acessar a via sem observar a presença dos outros veículos";"Colisão transversal";"Com Vítimas Feridas";"Pleno dia";"Decrescente";"Chuva";"Simples";"Reta";"Não";3;0;2;0;1;0;2;3;-26,616806;-53,519372;"SPRF-SC";"DEL07-SC";"UOP03-DEL07-SC"
781782;2026-06-28;"domingo";"19:10:00";"PB";230;12;"CABEDELO";"Demais falhas na via";"Colisão lateral mesmo sentido";"Com Vítimas Feridas";"Plena Noite";"Decrescente";"Céu Claro";"Dupla";"Curva;Em Obras";"Sim";5;0;1;0;4;0;1;2;-7,07875189;-34,8487582;"SPRF-PB";"DEL01-PB";"UOP01-DEL01-PB"
781783;2026-06-28;"domingo";"18:20:00";"GO";60;110;"GOIANAPOLIS";"Reação tardia ou ineficiente do condutor";"Tombamento";"Com Vítimas Feridas";"Plena Noite";"Decrescente";"Céu Claro";"Dupla";"Reta";"Não";1;0;1;0;0;0;1;1;-16,45023;-49,034033;"SPRF-GO";"DEL01-GO";"UOP01-DEL01-GO"
781784;2026-06-28;"domingo";"18:00:00";"SC";101;351,5;"JAGUARUNA";"Ausência de reação do condutor";"Saída de leito carroçável";"Sem Vítimas";"Anoitecer";"Decrescente";"Chuva";"Múltipla";"Reta";"Não";3;0;0;0;3;0;0;1;-28,602137;-49,05335;"SPRF-SC";"DEL02-SC";"UOP01-DEL02-SC"
781785;2026-06-28;"domingo";"18:30:00";"PR";376;161,5;"MARINGA";"Entrada inopinada do pedestre";"Atropelamento de Pedestre";"Com Vítimas Fatais";"Anoitecer";"Crescente";"Nublado";"Dupla";"Reta;Interseção de Vias";"Sim";4;1;0;0;2;1;0;3;-23,3697099;-52,0639374;"SPRF-PR";"DEL09-PR";"UOP02-DEL09-PR"
781786;2026-06-28;"domingo";"19:45:00";"SC";101;218;"PALHOCA";"Entrada inopinada do pedestre";"Atropelamento de Pedestre";"Com Vítimas Feridas";"Plena Noite";"Decrescente";"Chuva";"Múltipla";"Reta";"Sim";2;0;1;1;0;0;2;2;-27,67677289;-48,6700666;"SPRF-SC";"DEL01-SC";"UOP02-DEL01-SC"
781787;2026-06-28;"domingo";"18:00:00";"RJ";465;1;"SEROPEDICA";"Condutor deixou de manter distância do veículo da frente";"Colisão traseira";"Com Vítimas Feridas";"Plena Noite";"Crescente";"Céu Claro";"Simples";"Reta";"Sim";6;0;4;0;1;1;4;3;-22,72172373;-43,72399807;"SPRF-RJ";"DEL06-RJ";"UOP02-DEL06-RJ"
781788;2026-06-28;"domingo";"17:50:00";"SE";349;27;"JAPOATA";"Ausência de reação do condutor";"Saída de leito carroçável";"Com Vítimas Feridas";"Plena Noite";"Decrescente";"Chuva";"Simples";"Curva";"Não";1;0;1;0;0;0;1;1;-10,366007;-36,80564;"SPRF-SE";"DEL02-SE";"UOP02-DEL02-SE"
781789;2026-06-28;"domingo";"18:50:00";"SP";116;101,5;"PINDAMONHANGABA";"Animais na Pista";"Atropelamento de Animal";"Com Vítimas Fatais";"Plena Noite";"Crescente";"Céu Claro";"Dupla";"Reta;Declive";"Não";1;1;0;0;0;0;0;1;-22,992416;-45,48484;"SPRF-SP";"DEL08-SP";"UOP01-DEL08-SP"
781790;2026-06-28;"domingo";"19:45:00";"SC";101;194;"BIGUACU";"Manobra de mudança de faixa";"Colisão lateral mesmo sentido";"Com Vítimas Feridas";"Plena Noite";"Crescente";"Chuva";"Múltipla";"Reta";"Sim";3;0;1;0;2;0;1;2;-27,49994902;-48,65560262;"SPRF-SC";"DEL01-SC";"UOP01-DEL01-SC"
781791;2026-06-28;"domingo";"18:00:00";"PR";369;144;"LONDRINA";"Ausência de reação do condutor";"Saída de leito carroçável";"Com Vítimas Feridas";"Anoitecer";"Decrescente";"Céu Claro";"Dupla";"Reta";"Sim";1;0;1;0;0;0;1;1;-23,293773;-51,114648;"SPRF-PR";"DEL07-PR";"UOP01-DEL07-PR"
781792;2026-05-31;"domingo";"13:20:00";"PR";476;74;"RIO BRANCO DO SUL";"Velocidade Incompatível";"Queda de ocupante de veículo";"Com Vítimas Feridas";"Pleno dia";"Crescente";"Céu Claro";"Simples";"Curva";"Não";3;0;0;1;2;0;1;2;-25,09275249;-49,09622057;"SPRF-PR";"DEL01-PR";"UOP01-DEL01-PR"
781795;2026-06-28;"domingo";"20:00:00";"SP";116;282,6;"EMBU DAS ARTES";"Ausência de reação do condutor";"Colisão traseira";"Com Vítimas Feridas";"Plena Noite";"Decrescente";"Céu Claro";"Dupla";"Reta";"Sim";2;0;1;0;1;0;1;2;-23,66674812;-46,85492737;"SPRF-SP";"DEL04-SP";"UOP01-DEL04-SP"
781796;2026-06-28;"domingo";"17:45:00";"MS";163;257;"DOURADOS";"Ausência de reação do condutor";"Saída de leito carroçável";"Sem Vítimas";"Plena Noite";"Decrescente";"Céu Claro";"Dupla";"Declive;Reta";"Sim";1;0;0;0;1;0;0;1;-22,25889912;-54,79511468;"SPRF-MS";"DEL04-MS";"UOP01-DEL04-MS"
781797;2026-06-28;"domingo";"20:00:00";"CE";230;38,2;"LAVRAS DA MANGABEIRA";"Deficiência do Sistema de Iluminação/Sinalização";"Colisão traseira";"Com Vítimas Feridas";"Plena Noite";"Crescente";"Céu Claro";"Simples";"Aclive;Reta";"Sim";4;0;1;1;2;0;2;2;-6,75624;-38,955;"SPRF-CE";"DEL05-CE";"UOP01-DEL05-CE"
781798;2026-06-28;"domingo";"18:29:00";"PR";277;512,3;"GUARANIACU";"Ausência de reação do condutor";"Colisão frontal";"Com Vítimas Fatais";"Plena Noite";"Crescente";"Chuva";"Simples";"Reta";"Não";6;3;0;3;0;0;3;2;-25,1219233;-52,7719665;"SPRF-PR";"DEL04-PR";"UOP04-DEL04-PR"
781799;2026-06-28;"domingo";"20:01:00";"SP";116;215;"GUARULHOS";"Acesso irregular";"Colisão lateral mesmo sentido";"Com Vítimas Feridas";"Plena Noite";"Crescente";"Nublado";"Múltipla";"Declive;Reta";"Sim";3;0;2;0;0;1;2;2;-23,45718931;-46,47641863;"SPRF-SP";"DEL01-SP";"UOP01-DEL01-SP"
781800;2026-06-28;"domingo";"20:15:00";"DF";60;23,9;"BRASILIA";"Ingestão de álcool pelo condutor";"Saída de leito carroçável";"Sem Vítimas";"Plena Noite";"Decrescente";"Céu Claro";"Dupla";"Reta";"Não";1;0;0;0;1;0;0;1;-15,992372;-48,23242;"SPRF-DF";"DEL03-DF";"UOP01-DEL03-DF"
781802;2026-06-28;"domingo";"18:30:00";"RO";364;491;"ARIQUEMES";"Reação tardia ou ineficiente do condutor";"Tombamento";"Com Vítimas Feridas";"Plena Noite";"Decrescente";"Céu Claro";"Simples";"Reta";"Não";1;0;0;1;0;0;1;1;-10,097364;-62,959513;"SPRF-RO";"DEL03-RO";"UOP01-DEL03-RO"
781803;2026-06-28;"domingo";"19:55:00";"RS";290;110;"ELDORADO DO SUL";"Acessar a via sem observar a presença dos outros veículos";"Atropelamento de Pedestre";"Com Vítimas Feridas";"Plena Noite";"Decrescente";"Garoa/Chuvisco";"Dupla";"Reta";"Não";3;0;0;1;2;0;1;2;-30,02783646;-51,32309167;"SPRF-RS";"DEL02-RS";"UOP01-DEL02-RS"
781804;2026-06-28;"domingo";"18:40:00";"BA";330;844;"IPIAU";"Acessar a via sem observar a presença dos outros veículos";"Colisão lateral mesmo sentido";"Com Vítimas Feridas";"Plena Noite";"Decrescente";"Céu Claro";"Simples";"Reta";"Não";2;0;0;1;0;1;1;2;-14,147391;-39,704085;"SPRF-BA";"DEL03-BA";"UOP01-DEL03-BA"
781805;2026-06-28;"domingo";"18:30:00";"MG";262;786;"UBERABA";"Reação tardia ou ineficiente do condutor";"Colisão traseira";"Com Vítimas Feridas";"Plena Noite";"Crescente";"Céu Claro";"Dupla";"Aclive;Reta";"Não";2;0;1;0;1;0;1;2;-19,77038327;-47,90516345;"SPRF-MG";"DEL13-MG";"UOP01-DEL13-MG"
781806;2026-06-28;"domingo";"19:50:00";"SP";116;98;"PINDAMONHANGABA";"Trafegar com motocicleta (ou similar) entre as faixas";"Colisão lateral mesmo sentido";"Com Vítimas Feridas";"Pleno dia";"Crescente";"Céu Claro";"Dupla";"Reta";"Não";2;0;1;0;1;0;1;2;-22,97977162;-45,45967587;"SPRF-SP";"DEL08-SP";"UOP01-DEL08-SP"
781807;2026-06-28;"domingo";"19:00:00";"MG";381;5;"BETIM";"Ingestão de álcool pelo condutor";"Colisão com objeto";"Com Vítimas Fatais";"Plena Noite";"Crescente";"Céu Claro";"Dupla";"Reta;Aclive";"Não";2;1;0;0;1;0;0;1;-19,98931279;-44,18874333;"SPRF-MG";"DEL01-MG";"UOP03-DEL01-MG"
781808;2026-06-28;"domingo";"18:30:00";"MG";381;3;"BETIM";"Demais falhas mecânicas ou elétricas";"Incêndio";"Sem Vítimas";"Plena Noite";"Decrescente";"Céu Claro";"Dupla";"Reta";"Não";1;0;0;0;1;0;0;1;-19,98980422;-44,19456482;"SPRF-MG";"DEL01-MG";"UOP03-DEL01-MG"
781809;2026-06-28;"domingo";"20:30:00";"MG";381;490;"BETIM";"Reação tardia ou ineficiente do condutor";"Tombamento";"Com Vítimas Feridas";"Plena Noite";"Decrescente";"Céu Claro";"Múltipla";"Reta;Interseção de Vias";"Sim";1;0;1;0;0;0;1;1;-19,95686847;-44,13788287;"SPRF-MG";"DEL01-MG";"UOP03-DEL01-MG"
781811;2026-06-28;"domingo";"20:20:00";"RJ";101;262;"RIO BONITO";"Ausência de reação do condutor";"Colisão traseira";"Com Vítimas Feridas";"Plena Noite";"Decrescente";"Céu Claro";"Dupla";"Aclive";"Sim";10;0;9;0;1;0;9;3;-22,718969;-42,625437;"SPRF-RJ";"DEL02-RJ";"UOP03-DEL02-RJ"
781812;2026-06-28;"domingo";"18:40:00";"MS";158;142;"APARECIDA DO TABOADO";"Ingestão de álcool pelo condutor";"Tombamento";"Com Vítimas Feridas";"Plena Noite";"Crescente";"Céu Claro";"Simples";"Curva";"Não";2;0;2;0;0;0;2;1;-20,04758;-51,112472;"SPRF-MS";"DEL08-MS";"UOP01-DEL08-MS"
781813;2026-06-28;"domingo";"20:45:00";"PE";428;19;"CABROBO";"Animais na Pista";"Atropelamento de Animal";"Com Vítimas Feridas";"Plena Noite";"Decrescente";"Céu Claro";"Simples";"Reta";"Não";1;0;0;1;0;0;1;1;-8,494257;-39,39165;"SPRF-PE";"DEL05-PE";"UOP03-DEL05-PE"
781814;2026-06-28;"domingo";"19:49:00";"BA";330;851;"BARRA DO ROCHA";"Ausência de reação do condutor";"Saída de leito carroçável";"Com Vítimas Feridas";"Plena Noite";"Crescente";"Céu Claro";"Simples";"Reta";"Não";1;0;0;1;0;0;1;1;-14,193897;-39,648415;"SPRF-BA";"DEL03-BA";"UOP01-DEL03-BA"
781815;2026-06-28;"domingo";"19:35:00";"BA";110;349;"OLINDINA";"Animais na Pista";"Atropelamento de Animal";"Com Vítimas Feridas";"Plena Noite";"Decrescente";"Chuva";"Simples";"Reta";"Não";3;0;0;1;0;2;1;2;-11,4113743;-38,2948719;"SPRF-BA";"DEL01-BA";"UOP04-DEL01-BA"
781816;2026-06-28;"domingo";"19:20:00";"RO";364;238,5;"CACOAL";"Acessar a via sem observar a presença dos outros veículos";"Colisão transversal";"Com Vítimas Feridas";"Plena Noite";"Crescente";"Ignorado";"Simples";"Reta;Interseção de Vias";"Sim";3;0;2;1;0;0;3;2;-11,436114;-61,459293;"SPRF-RO";"DEL02-RO";"UOP02-DEL02-RO"
781817;2026-06-28;"domingo";"14:10:00";"PI";135;185;"MANOEL EMIDIO";"Ausência de reação do condutor";"Tombamento";"Com Vítimas Fatais";"Pleno dia";"Crescente";"Céu Claro";"Simples";"Reta";"Não";1;1;0;0;0;0;0;1;-8,065752;-43,811577;"SPRF-PI";"DEL03-PI";"UOP01-DEL03-PI"
781819;2026-06-28;"domingo";"18:00:00";"PR";373;252,9;"GUAMIRANGA";"Acessar a via sem observar a presença dos outros veículos";"Colisão lateral mesmo sentido";"Com Vítimas Feridas";"Anoitecer";"Decrescente";"Céu Claro";"Simples";"Reta";"Não";4;0;1;1;2;0;2;2;-25,18809;-50,88116;"SPRF-PR";"DEL03-PR";"UOP01-DEL03-PR"
781820;2026-06-28;"domingo";"20:00:00";"MS";163;550,5;"BANDEIRANTES";"Pedestre andava na pista";"Atropelamento de Pedestre";"Com Vítimas Feridas";"Plena Noite";"Crescente";"Céu Claro";"Simples";"Reta";"Não";2;0;0;1;1;0;1;2;-19,89699623;-54,37334888;"SPRF-MS";"DEL01-MS";"UOP02-DEL01-MS"
781821;2026-06-28;"domingo";"20:45:00";"PR";476;121;"COLOMBO";"Pedestre - Ingestão de álcool/ substâncias psicoativas";"Atropelamento de Pedestre";"Com Vítimas Feridas";"Plena Noite";"Crescente";"Céu Claro";"Dupla";"Reta";"Não";2;0;1;0;1;0;1;2;-25,37389423;-49,19304602;"SPRF-PR";"DEL01-PR";"UOP01-DEL01-PR"
781823;2026-06-28;"domingo";"23:15:00";"SC";282;5,2;"SAO JOSE";"Velocidade Incompatível";"Queda de ocupante de veículo";"Com Vítimas Feridas";"Plena Noite";"Crescente";"Chuva";"Dupla";"Curva";"Não";2;0;1;0;0;1;1;2;-27,587118;-48,615305;"SPRF-SC";"DEL01-SC";"UOP01-DEL01-SC"
781824;2026-06-28;"domingo";"20:07:00";"RO";425;80;"NOVA MAMORE";"Condutor deixou de manter distância do veículo da frente";"Colisão traseira";"Com Vítimas Feridas";"Plena Noite";"Crescente";"Céu Claro";"Simples";"Reta";"Não";3;0;1;1;0;1;2;3;-10,39738076;-65,32538161;"SPRF-RO";"DEL01-RO";"UOP03-DEL01-RO"
781825;2026-06-28;"domingo";"19:20:00";"RS";153;406;"CACHOEIRA DO SUL";"Mal súbito do condutor";"Saída de leito carroçável";"Com Vítimas Fatais";"Plena Noite";"Decrescente";"Garoa/Chuvisco";"Dupla";"Rotatória";"Sim";1;1;0;0;0;0;0;1;-30,0143;-52,92186;"SPRF-RS";"DEL02-RS";"UOP03-DEL02-RS"
781826;2026-06-28;"domingo";"21:40:00";"PR";376;12,5;"MARINGA";"Ingestão de álcool pelo condutor";"Saída de leito carroçável";"Sem Vítimas";"Plena Noite";"Crescente";"Nublado";"Dupla";"Aclive;Reta";"Sim";1;0;0;0;1;0;0;1;-23,393826;-51,888945;"SPRF-PR";"DEL09-PR";"UOP01-DEL09-PR"
781827;2026-06-28;"domingo";"22:08:00";"PE";232;506,3;"SALGUEIRO";"Manobra de mudança de faixa";"Colisão frontal";"Com Vítimas Feridas";"Plena Noite";"Decrescente";"Nublado";"Simples";"Reta";"Não";2;0;1;0;1;0;1;2;-8,061238;-39,115965;"SPRF-PE";"DEL05-PE";"UOP01-DEL05-PE"
781828;2026-06-28;"domingo";"20:50:00";"SC";101;123;"ITAJAI";"Ausência de reação do condutor";"Saída de leito carroçável";"Com Vítimas Feridas";"Plena Noite";"Decrescente";"Nublado";"Dupla";"Interseção de Vias";"Não";1;0;1;0;0;0;1;1;-26,93152948;-48,70356269;"SPRF-SC";"DEL04-SC";"UOP04-DEL04-SC"
781829;2026-06-28;"domingo";"21:50:00";"AL";316;144;"PALMEIRA DOS INDIOS";"Ingestão de álcool pelo condutor";"Colisão transversal";"Com Vítimas Feridas";"Plena Noite";"Crescente";"Céu Claro";"Simples";"Reta";"Sim";3;0;1;0;2;0;1;2;-9,39778656;-36,71595192;"SPRF-AL";"DEL03-AL";"UOP01-DEL03-AL"
781830;2026-06-28;"domingo";"22:00:00";"ES";262;17,5;"VIANA";"Ingestão de álcool pelo condutor";"Colisão traseira";"Sem Vítimas";"Plena Noite";"Decrescente";"Céu Claro";"Simples";"Retorno Regulamentado;Reta";"Sim";2;0;0;0;2;0;0;2;-20,38835419;-40,47689287;"SPRF-ES";"DEL01-ES";"UOP01-DEL01-ES"
781831;2026-06-28;"domingo";"22:00:00";"RJ";116;148;"DUQUE DE CAXIAS";"Ausência de reação do condutor";"Saída de leito carroçável";"Sem Vítimas";"Plena Noite";"Decrescente";"Céu Claro";"Dupla";"Reta";"Sim";1;0;0;0;1;0;0;1;-22,6713871;-43,2794533;"SPRF-RJ";"DEL01-RJ";"UOP02-DEL01-RJ"
781832;2026-06-28;"domingo";"21:21:00";"PE";104;83,9;"AGRESTINA";"Acessar a via sem observar a presença dos outros veículos";"Colisão traseira";"Sem Vítimas";"Plena Noite";"Crescente";"Nublado";"Simples";"Reta";"Sim";2;0;0;0;1;1;0;2;-8,43156;-35,95872;"SPRF-PE";"DEL02-PE";"UOP01-DEL02-PE"
781833;2026-06-28;"domingo";"22:00:00";"MG";40;524,5;"CONTAGEM";"Ausência de reação do condutor";"Saída de leito carroçável";"Sem Vítimas";"Plena Noite";"Crescente";"Céu Claro";"Dupla";"Reta";"Sim";1;0;0;0;0;1;0;1;-19,8838317;-44,05031;"SPRF-MG";"DEL01-MG";"UOP02-DEL01-MG"
781834;2026-06-28;"domingo";"19:00:00";"MT";70;513;"CUIABA";"Acesso irregular";"Saída de leito carroçável";"Sem Vítimas";"Plena Noite";"Decrescente";"Céu Claro";"Dupla";"Reta";"Não";1;0;0;0;0;1;0;1;-15,69444228;-56,10305786;"SPRF-MT";"DEL01-MT";"UOP02-DEL01-MT"
781835;2026-06-28;"domingo";"22:00:00";"GO";60;41,5;"ALEXANIA";"Curva acentuada";"Saída de leito carroçável";"Com Vítimas Feridas";"Plena Noite";"Crescente";"Céu Claro";"Dupla";"Curva;Declive";"Não";1;0;1;0;0;0;1;1;-16,109983;-48,583835;"SPRF-DF";"DEL03-DF";"UOP01-DEL03-DF"
781840;2026-06-28;"domingo";"22:24:00";"RN";226;174,8;"CURRAIS NOVOS";"Ingestão de álcool pelo condutor";"Saída de leito carroçável";"Sem Vítimas";"Plena Noite";"Decrescente";"Céu Claro";"Simples";"Reta";"Sim";1;0;0;0;0;1;0;1;-6,25800799;-36,50731548;"SPRF-RN";"DEL03-RN";"UOP02-DEL03-RN"
781841;2026-06-28;"domingo";"21:40:00";"MG";40;42;"PARACATU";"Ausência de reação do condutor";"Colisão frontal";"Com Vítimas Feridas";"Plena Noite";"Decrescente";"Céu Claro";"Simples";"Reta";"Sim";2;0;0;1;1;0;1;2;-17,219753;-46,866207;"SPRF-MG";"DEL14-MG";"UOP01-DEL14-MG"
781842;2026-06-28;"domingo";"22:30:00";"SP";116;147;"SAO JOSE DOS CAMPOS";"Reação tardia ou ineficiente do condutor";"Tombamento";"Com Vítimas Feridas";"Plena Noite";"Decrescente";"Céu Claro";"Múltipla";"Curva;Em Obras";"Sim";1;0;1;0;0;0;1;1;-23,19457492;-45,86959362;"SPRF-SP";"DEL02-SP";"UOP01-DEL02-SP"
781844;2026-06-28;"domingo";"22:40:00";"PE";101;164,7;"AGUA PRETA";"Condutor usando celular";"Colisão traseira";"Com Vítimas Feridas";"Plena Noite";"Decrescente";"Céu Claro";"Dupla";"Reta";"Não";3;0;1;1;1;0;2;2;-8,5527;-35,46055;"SPRF-PE";"DEL01-PE";"UOP03-DEL01-PE"
781845;2026-06-28;"domingo";"18:00:00";"PB";230;332,1;"PATOS";"Afundamento ou ondulação no pavimento";"Colisão com objeto";"Sem Vítimas";"Plena Noite";"Crescente";"Céu Claro";"Simples";"Rotatória";"Sim";1;0;0;0;1;0;0;1;-7,017867;-37,259823;"SPRF-PB";"DEL03-PB";"UOP01-DEL03-PB"
781846;2026-06-28;"domingo";"21:00:00";"SC";116;73,7;"MONTE CASTELO";"Acessar a via sem observar a presença dos outros veículos";"Colisão transversal";"Com Vítimas Feridas";"Plena Noite";"Decrescente";"Chuva";"Simples";"Reta";"Não";5;0;2;0;3;0;2;2;-26,5025555;-50,2333928;"SPRF-SC";"DEL06-SC";"UOP02-DEL06-SC"