"id";"data_inversa";"dia_semana";"horario";"uf";"br";"km";"municipio";"causa_acidente";"tipo_acidente";"classificacao_acidente";"fase_dia";"sentido_via";"condicao_metereologica";"tipo_pista";"tracado_via";"uso_solo";"pessoas";"mortos";"feridos_leves";"feridos_graves";"ilesos";"ignorados";"feridos";"veiculos";"latitude";"longitude";"regional";"delegacia";"uop"
781848;2026-06-28;"domingo";"23:38:00";"RJ";116;102;"GUAPIMIRIM";"Velocidade Incompatível";"Tombamento";"Com Vítimas Feridas";"Plena Noite";"Crescente";"Céu Claro";"Simples";"Curva";"Não";1;0;1;0;0;0;1;1;-22,46600588;-42,99465179;"SPRF-RJ";"DEL04-RJ";"UOP01-DEL04-RJ"
781849;2026-06-28;"domingo";"22:45:00";"SC";282;224,2;"LAGES";"Ingestão de álcool pelo condutor";"Colisão com objeto";"Sem Vítimas";"Plena Noite";"Crescente";"Chuva";"Simples";"Curva";"Não";2;0;0;0;2;0;0;1;-27,79302;-50,37224;"SPRF-SC";"DEL05-SC";"UOP02-DEL05-SC"
781850;2026-06-28;"domingo";"23:30:00";"SP";153;174;"GUAICARA";"Acessar a via sem observar a presença dos outros veículos";"Colisão transversal";"Sem Vítimas";"Plena Noite";"Crescente";"Céu Claro";"Simples";"Rotatória";"Sim";2;0;0;0;2;0;0;2;-21,63326986;-49,78810636;"SPRF-SP";"DEL07-SP";"UOP01-DEL07-SP"
781852;2026-06-28;"domingo";"22:25:00";"RO";364;424;"JARU";"Ausência de reação do condutor";"Saída de leito carroçável";"Com Vítimas Feridas";"Plena Noite";"Crescente";"Céu Claro";"Simples";"Reta";"Sim";1;0;1;0;0;0;1;1;-10,44476;-62,46566;"SPRF-RO";"DEL03-RO";"UOP02-DEL03-RO"
781853;2026-06-29;"segunda-feira";"00:30:00";"GO";60;97;"ANAPOLIS";"Velocidade Incompatível";"Saída de leito carroçável";"Sem Vítimas";"Plena Noite";"Crescente";"Céu Claro";"Dupla";"Reta";"Sim";1;0;0;0;0;1;0;1;-16,3741683;-48,9453433;"SPRF-GO";"DEL02-GO";"UOP01-DEL02-GO"
781854;2026-06-29;"segunda-feira";"00:25:00";"PR";277;634,3;"CEU AZUL";"Chuva";"Saída de leito carroçável";"Com Vítimas Feridas";"Plena Noite";"Crescente";"Céu Claro";"Simples";"Reta";"Não";1;0;1;0;0;0;1;1;-25,12351254;-53,8127288;"SPRF-PR";"DEL05-PR";"UOP02-DEL05-PR"
781855;2026-06-29;"segunda-feira";"01:02:00";"SC";470;10,3;"ITAJAI";"Velocidade Incompatível";"Saída de leito carroçável";"Com Vítimas Feridas";"Plena Noite";"Crescente";"Chuva";"Dupla";"Reta";"Não";2;0;2;0;0;0;2;1;-26,88736;-48,7522495;"SPRF-SC";"DEL04-SC";"UOP04-DEL04-SC"
781856;2026-06-29;"segunda-feira";"01:17:00";"PE";232;211,2;"PESQUEIRA";"Acessar a via sem observar a presença dos outros veículos";"Colisão transversal";"Com Vítimas Feridas";"Plena Noite";"Crescente";"Vento";"Simples";"Reta";"Sim";3;0;0;2;0;1;2;2;-8,369892;-36,70745;"SPRF-PE";"DEL03-PE";"UOP02-DEL03-PE"
781859;2026-06-29;"segunda-feira";"02:15:00";"DF";20;17,2;"BRASILIA";"Ausência de reação do condutor";"Colisão traseira";"Com Vítimas Feridas";"Plena Noite";"Crescente";"Céu Claro";"Dupla";"Reta";"Não";3;0;1;0;2;0;1;2;-15,61951;-47,71391;"SPRF-DF";"DEL02-DF";"UOP01-DEL02-DF"
781860;2026-06-29;"segunda-feira";"02:00:00";"MG";262;109;"SANTO ANTONIO DO GRAMA";"Condutor Dormindo";"Saída de leito carroçável";"Com Vítimas Feridas";"Plena Noite";"Crescente";"Céu Claro";"Simples";"Curva;Declive";"Não";1;0;1;0;0;0;1;1;-20,27780513;-42,56378375;"SPRF-MG";"DEL03-MG";"UOP03-DEL03-MG"
781861;2026-06-29;"segunda-feira";"04:10:00";"MG";381;503,5;"BETIM";"Avarias e/ou desgaste excessivo no pneu";"Tombamento";"Com Vítimas Feridas";"Plena Noite";"Decrescente";"Céu Claro";"Dupla";"Reta";"Não";1;0;1;0;0;0;1;1;-20,02649254;-44,23224986;"SPRF-MG";"DEL01-MG";"UOP03-DEL01-MG"
781862;2026-06-29;"segunda-feira";"04:10:00";"PB";101;86;"BAYEUX";"Pedestre andava na pista";"Atropelamento de Pedestre";"Com Vítimas Feridas";"Amanhecer";"Crescente";"Céu Claro";"Dupla";"Reta";"Sim";2;0;1;0;0;1;1;2;-7,14666415;-34,91524172;"SPRF-PB";"DEL01-PB";"UOP01-DEL01-PB"
781864;2026-06-29;"segunda-feira";"04:20:00";"BA";116;375;"LAMARAO";"Demais falhas mecânicas ou elétricas";"Tombamento";"Com Vítimas Feridas";"Plena Noite";"Crescente";"Nublado";"Simples";"Reta";"Não";3;0;0;1;2;0;1;3;-11,810605;-38,979678;"SPRF-BA";"DEL02-BA";"UOP01-DEL02-BA"
781865;2026-06-29;"segunda-feira";"05:20:00";"MG";50;27;"ARAGUARI";"Avarias e/ou desgaste excessivo no pneu";"Saída de leito carroçável";"Com Vítimas Feridas";"Amanhecer";"Crescente";"Céu Claro";"Dupla";"Reta";"Não";1;0;1;0;0;0;1;1;-18,61924293;-48,08784485;"SPRF-MG";"DEL15-MG";"UOP02-DEL15-MG"
781867;2026-06-29;"segunda-feira";"06:00:00";"MG";146;488,5;"POCOS DE CALDAS";"Transitar na contramão";"Colisão frontal";"Com Vítimas Feridas";"Amanhecer";"Crescente";"Céu Claro";"Simples";"Curva";"Sim";3;0;3;0;0;0;3;2;-21,80598652;-46,49367607;"SPRF-MG";"DEL09-MG";"UOP01-DEL09-MG"
781868;2026-06-29;"segunda-feira";"05:50:00";"SC";280;38,7;"ARAQUARI";"Ausência de sinalização";"Queda de ocupante de veículo";"Com Vítimas Feridas";"Amanhecer";"Crescente";"Garoa/Chuvisco";"Simples";"Em Obras";"Não";1;0;1;0;0;0;1;1;-26,448662;-48,835053;"SPRF-SC";"DEL03-SC";"UOP03-DEL03-SC"
781870;2026-06-29;"segunda-feira";"06:22:00";"PI";343;334,1;"TERESINA";"Condutor deixou de manter distância do veículo da frente";"Colisão traseira";"Com Vítimas Feridas";"Amanhecer";"Decrescente";"Sol";"Múltipla";"Reta";"Não";2;0;0;2;0;0;2;2;-5,058403;-42,690148;"SPRF-PI";"DEL01-PI";"UOP01-DEL01-PI"
781872;2026-06-28;"domingo";"22:00:00";"MG";381;198;"PERIQUITO";"Acessar a via sem observar a presença dos outros veículos";"Colisão transversal";"Com Vítimas Feridas";"Plena Noite";"Decrescente";"Céu Claro";"Simples";"Interseção de Vias";"Sim";5;0;4;0;1;0;4;2;-19,15262153;-42,23453522;"SPRF-MG";"DEL06-MG";"UOP01-DEL06-MG"
781873;2026-06-29;"segunda-feira";"05:30:00";"SC";470;35,2;"GASPAR";"Chuva";"Tombamento";"Com Vítimas Feridas";"Plena Noite";"Decrescente";"Chuva";"Simples";"Curva";"Não";1;0;1;0;0;0;1;1;-26,91351752;-48,96123648;"SPRF-SC";"DEL04-SC";"UOP01-DEL04-SC"
781874;2026-06-28;"domingo";"23:43:00";"GO";40;1;"VALPARAISO DE GOIAS";"Ingestão de álcool pelo condutor";"Colisão com objeto";"Com Vítimas Feridas";"Plena Noite";"Decrescente";"Céu Claro";"Dupla";"Desvio Temporário;Reta;Em Obras";"Sim";1;0;1;0;0;0;1;1;-16,06795429;-47,9842457;"SPRF-DF";"DEL01-DF";"UOP01-DEL01-DF"
781875;2026-06-29;"segunda-feira";"06:30:00";"MG";381;435;"SABARA";"Velocidade Incompatível";"Saída de leito carroçável";"Com Vítimas Feridas";"Amanhecer";"Decrescente";"Céu Claro";"Simples";"Curva";"Não";2;0;1;1;0;0;2;1;-19,809564;-43,76644;"SPRF-MG";"DEL01-MG";"UOP01-DEL01-MG"
781877;2026-06-29;"segunda-feira";"04:50:00";"SP";116;549;"BARRA DO TURVO";"Reação tardia ou ineficiente do condutor";"Colisão com objeto";"Com Vítimas Feridas";"Plena Noite";"Decrescente";"Garoa/Chuvisco";"Simples";"Curva;Declive";"Não";1;0;1;0;0;0;1;1;-24,965407;-48,463195;"SPRF-SP";"DEL05-SP";"UOP02-DEL05-SP"
781879;2026-06-28;"domingo";"17:55:00";"PR";163;192,5;"SANTA TEREZA DO OESTE";"Avarias e/ou desgaste excessivo no pneu";"Colisão com objeto";"Sem Vítimas";"Pleno dia";"Crescente";"Chuva";"Dupla";"Curva";"Não";1;0;0;0;1;0;0;1;-25,05079244;-53,55830235;"SPRF-PR";"DEL05-PR";"UOP05-DEL05-PR"
781881;2026-06-28;"domingo";"22:00:00";"PA";155;270;"ELDORADO DO CARAJAS";"Ingestão de álcool pelo condutor";"Colisão lateral sentido oposto";"Sem Vítimas";"Plena Noite";"Crescente";"Ignorado";"Simples";"Reta";"Não";2;0;0;0;2;0;0;2;-5,980942;-49,233793;"SPRF-PA";"DEL03-PA";"UOP01-DEL03-PA"
781884;2026-06-29;"segunda-feira";"06:58:00";"SC";470;133,8;"RIO DO SUL";"Desrespeitar a preferência no cruzamento";"Colisão transversal";"Com Vítimas Feridas";"Pleno dia";"Crescente";"Garoa/Chuvisco";"Simples";"Interseção de Vias";"Sim";2;0;1;0;1;0;1;2;-27,18031;-49,59795;"SPRF-SC";"DEL04-SC";"UOP02-DEL04-SC"
781885;2026-06-29;"segunda-feira";"06:30:00";"SE";101;114;"SAO CRISTOVAO";"Demais falhas mecânicas ou elétricas";"Colisão com objeto";"Com Vítimas Feridas";"Pleno dia";"Crescente";"Céu Claro";"Dupla";"Curva";"Não";3;0;1;0;2;0;1;3;-10,97746407;-37,28629813;"SPRF-SE";"DEL02-SE";"UOP01-DEL02-SE"
781886;2026-06-29;"segunda-feira";"07:10:00";"SC";101;122;"ITAJAI";"Desrespeitar a preferência no cruzamento";"Colisão lateral mesmo sentido";"Com Vítimas Feridas";"Pleno dia";"Decrescente";"Chuva";"Múltipla";"Interseção de Vias;Reta";"Sim";2;0;1;0;1;0;1;2;-26,9350342;-48,70011806;"SPRF-SC";"DEL04-SC";"UOP04-DEL04-SC"
781887;2026-06-29;"segunda-feira";"05:30:00";"GO";153;135;"MARA ROSA";"Condutor Dormindo";"Saída de leito carroçável";"Com Vítimas Feridas";"Amanhecer";"Crescente";"Céu Claro";"Simples";"Reta";"Não";1;0;1;0;0;0;1;1;-13,97145855;-49,09002245;"SPRF-GO";"DEL07-GO";"UOP01-DEL07-GO"
781888;2026-06-28;"domingo";"17:49:00";"GO";364;41;"CACHOEIRA ALTA";"Animais na Pista";"Saída de leito carroçável";"Com Vítimas Feridas";"Anoitecer";"Crescente";"Céu Claro";"Simples";"Reta";"Não";4;0;3;0;1;0;3;1;-18,855569;-50,835;"SPRF-GO";"DEL05-GO";"UOP02-DEL05-GO"
781890;2026-06-29;"segunda-feira";"07:20:00";"SC";282;4,4;"SAO JOSE";"Trafegar com motocicleta (ou similar) entre as faixas";"Colisão lateral mesmo sentido";"Com Vítimas Feridas";"Pleno dia";"Decrescente";"Nublado";"Dupla";"Reta";"Sim";2;0;2;0;0;0;2;2;-27,591638;-48,60606;"SPRF-SC";"DEL01-SC";"UOP01-DEL01-SC"
781892;2026-06-29;"segunda-feira";"06:50:00";"ES";101;138,3;"LINHARES";"Velocidade Incompatível";"Capotamento";"Com Vítimas Feridas";"Pleno dia";"Decrescente";"Céu Claro";"Simples";"Interseção de Vias";"Não";11;0;5;5;1;0;10;1;-19,30482682;-40,08268484;"SPRF-ES";"DEL04-ES";"UOP01-DEL04-ES"
781893;2026-06-29;"segunda-feira";"06:50:00";"SP";116;143;"SAO JOSE DOS CAMPOS";"Condutor deixou de manter distância do veículo da frente";"Colisão traseira";"Com Vítimas Feridas";"Pleno dia";"Decrescente";"Céu Claro";"Dupla";"Reta";"Sim";2;0;2;0;0;0;2;2;-23,17524937;-45,83220847;"SPRF-SP";"DEL02-SP";"UOP01-DEL02-SP"
781894;2026-06-29;"segunda-feira";"07:25:00";"AL";101;137;"SAO MIGUEL DOS CAMPOS";"Objeto estático sobre o leito carroçável";"Colisão com objeto";"Com Vítimas Feridas";"Pleno dia";"Decrescente";"Nublado";"Dupla";"Curva;Declive";"Não";5;0;3;0;2;0;3;1;-9,787132;-36,105553;"SPRF-AL";"DEL02-AL";"UOP01-DEL02-AL"
781895;2026-06-29;"segunda-feira";"07:40:00";"GO";153;494;"GOIANIA";"Ausência de reação do condutor";"Colisão traseira";"Com Vítimas Feridas";"Pleno dia";"Decrescente";"Céu Claro";"Dupla";"Reta";"Não";3;0;1;0;2;0;1;2;-16,6558;-49,218272;"SPRF-GO";"DEL01-GO";"UOP01-DEL01-GO"
781897;2026-06-29;"segunda-feira";"07:30:00";"PR";376;439;"TIBAGI";"Chuva";"Colisão com objeto";"Com Vítimas Feridas";"Pleno dia";"Crescente";"Garoa/Chuvisco";"Dupla";"Curva;Declive";"Não";1;0;0;1;0;0;1;1;-24,849233;-50,472953;"SPRF-PR";"DEL03-PR";"UOP02-DEL03-PR"
781902;2026-06-29;"segunda-feira";"06:40:00";"PI";343;346;"TERESINA";"Ausência de reação do condutor";"Colisão traseira";"Sem Vítimas";"Pleno dia";"Decrescente";"Céu Claro";"Simples";"Reta";"Sim";2;0;0;0;2;0;0;2;-5,1101667;-42,7702583;"SPRF-PI";"DEL01-PI";"UOP01-DEL01-PI"
781903;2026-06-29;"segunda-feira";"08:10:00";"GO";60;64;"ABADIANIA";"Demais falhas mecânicas ou elétricas";"Queda de ocupante de veículo";"Com Vítimas Feridas";"Pleno dia";"Decrescente";"Céu Claro";"Dupla";"Reta";"Não";2;0;2;0;0;0;2;1;-16,20147291;-48,7365067;"SPRF-GO";"DEL02-GO";"UOP01-DEL02-GO"
781904;2026-06-09;"terça-feira";"17:40:00";"SC";101;208,8;"SAO JOSE";"Condutor deixou de manter distância do veículo da frente";"Colisão traseira";"Com Vítimas Feridas";"Anoitecer";"Decrescente";"Céu Claro";"Dupla";"Reta";"Sim";2;0;2;0;0;0;2;2;-27,60897;-48,63778;"SPRF-SC";"DEL01-SC";"UOP01-DEL01-SC"
781905;2026-06-29;"segunda-feira";"07:00:00";"SC";470;136;"RIO DO SUL";"Acessar a via sem observar a presença dos outros veículos";"Colisão transversal";"Sem Vítimas";"Amanhecer";"Decrescente";"Garoa/Chuvisco";"Simples";"Retorno Regulamentado;Reta";"Sim";2;0;0;0;2;0;0;2;-27,18340249;-49,60229365;"SPRF-SC";"DEL04-SC";"UOP02-DEL04-SC"
781906;2026-06-29;"segunda-feira";"07:10:00";"SE";235;40,1;"AREIA BRANCA";"Retorno proibido";"Colisão frontal";"Com Vítimas Feridas";"Pleno dia";"Crescente";"Chuva";"Simples";"Interseção de Vias;Reta";"Sim";2;0;0;1;1;0;1;2;-10,77004959;-37,36837431;"SPRF-SE";"DEL01-SE";"UOP02-DEL01-SE"
781907;2026-06-29;"segunda-feira";"07:30:00";"TO";153;647,8;"DUERE";"Ausência de reação do condutor";"Atropelamento de Pedestre";"Com Vítimas Feridas";"Pleno dia";"Crescente";"Céu Claro";"Simples";"Reta";"Não";2;0;0;1;1;0;1;2;-11,512757;-49,011018;"SPRF-TO";"DEL01-TO";"UOP02-DEL01-TO"
781908;2026-06-29;"segunda-feira";"07:15:00";"PR";376;603,5;"CURITIBA";"Condutor deixou de manter distância do veículo da frente";"Colisão traseira";"Com Vítimas Feridas";"Pleno dia";"Decrescente";"Chuva";"Dupla";"Reta;Declive";"Sim";2;0;1;0;1;0;1;2;-25,53210305;-49,32175904;"SPRF-PR";"DEL01-PR";"UOP03-DEL01-PR"
781909;2026-06-29;"segunda-feira";"06:15:00";"GO";153;43;"PORANGATU";"Ausência de reação do condutor";"Queda de ocupante de veículo";"Com Vítimas Feridas";"Pleno dia";"Decrescente";"Céu Claro";"Simples";"Reta;Ponte";"Não";1;0;1;0;0;0;1;1;-13,20361404;-49,15608136;"SPRF-GO";"DEL07-GO";"UOP01-DEL07-GO"
781914;2026-06-29;"segunda-feira";"08:00:00";"SC";101;219,4;"PALHOCA";"Desrespeitar a preferência no cruzamento";"Colisão transversal";"Com Vítimas Feridas";"Pleno dia";"Crescente";"Nublado";"Simples";"Interseção de Vias";"Não";2;0;0;1;1;0;1;2;-27,68898564;-48,66553752;"SPRF-SC";"DEL01-SC";"UOP02-DEL01-SC"
781915;2026-06-29;"segunda-feira";"07:10:00";"SC";101;112;"ITAJAI";"Reação tardia ou ineficiente do condutor";"Colisão traseira";"Com Vítimas Feridas";"Pleno dia";"Decrescente";"Garoa/Chuvisco";"Dupla";"Reta;Ponte";"Sim";2;0;1;0;1;0;1;2;-26,84498355;-48,72006523;"SPRF-SC";"DEL04-SC";"UOP04-DEL04-SC"
781917;2026-06-29;"segunda-feira";"08:50:00";"SC";101;148;"ITAPEMA";"Chuva";"Tombamento";"Com Vítimas Feridas";"Pleno dia";"Crescente";"Nublado";"Dupla";"Reta";"Sim";2;0;1;0;0;1;1;2;-27,089211;-48,614209;"SPRF-SC";"DEL04-SC";"UOP03-DEL04-SC"
781919;2026-06-29;"segunda-feira";"08:00:00";"SP";101;28;"UBATUBA";"Acessar a via sem observar a presença dos outros veículos";"Colisão transversal";"Com Vítimas Feridas";"Amanhecer";"Crescente";"Sol";"Simples";"Reta";"Não";2;0;1;1;0;0;2;2;-23,37314719;-44,9596715;"SPRF-SP";"DEL06-SP";"UOP01-DEL06-SP"
781921;2026-06-29;"segunda-feira";"07:40:00";"PE";101;42;"IGARASSU";"Ausência de reação do condutor";"Colisão traseira";"Com Vítimas Feridas";"Pleno dia";"Crescente";"Céu Claro";"Múltipla";"Reta";"Não";2;0;1;0;0;1;1;2;-7,84156636;-34,91165098;"SPRF-PE";"DEL01-PE";"UOP02-DEL01-PE"
781923;2026-06-29;"segunda-feira";"09:14:00";"DF";70;18;"BRASILIA";"Reação tardia ou ineficiente do condutor";"Saída de leito carroçável";"Com Vítimas Feridas";"Pleno dia";"Crescente";"Céu Claro";"Dupla";"Reta";"Não";1;0;0;1;0;0;1;1;-15,78975;-48,21602;"SPRF-DF";"DEL03-DF";"UOP02-DEL03-DF"
781925;2026-06-29;"segunda-feira";"06:30:00";"MS";262;295,2;"CAMPO GRANDE";"Animais na Pista";"Atropelamento de Animal";"Sem Vítimas";"Amanhecer";"Crescente";"Céu Claro";"Simples";"Reta;Aclive";"Não";1;0;0;0;1;0;0;1;-20,5031556;-54,2512785;"SPRF-MS";"DEL01-MS";"UOP05-DEL01-MS"
781926;2026-06-29;"segunda-feira";"07:40:00";"ES";393;2,8;"CACHOEIRO DE ITAPEMIRIM";"Ausência de reação do condutor";"Colisão transversal";"Com Vítimas Feridas";"Pleno dia";"Crescente";"Céu Claro";"Simples";"Interseção de Vias";"Sim";2;0;1;0;0;1;1;2;-20,83207833;-41,17801167;"SPRF-ES";"DEL03-ES";"UOP02-DEL03-ES"
781928;2026-06-29;"segunda-feira";"03:30:00";"RJ";465;13;"NOVA IGUACU";"Velocidade Incompatível";"Colisão transversal";"Com Vítimas Feridas";"Plena Noite";"Decrescente";"Nublado";"Simples";"Reta";"Sim";2;0;0;1;1;0;1;2;-22,82341328;-43,61981956;"SPRF-RJ";"DEL06-RJ";"UOP02-DEL06-RJ"
781930;2026-06-21;"domingo";"18:40:00";"SC";282;489,5;"FAXINAL DOS GUEDES";"Ingestão de álcool pelo condutor";"Colisão frontal";"Com Vítimas Feridas";"Plena Noite";"Crescente";"Nublado";"Simples";"Curva";"Não";4;0;0;3;1;0;3;2;-26,8713759;-52,2759233;"SPRF-SC";"DEL07-SC";"UOP01-DEL07-SC"
781932;2026-06-29;"segunda-feira";"07:20:00";"PR";277;477,9;"NOVA LARANJEIRAS";"Reação tardia ou ineficiente do condutor";"Colisão com objeto";"Com Vítimas Feridas";"Pleno dia";"Decrescente";"Nublado";"Simples";"Curva;Declive";"Não";6;0;5;0;1;0;5;1;-25,300646;-52,557955;"SPRF-PR";"DEL04-PR";"UOP02-DEL04-PR"
781935;2026-06-29;"segunda-feira";"07:41:00";"RJ";101;321;"RIO DE JANEIRO";"Reação tardia ou ineficiente do condutor";"Colisão traseira";"Com Vítimas Feridas";"Pleno dia";"Crescente";"Céu Claro";"Múltipla";"Reta";"Não";2;0;1;0;1;0;1;2;-22,87056238;-43,2035079;"SPRF-RJ";"DEL02-RJ";"UOP01-DEL02-RJ"
781936;2026-06-29;"segunda-feira";"08:30:00";"MG";381;504;"BETIM";"Trafegar com motocicleta (ou similar) entre as faixas";"Colisão lateral mesmo sentido";"Com Vítimas Feridas";"Pleno dia";"Decrescente";"Céu Claro";"Dupla";"Aclive;Reta";"Não";2;0;1;0;1;0;1;2;-20,03277894;-44,23958;"SPRF-MG";"DEL01-MG";"UOP03-DEL01-MG"
781939;2026-06-29;"segunda-feira";"09:10:00";"MG";381;487;"BETIM";"Reação tardia ou ineficiente do condutor";"Colisão com objeto";"Com Vítimas Feridas";"Pleno dia";"Crescente";"Céu Claro";"Dupla";"Curva;Declive";"Sim";1;0;0;1;0;0;1;1;-19,95738846;-44,1199317;"SPRF-MG";"DEL01-MG";"UOP03-DEL01-MG"
781942;2026-06-29;"segunda-feira";"09:49:00";"SC";101;328;"TUBARAO";"Condutor deixou de manter distância do veículo da frente";"Saída de leito carroçável";"Com Vítimas Feridas";"Pleno dia";"Crescente";"Nublado";"Dupla";"Reta";"Não";5;0;3;0;1;1;3;3;-28,456827;-48,983858;"SPRF-SC";"DEL02-SC";"UOP01-DEL02-SC"
781943;2026-06-29;"segunda-feira";"10:10:00";"ES";101;115,9;"LINHARES";"Mal súbito do condutor";"Saída de leito carroçável";"Com Vítimas Fatais";"Pleno dia";"Crescente";"Céu Claro";"Simples";"Reta;Aclive";"Não";2;1;0;1;0;0;1;1;-19,110043;-40,058543;"SPRF-ES";"DEL04-ES";"UOP01-DEL04-ES"
781944;2026-06-29;"segunda-feira";"08:30:00";"PR";277;0,2;"PARANAGUA";"Reação tardia ou ineficiente do condutor";"Tombamento";"Com Vítimas Feridas";"Pleno dia";"Crescente";"Nublado";"Dupla";"Reta";"Sim";1;0;1;0;0;0;1;1;-25,5559;-48,562;"SPRF-PR";"DEL01-PR";"UOP05-DEL01-PR"
781945;2026-06-29;"segunda-feira";"10:00:00";"SC";101;145;"ITAPEMA";"Pedestre andava na pista";"Colisão lateral mesmo sentido";"Com Vítimas Feridas";"Pleno dia";"Crescente";"Nublado";"Dupla";"Reta";"Sim";2;0;1;0;1;0;1;2;-27,08588134;-48,60845745;"SPRF-SC";"DEL04-SC";"UOP03-DEL04-SC"
781948;2026-06-29;"segunda-feira";"08:30:00";"SP";116;117,9;"TAUBATE";"Ausência de reação do condutor";"Capotamento";"Com Vítimas Feridas";"Pleno dia";"Decrescente";"Céu Claro";"Dupla";"Ponte;Reta";"Não";1;0;1;0;0;0;1;1;-23,062167;-45,625784;"SPRF-SP";"DEL02-SP";"UOP02-DEL02-SP"
781949;2026-06-29;"segunda-feira";"10:50:00";"GO";60;96;"ANAPOLIS";"Acessar a via sem observar a presença dos outros veículos";"Colisão lateral mesmo sentido";"Com Vítimas Feridas";"Pleno dia";"Crescente";"Céu Claro";"Dupla";"Reta";"Sim";2;0;1;0;1;0;1;2;-16,37665642;-48,94789892;"SPRF-GO";"DEL02-GO";"UOP01-DEL02-GO"
781950;2026-06-24;"quarta-feira";"09:00:00";"RJ";101;322;"NITEROI";"Manobra de mudança de faixa";"Colisão lateral mesmo sentido";"Com Vítimas Feridas";"Pleno dia";"Crescente";"Nublado";"Dupla";"Reta";"Sim";3;0;2;0;1;0;2;2;-22,87589841;-43,11844696;"SPRF-RJ";"DEL02-RJ";"UOP01-DEL02-RJ"
781952;2026-06-29;"segunda-feira";"08:50:00";"RS";285;632;"SANTO ANTONIO DAS MISSOES";"Manobra de mudança de faixa";"Colisão lateral mesmo sentido";"Com Vítimas Feridas";"Pleno dia";"Crescente";"Céu Claro";"Simples";"Declive;Reta";"Não";4;0;1;1;2;0;2;3;-28,57969799;-55,61699867;"SPRF-RS";"DEL12-RS";"UOP01-DEL12-RS"
781954;2026-06-29;"segunda-feira";"10:20:00";"SP";116;94,8;"PINDAMONHANGABA";"Reação tardia ou ineficiente do condutor";"Colisão com objeto";"Com Vítimas Feridas";"Pleno dia";"Decrescente";"Céu Claro";"Dupla";"Reta";"Não";2;0;1;0;1;0;1;1;-22,96340084;-45,42636395;"SPRF-SP";"DEL08-SP";"UOP01-DEL08-SP"
781955;2026-06-29;"segunda-feira";"10:00:00";"GO";60;3,8;"SANTO ANTONIO DO DESCOBERTO";"Reação tardia ou ineficiente do condutor";"Colisão com objeto";"Sem Vítimas";"Pleno dia";"Decrescente";"Céu Claro";"Múltipla";"Reta";"Não";1;0;0;0;1;0;0;1;-16,0844798;-48,271795;"SPRF-DF";"DEL03-DF";"UOP01-DEL03-DF"
781956;2026-06-29;"segunda-feira";"11:15:00";"CE";20;396;"CAUCAIA";"Ausência de reação do condutor";"Colisão transversal";"Com Vítimas Feridas";"Pleno dia";"Crescente";"Céu Claro";"Simples";"Interseção de Vias";"Não";3;0;1;0;2;0;1;2;-3,76641569;-38,66321164;"SPRF-CE";"DEL01-CE";"UOP01-DEL01-CE"
781958;2026-05-18;"segunda-feira";"10:55:00";"MT";70;1,8;"BARRA DO GARCAS";"Reação tardia ou ineficiente do condutor";"Colisão traseira";"Com Vítimas Feridas";"Pleno dia";"Decrescente";"Céu Claro";"Simples";"Reta";"Sim";2;0;1;0;1;0;1;2;-15,88520369;-52,2714752;"SPRF-MT";"DEL07-MT";"UOP01-DEL07-MT"
781959;2026-06-29;"segunda-feira";"09:20:00";"SC";470;105;"APIUNA";"Transitar na contramão";"Colisão frontal";"Com Vítimas Feridas";"Pleno dia";"Crescente";"Nublado";"Simples";"Curva";"Não";2;0;1;1;0;0;2;2;-27,06735961;-49,41838615;"SPRF-SC";"DEL04-SC";"UOP02-DEL04-SC"
781960;2026-06-29;"segunda-feira";"11:56:00";"RN";101;83,8;"SAO GONCALO DO AMARANTE";"Condutor deixou de manter distância do veículo da frente";"Colisão traseira";"Com Vítimas Feridas";"Pleno dia";"Crescente";"Nublado";"Dupla";"Reta";"Sim";2;0;1;0;0;1;1;2;-5,7739;-35,258933;"SPRF-RN";"DEL02-RN";"UOP01-DEL02-RN"
781961;2026-06-29;"segunda-feira";"11:45:00";"PR";277;8;"PARANAGUA";"Reação tardia ou ineficiente do condutor";"Saída de leito carroçável";"Com Vítimas Feridas";"Pleno dia";"Decrescente";"Chuva";"Dupla";"Reta";"Não";2;0;2;0;0;0;2;1;-25,5644;-48,5973;"SPRF-PR";"DEL01-PR";"UOP05-DEL01-PR"
781962;2026-06-29;"segunda-feira";"10:00:00";"MG";365;114,3;"JEQUITAI";"Pista esburacada";"Saída de leito carroçável";"Com Vítimas Feridas";"Pleno dia";"Crescente";"Céu Claro";"Simples";"Reta";"Não";4;0;3;0;1;0;3;1;-17,196136;-44,636226;"SPRF-MG";"DEL12-MG";"UOP01-DEL12-MG"
781963;2026-06-29;"segunda-feira";"07:41:00";"RJ";101;332;"RIO DE JANEIRO";"Ausência de reação do condutor";"Colisão com objeto";"Com Vítimas Feridas";"Pleno dia";"Crescente";"Céu Claro";"Dupla";"Reta";"Sim";1;0;1;0;0;0;1;1;-22,87585887;-43,20854187;"SPRF-RJ";"DEL02-RJ";"UOP01-DEL02-RJ"
781967;2026-06-29;"segunda-feira";"12:45:00";"SC";280;28,5;"ARAQUARI";"Acessar a via sem observar a presença dos outros veículos";"Colisão transversal";"Com Vítimas Feridas";"Pleno dia";"Crescente";"Nublado";"Simples";"Reta";"Sim";3;0;1;0;2;0;1;2;-26,407928;-48,749448;"SPRF-SC";"DEL03-SC";"UOP03-DEL03-SC"