"id";"data_inversa";"dia_semana";"horario";"uf";"br";"km";"municipio";"causa_acidente";"tipo_acidente";"classificacao_acidente";"fase_dia";"sentido_via";"condicao_metereologica";"tipo_pista";"tracado_via";"uso_solo";"pessoas";"mortos";"feridos_leves";"feridos_graves";"ilesos";"ignorados";"feridos";"veiculos";"latitude";"longitude";"regional";"delegacia";"uop"
781968;2026-06-29;"segunda-feira";"12:27:00";"RN";101;136;"SAO JOSE DE MIPIBU";"Avarias e/ou desgaste excessivo no pneu";"Tombamento";"Com Vítimas Feridas";"Pleno dia";"Crescente";"Céu Claro";"Dupla";"Reta";"Não";2;0;2;0;0;0;2;1;-6,168342;-35,222322;"SPRF-RN";"DEL01-RN";"UOP01-DEL01-RN"
781969;2026-06-29;"segunda-feira";"12:40:00";"MG";116;408,7;"GOVERNADOR VALADARES";"Transitar no Acostamento";"Colisão lateral mesmo sentido";"Com Vítimas Feridas";"Pleno dia";"Decrescente";"Céu Claro";"Dupla";"Interseção de Vias;Reta";"Sim";3;0;1;0;2;0;1;2;-18,84766;-41,97979;"SPRF-MG";"DEL06-MG";"UOP01-DEL06-MG"
781970;2026-06-29;"segunda-feira";"12:00:00";"RJ";40;19;"TRES RIOS";"Ausência de reação do condutor";"Colisão com objeto";"Com Vítimas Feridas";"Pleno dia";"Decrescente";"Céu Claro";"Dupla";"Curva";"Não";1;0;1;0;0;0;1;1;-22,10724753;-43,16704541;"SPRF-RJ";"DEL05-RJ";"UOP02-DEL05-RJ"
781971;2026-06-29;"segunda-feira";"11:20:00";"GO";153;443;"ANAPOLIS";"Condutor deixou de manter distância do veículo da frente";"Colisão traseira";"Com Vítimas Feridas";"Pleno dia";"Crescente";"Céu Claro";"Múltipla";"Interseção de Vias";"Sim";2;0;1;0;1;0;1;2;-16,35399367;-48,93007815;"SPRF-GO";"DEL02-GO";"UOP01-DEL02-GO"
781972;2026-06-29;"segunda-feira";"13:00:00";"MG";40;547;"NOVA LIMA";"Trafegar com motocicleta (ou similar) entre as faixas";"Colisão lateral mesmo sentido";"Com Vítimas Feridas";"Pleno dia";"Decrescente";"Céu Claro";"Dupla";"Reta";"Não";5;0;2;0;3;0;2;3;-20,08150291;-43,97925529;"SPRF-MG";"DEL01-MG";"UOP02-DEL01-MG"
781973;2026-06-29;"segunda-feira";"11:45:00";"BA";101;767;"ITABELA";"Condutor deixou de manter distância do veículo da frente";"Colisão traseira";"Com Vítimas Feridas";"Pleno dia";"Crescente";"Céu Claro";"Simples";"Curva";"Não";4;0;2;0;2;0;2;3;-16,729403;-39,456073;"SPRF-BA";"DEL09-BA";"UOP01-DEL09-BA"
781974;2026-06-29;"segunda-feira";"13:15:00";"SP";116;216;"GUARULHOS";"Acessar a via sem observar a presença dos outros veículos";"Colisão traseira";"Com Vítimas Feridas";"Pleno dia";"Crescente";"Céu Claro";"Múltipla";"Reta";"Sim";3;0;1;0;2;0;1;3;-23,452503;-46,468217;"SPRF-SP";"DEL01-SP";"UOP01-DEL01-SP"
781976;2026-06-29;"segunda-feira";"07:30:00";"MG";50;176;"UBERABA";"Condutor deixou de manter distância do veículo da frente";"Colisão traseira";"Com Vítimas Feridas";"Pleno dia";"Decrescente";"Céu Claro";"Dupla";"Reta";"Sim";2;0;1;0;1;0;1;2;-19,77924974;-47,95645801;"SPRF-MG";"DEL13-MG";"UOP01-DEL13-MG"
781977;2026-06-29;"segunda-feira";"13:40:00";"MG";116;418;"GOVERNADOR VALADARES";"Acessar a via sem observar a presença dos outros veículos";"Colisão lateral mesmo sentido";"Com Vítimas Feridas";"Pleno dia";"Crescente";"Sol";"Simples";"Reta";"Sim";2;0;2;0;0;0;2;1;-18,91712755;-41,94079782;"SPRF-MG";"DEL06-MG";"UOP01-DEL06-MG"
781978;2026-06-29;"segunda-feira";"13:40:00";"MG";262;34;"MANHUACU";"Desrespeitar a preferência no cruzamento";"Colisão transversal";"Com Vítimas Feridas";"Pleno dia";"Crescente";"Céu Claro";"Simples";"Reta;Interseção de Vias";"Sim";2;0;1;0;1;0;1;2;-20,25783099;-42,02502072;"SPRF-MG";"DEL06-MG";"UOP03-DEL06-MG"
781979;2026-06-29;"segunda-feira";"12:50:00";"AL";104;93,2;"RIO LARGO";"Retorno proibido";"Colisão transversal";"Sem Vítimas";"Pleno dia";"Crescente";"Céu Claro";"Dupla";"Reta";"Sim";4;0;0;0;0;4;0;2;-9,528483;-35,79826;"SPRF-AL";"DEL01-AL";"UOP01-DEL01-AL"
781980;2026-06-29;"segunda-feira";"13:05:00";"PR";369;144,6;"LONDRINA";"Condutor deixou de manter distância do veículo da frente";"Colisão traseira";"Com Vítimas Feridas";"Pleno dia";"Decrescente";"Céu Claro";"Dupla";"Reta";"Não";4;0;1;0;3;0;1;2;-23,293697;-51,11137;"SPRF-PR";"DEL07-PR";"UOP01-DEL07-PR"
781981;2026-06-29;"segunda-feira";"13:05:00";"PR";369;145;"LONDRINA";"Ausência de reação do condutor";"Colisão traseira";"Com Vítimas Feridas";"Pleno dia";"Crescente";"Céu Claro";"Dupla";"Declive;Reta";"Sim";2;0;1;0;1;0;1;2;-23,2936085;-51,11062853;"SPRF-PR";"DEL07-PR";"UOP01-DEL07-PR"
781982;2026-06-29;"segunda-feira";"13:10:00";"SP";153;62,1;"SAO JOSE DO RIO PRETO";"Ausência de reação do condutor";"Colisão lateral mesmo sentido";"Com Vítimas Feridas";"Pleno dia";"Decrescente";"Céu Claro";"Dupla";"Reta";"Sim";3;0;2;0;1;0;2;2;-20,81411;-49,356867;"SPRF-SP";"DEL09-SP";"UOP01-DEL09-SP"
781983;2026-06-29;"segunda-feira";"12:30:00";"PB";230;2;"CABEDELO";"Acessar a via sem observar a presença dos outros veículos";"Colisão transversal";"Com Vítimas Feridas";"Pleno dia";"Crescente";"Céu Claro";"Dupla";"Reta";"Não";2;0;1;1;0;0;2;2;-6,98499049;-34,82913852;"SPRF-PB";"DEL01-PB";"UOP01-DEL01-PB"
781984;2026-06-29;"segunda-feira";"12:45:00";"BA";324;601;"SIMOES FILHO";"Condutor deixou de manter distância do veículo da frente";"Colisão traseira";"Sem Vítimas";"Pleno dia";"Decrescente";"Céu Claro";"Dupla";"Reta";"Não";2;0;0;0;2;0;0;2;-12,7716012;-38,4199418;"SPRF-BA";"DEL01-BA";"UOP01-DEL01-BA"
781985;2026-06-29;"segunda-feira";"13:35:00";"SC";101;3,3;"ARARANGUA";"Acessar a via sem observar a presença dos outros veículos";"Colisão frontal";"Com Vítimas Feridas";"Pleno dia";"Crescente";"Nublado";"Simples";"Reta";"Sim";2;0;1;0;1;0;1;2;-28,94677155;-49,5049417;"SPRF-SC";"DEL02-SC";"UOP02-DEL02-SC"
781987;2026-06-29;"segunda-feira";"14:00:00";"ES";101;69,7;"SAO MATEUS";"Ausência de reação do condutor";"Queda de ocupante de veículo";"Com Vítimas Feridas";"Pleno dia";"Crescente";"Céu Claro";"Simples";"Reta";"Não";1;0;1;0;0;0;1;1;-18,74243;-39,861435;"SPRF-ES";"DEL04-ES";"UOP02-DEL04-ES"
781989;2026-06-29;"segunda-feira";"12:45:00";"MG";40;42;"PARACATU";"Acessar a via sem observar a presença dos outros veículos";"Colisão transversal";"Sem Vítimas";"Pleno dia";"Decrescente";"Céu Claro";"Simples";"Declive;Rotatória";"Não";4;0;0;0;4;0;0;2;-17,22318006;-46,86505795;"SPRF-MG";"DEL14-MG";"UOP01-DEL14-MG"
781990;2026-06-29;"segunda-feira";"10:35:00";"RN";226;175,5;"CURRAIS NOVOS";"Desrespeitar a preferência no cruzamento";"Colisão transversal";"Com Vítimas Feridas";"Pleno dia";"Decrescente";"Céu Claro";"Dupla";"Rotatória;Em Obras";"Não";3;0;1;1;1;0;2;2;-6,25822312;-36,51302934;"SPRF-RN";"DEL03-RN";"UOP02-DEL03-RN"
781991;2026-06-29;"segunda-feira";"13:30:00";"SP";116;118,3;"TAUBATE";"Demais falhas mecânicas ou elétricas";"Tombamento";"Com Vítimas Feridas";"Pleno dia";"Crescente";"Sol";"Dupla";"Reta;Aclive";"Não";2;0;2;0;0;0;2;1;-23,063346;-45,628302;"SPRF-SP";"DEL02-SP";"UOP02-DEL02-SP"
781992;2026-06-29;"segunda-feira";"13:50:00";"MG";381;532,8;"ITATIAIUCU";"Condutor Dormindo";"Saída de leito carroçável";"Com Vítimas Feridas";"Pleno dia";"Crescente";"Céu Claro";"Dupla";"Reta";"Não";2;0;2;0;0;0;2;1;-20,169605;-44,371773;"SPRF-MG";"DEL04-MG";"UOP03-DEL04-MG"
781993;2026-06-29;"segunda-feira";"10:50:00";"MA";222;321,9;"VITORIA DO MEARIM";"Condutor deixou de manter distância do veículo da frente";"Engavetamento";"Com Vítimas Feridas";"Pleno dia";"Decrescente";"Céu Claro";"Simples";"Reta";"Não";7;0;0;1;6;0;1;3;-3,5832;-44,969953;"SPRF-MA";"DEL02-MA";"UOP01-DEL02-MA"
781995;2026-06-29;"segunda-feira";"14:10:00";"PR";116;8;"CAMPINA GRANDE DO SUL";"Acumulo de água sobre o pavimento";"Saída de leito carroçável";"Com Vítimas Feridas";"Pleno dia";"Crescente";"Chuva";"Dupla";"Curva";"Não";2;0;1;0;1;0;1;1;-25,08095234;-48,62307899;"SPRF-PR";"DEL01-PR";"UOP02-DEL01-PR"
781999;2026-06-29;"segunda-feira";"12:30:00";"RJ";465;5;"SEROPEDICA";"Acessar a via sem observar a presença dos outros veículos";"Colisão transversal";"Com Vítimas Feridas";"Pleno dia";"Decrescente";"Céu Claro";"Simples";"Reta";"Sim";2;0;1;0;1;0;1;2;-22,76697151;-43,68085742;"SPRF-RJ";"DEL06-RJ";"UOP02-DEL06-RJ"
782000;2026-06-29;"segunda-feira";"15:00:00";"RS";290;78;"GRAVATAI";"Demais falhas mecânicas ou elétricas";"Queda de ocupante de veículo";"Com Vítimas Feridas";"Pleno dia";"Crescente";"Céu Claro";"Múltipla";"Curva";"Não";2;0;2;0;0;0;2;1;-29,95660078;-51,01691853;"SPRF-RS";"DEL01-RS";"UOP01-DEL01-RS"
782002;2026-06-29;"segunda-feira";"13:15:00";"BA";420;256;"MUTUIPE";"Acessar a via sem observar a presença dos outros veículos";"Colisão frontal";"Com Vítimas Feridas";"Pleno dia";"Crescente";"Nublado";"Simples";"Reta";"Não";3;0;1;0;2;0;1;2;-13,22849;-39,49472;"SPRF-BA";"DEL11-BA";"UOP01-DEL11-BA"
782003;2026-06-29;"segunda-feira";"15:00:00";"RS";285;538;"CAIBATE";"Velocidade Incompatível";"Colisão com objeto";"Com Vítimas Feridas";"Pleno dia";"Crescente";"Céu Claro";"Simples";"Curva;Interseção de Vias";"Não";1;0;1;0;0;0;1;1;-28,401409;-54,651167;"SPRF-RS";"DEL10-RS";"UOP01-DEL10-RS"
782004;2026-06-29;"segunda-feira";"15:10:00";"SP";116;319;"JUQUITIBA";"Velocidade Incompatível";"Saída de leito carroçável";"Com Vítimas Feridas";"Pleno dia";"Crescente";"Céu Claro";"Dupla";"Curva";"Sim";2;0;0;2;0;0;2;1;-23,938613;-47,086014;"SPRF-SP";"DEL04-SP";"UOP03-DEL04-SP"
782005;2026-06-29;"segunda-feira";"13:00:00";"RR";174;563;"BOA VISTA";"Demais falhas mecânicas ou elétricas";"Incêndio";"Sem Vítimas";"Pleno dia";"Crescente";"Chuva";"Simples";"Reta";"Não";1;0;0;0;1;0;0;1;3,31001378;-60,85894002;"SPRF-RR";"DEL01-RR";"UOP03-DEL01-RR"
782006;2026-06-29;"segunda-feira";"12:00:00";"RJ";393;235;"VASSOURAS";"Desrespeitar a preferência no cruzamento";"Colisão transversal";"Com Vítimas Feridas";"Pleno dia";"Crescente";"Sol";"Simples";"Interseção de Vias;Reta";"Sim";3;0;1;0;1;1;1;3;-22,41010067;-43,67135016;"SPRF-RJ";"DEL05-RJ";"UOP03-DEL05-RJ"
782007;2026-06-29;"segunda-feira";"15:47:00";"MG";40;585;"ITABIRITO";"Reação tardia ou ineficiente do condutor";"Saída de leito carroçável";"Sem Vítimas";"Pleno dia";"Decrescente";"Céu Claro";"Dupla";"Reta;Aclive";"Sim";1;0;0;0;0;1;0;1;-20,330872;-43,924766;"SPRF-MG";"DEL01-MG";"UOP02-DEL01-MG"
782008;2026-06-29;"segunda-feira";"12:15:00";"PR";116;16;"COLOMBO";"Acumulo de água sobre o pavimento";"Colisão com objeto";"Sem Vítimas";"Pleno dia";"Decrescente";"Chuva";"Dupla";"Declive;Curva";"Sim";6;0;0;0;6;0;0;1;-25,387265;-49,17708;"SPRF-PR";"DEL01-PR";"UOP02-DEL01-PR"
782010;2026-06-29;"segunda-feira";"11:40:00";"RO";364;370,1;"OURO PRETO DO OESTE";"Demais falhas mecânicas ou elétricas";"Tombamento";"Com Vítimas Feridas";"Pleno dia";"Decrescente";"Céu Claro";"Simples";"Reta";"Não";2;0;2;0;0;0;2;1;-10,757082;-62,153427;"SPRF-RO";"DEL02-RO";"UOP01-DEL02-RO"
782011;2026-06-29;"segunda-feira";"16:00:00";"GO";70;0,9;"AGUAS LINDAS DE GOIAS";"Ausência de reação do condutor";"Colisão com objeto";"Com Vítimas Feridas";"Pleno dia";"Decrescente";"Céu Claro";"Dupla";"Declive;Reta";"Não";1;0;1;0;0;0;1;1;-15,77339936;-48,23173396;"SPRF-DF";"DEL03-DF";"UOP02-DEL03-DF"
782012;2026-06-29;"segunda-feira";"16:36:00";"PE";101;73,5;"RECIFE";"Reação tardia ou ineficiente do condutor";"Queda de ocupante de veículo";"Com Vítimas Feridas";"Anoitecer";"Decrescente";"Nublado";"Dupla";"Curva";"Sim";1;0;1;0;0;0;1;1;-8,0989981;-34,9507244;"SPRF-PE";"DEL01-PE";"UOP01-DEL01-PE"
782013;2026-06-29;"segunda-feira";"15:38:00";"RN";101;109,9;"PARNAMIRIM";"Mal súbito do condutor";"Colisão com objeto";"Sem Vítimas";"Pleno dia";"Decrescente";"Garoa/Chuvisco";"Múltipla";"Reta";"Sim";1;0;0;0;1;0;0;1;-5,936367;-35,2647801;"SPRF-RN";"DEL01-RN";"UOP01-DEL01-RN"
782014;2026-06-29;"segunda-feira";"15:00:00";"BA";324;614;"SALVADOR";"Mal súbito do condutor";"Colisão com objeto";"Com Vítimas Fatais";"Pleno dia";"Crescente";"Céu Claro";"Múltipla";"Reta";"Não";1;1;0;0;0;0;0;1;-12,877705;-38,430993;"SPRF-BA";"DEL01-BA";"UOP01-DEL01-BA"
782017;2026-06-29;"segunda-feira";"14:30:00";"AC";364;132;"RIO BRANCO";"Acessar a via sem observar a presença dos outros veículos";"Colisão lateral mesmo sentido";"Com Vítimas Feridas";"Pleno dia";"Crescente";"Céu Claro";"Dupla";"Rotatória";"Sim";2;0;2;0;0;0;2;2;-10,006625;-67,848548;"SPRF-AC";"DEL01-AC";"UOP01-DEL01-AC"
782018;2026-06-29;"segunda-feira";"16:10:00";"SP";116;61,1;"GUARATINGUETA";"Avarias e/ou desgaste excessivo no pneu";"Tombamento";"Com Vítimas Feridas";"Pleno dia";"Decrescente";"Céu Claro";"Dupla";"Declive;Reta";"Não";2;0;2;0;0;0;2;1;-22,79777309;-45,16758831;"SPRF-SP";"DEL08-SP";"UOP01-DEL08-SP"
782020;2026-06-29;"segunda-feira";"17:25:00";"PB";230;16;"JOAO PESSOA";"Trafegar com motocicleta (ou similar) entre as faixas";"Tombamento";"Com Vítimas Feridas";"Plena Noite";"Decrescente";"Céu Claro";"Dupla";"Declive;Curva";"Sim";1;0;1;0;0;0;1;1;-7,10232096;-34,846946;"SPRF-PB";"DEL01-PB";"UOP01-DEL01-PB"
782022;2026-06-29;"segunda-feira";"17:10:00";"RS";116;260;"CANOAS";"Condutor deixou de manter distância do veículo da frente";"Colisão traseira";"Com Vítimas Feridas";"Pleno dia";"Crescente";"Céu Claro";"Dupla";"Reta";"Sim";2;0;0;1;1;0;1;2;-29,8838054;-51,1814257;"SPRF-RS";"DEL01-RS";"UOP01-DEL01-RS"
782023;2026-06-29;"segunda-feira";"17:20:00";"RS";470;224,6;"GARIBALDI";"Reação tardia ou ineficiente do condutor";"Colisão lateral mesmo sentido";"Sem Vítimas";"Anoitecer";"Crescente";"Céu Claro";"Simples";"Curva;Aclive;Interseção de Vias";"Sim";3;0;0;0;3;0;0;2;-29,235784;-51,51705;"SPRF-RS";"DEL06-RS";"UOP01-DEL06-RS"
782024;2026-06-29;"segunda-feira";"10:40:00";"RJ";493;19,5;"MAGE";"Transitar no Acostamento";"Colisão transversal";"Com Vítimas Feridas";"Pleno dia";"Crescente";"Céu Claro";"Simples";"Reta";"Sim";2;0;1;0;1;0;1;2;-22,664393;-43,03159118;"SPRF-RJ";"DEL04-RJ";"UOP02-DEL04-RJ"
782025;2026-06-29;"segunda-feira";"14:30:00";"RO";364;708;"PORTO VELHO";"Ausência de reação do condutor";"Saída de leito carroçável";"Com Vítimas Feridas";"Pleno dia";"Crescente";"Céu Claro";"Dupla";"Reta";"Sim";2;0;2;0;0;0;2;1;-8,79609893;-63,84015119;"SPRF-RO";"DEL01-RO";"UOP01-DEL01-RO"
782026;2026-06-29;"segunda-feira";"12:40:00";"MT";174;0,7;"PONTES E LACERDA";"Acessar a via sem observar a presença dos outros veículos";"Colisão transversal";"Com Vítimas Feridas";"Pleno dia";"Decrescente";"Céu Claro";"Simples";"Reta";"Sim";3;0;2;0;1;0;2;2;-15,24676;-59,31973;"SPRF-MT";"DEL04-MT";"UOP01-DEL04-MT"
782027;2026-06-29;"segunda-feira";"17:40:00";"RJ";116;269;"BARRA MANSA";"Ausência de reação do condutor";"Saída de leito carroçável";"Com Vítimas Feridas";"Anoitecer";"Crescente";"Céu Claro";"Dupla";"Curva";"Não";1;0;1;0;0;0;1;1;-22,56069061;-44,1543746;"SPRF-RJ";"DEL07-RJ";"UOP02-DEL07-RJ"
782028;2026-06-29;"segunda-feira";"18:10:00";"GO";60;379;"RIO VERDE";"Manobra de mudança de faixa";"Colisão transversal";"Com Vítimas Feridas";"Anoitecer";"Crescente";"Céu Claro";"Dupla";"Reta";"Sim";3;0;0;2;1;0;2;2;-17,77475;-50,88829;"SPRF-GO";"DEL04-GO";"UOP01-DEL04-GO"
782029;2026-06-29;"segunda-feira";"17:50:00";"SC";282;1,5;"FLORIANOPOLIS";"Condutor deixou de manter distância do veículo da frente";"Colisão lateral mesmo sentido";"Com Vítimas Feridas";"Anoitecer";"Crescente";"Nublado";"Múltipla";"Reta";"Sim";2;0;2;0;0;0;2;2;-27,60369326;-48,58325958;"SPRF-SC";"DEL01-SC";"UOP01-DEL01-SC"
782031;2026-06-29;"segunda-feira";"15:30:00";"ES";101;65;"SAO MATEUS";"Manobra de mudança de faixa";"Colisão lateral mesmo sentido";"Com Vítimas Feridas";"Pleno dia";"Crescente";"Céu Claro";"Dupla";"Interseção de Vias;Curva";"Sim";4;0;1;0;3;0;1;2;-18,71440611;-39,87737213;"SPRF-ES";"DEL04-ES";"UOP02-DEL04-ES"
782032;2026-06-29;"segunda-feira";"18:00:00";"SC";101;340,7;"TUBARAO";"Ausência de reação do condutor";"Tombamento";"Com Vítimas Feridas";"Plena Noite";"Crescente";"Céu Claro";"Simples";"Reta";"Sim";1;0;0;1;0;0;1;1;-28,5217249;-49,05532686;"SPRF-SC";"DEL02-SC";"UOP01-DEL02-SC"
782035;2026-06-29;"segunda-feira";"18:45:00";"MG";381;491;"BETIM";"Ausência de reação do condutor";"Tombamento";"Com Vítimas Feridas";"Plena Noite";"Decrescente";"Céu Claro";"Dupla";"Reta";"Sim";2;0;2;0;0;0;2;1;-19,960759;-44,15414;"SPRF-MG";"DEL01-MG";"UOP03-DEL01-MG"
782037;2026-06-29;"segunda-feira";"18:30:00";"ES";262;32;"DOMINGOS MARTINS";"Manobra de mudança de faixa";"Colisão lateral mesmo sentido";"Com Vítimas Feridas";"Plena Noite";"Crescente";"Céu Claro";"Simples";"Curva;Aclive";"Não";2;0;1;0;0;1;1;2;-20,379018;-40,578142;"SPRF-ES";"DEL01-ES";"UOP01-DEL01-ES"
782038;2026-06-29;"segunda-feira";"18:30:00";"SP";116;218;"GUARULHOS";"Manobra de mudança de faixa";"Colisão lateral mesmo sentido";"Com Vítimas Feridas";"Plena Noite";"Decrescente";"Céu Claro";"Múltipla";"Reta;Aclive";"Sim";3;0;2;0;0;1;2;2;-23,45745558;-46,4785932;"SPRF-SP";"DEL01-SP";"UOP01-DEL01-SP"
782039;2026-06-29;"segunda-feira";"18:10:00";"MG";50;76;"UBERLANDIA";"Objeto estático sobre o leito carroçável";"Colisão com objeto";"Com Vítimas Feridas";"Anoitecer";"Decrescente";"Ignorado";"Dupla";"Reta";"Sim";1;0;1;0;0;0;1;1;-18,92329;-48,222082;"SPRF-MG";"DEL15-MG";"UOP01-DEL15-MG"
782042;2026-06-29;"segunda-feira";"18:25:00";"RS";116;257;"ESTEIO";"Reação tardia ou ineficiente do condutor";"Colisão traseira";"Com Vítimas Feridas";"Plena Noite";"Crescente";"Céu Claro";"Múltipla";"Reta";"Sim";2;0;1;0;1;0;1;2;-29,8577392;-51,18064332;"SPRF-RS";"DEL01-RS";"UOP02-DEL01-RS"
782043;2026-06-29;"segunda-feira";"13:00:00";"PA";163;569;"TRAIRAO";"Reação tardia ou ineficiente do condutor";"Colisão com objeto";"Com Vítimas Feridas";"Pleno dia";"Crescente";"Céu Claro";"Simples";"Reta";"Não";1;0;1;0;0;0;1;1;-5,0587054;-56,16642247;"SPRF-PA";"DEL05-PA";"UOP03-DEL05-PA"
782044;2026-06-29;"segunda-feira";"18:05:00";"SC";101;128,3;"CAMBORIU";"Ausência de reação do condutor";"Atropelamento de Pedestre";"Com Vítimas Fatais";"Anoitecer";"Crescente";"Nublado";"Dupla";"Reta";"Sim";3;1;0;0;2;0;0;3;-26,97620071;-48,6825304;"SPRF-SC";"DEL04-SC";"UOP03-DEL04-SC"
782047;2026-06-29;"segunda-feira";"18:50:00";"PR";277;726;"FOZ DO IGUACU";"Acessar a via sem observar a presença dos outros veículos";"Colisão lateral mesmo sentido";"Com Vítimas Feridas";"Plena Noite";"Decrescente";"Garoa/Chuvisco";"Dupla";"Interseção de Vias";"Sim";3;0;0;1;2;0;1;2;-25,51084092;-54,54986572;"SPRF-PR";"DEL05-PR";"UOP03-DEL05-PR"
782048;2026-06-29;"segunda-feira";"18:00:00";"PR";277;57,5;"SAO JOSE DOS PINHAIS";"Demais falhas mecânicas ou elétricas";"Incêndio";"Sem Vítimas";"Plena Noite";"Crescente";"Nublado";"Dupla";"Reta";"Sim";1;0;0;0;1;0;0;1;-25,562605;-49,013121;"SPRF-PR";"DEL01-PR";"UOP01-DEL01-PR"
782049;2026-06-29;"segunda-feira";"18:00:00";"AL";101;138;"MARECHAL DEODORO";"Mal súbito do condutor";"Queda de ocupante de veículo";"Com Vítimas Feridas";"Plena Noite";"Decrescente";"Céu Claro";"Simples";"Reta";"Sim";1;0;1;0;0;0;1;1;-9,65741;-35,85415;"SPRF-AL";"DEL02-AL";"UOP01-DEL02-AL"
782051;2026-06-29;"segunda-feira";"19:00:00";"SC";101;210;"SAO JOSE";"Condutor deixou de manter distância do veículo da frente";"Colisão traseira";"Com Vítimas Feridas";"Anoitecer";"Decrescente";"Céu Claro";"Dupla";"Reta";"Sim";2;0;2;0;0;0;2;2;-27,6184753;-48,64702085;"SPRF-SC";"DEL01-SC";"UOP01-DEL01-SC"
782052;2026-06-29;"segunda-feira";"19:00:00";"PR";163;42,6;"PRANCHITA";"Reação tardia ou ineficiente do condutor";"Colisão traseira";"Com Vítimas Feridas";"Plena Noite";"Crescente";"Chuva";"Simples";"Reta";"Sim";3;0;1;0;2;0;1;2;-26,008018;-53,731085;"SPRF-PR";"DEL02-PR";"UOP02-DEL02-PR"
782053;2026-06-29;"segunda-feira";"17:00:00";"MT";163;805;"SINOP";"Ultrapassagem Indevida";"Saída de leito carroçável";"Com Vítimas Feridas";"Pleno dia";"Crescente";"Céu Claro";"Simples";"Reta";"Não";1;0;1;0;0;0;1;1;-12,11686004;-55,51647082;"SPRF-MT";"DEL06-MT";"UOP02-DEL06-MT"
782054;2026-06-29;"segunda-feira";"17:40:00";"MG";116;389,4;"GOVERNADOR VALADARES";"Transitar no Acostamento";"Atropelamento de Pedestre";"Com Vítimas Feridas";"Anoitecer";"Crescente";"Céu Claro";"Simples";"Reta";"Sim";3;0;1;1;0;1;2;2;-18,67343;-41,98762;"SPRF-MG";"DEL06-MG";"UOP01-DEL06-MG"
782055;2026-06-29;"segunda-feira";"17:55:00";"MT";163;557;"DIAMANTINO";"Animais na Pista";"Atropelamento de Animal";"Com Vítimas Feridas";"Plena Noite";"Crescente";"Céu Claro";"Dupla";"Reta";"Não";1;0;1;0;0;0;1;1;-14,17847;-56,08796;"SPRF-MT";"DEL01-MT";"UOP01-DEL01-MT"
782056;2026-06-29;"segunda-feira";"18:35:00";"PI";343;331;"TERESINA";"Acessar a via sem observar a presença dos outros veículos";"Colisão transversal";"Com Vítimas Feridas";"Plena Noite";"Decrescente";"Céu Claro";"Simples";"Reta";"Não";3;0;3;0;0;0;3;2;-5,05867607;-42,66496701;"SPRF-PI";"DEL01-PI";"UOP01-DEL01-PI"
782057;2026-06-29;"segunda-feira";"19:15:00";"RJ";101;300;"SAO GONCALO";"Reação tardia ou ineficiente do condutor";"Colisão traseira";"Com Vítimas Feridas";"Plena Noite";"Decrescente";"Céu Claro";"Dupla";"Declive;Reta";"Sim";3;0;2;0;1;0;2;2;-22,77640952;-42,94740589;"SPRF-RJ";"DEL02-RJ";"UOP02-DEL02-RJ"
782058;2026-06-29;"segunda-feira";"19:00:00";"RJ";101;470;"ANGRA DOS REIS";"Condutor deixou de manter distância do veículo da frente";"Colisão traseira";"Com Vítimas Feridas";"Plena Noite";"Decrescente";"Céu Claro";"Simples";"Reta";"Não";2;0;2;0;0;0;2;2;-23,002022;-44,228025;"SPRF-RJ";"DEL03-RJ";"UOP03-DEL03-RJ"
782059;2026-06-22;"segunda-feira";"01:15:00";"RJ";493;12;"GUAPIMIRIM";"Suicídio (presumido)";"Atropelamento de Pedestre";"Com Vítimas Fatais";"Plena Noite";"Decrescente";"Céu Claro";"Simples";"Reta";"Não";2;1;0;0;0;1;0;2;-22,6647;-42,9889;"SPRF-RJ";"DEL04-RJ";"UOP02-DEL04-RJ"
782060;2026-06-29;"segunda-feira";"19:20:00";"PR";277;590,4;"CASCAVEL";"Ingestão de álcool pelo condutor";"Colisão traseira";"Com Vítimas Feridas";"Plena Noite";"Crescente";"Céu Claro";"Simples";"Aclive;Reta";"Não";3;0;1;0;2;0;1;2;-24,9732176;-53,43739271;"SPRF-PR";"DEL04-PR";"UOP01-DEL04-PR"
782061;2026-06-29;"segunda-feira";"20:00:00";"RJ";116;174;"SAO JOAO DE MERITI";"Condutor Dormindo";"Colisão traseira";"Com Vítimas Feridas";"Plena Noite";"Crescente";"Nublado";"Múltipla";"Reta";"Não";2;0;1;0;1;0;1;2;-22,79328861;-43,36549971;"SPRF-RJ";"DEL06-RJ";"UOP01-DEL06-RJ"
782062;2026-06-29;"segunda-feira";"14:55:00";"SE";101;87;"NOSSA SENHORA DO SOCORRO";"Ingestão de álcool pelo condutor";"Queda de ocupante de veículo";"Com Vítimas Feridas";"Pleno dia";"Crescente";"Nublado";"Dupla";"Aclive;Reta";"Não";1;0;0;1;0;0;1;1;-10,87559313;-37,13403448;"SPRF-SE";"DEL01-SE";"UOP01-DEL01-SE"