"id";"data_inversa";"dia_semana";"horario";"uf";"br";"km";"municipio";"causa_acidente";"tipo_acidente";"classificacao_acidente";"fase_dia";"sentido_via";"condicao_metereologica";"tipo_pista";"tracado_via";"uso_solo";"pessoas";"mortos";"feridos_leves";"feridos_graves";"ilesos";"ignorados";"feridos";"veiculos";"latitude";"longitude";"regional";"delegacia";"uop"
782171;2026-06-30;"terça-feira";"09:10:00";"SC";101;102,3;"BALNEARIO PICARRAS";"Condutor deixou de manter distância do veículo da frente";"Engavetamento";"Com Vítimas Feridas";"Pleno dia";"Crescente";"Garoa/Chuvisco";"Dupla";"Reta";"Não";3;0;1;0;2;0;1;3;-26,77032307;-48,68590102;"SPRF-SC";"DEL03-SC";"UOP02-DEL03-SC"
782173;2026-06-30;"terça-feira";"08:31:00";"RJ";101;297;"ITABORAI";"Acessar a via sem observar a presença dos outros veículos";"Colisão traseira";"Com Vítimas Feridas";"Pleno dia";"Crescente";"Céu Claro";"Dupla";"Reta";"Não";2;0;1;0;1;0;1;2;-22,7706269;-42,92078912;"SPRF-RJ";"DEL02-RJ";"UOP02-DEL02-RJ"
782177;2026-06-30;"terça-feira";"09:50:00";"RJ";493;91;"SEROPEDICA";"Objeto estático sobre o leito carroçável";"Colisão com objeto";"Com Vítimas Feridas";"Pleno dia";"Crescente";"Céu Claro";"Dupla";"Reta";"Não";1;0;1;0;0;0;1;1;-22,68534499;-43,67384998;"SPRF-RJ";"DEL01-RJ";"UOP03-DEL01-RJ"
782179;2026-06-30;"terça-feira";"11:00:00";"PR";116;103;"SAO JOSE DOS PINHAIS";"Ausência de reação do condutor";"Queda de ocupante de veículo";"Com Vítimas Feridas";"Pleno dia";"Crescente";"Céu Claro";"Dupla";"Reta";"Não";1;0;1;0;0;0;1;1;-25,57049547;-49,19010544;"SPRF-PR";"DEL01-PR";"UOP08-DEL01-PR"
782181;2026-06-30;"terça-feira";"11:00:00";"SP";116;34,3;"CACHOEIRA PAULISTA";"Reação tardia ou ineficiente do condutor";"Colisão traseira";"Com Vítimas Feridas";"Pleno dia";"Decrescente";"Sol";"Dupla";"Reta";"Não";3;0;1;0;2;0;1;2;-22,655075;-44,960225;"SPRF-SP";"DEL08-SP";"UOP02-DEL08-SP"
782182;2026-06-30;"terça-feira";"10:30:00";"GO";153;429;"ANAPOLIS";"Acessar a via sem observar a presença dos outros veículos";"Colisão traseira";"Com Vítimas Feridas";"Pleno dia";"Crescente";"Céu Claro";"Dupla";"Retorno Regulamentado";"Sim";2;0;1;0;1;0;1;2;-16,2582968;-48,9886222;"SPRF-GO";"DEL02-GO";"UOP01-DEL02-GO"
782183;2026-06-30;"terça-feira";"09:40:00";"SC";282;245,3;"SAO JOSE DO CERRITO";"Transitar na contramão";"Colisão frontal";"Com Vítimas Fatais";"Pleno dia";"Crescente";"Garoa/Chuvisco";"Simples";"Declive;Curva";"Não";7;1;5;1;0;0;6;3;-27,72856;-50,52154;"SPRF-SC";"DEL05-SC";"UOP02-DEL05-SC"
782185;2026-06-30;"terça-feira";"10:45:00";"PR";376;110;"PARANAVAI";"Ausência de reação do condutor";"Saída de leito carroçável";"Com Vítimas Feridas";"Pleno dia";"Crescente";"Céu Claro";"Dupla";"Reta";"Não";1;0;1;0;0;0;1;1;-23,08494513;-52,40426838;"SPRF-PR";"DEL09-PR";"UOP02-DEL09-PR"
782187;2026-06-30;"terça-feira";"11:42:00";"TO";153;495,9;"PARAISO DO TOCANTINS";"Acessar a via sem observar a presença dos outros veículos";"Colisão transversal";"Com Vítimas Feridas";"Pleno dia";"Crescente";"Céu Claro";"Simples";"Reta;Interseção de Vias";"Sim";2;0;1;0;1;0;1;2;-10,1649437;-48,88098478;"SPRF-TO";"DEL01-TO";"UOP01-DEL01-TO"
782188;2026-06-30;"terça-feira";"11:55:00";"SC";101;133;"BALNEARIO CAMBORIU";"Trafegar com motocicleta (ou similar) entre as faixas";"Colisão lateral mesmo sentido";"Com Vítimas Feridas";"Pleno dia";"Decrescente";"Garoa/Chuvisco";"Dupla";"Reta";"Não";2;0;1;0;0;1;1;2;-26,99946162;-48,64736438;"SPRF-SC";"DEL04-SC";"UOP03-DEL04-SC"
782189;2026-06-30;"terça-feira";"10:10:00";"SC";163;85;"GUARACIABA";"Reação tardia ou ineficiente do condutor";"Saída de leito carroçável";"Com Vítimas Feridas";"Pleno dia";"Decrescente";"Nevoeiro/Neblina";"Simples";"Curva;Desvio Temporário;Declive;Em Obras";"Sim";3;0;2;0;1;0;2;1;-26,606841;-53,51701677;"SPRF-SC";"DEL07-SC";"UOP03-DEL07-SC"
782191;2026-06-30;"terça-feira";"12:30:00";"ES";101;294;"CARIACICA";"Reação tardia ou ineficiente do condutor";"Colisão traseira";"Com Vítimas Feridas";"Pleno dia";"Decrescente";"Céu Claro";"Dupla";"Declive;Interseção de Vias;Reta;Rotatória";"Sim";3;0;2;0;1;0;2;3;-20,3298885;-40,398772;"SPRF-ES";"DEL01-ES";"UOP01-DEL01-ES"
782192;2026-06-30;"terça-feira";"11:40:00";"PR";376;663;"TIJUCAS DO SUL";"Manobra de mudança de faixa";"Saída de leito carroçável";"Sem Vítimas";"Pleno dia";"Crescente";"Nublado";"Dupla";"Curva";"Não";1;0;0;0;1;0;0;1;-25,852919;-48,977474;"SPRF-PR";"DEL01-PR";"UOP04-DEL01-PR"
782193;2026-06-30;"terça-feira";"12:00:00";"MG";381;417;"CAETE";"Ausência de reação do condutor";"Tombamento";"Com Vítimas Feridas";"Pleno dia";"Crescente";"Céu Claro";"Dupla";"Reta";"Não";1;0;1;0;0;0;1;1;-19,77236997;-43,64998268;"SPRF-MG";"DEL01-MG";"UOP01-DEL01-MG"
782194;2026-06-30;"terça-feira";"11:00:00";"SC";101;128;"BALNEARIO CAMBORIU";"Ausência de reação do condutor";"Colisão com objeto";"Com Vítimas Feridas";"Pleno dia";"Decrescente";"Nublado";"Múltipla";"Reta";"Não";1;0;1;0;0;0;1;1;-26,97509179;-48,68247986;"SPRF-SC";"DEL04-SC";"UOP04-DEL04-SC"
782195;2026-06-30;"terça-feira";"11:55:00";"PB";230;16,5;"JOAO PESSOA";"Pedestre andava na pista";"Colisão traseira";"Com Vítimas Feridas";"Pleno dia";"Crescente";"Céu Claro";"Dupla";"Reta";"Sim";3;0;0;2;0;1;2;2;-7,11318344;-34,84239081;"SPRF-PB";"DEL01-PB";"UOP01-DEL01-PB"
782197;2026-06-30;"terça-feira";"12:15:00";"MG";251;514,9;"MONTES CLAROS";"Velocidade Incompatível";"Colisão lateral mesmo sentido";"Com Vítimas Feridas";"Pleno dia";"Decrescente";"Céu Claro";"Simples";"Reta;Aclive";"Não";2;0;2;0;0;0;2;2;-16,65819;-43,72793;"SPRF-MG";"DEL12-MG";"UOP01-DEL12-MG"
782198;2026-05-17;"domingo";"19:08:00";"AM";174;885;"MANAUS";"Acessar a via sem observar a presença dos outros veículos";"Colisão transversal";"Com Vítimas Feridas";"Plena Noite";"Crescente";"Nublado";"Simples";"Interseção de Vias;Curva";"Não";2;0;1;0;1;0;1;2;-2,96066057;-60,03130166;"SPRF-AM";"DEL01-AM";"UOP01-DEL01-AM"
782201;2026-06-30;"terça-feira";"12:15:00";"SC";470;136;"RIO DO SUL";"Acessar a via sem observar a presença dos outros veículos";"Colisão transversal";"Com Vítimas Feridas";"Pleno dia";"Crescente";"Céu Claro";"Simples";"Reta";"Sim";2;0;0;2;0;0;2;2;-27,19396563;-49,62414626;"SPRF-SC";"DEL04-SC";"UOP02-DEL04-SC"
782203;2026-06-30;"terça-feira";"12:00:00";"MA";135;4;"SAO LUIS";"Frear bruscamente";"Colisão lateral mesmo sentido";"Com Vítimas Feridas";"Pleno dia";"Crescente";"Céu Claro";"Dupla";"Reta";"Sim";3;0;1;0;2;0;1;3;-2,620597;-44,257374;"SPRF-MA";"DEL01-MA";"UOP01-DEL01-MA"
782204;2026-06-30;"terça-feira";"10:40:00";"MG";116;664,9;"SAO FRANCISCO DO GLORIA";"Ausência de reação do condutor";"Colisão traseira";"Com Vítimas Feridas";"Pleno dia";"Crescente";"Céu Claro";"Simples";"Reta";"Não";3;0;1;0;1;1;1;3;-20,84107783;-42,32509196;"SPRF-MG";"DEL07-MG";"UOP02-DEL07-MG"
782207;2026-06-20;"sábado";"17:30:00";"BA";242;253;"BOA VISTA DO TUPIM";"Pista esburacada";"Saída de leito carroçável";"Com Vítimas Feridas";"Anoitecer";"Decrescente";"Céu Claro";"Simples";"Reta";"Não";1;0;1;0;0;0;1;1;-12,51021;-40,48889;"SPRF-BA";"DEL06-BA";"UOP02-DEL06-BA"
782208;2026-06-30;"terça-feira";"11:30:00";"MS";163;266;"DOURADOS";"Reação tardia ou ineficiente do condutor";"Colisão traseira";"Com Vítimas Feridas";"Pleno dia";"Decrescente";"Céu Claro";"Dupla";"Reta";"Não";2;0;1;0;1;0;1;2;-22,21663518;-54,72062588;"SPRF-MS";"DEL04-MS";"UOP01-DEL04-MS"
782209;2026-06-30;"terça-feira";"13:50:00";"RN";101;100;"NATAL";"Estacionar ou parar em local proibido";"Colisão traseira";"Com Vítimas Feridas";"Pleno dia";"Decrescente";"Sol";"Dupla";"Aclive";"Sim";2;0;0;1;1;0;1;2;-5,879338;-35,224636;"SPRF-RN";"DEL01-RN";"UOP01-DEL01-RN"
782211;2026-06-30;"terça-feira";"11:50:00";"SP";116;97,3;"PINDAMONHANGABA";"Avarias e/ou desgaste excessivo no pneu";"Queda de ocupante de veículo";"Com Vítimas Feridas";"Pleno dia";"Crescente";"Céu Claro";"Dupla";"Reta";"Não";2;0;1;1;0;0;2;1;-22,9765567;-45,45313692;"SPRF-SP";"DEL08-SP";"UOP01-DEL08-SP"
782212;2026-06-30;"terça-feira";"13:43:00";"MG";381;489;"BETIM";"Ausência de reação do condutor";"Colisão traseira";"Com Vítimas Feridas";"Pleno dia";"Crescente";"Céu Claro";"Dupla";"Reta";"Sim";2;0;1;0;0;1;1;2;-19,956123;-44,143323;"SPRF-MG";"DEL01-MG";"UOP03-DEL01-MG"
782216;2026-06-30;"terça-feira";"14:40:00";"RJ";101;98,7;"CAMPOS DOS GOYTACAZES";"Condutor Dormindo";"Saída de leito carroçável";"Com Vítimas Feridas";"Pleno dia";"Decrescente";"Céu Claro";"Dupla";"Reta";"Não";2;0;2;0;0;0;2;1;-21,83609801;-41,42191478;"SPRF-RJ";"DEL08-RJ";"UOP02-DEL08-RJ"
782217;2026-06-30;"terça-feira";"14:00:00";"PB";230;40,1;"SANTA RITA";"Reação tardia ou ineficiente do condutor";"Saída de leito carroçável";"Com Vítimas Feridas";"Pleno dia";"Decrescente";"Sol";"Dupla";"Declive";"Sim";1;0;1;0;0;0;1;1;-7,14104413;-34,9765442;"SPRF-PB";"DEL01-PB";"UOP02-DEL01-PB"
782218;2026-06-30;"terça-feira";"15:00:00";"SC";101;349,3;"JAGUARUNA";"Chuva";"Colisão com objeto";"Com Vítimas Feridas";"Pleno dia";"Crescente";"Nublado";"Dupla";"Reta";"Não";1;0;1;0;0;0;1;1;-28,594298;-49,04631;"SPRF-SC";"DEL02-SC";"UOP01-DEL02-SC"
782222;2026-06-30;"terça-feira";"15:00:00";"PI";343;341,9;"TERESINA";"Acessar a via sem observar a presença dos outros veículos";"Colisão transversal";"Com Vítimas Feridas";"Pleno dia";"Decrescente";"Céu Claro";"Múltipla";"Interseção de Vias;Em Obras;Rotatória";"Sim";2;0;1;0;1;0;1;2;-5,082718;-42,750573;"SPRF-PI";"DEL01-PI";"UOP01-DEL01-PI"
782223;2026-06-30;"terça-feira";"13:55:00";"SC";280;24,7;"ARAQUARI";"Acessar a via sem observar a presença dos outros veículos";"Colisão transversal";"Sem Vítimas";"Pleno dia";"Decrescente";"Nublado";"Simples";"Reta;Interseção de Vias";"Sim";2;0;0;0;2;0;0;2;-26,38248407;-48,72551892;"SPRF-SC";"DEL03-SC";"UOP03-DEL03-SC"
782224;2026-06-30;"terça-feira";"10:00:00";"RJ";101;415,2;"MANGARATIBA";"Manobra de mudança de faixa";"Capotamento";"Com Vítimas Feridas";"Pleno dia";"Crescente";"Céu Claro";"Dupla";"Reta";"Não";2;0;1;0;1;0;1;2;-22,907495;-43,893186;"SPRF-RJ";"DEL03-RJ";"UOP02-DEL03-RJ"
782231;2026-06-30;"terça-feira";"13:35:00";"MG";116;513,6;"UBAPORANGA";"Mal súbito do condutor";"Saída de leito carroçável";"Com Vítimas Feridas";"Pleno dia";"Crescente";"Nublado";"Simples";"Reta";"Não";1;0;1;0;0;0;1;1;-19,678931;-42,117086;"SPRF-MG";"DEL06-MG";"UOP02-DEL06-MG"
782232;2026-06-30;"terça-feira";"15:40:00";"DF";20;16;"BRASILIA";"Condutor deixou de manter distância do veículo da frente";"Colisão traseira";"Com Vítimas Feridas";"Pleno dia";"Crescente";"Céu Claro";"Dupla";"Reta;Declive;Em Obras";"Não";5;0;1;0;4;0;1;4;-15,62479334;-47,72322536;"SPRF-DF";"DEL02-DF";"UOP01-DEL02-DF"
782233;2026-06-30;"terça-feira";"16:30:00";"SC";280;7,8;"SAO FRANCISCO DO SUL";"Ausência de reação do condutor";"Colisão transversal";"Com Vítimas Feridas";"Pleno dia";"Crescente";"Nublado";"Simples";"Reta";"Sim";2;0;0;1;1;0;1;2;-26,277444;-48,645681;"SPRF-SC";"DEL03-SC";"UOP03-DEL03-SC"
782234;2026-06-30;"terça-feira";"16:30:00";"RJ";101;325;"NITEROI";"Condutor deixou de manter distância do veículo da frente";"Colisão traseira";"Com Vítimas Feridas";"Pleno dia";"Crescente";"Céu Claro";"Dupla";"Reta;Ponte";"Não";3;0;1;0;2;0;1;2;-22,87127479;-43,15316105;"SPRF-RJ";"DEL02-RJ";"UOP01-DEL02-RJ"
782235;2026-06-30;"terça-feira";"15:45:00";"RJ";101;334;"RIO DE JANEIRO";"Trafegar com motocicleta (ou similar) entre as faixas";"Colisão lateral mesmo sentido";"Com Vítimas Feridas";"Anoitecer";"Decrescente";"Céu Claro";"Múltipla";"Reta";"Sim";2;0;1;0;1;0;1;2;-22,88693;-43,2172016;"SPRF-RJ";"DEL02-RJ";"UOP01-DEL02-RJ"
782237;2026-06-30;"terça-feira";"14:30:00";"DF";80;30;"BRASILIA";"Reação tardia ou ineficiente do condutor";"Saída de leito carroçável";"Com Vítimas Feridas";"Pleno dia";"Crescente";"Céu Claro";"Simples";"Reta;Aclive";"Não";2;0;2;0;0;0;2;1;-15,52627031;-48,19070287;"SPRF-DF";"DEL03-DF";"UOP02-DEL03-DF"
782238;2026-06-30;"terça-feira";"15:25:00";"BA";324;355;"CAPIM GROSSO";"Acessar a via sem observar a presença dos outros veículos";"Colisão transversal";"Com Vítimas Feridas";"Pleno dia";"Crescente";"Céu Claro";"Simples";"Interseção de Vias";"Sim";4;0;1;1;2;0;2;2;-11,38273163;-40,00316691;"SPRF-BA";"DEL04-BA";"UOP02-DEL04-BA"
782241;2026-06-30;"terça-feira";"16:50:00";"SE";101;151;"ESTANCIA";"Reação tardia ou ineficiente do condutor";"Colisão transversal";"Com Vítimas Feridas";"Anoitecer";"Crescente";"Nublado";"Simples";"Aclive;Interseção de Vias;Curva";"Não";3;0;1;0;1;1;1;3;-11,26846;-37,44288;"SPRF-SE";"DEL02-SE";"UOP01-DEL02-SE"
782242;2026-06-30;"terça-feira";"14:10:00";"SC";470;136;"RIO DO SUL";"Acessar a via sem observar a presença dos outros veículos";"Colisão transversal";"Com Vítimas Feridas";"Pleno dia";"Crescente";"Garoa/Chuvisco";"Simples";"Reta";"Sim";5;0;1;0;4;0;1;3;-27,194065;-49,623985;"SPRF-SC";"DEL04-SC";"UOP02-DEL04-SC"
782243;2026-06-30;"terça-feira";"11:25:00";"MG";251;444;"MONTES CLAROS";"Velocidade Incompatível";"Saída de leito carroçável";"Com Vítimas Feridas";"Pleno dia";"Crescente";"Garoa/Chuvisco";"Simples";"Curva";"Não";3;0;2;1;0;0;3;1;-16,65412062;-43,71763665;"SPRF-MG";"DEL12-MG";"UOP01-DEL12-MG"
782244;2026-06-30;"terça-feira";"13:23:00";"MA";135;20;"SAO LUIS";"Acessar a via sem observar a presença dos outros veículos";"Colisão transversal";"Com Vítimas Feridas";"Pleno dia";"Crescente";"Céu Claro";"Dupla";"Reta";"Sim";3;0;1;0;1;1;1;3;-2,566078;-44,327308;"SPRF-MA";"DEL01-MA";"UOP01-DEL01-MA"
782246;2026-06-30;"terça-feira";"14:55:00";"BA";324;538;"AMELIA RODRIGUES";"Acessar a via sem observar a presença dos outros veículos";"Colisão lateral mesmo sentido";"Com Vítimas Feridas";"Pleno dia";"Decrescente";"Céu Claro";"Dupla";"Reta";"Não";2;0;1;0;1;0;1;2;-12,379175;-38,800717;"SPRF-BA";"DEL11-BA";"UOP02-DEL11-BA"
782247;2026-06-30;"terça-feira";"13:00:00";"BA";324;571;"SAO SEBASTIAO DO PASSE";"Condutor deixou de manter distância do veículo da frente";"Saída de leito carroçável";"Com Vítimas Feridas";"Pleno dia";"Decrescente";"Nublado";"Dupla";"Reta";"Não";3;0;2;0;1;0;2;1;-12,555902;-38,568197;"SPRF-BA";"DEL01-BA";"UOP01-DEL01-BA"
782248;2026-06-30;"terça-feira";"17:10:00";"TO";10;467;"PALMAS";"Acesso irregular";"Colisão transversal";"Com Vítimas Feridas";"Pleno dia";"Decrescente";"Céu Claro";"Simples";"Reta;Aclive";"Sim";7;0;4;0;3;0;4;2;-10,23979494;-48,27951475;"SPRF-TO";"DEL01-TO";"UOP03-DEL01-TO"
782250;2026-05-13;"quarta-feira";"21:30:00";"RJ";465;20;"NOVA IGUACU";"Conversão proibida";"Colisão frontal";"Com Vítimas Feridas";"Plena Noite";"Crescente";"Céu Claro";"Simples";"Reta";"Sim";2;0;0;1;1;0;1;2;-22,83929;-43,61009;"SPRF-RJ";"DEL06-RJ";"UOP02-DEL06-RJ"
782251;2026-06-30;"terça-feira";"17:20:00";"RJ";116;183;"NOVA IGUACU";"Trafegar com motocicleta (ou similar) entre as faixas";"Queda de ocupante de veículo";"Com Vítimas Feridas";"Anoitecer";"Crescente";"Céu Claro";"Dupla";"Reta";"Sim";3;0;1;0;2;0;1;2;-22,75480717;-43,43394248;"SPRF-RJ";"DEL06-RJ";"UOP01-DEL06-RJ"
782255;2026-06-30;"terça-feira";"17:30:00";"GO";40;2;"VALPARAISO DE GOIAS";"Manobra de mudança de faixa";"Colisão traseira";"Com Vítimas Feridas";"Anoitecer";"Crescente";"Céu Claro";"Dupla";"Reta";"Sim";2;0;1;0;1;0;1;2;-16,07487386;-47,98557854;"SPRF-DF";"DEL01-DF";"UOP01-DEL01-DF"
782257;2026-06-30;"terça-feira";"18:20:00";"MG";381;510;"SAO JOAQUIM DE BICAS";"Ausência de reação do condutor";"Tombamento";"Com Vítimas Feridas";"Plena Noite";"Crescente";"Nublado";"Múltipla";"Viaduto";"Sim";1;0;1;0;0;0;1;1;-20,0561;-44,28631;"SPRF-MG";"DEL01-MG";"UOP03-DEL01-MG"
782258;2026-06-30;"terça-feira";"16:30:00";"MT";364;273;"JACIARA";"Condutor deixou de manter distância do veículo da frente";"Colisão traseira";"Com Vítimas Feridas";"Pleno dia";"Crescente";"Nublado";"Dupla";"Reta";"Não";2;0;1;0;1;0;1;2;-15,96140129;-54,96600509;"SPRF-MT";"DEL05-MT";"UOP02-DEL05-MT"
782259;2026-06-30;"terça-feira";"18:45:00";"MG";381;825,8;"CAREACU";"Pedestre cruzava a pista fora da faixa";"Atropelamento de Pedestre";"Com Vítimas Fatais";"Plena Noite";"Decrescente";"Nevoeiro/Neblina";"Dupla";"Reta";"Não";2;1;0;0;1;0;0;2;-22,104884;-45,729557;"SPRF-MG";"DEL16-MG";"UOP02-DEL16-MG"
782260;2026-06-30;"terça-feira";"17:10:00";"RS";470;275;"SAO JOSE DO SUL";"Acesso irregular";"Colisão transversal";"Com Vítimas Feridas";"Anoitecer";"Crescente";"Garoa/Chuvisco";"Simples";"Reta";"Sim";4;0;1;0;3;0;1;2;-29,59195812;-51,47729572;"SPRF-RS";"DEL06-RS";"UOP01-DEL06-RS"
782262;2026-06-30;"terça-feira";"18:05:00";"ES";101;98,3;"JAGUARE";"Ultrapassagem Indevida";"Colisão traseira";"Com Vítimas Feridas";"Plena Noite";"Crescente";"Céu Claro";"Simples";"Reta";"Não";2;0;2;0;0;0;2;2;-18,95625972;-39,98406379;"SPRF-ES";"DEL04-ES";"UOP02-DEL04-ES"
782263;2026-06-30;"terça-feira";"18:58:00";"BA";116;15,7;"VITORIA DA CONQUISTA";"Desrespeitar a preferência no cruzamento";"Colisão transversal";"Com Vítimas Feridas";"Plena Noite";"Decrescente";"Nublado";"Simples";"Reta";"Sim";2;0;1;0;1;0;1;2;-14,90095;-40,85251;"SPRF-BA";"DEL08-BA";"UOP01-DEL08-BA"
782264;2026-06-30;"terça-feira";"19:00:00";"PR";277;79;"CURITIBA";"Demais falhas mecânicas ou elétricas";"Incêndio";"Sem Vítimas";"Plena Noite";"Crescente";"Céu Claro";"Dupla";"Reta";"Sim";1;0;0;0;1;0;0;1;-25,482;-49,193;"SPRF-PR";"DEL01-PR";"UOP08-DEL01-PR"
782265;2026-06-30;"terça-feira";"18:20:00";"MG";262;362;"JUATUBA";"Demais falhas mecânicas ou elétricas";"Incêndio";"Com Vítimas Feridas";"Plena Noite";"Crescente";"Céu Claro";"Dupla";"Reta";"Não";1;0;1;0;0;0;1;1;-19,95110233;-44,37793021;"SPRF-MG";"DEL01-MG";"UOP03-DEL01-MG"
782266;2026-06-30;"terça-feira";"18:40:00";"SC";101;213,2;"PALHOCA";"Manobra de mudança de faixa";"Colisão lateral mesmo sentido";"Com Vítimas Feridas";"Plena Noite";"Crescente";"Nublado";"Dupla";"Reta";"Não";2;0;1;0;1;0;1;2;-27,63815;-48,6661;"SPRF-SC";"DEL01-SC";"UOP02-DEL01-SC"
782267;2026-06-30;"terça-feira";"18:50:00";"SC";282;1,5;"FLORIANOPOLIS";"Reação tardia ou ineficiente do condutor";"Colisão lateral mesmo sentido";"Com Vítimas Feridas";"Plena Noite";"Crescente";"Chuva";"Múltipla";"Reta";"Sim";2;0;1;0;1;0;1;2;-27,6036;-48,5832;"SPRF-SC";"DEL01-SC";"UOP01-DEL01-SC"
782268;2026-06-30;"terça-feira";"18:00:00";"BA";324;348;"QUIXABEIRA";"Acessar a via sem observar a presença dos outros veículos";"Colisão transversal";"Com Vítimas Feridas";"Anoitecer";"Decrescente";"Chuva";"Simples";"Reta";"Não";2;0;0;2;0;0;2;2;-11,35677;-40,07014;"SPRF-BA";"DEL04-BA";"UOP02-DEL04-BA"
782269;2026-06-30;"terça-feira";"18:50:00";"RN";406;170;"SAO GONCALO DO AMARANTE";"Acessar a via sem observar a presença dos outros veículos";"Colisão lateral mesmo sentido";"Com Vítimas Feridas";"Plena Noite";"Decrescente";"Garoa/Chuvisco";"Dupla";"Reta;Interseção de Vias";"Sim";3;0;3;0;0;0;3;2;-5,75806238;-35,30062795;"SPRF-RN";"DEL02-RN";"UOP01-DEL02-RN"
782270;2026-06-30;"terça-feira";"16:35:00";"PA";316;67;"CASTANHAL";"Acessar a via sem observar a presença dos outros veículos";"Colisão transversal";"Com Vítimas Feridas";"Pleno dia";"Decrescente";"Céu Claro";"Dupla";"Reta";"Sim";2;0;1;0;1;0;1;2;-1,2949;-47,8955;"SPRF-PA";"DEL01-PA";"UOP01-DEL01-PA"
782271;2026-06-30;"terça-feira";"17:00:00";"MG";381;254,3;"CORONEL FABRICIANO";"Retorno proibido";"Colisão transversal";"Com Vítimas Feridas";"Pleno dia";"Decrescente";"Céu Claro";"Simples";"Reta";"Sim";2;0;1;0;1;0;1;2;-19,53232605;-42,58514151;"SPRF-MG";"DEL03-MG";"UOP01-DEL03-MG"
782273;2026-06-30;"terça-feira";"14:50:00";"RN";101;138,5;"NISIA FLORESTA";"Animais na Pista";"Colisão lateral mesmo sentido";"Com Vítimas Feridas";"Pleno dia";"Crescente";"Sol";"Dupla";"Reta";"Não";2;0;1;0;1;0;1;2;-6,13584649;-35,22825591;"SPRF-RN";"DEL01-RN";"UOP01-DEL01-RN"
782276;2026-06-23;"terça-feira";"20:40:00";"RJ";40;108;"DUQUE DE CAXIAS";"Manobra de mudança de faixa";"Colisão transversal";"Com Vítimas Feridas";"Plena Noite";"Crescente";"Céu Claro";"Dupla";"Reta";"Sim";5;0;4;0;1;0;4;2;-22,66127;-43,28451;"SPRF-RJ";"DEL01-RJ";"UOP02-DEL01-RJ"
782278;2026-06-30;"terça-feira";"19:37:00";"PI";316;1,5;"TERESINA";"Manobra de mudança de faixa";"Colisão lateral mesmo sentido";"Sem Vítimas";"Plena Noite";"Decrescente";"Céu Claro";"Múltipla";"Curva;Declive";"Sim";2;0;0;0;2;0;0;2;-5,124308;-42,798297;"SPRF-PI";"DEL01-PI";"UOP02-DEL01-PI"
782279;2026-06-30;"terça-feira";"19:00:00";"MG";40;696,4;"ALFREDO VASCONCELOS";"Pedestre cruzava a pista fora da faixa";"Atropelamento de Pedestre";"Com Vítimas Feridas";"Plena Noite";"Decrescente";"Céu Claro";"Dupla";"Reta";"Sim";2;0;0;1;1;0;1;2;-21,14527397;-43,76544281;"SPRF-MG";"DEL05-MG";"UOP02-DEL05-MG"
782280;2026-06-30;"terça-feira";"20:05:00";"DF";20;20;"BRASILIA";"Manobra de mudança de faixa";"Tombamento";"Com Vítimas Feridas";"Plena Noite";"Crescente";"Céu Claro";"Dupla";"Reta;Aclive";"Sim";2;0;0;1;1;0;1;2;-15,60103269;-47,67821252;"SPRF-DF";"DEL02-DF";"UOP01-DEL02-DF"
782282;2026-06-30;"terça-feira";"19:40:00";"ES";101;79,3;"SAO MATEUS";"Reação tardia ou ineficiente do condutor";"Colisão com objeto";"Com Vítimas Feridas";"Plena Noite";"Crescente";"Nublado";"Simples";"Reta;Declive;Ponte";"Não";1;0;1;0;0;0;1;1;-18,81544693;-39,90225004;"SPRF-ES";"DEL04-ES";"UOP02-DEL04-ES"
782283;2026-06-30;"terça-feira";"17:50:00";"MT";163;691;"LUCAS DO RIO VERDE";"Acessar a via sem observar a presença dos outros veículos";"Atropelamento de Pedestre";"Sem Vítimas";"Anoitecer";"Crescente";"Céu Claro";"Simples";"Reta";"Sim";2;0;0;0;2;0;0;2;-13,05641404;-55,91363937;"SPRF-MT";"DEL06-MT";"UOP01-DEL06-MT"
782284;2026-06-30;"terça-feira";"19:54:00";"PB";230;106,7;"INGA";"Transitar no Acostamento";"Colisão traseira";"Com Vítimas Feridas";"Plena Noite";"Crescente";"Céu Claro";"Dupla";"Reta";"Não";4;0;0;1;0;3;1;4;-7,202985;-35,547862;"SPRF-PB";"DEL01-PB";"UOP02-DEL01-PB"
782285;2026-06-30;"terça-feira";"19:17:00";"MG";50;168,7;"UBERABA";"Objeto estático sobre o leito carroçável";"Colisão com objeto";"Com Vítimas Feridas";"Plena Noite";"Decrescente";"Céu Claro";"Dupla";"Curva;Aclive";"Sim";1;0;1;0;0;0;1;1;-19,71795;-47,97961;"SPRF-MG";"DEL13-MG";"UOP01-DEL13-MG"
782286;2026-06-30;"terça-feira";"20:30:00";"SC";470;50,3;"BLUMENAU";"Acessar a via sem observar a presença dos outros veículos";"Colisão lateral mesmo sentido";"Com Vítimas Feridas";"Plena Noite";"Crescente";"Chuva";"Dupla";"Curva";"Não";2;0;1;0;1;0;1;2;-26,859892;-49,078487;"SPRF-SC";"DEL04-SC";"UOP01-DEL04-SC"