"id";"data_inversa";"dia_semana";"horario";"uf";"br";"km";"municipio";"causa_acidente";"tipo_acidente";"classificacao_acidente";"fase_dia";"sentido_via";"condicao_metereologica";"tipo_pista";"tracado_via";"uso_solo";"pessoas";"mortos";"feridos_leves";"feridos_graves";"ilesos";"ignorados";"feridos";"veiculos";"latitude";"longitude";"regional";"delegacia";"uop"
782287;2026-06-30;"terça-feira";"20:35:00";"RS";470;230;"CARLOS BARBOSA";"Acesso irregular";"Colisão transversal";"Com Vítimas Feridas";"Plena Noite";"Crescente";"Nevoeiro/Neblina";"Simples";"Reta";"Sim";4;0;2;0;2;0;2;2;-29,28753539;-51,48951737;"SPRF-RS";"DEL06-RS";"UOP01-DEL06-RS"
782291;2026-06-30;"terça-feira";"06:15:00";"MA";230;28;"BARAO DE GRAJAU";"Falta de acostamento";"Colisão com objeto";"Com Vítimas Fatais";"Pleno dia";"Crescente";"Céu Claro";"Simples";"Reta;Aclive";"Não";3;1;0;0;0;2;0;2;-6,69396;-43,243398;"SPRF-PI";"DEL03-PI";"UOP01-DEL03-PI"
782292;2026-06-30;"terça-feira";"19:35:00";"AC";307;188;"CRUZEIRO DO SUL";"Conversão proibida";"Colisão lateral sentido oposto";"Com Vítimas Feridas";"Plena Noite";"Decrescente";"Céu Claro";"Simples";"Reta";"Não";2;0;1;1;0;0;2;1;-7,64447488;-72,65907794;"SPRF-AC";"DEL01-AC";"UOP03-DEL01-AC"
782295;2026-06-30;"terça-feira";"17:00:00";"MT";163;1049,5;"GUARANTA DO NORTE";"Reação tardia ou ineficiente do condutor";"Saída de leito carroçável";"Sem Vítimas";"Anoitecer";"Decrescente";"Céu Claro";"Simples";"Reta";"Não";2;0;0;0;0;2;0;1;-9,75966703;-54,89574007;"SPRF-MT";"DEL06-MT";"UOP03-DEL06-MT"
782298;2026-06-30;"terça-feira";"22:00:00";"SP";116;145;"SAO JOSE DOS CAMPOS";"Reação tardia ou ineficiente do condutor";"Colisão traseira";"Com Vítimas Feridas";"Plena Noite";"Crescente";"Céu Claro";"Múltipla";"Reta";"Não";2;0;1;0;1;0;1;2;-23,19370278;-45,8675766;"SPRF-SP";"DEL02-SP";"UOP01-DEL02-SP"
782300;2026-06-30;"terça-feira";"20:00:00";"MT";163;1052;"MATUPA";"Reação tardia ou ineficiente do condutor";"Saída de leito carroçável";"Sem Vítimas";"Plena Noite";"Crescente";"Céu Claro";"Simples";"Reta";"Não";1;0;0;0;0;1;0;1;-10,0685777;-54,9088949;"SPRF-MT";"DEL06-MT";"UOP03-DEL06-MT"
782303;2026-06-30;"terça-feira";"20:15:00";"PR";163;145,6;"SANTA LUCIA";"Ausência de reação do condutor";"Saída de leito carroçável";"Com Vítimas Feridas";"Plena Noite";"Decrescente";"Nublado";"Dupla";"Reta";"Não";2;0;2;0;0;0;2;1;-25,432335;-53,577461;"SPRF-PR";"DEL05-PR";"UOP05-DEL05-PR"
782305;2026-06-30;"terça-feira";"23:00:00";"RS";116;244;"SAO LEOPOLDO";"Ingestão de álcool pelo condutor";"Colisão com objeto";"Com Vítimas Feridas";"Plena Noite";"Decrescente";"Nublado";"Dupla";"Reta";"Sim";1;0;1;0;0;0;1;1;-29,74704781;-51,15103332;"SPRF-RS";"DEL01-RS";"UOP02-DEL01-RS"
782308;2026-06-30;"terça-feira";"23:20:00";"GO";40;1;"VALPARAISO DE GOIAS";"Entrada inopinada do pedestre";"Atropelamento de Pedestre";"Com Vítimas Feridas";"Plena Noite";"Decrescente";"Céu Claro";"Dupla";"Reta";"Sim";2;0;0;1;1;0;1;2;-16,06224263;-47,98345177;"SPRF-DF";"DEL01-DF";"UOP01-DEL01-DF"
782309;2026-06-30;"terça-feira";"23:38:00";"PR";376;189,7;"MARIALVA";"Velocidade Incompatível";"Colisão com objeto";"Com Vítimas Feridas";"Plena Noite";"Decrescente";"Nublado";"Dupla";"Reta";"Sim";1;0;0;1;0;0;1;1;-23,47015504;-51,82184458;"SPRF-PR";"DEL09-PR";"UOP01-DEL09-PR"
782312;2026-07-01;"quarta-feira";"00:30:00";"PR";277;3;"PARANAGUA";"Demais falhas mecânicas ou elétricas";"Colisão traseira";"Com Vítimas Feridas";"Plena Noite";"Crescente";"Nublado";"Simples";"Reta";"Sim";2;0;2;0;0;0;2;2;-25,544295;-48,559506;"SPRF-PR";"DEL01-PR";"UOP05-DEL01-PR"
782314;2026-06-30;"terça-feira";"23:20:00";"PE";407;106;"PETROLINA";"Animais na Pista";"Atropelamento de Animal";"Com Vítimas Feridas";"Plena Noite";"Decrescente";"Nublado";"Simples";"Reta";"Não";4;0;2;0;2;0;2;1;-9,23449;-40,620202;"SPRF-PE";"DEL06-PE";"UOP01-DEL06-PE"
782315;2026-07-01;"quarta-feira";"00:50:00";"PR";376;9;"MARINGA";"Ausência de reação do condutor";"Tombamento";"Com Vítimas Feridas";"Plena Noite";"Decrescente";"Céu Claro";"Dupla";"Reta";"Sim";2;0;2;0;0;0;2;1;-23,3784774;-51,9456006;"SPRF-PR";"DEL09-PR";"UOP01-DEL09-PR"
782316;2026-06-30;"terça-feira";"23:20:00";"MT";163;119,1;"RONDONOPOLIS";"Demais falhas mecânicas ou elétricas";"Colisão com objeto";"Com Vítimas Feridas";"Plena Noite";"Decrescente";"Céu Claro";"Dupla";"Reta";"Sim";1;0;1;0;0;0;1;1;-16,4933174;-54,6471055;"SPRF-MT";"DEL02-MT";"UOP01-DEL02-MT"
782318;2026-07-01;"quarta-feira";"03:20:00";"MG";459;59,3;"IPUIUNA";"Demais falhas mecânicas ou elétricas";"Saída de leito carroçável";"Sem Vítimas";"Plena Noite";"Crescente";"Céu Claro";"Simples";"Curva";"Não";1;0;0;0;1;0;0;1;-22,08872;-46,224759;"SPRF-MG";"DEL09-MG";"UOP01-DEL09-MG"
782320;2026-07-01;"quarta-feira";"05:20:00";"SP";116;146;"SAO JOSE DOS CAMPOS";"Reação tardia ou ineficiente do condutor";"Tombamento";"Com Vítimas Feridas";"Amanhecer";"Decrescente";"Nevoeiro/Neblina";"Múltipla";"Curva;Interseção de Vias";"Sim";1;0;1;0;0;0;1;1;-23,1920267;-45,8663267;"SPRF-SP";"DEL02-SP";"UOP01-DEL02-SP"
782321;2026-07-01;"quarta-feira";"06:00:00";"RS";386;415,5;"MONTENEGRO";"Animais na Pista";"Atropelamento de Animal";"Sem Vítimas";"Amanhecer";"Crescente";"Garoa/Chuvisco";"Simples";"Reta";"Não";6;0;0;0;6;0;0;1;-29,81752081;-51,43145308;"SPRF-RS";"DEL04-RS";"UOP02-DEL04-RS"
782322;2026-07-01;"quarta-feira";"00:50:00";"MA";10;251;"IMPERATRIZ";"Acessar a via sem observar a presença dos outros veículos";"Colisão transversal";"Com Vítimas Feridas";"Plena Noite";"Decrescente";"Céu Claro";"Simples";"Reta";"Sim";2;0;0;1;1;0;1;2;-5,537662;-47,46823;"SPRF-MA";"DEL04-MA";"UOP01-DEL04-MA"
782323;2026-06-30;"terça-feira";"23:00:00";"MG";40;89,7;"PARACATU";"Animais na Pista";"Atropelamento de Animal";"Sem Vítimas";"Plena Noite";"Crescente";"Céu Claro";"Simples";"Declive;Reta";"Não";6;0;0;0;6;0;0;1;-17,498978;-46,579503;"SPRF-MG";"DEL14-MG";"UOP01-DEL14-MG"
782324;2026-07-01;"quarta-feira";"06:30:00";"MG";40;520,9;"CONTAGEM";"Manobra de mudança de faixa";"Colisão lateral mesmo sentido";"Com Vítimas Feridas";"Pleno dia";"Crescente";"Céu Claro";"Dupla";"Reta";"Não";2;0;1;0;0;1;1;2;-19,85455;-44,072485;"SPRF-MG";"DEL01-MG";"UOP02-DEL01-MG"
782327;2026-07-01;"quarta-feira";"06:50:00";"SP";116;280;"EMBU DAS ARTES";"Trafegar com motocicleta (ou similar) entre as faixas";"Colisão lateral mesmo sentido";"Com Vítimas Feridas";"Pleno dia";"Decrescente";"Sol";"Dupla";"Reta";"Sim";3;0;1;0;2;0;1;2;-23,641535;-46,837012;"SPRF-SP";"DEL04-SP";"UOP01-DEL04-SP"
782328;2026-07-01;"quarta-feira";"05:50:00";"RO";364;198;"PIMENTA BUENO";"Acessar a via sem observar a presença dos outros veículos";"Colisão lateral mesmo sentido";"Com Vítimas Feridas";"Pleno dia";"Crescente";"Céu Claro";"Simples";"Reta";"Sim";3;0;3;0;0;0;3;2;-11,6707;-61,1911;"SPRF-RO";"DEL02-RO";"UOP02-DEL02-RO"
782329;2026-07-01;"quarta-feira";"07:00:00";"MG";381;491;"BETIM";"Acessar a via sem observar a presença dos outros veículos";"Colisão lateral mesmo sentido";"Com Vítimas Feridas";"Pleno dia";"Decrescente";"Céu Claro";"Múltipla";"Reta;Retorno Regulamentado";"Sim";2;0;1;0;0;1;1;2;-19,957505;-44,149908;"SPRF-MG";"DEL01-MG";"UOP03-DEL01-MG"
782330;2026-07-01;"quarta-feira";"06:20:00";"PI";343;329;"TERESINA";"Avarias e/ou desgaste excessivo no pneu";"Queda de ocupante de veículo";"Com Vítimas Feridas";"Pleno dia";"Crescente";"Céu Claro";"Simples";"Reta;Em Obras";"Não";2;0;1;0;1;0;1;1;-5,06337723;-42,64372079;"SPRF-PI";"DEL01-PI";"UOP01-DEL01-PI"
782331;2026-07-01;"quarta-feira";"04:50:00";"MS";262;296,9;"CAMPO GRANDE";"Ultrapassagem Indevida";"Colisão frontal";"Com Vítimas Feridas";"Plena Noite";"Crescente";"Céu Claro";"Simples";"Reta";"Não";2;0;0;1;1;0;1;2;-20,5072663;-54,2729531;"SPRF-MS";"DEL01-MS";"UOP05-DEL01-MS"
782334;2026-07-01;"quarta-feira";"06:40:00";"PR";476;143,9;"CURITIBA";"Reação tardia ou ineficiente do condutor";"Tombamento";"Com Vítimas Feridas";"Amanhecer";"Crescente";"Sol";"Dupla";"Reta";"Não";1;0;1;0;0;0;1;1;-25,542347;-49,313122;"SPRF-PR";"DEL01-PR";"UOP06-DEL01-PR"
782335;2026-07-01;"quarta-feira";"05:30:00";"BA";324;614,4;"SALVADOR";"Área urbana sem a presença de local apropriado para a travessia de pedestres";"Atropelamento de Pedestre";"Com Vítimas Fatais";"Amanhecer";"Decrescente";"Chuva";"Dupla";"Reta";"Sim";2;1;0;0;0;1;0;2;-12,8758398;-38,4313779;"SPRF-BA";"DEL01-BA";"UOP01-DEL01-BA"
782336;2026-07-01;"quarta-feira";"07:10:00";"PR";277;232;"FERNANDES PINHEIRO";"Ausência de reação do condutor";"Incêndio";"Sem Vítimas";"Pleno dia";"Decrescente";"Céu Claro";"Simples";"Reta";"Não";1;0;0;0;0;1;0;1;-25,46830647;-50,50749779;"SPRF-PR";"DEL08-PR";"UOP02-DEL08-PR"
782337;2026-06-30;"terça-feira";"21:21:00";"MT";163;782;"SORRISO";"Condutor Dormindo";"Saída de leito carroçável";"Com Vítimas Feridas";"Plena Noite";"Crescente";"Céu Claro";"Dupla";"Reta";"Não";1;0;1;0;0;0;1;1;-12,32882088;-55,58660763;"SPRF-MT";"DEL06-MT";"UOP02-DEL06-MT"
782338;2026-07-01;"quarta-feira";"07:12:00";"SP";153;24;"NOVA GRANADA";"Acumulo de areia ou detritos sobre o pavimento";"Saída de leito carroçável";"Com Vítimas Feridas";"Pleno dia";"Decrescente";"Céu Claro";"Simples";"Curva;Em Obras";"Não";1;0;1;0;0;0;1;1;-20,490655;-49,309827;"SPRF-SP";"DEL09-SP";"UOP01-DEL09-SP"
782339;2026-07-01;"quarta-feira";"07:40:00";"PE";101;71,8;"RECIFE";"Acostamento em desnível";"Tombamento";"Com Vítimas Feridas";"Pleno dia";"Decrescente";"Céu Claro";"Dupla";"Reta";"Sim";3;0;2;0;0;1;2;2;-8,079013;-34,943033;"SPRF-PE";"DEL01-PE";"UOP01-DEL01-PE"
782340;2026-07-01;"quarta-feira";"06:47:00";"PI";343;343;"TERESINA";"Condutor deixou de manter distância do veículo da frente";"Colisão lateral mesmo sentido";"Com Vítimas Feridas";"Pleno dia";"Crescente";"Céu Claro";"Múltipla";"Reta";"Sim";4;0;0;1;2;1;1;3;-5,08874759;-42,75938837;"SPRF-PI";"DEL01-PI";"UOP01-DEL01-PI"
782341;2026-07-01;"quarta-feira";"07:30:00";"SE";235;41;"ITABAIANA";"Reação tardia ou ineficiente do condutor";"Colisão transversal";"Com Vítimas Feridas";"Pleno dia";"Crescente";"Céu Claro";"Dupla";"Reta";"Sim";3;0;0;2;1;0;2;2;-10,76782279;-37,37918822;"SPRF-SE";"DEL01-SE";"UOP02-DEL01-SE"
782342;2026-07-01;"quarta-feira";"06:50:00";"GO";153;441;"ANAPOLIS";"Reação tardia ou ineficiente do condutor";"Colisão com objeto";"Sem Vítimas";"Pleno dia";"Crescente";"Céu Claro";"Dupla";"Reta;Aclive";"Sim";1;0;0;0;0;1;0;1;-16,33712199;-48,92271638;"SPRF-GO";"DEL02-GO";"UOP01-DEL02-GO"
782343;2026-06-30;"terça-feira";"18:35:00";"SC";470;176;"POUSO REDONDO";"Condutor deixou de manter distância do veículo da frente";"Colisão traseira";"Sem Vítimas";"Plena Noite";"Decrescente";"Céu Claro";"Simples";"Reta";"Sim";2;0;0;0;1;1;0;2;-27,25701337;-49,93480191;"SPRF-SC";"DEL04-SC";"UOP02-DEL04-SC"
782344;2026-07-01;"quarta-feira";"07:08:00";"ES";101;139,4;"LINHARES";"Condutor desrespeitou a iluminação vermelha do semáforo";"Colisão transversal";"Com Vítimas Feridas";"Pleno dia";"Decrescente";"Céu Claro";"Simples";"Interseção de Vias";"Não";2;0;2;0;0;0;2;2;-19,3101728;-40,0799666;"SPRF-ES";"DEL04-ES";"UOP01-DEL04-ES"
782345;2026-07-01;"quarta-feira";"07:20:00";"SC";101;41;"JOINVILLE";"Trafegar com motocicleta (ou similar) entre as faixas";"Colisão traseira";"Com Vítimas Feridas";"Pleno dia";"Decrescente";"Nublado";"Dupla";"Reta";"Não";3;0;2;0;1;0;2;2;-26,321762;-48,86912;"SPRF-SC";"DEL03-SC";"UOP01-DEL03-SC"
782348;2026-07-01;"quarta-feira";"07:40:00";"PB";230;25,7;"JOAO PESSOA";"Ausência de reação do condutor";"Queda de ocupante de veículo";"Com Vítimas Feridas";"Pleno dia";"Decrescente";"Céu Claro";"Dupla";"Retorno Regulamentado;Reta";"Não";2;0;0;1;1;0;1;2;-7,169595;-34,875466;"SPRF-PB";"DEL01-PB";"UOP01-DEL01-PB"
782350;2026-07-01;"quarta-feira";"07:30:00";"PR";277;81,7;"CURITIBA";"Trafegar com motocicleta (ou similar) entre as faixas";"Colisão lateral mesmo sentido";"Com Vítimas Feridas";"Pleno dia";"Crescente";"Sol";"Dupla";"Reta";"Sim";7;0;1;0;6;0;1;4;-25,458743;-49,221417;"SPRF-PR";"DEL01-PR";"UOP03-DEL01-PR"
782351;2026-07-01;"quarta-feira";"06:40:00";"MT";163;113;"RONDONOPOLIS";"Demais falhas mecânicas ou elétricas";"Queda de ocupante de veículo";"Com Vítimas Feridas";"Pleno dia";"Crescente";"Céu Claro";"Dupla";"Reta";"Não";1;0;1;0;0;0;1;1;-16,41640253;-54,70705504;"SPRF-MT";"DEL02-MT";"UOP01-DEL02-MT"
782352;2026-07-01;"quarta-feira";"08:15:00";"SC";101;205,2;"SAO JOSE";"Manobra de mudança de faixa";"Queda de ocupante de veículo";"Com Vítimas Feridas";"Pleno dia";"Decrescente";"Chuva";"Múltipla";"Interseção de Vias";"Não";2;0;1;0;1;0;1;2;-27,58785;-48,61663;"SPRF-SC";"DEL01-SC";"UOP01-DEL01-SC"
782353;2026-07-01;"quarta-feira";"08:18:00";"SP";153;75;"BADY BASSITT";"Desrespeitar a preferência no cruzamento";"Colisão transversal";"Com Vítimas Feridas";"Pleno dia";"Decrescente";"Sol";"Simples";"Rotatória";"Sim";2;0;1;0;1;0;1;2;-20,89870492;-49,43983778;"SPRF-SP";"DEL09-SP";"UOP01-DEL09-SP"
782354;2026-05-27;"quarta-feira";"06:40:00";"SE";101;103;"SAO CRISTOVAO";"Ausência de reação do condutor";"Colisão traseira";"Com Vítimas Feridas";"Pleno dia";"Decrescente";"Céu Claro";"Dupla";"Reta";"Sim";33;0;2;0;31;0;2;3;-10,95576447;-37,22491829;"SPRF-SE";"DEL02-SE";"UOP01-DEL02-SE"
782355;2026-07-01;"quarta-feira";"08:05:00";"SC";101;48,5;"JOINVILLE";"Manobra de mudança de faixa";"Colisão lateral mesmo sentido";"Com Vítimas Feridas";"Pleno dia";"Decrescente";"Nublado";"Dupla";"Reta";"Não";2;0;1;0;1;0;1;2;-26,37495374;-48,85504246;"SPRF-SC";"DEL03-SC";"UOP01-DEL03-SC"
782357;2026-07-01;"quarta-feira";"05:40:00";"RJ";116;201;"QUEIMADOS";"Reação tardia ou ineficiente do condutor";"Tombamento";"Com Vítimas Feridas";"Amanhecer";"Crescente";"Céu Claro";"Dupla";"Curva;Em Obras";"Não";1;0;1;0;0;0;1;1;-22,731265;-43,602191;"SPRF-RJ";"DEL06-RJ";"UOP02-DEL06-RJ"
782358;2026-07-01;"quarta-feira";"06:30:00";"RJ";116;201;"QUEIMADOS";"Reação tardia ou ineficiente do condutor";"Tombamento";"Com Vítimas Feridas";"Amanhecer";"Crescente";"Céu Claro";"Dupla";"Curva;Em Obras";"Não";1;0;1;0;0;0;1;1;-22,731265;-43,602191;"SPRF-RJ";"DEL06-RJ";"UOP02-DEL06-RJ"
782359;2026-07-01;"quarta-feira";"09:30:00";"PR";376;599;"CURITIBA";"Ausência de reação do condutor";"Colisão traseira";"Com Vítimas Feridas";"Pleno dia";"Crescente";"Céu Claro";"Dupla";"Reta";"Sim";2;0;1;0;1;0;1;2;-25,53087299;-49,32272851;"SPRF-PR";"DEL01-PR";"UOP03-DEL01-PR"
782361;2026-06-23;"terça-feira";"18:30:00";"MS";359;133,6;"ALCINOPOLIS";"Ausência de reação do condutor";"Colisão frontal";"Com Vítimas Feridas";"Plena Noite";"Decrescente";"Nublado";"Simples";"Reta";"Não";4;0;0;4;0;0;4;2;-18,261253;-53,949472;"SPRF-MS";"DEL06-MS";"UOP01-DEL06-MS"
782362;2026-07-01;"quarta-feira";"08:00:00";"RJ";40;112;"DUQUE DE CAXIAS";"Acessar a via sem observar a presença dos outros veículos";"Colisão traseira";"Com Vítimas Feridas";"Pleno dia";"Crescente";"Céu Claro";"Múltipla";"Reta";"Sim";3;0;1;0;1;1;1;2;-22,702483;-43,290438;"SPRF-RJ";"DEL01-RJ";"UOP02-DEL01-RJ"
782363;2026-07-01;"quarta-feira";"08:29:00";"MG";116;406,6;"GOVERNADOR VALADARES";"Condutor deixou de manter distância do veículo da frente";"Colisão traseira";"Com Vítimas Feridas";"Pleno dia";"Crescente";"Nublado";"Simples";"Reta";"Não";2;0;1;0;1;0;1;2;-18,823114;-41,986157;"SPRF-MG";"DEL06-MG";"UOP01-DEL06-MG"
782364;2026-07-01;"quarta-feira";"09:45:00";"GO";153;442;"ANAPOLIS";"Ausência de reação do condutor";"Colisão com objeto";"Com Vítimas Feridas";"Pleno dia";"Crescente";"Céu Claro";"Dupla";"Reta;Aclive";"Não";1;0;1;0;0;0;1;1;-16,350964;-48,928066;"SPRF-GO";"DEL02-GO";"UOP01-DEL02-GO"
782365;2026-07-01;"quarta-feira";"09:25:00";"PI";316;32;"DEMERVAL LOBAO";"Manobra de mudança de faixa";"Colisão transversal";"Com Vítimas Feridas";"Pleno dia";"Crescente";"Céu Claro";"Múltipla";"Reta";"Sim";3;0;0;1;2;0;1;2;-5,34595843;-42,68291473;"SPRF-PI";"DEL01-PI";"UOP02-DEL01-PI"
782370;2026-07-01;"quarta-feira";"11:00:00";"SC";470;25;"ILHOTA";"Condutor Dormindo";"Saída de leito carroçável";"Com Vítimas Feridas";"Pleno dia";"Decrescente";"Nublado";"Dupla";"Reta";"Não";2;0;2;0;0;0;2;1;-26,88618717;-48,87190199;"SPRF-SC";"DEL04-SC";"UOP04-DEL04-SC"
782372;2026-06-01;"segunda-feira";"06:00:00";"SC";280;165,2;"MAFRA";"Transitar na contramão";"Colisão frontal";"Com Vítimas Feridas";"Amanhecer";"Decrescente";"Nevoeiro/Neblina";"Simples";"Curva";"Sim";2;0;1;0;1;0;1;2;-26,176535;-49,8168047;"SPRF-SC";"DEL06-SC";"UOP01-DEL06-SC"
782374;2026-07-01;"quarta-feira";"12:00:00";"PR";277;83,1;"CURITIBA";"Condutor deixou de manter distância do veículo da frente";"Colisão traseira";"Com Vítimas Feridas";"Pleno dia";"Decrescente";"Sol";"Dupla";"Reta";"Sim";2;0;1;0;1;0;1;2;-25,450168;-49,228431;"SPRF-PR";"DEL01-PR";"UOP03-DEL01-PR"
782375;2026-06-20;"sábado";"14:30:00";"PR";376;520;"PONTA GROSSA";"Ausência de reação do condutor";"Saída de leito carroçável";"Com Vítimas Feridas";"Pleno dia";"Decrescente";"Chuva";"Dupla";"Reta";"Não";4;0;4;0;0;0;4;2;-25,2771997;-49,9234763;"SPRF-PR";"DEL03-PR";"UOP03-DEL03-PR"
782376;2026-07-01;"quarta-feira";"12:40:00";"RS";158;152;"PANAMBI";"Acessar a via sem observar a presença dos outros veículos";"Colisão transversal";"Sem Vítimas";"Pleno dia";"Decrescente";"Chuva";"Simples";"Interseção de Vias";"Sim";3;0;0;0;3;0;0;2;-28,29985637;-53,48543322;"SPRF-RS";"DEL10-RS";"UOP02-DEL10-RS"
782378;2026-07-01;"quarta-feira";"10:15:00";"PI";343;187,2;"PIRIPIRI";"Transitar no Acostamento";"Colisão lateral mesmo sentido";"Com Vítimas Feridas";"Pleno dia";"Decrescente";"Céu Claro";"Simples";"Reta";"Sim";2;0;2;0;0;0;2;2;-4,300705;-41,768373;"SPRF-PI";"DEL02-PI";"UOP01-DEL02-PI"
782379;2026-07-01;"quarta-feira";"12:53:00";"PE";101;83,8;"JABOATAO DOS GUARARAPES";"Acesso irregular";"Colisão transversal";"Com Vítimas Feridas";"Pleno dia";"Crescente";"Céu Claro";"Dupla";"Retorno Regulamentado;Reta";"Sim";3;0;1;1;1;0;2;2;-8,17787;-34,94863;"SPRF-PE";"DEL01-PE";"UOP01-DEL01-PE"
782380;2026-07-01;"quarta-feira";"12:50:00";"SC";101;207,1;"SAO JOSE";"Chuva";"Colisão traseira";"Com Vítimas Feridas";"Pleno dia";"Decrescente";"Chuva";"Múltipla";"Curva";"Não";3;0;2;0;1;0;2;2;-27,600464;-48,622906;"SPRF-SC";"DEL01-SC";"UOP01-DEL01-SC"
782381;2026-07-01;"quarta-feira";"13:20:00";"PB";230;23;"JOAO PESSOA";"Trafegar com motocicleta (ou similar) entre as faixas";"Colisão traseira";"Com Vítimas Feridas";"Pleno dia";"Decrescente";"Céu Claro";"Dupla";"Reta";"Sim";3;0;1;0;1;1;1;3;-7,1548604;-34,85619;"SPRF-PB";"DEL01-PB";"UOP01-DEL01-PB"
782385;2026-07-01;"quarta-feira";"13:35:00";"SC";101;201,8;"SAO JOSE";"Ausência de reação do condutor";"Colisão traseira";"Com Vítimas Feridas";"Pleno dia";"Decrescente";"Chuva";"Múltipla";"Reta";"Não";3;0;2;0;1;0;2;2;-27,55593994;-48,61933915;"SPRF-SC";"DEL01-SC";"UOP01-DEL01-SC"
782386;2026-07-01;"quarta-feira";"13:30:00";"RJ";101;532;"ANGRA DOS REIS";"Acessar a via sem observar a presença dos outros veículos";"Colisão transversal";"Com Vítimas Feridas";"Pleno dia";"Decrescente";"Céu Claro";"Simples";"Reta";"Sim";2;0;1;0;1;0;1;2;-23,02084819;-44,5346996;"SPRF-RJ";"DEL03-RJ";"UOP03-DEL03-RJ"
782388;2026-07-01;"quarta-feira";"11:50:00";"MG";381;196,7;"PERIQUITO";"Acessar a via sem observar a presença dos outros veículos";"Colisão transversal";"Com Vítimas Feridas";"Pleno dia";"Crescente";"Sol";"Simples";"Reta";"Não";3;0;2;0;1;0;2;2;-19,16568103;-42,24479198;"SPRF-MG";"DEL06-MG";"UOP01-DEL06-MG"
782391;2026-07-01;"quarta-feira";"07:35:00";"BA";116;8,7;"VITORIA DA CONQUISTA";"Acessar a via sem observar a presença dos outros veículos";"Colisão transversal";"Com Vítimas Feridas";"Pleno dia";"Crescente";"Garoa/Chuvisco";"Simples";"Declive;Reta";"Sim";3;0;1;1;1;0;2;2;-14,84969;-40,88307;"SPRF-BA";"DEL08-BA";"UOP01-DEL08-BA"
782392;2026-07-01;"quarta-feira";"14:40:00";"SC";101;137;"BALNEARIO CAMBORIU";"Desrespeitar a preferência no cruzamento";"Colisão transversal";"Com Vítimas Feridas";"Pleno dia";"Crescente";"Céu Claro";"Simples";"Interseção de Vias";"Sim";2;0;1;0;1;0;1;2;-27,0191419;-48,61033363;"SPRF-SC";"DEL04-SC";"UOP03-DEL04-SC"
782393;2026-07-01;"quarta-feira";"14:40:00";"RS";471;466,1;"RIO GRANDE";"Conversão proibida";"Colisão transversal";"Com Vítimas Feridas";"Pleno dia";"Crescente";"Céu Claro";"Simples";"Reta";"Não";8;0;1;0;6;1;1;3;-32,1000264;-52,32582092;"SPRF-RS";"DEL07-RS";"UOP02-DEL07-RS"
782394;2026-07-01;"quarta-feira";"12:30:00";"BA";116;836;"VITORIA DA CONQUISTA";"Condutor deixou de manter distância do veículo da frente";"Tombamento";"Com Vítimas Feridas";"Pleno dia";"Crescente";"Garoa/Chuvisco";"Simples";"Reta";"Não";2;0;0;2;0;0;2;1;-14,95898006;-40,90479104;"SPRF-BA";"DEL08-BA";"UOP01-DEL08-BA"
782395;2026-07-01;"quarta-feira";"11:40:00";"MA";316;424,7;"PERITORO";"Acessar a via sem observar a presença dos outros veículos";"Colisão transversal";"Com Vítimas Feridas";"Pleno dia";"Crescente";"Céu Claro";"Simples";"Reta";"Sim";2;0;1;0;1;0;1;2;-4,37247;-44,33649;"SPRF-MA";"DEL03-MA";"UOP01-DEL03-MA"
782397;2026-07-01;"quarta-feira";"10:40:00";"PR";277;61;"PIRAQUARA";"Ausência de reação do condutor";"Queda de ocupante de veículo";"Sem Vítimas";"Pleno dia";"Crescente";"Céu Claro";"Dupla";"Reta";"Não";1;0;0;0;1;0;0;1;-25,5464;-49,0498;"SPRF-PR";"DEL01-PR";"UOP01-DEL01-PR"
782400;2026-07-01;"quarta-feira";"14:55:00";"PB";230;12,1;"CABEDELO";"Trafegar com motocicleta (ou similar) entre as faixas";"Colisão traseira";"Com Vítimas Feridas";"Pleno dia";"Crescente";"Céu Claro";"Dupla";"Reta;Em Obras";"Sim";3;0;1;0;2;0;1;3;-7,0704146;-34,8500021;"SPRF-PB";"DEL01-PB";"UOP01-DEL01-PB"
782404;2026-07-01;"quarta-feira";"09:50:00";"PI";343;2,8;"TERESINA";"Ausência de reação do condutor";"Colisão traseira";"Com Vítimas Feridas";"Pleno dia";"Crescente";"Céu Claro";"Múltipla";"Rotatória";"Sim";2;0;1;0;1;0;1;2;-5,080667;-42,775198;"SPRF-PI";"DEL01-PI";"UOP01-DEL01-PI"
782405;2026-07-01;"quarta-feira";"12:50:00";"MT";70;496;"CUIABA";"Manobra de mudança de faixa";"Colisão lateral mesmo sentido";"Com Vítimas Feridas";"Pleno dia";"Decrescente";"Céu Claro";"Dupla";"Curva;Em Obras";"Não";4;0;1;1;1;1;2;2;-15,65901357;-56,00492597;"SPRF-MT";"DEL01-MT";"UOP02-DEL01-MT"
782409;2026-07-01;"quarta-feira";"11:20:00";"RJ";101;53;"CAMPOS DOS GOYTACAZES";"Fumaça";"Engavetamento";"Com Vítimas Feridas";"Pleno dia";"Crescente";"Céu Claro";"Simples";"Reta";"Não";7;0;1;0;6;0;1;3;-21,667998;-41,31134;"SPRF-RJ";"DEL08-RJ";"UOP01-DEL08-RJ"