"id";"data_inversa";"dia_semana";"horario";"uf";"br";"km";"municipio";"causa_acidente";"tipo_acidente";"classificacao_acidente";"fase_dia";"sentido_via";"condicao_metereologica";"tipo_pista";"tracado_via";"uso_solo";"pessoas";"mortos";"feridos_leves";"feridos_graves";"ilesos";"ignorados";"feridos";"veiculos";"latitude";"longitude";"regional";"delegacia";"uop"
782410;2026-07-01;"quarta-feira";"10:20:00";"RJ";101;282;"ITABORAI";"Acesso irregular";"Colisão transversal";"Sem Vítimas";"Pleno dia";"Decrescente";"Sol";"Múltipla";"Reta";"Sim";2;0;0;0;1;1;0;2;-22,73621098;-42,80170441;"SPRF-RJ";"DEL02-RJ";"UOP02-DEL02-RJ"
782411;2026-07-01;"quarta-feira";"16:00:00";"PB";104;137;"QUEIMADAS";"Ausência de reação do condutor";"Colisão traseira";"Com Vítimas Feridas";"Pleno dia";"Decrescente";"Céu Claro";"Simples";"Reta";"Não";2;0;1;0;1;0;1;2;-7,35215833;-35,90011167;"SPRF-PB";"DEL02-PB";"UOP03-DEL02-PB"
782412;2026-07-01;"quarta-feira";"14:00:00";"RO";364;423;"JARU";"Reação tardia ou ineficiente do condutor";"Saída de leito carroçável";"Com Vítimas Feridas";"Pleno dia";"Crescente";"Céu Claro";"Simples";"Reta;Declive";"Sim";1;0;1;0;0;0;1;1;-10,45556;-62,45833;"SPRF-RO";"DEL03-RO";"UOP02-DEL03-RO"
782413;2026-07-01;"quarta-feira";"15:30:00";"PB";101;85,8;"BAYEUX";"Reação tardia ou ineficiente do condutor";"Tombamento";"Com Vítimas Feridas";"Pleno dia";"Crescente";"Céu Claro";"Dupla";"Viaduto";"Sim";2;0;1;1;0;0;2;1;-7,150122;-34,911461;"SPRF-PB";"DEL01-PB";"UOP01-DEL01-PB"
782414;2026-06-19;"sexta-feira";"17:30:00";"PR";153;343;"REBOUCAS";"Reação tardia ou ineficiente do condutor";"Colisão traseira";"Com Vítimas Feridas";"Pleno dia";"Crescente";"Garoa/Chuvisco";"Simples";"Reta";"Não";2;0;1;0;0;1;1;2;-25,56865276;-50,6795454;"SPRF-PR";"DEL08-PR";"UOP02-DEL08-PR"
782417;2026-07-01;"quarta-feira";"16:00:00";"ES";101;287;"CARIACICA";"Acessar a via sem observar a presença dos outros veículos";"Colisão lateral mesmo sentido";"Com Vítimas Feridas";"Pleno dia";"Crescente";"Céu Claro";"Múltipla";"Interseção de Vias";"Sim";3;0;1;0;2;0;1;2;-20,265957;-40,386834;"SPRF-ES";"DEL01-ES";"UOP01-DEL01-ES"
782418;2026-07-01;"quarta-feira";"16:20:00";"RJ";116;174;"SAO JOAO DE MERITI";"Demais falhas mecânicas ou elétricas";"Tombamento";"Com Vítimas Feridas";"Pleno dia";"Crescente";"Céu Claro";"Dupla";"Reta";"Sim";1;0;1;0;0;0;1;1;-22,79206212;-43,36778848;"SPRF-RJ";"DEL06-RJ";"UOP01-DEL06-RJ"
782420;2026-07-01;"quarta-feira";"15:00:00";"PE";104;78,8;"AGRESTINA";"Ingestão de álcool pelo condutor";"Colisão lateral sentido oposto";"Com Vítimas Feridas";"Pleno dia";"Crescente";"Céu Claro";"Simples";"Curva";"Não";2;0;0;1;1;0;1;2;-8,38991;-35,97409;"SPRF-PE";"DEL02-PE";"UOP01-DEL02-PE"
782422;2026-06-13;"sábado";"17:10:00";"PR";116;123;"FAZENDA RIO GRANDE";"Reação tardia ou ineficiente do condutor";"Colisão traseira";"Com Vítimas Feridas";"Plena Noite";"Crescente";"Céu Claro";"Dupla";"Reta";"Sim";3;0;1;1;1;0;2;2;-25,625717;-49,314877;"SPRF-PR";"DEL01-PR";"UOP03-DEL01-PR"
782423;2026-07-01;"quarta-feira";"11:45:00";"RJ";101;327;"NITEROI";"Demais falhas mecânicas ou elétricas";"Queda de ocupante de veículo";"Com Vítimas Feridas";"Pleno dia";"Crescente";"Céu Claro";"Múltipla";"Reta;Ponte";"Não";2;0;2;0;0;0;2;1;-22,87095582;-43,15979004;"SPRF-RJ";"DEL02-RJ";"UOP01-DEL02-RJ"
782424;2026-07-01;"quarta-feira";"16:35:00";"PR";369;500;"CASCAVEL";"Avarias e/ou desgaste excessivo no pneu";"Tombamento";"Com Vítimas Feridas";"Pleno dia";"Crescente";"Céu Claro";"Simples";"Curva";"Não";2;0;2;0;0;0;2;1;-24,89430018;-53,35381508;"SPRF-PR";"DEL04-PR";"UOP01-DEL04-PR"
782427;2026-07-01;"quarta-feira";"17:00:00";"MG";381;377,1;"SAO GONCALO DO RIO ABAIXO";"Retorno proibido";"Colisão transversal";"Com Vítimas Feridas";"Anoitecer";"Decrescente";"Céu Claro";"Simples";"Curva;Aclive";"Não";2;0;0;1;1;0;1;2;-19,83397352;-43,37398052;"SPRF-MG";"DEL01-MG";"UOP01-DEL01-MG"
782428;2026-07-01;"quarta-feira";"16:30:00";"MG";116;702,4;"MURIAE";"Condutor deixou de manter distância do veículo da frente";"Colisão lateral mesmo sentido";"Com Vítimas Feridas";"Pleno dia";"Decrescente";"Céu Claro";"Simples";"Curva;Interseção de Vias";"Sim";2;0;1;0;1;0;1;2;-21,12486714;-42,38140225;"SPRF-MG";"DEL07-MG";"UOP02-DEL07-MG"
782429;2026-07-01;"quarta-feira";"17:10:00";"ES";101;71,8;"SAO MATEUS";"Ausência de reação do condutor";"Colisão traseira";"Com Vítimas Feridas";"Anoitecer";"Decrescente";"Céu Claro";"Simples";"Reta;Aclive";"Não";4;0;0;2;1;1;2;3;-18,76098149;-39,86339657;"SPRF-ES";"DEL04-ES";"UOP02-DEL04-ES"
782431;2026-07-01;"quarta-feira";"17:31:00";"GO";70;8;"AGUAS LINDAS DE GOIAS";"Trafegar com motocicleta (ou similar) entre as faixas";"Colisão traseira";"Com Vítimas Feridas";"Anoitecer";"Crescente";"Céu Claro";"Múltipla";"Reta;Declive";"Sim";2;0;1;0;1;0;1;2;-15,73577;-48,28252;"SPRF-DF";"DEL03-DF";"UOP02-DEL03-DF"
782433;2026-07-01;"quarta-feira";"17:20:00";"GO";40;0;"VALPARAISO DE GOIAS";"Condutor deixou de manter distância do veículo da frente";"Queda de ocupante de veículo";"Com Vítimas Feridas";"Anoitecer";"Crescente";"Céu Claro";"Múltipla";"Reta";"Sim";11;0;3;0;8;0;3;3;-16,06883529;-47,98518833;"SPRF-DF";"DEL01-DF";"UOP01-DEL01-DF"
782434;2026-07-01;"quarta-feira";"17:10:00";"BA";101;899,3;"CARAVELAS";"Ausência de reação do condutor";"Tombamento";"Com Vítimas Feridas";"Anoitecer";"Crescente";"Nublado";"Simples";"Reta";"Não";2;0;0;1;1;0;1;1;-17,727812;-39,7669;"SPRF-BA";"DEL09-BA";"UOP02-DEL09-BA"
782435;2026-07-01;"quarta-feira";"17:15:00";"GO";20;14,4;"FORMOSA";"Reação tardia ou ineficiente do condutor";"Saída de leito carroçável";"Com Vítimas Feridas";"Pleno dia";"Crescente";"Céu Claro";"Dupla";"Reta";"Não";2;0;2;0;0;0;2;1;-15,5669072;-47,2466295;"SPRF-DF";"DEL02-DF";"UOP02-DEL02-DF"
782436;2026-07-01;"quarta-feira";"17:02:00";"PE";101;78,7;"RECIFE";"Acesso irregular";"Colisão transversal";"Com Vítimas Feridas";"Anoitecer";"Crescente";"Garoa/Chuvisco";"Dupla";"Reta";"Não";3;0;1;1;0;1;2;2;-8,13126;-34,94529;"SPRF-PE";"DEL01-PE";"UOP01-DEL01-PE"
782438;2026-07-01;"quarta-feira";"17:35:00";"PR";277;79;"CURITIBA";"Ausência de reação do condutor";"Colisão traseira";"Com Vítimas Feridas";"Anoitecer";"Crescente";"Céu Claro";"Dupla";"Reta;Declive";"Não";2;0;1;0;1;0;1;2;-25,4799;-49,1988;"SPRF-PR";"DEL01-PR";"UOP08-DEL01-PR"
782439;2026-07-01;"quarta-feira";"15:55:00";"PR";277;689;"SAO MIGUEL DO IGUACU";"Condutor Dormindo";"Tombamento";"Com Vítimas Feridas";"Pleno dia";"Decrescente";"Céu Claro";"Múltipla";"Declive;Viaduto;Reta";"Sim";2;0;2;0;0;0;2;2;-25,347818;-54,23937;"SPRF-PR";"DEL05-PR";"UOP01-DEL05-PR"
782440;2026-07-01;"quarta-feira";"18:00:00";"SE";101;186,1;"UMBAUBA";"Acessar a via sem observar a presença dos outros veículos";"Colisão transversal";"Com Vítimas Feridas";"Plena Noite";"Crescente";"Nublado";"Simples";"Reta;Retorno Regulamentado";"Não";2;0;0;1;0;1;1;2;-11,39828;-37,68104;"SPRF-SE";"DEL02-SE";"UOP03-DEL02-SE"
782441;2026-07-01;"quarta-feira";"17:57:00";"SC";282;23,5;"SANTO AMARO DA IMPERATRIZ";"Ausência de reação do condutor";"Atropelamento de Pedestre";"Com Vítimas Feridas";"Plena Noite";"Crescente";"Nublado";"Simples";"Reta";"Sim";2;0;1;0;1;0;1;2;-27,6857992;-48,74130392;"SPRF-SC";"DEL01-SC";"UOP03-DEL01-SC"
782442;2026-05-22;"sexta-feira";"10:00:00";"PR";277;729;"FOZ DO IGUACU";"Problema com o freio";"Engavetamento";"Com Vítimas Feridas";"Pleno dia";"Crescente";"Garoa/Chuvisco";"Dupla";"Declive;Reta";"Sim";7;0;2;0;5;0;2;7;-25,51008384;-54,5666825;"SPRF-PR";"DEL05-PR";"UOP03-DEL05-PR"
782445;2026-06-24;"quarta-feira";"10:45:00";"SC";282;655;"SAO MIGUEL DO OESTE";"Reação tardia ou ineficiente do condutor";"Saída de leito carroçável";"Com Vítimas Feridas";"Pleno dia";"Crescente";"Céu Claro";"Simples";"Curva";"Não";1;0;0;1;0;0;1;1;-26,70035469;-53,53067843;"SPRF-SC";"DEL07-SC";"UOP03-DEL07-SC"
782446;2026-07-01;"quarta-feira";"09:33:00";"PI";343;3,3;"TERESINA";"Condutor desrespeitou a iluminação vermelha do semáforo";"Atropelamento de Pedestre";"Com Vítimas Feridas";"Pleno dia";"Crescente";"Céu Claro";"Múltipla";"Reta;Interseção de Vias";"Sim";2;0;0;1;1;0;1;2;-5,0808144;-42,78031021;"SPRF-PI";"DEL01-PI";"UOP01-DEL01-PI"
782447;2026-07-01;"quarta-feira";"18:00:00";"SE";235;62;"ITABAIANA";"Carga excessiva e/ou mal acondicionada";"Colisão com objeto";"Com Vítimas Feridas";"Plena Noite";"Crescente";"Ignorado";"Simples";"Reta";"Não";2;0;1;0;1;0;1;2;-10,60993619;-37,47657269;"SPRF-SE";"DEL01-SE";"UOP02-DEL01-SE"
782448;2026-07-01;"quarta-feira";"18:40:00";"MG";381;499;"BETIM";"Manobra de mudança de faixa";"Colisão lateral mesmo sentido";"Com Vítimas Feridas";"Plena Noite";"Crescente";"Céu Claro";"Dupla";"Reta;Aclive";"Não";3;0;1;0;2;0;1;2;-19,99300033;-44,20771837;"SPRF-MG";"DEL01-MG";"UOP03-DEL01-MG"
782450;2026-07-01;"quarta-feira";"17:30:00";"CE";222;63,5;"SAO GONCALO DO AMARANTE";"Retorno proibido";"Colisão transversal";"Com Vítimas Feridas";"Anoitecer";"Decrescente";"Céu Claro";"Dupla";"Reta";"Sim";3;0;2;0;1;0;2;2;-3,6721;-39,114601;"SPRF-CE";"DEL01-CE";"UOP03-DEL01-CE"
782452;2026-07-01;"quarta-feira";"18:00:00";"GO";60;268,1;"JANDAIA";"Velocidade Incompatível";"Saída de leito carroçável";"Com Vítimas Feridas";"Anoitecer";"Decrescente";"Céu Claro";"Dupla";"Reta";"Não";5;0;5;0;0;0;5;1;-17,206725;-50,1151;"SPRF-GO";"DEL01-GO";"UOP02-DEL01-GO"
782453;2026-07-01;"quarta-feira";"14:50:00";"MS";163;209;"CAARAPO";"Ultrapassagem Indevida";"Colisão transversal";"Com Vítimas Feridas";"Pleno dia";"Crescente";"Céu Claro";"Simples";"Reta";"Não";5;0;2;0;3;0;2;2;-22,627837;-54,819126;"SPRF-MS";"DEL04-MS";"UOP02-DEL04-MS"
782455;2026-07-01;"quarta-feira";"13:55:00";"MS";163;124,8;"NAVIRAI";"Ausência de reação do condutor";"Saída de leito carroçável";"Com Vítimas Feridas";"Pleno dia";"Crescente";"Céu Claro";"Simples";"Curva;Retorno Regulamentado";"Não";1;0;1;0;0;0;1;1;-23,073617;-54,229208;"SPRF-MS";"DEL09-MS";"UOP01-DEL09-MS"
782457;2026-07-01;"quarta-feira";"18:33:00";"PE";101;66;"RECIFE";"Trafegar com motocicleta (ou similar) entre as faixas";"Colisão traseira";"Com Vítimas Feridas";"Plena Noite";"Decrescente";"Céu Claro";"Dupla";"Reta";"Não";3;0;1;1;1;0;2;2;-8,0408;-34,94256;"SPRF-PE";"DEL01-PE";"UOP01-DEL01-PE"
782458;2026-07-01;"quarta-feira";"16:20:00";"MT";174;116;"CACERES";"Ausência de reação do condutor";"Saída de leito carroçável";"Com Vítimas Feridas";"Pleno dia";"Crescente";"Céu Claro";"Simples";"Reta";"Não";1;0;1;0;0;0;1;1;-15,837766;-57,876629;"SPRF-MT";"DEL03-MT";"UOP01-DEL03-MT"
782460;2026-07-01;"quarta-feira";"19:10:00";"SC";101;213,3;"PALHOCA";"Desrespeitar a preferência no cruzamento";"Colisão transversal";"Com Vítimas Feridas";"Plena Noite";"Decrescente";"Nublado";"Simples";"Viaduto;Reta;Interseção de Vias";"Sim";3;0;1;0;2;0;1;2;-27,63947;-48,66664;"SPRF-SC";"DEL01-SC";"UOP02-DEL01-SC"
782462;2026-07-01;"quarta-feira";"17:00:00";"RJ";101;311,9;"SAO GONCALO";"Condutor deixou de manter distância do veículo da frente";"Engavetamento";"Com Vítimas Feridas";"Pleno dia";"Crescente";"Céu Claro";"Dupla";"Reta";"Não";3;0;1;0;2;0;1;3;-22,80603118;-43,06269541;"SPRF-RJ";"DEL02-RJ";"UOP02-DEL02-RJ"
782463;2026-07-01;"quarta-feira";"18:30:00";"GO";153;633,6;"MORRINHOS";"Ingestão de álcool pelo condutor";"Colisão transversal";"Sem Vítimas";"Anoitecer";"Decrescente";"Céu Claro";"Dupla";"Retorno Regulamentado";"Não";3;0;0;0;3;0;0;2;-17,814628;-49,21;"SPRF-GO";"DEL03-GO";"UOP01-DEL03-GO"
782465;2026-07-01;"quarta-feira";"19:00:00";"RN";405;75;"APODI";"Acesso irregular";"Colisão frontal";"Com Vítimas Feridas";"Plena Noite";"Crescente";"Céu Claro";"Simples";"Interseção de Vias";"Sim";2;0;0;1;1;0;1;2;-5,66360113;-37,7980864;"SPRF-RN";"DEL04-RN";"UOP02-DEL04-RN"
782466;2026-07-01;"quarta-feira";"19:15:00";"RN";110;43,9;"MOSSORO";"Acessar a via sem observar a presença dos outros veículos";"Colisão transversal";"Com Vítimas Feridas";"Plena Noite";"Decrescente";"Céu Claro";"Simples";"Reta;Interseção de Vias";"Sim";2;0;1;0;1;0;1;2;-5,186792;-37,303353;"SPRF-RN";"DEL04-RN";"UOP01-DEL04-RN"
782467;2026-07-01;"quarta-feira";"19:30:00";"PR";376;268;"MARILANDIA DO SUL";"Ingestão de álcool pelo condutor";"Colisão com objeto";"Com Vítimas Feridas";"Plena Noite";"Decrescente";"Céu Claro";"Dupla";"Declive";"Não";1;0;1;0;0;0;1;1;-23,736164;-51,279856;"SPRF-PR";"DEL07-PR";"UOP02-DEL07-PR"
782472;2026-07-01;"quarta-feira";"19:35:00";"CE";304;53;"ARACATI";"Acessar a via sem observar a presença dos outros veículos";"Colisão transversal";"Com Vítimas Feridas";"Plena Noite";"Decrescente";"Vento";"Simples";"Reta;Interseção de Vias";"Não";2;0;0;1;1;0;1;2;-4,57347321;-37,7378118;"SPRF-CE";"DEL03-CE";"UOP02-DEL03-CE"
782474;2026-07-01;"quarta-feira";"17:30:00";"MG";262;375;"JUATUBA";"Animais na Pista";"Atropelamento de Animal";"Sem Vítimas";"Anoitecer";"Crescente";"Céu Claro";"Dupla";"Reta";"Não";1;0;0;0;1;0;0;1;-19,9535618;-44,37158458;"SPRF-MG";"DEL01-MG";"UOP03-DEL01-MG"
782475;2026-07-01;"quarta-feira";"19:45:00";"DF";60;3;"BRASILIA";"Ausência de reação do condutor";"Colisão traseira";"Com Vítimas Feridas";"Plena Noite";"Crescente";"Céu Claro";"Dupla";"Reta";"Sim";3;0;1;0;2;0;1;2;-15,890085;-48,08721;"SPRF-DF";"DEL03-DF";"UOP01-DEL03-DF"
782476;2026-07-01;"quarta-feira";"19:20:00";"PR";277;81,7;"CURITIBA";"Trafegar com motocicleta (ou similar) entre as faixas";"Colisão lateral mesmo sentido";"Com Vítimas Feridas";"Plena Noite";"Decrescente";"Céu Claro";"Dupla";"Reta";"Sim";2;0;1;0;1;0;1;2;-25,458731;-49,221564;"SPRF-PR";"DEL01-PR";"UOP03-DEL01-PR"
782477;2026-07-01;"quarta-feira";"17:30:00";"PI";316;295;"PICOS";"Ausência de reação do condutor";"Saída de leito carroçável";"Com Vítimas Feridas";"Anoitecer";"Decrescente";"Céu Claro";"Simples";"Curva";"Não";1;0;1;0;0;0;1;1;-7,021588;-41,573305;"SPRF-PI";"DEL04-PI";"UOP01-DEL04-PI"
782478;2026-07-01;"quarta-feira";"19:15:00";"SC";282;128,2;"BOM RETIRO";"Chuva";"Saída de leito carroçável";"Com Vítimas Feridas";"Plena Noite";"Decrescente";"Chuva";"Simples";"Curva;Viaduto";"Sim";2;0;0;1;1;0;1;2;-27,80385;-49,4905;"SPRF-SC";"DEL05-SC";"UOP01-DEL05-SC"
782480;2026-07-01;"quarta-feira";"09:50:00";"MG";262;787;"UBERABA";"Reação tardia ou ineficiente do condutor";"Tombamento";"Com Vítimas Feridas";"Pleno dia";"Crescente";"Céu Claro";"Dupla";"Reta";"Sim";1;0;1;0;0;0;1;1;-19,77501194;-47,91860517;"SPRF-MG";"DEL13-MG";"UOP01-DEL13-MG"
782482;2026-07-01;"quarta-feira";"17:00:00";"MS";463;95,9;"PONTA PORA";"Acesso irregular";"Colisão frontal";"Com Vítimas Feridas";"Anoitecer";"Decrescente";"Céu Claro";"Simples";"Reta";"Não";5;0;1;0;4;0;1;2;-22,6178127;-55,5822441;"SPRF-MS";"DEL04-MS";"UOP03-DEL04-MS"
782484;2026-07-01;"quarta-feira";"17:35:00";"MG";262;36,5;"MANHUACU";"Acessar a via sem observar a presença dos outros veículos";"Colisão transversal";"Com Vítimas Feridas";"Anoitecer";"Decrescente";"Céu Claro";"Simples";"Curva";"Não";2;0;1;0;1;0;1;2;-20,268237;-42,03860432;"SPRF-MG";"DEL06-MG";"UOP03-DEL06-MG"
782486;2026-07-01;"quarta-feira";"19:45:00";"MT";70;5;"BARRA DO GARCAS";"Acesso irregular";"Atropelamento de Pedestre";"Com Vítimas Feridas";"Plena Noite";"Decrescente";"Céu Claro";"Dupla";"Reta;Aclive";"Sim";4;0;0;1;0;3;1;3;-15,87818624;-52,30162589;"SPRF-MT";"DEL07-MT";"UOP01-DEL07-MT"
782487;2026-07-01;"quarta-feira";"18:15:00";"SC";282;218,9;"LAGES";"Avarias e/ou desgaste excessivo no pneu";"Colisão frontal";"Com Vítimas Feridas";"Anoitecer";"Crescente";"Chuva";"Simples";"Reta";"Sim";6;0;2;3;1;0;5;3;-27,79555;-50,32333732;"SPRF-SC";"DEL05-SC";"UOP01-DEL05-SC"
782489;2026-07-01;"quarta-feira";"18:40:00";"PA";230;643;"ALTAMIRA";"Reação tardia ou ineficiente do condutor";"Colisão traseira";"Com Vítimas Feridas";"Plena Noite";"Crescente";"Céu Claro";"Simples";"Aclive";"Sim";6;0;4;0;2;0;4;2;-3,21758557;-52,24626088;"SPRF-PA";"DEL04-PA";"UOP01-DEL04-PA"
782490;2026-06-05;"sexta-feira";"21:09:00";"AM";174;943;"MANAUS";"Pedestre andava na pista";"Colisão com objeto";"Com Vítimas Feridas";"Plena Noite";"Decrescente";"Nublado";"Simples";"Reta";"Não";2;0;2;0;0;0;2;1;-2,45867;-60,02672;"SPRF-AM";"DEL01-AM";"UOP01-DEL01-AM"
782493;2026-07-01;"quarta-feira";"23:00:00";"PR";277;7,2;"PARANAGUA";"Reação tardia ou ineficiente do condutor";"Queda de ocupante de veículo";"Com Vítimas Feridas";"Plena Noite";"Crescente";"Garoa/Chuvisco";"Dupla";"Reta;Interseção de Vias";"Sim";1;0;1;0;0;0;1;1;-25,51150287;-48,51988916;"SPRF-PR";"DEL01-PR";"UOP05-DEL01-PR"
782494;2026-07-01;"quarta-feira";"19:20:00";"RO";364;440;"JARU";"Reação tardia ou ineficiente do condutor";"Tombamento";"Com Vítimas Feridas";"Plena Noite";"Crescente";"Céu Claro";"Simples";"Reta;Declive";"Não";1;0;1;0;0;0;1;1;-10,35171;-62,58563;"SPRF-RO";"DEL03-RO";"UOP02-DEL03-RO"
782497;2026-07-01;"quarta-feira";"23:45:00";"SP";381;85;"SAO PAULO";"Reação tardia ou ineficiente do condutor";"Tombamento";"Com Vítimas Feridas";"Plena Noite";"Decrescente";"Céu Claro";"Múltipla";"Reta";"Sim";1;0;0;1;0;0;1;1;-23,4661894;-46,5709922;"SPRF-SP";"DEL03-SP";"UOP01-DEL03-SP"
782498;2026-07-01;"quarta-feira";"23:00:00";"BA";324;562;"SAO SEBASTIAO DO PASSE";"Demais falhas mecânicas ou elétricas";"Incêndio";"Sem Vítimas";"Plena Noite";"Decrescente";"Chuva";"Dupla";"Reta";"Não";1;0;0;0;0;1;0;1;-12,509688;-38,630023;"SPRF-BA";"DEL01-BA";"UOP01-DEL01-BA"
782499;2026-07-01;"quarta-feira";"22:30:00";"SC";282;467;"PONTE SERRADA";"Ausência de reação do condutor";"Saída de leito carroçável";"Com Vítimas Feridas";"Plena Noite";"Crescente";"Chuva";"Simples";"Reta";"Não";1;0;0;1;0;0;1;1;-26,8522467;-52,069835;"SPRF-SC";"DEL07-SC";"UOP04-DEL07-SC"
782501;2026-07-01;"quarta-feira";"21:40:00";"SC";280;235,8;"CANOINHAS";"Ingestão de álcool pelo condutor";"Saída de leito carroçável";"Sem Vítimas";"Plena Noite";"Crescente";"Céu Claro";"Simples";"Reta";"Sim";1;0;0;0;1;0;0;1;-26,193187;-50,4189456;"SPRF-SC";"DEL06-SC";"UOP04-DEL06-SC"
782502;2026-07-01;"quarta-feira";"23:00:00";"BA";324;514;"FEIRA DE SANTANA";"Conversão proibida";"Colisão frontal";"Com Vítimas Feridas";"Plena Noite";"Decrescente";"Céu Claro";"Simples";"Reta;Em Obras";"Sim";3;0;1;0;1;1;1;2;-12,23374;-38,94658;"SPRF-BA";"DEL02-BA";"UOP01-DEL02-BA"
782505;2026-07-02;"quinta-feira";"00:30:00";"SC";101;188;"BIGUACU";"Avarias e/ou desgaste excessivo no pneu";"Tombamento";"Com Vítimas Feridas";"Plena Noite";"Crescente";"Garoa/Chuvisco";"Múltipla";"Reta";"Não";2;0;2;0;0;0;2;1;-27,45226773;-48,63429576;"SPRF-SC";"DEL01-SC";"UOP01-DEL01-SC"
782506;2026-07-02;"quinta-feira";"00:40:00";"PR";277;357;"GUARAPUAVA";"Transitar na contramão";"Colisão frontal";"Com Vítimas Feridas";"Plena Noite";"Decrescente";"Céu Claro";"Simples";"Reta";"Não";51;0;2;0;49;0;2;2;-25,403;-51,546;"SPRF-PR";"DEL08-PR";"UOP01-DEL08-PR"
782507;2026-07-02;"quinta-feira";"02:00:00";"MG";40;785,8;"JUIZ DE FORA";"Reação tardia ou ineficiente do condutor";"Colisão com objeto";"Com Vítimas Feridas";"Plena Noite";"Crescente";"Ignorado";"Dupla";"Curva;Aclive";"Não";1;0;1;0;0;0;1;1;-21,72138;-43,442245;"SPRF-MG";"DEL05-MG";"UOP01-DEL05-MG"
782510;2026-07-02;"quinta-feira";"01:50:00";"PR";369;181;"ARAPONGAS";"Ingestão de álcool pelo condutor";"Colisão com objeto";"Sem Vítimas";"Plena Noite";"Decrescente";"Céu Claro";"Dupla";"Reta";"Não";2;0;0;0;2;0;0;1;-23,359862;-51,398083;"SPRF-PR";"DEL07-PR";"UOP03-DEL07-PR"
782513;2026-07-02;"quinta-feira";"04:35:00";"SC";280;67;"JARAGUA DO SUL";"Acessar a via sem observar a presença dos outros veículos";"Colisão traseira";"Com Vítimas Feridas";"Plena Noite";"Crescente";"Céu Claro";"Simples";"Reta";"Sim";2;0;1;1;0;0;2;2;-26,47250012;-49,11154596;"SPRF-SC";"DEL03-SC";"UOP03-DEL03-SC"
782514;2026-07-02;"quinta-feira";"05:15:00";"GO";153;271;"NOVA GLORIA";"Condutor Dormindo";"Colisão lateral sentido oposto";"Com Vítimas Feridas";"Amanhecer";"Decrescente";"Céu Claro";"Simples";"Reta;Aclive";"Não";4;0;2;2;0;0;4;2;-15,091893;-49,470946;"SPRF-GO";"DEL07-GO";"UOP02-DEL07-GO"
782515;2026-07-02;"quinta-feira";"05:10:00";"RJ";40;111;"DUQUE DE CAXIAS";"Ausência de reação do condutor";"Colisão traseira";"Com Vítimas Feridas";"Amanhecer";"Crescente";"Céu Claro";"Múltipla";"Reta";"Sim";3;0;1;0;2;0;1;2;-22,69403;-43,28816;"SPRF-RJ";"DEL01-RJ";"UOP02-DEL01-RJ"
782516;2026-07-02;"quinta-feira";"04:40:00";"MS";163;363,8;"NOVA ALVORADA DO SUL";"Transitar na contramão";"Colisão lateral sentido oposto";"Com Vítimas Feridas";"Plena Noite";"Crescente";"Céu Claro";"Dupla";"Curva";"Sim";2;0;1;0;1;0;1;2;-21,47390964;-54,38643044;"SPRF-MS";"DEL02-MS";"UOP01-DEL02-MS"
782518;2026-07-02;"quinta-feira";"00:15:00";"PI";316;286;"DOM EXPEDITO LOPES";"Velocidade Incompatível";"Colisão traseira";"Com Vítimas Feridas";"Plena Noite";"Crescente";"Céu Claro";"Simples";"Reta;Aclive";"Não";4;0;0;1;2;1;1;2;-6,97230712;-41,64286137;"SPRF-PI";"DEL04-PI";"UOP01-DEL04-PI"
782519;2026-07-02;"quinta-feira";"06:13:00";"ES";101;141,4;"LINHARES";"Demais falhas mecânicas ou elétricas";"Incêndio";"Sem Vítimas";"Amanhecer";"Decrescente";"Céu Claro";"Dupla";"Reta";"Sim";1;0;0;0;1;0;0;1;-19,3293308;-40;"SPRF-ES";"DEL04-ES";"UOP01-DEL04-ES"
782521;2026-07-02;"quinta-feira";"06:00:00";"SP";116;147;"SAO JOSE DOS CAMPOS";"Manobra de mudança de faixa";"Colisão lateral mesmo sentido";"Com Vítimas Feridas";"Pleno dia";"Crescente";"Nevoeiro/Neblina";"Dupla";"Reta";"Não";1;0;1;0;0;0;1;1;-23,19558;-45,873949;"SPRF-SP";"DEL02-SP";"UOP01-DEL02-SP"
782522;2026-07-02;"quinta-feira";"00:30:00";"PE";232;5;"RECIFE";"Reação tardia ou ineficiente do condutor";"Colisão com objeto";"Sem Vítimas";"Plena Noite";"Decrescente";"Ignorado";"Simples";"Curva";"Não";1;0;0;0;0;1;0;1;-8,06487;-34,94408;"SPRF-PE";"DEL01-PE";"UOP01-DEL01-PE"
782525;2026-07-02;"quinta-feira";"06:20:00";"PB";230;94;"GURINHEM";"Ausência de reação do condutor";"Colisão traseira";"Com Vítimas Feridas";"Pleno dia";"Decrescente";"Céu Claro";"Dupla";"Reta";"Não";3;0;2;0;0;1;2;3;-7,183992;-35,442097;"SPRF-PB";"DEL01-PB";"UOP02-DEL01-PB"
782526;2026-07-02;"quinta-feira";"06:50:00";"MA";222;667;"ACAILANDIA";"Velocidade Incompatível";"Colisão com objeto";"Com Vítimas Feridas";"Pleno dia";"Decrescente";"Céu Claro";"Simples";"Reta";"Não";2;0;2;0;0;0;2;1;-4,92590502;-47,43963336;"SPRF-MA";"DEL04-MA";"UOP03-DEL04-MA"
782527;2026-07-02;"quinta-feira";"06:45:00";"MG";381;481;"CONTAGEM";"Ausência de reação do condutor";"Colisão lateral mesmo sentido";"Com Vítimas Feridas";"Pleno dia";"Crescente";"Céu Claro";"Múltipla";"Reta";"Sim";3;0;2;0;1;0;2;2;-19,95863625;-44,06260014;"SPRF-MG";"DEL01-MG";"UOP03-DEL01-MG"