"id";"data_inversa";"dia_semana";"horario";"uf";"br";"km";"municipio";"causa_acidente";"tipo_acidente";"classificacao_acidente";"fase_dia";"sentido_via";"condicao_metereologica";"tipo_pista";"tracado_via";"uso_solo";"pessoas";"mortos";"feridos_leves";"feridos_graves";"ilesos";"ignorados";"feridos";"veiculos";"latitude";"longitude";"regional";"delegacia";"uop"
782642;2026-07-02;"quinta-feira";"18:40:00";"GO";40;14,2;"LUZIANIA";"Pedestre cruzava a pista fora da faixa";"Atropelamento de Pedestre";"Com Vítimas Feridas";"Plena Noite";"Crescente";"Céu Claro";"Dupla";"Declive";"Sim";2;0;1;0;1;0;1;2;-16,16078;-47,93164;"SPRF-DF";"DEL01-DF";"UOP01-DEL01-DF"
782643;2026-07-02;"quinta-feira";"17:50:00";"SC";101;152,6;"PORTO BELO";"Manobra de mudança de faixa";"Colisão lateral mesmo sentido";"Com Vítimas Feridas";"Anoitecer";"Decrescente";"Garoa/Chuvisco";"Dupla";"Reta";"Sim";2;0;0;1;1;0;1;2;-27,14103;-48,61008;"SPRF-SC";"DEL04-SC";"UOP03-DEL04-SC"
782644;2026-07-02;"quinta-feira";"18:40:00";"SC";101;215;"PALHOCA";"Acessar a via sem observar a presença dos outros veículos";"Colisão traseira";"Com Vítimas Feridas";"Plena Noite";"Decrescente";"Céu Claro";"Múltipla";"Reta";"Não";2;0;1;0;1;0;1;2;-27,65157264;-48,67208362;"SPRF-SC";"DEL01-SC";"UOP02-DEL01-SC"
782647;2026-07-02;"quinta-feira";"18:30:00";"SP";153;52,5;"SAO JOSE DO RIO PRETO";"Ausência de reação do condutor";"Colisão traseira";"Com Vítimas Feridas";"Plena Noite";"Crescente";"Céu Claro";"Dupla";"Reta";"Não";3;0;2;0;1;0;2;2;-20,731847;-49,338299;"SPRF-SP";"DEL09-SP";"UOP01-DEL09-SP"
782649;2026-07-02;"quinta-feira";"18:30:00";"SP";116;224;"GUARULHOS";"Trafegar com motocicleta (ou similar) entre as faixas";"Colisão lateral mesmo sentido";"Com Vítimas Feridas";"Plena Noite";"Decrescente";"Ignorado";"Múltipla";"Reta";"Sim";3;0;2;0;1;0;2;2;-23,48341793;-46,5369885;"SPRF-SP";"DEL01-SP";"UOP01-DEL01-SP"
782650;2026-07-02;"quinta-feira";"18:55:00";"PR";376;182,9;"SARANDI";"Ausência de reação do condutor";"Colisão com objeto";"Com Vítimas Feridas";"Plena Noite";"Crescente";"Céu Claro";"Dupla";"Reta";"Sim";2;0;1;0;1;0;1;1;-23,43595;-51,88163;"SPRF-PR";"DEL09-PR";"UOP01-DEL09-PR"
782652;2026-07-02;"quinta-feira";"19:20:00";"BA";116;425;"FEIRA DE SANTANA";"Reação tardia ou ineficiente do condutor";"Colisão traseira";"Com Vítimas Feridas";"Plena Noite";"Crescente";"Nublado";"Dupla";"Reta";"Sim";3;0;1;1;1;0;2;2;-12,24524;-38,986303;"SPRF-BA";"DEL02-BA";"UOP01-DEL02-BA"
782653;2026-07-02;"quinta-feira";"18:35:00";"GO";40;91,2;"CRISTALINA";"Deficiência do Sistema de Iluminação/Sinalização";"Colisão traseira";"Com Vítimas Feridas";"Anoitecer";"Decrescente";"Céu Claro";"Simples";"Reta";"Não";3;0;0;2;1;0;2;2;-16,76838485;-47,60753632;"SPRF-DF";"DEL01-DF";"UOP02-DEL01-DF"
782654;2026-07-02;"quinta-feira";"19:00:00";"MG";40;783,3;"JUIZ DE FORA";"Condutor deixou de manter distância do veículo da frente";"Colisão lateral mesmo sentido";"Com Vítimas Feridas";"Plena Noite";"Crescente";"Céu Claro";"Dupla";"Retorno Regulamentado";"Não";3;0;1;0;2;0;1;2;-21,73167868;-43,43743013;"SPRF-MG";"DEL05-MG";"UOP01-DEL05-MG"
782655;2026-07-02;"quinta-feira";"19:30:00";"CE";116;20,4;"EUSEBIO";"Entrada inopinada do pedestre";"Atropelamento de Pedestre";"Com Vítimas Feridas";"Plena Noite";"Decrescente";"Nublado";"Dupla";"Reta;Declive";"Sim";2;0;0;1;1;0;1;2;-3,92575693;-38,50774376;"SPRF-CE";"DEL01-CE";"UOP02-DEL01-CE"
782657;2026-07-02;"quinta-feira";"19:40:00";"SE";235;23;"LARANJEIRAS";"Animais na Pista";"Atropelamento de Animal";"Com Vítimas Feridas";"Plena Noite";"Crescente";"Céu Claro";"Simples";"Reta";"Não";1;0;1;0;0;0;1;1;-10,80289762;-37,26725075;"SPRF-SE";"DEL01-SE";"UOP02-DEL01-SE"
782658;2026-07-02;"quinta-feira";"19:06:00";"MS";163;6,6;"MUNDO NOVO";"Ausência de reação do condutor";"Saída de leito carroçável";"Com Vítimas Feridas";"Plena Noite";"Decrescente";"Nublado";"Dupla";"Retorno Regulamentado";"Não";1;0;1;0;0;0;1;1;-24,00392498;-54,31553839;"SPRF-MS";"DEL09-MS";"UOP02-DEL09-MS"
782659;2026-01-17;"sábado";"20:15:00";"GO";40;10;"LUZIANIA";"Acessar a via sem observar a presença dos outros veículos";"Colisão transversal";"Com Vítimas Feridas";"Plena Noite";"Crescente";"Céu Claro";"Dupla";"Retorno Regulamentado;Reta";"Não";2;0;0;2;0;0;2;2;-16,13141741;-47,957789;"SPRF-DF";"DEL01-DF";"UOP01-DEL01-DF"
782660;2026-07-02;"quinta-feira";"20:10:00";"PR";476;151;"CURITIBA";"Acessar a via sem observar a presença dos outros veículos";"Colisão transversal";"Com Vítimas Feridas";"Plena Noite";"Crescente";"Nublado";"Dupla";"Reta";"Sim";2;0;2;0;0;0;2;2;-25,56215171;-49,30832875;"SPRF-PR";"DEL01-PR";"UOP06-DEL01-PR"
782662;2026-07-02;"quinta-feira";"18:55:00";"BA";116;13,3;"VITORIA DA CONQUISTA";"Acessar a via sem observar a presença dos outros veículos";"Colisão transversal";"Com Vítimas Feridas";"Plena Noite";"Crescente";"Céu Claro";"Simples";"Curva";"Não";3;0;0;1;2;0;1;2;-14,888743;-40,87035;"SPRF-BA";"DEL08-BA";"UOP01-DEL08-BA"
782663;2026-07-02;"quinta-feira";"13:40:00";"RJ";116;125;"MAGE";"Ausência de reação do condutor";"Colisão traseira";"Com Vítimas Feridas";"Pleno dia";"Crescente";"Céu Claro";"Dupla";"Reta";"Sim";2;0;1;0;1;0;1;2;-22,653027;-43,079576;"SPRF-RJ";"DEL04-RJ";"UOP02-DEL04-RJ"
782664;2026-07-02;"quinta-feira";"17:30:00";"SC";470;231;"SAO CRISTOVAO DO SUL";"Reação tardia ou ineficiente do condutor";"Colisão lateral sentido oposto";"Com Vítimas Feridas";"Pleno dia";"Crescente";"Garoa/Chuvisco";"Simples";"Reta";"Não";5;0;2;0;3;0;2;2;-27,30422;-50,40401;"SPRF-SC";"DEL05-SC";"UOP03-DEL05-SC"
782665;2026-07-02;"quinta-feira";"19:15:00";"ES";101;65,9;"SAO MATEUS";"Acumulo de areia ou detritos sobre o pavimento";"Tombamento";"Com Vítimas Feridas";"Plena Noite";"Decrescente";"Nublado";"Múltipla";"Interseção de Vias";"Sim";1;0;1;0;0;0;1;1;-18,7159436;-39,8763733;"SPRF-ES";"DEL04-ES";"UOP02-DEL04-ES"
782667;2026-07-02;"quinta-feira";"17:30:00";"SC";480;129;"CHAPECO";"Acessar a via sem observar a presença dos outros veículos";"Colisão transversal";"Com Vítimas Feridas";"Plena Noite";"Crescente";"Garoa/Chuvisco";"Simples";"Reta";"Sim";2;0;1;1;0;0;2;2;-27,048385;-52,635593;"SPRF-SC";"DEL07-SC";"UOP01-DEL07-SC"
782668;2026-07-02;"quinta-feira";"21:00:00";"PR";277;727;"FOZ DO IGUACU";"Pista Escorregadia";"Tombamento";"Com Vítimas Feridas";"Plena Noite";"Decrescente";"Garoa/Chuvisco";"Dupla";"Reta";"Não";1;0;1;0;0;0;1;1;-25,50955053;-54,59550756;"SPRF-PR";"DEL05-PR";"UOP03-DEL05-PR"
782669;2026-07-02;"quinta-feira";"15:40:00";"RJ";485;0;"ITATIAIA";"Acessar a via sem observar a presença dos outros veículos";"Colisão transversal";"Com Vítimas Feridas";"Pleno dia";"Crescente";"Céu Claro";"Simples";"Reta";"Não";2;0;1;1;0;0;2;2;-22,486367;-44,567872;"SPRF-RJ";"DEL07-RJ";"UOP02-DEL07-RJ"
782670;2026-07-02;"quinta-feira";"19:30:00";"MT";174;31;"VILA BELA DA SANTISSIMA TRINDADE";"Animais na Pista";"Atropelamento de Animal";"Sem Vítimas";"Plena Noite";"Decrescente";"Céu Claro";"Simples";"Reta";"Não";2;0;0;0;1;1;0;1;-15,1647922;-59,5516636;"SPRF-MT";"DEL04-MT";"UOP01-DEL04-MT"
782671;2026-07-02;"quinta-feira";"16:36:00";"RJ";40;120;"DUQUE DE CAXIAS";"Avarias e/ou desgaste excessivo no pneu";"Tombamento";"Com Vítimas Feridas";"Pleno dia";"Decrescente";"Céu Claro";"Múltipla";"Reta";"Sim";1;0;1;0;0;0;1;1;-22,769981;-43,286289;"SPRF-RJ";"DEL01-RJ";"UOP02-DEL01-RJ"
782672;2026-07-02;"quinta-feira";"19:25:00";"RS";285;335;"CARAZINHO";"Condutor deixou de manter distância do veículo da frente";"Colisão traseira";"Com Vítimas Feridas";"Plena Noite";"Decrescente";"Chuva";"Simples";"Reta";"Sim";2;0;1;0;0;1;1;2;-28,31734851;-52,75346931;"SPRF-RS";"DEL08-RS";"UOP03-DEL08-RS"
782673;2026-07-02;"quinta-feira";"07:50:00";"MT";364;200;"RONDONOPOLIS";"Manobra de mudança de faixa";"Queda de ocupante de veículo";"Com Vítimas Feridas";"Plena Noite";"Decrescente";"Céu Claro";"Dupla";"Curva;Rotatória";"Não";1;0;1;0;0;0;1;1;-16,49085521;-54,64696919;"SPRF-MT";"DEL02-MT";"UOP01-DEL02-MT"
782678;2026-07-02;"quinta-feira";"19:22:00";"RJ";101;315;"SAO GONCALO";"Trafegar com motocicleta (ou similar) entre as faixas";"Colisão traseira";"Com Vítimas Feridas";"Plena Noite";"Decrescente";"Céu Claro";"Dupla";"Reta";"Sim";2;0;1;0;1;0;1;2;-22,81786554;-43,07886813;"SPRF-RJ";"DEL02-RJ";"UOP02-DEL02-RJ"
782679;2026-07-02;"quinta-feira";"21:20:00";"ES";101;66;"SAO MATEUS";"Velocidade Incompatível";"Colisão transversal";"Com Vítimas Feridas";"Plena Noite";"Crescente";"Céu Claro";"Múltipla";"Reta";"Sim";2;0;2;0;0;0;2;2;-18,71717107;-39,87366406;"SPRF-ES";"DEL04-ES";"UOP02-DEL04-ES"
782680;2026-07-02;"quinta-feira";"18:50:00";"RS";116;429;"CRISTAL";"Reação tardia ou ineficiente do condutor";"Saída de leito carroçável";"Com Vítimas Feridas";"Plena Noite";"Crescente";"Chuva";"Simples";"Reta;Aclive;Desvio Temporário;Em Obras";"Não";3;0;2;0;1;0;2;1;-31,01572953;-52,05326557;"SPRF-RS";"DEL02-RS";"UOP02-DEL02-RS"
782681;2026-07-02;"quinta-feira";"22:10:00";"BA";349;931;"CORRENTINA";"Transitar na contramão";"Colisão frontal";"Com Vítimas Fatais";"Plena Noite";"Crescente";"Ignorado";"Simples";"Reta";"Sim";13;1;0;0;12;0;0;2;-13,35468;-44,64439;"SPRF-BA";"DEL10-BA";"UOP02-DEL10-BA"
782682;2026-07-02;"quinta-feira";"22:30:00";"SP";153;68;"SAO JOSE DO RIO PRETO";"Mal súbito do condutor";"Saída de leito carroçável";"Com Vítimas Feridas";"Plena Noite";"Crescente";"Céu Claro";"Dupla";"Reta";"Sim";4;0;3;1;0;0;4;1;-20,85078555;-49,39338176;"SPRF-SP";"DEL09-SP";"UOP01-DEL09-SP"
782683;2026-07-02;"quinta-feira";"22:15:00";"MG";365;622,3;"UBERLANDIA";"Velocidade Incompatível";"Saída de leito carroçável";"Sem Vítimas";"Plena Noite";"Crescente";"Céu Claro";"Dupla";"Curva;Declive";"Sim";1;0;0;0;0;1;0;1;-18,902769;-48,27804415;"SPRF-MG";"DEL15-MG";"UOP01-DEL15-MG"
782684;2026-04-04;"sábado";"20:29:00";"MA";10;329;"ACAILANDIA";"Reação tardia ou ineficiente do condutor";"Colisão traseira";"Sem Vítimas";"Plena Noite";"Decrescente";"Céu Claro";"Simples";"Aclive";"Não";1;0;0;0;0;1;0;1;-4,866763;-47,515478;"SPRF-MA";"DEL04-MA";"UOP03-DEL04-MA"
782685;2026-07-02;"quinta-feira";"22:00:00";"PE";104;87;"AGRESTINA";"Conversão proibida";"Colisão frontal";"Com Vítimas Feridas";"Plena Noite";"Decrescente";"Céu Claro";"Simples";"Reta";"Sim";5;0;1;0;4;0;1;2;-8,45949;-35,94127;"SPRF-PE";"DEL02-PE";"UOP01-DEL02-PE"
782687;2026-07-02;"quinta-feira";"19:50:00";"RJ";101;512;"ANGRA DOS REIS";"Condutor Dormindo";"Colisão traseira";"Com Vítimas Feridas";"Plena Noite";"Decrescente";"Céu Claro";"Dupla";"Reta";"Sim";2;0;1;0;1;0;1;2;-22,959975;-44,437973;"SPRF-RJ";"DEL03-RJ";"UOP03-DEL03-RJ"
782688;2026-07-02;"quinta-feira";"22:45:00";"MG";381;505;"BETIM";"Entrada inopinada do pedestre";"Atropelamento de Pedestre";"Com Vítimas Fatais";"Plena Noite";"Decrescente";"Céu Claro";"Dupla";"Reta;Aclive";"Sim";2;1;0;0;1;0;0;2;-19,98625516;-44,20074463;"SPRF-MG";"DEL01-MG";"UOP03-DEL01-MG"
782690;2026-07-02;"quinta-feira";"20:00:00";"SC";153;13;"AGUA DOCE";"Velocidade Incompatível";"Saída de leito carroçável";"Com Vítimas Feridas";"Plena Noite";"Crescente";"Nevoeiro/Neblina";"Simples";"Reta;Interseção de Vias";"Não";4;0;2;0;2;0;2;1;-26,69858148;-51,5746936;"SPRF-SC";"DEL07-SC";"UOP07-DEL07-SC"
782691;2026-07-02;"quinta-feira";"20:15:00";"AC";364;125;"RIO BRANCO";"Desrespeitar a preferência no cruzamento";"Colisão transversal";"Com Vítimas Feridas";"Plena Noite";"Crescente";"Céu Claro";"Dupla";"Rotatória";"Sim";11;0;0;1;10;0;1;2;-10,01193938;-67,79858351;"SPRF-AC";"DEL01-AC";"UOP01-DEL01-AC"
782692;2026-07-02;"quinta-feira";"23:40:00";"ES";262;157;"IBATIBA";"Manobra de mudança de faixa";"Colisão frontal";"Com Vítimas Feridas";"Plena Noite";"Crescente";"Céu Claro";"Simples";"Reta";"Não";2;0;0;1;0;1;1;2;-20,230743;-41,4865962;"SPRF-ES";"DEL01-ES";"UOP02-DEL01-ES"
782693;2026-07-03;"sexta-feira";"00:10:00";"MG";262;363;"JUATUBA";"Entrada inopinada do pedestre";"Atropelamento de Pedestre";"Com Vítimas Feridas";"Plena Noite";"Decrescente";"Céu Claro";"Dupla";"Curva;Aclive";"Não";2;0;0;1;0;1;1;2;-19,97078566;-44,29123297;"SPRF-MG";"DEL01-MG";"UOP03-DEL01-MG"
782695;2026-07-03;"sexta-feira";"00:30:00";"PB";230;65;"SAO MIGUEL DE TAIPU";"Demais falhas mecânicas ou elétricas";"Incêndio";"Sem Vítimas";"Plena Noite";"Crescente";"Céu Claro";"Dupla";"Reta";"Não";2;0;0;0;2;0;0;1;-7,18994923;-35,18538643;"SPRF-PB";"DEL01-PB";"UOP02-DEL01-PB"
782697;2026-07-02;"quinta-feira";"23:30:00";"SP";116;112,8;"TAUBATE";"Condutor deixou de manter distância do veículo da frente";"Colisão traseira";"Com Vítimas Feridas";"Plena Noite";"Crescente";"Céu Claro";"Dupla";"Reta";"Sim";3;0;2;0;0;1;2;2;-23,04350361;-45,57904601;"SPRF-SP";"DEL02-SP";"UOP02-DEL02-SP"
782699;2026-07-02;"quinta-feira";"21:20:00";"MG";262;7,1;"MARTINS SOARES";"Velocidade Incompatível";"Colisão frontal";"Com Vítimas Fatais";"Plena Noite";"Decrescente";"Céu Claro";"Simples";"Reta";"Não";3;1;0;1;1;0;1;2;-20,255359;-41,817958;"SPRF-MG";"DEL06-MG";"UOP03-DEL06-MG"
782703;2026-07-03;"sexta-feira";"02:00:00";"SC";101;138,7;"BALNEARIO CAMBORIU";"Velocidade Incompatível";"Saída de leito carroçável";"Sem Vítimas";"Plena Noite";"Crescente";"Chuva";"Dupla";"Curva";"Sim";1;0;0;0;1;0;0;1;-27,02828;-48,60501;"SPRF-SC";"DEL04-SC";"UOP03-DEL04-SC"
782704;2026-07-03;"sexta-feira";"00:30:00";"BA";101;817;"ITAMARAJU";"Curva acentuada";"Capotamento";"Com Vítimas Feridas";"Plena Noite";"Crescente";"Nevoeiro/Neblina";"Simples";"Curva";"Não";1;0;1;0;0;0;1;1;-17,0857483;-39,5713467;"SPRF-BA";"DEL09-BA";"UOP01-DEL09-BA"
782705;2026-07-03;"sexta-feira";"02:30:00";"PR";277;484;"NOVA LARANJEIRAS";"Ausência de reação do condutor";"Saída de leito carroçável";"Sem Vítimas";"Plena Noite";"Crescente";"Nublado";"Simples";"Curva";"Não";1;0;0;0;1;0;0;1;-25,271801;-52,606038;"SPRF-PR";"DEL04-PR";"UOP02-DEL04-PR"
782706;2026-07-03;"sexta-feira";"02:42:00";"SP";116;101,5;"PINDAMONHANGABA";"Animais na Pista";"Atropelamento de Animal";"Com Vítimas Feridas";"Plena Noite";"Decrescente";"Céu Claro";"Simples";"Reta";"Não";2;0;1;0;0;1;1;2;-22,99174478;-45,4831329;"SPRF-SP";"DEL08-SP";"UOP01-DEL08-SP"
782709;2026-07-03;"sexta-feira";"03:50:00";"RS";116;149;"CAXIAS DO SUL";"Condutor desrespeitou a iluminação vermelha do semáforo";"Colisão transversal";"Com Vítimas Feridas";"Plena Noite";"Crescente";"Céu Claro";"Dupla";"Interseção de Vias";"Não";2;0;1;0;1;0;1;2;-29,17031022;-51,15933822;"SPRF-RS";"DEL05-RS";"UOP01-DEL05-RS"
782710;2026-07-03;"sexta-feira";"04:10:00";"RJ";393;184,5;"PARAIBA DO SUL";"Animais na Pista";"Atropelamento de Animal";"Com Vítimas Feridas";"Plena Noite";"Crescente";"Céu Claro";"Simples";"Curva";"Não";1;0;1;0;0;0;1;1;-22,152333;-43,303318;"SPRF-RJ";"DEL05-RJ";"UOP03-DEL05-RJ"
782711;2026-07-03;"sexta-feira";"06:15:00";"PB";230;35,7;"SANTA RITA";"Ausência de reação do condutor";"Saída de leito carroçável";"Com Vítimas Feridas";"Pleno dia";"Crescente";"Chuva";"Simples";"Curva";"Não";1;0;1;0;0;0;1;1;-7;-34,945199;"SPRF-PB";"DEL01-PB";"UOP01-DEL01-PB"
782713;2026-07-03;"sexta-feira";"06:52:00";"CE";116;179;"RUSSAS";"Desrespeitar a preferência no cruzamento";"Colisão transversal";"Com Vítimas Feridas";"Pleno dia";"Decrescente";"Céu Claro";"Simples";"Interseção de Vias";"Não";3;0;0;2;1;0;2;2;-5,0420982;-38,09093821;"SPRF-CE";"DEL03-CE";"UOP01-DEL03-CE"
782714;2026-07-03;"sexta-feira";"06:05:00";"MG";116;628,5;"SAO JOAO DO MANHUACU";"Condutor Dormindo";"Saída de leito carroçável";"Com Vítimas Feridas";"Amanhecer";"Decrescente";"Céu Claro";"Simples";"Curva";"Não";5;0;5;0;0;0;5;1;-20,43988163;-42,1648407;"SPRF-MG";"DEL07-MG";"UOP02-DEL07-MG"
782717;2026-07-03;"sexta-feira";"07:38:00";"TO";10;458;"PALMAS";"Condutor deixou de manter distância do veículo da frente";"Colisão traseira";"Com Vítimas Feridas";"Pleno dia";"Crescente";"Céu Claro";"Dupla";"Reta";"Não";3;0;2;0;1;0;2;2;-10,27572;-48,30288;"SPRF-TO";"DEL01-TO";"UOP03-DEL01-TO"
782719;2026-07-03;"sexta-feira";"06:10:00";"RJ";493;21;"MAGE";"Objeto estático sobre o leito carroçável";"Colisão com objeto";"Com Vítimas Feridas";"Amanhecer";"Decrescente";"Nevoeiro/Neblina";"Simples";"Desvio Temporário;Reta;Em Obras";"Sim";1;0;1;0;0;0;1;1;-22,66000167;-43,0481228;"SPRF-RJ";"DEL04-RJ";"UOP02-DEL04-RJ"
782720;2026-07-03;"sexta-feira";"07:25:00";"SC";101;207,4;"SAO JOSE";"Entrada inopinada do pedestre";"Atropelamento de Pedestre";"Com Vítimas Feridas";"Pleno dia";"Decrescente";"Nublado";"Múltipla";"Reta;Interseção de Vias";"Sim";3;0;1;0;2;0;1;2;-27,59953;-48,62181;"SPRF-SC";"DEL01-SC";"UOP01-DEL01-SC"
782721;2026-07-03;"sexta-feira";"07:10:00";"GO";60;97,1;"ANAPOLIS";"Manobra de mudança de faixa";"Colisão lateral mesmo sentido";"Com Vítimas Feridas";"Pleno dia";"Decrescente";"Céu Claro";"Dupla";"Retorno Regulamentado;Reta";"Sim";4;0;1;0;3;0;1;2;-16,37790381;-48,94919202;"SPRF-GO";"DEL02-GO";"UOP01-DEL02-GO"
782722;2026-07-03;"sexta-feira";"07:40:00";"PR";277;80;"CURITIBA";"Manobra de mudança de faixa";"Colisão lateral mesmo sentido";"Com Vítimas Feridas";"Pleno dia";"Crescente";"Nublado";"Dupla";"Curva";"Sim";3;0;2;0;1;0;2;2;-25,4749574;-49,20828788;"SPRF-PR";"DEL01-PR";"UOP03-DEL01-PR"
782723;2026-07-03;"sexta-feira";"07:05:00";"MG";116;701,1;"MURIAE";"Desrespeitar a preferência no cruzamento";"Colisão transversal";"Com Vítimas Feridas";"Pleno dia";"Decrescente";"Céu Claro";"Simples";"Interseção de Vias";"Sim";3;0;2;0;1;0;2;2;-21,11504367;-42,37996308;"SPRF-MG";"DEL07-MG";"UOP02-DEL07-MG"
782724;2026-07-03;"sexta-feira";"07:40:00";"SP";381;71;"SAO PAULO";"Reação tardia ou ineficiente do condutor";"Tombamento";"Com Vítimas Feridas";"Pleno dia";"Decrescente";"Céu Claro";"Dupla";"Curva";"Não";1;0;1;0;0;0;1;1;-23,35813503;-46,55025139;"SPRF-SP";"DEL03-SP";"UOP01-DEL03-SP"
782725;2026-07-03;"sexta-feira";"07:15:00";"PB";230;171,9;"CAMPINA GRANDE";"Condutor deixou de manter distância do veículo da frente";"Colisão traseira";"Sem Vítimas";"Pleno dia";"Decrescente";"Sol";"Simples";"Reta;Aclive";"Não";2;0;0;0;2;0;0;2;-7,17996;-35,99757;"SPRF-PB";"DEL02-PB";"UOP02-DEL02-PB"
782727;2026-07-03;"sexta-feira";"07:30:00";"PR";153;17;"JACAREZINHO";"Condutor deixou de manter distância do veículo da frente";"Colisão traseira";"Com Vítimas Feridas";"Pleno dia";"Decrescente";"Céu Claro";"Simples";"Reta;Em Obras";"Não";4;0;0;1;3;0;1;2;-23,1393913;-49,94633071;"SPRF-PR";"DEL07-PR";"UOP04-DEL07-PR"
782728;2026-07-03;"sexta-feira";"07:25:00";"RN";110;48;"MOSSORO";"Ausência de reação do condutor";"Colisão traseira";"Com Vítimas Feridas";"Pleno dia";"Decrescente";"Nublado";"Simples";"Reta";"Sim";3;0;1;0;2;0;1;3;-5,20874194;-37,33279006;"SPRF-RN";"DEL04-RN";"UOP01-DEL04-RN"
782729;2026-07-03;"sexta-feira";"08:05:00";"PR";277;115;"CAMPO LARGO";"Ausência de reação do condutor";"Colisão traseira";"Sem Vítimas";"Pleno dia";"Decrescente";"Nublado";"Dupla";"Reta";"Sim";2;0;0;0;2;0;0;2;-25,434673;-49,438925;"SPRF-PR";"DEL01-PR";"UOP07-DEL01-PR"
782730;2026-07-03;"sexta-feira";"06:20:00";"MS";463;106,9;"PONTA PORA";"Reação tardia ou ineficiente do condutor";"Saída de leito carroçável";"Com Vítimas Fatais";"Pleno dia";"Decrescente";"Nevoeiro/Neblina";"Simples";"Retorno Regulamentado";"Não";1;1;0;0;0;0;0;1;-22,59119908;-55,67263681;"SPRF-MS";"DEL04-MS";"UOP03-DEL04-MS"
782731;2026-07-03;"sexta-feira";"07:10:00";"BA";324;620;"SALVADOR";"Pista esburacada";"Queda de ocupante de veículo";"Com Vítimas Feridas";"Pleno dia";"Decrescente";"Nublado";"Múltipla";"Reta";"Não";2;0;0;2;0;0;2;1;-12,9145603;-38,4614983;"SPRF-BA";"DEL01-BA";"UOP01-DEL01-BA"
782732;2026-07-03;"sexta-feira";"07:30:00";"SC";101;435,7;"SOMBRIO";"Demais falhas mecânicas ou elétricas";"Tombamento";"Com Vítimas Feridas";"Pleno dia";"Crescente";"Sol";"Múltipla";"Reta";"Sim";2;0;1;0;1;0;1;1;-29,11161776;-49,63888519;"SPRF-SC";"DEL02-SC";"UOP02-DEL02-SC"
782733;2026-07-03;"sexta-feira";"06:50:00";"SC";101;375,2;"ICARA";"Desrespeitar a preferência no cruzamento";"Colisão transversal";"Com Vítimas Feridas";"Amanhecer";"Crescente";"Nublado";"Simples";"Reta";"Não";2;0;0;1;1;0;1;2;-28,73441258;-49,24635379;"SPRF-SC";"DEL02-SC";"UOP01-DEL02-SC"
782735;2026-07-03;"sexta-feira";"08:10:00";"SC";101;155;"PORTO BELO";"Ausência de reação do condutor";"Colisão traseira";"Com Vítimas Feridas";"Pleno dia";"Crescente";"Nublado";"Dupla";"Declive;Viaduto";"Sim";2;0;1;0;1;0;1;2;-27,16261843;-48,61014303;"SPRF-SC";"DEL04-SC";"UOP03-DEL04-SC"
782736;2026-07-03;"sexta-feira";"08:00:00";"RJ";101;417;"MANGARATIBA";"Acesso irregular";"Colisão lateral sentido oposto";"Com Vítimas Feridas";"Pleno dia";"Decrescente";"Céu Claro";"Simples";"Reta";"Não";2;0;1;0;1;0;1;2;-22,93259404;-44,02045727;"SPRF-RJ";"DEL03-RJ";"UOP02-DEL03-RJ"
782738;2026-07-03;"sexta-feira";"08:20:00";"GO";414;410;"ABADIANIA";"Acesso irregular";"Colisão frontal";"Com Vítimas Feridas";"Pleno dia";"Crescente";"Céu Claro";"Dupla";"Reta";"Sim";2;0;1;0;1;0;1;2;-16,0541179;-48,85359782;"SPRF-GO";"DEL02-GO";"UOP01-DEL02-GO"
782739;2026-06-23;"terça-feira";"12:30:00";"PA";163;990;"SANTAREM";"Acessar a via sem observar a presença dos outros veículos";"Colisão transversal";"Com Vítimas Feridas";"Pleno dia";"Crescente";"Céu Claro";"Simples";"Reta";"Não";2;0;1;0;1;0;1;2;-2,55510395;-54,72245353;"SPRF-PA";"DEL05-PA";"UOP01-DEL05-PA"
782740;2026-07-03;"sexta-feira";"08:30:00";"BA";101;703;"EUNAPOLIS";"Ausência de reação do condutor";"Colisão frontal";"Com Vítimas Feridas";"Pleno dia";"Decrescente";"Céu Claro";"Simples";"Curva;Declive";"Não";2;0;1;0;1;0;1;2;-16,268912;-39,581323;"SPRF-BA";"DEL09-BA";"UOP01-DEL09-BA"
782741;2026-07-03;"sexta-feira";"07:30:00";"SP";153;134;"UBARANA";"Ausência de reação do condutor";"Engavetamento";"Com Vítimas Feridas";"Pleno dia";"Decrescente";"Céu Claro";"Simples";"Aclive";"Não";4;0;2;0;2;0;2;3;-21,27567161;-49,77561593;"SPRF-SP";"DEL09-SP";"UOP01-DEL09-SP"
782742;2026-07-03;"sexta-feira";"06:45:00";"RS";471;171;"RIO PARDO";"Acessar a via sem observar a presença dos outros veículos";"Colisão transversal";"Com Vítimas Feridas";"Amanhecer";"Decrescente";"Céu Claro";"Simples";"Curva;Interseção de Vias";"Sim";3;0;3;0;0;0;3;2;-29,95606353;-52,37114875;"SPRF-RS";"DEL02-RS";"UOP03-DEL02-RS"
782745;2026-07-03;"sexta-feira";"08:30:00";"PR";376;177,5;"MARINGA";"Trafegar com motocicleta (ou similar) entre as faixas";"Colisão lateral mesmo sentido";"Com Vítimas Feridas";"Pleno dia";"Decrescente";"Nublado";"Dupla";"Reta;Interseção de Vias";"Sim";2;0;1;0;1;0;1;2;-23,41477002;-51,92572572;"SPRF-PR";"DEL09-PR";"UOP01-DEL09-PR"