"id";"data_inversa";"dia_semana";"horario";"uf";"br";"km";"municipio";"causa_acidente";"tipo_acidente";"classificacao_acidente";"fase_dia";"sentido_via";"condicao_metereologica";"tipo_pista";"tracado_via";"uso_solo";"pessoas";"mortos";"feridos_leves";"feridos_graves";"ilesos";"ignorados";"feridos";"veiculos";"latitude";"longitude";"regional";"delegacia";"uop"
782746;2026-07-03;"sexta-feira";"06:00:00";"MT";163;564;"NOVA MUTUM";"Ausência de reação do condutor";"Saída de leito carroçável";"Com Vítimas Feridas";"Pleno dia";"Decrescente";"Nublado";"Dupla";"Reta";"Não";3;0;1;2;0;0;3;1;-14,117739;-56,11837;"SPRF-MT";"DEL01-MT";"UOP01-DEL01-MT"
782747;2026-06-05;"sexta-feira";"09:50:00";"PI";343;1,6;"TERESINA";"Acessar a via sem observar a presença dos outros veículos";"Colisão transversal";"Com Vítimas Feridas";"Pleno dia";"Decrescente";"Céu Claro";"Dupla";"Reta";"Sim";2;0;1;0;1;0;1;2;-5,081023;-42,764262;"SPRF-PI";"DEL01-PI";"UOP01-DEL01-PI"
782748;2026-07-03;"sexta-feira";"09:05:00";"BA";324;515;"FEIRA DE SANTANA";"Acostamento em desnível";"Queda de ocupante de veículo";"Com Vítimas Feridas";"Pleno dia";"Decrescente";"Nublado";"Simples";"Reta";"Sim";1;0;0;1;0;0;1;1;-12,23748275;-38,94139979;"SPRF-BA";"DEL02-BA";"UOP01-DEL02-BA"
782750;2026-04-15;"quarta-feira";"06:20:00";"SC";280;50,6;"GUARAMIRIM";"Velocidade Incompatível";"Tombamento";"Com Vítimas Feridas";"Amanhecer";"Crescente";"Garoa/Chuvisco";"Múltipla";"Aclive;Em Obras;Curva";"Não";2;0;1;1;0;0;2;1;-26,463642;-48,952538;"SPRF-SC";"DEL03-SC";"UOP03-DEL03-SC"
782753;2026-07-03;"sexta-feira";"08:44:00";"PR";376;174,4;"MARINGA";"Condutor deixou de manter distância do veículo da frente";"Colisão lateral mesmo sentido";"Com Vítimas Feridas";"Pleno dia";"Crescente";"Nublado";"Dupla";"Reta;Interseção de Vias";"Sim";4;0;1;0;3;0;1;3;-23,41586959;-51,95476413;"SPRF-PR";"DEL09-PR";"UOP01-DEL09-PR"
782755;2026-07-03;"sexta-feira";"07:30:00";"GO";40;98,7;"CRISTALINA";"Reação tardia ou ineficiente do condutor";"Saída de leito carroçável";"Sem Vítimas";"Pleno dia";"Decrescente";"Céu Claro";"Simples";"Reta";"Sim";1;0;0;0;0;1;0;1;-16,776778;-47,586065;"SPRF-DF";"DEL01-DF";"UOP02-DEL01-DF"
782758;2026-07-03;"sexta-feira";"09:45:00";"PE";428;187,8;"PETROLINA";"Condutor deixou de manter distância do veículo da frente";"Colisão traseira";"Sem Vítimas";"Pleno dia";"Crescente";"Nublado";"Dupla";"Rotatória";"Sim";2;0;0;0;2;0;0;2;-9,37435705;-40,48825622;"SPRF-PE";"DEL06-PE";"UOP01-DEL06-PE"
782760;2026-06-22;"segunda-feira";"05:15:00";"PR";116;103;"SAO JOSE DOS PINHAIS";"Ausência de reação do condutor";"Colisão traseira";"Com Vítimas Feridas";"Plena Noite";"Decrescente";"Nublado";"Dupla";"Aclive;Reta";"Sim";3;0;3;0;0;0;3;3;-25,56999909;-49,18695593;"SPRF-PR";"DEL01-PR";"UOP08-DEL01-PR"
782761;2026-06-30;"terça-feira";"07:30:00";"RO";174;14;"VILHENA";"Acessar a via sem observar a presença dos outros veículos";"Colisão transversal";"Com Vítimas Feridas";"Pleno dia";"Crescente";"Céu Claro";"Dupla";"Reta";"Sim";2;0;1;0;1;0;1;2;-12,7142907;-60,12622744;"SPRF-RO";"DEL04-RO";"UOP01-DEL04-RO"
782762;2026-07-03;"sexta-feira";"10:30:00";"MG";40;511;"RIBEIRAO DAS NEVES";"Acessar a via sem observar a presença dos outros veículos";"Engavetamento";"Com Vítimas Feridas";"Pleno dia";"Crescente";"Céu Claro";"Dupla";"Reta";"Sim";4;0;0;1;3;0;1;4;-19,78388526;-44,11583796;"SPRF-MG";"DEL01-MG";"UOP02-DEL01-MG"
782764;2026-07-03;"sexta-feira";"08:10:00";"RJ";116;121;"MAGE";"Demais falhas mecânicas ou elétricas";"Saída de leito carroçável";"Com Vítimas Feridas";"Pleno dia";"Decrescente";"Céu Claro";"Dupla";"Reta";"Não";1;0;1;0;0;0;1;1;-22,63674107;-43,05396616;"SPRF-RJ";"DEL04-RJ";"UOP02-DEL04-RJ"
782766;2026-05-07;"quinta-feira";"22:00:00";"MG";262;593;"CAMPOS ALTOS";"Objeto estático sobre o leito carroçável";"Colisão com objeto";"Com Vítimas Feridas";"Plena Noite";"Crescente";"Céu Claro";"Simples";"Reta";"Não";3;0;1;0;2;0;1;1;-19,65455082;-46,22051239;"SPRF-MG";"DEL08-MG";"UOP02-DEL08-MG"
782768;2026-07-03;"sexta-feira";"08:40:00";"RJ";116;294;"BARRA MANSA";"Ausência de reação do condutor";"Queda de ocupante de veículo";"Com Vítimas Feridas";"Pleno dia";"Crescente";"Céu Claro";"Dupla";"Curva";"Não";1;0;1;0;0;0;1;1;-22,45854248;-44,29204434;"SPRF-RJ";"DEL07-RJ";"UOP02-DEL07-RJ"
782769;2026-07-03;"sexta-feira";"10:30:00";"SP";116;228;"SAO PAULO";"Trafegar com motocicleta (ou similar) entre as faixas";"Colisão lateral mesmo sentido";"Com Vítimas Feridas";"Pleno dia";"Crescente";"Nublado";"Múltipla";"Reta;Aclive";"Sim";4;0;1;0;2;1;1;4;-23,506094;-46,570236;"SPRF-SP";"DEL01-SP";"UOP01-DEL01-SP"
782770;2026-07-03;"sexta-feira";"10:18:00";"PR";153;105;"JAPIRA";"Velocidade Incompatível";"Colisão traseira";"Com Vítimas Feridas";"Pleno dia";"Crescente";"Céu Claro";"Simples";"Curva;Interseção de Vias";"Não";3;0;1;0;2;0;1;2;-23,81459232;-50,1785937;"SPRF-PR";"DEL07-PR";"UOP04-DEL07-PR"
782772;2026-07-03;"sexta-feira";"08:00:00";"RS";386;176,8;"CARAZINHO";"Demais falhas mecânicas ou elétricas";"Incêndio";"Sem Vítimas";"Pleno dia";"Crescente";"Nublado";"Simples";"Reta";"Não";1;0;0;0;1;0;0;1;-28,2822863;-52,76491866;"SPRF-RS";"DEL08-RS";"UOP01-DEL08-RS"
782773;2026-07-03;"sexta-feira";"11:00:00";"MG";381;183;"PERIQUITO";"Demais falhas mecânicas ou elétricas";"Tombamento";"Com Vítimas Feridas";"Pleno dia";"Decrescente";"Sol";"Simples";"Reta";"Não";2;0;0;2;0;0;2;1;-19,073202;-42,177583;"SPRF-MG";"DEL06-MG";"UOP01-DEL06-MG"
782779;2026-06-28;"domingo";"21:10:00";"CE";116;231,9;"ALTO SANTO";"Animais na Pista";"Atropelamento de Animal";"Com Vítimas Fatais";"Plena Noite";"Decrescente";"Céu Claro";"Simples";"Reta";"Sim";1;1;0;0;0;0;0;1;-5,412743;-38,269559;"SPRF-CE";"DEL03-CE";"UOP01-DEL03-CE"
782780;2026-07-03;"sexta-feira";"09:57:00";"RO";364;11,6;"VILHENA";"Ausência de reação do condutor";"Colisão traseira";"Com Vítimas Feridas";"Pleno dia";"Decrescente";"Céu Claro";"Dupla";"Reta";"Sim";2;0;1;0;1;0;1;2;-12,744495;-60,118488;"SPRF-RO";"DEL04-RO";"UOP01-DEL04-RO"
782781;2026-07-03;"sexta-feira";"10:15:00";"MG";40;42;"PARACATU";"Acessar a via sem observar a presença dos outros veículos";"Colisão transversal";"Com Vítimas Feridas";"Pleno dia";"Crescente";"Céu Claro";"Simples";"Interseção de Vias";"Sim";2;0;1;0;1;0;1;2;-17,22179999;-46,86576188;"SPRF-MG";"DEL14-MG";"UOP01-DEL14-MG"
782782;2026-03-13;"sexta-feira";"06:20:00";"MG";267;23;"ARGIRITA";"Pista esburacada";"Tombamento";"Com Vítimas Feridas";"Pleno dia";"Decrescente";"Céu Claro";"Simples";"Reta";"Não";1;0;1;0;0;0;1;1;-21,60527638;-42,80161143;"SPRF-MG";"DEL07-MG";"UOP01-DEL07-MG"
782784;2026-07-03;"sexta-feira";"13:00:00";"PR";116;22;"ANTONINA";"Manobra de mudança de faixa";"Colisão transversal";"Sem Vítimas";"Pleno dia";"Decrescente";"Garoa/Chuvisco";"Dupla";"Reta";"Não";2;0;0;0;2;0;0;2;-25,10391377;-48,72495532;"SPRF-PR";"DEL01-PR";"UOP02-DEL01-PR"
782785;2026-07-03;"sexta-feira";"12:00:00";"BA";116;634;"JAGUAQUARA";"Ultrapassagem Indevida";"Colisão lateral sentido oposto";"Com Vítimas Feridas";"Pleno dia";"Crescente";"Chuva";"Simples";"Reta";"Sim";7;0;2;0;5;0;2;2;-13,53224656;-40,06460667;"SPRF-BA";"DEL03-BA";"UOP01-DEL03-BA"
782786;2026-07-03;"sexta-feira";"12:02:00";"PE";423;69;"JUPI";"Acessar a via sem observar a presença dos outros veículos";"Tombamento";"Com Vítimas Fatais";"Pleno dia";"Decrescente";"Céu Claro";"Simples";"Curva;Declive";"Não";2;1;0;0;0;1;0;2;-8,677337;-36,402663;"SPRF-PE";"DEL03-PE";"UOP01-DEL03-PE"
782789;2026-07-03;"sexta-feira";"12:15:00";"BA";324;624;"SALVADOR";"Ausência de reação do condutor";"Capotamento";"Com Vítimas Feridas";"Pleno dia";"Decrescente";"Céu Claro";"Dupla";"Reta;Aclive";"Não";2;0;2;0;0;0;2;1;-12,9510083;-38,47085953;"SPRF-BA";"DEL01-BA";"UOP01-DEL01-BA"
782790;2026-07-03;"sexta-feira";"12:44:00";"RS";116;221;"DOIS IRMAOS";"Ausência de reação do condutor";"Colisão transversal";"Com Vítimas Feridas";"Pleno dia";"Decrescente";"Céu Claro";"Dupla";"Reta;Interseção de Vias";"Sim";3;0;2;0;1;0;2;2;-29,57882655;-51,09544555;"SPRF-RS";"DEL01-RS";"UOP02-DEL01-RS"
782791;2026-07-03;"sexta-feira";"12:50:00";"ES";101;144,9;"LINHARES";"Condutor desrespeitou a iluminação vermelha do semáforo";"Colisão transversal";"Com Vítimas Feridas";"Pleno dia";"Decrescente";"Céu Claro";"Simples";"Reta;Interseção de Vias";"Sim";2;0;1;0;1;0;1;2;-19,359998;-40,064438;"SPRF-ES";"DEL04-ES";"UOP01-DEL04-ES"
782792;2026-06-04;"quinta-feira";"10:45:00";"BA";242;470;"IBITIARA";"Acessar a via sem observar a presença dos outros veículos";"Colisão transversal";"Com Vítimas Feridas";"Pleno dia";"Decrescente";"Céu Claro";"Simples";"Reta";"Não";2;0;1;0;1;0;1;2;-12,46227457;-42,24373754;"SPRF-BA";"DEL06-BA";"UOP01-DEL06-BA"
782794;2026-07-03;"sexta-feira";"08:45:00";"BA";324;620;"SALVADOR";"Ausência de reação do condutor";"Tombamento";"Com Vítimas Feridas";"Pleno dia";"Decrescente";"Céu Claro";"Múltipla";"Reta";"Sim";2;0;2;0;0;0;2;1;-12,92032;-38,466077;"SPRF-BA";"DEL01-BA";"UOP01-DEL01-BA"
782795;2026-07-03;"sexta-feira";"12:20:00";"PR";153;336;"IRATI";"Acostamento em desnível";"Tombamento";"Com Vítimas Feridas";"Pleno dia";"Decrescente";"Céu Claro";"Simples";"Reta;Em Obras";"Sim";1;0;1;0;0;0;1;1;-25,507307;-50,651497;"SPRF-PR";"DEL08-PR";"UOP02-DEL08-PR"
782796;2026-07-03;"sexta-feira";"11:50:00";"GO";60;384,3;"RIO VERDE";"Objeto estático sobre o leito carroçável";"Colisão traseira";"Com Vítimas Feridas";"Pleno dia";"Decrescente";"Sol";"Múltipla";"Reta";"Sim";2;0;1;0;1;0;1;2;-17,805787;-50,923078;"SPRF-GO";"DEL04-GO";"UOP01-DEL04-GO"
782797;2026-07-03;"sexta-feira";"13:40:00";"GO";70;8;"AGUAS LINDAS DE GOIAS";"Condutor Dormindo";"Saída de leito carroçável";"Com Vítimas Feridas";"Pleno dia";"Decrescente";"Céu Claro";"Dupla";"Curva";"Sim";2;0;2;0;0;0;2;1;-15,735434;-48,279383;"SPRF-DF";"DEL03-DF";"UOP02-DEL03-DF"
782798;2026-07-03;"sexta-feira";"12:54:00";"PB";230;24,5;"JOAO PESSOA";"Manobra de mudança de faixa";"Colisão lateral mesmo sentido";"Com Vítimas Feridas";"Pleno dia";"Crescente";"Céu Claro";"Dupla";"Viaduto;Reta";"Sim";2;0;1;0;1;0;1;2;-7,16868968;-34,86476747;"SPRF-PB";"DEL01-PB";"UOP01-DEL01-PB"
782799;2026-07-03;"sexta-feira";"11:58:00";"RJ";465;5;"SEROPEDICA";"Acessar a via sem observar a presença dos outros veículos";"Colisão transversal";"Com Vítimas Feridas";"Pleno dia";"Decrescente";"Sol";"Simples";"Reta";"Sim";2;0;1;0;1;0;1;2;-22,7473238;-43,69941741;"SPRF-RJ";"DEL06-RJ";"UOP02-DEL06-RJ"
782801;2026-07-03;"sexta-feira";"12:52:00";"MS";163;77,4;"ITAQUIRAI";"Acessar a via sem observar a presença dos outros veículos";"Colisão transversal";"Com Vítimas Feridas";"Pleno dia";"Crescente";"Céu Claro";"Simples";"Reta";"Não";2;0;1;0;1;0;1;2;-23,479204;-54,186945;"SPRF-MS";"DEL09-MS";"UOP01-DEL09-MS"
782802;2026-07-03;"sexta-feira";"13:40:00";"BA";116;517;"ITATIM";"Desrespeitar a preferência no cruzamento";"Colisão transversal";"Com Vítimas Feridas";"Pleno dia";"Crescente";"Nublado";"Simples";"Reta;Interseção de Vias";"Não";3;0;0;3;0;0;3;2;-12,68806739;-39,68674469;"SPRF-BA";"DEL03-BA";"UOP02-DEL03-BA"
782803;2026-07-03;"sexta-feira";"13:50:00";"RJ";393;285;"VOLTA REDONDA";"Reação tardia ou ineficiente do condutor";"Colisão traseira";"Com Vítimas Feridas";"Pleno dia";"Decrescente";"Céu Claro";"Simples";"Reta";"Não";3;0;1;0;2;0;1;2;-22,505519;-44,072941;"SPRF-RJ";"DEL05-RJ";"UOP04-DEL05-RJ"
782804;2026-07-03;"sexta-feira";"12:45:00";"PE";232;167;"TACAIMBO";"Entrada inopinada do pedestre";"Atropelamento de Pedestre";"Com Vítimas Fatais";"Pleno dia";"Decrescente";"Céu Claro";"Simples";"Reta";"Não";3;1;2;0;0;0;2;2;-8,33991;-36,32386;"SPRF-PE";"DEL03-PE";"UOP02-DEL03-PE"
782805;2026-07-03;"sexta-feira";"14:18:00";"ES";101;58;"SAO MATEUS";"Reação tardia ou ineficiente do condutor";"Saída de leito carroçável";"Com Vítimas Feridas";"Pleno dia";"Crescente";"Céu Claro";"Simples";"Reta";"Sim";2;0;2;0;0;0;2;1;-18,65591148;-39,87142023;"SPRF-ES";"DEL04-ES";"UOP02-DEL04-ES"
782809;2026-07-03;"sexta-feira";"11:18:00";"SC";101;21;"JOINVILLE";"Avarias e/ou desgaste excessivo no pneu";"Colisão com objeto";"Com Vítimas Feridas";"Pleno dia";"Crescente";"Garoa/Chuvisco";"Dupla";"Curva";"Sim";1;0;1;0;0;0;1;1;-26,14895575;-48,90928444;"SPRF-SC";"DEL03-SC";"UOP01-DEL03-SC"
782810;2026-07-03;"sexta-feira";"14:00:00";"RS";386;396;"TRIUNFO";"Objeto estático sobre o leito carroçável";"Colisão com objeto";"Com Vítimas Feridas";"Pleno dia";"Crescente";"Céu Claro";"Dupla";"Reta";"Não";1;0;1;0;0;0;1;1;-29,729233;-51,633048;"SPRF-RS";"DEL04-RS";"UOP02-DEL04-RS"
782812;2026-07-03;"sexta-feira";"12:30:00";"BA";101;480;"URUCUCA";"Ausência de reação do condutor";"Saída de leito carroçável";"Com Vítimas Feridas";"Pleno dia";"Decrescente";"Céu Claro";"Simples";"Reta";"Não";3;0;3;0;0;0;3;1;-14,611229;-39,330437;"SPRF-BA";"DEL05-BA";"UOP01-DEL05-BA"
782813;2026-07-03;"sexta-feira";"14:30:00";"MG";116;117;"ITAOBIM";"Acessar a via sem observar a presença dos outros veículos";"Colisão transversal";"Com Vítimas Feridas";"Pleno dia";"Crescente";"Céu Claro";"Simples";"Reta;Interseção de Vias;Rotatória";"Não";6;0;2;0;4;0;2;2;-16,57665;-41,50379;"SPRF-MG";"DEL11-MG";"UOP02-DEL11-MG"
782815;2026-07-03;"sexta-feira";"14:41:00";"RN";101;95,6;"NATAL";"Reação tardia ou ineficiente do condutor";"Colisão traseira";"Com Vítimas Feridas";"Pleno dia";"Crescente";"Chuva";"Dupla";"Viaduto";"Sim";5;0;0;1;4;0;1;5;-5,84860279;-35,2083048;"SPRF-RN";"DEL01-RN";"UOP01-DEL01-RN"
782816;2026-07-03;"sexta-feira";"15:05:00";"RJ";101;308;"SAO GONCALO";"Ausência de reação do condutor";"Colisão traseira";"Com Vítimas Feridas";"Pleno dia";"Crescente";"Céu Claro";"Dupla";"Reta;Aclive";"Sim";2;0;1;0;1;0;1;2;-22,793363;-43,0288939;"SPRF-RJ";"DEL02-RJ";"UOP02-DEL02-RJ"
782817;2026-07-03;"sexta-feira";"13:00:00";"RJ";116;235;"PIRAI";"Pedestre cruzava a pista fora da faixa";"Atropelamento de Pedestre";"Com Vítimas Feridas";"Pleno dia";"Crescente";"Céu Claro";"Dupla";"Reta";"Não";2;0;1;1;0;0;2;2;-22,666758;-43,862078;"SPRF-RJ";"DEL07-RJ";"UOP01-DEL07-RJ"
782819;2026-07-03;"sexta-feira";"15:17:00";"MG";381;489;"BETIM";"Condutor deixou de manter distância do veículo da frente";"Colisão traseira";"Sem Vítimas";"Pleno dia";"Decrescente";"Céu Claro";"Dupla";"Reta";"Não";4;0;0;0;4;0;0;2;-19,9568201;-44,1377563;"SPRF-MG";"DEL01-MG";"UOP03-DEL01-MG"
782820;2026-07-03;"sexta-feira";"14:30:00";"RS";290;56,8;"GLORINHA";"Mal súbito do condutor";"Saída de leito carroçável";"Com Vítimas Feridas";"Pleno dia";"Decrescente";"Céu Claro";"Múltipla";"Reta";"Não";2;0;1;1;0;0;2;1;-29,918626;-50,827658;"SPRF-RS";"DEL03-RS";"UOP01-DEL03-RS"
782821;2026-07-03;"sexta-feira";"13:58:00";"PE";232;14,5;"JABOATAO DOS GUARARAPES";"Demais falhas mecânicas ou elétricas";"Incêndio";"Sem Vítimas";"Pleno dia";"Crescente";"Céu Claro";"Dupla";"Reta";"Sim";1;0;0;0;1;0;0;1;-8,09066;-35,02519;"SPRF-PE";"DEL01-PE";"UOP01-DEL01-PE"
782823;2026-07-03;"sexta-feira";"15:15:00";"SP";116;144;"SAO JOSE DOS CAMPOS";"Frear bruscamente";"Capotamento";"Com Vítimas Feridas";"Pleno dia";"Crescente";"Céu Claro";"Dupla";"Reta";"Não";1;0;1;0;0;0;1;1;-23,18518281;-45,85132885;"SPRF-SP";"DEL02-SP";"UOP01-DEL02-SP"
782824;2026-06-21;"domingo";"11:50:00";"MG";381;574,7;"ITAGUARA";"Acessar a via sem observar a presença dos outros veículos";"Colisão traseira";"Com Vítimas Feridas";"Pleno dia";"Decrescente";"Sol";"Dupla";"Reta;Declive";"Não";2;0;0;1;1;0;1;2;-20,44423902;-44,56465459;"SPRF-MG";"DEL04-MG";"UOP01-DEL04-MG"
782825;2026-07-03;"sexta-feira";"13:23:00";"AC";364;122;"RIO BRANCO";"Condutor deixou de manter distância do veículo da frente";"Colisão lateral mesmo sentido";"Com Vítimas Feridas";"Pleno dia";"Decrescente";"Céu Claro";"Dupla";"Reta";"Sim";2;0;2;0;0;0;2;1;-10,0119222;-67,7748946;"SPRF-AC";"DEL01-AC";"UOP01-DEL01-AC"
782826;2026-07-03;"sexta-feira";"13:40:00";"MT";163;769;"SORRISO";"Avarias e/ou desgaste excessivo no pneu";"Queda de ocupante de veículo";"Com Vítimas Feridas";"Pleno dia";"Decrescente";"Céu Claro";"Dupla";"Reta;Aclive";"Não";2;0;1;0;1;0;1;1;-12,423725;-55,640485;"SPRF-MT";"DEL06-MT";"UOP01-DEL06-MT"
782827;2026-07-03;"sexta-feira";"15:43:00";"RN";101;149;"GOIANINHA";"Acumulo de água sobre o pavimento";"Saída de leito carroçável";"Com Vítimas Feridas";"Pleno dia";"Decrescente";"Chuva";"Múltipla";"Declive";"Não";1;0;1;0;0;0;1;1;-6,27813507;-35,20543021;"SPRF-RN";"DEL01-RN";"UOP01-DEL01-RN"
782831;2026-07-03;"sexta-feira";"15:20:00";"MT";364;397;"CUIABA";"Manobra de mudança de faixa";"Colisão lateral mesmo sentido";"Com Vítimas Feridas";"Pleno dia";"Decrescente";"Nublado";"Múltipla";"Reta";"Sim";2;0;1;0;1;0;1;2;-15,669801;-55,952309;"SPRF-MT";"DEL01-MT";"UOP02-DEL01-MT"
782832;2026-07-03;"sexta-feira";"16:00:00";"MG";116;671,4;"MIRADOURO";"Velocidade Incompatível";"Colisão frontal";"Com Vítimas Feridas";"Pleno dia";"Crescente";"Céu Claro";"Simples";"Curva";"Não";3;0;1;1;1;0;2;3;-20,881;-42,337;"SPRF-MG";"DEL07-MG";"UOP02-DEL07-MG"
782834;2026-07-03;"sexta-feira";"15:00:00";"SC";470;136,7;"RIO DO SUL";"Condutor deixou de manter distância do veículo da frente";"Colisão traseira";"Com Vítimas Feridas";"Pleno dia";"Decrescente";"Sol";"Simples";"Reta";"Sim";2;0;1;0;1;0;1;2;-27,18914912;-49,6173768;"SPRF-SC";"DEL04-SC";"UOP02-DEL04-SC"
782835;2026-07-03;"sexta-feira";"16:10:00";"RJ";116;304;"PORTO REAL";"Demais falhas mecânicas ou elétricas";"Colisão traseira";"Sem Vítimas";"Pleno dia";"Crescente";"Céu Claro";"Dupla";"Reta";"Não";2;0;0;0;2;0;0;2;-22,45686929;-44,36938584;"SPRF-RJ";"DEL07-RJ";"UOP02-DEL07-RJ"
782838;2026-07-03;"sexta-feira";"16:00:00";"MG";50;174;"UBERABA";"Ausência de reação do condutor";"Queda de ocupante de veículo";"Com Vítimas Feridas";"Pleno dia";"Decrescente";"Céu Claro";"Dupla";"Viaduto;Reta";"Sim";2;0;1;1;0;0;2;1;-19,77094867;-47,9740533;"SPRF-MG";"DEL13-MG";"UOP01-DEL13-MG"
782839;2026-07-03;"sexta-feira";"14:47:00";"PE";408;65,1;"PAUDALHO";"Condutor deixou de manter distância do veículo da frente";"Colisão lateral mesmo sentido";"Sem Vítimas";"Pleno dia";"Decrescente";"Céu Claro";"Dupla";"Reta;Aclive";"Não";2;0;0;0;2;0;0;2;-7,88828;-35,1799;"SPRF-PE";"DEL01-PE";"UOP01-DEL01-PE"
782840;2026-06-15;"segunda-feira";"07:30:00";"BA";110;375;"SAO SEBASTIAO DO PASSE";"Neblina";"Colisão traseira";"Com Vítimas Feridas";"Pleno dia";"Decrescente";"Nevoeiro/Neblina";"Simples";"Aclive";"Não";2;0;1;0;1;0;1;2;-12,57082345;-38,53761917;"SPRF-BA";"DEL01-BA";"UOP01-DEL01-BA"
782841;2026-07-03;"sexta-feira";"16:30:00";"SP";116;231;"SAO PAULO";"Trafegar com motocicleta (ou similar) entre as faixas";"Colisão traseira";"Com Vítimas Feridas";"Anoitecer";"Decrescente";"Nublado";"Múltipla";"Reta";"Sim";3;0;1;0;2;0;1;2;-23,52122106;-46,58369637;"SPRF-SP";"DEL01-SP";"UOP01-DEL01-SP"
782842;2026-07-03;"sexta-feira";"14:41:00";"PB";101;81,7;"BAYEUX";"Reação tardia ou ineficiente do condutor";"Tombamento";"Com Vítimas Feridas";"Pleno dia";"Crescente";"Céu Claro";"Dupla";"Reta";"Sim";1;0;0;1;0;0;1;1;-7,12827;-34,938638;"SPRF-PB";"DEL01-PB";"UOP01-DEL01-PB"
782844;2026-07-03;"sexta-feira";"16:30:00";"TO";226;11;"PALMEIRAS DO TOCANTINS";"Demais falhas mecânicas ou elétricas";"Incêndio";"Sem Vítimas";"Pleno dia";"Decrescente";"Céu Claro";"Simples";"Reta";"Sim";2;0;0;0;2;0;0;1;-6,61468492;-47,54598347;"SPRF-TO";"DEL02-TO";"UOP03-DEL02-TO"
782845;2026-07-03;"sexta-feira";"16:50:00";"RN";304;30;"MOSSORO";"Condutor deixou de manter distância do veículo da frente";"Engavetamento";"Sem Vítimas";"Pleno dia";"Decrescente";"Garoa/Chuvisco";"Simples";"Reta";"Não";3;0;0;0;3;0;0;3;-5,118388;-37,341302;"SPRF-RN";"DEL04-RN";"UOP02-DEL04-RN"
782846;2026-07-03;"sexta-feira";"16:40:00";"RJ";116;171;"RIO DE JANEIRO";"Ingestão de álcool pelo condutor";"Colisão traseira";"Com Vítimas Feridas";"Pleno dia";"Decrescente";"Céu Claro";"Simples";"Reta";"Sim";3;0;2;0;1;0;2;2;-22,80807486;-43,33983986;"SPRF-RJ";"DEL06-RJ";"UOP01-DEL06-RJ"
782850;2026-07-03;"sexta-feira";"17:15:00";"MG";40;523,1;"CONTAGEM";"Trafegar com motocicleta (ou similar) entre as faixas";"Colisão lateral mesmo sentido";"Com Vítimas Feridas";"Anoitecer";"Decrescente";"Céu Claro";"Dupla";"Reta";"Sim";2;0;1;0;1;0;1;2;-19,869475;-44,058508;"SPRF-MG";"DEL01-MG";"UOP02-DEL01-MG"
782852;2026-07-03;"sexta-feira";"17:30:00";"ES";262;38,2;"DOMINGOS MARTINS";"Reação tardia ou ineficiente do condutor";"Tombamento";"Com Vítimas Feridas";"Anoitecer";"Crescente";"Nublado";"Dupla";"Reta;Em Obras";"Não";1;0;0;1;0;0;1;1;-20,38091333;-40,62249167;"SPRF-ES";"DEL01-ES";"UOP01-DEL01-ES"
782854;2026-07-03;"sexta-feira";"17:00:00";"RJ";101;472;"ANGRA DOS REIS";"Acessar a via sem observar a presença dos outros veículos";"Colisão transversal";"Com Vítimas Feridas";"Pleno dia";"Decrescente";"Chuva";"Dupla";"Reta";"Não";3;0;1;2;0;0;3;2;-22,988246;-44,23778;"SPRF-RJ";"DEL03-RJ";"UOP03-DEL03-RJ"
782855;2026-07-03;"sexta-feira";"17:34:00";"ES";101;71,1;"SAO MATEUS";"Condutor deixou de manter distância do veículo da frente";"Colisão traseira";"Com Vítimas Feridas";"Plena Noite";"Crescente";"Céu Claro";"Simples";"Reta";"Não";2;0;1;0;1;0;1;2;-18,75855;-39,863117;"SPRF-ES";"DEL04-ES";"UOP02-DEL04-ES"
782856;2026-07-03;"sexta-feira";"17:40:00";"PE";101;68;"RECIFE";"Trafegar com motocicleta (ou similar) entre as faixas";"Colisão lateral mesmo sentido";"Com Vítimas Feridas";"Anoitecer";"Crescente";"Céu Claro";"Múltipla";"Rotatória";"Sim";4;0;2;0;2;0;2;3;-8,05188;-34,94654;"SPRF-PE";"DEL01-PE";"UOP01-DEL01-PE"
782858;2026-07-03;"sexta-feira";"17:45:00";"ES";101;71;"SAO MATEUS";"Acessar a via sem observar a presença dos outros veículos";"Colisão transversal";"Com Vítimas Feridas";"Anoitecer";"Crescente";"Céu Claro";"Simples";"Interseção de Vias";"Não";2;0;1;0;1;0;1;2;-18,7544252;-39,8627632;"SPRF-ES";"DEL04-ES";"UOP02-DEL04-ES"
782862;2026-07-03;"sexta-feira";"17:30:00";"SC";470;140;"RIO DO SUL";"Trafegar com motocicleta (ou similar) entre as faixas";"Atropelamento de Pedestre";"Com Vítimas Feridas";"Pleno dia";"Decrescente";"Céu Claro";"Simples";"Reta";"Sim";2;0;1;0;1;0;1;2;-27,20355459;-49,635355;"SPRF-SC";"DEL04-SC";"UOP02-DEL04-SC"
782863;2026-07-03;"sexta-feira";"16:25:00";"SC";280;51,5;"GUARAMIRIM";"Acessar a via sem observar a presença dos outros veículos";"Colisão lateral mesmo sentido";"Com Vítimas Feridas";"Pleno dia";"Crescente";"Garoa/Chuvisco";"Dupla";"Reta;Interseção de Vias";"Sim";2;0;1;0;1;0;1;2;-26,46741624;-48,96110471;"SPRF-SC";"DEL03-SC";"UOP03-DEL03-SC"