"id";"data_inversa";"dia_semana";"horario";"uf";"br";"km";"municipio";"causa_acidente";"tipo_acidente";"classificacao_acidente";"fase_dia";"sentido_via";"condicao_metereologica";"tipo_pista";"tracado_via";"uso_solo";"pessoas";"mortos";"feridos_leves";"feridos_graves";"ilesos";"ignorados";"feridos";"veiculos";"latitude";"longitude";"regional";"delegacia";"uop"
782864;2026-07-03;"sexta-feira";"18:25:00";"RN";101;118,7;"SAO JOSE DE MIPIBU";"Ausência de reação do condutor";"Colisão traseira";"Com Vítimas Feridas";"Plena Noite";"Decrescente";"Céu Claro";"Dupla";"Reta";"Não";3;0;1;0;2;0;1;2;-6,016102;-35,253445;"SPRF-RN";"DEL01-RN";"UOP01-DEL01-RN"
782865;2026-07-03;"sexta-feira";"18:10:00";"PR";153;41,9;"SANTO ANTONIO DA PLATINA";"Acessar a via sem observar a presença dos outros veículos";"Colisão transversal";"Com Vítimas Feridas";"Anoitecer";"Decrescente";"Céu Claro";"Simples";"Em Obras;Interseção de Vias";"Sim";2;0;1;0;1;0;1;2;-23,297344;-50,068671;"SPRF-PR";"DEL07-PR";"UOP04-DEL07-PR"
782866;2026-07-03;"sexta-feira";"18:20:00";"MG";50;72;"UBERLANDIA";"Ausência de reação do condutor";"Colisão traseira";"Com Vítimas Feridas";"Plena Noite";"Crescente";"Ignorado";"Dupla";"Reta";"Sim";2;0;1;0;1;0;1;2;-18,88967;-48,257795;"SPRF-MG";"DEL15-MG";"UOP01-DEL15-MG"
782868;2026-07-03;"sexta-feira";"18:16:00";"SP";116;211;"GUARULHOS";"Entrada inopinada do pedestre";"Atropelamento de Pedestre";"Com Vítimas Feridas";"Anoitecer";"Decrescente";"Céu Claro";"Dupla";"Reta";"Sim";2;0;1;0;1;0;1;2;-23,434998;-46,425522;"SPRF-SP";"DEL01-SP";"UOP01-DEL01-SP"
782870;2026-07-03;"sexta-feira";"18:30:00";"PB";230;19;"JOAO PESSOA";"Manobra de mudança de faixa";"Colisão lateral mesmo sentido";"Com Vítimas Feridas";"Plena Noite";"Decrescente";"Garoa/Chuvisco";"Dupla";"Reta";"Sim";2;0;1;0;0;1;1;2;-7,12990043;-34,85088436;"SPRF-PB";"DEL01-PB";"UOP01-DEL01-PB"
782872;2026-07-03;"sexta-feira";"18:50:00";"PB";230;20,8;"JOAO PESSOA";"Acostamento em desnível";"Tombamento";"Com Vítimas Feridas";"Plena Noite";"Crescente";"Garoa/Chuvisco";"Dupla";"Reta";"Sim";2;0;2;0;0;0;2;1;-7,142752;-34,851693;"SPRF-PB";"DEL01-PB";"UOP01-DEL01-PB"
782874;2026-07-03;"sexta-feira";"19:00:00";"DF";20;5;"BRASILIA";"Ausência de reação do condutor";"Colisão lateral mesmo sentido";"Com Vítimas Feridas";"Plena Noite";"Crescente";"Céu Claro";"Dupla";"Reta;Declive";"Não";2;0;1;0;1;0;1;2;-15,67014;-47,81551;"SPRF-DF";"DEL02-DF";"UOP01-DEL02-DF"
782875;2026-07-03;"sexta-feira";"18:20:00";"RJ";101;318;"SAO GONCALO";"Manobra de mudança de faixa";"Colisão lateral mesmo sentido";"Com Vítimas Feridas";"Plena Noite";"Decrescente";"Céu Claro";"Simples";"Reta";"Sim";2;0;1;0;1;0;1;2;-22,8525537;-43,0964045;"SPRF-RJ";"DEL02-RJ";"UOP02-DEL02-RJ"
782876;2026-07-03;"sexta-feira";"16:26:00";"PI";343;592,5;"FLORIANO";"Manobra de mudança de faixa";"Colisão transversal";"Com Vítimas Feridas";"Pleno dia";"Decrescente";"Sol";"Simples";"Reta";"Sim";2;0;1;0;1;0;1;2;-6,778838;-43,034567;"SPRF-PI";"DEL03-PI";"UOP01-DEL03-PI"
782877;2026-07-03;"sexta-feira";"16:30:00";"MA";135;199;"ALTO ALEGRE DO MARANHAO";"Ultrapassagem Indevida";"Colisão lateral mesmo sentido";"Sem Vítimas";"Pleno dia";"Crescente";"Céu Claro";"Simples";"Reta";"Sim";4;0;0;0;4;0;0;2;-4,193587;-44,467827;"SPRF-MA";"DEL03-MA";"UOP01-DEL03-MA"
782881;2026-07-03;"sexta-feira";"11:20:00";"MT";70;696,5;"CACERES";"Neblina";"Colisão com objeto";"Com Vítimas Feridas";"Pleno dia";"Decrescente";"Nevoeiro/Neblina";"Simples";"Curva";"Não";2;0;1;0;1;0;1;1;-16,249005;-57,47474;"SPRF-MT";"DEL03-MT";"UOP01-DEL03-MT"
782882;2026-07-03;"sexta-feira";"19:00:00";"RJ";116;170;"RIO DE JANEIRO";"Manobra de mudança de faixa";"Colisão traseira";"Com Vítimas Feridas";"Plena Noite";"Crescente";"Céu Claro";"Dupla";"Reta";"Sim";2;0;1;0;0;1;1;2;-22,806321;-43,342406;"SPRF-RJ";"DEL06-RJ";"UOP01-DEL06-RJ"
782883;2026-07-03;"sexta-feira";"17:50:00";"PR";153;13,4;"JACAREZINHO";"Manobra de mudança de faixa";"Colisão lateral mesmo sentido";"Com Vítimas Feridas";"Anoitecer";"Crescente";"Céu Claro";"Simples";"Reta;Em Obras";"Não";2;0;0;1;1;0;1;2;-23,10847937;-49,94176324;"SPRF-PR";"DEL07-PR";"UOP04-DEL07-PR"
782884;2026-07-03;"sexta-feira";"18:55:00";"GO";20;184;"SIMOLANDIA";"Animais na Pista";"Atropelamento de Animal";"Com Vítimas Feridas";"Plena Noite";"Decrescente";"Céu Claro";"Dupla";"Reta";"Sim";2;0;2;0;0;0;2;1;-14,461102;-46,477697;"SPRF-DF";"DEL02-DF";"UOP03-DEL02-DF"
782886;2026-07-03;"sexta-feira";"19:17:00";"RN";101;102;"PARNAMIRIM";"Reação tardia ou ineficiente do condutor";"Queda de ocupante de veículo";"Com Vítimas Feridas";"Plena Noite";"Crescente";"Céu Claro";"Dupla";"Reta";"Sim";2;0;1;1;0;0;2;2;-5,8880183;-35,238325;"SPRF-RN";"DEL01-RN";"UOP01-DEL01-RN"
782888;2026-07-03;"sexta-feira";"19:30:00";"PR";369;183,9;"ARAPONGAS";"Reação tardia ou ineficiente do condutor";"Engavetamento";"Com Vítimas Feridas";"Plena Noite";"Crescente";"Céu Claro";"Dupla";"Reta;Interseção de Vias";"Não";4;0;1;0;3;0;1;3;-23,385029;-51,419286;"SPRF-PR";"DEL07-PR";"UOP03-DEL07-PR"
782890;2026-07-03;"sexta-feira";"18:10:00";"PE";104;63;"CARUARU";"Área urbana sem a presença de local apropriado para a travessia de pedestres";"Atropelamento de Pedestre";"Com Vítimas Fatais";"Plena Noite";"Decrescente";"Céu Claro";"Dupla";"Reta";"Sim";2;1;0;0;0;1;0;2;-8,264609;-35,977165;"SPRF-PE";"DEL02-PE";"UOP01-DEL02-PE"
782891;2026-07-03;"sexta-feira";"17:50:00";"MG";116;764;"LEOPOLDINA";"Acessar a via sem observar a presença dos outros veículos";"Colisão lateral mesmo sentido";"Com Vítimas Feridas";"Anoitecer";"Decrescente";"Céu Claro";"Simples";"Rotatória";"Não";2;0;1;0;1;0;1;2;-21,520947;-42,65103;"SPRF-MG";"DEL07-MG";"UOP01-DEL07-MG"
782892;2026-07-03;"sexta-feira";"18:10:00";"SC";101;337;"TUBARAO";"Demais falhas mecânicas ou elétricas";"Incêndio";"Sem Vítimas";"Plena Noite";"Decrescente";"Céu Claro";"Múltipla";"Aclive;Em Obras";"Não";1;0;0;0;1;0;0;1;-28,49163471;-49,03959688;"SPRF-SC";"DEL02-SC";"UOP01-DEL02-SC"
782895;2026-07-03;"sexta-feira";"17:00:00";"MG";50;151;"UBERABA";"Pista Escorregadia";"Tombamento";"Com Vítimas Feridas";"Anoitecer";"Decrescente";"Céu Claro";"Dupla";"Retorno Regulamentado";"Não";1;0;1;0;0;0;1;1;-19,577553;-48,031877;"SPRF-MG";"DEL13-MG";"UOP01-DEL13-MG"
782896;2026-07-03;"sexta-feira";"19:15:00";"GO";60;95;"ANAPOLIS";"Demais falhas mecânicas ou elétricas";"Tombamento";"Sem Vítimas";"Plena Noite";"Decrescente";"Céu Claro";"Dupla";"Reta";"Sim";1;0;0;0;0;1;0;1;-16,36507094;-48,93603122;"SPRF-GO";"DEL02-GO";"UOP01-DEL02-GO"
782898;2026-07-03;"sexta-feira";"17:20:00";"PE";101;1;"GOIANA";"Avarias e/ou desgaste excessivo no pneu";"Queda de ocupante de veículo";"Com Vítimas Feridas";"Plena Noite";"Decrescente";"Céu Claro";"Dupla";"Reta";"Não";2;0;1;0;0;1;1;1;-7,511097;-34,987678;"SPRF-PE";"DEL01-PE";"UOP02-DEL01-PE"
782899;2026-07-03;"sexta-feira";"19:55:00";"ES";101;66,5;"SAO MATEUS";"Ausência de reação do condutor";"Colisão transversal";"Com Vítimas Feridas";"Plena Noite";"Decrescente";"Céu Claro";"Dupla";"Reta";"Sim";2;0;2;0;0;0;2;2;-18,7183654;-39,870086;"SPRF-ES";"DEL04-ES";"UOP02-DEL04-ES"
782901;2026-07-03;"sexta-feira";"19:45:00";"PR";277;613,1;"SANTA TEREZA DO OESTE";"Reação tardia ou ineficiente do condutor";"Colisão traseira";"Sem Vítimas";"Plena Noite";"Decrescente";"Céu Claro";"Simples";"Reta";"Sim";3;0;0;0;3;0;0;2;-25,0516727;-53,62711072;"SPRF-PR";"DEL05-PR";"UOP02-DEL05-PR"
782902;2026-07-03;"sexta-feira";"19:45:00";"MG";262;817;"UBERABA";"Condutor deixou de manter distância do veículo da frente";"Colisão traseira";"Com Vítimas Feridas";"Plena Noite";"Decrescente";"Céu Claro";"Dupla";"Aclive;Viaduto;Retorno Regulamentado;Rotatória";"Não";7;0;3;0;4;0;3;2;-19,762774;-48,137762;"SPRF-MG";"DEL13-MG";"UOP01-DEL13-MG"
782903;2026-07-03;"sexta-feira";"15:30:00";"RJ";101;54,9;"CAMPOS DOS GOYTACAZES";"Acessar a via sem observar a presença dos outros veículos";"Colisão transversal";"Sem Vítimas";"Pleno dia";"Crescente";"Céu Claro";"Simples";"Reta;Interseção de Vias";"Sim";3;0;0;0;2;1;0;3;-21,678025;-41,310817;"SPRF-RJ";"DEL08-RJ";"UOP01-DEL08-RJ"
782904;2026-07-03;"sexta-feira";"16:30:00";"PA";422;21;"NOVO REPARTIMENTO";"Avarias e/ou desgaste excessivo no pneu";"Colisão frontal";"Com Vítimas Fatais";"Pleno dia";"Crescente";"Céu Claro";"Simples";"Reta";"Não";5;3;2;0;0;0;2;2;-4,099765;-49,855278;"SPRF-PA";"DEL03-PA";"UOP01-DEL03-PA"
782905;2026-06-21;"domingo";"18:00:00";"ES";262;168,4;"IBATIBA";"Ultrapassagem Indevida";"Colisão frontal";"Com Vítimas Feridas";"Plena Noite";"Crescente";"Nublado";"Simples";"Curva";"Não";2;0;1;1;0;0;2;2;-20,26413353;-41,57151205;"SPRF-ES";"DEL01-ES";"UOP02-DEL01-ES"
782906;2026-07-03;"sexta-feira";"19:30:00";"PR";369;127,6;"JATAIZINHO";"Desrespeitar a preferência no cruzamento";"Colisão transversal";"Com Vítimas Feridas";"Plena Noite";"Crescente";"Nublado";"Dupla";"Retorno Regulamentado;Reta";"Não";5;0;2;1;2;0;3;2;-23,271118;-50,966158;"SPRF-PR";"DEL07-PR";"UOP01-DEL07-PR"
782907;2026-07-03;"sexta-feira";"20:00:00";"GO";20;248;"GUARANI DE GOIAS";"Ultrapassagem Indevida";"Colisão frontal";"Com Vítimas Feridas";"Plena Noite";"Crescente";"Céu Claro";"Simples";"Curva;Declive";"Não";5;0;4;1;0;0;5;2;-14,02379698;-46,23236085;"SPRF-DF";"DEL02-DF";"UOP03-DEL02-DF"
782910;2026-07-03;"sexta-feira";"11:00:00";"MT";70;708;"CACERES";"Curva acentuada";"Saída de leito carroçável";"Sem Vítimas";"Pleno dia";"Crescente";"Nublado";"Simples";"Curva";"Não";1;0;0;0;0;1;0;1;-16,226258;-57,569532;"SPRF-MT";"DEL03-MT";"UOP01-DEL03-MT"
782911;2026-07-03;"sexta-feira";"20:15:00";"PR";376;177,4;"MARINGA";"Trafegar com motocicleta (ou similar) entre as faixas";"Colisão lateral mesmo sentido";"Com Vítimas Feridas";"Plena Noite";"Crescente";"Céu Claro";"Dupla";"Reta;Interseção de Vias";"Sim";3;0;1;0;2;0;1;3;-23,41488142;-51,92688898;"SPRF-PR";"DEL09-PR";"UOP01-DEL09-PR"
782912;2026-07-03;"sexta-feira";"17:50:00";"RJ";101;388;"RIO DE JANEIRO";"Manobra de mudança de faixa";"Colisão lateral mesmo sentido";"Com Vítimas Feridas";"Plena Noite";"Decrescente";"Céu Claro";"Múltipla";"Reta;Retorno Regulamentado";"Não";3;0;2;0;1;0;2;2;-22,88585132;-43,64988025;"SPRF-RJ";"DEL03-RJ";"UOP01-DEL03-RJ"
782913;2026-07-03;"sexta-feira";"20:00:00";"PE";428;187;"PETROLINA";"Acessar a via sem observar a presença dos outros veículos";"Colisão traseira";"Com Vítimas Feridas";"Plena Noite";"Decrescente";"Céu Claro";"Dupla";"Reta";"Sim";2;0;1;0;1;0;1;2;-9,37285013;-40,48709965;"SPRF-PE";"DEL06-PE";"UOP01-DEL06-PE"
782914;2026-07-03;"sexta-feira";"19:17:00";"RO";319;140;"PORTO VELHO";"Reação tardia ou ineficiente do condutor";"Colisão traseira";"Com Vítimas Feridas";"Plena Noite";"Decrescente";"Céu Claro";"Dupla";"Reta";"Sim";4;0;2;0;2;0;2;2;-8,7406;-63,89401;"SPRF-RO";"DEL01-RO";"UOP01-DEL01-RO"
782915;2026-07-03;"sexta-feira";"18:50:00";"RS";386;31,4;"FREDERICO WESTPHALEN";"Ultrapassagem Indevida";"Colisão lateral mesmo sentido";"Com Vítimas Feridas";"Plena Noite";"Decrescente";"Ignorado";"Simples";"Reta";"Sim";2;0;2;0;0;0;2;2;-27,33959204;-53,38560311;"SPRF-RS";"DEL08-RS";"UOP02-DEL08-RS"
782916;2026-07-03;"sexta-feira";"18:15:00";"MG";262;444;"NOVA SERRANA";"Ausência de reação do condutor";"Engavetamento";"Com Vítimas Feridas";"Plena Noite";"Decrescente";"Céu Claro";"Simples";"Reta";"Não";3;0;1;0;2;0;1;3;-19,849612;-45,030165;"SPRF-MG";"DEL08-MG";"UOP03-DEL08-MG"
782917;2026-07-03;"sexta-feira";"20:45:00";"MG";381;0;"BETIM";"Ingestão de álcool pelo condutor";"Colisão com objeto";"Com Vítimas Feridas";"Plena Noite";"Crescente";"Céu Claro";"Dupla";"Reta;Declive";"Não";1;0;1;0;0;0;1;1;-19,96221068;-44,15682999;"SPRF-MG";"DEL01-MG";"UOP03-DEL01-MG"
782919;2026-07-03;"sexta-feira";"21:30:00";"MG";381;352;"JOAO MONLEVADE";"Reação tardia ou ineficiente do condutor";"Queda de ocupante de veículo";"Com Vítimas Feridas";"Plena Noite";"Decrescente";"Céu Claro";"Simples";"Rotatória";"Não";2;0;1;0;0;1;1;2;-19,837929;-43,189626;"SPRF-MG";"DEL03-MG";"UOP01-DEL03-MG"
782920;2026-07-03;"sexta-feira";"20:50:00";"RJ";101;294;"SAO GONCALO";"Condutor deixou de manter distância do veículo da frente";"Colisão traseira";"Com Vítimas Feridas";"Plena Noite";"Crescente";"Céu Claro";"Dupla";"Reta";"Sim";3;0;2;0;1;0;2;2;-22,81690362;-43,07798614;"SPRF-RJ";"DEL02-RJ";"UOP02-DEL02-RJ"
782922;2026-07-03;"sexta-feira";"19:30:00";"SP";381;59;"MAIRIPORA";"Velocidade Incompatível";"Capotamento";"Com Vítimas Feridas";"Plena Noite";"Crescente";"Céu Claro";"Simples";"Reta;Declive";"Sim";3;0;3;0;0;0;3;1;-23,284458;-46,58956;"SPRF-SP";"DEL03-SP";"UOP01-DEL03-SP"
782923;2026-07-03;"sexta-feira";"22:00:00";"MG";50;179;"UBERABA";"Avarias e/ou desgaste excessivo no pneu";"Queda de ocupante de veículo";"Com Vítimas Feridas";"Plena Noite";"Decrescente";"Céu Claro";"Dupla";"Declive;Reta";"Sim";2;0;1;0;0;1;1;1;-19,7779856;-47,92788571;"SPRF-MG";"DEL13-MG";"UOP01-DEL13-MG"
782924;2026-07-03;"sexta-feira";"18:30:00";"BA";407;225;"CAPIM GROSSO";"Ausência de reação do condutor";"Colisão traseira";"Com Vítimas Fatais";"Plena Noite";"Decrescente";"Céu Claro";"Simples";"Reta";"Não";3;1;1;0;1;0;1;2;-11,33597;-40,01645;"SPRF-BA";"DEL04-BA";"UOP02-DEL04-BA"
782925;2026-07-03;"sexta-feira";"22:00:00";"MG";116;552,8;"SANTA BARBARA DO LESTE";"Demais falhas mecânicas ou elétricas";"Saída de leito carroçável";"Com Vítimas Feridas";"Plena Noite";"Crescente";"Céu Claro";"Simples";"Reta";"Não";1;0;1;0;0;0;1;1;-19,99861;-42,141773;"SPRF-MG";"DEL06-MG";"UOP02-DEL06-MG"
782927;2026-07-03;"sexta-feira";"22:00:00";"PR";277;5;"PARANAGUA";"Condutor usando celular";"Saída de leito carroçável";"Sem Vítimas";"Plena Noite";"Decrescente";"Garoa/Chuvisco";"Dupla";"Reta";"Sim";1;0;0;0;1;0;0;1;-25,55821281;-48,57156968;"SPRF-PR";"DEL01-PR";"UOP05-DEL01-PR"
782929;2026-07-03;"sexta-feira";"21:50:00";"PB";361;5,8;"PATOS";"Animais na Pista";"Atropelamento de Animal";"Com Vítimas Feridas";"Plena Noite";"Crescente";"Céu Claro";"Simples";"Reta";"Sim";1;0;0;1;0;0;1;1;-7,035627;-37,309452;"SPRF-PB";"DEL03-PB";"UOP01-DEL03-PB"
782930;2026-07-03;"sexta-feira";"22:00:00";"SC";101;244;"PALHOCA";"Manobra de mudança de faixa";"Saída de leito carroçável";"Sem Vítimas";"Plena Noite";"Crescente";"Nublado";"Dupla";"Reta";"Não";1;0;0;0;0;1;0;1;-27,89219089;-48,64849091;"SPRF-SC";"DEL01-SC";"UOP02-DEL01-SC"
782932;2026-07-03;"sexta-feira";"17:30:00";"RR";174;445;"MUCAJAI";"Entrada inopinada do pedestre";"Atropelamento de Pedestre";"Com Vítimas Feridas";"Anoitecer";"Crescente";"Céu Claro";"Simples";"Reta";"Sim";3;0;1;0;2;0;1;2;2,44903929;-60,91837255;"SPRF-RR";"DEL01-RR";"UOP01-DEL01-RR"
782933;2026-07-03;"sexta-feira";"21:39:00";"BA";324;541;"AMELIA RODRIGUES";"Condutor deixou de manter distância do veículo da frente";"Colisão traseira";"Com Vítimas Feridas";"Plena Noite";"Decrescente";"Céu Claro";"Dupla";"Reta";"Não";5;0;1;0;4;0;1;2;-12,38256444;-38,79553361;"SPRF-BA";"DEL11-BA";"UOP02-DEL11-BA"
782935;2026-07-03;"sexta-feira";"20:30:00";"RJ";40;105;"DUQUE DE CAXIAS";"Acessar a via sem observar a presença dos outros veículos";"Colisão frontal";"Com Vítimas Feridas";"Plena Noite";"Crescente";"Céu Claro";"Simples";"Reta;Interseção de Vias";"Sim";3;0;1;0;2;0;1;2;-22,641415;-43,284001;"SPRF-RJ";"DEL01-RJ";"UOP02-DEL01-RJ"
782939;2026-07-03;"sexta-feira";"21:50:00";"BA";101;484;"ILHEUS";"Transitar na contramão";"Colisão frontal";"Com Vítimas Feridas";"Plena Noite";"Crescente";"Nublado";"Simples";"Reta";"Não";4;0;3;1;0;0;4;2;-14,647615;-39,343843;"SPRF-BA";"DEL05-BA";"UOP01-DEL05-BA"
782941;2026-07-04;"sábado";"00:05:00";"SC";101;133;"BALNEARIO CAMBORIU";"Ingestão de álcool pelo condutor";"Colisão traseira";"Com Vítimas Feridas";"Plena Noite";"Crescente";"Céu Claro";"Dupla";"Reta";"Sim";4;0;3;0;1;0;3;2;-27,00046104;-48,64264608;"SPRF-SC";"DEL04-SC";"UOP03-DEL04-SC"
782942;2026-07-03;"sexta-feira";"23:10:00";"ES";101;297,3;"VIANA";"Ingestão de álcool pelo condutor";"Colisão com objeto";"Com Vítimas Feridas";"Plena Noite";"Decrescente";"Céu Claro";"Dupla";"Reta";"Sim";1;0;1;0;0;0;1;1;-20,350951;-40,413618;"SPRF-ES";"DEL01-ES";"UOP01-DEL01-ES"
782947;2026-07-03;"sexta-feira";"22:30:00";"GO";20;168;"ALVORADA DO NORTE";"Manobra de mudança de faixa";"Colisão frontal";"Com Vítimas Fatais";"Plena Noite";"Crescente";"Céu Claro";"Simples";"Reta;Aclive";"Não";4;1;2;1;0;0;3;2;-14,58705141;-46,58683777;"SPRF-DF";"DEL02-DF";"UOP03-DEL02-DF"
782949;2026-07-03;"sexta-feira";"18:00:00";"MT";364;3;"ALTO ARAGUAIA";"Ingestão de álcool pelo condutor";"Saída de leito carroçável";"Sem Vítimas";"Plena Noite";"Crescente";"Nublado";"Simples";"Declive";"Não";1;0;0;0;1;0;0;1;-17,31055415;-53,22548676;"SPRF-MT";"DEL02-MT";"UOP02-DEL02-MT"
782950;2026-07-04;"sábado";"00:50:00";"RS";116;303;"GUAIBA";"Ausência de reação do condutor";"Saída de leito carroçável";"Sem Vítimas";"Pleno dia";"Decrescente";"Céu Claro";"Simples";"Reta";"Não";1;0;0;0;1;0;0;1;-30,146286;-51,364138;"SPRF-RS";"DEL02-RS";"UOP01-DEL02-RS"
782951;2026-07-04;"sábado";"01:09:00";"PB";230;153;"CAMPINA GRANDE";"Acumulo de areia ou detritos sobre o pavimento";"Tombamento";"Com Vítimas Feridas";"Plena Noite";"Crescente";"Nublado";"Simples";"Interseção de Vias;Viaduto;Reta;Em Obras";"Sim";2;0;2;0;0;0;2;1;-7,27852763;-35,88866472;"SPRF-PB";"DEL02-PB";"UOP01-DEL02-PB"
782952;2026-07-04;"sábado";"01:45:00";"MG";365;749;"ITUIUTABA";"Ausência de reação do condutor";"Colisão com objeto";"Com Vítimas Feridas";"Plena Noite";"Decrescente";"Céu Claro";"Simples";"Curva;Ponte";"Não";1;0;1;0;0;0;1;1;-18,94302976;-49,45014564;"SPRF-MG";"DEL15-MG";"UOP03-DEL15-MG"
782953;2026-07-04;"sábado";"02:30:00";"DF";70;9,6;"BRASILIA";"Acessar a via sem observar a presença dos outros veículos";"Colisão lateral mesmo sentido";"Com Vítimas Feridas";"Plena Noite";"Crescente";"Céu Claro";"Dupla";"Reta";"Sim";4;0;1;0;1;2;1;3;-15,78703608;-48,13938618;"SPRF-DF";"DEL03-DF";"UOP02-DEL03-DF"
782955;2026-07-03;"sexta-feira";"23:30:00";"MT";163;846;"SINOP";"Transitar na contramão";"Colisão frontal";"Com Vítimas Fatais";"Plena Noite";"Crescente";"Céu Claro";"Simples";"Reta";"Não";3;1;0;0;2;0;0;2;-11,77535963;-55,47284603;"SPRF-MT";"DEL06-MT";"UOP02-DEL06-MT"
782957;2026-07-04;"sábado";"03:00:00";"SC";101;143,9;"ITAPEMA";"Condutor deixou de manter distância do veículo da frente";"Colisão traseira";"Sem Vítimas";"Plena Noite";"Crescente";"Nublado";"Dupla";"Reta";"Sim";2;0;0;0;0;2;0;2;-27,0696701;-48,59553186;"SPRF-SC";"DEL04-SC";"UOP03-DEL04-SC"
782958;2026-07-04;"sábado";"04:15:00";"PB";230;70;"SOBRADO";"Reação tardia ou ineficiente do condutor";"Colisão traseira";"Sem Vítimas";"Plena Noite";"Crescente";"Garoa/Chuvisco";"Dupla";"Reta";"Sim";3;0;0;0;3;0;0;2;-7,192025;-35,226568;"SPRF-PB";"DEL01-PB";"UOP02-DEL01-PB"
782959;2026-07-04;"sábado";"03:45:00";"SE";101;93;"NOSSA SENHORA DO SOCORRO";"Velocidade Incompatível";"Saída de leito carroçável";"Com Vítimas Feridas";"Plena Noite";"Crescente";"Garoa/Chuvisco";"Dupla";"Reta";"Sim";1;0;1;0;0;0;1;1;-10,904723;-37,148949;"SPRF-SE";"DEL01-SE";"UOP01-DEL01-SE"
782960;2026-07-04;"sábado";"01:00:00";"BA";116;87;"CHORROCHO";"Animais na Pista";"Atropelamento de Animal";"Com Vítimas Feridas";"Plena Noite";"Crescente";"Céu Claro";"Simples";"Reta";"Não";3;0;3;0;0;0;3;1;-9,33987;-39,07923;"SPRF-BA";"DEL07-BA";"UOP03-DEL07-BA"
782961;2026-07-04;"sábado";"03:50:00";"PR";163;237,1;"TOLEDO";"Ingestão de álcool pelo condutor";"Saída de leito carroçável";"Com Vítimas Feridas";"Plena Noite";"Crescente";"Céu Claro";"Dupla";"Reta";"Não";1;0;1;0;0;0;1;1;-24,74965;-53,69518;"SPRF-PR";"DEL04-PR";"UOP01-DEL04-PR"
782962;2026-07-04;"sábado";"04:30:00";"SC";101;182,2;"BIGUACU";"Acesso irregular";"Colisão traseira";"Com Vítimas Feridas";"Pleno dia";"Crescente";"Céu Claro";"Dupla";"Reta";"Não";3;0;1;0;2;0;1;2;-27,40047327;-48,62986243;"SPRF-SC";"DEL01-SC";"UOP01-DEL01-SC"
782965;2026-07-04;"sábado";"04:55:00";"GO";40;11;"LUZIANIA";"Ausência de reação do condutor";"Saída de leito carroçável";"Com Vítimas Feridas";"Plena Noite";"Crescente";"Céu Claro";"Dupla";"Reta";"Não";2;0;1;1;0;0;2;1;-16,1407601;-47,9494381;"SPRF-DF";"DEL01-DF";"UOP01-DEL01-DF"
782966;2026-07-04;"sábado";"05:00:00";"PR";376;489;"PONTA GROSSA";"Ausência de reação do condutor";"Colisão lateral mesmo sentido";"Com Vítimas Feridas";"Plena Noite";"Crescente";"Céu Claro";"Dupla";"Reta;Aclive";"Sim";2;0;1;1;0;0;2;2;-25,132085;-50,16943;"SPRF-PR";"DEL03-PR";"UOP03-DEL03-PR"
782968;2026-07-04;"sábado";"05:50:00";"SC";282;655,5;"SAO MIGUEL DO OESTE";"Ingestão de álcool pelo condutor";"Saída de leito carroçável";"Com Vítimas Feridas";"Plena Noite";"Crescente";"Céu Claro";"Simples";"Reta;Declive";"Não";1;0;1;0;0;0;1;1;-26,695248;-53,538147;"SPRF-SC";"DEL07-SC";"UOP03-DEL07-SC"
782969;2026-07-04;"sábado";"05:00:00";"PR";476;122;"CURITIBA";"Velocidade Incompatível";"Colisão com objeto";"Com Vítimas Feridas";"Plena Noite";"Decrescente";"Nublado";"Múltipla";"Curva";"Sim";2;0;1;0;0;1;1;1;-25,387092;-49,203893;"SPRF-PR";"DEL01-PR";"UOP01-DEL01-PR"
782970;2026-07-04;"sábado";"05:35:00";"MG";251;520,3;"MONTES CLAROS";"Transitar no Acostamento";"Colisão traseira";"Com Vítimas Feridas";"Amanhecer";"Decrescente";"Céu Claro";"Simples";"Reta";"Não";2;0;0;1;1;0;1;2;-16,663663;-43,777002;"SPRF-MG";"DEL12-MG";"UOP01-DEL12-MG"
782971;2026-07-04;"sábado";"05:10:00";"GO";60;330;"ACREUNA";"Ausência de reação do condutor";"Colisão traseira";"Sem Vítimas";"Amanhecer";"Crescente";"Céu Claro";"Dupla";"Reta";"Não";5;0;0;0;5;0;0;2;-17,55472;-50,5375;"SPRF-GO";"DEL04-GO";"UOP01-DEL04-GO"
782972;2026-07-04;"sábado";"06:10:00";"RJ";356;152;"CAMPOS DOS GOYTACAZES";"Reação tardia ou ineficiente do condutor";"Queda de ocupante de veículo";"Com Vítimas Feridas";"Pleno dia";"Crescente";"Céu Claro";"Simples";"Curva";"Não";2;0;0;1;0;1;1;2;-21,76621;-41,26439;"SPRF-RJ";"DEL08-RJ";"UOP02-DEL08-RJ"
782974;2026-07-04;"sábado";"06:00:00";"PR";476;162,8;"ARAUCARIA";"Reação tardia ou ineficiente do condutor";"Saída de leito carroçável";"Sem Vítimas";"Amanhecer";"Decrescente";"Nublado";"Simples";"Reta";"Não";1;0;0;0;0;1;0;1;-25,63276339;-49,45908055;"SPRF-PR";"DEL01-PR";"UOP06-DEL01-PR"
782975;2026-07-04;"sábado";"05:30:00";"MG";262;105;"ABRE CAMPO";"Ingestão de álcool pelo condutor";"Colisão frontal";"Com Vítimas Feridas";"Amanhecer";"Decrescente";"Céu Claro";"Simples";"Curva";"Não";8;0;5;1;1;1;6;3;-20,281257;-42,563707;"SPRF-MG";"DEL03-MG";"UOP03-DEL03-MG"