"id";"data_inversa";"dia_semana";"horario";"uf";"br";"km";"municipio";"causa_acidente";"tipo_acidente";"classificacao_acidente";"fase_dia";"sentido_via";"condicao_metereologica";"tipo_pista";"tracado_via";"uso_solo";"pessoas";"mortos";"feridos_leves";"feridos_graves";"ilesos";"ignorados";"feridos";"veiculos";"latitude";"longitude";"regional";"delegacia";"uop"
783087;2026-07-04;"sábado";"17:00:00";"SC";101;205,3;"SAO JOSE";"Reação tardia ou ineficiente do condutor";"Capotamento";"Com Vítimas Feridas";"Anoitecer";"Crescente";"Nublado";"Múltipla";"Curva";"Sim";1;0;1;0;0;0;1;1;-27,58624;-48,6164;"SPRF-SC";"DEL01-SC";"UOP01-DEL01-SC"
783088;2026-06-26;"sexta-feira";"18:15:00";"MG";40;516,7;"RIBEIRAO DAS NEVES";"Entrada inopinada do pedestre";"Atropelamento de Pedestre";"Com Vítimas Feridas";"Plena Noite";"Decrescente";"Céu Claro";"Dupla";"Reta";"Não";3;0;1;1;1;0;2;2;-19,81992886;-44,0859553;"SPRF-MG";"DEL01-MG";"UOP02-DEL01-MG"
783089;2026-07-04;"sábado";"16:31:00";"RJ";101;94;"CAMPOS DOS GOYTACAZES";"Reação tardia ou ineficiente do condutor";"Saída de leito carroçável";"Com Vítimas Feridas";"Pleno dia";"Crescente";"Céu Claro";"Dupla";"Curva";"Não";2;0;2;0;0;0;2;1;-21,869526;-41,547347;"SPRF-RJ";"DEL08-RJ";"UOP02-DEL08-RJ"
783090;2026-07-04;"sábado";"16:00:00";"AL";316;260;"PILAR";"Frear bruscamente";"Colisão lateral mesmo sentido";"Sem Vítimas";"Pleno dia";"Decrescente";"Céu Claro";"Simples";"Reta";"Não";2;0;0;0;2;0;0;2;-9,58981631;-35,89451043;"SPRF-AL";"DEL02-AL";"UOP01-DEL02-AL"
783091;2026-06-26;"sexta-feira";"22:15:00";"SC";470;171;"POUSO REDONDO";"Demais falhas mecânicas ou elétricas";"Colisão com objeto";"Com Vítimas Feridas";"Plena Noite";"Crescente";"Nevoeiro/Neblina";"Simples";"Reta";"Sim";1;0;1;0;0;0;1;1;-27,258805;-49,91574;"SPRF-SC";"DEL04-SC";"UOP02-DEL04-SC"
783092;2026-07-04;"sábado";"17:00:00";"SP";153;74;"BADY BASSITT";"Condutor usando celular";"Colisão traseira";"Com Vítimas Feridas";"Anoitecer";"Crescente";"Céu Claro";"Dupla";"Reta;Aclive";"Não";4;0;1;0;3;0;1;2;-20,91129706;-49,46280956;"SPRF-SP";"DEL09-SP";"UOP01-DEL09-SP"
783094;2026-07-04;"sábado";"17:30:00";"RJ";116;175;"SAO JOAO DE MERITI";"Objeto estático sobre o leito carroçável";"Colisão com objeto";"Com Vítimas Feridas";"Plena Noite";"Decrescente";"Nublado";"Múltipla";"Reta";"Sim";1;0;1;0;0;0;1;1;-22,78755505;-43,37656975;"SPRF-RJ";"DEL06-RJ";"UOP01-DEL06-RJ"
783095;2026-07-04;"sábado";"18:00:00";"MG";381;518,3;"IGARAPE";"Velocidade Incompatível";"Tombamento";"Com Vítimas Feridas";"Plena Noite";"Decrescente";"Céu Claro";"Dupla";"Declive";"Não";1;0;0;1;0;0;1;1;-20,1108;-44,3224;"SPRF-MG";"DEL01-MG";"UOP03-DEL01-MG"
783096;2026-07-04;"sábado";"18:25:00";"RN";101;96,8;"NATAL";"Reação tardia ou ineficiente do condutor";"Colisão traseira";"Sem Vítimas";"Plena Noite";"Decrescente";"Céu Claro";"Múltipla";"Interseção de Vias";"Sim";5;0;0;0;4;1;0;2;-5,856332;-35,212041;"SPRF-RN";"DEL01-RN";"UOP01-DEL01-RN"
783097;2026-07-04;"sábado";"16:20:00";"PR";376;527;"PALMEIRA";"Ausência de reação do condutor";"Queda de ocupante de veículo";"Com Vítimas Feridas";"Pleno dia";"Crescente";"Céu Claro";"Dupla";"Reta";"Não";1;0;0;1;0;0;1;1;-25,316351;-49,876118;"SPRF-PR";"DEL03-PR";"UOP03-DEL03-PR"
783098;2026-07-04;"sábado";"14:00:00";"RS";386;101,5;"SAO JOSE DAS MISSOES";"Ausência de reação do condutor";"Saída de leito carroçável";"Com Vítimas Feridas";"Pleno dia";"Decrescente";"Céu Claro";"Simples";"Curva;Declive";"Não";1;0;1;0;0;0;1;1;-27,760095;-53,112165;"SPRF-RS";"DEL08-RS";"UOP01-DEL08-RS"
783100;2026-07-04;"sábado";"18:20:00";"PE";101;69,6;"RECIFE";"Ausência de reação do condutor";"Saída de leito carroçável";"Com Vítimas Feridas";"Plena Noite";"Crescente";"Céu Claro";"Simples";"Curva";"Não";2;0;1;0;1;0;1;1;-8,065442;-34,944265;"SPRF-PE";"DEL01-PE";"UOP01-DEL01-PE"
783101;2026-07-04;"sábado";"17:40:00";"ES";101;141,7;"LINHARES";"Ingestão de álcool pelo condutor";"Colisão traseira";"Com Vítimas Feridas";"Anoitecer";"Crescente";"Céu Claro";"Dupla";"Reta";"Não";5;0;1;0;3;1;1;3;-19,33028331;-40,07022784;"SPRF-ES";"DEL04-ES";"UOP01-DEL04-ES"
783103;2026-07-04;"sábado";"12:30:00";"PA";230;750;"MEDICILANDIA";"Transitar na contramão";"Colisão frontal";"Com Vítimas Feridas";"Pleno dia";"Crescente";"Céu Claro";"Simples";"Aclive;Reta;Em Obras";"Não";3;0;0;1;2;0;1;2;-3,4873772;-52,96165466;"SPRF-PA";"DEL04-PA";"UOP01-DEL04-PA"
783104;2026-07-04;"sábado";"18:20:00";"PR";369;95,8;"CORNELIO PROCOPIO";"Ingestão de álcool pelo condutor";"Colisão com objeto";"Com Vítimas Feridas";"Anoitecer";"Decrescente";"Céu Claro";"Dupla";"Curva";"Não";3;0;2;0;1;0;2;1;-23,233097;-50,679361;"SPRF-PR";"DEL07-PR";"UOP05-DEL07-PR"
783106;2026-07-04;"sábado";"19:00:00";"PR";116;134;"FAZENDA RIO GRANDE";"Ingestão de álcool pelo condutor";"Saída de leito carroçável";"Sem Vítimas";"Plena Noite";"Crescente";"Céu Claro";"Dupla";"Retorno Regulamentado";"Não";1;0;0;0;1;0;0;1;-25,711785;-49,319374;"SPRF-PR";"DEL01-PR";"UOP03-DEL01-PR"
783107;2026-07-04;"sábado";"18:00:00";"SE";235;5;"NOSSA SENHORA DO SOCORRO";"Manobra de mudança de faixa";"Colisão lateral mesmo sentido";"Sem Vítimas";"Plena Noite";"Decrescente";"Céu Claro";"Dupla";"Reta";"Não";2;0;0;0;2;0;0;2;-10,904615;-37,125877;"SPRF-SE";"DEL01-SE";"UOP01-DEL01-SE"
783110;2026-07-04;"sábado";"18:50:00";"BA";367;63,9;"PORTO SEGURO";"Reação tardia ou ineficiente do condutor";"Colisão traseira";"Com Vítimas Feridas";"Plena Noite";"Crescente";"Céu Claro";"Simples";"Reta";"Não";4;0;1;2;1;0;3;3;-16,395668;-39,412705;"SPRF-BA";"DEL09-BA";"UOP03-DEL09-BA"
783112;2026-07-04;"sábado";"18:50:00";"DF";80;21,9;"BRASILIA";"Conversão proibida";"Colisão transversal";"Com Vítimas Feridas";"Plena Noite";"Crescente";"Céu Claro";"Simples";"Reta";"Sim";2;0;1;0;1;0;1;2;-15,65761;-48,2027;"SPRF-DF";"DEL03-DF";"UOP02-DEL03-DF"
783113;2026-07-04;"sábado";"17:15:00";"MT";0;0;"CUIABA";"Condutor deixou de manter distância do veículo da frente";"Colisão traseira";"Sem Vítimas";"Pleno dia";"Não Informado";"Sol";"Dupla";"Reta;Interseção de Vias";"Sim";4;0;0;0;4;0;0;2;-15,629061;-56,055021;"SPRF-MT";"DEL01-MT";"UOP02-DEL01-MT"
783114;2026-07-04;"sábado";"18:47:00";"AP";210;22;"MACAPA";"Animais na Pista";"Atropelamento de Animal";"Com Vítimas Feridas";"Plena Noite";"Crescente";"Céu Claro";"Simples";"Reta";"Não";1;0;0;1;0;0;1;1;0,2125163;-51,11148834;"SPRF-AP";"DEL01-AP";"UOP01-DEL01-AP"
783115;2026-07-04;"sábado";"18:30:00";"SP";153;27,8;"NOVA GRANADA";"Acessar a via sem observar a presença dos outros veículos";"Colisão transversal";"Com Vítimas Feridas";"Anoitecer";"Decrescente";"Céu Claro";"Simples";"Retorno Regulamentado;Reta";"Sim";3;0;1;1;1;0;2;2;-20,52017725;-49,32588494;"SPRF-SP";"DEL09-SP";"UOP01-DEL09-SP"
783117;2026-07-04;"sábado";"18:16:00";"SP";116;231;"SAO PAULO";"Mal súbito do condutor";"Colisão com objeto";"Com Vítimas Feridas";"Plena Noite";"Crescente";"Garoa/Chuvisco";"Múltipla";"Reta";"Sim";2;0;1;0;1;0;1;2;-23,52140705;-46,58466753;"SPRF-SP";"DEL01-SP";"UOP01-DEL01-SP"
783118;2026-07-04;"sábado";"18:00:00";"AP";210;2;"MACAPA";"Acessar a via sem observar a presença dos outros veículos";"Colisão transversal";"Com Vítimas Feridas";"Pleno dia";"Decrescente";"Céu Claro";"Simples";"Reta";"Sim";2;0;1;0;1;0;1;2;0,1072125;-51,1263039;"SPRF-AP";"DEL01-AP";"UOP01-DEL01-AP"
783120;2026-07-04;"sábado";"19:25:00";"RS";290;144;"ELDORADO DO SUL";"Acessar a via sem observar a presença dos outros veículos";"Colisão transversal";"Com Vítimas Feridas";"Plena Noite";"Crescente";"Nublado";"Simples";"Reta;Interseção de Vias";"Não";2;0;1;0;1;0;1;2;-30,09731;-51,648543;"SPRF-RS";"DEL02-RS";"UOP01-DEL02-RS"
783121;2026-07-04;"sábado";"18:50:00";"PR";369;387,2;"MAMBORE";"Demais falhas mecânicas ou elétricas";"Incêndio";"Sem Vítimas";"Plena Noite";"Decrescente";"Céu Claro";"Simples";"Curva";"Não";4;0;0;0;4;0;0;1;-24,32003;-52,64012;"SPRF-PR";"DEL04-PR";"UOP03-DEL04-PR"
783123;2026-07-04;"sábado";"19:00:00";"PR";476;145,3;"CURITIBA";"Conversão proibida";"Colisão traseira";"Com Vítimas Feridas";"Plena Noite";"Crescente";"Nublado";"Dupla";"Reta";"Não";3;0;1;0;2;0;1;3;-25,54882;-49,3243;"SPRF-PR";"DEL01-PR";"UOP06-DEL01-PR"
783124;2026-07-04;"sábado";"19:05:00";"RS";116;140;"CAXIAS DO SUL";"Acessar a via sem observar a presença dos outros veículos";"Colisão transversal";"Com Vítimas Feridas";"Plena Noite";"Decrescente";"Nevoeiro/Neblina";"Simples";"Interseção de Vias";"Não";4;0;4;0;0;0;4;2;-29,109203;-51,109546;"SPRF-RS";"DEL05-RS";"UOP01-DEL05-RS"
783125;2026-07-04;"sábado";"19:45:00";"PR";376;488;"PONTA GROSSA";"Velocidade Incompatível";"Colisão traseira";"Com Vítimas Feridas";"Plena Noite";"Crescente";"Céu Claro";"Dupla";"Reta;Aclive";"Sim";4;0;0;1;3;0;1;2;-25,12725543;-50,17722361;"SPRF-PR";"DEL03-PR";"UOP03-DEL03-PR"
783127;2026-07-04;"sábado";"17:55:00";"GO";80;46,9;"PADRE BERNARDO";"Manobra de mudança de faixa";"Colisão frontal";"Com Vítimas Feridas";"Anoitecer";"Decrescente";"Céu Claro";"Simples";"Reta";"Sim";3;0;0;2;1;0;2;2;-15,166855;-48,28982737;"SPRF-DF";"DEL03-DF";"UOP02-DEL03-DF"
783128;2026-07-04;"sábado";"19:30:00";"MG";381;480;"CONTAGEM";"Ausência de reação do condutor";"Colisão traseira";"Com Vítimas Feridas";"Plena Noite";"Crescente";"Céu Claro";"Múltipla";"Reta;Declive";"Sim";4;0;1;1;2;0;2;3;-19,96077115;-44,0518376;"SPRF-MG";"DEL01-MG";"UOP03-DEL01-MG"
783130;2026-07-04;"sábado";"19:40:00";"GO";60;272,7;"JANDAIA";"Mal súbito do condutor";"Saída de leito carroçável";"Com Vítimas Fatais";"Plena Noite";"Decrescente";"Céu Claro";"Dupla";"Reta";"Não";1;1;0;0;0;0;0;1;-17,212859;-50,159229;"SPRF-GO";"DEL01-GO";"UOP02-DEL01-GO"
783131;2026-07-04;"sábado";"19:20:00";"PR";277;675;"MEDIANEIRA";"Ausência de reação do condutor";"Capotamento";"Com Vítimas Feridas";"Plena Noite";"Crescente";"Nublado";"Dupla";"Curva";"Sim";3;0;3;0;0;0;3;1;-25,30107291;-54,12731823;"SPRF-PR";"DEL05-PR";"UOP01-DEL05-PR"
783132;2026-07-04;"sábado";"20:30:00";"SE";101;64,7;"ROSARIO DO CATETE";"Animais na Pista";"Atropelamento de Animal";"Com Vítimas Feridas";"Plena Noite";"Decrescente";"Céu Claro";"Dupla";"Ponte;Reta";"Não";2;0;0;2;0;0;2;1;-10,70303;-37,051222;"SPRF-SE";"DEL02-SE";"UOP02-DEL02-SE"
783133;2026-07-04;"sábado";"20:45:00";"BA";242;903;"LUIS EDUARDO MAGALHAES";"Ausência de reação do condutor";"Colisão traseira";"Sem Vítimas";"Plena Noite";"Crescente";"Céu Claro";"Simples";"Reta";"Não";14;0;0;0;14;0;0;2;-12,08110851;-45,71741002;"SPRF-BA";"DEL10-BA";"UOP01-DEL10-BA"
783134;2026-07-04;"sábado";"21:00:00";"SC";280;50,4;"GUARAMIRIM";"Velocidade Incompatível";"Capotamento";"Com Vítimas Feridas";"Plena Noite";"Decrescente";"Nublado";"Dupla";"Reta;Em Obras";"Não";1;0;0;1;0;0;1;1;-26,463623;-48,950153;"SPRF-SC";"DEL03-SC";"UOP03-DEL03-SC"
783135;2026-07-04;"sábado";"20:45:00";"SC";470;121;"IBIRAMA";"Velocidade Incompatível";"Tombamento";"Com Vítimas Feridas";"Plena Noite";"Decrescente";"Céu Claro";"Simples";"Curva;Declive";"Não";1;0;1;0;0;0;1;1;-27,09798125;-49,53022806;"SPRF-SC";"DEL04-SC";"UOP02-DEL04-SC"
783136;2026-07-04;"sábado";"17:50:00";"MS";262;319,7;"CAMPO GRANDE";"Ausência de sinalização";"Colisão com objeto";"Com Vítimas Feridas";"Plena Noite";"Crescente";"Céu Claro";"Simples";"Reta";"Não";2;0;1;0;1;0;1;2;-20,46983467;-54,48513715;"SPRF-MS";"DEL01-MS";"UOP01-DEL01-MS"
783137;2026-07-04;"sábado";"11:15:00";"SC";470;51;"BLUMENAU";"Velocidade Incompatível";"Colisão traseira";"Com Vítimas Feridas";"Pleno dia";"Crescente";"Céu Claro";"Simples";"Reta";"Sim";2;0;1;0;1;0;1;2;-26,86015518;-49,07911269;"SPRF-SC";"DEL04-SC";"UOP01-DEL04-SC"
783139;2026-07-04;"sábado";"20:24:00";"RJ";465;21;"NOVA IGUACU";"Acessar a via sem observar a presença dos outros veículos";"Colisão frontal";"Com Vítimas Feridas";"Plena Noite";"Decrescente";"Garoa/Chuvisco";"Simples";"Reta";"Sim";3;0;1;0;1;1;1;3;-22,8579802;-43,60176293;"SPRF-RJ";"DEL06-RJ";"UOP02-DEL06-RJ"
783141;2026-07-04;"sábado";"21:00:00";"PR";116;137;"MANDIRITUBA";"Ausência de reação do condutor";"Saída de leito carroçável";"Sem Vítimas";"Plena Noite";"Decrescente";"Céu Claro";"Dupla";"Curva";"Não";1;0;0;0;1;0;0;1;-25,7434139;-49,3173361;"SPRF-PR";"DEL01-PR";"UOP03-DEL01-PR"
783142;2026-07-04;"sábado";"20:00:00";"AL";316;24,7;"MATA GRANDE";"Ausência de reação do condutor";"Tombamento";"Com Vítimas Fatais";"Plena Noite";"Decrescente";"Céu Claro";"Simples";"Reta";"Não";1;1;0;0;0;0;0;1;-9,10694622;-37,64324373;"SPRF-AL";"DEL03-AL";"UOP02-DEL03-AL"
783143;2026-07-04;"sábado";"17:00:00";"MA";402;88;"HUMBERTO DE CAMPOS";"Pista esburacada";"Saída de leito carroçável";"Com Vítimas Feridas";"Anoitecer";"Crescente";"Céu Claro";"Simples";"Reta;Declive";"Não";4;0;4;0;0;0;4;1;-2,730029;-43,644234;"SPRF-MA";"DEL01-MA";"UOP01-DEL01-MA"
783146;2026-07-04;"sábado";"22:11:00";"PE";101;77;"RECIFE";"Reação tardia ou ineficiente do condutor";"Queda de ocupante de veículo";"Com Vítimas Feridas";"Plena Noite";"Decrescente";"Garoa/Chuvisco";"Dupla";"Reta";"Não";2;0;0;1;1;0;1;1;-8,13033;-34,94451;"SPRF-PE";"DEL01-PE";"UOP01-DEL01-PE"
783147;2026-07-04;"sábado";"19:00:00";"MS";163;138,5;"NAVIRAI";"Reação tardia ou ineficiente do condutor";"Saída de leito carroçável";"Sem Vítimas";"Plena Noite";"Crescente";"Céu Claro";"Simples";"Reta";"Não";1;0;0;0;1;0;0;1;-22,98289099;-54,4077301;"SPRF-MS";"DEL09-MS";"UOP01-DEL09-MS"
783148;2026-07-04;"sábado";"20:20:00";"SC";101;111,9;"ITAJAI";"Reação tardia ou ineficiente do condutor";"Saída de leito carroçável";"Com Vítimas Feridas";"Plena Noite";"Decrescente";"Céu Claro";"Simples";"Curva";"Sim";1;0;1;0;0;0;1;1;-26,84561;-48,72029;"SPRF-SC";"DEL04-SC";"UOP04-DEL04-SC"
783149;2026-07-04;"sábado";"20:40:00";"PE";232;138;"SAO CAITANO";"Reação tardia ou ineficiente do condutor";"Colisão traseira";"Com Vítimas Feridas";"Plena Noite";"Crescente";"Céu Claro";"Dupla";"Reta";"Não";2;0;0;1;1;0;1;2;-8,31947979;-36,06741786;"SPRF-PE";"DEL02-PE";"UOP03-DEL02-PE"
783150;2026-07-04;"sábado";"21:30:00";"RJ";101;387;"RIO DE JANEIRO";"Pedestre - Ingestão de álcool/ substâncias psicoativas";"Atropelamento de Pedestre";"Com Vítimas Feridas";"Plena Noite";"Crescente";"Garoa/Chuvisco";"Dupla";"Reta";"Sim";2;0;1;0;1;0;1;2;-22,890184;-43,665062;"SPRF-RJ";"DEL03-RJ";"UOP01-DEL03-RJ"
783151;2026-07-04;"sábado";"07:41:00";"AC";364;114;"RIO BRANCO";"Ausência de reação do condutor";"Colisão traseira";"Sem Vítimas";"Pleno dia";"Decrescente";"Céu Claro";"Simples";"Reta";"Sim";2;0;0;0;2;0;0;2;-10,0132544;-67,7053311;"SPRF-AC";"DEL01-AC";"UOP01-DEL01-AC"
783154;2026-07-04;"sábado";"23:00:00";"MG";116;800,3;"ALEM PARAIBA";"Ausência de reação do condutor";"Saída de leito carroçável";"Com Vítimas Feridas";"Plena Noite";"Crescente";"Nublado";"Simples";"Reta";"Não";1;0;1;0;0;0;1;1;-21,76866439;-42,73239166;"SPRF-MG";"DEL07-MG";"UOP01-DEL07-MG"
783157;2026-07-04;"sábado";"20:30:00";"PA";155;253;"ELDORADO DO CARAJAS";"Reação tardia ou ineficiente do condutor";"Saída de leito carroçável";"Com Vítimas Fatais";"Plena Noite";"Decrescente";"Nublado";"Simples";"Reta";"Não";2;1;0;1;0;0;1;1;-6,093544;-49,337457;"SPRF-PA";"DEL03-PA";"UOP01-DEL03-PA"
783159;2026-07-04;"sábado";"19:25:00";"RO";319;128;"PORTO VELHO";"Demais falhas mecânicas ou elétricas";"Incêndio";"Sem Vítimas";"Plena Noite";"Decrescente";"Céu Claro";"Simples";"Reta";"Não";1;0;0;0;0;1;0;1;-8,71261;-63,98443;"SPRF-RO";"DEL01-RO";"UOP01-DEL01-RO"
783160;2026-07-04;"sábado";"21:10:00";"PA";10;10;"DOM ELISEU";"Ausência de reação do condutor";"Colisão traseira";"Com Vítimas Feridas";"Plena Noite";"Crescente";"Céu Claro";"Simples";"Reta;Aclive";"Não";3;0;0;1;2;0;1;2;-4,357445;-47,536697;"SPRF-PA";"DEL02-PA";"UOP02-DEL02-PA"
783161;2026-07-04;"sábado";"22:49:00";"DF";60;3,4;"BRASILIA";"Ausência de reação do condutor";"Colisão traseira";"Com Vítimas Feridas";"Plena Noite";"Crescente";"Céu Claro";"Dupla";"Reta";"Sim";2;0;1;0;0;1;1;2;-15,890655;-48,089019;"SPRF-DF";"DEL03-DF";"UOP01-DEL03-DF"
783162;2026-07-04;"sábado";"23:40:00";"SC";101;208,2;"SAO JOSE";"Ausência de reação do condutor";"Colisão traseira";"Com Vítimas Feridas";"Plena Noite";"Crescente";"Nublado";"Múltipla";"Reta;Interseção de Vias";"Sim";2;0;2;0;0;0;2;2;-27,60448;-48,63404;"SPRF-SC";"DEL01-SC";"UOP01-DEL01-SC"
783164;2026-07-04;"sábado";"23:33:00";"RN";101;85;"NATAL";"Ausência de reação do condutor";"Colisão traseira";"Com Vítimas Feridas";"Plena Noite";"Decrescente";"Chuva";"Dupla";"Reta";"Sim";3;0;1;0;1;1;1;2;-5,777105;-35,249912;"SPRF-RN";"DEL02-RN";"UOP01-DEL02-RN"
783165;2026-07-04;"sábado";"21:30:00";"PR";280;273;"MARMELEIRO";"Velocidade Incompatível";"Saída de leito carroçável";"Com Vítimas Feridas";"Plena Noite";"Decrescente";"Nublado";"Simples";"Reta";"Não";1;0;1;0;0;0;1;1;-26,22729577;-53,16945076;"SPRF-PR";"DEL02-PR";"UOP01-DEL02-PR"
783166;2026-07-04;"sábado";"23:45:00";"RJ";101;552;"PARATY";"Animais na Pista";"Atropelamento de Animal";"Com Vítimas Feridas";"Plena Noite";"Crescente";"Céu Claro";"Simples";"Reta";"Não";4;0;2;0;2;0;2;1;-23,062152;-44,681997;"SPRF-RJ";"DEL03-RJ";"UOP04-DEL03-RJ"
783168;2026-07-04;"sábado";"22:30:00";"MS";267;291;"RIO BRILHANTE";"Condutor Dormindo";"Saída de leito carroçável";"Sem Vítimas";"Plena Noite";"Crescente";"Céu Claro";"Simples";"Reta";"Não";1;0;0;0;0;1;0;1;-21,776913;-54,539582;"SPRF-MS";"DEL02-MS";"UOP02-DEL02-MS"
783169;2026-07-04;"sábado";"23:00:00";"SC";101;435,5;"SOMBRIO";"Desrespeitar a preferência no cruzamento";"Colisão transversal";"Com Vítimas Feridas";"Plena Noite";"Decrescente";"Céu Claro";"Simples";"Viaduto;Interseção de Vias";"Sim";2;0;1;1;0;0;2;2;-29,11206944;-49,63846207;"SPRF-SC";"DEL02-SC";"UOP02-DEL02-SC"
783171;2026-07-05;"domingo";"00:21:00";"PE";232;38,7;"VITORIA DE SANTO ANTAO";"Animais na Pista";"Atropelamento de Animal";"Com Vítimas Feridas";"Plena Noite";"Crescente";"Garoa/Chuvisco";"Dupla";"Reta";"Não";2;0;0;2;0;0;2;1;-8,11804901;-35,23096411;"SPRF-PE";"DEL02-PE";"UOP02-DEL02PE"
783172;2026-07-05;"domingo";"00:01:00";"RJ";356;130,2;"CAMPOS DOS GOYTACAZES";"Transitar na contramão";"Colisão frontal";"Com Vítimas Fatais";"Plena Noite";"Decrescente";"Nublado";"Simples";"Reta";"Não";3;2;0;1;0;0;1;2;-21,6878193;-41,3571152;"SPRF-RJ";"DEL08-RJ";"UOP01-DEL08-RJ"
783173;2026-07-04;"sábado";"21:40:00";"RJ";101;431;"MANGARATIBA";"Velocidade Incompatível";"Saída de leito carroçável";"Com Vítimas Feridas";"Plena Noite";"Crescente";"Chuva";"Simples";"Curva;Declive";"Não";6;0;5;0;1;0;5;1;-22,93513433;-44,02743235;"SPRF-RJ";"DEL03-RJ";"UOP02-DEL03-RJ"
783174;2026-07-05;"domingo";"01:00:00";"MG";381;479;"CONTAGEM";"Ausência de reação do condutor";"Colisão com objeto";"Com Vítimas Feridas";"Plena Noite";"Crescente";"Céu Claro";"Múltipla";"Curva";"Sim";1;0;0;1;0;0;1;1;-19,96406065;-44,04697593;"SPRF-MG";"DEL01-MG";"UOP03-DEL01-MG"
783175;2026-07-05;"domingo";"01:10:00";"RJ";101;314;"SAO GONCALO";"Ausência de reação do condutor";"Colisão traseira";"Sem Vítimas";"Plena Noite";"Decrescente";"Chuva";"Dupla";"Reta";"Sim";3;0;0;0;3;0;0;2;-22,81696208;-43,07802318;"SPRF-RJ";"DEL02-RJ";"UOP02-DEL02-RJ"
783176;2026-07-05;"domingo";"01:30:00";"CE";222;214,9;"SOBRAL";"Demais falhas mecânicas ou elétricas";"Tombamento";"Com Vítimas Feridas";"Plena Noite";"Decrescente";"Garoa/Chuvisco";"Simples";"Reta;Aclive";"Não";2;0;2;0;0;0;2;1;-3,76382;-40,29184;"SPRF-CE";"DEL04-CE";"UOP01-DEL04-CE"
783178;2026-07-05;"domingo";"02:00:00";"RN";304;282;"MACAIBA";"Reação tardia ou ineficiente do condutor";"Colisão com objeto";"Sem Vítimas";"Plena Noite";"Crescente";"Chuva";"Dupla";"Reta";"Não";1;0;0;0;1;0;0;1;-5,885435;-35,4758867;"SPRF-RN";"DEL01-RN";"UOP02-DEL01-RN"
783179;2026-07-05;"domingo";"02:00:00";"DF";20;6;"BRASILIA";"Condutor Dormindo";"Colisão com objeto";"Com Vítimas Feridas";"Plena Noite";"Crescente";"Céu Claro";"Dupla";"Aclive;Viaduto;Reta";"Sim";1;0;1;0;0;0;1;1;-15,664725;-47,804903;"SPRF-DF";"DEL02-DF";"UOP01-DEL02-DF"
783180;2026-07-05;"domingo";"02:30:00";"RJ";116;170,8;"RIO DE JANEIRO";"Velocidade Incompatível";"Colisão traseira";"Sem Vítimas";"Plena Noite";"Crescente";"Céu Claro";"Múltipla";"Reta;Em Obras";"Sim";6;0;0;0;6;0;0;2;-22,80452433;-43,34552614;"SPRF-RJ";"DEL06-RJ";"UOP01-DEL06-RJ"
783182;2026-07-05;"domingo";"02:30:00";"SC";101;138;"BALNEARIO CAMBORIU";"Ingestão de álcool pelo condutor";"Colisão traseira";"Com Vítimas Feridas";"Pleno dia";"Crescente";"Céu Claro";"Simples";"Reta";"Não";2;0;1;0;1;0;1;2;-27,00516282;-48,62743791;"SPRF-SC";"DEL04-SC";"UOP03-DEL04-SC"
783183;2026-07-05;"domingo";"02:30:00";"MG";262;350;"BETIM";"Manobra de mudança de faixa";"Colisão lateral mesmo sentido";"Com Vítimas Feridas";"Plena Noite";"Crescente";"Céu Claro";"Dupla";"Reta";"Sim";3;0;1;0;1;1;1;2;-19,983139;-44,235993;"SPRF-MG";"DEL01-MG";"UOP03-DEL01-MG"
783184;2026-07-05;"domingo";"02:52:00";"TO";153;656;"GURUPI";"Ausência de reação do condutor";"Saída de leito carroçável";"Com Vítimas Feridas";"Plena Noite";"Crescente";"Céu Claro";"Simples";"Reta";"Não";3;0;2;0;1;0;2;1;-11,7057114;-49,07342148;"SPRF-TO";"DEL01-TO";"UOP02-DEL01-TO"
783185;2026-07-05;"domingo";"01:10:00";"RJ";101;591;"PARATY";"Condutor Dormindo";"Colisão com objeto";"Com Vítimas Feridas";"Plena Noite";"Crescente";"Céu Claro";"Simples";"Reta";"Não";2;0;2;0;0;0;2;1;-23,31677202;-44,72009405;"SPRF-RJ";"DEL03-RJ";"UOP04-DEL03-RJ"
783187;2026-07-05;"domingo";"03:00:00";"BA";324;590;"CANDEIAS";"Acumulo de água sobre o pavimento";"Saída de leito carroçável";"Sem Vítimas";"Plena Noite";"Decrescente";"Chuva";"Dupla";"Declive";"Não";2;0;0;0;2;0;0;1;-12,6853672;-38,4663061;"SPRF-BA";"DEL01-BA";"UOP01-DEL01-BA"
783188;2026-07-05;"domingo";"03:00:00";"MG";262;87;"ABRE CAMPO";"Ausência de reação do condutor";"Colisão frontal";"Sem Vítimas";"Amanhecer";"Decrescente";"Céu Claro";"Simples";"Curva;Aclive";"Não";4;0;0;0;4;0;0;2;-20,333705;-42,435413;"SPRF-MG";"DEL03-MG";"UOP03-DEL03-MG"
783189;2026-07-05;"domingo";"01:10:00";"RS";290;476;"ROSARIO DO SUL";"Velocidade Incompatível";"Saída de leito carroçável";"Com Vítimas Feridas";"Plena Noite";"Decrescente";"Céu Claro";"Simples";"Reta";"Não";1;0;1;0;0;0;1;1;-30,24070875;-54,88346483;"SPRF-RS";"DEL11-RS";"UOP02-DEL11-RS"
783190;2026-07-05;"domingo";"02:30:00";"RS";290;182,7;"MINAS DO LEAO";"Reação tardia ou ineficiente do condutor";"Colisão traseira";"Com Vítimas Feridas";"Plena Noite";"Decrescente";"Nublado";"Simples";"Reta;Interseção de Vias";"Sim";2;0;2;0;0;0;2;2;-30,1427133;-52,0387417;"SPRF-RS";"DEL02-RS";"UOP03-DEL02-RS"