"id";"data_inversa";"dia_semana";"horario";"uf";"br";"km";"municipio";"causa_acidente";"tipo_acidente";"classificacao_acidente";"fase_dia";"sentido_via";"condicao_metereologica";"tipo_pista";"tracado_via";"uso_solo";"pessoas";"mortos";"feridos_leves";"feridos_graves";"ilesos";"ignorados";"feridos";"veiculos";"latitude";"longitude";"regional";"delegacia";"uop"
783285;2026-07-05;"domingo";"14:00:00";"SP";116;26,1;"SILVEIRAS";"Ausência de reação do condutor";"Colisão traseira";"Sem Vítimas";"Pleno dia";"Decrescente";"Céu Claro";"Dupla";"Curva;Aclive";"Não";7;0;0;0;7;0;0;2;-22,61338742;-44,89923155;"SPRF-SP";"DEL08-SP";"UOP02-DEL08-SP"
783286;2026-07-05;"domingo";"13:40:00";"MG";50;124;"UBERABA";"Velocidade Incompatível";"Saída de leito carroçável";"Com Vítimas Feridas";"Pleno dia";"Crescente";"Céu Claro";"Dupla";"Reta";"Não";3;0;3;0;0;0;3;1;-19,70339287;-47,9856722;"SPRF-MG";"DEL13-MG";"UOP01-DEL13-MG"
783288;2026-07-05;"domingo";"14:15:00";"MG";262;384;"FLORESTAL";"Condutor Dormindo";"Tombamento";"Com Vítimas Feridas";"Pleno dia";"Crescente";"Céu Claro";"Dupla";"Reta;Aclive";"Não";1;0;1;0;0;0;1;1;-19,911879;-44,503799;"SPRF-MG";"DEL01-MG";"UOP03-DEL01-MG"
783289;2026-07-05;"domingo";"14:30:00";"MG";262;33,9;"MANHUACU";"Ausência de reação do condutor";"Colisão traseira";"Sem Vítimas";"Pleno dia";"Crescente";"Céu Claro";"Simples";"Reta;Declive";"Sim";2;0;0;0;2;0;0;2;-20,25880544;-42,02025359;"SPRF-MG";"DEL06-MG";"UOP03-DEL06-MG"
783291;2026-07-05;"domingo";"15:15:00";"SC";101;119;"ITAJAI";"Afundamento ou ondulação no pavimento";"Tombamento";"Com Vítimas Feridas";"Pleno dia";"Crescente";"Nublado";"Múltipla";"Reta";"Sim";1;0;1;0;0;0;1;1;-26,90222478;-48,71574837;"SPRF-SC";"DEL04-SC";"UOP04-DEL04-SC"
783292;2026-07-05;"domingo";"11:15:00";"RN";427;54,6;"JARDIM DO SERIDO";"Acessar a via sem observar a presença dos outros veículos";"Colisão transversal";"Com Vítimas Feridas";"Pleno dia";"Crescente";"Céu Claro";"Simples";"Interseção de Vias";"Sim";3;0;0;2;1;0;2;2;-6,589774;-36,768958;"SPRF-RN";"DEL03-RN";"UOP01-DEL03-RN"
783293;2026-07-05;"domingo";"14:00:00";"GO";20;98;"VILA BOA";"Ultrapassagem Indevida";"Colisão frontal";"Com Vítimas Fatais";"Pleno dia";"Decrescente";"Céu Claro";"Simples";"Reta";"Não";6;1;2;3;0;0;5;2;-14,966715;-47,008715;"SPRF-DF";"DEL02-DF";"UOP02-DEL02-DF"
783295;2026-07-05;"domingo";"15:30:00";"SP";116;284;"EMBU DAS ARTES";"Reação tardia ou ineficiente do condutor";"Tombamento";"Com Vítimas Feridas";"Pleno dia";"Crescente";"Nublado";"Dupla";"Curva";"Sim";2;0;2;0;0;0;2;1;-23,6816;-46,86023;"SPRF-SP";"DEL04-SP";"UOP01-DEL04-SP"
783296;2026-07-05;"domingo";"16:05:00";"SP";116;65;"GUARATINGUETA";"Reação tardia ou ineficiente do condutor";"Saída de leito carroçável";"Com Vítimas Feridas";"Pleno dia";"Crescente";"Céu Claro";"Dupla";"Curva";"Sim";1;0;1;0;0;0;1;1;-22,82299965;-45,19479543;"SPRF-SP";"DEL08-SP";"UOP01-DEL08-SP"
783297;2026-07-05;"domingo";"14:00:00";"PR";153;342,9;"REBOUCAS";"Ausência de reação do condutor";"Saída de leito carroçável";"Com Vítimas Feridas";"Pleno dia";"Crescente";"Nublado";"Simples";"Reta";"Não";1;0;1;0;0;0;1;1;-25,56769501;-50,67949103;"SPRF-PR";"DEL08-PR";"UOP02-DEL08-PR"
783298;2026-07-05;"domingo";"16:10:00";"PR";476;147;"ARAUCARIA";"Frear bruscamente";"Saída de leito carroçável";"Sem Vítimas";"Pleno dia";"Decrescente";"Céu Claro";"Dupla";"Reta";"Sim";1;0;0;0;1;0;0;1;-25,55608457;-49,3430206;"SPRF-PR";"DEL01-PR";"UOP06-DEL01-PR"
783299;2026-07-05;"domingo";"15:30:00";"MG";251;505;"FRANCISCO SA";"Ingestão de álcool pelo condutor";"Colisão lateral mesmo sentido";"Sem Vítimas";"Pleno dia";"Crescente";"Sol";"Simples";"Reta";"Não";2;0;0;0;2;0;0;2;-16,61639206;-43,66726398;"SPRF-MG";"DEL12-MG";"UOP01-DEL12-MG"
783300;2026-07-05;"domingo";"15:40:00";"MG";251;513;"MONTES CLAROS";"Ingestão de álcool pelo condutor";"Colisão traseira";"Com Vítimas Feridas";"Pleno dia";"Crescente";"Céu Claro";"Simples";"Reta";"Não";6;0;0;1;5;0;1;2;-16,651425;-43,7147698;"SPRF-MG";"DEL12-MG";"UOP01-DEL12-MG"
783302;2026-05-22;"sexta-feira";"17:00:00";"SC";282;612,8;"MARAVILHA";"Velocidade Incompatível";"Colisão frontal";"Com Vítimas Fatais";"Pleno dia";"Crescente";"Chuva";"Simples";"Reta";"Não";3;1;1;0;0;1;1;3;-26,764303;-53,25412;"SPRF-SC";"DEL07-SC";"UOP02-DEL07-SC"
783303;2026-07-05;"domingo";"16:38:00";"DF";70;9,5;"BRASILIA";"Manobra de mudança de faixa";"Colisão com objeto";"Com Vítimas Feridas";"Pleno dia";"Crescente";"Céu Claro";"Dupla";"Reta";"Sim";2;0;2;0;0;0;2;1;-15,78542;-48,13498;"SPRF-DF";"DEL03-DF";"UOP02-DEL03-DF"
783304;2026-07-05;"domingo";"15:55:00";"PR";277;661,7;"MATELANDIA";"Reação tardia ou ineficiente do condutor";"Colisão com objeto";"Com Vítimas Feridas";"Pleno dia";"Decrescente";"Céu Claro";"Dupla";"Reta";"Não";2;0;2;0;0;0;2;1;-25,2515499;-53,9888723;"SPRF-PR";"DEL05-PR";"UOP02-DEL05-PR"
783305;2026-07-05;"domingo";"17:00:00";"PE";101;61;"RECIFE";"Ausência de reação do condutor";"Atropelamento de Pedestre";"Com Vítimas Feridas";"Pleno dia";"Decrescente";"Céu Claro";"Dupla";"Reta";"Sim";3;0;0;1;2;0;1;3;-7,994204;-34,93788161;"SPRF-PE";"DEL01-PE";"UOP02-DEL01-PE"
783306;2026-07-05;"domingo";"16:30:00";"CE";116;29,5;"AQUIRAZ";"Acessar a via sem observar a presença dos outros veículos";"Colisão traseira";"Com Vítimas Feridas";"Pleno dia";"Decrescente";"Céu Claro";"Dupla";"Reta;Retorno Regulamentado";"Sim";4;0;0;1;3;0;1;2;-4,00865583;-38,51731539;"SPRF-CE";"DEL01-CE";"UOP02-DEL01-CE"
783307;2026-07-05;"domingo";"17:00:00";"ES";101;215,8;"IBIRACU";"Ultrapassagem Indevida";"Colisão traseira";"Com Vítimas Feridas";"Anoitecer";"Decrescente";"Céu Claro";"Simples";"Reta";"Não";3;0;1;1;1;0;2;2;-19,837148;-40,380866;"SPRF-ES";"DEL02-ES";"UOP01-DEL02-ES"
783308;2026-07-05;"domingo";"17:00:00";"DF";40;3;"BRASILIA";"Trafegar com motocicleta (ou similar) entre as faixas";"Colisão lateral mesmo sentido";"Com Vítimas Feridas";"Pleno dia";"Crescente";"Céu Claro";"Dupla";"Reta";"Não";2;0;1;0;1;0;1;2;-16,00234;-47,98427;"SPRF-DF";"DEL01-DF";"UOP01-DEL01-DF"
783309;2026-07-05;"domingo";"15:30:00";"MG";381;942;"EXTREMA";"Manobra de mudança de faixa";"Colisão lateral mesmo sentido";"Com Vítimas Feridas";"Pleno dia";"Crescente";"Céu Claro";"Dupla";"Curva";"Não";3;0;1;0;2;0;1;2;-22,83514486;-46,31920083;"SPRF-MG";"DEL16-MG";"UOP03-DEL16-MG"
783310;2026-07-05;"domingo";"17:00:00";"SC";282;502,2;"XANXERE";"Desrespeitar a preferência no cruzamento";"Colisão transversal";"Com Vítimas Feridas";"Pleno dia";"Crescente";"Céu Claro";"Simples";"Reta;Interseção de Vias";"Sim";3;0;1;0;2;0;1;2;-26,88545459;-52,39342332;"SPRF-SC";"DEL07-SC";"UOP01-DEL07-SC"
783312;2026-07-05;"domingo";"17:15:00";"PI";343;10,3;"PARNAIBA";"Conversão proibida";"Colisão lateral mesmo sentido";"Com Vítimas Feridas";"Pleno dia";"Crescente";"Céu Claro";"Simples";"Reta";"Sim";3;0;1;1;1;0;2;2;-2,902455;-41,745272;"SPRF-PI";"DEL05-PI";"UOP01-DEL05-PI"
783313;2026-07-05;"domingo";"17:05:00";"PE";428;177;"PETROLINA";"Ingestão de álcool pelo condutor";"Tombamento";"Com Vítimas Feridas";"Pleno dia";"Decrescente";"Nublado";"Simples";"Reta";"Não";1;0;1;0;0;0;1;1;-9,288541;-40,443863;"SPRF-PE";"DEL06-PE";"UOP01-DEL06-PE"
783314;2026-07-05;"domingo";"15:55:00";"RJ";393;142;"SAPUCAIA";"Ingestão de álcool pelo condutor";"Colisão frontal";"Com Vítimas Feridas";"Pleno dia";"Crescente";"Sol";"Simples";"Curva";"Sim";3;0;1;0;1;1;1;2;-22,0418;-42,9927;"SPRF-RJ";"DEL05-RJ";"UOP01-DEL05-RJ"
783317;2026-07-05;"domingo";"17:00:00";"RS";470;328,2;"TRIUNFO";"Reação tardia ou ineficiente do condutor";"Saída de leito carroçável";"Com Vítimas Feridas";"Pleno dia";"Decrescente";"Nublado";"Simples";"Reta";"Não";1;0;0;1;0;0;1;1;-29,87056348;-51,71120731;"SPRF-RS";"DEL04-RS";"UOP02-DEL04-RS"
783318;2026-07-05;"domingo";"09:10:00";"AL";101;172,5;"TEOTONIO VILELA";"Ausência de reação do condutor";"Colisão com objeto";"Sem Vítimas";"Pleno dia";"Decrescente";"Céu Claro";"Dupla";"Curva";"Não";1;0;0;0;0;1;0;1;-9,90969003;-36,33624427;"SPRF-AL";"DEL02-AL";"UOP02-DEL02-AL"
783319;2026-07-05;"domingo";"17:40:00";"MG";381;634;"OLIVEIRA";"Acessar a via sem observar a presença dos outros veículos";"Colisão lateral mesmo sentido";"Com Vítimas Feridas";"Amanhecer";"Decrescente";"Céu Claro";"Dupla";"Reta;Aclive";"Não";3;0;1;0;2;0;1;2;-20,85159767;-44,8353645;"SPRF-MG";"DEL04-MG";"UOP01-DEL04-MG"
783320;2026-07-05;"domingo";"16:00:00";"RJ";101;58;"CAMPOS DOS GOYTACAZES";"Acessar a via sem observar a presença dos outros veículos";"Atropelamento de Pedestre";"Com Vítimas Feridas";"Pleno dia";"Decrescente";"Céu Claro";"Simples";"Reta";"Sim";2;0;1;0;0;1;1;2;-21,71123862;-41,30862443;"SPRF-RJ";"DEL08-RJ";"UOP01-DEL08-RJ"
783321;2026-06-07;"domingo";"18:35:00";"RS";293;82,5;"PIRATINI";"Ausência de reação do condutor";"Colisão traseira";"Com Vítimas Feridas";"Plena Noite";"Decrescente";"Céu Claro";"Simples";"Reta";"Não";2;0;0;1;1;0;1;2;-31,63902353;-53,17707131;"SPRF-RS";"DEL07-RS";"UOP01-DEL07-RS"
783322;2026-07-05;"domingo";"17:30:00";"PR";373;398,7;"CANDOI";"Manobra de mudança de faixa";"Colisão transversal";"Com Vítimas Feridas";"Anoitecer";"Crescente";"Céu Claro";"Simples";"Reta";"Sim";3;0;0;1;1;1;1;3;-25,562868;-52,046903;"SPRF-PR";"DEL08-PR";"UOP01-DEL08-PR"
783323;2026-07-05;"domingo";"16:50:00";"MG";381;422,3;"CAETE";"Ausência de reação do condutor";"Saída de leito carroçável";"Com Vítimas Feridas";"Pleno dia";"Crescente";"Céu Claro";"Dupla";"Curva;Aclive";"Não";1;0;1;0;0;0;1;1;-19,79228645;-43,68014932;"SPRF-MG";"DEL01-MG";"UOP01-DEL01-MG"
783324;2026-07-05;"domingo";"19:22:00";"PB";230;24,8;"JOAO PESSOA";"Ausência de reação do condutor";"Colisão lateral mesmo sentido";"Com Vítimas Feridas";"Plena Noite";"Decrescente";"Céu Claro";"Dupla";"Curva";"Sim";2;0;2;0;0;0;2;2;-7,170856;-34,868002;"SPRF-PB";"DEL01-PB";"UOP01-DEL01-PB"
783325;2026-07-05;"domingo";"20:20:00";"SC";282;4;"FLORIANOPOLIS";"Ingestão de álcool pelo condutor";"Saída de leito carroçável";"Sem Vítimas";"Plena Noite";"Decrescente";"Céu Claro";"Múltipla";"Reta";"Sim";1;0;0;0;1;0;0;1;-27,59312;-48,6027;"SPRF-SC";"DEL01-SC";"UOP01-DEL01-SC"
783326;2026-07-05;"domingo";"17:30:00";"RJ";101;195;"CASIMIRO DE ABREU";"Chuva";"Saída de leito carroçável";"Sem Vítimas";"Pleno dia";"Crescente";"Chuva";"Dupla";"Curva";"Não";1;0;0;0;1;0;0;1;-22,49352604;-42,10115433;"SPRF-RJ";"DEL08-RJ";"UOP04-DEL08-RJ"
783330;2026-07-05;"domingo";"20:00:00";"RJ";116;181;"NOVA IGUACU";"Trafegar com motocicleta (ou similar) entre as faixas";"Colisão traseira";"Com Vítimas Feridas";"Plena Noite";"Decrescente";"Céu Claro";"Dupla";"Reta";"Sim";3;0;1;0;2;0;1;2;-22,75907723;-43,42797554;"SPRF-RJ";"DEL06-RJ";"UOP01-DEL06-RJ"
783331;2026-07-05;"domingo";"19:30:00";"GO";70;4,9;"AGUAS LINDAS DE GOIAS";"Pedestre cruzava a pista fora da faixa";"Atropelamento de Pedestre";"Com Vítimas Feridas";"Plena Noite";"Decrescente";"Céu Claro";"Dupla";"Reta";"Sim";3;0;0;1;2;0;1;2;-15,750047;-48,262155;"SPRF-DF";"DEL03-DF";"UOP02-DEL03-DF"
783332;2026-07-05;"domingo";"19:45:00";"MG";146;477,1;"POCOS DE CALDAS";"Ingestão de álcool pelo condutor";"Colisão transversal";"Com Vítimas Feridas";"Plena Noite";"Crescente";"Céu Claro";"Simples";"Reta";"Não";2;0;1;0;1;0;1;2;-21,76443653;-46,41571132;"SPRF-MG";"DEL09-MG";"UOP01-DEL09-MG"
783333;2026-07-05;"domingo";"18:55:00";"RO";319;143;"PORTO VELHO";"Desrespeitar a preferência no cruzamento";"Colisão transversal";"Com Vítimas Feridas";"Plena Noite";"Crescente";"Céu Claro";"Dupla";"Reta;Interseção de Vias";"Sim";3;0;2;0;1;0;2;2;-8,75132143;-63,88740627;"SPRF-RO";"DEL01-RO";"UOP01-DEL01-RO"
783335;2026-07-05;"domingo";"19:28:00";"SP";116;152;"SAO JOSE DOS CAMPOS";"Animais na Pista";"Atropelamento de Animal";"Sem Vítimas";"Plena Noite";"Decrescente";"Céu Claro";"Múltipla";"Reta";"Sim";1;0;0;0;1;0;0;1;-23,22187921;-45,90202538;"SPRF-SP";"DEL02-SP";"UOP01-DEL02-SP"
783336;2026-07-05;"domingo";"19:34:00";"PE";101;41,3;"IGARASSU";"Ausência de reação do condutor";"Colisão com objeto";"Com Vítimas Feridas";"Plena Noite";"Decrescente";"Céu Claro";"Dupla";"Curva";"Não";1;0;1;0;0;0;1;1;-7,83362366;-34,912714;"SPRF-PE";"DEL01-PE";"UOP02-DEL01-PE"
783338;2026-07-05;"domingo";"18:15:00";"RJ";116;81;"TERESOPOLIS";"Conversão proibida";"Colisão frontal";"Com Vítimas Feridas";"Plena Noite";"Decrescente";"Chuva";"Simples";"Rotatória";"Não";2;0;1;0;1;0;1;2;-22,36087146;-42,94787407;"SPRF-RJ";"DEL04-RJ";"UOP01-DEL04-RJ"
783340;2026-07-05;"domingo";"20:10:00";"GO";153;422;"ANAPOLIS";"Pedestre andava na pista";"Atropelamento de Pedestre";"Com Vítimas Fatais";"Plena Noite";"Crescente";"Céu Claro";"Dupla";"Reta";"Sim";3;1;0;0;1;1;0;3;-16,19405;-49,028295;"SPRF-GO";"DEL02-GO";"UOP01-DEL02-GO"
783341;2026-07-05;"domingo";"19:00:00";"PR";153;4;"IMBITUVA";"Ingestão de álcool pelo condutor";"Colisão frontal";"Sem Vítimas";"Plena Noite";"Decrescente";"Céu Claro";"Simples";"Curva";"Sim";2;0;0;0;2;0;0;2;-25,22125;-50,594;"SPRF-PR";"DEL07-PR";"UOP04-DEL07-PR"
783342;2026-07-05;"domingo";"20:56:00";"PE";101;66,8;"RECIFE";"Acessar a via sem observar a presença dos outros veículos";"Colisão lateral mesmo sentido";"Com Vítimas Feridas";"Plena Noite";"Crescente";"Céu Claro";"Dupla";"Reta";"Não";4;0;0;1;2;1;1;3;-8,042009;-34,943294;"SPRF-PE";"DEL01-PE";"UOP01-DEL01-PE"
783343;2026-07-05;"domingo";"21:00:00";"MG";381;272;"JAGUARACU";"Condutor deixou de manter distância do veículo da frente";"Colisão traseira";"Com Vítimas Feridas";"Plena Noite";"Decrescente";"Céu Claro";"Simples";"Reta";"Não";6;0;1;0;5;0;1;2;-19,59656628;-42,74524723;"SPRF-MG";"DEL03-MG";"UOP02-DEL03-MG"
783344;2026-07-05;"domingo";"19:30:00";"PI";316;32;"DEMERVAL LOBAO";"Acessar a via sem observar a presença dos outros veículos";"Colisão lateral sentido oposto";"Com Vítimas Feridas";"Plena Noite";"Crescente";"Céu Claro";"Simples";"Reta";"Não";3;0;3;0;0;0;3;1;-5,3486979;-42,68076394;"SPRF-PI";"DEL01-PI";"UOP02-DEL01-PI"
783345;2026-07-05;"domingo";"20:30:00";"MG";381;510;"SAO JOAQUIM DE BICAS";"Ingestão de álcool pelo condutor";"Colisão lateral mesmo sentido";"Sem Vítimas";"Plena Noite";"Decrescente";"Céu Claro";"Dupla";"Reta;Declive";"Não";2;0;0;0;2;0;0;2;-20,05902982;-44,28942768;"SPRF-MG";"DEL01-MG";"UOP03-DEL01-MG"
783346;2026-07-05;"domingo";"16:45:00";"PR";277;315;"GUARAPUAVA";"Ingestão de álcool pelo condutor";"Colisão traseira";"Sem Vítimas";"Pleno dia";"Crescente";"Céu Claro";"Simples";"Curva;Aclive";"Não";4;0;0;0;4;0;0;2;-25,309564;-51,21288;"SPRF-PR";"DEL08-PR";"UOP01-DEL08-PR"
783348;2026-07-05;"domingo";"20:50:00";"PR";369;378,8;"MAMBORE";"Condutor deixou de manter distância do veículo da frente";"Colisão traseira";"Com Vítimas Feridas";"Plena Noite";"Crescente";"Céu Claro";"Simples";"Reta";"Não";5;0;1;1;2;1;2;2;-24,28700196;-52,56767957;"SPRF-PR";"DEL04-PR";"UOP03-DEL04-PR"
783349;2026-07-05;"domingo";"21:15:00";"SP";381;87;"SAO PAULO";"Transitar na contramão";"Colisão transversal";"Com Vítimas Feridas";"Plena Noite";"Crescente";"Céu Claro";"Múltipla";"Reta";"Sim";5;0;0;2;3;0;2;2;-23,47261828;-46,56339204;"SPRF-SP";"DEL03-SP";"UOP01-DEL03-SP"
783350;2026-07-05;"domingo";"21:30:00";"RS";386;388;"TRIUNFO";"Acessar a via sem observar a presença dos outros veículos";"Colisão traseira";"Sem Vítimas";"Plena Noite";"Crescente";"Céu Claro";"Simples";"Reta";"Sim";3;0;0;0;3;0;0;2;-29,7029834;-51,683808;"SPRF-RS";"DEL04-RS";"UOP02-DEL04-RS"
783351;2026-07-05;"domingo";"20:10:00";"MS";163;529;"JARAGUARI";"Reação tardia ou ineficiente do condutor";"Saída de leito carroçável";"Com Vítimas Feridas";"Plena Noite";"Crescente";"Céu Claro";"Simples";"Reta;Aclive";"Não";2;0;1;0;1;0;1;1;-20,080794;-54,430298;"SPRF-MS";"DEL01-MS";"UOP02-DEL01-MS"
783353;2026-07-05;"domingo";"21:45:00";"SC";101;206;"SAO JOSE";"Reação tardia ou ineficiente do condutor";"Colisão traseira";"Com Vítimas Feridas";"Plena Noite";"Crescente";"Nublado";"Múltipla";"Reta";"Sim";3;0;1;0;2;0;1;2;-27,59038378;-48,61763388;"SPRF-SC";"DEL01-SC";"UOP01-DEL01-SC"
783354;2026-07-05;"domingo";"22:00:00";"SP";116;223,5;"GUARULHOS";"Ausência de reação do condutor";"Colisão com objeto";"Com Vítimas Feridas";"Plena Noite";"Crescente";"Nublado";"Múltipla";"Reta";"Sim";1;0;1;0;0;0;1;1;-23,48173568;-46,53394032;"SPRF-SP";"DEL01-SP";"UOP01-DEL01-SP"
783355;2026-07-05;"domingo";"21:35:00";"MG";381;671,2;"PERDOES";"Reação tardia ou ineficiente do condutor";"Saída de leito carroçável";"Com Vítimas Feridas";"Plena Noite";"Decrescente";"Nublado";"Dupla";"Reta;Aclive";"Não";2;0;2;0;0;0;2;1;-21,062346;-45,051045;"SPRF-MG";"DEL04-MG";"UOP02-DEL04-MG"
783356;2026-07-05;"domingo";"22:05:00";"TO";153;136;"ARAGUAINA";"Fumaça";"Queda de ocupante de veículo";"Com Vítimas Feridas";"Plena Noite";"Decrescente";"Céu Claro";"Dupla";"Reta";"Sim";2;0;2;0;0;0;2;1;-7,1451367;-48,2024583;"SPRF-TO";"DEL02-TO";"UOP01-DEL02-TO"
783357;2026-07-05;"domingo";"21:50:00";"PR";369;51;"BANDEIRANTES";"Ausência de reação do condutor";"Saída de leito carroçável";"Com Vítimas Feridas";"Plena Noite";"Crescente";"Nublado";"Simples";"Interseção de Vias;Rotatória";"Não";1;0;1;0;0;0;1;1;-23,11087;-50,33395;"SPRF-PR";"DEL07-PR";"UOP05-DEL07-PR"
783358;2026-07-05;"domingo";"21:30:00";"SC";470;131,3;"LONTRAS";"Velocidade Incompatível";"Saída de leito carroçável";"Com Vítimas Feridas";"Plena Noite";"Decrescente";"Nublado";"Simples";"Curva";"Não";1;0;1;0;0;0;1;1;-27,16881541;-49,56176413;"SPRF-SC";"DEL04-SC";"UOP02-DEL04-SC"
783359;2026-07-05;"domingo";"20:00:00";"MG";381;420,4;"CAETE";"Reação tardia ou ineficiente do condutor";"Colisão traseira";"Com Vítimas Feridas";"Plena Noite";"Crescente";"Céu Claro";"Dupla";"Curva";"Não";9;0;1;0;8;0;1;2;-19,789575;-43,672408;"SPRF-MG";"DEL01-MG";"UOP01-DEL01-MG"
783360;2026-07-05;"domingo";"20:50:00";"SC";101;138,8;"BALNEARIO CAMBORIU";"Reação tardia ou ineficiente do condutor";"Tombamento";"Com Vítimas Feridas";"Plena Noite";"Crescente";"Nublado";"Dupla";"Curva";"Sim";4;0;1;0;3;0;1;4;-27,029052;-48,60178;"SPRF-SC";"DEL04-SC";"UOP03-DEL04-SC"
783361;2026-07-05;"domingo";"22:40:00";"CE";222;18;"CAUCAIA";"Pedestre andava na pista";"Atropelamento de Pedestre";"Com Vítimas Feridas";"Plena Noite";"Crescente";"Céu Claro";"Dupla";"Reta";"Não";3;0;0;2;0;1;2;3;-3,74703293;-38,72343779;"SPRF-CE";"DEL01-CE";"UOP01-DEL01-CE"
783362;2026-07-05;"domingo";"22:30:00";"SP";116;442;"REGISTRO";"Acessar a via sem observar a presença dos outros veículos";"Colisão transversal";"Com Vítimas Fatais";"Plena Noite";"Crescente";"Céu Claro";"Dupla";"Reta";"Não";2;1;0;0;1;0;0;2;-24,47817971;-47,82897798;"SPRF-SP";"DEL05-SP";"UOP01-DEL05-SP"
783363;2026-07-05;"domingo";"20:30:00";"MS";262;305,1;"CAMPO GRANDE";"Ingestão de álcool pelo condutor";"Colisão traseira";"Com Vítimas Feridas";"Plena Noite";"Crescente";"Céu Claro";"Simples";"Reta";"Não";5;0;0;3;2;0;3;2;-20,486831;-54,332979;"SPRF-MS";"DEL01-MS";"UOP01-DEL01-MS"
783365;2026-07-05;"domingo";"22:54:00";"RN";405;0,7;"MOSSORO";"Desrespeitar a preferência no cruzamento";"Colisão traseira";"Com Vítimas Feridas";"Plena Noite";"Decrescente";"Céu Claro";"Dupla";"Reta";"Sim";3;0;1;1;0;1;2;3;-5,19142155;-37,3584938;"SPRF-RN";"DEL04-RN";"UOP02-DEL04-RN"
783367;2026-07-05;"domingo";"22:29:00";"SP";116;404;"MIRACATU";"Transitar na contramão";"Colisão frontal";"Com Vítimas Feridas";"Plena Noite";"Crescente";"Céu Claro";"Simples";"Viaduto;Reta;Retorno Regulamentado";"Não";6;0;5;0;1;0;5;2;-24,32197326;-47,54076004;"SPRF-SP";"DEL04-SP";"UOP02-DEL04-SP"
783368;2026-07-05;"domingo";"21:30:00";"MT";163;1034;"PEIXOTO DE AZEVEDO";"Condutor deixou de manter distância do veículo da frente";"Colisão traseira";"Com Vítimas Feridas";"Plena Noite";"Decrescente";"Céu Claro";"Simples";"Reta";"Sim";3;0;2;1;0;0;3;2;-10,21740263;-54,96825881;"SPRF-MT";"DEL06-MT";"UOP03-DEL06-MT"
783369;2026-07-05;"domingo";"18:30:00";"RJ";116;253;"PIRAI";"Demais falhas mecânicas ou elétricas";"Colisão transversal";"Com Vítimas Feridas";"Plena Noite";"Crescente";"Céu Claro";"Dupla";"Reta";"Sim";8;0;7;0;1;0;7;2;-22,58136354;-43,97689819;"SPRF-RJ";"DEL07-RJ";"UOP01-DEL07-RJ"
783370;2026-07-05;"domingo";"23:35:00";"MG";381;653;"SANTO ANTONIO DO AMPARO";"Ausência de reação do condutor";"Saída de leito carroçável";"Com Vítimas Feridas";"Plena Noite";"Decrescente";"Céu Claro";"Dupla";"Reta;Declive";"Não";2;0;1;0;1;0;1;1;-20,97001548;-44,93167877;"SPRF-MG";"DEL04-MG";"UOP02-DEL04-MG"
783371;2026-07-05;"domingo";"23:15:00";"MG";116;413,1;"GOVERNADOR VALADARES";"Acumulo de areia ou detritos sobre o pavimento";"Tombamento";"Com Vítimas Feridas";"Plena Noite";"Decrescente";"Nublado";"Simples";"Curva";"Sim";1;0;1;0;0;0;1;1;-18,88111525;-41,95887645;"SPRF-MG";"DEL06-MG";"UOP01-DEL06-MG"
783372;2026-07-05;"domingo";"22:45:00";"SP";116;4;"QUELUZ";"Reação tardia ou ineficiente do condutor";"Queda de ocupante de veículo";"Com Vítimas Feridas";"Plena Noite";"Crescente";"Nublado";"Dupla";"Reta";"Não";1;0;1;0;0;0;1;1;-22,52568784;-44,73644834;"SPRF-SP";"DEL08-SP";"UOP02-DEL08-SP"
783373;2026-07-05;"domingo";"23:30:00";"SC";101;117;"ITAJAI";"Desrespeitar a preferência no cruzamento";"Colisão transversal";"Com Vítimas Feridas";"Plena Noite";"Crescente";"Céu Claro";"Simples";"Interseção de Vias";"Não";3;0;1;0;2;0;1;2;-26,89001242;-48,7219375;"SPRF-SC";"DEL04-SC";"UOP04-DEL04-SC"
783374;2026-07-05;"domingo";"21:25:00";"PB";104;117,9;"LAGOA SECA";"Ingestão de álcool pelo condutor";"Colisão transversal";"Com Vítimas Feridas";"Plena Noite";"Decrescente";"Nublado";"Simples";"Reta";"Sim";4;0;1;0;3;0;1;2;-7,185643;-35,866165;"SPRF-PB";"DEL02-PB";"UOP04-DEL02-PB"
783375;2026-07-05;"domingo";"23:25:00";"PI";343;348,4;"TERESINA";"Ausência de reação do condutor";"Colisão transversal";"Com Vítimas Feridas";"Plena Noite";"Decrescente";"Céu Claro";"Simples";"Reta";"Sim";2;0;1;0;1;0;1;2;-5,120432;-42,790123;"SPRF-PI";"DEL01-PI";"UOP01-DEL01-PI"
783377;2026-07-05;"domingo";"23:10:00";"RS";116;434;"CRISTAL";"Ausência de reação do condutor";"Saída de leito carroçável";"Com Vítimas Feridas";"Plena Noite";"Decrescente";"Nublado";"Dupla";"Reta";"Não";1;0;1;0;0;0;1;1;-31,064566;-52,037726;"SPRF-RS";"DEL02-RS";"UOP02-DEL02-RS"
783378;2026-07-06;"segunda-feira";"00:10:00";"GO";153;438,1;"ANAPOLIS";"Velocidade Incompatível";"Tombamento";"Com Vítimas Feridas";"Plena Noite";"Crescente";"Céu Claro";"Dupla";"Reta;Aclive";"Não";1;0;0;1;0;0;1;1;-16,311176;-48,922679;"SPRF-GO";"DEL02-GO";"UOP01-DEL02-GO"