"id";"data_inversa";"dia_semana";"horario";"uf";"br";"km";"municipio";"causa_acidente";"tipo_acidente";"classificacao_acidente";"fase_dia";"sentido_via";"condicao_metereologica";"tipo_pista";"tracado_via";"uso_solo";"pessoas";"mortos";"feridos_leves";"feridos_graves";"ilesos";"ignorados";"feridos";"veiculos";"latitude";"longitude";"regional";"delegacia";"uop"
783380;2026-07-05;"domingo";"22:30:00";"RS";293;220;"DOM PEDRITO";"Animais na Pista";"Incêndio";"Com Vítimas Feridas";"Plena Noite";"Crescente";"Garoa/Chuvisco";"Simples";"Reta";"Não";1;0;1;0;0;0;1;1;-31,02896006;-54,61149216;"SPRF-RS";"DEL11-RS";"UOP03-DEL11-RS"
783381;2026-07-05;"domingo";"23:50:00";"RJ";493;19;"MAGE";"Condutor deixou de manter distância do veículo da frente";"Colisão traseira";"Com Vítimas Feridas";"Plena Noite";"Crescente";"Céu Claro";"Simples";"Reta";"Não";2;0;1;0;1;0;1;2;-22,665277;-43,029688;"SPRF-RJ";"DEL04-RJ";"UOP02-DEL04-RJ"
783382;2026-07-06;"segunda-feira";"00:30:00";"BA";101;881;"TEIXEIRA DE FREITAS";"Ausência de reação do condutor";"Tombamento";"Com Vítimas Feridas";"Plena Noite";"Decrescente";"Nublado";"Simples";"Reta";"Não";1;0;1;0;0;0;1;1;-17,578856;-39,737231;"SPRF-BA";"DEL09-BA";"UOP02-DEL09-BA"
783383;2026-07-06;"segunda-feira";"00:50:00";"MG";381;853;"POUSO ALEGRE";"Ausência de reação do condutor";"Colisão lateral mesmo sentido";"Com Vítimas Feridas";"Plena Noite";"Decrescente";"Céu Claro";"Dupla";"Reta";"Não";2;0;2;0;0;0;2;2;-22,28623736;-45,89641571;"SPRF-MG";"DEL16-MG";"UOP01-DEL16-MG"
783384;2026-07-06;"segunda-feira";"00:30:00";"PR";277;72,8;"SAO JOSE DOS PINHAIS";"Velocidade Incompatível";"Colisão com objeto";"Com Vítimas Feridas";"Plena Noite";"Decrescente";"Nevoeiro/Neblina";"Dupla";"Reta";"Não";1;0;1;0;0;0;1;1;-25,502479;-49,148428;"SPRF-PR";"DEL01-PR";"UOP08-DEL01-PR"
783385;2026-07-06;"segunda-feira";"00:53:00";"RN";406;106,7;"JOAO CAMARA";"Ingestão de álcool pelo condutor";"Tombamento";"Com Vítimas Fatais";"Plena Noite";"Crescente";"Céu Claro";"Simples";"Reta";"Não";1;1;0;0;0;0;0;1;-5,547878;-35,782652;"SPRF-RN";"DEL02-RN";"UOP01-DEL02-RN"
783387;2026-07-06;"segunda-feira";"00:05:00";"PR";467;102,9;"CASCAVEL";"Animais na Pista";"Saída de leito carroçável";"Com Vítimas Feridas";"Plena Noite";"Crescente";"Céu Claro";"Simples";"Reta";"Não";1;0;1;0;0;0;1;1;-24,90051656;-53,52571514;"SPRF-PR";"DEL04-PR";"UOP01-DEL04-PR"
783389;2026-07-06;"segunda-feira";"02:00:00";"RS";116;266;"CANOAS";"Reação tardia ou ineficiente do condutor";"Colisão com objeto";"Sem Vítimas";"Plena Noite";"Decrescente";"Céu Claro";"Múltipla";"Reta";"Sim";2;0;0;0;2;0;0;2;-29,92864;-51,177705;"SPRF-RS";"DEL01-RS";"UOP01-DEL01-RS"
783391;2026-07-06;"segunda-feira";"02:00:00";"RS";392;68;"PELOTAS";"Ingestão de álcool pelo condutor";"Colisão com objeto";"Com Vítimas Feridas";"Plena Noite";"Crescente";"Chuva";"Dupla";"Curva";"Não";1;0;0;1;0;0;1;1;-31,74586797;-52,40428276;"SPRF-RS";"DEL07-RS";"UOP01-DEL07-RS"
783392;2026-07-05;"domingo";"20:05:00";"PR";277;707;"SAO MIGUEL DO IGUACU";"Reação tardia ou ineficiente do condutor";"Saída de leito carroçável";"Com Vítimas Feridas";"Plena Noite";"Crescente";"Céu Claro";"Dupla";"Reta;Declive";"Não";3;0;1;1;1;0;2;1;-25,39140463;-54,2995593;"SPRF-PR";"DEL05-PR";"UOP01-DEL05-PR"
783393;2026-07-06;"segunda-feira";"02:30:00";"CE";116;24;"AQUIRAZ";"Reação tardia ou ineficiente do condutor";"Saída de leito carroçável";"Com Vítimas Feridas";"Plena Noite";"Decrescente";"Chuva";"Dupla";"Reta";"Sim";1;0;0;1;0;0;1;1;-3,96373;-38,5153;"SPRF-CE";"DEL01-CE";"UOP02-DEL01-CE"
783394;2026-07-06;"segunda-feira";"02:50:00";"SP";116;193,5;"SANTA ISABEL";"Transitar na contramão";"Colisão frontal";"Com Vítimas Fatais";"Plena Noite";"Decrescente";"Nevoeiro/Neblina";"Dupla";"Reta";"Não";27;1;1;0;25;0;1;2;-23,38182;-46,26074;"SPRF-SP";"DEL01-SP";"UOP01-DEL01-SP"
783395;2026-07-06;"segunda-feira";"00:15:00";"CE";222;299;"TIANGUA";"Acumulo de óleo sobre o pavimento";"Tombamento";"Com Vítimas Feridas";"Plena Noite";"Crescente";"Céu Claro";"Simples";"Curva";"Não";2;0;2;0;0;0;2;2;-3,662273;-40,94668;"SPRF-CE";"DEL04-CE";"UOP02-DEL04-CE"
783396;2026-07-06;"segunda-feira";"02:50:00";"GO";40;0;"VALPARAISO DE GOIAS";"Reação tardia ou ineficiente do condutor";"Colisão com objeto";"Sem Vítimas";"Plena Noite";"Decrescente";"Céu Claro";"Dupla";"Reta;Aclive";"Sim";1;0;0;0;0;1;0;1;-16,0528717;-47,9816693;"SPRF-DF";"DEL01-DF";"UOP01-DEL01-DF"
783398;2026-07-06;"segunda-feira";"03:00:00";"MA";316;424,5;"PERITORO";"Transitar na contramão";"Atropelamento de Pedestre";"Com Vítimas Fatais";"Amanhecer";"Decrescente";"Nublado";"Simples";"Ponte;Reta";"Sim";3;1;2;0;0;0;2;2;-4,373045;-44,335021;"SPRF-MA";"DEL03-MA";"UOP01-DEL03-MA"
783399;2026-07-06;"segunda-feira";"05:16:00";"TO";10;415;"PORTO NACIONAL";"Ausência de reação do condutor";"Saída de leito carroçável";"Com Vítimas Feridas";"Amanhecer";"Decrescente";"Céu Claro";"Simples";"Reta";"Não";1;0;1;0;0;0;1;1;-10,622142;-48,380535;"SPRF-TO";"DEL01-TO";"UOP03-DEL01-TO"
783400;2026-07-06;"segunda-feira";"05:30:00";"RS";290;93;"PORTO ALEGRE";"Condutor Dormindo";"Saída de leito carroçável";"Com Vítimas Fatais";"Plena Noite";"Decrescente";"Céu Claro";"Dupla";"Curva;Em Obras";"Sim";1;1;0;0;0;0;0;1;-29,97096551;-51,18408887;"SPRF-RS";"DEL01-RS";"UOP01-DEL01-RS"
783402;2026-07-06;"segunda-feira";"06:15:00";"ES";101;148,1;"LINHARES";"Reação tardia ou ineficiente do condutor";"Queda de ocupante de veículo";"Com Vítimas Feridas";"Pleno dia";"Decrescente";"Céu Claro";"Múltipla";"Curva";"Sim";1;0;1;0;0;0;1;1;-19,38918657;-40,06750423;"SPRF-ES";"DEL04-ES";"UOP01-DEL04-ES"
783406;2026-07-06;"segunda-feira";"04:20:00";"TO";153;791;"TALISMA";"Condutor Dormindo";"Tombamento";"Com Vítimas Feridas";"Plena Noite";"Crescente";"Céu Claro";"Simples";"Reta;Aclive";"Não";2;0;0;2;0;0;2;1;-12,73474588;-49,08086951;"SPRF-TO";"DEL01-TO";"UOP02-DEL01-TO"
783407;2026-07-06;"segunda-feira";"04:30:00";"PR";116;106;"SAO JOSE DOS PINHAIS";"Velocidade Incompatível";"Colisão traseira";"Com Vítimas Feridas";"Plena Noite";"Decrescente";"Céu Claro";"Dupla";"Reta";"Sim";2;0;1;0;0;1;1;2;-25,5706;-49,2134;"SPRF-PR";"DEL01-PR";"UOP03-DEL01-PR"
783409;2026-07-06;"segunda-feira";"05:40:00";"MG";40;565,9;"NOVA LIMA";"Retorno proibido";"Colisão lateral mesmo sentido";"Com Vítimas Feridas";"Amanhecer";"Decrescente";"Céu Claro";"Simples";"Reta";"Não";2;0;0;1;1;0;1;2;-20,1732668;-43,9658325;"SPRF-MG";"DEL01-MG";"UOP02-DEL01-MG"
783411;2026-07-05;"domingo";"22:20:00";"GO";364;52,8;"CACHOEIRA ALTA";"Reação tardia ou ineficiente do condutor";"Queda de ocupante de veículo";"Com Vítimas Feridas";"Plena Noite";"Decrescente";"Céu Claro";"Simples";"Reta";"Não";1;0;0;1;0;0;1;1;-18,789433;-50,913185;"SPRF-GO";"DEL05-GO";"UOP02-DEL05-GO"
783412;2026-07-05;"domingo";"15:20:00";"MG";50;158,8;"UBERABA";"Velocidade Incompatível";"Saída de leito carroçável";"Com Vítimas Feridas";"Pleno dia";"Decrescente";"Céu Claro";"Dupla";"Reta";"Não";4;0;4;0;0;0;4;1;-19,63885;-48,01791;"SPRF-MG";"DEL13-MG";"UOP01-DEL13-MG"
783413;2026-07-06;"segunda-feira";"06:40:00";"BA";101;875;"TEIXEIRA DE FREITAS";"Ausência de reação do condutor";"Colisão traseira";"Com Vítimas Feridas";"Pleno dia";"Crescente";"Céu Claro";"Simples";"Reta;Aclive";"Não";2;0;1;0;1;0;1;2;-17,518803;-39,7068;"SPRF-BA";"DEL09-BA";"UOP02-DEL09-BA"
783414;2026-07-06;"segunda-feira";"06:50:00";"PR";369;148,1;"LONDRINA";"Acesso irregular";"Colisão traseira";"Com Vítimas Feridas";"Amanhecer";"Crescente";"Céu Claro";"Dupla";"Reta";"Não";2;0;0;1;1;0;1;2;-23,2929;-51,09776;"SPRF-PR";"DEL07-PR";"UOP01-DEL07-PR"
783415;2026-07-06;"segunda-feira";"02:18:00";"PI";343;268;"CAMPO MAIOR";"Manobra de mudança de faixa";"Colisão transversal";"Com Vítimas Feridas";"Plena Noite";"Crescente";"Céu Claro";"Simples";"Reta";"Sim";2;0;0;1;0;1;1;2;-4,842513;-42,187235;"SPRF-PI";"DEL01-PI";"UOP03-DEL01-PI"
783416;2026-07-06;"segunda-feira";"06:54:00";"PI";343;9,4;"PARNAIBA";"Manobra de mudança de faixa";"Colisão lateral mesmo sentido";"Com Vítimas Fatais";"Pleno dia";"Decrescente";"Céu Claro";"Simples";"Reta";"Sim";4;1;1;0;1;1;1;3;-2,901248;-41,736758;"SPRF-PI";"DEL05-PI";"UOP01-DEL05-PI"
783417;2026-07-06;"segunda-feira";"02:00:00";"PR";376;606;"CURITIBA";"Ausência de reação do condutor";"Colisão com objeto";"Com Vítimas Feridas";"Plena Noite";"Decrescente";"Nublado";"Dupla";"Reta";"Sim";1;0;0;1;0;0;1;1;-25,54398501;-49,30441825;"SPRF-PR";"DEL01-PR";"UOP03-DEL01-PR"
783418;2026-07-05;"domingo";"21:10:00";"MG";381;231,7;"SANTANA DO PARAISO";"Avarias e/ou desgaste excessivo no pneu";"Tombamento";"Com Vítimas Feridas";"Plena Noite";"Decrescente";"Céu Claro";"Simples";"Reta";"Não";1;0;1;0;0;0;1;1;-19,372422;-42,459053;"SPRF-MG";"DEL06-MG";"UOP01-DEL06-MG"
783420;2026-07-06;"segunda-feira";"06:40:00";"MG";40;513,2;"CONTAGEM";"Trafegar com motocicleta (ou similar) entre as faixas";"Colisão lateral mesmo sentido";"Com Vítimas Feridas";"Pleno dia";"Crescente";"Céu Claro";"Dupla";"Reta";"Sim";2;0;1;0;1;0;1;2;-19,87005984;-44,0599823;"SPRF-MG";"DEL01-MG";"UOP02-DEL01-MG"
783421;2026-07-06;"segunda-feira";"06:29:00";"PE";101;83;"JABOATAO DOS GUARARAPES";"Condutor deixou de manter distância do veículo da frente";"Engavetamento";"Com Vítimas Feridas";"Pleno dia";"Crescente";"Céu Claro";"Dupla";"Ponte;Reta";"Não";3;0;1;0;2;0;1;3;-8,18082;-34,95992;"SPRF-PE";"DEL01-PE";"UOP01-DEL01-PE"
783422;2026-07-06;"segunda-feira";"06:40:00";"RJ";116;194;"QUEIMADOS";"Objeto estático sobre o leito carroçável";"Queda de ocupante de veículo";"Com Vítimas Feridas";"Pleno dia";"Decrescente";"Céu Claro";"Dupla";"Reta";"Sim";1;0;1;0;0;0;1;1;-22,73467723;-43,60601306;"SPRF-RJ";"DEL06-RJ";"UOP01-DEL06-RJ"
783424;2026-07-06;"segunda-feira";"07:10:00";"PR";369;156,5;"LONDRINA";"Trafegar com motocicleta (ou similar) entre as faixas";"Colisão lateral mesmo sentido";"Com Vítimas Feridas";"Pleno dia";"Decrescente";"Céu Claro";"Dupla";"Declive;Reta";"Sim";3;0;1;0;2;0;1;3;-23,28947162;-51,22210264;"SPRF-PR";"DEL07-PR";"UOP01-DEL07-PR"
783425;2026-07-02;"quinta-feira";"10:20:00";"PR";277;81;"CURITIBA";"Problema na suspensão";"Tombamento";"Com Vítimas Feridas";"Pleno dia";"Crescente";"Nublado";"Dupla";"Em Obras;Reta";"Sim";2;0;2;0;0;0;2;1;-25,46717756;-49,21462862;"SPRF-PR";"DEL01-PR";"UOP03-DEL01-PR"
783426;2026-07-06;"segunda-feira";"04:15:00";"RJ";101;506,5;"ANGRA DOS REIS";"Iluminação deficiente";"Eventos atípicos";"Com Vítimas Feridas";"Plena Noite";"Decrescente";"Nublado";"Simples";"Reta";"Não";1;0;0;1;0;0;1;1;-22,93480472;-44,40561024;"SPRF-RJ";"DEL03-RJ";"UOP03-DEL03-RJ"
783428;2026-07-06;"segunda-feira";"05:45:00";"AP";210;90;"FERREIRA GOMES";"Condutor deixou de manter distância do veículo da frente";"Colisão traseira";"Com Vítimas Fatais";"Plena Noite";"Decrescente";"Nevoeiro/Neblina";"Simples";"Reta";"Não";4;1;1;0;2;0;1;2;0,637188;-51,301362;"SPRF-AP";"DEL01-AP";"UOP01-DEL01-AP"
783430;2026-07-06;"segunda-feira";"08:00:00";"RS";290;86;"PORTO ALEGRE";"Trafegar com motocicleta (ou similar) entre as faixas";"Colisão lateral mesmo sentido";"Com Vítimas Feridas";"Pleno dia";"Crescente";"Chuva";"Dupla";"Reta";"Sim";2;0;1;0;1;0;1;2;-29,96816043;-51,11376286;"SPRF-RS";"DEL01-RS";"UOP01-DEL01-RS"
783431;2026-07-06;"segunda-feira";"07:50:00";"MG";40;548;"NOVA LIMA";"Trafegar com motocicleta (ou similar) entre as faixas";"Colisão lateral mesmo sentido";"Com Vítimas Feridas";"Pleno dia";"Crescente";"Céu Claro";"Dupla";"Reta;Aclive";"Não";2;0;1;0;1;0;1;2;-20,031098;-43,969948;"SPRF-MG";"DEL01-MG";"UOP02-DEL01-MG"
783433;2026-07-06;"segunda-feira";"07:55:00";"PE";232;130;"CARUARU";"Condutor deixou de manter distância do veículo da frente";"Colisão traseira";"Com Vítimas Feridas";"Pleno dia";"Crescente";"Céu Claro";"Dupla";"Reta";"Não";2;0;1;0;1;0;1;2;-8,299457;-35,990968;"SPRF-PE";"DEL02-PE";"UOP03-DEL02-PE"
783434;2026-06-28;"domingo";"19:40:00";"SC";470;138,3;"RIO DO SUL";"Pista Escorregadia";"Colisão lateral sentido oposto";"Com Vítimas Feridas";"Plena Noite";"Decrescente";"Chuva";"Simples";"Curva";"Não";6;0;1;0;5;0;1;3;-27,209615;-49,651874;"SPRF-SC";"DEL04-SC";"UOP02-DEL04-SC"
783436;2026-07-06;"segunda-feira";"08:30:00";"RS";392;718,7;"PORTO XAVIER";"Animais na Pista";"Atropelamento de Animal";"Com Vítimas Feridas";"Pleno dia";"Crescente";"Nublado";"Simples";"Reta";"Sim";1;0;1;0;0;0;1;1;-27,92051559;-55,13624875;"SPRF-RS";"DEL10-RS";"UOP01-DEL10-RS"
783437;2026-07-06;"segunda-feira";"07:00:00";"MT";70;400;"CAMPO VERDE";"Ingestão de álcool pelo condutor";"Colisão lateral sentido oposto";"Sem Vítimas";"Pleno dia";"Crescente";"Céu Claro";"Simples";"Reta";"Não";5;0;0;0;5;0;0;3;-15,658;-55,24;"SPRF-MT";"DEL05-MT";"UOP02-DEL05-MT"
783440;2026-07-06;"segunda-feira";"06:40:00";"ES";393;0,1;"CACHOEIRO DE ITAPEMIRIM";"Manobra de mudança de faixa";"Colisão transversal";"Com Vítimas Feridas";"Pleno dia";"Crescente";"Nublado";"Simples";"Reta;Interseção de Vias";"Sim";2;0;1;0;1;0;1;2;-20,84050834;-41,16026608;"SPRF-ES";"DEL03-ES";"UOP02-DEL03-ES"
783441;2026-07-03;"sexta-feira";"05:40:00";"PR";158;359,7;"MARQUINHO";"Demais falhas mecânicas ou elétricas";"Incêndio";"Sem Vítimas";"Plena Noite";"Crescente";"Céu Claro";"Simples";"Reta";"Não";1;0;0;0;1;0;0;1;-25,06427;-52,28804;"SPRF-PR";"DEL04-PR";"UOP02-DEL04-PR"
783442;2026-07-06;"segunda-feira";"07:50:00";"SP";116;285;"ITAPECERICA DA SERRA";"Manobra de mudança de faixa";"Colisão traseira";"Sem Vítimas";"Pleno dia";"Crescente";"Nublado";"Dupla";"Reta";"Não";1;0;0;0;1;0;0;1;-23,68648;-46,86052;"SPRF-SP";"DEL04-SP";"UOP01-DEL04-SP"
783444;2026-07-06;"segunda-feira";"05:40:00";"MG";365;162;"PIRAPORA";"Animais na Pista";"Atropelamento de Animal";"Com Vítimas Feridas";"Amanhecer";"Crescente";"Céu Claro";"Simples";"Reta";"Sim";2;0;0;1;1;0;1;2;-17,32876635;-44,89716864;"SPRF-MG";"DEL10-MG";"UOP02-DEL010-MG"
783445;2026-07-06;"segunda-feira";"01:30:00";"MG";381;568;"ITAGUARA";"Ausência de reação do condutor";"Saída de leito carroçável";"Com Vítimas Feridas";"Plena Noite";"Crescente";"Céu Claro";"Dupla";"Reta";"Não";1;0;1;0;0;0;1;1;-20,40206134;-44,50957417;"SPRF-MG";"DEL04-MG";"UOP03-DEL04-MG"
783446;2026-07-06;"segunda-feira";"06:30:00";"RJ";465;21;"NOVA IGUACU";"Pedestre cruzava a pista fora da faixa";"Atropelamento de Pedestre";"Com Vítimas Feridas";"Amanhecer";"Crescente";"Céu Claro";"Simples";"Em Obras;Reta";"Sim";2;0;1;0;0;1;1;2;-22,8490209;-43,6034368;"SPRF-RJ";"DEL06-RJ";"UOP02-DEL06-RJ"
783448;2026-07-06;"segunda-feira";"07:05:00";"RO";364;426,8;"JARU";"Conversão proibida";"Colisão lateral mesmo sentido";"Com Vítimas Feridas";"Pleno dia";"Decrescente";"Sol";"Simples";"Reta;Interseção de Vias";"Sim";4;0;3;0;1;0;3;2;-10,42807;-62,48644;"SPRF-RO";"DEL03-RO";"UOP02-DEL03-RO"
783449;2026-07-06;"segunda-feira";"07:58:00";"SC";101;41,3;"JOINVILLE";"Desrespeitar a preferência no cruzamento";"Colisão transversal";"Sem Vítimas";"Pleno dia";"Decrescente";"Céu Claro";"Múltipla";"Viaduto;Interseção de Vias;Rotatória";"Sim";2;0;0;0;2;0;0;2;-26,31872367;-48,87142036;"SPRF-SC";"DEL03-SC";"UOP01-DEL03-SC"
783450;2026-06-26;"sexta-feira";"19:30:00";"BA";415;22;"ILHEUS";"Avarias e/ou desgaste excessivo no pneu";"Saída de leito carroçável";"Sem Vítimas";"Plena Noite";"Crescente";"Nublado";"Dupla";"Reta";"Não";1;0;0;0;0;1;0;1;-14,80018473;-39,16211709;"SPRF-BA";"DEL05-BA";"UOP01-DEL05-BA"
783451;2026-07-06;"segunda-feira";"09:05:00";"PB";230;84,4;"GURINHEM";"Acessar a via sem observar a presença dos outros veículos";"Colisão traseira";"Com Vítimas Feridas";"Pleno dia";"Crescente";"Céu Claro";"Dupla";"Reta";"Não";3;0;0;1;2;0;1;2;-7,16702016;-35,35575347;"SPRF-PB";"DEL01-PB";"UOP02-DEL01-PB"
783452;2026-07-05;"domingo";"12:10:00";"RJ";116;334,4;"RESENDE";"Velocidade Incompatível";"Tombamento";"Com Vítimas Feridas";"Pleno dia";"Crescente";"Nublado";"Dupla";"Curva";"Não";1;0;1;0;0;0;1;1;-22,492853;-44,656105;"SPRF-RJ";"DEL07-RJ";"UOP02-DEL07-RJ"
783453;2026-07-06;"segunda-feira";"08:00:00";"RO";364;711;"PORTO VELHO";"Reação tardia ou ineficiente do condutor";"Colisão traseira";"Com Vítimas Feridas";"Pleno dia";"Crescente";"Céu Claro";"Dupla";"Reta";"Sim";2;0;1;0;1;0;1;2;-8,78062954;-63,86675326;"SPRF-RO";"DEL01-RO";"UOP01-DEL01-RO"
783455;2026-07-02;"quinta-feira";"11:39:00";"GO";0;0;"ARAGARCAS";"Objeto estático sobre o leito carroçável";"Colisão com objeto";"Sem Vítimas";"Pleno dia";"Não Informado";"Céu Claro";"Simples";"Reta";"Não";1;0;0;0;1;0;0;1;-15,92567654;-52,23449707;"SPRF-MT";"DEL07-MT";"N/A"
783457;2026-07-06;"segunda-feira";"09:50:00";"MG";40;531;"CONTAGEM";"Acumulo de óleo sobre o pavimento";"Tombamento";"Com Vítimas Feridas";"Pleno dia";"Crescente";"Céu Claro";"Dupla";"Retorno Regulamentado";"Sim";2;0;1;0;1;0;1;1;-19,91909314;-44,02628024;"SPRF-MG";"DEL01-MG";"UOP02-DEL01-MG"
783458;2026-07-06;"segunda-feira";"08:05:00";"SC";101;337,2;"TUBARAO";"Problema na suspensão";"Colisão com objeto";"Com Vítimas Feridas";"Pleno dia";"Crescente";"Nublado";"Dupla";"Curva;Declive;Túnel";"Não";1;0;1;0;0;0;1;1;-28,49247909;-49,04078929;"SPRF-SC";"DEL02-SC";"UOP01-DEL02-SC"
783459;2026-07-06;"segunda-feira";"10:00:00";"PI";230;309,3;"FLORIANO";"Acessar a via sem observar a presença dos outros veículos";"Colisão lateral sentido oposto";"Com Vítimas Feridas";"Pleno dia";"Decrescente";"Céu Claro";"Simples";"Reta";"Sim";2;0;0;1;1;0;1;2;-6,770727;-43,007598;"SPRF-PI";"DEL03-PI";"UOP01-DEL03-PI"
783460;2026-06-30;"terça-feira";"12:45:00";"MT";70;86;"GENERAL CARNEIRO";"Acostamento em desnível";"Saída de leito carroçável";"Com Vítimas Fatais";"Pleno dia";"Crescente";"Céu Claro";"Simples";"Reta";"Não";3;1;1;0;1;0;1;1;-15,623327;-52,831415;"SPRF-MT";"DEL07-MT";"UOP01-DEL07-MT"
783463;2026-07-06;"segunda-feira";"06:35:00";"MT";364;331,4;"SANTO ANTONIO DO LEVERGER";"Reação tardia ou ineficiente do condutor";"Saída de leito carroçável";"Com Vítimas Feridas";"Pleno dia";"Decrescente";"Céu Claro";"Dupla";"Reta;Aclive";"Não";1;0;1;0;0;0;1;1;-15,8315;-55,44087;"SPRF-MT";"DEL05-MT";"UOP02-DEL05-MT"
783464;2026-07-06;"segunda-feira";"10:50:00";"GO";60;299;"ACREUNA";"Ingestão de álcool pelo condutor";"Colisão com objeto";"Com Vítimas Feridas";"Pleno dia";"Decrescente";"Céu Claro";"Dupla";"Curva;Declive";"Não";1;0;1;0;0;0;1;1;-17,373315;-50,34519;"SPRF-GO";"DEL04-GO";"UOP01-DEL04-GO"
783466;2026-07-06;"segunda-feira";"09:20:00";"MG";40;39,9;"PARACATU";"Acessar a via sem observar a presença dos outros veículos";"Colisão transversal";"Com Vítimas Feridas";"Pleno dia";"Crescente";"Céu Claro";"Simples";"Rotatória";"Sim";2;0;1;0;1;0;1;2;-17,211261;-46,8383003;"SPRF-MG";"DEL14-MG";"UOP01-DEL14-MG"
783467;2026-07-06;"segunda-feira";"11:15:00";"BA";116;9;"ABARE";"Reação tardia ou ineficiente do condutor";"Capotamento";"Sem Vítimas";"Pleno dia";"Crescente";"Céu Claro";"Simples";"Reta";"Não";1;0;0;0;0;1;0;1;-8,6965439;-39,2601103;"SPRF-PE";"DEL05-PE";"UOP03-DEL05-PE"
783470;2026-07-06;"segunda-feira";"07:20:00";"SC";280;131,2;"RIO NEGRINHO";"Acesso irregular";"Colisão transversal";"Com Vítimas Feridas";"Amanhecer";"Crescente";"Nevoeiro/Neblina";"Simples";"Interseção de Vias";"Sim";4;0;3;0;1;0;3;2;-26,256269;-49,540735;"SPRF-SC";"DEL06-SC";"UOP03-DEL06-SC"
783472;2026-07-06;"segunda-feira";"07:20:00";"AL";316;241;"ATALAIA";"Desrespeitar a preferência no cruzamento";"Colisão lateral sentido oposto";"Com Vítimas Feridas";"Pleno dia";"Decrescente";"Céu Claro";"Simples";"Reta";"Sim";3;0;1;0;2;0;1;2;-9,50247;-36,025857;"SPRF-AL";"DEL01-AL";"UOP01-DEL01-AL"
783474;2026-07-06;"segunda-feira";"11:20:00";"MG";116;579;"MANHUACU";"Ausência de reação do condutor";"Saída de leito carroçável";"Com Vítimas Feridas";"Pleno dia";"Crescente";"Nublado";"Simples";"Reta";"Não";1;0;1;0;0;0;1;1;-20,21724073;-42,18060494;"SPRF-MG";"DEL06-MG";"UOP03-DEL06-MG"
783475;2026-07-06;"segunda-feira";"11:35:00";"RJ";101;331;"RIO DE JANEIRO";"Demais falhas mecânicas ou elétricas";"Incêndio";"Sem Vítimas";"Pleno dia";"Crescente";"Céu Claro";"Dupla";"Reta";"Não";2;0;0;0;2;0;0;1;-22,86818789;-43,18738461;"SPRF-RJ";"DEL02-RJ";"UOP01-DEL02-RJ"
783478;2026-07-06;"segunda-feira";"12:35:00";"RS";116;146;"CAXIAS DO SUL";"Condutor desrespeitou a iluminação vermelha do semáforo";"Colisão transversal";"Com Vítimas Feridas";"Pleno dia";"Crescente";"Céu Claro";"Dupla";"Reta";"Não";2;0;1;0;1;0;1;2;-29,14293;-51,137318;"SPRF-RS";"DEL05-RS";"UOP01-DEL05-RS"
783479;2026-05-18;"segunda-feira";"18:20:00";"ES";101;157,2;"LINHARES";"Ausência de reação do condutor";"Colisão com objeto";"Com Vítimas Feridas";"Plena Noite";"Crescente";"Céu Claro";"Simples";"Reta";"Não";1;0;1;0;0;0;1;1;-19,43912529;-40,08955892;"SPRF-ES";"DEL04-ES";"UOP01-DEL04-ES"
783480;2026-07-06;"segunda-feira";"13:00:00";"BA";101;940,8;"MUCURI";"Ultrapassagem Indevida";"Colisão lateral mesmo sentido";"Com Vítimas Feridas";"Pleno dia";"Crescente";"Nublado";"Simples";"Reta";"Não";2;0;1;0;1;0;1;2;-18,05491706;-39,87267852;"SPRF-BA";"DEL09-BA";"UOP02-DEL09-BA"
783483;2026-07-06;"segunda-feira";"13:00:00";"MG";40;805,5;"MATIAS BARBOSA";"Velocidade Incompatível";"Colisão com objeto";"Com Vítimas Feridas";"Pleno dia";"Decrescente";"Céu Claro";"Dupla";"Curva";"Não";1;0;1;0;0;0;1;1;-21,84947885;-43,3808225;"SPRF-MG";"DEL05-MG";"UOP01-DEL05-MG"
783484;2026-07-06;"segunda-feira";"13:30:00";"GO";60;197,9;"GUAPO";"Reação tardia ou ineficiente do condutor";"Queda de ocupante de veículo";"Com Vítimas Feridas";"Pleno dia";"Crescente";"Céu Claro";"Dupla";"Reta;Declive";"Não";2;0;0;2;0;0;2;1;-16,871745;-49,610413;"SPRF-GO";"DEL01-GO";"UOP02-DEL01-GO"
783485;2026-05-28;"quinta-feira";"06:15:00";"PR";376;178;"MARINGA";"Acessar a via sem observar a presença dos outros veículos";"Queda de ocupante de veículo";"Com Vítimas Feridas";"Amanhecer";"Decrescente";"Céu Claro";"Dupla";"Reta";"Sim";2;0;1;0;0;1;1;2;-23,41895805;-51,91377847;"SPRF-PR";"DEL09-PR";"UOP01-DEL09-PR"
783486;2026-07-05;"domingo";"22:40:00";"RS";290;650;"URUGUAIANA";"Condutor Dormindo";"Colisão frontal";"Com Vítimas Fatais";"Plena Noite";"Crescente";"Nublado";"Simples";"Curva";"Não";3;1;0;2;0;0;2;2;-30,019431;-56,4177278;"SPRF-RS";"DEL13-RS";"UOP02-DEL13-RS"
783488;2026-07-06;"segunda-feira";"13:20:00";"PB";101;84,7;"BAYEUX";"Demais Fenômenos da natureza";"Tombamento";"Com Vítimas Feridas";"Pleno dia";"Crescente";"Céu Claro";"Dupla";"Reta";"Sim";1;0;0;1;0;0;1;1;-7,14374;-34,918832;"SPRF-PB";"DEL01-PB";"UOP01-DEL01-PB"