"id";"data_inversa";"dia_semana";"horario";"uf";"br";"km";"municipio";"causa_acidente";"tipo_acidente";"classificacao_acidente";"fase_dia";"sentido_via";"condicao_metereologica";"tipo_pista";"tracado_via";"uso_solo";"pessoas";"mortos";"feridos_leves";"feridos_graves";"ilesos";"ignorados";"feridos";"veiculos";"latitude";"longitude";"regional";"delegacia";"uop"
783490;2026-07-06;"segunda-feira";"11:00:00";"MG";262;416,1;"IGARATINGA";"Manobra de mudança de faixa";"Colisão lateral mesmo sentido";"Com Vítimas Feridas";"Pleno dia";"Decrescente";"Céu Claro";"Dupla";"Reta";"Não";5;0;1;0;4;0;1;2;-19,88536;-44,77763;"SPRF-MG";"DEL08-MG";"UOP03-DEL08-MG"
783493;2026-07-06;"segunda-feira";"13:15:00";"GO";364;194;"JATAI";"Acostamento em desnível";"Saída de leito carroçável";"Com Vítimas Feridas";"Pleno dia";"Crescente";"Céu Claro";"Dupla";"Reta;Declive";"Não";1;0;1;0;0;0;1;1;-17,919916;-51,699154;"SPRF-GO";"DEL05-GO";"UOP01-DEL05-GO"
783494;2026-07-06;"segunda-feira";"14:00:00";"ES";101;78,7;"SAO MATEUS";"Ausência de reação do condutor";"Tombamento";"Com Vítimas Feridas";"Pleno dia";"Crescente";"Céu Claro";"Simples";"Declive;Reta";"Não";3;0;1;1;1;0;2;1;-18,8109433;-39,8986183;"SPRF-ES";"DEL04-ES";"UOP02-DEL04-ES"
783496;2026-03-04;"quarta-feira";"06:25:00";"GO";60;360,7;"RIO VERDE";"Reação tardia ou ineficiente do condutor";"Colisão com objeto";"Com Vítimas Feridas";"Amanhecer";"Crescente";"Céu Claro";"Dupla";"Reta";"Não";1;0;1;0;0;0;1;1;-17,64256;-50,788553;"SPRF-GO";"DEL04-GO";"UOP02-DEL04-GO"
783497;2026-07-06;"segunda-feira";"12:48:00";"GO";60;92;"ANAPOLIS";"Ingestão de álcool pelo condutor";"Saída de leito carroçável";"Com Vítimas Feridas";"Pleno dia";"Crescente";"Céu Claro";"Dupla";"Reta";"Não";7;0;1;0;0;6;1;4;-16,29895319;-48,7672323;"SPRF-GO";"DEL02-GO";"UOP01-DEL02-GO"
783499;2026-07-06;"segunda-feira";"13:40:00";"PE";428;148;"PETROLINA";"Condutor Dormindo";"Colisão frontal";"Com Vítimas Feridas";"Pleno dia";"Decrescente";"Céu Claro";"Simples";"Reta";"Não";3;0;2;1;0;0;3;2;-9,28697046;-40,44304159;"SPRF-PE";"DEL06-PE";"UOP01-DEL06-PE"
783503;2026-07-06;"segunda-feira";"14:40:00";"SC";280;223,8;"TRES BARRAS";"Ausência de reação do condutor";"Saída de leito carroçável";"Com Vítimas Feridas";"Pleno dia";"Decrescente";"Garoa/Chuvisco";"Simples";"Curva";"Não";1;0;1;0;0;0;1;1;-26,174643;-50,301868;"SPRF-SC";"DEL06-SC";"UOP04-DEL06-SC"
783504;2026-07-06;"segunda-feira";"10:50:00";"MG";364;38;"FRUTAL";"Acostamento em desnível";"Saída de leito carroçável";"Com Vítimas Feridas";"Pleno dia";"Decrescente";"Céu Claro";"Simples";"Curva;Em Obras";"Não";2;0;1;0;1;0;1;1;-19,968;-48,961;"SPRF-MG";"DEL13-MG";"UOP02-DEL13-MG"
783505;2026-05-20;"quarta-feira";"05:57:00";"PB";101;88;"JOAO PESSOA";"Demais falhas mecânicas ou elétricas";"Queda de ocupante de veículo";"Com Vítimas Feridas";"Pleno dia";"Decrescente";"Céu Claro";"Dupla";"Curva;Declive";"Sim";3;0;3;0;0;0;3;2;-7,16517949;-34,89882801;"SPRF-PB";"DEL01-PB";"UOP01-DEL01-PB"
783507;2026-07-06;"segunda-feira";"07:32:00";"RO";425;81;"NOVA MAMORE";"Desrespeitar a preferência no cruzamento";"Colisão lateral mesmo sentido";"Com Vítimas Feridas";"Pleno dia";"Crescente";"Céu Claro";"Dupla";"Reta";"Sim";2;0;1;0;1;0;1;2;-10,4086;-65,3297;"SPRF-RO";"DEL01-RO";"UOP03-DEL01-RO"
783509;2026-07-06;"segunda-feira";"16:10:00";"MG";50;69;"UBERLANDIA";"Condutor deixou de manter distância do veículo da frente";"Tombamento";"Com Vítimas Feridas";"Pleno dia";"Crescente";"Céu Claro";"Dupla";"Viaduto";"Sim";1;0;1;0;0;0;1;1;-18,884578;-48,26574;"SPRF-MG";"DEL15-MG";"UOP01-DEL15-MG"
783510;2026-07-06;"segunda-feira";"16:00:00";"PE";101;42;"IGARASSU";"Acessar a via sem observar a presença dos outros veículos";"Colisão lateral mesmo sentido";"Com Vítimas Feridas";"Pleno dia";"Decrescente";"Sol";"Múltipla";"Reta;Retorno Regulamentado";"Sim";2;0;1;0;1;0;1;2;-7,8458011;-34,9123415;"SPRF-PE";"DEL01-PE";"UOP02-DEL01-PE"
783511;2026-05-17;"domingo";"06:50:00";"RJ";393;298;"BARRA MANSA";"Ausência de reação do condutor";"Saída de leito carroçável";"Sem Vítimas";"Pleno dia";"Crescente";"Céu Claro";"Simples";"Curva";"Sim";1;0;0;0;0;1;0;1;-22,5446855;-44,11243558;"SPRF-RJ";"DEL07-RJ";"UOP02-DEL07-RJ"
783512;2026-07-06;"segunda-feira";"13:34:00";"SP";153;2,2;"ICEM";"Pedestre andava na pista";"Atropelamento de Pedestre";"Com Vítimas Feridas";"Pleno dia";"Decrescente";"Céu Claro";"Simples";"Ponte;Reta";"Não";2;0;0;1;0;1;1;2;-20,32560221;-49,21185907;"SPRF-SP";"DEL09-SP";"UOP01-DEL09-SP"
783513;2026-06-24;"quarta-feira";"14:10:00";"MG";381;925,8;"ITAPEVA";"Velocidade Incompatível";"Capotamento";"Com Vítimas Feridas";"Pleno dia";"Crescente";"Chuva";"Dupla";"Curva;Aclive";"Sim";2;0;1;0;1;0;1;1;-22,77099836;-46,20353615;"SPRF-MG";"DEL16-MG";"UOP03-DEL16-MG"
783514;2026-05-07;"quinta-feira";"00:30:00";"RJ";101;505;"ANGRA DOS REIS";"Reação tardia ou ineficiente do condutor";"Saída de leito carroçável";"Com Vítimas Feridas";"Plena Noite";"Crescente";"Céu Claro";"Simples";"Curva;Ponte";"Sim";2;0;0;2;0;0;2;1;-22,93499785;-44,39540863;"SPRF-RJ";"DEL03-RJ";"UOP03-DEL03-RJ"
783515;2026-07-06;"segunda-feira";"16:30:00";"MG";459;59,3;"IPUIUNA";"Frear bruscamente";"Saída de leito carroçável";"Com Vítimas Feridas";"Pleno dia";"Crescente";"Céu Claro";"Simples";"Curva";"Não";1;0;1;0;0;0;1;1;-22,088623;-46,224581;"SPRF-MG";"DEL09-MG";"UOP01-DEL09-MG"
783516;2026-07-06;"segunda-feira";"17:10:00";"MG";381;423;"SABARA";"Velocidade Incompatível";"Saída de leito carroçável";"Com Vítimas Feridas";"Anoitecer";"Crescente";"Nublado";"Simples";"Curva;Declive";"Não";2;0;1;1;0;0;2;1;-19,786971;-43,689567;"SPRF-MG";"DEL01-MG";"UOP01-DEL01-MG"
783517;2026-07-06;"segunda-feira";"16:20:00";"BA";415;26;"ILHEUS";"Condutor deixou de manter distância do veículo da frente";"Colisão traseira";"Com Vítimas Feridas";"Pleno dia";"Decrescente";"Céu Claro";"Simples";"Reta";"Não";2;0;1;0;1;0;1;2;-14,797052;-39,199502;"SPRF-BA";"DEL05-BA";"UOP01-DEL05-BA"
783518;2026-07-06;"segunda-feira";"16:45:00";"SC";101;191;"BIGUACU";"Ausência de reação do condutor";"Colisão com objeto";"Com Vítimas Feridas";"Pleno dia";"Decrescente";"Garoa/Chuvisco";"Múltipla";"Curva";"Sim";1;0;1;0;0;0;1;1;-27,47756712;-48,6410176;"SPRF-SC";"DEL01-SC";"UOP01-DEL01-SC"
783521;2026-07-06;"segunda-feira";"11:00:00";"RO";364;353;"JI-PARANA";"Ausência de reação do condutor";"Colisão traseira";"Com Vítimas Feridas";"Pleno dia";"Decrescente";"Céu Claro";"Simples";"Reta";"Sim";2;0;1;0;1;0;1;2;-10,90221878;-61,97006235;"SPRF-RO";"DEL02-RO";"UOP01-DEL02-RO"
783523;2026-07-06;"segunda-feira";"17:20:00";"MG";50;36;"ARAGUARI";"Ausência de reação do condutor";"Colisão com objeto";"Com Vítimas Feridas";"Pleno dia";"Decrescente";"Céu Claro";"Dupla";"Viaduto;Retorno Regulamentado";"Não";1;0;1;0;0;0;1;1;-18,65582603;-48,14959466;"SPRF-MG";"DEL15-MG";"UOP02-DEL15-MG"
783524;2026-07-06;"segunda-feira";"07:30:00";"RS";386;347;"LAJEADO";"Acessar a via sem observar a presença dos outros veículos";"Colisão traseira";"Com Vítimas Feridas";"Amanhecer";"Crescente";"Nublado";"Dupla";"Reta";"Sim";2;0;1;0;1;0;1;2;-29,45311;-51,96266;"SPRF-RS";"DEL04-RS";"UOP01-DEL04-RS"
783526;2026-07-06;"segunda-feira";"16:45:00";"PB";230;83,6;"CALDAS BRANDAO";"Ingestão de álcool pelo condutor";"Colisão com objeto";"Com Vítimas Feridas";"Pleno dia";"Decrescente";"Céu Claro";"Simples";"Declive;Reta";"Sim";5;0;1;0;3;1;1;3;-7,168467;-35,348037;"SPRF-PB";"DEL01-PB";"UOP02-DEL01-PB"
783527;2026-07-06;"segunda-feira";"15:00:00";"RJ";101;56;"CAMPOS DOS GOYTACAZES";"Acesso irregular";"Queda de ocupante de veículo";"Com Vítimas Feridas";"Pleno dia";"Crescente";"Céu Claro";"Simples";"Reta";"Não";3;0;2;0;0;1;2;2;-21,68935;-41,31045;"SPRF-RJ";"DEL08-RJ";"UOP01-DEL08-RJ"
783529;2026-07-06;"segunda-feira";"17:50:00";"SE";235;2;"ARACAJU";"Condutor deixou de manter distância do veículo da frente";"Colisão traseira";"Com Vítimas Feridas";"Plena Noite";"Decrescente";"Céu Claro";"Dupla";"Reta;Viaduto";"Não";2;0;1;0;1;0;1;2;-10,90770769;-37,09103314;"SPRF-SE";"DEL01-SE";"UOP01-DEL01-SE"
783530;2026-07-06;"segunda-feira";"18:06:00";"RN";110;97,6;"UPANEMA";"Transitar na contramão";"Colisão frontal";"Com Vítimas Feridas";"Anoitecer";"Decrescente";"Céu Claro";"Simples";"Reta";"Não";2;0;1;1;0;0;2;2;-5,62823;-37,26827;"SPRF-RN";"DEL04-RN";"UOP01-DEL04-RN"
783531;2026-07-06;"segunda-feira";"17:05:00";"SC";470;173,4;"POUSO REDONDO";"Conversão proibida";"Colisão frontal";"Com Vítimas Feridas";"Plena Noite";"Decrescente";"Garoa/Chuvisco";"Simples";"Reta";"Sim";4;0;2;0;1;1;2;3;-27,258999;-49,924613;"SPRF-SC";"DEL04-SC";"UOP02-DEL04-SC"
783532;2026-07-06;"segunda-feira";"17:45:00";"MG";354;735,8;"POUSO ALTO";"Acessar a via sem observar a presença dos outros veículos";"Colisão transversal";"Com Vítimas Feridas";"Anoitecer";"Decrescente";"Céu Claro";"Simples";"Interseção de Vias";"Sim";2;0;1;0;1;0;1;2;-22,19752778;-44,97297406;"SPRF-MG";"DEL17-MG";"UOP01-DEL17-MG"
783533;2026-05-19;"terça-feira";"14:20:00";"RJ";101;484;"ANGRA DOS REIS";"Condutor deixou de manter distância do veículo da frente";"Colisão traseira";"Sem Vítimas";"Pleno dia";"Decrescente";"Garoa/Chuvisco";"Dupla";"Curva;Aclive";"Sim";3;0;0;0;3;0;0;2;-22,9844226;-44,296707;"SPRF-RJ";"DEL03-RJ";"UOP03-DEL03-RJ"
783534;2026-07-06;"segunda-feira";"18:30:00";"RS";116;146,8;"CAXIAS DO SUL";"Acessar a via sem observar a presença dos outros veículos";"Colisão transversal";"Com Vítimas Feridas";"Plena Noite";"Decrescente";"Nublado";"Dupla";"Reta";"Sim";2;0;1;0;1;0;1;2;-29,148577;-51,14262;"SPRF-RS";"DEL05-RS";"UOP01-DEL05-RS"
783535;2026-07-06;"segunda-feira";"17:00:00";"SC";280;155,3;"MAFRA";"Pista Escorregadia";"Saída de leito carroçável";"Com Vítimas Feridas";"Anoitecer";"Crescente";"Chuva";"Simples";"Reta";"Não";5;0;1;0;4;0;1;1;-26,209903;-49,730803;"SPRF-SC";"DEL06-SC";"UOP03-DEL06-SC"
783537;2026-07-06;"segunda-feira";"18:20:00";"SC";101;145,4;"ITAPEMA";"Manobra de mudança de faixa";"Colisão lateral mesmo sentido";"Com Vítimas Feridas";"Anoitecer";"Decrescente";"Garoa/Chuvisco";"Dupla";"Reta";"Sim";2;0;0;1;1;0;1;2;-27,06747;-48,59472;"SPRF-SC";"DEL04-SC";"UOP03-DEL04-SC"
783538;2026-06-22;"segunda-feira";"21:16:00";"BA";324;528;"FEIRA DE SANTANA";"Objeto estático sobre o leito carroçável";"Colisão com objeto";"Com Vítimas Feridas";"Pleno dia";"Crescente";"Ignorado";"Dupla";"Reta";"Sim";1;0;1;0;0;0;1;1;-12,33092123;-38,85823086;"SPRF-BA";"DEL11-BA";"UOP02-DEL11-BA"
783539;2026-07-06;"segunda-feira";"16:05:00";"PE";423;84,8;"SAO JOAO";"Ingestão de álcool pelo condutor";"Colisão transversal";"Sem Vítimas";"Pleno dia";"Decrescente";"Céu Claro";"Simples";"Reta";"Não";2;0;0;0;2;0;0;2;-8,805383;-36,441382;"SPRF-PE";"DEL03-PE";"UOP01-DEL03-PE"
783540;2026-07-06;"segunda-feira";"17:42:00";"GO";60;165;"GOIANIA";"Manobra de mudança de faixa";"Colisão lateral mesmo sentido";"Com Vítimas Feridas";"Anoitecer";"Crescente";"Céu Claro";"Dupla";"Reta;Retorno Regulamentado";"Sim";2;0;0;1;1;0;1;2;-16,716841;-49,365243;"SPRF-GO";"DEL01-GO";"UOP02-DEL01-GO"
783541;2026-05-11;"segunda-feira";"09:05:00";"RJ";101;519;"ANGRA DOS REIS";"Pista Escorregadia";"Colisão transversal";"Com Vítimas Feridas";"Pleno dia";"Crescente";"Chuva";"Simples";"Curva";"Não";4;0;1;2;1;0;3;2;-23,00967529;-44,45115566;"SPRF-RJ";"DEL03-RJ";"UOP03-DEL03-RJ"
783543;2026-07-06;"segunda-feira";"17:20:00";"PI";343;591,1;"FLORIANO";"Animais na Pista";"Atropelamento de Animal";"Com Vítimas Feridas";"Pleno dia";"Decrescente";"Céu Claro";"Dupla";"Reta";"Sim";1;0;1;0;0;0;1;1;-6,780792;-43,024697;"SPRF-PI";"DEL03-PI";"UOP01-DEL03-PI"
783544;2026-07-06;"segunda-feira";"15:45:00";"MS";487;15,5;"ITAQUIRAI";"Condutor Dormindo";"Saída de leito carroçável";"Com Vítimas Feridas";"Pleno dia";"Decrescente";"Céu Claro";"Simples";"Reta";"Não";1;0;1;0;0;0;1;1;-23,239882;-54,075108;"SPRF-MS";"DEL09-MS";"UOP01-DEL09-MS"
783547;2026-07-06;"segunda-feira";"16:17:00";"RJ";40;88;"PETROPOLIS";"Pista Escorregadia";"Saída de leito carroçável";"Com Vítimas Feridas";"Pleno dia";"Decrescente";"Nublado";"Dupla";"Curva;Aclive";"Não";1;0;1;0;0;0;1;1;-22,55390405;-43,22750349;"SPRF-RJ";"DEL01-RJ";"UOP01-DEL01-RJ"
783548;2026-07-06;"segunda-feira";"18:20:00";"PR";277;117,6;"CAMPO LARGO";"Transitar na contramão";"Colisão frontal";"Com Vítimas Feridas";"Anoitecer";"Decrescente";"Nublado";"Simples";"Curva";"Sim";3;0;1;0;2;0;1;2;-25,44331437;-49,45838839;"SPRF-PR";"DEL01-PR";"UOP07-DEL01-PR"
783549;2026-07-06;"segunda-feira";"18:20:00";"SP";381;36;"ATIBAIA";"Condutor deixou de manter distância do veículo da frente";"Colisão traseira";"Com Vítimas Feridas";"Anoitecer";"Crescente";"Céu Claro";"Dupla";"Reta";"Não";2;0;1;0;1;0;1;1;-23,106351;-46,569325;"SPRF-SP";"DEL03-SP";"UOP01-DEL03-SP"
783550;2026-07-06;"segunda-feira";"18:16:00";"RN";101;31,8;"RIO DO FOGO";"Animais na Pista";"Atropelamento de Animal";"Sem Vítimas";"Plena Noite";"Crescente";"Céu Claro";"Simples";"Reta";"Não";1;0;0;0;1;0;0;1;-5,3454979;-35,3923944;"SPRF-RN";"DEL02-RN";"UOP01-DEL02-RN"
783551;2026-07-06;"segunda-feira";"18:25:00";"RN";101;102,3;"PARNAMIRIM";"Objeto estático sobre o leito carroçável";"Tombamento";"Com Vítimas Feridas";"Plena Noite";"Decrescente";"Céu Claro";"Múltipla";"Reta";"Sim";1;0;1;0;0;0;1;1;-5,888848;-35,242175;"SPRF-RN";"DEL01-RN";"UOP01-DEL01-RN"
783553;2026-07-06;"segunda-feira";"18:30:00";"RJ";116;188;"NOVA IGUACU";"Demais falhas mecânicas ou elétricas";"Incêndio";"Sem Vítimas";"Plena Noite";"Decrescente";"Céu Claro";"Dupla";"Reta";"Sim";1;0;0;0;1;0;0;1;-22,73790922;-43,48816618;"SPRF-RJ";"DEL06-RJ";"UOP01-DEL06-RJ"
783555;2026-07-06;"segunda-feira";"18:20:00";"RJ";465;21;"NOVA IGUACU";"Reação tardia ou ineficiente do condutor";"Eventos atípicos";"Com Vítimas Feridas";"Plena Noite";"Crescente";"Céu Claro";"Simples";"Reta";"Não";2;0;1;0;0;1;1;2;-22,83346536;-43,61469269;"SPRF-RJ";"DEL06-RJ";"UOP02-DEL06-RJ"
783556;2026-07-06;"segunda-feira";"18:20:00";"MS";463;0,5;"DOURADOS";"Acesso irregular";"Saída de leito carroçável";"Com Vítimas Feridas";"Plena Noite";"Decrescente";"Céu Claro";"Simples";"Reta;Interseção de Vias";"Sim";3;0;1;0;2;0;1;1;-22,25915728;-54,80940549;"SPRF-MS";"DEL04-MS";"UOP01-DEL04-MS"
783557;2026-07-06;"segunda-feira";"18:21:00";"SP";116;223;"GUARULHOS";"Reação tardia ou ineficiente do condutor";"Colisão traseira";"Sem Vítimas";"Plena Noite";"Crescente";"Céu Claro";"Múltipla";"Reta";"Sim";5;0;0;0;4;1;0;3;-23,4783802;-46,52975433;"SPRF-SP";"DEL01-SP";"UOP01-DEL01-SP"
783558;2026-07-06;"segunda-feira";"19:01:00";"DF";70;14;"BRASILIA";"Condutor deixou de manter distância do veículo da frente";"Colisão traseira";"Com Vítimas Feridas";"Pleno dia";"Crescente";"Céu Claro";"Dupla";"Reta";"Sim";6;0;3;0;3;0;3;5;-15,79781;-48,17808;"SPRF-DF";"DEL03-DF";"UOP02-DEL03-DF"
783559;2026-03-16;"segunda-feira";"19:01:00";"MS";0;0;"SIDROLANDIA";"Acostamento em desnível";"Colisão com objeto";"Sem Vítimas";"Plena Noite";"Não Informado";"Céu Claro";"Simples";"Curva";"Não";4;0;0;0;4;0;0;1;-21,07423704;-54,69602935;"SPRF-MS";"DEL01-MS";"N/A"
783560;2026-07-06;"segunda-feira";"16:10:00";"RO";364;377,8;"OURO PRETO DO OESTE";"Transitar na contramão";"Colisão frontal";"Com Vítimas Fatais";"Pleno dia";"Decrescente";"Sol";"Múltipla";"Curva;Aclive";"Não";9;1;1;1;6;0;2;3;-10,742016;-62,207319;"SPRF-RO";"DEL02-RO";"UOP01-DEL02-RO"
783562;2026-07-06;"segunda-feira";"19:00:00";"PR";376;650;"TIJUCAS DO SUL";"Reação tardia ou ineficiente do condutor";"Saída de leito carroçável";"Com Vítimas Feridas";"Plena Noite";"Crescente";"Chuva";"Dupla";"Declive;Reta";"Não";1;0;1;0;0;0;1;1;-25,84149121;-49,10356371;"SPRF-PR";"DEL01-PR";"UOP04-DEL01-PR"
783563;2026-07-06;"segunda-feira";"19:15:00";"RS";392;51;"RIO GRANDE";"Animais na Pista";"Atropelamento de Animal";"Com Vítimas Feridas";"Plena Noite";"Crescente";"Céu Claro";"Dupla";"Reta";"Não";3;0;2;0;0;1;2;2;-31,8639071;-52,3238837;"SPRF-RS";"DEL07-RS";"UOP02-DEL07-RS"
783565;2026-07-06;"segunda-feira";"18:30:00";"MT";158;599;"AGUA BOA";"Transitar na contramão";"Colisão frontal";"Com Vítimas Feridas";"Plena Noite";"Decrescente";"Céu Claro";"Simples";"Reta";"Não";2;0;1;0;1;0;1;2;-14,3212501;-52,1690701;"SPRF-MT";"DEL07-MT";"UOP02-DEL07-MT"
783567;2026-07-06;"segunda-feira";"20:45:00";"AP";156;801,6;"OIAPOQUE";"Acessar a via sem observar a presença dos outros veículos";"Tombamento";"Com Vítimas Feridas";"Plena Noite";"Crescente";"Céu Claro";"Simples";"Reta";"Sim";1;0;1;0;0;0;1;1;3,8394365;-51,81952564;"SPRF-AP";"DEL01-AP";"UOP03-DEL01-AP"
783568;2026-07-06;"segunda-feira";"19:20:00";"MS";267;394,3;"MARACAJU";"Ausência de reação do condutor";"Saída de leito carroçável";"Com Vítimas Feridas";"Plena Noite";"Decrescente";"Céu Claro";"Simples";"Reta";"Não";2;0;1;1;0;0;2;1;-21,616042;-55,4186594;"SPRF-MS";"DEL05-MS";"UOP01-DEL05-MS"
783569;2026-07-06;"segunda-feira";"18:30:00";"GO";60;283;"JANDAIA";"Reação tardia ou ineficiente do condutor";"Saída de leito carroçável";"Com Vítimas Feridas";"Plena Noite";"Crescente";"Céu Claro";"Dupla";"Curva";"Não";1;0;1;0;0;0;1;1;-17,273162;-50,238878;"SPRF-GO";"DEL04-GO";"UOP01-DEL04-GO"
783571;2026-07-06;"segunda-feira";"19:10:00";"RO";364;517,5;"ARIQUEMES";"Pedestre - Ingestão de álcool/ substâncias psicoativas";"Atropelamento de Pedestre";"Com Vítimas Feridas";"Plena Noite";"Crescente";"Céu Claro";"Dupla";"Reta";"Não";3;0;0;1;2;0;1;2;-9,901807;-63,05605;"SPRF-RO";"DEL03-RO";"UOP01-DEL03-RO"
783574;2026-06-18;"quinta-feira";"18:30:00";"SC";280;86;"CORUPA";"Reação tardia ou ineficiente do condutor";"Saída de leito carroçável";"Com Vítimas Feridas";"Plena Noite";"Decrescente";"Céu Claro";"Simples";"Reta;Declive";"Não";1;0;1;0;0;0;1;1;-26,415105;-49,264562;"SPRF-SC";"DEL06-SC";"UOP03-DEL06-SC"
783575;2026-07-06;"segunda-feira";"17:50:00";"PE";101;147;"RIBEIRAO";"Animais na Pista";"Atropelamento de Animal";"Com Vítimas Feridas";"Anoitecer";"Crescente";"Céu Claro";"Dupla";"Reta";"Não";1;0;1;0;0;0;1;1;-8,48052;-35,37197;"SPRF-PE";"DEL01-PE";"UOP03-DEL01-PE"
783577;2026-07-06;"segunda-feira";"19:00:00";"SC";101;436,7;"SOMBRIO";"Acessar a via sem observar a presença dos outros veículos";"Colisão frontal";"Com Vítimas Feridas";"Plena Noite";"Crescente";"Nublado";"Simples";"Viaduto;Aclive;Interseção de Vias";"Sim";3;0;1;0;2;0;1;2;-29,12122368;-49,64317052;"SPRF-SC";"DEL02-SC";"UOP02-DEL02-SC"
783578;2026-07-06;"segunda-feira";"20:30:00";"GO";153;598;"MORRINHOS";"Ausência de reação do condutor";"Saída de leito carroçável";"Com Vítimas Feridas";"Plena Noite";"Decrescente";"Céu Claro";"Simples";"Viaduto;Interseção de Vias";"Não";3;0;1;0;2;0;1;1;-17,524777;-49,214943;"SPRF-GO";"DEL03-GO";"UOP01-DEL03-GO"
783579;2026-07-06;"segunda-feira";"21:00:00";"SC";282;216;"LAGES";"Chuva";"Queda de ocupante de veículo";"Com Vítimas Feridas";"Plena Noite";"Decrescente";"Chuva";"Simples";"Reta";"Sim";2;0;1;0;1;0;1;1;-27,797721;-50,295276;"SPRF-SC";"DEL05-SC";"UOP01-DEL05-SC"
783580;2026-07-06;"segunda-feira";"19:10:00";"MG";153;127;"PRATA";"Ausência de reação do condutor";"Saída de leito carroçável";"Com Vítimas Feridas";"Plena Noite";"Crescente";"Nublado";"Dupla";"Reta;Aclive";"Não";1;0;1;0;0;0;1;1;-19,462892;-48,877303;"SPRF-MG";"DEL15-MG";"UOP03-DEL15-MG"
783582;2026-07-06;"segunda-feira";"19:00:00";"PR";376;47,3;"NOVA LONDRINA";"Demais falhas mecânicas ou elétricas";"Incêndio";"Sem Vítimas";"Plena Noite";"Crescente";"Céu Claro";"Simples";"Reta";"Não";1;0;0;0;1;0;0;1;-22,85840531;-52,96824066;"SPRF-PR";"DEL09-PR";"UOP02-DEL09-PR"
783583;2026-07-06;"segunda-feira";"12:00:00";"BA";367;83;"EUNAPOLIS";"Ausência de reação do condutor";"Colisão lateral mesmo sentido";"Com Vítimas Feridas";"Pleno dia";"Decrescente";"Céu Claro";"Simples";"Interseção de Vias";"Sim";2;0;0;1;1;0;1;2;-16,37323147;-39,57265735;"SPRF-BA";"DEL09-BA";"UOP03-DEL09-BA"
783587;2026-07-06;"segunda-feira";"21:43:00";"PE";408;64;"PAUDALHO";"Condutor deixou de manter distância do veículo da frente";"Colisão traseira";"Com Vítimas Feridas";"Plena Noite";"Crescente";"Céu Claro";"Dupla";"Curva";"Sim";5;0;2;0;1;2;2;3;-7,88448;-35,18131;"SPRF-PE";"DEL01-PE";"UOP01-DEL01-PE"
783591;2026-07-06;"segunda-feira";"20:30:00";"SC";101;229;"PALHOCA";"Ausência de reação do condutor";"Colisão com objeto";"Com Vítimas Feridas";"Pleno dia";"Decrescente";"Chuva";"Dupla";"Reta";"Não";1;0;1;0;0;0;1;1;-27,7609918;-48,63064885;"SPRF-SC";"DEL01-SC";"UOP02-DEL01-SC"
783592;2026-07-06;"segunda-feira";"21:00:00";"GO";60;72;"ABADIANIA";"Reação tardia ou ineficiente do condutor";"Capotamento";"Sem Vítimas";"Plena Noite";"Decrescente";"Céu Claro";"Dupla";"Reta";"Não";1;0;0;0;0;1;0;1;-16,262265;-48,763359;"SPRF-GO";"DEL02-GO";"UOP01-DEL02-GO"
783594;2026-07-06;"segunda-feira";"23:00:00";"SC";282;3,7;"FLORIANOPOLIS";"Entrada inopinada do pedestre";"Atropelamento de Pedestre";"Com Vítimas Fatais";"Plena Noite";"Decrescente";"Chuva";"Dupla";"Curva";"Sim";2;1;0;0;1;0;0;2;-27,59381871;-48,60209791;"SPRF-SC";"DEL01-SC";"UOP01-DEL01-SC"
783595;2026-07-06;"segunda-feira";"22:00:00";"MG";262;439;"NOVA SERRANA";"Ultrapassagem Indevida";"Colisão lateral mesmo sentido";"Sem Vítimas";"Plena Noite";"Crescente";"Céu Claro";"Dupla";"Reta";"Sim";2;0;0;0;2;0;0;2;-19,8727791;-44,963184;"SPRF-MG";"DEL08-MG";"UOP03-DEL08-MG"
783596;2026-07-06;"segunda-feira";"21:47:00";"MG";50;131,4;"UBERABA";"Animais na Pista";"Atropelamento de Animal";"Com Vítimas Feridas";"Plena Noite";"Crescente";"Céu Claro";"Dupla";"Reta";"Não";3;0;2;0;1;0;2;1;-19,39569;-48,07733;"SPRF-MG";"DEL13-MG";"UOP01-DEL13-MG"
783597;2026-07-06;"segunda-feira";"23:00:00";"SP";116;279;"EMBU DAS ARTES";"Ingestão de álcool pelo condutor";"Colisão com objeto";"Sem Vítimas";"Plena Noite";"Crescente";"Céu Claro";"Dupla";"Reta";"Sim";2;0;0;0;2;0;0;1;-23,64284803;-46,8385884;"SPRF-SP";"DEL04-SP";"UOP01-DEL04-SP"
783598;2026-07-06;"segunda-feira";"23:50:00";"PR";376;541;"PALMEIRA";"Ausência de reação do condutor";"Saída de leito carroçável";"Com Vítimas Feridas";"Plena Noite";"Decrescente";"Nublado";"Dupla";"Reta";"Não";1;0;0;1;0;0;1;1;-25,41133258;-49,77773879;"SPRF-PR";"DEL01-PR";"UOP07-DEL01-PR"
783599;2026-07-07;"terça-feira";"00:50:00";"MG";381;4;"BETIM";"Animais na Pista";"Atropelamento de Animal";"Com Vítimas Feridas";"Plena Noite";"Crescente";"Céu Claro";"Dupla";"Reta";"Sim";1;0;1;0;0;0;1;1;-19,9871314;-44,18335386;"SPRF-MG";"DEL01-MG";"UOP03-DEL01-MG"