"id";"data_inversa";"dia_semana";"horario";"uf";"br";"km";"municipio";"causa_acidente";"tipo_acidente";"classificacao_acidente";"fase_dia";"sentido_via";"condicao_metereologica";"tipo_pista";"tracado_via";"uso_solo";"pessoas";"mortos";"feridos_leves";"feridos_graves";"ilesos";"ignorados";"feridos";"veiculos";"latitude";"longitude";"regional";"delegacia";"uop"
783723;2026-07-07;"terça-feira";"16:30:00";"MG";40;773,9;"JUIZ DE FORA";"Condutor deixou de manter distância do veículo da frente";"Colisão traseira";"Com Vítimas Feridas";"Pleno dia";"Crescente";"Céu Claro";"Dupla";"Reta";"Não";3;0;0;1;2;0;1;2;-21,62891699;-43,44545603;"SPRF-MG";"DEL05-MG";"UOP01-DEL05-MG"
783726;2026-07-07;"terça-feira";"16:53:00";"MG";40;744,5;"SANTOS DUMONT";"Pedestre cruzava a pista fora da faixa";"Atropelamento de Pedestre";"Com Vítimas Feridas";"Pleno dia";"Decrescente";"Sol";"Simples";"Reta";"Sim";2;0;1;0;1;0;1;2;-21,43668;-43,55421348;"SPRF-MG";"DEL05-MG";"UOP01-DEL05-MG"
783727;2026-07-07;"terça-feira";"16:50:00";"PA";316;59;"CASTANHAL";"Acessar a via sem observar a presença dos outros veículos";"Colisão transversal";"Com Vítimas Feridas";"Pleno dia";"Decrescente";"Céu Claro";"Dupla";"Reta;Retorno Regulamentado";"Sim";2;0;0;1;1;0;1;2;-1,2989196;-47,96581004;"SPRF-PA";"DEL01-PA";"UOP01-DEL01-PA"
783728;2026-07-07;"terça-feira";"16:30:00";"PR";277;76;"SAO JOSE DOS PINHAIS";"Manobra de mudança de faixa";"Colisão transversal";"Com Vítimas Feridas";"Pleno dia";"Crescente";"Céu Claro";"Dupla";"Reta";"Sim";2;0;1;0;1;0;1;2;-25,4901857;-49,17565227;"SPRF-PR";"DEL01-PR";"UOP08-DEL01-PR"
783729;2026-07-07;"terça-feira";"15:00:00";"BA";101;115;"ALAGOINHAS";"Ausência de reação do condutor";"Saída de leito carroçável";"Com Vítimas Feridas";"Pleno dia";"Decrescente";"Nublado";"Simples";"Reta;Rotatória";"Não";1;0;1;0;0;0;1;1;-12,16513229;-38,47639091;"SPRF-BA";"DEL01-BA";"UOP04-DEL01-BA"
783730;2026-07-07;"terça-feira";"17:15:00";"RS";290;95;"PORTO ALEGRE";"Condutor deixou de manter distância do veículo da frente";"Colisão traseira";"Com Vítimas Feridas";"Pleno dia";"Crescente";"Céu Claro";"Dupla";"Reta";"Não";2;0;1;0;1;0;1;2;-29,980695;-51,2013417;"SPRF-RS";"DEL01-RS";"UOP01-DEL01-RS"
783734;2026-07-07;"terça-feira";"16:50:00";"RJ";116;81;"TERESOPOLIS";"Velocidade Incompatível";"Tombamento";"Com Vítimas Feridas";"Pleno dia";"Decrescente";"Nublado";"Simples";"Reta";"Sim";1;0;1;0;0;0;1;1;-22,40021;-42,954189;"SPRF-RJ";"DEL04-RJ";"UOP01-DEL04-RJ"
783735;2026-06-26;"sexta-feira";"18:00:00";"AL";424;101,8;"MARECHAL DEODORO";"Ultrapassagem Indevida";"Colisão frontal";"Com Vítimas Feridas";"Plena Noite";"Crescente";"Chuva";"Simples";"Curva";"Não";3;0;0;1;1;1;1;3;-9,65741;-35,85415;"SPRF-AL";"DEL02-AL";"UOP01-DEL02-AL"
783736;2026-07-07;"terça-feira";"17:29:00";"DF";40;4;"BRASILIA";"Reação tardia ou ineficiente do condutor";"Colisão traseira";"Com Vítimas Feridas";"Pleno dia";"Crescente";"Céu Claro";"Dupla";"Reta";"Sim";2;0;1;0;1;0;1;2;-16,01103;-47,982617;"SPRF-DF";"DEL01-DF";"UOP01-DEL01-DF"
783738;2026-07-07;"terça-feira";"17:00:00";"SP";153;107,9;"JOSE BONIFACIO";"Demais falhas mecânicas ou elétricas";"Incêndio";"Sem Vítimas";"Pleno dia";"Decrescente";"Céu Claro";"Dupla";"Reta";"Sim";1;0;0;0;1;0;0;1;-21,07392857;-49,66815948;"SPRF-SP";"DEL09-SP";"UOP01-DEL09-SP"
783739;2026-06-21;"domingo";"19:00:00";"MG";381;353;"JOAO MONLEVADE";"Acessar a via sem observar a presença dos outros veículos";"Colisão transversal";"Com Vítimas Feridas";"Plena Noite";"Crescente";"Céu Claro";"Simples";"Declive;Interseção de Vias";"Sim";6;0;3;0;3;0;3;2;-19,841067;-43,198941;"SPRF-MG";"DEL03-MG";"UOP01-DEL03-MG"
783741;2026-07-07;"terça-feira";"17:50:00";"SC";282;18,2;"PALHOCA";"Acesso irregular";"Colisão transversal";"Com Vítimas Feridas";"Plena Noite";"Crescente";"Céu Claro";"Simples";"Interseção de Vias";"Não";2;0;0;1;1;0;1;2;-27,67909355;-48,69808897;"SPRF-SC";"DEL01-SC";"UOP02-DEL01-SC"
783742;2026-07-07;"terça-feira";"16:40:00";"MG";40;686,6;"RESSAQUINHA";"Ausência de reação do condutor";"Tombamento";"Com Vítimas Feridas";"Pleno dia";"Crescente";"Céu Claro";"Simples";"Curva";"Não";1;0;1;0;0;0;1;1;-21,07412504;-43,7687467;"SPRF-MG";"DEL05-MG";"UOP02-DEL05-MG"
783744;2026-07-07;"terça-feira";"17:10:00";"PR";376;182;"MARINGA";"Condutor deixou de manter distância do veículo da frente";"Tombamento";"Com Vítimas Feridas";"Anoitecer";"Decrescente";"Céu Claro";"Dupla";"Rotatória";"Sim";1;0;1;0;0;0;1;1;-23,4319307;-51,88684909;"SPRF-PR";"DEL09-PR";"UOP01-DEL09-PR"
783746;2026-07-07;"terça-feira";"18:20:00";"MG";116;416;"GOVERNADOR VALADARES";"Acessar a via sem observar a presença dos outros veículos";"Colisão transversal";"Com Vítimas Feridas";"Plena Noite";"Decrescente";"Ignorado";"Simples";"Reta";"Sim";2;0;2;0;0;0;2;2;-18,89873;-41,94642;"SPRF-MG";"DEL06-MG";"UOP01-DEL06-MG"
783747;2026-07-07;"terça-feira";"15:30:00";"RJ";101;572;"PARATY";"Ultrapassagem Indevida";"Colisão frontal";"Com Vítimas Feridas";"Pleno dia";"Decrescente";"Nublado";"Simples";"Reta";"Não";2;0;1;0;1;0;1;2;-23,196798;-44,727977;"SPRF-RJ";"DEL03-RJ";"UOP04-DEL03-RJ"
783748;2026-07-07;"terça-feira";"17:00:00";"MG";381;424,5;"SABARA";"Transitar no Acostamento";"Colisão lateral mesmo sentido";"Com Vítimas Feridas";"Pleno dia";"Crescente";"Céu Claro";"Simples";"Reta;Declive";"Não";2;0;0;1;1;0;1;2;-19,78600169;-43,71293513;"SPRF-MG";"DEL01-MG";"UOP01-DEL01-MG"
783749;2026-07-07;"terça-feira";"17:30:00";"PR";369;131;"IBIPORA";"Acessar a via sem observar a presença dos outros veículos";"Colisão lateral mesmo sentido";"Com Vítimas Feridas";"Pleno dia";"Decrescente";"Céu Claro";"Dupla";"Curva";"Não";2;0;0;1;1;0;1;2;-23,26153863;-50,98995058;"SPRF-PR";"DEL07-PR";"UOP01-DEL07-PR"
783752;2026-07-07;"terça-feira";"16:45:00";"MG";116;701,9;"MURIAE";"Desrespeitar a preferência no cruzamento";"Colisão transversal";"Com Vítimas Feridas";"Anoitecer";"Decrescente";"Sol";"Simples";"Reta;Interseção de Vias";"Sim";2;0;1;0;1;0;1;2;-21,12192388;-42,37977918;"SPRF-MG";"DEL07-MG";"UOP02-DEL07-MG"
783753;2026-07-07;"terça-feira";"15:20:00";"MG";262;400;"PARA DE MINAS";"Reação tardia ou ineficiente do condutor";"Saída de leito carroçável";"Com Vítimas Feridas";"Pleno dia";"Decrescente";"Céu Claro";"Dupla";"Reta";"Não";1;0;1;0;0;0;1;1;-19,88927023;-44,626894;"SPRF-MG";"DEL01-MG";"UOP03-DEL01-MG"
783754;2026-07-07;"terça-feira";"17:00:00";"RJ";101;311;"SAO GONCALO";"Condutor deixou de manter distância do veículo da frente";"Colisão traseira";"Com Vítimas Feridas";"Pleno dia";"Crescente";"Céu Claro";"Dupla";"Reta";"Sim";2;0;1;0;0;1;1;2;-22,80288795;-43,05778027;"SPRF-RJ";"DEL02-RJ";"UOP02-DEL02-RJ"
783755;2026-07-07;"terça-feira";"18:25:00";"SC";282;521,6;"XAXIM";"Ingestão de álcool pelo condutor";"Colisão transversal";"Sem Vítimas";"Plena Noite";"Crescente";"Céu Claro";"Simples";"Rotatória";"Sim";2;0;0;0;2;0;0;2;-26,95276762;-52,53842924;"SPRF-SC";"DEL07-SC";"UOP01-DEL07-SC"
783757;2026-07-07;"terça-feira";"18:20:00";"GO";40;9;"VALPARAISO DE GOIAS";"Pedestre andava na pista";"Atropelamento de Pedestre";"Com Vítimas Feridas";"Plena Noite";"Crescente";"Céu Claro";"Dupla";"Reta";"Não";3;0;2;1;0;0;3;2;-16,1224211;-47,966234;"SPRF-DF";"DEL01-DF";"UOP01-DEL01-DF"
783759;2026-07-07;"terça-feira";"17:35:00";"PR";277;585,4;"CASCAVEL";"Desrespeitar a preferência no cruzamento";"Colisão transversal";"Com Vítimas Feridas";"Anoitecer";"Crescente";"Céu Claro";"Dupla";"Interseção de Vias";"Sim";2;0;1;0;1;0;1;2;-24,97170789;-53,39413974;"SPRF-PR";"DEL04-PR";"UOP01-DEL04-PR"
783760;2026-07-07;"terça-feira";"17:00:00";"BA";415;50;"ITABUNA";"Acessar a via sem observar a presença dos outros veículos";"Colisão transversal";"Com Vítimas Feridas";"Anoitecer";"Crescente";"Céu Claro";"Simples";"Reta";"Sim";2;0;1;0;1;0;1;2;-14,827494;-39,315341;"SPRF-BA";"DEL05-BA";"UOP01-DEL05-BA"
783761;2026-07-07;"terça-feira";"18:49:00";"PE";101;69;"RECIFE";"Manobra de mudança de faixa";"Colisão traseira";"Com Vítimas Feridas";"Plena Noite";"Decrescente";"Céu Claro";"Dupla";"Reta";"Não";3;0;1;0;2;0;1;2;-8,062022;-34,945047;"SPRF-PE";"DEL01-PE";"UOP01-DEL01-PE"
783762;2026-07-07;"terça-feira";"19:00:00";"PR";277;191,8;"PALMEIRA";"Acessar a via sem observar a presença dos outros veículos";"Colisão transversal";"Com Vítimas Feridas";"Plena Noite";"Decrescente";"Céu Claro";"Simples";"Retorno Regulamentado";"Não";2;0;0;1;1;0;1;2;-25,46435442;-50,25764465;"SPRF-PR";"DEL08-PR";"UOP02-DEL08-PR"
783763;2026-07-07;"terça-feira";"18:35:00";"PR";476;152,7;"ARAUCARIA";"Condutor deixou de manter distância do veículo da frente";"Colisão traseira";"Com Vítimas Feridas";"Plena Noite";"Decrescente";"Céu Claro";"Dupla";"Reta";"Sim";2;0;1;0;1;0;1;2;-25,575307;-49,389629;"SPRF-PR";"DEL01-PR";"UOP06-DEL01-PR"
783764;2026-07-07;"terça-feira";"18:10:00";"PE";232;115;"CARUARU";"Iluminação deficiente";"Colisão traseira";"Com Vítimas Feridas";"Plena Noite";"Crescente";"Céu Claro";"Dupla";"Reta";"Não";5;0;2;2;1;0;4;2;-8,296218;-35,870531;"SPRF-PE";"DEL02-PE";"UOP03-DEL02-PE"
783767;2026-07-07;"terça-feira";"19:20:00";"GO";40;7,8;"VALPARAISO DE GOIAS";"Entrada inopinada do pedestre";"Atropelamento de Pedestre";"Com Vítimas Feridas";"Plena Noite";"Crescente";"Céu Claro";"Dupla";"Reta";"Sim";3;0;1;1;1;0;2;2;-16,117253;-47,967048;"SPRF-DF";"DEL01-DF";"UOP01-DEL01-DF"
783769;2026-07-07;"terça-feira";"18:00:00";"MT";70;1;"BARRA DO GARCAS";"Condutor deixou de manter distância do veículo da frente";"Colisão traseira";"Com Vítimas Feridas";"Plena Noite";"Crescente";"Céu Claro";"Simples";"Reta;Aclive";"Sim";2;0;0;1;1;0;1;2;-15,88774395;-52,26756334;"SPRF-MT";"DEL07-MT";"UOP01-DEL07-MT"
783773;2026-07-07;"terça-feira";"17:35:00";"SC";101;390,3;"CRICIUMA";"Reação tardia ou ineficiente do condutor";"Colisão com objeto";"Com Vítimas Feridas";"Anoitecer";"Decrescente";"Céu Claro";"Múltipla";"Reta;Viaduto";"Não";1;0;0;1;0;0;1;1;-28,8067273;-49,37442977;"SPRF-SC";"DEL02-SC";"UOP02-DEL02-SC"
783774;2026-07-07;"terça-feira";"19:10:00";"PR";376;163,7;"MARINGA";"Ausência de reação do condutor";"Saída de leito carroçável";"Com Vítimas Feridas";"Plena Noite";"Decrescente";"Céu Claro";"Dupla";"Reta";"Não";1;0;0;1;0;0;1;1;-23,37741289;-52,04472391;"SPRF-PR";"DEL09-PR";"UOP02-DEL09-PR"
783775;2026-07-07;"terça-feira";"19:50:00";"RN";101;77;"NATAL";"Condutor deixou de manter distância do veículo da frente";"Colisão traseira";"Com Vítimas Feridas";"Plena Noite";"Crescente";"Céu Claro";"Dupla";"Reta";"Não";3;0;1;0;2;0;1;3;-5,733972;-35,291128;"SPRF-RN";"DEL02-RN";"UOP01-DEL02-RN"
783776;2026-06-02;"terça-feira";"19:30:00";"PR";277;2;"PARANAGUA";"Ausência de sinalização";"Queda de ocupante de veículo";"Com Vítimas Feridas";"Plena Noite";"Decrescente";"Céu Claro";"Dupla";"Interseção de Vias";"Não";1;0;1;0;0;0;1;1;-25,542;-48,558;"SPRF-PR";"DEL01-PR";"UOP05-DEL01-PR"
783777;2026-07-07;"terça-feira";"19:40:00";"BA";415;45;"ITABUNA";"Acessar a via sem observar a presença dos outros veículos";"Colisão transversal";"Com Vítimas Feridas";"Plena Noite";"Crescente";"Céu Claro";"Simples";"Reta;Interseção de Vias";"Sim";2;0;1;0;1;0;1;2;-14,817588;-39,30142;"SPRF-BA";"DEL05-BA";"UOP01-DEL05-BA"
783779;2026-07-07;"terça-feira";"20:30:00";"RN";101;124;"SAO JOSE DE MIPIBU";"Condutor desrespeitou a iluminação vermelha do semáforo";"Colisão transversal";"Com Vítimas Feridas";"Plena Noite";"Crescente";"Céu Claro";"Dupla";"Interseção de Vias;Reta";"Não";4;0;1;1;1;1;2;3;-6,07789685;-35,23413599;"SPRF-RN";"DEL01-RN";"UOP01-DEL01-RN"
783780;2026-07-07;"terça-feira";"17:00:00";"MS";158;3,7;"CASSILANDIA";"Ausência de reação do condutor";"Eventos atípicos";"Com Vítimas Feridas";"Plena Noite";"Crescente";"Céu Claro";"Simples";"Rotatória";"Sim";3;0;1;0;2;0;1;2;-19,119922;-51,72614;"SPRF-MS";"DEL08-MS";"UOP01-DEL08-MS"
783782;2026-07-07;"terça-feira";"17:30:00";"SP";381;86;"GUARULHOS";"Entrada inopinada do pedestre";"Atropelamento de Pedestre";"Com Vítimas Feridas";"Anoitecer";"Decrescente";"Céu Claro";"Dupla";"Reta";"Não";2;0;0;1;0;1;1;2;-23,482375;-46,560276;"SPRF-SP";"DEL03-SP";"UOP01-DEL03-SP"
783783;2026-07-07;"terça-feira";"17:48:00";"TO";10;428;"PORTO NACIONAL";"Reação tardia ou ineficiente do condutor";"Capotamento";"Sem Vítimas";"Pleno dia";"Decrescente";"Céu Claro";"Simples";"Reta";"Não";1;0;0;0;1;0;0;1;-10,52245086;-48,36892828;"SPRF-TO";"DEL01-TO";"UOP03-DEL01-TO"
783785;2026-07-07;"terça-feira";"18:20:00";"SC";163;74,1;"SAO MIGUEL DO OESTE";"Ingestão de álcool pelo condutor";"Tombamento";"Com Vítimas Feridas";"Plena Noite";"Decrescente";"Céu Claro";"Simples";"Reta";"Sim";1;0;1;0;0;0;1;1;-26,700438;-53,5138273;"SPRF-SC";"DEL07-SC";"UOP03-DEL07-SC"
783786;2026-07-07;"terça-feira";"19:45:00";"RS";287;281;"SAO PEDRO DO SUL";"Entrada inopinada do pedestre";"Atropelamento de Pedestre";"Com Vítimas Feridas";"Plena Noite";"Crescente";"Céu Claro";"Simples";"Reta;Aclive";"Não";2;0;1;0;0;1;1;2;-29,63757373;-54,18055622;"SPRF-RS";"DEL09-RS";"UOP01-DEL09-RS"
783787;2026-07-07;"terça-feira";"19:10:00";"PR";153;73,8;"CONSELHEIRO MAIRINCK";"Ingestão de álcool pelo condutor";"Queda de ocupante de veículo";"Com Vítimas Feridas";"Plena Noite";"Crescente";"Céu Claro";"Simples";"Curva";"Não";1;0;1;0;0;0;1;1;-23,565239;-50,143271;"SPRF-PR";"DEL07-PR";"UOP04-DEL07-PR"
783789;2026-07-07;"terça-feira";"18:05:00";"GO";60;167;"GOIANIA";"Velocidade Incompatível";"Colisão lateral mesmo sentido";"Com Vítimas Feridas";"Anoitecer";"Decrescente";"Céu Claro";"Dupla";"Reta";"Não";3;0;2;0;1;0;2;2;-16,730947;-49,391289;"SPRF-GO";"DEL01-GO";"UOP02-DEL01-GO"
783791;2026-07-07;"terça-feira";"19:20:00";"PR";116;120;"CURITIBA";"Ausência de reação do condutor";"Queda de ocupante de veículo";"Com Vítimas Feridas";"Plena Noite";"Crescente";"Nublado";"Dupla";"Reta";"Sim";1;0;1;0;0;0;1;1;-25,58610028;-49,3144482;"SPRF-PR";"DEL01-PR";"UOP03-DEL01-PR"
783793;2026-07-07;"terça-feira";"08:30:00";"SC";282;633,3;"DESCANSO";"Ausência de reação do condutor";"Saída de leito carroçável";"Com Vítimas Feridas";"Pleno dia";"Decrescente";"Céu Claro";"Simples";"Reta;Declive";"Não";1;0;1;0;0;0;1;1;-26,826176;-53,415527;"SPRF-SC";"DEL07-SC";"UOP03-DEL07-SC"
783794;2026-07-07;"terça-feira";"21:00:00";"RJ";116;183;"NOVA IGUACU";"Avarias e/ou desgaste excessivo no pneu";"Eventos atípicos";"Com Vítimas Feridas";"Plena Noite";"Decrescente";"Ignorado";"Simples";"Reta";"Sim";2;0;1;0;1;0;1;1;-22,749771;-43,441621;"SPRF-RJ";"DEL06-RJ";"UOP01-DEL06-RJ"
783796;2026-07-07;"terça-feira";"21:00:00";"AL";101;204;"SAO SEBASTIAO";"Reação tardia ou ineficiente do condutor";"Atropelamento de Pedestre";"Com Vítimas Feridas";"Plena Noite";"Crescente";"Céu Claro";"Dupla";"Reta";"Não";2;0;0;1;0;1;1;2;-9,96803326;-36,55192888;"SPRF-AL";"DEL02-AL";"UOP02-DEL02-AL"
783799;2026-07-07;"terça-feira";"18:20:00";"RO";421;46,7;"MONTE NEGRO";"Condutor Dormindo";"Colisão traseira";"Com Vítimas Feridas";"Anoitecer";"Crescente";"Céu Claro";"Simples";"Curva";"Não";2;0;0;1;1;0;1;2;-10,246573;-63,275222;"SPRF-RO";"DEL03-RO";"UOP01-DEL03-RO"
783800;2026-07-07;"terça-feira";"22:00:00";"PR";116;0,5;"QUATRO BARRAS";"Condutor deixou de manter distância do veículo da frente";"Colisão traseira";"Com Vítimas Feridas";"Plena Noite";"Crescente";"Nevoeiro/Neblina";"Dupla";"Reta";"Sim";2;0;1;0;1;0;1;2;-25,34873649;-49,05193202;"SPRF-PR";"DEL01-PR";"UOP02-DEL01-PR"
783801;2026-07-07;"terça-feira";"20:20:00";"RJ";101;274;"TANGUA";"Ausência de reação do condutor";"Colisão frontal";"Com Vítimas Feridas";"Plena Noite";"Crescente";"Nublado";"Simples";"Reta";"Sim";2;0;1;0;1;0;1;2;-22,7349345;-42,7203691;"SPRF-RJ";"DEL02-RJ";"UOP03-DEL02-RJ"
783803;2026-07-07;"terça-feira";"21:25:00";"SC";470;248,9;"CURITIBANOS";"Condutor deixou de manter distância do veículo da frente";"Colisão traseira";"Com Vítimas Feridas";"Plena Noite";"Crescente";"Céu Claro";"Simples";"Rotatória";"Sim";3;0;2;0;1;0;2;2;-27,31254139;-50,57724444;"SPRF-SC";"DEL05-SC";"UOP03-DEL05-SC"
783805;2026-07-07;"terça-feira";"21:15:00";"RJ";101;68;"CAMPOS DOS GOYTACAZES";"Mal súbito do condutor";"Colisão lateral sentido oposto";"Com Vítimas Feridas";"Plena Noite";"Crescente";"Céu Claro";"Simples";"Reta";"Sim";2;0;1;0;1;0;1;2;-21,77221372;-41,3576889;"SPRF-RJ";"DEL08-RJ";"UOP02-DEL08-RJ"
783806;2026-07-07;"terça-feira";"22:20:00";"BA";324;580;"CANDEIAS";"Condutor deixou de manter distância do veículo da frente";"Colisão traseira";"Com Vítimas Feridas";"Plena Noite";"Crescente";"Nublado";"Dupla";"Reta";"Não";2;0;1;0;1;0;1;2;-12,607755;-38,494425;"SPRF-BA";"DEL01-BA";"UOP01-DEL01-BA"
783808;2026-07-07;"terça-feira";"16:30:00";"BA";324;611;"SALVADOR";"Trafegar com motocicleta (ou similar) entre as faixas";"Colisão lateral mesmo sentido";"Com Vítimas Feridas";"Pleno dia";"Decrescente";"Céu Claro";"Múltipla";"Reta";"Não";3;0;2;0;1;0;2;2;-12,876611;-38,430179;"SPRF-BA";"DEL01-BA";"UOP01-DEL01-BA"
783809;2026-07-07;"terça-feira";"23:00:00";"PR";116;131,8;"FAZENDA RIO GRANDE";"Ingestão de álcool pelo condutor";"Saída de leito carroçável";"Com Vítimas Feridas";"Plena Noite";"Decrescente";"Nublado";"Dupla";"Curva;Interseção de Vias;Rotatória";"Não";6;0;1;0;5;0;1;1;-25,69032257;-49,31700468;"SPRF-PR";"DEL01-PR";"UOP03-DEL01-PR"
783810;2026-07-07;"terça-feira";"23:20:00";"GO";70;321;"JUSSARA";"Ingestão de álcool pelo condutor";"Saída de leito carroçável";"Com Vítimas Feridas";"Plena Noite";"Crescente";"Céu Claro";"Dupla";"Reta";"Não";1;0;1;0;0;0;1;1;-15,87718647;-50,88992828;"SPRF-GO";"DEL04-GO";"UOP02-DEL04-GO"
783813;2026-07-08;"quarta-feira";"01:15:00";"PR";277;724;"FOZ DO IGUACU";"Ingestão de álcool pelo condutor";"Saída de leito carroçável";"Sem Vítimas";"Plena Noite";"Decrescente";"Garoa/Chuvisco";"Dupla";"Reta";"Sim";1;0;0;0;0;1;0;1;-25,49884667;-54,52990833;"SPRF-PR";"DEL05-PR";"UOP03-DEL05-PR"
783814;2026-07-08;"quarta-feira";"02:40:00";"BA";101;892;"CARAVELAS";"Animais na Pista";"Atropelamento de Animal";"Com Vítimas Feridas";"Plena Noite";"Crescente";"Nublado";"Simples";"Reta";"Não";1;0;1;0;0;0;1;1;-17,652094;-39,77124;"SPRF-BA";"DEL09-BA";"UOP02-DEL09-BA"
783818;2026-07-08;"quarta-feira";"03:29:00";"PE";104;90;"AGRESTINA";"Condutor Dormindo";"Colisão frontal";"Com Vítimas Fatais";"Plena Noite";"Crescente";"Céu Claro";"Simples";"Reta";"Não";4;1;0;0;3;0;0;2;-8,477621;-35,944181;"SPRF-PE";"DEL02-PE";"UOP01-DEL02-PE"
783821;2026-07-08;"quarta-feira";"04:30:00";"PR";369;91;"CORNELIO PROCOPIO";"Velocidade Incompatível";"Saída de leito carroçável";"Sem Vítimas";"Plena Noite";"Decrescente";"Céu Claro";"Simples";"Curva";"Não";1;0;0;0;1;0;0;1;-23,20004279;-50,65381464;"SPRF-PR";"DEL07-PR";"UOP05-DEL07-PR"
783822;2026-07-07;"terça-feira";"22:20:00";"MG";365;622;"UBERLANDIA";"Ausência de sinalização";"Colisão com objeto";"Com Vítimas Feridas";"Plena Noite";"Decrescente";"Céu Claro";"Dupla";"Curva";"Sim";3;0;1;0;2;0;1;2;-18,906344;-48,330073;"SPRF-MG";"DEL15-MG";"UOP01-DEL15-MG"
783823;2026-07-08;"quarta-feira";"04:40:00";"PE";101;86;"JABOATAO DOS GUARARAPES";"Pista esburacada";"Colisão traseira";"Sem Vítimas";"Amanhecer";"Decrescente";"Céu Claro";"Dupla";"Em Obras;Reta";"Sim";3;0;0;0;1;2;0;2;-8,1844;-34,967;"SPRF-PE";"DEL01-PE";"UOP01-DEL01-PE"
783825;2026-07-08;"quarta-feira";"05:30:00";"MG";40;511;"RIBEIRAO DAS NEVES";"Reação tardia ou ineficiente do condutor";"Tombamento";"Com Vítimas Feridas";"Amanhecer";"Crescente";"Céu Claro";"Dupla";"Curva";"Sim";26;0;20;1;5;0;21;1;-19,78702684;-44,11459208;"SPRF-MG";"DEL01-MG";"UOP02-DEL01-MG"
783827;2026-07-08;"quarta-feira";"06:40:00";"SP";116;216;"GUARULHOS";"Ausência de reação do condutor";"Colisão traseira";"Com Vítimas Feridas";"Amanhecer";"Crescente";"Nublado";"Múltipla";"Reta";"Não";2;0;1;0;0;1;1;2;-23,45033;-46,46306;"SPRF-SP";"DEL01-SP";"UOP01-DEL01-SP"
783828;2026-07-08;"quarta-feira";"06:15:00";"RS";386;431;"NOVA SANTA RITA";"Ausência de sinalização";"Colisão com objeto";"Com Vítimas Feridas";"Amanhecer";"Decrescente";"Céu Claro";"Dupla";"Curva";"Não";1;0;0;1;0;0;1;1;-29,83870933;-51,30297845;"SPRF-RS";"DEL04-RS";"UOP02-DEL04-RS"
783829;2026-07-08;"quarta-feira";"05:30:00";"MT";70;5;"BARRA DO GARCAS";"Acessar a via sem observar a presença dos outros veículos";"Colisão transversal";"Com Vítimas Feridas";"Amanhecer";"Decrescente";"Ignorado";"Dupla";"Reta";"Sim";2;0;1;0;1;0;1;2;-15,8791539;-52,3046503;"SPRF-MT";"DEL07-MT";"UOP01-DEL07-MT"
783830;2026-07-08;"quarta-feira";"06:30:00";"RJ";465;2;"SEROPEDICA";"Demais falhas mecânicas ou elétricas";"Queda de ocupante de veículo";"Com Vítimas Feridas";"Pleno dia";"Decrescente";"Garoa/Chuvisco";"Dupla";"Reta";"Sim";1;0;1;0;0;0;1;1;-22,72519632;-43,72051187;"SPRF-RJ";"DEL06-RJ";"UOP02-DEL06-RJ"
783833;2026-07-07;"terça-feira";"23:40:00";"GO";364;297;"MINEIROS";"Ingestão de álcool pelo condutor";"Queda de ocupante de veículo";"Com Vítimas Feridas";"Plena Noite";"Decrescente";"Céu Claro";"Simples";"Reta";"Sim";1;0;1;0;0;0;1;1;-17,574834;-52,520838;"SPRF-GO";"DEL05-GO";"UOP01-DEL05-GO"
783834;2026-07-08;"quarta-feira";"06:55:00";"RS";116;265;"CANOAS";"Condutor deixou de manter distância do veículo da frente";"Colisão traseira";"Com Vítimas Feridas";"Pleno dia";"Crescente";"Céu Claro";"Dupla";"Aclive;Viaduto;Reta;Em Obras";"Sim";4;0;1;0;3;0;1;3;-29,925748;-51,17791284;"SPRF-RS";"DEL01-RS";"UOP01-DEL01-RS"
783835;2026-07-08;"quarta-feira";"07:21:00";"ES";101;286,1;"CARIACICA";"Reação tardia ou ineficiente do condutor";"Colisão traseira";"Com Vítimas Feridas";"Pleno dia";"Decrescente";"Céu Claro";"Dupla";"Curva";"Sim";4;0;1;0;3;0;1;4;-20,260007;-40,37785;"SPRF-ES";"DEL01-ES";"UOP01-DEL01-ES"
783836;2026-07-04;"sábado";"23:50:00";"RJ";101;267;"RIO BONITO";"Reação tardia ou ineficiente do condutor";"Tombamento";"Com Vítimas Feridas";"Plena Noite";"Crescente";"Nublado";"Dupla";"Reta";"Não";1;0;0;1;0;0;1;1;-22,70751655;-42,66138045;"SPRF-RJ";"DEL02-RJ";"UOP03-DEL02-RJ"
783838;2026-07-08;"quarta-feira";"06:40:00";"SP";381;34;"ATIBAIA";"Reação tardia ou ineficiente do condutor";"Queda de ocupante de veículo";"Com Vítimas Feridas";"Amanhecer";"Crescente";"Céu Claro";"Dupla";"Reta";"Não";1;0;1;0;0;0;1;1;-23,03869374;-46,54799729;"SPRF-SP";"DEL03-SP";"UOP02-DEL03-SP"
783839;2026-07-08;"quarta-feira";"07:15:00";"RS";293;163;"HULHA NEGRA";"Ausência de reação do condutor";"Colisão frontal";"Com Vítimas Feridas";"Pleno dia";"Decrescente";"Céu Claro";"Simples";"Reta";"Não";2;0;0;1;1;0;1;2;-31,377004;-53,910688;"SPRF-RS";"DEL11-RS";"UOP03-DEL11-RS"