"id";"data_inversa";"dia_semana";"horario";"uf";"br";"km";"municipio";"causa_acidente";"tipo_acidente";"classificacao_acidente";"fase_dia";"sentido_via";"condicao_metereologica";"tipo_pista";"tracado_via";"uso_solo";"pessoas";"mortos";"feridos_leves";"feridos_graves";"ilesos";"ignorados";"feridos";"veiculos";"latitude";"longitude";"regional";"delegacia";"uop"
783840;2026-07-08;"quarta-feira";"07:40:00";"SC";101;214,9;"PALHOCA";"Manobra de mudança de faixa";"Colisão lateral mesmo sentido";"Com Vítimas Feridas";"Pleno dia";"Decrescente";"Céu Claro";"Múltipla";"Reta";"Sim";2;0;0;1;1;0;1;2;-27,65169;-48,67578;"SPRF-SC";"DEL01-SC";"UOP02-DEL01-SC"
783842;2026-06-21;"domingo";"21:30:00";"SC";282;195;"LAGES";"Manobra de mudança de faixa";"Colisão lateral sentido oposto";"Sem Vítimas";"Plena Noite";"Crescente";"Céu Claro";"Simples";"Reta;Declive";"Não";6;0;0;0;5;1;0;3;-27,74934;-50,091637;"SPRF-SC";"DEL05-SC";"UOP01-DEL05-SC"
783843;2026-07-08;"quarta-feira";"07:20:00";"SP";153;257;"MARILIA";"Acumulo de óleo sobre o pavimento";"Tombamento";"Com Vítimas Feridas";"Pleno dia";"Decrescente";"Céu Claro";"Dupla";"Rotatória";"Sim";2;0;0;1;0;1;1;2;-22,24453016;-49,91996225;"SPRF-SP";"DEL07-SP";"UOP02-DEL07-SP"
783844;2026-07-07;"terça-feira";"22:00:00";"RJ";116;277;"BARRA MANSA";"Ausência de reação do condutor";"Colisão transversal";"Com Vítimas Feridas";"Plena Noite";"Crescente";"Céu Claro";"Simples";"Reta";"Sim";2;0;1;0;1;0;1;2;-22,561623;-44,156721;"SPRF-RJ";"DEL07-RJ";"UOP02-DEL07-RJ"
783845;2026-07-08;"quarta-feira";"07:00:00";"BA";101;13;"RIO REAL";"Mal súbito do condutor";"Colisão traseira";"Com Vítimas Feridas";"Pleno dia";"Crescente";"Céu Claro";"Dupla";"Reta";"Não";2;0;1;0;1;0;1;2;-11,595068;-37,877797;"SPRF-SE";"DEL02-SE";"UOP03-DEL02-SE"
783846;2026-07-08;"quarta-feira";"07:50:00";"PI";343;2,9;"TERESINA";"Reação tardia ou ineficiente do condutor";"Engavetamento";"Com Vítimas Feridas";"Pleno dia";"Crescente";"Céu Claro";"Múltipla";"Reta";"Sim";3;0;1;0;2;0;1;3;-5,081153;-42,776548;"SPRF-PI";"DEL01-PI";"UOP01-DEL01-PI"
783847;2026-07-08;"quarta-feira";"07:20:00";"SC";101;249;"PAULO LOPES";"Animais na Pista";"Atropelamento de Animal";"Com Vítimas Feridas";"Pleno dia";"Crescente";"Sol";"Dupla";"Curva";"Não";2;0;1;0;1;0;1;1;-27,937662;-48,663433;"SPRF-SC";"DEL02-SC";"UOP03-DEL02-SC"
783848;2026-07-08;"quarta-feira";"08:00:00";"GO";414;439;"ANAPOLIS";"Acessar a via sem observar a presença dos outros veículos";"Colisão transversal";"Com Vítimas Feridas";"Pleno dia";"Decrescente";"Céu Claro";"Simples";"Declive;Reta";"Sim";2;0;2;0;0;0;2;2;-16,27764212;-48,94156963;"SPRF-GO";"DEL02-GO";"UOP01-DEL02-GO"
783849;2026-07-08;"quarta-feira";"07:00:00";"MG";116;276;"TEOFILO OTONI";"Reação tardia ou ineficiente do condutor";"Colisão traseira";"Com Vítimas Feridas";"Pleno dia";"Crescente";"Céu Claro";"Simples";"Reta";"Sim";2;0;1;0;1;0;1;2;-17,84997782;-41,51492922;"SPRF-MG";"DEL11-MG";"UOP01-DEL11-MG"
783850;2026-07-07;"terça-feira";"18:15:00";"RO";364;421;"JARU";"Acessar a via sem observar a presença dos outros veículos";"Tombamento";"Com Vítimas Feridas";"Anoitecer";"Decrescente";"Céu Claro";"Simples";"Reta;Declive";"Não";1;0;1;0;0;0;1;1;-10,46234521;-62,45414168;"SPRF-RO";"DEL03-RO";"UOP02-DEL03-RO"
783851;2026-07-07;"terça-feira";"12:40:00";"SP";116;141;"SAO JOSE DOS CAMPOS";"Reação tardia ou ineficiente do condutor";"Colisão com objeto";"Com Vítimas Feridas";"Pleno dia";"Crescente";"Céu Claro";"Simples";"Reta";"Não";1;0;1;0;0;0;1;1;-23,1708781;-45,82163531;"SPRF-SP";"DEL02-SP";"UOP01-DEL02-SP"
783853;2026-07-08;"quarta-feira";"08:00:00";"PR";369;146;"LONDRINA";"Manobra de mudança de faixa";"Colisão lateral mesmo sentido";"Com Vítimas Feridas";"Pleno dia";"Decrescente";"Céu Claro";"Dupla";"Reta";"Sim";2;0;0;1;1;0;1;2;-23,2934051;-51,12272613;"SPRF-PR";"DEL07-PR";"UOP01-DEL07-PR"
783858;2026-07-08;"quarta-feira";"09:00:00";"RJ";40;78;"PETROPOLIS";"Reação tardia ou ineficiente do condutor";"Tombamento";"Com Vítimas Feridas";"Pleno dia";"Crescente";"Garoa/Chuvisco";"Dupla";"Declive;Reta";"Não";1;0;1;0;0;0;1;1;-22,50775;-43,233186;"SPRF-RJ";"DEL01-RJ";"UOP01-DEL01-RJ"
783860;2026-07-08;"quarta-feira";"08:10:00";"MG";50;187;"UBERABA";"Afundamento ou ondulação no pavimento";"Saída de leito carroçável";"Com Vítimas Feridas";"Pleno dia";"Crescente";"Céu Claro";"Dupla";"Reta;Aclive";"Não";1;0;0;1;0;0;1;1;-19,84062;-47,88011;"SPRF-MG";"DEL13-MG";"UOP01-DEL13-MG"
783862;2026-07-08;"quarta-feira";"05:45:00";"SC";280;93,6;"CORUPA";"Reação tardia ou ineficiente do condutor";"Saída de leito carroçável";"Sem Vítimas";"Pleno dia";"Crescente";"Céu Claro";"Simples";"Reta";"Não";1;0;0;0;1;0;0;1;-26,383;-49,3135;"SPRF-SC";"DEL06-SC";"UOP03-DEL06-SC"
783863;2026-07-08;"quarta-feira";"09:00:00";"RS";290;91;"PORTO ALEGRE";"Condutor deixou de manter distância do veículo da frente";"Tombamento";"Com Vítimas Feridas";"Pleno dia";"Crescente";"Céu Claro";"Múltipla";"Reta";"Não";2;0;1;0;1;0;1;2;-29,96905366;-51,17070079;"SPRF-RS";"DEL01-RS";"UOP01-DEL01-RS"
783865;2026-07-08;"quarta-feira";"10:40:00";"MG";381;425;"SABARA";"Velocidade Incompatível";"Tombamento";"Com Vítimas Feridas";"Pleno dia";"Decrescente";"Céu Claro";"Simples";"Curva";"Não";1;0;1;0;0;0;1;1;-19,78641102;-43,71116638;"SPRF-MG";"DEL01-MG";"UOP01-DEL01-MG"
783866;2026-07-08;"quarta-feira";"07:30:00";"RS";116;252;"SAPUCAIA DO SUL";"Condutor deixou de manter distância do veículo da frente";"Colisão traseira";"Com Vítimas Feridas";"Pleno dia";"Crescente";"Céu Claro";"Múltipla";"Viaduto;Reta;Aclive";"Sim";3;0;1;0;2;0;1;2;-29,81656956;-51,16973197;"SPRF-RS";"DEL01-RS";"UOP02-DEL01-RS"
783869;2026-07-08;"quarta-feira";"10:30:00";"PR";277;230;"FERNANDES PINHEIRO";"Ingestão de álcool pelo condutor";"Colisão traseira";"Sem Vítimas";"Pleno dia";"Crescente";"Céu Claro";"Simples";"Reta";"Não";3;0;0;0;3;0;0;2;-25,468735;-50,479125;"SPRF-PR";"DEL08-PR";"UOP02-DEL08-PR"
783873;2026-07-08;"quarta-feira";"09:25:00";"SC";282;3,6;"FLORIANOPOLIS";"Condutor deixou de manter distância do veículo da frente";"Colisão traseira";"Com Vítimas Feridas";"Pleno dia";"Decrescente";"Céu Claro";"Dupla";"Reta";"Sim";1;0;1;0;0;0;1;1;-27,59852531;-48,60049579;"SPRF-SC";"DEL01-SC";"UOP01-DEL01-SC"
783874;2026-07-08;"quarta-feira";"11:00:00";"SP";116;222,9;"GUARULHOS";"Manobra de mudança de faixa";"Colisão traseira";"Com Vítimas Feridas";"Pleno dia";"Decrescente";"Sol";"Múltipla";"Reta";"Sim";2;0;1;0;1;0;1;2;-23,476772;-46,526523;"SPRF-SP";"DEL01-SP";"UOP01-DEL01-SP"
783875;2026-07-08;"quarta-feira";"11:10:00";"MG";40;549,8;"NOVA LIMA";"Velocidade Incompatível";"Saída de leito carroçável";"Com Vítimas Feridas";"Pleno dia";"Decrescente";"Céu Claro";"Dupla";"Curva;Declive";"Sim";1;0;0;1;0;0;1;1;-20,04395;-43,963792;"SPRF-MG";"DEL01-MG";"UOP02-DEL01-MG"
783877;2026-07-03;"sexta-feira";"17:41:00";"GO";60;70,1;"ABADIANIA";"Velocidade Incompatível";"Colisão transversal";"Com Vítimas Feridas";"Anoitecer";"Crescente";"Céu Claro";"Dupla";"Declive;Reta";"Não";3;0;2;1;0;0;3;2;-16,246334;-48,761513;"SPRF-GO";"DEL02-GO";"UOP01-DEL02-GO"
783878;2026-06-23;"terça-feira";"06:20:00";"MG";381;490,5;"BETIM";"Velocidade Incompatível";"Tombamento";"Com Vítimas Feridas";"Amanhecer";"Decrescente";"Céu Claro";"Múltipla";"Curva";"Sim";1;0;1;0;0;0;1;1;-19,956516;-44,14787;"SPRF-MG";"DEL01-MG";"UOP03-DEL01-MG"
783880;2026-07-08;"quarta-feira";"11:30:00";"SC";280;43,7;"GUARAMIRIM";"Velocidade Incompatível";"Saída de leito carroçável";"Com Vítimas Feridas";"Pleno dia";"Crescente";"Céu Claro";"Dupla";"Reta;Em Obras";"Não";2;0;1;1;0;0;2;1;-26,4513487;-48,8850528;"SPRF-SC";"DEL03-SC";"UOP03-DEL03-SC"
783883;2026-07-08;"quarta-feira";"12:10:00";"PR";376;110,2;"PARANAVAI";"Reação tardia ou ineficiente do condutor";"Colisão com objeto";"Com Vítimas Feridas";"Pleno dia";"Decrescente";"Céu Claro";"Dupla";"Reta;Declive";"Sim";1;0;1;0;0;0;1;1;-23,07916039;-52,41196775;"SPRF-PR";"DEL09-PR";"UOP02-DEL09-PR"
783887;2026-07-08;"quarta-feira";"09:55:00";"MT";174;23;"PONTES E LACERDA";"Condutor Dormindo";"Saída de leito carroçável";"Com Vítimas Feridas";"Pleno dia";"Decrescente";"Céu Claro";"Simples";"Reta";"Não";1;0;1;0;0;0;1;1;-15,146456;-59,4797515;"SPRF-MT";"DEL04-MT";"UOP01-DEL04-MT"
783888;2026-07-08;"quarta-feira";"13:15:00";"MG";50;73;"UBERLANDIA";"Reação tardia ou ineficiente do condutor";"Colisão traseira";"Com Vítimas Feridas";"Pleno dia";"Decrescente";"Céu Claro";"Dupla";"Reta";"Sim";2;0;1;0;1;0;1;2;-18,9056617;-48,2305117;"SPRF-MG";"DEL15-MG";"UOP01-DEL15-MG"
783889;2026-07-08;"quarta-feira";"07:50:00";"GO";452;92;"GOIATUBA";"Ausência de reação do condutor";"Saída de leito carroçável";"Com Vítimas Feridas";"Pleno dia";"Crescente";"Céu Claro";"Simples";"Reta";"Não";1;0;0;1;0;0;1;1;-18,089155;-50,103966;"SPRF-GO";"DEL03-GO";"UOP02-DEL03-GO"
783891;2026-07-08;"quarta-feira";"13:10:00";"RS";290;110;"ELDORADO DO SUL";"Ausência de reação do condutor";"Saída de leito carroçável";"Sem Vítimas";"Pleno dia";"Crescente";"Céu Claro";"Dupla";"Reta";"Não";1;0;0;0;1;0;0;1;-30,027913;-51,323138;"SPRF-RS";"DEL02-RS";"UOP01-DEL02-RS"
783892;2026-07-08;"quarta-feira";"11:30:00";"RS";116;48;"VACARIA";"Demais falhas mecânicas ou elétricas";"Incêndio";"Sem Vítimas";"Pleno dia";"Decrescente";"Céu Claro";"Simples";"Reta;Aclive";"Não";1;0;0;0;1;0;0;1;-28,56651;-50,99632;"SPRF-RS";"DEL05-RS";"UOP03-DEL05-RS"
783896;2026-05-23;"sábado";"13:40:00";"BA";101;716;"EUNAPOLIS";"Reação tardia ou ineficiente do condutor";"Colisão lateral mesmo sentido";"Com Vítimas Feridas";"Pleno dia";"Crescente";"Céu Claro";"Simples";"Reta";"Não";2;0;1;0;0;1;1;2;-16,36654933;-39,58251946;"SPRF-BA";"DEL09-BA";"UOP01-DEL09-BA"
783897;2026-07-08;"quarta-feira";"13:52:00";"SC";282;2,8;"FLORIANOPOLIS";"Condutor deixou de manter distância do veículo da frente";"Colisão traseira";"Com Vítimas Feridas";"Pleno dia";"Crescente";"Céu Claro";"Simples";"Reta";"Sim";3;0;2;0;1;0;2;2;-27,60169;-48,59767;"SPRF-SC";"DEL01-SC";"UOP01-DEL01-SC"
783899;2026-06-18;"quinta-feira";"18:00:00";"MG";381;482;"BETIM";"Manobra de mudança de faixa";"Tombamento";"Com Vítimas Feridas";"Plena Noite";"Crescente";"Céu Claro";"Múltipla";"Reta";"Sim";1;0;1;0;0;0;1;1;-19,95889691;-44,07201308;"SPRF-MG";"DEL01-MG";"UOP03-DEL01-MG"
783901;2026-07-08;"quarta-feira";"12:40:00";"AL";316;256,2;"PILAR";"Condutor Dormindo";"Colisão frontal";"Com Vítimas Feridas";"Pleno dia";"Decrescente";"Céu Claro";"Simples";"Reta;Retorno Regulamentado";"Sim";3;0;3;0;0;0;3;2;-9,590932;-35,938567;"SPRF-AL";"DEL02-AL";"UOP01-DEL02-AL"
783902;2026-06-19;"sexta-feira";"20:11:00";"AC";364;146;"RIO BRANCO";"Transitar na contramão";"Colisão frontal";"Com Vítimas Feridas";"Plena Noite";"Crescente";"Céu Claro";"Dupla";"Em Obras;Reta";"Sim";3;0;3;0;0;0;3;2;-9,8976701;-67,8933209;"SPRF-AC";"DEL01-AC";"UOP01-DEL01-AC"
783904;2026-03-17;"terça-feira";"08:00:00";"MT";163;1067;"GUARANTA DO NORTE";"Reação tardia ou ineficiente do condutor";"Colisão com objeto";"Sem Vítimas";"Pleno dia";"Decrescente";"Céu Claro";"Múltipla";"Reta";"Sim";3;0;0;0;3;0;0;1;-9,951929;-54,904758;"SPRF-MT";"DEL06-MT";"UOP03-DEL06-MT"
783905;2026-07-08;"quarta-feira";"12:55:00";"MT";174;3;"PONTES E LACERDA";"Transitar no Acostamento";"Colisão transversal";"Com Vítimas Feridas";"Pleno dia";"Crescente";"Céu Claro";"Simples";"Reta";"Sim";2;0;1;0;1;0;1;2;-15,24136596;-59,33462298;"SPRF-MT";"DEL04-MT";"UOP01-DEL04-MT"
783906;2026-07-08;"quarta-feira";"14:50:00";"SC";101;206,8;"SAO JOSE";"Reação tardia ou ineficiente do condutor";"Engavetamento";"Com Vítimas Feridas";"Pleno dia";"Decrescente";"Céu Claro";"Múltipla";"Declive;Reta";"Sim";9;0;2;0;6;1;2;6;-27,5940227;-48,6187261;"SPRF-SC";"DEL01-SC";"UOP01-DEL01-SC"
783909;2026-07-08;"quarta-feira";"15:40:00";"SP";116;182;"SANTA ISABEL";"Ausência de reação do condutor";"Queda de ocupante de veículo";"Com Vítimas Feridas";"Pleno dia";"Decrescente";"Céu Claro";"Múltipla";"Reta";"Não";1;0;1;0;0;0;1;1;-23,34695818;-46,16590829;"SPRF-SP";"DEL01-SP";"UOP01-DEL01-SP"
783910;2026-07-08;"quarta-feira";"15:30:00";"SC";116;6,9;"MAFRA";"Acessar a via sem observar a presença dos outros veículos";"Colisão transversal";"Com Vítimas Feridas";"Pleno dia";"Crescente";"Céu Claro";"Simples";"Reta;Interseção de Vias";"Sim";3;0;1;0;2;0;1;2;-26,152473;-49,8318638;"SPRF-SC";"DEL06-SC";"UOP01-DEL06-SC"
783911;2026-07-08;"quarta-feira";"14:40:00";"SP";116;116,1;"TAUBATE";"Trafegar com motocicleta (ou similar) entre as faixas";"Colisão lateral mesmo sentido";"Com Vítimas Feridas";"Pleno dia";"Crescente";"Sol";"Dupla";"Reta";"Sim";3;0;1;0;2;0;1;3;-23,053881;-45,609453;"SPRF-SP";"DEL02-SP";"UOP02-DEL02-SP"
783912;2026-06-25;"quinta-feira";"22:20:00";"PR";369;196;"ARAPONGAS";"Demais falhas mecânicas ou elétricas";"Tombamento";"Com Vítimas Feridas";"Plena Noite";"Crescente";"Céu Claro";"Dupla";"Reta";"Não";2;0;2;0;0;0;2;1;-23,49022375;-51,42342992;"SPRF-PR";"DEL07-PR";"UOP03-DEL07-PR"
783913;2026-07-08;"quarta-feira";"14:30:00";"MG";262;87;"ABRE CAMPO";"Condutor deixou de manter distância do veículo da frente";"Colisão traseira";"Sem Vítimas";"Pleno dia";"Crescente";"Céu Claro";"Simples";"Curva;Declive";"Não";3;0;0;0;3;0;0;2;-20,333206;-42,437429;"SPRF-MG";"DEL03-MG";"UOP03-DEL03-MG"
783915;2026-07-08;"quarta-feira";"15:00:00";"PE";408;96,7;"JABOATAO DOS GUARARAPES";"Reação tardia ou ineficiente do condutor";"Saída de leito carroçável";"Com Vítimas Feridas";"Pleno dia";"Crescente";"Céu Claro";"Dupla";"Curva";"Sim";1;0;1;0;0;0;1;1;-8,0819;-34,99188;"SPRF-PE";"DEL01-PE";"UOP01-DEL01-PE"
783918;2026-07-08;"quarta-feira";"16:00:00";"DF";20;52;"BRASILIA";"Objeto estático sobre o leito carroçável";"Saída de leito carroçável";"Com Vítimas Feridas";"Pleno dia";"Crescente";"Céu Claro";"Dupla";"Reta";"Não";2;0;1;0;1;0;1;1;-15,58274319;-47,43518829;"SPRF-DF";"DEL02-DF";"UOP01-DEL02-DF"
783919;2026-07-08;"quarta-feira";"14:30:00";"RJ";116;192;"NOVA IGUACU";"Reação tardia ou ineficiente do condutor";"Colisão traseira";"Com Vítimas Feridas";"Pleno dia";"Decrescente";"Céu Claro";"Múltipla";"Reta";"Sim";2;0;1;0;1;0;1;2;-22,7434657;-43,5134458;"SPRF-RJ";"DEL06-RJ";"UOP01-DEL06-RJ"
783920;2026-07-08;"quarta-feira";"13:00:00";"RJ";40;121;"DUQUE DE CAXIAS";"Reação tardia ou ineficiente do condutor";"Colisão traseira";"Com Vítimas Feridas";"Pleno dia";"Decrescente";"Céu Claro";"Simples";"Viaduto";"Sim";3;0;2;0;1;0;2;2;-22,786783;-43,284928;"SPRF-RJ";"DEL01-RJ";"UOP02-DEL01-RJ"
783921;2026-07-08;"quarta-feira";"14:30:00";"MG";381;664;"SANTO ANTONIO DO AMPARO";"Reação tardia ou ineficiente do condutor";"Colisão com objeto";"Com Vítimas Feridas";"Pleno dia";"Decrescente";"Céu Claro";"Dupla";"Curva";"Não";1;0;1;0;0;0;1;1;-21,03739111;-45,00188224;"SPRF-MG";"DEL04-MG";"UOP02-DEL04-MG"
783922;2026-07-08;"quarta-feira";"11:30:00";"MT";70;684,1;"CACERES";"Condutor Dormindo";"Saída de leito carroçável";"Com Vítimas Feridas";"Pleno dia";"Decrescente";"Céu Claro";"Simples";"Curva";"Não";1;0;0;1;0;0;1;1;-16,20225506;-57,38596916;"SPRF-MT";"DEL03-MT";"UOP02-DEL03-MT"
783927;2026-07-08;"quarta-feira";"16:15:00";"SC";280;57;"GUARAMIRIM";"Condutor deixou de manter distância do veículo da frente";"Colisão traseira";"Com Vítimas Feridas";"Pleno dia";"Crescente";"Céu Claro";"Dupla";"Reta";"Sim";2;0;1;0;1;0;1;2;-26,47636323;-49,01588615;"SPRF-SC";"DEL03-SC";"UOP03-DEL03-SC"
783928;2026-07-08;"quarta-feira";"16:30:00";"BA";101;863;"TEIXEIRA DE FREITAS";"Ultrapassagem Indevida";"Colisão frontal";"Com Vítimas Feridas";"Pleno dia";"Crescente";"Céu Claro";"Simples";"Reta;Declive";"Não";2;0;0;1;1;0;1;2;-17,4252967;-39,68519;"SPRF-BA";"DEL09-BA";"UOP02-DEL09-BA"
783930;2026-07-08;"quarta-feira";"15:20:00";"SC";101;39,8;"JOINVILLE";"Ausência de reação do condutor";"Engavetamento";"Com Vítimas Feridas";"Pleno dia";"Crescente";"Céu Claro";"Múltipla";"Reta";"Sim";4;0;0;1;3;0;1;3;-26,30603854;-48,88062922;"SPRF-SC";"DEL03-SC";"UOP01-DEL03-SC"
783932;2026-07-08;"quarta-feira";"15:50:00";"MS";267;119;"NOVA ANDRADINA";"Animais na Pista";"Tombamento";"Com Vítimas Feridas";"Pleno dia";"Decrescente";"Céu Claro";"Simples";"Reta;Aclive";"Não";3;0;2;0;0;1;2;2;-21,77416656;-53,20129395;"SPRF-MS";"DEL02-MS";"UOP03-DEL02-MS"
783935;2026-07-08;"quarta-feira";"16:30:00";"PR";116;9;"CAMPINA GRANDE DO SUL";"Condutor deixou de manter distância do veículo da frente";"Colisão traseira";"Com Vítimas Feridas";"Pleno dia";"Crescente";"Céu Claro";"Múltipla";"Reta";"Sim";2;0;1;0;1;0;1;2;-25,36986811;-49,1188523;"SPRF-PR";"DEL01-PR";"UOP02-DEL01-PR"
783937;2026-07-08;"quarta-feira";"16:58:00";"PE";101;67;"RECIFE";"Estacionar ou parar em local proibido";"Colisão transversal";"Com Vítimas Feridas";"Anoitecer";"Decrescente";"Céu Claro";"Dupla";"Reta";"Sim";3;0;2;0;1;0;2;2;-8,04228;-34,94293;"SPRF-PE";"DEL01-PE";"UOP01-DEL01-PE"
783939;2026-07-08;"quarta-feira";"15:45:00";"SC";101;205,7;"SAO JOSE";"Condutor deixou de manter distância do veículo da frente";"Colisão traseira";"Com Vítimas Feridas";"Pleno dia";"Decrescente";"Céu Claro";"Múltipla";"Reta";"Sim";2;0;1;0;1;0;1;2;-27,58966;-48,61727;"SPRF-SC";"DEL01-SC";"UOP01-DEL01-SC"
783942;2026-07-08;"quarta-feira";"12:27:00";"MT";364;337;"SANTO ANTONIO DO LEVERGER";"Demais falhas mecânicas ou elétricas";"Saída de leito carroçável";"Sem Vítimas";"Pleno dia";"Decrescente";"Céu Claro";"Dupla";"Reta";"Não";1;0;0;0;1;0;0;1;-15,8376;-55,4885;"SPRF-MT";"DEL05-MT";"UOP02-DEL05-MT"
783944;2026-07-08;"quarta-feira";"17:15:00";"SC";282;0,6;"FLORIANOPOLIS";"Reação tardia ou ineficiente do condutor";"Colisão traseira";"Com Vítimas Feridas";"Anoitecer";"Crescente";"Nublado";"Dupla";"Reta";"Sim";3;0;1;0;2;0;1;3;-27,60116;-48,57775;"SPRF-SC";"DEL01-SC";"UOP01-DEL01-SC"
783948;2026-07-08;"quarta-feira";"17:45:00";"PR";116;9;"QUATRO BARRAS";"Condutor deixou de manter distância do veículo da frente";"Colisão traseira";"Com Vítimas Feridas";"Pleno dia";"Decrescente";"Céu Claro";"Dupla";"Reta";"Sim";2;0;1;0;1;0;1;2;-25,37026557;-49,12009684;"SPRF-PR";"DEL01-PR";"UOP02-DEL01-PR"
783949;2026-07-08;"quarta-feira";"18:00:00";"RJ";116;139;"MAGE";"Acesso irregular";"Queda de ocupante de veículo";"Com Vítimas Feridas";"Plena Noite";"Decrescente";"Céu Claro";"Dupla";"Reta";"Sim";4;0;0;1;2;1;1;4;-22,64631195;-43,20909373;"SPRF-RJ";"DEL04-RJ";"UOP02-DEL04-RJ"
783950;2026-07-08;"quarta-feira";"16:50:00";"PR";277;722;"FOZ DO IGUACU";"Ausência de reação do condutor";"Tombamento";"Com Vítimas Feridas";"Pleno dia";"Decrescente";"Céu Claro";"Dupla";"Reta";"Não";2;0;1;0;0;1;1;1;-25,49782651;-54,52651978;"SPRF-PR";"DEL05-PR";"UOP03-DEL05-PR"
783951;2026-07-08;"quarta-feira";"17:00:00";"SC";101;210,8;"SAO JOSE";"Ausência de reação do condutor";"Colisão traseira";"Com Vítimas Feridas";"Pleno dia";"Decrescente";"Céu Claro";"Simples";"Reta";"Sim";3;0;1;0;2;0;1;2;-27,62231;-48,65039;"SPRF-SC";"DEL01-SC";"UOP01-DEL01-SC"
783952;2026-07-08;"quarta-feira";"17:30:00";"CE";116;309;"JAGUARIBE";"Acessar a via sem observar a presença dos outros veículos";"Colisão lateral mesmo sentido";"Com Vítimas Feridas";"Pleno dia";"Crescente";"Céu Claro";"Simples";"Interseção de Vias";"Sim";4;0;1;1;2;0;2;2;-5,90293149;-38,62310171;"SPRF-CE";"DEL05-CE";"UOP02-DEL05-CE"
783955;2026-07-08;"quarta-feira";"18:00:00";"SC";282;1;"FLORIANOPOLIS";"Reação tardia ou ineficiente do condutor";"Colisão traseira";"Com Vítimas Feridas";"Anoitecer";"Crescente";"Céu Claro";"Múltipla";"Reta;Aclive";"Sim";3;0;1;0;2;0;1;2;-27,60116094;-48,57796311;"SPRF-SC";"DEL01-SC";"UOP01-DEL01-SC"
783956;2026-07-08;"quarta-feira";"17:30:00";"PR";116;7,5;"CAMPINA GRANDE DO SUL";"Condutor deixou de manter distância do veículo da frente";"Colisão traseira";"Com Vítimas Feridas";"Anoitecer";"Crescente";"Céu Claro";"Dupla";"Reta";"Sim";3;0;2;0;1;0;2;2;-25,367943;-49,106071;"SPRF-PR";"DEL01-PR";"UOP02-DEL01-PR"
783957;2026-07-08;"quarta-feira";"14:55:00";"SC";101;416;"ARARANGUA";"Ultrapassagem Indevida";"Colisão transversal";"Com Vítimas Feridas";"Pleno dia";"Crescente";"Céu Claro";"Múltipla";"Reta;Interseção de Vias";"Sim";2;0;1;0;1;0;1;2;-28,97277012;-49,52881336;"SPRF-SC";"DEL02-SC";"UOP02-DEL02-SC"
783958;2026-06-30;"terça-feira";"07:10:00";"SC";101;332;"TUBARAO";"Desrespeitar a preferência no cruzamento";"Colisão transversal";"Com Vítimas Feridas";"Pleno dia";"Decrescente";"Céu Claro";"Múltipla";"Rotatória";"Sim";2;0;0;1;1;0;1;2;-28,46588495;-48,99538485;"SPRF-SC";"DEL02-SC";"UOP01-DEL02-SC"
783959;2026-07-08;"quarta-feira";"18:31:00";"BA";116;14;"VITORIA DA CONQUISTA";"Condutor deixou de manter distância do veículo da frente";"Colisão traseira";"Com Vítimas Feridas";"Plena Noite";"Crescente";"Nublado";"Simples";"Reta";"Sim";3;0;2;0;0;1;2;2;-14,89527149;-40,86210251;"SPRF-BA";"DEL08-BA";"UOP01-DEL08-BA"
783960;2026-07-08;"quarta-feira";"17:21:00";"MS";376;128;"IVINHEMA";"Iluminação deficiente";"Colisão lateral sentido oposto";"Com Vítimas Feridas";"Plena Noite";"Decrescente";"Céu Claro";"Simples";"Reta";"Não";2;0;1;0;1;0;1;2;-22,347373;-53,731675;"SPRF-MS";"DEL04-MS";"UOP04-DEL04-MS"
783961;2026-07-08;"quarta-feira";"17:45:00";"RJ";40;117;"DUQUE DE CAXIAS";"Suicídio (presumido)";"Colisão com objeto";"Com Vítimas Fatais";"Anoitecer";"Crescente";"Céu Claro";"Múltipla";"Reta";"Sim";1;1;0;0;0;0;0;1;-22,7486136;-43,2877814;"SPRF-RJ";"DEL01-RJ";"UOP02-DEL01-RJ"
783963;2026-07-08;"quarta-feira";"17:00:00";"SC";101;1,8;"ARARANGUA";"Desrespeitar a preferência no cruzamento";"Colisão transversal";"Com Vítimas Feridas";"Pleno dia";"Decrescente";"Céu Claro";"Simples";"Reta";"Sim";2;0;0;1;1;0;1;2;-28,9355304;-49,4954289;"SPRF-SC";"DEL02-SC";"UOP02-DEL02-SC"
783965;2026-07-08;"quarta-feira";"18:45:00";"RJ";116;180;"NOVA IGUACU";"Objeto estático sobre o leito carroçável";"Queda de ocupante de veículo";"Com Vítimas Feridas";"Plena Noite";"Decrescente";"Nublado";"Dupla";"Reta;Aclive";"Sim";1;0;1;0;0;0;1;1;-22,76377562;-43,41874314;"SPRF-RJ";"DEL06-RJ";"UOP01-DEL06-RJ"
783966;2026-07-08;"quarta-feira";"18:30:00";"SC";101;205;"SAO JOSE";"Trafegar com motocicleta (ou similar) entre as faixas";"Colisão lateral mesmo sentido";"Com Vítimas Feridas";"Plena Noite";"Crescente";"Céu Claro";"Múltipla";"Curva";"Sim";2;0;1;0;0;1;1;2;-27,58445;-48,61727;"SPRF-SC";"DEL01-SC";"UOP01-DEL01-SC"