"id";"data_inversa";"dia_semana";"horario";"uf";"br";"km";"municipio";"causa_acidente";"tipo_acidente";"classificacao_acidente";"fase_dia";"sentido_via";"condicao_metereologica";"tipo_pista";"tracado_via";"uso_solo";"pessoas";"mortos";"feridos_leves";"feridos_graves";"ilesos";"ignorados";"feridos";"veiculos";"latitude";"longitude";"regional";"delegacia";"uop"
783967;2026-07-08;"quarta-feira";"18:45:00";"SP";116;213;"GUARULHOS";"Manobra de mudança de faixa";"Colisão lateral mesmo sentido";"Com Vítimas Feridas";"Plena Noite";"Decrescente";"Céu Claro";"Dupla";"Reta";"Sim";2;0;1;0;1;0;1;2;-23,44305402;-46,44495813;"SPRF-SP";"DEL01-SP";"UOP01-DEL01-SP"
783969;2026-07-08;"quarta-feira";"17:30:00";"PR";153;353,8;"REBOUCAS";"Ausência de reação do condutor";"Saída de leito carroçável";"Com Vítimas Feridas";"Anoitecer";"Decrescente";"Céu Claro";"Simples";"Curva";"Não";1;0;1;0;0;0;1;1;-25,6469282;-50,7317251;"SPRF-PR";"DEL08-PR";"UOP02-DEL08-PR"
783970;2026-07-08;"quarta-feira";"18:20:00";"BA";242;413;"SEABRA";"Pedestre - Ingestão de álcool/ substâncias psicoativas";"Atropelamento de Pedestre";"Com Vítimas Feridas";"Plena Noite";"Crescente";"Céu Claro";"Simples";"Reta";"Não";2;0;1;0;0;1;1;2;-12,42904277;-41,75951953;"SPRF-BA";"DEL06-BA";"UOP01-DEL06-BA"
783971;2026-07-08;"quarta-feira";"18:20:00";"PR";476;147,6;"ARAUCARIA";"Reação tardia ou ineficiente do condutor";"Tombamento";"Com Vítimas Feridas";"Plena Noite";"Crescente";"Céu Claro";"Dupla";"Curva";"Não";1;0;0;1;0;0;1;1;-25,556522;-49,345177;"SPRF-PR";"DEL01-PR";"UOP06-DEL01-PR"
783972;2026-06-30;"terça-feira";"07:30:00";"PR";277;105;"SAO JOSE DOS PINHAIS";"Ausência de reação do condutor";"Colisão com objeto";"Com Vítimas Feridas";"Pleno dia";"Decrescente";"Garoa/Chuvisco";"Dupla";"Reta";"Não";1;0;1;0;0;0;1;1;-25,57110917;-49,21329372;"SPRF-PR";"DEL01-PR";"UOP06-DEL01-PR"
783974;2026-07-08;"quarta-feira";"17:40:00";"MG";262;42;"MANHUACU";"Transitar na contramão";"Colisão lateral sentido oposto";"Com Vítimas Feridas";"Plena Noite";"Crescente";"Céu Claro";"Simples";"Curva";"Não";2;0;0;1;1;0;1;2;-20,263187;-42,080678;"SPRF-MG";"DEL06-MG";"UOP03-DEL06-MG"
783975;2026-07-08;"quarta-feira";"17:50:00";"BA";367;26;"PORTO SEGURO";"Reação tardia ou ineficiente do condutor";"Colisão transversal";"Com Vítimas Feridas";"Anoitecer";"Decrescente";"Céu Claro";"Simples";"Reta";"Sim";2;0;1;0;1;0;1;2;-16,43777;-39,08247;"SPRF-BA";"DEL09-BA";"UOP03-DEL09-BA"
783978;2026-07-08;"quarta-feira";"19:30:00";"RJ";116;169;"RIO DE JANEIRO";"Ausência de reação do condutor";"Tombamento";"Com Vítimas Feridas";"Plena Noite";"Decrescente";"Nublado";"Múltipla";"Reta";"Não";1;0;0;1;0;0;1;1;-22,8158205;-43,3253941;"SPRF-RJ";"DEL06-RJ";"UOP01-DEL06-RJ"
783981;2026-07-08;"quarta-feira";"18:50:00";"SC";282;528;"CORDILHEIRA ALTA";"Ausência de reação do condutor";"Saída de leito carroçável";"Com Vítimas Feridas";"Plena Noite";"Decrescente";"Chuva";"Simples";"Curva";"Não";1;0;0;1;0;0;1;1;-26,98135732;-52,59278869;"SPRF-SC";"DEL07-SC";"UOP01-DEL07-SC"
783982;2026-07-08;"quarta-feira";"19:30:00";"PR";277;590,8;"CASCAVEL";"Ausência de reação do condutor";"Colisão traseira";"Com Vítimas Feridas";"Plena Noite";"Decrescente";"Céu Claro";"Simples";"Declive;Interseção de Vias;Reta";"Não";3;0;1;0;2;0;1;2;-24,9758381;-53,4421198;"SPRF-PR";"DEL04-PR";"UOP01-DEL04-PR"
783983;2026-07-08;"quarta-feira";"09:40:00";"BA";101;554;"ARATACA";"Reação tardia ou ineficiente do condutor";"Saída de leito carroçável";"Com Vítimas Feridas";"Pleno dia";"Decrescente";"Sol";"Simples";"Curva";"Não";1;0;1;0;0;0;1;1;-15,157835;-39,412769;"SPRF-BA";"DEL05-BA";"UOP02-DEL05-BA"
783984;2026-07-08;"quarta-feira";"20:00:00";"SP";381;82;"SAO PAULO";"Ausência de reação do condutor";"Colisão traseira";"Com Vítimas Feridas";"Plena Noite";"Crescente";"Nublado";"Múltipla";"Reta";"Sim";1;0;1;0;0;0;1;1;-23,439932;-46,568045;"SPRF-SP";"DEL03-SP";"UOP01-DEL03-SP"
783985;2026-06-07;"domingo";"04:00:00";"BA";110;362;"CATU";"Ausência de sinalização";"Queda de ocupante de veículo";"Com Vítimas Feridas";"Plena Noite";"Decrescente";"Ignorado";"Simples";"Reta";"Sim";1;0;1;0;0;0;1;1;-12,328104;-38,381221;"SPRF-BA";"DEL01-BA";"UOP04-DEL01-BA"
783986;2026-07-08;"quarta-feira";"19:00:00";"RJ";101;318;"SAO GONCALO";"Ausência de reação do condutor";"Colisão lateral mesmo sentido";"Com Vítimas Feridas";"Plena Noite";"Decrescente";"Céu Claro";"Dupla";"Reta";"Sim";3;0;1;0;2;0;1;2;-22,84088617;-43,09519708;"SPRF-RJ";"DEL02-RJ";"UOP02-DEL02-RJ"
783987;2026-07-08;"quarta-feira";"19:40:00";"BA";135;171;"BARREIRAS";"Iluminação deficiente";"Atropelamento de Pedestre";"Com Vítimas Feridas";"Plena Noite";"Decrescente";"Céu Claro";"Dupla";"Reta";"Não";2;0;1;1;0;0;2;2;-12,10192311;-44,97780975;"SPRF-BA";"DEL10-BA";"UOP01-DEL10-BA"
783989;2026-07-08;"quarta-feira";"19:15:00";"PR";116;115;"CURITIBA";"Reação tardia ou ineficiente do condutor";"Tombamento";"Com Vítimas Feridas";"Plena Noite";"Crescente";"Nublado";"Dupla";"Reta";"Não";1;0;1;0;0;0;1;1;-25,552808;-49,305247;"SPRF-PR";"DEL01-PR";"UOP03-DEL01-PR"
783991;2026-07-08;"quarta-feira";"19:40:00";"PI";316;9;"TERESINA";"Acessar a via sem observar a presença dos outros veículos";"Colisão traseira";"Com Vítimas Feridas";"Plena Noite";"Crescente";"Céu Claro";"Dupla";"Reta";"Sim";2;0;1;0;1;0;1;2;-5,18586652;-42,76235014;"SPRF-PI";"DEL01-PI";"UOP02-DEL01-PI"
783992;2026-07-08;"quarta-feira";"18:55:00";"ES";101;141;"LINHARES";"Condutor desrespeitou a iluminação vermelha do semáforo";"Colisão transversal";"Sem Vítimas";"Plena Noite";"Decrescente";"Céu Claro";"Simples";"Interseção de Vias";"Sim";3;0;0;0;2;1;0;2;-19,332968;-40,068155;"SPRF-ES";"DEL04-ES";"UOP01-DEL04-ES"
783995;2026-07-08;"quarta-feira";"19:40:00";"BA";101;713,8;"EUNAPOLIS";"Acessar a via sem observar a presença dos outros veículos";"Colisão transversal";"Com Vítimas Feridas";"Plena Noite";"Crescente";"Céu Claro";"Simples";"Reta";"Sim";2;0;1;0;0;1;1;2;-16,344197;-39,580613;"SPRF-BA";"DEL09-BA";"UOP01-DEL09-BA"
783996;2026-06-20;"sábado";"17:00:00";"MT";364;215;"RONDONOPOLIS";"Demais falhas na via";"Tombamento";"Com Vítimas Feridas";"Anoitecer";"Decrescente";"Céu Claro";"Dupla";"Reta";"Não";1;0;1;0;0;0;1;1;-16,43503898;-54,68426228;"SPRF-MT";"DEL02-MT";"UOP01-DEL02-MT"
783998;2026-06-27;"sábado";"15:20:00";"SC";101;156;"TIJUCAS";"Reação tardia ou ineficiente do condutor";"Colisão traseira";"Sem Vítimas";"Pleno dia";"Crescente";"Céu Claro";"Dupla";"Reta";"Sim";2;0;0;0;2;0;0;2;-27,24907848;-48,6349082;"SPRF-SC";"DEL04-SC";"UOP03-DEL04-SC"
783999;2026-07-08;"quarta-feira";"20:10:00";"MG";267;119,5;"JUIZ DE FORA";"Acessar a via sem observar a presença dos outros veículos";"Colisão traseira";"Com Vítimas Feridas";"Plena Noite";"Crescente";"Céu Claro";"Simples";"Curva";"Não";2;0;0;1;1;0;1;2;-21,7054228;-43,46218228;"SPRF-MG";"DEL05-MG";"UOP01-DEL05-MG"
784001;2026-07-08;"quarta-feira";"17:20:00";"PR";369;88;"CORNELIO PROCOPIO";"Demais falhas mecânicas ou elétricas";"Incêndio";"Sem Vítimas";"Pleno dia";"Decrescente";"Céu Claro";"Dupla";"Interseção de Vias";"Não";1;0;0;0;1;0;0;1;-23,182643;-50,636135;"SPRF-PR";"DEL07-PR";"UOP05-DEL07-PR"
784002;2026-07-08;"quarta-feira";"20:50:00";"GO";153;500;"GOIANIA";"Pedestre andava na pista";"Atropelamento de Pedestre";"Com Vítimas Feridas";"Plena Noite";"Crescente";"Ignorado";"Dupla";"Reta";"Sim";2;0;0;1;1;0;1;2;-16,7081378;-49,2310037;"SPRF-GO";"DEL01-GO";"UOP01-DEL01-GO"
784003;2026-07-08;"quarta-feira";"16:30:00";"PR";163;319;"TERRA ROXA";"Reação tardia ou ineficiente do condutor";"Colisão traseira";"Com Vítimas Feridas";"Pleno dia";"Crescente";"Céu Claro";"Simples";"Reta;Aclive;Em Obras";"Não";2;0;0;1;0;1;1;2;-24,30536569;-54,15949769;"SPRF-PR";"DEL06-PR";"UOP01-DEL06-PR"
784004;2026-07-08;"quarta-feira";"21:30:00";"PE";232;179,8;"BELO JARDIM";"Ingestão de álcool pelo condutor";"Saída de leito carroçável";"Com Vítimas Feridas";"Plena Noite";"Crescente";"Nublado";"Simples";"Reta";"Sim";1;0;1;0;0;0;1;1;-8,34417992;-36,42608643;"SPRF-PE";"DEL03-PE";"UOP02-DEL03-PE"
784006;2026-07-08;"quarta-feira";"19:08:00";"AC";364;138;"RIO BRANCO";"Manobra de mudança de faixa";"Colisão lateral mesmo sentido";"Com Vítimas Feridas";"Plena Noite";"Decrescente";"Céu Claro";"Dupla";"Reta";"Sim";3;0;1;1;1;0;2;2;-9,96142896;-67,85647631;"SPRF-AC";"DEL01-AC";"UOP01-DEL01-AC"
784007;2026-07-08;"quarta-feira";"21:30:00";"SP";116;282;"EMBU DAS ARTES";"Velocidade Incompatível";"Tombamento";"Com Vítimas Feridas";"Plena Noite";"Crescente";"Nublado";"Dupla";"Curva";"Sim";1;0;1;0;0;0;1;1;-23,67230534;-46,8565672;"SPRF-SP";"DEL04-SP";"UOP01-DEL04-SP"
784008;2026-07-08;"quarta-feira";"21:10:00";"PE";101;42,9;"IGARASSU";"Acessar a via sem observar a presença dos outros veículos";"Colisão transversal";"Com Vítimas Feridas";"Plena Noite";"Crescente";"Céu Claro";"Múltipla";"Retorno Regulamentado;Reta";"Sim";2;0;0;1;1;0;1;2;-7,844865;-34,910591;"SPRF-PE";"DEL01-PE";"UOP02-DEL01-PE"
784009;2026-07-08;"quarta-feira";"21:01:00";"PE";101;65;"RECIFE";"Acesso irregular";"Colisão lateral mesmo sentido";"Com Vítimas Feridas";"Plena Noite";"Decrescente";"Céu Claro";"Múltipla";"Reta";"Sim";3;0;2;0;1;0;2;2;-8,032411;-34,942182;"SPRF-PE";"DEL01-PE";"UOP01-DEL01-PE"
784010;2026-07-08;"quarta-feira";"20:50:00";"PE";424;94,8;"GARANHUNS";"Ingestão de álcool pelo condutor";"Capotamento";"Com Vítimas Fatais";"Plena Noite";"Crescente";"Céu Claro";"Simples";"Curva;Declive";"Não";6;1;2;3;0;0;5;1;-8,9266596;-36,490142;"SPRF-PE";"DEL03-PE";"UOP01-DEL03-PE"
784011;2026-07-08;"quarta-feira";"22:10:00";"PB";101;88;"JOAO PESSOA";"Acumulo de óleo sobre o pavimento";"Tombamento";"Com Vítimas Feridas";"Plena Noite";"Crescente";"Céu Claro";"Dupla";"Curva;Declive";"Sim";1;0;1;0;0;0;1;1;-7,165153;-34,898358;"SPRF-PB";"DEL01-PB";"UOP01-DEL01-PB"
784012;2026-07-08;"quarta-feira";"19:00:00";"RJ";116;148;"DUQUE DE CAXIAS";"Ausência de reação do condutor";"Colisão traseira";"Com Vítimas Feridas";"Plena Noite";"Decrescente";"Nublado";"Dupla";"Reta";"Não";7;0;4;0;3;0;4;5;-22,672096;-43,284763;"SPRF-RJ";"DEL01-RJ";"UOP02-DEL01-RJ"
784014;2026-07-08;"quarta-feira";"23:30:00";"PR";277;652,6;"MATELANDIA";"Animais na Pista";"Colisão com objeto";"Com Vítimas Feridas";"Plena Noite";"Crescente";"Céu Claro";"Simples";"Reta";"Sim";1;0;1;0;0;0;1;1;-25,195721;-53,942057;"SPRF-PR";"DEL05-PR";"UOP02-DEL05-PR"
784015;2026-07-08;"quarta-feira";"21:45:00";"MT";70;500,7;"CUIABA";"Velocidade Incompatível";"Queda de ocupante de veículo";"Com Vítimas Feridas";"Plena Noite";"Decrescente";"Céu Claro";"Dupla";"Desvio Temporário;Em Obras";"Sim";1;0;0;1;0;0;1;1;-15,68516;-56,017503;"SPRF-MT";"DEL01-MT";"UOP02-DEL01-MT"
784017;2026-07-08;"quarta-feira";"23:35:00";"SP";116;128,9;"CACAPAVA";"Ausência de reação do condutor";"Colisão com objeto";"Com Vítimas Feridas";"Plena Noite";"Decrescente";"Céu Claro";"Dupla";"Reta;Declive";"Sim";1;0;1;0;0;0;1;1;-23,115963;-45,713895;"SPRF-SP";"DEL02-SP";"UOP02-DEL02-SP"
784019;2026-06-30;"terça-feira";"10:35:00";"SP";262;319,1;"CASTILHO";"Ausência de reação do condutor";"Colisão traseira";"Com Vítimas Feridas";"Pleno dia";"Decrescente";"Céu Claro";"Simples";"Reta";"Não";2;0;0;1;1;0;1;2;-20,7805454;-51,59501588;"SPRF-MS";"DEL07-MS";"UOP01-DEL07-MS"
784020;2026-07-08;"quarta-feira";"23:00:00";"RO";364;516,7;"ARIQUEMES";"Ausência de reação do condutor";"Colisão traseira";"Com Vítimas Feridas";"Plena Noite";"Decrescente";"Céu Claro";"Simples";"Reta";"Sim";2;0;1;0;0;1;1;2;-9,907942;-63,055992;"SPRF-RO";"DEL03-RO";"UOP01-DEL03-RO"
784022;2026-07-08;"quarta-feira";"22:15:00";"RO";364;14;"VILHENA";"Acessar a via sem observar a presença dos outros veículos";"Colisão lateral mesmo sentido";"Sem Vítimas";"Plena Noite";"Decrescente";"Céu Claro";"Dupla";"Interseção de Vias";"Sim";2;0;0;0;1;1;0;2;-12,73936165;-60,13946544;"SPRF-RO";"DEL04-RO";"UOP01-DEL04-RO"
784023;2026-07-09;"quinta-feira";"02:04:00";"SP";116;224;"GUARULHOS";"Ausência de reação do condutor";"Colisão traseira";"Com Vítimas Feridas";"Plena Noite";"Decrescente";"Céu Claro";"Múltipla";"Reta";"Sim";3;0;1;0;2;0;1;2;-23,484934;-46,539243;"SPRF-SP";"DEL01-SP";"UOP01-DEL01-SP"
784029;2026-07-09;"quinta-feira";"04:55:00";"MG";40;637,5;"CONSELHEIRO LAFAIETE";"Condutor Dormindo";"Saída de leito carroçável";"Com Vítimas Feridas";"Plena Noite";"Decrescente";"Nevoeiro/Neblina";"Simples";"Reta";"Não";2;0;2;0;0;0;2;1;-20,70929897;-43,79376602;"SPRF-MG";"DEL05-MG";"UOP02-DEL05-MG"
784030;2026-07-09;"quinta-feira";"04:25:00";"SC";101;256,9;"PAULO LOPES";"Reação tardia ou ineficiente do condutor";"Saída de leito carroçável";"Sem Vítimas";"Plena Noite";"Decrescente";"Céu Claro";"Dupla";"Declive";"Não";1;0;0;0;0;1;0;1;-27,992697;-48,682743;"SPRF-SC";"DEL02-SC";"UOP03-DEL02-SC"
784031;2026-07-09;"quinta-feira";"05:50:00";"DF";70;16;"BRASILIA";"Ultrapassagem Indevida";"Colisão lateral mesmo sentido";"Com Vítimas Feridas";"Amanhecer";"Decrescente";"Céu Claro";"Dupla";"Reta";"Sim";2;0;1;0;1;0;1;2;-15,793967;-48,201918;"SPRF-DF";"DEL03-DF";"UOP02-DEL03-DF"
784035;2026-07-09;"quinta-feira";"06:00:00";"PB";230;47,7;"SANTA RITA";"Condutor Dormindo";"Saída de leito carroçável";"Com Vítimas Feridas";"Pleno dia";"Crescente";"Nublado";"Dupla";"Reta";"Não";2;0;2;0;0;0;2;1;-7,17154848;-35,03601765;"SPRF-PB";"DEL01-PB";"UOP02-DEL01-PB"
784036;2026-07-08;"quarta-feira";"22:28:00";"GO";364;126;"APARECIDA DO RIO DOCE";"Reação tardia ou ineficiente do condutor";"Saída de leito carroçável";"Sem Vítimas";"Plena Noite";"Decrescente";"Céu Claro";"Simples";"Declive";"Não";1;0;0;0;1;0;0;1;-18,253108;-51,252457;"SPRF-GO";"DEL05-GO";"UOP02-DEL05-GO"
784038;2026-07-09;"quinta-feira";"05:34:00";"MS";267;6,4;"BATAGUASSU";"Avarias e/ou desgaste excessivo no pneu";"Tombamento";"Com Vítimas Feridas";"Amanhecer";"Crescente";"Céu Claro";"Simples";"Reta";"Não";3;0;2;0;0;1;2;2;-21,7445773;-52,2051312;"SPRF-MS";"DEL02-MS";"UOP04-DEL02-MS"
784040;2026-07-09;"quinta-feira";"06:20:00";"SP";116;317;"JUQUITIBA";"Pedestre cruzava a pista fora da faixa";"Atropelamento de Pedestre";"Com Vítimas Feridas";"Pleno dia";"Decrescente";"Céu Claro";"Dupla";"Reta";"Não";2;0;1;0;1;0;1;2;-23,918931;-46,989781;"SPRF-SP";"DEL04-SP";"UOP03-DEL04-SP"
784041;2026-07-08;"quarta-feira";"22:00:00";"PR";116;107;"SAO JOSE DOS PINHAIS";"Ingestão de álcool pelo condutor";"Saída de leito carroçável";"Sem Vítimas";"Plena Noite";"Decrescente";"Nublado";"Dupla";"Reta";"Não";1;0;0;0;0;1;0;1;-25,569993;-49,219865;"SPRF-PR";"DEL01-PR";"UOP03-DEL01-PR"
784043;2026-07-09;"quinta-feira";"07:00:00";"DF";70;16;"BRASILIA";"Trafegar com motocicleta (ou similar) entre as faixas";"Colisão traseira";"Com Vítimas Feridas";"Pleno dia";"Decrescente";"Céu Claro";"Múltipla";"Reta";"Não";3;0;1;0;2;0;1;2;-15,793908;-48,202805;"SPRF-DF";"DEL03-DF";"UOP02-DEL03-DF"
784045;2026-07-09;"quinta-feira";"07:00:00";"SC";280;53;"GUARAMIRIM";"Condutor deixou de manter distância do veículo da frente";"Colisão traseira";"Com Vítimas Feridas";"Amanhecer";"Decrescente";"Nublado";"Dupla";"Reta";"Sim";2;0;1;0;1;0;1;2;-26,472804;-48,975175;"SPRF-SC";"DEL03-SC";"UOP03-DEL03-SC"
784046;2026-07-09;"quinta-feira";"07:30:00";"SC";101;214,5;"PALHOCA";"Trafegar com motocicleta (ou similar) entre as faixas";"Tombamento";"Com Vítimas Feridas";"Pleno dia";"Decrescente";"Céu Claro";"Dupla";"Reta;Aclive";"Sim";2;0;1;0;1;0;1;2;-27,647235;-48,672442;"SPRF-SC";"DEL01-SC";"UOP02-DEL01-SC"
784049;2026-07-09;"quinta-feira";"07:45:00";"SP";381;12;"BRAGANCA PAULISTA";"Manobra de mudança de faixa";"Colisão lateral mesmo sentido";"Com Vítimas Feridas";"Pleno dia";"Crescente";"Céu Claro";"Dupla";"Reta";"Não";3;0;1;0;2;0;1;2;-22,930442;-46,465806;"SPRF-SP";"DEL03-SP";"UOP02-DEL03-SP"
784052;2026-06-11;"quinta-feira";"09:40:00";"MG";40;86,5;"PARACATU";"Ultrapassagem Indevida";"Tombamento";"Com Vítimas Feridas";"Pleno dia";"Crescente";"Ignorado";"Simples";"Reta";"Não";4;0;1;0;0;3;1;3;-17,489471;-46,606248;"SPRF-MG";"DEL14-MG";"UOP01-DEL14-MG"
784055;2026-06-11;"quinta-feira";"06:55:00";"RJ";101;327;"NITEROI";"Reação tardia ou ineficiente do condutor";"Colisão traseira";"Com Vítimas Feridas";"Pleno dia";"Decrescente";"Céu Claro";"Múltipla";"Reta";"Não";2;0;0;1;1;0;1;2;-22,87082546;-43,16230193;"SPRF-RJ";"DEL02-RJ";"UOP01-DEL02-RJ"
784056;2026-07-09;"quinta-feira";"07:30:00";"PR";369;126,9;"JATAIZINHO";"Animais na Pista";"Atropelamento de Animal";"Com Vítimas Feridas";"Pleno dia";"Decrescente";"Céu Claro";"Dupla";"Reta";"Não";1;0;1;0;0;0;1;1;-23,27741053;-50,96145026;"SPRF-PR";"DEL07-PR";"UOP01-DEL07-PR"
784058;2026-07-09;"quinta-feira";"08:20:00";"ES";101;280;"SERRA";"Ausência de reação do condutor";"Tombamento";"Com Vítimas Feridas";"Pleno dia";"Decrescente";"Céu Claro";"Dupla";"Curva";"Não";1;0;1;0;0;0;1;1;-20,22609827;-40,36290519;"SPRF-ES";"DEL02-ES";"UOP01-DEL02-ES"
784060;2026-07-09;"quinta-feira";"07:10:00";"RJ";101;398;"ITAGUAI";"Reação tardia ou ineficiente do condutor";"Queda de ocupante de veículo";"Com Vítimas Feridas";"Pleno dia";"Decrescente";"Nublado";"Dupla";"Reta";"Sim";1;0;1;0;0;0;1;1;-22,86947749;-43,74703137;"SPRF-RJ";"DEL03-RJ";"UOP01-DEL03-RJ"
784061;2026-07-09;"quinta-feira";"08:45:00";"PB";230;17,2;"JOAO PESSOA";"Manobra de mudança de faixa";"Colisão lateral mesmo sentido";"Com Vítimas Feridas";"Pleno dia";"Decrescente";"Céu Claro";"Dupla";"Reta";"Sim";5;0;2;0;2;1;2;3;-7,117977;-34,843183;"SPRF-PB";"DEL01-PB";"UOP01-DEL01-PB"
784063;2026-07-09;"quinta-feira";"07:30:00";"PI";343;70;"BURITI DOS LOPES";"Condutor Dormindo";"Colisão frontal";"Com Vítimas Feridas";"Pleno dia";"Decrescente";"Céu Claro";"Simples";"Reta";"Não";7;0;1;6;0;0;7;2;-3,36263095;-41,7363739;"SPRF-PI";"DEL05-PI";"UOP01-DEL05-PI"
784064;2026-07-09;"quinta-feira";"07:35:00";"MG";381;845,7;"SAO SEBASTIAO DA BELA VISTA";"Reação tardia ou ineficiente do condutor";"Engavetamento";"Com Vítimas Feridas";"Pleno dia";"Decrescente";"Céu Claro";"Dupla";"Reta";"Não";4;0;2;0;2;0;2;3;-22,204898;-45,862672;"SPRF-MG";"DEL16-MG";"UOP01-DEL16-MG"
784067;2026-05-30;"sábado";"20:00:00";"RJ";101;484;"ANGRA DOS REIS";"Reação tardia ou ineficiente do condutor";"Colisão traseira";"Com Vítimas Feridas";"Plena Noite";"Crescente";"Céu Claro";"Dupla";"Reta";"Sim";2;0;1;0;1;0;1;2;-22,9848653;-44,2966604;"SPRF-RJ";"DEL03-RJ";"UOP03-DEL03-RJ"
784068;2026-07-09;"quinta-feira";"07:10:00";"MG";365;13,1;"MONTES CLAROS";"Acessar a via sem observar a presença dos outros veículos";"Colisão transversal";"Com Vítimas Feridas";"Pleno dia";"Crescente";"Céu Claro";"Simples";"Reta;Aclive";"Não";4;0;3;1;0;0;4;2;-16,842003;-43,962389;"SPRF-MG";"DEL12-MG";"UOP01-DEL12-MG"
784070;2026-07-09;"quinta-feira";"08:20:00";"BA";324;587;"CANDEIAS";"Demais falhas mecânicas ou elétricas";"Saída de leito carroçável";"Com Vítimas Feridas";"Pleno dia";"Crescente";"Céu Claro";"Dupla";"Reta";"Não";5;0;2;0;3;0;2;1;-12,661486;-38,471294;"SPRF-BA";"DEL01-BA";"UOP01-DEL01-BA"
784072;2026-07-09;"quinta-feira";"09:00:00";"DF";70;11;"BRASILIA";"Acessar a via sem observar a presença dos outros veículos";"Colisão traseira";"Sem Vítimas";"Pleno dia";"Crescente";"Céu Claro";"Dupla";"Reta;Retorno Regulamentado";"Sim";2;0;0;0;1;1;0;2;-15,79042059;-48,15193389;"SPRF-DF";"DEL03-DF";"UOP02-DEL03-DF"
784074;2026-07-09;"quinta-feira";"08:55:00";"RJ";40;121;"DUQUE DE CAXIAS";"Reação tardia ou ineficiente do condutor";"Colisão traseira";"Com Vítimas Feridas";"Pleno dia";"Crescente";"Céu Claro";"Múltipla";"Reta";"Sim";2;0;0;1;1;0;1;2;-22,7883;-43,2853;"SPRF-RJ";"DEL01-RJ";"UOP02-DEL01-RJ"
784077;2026-06-27;"sábado";"13:50:00";"SC";470;63;"INDAIAL";"Retorno proibido";"Colisão lateral mesmo sentido";"Com Vítimas Feridas";"Pleno dia";"Decrescente";"Céu Claro";"Simples";"Declive;Em Obras;Reta";"Não";4;0;1;1;2;0;2;3;-26,87096069;-49,1989967;"SPRF-SC";"DEL04-SC";"UOP01-DEL04-SC"
784079;2026-07-09;"quinta-feira";"09:50:00";"DF";70;13,2;"BRASILIA";"Condutor Dormindo";"Queda de ocupante de veículo";"Com Vítimas Feridas";"Pleno dia";"Crescente";"Sol";"Dupla";"Rotatória";"Não";2;0;1;0;0;1;1;2;-15,796047;-48,172277;"SPRF-DF";"DEL03-DF";"UOP02-DEL03-DF"
784082;2026-07-09;"quinta-feira";"08:36:00";"ES";262;90,4;"DOMINGOS MARTINS";"Condutor deixou de manter distância do veículo da frente";"Colisão traseira";"Com Vítimas Feridas";"Pleno dia";"Crescente";"Céu Claro";"Simples";"Reta";"Sim";2;0;1;0;0;1;1;2;-20,37901785;-41,03130388;"SPRF-ES";"DEL01-ES";"UOP02-DEL01-ES"
784086;2026-07-09;"quinta-feira";"08:45:00";"PR";369;158,6;"CAMBE";"Condutor deixou de manter distância do veículo da frente";"Colisão traseira";"Com Vítimas Feridas";"Pleno dia";"Crescente";"Céu Claro";"Dupla";"Reta";"Sim";2;0;1;0;1;0;1;2;-23,28492;-51,24004;"SPRF-PR";"DEL07-PR";"UOP01-DEL07-PR"
784087;2026-07-09;"quinta-feira";"10:30:00";"BA";324;513,9;"FEIRA DE SANTANA";"Ausência de reação do condutor";"Colisão transversal";"Com Vítimas Feridas";"Pleno dia";"Crescente";"Céu Claro";"Simples";"Reta";"Sim";2;0;1;0;1;0;1;2;-12,23234028;-38,95223022;"SPRF-BA";"DEL02-BA";"UOP01-DEL02-BA"
784089;2026-07-01;"quarta-feira";"09:50:00";"RJ";101;316;"SAO GONCALO";"Reação tardia ou ineficiente do condutor";"Colisão lateral mesmo sentido";"Com Vítimas Feridas";"Pleno dia";"Crescente";"Céu Claro";"Dupla";"Reta";"Não";2;0;1;0;1;0;1;2;-22,83031906;-43,09320822;"SPRF-RJ";"DEL02-RJ";"UOP02-DEL02-RJ"
784090;2026-07-09;"quinta-feira";"07:30:00";"MG";365;440;"GUIMARANIA";"Ultrapassagem Indevida";"Colisão lateral mesmo sentido";"Sem Vítimas";"Pleno dia";"Decrescente";"Céu Claro";"Simples";"Reta";"Não";3;0;0;0;3;0;0;2;-18,79748;-46,73549;"SPRF-MG";"DEL10-MG";"UOP01-DEL10-MG"
784091;2026-07-09;"quinta-feira";"10:55:00";"SP";381;79;"SAO PAULO";"Reação tardia ou ineficiente do condutor";"Tombamento";"Com Vítimas Feridas";"Pleno dia";"Crescente";"Céu Claro";"Múltipla";"Reta";"Não";1;0;1;0;0;0;1;1;-23,41299;-46,5816767;"SPRF-SP";"DEL03-SP";"UOP01-DEL03-SP"
784092;2026-07-09;"quinta-feira";"09:30:00";"RS";290;150;"ARROIO DOS RATOS";"Demais falhas mecânicas ou elétricas";"Queda de ocupante de veículo";"Com Vítimas Feridas";"Pleno dia";"Crescente";"Céu Claro";"Simples";"Ponte;Reta";"Não";1;0;1;0;0;0;1;1;-30,105435;-51,7154383;"SPRF-RS";"DEL02-RS";"UOP01-DEL02-RS"
784096;2026-07-09;"quinta-feira";"10:05:00";"AL";101;225,3;"PORTO REAL DO COLEGIO";"Área urbana sem a presença de local apropriado para a travessia de pedestres";"Atropelamento de Pedestre";"Com Vítimas Feridas";"Pleno dia";"Decrescente";"Céu Claro";"Dupla";"Reta";"Sim";2;0;0;1;1;0;1;2;-10,090775;-36,699563;"SPRF-AL";"DEL02-AL";"UOP02-DEL02-AL"