"id";"data_inversa";"dia_semana";"horario";"uf";"br";"km";"municipio";"causa_acidente";"tipo_acidente";"classificacao_acidente";"fase_dia";"sentido_via";"condicao_metereologica";"tipo_pista";"tracado_via";"uso_solo";"pessoas";"mortos";"feridos_leves";"feridos_graves";"ilesos";"ignorados";"feridos";"veiculos";"latitude";"longitude";"regional";"delegacia";"uop"
784097;2026-07-09;"quinta-feira";"09:30:00";"MT";70;1;"BARRA DO GARCAS";"Ausência de reação do condutor";"Colisão traseira";"Sem Vítimas";"Pleno dia";"Crescente";"Céu Claro";"Simples";"Reta;Aclive";"Não";3;0;0;0;2;1;0;3;-15,89385676;-52,25856936;"SPRF-MT";"DEL07-MT";"UOP01-DEL07-MT"
784098;2026-07-03;"sexta-feira";"18:00:00";"RJ";116;60;"TERESOPOLIS";"Entrada inopinada do pedestre";"Atropelamento de Pedestre";"Com Vítimas Feridas";"Pleno dia";"Decrescente";"Céu Claro";"Simples";"Reta";"Sim";2;0;1;0;1;0;1;2;-22,22977783;-42,90929317;"SPRF-RJ";"DEL04-RJ";"UOP01-DEL04-RJ"
784099;2026-07-09;"quinta-feira";"09:40:00";"RO";364;15,6;"VILHENA";"Acessar a via sem observar a presença dos outros veículos";"Colisão lateral sentido oposto";"Com Vítimas Feridas";"Pleno dia";"Decrescente";"Céu Claro";"Simples";"Reta";"Sim";2;0;1;0;1;0;1;2;-12,734954;-60,153013;"SPRF-RO";"DEL04-RO";"UOP01-DEL04-RO"
784101;2026-06-28;"domingo";"22:10:00";"MS";163;268,7;"DOURADOS";"Ingestão de álcool pelo condutor";"Colisão traseira";"Com Vítimas Fatais";"Plena Noite";"Crescente";"Céu Claro";"Dupla";"Reta";"Não";2;1;0;0;0;1;0;2;-22,20242;-54,70245;"SPRF-MS";"DEL04-MS";"UOP01-DEL04-MS"
784102;2026-07-09;"quinta-feira";"11:40:00";"SP";116;86;"PINDAMONHANGABA";"Reação tardia ou ineficiente do condutor";"Colisão traseira";"Com Vítimas Feridas";"Pleno dia";"Crescente";"Céu Claro";"Dupla";"Reta";"Não";2;0;1;0;1;0;1;2;-22,92867406;-45,35671234;"SPRF-SP";"DEL08-SP";"UOP01-DEL08-SP"
784103;2026-05-19;"terça-feira";"21:00:00";"RJ";101;476;"ANGRA DOS REIS";"Condutor deixou de manter distância do veículo da frente";"Queda de ocupante de veículo";"Com Vítimas Feridas";"Plena Noite";"Crescente";"Chuva";"Simples";"Reta";"Sim";1;0;1;0;0;0;1;1;-22,998775;-44,264549;"SPRF-RJ";"DEL03-RJ";"UOP03-DEL03-RJ"
784104;2026-07-09;"quinta-feira";"11:20:00";"TO";153;314;"GUARAI";"Reação tardia ou ineficiente do condutor";"Saída de leito carroçável";"Com Vítimas Feridas";"Pleno dia";"Crescente";"Céu Claro";"Simples";"Reta;Declive";"Não";5;0;1;0;4;0;1;1;-8,662025;-48,496305;"SPRF-TO";"DEL02-TO";"UOP02-DEL02-TO"
784105;2026-07-09;"quinta-feira";"11:00:00";"GO";153;581,1;"PIRACANJUBA";"Velocidade Incompatível";"Capotamento";"Com Vítimas Feridas";"Pleno dia";"Crescente";"Céu Claro";"Dupla";"Curva";"Não";1;0;1;0;0;0;1;1;-17,384648;-49,234742;"SPRF-GO";"DEL03-GO";"UOP01-DEL03-GO"
784106;2026-07-09;"quinta-feira";"11:30:00";"MG";116;702;"MURIAE";"Ausência de reação do condutor";"Tombamento";"Com Vítimas Feridas";"Pleno dia";"Crescente";"Nublado";"Simples";"Curva";"Não";1;0;1;0;0;0;1;1;-21,122784;-42,380064;"SPRF-MG";"DEL07-MG";"UOP02-DEL07-MG"
784108;2026-05-03;"domingo";"18:30:00";"SC";116;19,8;"MAFRA";"Acessar a via sem observar a presença dos outros veículos";"Colisão transversal";"Com Vítimas Feridas";"Anoitecer";"Crescente";"Nublado";"Simples";"Reta;Declive";"Não";4;0;1;1;2;0;2;2;-26,24102;-49,902488;"SPRF-SC";"DEL06-SC";"UOP01-DEL06-SC"
784109;2026-07-09;"quinta-feira";"12:30:00";"RS";392;5;"CAPAO DO LEAO";"Velocidade Incompatível";"Colisão transversal";"Com Vítimas Feridas";"Pleno dia";"Crescente";"Céu Claro";"Dupla";"Reta";"Sim";4;0;2;0;1;1;2;3;-31,78804746;-52,41124593;"SPRF-RS";"DEL07-RS";"UOP01-DEL07-RS"
784111;2026-07-09;"quinta-feira";"12:23:00";"PE";101;79,7;"JABOATAO DOS GUARARAPES";"Acesso irregular";"Colisão transversal";"Com Vítimas Feridas";"Pleno dia";"Crescente";"Céu Claro";"Simples";"Interseção de Vias";"Sim";4;0;1;0;2;1;1;3;-8,14897;-34,94388;"SPRF-PE";"DEL01-PE";"UOP01-DEL01-PE"
784112;2026-07-09;"quinta-feira";"10:20:00";"AM";317;506;"BOCA DO ACRE";"Manobra de mudança de faixa";"Colisão traseira";"Com Vítimas Feridas";"Pleno dia";"Decrescente";"Céu Claro";"Simples";"Reta";"Não";2;0;0;1;1;0;1;2;-9,45337184;-67,29398221;"SPRF-AC";"DEL01-AC";"UOP01-DEL01-AC"
784115;2026-07-09;"quinta-feira";"12:30:00";"RN";101;94;"NATAL";"Demais falhas mecânicas ou elétricas";"Incêndio";"Sem Vítimas";"Pleno dia";"Crescente";"Céu Claro";"Dupla";"Curva";"Sim";1;0;0;0;1;0;0;1;-5,836451;-35,212218;"SPRF-RN";"DEL01-RN";"UOP01-DEL01-RN"
784116;2026-07-09;"quinta-feira";"11:36:00";"RO";319;142;"PORTO VELHO";"Manobra de mudança de faixa";"Colisão lateral mesmo sentido";"Com Vítimas Feridas";"Pleno dia";"Crescente";"Céu Claro";"Múltipla";"Retorno Regulamentado;Reta";"Sim";2;0;2;0;0;0;2;2;-8,7541;-63,8869;"SPRF-RO";"DEL01-RO";"UOP01-DEL01-RO"
784118;2026-07-09;"quinta-feira";"13:05:00";"ES";259;65,4;"COLATINA";"Avarias e/ou desgaste excessivo no pneu";"Tombamento";"Com Vítimas Fatais";"Pleno dia";"Crescente";"Nublado";"Simples";"Reta";"Não";3;1;0;1;1;0;1;2;-19,5179995;-40,7197808;"SPRF-ES";"DEL02-ES";"UOP01-DEL02-ES"
784119;2026-07-09;"quinta-feira";"06:42:00";"GO";364;20;"SAO SIMAO";"Pista esburacada";"Queda de ocupante de veículo";"Com Vítimas Feridas";"Pleno dia";"Decrescente";"Céu Claro";"Simples";"Reta";"Não";2;0;1;0;1;0;1;1;-18,924252;-50,655453;"SPRF-GO";"DEL05-GO";"UOP02-DEL05-GO"
784120;2026-07-09;"quinta-feira";"11:50:00";"RS";153;46,4;"ERECHIM";"Acessar a via sem observar a presença dos outros veículos";"Colisão transversal";"Com Vítimas Feridas";"Pleno dia";"Crescente";"Céu Claro";"Simples";"Declive;Reta";"Sim";2;0;0;1;1;0;1;2;-27,63695445;-52,23987993;"SPRF-RS";"DEL08-RS";"UOP04-DEL08-RS"
784121;2026-07-09;"quinta-feira";"13:45:00";"SP";381;58;"MAIRIPORA";"Reação tardia ou ineficiente do condutor";"Colisão lateral mesmo sentido";"Com Vítimas Feridas";"Pleno dia";"Decrescente";"Céu Claro";"Múltipla";"Reta;Declive";"Não";2;0;2;0;0;0;2;2;-23,281087;-46,586662;"SPRF-SP";"DEL03-SP";"UOP01-DEL03-SP"
784122;2026-06-27;"sábado";"14:40:00";"RJ";101;322;"NITEROI";"Manobra de mudança de faixa";"Queda de ocupante de veículo";"Com Vítimas Feridas";"Pleno dia";"Decrescente";"Céu Claro";"Múltipla";"Reta";"Não";2;0;1;0;1;0;1;2;-22,87384232;-43,13000679;"SPRF-RJ";"DEL02-RJ";"UOP01-DEL02-RJ"
784123;2026-07-09;"quinta-feira";"13:30:00";"RN";226;1,6;"NATAL";"Acumulo de areia ou detritos sobre o pavimento";"Tombamento";"Com Vítimas Fatais";"Pleno dia";"Crescente";"Céu Claro";"Dupla";"Reta";"Sim";3;1;0;0;2;0;0;2;-5,811638;-35,245535;"SPRF-RN";"DEL01-RN";"UOP02-DEL01-RN"
784127;2026-07-09;"quinta-feira";"14:00:00";"SP";116;108;"TAUBATE";"Reação tardia ou ineficiente do condutor";"Colisão traseira";"Com Vítimas Feridas";"Pleno dia";"Crescente";"Sol";"Dupla";"Reta";"Sim";2;0;0;1;1;0;1;2;-23,02316443;-45,53754747;"SPRF-SP";"DEL02-SP";"UOP02-DEL02-SP"
784128;2026-07-09;"quinta-feira";"13:15:00";"AL";101;59;"FLEXEIRAS";"Velocidade Incompatível";"Saída de leito carroçável";"Com Vítimas Feridas";"Pleno dia";"Crescente";"Chuva";"Dupla";"Curva";"Não";3;0;1;0;2;0;1;1;-9,24953582;-35,76724498;"SPRF-AL";"DEL01-AL";"UOP02-DEL01-AL"
784129;2026-07-09;"quinta-feira";"12:50:00";"RJ";40;120;"DUQUE DE CAXIAS";"Trafegar com motocicleta (ou similar) entre as faixas";"Colisão lateral mesmo sentido";"Com Vítimas Feridas";"Pleno dia";"Decrescente";"Céu Claro";"Múltipla";"Reta";"Não";3;0;1;0;2;0;1;3;-22,77813;-43,28569;"SPRF-RJ";"DEL01-RJ";"UOP02-DEL01-RJ"
784130;2026-07-09;"quinta-feira";"14:00:00";"GO";364;194;"JATAI";"Ausência de reação do condutor";"Capotamento";"Com Vítimas Feridas";"Pleno dia";"Decrescente";"Céu Claro";"Dupla";"Reta;Declive";"Não";1;0;1;0;0;0;1;1;-17,9223;-51,70578;"SPRF-GO";"DEL05-GO";"UOP01-DEL05-GO"
784131;2026-07-09;"quinta-feira";"14:40:00";"RJ";116;175;"SAO JOAO DE MERITI";"Ausência de reação do condutor";"Queda de ocupante de veículo";"Com Vítimas Feridas";"Pleno dia";"Crescente";"Céu Claro";"Dupla";"Reta";"Sim";2;0;1;0;1;0;1;1;-22,7881506;-43,37499976;"SPRF-RJ";"DEL06-RJ";"UOP01-DEL06-RJ"
784133;2026-07-09;"quinta-feira";"14:00:00";"GO";70;5;"AGUAS LINDAS DE GOIAS";"Ausência de reação do condutor";"Colisão com objeto";"Com Vítimas Feridas";"Pleno dia";"Decrescente";"Céu Claro";"Dupla";"Reta";"Sim";2;0;1;0;1;0;1;2;-15,747255;-48,26461;"SPRF-DF";"DEL03-DF";"UOP02-DEL03-DF"
784134;2026-07-09;"quinta-feira";"13:50:00";"SP";116;162,5;"JACAREI";"Reação tardia ou ineficiente do condutor";"Colisão traseira";"Com Vítimas Feridas";"Pleno dia";"Decrescente";"Céu Claro";"Dupla";"Reta";"Sim";2;0;1;0;1;0;1;2;-23,283511;-45,987123;"SPRF-SP";"DEL02-SP";"UOP01-DEL02-SP"
784135;2026-07-09;"quinta-feira";"13:00:00";"RJ";101;529;"ANGRA DOS REIS";"Acessar a via sem observar a presença dos outros veículos";"Colisão transversal";"Com Vítimas Feridas";"Pleno dia";"Decrescente";"Céu Claro";"Múltipla";"Reta";"Sim";4;0;4;0;0;0;4;2;-23,0052889;-44,473843;"SPRF-RJ";"DEL03-RJ";"UOP03-DEL03-RJ"
784136;2026-07-09;"quinta-feira";"14:50:00";"RS";285;419;"PANAMBI";"Acessar a via sem observar a presença dos outros veículos";"Colisão transversal";"Com Vítimas Feridas";"Pleno dia";"Crescente";"Céu Claro";"Simples";"Reta";"Não";3;0;2;0;1;0;2;2;-28,34528133;-53,52995499;"SPRF-RS";"DEL10-RS";"UOP01-DEL10-RS"
784138;2026-07-09;"quinta-feira";"13:30:00";"GO";60;36,9;"ALEXANIA";"Reação tardia ou ineficiente do condutor";"Saída de leito carroçável";"Com Vítimas Feridas";"Pleno dia";"Decrescente";"Sol";"Dupla";"Reta;Aclive";"Não";2;0;1;0;1;0;1;1;-16,114575;-48,537957;"SPRF-DF";"DEL03-DF";"UOP01-DEL03-DF"
784139;2026-07-09;"quinta-feira";"13:30:00";"RN";226;3,6;"NATAL";"Pedestre andava na pista";"Atropelamento de Pedestre";"Com Vítimas Fatais";"Pleno dia";"Decrescente";"Céu Claro";"Simples";"Curva";"Sim";2;1;0;0;0;1;0;2;-5,8201;-35,257007;"SPRF-RN";"DEL01-RN";"UOP02-DEL01-RN"
784140;2026-07-09;"quinta-feira";"15:15:00";"RN";406;171;"SAO GONCALO DO AMARANTE";"Condutor deixou de manter distância do veículo da frente";"Colisão traseira";"Com Vítimas Feridas";"Pleno dia";"Decrescente";"Sol";"Dupla";"Interseção de Vias;Rotatória";"Sim";2;0;1;0;1;0;1;2;-5,76296325;-35,28762245;"SPRF-RN";"DEL02-RN";"UOP01-DEL02-RN"
784143;2026-07-09;"quinta-feira";"14:00:00";"SC";101;435,5;"SOMBRIO";"Condutor deixou de manter distância do veículo da frente";"Colisão traseira";"Com Vítimas Feridas";"Pleno dia";"Crescente";"Céu Claro";"Simples";"Reta;Interseção de Vias";"Não";2;0;1;0;0;1;1;2;-29,1107384;-49,63861227;"SPRF-SC";"DEL02-SC";"UOP02-DEL02-SC"
784151;2026-07-09;"quinta-feira";"15:35:00";"MG";116;515,1;"UBAPORANGA";"Velocidade Incompatível";"Queda de ocupante de veículo";"Com Vítimas Feridas";"Pleno dia";"Crescente";"Céu Claro";"Simples";"Reta";"Não";1;0;1;0;0;0;1;1;-19,692073;-42,117387;"SPRF-MG";"DEL06-MG";"UOP02-DEL06-MG"
784152;2026-07-09;"quinta-feira";"15:45:00";"PB";101;90,1;"JOAO PESSOA";"Acessar a via sem observar a presença dos outros veículos";"Colisão transversal";"Com Vítimas Feridas";"Pleno dia";"Decrescente";"Sol";"Dupla";"Reta";"Sim";2;0;1;0;0;1;1;2;-7,181293;-34,90081;"SPRF-PB";"DEL01-PB";"UOP01-DEL01-PB"
784153;2026-07-09;"quinta-feira";"15:15:00";"PA";230;121;"MARABA";"Mal súbito do condutor";"Tombamento";"Com Vítimas Feridas";"Pleno dia";"Decrescente";"Sol";"Simples";"Reta;Ponte";"Sim";1;0;1;0;0;0;1;1;-5,35796507;-49,12296295;"SPRF-PA";"DEL03-PA";"UOP01-DEL03-PA"
784154;2026-07-09;"quinta-feira";"14:43:00";"PA";230;115;"MARABA";"Condutor deixou de manter distância do veículo da frente";"Colisão traseira";"Com Vítimas Feridas";"Pleno dia";"Crescente";"Céu Claro";"Simples";"Reta";"Sim";2;0;1;0;1;0;1;2;-5,362408;-49,075043;"SPRF-PA";"DEL03-PA";"UOP01-DEL03-PA"
784156;2026-07-09;"quinta-feira";"16:15:00";"RJ";101;295;"ITABORAI";"Reação tardia ou ineficiente do condutor";"Tombamento";"Com Vítimas Feridas";"Anoitecer";"Crescente";"Céu Claro";"Simples";"Reta";"Sim";1;0;1;0;0;0;1;1;-22,76645167;-42,90670602;"SPRF-RJ";"DEL02-RJ";"UOP02-DEL02-RJ"
784157;2026-07-09;"quinta-feira";"16:50:00";"PE";423;40;"CACHOEIRINHA";"Afundamento ou ondulação no pavimento";"Eventos atípicos";"Sem Vítimas";"Pleno dia";"Crescente";"Céu Claro";"Simples";"Reta";"Não";1;0;0;0;1;0;0;1;-8,4973217;-36,2419;"SPRF-PE";"DEL03-PE";"UOP01-DEL03-PE"
784158;2026-07-09;"quinta-feira";"13:50:00";"RO";364;342;"JI-PARANA";"Condutor deixou de manter distância do veículo da frente";"Colisão traseira";"Com Vítimas Feridas";"Pleno dia";"Decrescente";"Céu Claro";"Dupla";"Ponte;Reta";"Sim";2;0;1;0;1;0;1;2;-10,88155389;-61,94116473;"SPRF-RO";"DEL02-RO";"UOP01-DEL02-RO"
784159;2026-07-09;"quinta-feira";"14:30:00";"SC";101;117;"ITAJAI";"Acessar a via sem observar a presença dos outros veículos";"Colisão lateral mesmo sentido";"Com Vítimas Feridas";"Pleno dia";"Decrescente";"Céu Claro";"Dupla";"Reta;Interseção de Vias";"Sim";2;0;0;1;1;0;1;2;-26,886953;-48,722443;"SPRF-SC";"DEL04-SC";"UOP04-DEL04-SC"
784160;2026-07-09;"quinta-feira";"16:00:00";"SC";101;116;"ITAJAI";"Trafegar com motocicleta (ou similar) entre as faixas";"Tombamento";"Com Vítimas Feridas";"Pleno dia";"Crescente";"Céu Claro";"Dupla";"Reta";"Sim";1;0;0;1;0;0;1;1;-26,88203835;-48,72492313;"SPRF-SC";"DEL04-SC";"UOP04-DEL04-SC"
784161;2026-07-09;"quinta-feira";"17:12:00";"RJ";101;287;"ITABORAI";"Manobra de mudança de faixa";"Colisão traseira";"Com Vítimas Feridas";"Pleno dia";"Decrescente";"Céu Claro";"Dupla";"Reta";"Sim";1;0;1;0;0;0;1;1;-22,75669053;-42,8386914;"SPRF-RJ";"DEL02-RJ";"UOP02-DEL02-RJ"
784162;2026-07-09;"quinta-feira";"16:45:00";"GO";20;203,3;"POSSE";"Condutor deixou de manter distância do veículo da frente";"Colisão traseira";"Com Vítimas Feridas";"Pleno dia";"Crescente";"Céu Claro";"Simples";"Reta";"Não";3;0;1;0;2;0;1;2;-14,17351;-46,26095;"SPRF-DF";"DEL02-DF";"UOP03-DEL02-DF"
784163;2026-07-09;"quinta-feira";"17:00:00";"MG";40;523;"CONTAGEM";"Condutor deixou de manter distância do veículo da frente";"Colisão traseira";"Com Vítimas Feridas";"Pleno dia";"Decrescente";"Céu Claro";"Dupla";"Reta";"Não";2;0;1;0;1;0;1;2;-19,86597787;-44,06500909;"SPRF-MG";"DEL01-MG";"UOP02-DEL01-MG"
784165;2026-07-09;"quinta-feira";"15:40:00";"MG";381;492;"BETIM";"Ausência de reação do condutor";"Queda de ocupante de veículo";"Com Vítimas Feridas";"Pleno dia";"Decrescente";"Céu Claro";"Dupla";"Reta";"Sim";2;0;1;0;1;0;1;1;-19,9622772;-44,16283643;"SPRF-MG";"DEL01-MG";"UOP03-DEL01-MG"
784166;2026-07-09;"quinta-feira";"16:30:00";"BA";116;19;"VITORIA DA CONQUISTA";"Acessar a via sem observar a presença dos outros veículos";"Colisão transversal";"Com Vítimas Feridas";"Pleno dia";"Decrescente";"Céu Claro";"Simples";"Reta";"Sim";2;0;0;1;1;0;1;2;-14,89070938;-40,81661224;"SPRF-BA";"DEL08-BA";"UOP01-DEL08-BA"
784168;2026-07-09;"quinta-feira";"07:00:00";"MA";226;434,1;"GRAJAU";"Condutor Dormindo";"Saída de leito carroçável";"Com Vítimas Fatais";"Pleno dia";"Crescente";"Céu Claro";"Simples";"Reta";"Não";4;4;0;0;0;0;0;1;-5,88543;-46,26876;"SPRF-MA";"DEL04-MA";"UOP02-DEL04-MA"
784171;2026-07-09;"quinta-feira";"16:30:00";"MG";381;254;"CORONEL FABRICIANO";"Ausência de reação do condutor";"Colisão traseira";"Com Vítimas Feridas";"Anoitecer";"Decrescente";"Céu Claro";"Simples";"Reta;Aclive";"Não";2;0;1;0;1;0;1;2;-19,52482;-42,58071;"SPRF-MG";"DEL03-MG";"UOP01-DEL03-MG"
784173;2026-07-09;"quinta-feira";"16:00:00";"PI";343;263,8;"CAMPO MAIOR";"Acessar a via sem observar a presença dos outros veículos";"Colisão frontal";"Com Vítimas Feridas";"Pleno dia";"Crescente";"Céu Claro";"Simples";"Reta;Interseção de Vias";"Sim";2;0;0;2;0;0;2;2;-4,82574641;-42,16172632;"SPRF-PI";"DEL01-PI";"UOP03-DEL01-PI"
784177;2026-07-09;"quinta-feira";"18:20:00";"RJ";116;173;"SAO JOAO DE MERITI";"Trafegar com motocicleta (ou similar) entre as faixas";"Colisão traseira";"Com Vítimas Feridas";"Plena Noite";"Decrescente";"Céu Claro";"Dupla";"Reta";"Sim";2;0;0;1;1;0;1;2;-22,79834872;-43,35734761;"SPRF-RJ";"DEL06-RJ";"UOP01-DEL06-RJ"
784180;2026-07-09;"quinta-feira";"17:00:00";"SP";381;74;"SAO PAULO";"Demais falhas mecânicas ou elétricas";"Incêndio";"Sem Vítimas";"Plena Noite";"Decrescente";"Céu Claro";"Dupla";"Curva";"Não";1;0;0;0;0;1;0;1;-23,377449;-46,564298;"SPRF-SP";"DEL03-SP";"UOP01-DEL03-SP"
784181;2026-07-09;"quinta-feira";"15:30:00";"AC";364;110;"RIO BRANCO";"Reação tardia ou ineficiente do condutor";"Colisão traseira";"Com Vítimas Feridas";"Pleno dia";"Crescente";"Sol";"Simples";"Aclive";"Não";8;0;3;0;5;0;3;2;-10,01384116;-67,67269135;"SPRF-AC";"DEL01-AC";"UOP01-DEL01-AC"
784183;2026-07-09;"quinta-feira";"17:55:00";"PB";230;16,1;"JOAO PESSOA";"Reação tardia ou ineficiente do condutor";"Colisão traseira";"Com Vítimas Feridas";"Plena Noite";"Crescente";"Céu Claro";"Dupla";"Reta";"Sim";2;0;1;0;1;0;1;2;-7,108405;-34,843543;"SPRF-PB";"DEL01-PB";"UOP01-DEL01-PB"
784185;2026-06-26;"sexta-feira";"16:30:00";"BA";324;618;"SALVADOR";"Condutor deixou de manter distância do veículo da frente";"Colisão traseira";"Com Vítimas Feridas";"Pleno dia";"Decrescente";"Nublado";"Dupla";"Reta";"Sim";2;0;0;1;1;0;1;2;-12,893435;-38,446677;"SPRF-BA";"DEL01-BA";"UOP01-DEL01-BA"
784186;2026-07-09;"quinta-feira";"18:30:00";"PR";116;122,6;"CURITIBA";"Condutor deixou de manter distância do veículo da frente";"Engavetamento";"Com Vítimas Feridas";"Plena Noite";"Crescente";"Nublado";"Dupla";"Curva;Declive";"Não";3;0;1;0;1;1;1;3;-25,608439;-49,319439;"SPRF-PR";"DEL01-PR";"UOP03-DEL01-PR"
784187;2026-07-09;"quinta-feira";"15:56:00";"RO";364;342;"JI-PARANA";"Manobra de mudança de faixa";"Colisão traseira";"Sem Vítimas";"Pleno dia";"Crescente";"Céu Claro";"Dupla";"Ponte;Reta;Em Obras";"Sim";8;0;0;0;8;0;0;3;-10,882585;-61,939417;"SPRF-RO";"DEL02-RO";"UOP01-DEL02-RO"
784188;2026-07-09;"quinta-feira";"18:20:00";"PR";163;215;"CASCAVEL";"Reação tardia ou ineficiente do condutor";"Colisão transversal";"Com Vítimas Feridas";"Plena Noite";"Decrescente";"Céu Claro";"Dupla";"Reta;Retorno Regulamentado";"Não";2;0;0;1;1;0;1;2;-24,8868052;-53,5558501;"SPRF-PR";"DEL04-PR";"UOP01-DEL04-PR"
784189;2026-07-09;"quinta-feira";"19:00:00";"RN";304;294;"MACAIBA";"Ausência de reação do condutor";"Saída de leito carroçável";"Com Vítimas Feridas";"Plena Noite";"Crescente";"Céu Claro";"Simples";"Curva";"Não";1;0;1;0;0;0;1;1;-5,866993;-35,36495;"SPRF-RN";"DEL01-RN";"UOP02-DEL01-RN"
784191;2026-07-09;"quinta-feira";"17:50:00";"MG";365;622;"UBERLANDIA";"Reação tardia ou ineficiente do condutor";"Engavetamento";"Com Vítimas Feridas";"Anoitecer";"Decrescente";"Céu Claro";"Múltipla";"Interseção de Vias;Reta;Aclive";"Sim";5;0;0;1;4;0;1;4;-18,90147123;-48,27586174;"SPRF-MG";"DEL15-MG";"UOP01-DEL15-MG"
784193;2026-07-09;"quinta-feira";"18:30:00";"PR";376;601;"CURITIBA";"Pedestre cruzava a pista fora da faixa";"Atropelamento de Pedestre";"Com Vítimas Feridas";"Anoitecer";"Crescente";"Céu Claro";"Dupla";"Reta";"Sim";2;0;1;0;1;0;1;2;-25,53374102;-49,31941733;"SPRF-PR";"DEL01-PR";"UOP03-DEL01-PR"
784194;2026-07-09;"quinta-feira";"15:00:00";"RJ";40;3;"COMENDADOR LEVY GASPARIAN";"Demais falhas na via";"Colisão com objeto";"Com Vítimas Feridas";"Pleno dia";"Crescente";"Céu Claro";"Dupla";"Curva";"Não";1;0;1;0;0;0;1;1;-22,01191;-43,23941667;"SPRF-RJ";"DEL05-RJ";"UOP02-DEL05-RJ"
784195;2026-07-09;"quinta-feira";"18:50:00";"BA";367;31;"PORTO SEGURO";"Acessar a via sem observar a presença dos outros veículos";"Colisão transversal";"Com Vítimas Feridas";"Plena Noite";"Decrescente";"Céu Claro";"Simples";"Reta";"Não";3;0;0;2;1;0;2;2;-16,4046611;-39,1755044;"SPRF-BA";"DEL09-BA";"UOP03-DEL09-BA"
784196;2026-07-09;"quinta-feira";"19:30:00";"SP";116;203;"ARUJA";"Pedestre andava na pista";"Atropelamento de Pedestre";"Com Vítimas Feridas";"Plena Noite";"Decrescente";"Céu Claro";"Dupla";"Reta";"Sim";2;0;0;1;0;1;1;2;-23,411264;-46,350843;"SPRF-SP";"DEL01-SP";"UOP01-DEL01-SP"
784197;2026-07-09;"quinta-feira";"15:20:00";"MG";381;935;"EXTREMA";"Demais falhas mecânicas ou elétricas";"Incêndio";"Sem Vítimas";"Pleno dia";"Decrescente";"Céu Claro";"Dupla";"Reta";"Sim";46;0;0;0;46;0;0;1;-22,8233;-46,30805;"SPRF-MG";"DEL16-MG";"UOP03-DEL16-MG"
784198;2026-07-09;"quinta-feira";"19:45:00";"RS";448;1,5;"ESTEIO";"Reação tardia ou ineficiente do condutor";"Tombamento";"Com Vítimas Fatais";"Plena Noite";"Decrescente";"Céu Claro";"Dupla";"Reta";"Não";2;1;0;0;0;1;0;2;-29,83655109;-51,18261979;"SPRF-RS";"DEL01-RS";"UOP02-DEL01-RS"
784199;2026-07-09;"quinta-feira";"17:10:00";"MG";381;609;"OLIVEIRA";"Manobra de mudança de faixa";"Colisão traseira";"Com Vítimas Feridas";"Anoitecer";"Decrescente";"Céu Claro";"Dupla";"Reta";"Não";4;0;2;0;2;0;2;2;-20,67466815;-44,73898888;"SPRF-MG";"DEL04-MG";"UOP01-DEL04-MG"
784200;2026-07-09;"quinta-feira";"19:20:00";"GO";414;424,5;"ABADIANIA";"Animais na Pista";"Atropelamento de Animal";"Com Vítimas Feridas";"Plena Noite";"Crescente";"Céu Claro";"Simples";"Reta";"Não";3;0;2;0;1;0;2;2;-16,151172;-48,889327;"SPRF-GO";"DEL02-GO";"UOP01-DEL02-GO"
784201;2026-07-09;"quinta-feira";"18:46:00";"PE";408;89;"SAO LOURENCO DA MATA";"Conversão proibida";"Colisão transversal";"Com Vítimas Feridas";"Plena Noite";"Decrescente";"Céu Claro";"Dupla";"Reta";"Não";2;0;0;2;0;0;2;2;-8,02135;-35,04058;"SPRF-PE";"DEL01-PE";"UOP01-DEL01-PE"
784202;2026-07-09;"quinta-feira";"18:50:00";"RO";319;143;"PORTO VELHO";"Acessar a via sem observar a presença dos outros veículos";"Colisão transversal";"Com Vítimas Feridas";"Plena Noite";"Crescente";"Céu Claro";"Dupla";"Reta;Interseção de Vias";"Sim";3;0;1;0;1;1;1;3;-8,7661;-63,88459;"SPRF-RO";"DEL01-RO";"UOP01-DEL01-RO"
784204;2026-07-09;"quinta-feira";"18:30:00";"PR";272;422;"RANCHO ALEGRE DOESTE";"Ultrapassagem Indevida";"Colisão frontal";"Com Vítimas Feridas";"Plena Noite";"Decrescente";"Céu Claro";"Simples";"Reta";"Não";8;0;5;3;0;0;8;2;-24,14341;-52,88320476;"SPRF-PR";"DEL09-PR";"UOP03-DEL09-PR"
784205;2026-07-09;"quinta-feira";"18:30:00";"MG";40;700,7;"BARBACENA";"Animais na Pista";"Atropelamento de Animal";"Com Vítimas Feridas";"Plena Noite";"Crescente";"Céu Claro";"Simples";"Reta";"Não";2;0;2;0;0;0;2;1;-21,17772;-43,75637;"SPRF-MG";"DEL05-MG";"UOP02-DEL05-MG"
784206;2026-07-09;"quinta-feira";"19:15:00";"RO";319;139;"PORTO VELHO";"Manobra de mudança de faixa";"Colisão lateral mesmo sentido";"Com Vítimas Feridas";"Plena Noite";"Crescente";"Céu Claro";"Múltipla";"Reta;Interseção de Vias";"Sim";2;0;1;0;1;0;1;2;-8,7426;-63,9027;"SPRF-RO";"DEL01-RO";"UOP01-DEL01-RO"