"id";"data_inversa";"dia_semana";"horario";"uf";"br";"km";"municipio";"causa_acidente";"tipo_acidente";"classificacao_acidente";"fase_dia";"sentido_via";"condicao_metereologica";"tipo_pista";"tracado_via";"uso_solo";"pessoas";"mortos";"feridos_leves";"feridos_graves";"ilesos";"ignorados";"feridos";"veiculos";"latitude";"longitude";"regional";"delegacia";"uop"
784336;2026-07-10;"sexta-feira";"09:53:00";"PR";277;1,5;"PARANAGUA";"Acumulo de areia ou detritos sobre o pavimento";"Tombamento";"Com Vítimas Feridas";"Pleno dia";"Decrescente";"Céu Claro";"Dupla";"Rotatória";"Sim";1;0;1;0;0;0;1;1;-25,551435;-48,551805;"SPRF-PR";"DEL01-PR";"UOP05-DEL01-PR"
784337;2026-07-10;"sexta-feira";"14:00:00";"PR";153;328,5;"IRATI";"Pista Escorregadia";"Queda de ocupante de veículo";"Com Vítimas Feridas";"Pleno dia";"Crescente";"Chuva";"Simples";"Rotatória";"Sim";1;0;1;0;0;0;1;1;-25,45446618;-50,61960266;"SPRF-PR";"DEL08-PR";"UOP02-DEL08-PR"
784338;2026-07-10;"sexta-feira";"13:40:00";"RS";116;239;"NOVO HAMBURGO";"Reação tardia ou ineficiente do condutor";"Colisão traseira";"Com Vítimas Feridas";"Pleno dia";"Decrescente";"Nublado";"Dupla";"Reta;Em Obras";"Sim";5;0;2;0;3;0;2;4;-29,70595793;-51,14687131;"SPRF-RS";"DEL01-RS";"UOP02-DEL01-RS"
784339;2026-07-10;"sexta-feira";"14:20:00";"MG";40;774,4;"JUIZ DE FORA";"Ausência de reação do condutor";"Colisão lateral mesmo sentido";"Com Vítimas Feridas";"Pleno dia";"Decrescente";"Sol";"Simples";"Reta";"Não";2;0;1;0;1;0;1;2;-21,63259527;-43,44326869;"SPRF-MG";"DEL05-MG";"UOP01-DEL05-MG"
784340;2026-07-10;"sexta-feira";"10:40:00";"SC";282;587;"PINHALZINHO";"Curva acentuada";"Saída de leito carroçável";"Com Vítimas Feridas";"Pleno dia";"Crescente";"Chuva";"Simples";"Curva";"Não";1;0;1;0;0;0;1;1;-26,8305333;-53,04472804;"SPRF-SC";"DEL07-SC";"UOP02-DEL07-SC"
784341;2026-07-10;"sexta-feira";"14:25:00";"SP";116;231;"SAO PAULO";"Reação tardia ou ineficiente do condutor";"Colisão traseira";"Com Vítimas Feridas";"Pleno dia";"Crescente";"Sol";"Múltipla";"Reta";"Sim";3;0;1;0;2;0;1;3;-23,5205226;-46,58378056;"SPRF-SP";"DEL01-SP";"UOP01-DEL01-SP"
784342;2026-07-10;"sexta-feira";"07:30:00";"RJ";101;326;"NITEROI";"Avarias e/ou desgaste excessivo no pneu";"Tombamento";"Com Vítimas Feridas";"Pleno dia";"Decrescente";"Céu Claro";"Dupla";"Reta";"Não";2;0;2;0;0;0;2;1;-22,87273518;-43,13803196;"SPRF-RJ";"DEL02-RJ";"UOP01-DEL02-RJ"
784343;2026-07-10;"sexta-feira";"13:40:00";"CE";116;54,3;"PACAJUS";"Demais falhas mecânicas ou elétricas";"Colisão lateral sentido oposto";"Com Vítimas Feridas";"Pleno dia";"Crescente";"Céu Claro";"Simples";"Curva";"Não";2;0;1;0;1;0;1;2;-4,2008219;-38,4697874;"SPRF-CE";"DEL01-CE";"UOP04-DEL01-CE"
784345;2026-07-10;"sexta-feira";"13:35:00";"SP";116;145,1;"SAO JOSE DOS CAMPOS";"Frear bruscamente";"Colisão traseira";"Com Vítimas Feridas";"Pleno dia";"Decrescente";"Céu Claro";"Múltipla";"Reta;Aclive";"Sim";4;0;1;0;3;0;1;2;-23,18724423;-45,8554101;"SPRF-SP";"DEL02-SP";"UOP01-DEL02-SP"
784347;2026-07-10;"sexta-feira";"14:00:00";"GO";20;19;"FORMOSA";"Ausência de reação do condutor";"Saída de leito carroçável";"Com Vítimas Fatais";"Pleno dia";"Crescente";"Céu Claro";"Dupla";"Reta";"Não";1;1;0;0;0;0;0;1;-15,55123956;-47,17883348;"SPRF-DF";"DEL02-DF";"UOP02-DEL02-DF"
784349;2026-07-10;"sexta-feira";"14:50:00";"PR";369;232,7;"JANDAIA DO SUL";"Reação tardia ou ineficiente do condutor";"Colisão traseira";"Com Vítimas Feridas";"Pleno dia";"Crescente";"Sol";"Simples";"Reta;Aclive";"Não";3;0;2;0;1;0;2;2;-23,611594;-51,667245;"SPRF-PR";"DEL09-PR";"UOP01-DEL09-PR"
784350;2026-07-10;"sexta-feira";"13:50:00";"MG";365;678;"MONTE ALEGRE DE MINAS";"Condutor Dormindo";"Saída de leito carroçável";"Com Vítimas Feridas";"Pleno dia";"Decrescente";"Céu Claro";"Dupla";"Reta";"Não";1;0;1;0;0;0;1;1;-18,87900104;-48,9289856;"SPRF-MG";"DEL15-MG";"UOP01-DEL15-MG"
784352;2026-07-10;"sexta-feira";"13:30:00";"MG";116;537,5;"SANTA RITA DE MINAS";"Acesso irregular";"Colisão transversal";"Com Vítimas Feridas";"Pleno dia";"Decrescente";"Céu Claro";"Simples";"Reta";"Sim";3;0;0;1;2;0;1;3;-19,874902;-42,132147;"SPRF-MG";"DEL06-MG";"UOP02-DEL06-MG"
784354;2026-07-10;"sexta-feira";"13:00:00";"CE";116;65;"CHOROZINHO";"Acessar a via sem observar a presença dos outros veículos";"Colisão transversal";"Com Vítimas Feridas";"Pleno dia";"Crescente";"Céu Claro";"Simples";"Interseção de Vias";"Sim";2;0;0;1;1;0;1;2;-4,29940289;-38,50175858;"SPRF-CE";"DEL01-CE";"UOP04-DEL01-CE"
784355;2026-07-10;"sexta-feira";"15:15:00";"SC";101;113;"ITAJAI";"Ingestão de álcool pelo condutor";"Saída de leito carroçável";"Com Vítimas Feridas";"Pleno dia";"Crescente";"Chuva";"Dupla";"Reta";"Não";1;0;1;0;0;0;1;1;-26,85140531;-48,72648653;"SPRF-SC";"DEL04-SC";"UOP04-DEL04-SC"
784357;2026-07-10;"sexta-feira";"14:10:00";"PI";316;320;"PICOS";"Condutor deixou de manter distância do veículo da frente";"Colisão traseira";"Com Vítimas Feridas";"Pleno dia";"Decrescente";"Céu Claro";"Simples";"Curva";"Não";2;0;0;1;1;0;1;2;-7,09207142;-41,39000265;"SPRF-PI";"DEL04-PI";"UOP01-DEL04-PI"
784360;2026-05-27;"quarta-feira";"08:10:00";"PR";277;72;"SAO JOSE DOS PINHAIS";"Condutor deixou de manter distância do veículo da frente";"Colisão lateral mesmo sentido";"Com Vítimas Feridas";"Pleno dia";"Decrescente";"Céu Claro";"Dupla";"Em Obras;Reta";"Não";3;0;1;0;2;0;1;3;-25,50740589;-49,13779959;"SPRF-PR";"DEL01-PR";"UOP08-DEL01-PR"
784361;2026-05-19;"terça-feira";"13:15:00";"ES";101;243;"SERRA";"Manobra de mudança de faixa";"Tombamento";"Com Vítimas Feridas";"Pleno dia";"Crescente";"Céu Claro";"Dupla";"Curva";"Sim";3;0;2;0;1;0;2;2;-20,03559874;-40,39420775;"SPRF-ES";"DEL02-ES";"UOP01-DEL02-ES"
784362;2026-07-10;"sexta-feira";"16:10:00";"SP";116;148;"SAO JOSE DOS CAMPOS";"Condutor deixou de manter distância do veículo da frente";"Colisão traseira";"Com Vítimas Feridas";"Pleno dia";"Decrescente";"Céu Claro";"Dupla";"Reta";"Sim";2;0;1;0;1;0;1;2;-23,19528437;-45,8714758;"SPRF-SP";"DEL02-SP";"UOP01-DEL02-SP"
784363;2026-07-05;"domingo";"23:20:00";"PR";277;590,1;"CASCAVEL";"Ingestão de álcool pelo condutor";"Colisão frontal";"Com Vítimas Feridas";"Plena Noite";"Crescente";"Céu Claro";"Simples";"Reta;Declive";"Sim";3;0;2;0;1;0;2;2;-24,97298729;-53,43655586;"SPRF-PR";"DEL04-PR";"UOP01-DEL04-PR"
784364;2026-07-10;"sexta-feira";"16:30:00";"ES";262;72;"DOMINGOS MARTINS";"Ultrapassagem Indevida";"Colisão lateral mesmo sentido";"Com Vítimas Feridas";"Pleno dia";"Decrescente";"Nublado";"Simples";"Curva;Declive";"Não";3;0;0;1;2;0;1;2;-20,409979;-40,887488;"SPRF-ES";"DEL01-ES";"UOP02-DEL01-ES"
784367;2026-07-10;"sexta-feira";"17:00:00";"ES";101;288;"FUNDAO";"Trafegar com motocicleta (ou similar) entre as faixas";"Colisão transversal";"Com Vítimas Feridas";"Pleno dia";"Crescente";"Céu Claro";"Dupla";"Reta;Retorno Regulamentado";"Sim";2;0;1;0;1;0;1;2;-20;-40,39291345;"SPRF-ES";"DEL01-ES";"UOP01-DEL01-ES"
784369;2026-07-10;"sexta-feira";"04:00:00";"RS";472;589,5;"URUGUAIANA";"Ausência de reação do condutor";"Saída de leito carroçável";"Com Vítimas Feridas";"Plena Noite";"Crescente";"Nublado";"Simples";"Reta";"Não";1;0;1;0;0;0;1;1;-29,869113;-57,110828;"SPRF-RS";"DEL13-RS";"UOP01-DEL13-RS"
784370;2026-07-10;"sexta-feira";"14:40:00";"RJ";40;115;"DUQUE DE CAXIAS";"Reação tardia ou ineficiente do condutor";"Colisão traseira";"Com Vítimas Feridas";"Pleno dia";"Decrescente";"Céu Claro";"Múltipla";"Reta";"Não";2;0;1;0;1;0;1;2;-22,74615;-43,28786;"SPRF-RJ";"DEL01-RJ";"UOP02-DEL01-RJ"
784373;2026-07-10;"sexta-feira";"16:50:00";"RJ";101;323;"NITEROI";"Reação tardia ou ineficiente do condutor";"Colisão traseira";"Com Vítimas Feridas";"Anoitecer";"Decrescente";"Céu Claro";"Múltipla";"Reta";"Não";4;0;1;0;3;0;1;3;-22,87396004;-43,12524026;"SPRF-RJ";"DEL02-RJ";"UOP01-DEL02-RJ"
784374;2026-07-10;"sexta-feira";"17:00:00";"RS";116;268;"CANOAS";"Reação tardia ou ineficiente do condutor";"Colisão traseira";"Com Vítimas Feridas";"Pleno dia";"Decrescente";"Nublado";"Múltipla";"Reta";"Não";2;0;1;0;1;0;1;2;-29,94684661;-51,17694283;"SPRF-RS";"DEL01-RS";"UOP01-DEL01-RS"
784376;2026-07-10;"sexta-feira";"16:00:00";"SC";101;46;"JOINVILLE";"Ausência de reação do condutor";"Tombamento";"Com Vítimas Feridas";"Pleno dia";"Crescente";"Chuva";"Simples";"Curva";"Não";1;0;1;0;0;0;1;1;-26,35571321;-48,85909645;"SPRF-SC";"DEL03-SC";"UOP01-DEL03-SC"
784377;2026-07-10;"sexta-feira";"15:00:00";"AC";364;137;"RIO BRANCO";"Desrespeitar a preferência no cruzamento";"Colisão transversal";"Com Vítimas Feridas";"Pleno dia";"Crescente";"Céu Claro";"Dupla";"Rotatória";"Sim";3;0;2;0;1;0;2;2;-9,96927807;-67,85268752;"SPRF-AC";"DEL01-AC";"UOP01-DEL01-AC"
784378;2026-05-28;"quinta-feira";"01:30:00";"PE";101;101;"CABO DE SANTO AGOSTINHO";"Ausência de reação do condutor";"Atropelamento de Pedestre";"Com Vítimas Fatais";"Plena Noite";"Decrescente";"Céu Claro";"Dupla";"Reta";"Não";2;1;0;0;0;1;0;2;-8,28014;-35,05604;"SPRF-PE";"DEL01-PE";"UOP03-DEL01-PE"
784381;2026-07-10;"sexta-feira";"15:14:00";"MA";135;24;"BACABEIRA";"Ausência de reação do condutor";"Queda de ocupante de veículo";"Sem Vítimas";"Pleno dia";"Crescente";"Céu Claro";"Dupla";"Reta";"Não";1;0;0;0;0;1;0;1;-2,76558664;-44,36265421;"SPRF-MA";"DEL01-MA";"UOP01-DEL01-MA"
784382;2026-07-10;"sexta-feira";"16:50:00";"AL";316;262;"SATUBA";"Condutor deixou de manter distância do veículo da frente";"Colisão traseira";"Com Vítimas Feridas";"Anoitecer";"Crescente";"Céu Claro";"Simples";"Reta";"Não";2;0;0;1;1;0;1;2;-9,58817375;-35,88256446;"SPRF-AL";"DEL02-AL";"UOP01-DEL02-AL"
784383;2026-07-10;"sexta-feira";"17:15:00";"GO";153;498;"GOIANIA";"Ingestão de álcool pelo condutor";"Engavetamento";"Sem Vítimas";"Pleno dia";"Crescente";"Céu Claro";"Dupla";"Aclive;Reta";"Sim";3;0;0;0;3;0;0;3;-16,688978;-49,233017;"SPRF-GO";"DEL01-GO";"UOP01-DEL01-GO"
784385;2026-07-10;"sexta-feira";"16:49:00";"MG";40;634;"CONSELHEIRO LAFAIETE";"Acessar a via sem observar a presença dos outros veículos";"Colisão transversal";"Com Vítimas Feridas";"Anoitecer";"Decrescente";"Céu Claro";"Simples";"Interseção de Vias";"Sim";2;0;1;0;1;0;1;2;-20,6863954;-43,7889222;"SPRF-MG";"DEL05-MG";"UOP02-DEL05-MG"
784387;2026-07-10;"sexta-feira";"15:04:00";"PR";277;686;"MEDIANEIRA";"Frear bruscamente";"Colisão traseira";"Com Vítimas Feridas";"Pleno dia";"Decrescente";"Céu Claro";"Dupla";"Reta";"Não";2;0;1;0;1;0;1;2;-25,311397;-54,146429;"SPRF-PR";"DEL05-PR";"UOP01-DEL05-PR"
784389;2026-06-23;"terça-feira";"16:00:00";"MT";70;4;"BARRA DO GARCAS";"Ausência de reação do condutor";"Tombamento";"Com Vítimas Feridas";"Pleno dia";"Crescente";"Céu Claro";"Dupla";"Rotatória";"Sim";1;0;1;0;0;0;1;1;-15,87838155;-52,29929551;"SPRF-MT";"DEL07-MT";"UOP01-DEL07-MT"
784390;2026-07-10;"sexta-feira";"14:30:00";"MT";70;319,7;"DOM AQUINO";"Avarias e/ou desgaste excessivo no pneu";"Saída de leito carroçável";"Com Vítimas Feridas";"Pleno dia";"Decrescente";"Céu Claro";"Simples";"Reta";"Não";4;0;1;1;2;0;2;1;-15,516478;-54,62832;"SPRF-MT";"DEL05-MT";"UOP01-DEL05-MT"
784391;2026-07-10;"sexta-feira";"17:50:00";"RJ";101;322;"NITEROI";"Manobra de mudança de faixa";"Colisão lateral mesmo sentido";"Com Vítimas Feridas";"Anoitecer";"Decrescente";"Céu Claro";"Dupla";"Reta";"Sim";2;0;1;0;1;0;1;2;-22,8791137;-43,11423248;"SPRF-RJ";"DEL02-RJ";"UOP01-DEL02-RJ"
784394;2026-07-10;"sexta-feira";"17:50:00";"ES";101;281,2;"SERRA";"Área urbana sem a presença de local apropriado para a travessia de pedestres";"Atropelamento de Pedestre";"Com Vítimas Feridas";"Anoitecer";"Crescente";"Ignorado";"Dupla";"Reta";"Não";2;0;2;0;0;0;2;2;-20,22377367;-40,35990413;"SPRF-ES";"DEL02-ES";"UOP01-DEL02-ES"
784395;2026-07-10;"sexta-feira";"18:30:00";"SC";101;193,4;"BIGUACU";"Velocidade Incompatível";"Queda de ocupante de veículo";"Com Vítimas Fatais";"Plena Noite";"Crescente";"Céu Claro";"Múltipla";"Reta";"Sim";1;1;0;0;0;0;0;1;-27,48930701;-48,65378827;"SPRF-SC";"DEL01-SC";"UOP01-DEL01-SC"
784396;2026-07-10;"sexta-feira";"17:45:00";"PB";101;92,9;"JOAO PESSOA";"Velocidade Incompatível";"Queda de ocupante de veículo";"Com Vítimas Feridas";"Anoitecer";"Crescente";"Céu Claro";"Dupla";"Declive";"Não";1;0;0;1;0;0;1;1;-7,20471454;-34,90818061;"SPRF-PB";"DEL01-PB";"UOP01-DEL01-PB"
784397;2026-07-10;"sexta-feira";"17:37:00";"RN";226;4,2;"NATAL";"Manobra de mudança de faixa";"Colisão lateral mesmo sentido";"Com Vítimas Feridas";"Plena Noite";"Crescente";"Céu Claro";"Simples";"Reta";"Sim";2;0;1;0;1;0;1;2;-5,819057;-35,2625;"SPRF-RN";"DEL01-RN";"UOP02-DEL01-RN"
784398;2026-07-10;"sexta-feira";"15:20:00";"PR";277;726,4;"FOZ DO IGUACU";"Manobra de mudança de faixa";"Tombamento";"Com Vítimas Feridas";"Pleno dia";"Decrescente";"Sol";"Dupla";"Reta";"Sim";1;0;1;0;0;0;1;1;-25,50920361;-54,54707321;"SPRF-PR";"DEL05-PR";"UOP03-DEL05-PR"
784399;2026-07-10;"sexta-feira";"18:24:00";"DF";20;10,9;"BRASILIA";"Reação tardia ou ineficiente do condutor";"Colisão traseira";"Com Vítimas Feridas";"Plena Noite";"Crescente";"Céu Claro";"Dupla";"Reta;Em Obras";"Sim";5;0;1;0;3;1;1;3;-15,64699356;-47,76690169;"SPRF-DF";"DEL02-DF";"UOP01-DEL02-DF"
784400;2026-07-10;"sexta-feira";"13:10:00";"PR";158;396,4;"LARANJEIRAS DO SUL";"Transitar na contramão";"Colisão frontal";"Com Vítimas Fatais";"Pleno dia";"Crescente";"Chuva";"Simples";"Reta";"Não";4;1;0;3;0;0;3;2;-25,31891;-52,33522;"SPRF-PR";"DEL04-PR";"UOP02-DEL04-PR"
784401;2026-07-10;"sexta-feira";"17:30:00";"MA";10;249;"IMPERATRIZ";"Acessar a via sem observar a presença dos outros veículos";"Colisão transversal";"Com Vítimas Feridas";"Anoitecer";"Crescente";"Céu Claro";"Dupla";"Reta";"Sim";2;0;1;0;1;0;1;2;-5,55255;-47,4577;"SPRF-MA";"DEL04-MA";"UOP01-DEL04-MA"
784402;2026-07-10;"sexta-feira";"18:30:00";"AL";316;148;"PALMEIRA DOS INDIOS";"Acessar a via sem observar a presença dos outros veículos";"Colisão transversal";"Sem Vítimas";"Plena Noite";"Crescente";"Céu Claro";"Simples";"Reta;Interseção de Vias";"Não";2;0;0;0;2;0;0;2;-9,4117;-36,68121;"SPRF-AL";"DEL03-AL";"UOP01-DEL03-AL"
784403;2026-07-10;"sexta-feira";"18:20:00";"ES";101;68,5;"SAO MATEUS";"Entrada inopinada do pedestre";"Colisão com objeto";"Com Vítimas Feridas";"Plena Noite";"Crescente";"Nevoeiro/Neblina";"Simples";"Reta";"Não";2;0;1;0;0;1;1;2;-18,731072;-39,860242;"SPRF-ES";"DEL04-ES";"UOP02-DEL04-ES"
784404;2026-07-10;"sexta-feira";"17:00:00";"MS";267;32,1;"BATAGUASSU";"Avarias e/ou desgaste excessivo no pneu";"Colisão com objeto";"Com Vítimas Feridas";"Anoitecer";"Decrescente";"Céu Claro";"Simples";"Reta;Declive";"Não";1;0;1;0;0;0;1;1;-21,72887092;-52,44512558;"SPRF-MS";"DEL02-MS";"UOP04-DEL02-MS"
784406;2026-07-10;"sexta-feira";"19:20:00";"ES";101;239,3;"FUNDAO";"Transitar no Acostamento";"Atropelamento de Pedestre";"Com Vítimas Fatais";"Plena Noite";"Crescente";"Céu Claro";"Simples";"Curva;Em Obras";"Não";2;1;0;1;0;0;1;2;-20,01128753;-40,40648874;"SPRF-ES";"DEL02-ES";"UOP01-DEL02-ES"
784407;2026-07-10;"sexta-feira";"18:40:00";"MG";381;876,8;"ESTIVA";"Pista Escorregadia";"Tombamento";"Com Vítimas Feridas";"Plena Noite";"Decrescente";"Céu Claro";"Dupla";"Curva";"Não";1;0;1;0;0;0;1;1;-22,43900088;-45,98442864;"SPRF-MG";"DEL16-MG";"UOP01-DEL16-MG"
784408;2026-07-10;"sexta-feira";"07:20:00";"PI";135;337;"SANTA LUZ";"Ausência de reação do condutor";"Queda de ocupante de veículo";"Com Vítimas Feridas";"Pleno dia";"Crescente";"Céu Claro";"Simples";"Reta";"Não";1;0;1;0;0;0;1;1;-8,950885;-44,264253;"SPRF-PI";"DEL03-PI";"UOP02-DEL03-PI"
784409;2026-07-10;"sexta-feira";"16:30:00";"MG";262;591;"CAMPOS ALTOS";"Ausência de reação do condutor";"Colisão traseira";"Sem Vítimas";"Pleno dia";"Decrescente";"Céu Claro";"Múltipla";"Reta";"Não";4;0;0;0;4;0;0;2;-19,6472098;-46,24003736;"SPRF-MG";"DEL08-MG";"UOP02-DEL08-MG"
784410;2026-07-10;"sexta-feira";"18:40:00";"SC";101;212;"PALHOCA";"Condutor deixou de manter distância do veículo da frente";"Colisão traseira";"Sem Vítimas";"Plena Noite";"Crescente";"Nublado";"Múltipla";"Reta";"Sim";2;0;0;0;2;0;0;2;-27,62995445;-48,65920935;"SPRF-SC";"DEL01-SC";"UOP02-DEL01-SC"
784412;2026-07-10;"sexta-feira";"18:35:00";"PR";373;179;"PONTA GROSSA";"Acessar a via sem observar a presença dos outros veículos";"Colisão transversal";"Com Vítimas Feridas";"Plena Noite";"Decrescente";"Céu Claro";"Simples";"Reta";"Sim";2;0;0;1;1;0;1;2;-25,04112746;-50,2429956;"SPRF-PR";"DEL03-PR";"UOP01-DEL03-PR"
784414;2026-07-10;"sexta-feira";"19:00:00";"MG";381;414;"CAETE";"Reação tardia ou ineficiente do condutor";"Tombamento";"Com Vítimas Feridas";"Plena Noite";"Crescente";"Céu Claro";"Dupla";"Reta;Aclive";"Não";1;0;1;0;0;0;1;1;-19,756054;-43,631365;"SPRF-MG";"DEL01-MG";"UOP01-DEL01-MG"
784415;2026-07-10;"sexta-feira";"19:00:00";"SC";101;204,7;"SAO JOSE";"Ausência de reação do condutor";"Colisão traseira";"Com Vítimas Feridas";"Plena Noite";"Decrescente";"Nublado";"Múltipla";"Reta";"Não";2;0;1;0;1;0;1;2;-27,586043;-48,616002;"SPRF-SC";"DEL01-SC";"UOP01-DEL01-SC"
784416;2026-07-10;"sexta-feira";"18:20:00";"PR";277;598;"CASCAVEL";"Reação tardia ou ineficiente do condutor";"Eventos atípicos";"Com Vítimas Feridas";"Anoitecer";"Decrescente";"Garoa/Chuvisco";"Dupla";"Reta";"Sim";1;0;1;0;0;0;1;1;-24,984404;-53,503744;"SPRF-PR";"DEL04-PR";"UOP01-DEL04-PR"
784420;2026-05-31;"domingo";"10:15:00";"RN";304;190;"LAJES";"Acessar a via sem observar a presença dos outros veículos";"Colisão transversal";"Sem Vítimas";"Pleno dia";"Crescente";"Céu Claro";"Simples";"Reta";"Sim";2;0;0;0;1;1;0;2;-5,705;-36,247;"SPRF-RN";"DEL01-RN";"UOP03-DEL01-RN"
784422;2026-07-10;"sexta-feira";"19:23:00";"PR";376;639;"TIJUCAS DO SUL";"Reação tardia ou ineficiente do condutor";"Saída de leito carroçável";"Sem Vítimas";"Plena Noite";"Decrescente";"Chuva";"Dupla";"Reta;Aclive";"Não";3;0;0;0;3;0;0;1;-25,7864195;-49,1223308;"SPRF-PR";"DEL01-PR";"UOP04-DEL01-PR"
784423;2026-07-10;"sexta-feira";"19:30:00";"MG";40;275;"TRES MARIAS";"Acessar a via sem observar a presença dos outros veículos";"Colisão transversal";"Com Vítimas Feridas";"Plena Noite";"Crescente";"Céu Claro";"Simples";"Interseção de Vias";"Sim";2;0;1;0;1;0;1;2;-18,2007696;-45,23645131;"SPRF-MG";"DEL14-MG";"UOP02-DEL14-MG"
784424;2026-07-10;"sexta-feira";"19:45:00";"SC";116;246,4;"LAGES";"Acessar a via sem observar a presença dos outros veículos";"Colisão transversal";"Com Vítimas Feridas";"Plena Noite";"Crescente";"Garoa/Chuvisco";"Simples";"Reta;Declive";"Sim";2;0;1;0;1;0;1;2;-27,806375;-50,366078;"SPRF-SC";"DEL05-SC";"UOP02-DEL05-SC"
784426;2026-07-10;"sexta-feira";"17:43:00";"MG";381;689;"LAVRAS";"Ausência de reação do condutor";"Saída de leito carroçável";"Sem Vítimas";"Anoitecer";"Crescente";"Nublado";"Dupla";"Reta;Aclive";"Não";1;0;0;0;1;0;0;1;-21,195621;-45,119003;"SPRF-MG";"DEL04-MG";"UOP02-DEL04-MG"
784427;2026-07-10;"sexta-feira";"20:15:00";"PR";376;175,8;"MARINGA";"Condutor deixou de manter distância do veículo da frente";"Colisão traseira";"Com Vítimas Feridas";"Plena Noite";"Decrescente";"Céu Claro";"Dupla";"Interseção de Vias";"Sim";2;0;1;0;1;0;1;2;-23,41219188;-51,94310037;"SPRF-PR";"DEL09-PR";"UOP01-DEL09-PR"
784428;2026-07-10;"sexta-feira";"14:45:00";"MT";163;631,5;"NOVA MUTUM";"Demais falhas mecânicas ou elétricas";"Incêndio";"Sem Vítimas";"Pleno dia";"Crescente";"Céu Claro";"Dupla";"Desvio Temporário;Reta;Em Obras";"Não";1;0;0;0;1;0;0;1;-13,526052;-56,028602;"SPRF-MT";"DEL01-MT";"UOP01-DEL01-MT"
784430;2026-07-10;"sexta-feira";"19:05:00";"PB";230;165,4;"CAMPINA GRANDE";"Ultrapassagem Indevida";"Colisão lateral mesmo sentido";"Com Vítimas Feridas";"Plena Noite";"Crescente";"Céu Claro";"Simples";"Reta;Aclive";"Sim";2;0;1;0;1;0;1;2;-7,20299;-35,951247;"SPRF-PB";"DEL02-PB";"UOP01-DEL02-PB"
784431;2026-07-10;"sexta-feira";"17:00:00";"RJ";40;103;"DUQUE DE CAXIAS";"Demais falhas mecânicas ou elétricas";"Incêndio";"Sem Vítimas";"Anoitecer";"Crescente";"Céu Claro";"Dupla";"Reta";"Sim";1;0;0;0;1;0;0;1;-22,6230978;-43,2870516;"SPRF-RJ";"DEL01-RJ";"UOP02-DEL01-RJ"
784432;2026-07-10;"sexta-feira";"20:30:00";"SC";101;124,8;"ITAJAI";"Ausência de reação do condutor";"Colisão traseira";"Com Vítimas Feridas";"Plena Noite";"Crescente";"Chuva";"Dupla";"Reta";"Não";2;0;1;0;1;0;1;2;-26,9455513;-48,68820604;"SPRF-SC";"DEL04-SC";"UOP04-DEL04-SC"
784433;2026-07-10;"sexta-feira";"19:30:00";"MG";381;482,5;"BETIM";"Animais na Pista";"Atropelamento de Animal";"Com Vítimas Feridas";"Plena Noite";"Crescente";"Céu Claro";"Dupla";"Reta";"Sim";1;0;1;0;0;0;1;1;-19,96202459;-44,0651536;"SPRF-MG";"DEL01-MG";"UOP03-DEL01-MG"
784434;2026-07-10;"sexta-feira";"20:45:00";"MG";381;496;"BETIM";"Ausência de reação do condutor";"Tombamento";"Com Vítimas Feridas";"Plena Noite";"Crescente";"Céu Claro";"Dupla";"Reta";"Sim";1;0;1;0;0;0;1;1;-19,986724;-44,20298696;"SPRF-MG";"DEL01-MG";"UOP03-DEL01-MG"
784435;2026-07-10;"sexta-feira";"20:15:00";"TO";153;655;"DUERE";"Demais falhas mecânicas ou elétricas";"Tombamento";"Com Vítimas Feridas";"Plena Noite";"Decrescente";"Céu Claro";"Simples";"Reta";"Não";1;0;1;0;0;0;1;1;-11,57445;-49,03161;"SPRF-TO";"DEL01-TO";"UOP02-DEL01-TO"
784436;2026-07-02;"quinta-feira";"18:20:00";"RJ";40;118;"DUQUE DE CAXIAS";"Suicídio (presumido)";"Atropelamento de Pedestre";"Com Vítimas Feridas";"Plena Noite";"Decrescente";"Céu Claro";"Múltipla";"Reta";"Sim";2;0;1;1;0;0;2;2;-22,7589799;-43,2869499;"SPRF-RJ";"DEL01-RJ";"UOP02-DEL01-RJ"
784438;2026-07-10;"sexta-feira";"17:50:00";"BA";101;901,8;"CARAVELAS";"Velocidade Incompatível";"Capotamento";"Com Vítimas Feridas";"Plena Noite";"Crescente";"Céu Claro";"Simples";"Curva;Declive";"Não";1;0;0;1;0;0;1;1;-17,74451759;-39,76630211;"SPRF-BA";"DEL09-BA";"UOP02-DEL09-BA"
784442;2026-07-10;"sexta-feira";"17:58:00";"MS";163;487,4;"CAMPO GRANDE";"Acessar a via sem observar a presença dos outros veículos";"Colisão transversal";"Com Vítimas Feridas";"Plena Noite";"Crescente";"Céu Claro";"Simples";"Reta;Interseção de Vias;Declive";"Sim";3;0;1;0;2;0;1;2;-20,42063535;-54,54635236;"SPRF-MS";"DEL01-MS";"UOP02-DEL01-MS"
784444;2026-07-10;"sexta-feira";"20:00:00";"RO";364;578;"ITAPUA DO OESTE";"Acostamento em desnível";"Tombamento";"Com Vítimas Feridas";"Pleno dia";"Crescente";"Céu Claro";"Simples";"Reta";"Não";1;0;1;0;0;0;1;1;-9,40832707;-63,12381238;"SPRF-RO";"DEL01-RO";"UOP04-DEL01-RO"
784446;2026-07-10;"sexta-feira";"21:40:00";"PE";232;100,8;"BEZERROS";"Reação tardia ou ineficiente do condutor";"Colisão traseira";"Com Vítimas Feridas";"Plena Noite";"Decrescente";"Céu Claro";"Dupla";"Reta";"Sim";6;0;5;0;1;0;5;2;-8,24384;-35,75353;"SPRF-PE";"DEL02-PE";"UOP03-DEL02-PE"