"id";"data_inversa";"dia_semana";"horario";"uf";"br";"km";"municipio";"causa_acidente";"tipo_acidente";"classificacao_acidente";"fase_dia";"sentido_via";"condicao_metereologica";"tipo_pista";"tracado_via";"uso_solo";"pessoas";"mortos";"feridos_leves";"feridos_graves";"ilesos";"ignorados";"feridos";"veiculos";"latitude";"longitude";"regional";"delegacia";"uop"
784559;2026-07-11;"sábado";"09:50:00";"GO";20;9;"FORMOSA";"Reação tardia ou ineficiente do condutor";"Saída de leito carroçável";"Com Vítimas Feridas";"Pleno dia";"Decrescente";"Sol";"Simples";"Reta";"Não";1;0;1;0;0;0;1;1;-15,554613;-47,274865;"SPRF-DF";"DEL02-DF";"UOP02-DEL02-DF"
784560;2026-07-11;"sábado";"06:06:00";"GO";153;23;"PORANGATU";"Condutor Dormindo";"Saída de leito carroçável";"Com Vítimas Feridas";"Pleno dia";"Decrescente";"Céu Claro";"Simples";"Declive";"Não";3;0;1;0;2;0;1;1;-13,07570823;-49,18765515;"SPRF-GO";"DEL07-GO";"UOP01-DEL07-GO"
784562;2026-07-11;"sábado";"09:53:00";"TO";153;284;"BRASILANDIA DO TOCANTINS";"Acessar a via sem observar a presença dos outros veículos";"Colisão frontal";"Com Vítimas Feridas";"Pleno dia";"Crescente";"Céu Claro";"Simples";"Reta";"Sim";2;0;0;1;1;0;1;2;-8,393961;-48,486027;"SPRF-TO";"DEL02-TO";"UOP02-DEL02-TO"
784563;2026-07-11;"sábado";"10:30:00";"SC";101;186;"BIGUACU";"Velocidade Incompatível";"Saída de leito carroçável";"Com Vítimas Feridas";"Pleno dia";"Crescente";"Chuva";"Dupla";"Curva";"Não";2;0;1;0;1;0;1;1;-27,43408043;-48,62567994;"SPRF-SC";"DEL01-SC";"UOP01-DEL01-SC"
784565;2026-07-11;"sábado";"08:30:00";"SC";280;79,4;"CORUPA";"Transitar na contramão";"Colisão frontal";"Com Vítimas Fatais";"Pleno dia";"Decrescente";"Chuva";"Simples";"Reta";"Não";3;1;2;0;0;0;2;2;-26,4401731;-49,2159818;"SPRF-SC";"DEL06-SC";"UOP03-DEL06-SC"
784570;2026-07-11;"sábado";"10:20:00";"BA";101;703;"EUNAPOLIS";"Condutor deixou de manter distância do veículo da frente";"Colisão traseira";"Com Vítimas Feridas";"Pleno dia";"Crescente";"Céu Claro";"Simples";"Reta;Aclive";"Não";2;0;0;1;1;0;1;2;-16,27112072;-39,5823168;"SPRF-BA";"DEL09-BA";"UOP01-DEL09-BA"
784571;2026-07-11;"sábado";"10:20:00";"PR";277;119;"PONTA GROSSA";"Condutor deixou de manter distância do veículo da frente";"Colisão traseira";"Com Vítimas Feridas";"Pleno dia";"Decrescente";"Céu Claro";"Dupla";"Reta";"Não";2;0;1;0;1;0;1;2;-25,27329518;-49,92914764;"SPRF-PR";"DEL01-PR";"UOP07-DEL01-PR"
784572;2026-07-11;"sábado";"06:50:00";"RJ";40;113;"DUQUE DE CAXIAS";"Trafegar com motocicleta (ou similar) entre as faixas";"Colisão lateral mesmo sentido";"Com Vítimas Feridas";"Pleno dia";"Crescente";"Céu Claro";"Dupla";"Reta;Declive";"Sim";2;0;1;0;1;0;1;2;-22,71651;-43,28996;"SPRF-RJ";"DEL01-RJ";"UOP02-DEL01-RJ"
784573;2026-07-11;"sábado";"00:05:00";"RJ";116;140;"DUQUE DE CAXIAS";"Ausência de reação do condutor";"Colisão traseira";"Com Vítimas Feridas";"Plena Noite";"Decrescente";"Céu Claro";"Dupla";"Reta";"Sim";3;0;1;0;2;0;1;2;-22,6532;-43,240518;"SPRF-RJ";"DEL01-RJ";"UOP02-DEL01-RJ"
784574;2026-07-11;"sábado";"11:25:00";"RN";101;83;"SAO GONCALO DO AMARANTE";"Problema com o freio";"Colisão traseira";"Com Vítimas Feridas";"Pleno dia";"Crescente";"Céu Claro";"Simples";"Reta";"Sim";4;0;1;0;3;0;1;3;-5,77119;-35,266804;"SPRF-RN";"DEL02-RN";"UOP01-DEL02-RN"
784575;2026-07-11;"sábado";"11:20:00";"BA";110;206;"CIPO";"Acessar a via sem observar a presença dos outros veículos";"Atropelamento de Pedestre";"Com Vítimas Feridas";"Pleno dia";"Crescente";"Céu Claro";"Simples";"Curva;Declive";"Sim";2;0;0;1;0;1;1;2;-11,11280085;-38,51976156;"SPRF-BA";"DEL07-BA";"UOP02-DEL07-BA"
784576;2026-07-11;"sábado";"08:30:00";"RJ";116;142;"DUQUE DE CAXIAS";"Ausência de reação do condutor";"Tombamento";"Com Vítimas Feridas";"Pleno dia";"Decrescente";"Céu Claro";"Dupla";"Reta";"Sim";1;0;1;0;0;0;1;1;-22,65520586;-43,2436336;"SPRF-RJ";"DEL01-RJ";"UOP02-DEL01-RJ"
784577;2026-07-11;"sábado";"11:00:00";"RJ";116;175;"SAO JOAO DE MERITI";"Demais falhas mecânicas ou elétricas";"Colisão com objeto";"Com Vítimas Feridas";"Pleno dia";"Decrescente";"Céu Claro";"Múltipla";"Reta";"Sim";2;0;1;0;1;0;1;1;-22,7946837;-43,36848199;"SPRF-RJ";"DEL06-RJ";"UOP01-DEL06-RJ"
784578;2026-07-11;"sábado";"10:50:00";"PI";316;9,5;"TERESINA";"Manobra de mudança de faixa";"Colisão lateral mesmo sentido";"Com Vítimas Feridas";"Pleno dia";"Crescente";"Sol";"Múltipla";"Reta";"Sim";2;0;1;0;0;1;1;2;-5,267867;-42,727538;"SPRF-PI";"DEL01-PI";"UOP02-DEL01-PI"
784579;2026-07-11;"sábado";"11:00:00";"GO";40;112;"CRISTALINA";"Demais falhas mecânicas ou elétricas";"Saída de leito carroçável";"Com Vítimas Feridas";"Pleno dia";"Decrescente";"Céu Claro";"Dupla";"Reta";"Não";2;0;0;1;1;0;1;1;-16,857;-47,4272;"SPRF-DF";"DEL01-DF";"UOP02-DEL01-DF"
784580;2026-07-11;"sábado";"11:20:00";"RJ";101;476;"ANGRA DOS REIS";"Condutor deixou de manter distância do veículo da frente";"Engavetamento";"Com Vítimas Feridas";"Pleno dia";"Crescente";"Céu Claro";"Simples";"Curva;Declive";"Sim";5;0;1;0;4;0;1;4;-23,0050536;-44,25936699;"SPRF-RJ";"DEL03-RJ";"UOP03-DEL03-RJ"
784583;2026-07-11;"sábado";"07:45:00";"SC";101;203;"SAO JOSE";"Acumulo de água sobre o pavimento";"Capotamento";"Sem Vítimas";"Pleno dia";"Decrescente";"Chuva";"Dupla";"Reta";"Sim";2;0;0;0;2;0;0;1;-27,56830883;-48,61389946;"SPRF-SC";"DEL01-SC";"UOP01-DEL01-SC"
784584;2026-07-04;"sábado";"07:13:00";"MS";163;343,5;"RIO BRILHANTE";"Acessar a via sem observar a presença dos outros veículos";"Colisão transversal";"Com Vítimas Feridas";"Pleno dia";"Decrescente";"Sol";"Simples";"Reta";"Sim";3;0;2;0;1;0;2;2;-21,64598844;-54,42195147;"SPRF-MS";"DEL02-MS";"UOP02-DEL02-MS"
784585;2026-07-11;"sábado";"12:30:00";"RJ";101;290;"ITABORAI";"Ausência de reação do condutor";"Colisão lateral mesmo sentido";"Com Vítimas Feridas";"Pleno dia";"Crescente";"Céu Claro";"Dupla";"Reta";"Não";2;0;1;0;1;0;1;2;-22,76509281;-42,868855;"SPRF-RJ";"DEL02-RJ";"UOP02-DEL02-RJ"
784586;2026-07-11;"sábado";"12:10:00";"SP";101;38,2;"UBATUBA";"Reação tardia ou ineficiente do condutor";"Colisão traseira";"Com Vítimas Feridas";"Pleno dia";"Decrescente";"Céu Claro";"Simples";"Curva;Declive";"Sim";2;0;1;0;0;1;1;2;-23,410179;-45,019649;"SPRF-SP";"DEL06-SP";"UOP01-DEL06-SP"
784588;2026-07-11;"sábado";"12:30:00";"ES";101;94;"JAGUARE";"Desrespeitar a preferência no cruzamento";"Colisão transversal";"Com Vítimas Feridas";"Pleno dia";"Crescente";"Céu Claro";"Simples";"Reta";"Sim";3;0;1;0;2;0;1;2;-18,93244563;-39,97262685;"SPRF-ES";"DEL04-ES";"UOP02-DEL04-ES"
784589;2026-07-11;"sábado";"13:00:00";"PE";101;68,7;"RECIFE";"Reação tardia ou ineficiente do condutor";"Colisão traseira";"Com Vítimas Feridas";"Pleno dia";"Decrescente";"Sol";"Múltipla";"Reta";"Sim";2;0;1;0;1;0;1;2;-8,057;-34,946;"SPRF-PE";"DEL01-PE";"UOP01-DEL01-PE"
784590;2026-07-11;"sábado";"08:30:00";"RJ";101;532;"ANGRA DOS REIS";"Desrespeitar a preferência no cruzamento";"Colisão transversal";"Com Vítimas Feridas";"Pleno dia";"Crescente";"Céu Claro";"Simples";"Reta";"Sim";2;0;1;0;1;0;1;2;-23,0174711;-44,5296785;"SPRF-RJ";"DEL03-RJ";"UOP03-DEL03-RJ"
784591;2026-07-11;"sábado";"13:00:00";"ES";101;296,3;"CARIACICA";"Acesso irregular";"Colisão lateral mesmo sentido";"Com Vítimas Feridas";"Pleno dia";"Crescente";"Céu Claro";"Múltipla";"Curva";"Sim";2;0;0;1;0;1;1;2;-20,3434028;-40,4061374;"SPRF-ES";"DEL01-ES";"UOP01-DEL01-ES"
784592;2026-07-11;"sábado";"12:15:00";"MG";116;109;"ITAOBIM";"Transitar na contramão";"Colisão frontal";"Com Vítimas Feridas";"Pleno dia";"Decrescente";"Céu Claro";"Simples";"Curva";"Não";3;0;2;1;0;0;3;2;-16,51169;-41,50606;"SPRF-MG";"DEL11-MG";"UOP02-DEL11-MG"
784594;2026-07-11;"sábado";"10:30:00";"MT";70;1;"BARRA DO GARCAS";"Acessar a via sem observar a presença dos outros veículos";"Colisão lateral mesmo sentido";"Com Vítimas Feridas";"Pleno dia";"Crescente";"Sol";"Simples";"Reta;Aclive";"Sim";2;0;1;0;1;0;1;2;-15,89288887;-52,2600225;"SPRF-MT";"DEL07-MT";"UOP01-DEL07-MT"
784595;2026-07-11;"sábado";"12:40:00";"MG";40;645,5;"CRISTIANO OTONI";"Conversão proibida";"Colisão lateral mesmo sentido";"Com Vítimas Feridas";"Pleno dia";"Decrescente";"Céu Claro";"Simples";"Reta";"Não";5;0;3;0;2;0;3;3;-20,78203565;-43,81162047;"SPRF-MG";"DEL05-MG";"UOP02-DEL05-MG"
784596;2026-07-11;"sábado";"12:59:00";"MG";381;443;"SABARA";"Velocidade Incompatível";"Colisão transversal";"Com Vítimas Feridas";"Pleno dia";"Crescente";"Céu Claro";"Simples";"Reta";"Não";2;0;0;1;1;0;1;2;-19,834441;-43,850138;"SPRF-MG";"DEL01-MG";"UOP01-DEL01-MG"
784598;2026-07-11;"sábado";"13:30:00";"SP";381;61,6;"MAIRIPORA";"Desrespeitar a preferência no cruzamento";"Colisão transversal";"Sem Vítimas";"Pleno dia";"Decrescente";"Céu Claro";"Múltipla";"Interseção de Vias";"Não";2;0;0;0;2;0;0;2;-23,29600308;-46,57141892;"SPRF-SP";"DEL03-SP";"UOP01-DEL03-SP"
784599;2026-07-11;"sábado";"11:50:00";"GO";40;91;"CRISTALINA";"Velocidade Incompatível";"Saída de leito carroçável";"Com Vítimas Feridas";"Pleno dia";"Decrescente";"Céu Claro";"Simples";"Reta";"Não";1;0;1;0;0;0;1;1;-16,77065509;-47,61190295;"SPRF-DF";"DEL01-DF";"UOP02-DEL01-DF"
784600;2026-07-11;"sábado";"12:30:00";"SP";381;57;"MAIRIPORA";"Ausência de reação do condutor";"Colisão traseira";"Com Vítimas Feridas";"Pleno dia";"Decrescente";"Céu Claro";"Dupla";"Reta";"Sim";3;0;1;0;2;0;1;2;-23,27204547;-46,58464758;"SPRF-SP";"DEL03-SP";"UOP01-DEL03-SP"
784602;2026-07-11;"sábado";"13:15:00";"RS";386;148;"SARANDI";"Reação tardia ou ineficiente do condutor";"Saída de leito carroçável";"Com Vítimas Feridas";"Pleno dia";"Crescente";"Garoa/Chuvisco";"Simples";"Curva";"Não";1;0;1;0;0;0;1;1;-28,05057996;-52,87340865;"SPRF-RS";"DEL08-RS";"UOP01-DEL08-RS"
784605;2026-07-11;"sábado";"13:12:00";"MG";459;59,8;"IPUIUNA";"Ausência de reação do condutor";"Colisão traseira";"Com Vítimas Feridas";"Pleno dia";"Decrescente";"Céu Claro";"Simples";"Reta";"Não";2;0;1;0;1;0;1;2;-22,08943871;-46,21893914;"SPRF-MG";"DEL09-MG";"UOP01-DEL09-MG"
784606;2026-07-11;"sábado";"12:00:00";"GO";60;256,7;"INDIARA";"Ausência de reação do condutor";"Saída de leito carroçável";"Com Vítimas Feridas";"Pleno dia";"Crescente";"Céu Claro";"Dupla";"Reta";"Não";4;0;4;0;0;0;4;1;-17,154033;-50,024475;"SPRF-GO";"DEL01-GO";"UOP02-DEL01-GO"
784608;2026-07-11;"sábado";"13:04:00";"PB";101;84,2;"BAYEUX";"Trafegar com motocicleta (ou similar) entre as faixas";"Tombamento";"Com Vítimas Feridas";"Pleno dia";"Decrescente";"Céu Claro";"Dupla";"Reta";"Sim";2;0;1;0;0;1;1;1;-7,1415655;-34,92079346;"SPRF-PB";"DEL01-PB";"UOP01-DEL01-PB"
784611;2026-07-11;"sábado";"12:25:00";"PR";476;325;"PAULO FRONTIN";"Desrespeitar a preferência no cruzamento";"Colisão transversal";"Com Vítimas Feridas";"Pleno dia";"Decrescente";"Chuva";"Simples";"Reta";"Não";3;0;3;0;0;0;3;2;-26,02088418;-50,65482616;"SPRF-PR";"DEL02-PR";"UOP03-DEL02-PR"
784614;2026-07-11;"sábado";"10:42:00";"TO";153;508;"PARAISO DO TOCANTINS";"Velocidade Incompatível";"Saída de leito carroçável";"Com Vítimas Fatais";"Pleno dia";"Crescente";"Céu Claro";"Simples";"Reta";"Não";2;1;0;1;0;0;1;1;-10,26960845;-48,88080088;"SPRF-TO";"DEL01-TO";"UOP01-DEL01-TO"
784615;2026-07-11;"sábado";"11:30:00";"BA";101;302;"VALENCA";"Acessar a via sem observar a presença dos outros veículos";"Colisão transversal";"Com Vítimas Feridas";"Pleno dia";"Crescente";"Céu Claro";"Simples";"Reta";"Não";4;0;1;0;3;0;1;2;-13,28358;-39,32132;"SPRF-BA";"DEL11-BA";"UOP01-DEL11-BA"
784617;2026-07-11;"sábado";"12:50:00";"MS";376;4;"DOURADOS";"Demais falhas mecânicas ou elétricas";"Queda de ocupante de veículo";"Com Vítimas Feridas";"Pleno dia";"Crescente";"Céu Claro";"Simples";"Reta;Aclive";"Não";2;0;2;0;0;0;2;1;-22,225065;-54,665983;"SPRF-MS";"DEL04-MS";"UOP01-DEL04-MS"
784618;2026-07-11;"sábado";"14:00:00";"RJ";101;304;"SAO GONCALO";"Reação tardia ou ineficiente do condutor";"Colisão traseira";"Com Vítimas Feridas";"Pleno dia";"Crescente";"Céu Claro";"Simples";"Reta";"Sim";4;0;1;0;3;0;1;3;-22,7844487;-42,9863182;"SPRF-RJ";"DEL02-RJ";"UOP02-DEL02-RJ"
784619;2026-05-05;"terça-feira";"12:32:00";"PA";163;297;"NOVO PROGRESSO";"Ausência de reação do condutor";"Tombamento";"Sem Vítimas";"Pleno dia";"Decrescente";"Céu Claro";"Simples";"Reta";"Não";1;0;0;0;0;1;0;1;-7,155165;-55,372951;"SPRF-PA";"DEL05-PA";"UOP03-DEL05-PA"
784620;2026-07-11;"sábado";"14:35:00";"SP";381;56;"MAIRIPORA";"Demais falhas mecânicas ou elétricas";"Incêndio";"Sem Vítimas";"Pleno dia";"Decrescente";"Céu Claro";"Dupla";"Reta";"Sim";1;0;0;0;1;0;0;1;-23,26464794;-46,58562717;"SPRF-SP";"DEL03-SP";"UOP01-DEL03-SP"
784621;2026-07-11;"sábado";"14:50:00";"PR";277;731;"FOZ DO IGUACU";"Reação tardia ou ineficiente do condutor";"Tombamento";"Com Vítimas Feridas";"Pleno dia";"Decrescente";"Céu Claro";"Múltipla";"Curva;Aclive";"Sim";2;0;1;0;1;0;1;1;-25,51024936;-54,59752019;"SPRF-PR";"DEL05-PR";"UOP03-DEL05-PR"
784622;2026-07-11;"sábado";"10:30:00";"RO";364;336;"JI-PARANA";"Demais falhas mecânicas ou elétricas";"Tombamento";"Com Vítimas Feridas";"Pleno dia";"Crescente";"Céu Claro";"Simples";"Reta;Aclive";"Não";2;0;1;1;0;0;2;2;-10,92868691;-61,92956384;"SPRF-RO";"DEL02-RO";"UOP01-DEL02-RO"
784623;2026-07-11;"sábado";"14:55:00";"PE";232;80;"GRAVATA";"Pedestre cruzava a pista fora da faixa";"Atropelamento de Pedestre";"Com Vítimas Feridas";"Pleno dia";"Crescente";"Sol";"Simples";"Reta";"Sim";2;0;0;2;0;0;2;2;-8,1861;-35,49933;"SPRF-PE";"DEL02-PE";"UOP02-DEL02PE"
784626;2026-07-11;"sábado";"12:30:00";"MG";116;690;"MURIAE";"Condutor deixou de manter distância do veículo da frente";"Colisão traseira";"Com Vítimas Feridas";"Pleno dia";"Decrescente";"Céu Claro";"Simples";"Declive;Reta";"Não";2;0;1;0;1;0;1;2;-21,02243987;-42,36185901;"SPRF-MG";"DEL07-MG";"UOP02-DEL07-MG"
784627;2026-07-11;"sábado";"14:20:00";"PE";423;72;"JUPI";"Condutor deixou de manter distância do veículo da frente";"Colisão lateral mesmo sentido";"Sem Vítimas";"Pleno dia";"Crescente";"Céu Claro";"Simples";"Reta";"Não";2;0;0;0;1;1;0;2;-8,70157;-36,41562;"SPRF-PE";"DEL03-PE";"UOP01-DEL03-PE"
784628;2026-07-11;"sábado";"14:55:00";"GO";153;401;"PIRENOPOLIS";"Desrespeitar a preferência no cruzamento";"Colisão transversal";"Com Vítimas Feridas";"Pleno dia";"Decrescente";"Céu Claro";"Simples";"Reta;Interseção de Vias";"Não";4;0;2;0;2;0;2;2;-16,04797;-49,07443;"SPRF-GO";"DEL02-GO";"UOP02-DEL02-GO"
784630;2026-07-11;"sábado";"14:15:00";"AL";104;41;"UNIAO DOS PALMARES";"Transitar no Acostamento";"Atropelamento de Pedestre";"Com Vítimas Feridas";"Pleno dia";"Crescente";"Céu Claro";"Simples";"Reta";"Não";2;0;2;0;0;0;2;2;-9,17606779;-36,02878064;"SPRF-AL";"DEL01-AL";"UOP02-DEL01-AL"
784631;2026-07-11;"sábado";"15:15:00";"MG";381;487;"BETIM";"Manobra de mudança de faixa";"Colisão lateral mesmo sentido";"Com Vítimas Feridas";"Pleno dia";"Crescente";"Céu Claro";"Múltipla";"Curva;Declive";"Sim";2;0;1;0;1;0;1;2;-19,95718789;-44,11966372;"SPRF-MG";"DEL01-MG";"UOP03-DEL01-MG"
784632;2026-07-11;"sábado";"14:55:00";"RO";364;236;"CACOAL";"Reação tardia ou ineficiente do condutor";"Tombamento";"Com Vítimas Feridas";"Pleno dia";"Crescente";"Nublado";"Simples";"Reta";"Sim";2;0;1;0;1;0;1;1;-11,44565;-61,43793;"SPRF-RO";"DEL02-RO";"UOP02-DEL02-RO"
784633;2026-07-11;"sábado";"14:20:00";"MG";116;414;"GOVERNADOR VALADARES";"Manobra de mudança de faixa";"Colisão traseira";"Sem Vítimas";"Pleno dia";"Decrescente";"Sol";"Simples";"Ponte;Reta";"Sim";2;0;0;0;1;1;0;2;-18,883369;-41,952026;"SPRF-MG";"DEL06-MG";"UOP01-DEL06-MG"
784634;2026-07-11;"sábado";"15:10:00";"DF";20;19,5;"BRASILIA";"Reação tardia ou ineficiente do condutor";"Capotamento";"Com Vítimas Feridas";"Pleno dia";"Crescente";"Céu Claro";"Dupla";"Reta";"Sim";7;0;4;1;2;0;5;1;-15,60692694;-47,69128259;"SPRF-DF";"DEL02-DF";"UOP01-DEL02-DF"
784635;2026-07-11;"sábado";"16:00:00";"ES";101;413,8;"ITAPEMIRIM";"Frear bruscamente";"Tombamento";"Com Vítimas Feridas";"Pleno dia";"Crescente";"Nublado";"Simples";"Reta";"Não";1;0;1;0;0;0;1;1;-20,92104272;-41,07773311;"SPRF-ES";"DEL03-ES";"UOP02-DEL03-ES"
784636;2026-07-11;"sábado";"14:00:00";"SC";101;162;"TIJUCAS";"Reação tardia ou ineficiente do condutor";"Saída de leito carroçável";"Com Vítimas Feridas";"Pleno dia";"Crescente";"Chuva";"Múltipla";"Reta";"Não";1;0;1;0;0;0;1;1;-27,221313;-48,626566;"SPRF-SC";"DEL04-SC";"UOP03-DEL04-SC"
784637;2026-07-11;"sábado";"15:20:00";"PR";277;728;"FOZ DO IGUACU";"Velocidade Incompatível";"Atropelamento de Pedestre";"Com Vítimas Fatais";"Pleno dia";"Crescente";"Nublado";"Dupla";"Reta";"Sim";2;1;0;0;0;1;0;2;-25,50971771;-54,5479238;"SPRF-PR";"DEL05-PR";"UOP03-DEL05-PR"
784638;2026-07-11;"sábado";"15:40:00";"PE";232;406;"SERRA TALHADA";"Condutor deixou de manter distância do veículo da frente";"Colisão traseira";"Com Vítimas Feridas";"Pleno dia";"Decrescente";"Céu Claro";"Simples";"Reta";"Não";3;0;1;2;0;0;3;2;-7,98554;-38,27108;"SPRF-PE";"DEL04-PE";"UOP01-DEL04-PE"
784640;2026-07-11;"sábado";"14:45:00";"BA";101;261;"SANTO ANTONIO DE JESUS";"Acessar a via sem observar a presença dos outros veículos";"Colisão transversal";"Com Vítimas Feridas";"Pleno dia";"Crescente";"Céu Claro";"Dupla";"Reta";"Sim";2;0;2;0;0;0;2;2;-12,97546152;-39,27588987;"SPRF-BA";"DEL11-BA";"UOP01-DEL11-BA"
784641;2026-07-11;"sábado";"16:10:00";"GO";414;440;"ANAPOLIS";"Condutor deixou de manter distância do veículo da frente";"Colisão traseira";"Sem Vítimas";"Pleno dia";"Crescente";"Céu Claro";"Simples";"Reta";"Sim";2;0;0;0;2;0;0;2;-16,28115794;-48,94248202;"SPRF-GO";"DEL02-GO";"UOP01-DEL02-GO"
784643;2026-07-11;"sábado";"16:30:00";"ES";101;30;"CONCEICAO DA BARRA";"Ausência de reação do condutor";"Queda de ocupante de veículo";"Com Vítimas Feridas";"Anoitecer";"Crescente";"Céu Claro";"Simples";"Reta";"Não";2;0;1;0;0;1;1;1;-18,413005;-39,93672;"SPRF-ES";"DEL04-ES";"UOP02-DEL04-ES"
784645;2026-07-11;"sábado";"16:00:00";"SC";116;191,8;"SAO CRISTOVAO DO SUL";"Ultrapassagem Indevida";"Colisão frontal";"Com Vítimas Fatais";"Pleno dia";"Crescente";"Chuva";"Simples";"Reta";"Não";3;1;0;2;0;0;2;2;-27,35859408;-50,4352483;"SPRF-SC";"DEL05-SC";"UOP03-DEL05-SC"
784646;2026-07-11;"sábado";"09:00:00";"BA";349;981;"CORRENTINA";"Velocidade Incompatível";"Saída de leito carroçável";"Com Vítimas Feridas";"Pleno dia";"Crescente";"Céu Claro";"Simples";"Curva";"Não";4;0;2;2;0;0;4;1;-13,528728;-45,031936;"SPRF-BA";"DEL10-BA";"UOP02-DEL10-BA"
784648;2026-06-25;"quinta-feira";"09:20:00";"MG";381;484;"BETIM";"Reação tardia ou ineficiente do condutor";"Engavetamento";"Com Vítimas Feridas";"Pleno dia";"Crescente";"Céu Claro";"Dupla";"Reta";"Sim";8;0;1;0;7;0;1;6;-19,95702206;-44,09356046;"SPRF-MG";"DEL01-MG";"UOP03-DEL01-MG"
784649;2026-07-11;"sábado";"16:17:00";"CE";122;27;"OCARA";"Acessar a via sem observar a presença dos outros veículos";"Colisão transversal";"Com Vítimas Feridas";"Pleno dia";"Decrescente";"Céu Claro";"Dupla";"Interseção de Vias";"Não";3;0;0;2;1;0;2;2;-4,516356;-38,567112;"SPRF-CE";"DEL01-CE";"UOP04-DEL01-CE"
784650;2026-07-11;"sábado";"16:47:00";"RN";101;101;"PARNAMIRIM";"Ausência de reação do condutor";"Colisão com objeto";"Com Vítimas Fatais";"Pleno dia";"Crescente";"Céu Claro";"Múltipla";"Curva";"Sim";1;1;0;0;0;0;0;1;-5,88583996;-35,2288291;"SPRF-RN";"DEL01-RN";"UOP01-DEL01-RN"
784651;2026-07-11;"sábado";"16:40:00";"SC";470;125;"LONTRAS";"Transitar na contramão";"Colisão frontal";"Com Vítimas Feridas";"Pleno dia";"Crescente";"Chuva";"Simples";"Reta";"Não";4;0;4;0;0;0;4;2;-27,12295464;-49,53638641;"SPRF-SC";"DEL04-SC";"UOP02-DEL04-SC"
784652;2026-07-11;"sábado";"14:45:00";"PA";222;196,4;"BOM JESUS DO TOCANTINS";"Condutor Dormindo";"Saída de leito carroçável";"Com Vítimas Fatais";"Pleno dia";"Decrescente";"Céu Claro";"Simples";"Reta";"Não";2;1;0;1;0;0;1;1;-5,126728;-48,792745;"SPRF-PA";"DEL03-PA";"UOP01-DEL03-PA"
784654;2026-07-11;"sábado";"16:40:00";"BA";324;517,5;"FEIRA DE SANTANA";"Conversão proibida";"Colisão transversal";"Com Vítimas Feridas";"Pleno dia";"Decrescente";"Céu Claro";"Simples";"Reta";"Sim";2;0;0;1;1;0;1;2;-12,26076902;-38,93218724;"SPRF-BA";"DEL02-BA";"UOP01-DEL02-BA"
784655;2026-07-11;"sábado";"15:30:00";"SP";116;162;"JACAREI";"Ausência de reação do condutor";"Colisão traseira";"Com Vítimas Feridas";"Anoitecer";"Crescente";"Céu Claro";"Dupla";"Reta";"Não";2;0;1;0;0;1;1;2;-23,27691868;-45,97681459;"SPRF-SP";"DEL02-SP";"UOP01-DEL02-SP"
784656;2026-07-11;"sábado";"16:50:00";"PR";116;47;"CAMPINA GRANDE DO SUL";"Pista Escorregadia";"Saída de leito carroçável";"Com Vítimas Fatais";"Pleno dia";"Decrescente";"Chuva";"Dupla";"Curva";"Não";5;1;0;0;4;0;0;1;-25,21124895;-48,89687888;"SPRF-PR";"DEL01-PR";"UOP02-DEL01-PR"
784657;2026-07-11;"sábado";"17:00:00";"RJ";101;322;"NITEROI";"Condutor deixou de manter distância do veículo da frente";"Colisão traseira";"Sem Vítimas";"Pleno dia";"Decrescente";"Céu Claro";"Dupla";"Reta";"Sim";2;0;0;0;2;0;0;2;-22,87551167;-43,11939167;"SPRF-RJ";"DEL02-RJ";"UOP01-DEL02-RJ"
784658;2026-07-11;"sábado";"14:00:00";"RS";153;405,8;"CACHOEIRA DO SUL";"Reação tardia ou ineficiente do condutor";"Colisão traseira";"Com Vítimas Feridas";"Pleno dia";"Crescente";"Nublado";"Simples";"Curva";"Sim";3;0;1;0;1;1;1;3;-30,01299687;-52,9214859;"SPRF-RS";"DEL02-RS";"UOP03-DEL02-RS"
784659;2026-07-11;"sábado";"08:44:00";"MT";158;650;"NOVA XAVANTINA";"Acesso irregular";"Colisão transversal";"Com Vítimas Feridas";"Pleno dia";"Decrescente";"Céu Claro";"Múltipla";"Reta;Declive";"Sim";2;0;1;0;1;0;1;2;-14,68081069;-52,35541105;"SPRF-MT";"DEL07-MT";"UOP01-DEL07-MT"
784660;2026-07-11;"sábado";"15:30:00";"BA";116;791;"VITORIA DA CONQUISTA";"Ausência de reação do condutor";"Saída de leito carroçável";"Com Vítimas Feridas";"Pleno dia";"Decrescente";"Céu Claro";"Simples";"Reta";"Não";2;0;2;0;0;0;2;1;-14,709057;-40,599347;"SPRF-BA";"DEL08-BA";"UOP02-DEL08-BA"
784661;2026-07-11;"sábado";"17:45:00";"PR";116;47;"CAMPINA GRANDE DO SUL";"Chuva";"Saída de leito carroçável";"Sem Vítimas";"Anoitecer";"Crescente";"Chuva";"Dupla";"Curva";"Não";1;0;0;0;1;0;0;1;-25,21072685;-48,89727013;"SPRF-PR";"DEL01-PR";"UOP02-DEL01-PR"
784663;2026-07-11;"sábado";"15:30:00";"BA";367;72;"EUNAPOLIS";"Pista Escorregadia";"Queda de ocupante de veículo";"Com Vítimas Feridas";"Pleno dia";"Crescente";"Céu Claro";"Simples";"Curva;Declive";"Não";1;0;1;0;0;0;1;1;-16,384483;-39,487823;"SPRF-BA";"DEL09-BA";"UOP03-DEL09-BA"
784664;2026-07-11;"sábado";"17:10:00";"BA";235;349;"JUAZEIRO";"Conversão proibida";"Colisão transversal";"Com Vítimas Feridas";"Pleno dia";"Crescente";"Céu Claro";"Simples";"Interseção de Vias";"Sim";2;0;1;0;1;0;1;2;-9,428393;-40,504025;"SPRF-PE";"DEL06-PE";"UOP01-DEL06-PE"