"id";"data_inversa";"dia_semana";"horario";"uf";"br";"km";"municipio";"causa_acidente";"tipo_acidente";"classificacao_acidente";"fase_dia";"sentido_via";"condicao_metereologica";"tipo_pista";"tracado_via";"uso_solo";"pessoas";"mortos";"feridos_leves";"feridos_graves";"ilesos";"ignorados";"feridos";"veiculos";"latitude";"longitude";"regional";"delegacia";"uop"
784864;2026-07-12;"domingo";"10:50:00";"CE";230;40,9;"LAVRAS DA MANGABEIRA";"Transitar na contramão";"Colisão frontal";"Com Vítimas Feridas";"Pleno dia";"Decrescente";"Céu Claro";"Simples";"Reta;Aclive";"Não";4;0;2;1;0;1;3;2;-6,749412;-38,972879;"SPRF-CE";"DEL05-CE";"UOP01-DEL05-CE"
784865;2026-07-12;"domingo";"09:40:00";"ES";262;88,4;"DOMINGOS MARTINS";"Ultrapassagem Indevida";"Colisão transversal";"Com Vítimas Feridas";"Pleno dia";"Decrescente";"Céu Claro";"Simples";"Reta;Aclive";"Não";2;0;1;0;1;0;1;2;-20,388869;-41,015346;"SPRF-ES";"DEL01-ES";"UOP02-DEL01-ES"
784866;2026-07-12;"domingo";"10:45:00";"MS";60;503;"MARACAJU";"Reação tardia ou ineficiente do condutor";"Colisão com objeto";"Com Vítimas Feridas";"Pleno dia";"Crescente";"Nublado";"Simples";"Rotatória";"Não";5;0;1;0;4;0;1;1;-21,22072415;-55,53915996;"SPRF-MS";"DEL01-MS";"UOP04-DEL01-MS"
784867;2026-07-12;"domingo";"13:00:00";"MG";40;551;"NOVA LIMA";"Reação tardia ou ineficiente do condutor";"Saída de leito carroçável";"Com Vítimas Feridas";"Pleno dia";"Crescente";"Nublado";"Dupla";"Reta";"Não";3;0;0;2;1;0;2;2;-20,053088;-43,969827;"SPRF-MG";"DEL01-MG";"UOP02-DEL01-MG"
784868;2026-07-12;"domingo";"10:00:00";"SC";282;18,4;"PALHOCA";"Ingestão de álcool pelo condutor";"Capotamento";"Com Vítimas Feridas";"Pleno dia";"Crescente";"Céu Claro";"Simples";"Reta";"Não";1;0;1;0;0;0;1;1;-27,67597363;-48,70022833;"SPRF-SC";"DEL01-SC";"UOP02-DEL01-SC"
784870;2026-07-12;"domingo";"12:30:00";"SC";280;21,3;"ARAQUARI";"Condutor deixou de manter distância do veículo da frente";"Colisão lateral mesmo sentido";"Com Vítimas Feridas";"Pleno dia";"Decrescente";"Céu Claro";"Simples";"Reta";"Sim";2;0;1;0;1;0;1;2;-26,37061773;-48,69498666;"SPRF-SC";"DEL03-SC";"UOP03-DEL03-SC"
784872;2026-07-12;"domingo";"12:30:00";"MG";381;925,9;"ITAPEVA";"Velocidade Incompatível";"Capotamento";"Com Vítimas Feridas";"Pleno dia";"Decrescente";"Chuva";"Dupla";"Curva;Declive";"Não";1;0;1;0;0;0;1;1;-22,76901392;-46,20576946;"SPRF-MG";"DEL16-MG";"UOP03-DEL16-MG"
784873;2026-07-12;"domingo";"10:51:00";"RO";364;383,9;"OURO PRETO DO OESTE";"Reação tardia ou ineficiente do condutor";"Colisão transversal";"Sem Vítimas";"Pleno dia";"Crescente";"Céu Claro";"Simples";"Reta;Aclive";"Sim";2;0;0;0;2;0;0;2;-10,715817;-62,250207;"SPRF-RO";"DEL02-RO";"UOP01-DEL02-RO"
784874;2026-07-11;"sábado";"22:00:00";"PE";424;4;"ARCOVERDE";"Animais na Pista";"Saída de leito carroçável";"Com Vítimas Feridas";"Plena Noite";"Crescente";"Céu Claro";"Simples";"Reta;Declive";"Não";1;0;0;1;0;0;1;1;-8,47014182;-37,03743808;"SPRF-PE";"DEL04-PE";"UOP02-DEL04-PE"
784876;2026-07-12;"domingo";"13:30:00";"DF";70;19;"BRASILIA";"Reação tardia ou ineficiente do condutor";"Saída de leito carroçável";"Com Vítimas Feridas";"Pleno dia";"Decrescente";"Céu Claro";"Dupla";"Reta";"Não";2;0;2;0;0;0;2;1;-15,78605872;-48,23030949;"SPRF-DF";"DEL03-DF";"UOP02-DEL03-DF"
784878;2026-07-12;"domingo";"07:50:00";"RJ";116;325;"ITATIAIA";"Pista Escorregadia";"Queda de ocupante de veículo";"Com Vítimas Feridas";"Pleno dia";"Decrescente";"Chuva";"Múltipla";"Reta";"Não";2;0;2;0;0;0;2;1;-22,49536706;-44,57048823;"SPRF-RJ";"DEL07-RJ";"UOP02-DEL07-RJ"
784879;2026-07-12;"domingo";"11:30:00";"PR";153;481;"GENERAL CARNEIRO";"Transitar na contramão";"Colisão frontal";"Com Vítimas Feridas";"Pleno dia";"Crescente";"Céu Claro";"Simples";"Curva";"Não";2;0;1;1;0;0;2;2;-26,36072706;-51,25911713;"SPRF-PR";"DEL02-PR";"UOP03-DEL02-PR"
784880;2026-07-12;"domingo";"13:25:00";"ES";101;62,8;"SAO MATEUS";"Manobra de mudança de faixa";"Colisão lateral mesmo sentido";"Com Vítimas Feridas";"Pleno dia";"Decrescente";"Céu Claro";"Simples";"Reta";"Não";5;0;1;1;2;1;2;3;-18,696052;-39,86451848;"SPRF-ES";"DEL04-ES";"UOP02-DEL04-ES"
784881;2026-07-12;"domingo";"14:00:00";"SP";381;55;"MAIRIPORA";"Ausência de reação do condutor";"Colisão traseira";"Com Vítimas Feridas";"Pleno dia";"Crescente";"Céu Claro";"Múltipla";"Reta";"Sim";3;0;2;0;1;0;2;2;-23,25756186;-46,59129024;"SPRF-SP";"DEL03-SP";"UOP01-DEL03-SP"
784882;2026-07-12;"domingo";"11:45:00";"MG";381;548;"ITAGUARA";"Demais falhas mecânicas ou elétricas";"Saída de leito carroçável";"Com Vítimas Feridas";"Pleno dia";"Crescente";"Céu Claro";"Dupla";"Reta;Declive";"Não";3;0;2;0;1;0;2;1;-20,3575611;-44,46067683;"SPRF-MG";"DEL04-MG";"UOP03-DEL04-MG"
784883;2026-07-12;"domingo";"11:43:00";"RJ";116;311;"RESENDE";"Reação tardia ou ineficiente do condutor";"Colisão traseira";"Com Vítimas Feridas";"Pleno dia";"Decrescente";"Céu Claro";"Dupla";"Reta";"Sim";3;0;0;1;2;0;1;2;-22,45938278;-44,43806648;"SPRF-RJ";"DEL07-RJ";"UOP02-DEL07-RJ"
784884;2026-07-12;"domingo";"14:00:00";"PI";343;3,1;"TERESINA";"Condutor desrespeitou a iluminação vermelha do semáforo";"Colisão transversal";"Sem Vítimas";"Pleno dia";"Crescente";"Céu Claro";"Dupla";"Reta";"Sim";2;0;0;0;2;0;0;2;-5,081085;-42,77816;"SPRF-PI";"DEL01-PI";"UOP01-DEL01-PI"
784885;2026-07-12;"domingo";"14:26:00";"PE";407;115,7;"PETROLINA";"Acessar a via sem observar a presença dos outros veículos";"Colisão lateral mesmo sentido";"Com Vítimas Feridas";"Pleno dia";"Decrescente";"Céu Claro";"Simples";"Reta;Retorno Regulamentado";"Não";2;0;1;0;1;0;1;2;-9,308719;-40,57684;"SPRF-PE";"DEL06-PE";"UOP01-DEL06-PE"
784886;2026-07-12;"domingo";"12:20:00";"GO";153;124;"ESTRELA DO NORTE";"Acessar a via sem observar a presença dos outros veículos";"Colisão transversal";"Com Vítimas Feridas";"Pleno dia";"Crescente";"Céu Claro";"Simples";"Retorno Regulamentado;Reta;Interseção de Vias";"Não";5;0;0;1;4;0;1;2;-13,86588713;-49,05150739;"SPRF-GO";"DEL07-GO";"UOP01-DEL07-GO"
784887;2026-07-12;"domingo";"14:00:00";"PI";343;267;"CAMPO MAIOR";"Ingestão de álcool pelo condutor";"Colisão traseira";"Com Vítimas Feridas";"Pleno dia";"Crescente";"Céu Claro";"Simples";"Reta";"Sim";5;0;1;0;4;0;1;2;-4,837182;-42,17948;"SPRF-PI";"DEL01-PI";"UOP03-DEL01-PI"
784888;2026-07-12;"domingo";"13:40:00";"PR";376;631;"SAO JOSE DOS PINHAIS";"Acessar a via sem observar a presença dos outros veículos";"Colisão frontal";"Com Vítimas Feridas";"Pleno dia";"Crescente";"Nublado";"Simples";"Curva;Aclive";"Não";2;0;1;0;1;0;1;2;-25,717267;-49,138347;"SPRF-PR";"DEL01-PR";"UOP04-DEL01-PR"
784889;2026-07-12;"domingo";"14:30:00";"RJ";116;173;"SAO JOAO DE MERITI";"Ausência de reação do condutor";"Tombamento";"Com Vítimas Feridas";"Pleno dia";"Crescente";"Nublado";"Múltipla";"Reta";"Não";1;0;0;1;0;0;1;1;-22,7955071;-43,3614649;"SPRF-RJ";"DEL06-RJ";"UOP01-DEL06-RJ"
784890;2026-07-12;"domingo";"12:50:00";"PE";423;67,5;"JUPI";"Velocidade Incompatível";"Capotamento";"Sem Vítimas";"Pleno dia";"Crescente";"Céu Claro";"Simples";"Reta";"Não";2;0;0;0;1;1;0;1;-8,671208;-36,387325;"SPRF-PE";"DEL03-PE";"UOP01-DEL03-PE"
784892;2026-07-12;"domingo";"08:15:00";"PE";316;363;"PETROLANDIA";"Condutor deixou de manter distância do veículo da frente";"Colisão lateral mesmo sentido";"Com Vítimas Feridas";"Pleno dia";"Crescente";"Sol";"Simples";"Reta";"Sim";2;0;1;0;1;0;1;2;-8,960093;-38,227046;"SPRF-PE";"DEL04-PE";"UOP03-DEL04-PE"
784897;2026-07-12;"domingo";"12:00:00";"RO";364;347;"JI-PARANA";"Acessar a via sem observar a presença dos outros veículos";"Colisão transversal";"Com Vítimas Feridas";"Pleno dia";"Crescente";"Sol";"Simples";"Reta;Declive";"Sim";2;0;1;0;1;0;1;2;-10,857698;-61,980763;"SPRF-RO";"DEL02-RO";"UOP01-DEL02-RO"
784899;2026-07-12;"domingo";"16:00:00";"SP";116;69,8;"APARECIDA";"Conversão proibida";"Colisão traseira";"Com Vítimas Feridas";"Pleno dia";"Crescente";"Nublado";"Simples";"Declive";"Sim";2;0;1;0;1;0;1;2;-22,8456733;-45,226745;"SPRF-SP";"DEL08-SP";"UOP01-DEL08-SP"
784900;2026-07-12;"domingo";"15:10:00";"RJ";116;182;"NOVA IGUACU";"Ausência de reação do condutor";"Queda de ocupante de veículo";"Com Vítimas Feridas";"Pleno dia";"Crescente";"Nublado";"Dupla";"Reta";"Sim";1;0;1;0;0;0;1;1;-22,75819436;-43,42907779;"SPRF-RJ";"DEL06-RJ";"UOP01-DEL06-RJ"
784901;2026-07-12;"domingo";"13:00:00";"MT";70;27;"BARRA DO GARCAS";"Falta de acostamento";"Saída de leito carroçável";"Com Vítimas Feridas";"Pleno dia";"Crescente";"Céu Claro";"Simples";"Reta";"Não";3;0;3;0;0;0;3;1;-15,76813557;-52,57919312;"SPRF-MT";"DEL07-MT";"UOP01-DEL07-MT"
784903;2026-07-12;"domingo";"15:25:00";"PR";376;163,4;"MARINGA";"Reação tardia ou ineficiente do condutor";"Saída de leito carroçável";"Com Vítimas Feridas";"Pleno dia";"Decrescente";"Sol";"Dupla";"Reta";"Não";2;0;2;0;0;0;2;1;-23,375657;-52,048528;"SPRF-PR";"DEL09-PR";"UOP02-DEL09-PR"
784904;2026-07-12;"domingo";"16:30:00";"SC";101;206,3;"SAO JOSE";"Ingestão de álcool pelo condutor";"Colisão lateral mesmo sentido";"Com Vítimas Feridas";"Pleno dia";"Decrescente";"Nublado";"Dupla";"Reta";"Sim";2;0;1;0;1;0;1;2;-27,59311509;-48,61831991;"SPRF-SC";"DEL01-SC";"UOP01-DEL01-SC"
784905;2026-07-12;"domingo";"16:15:00";"PR";153;48,9;"SANTO ANTONIO DA PLATINA";"Ultrapassagem Indevida";"Colisão transversal";"Com Vítimas Feridas";"Pleno dia";"Decrescente";"Céu Claro";"Simples";"Interseção de Vias";"Não";8;0;4;0;4;0;4;2;-23,35838496;-50,06362287;"SPRF-PR";"DEL07-PR";"UOP04-DEL07-PR"
784906;2026-07-12;"domingo";"16:45:00";"SC";101;199;"SAO JOSE";"Animais na Pista";"Atropelamento de Animal";"Com Vítimas Feridas";"Pleno dia";"Crescente";"Céu Claro";"Dupla";"Curva";"Sim";2;0;2;0;0;0;2;1;-27,53388;-48,63032;"SPRF-SC";"DEL01-SC";"UOP01-DEL01-SC"
784907;2026-07-12;"domingo";"16:00:00";"PR";369;87,2;"CORNELIO PROCOPIO";"Condutor Dormindo";"Saída de leito carroçável";"Com Vítimas Fatais";"Pleno dia";"Decrescente";"Céu Claro";"Simples";"Curva";"Sim";5;3;0;2;0;0;2;1;-23,17952535;-50,62364666;"SPRF-PR";"DEL07-PR";"UOP05-DEL07-PR"
784910;2026-07-12;"domingo";"16:54:00";"TO";242;352;"PEIXE";"Reação tardia ou ineficiente do condutor";"Saída de leito carroçável";"Com Vítimas Feridas";"Pleno dia";"Crescente";"Nublado";"Simples";"Curva;Aclive";"Não";1;0;1;0;0;0;1;1;-11,874668;-48,850967;"SPRF-TO";"DEL01-TO";"UOP02-DEL01-TO"
784911;2026-07-12;"domingo";"16:20:00";"SP";116;128;"CACAPAVA";"Condutor deixou de manter distância do veículo da frente";"Colisão traseira";"Com Vítimas Feridas";"Pleno dia";"Crescente";"Céu Claro";"Dupla";"Reta";"Não";2;0;1;0;1;0;1;2;-23,11656597;-45,71525834;"SPRF-SP";"DEL02-SP";"UOP02-DEL02-SP"
784913;2026-07-12;"domingo";"14:00:00";"MS";163;504;"JARAGUARI";"Avarias e/ou desgaste excessivo no pneu";"Saída de leito carroçável";"Com Vítimas Feridas";"Pleno dia";"Decrescente";"Nublado";"Dupla";"Reta";"Não";3;0;2;0;1;0;2;1;-20,295231;-54,501414;"SPRF-MS";"DEL01-MS";"UOP02-DEL01-MS"
784914;2026-07-12;"domingo";"16:00:00";"RJ";40;45;"PETROPOLIS";"Ingestão de álcool pelo condutor";"Colisão traseira";"Sem Vítimas";"Pleno dia";"Decrescente";"Céu Claro";"Dupla";"Reta";"Não";2;0;0;0;2;0;0;2;-22,48440613;-43,18099022;"SPRF-RJ";"DEL05-RJ";"UOP02-DEL05-RJ"
784915;2026-07-12;"domingo";"15:00:00";"PR";376;518,7;"PONTA GROSSA";"Reação tardia ou ineficiente do condutor";"Colisão traseira";"Com Vítimas Feridas";"Pleno dia";"Crescente";"Céu Claro";"Dupla";"Curva;Aclive";"Não";4;0;1;0;3;0;1;2;-25,27024217;-49,93856609;"SPRF-PR";"DEL03-PR";"UOP03-DEL03-PR"
784916;2026-07-12;"domingo";"17:20:00";"BA";235;85;"JEREMOABO";"Acessar a via sem observar a presença dos outros veículos";"Colisão transversal";"Com Vítimas Fatais";"Anoitecer";"Decrescente";"Céu Claro";"Simples";"Reta";"Não";7;1;0;0;5;1;0;3;-10,097313;-38,392075;"SPRF-BA";"DEL07-BA";"UOP01-DEL07-BA"
784917;2026-07-12;"domingo";"17:30:00";"MG";381;373;"SAO GONCALO DO RIO ABAIXO";"Acessar a via sem observar a presença dos outros veículos";"Colisão transversal";"Com Vítimas Feridas";"Anoitecer";"Crescente";"Céu Claro";"Simples";"Curva";"Não";3;0;1;0;2;0;1;2;-19,84868756;-43,33812475;"SPRF-MG";"DEL01-MG";"UOP01-DEL01-MG"
784918;2026-07-12;"domingo";"17:20:00";"PR";376;177,9;"MARINGA";"Ausência de reação do condutor";"Colisão traseira";"Com Vítimas Feridas";"Pleno dia";"Decrescente";"Sol";"Dupla";"Reta";"Sim";3;0;2;0;0;1;2;3;-23,41563;-51,92375;"SPRF-PR";"DEL09-PR";"UOP01-DEL09-PR"
784920;2026-07-12;"domingo";"14:40:00";"PI";343;345,2;"TERESINA";"Condutor deixou de manter distância do veículo da frente";"Colisão traseira";"Com Vítimas Feridas";"Pleno dia";"Crescente";"Céu Claro";"Dupla";"Reta;Interseção de Vias";"Sim";2;0;1;0;0;1;1;2;-5,105987;-42,767543;"SPRF-PI";"DEL01-PI";"UOP01-DEL01-PI"
784922;2026-07-12;"domingo";"18:00:00";"RJ";116;173;"SAO JOAO DE MERITI";"Condutor deixou de manter distância do veículo da frente";"Colisão traseira";"Com Vítimas Feridas";"Anoitecer";"Decrescente";"Garoa/Chuvisco";"Múltipla";"Reta";"Sim";2;0;1;0;1;0;1;2;-22,7936372;-43,3663096;"SPRF-RJ";"DEL06-RJ";"UOP01-DEL06-RJ"
784923;2026-07-12;"domingo";"18:00:00";"DF";70;4;"BRASILIA";"Manobra de mudança de faixa";"Colisão lateral mesmo sentido";"Com Vítimas Feridas";"Plena Noite";"Decrescente";"Céu Claro";"Dupla";"Reta";"Sim";3;0;0;1;2;0;1;2;-15,79716438;-48,091121;"SPRF-DF";"DEL03-DF";"UOP02-DEL03-DF"
784924;2026-07-12;"domingo";"17:35:00";"BA";367;84;"EUNAPOLIS";"Reação tardia ou ineficiente do condutor";"Tombamento";"Com Vítimas Feridas";"Plena Noite";"Crescente";"Céu Claro";"Simples";"Reta";"Sim";1;0;1;0;0;0;1;1;-16,36948818;-39,54608679;"SPRF-BA";"DEL09-BA";"UOP03-DEL09-BA"
784925;2026-07-12;"domingo";"18:20:00";"SP";116;117,3;"TAUBATE";"Acessar a via sem observar a presença dos outros veículos";"Atropelamento de Pedestre";"Com Vítimas Feridas";"Anoitecer";"Decrescente";"Céu Claro";"Dupla";"Reta";"Sim";2;0;0;1;1;0;1;2;-23,05853806;-45,61838564;"SPRF-SP";"DEL02-SP";"UOP02-DEL02-SP"
784926;2026-07-12;"domingo";"17:51:00";"PE";101;85,9;"JABOATAO DOS GUARARAPES";"Demais falhas na via";"Queda de ocupante de veículo";"Com Vítimas Feridas";"Plena Noite";"Decrescente";"Céu Claro";"Dupla";"Reta";"Não";2;0;2;0;0;0;2;1;-8,18907;-34,97356;"SPRF-PE";"DEL01-PE";"UOP01-DEL01-PE"
784927;2026-07-12;"domingo";"15:15:00";"PR";476;340;"PAULA FREITAS";"Reação tardia ou ineficiente do condutor";"Saída de leito carroçável";"Com Vítimas Feridas";"Pleno dia";"Crescente";"Céu Claro";"Simples";"Reta";"Não";1;0;1;0;0;0;1;1;-26,16112447;-50,89160085;"SPRF-PR";"DEL02-PR";"UOP03-DEL02-PR"
784928;2026-07-12;"domingo";"17:20:00";"MA";135;240;"PERITORO";"Acessar a via sem observar a presença dos outros veículos";"Colisão lateral mesmo sentido";"Sem Vítimas";"Pleno dia";"Decrescente";"Céu Claro";"Simples";"Reta";"Não";2;0;0;0;1;1;0;2;-4,55644387;-44,34622163;"SPRF-MA";"DEL03-MA";"UOP01-DEL03-MA"
784929;2026-07-12;"domingo";"16:50:00";"MA";10;249;"IMPERATRIZ";"Condutor deixou de manter distância do veículo da frente";"Colisão traseira";"Com Vítimas Feridas";"Pleno dia";"Crescente";"Céu Claro";"Múltipla";"Reta";"Sim";3;0;1;1;0;1;2;2;-5,55109;-47,45874;"SPRF-MA";"DEL04-MA";"UOP01-DEL04-MA"
784930;2026-07-12;"domingo";"18:20:00";"MG";262;357;"JUATUBA";"Suicídio (presumido)";"Eventos atípicos";"Com Vítimas Feridas";"Plena Noite";"Decrescente";"Céu Claro";"Simples";"Viaduto;Reta";"Sim";2;0;0;1;0;1;1;2;-19,971541;-44,28364;"SPRF-MG";"DEL01-MG";"UOP03-DEL01-MG"
784931;2026-07-12;"domingo";"14:30:00";"MG";262;612,1;"IBIA";"Condutor Dormindo";"Saída de leito carroçável";"Com Vítimas Feridas";"Pleno dia";"Decrescente";"Céu Claro";"Simples";"Declive;Viaduto;Reta";"Não";5;0;3;1;0;1;4;2;-19,58589;-46,40207;"SPRF-MG";"DEL08-MG";"UOP02-DEL08-MG"
784932;2026-07-12;"domingo";"18:20:00";"PR";376;182,3;"MARINGA";"Ausência de reação do condutor";"Colisão traseira";"Com Vítimas Feridas";"Plena Noite";"Decrescente";"Céu Claro";"Dupla";"Rotatória";"Sim";6;0;1;0;3;2;1;3;-23,4335;-51,88547;"SPRF-PR";"DEL09-PR";"UOP01-DEL09-PR"
784933;2026-07-12;"domingo";"17:30:00";"SP";116;172,4;"JACAREI";"Ausência de reação do condutor";"Colisão lateral sentido oposto";"Com Vítimas Feridas";"Pleno dia";"Crescente";"Céu Claro";"Dupla";"Curva";"Não";3;0;1;1;1;0;2;2;-23,31522587;-46,07637031;"SPRF-SP";"DEL02-SP";"UOP01-DEL02-SP"
784935;2026-07-12;"domingo";"18:15:00";"RS";285;206,8;"LAGOA VERMELHA";"Ultrapassagem Indevida";"Colisão frontal";"Com Vítimas Fatais";"Anoitecer";"Crescente";"Nublado";"Simples";"Reta";"Não";10;1;3;2;2;2;5;4;-28,22085;-51,592953;"SPRF-RS";"DEL08-RS";"UOP05-DEL08-RS"
784936;2026-07-12;"domingo";"18:30:00";"PB";101;88;"JOAO PESSOA";"Ausência de reação do condutor";"Queda de ocupante de veículo";"Com Vítimas Feridas";"Plena Noite";"Decrescente";"Céu Claro";"Dupla";"Reta";"Não";2;0;2;0;0;0;2;1;-7,16780129;-34,89673249;"SPRF-PB";"DEL01-PB";"UOP01-DEL01-PB"
784937;2026-07-12;"domingo";"19:15:00";"ES";101;204,2;"JOAO NEIVA";"Ausência de reação do condutor";"Tombamento";"Com Vítimas Feridas";"Plena Noite";"Decrescente";"Nublado";"Simples";"Curva";"Sim";1;0;1;0;0;0;1;1;-19,75126;-40,38005;"SPRF-ES";"DEL02-ES";"UOP01-DEL02-ES"
784938;2026-07-12;"domingo";"18:00:00";"PR";476;278;"SAO MATEUS DO SUL";"Ausência de reação do condutor";"Colisão transversal";"Com Vítimas Feridas";"Anoitecer";"Crescente";"Céu Claro";"Simples";"Reta";"Não";2;0;0;1;1;0;1;2;-25,87121131;-50,40668392;"SPRF-PR";"DEL02-PR";"UOP03-DEL02-PR"
784939;2026-07-12;"domingo";"17:45:00";"PE";316;57;"TRINDADE";"Manobra de mudança de faixa";"Saída de leito carroçável";"Com Vítimas Fatais";"Anoitecer";"Decrescente";"Céu Claro";"Simples";"Curva";"Sim";4;1;3;0;0;0;3;1;-7,750807;-40,267388;"SPRF-PE";"DEL05-PE";"UOP02-DEL05-PE"
784941;2026-07-12;"domingo";"15:00:00";"RJ";40;14;"TRES RIOS";"Ausência de reação do condutor";"Eventos atípicos";"Com Vítimas Feridas";"Pleno dia";"Decrescente";"Céu Claro";"Dupla";"Curva";"Não";1;0;1;0;0;0;1;1;-22,08656447;-43,17891955;"SPRF-RJ";"DEL05-RJ";"UOP02-DEL05-RJ"
784943;2026-07-12;"domingo";"18:40:00";"MG";381;290;"ANTONIO DIAS";"Ingestão de álcool pelo condutor";"Colisão traseira";"Com Vítimas Feridas";"Plena Noite";"Decrescente";"Céu Claro";"Dupla";"Desvio Temporário;Em Obras;Reta";"Não";3;0;1;0;2;0;1;2;-19,62354573;-42,83902869;"SPRF-MG";"DEL03-MG";"UOP02-DEL03-MG"
784947;2026-07-12;"domingo";"17:10:00";"PI";316;51;"LAGOA DO PIAUI";"Condutor deixou de manter distância do veículo da frente";"Colisão traseira";"Sem Vítimas";"Anoitecer";"Decrescente";"Céu Claro";"Simples";"Reta";"Não";2;0;0;0;2;0;0;2;-5,51011845;-42,63776422;"SPRF-PI";"DEL01-PI";"UOP02-DEL01-PI"
784948;2026-07-12;"domingo";"17:15:00";"SC";280;294,4;"PORTO UNIAO";"Reação tardia ou ineficiente do condutor";"Saída de leito carroçável";"Com Vítimas Feridas";"Pleno dia";"Decrescente";"Céu Claro";"Simples";"Declive;Reta";"Não";2;0;2;0;0;0;2;1;-26,29091333;-50,96875833;"SPRF-SC";"DEL06-SC";"UOP04-DEL06-SC"
784949;2026-07-12;"domingo";"19:20:00";"BA";101;264;"SANTO ANTONIO DE JESUS";"Ingestão de álcool pelo condutor";"Tombamento";"Com Vítimas Feridas";"Plena Noite";"Decrescente";"Céu Claro";"Simples";"Reta";"Não";2;0;0;1;0;1;1;2;-12,98422;-39,2903;"SPRF-BA";"DEL11-BA";"UOP01-DEL11-BA"
784951;2026-07-12;"domingo";"18:50:00";"PI";343;335,3;"TERESINA";"Ingestão de álcool pelo condutor";"Colisão lateral mesmo sentido";"Com Vítimas Feridas";"Plena Noite";"Crescente";"Céu Claro";"Dupla";"Reta";"Não";2;0;1;0;1;0;1;2;-5,062605;-42,699188;"SPRF-PI";"DEL01-PI";"UOP01-DEL01-PI"
784953;2026-07-12;"domingo";"19:00:00";"MG";381;693;"LAVRAS";"Reação tardia ou ineficiente do condutor";"Colisão com objeto";"Com Vítimas Feridas";"Plena Noite";"Decrescente";"Céu Claro";"Dupla";"Reta";"Não";3;0;2;0;1;0;2;1;-21,228463;-45,132502;"SPRF-MG";"DEL04-MG";"UOP02-DEL04-MG"
784954;2026-07-12;"domingo";"20:04:00";"TO";242;492;"FORMOSO DO ARAGUAIA";"Reação tardia ou ineficiente do condutor";"Colisão lateral sentido oposto";"Com Vítimas Feridas";"Plena Noite";"Crescente";"Céu Claro";"Simples";"Curva";"Não";5;0;0;1;4;0;1;2;-11,7758;-49,8578;"SPRF-TO";"DEL01-TO";"UOP02-DEL01-TO"
784955;2026-07-12;"domingo";"20:15:00";"RN";226;13,9;"MACAIBA";"Ultrapassagem Indevida";"Colisão frontal";"Com Vítimas Feridas";"Plena Noite";"Crescente";"Céu Claro";"Simples";"Reta";"Não";14;0;6;6;2;0;12;3;-5,853812;-35,327815;"SPRF-RN";"DEL01-RN";"UOP02-DEL01-RN"
784958;2026-07-12;"domingo";"15:08:00";"MA";316;606,4;"TIMON";"Manobra de mudança de faixa";"Colisão transversal";"Com Vítimas Feridas";"Pleno dia";"Crescente";"Céu Claro";"Simples";"Reta";"Não";5;0;0;2;3;0;2;2;-5,053225;-42,905934;"SPRF-MA";"DEL03-MA";"UOP02-DEL03-MA"
784959;2026-07-12;"domingo";"20:00:00";"MG";262;437;"NOVA SERRANA";"Condutor deixou de manter distância do veículo da frente";"Colisão traseira";"Com Vítimas Feridas";"Plena Noite";"Crescente";"Céu Claro";"Dupla";"Reta";"Sim";2;0;1;0;1;0;1;2;-19,8714734;-44,9697926;"SPRF-MG";"DEL08-MG";"UOP03-DEL08-MG"
784960;2026-07-12;"domingo";"20:10:00";"BA";324;2;"FEIRA DE SANTANA";"Transitar na contramão";"Colisão frontal";"Com Vítimas Feridas";"Plena Noite";"Decrescente";"Céu Claro";"Simples";"Reta";"Sim";2;0;0;1;1;0;1;2;-12,28360508;-38,94770114;"SPRF-BA";"DEL02-BA";"UOP01-DEL02-BA"
784961;2026-07-12;"domingo";"17:15:00";"MT";163;695;"SORRISO";"Acumulo de água sobre o pavimento";"Capotamento";"Com Vítimas Feridas";"Anoitecer";"Crescente";"Chuva";"Simples";"Reta";"Não";3;0;2;0;1;0;2;1;-13,01647154;-55,89287351;"SPRF-MT";"DEL06-MT";"UOP01-DEL06-MT"
784963;2026-07-12;"domingo";"19:20:00";"SC";101;57,2;"ARAQUARI";"Manobra de mudança de faixa";"Colisão traseira";"Com Vítimas Feridas";"Plena Noite";"Decrescente";"Nublado";"Múltipla";"Reta;Interseção de Vias";"Não";2;0;1;0;1;0;1;2;-26,43692943;-48,80929319;"SPRF-SC";"DEL03-SC";"UOP01-DEL03-SC"
784964;2026-07-12;"domingo";"20:15:00";"MG";267;80,3;"JUIZ DE FORA";"Ultrapassagem Indevida";"Colisão lateral sentido oposto";"Com Vítimas Feridas";"Plena Noite";"Crescente";"Céu Claro";"Simples";"Reta";"Não";4;0;0;3;1;0;3;2;-21,76851722;-43,24160814;"SPRF-MG";"DEL05-MG";"UOP01-DEL05-MG"
784970;2026-07-12;"domingo";"21:30:00";"MG";381;444;"SABARA";"Condutor deixou de manter distância do veículo da frente";"Colisão traseira";"Com Vítimas Feridas";"Plena Noite";"Crescente";"Céu Claro";"Simples";"Reta";"Sim";2;0;0;1;1;0;1;2;-19,83445244;-43,85460941;"SPRF-MG";"DEL01-MG";"UOP01-DEL01-MG"