"id";"data_inversa";"dia_semana";"horario";"uf";"br";"km";"municipio";"causa_acidente";"tipo_acidente";"classificacao_acidente";"fase_dia";"sentido_via";"condicao_metereologica";"tipo_pista";"tracado_via";"uso_solo";"pessoas";"mortos";"feridos_leves";"feridos_graves";"ilesos";"ignorados";"feridos";"veiculos";"latitude";"longitude";"regional";"delegacia";"uop"
784971;2026-07-05;"domingo";"20:10:00";"MG";365;691;"MONTE ALEGRE DE MINAS";"Animais na Pista";"Atropelamento de Animal";"Sem Vítimas";"Plena Noite";"Decrescente";"Céu Claro";"Dupla";"Reta";"Não";4;0;0;0;4;0;0;1;-18,87948933;-48,97884679;"SPRF-MG";"DEL15-MG";"UOP03-DEL15-MG"
784973;2026-07-12;"domingo";"18:32:00";"PI";316;3;"TERESINA";"Ingestão de álcool pelo condutor";"Colisão traseira";"Sem Vítimas";"Plena Noite";"Crescente";"Céu Claro";"Dupla";"Reta";"Sim";2;0;0;0;2;0;0;2;-5,13546486;-42,78964341;"SPRF-PI";"DEL01-PI";"UOP02-DEL01-PI"
784974;2026-07-12;"domingo";"15:50:00";"RJ";40;102;"DUQUE DE CAXIAS";"Condutor deixou de manter distância do veículo da frente";"Colisão lateral mesmo sentido";"Com Vítimas Feridas";"Pleno dia";"Crescente";"Céu Claro";"Dupla";"Curva;Interseção de Vias";"Sim";2;0;1;0;1;0;1;2;-22,613288;-43,2868606;"SPRF-RJ";"DEL01-RJ";"UOP02-DEL01-RJ"
784975;2026-05-17;"domingo";"19:02:00";"PA";163;624,4;"TRAIRAO";"Ausência de reação do condutor";"Eventos atípicos";"Com Vítimas Feridas";"Anoitecer";"Crescente";"Céu Claro";"Simples";"Curva";"Sim";1;0;1;0;0;0;1;1;-4,70621877;-56,00047374;"SPRF-PA";"DEL05-PA";"UOP03-DEL05-PA"
784976;2026-07-12;"domingo";"19:30:00";"MG";116;375;"MATHIAS LOBATO";"Entrada inopinada do pedestre";"Atropelamento de Pedestre";"Com Vítimas Feridas";"Plena Noite";"Crescente";"Ignorado";"Simples";"Curva";"Sim";2;0;0;1;0;1;1;2;-18,574466;-41,914324;"SPRF-MG";"DEL06-MG";"UOP01-DEL06-MG"
784977;2026-07-12;"domingo";"20:30:00";"PI";316;2;"TERESINA";"Entrada inopinada do pedestre";"Colisão com objeto";"Sem Vítimas";"Plena Noite";"Crescente";"Céu Claro";"Dupla";"Reta";"Sim";1;0;0;0;1;0;0;1;-5,13360776;-42,79045701;"SPRF-PI";"DEL01-PI";"UOP02-DEL01-PI"
784978;2026-07-12;"domingo";"21:10:00";"RS";116;269;"CANOAS";"Acesso irregular";"Colisão transversal";"Com Vítimas Feridas";"Plena Noite";"Decrescente";"Céu Claro";"Múltipla";"Reta";"Sim";3;0;1;0;1;1;1;3;-29,95898753;-51,17602175;"SPRF-RS";"DEL01-RS";"UOP01-DEL01-RS"
784980;2026-07-12;"domingo";"21:10:00";"GO";60;177;"ABADIA DE GOIAS";"Ingestão de álcool pelo condutor";"Colisão traseira";"Com Vítimas Feridas";"Plena Noite";"Decrescente";"Céu Claro";"Dupla";"Aclive";"Não";3;0;2;0;1;0;2;2;-16,764055;-49,466065;"SPRF-GO";"DEL01-GO";"UOP02-DEL01-GO"
784981;2026-07-12;"domingo";"15:10:00";"MT";70;348;"CAMPO VERDE";"Ultrapassagem Indevida";"Colisão lateral mesmo sentido";"Com Vítimas Feridas";"Pleno dia";"Crescente";"Ignorado";"Simples";"Reta";"Não";3;0;1;0;2;0;1;2;-15,47269959;-54,93174791;"SPRF-MT";"DEL05-MT";"UOP02-DEL05-MT"
784982;2026-07-12;"domingo";"17:20:00";"RJ";40;82;"PETROPOLIS";"Estacionar ou parar em local proibido";"Colisão lateral mesmo sentido";"Com Vítimas Feridas";"Anoitecer";"Decrescente";"Nevoeiro/Neblina";"Dupla";"Aclive";"Não";3;0;1;0;2;0;1;2;-22,53034552;-43,22090947;"SPRF-RJ";"DEL01-RJ";"UOP01-DEL01-RJ"
784983;2026-07-12;"domingo";"21:50:00";"MG";459;73,3;"SENADOR JOSE BENTO";"Condutor Dormindo";"Saída de leito carroçável";"Com Vítimas Feridas";"Plena Noite";"Crescente";"Garoa/Chuvisco";"Simples";"Reta;Aclive";"Não";2;0;1;0;1;0;1;2;-22,132207;-46,153363;"SPRF-MG";"DEL09-MG";"UOP01-DEL09-MG"
784985;2026-07-12;"domingo";"19:40:00";"RJ";393;242;"VASSOURAS";"Reação tardia ou ineficiente do condutor";"Colisão com objeto";"Com Vítimas Feridas";"Plena Noite";"Crescente";"Céu Claro";"Simples";"Curva";"Não";2;0;1;0;1;0;1;1;-22,4354183;-43,7316167;"SPRF-RJ";"DEL05-RJ";"UOP04-DEL05-RJ"
784986;2026-07-12;"domingo";"20:15:00";"RS";290;143;"ELDORADO DO SUL";"Acessar a via sem observar a presença dos outros veículos";"Colisão transversal";"Com Vítimas Feridas";"Plena Noite";"Crescente";"Céu Claro";"Simples";"Declive";"Sim";3;0;1;0;2;0;1;2;-30,09471462;-51,64145814;"SPRF-RS";"DEL02-RS";"UOP01-DEL02-RS"
784988;2026-07-12;"domingo";"19:00:00";"PI";316;170,1;"ELESBAO VELOSO";"Ausência de reação do condutor";"Saída de leito carroçável";"Com Vítimas Feridas";"Plena Noite";"Decrescente";"Céu Claro";"Simples";"Reta";"Não";1;0;1;0;0;0;1;1;-6,239823;-42,040888;"SPRF-PI";"DEL04-PI";"UOP02-DEL04-PI"
784989;2026-07-12;"domingo";"21:00:00";"MS";163;83,4;"ITAQUIRAI";"Ingestão de álcool pelo condutor";"Saída de leito carroçável";"Com Vítimas Feridas";"Plena Noite";"Crescente";"Céu Claro";"Simples";"Reta";"Não";1;0;0;1;0;0;1;1;-23,429368;-54,206239;"SPRF-MS";"DEL09-MS";"UOP01-DEL09-MS"
784990;2026-07-12;"domingo";"20:45:00";"RJ";101;471;"ANGRA DOS REIS";"Conversão proibida";"Colisão transversal";"Com Vítimas Feridas";"Plena Noite";"Decrescente";"Chuva";"Simples";"Reta";"Não";3;0;1;2;0;0;3;2;-22,996092;-44,22952;"SPRF-RJ";"DEL03-RJ";"UOP03-DEL03-RJ"
784991;2026-07-12;"domingo";"21:50:00";"RS";448;0;"SAPUCAIA DO SUL";"Reação tardia ou ineficiente do condutor";"Saída de leito carroçável";"Sem Vítimas";"Plena Noite";"Decrescente";"Céu Claro";"Dupla";"Curva;Ponte";"Sim";1;0;0;0;1;0;0;1;-29,827398;-51,172194;"SPRF-RS";"DEL01-RS";"UOP02-DEL01-RS"
784993;2026-07-12;"domingo";"21:00:00";"MT";163;921,9;"ITAUBA";"Ultrapassagem Indevida";"Saída de leito carroçável";"Com Vítimas Feridas";"Plena Noite";"Crescente";"Nublado";"Simples";"Curva";"Não";1;0;1;0;0;0;1;1;-11,15132862;-55,31503296;"SPRF-MT";"DEL06-MT";"UOP02-DEL06-MT"
784994;2026-07-12;"domingo";"20:30:00";"PR";153;383;"MALLET";"Reação tardia ou ineficiente do condutor";"Saída de leito carroçável";"Com Vítimas Feridas";"Plena Noite";"Crescente";"Céu Claro";"Simples";"Reta";"Não";1;0;1;0;0;0;1;1;-25,831839;-50,839125;"SPRF-PR";"DEL08-PR";"UOP02-DEL08-PR"
784995;2026-07-12;"domingo";"17:30:00";"MA";135;14;"SAO LUIS";"Velocidade Incompatível";"Capotamento";"Sem Vítimas";"Plena Noite";"Decrescente";"Céu Claro";"Dupla";"Curva;Viaduto";"Sim";1;0;0;0;0;1;0;1;-2,56835;-44,35817;"SPRF-MA";"DEL01-MA";"UOP01-DEL01-MA"
784997;2026-07-12;"domingo";"22:25:00";"RJ";40;39;"AREAL";"Transitar na contramão";"Colisão lateral sentido oposto";"Sem Vítimas";"Plena Noite";"Decrescente";"Céu Claro";"Dupla";"Curva";"Sim";7;0;0;0;7;0;0;3;-22,22935575;-43,1194466;"SPRF-RJ";"DEL05-RJ";"UOP02-DEL05-RJ"
784998;2026-07-12;"domingo";"21:48:00";"PR";369;394,6;"MAMBORE";"Ultrapassagem Indevida";"Colisão frontal";"Com Vítimas Fatais";"Plena Noite";"Decrescente";"Céu Claro";"Simples";"Reta;Aclive";"Não";9;1;2;2;2;2;4;4;-24,33903625;-52,70669159;"SPRF-PR";"DEL04-PR";"UOP03-DEL04-PR"
784999;2026-07-12;"domingo";"23:00:00";"RS";158;330;"SANTA MARIA";"Acessar a via sem observar a presença dos outros veículos";"Colisão transversal";"Com Vítimas Feridas";"Plena Noite";"Crescente";"Céu Claro";"Dupla";"Interseção de Vias;Rotatória";"Sim";4;0;2;0;2;0;2;2;-29,70041521;-53,84060953;"SPRF-RS";"DEL09-RS";"UOP01-DEL09-RS"
785000;2026-07-12;"domingo";"22:54:00";"PE";101;60,6;"RECIFE";"Manobra de mudança de faixa";"Colisão lateral mesmo sentido";"Com Vítimas Feridas";"Plena Noite";"Crescente";"Céu Claro";"Dupla";"Reta;Retorno Regulamentado";"Sim";3;0;1;1;1;0;2;2;-7,98871367;-34,9347624;"SPRF-PE";"DEL01-PE";"UOP02-DEL01-PE"
785001;2026-07-12;"domingo";"19:50:00";"MA";316;2,8;"BOA VISTA DO GURUPI";"Ultrapassagem Indevida";"Colisão lateral sentido oposto";"Com Vítimas Fatais";"Plena Noite";"Crescente";"Céu Claro";"Simples";"Reta";"Não";5;1;0;0;0;4;0;3;-1,78980818;-46,29902346;"SPRF-MA";"DEL02-MA";"UOP02-DEL02-MA"
785002;2026-07-12;"domingo";"21:30:00";"BA";110;319;"ALAGOINHAS";"Ingestão de álcool pelo condutor";"Saída de leito carroçável";"Com Vítimas Fatais";"Plena Noite";"Crescente";"Céu Claro";"Simples";"Interseção de Vias";"Não";2;1;0;1;0;0;1;1;-12,07755067;-38,34470836;"SPRF-BA";"DEL01-BA";"UOP04-DEL01-BA"
785003;2026-07-12;"domingo";"18:15:00";"SC";101;122;"ITAJAI";"Reação tardia ou ineficiente do condutor";"Colisão traseira";"Com Vítimas Feridas";"Plena Noite";"Crescente";"Céu Claro";"Dupla";"Reta";"Não";2;0;1;0;1;0;1;2;-26,90802604;-48,67660046;"SPRF-SC";"DEL04-SC";"UOP04-DEL04-SC"
785004;2026-07-12;"domingo";"18:30:00";"PR";153;3,1;"IMBITUVA";"Velocidade Incompatível";"Saída de leito carroçável";"Com Vítimas Feridas";"Plena Noite";"Crescente";"Céu Claro";"Simples";"Curva;Aclive";"Sim";2;0;2;0;0;0;2;1;-25,208491;-50,597993;"SPRF-PR";"DEL03-PR";"UOP01-DEL03-PR"
785005;2026-07-13;"segunda-feira";"00:50:00";"SP";116;231;"SAO PAULO";"Manobra de mudança de faixa";"Colisão traseira";"Com Vítimas Feridas";"Plena Noite";"Decrescente";"Céu Claro";"Múltipla";"Reta";"Sim";2;0;1;0;1;0;1;2;-23,52340202;-46,58575265;"SPRF-SP";"DEL01-SP";"UOP01-DEL01-SP"
785007;2026-07-13;"segunda-feira";"00:10:00";"RJ";116;90;"TERESOPOLIS";"Velocidade Incompatível";"Colisão frontal";"Sem Vítimas";"Plena Noite";"Crescente";"Céu Claro";"Simples";"Curva";"Sim";2;0;0;0;2;0;0;2;-22,46056;-42,960706;"SPRF-RJ";"DEL04-RJ";"UOP01-DEL04-RJ"
785008;2026-07-12;"domingo";"22:30:00";"MT";364;1;"ALTO ARAGUAIA";"Ingestão de álcool pelo condutor";"Tombamento";"Com Vítimas Feridas";"Plena Noite";"Decrescente";"Céu Claro";"Dupla";"Reta";"Sim";1;0;1;0;0;0;1;1;-17,31685307;-53,21338892;"SPRF-MT";"DEL02-MT";"UOP02-DEL02-MT"
785009;2026-07-13;"segunda-feira";"00:30:00";"RJ";101;46;"CAMPOS DOS GOYTACAZES";"Reação tardia ou ineficiente do condutor";"Colisão com objeto";"Sem Vítimas";"Plena Noite";"Decrescente";"Céu Claro";"Simples";"Reta;Interseção de Vias";"Sim";2;0;0;0;2;0;0;1;-21,60663464;-41,31659746;"SPRF-RJ";"DEL08-RJ";"UOP01-DEL08-RJ"
785010;2026-07-13;"segunda-feira";"01:00:00";"GO";70;9;"AGUAS LINDAS DE GOIAS";"Reação tardia ou ineficiente do condutor";"Colisão traseira";"Com Vítimas Feridas";"Plena Noite";"Decrescente";"Céu Claro";"Dupla";"Reta";"Sim";2;0;1;0;1;0;1;2;-15,73601;-48,28348;"SPRF-DF";"DEL03-DF";"UOP02-DEL03-DF"
785012;2026-07-13;"segunda-feira";"00:59:00";"PE";101;70,7;"RECIFE";"Suicídio (presumido)";"Atropelamento de Pedestre";"Com Vítimas Fatais";"Plena Noite";"Crescente";"Céu Claro";"Múltipla";"Reta";"Sim";2;1;0;0;0;1;0;2;-8,0763408;-34,9435844;"SPRF-PE";"DEL01-PE";"UOP01-DEL01-PE"
785013;2026-07-13;"segunda-feira";"00:44:00";"MS";163;384;"NOVA ALVORADA DO SUL";"Animais na Pista";"Atropelamento de Animal";"Sem Vítimas";"Plena Noite";"Crescente";"Céu Claro";"Simples";"Reta";"Não";1;0;0;0;1;0;0;1;-21,3014989;-54,43401273;"SPRF-MS";"DEL02-MS";"UOP01-DEL02-MS"
785014;2026-07-12;"domingo";"23:40:00";"MT";163;1050;"MATUPA";"Reação tardia ou ineficiente do condutor";"Queda de ocupante de veículo";"Com Vítimas Fatais";"Plena Noite";"Crescente";"Céu Claro";"Simples";"Reta";"Não";1;1;0;0;0;0;0;1;-10,092635;-54,9186;"SPRF-MT";"DEL06-MT";"UOP03-DEL06-MT"
785016;2026-07-12;"domingo";"18:30:00";"RS";386;173;"CARAZINHO";"Transitar na contramão";"Colisão frontal";"Com Vítimas Fatais";"Plena Noite";"Decrescente";"Céu Claro";"Simples";"Reta";"Não";7;1;0;1;5;0;1;2;-28,254052;-52,797703;"SPRF-RS";"DEL08-RS";"UOP01-DEL08-RS"
785017;2026-07-13;"segunda-feira";"02:52:00";"PE";232;7,8;"RECIFE";"Reação tardia ou ineficiente do condutor";"Queda de ocupante de veículo";"Com Vítimas Feridas";"Plena Noite";"Crescente";"Céu Claro";"Dupla";"Reta";"Não";2;0;0;2;0;0;2;1;-8,0639521;-34,98108;"SPRF-PE";"DEL01-PE";"UOP01-DEL01-PE"
785018;2026-07-13;"segunda-feira";"02:40:00";"RJ";40;47;"PETROPOLIS";"Velocidade Incompatível";"Saída de leito carroçável";"Com Vítimas Feridas";"Plena Noite";"Decrescente";"Céu Claro";"Dupla";"Curva";"Não";4;0;1;0;2;1;1;2;-22,30017923;-43,13038448;"SPRF-RJ";"DEL05-RJ";"UOP02-DEL05-RJ"
785019;2026-07-13;"segunda-feira";"03:30:00";"SP";116;321;"JUQUITIBA";"Ausência de reação do condutor";"Colisão com objeto";"Com Vítimas Feridas";"Plena Noite";"Decrescente";"Céu Claro";"Dupla";"Reta";"Não";1;0;0;1;0;0;1;1;-23,93459506;-47,01186989;"SPRF-SP";"DEL04-SP";"UOP03-DEL04-SP"
785020;2026-07-12;"domingo";"22:30:00";"RS";290;140;"ELDORADO DO SUL";"Acumulo de água sobre o pavimento";"Queda de ocupante de veículo";"Com Vítimas Feridas";"Plena Noite";"Crescente";"Céu Claro";"Simples";"Curva";"Não";1;0;1;0;0;0;1;1;-30,084788;-51,615639;"SPRF-RS";"DEL02-RS";"UOP01-DEL02-RS"
785021;2026-07-13;"segunda-feira";"02:00:00";"RS";290;135;"ELDORADO DO SUL";"Ausência de reação do condutor";"Colisão traseira";"Sem Vítimas";"Plena Noite";"Crescente";"Céu Claro";"Simples";"Reta;Declive";"Não";6;0;0;0;6;0;0;2;-30,06710522;-51,56529799;"SPRF-RS";"DEL02-RS";"UOP01-DEL02-RS"
785023;2026-07-13;"segunda-feira";"04:40:00";"GO";153;521,2;"HIDROLANDIA";"Ingestão de álcool pelo condutor";"Colisão com objeto";"Sem Vítimas";"Plena Noite";"Crescente";"Nublado";"Dupla";"Reta";"Sim";1;0;0;0;1;0;0;1;-16,885165;-49,254149;"SPRF-GO";"DEL01-GO";"UOP03-DEL01-GO"
785025;2026-07-13;"segunda-feira";"04:41:00";"PE";101;21,7;"GOIANA";"Pedestre andava na pista";"Atropelamento de Pedestre";"Com Vítimas Fatais";"Amanhecer";"Crescente";"Céu Claro";"Dupla";"Reta";"Não";2;1;0;0;0;1;0;2;-7,67458674;-34,92957115;"SPRF-PE";"DEL01-PE";"UOP02-DEL01-PE"
785026;2026-07-13;"segunda-feira";"04:00:00";"RJ";393;181;"PARAIBA DO SUL";"Velocidade Incompatível";"Saída de leito carroçável";"Com Vítimas Feridas";"Plena Noite";"Decrescente";"Céu Claro";"Simples";"Declive;Reta";"Não";2;0;1;0;1;0;1;1;-22,139593;-43,27055;"SPRF-RJ";"DEL05-RJ";"UOP03-DEL05-RJ"
785027;2026-07-13;"segunda-feira";"05:20:00";"RJ";101;297;"ITABORAI";"Pedestre andava na pista";"Atropelamento de Pedestre";"Com Vítimas Feridas";"Plena Noite";"Decrescente";"Céu Claro";"Dupla";"Reta";"Sim";3;0;0;2;1;0;2;2;-22,7652136;-42,9048587;"SPRF-RJ";"DEL02-RJ";"UOP02-DEL02-RJ"
785028;2026-07-13;"segunda-feira";"04:10:00";"SC";470;86,2;"RODEIO";"Ausência de reação do condutor";"Colisão com objeto";"Com Vítimas Feridas";"Plena Noite";"Crescente";"Nevoeiro/Neblina";"Simples";"Interseção de Vias;Reta";"Não";1;0;1;0;0;0;1;1;-26,94950209;-49,35928702;"SPRF-SC";"DEL04-SC";"UOP01-DEL04-SC"
785029;2026-07-13;"segunda-feira";"05:50:00";"DF";20;8,5;"BRASILIA";"Ausência de reação do condutor";"Saída de leito carroçável";"Com Vítimas Feridas";"Amanhecer";"Decrescente";"Céu Claro";"Dupla";"Viaduto;Reta;Declive";"Sim";2;0;2;0;0;0;2;1;-15,65563027;-47,78633237;"SPRF-DF";"DEL02-DF";"UOP01-DEL02-DF"
785030;2026-07-13;"segunda-feira";"06:10:00";"MG";146;472;"BANDEIRA DO SUL";"Neblina";"Saída de leito carroçável";"Com Vítimas Feridas";"Amanhecer";"Crescente";"Nevoeiro/Neblina";"Simples";"Ponte;Reta";"Não";2;0;2;0;0;0;2;1;-21,74861276;-46,40552966;"SPRF-MG";"DEL09-MG";"UOP01-DEL09-MG"
785031;2026-07-12;"domingo";"18:45:00";"RN";304;57,1;"MOSSORO";"Ausência de reação do condutor";"Tombamento";"Com Vítimas Feridas";"Plena Noite";"Decrescente";"Céu Claro";"Simples";"Reta";"Não";1;0;1;0;0;0;1;1;-5,294328;-37,285518;"SPRF-RN";"DEL04-RN";"UOP01-DEL04-RN"
785032;2026-07-13;"segunda-feira";"05:40:00";"MG";365;462,4;"PATROCINIO";"Reação tardia ou ineficiente do condutor";"Capotamento";"Com Vítimas Feridas";"Amanhecer";"Decrescente";"Nublado";"Simples";"Em Obras;Reta";"Não";5;0;1;0;4;0;1;1;-18,8784139;-46,9145916;"SPRF-MG";"DEL10-MG";"UOP01-DEL10-MG"
785033;2026-07-13;"segunda-feira";"02:45:00";"PR";376;462,5;"PONTA GROSSA";"Ingestão de álcool pelo condutor";"Saída de leito carroçável";"Sem Vítimas";"Plena Noite";"Decrescente";"Nublado";"Dupla";"Reta";"Não";3;0;0;0;3;0;0;2;-25,011081;-50,347195;"SPRF-PR";"DEL03-PR";"UOP01-DEL03-PR"
785034;2026-07-13;"segunda-feira";"06:55:00";"RS";116;264,7;"CANOAS";"Reação tardia ou ineficiente do condutor";"Colisão lateral mesmo sentido";"Com Vítimas Feridas";"Amanhecer";"Crescente";"Nublado";"Dupla";"Reta";"Sim";2;0;1;0;1;0;1;2;-29,92579131;-51,17771127;"SPRF-RS";"DEL01-RS";"UOP01-DEL01-RS"
785035;2026-05-21;"quinta-feira";"18:40:00";"MG";381;484;"BETIM";"Ausência de reação do condutor";"Tombamento";"Com Vítimas Feridas";"Plena Noite";"Decrescente";"Céu Claro";"Múltipla";"Reta;Aclive";"Não";3;0;1;0;2;0;1;2;-19,95920882;-44,09026283;"SPRF-MG";"DEL01-MG";"UOP03-DEL01-MG"
785036;2026-07-13;"segunda-feira";"06:35:00";"MG";116;508,9;"UBAPORANGA";"Acessar a via sem observar a presença dos outros veículos";"Colisão transversal";"Com Vítimas Feridas";"Amanhecer";"Crescente";"Céu Claro";"Simples";"Interseção de Vias;Reta";"Não";2;0;1;0;1;0;1;2;-19,638576;-42,10630417;"SPRF-MG";"DEL06-MG";"UOP02-DEL06-MG"
785037;2026-07-13;"segunda-feira";"07:00:00";"RJ";116;127;"MAGE";"Ausência de reação do condutor";"Colisão com objeto";"Com Vítimas Feridas";"Pleno dia";"Decrescente";"Nublado";"Dupla";"Reta";"Não";1;0;1;0;0;0;1;1;-22,660738;-43,092556;"SPRF-RJ";"DEL04-RJ";"UOP02-DEL04-RJ"
785038;2026-07-13;"segunda-feira";"06:45:00";"BA";324;619;"SALVADOR";"Condutor deixou de manter distância do veículo da frente";"Engavetamento";"Sem Vítimas";"Pleno dia";"Crescente";"Céu Claro";"Dupla";"Reta";"Não";3;0;0;0;3;0;0;3;-12,9108481;-38,458109;"SPRF-BA";"DEL01-BA";"UOP01-DEL01-BA"
785040;2026-07-12;"domingo";"18:09:00";"MG";354;750,8;"ITAMONTE";"Ultrapassagem Indevida";"Colisão frontal";"Com Vítimas Feridas";"Plena Noite";"Crescente";"Céu Claro";"Simples";"Aclive;Reta";"Sim";3;0;1;0;0;2;1;3;-22,266048;-44,884772;"SPRF-MG";"DEL17-MG";"UOP01-DEL17-MG"
785041;2026-07-13;"segunda-feira";"05:30:00";"SP";116;228;"SAO PAULO";"Condutor Dormindo";"Colisão com objeto";"Sem Vítimas";"Amanhecer";"Crescente";"Nublado";"Múltipla";"Reta";"Sim";2;0;0;0;2;0;0;2;-23,509221;-46,573214;"SPRF-SP";"DEL01-SP";"UOP01-DEL01-SP"
785043;2026-07-13;"segunda-feira";"01:00:00";"RJ";116;69;"TERESOPOLIS";"Ausência de reação do condutor";"Capotamento";"Com Vítimas Feridas";"Plena Noite";"Crescente";"Nublado";"Simples";"Reta";"Sim";1;0;1;0;0;0;1;1;-22,305366;-42,936511;"SPRF-RJ";"DEL04-RJ";"UOP01-DEL04-RJ"
785044;2026-07-13;"segunda-feira";"07:25:00";"RS";116;143;"CAXIAS DO SUL";"Condutor desrespeitou a iluminação vermelha do semáforo";"Colisão transversal";"Com Vítimas Feridas";"Pleno dia";"Decrescente";"Garoa/Chuvisco";"Dupla";"Interseção de Vias";"Sim";2;0;1;0;1;0;1;2;-29,12131538;-51,12240957;"SPRF-RS";"DEL05-RS";"UOP01-DEL05-RS"
785045;2026-06-07;"domingo";"18:00:00";"SC";101;205,9;"SAO JOSE";"Manobra de mudança de faixa";"Colisão traseira";"Com Vítimas Feridas";"Plena Noite";"Decrescente";"Céu Claro";"Múltipla";"Reta";"Sim";2;0;1;0;1;0;1;2;-27,593226;-48,618618;"SPRF-SC";"DEL01-SC";"UOP01-DEL01-SC"
785047;2026-07-13;"segunda-feira";"07:45:00";"SE";101;89,7;"NOSSA SENHORA DO SOCORRO";"Acumulo de óleo sobre o pavimento";"Tombamento";"Com Vítimas Feridas";"Pleno dia";"Crescente";"Céu Claro";"Simples";"Curva;Declive;Viaduto";"Não";1;0;1;0;0;0;1;1;-10,88385549;-37,13420598;"SPRF-SE";"DEL01-SE";"UOP01-DEL01-SE"
785048;2026-07-13;"segunda-feira";"07:50:00";"PR";116;115;"CURITIBA";"Ausência de reação do condutor";"Tombamento";"Com Vítimas Feridas";"Pleno dia";"Decrescente";"Céu Claro";"Dupla";"Reta";"Não";2;0;2;0;0;0;2;1;-25,545225;-49,303293;"SPRF-PR";"DEL01-PR";"UOP03-DEL01-PR"
785051;2026-07-13;"segunda-feira";"06:50:00";"MG";262;405,6;"IGARATINGA";"Velocidade Incompatível";"Saída de leito carroçável";"Com Vítimas Feridas";"Pleno dia";"Crescente";"Céu Claro";"Dupla";"Reta";"Não";1;0;1;0;0;0;1;1;-19,90917891;-44,68231766;"SPRF-MG";"DEL01-MG";"UOP03-DEL01-MG"
785052;2026-07-10;"sexta-feira";"07:20:00";"RJ";101;537;"PARATY";"Acessar a via sem observar a presença dos outros veículos";"Colisão transversal";"Com Vítimas Feridas";"Pleno dia";"Crescente";"Céu Claro";"Simples";"Reta";"Sim";2;0;0;1;1;0;1;2;-23,04253068;-44,57097379;"SPRF-RJ";"DEL03-RJ";"UOP04-DEL03-RJ"
785053;2026-07-13;"segunda-feira";"07:15:00";"SC";282;642,3;"SAO MIGUEL DO OESTE";"Transitar na contramão";"Colisão lateral sentido oposto";"Com Vítimas Feridas";"Pleno dia";"Crescente";"Céu Claro";"Simples";"Curva";"Não";5;0;2;0;3;0;2;3;-26,76885188;-53,46472462;"SPRF-SC";"DEL07-SC";"UOP03-DEL07-SC"
785054;2026-07-13;"segunda-feira";"08:20:00";"MG";40;526;"CONTAGEM";"Transitar no Acostamento";"Colisão lateral mesmo sentido";"Com Vítimas Feridas";"Pleno dia";"Decrescente";"Céu Claro";"Múltipla";"Reta";"Sim";3;0;1;0;2;0;1;2;-19,8944492;-44,0492162;"SPRF-MG";"DEL01-MG";"UOP02-DEL01-MG"
785056;2026-07-12;"domingo";"10:00:00";"RJ";40;82;"PETROPOLIS";"Mal súbito do condutor";"Eventos atípicos";"Com Vítimas Feridas";"Pleno dia";"Decrescente";"Céu Claro";"Dupla";"Reta";"Sim";2;0;1;0;1;0;1;1;-22,54056146;-43,22419994;"SPRF-RJ";"DEL01-RJ";"UOP01-DEL01-RJ"
785057;2026-07-13;"segunda-feira";"08:05:00";"GO";70;1;"AGUAS LINDAS DE GOIAS";"Ausência de reação do condutor";"Queda de ocupante de veículo";"Com Vítimas Feridas";"Pleno dia";"Decrescente";"Céu Claro";"Dupla";"Reta";"Não";1;0;1;0;0;0;1;1;-15,78227336;-48,23388577;"SPRF-DF";"DEL03-DF";"UOP02-DEL03-DF"
785063;2026-02-03;"terça-feira";"15:10:00";"PE";104;103;"CUPIRA";"Desrespeitar a preferência no cruzamento";"Colisão transversal";"Sem Vítimas";"Pleno dia";"Decrescente";"Céu Claro";"Simples";"Rotatória";"Sim";2;0;0;0;2;0;0;2;-8,59414;-35,95591;"SPRF-PE";"DEL02-PE";"UOP01-DEL02-PE"
785064;2026-07-13;"segunda-feira";"08:40:00";"SC";101;199;"SAO JOSE";"Reação tardia ou ineficiente do condutor";"Atropelamento de Pedestre";"Com Vítimas Feridas";"Pleno dia";"Decrescente";"Sol";"Múltipla";"Reta;Viaduto";"Sim";2;0;1;0;1;0;1;2;-27,537729;-48,625307;"SPRF-SC";"DEL01-SC";"UOP01-DEL01-SC"
785065;2026-07-09;"quinta-feira";"22:17:00";"MG";40;803,5;"MATIAS BARBOSA";"Reação tardia ou ineficiente do condutor";"Colisão traseira";"Com Vítimas Feridas";"Plena Noite";"Crescente";"Nublado";"Dupla";"Reta";"Não";3;0;2;0;1;0;2;2;-21,831895;-43,373412;"SPRF-MG";"DEL05-MG";"UOP01-DEL05-MG"
785066;2026-07-13;"segunda-feira";"09:30:00";"RJ";101;487;"ANGRA DOS REIS";"Reação tardia ou ineficiente do condutor";"Colisão traseira";"Com Vítimas Feridas";"Pleno dia";"Crescente";"Nublado";"Simples";"Reta";"Sim";3;0;1;0;2;0;1;2;-22,967607;-44,29886;"SPRF-RJ";"DEL03-RJ";"UOP03-DEL03-RJ"
785067;2026-07-13;"segunda-feira";"07:30:00";"RJ";40;113;"DUQUE DE CAXIAS";"Demais falhas mecânicas ou elétricas";"Queda de ocupante de veículo";"Com Vítimas Feridas";"Amanhecer";"Crescente";"Chuva";"Múltipla";"Viaduto;Reta";"Sim";2;0;2;0;0;0;2;1;-22,7174233;-43,28999368;"SPRF-RJ";"DEL01-RJ";"UOP02-DEL01-RJ"
785068;2026-07-13;"segunda-feira";"08:10:00";"MT";70;1;"BARRA DO GARCAS";"Trafegar com motocicleta (ou similar) entre as faixas";"Colisão lateral mesmo sentido";"Com Vítimas Feridas";"Pleno dia";"Crescente";"Céu Claro";"Simples";"Reta;Aclive";"Sim";2;0;0;1;1;0;1;2;-15,887617;-52,26756;"SPRF-MT";"DEL07-MT";"UOP01-DEL07-MT"