"id";"data_inversa";"dia_semana";"horario";"uf";"br";"km";"municipio";"causa_acidente";"tipo_acidente";"classificacao_acidente";"fase_dia";"sentido_via";"condicao_metereologica";"tipo_pista";"tracado_via";"uso_solo";"pessoas";"mortos";"feridos_leves";"feridos_graves";"ilesos";"ignorados";"feridos";"veiculos";"latitude";"longitude";"regional";"delegacia";"uop"
785069;2026-07-13;"segunda-feira";"09:10:00";"SC";101;133,8;"BALNEARIO CAMBORIU";"Desrespeitar a preferência no cruzamento";"Colisão transversal";"Com Vítimas Feridas";"Pleno dia";"Crescente";"Céu Claro";"Múltipla";"Interseção de Vias";"Sim";2;0;1;0;1;0;1;2;-26,9995711;-48,64611832;"SPRF-SC";"DEL04-SC";"UOP03-DEL04-SC"
785070;2026-07-13;"segunda-feira";"08:50:00";"PA";316;47;"SANTA IZABEL DO PARA";"Reação tardia ou ineficiente do condutor";"Tombamento";"Com Vítimas Feridas";"Pleno dia";"Crescente";"Sol";"Dupla";"Reta";"Não";2;0;1;0;1;0;1;1;-1,289217;-48,05883;"SPRF-PA";"DEL01-PA";"UOP01-DEL01-PA"
785072;2026-07-13;"segunda-feira";"09:00:00";"PR";476;144;"CURITIBA";"Condutor deixou de manter distância do veículo da frente";"Colisão traseira";"Com Vítimas Feridas";"Pleno dia";"Decrescente";"Sol";"Dupla";"Reta";"Sim";2;0;1;0;1;0;1;2;-25,54611462;-49,31733577;"SPRF-PR";"DEL01-PR";"UOP06-DEL01-PR"
785073;2026-07-13;"segunda-feira";"08:12:00";"RJ";116;325;"ITATIAIA";"Ingestão de substâncias psicoativas pelo condutor";"Colisão com objeto";"Com Vítimas Feridas";"Pleno dia";"Decrescente";"Sol";"Dupla";"Reta";"Não";2;0;1;0;1;0;1;2;-22,497911;-44,577324;"SPRF-RJ";"DEL07-RJ";"UOP02-DEL07-RJ"
785074;2026-07-13;"segunda-feira";"09:10:00";"SC";101;211,8;"PALHOCA";"Reação tardia ou ineficiente do condutor";"Queda de ocupante de veículo";"Com Vítimas Feridas";"Pleno dia";"Crescente";"Céu Claro";"Múltipla";"Reta";"Sim";1;0;1;0;0;0;1;1;-27,62495883;-48,65412422;"SPRF-SC";"DEL01-SC";"UOP02-DEL01-SC"
785076;2026-07-13;"segunda-feira";"07:00:00";"SC";470;68;"INDAIAL";"Acessar a via sem observar a presença dos outros veículos";"Engavetamento";"Com Vítimas Feridas";"Pleno dia";"Decrescente";"Céu Claro";"Simples";"Reta";"Não";3;0;1;0;2;0;1;3;-26,88259771;-49,24556706;"SPRF-SC";"DEL04-SC";"UOP01-DEL04-SC"
785079;2026-07-13;"segunda-feira";"10:00:00";"MG";153;178;"FRUTAL";"Ausência de reação do condutor";"Saída de leito carroçável";"Com Vítimas Feridas";"Pleno dia";"Crescente";"Céu Claro";"Simples";"Reta";"Não";1;0;1;0;0;0;1;1;-19,9203516;-48,96086047;"SPRF-MG";"DEL13-MG";"UOP02-DEL13-MG"
785080;2026-07-13;"segunda-feira";"09:30:00";"GO";153;443,7;"ANAPOLIS";"Acessar a via sem observar a presença dos outros veículos";"Colisão transversal";"Com Vítimas Feridas";"Pleno dia";"Crescente";"Céu Claro";"Dupla";"Curva;Interseção de Vias;Rotatória";"Sim";2;0;1;0;1;0;1;2;-16,35398231;-48,93006831;"SPRF-GO";"DEL02-GO";"UOP01-DEL02-GO"
785081;2026-07-12;"domingo";"23:40:00";"MA";226;9,4;"TIMON";"Ingestão de álcool pelo condutor";"Saída de leito carroçável";"Sem Vítimas";"Plena Noite";"Crescente";"Céu Claro";"Simples";"Reta";"Não";1;0;0;0;1;0;0;1;-5,119985;-42,892465;"SPRF-MA";"DEL03-MA";"UOP02-DEL03-MA"
785082;2026-07-13;"segunda-feira";"07:30:00";"GO";50;288,5;"CATALAO";"Condutor Dormindo";"Saída de leito carroçável";"Sem Vítimas";"Pleno dia";"Decrescente";"Nublado";"Dupla";"Reta";"Não";1;0;0;0;1;0;0;1;-18,237922;-47,986128;"SPRF-GO";"DEL06-GO";"UOP01-DEL06-GO"
785083;2026-07-13;"segunda-feira";"09:30:00";"RO";364;12;"VILHENA";"Acessar a via sem observar a presença dos outros veículos";"Colisão transversal";"Com Vítimas Feridas";"Pleno dia";"Crescente";"Céu Claro";"Dupla";"Reta;Interseção de Vias;Rotatória";"Sim";2;0;1;0;1;0;1;2;-12,74302945;-60,12353075;"SPRF-RO";"DEL04-RO";"UOP01-DEL04-RO"
785088;2026-07-13;"segunda-feira";"10:00:00";"MG";116;414,6;"GOVERNADOR VALADARES";"Ultrapassagem Indevida";"Colisão transversal";"Com Vítimas Feridas";"Pleno dia";"Decrescente";"Sol";"Simples";"Retorno Regulamentado;Reta";"Sim";2;0;1;0;1;0;1;2;-18,88603599;-41,94625676;"SPRF-MG";"DEL06-MG";"UOP01-DEL06-MG"
785089;2026-07-13;"segunda-feira";"06:38:00";"AM";230;614,4;"HUMAITA";"Acessar a via sem observar a presença dos outros veículos";"Colisão transversal";"Com Vítimas Feridas";"Pleno dia";"Crescente";"Nevoeiro/Neblina";"Dupla";"Reta";"Sim";3;0;0;2;1;0;2;2;-7,52331;-63,03902;"SPRF-AM";"DEL02-AM";"UOP01-DEL02-AM"
785092;2026-07-13;"segunda-feira";"11:10:00";"PB";230;157,3;"CAMPINA GRANDE";"Ausência de reação do condutor";"Colisão traseira";"Com Vítimas Feridas";"Pleno dia";"Crescente";"Sol";"Simples";"Ponte;Reta;Em Obras";"Sim";3;0;0;1;2;0;1;3;-7,265003;-35,918839;"SPRF-PB";"DEL02-PB";"UOP01-DEL02-PB"
785093;2026-07-13;"segunda-feira";"12:00:00";"PE";101;69;"RECIFE";"Manobra de mudança de faixa";"Colisão transversal";"Com Vítimas Feridas";"Pleno dia";"Crescente";"Sol";"Dupla";"Reta";"Sim";3;0;2;0;1;0;2;2;-8,06377;-34,9471;"SPRF-PE";"DEL01-PE";"UOP01-DEL01-PE"
785094;2026-07-13;"segunda-feira";"11:30:00";"MG";381;500;"BETIM";"Condutor deixou de manter distância do veículo da frente";"Colisão traseira";"Sem Vítimas";"Pleno dia";"Decrescente";"Céu Claro";"Múltipla";"Reta";"Sim";4;0;0;0;4;0;0;2;-20,0006;-44,2112;"SPRF-MG";"DEL01-MG";"UOP03-DEL01-MG"
785095;2026-07-13;"segunda-feira";"11:40:00";"PI";343;3,2;"PARNAIBA";"Ausência de reação do condutor";"Saída de leito carroçável";"Com Vítimas Feridas";"Pleno dia";"Decrescente";"Céu Claro";"Simples";"Curva;Interseção de Vias";"Não";2;0;2;0;0;0;2;1;-2,90272953;-41,68416873;"SPRF-PI";"DEL05-PI";"UOP01-DEL05-PI"
785096;2026-07-13;"segunda-feira";"12:15:00";"RS";158;325;"SANTA MARIA";"Manobra de mudança de faixa";"Colisão traseira";"Com Vítimas Feridas";"Pleno dia";"Decrescente";"Nublado";"Dupla";"Viaduto";"Sim";3;0;1;0;2;0;1;2;-29,708455;-53,800758;"SPRF-RS";"DEL09-RS";"UOP01-DEL09-RS"
785098;2026-06-13;"sábado";"19:00:00";"MG";381;479;"CONTAGEM";"Pedestre cruzava a pista fora da faixa";"Atropelamento de Pedestre";"Com Vítimas Fatais";"Plena Noite";"Decrescente";"Céu Claro";"Múltipla";"Curva;Aclive";"Sim";3;1;0;0;2;0;0;2;-19,96426785;-44,04444544;"SPRF-MG";"DEL01-MG";"UOP03-DEL01-MG"
785099;2026-07-13;"segunda-feira";"11:40:00";"ES";101;148,7;"LINHARES";"Condutor desrespeitou a iluminação vermelha do semáforo";"Colisão transversal";"Com Vítimas Feridas";"Pleno dia";"Crescente";"Nublado";"Múltipla";"Interseção de Vias";"Sim";2;0;1;0;1;0;1;2;-19,39477063;-40,06532477;"SPRF-ES";"DEL04-ES";"UOP01-DEL04-ES"
785100;2026-07-13;"segunda-feira";"12:40:00";"RS";116;520,9;"PELOTAS";"Desrespeitar a preferência no cruzamento";"Colisão transversal";"Sem Vítimas";"Pleno dia";"Decrescente";"Nublado";"Dupla";"Interseção de Vias";"Não";2;0;0;0;2;0;0;2;-31,7074066;-52,3671926;"SPRF-RS";"DEL07-RS";"UOP01-DEL07-RS"
785101;2026-07-13;"segunda-feira";"09:00:00";"RO";364;342;"JI-PARANA";"Condutor deixou de manter distância do veículo da frente";"Colisão traseira";"Com Vítimas Feridas";"Pleno dia";"Crescente";"Céu Claro";"Dupla";"Reta;Ponte";"Sim";3;0;1;0;2;0;1;3;-10,882277;-61,939788;"SPRF-RO";"DEL02-RO";"UOP01-DEL02-RO"
785102;2026-07-13;"segunda-feira";"08:30:00";"MA";10;249;"IMPERATRIZ";"Ausência de reação do condutor";"Colisão lateral mesmo sentido";"Com Vítimas Feridas";"Pleno dia";"Decrescente";"Céu Claro";"Múltipla";"Reta";"Sim";3;0;2;1;0;0;3;2;-5,552895;-47,458228;"SPRF-MA";"DEL04-MA";"UOP01-DEL04-MA"
785103;2026-07-13;"segunda-feira";"11:50:00";"PE";423;78;"JUCATI";"Reação tardia ou ineficiente do condutor";"Engavetamento";"Com Vítimas Feridas";"Pleno dia";"Crescente";"Sol";"Simples";"Reta";"Sim";4;0;1;0;3;0;1;3;-8,75421;-36,43085;"SPRF-PE";"DEL03-PE";"UOP01-DEL03-PE"
785107;2026-07-13;"segunda-feira";"13:00:00";"RJ";40;93;"PETROPOLIS";"Pista Escorregadia";"Colisão com objeto";"Com Vítimas Feridas";"Pleno dia";"Crescente";"Garoa/Chuvisco";"Dupla";"Curva;Declive";"Não";2;0;2;0;0;0;2;1;-22,5284432;-43,2228163;"SPRF-RJ";"DEL01-RJ";"UOP01-DEL01-RJ"
785109;2026-07-13;"segunda-feira";"10:30:00";"SP";116;541;"BARRA DO TURVO";"Chuva";"Colisão com objeto";"Com Vítimas Feridas";"Pleno dia";"Crescente";"Garoa/Chuvisco";"Simples";"Curva;Aclive";"Não";4;0;2;0;2;0;2;1;-24,97258762;-48,402819;"SPRF-SP";"DEL05-SP";"UOP02-DEL05-SP"
785111;2026-07-13;"segunda-feira";"13:25:00";"MG";116;744,5;"LEOPOLDINA";"Acessar a via sem observar a presença dos outros veículos";"Colisão transversal";"Com Vítimas Feridas";"Pleno dia";"Crescente";"Sol";"Simples";"Reta;Interseção de Vias";"Não";3;0;1;1;1;0;2;2;-21,42932567;-42,5148103;"SPRF-MG";"DEL07-MG";"UOP01-DEL07-MG"
785112;2026-07-13;"segunda-feira";"12:45:00";"PE";101;50,2;"ABREU E LIMA";"Acesso irregular";"Colisão transversal";"Com Vítimas Feridas";"Pleno dia";"Crescente";"Céu Claro";"Dupla";"Reta";"Sim";2;0;1;0;0;1;1;2;-7,9075117;-34,902252;"SPRF-PE";"DEL01-PE";"UOP02-DEL01-PE"
785113;2026-07-01;"quarta-feira";"13:30:00";"MS";487;41;"ITAQUIRAI";"Pista esburacada";"Saída de leito carroçável";"Com Vítimas Feridas";"Pleno dia";"Crescente";"Céu Claro";"Simples";"Reta";"Não";2;0;2;0;0;0;2;1;-23,314073;-53,856231;"SPRF-MS";"DEL09-MS";"UOP01-DEL09-MS"
785117;2026-07-13;"segunda-feira";"11:08:00";"SC";101;205,4;"SAO JOSE";"Condutor deixou de manter distância do veículo da frente";"Colisão traseira";"Com Vítimas Feridas";"Pleno dia";"Crescente";"Céu Claro";"Múltipla";"Reta";"Sim";2;0;1;0;0;1;1;2;-27,58768;-48,61707;"SPRF-SC";"DEL01-SC";"UOP01-DEL01-SC"
785120;2026-07-05;"domingo";"22:00:00";"PR";376;159,2;"MANDAGUACU";"Reação tardia ou ineficiente do condutor";"Saída de leito carroçável";"Com Vítimas Feridas";"Plena Noite";"Decrescente";"Céu Claro";"Dupla";"Reta;Aclive";"Sim";1;0;1;0;0;0;1;1;-23,36088626;-52,08643612;"SPRF-PR";"DEL09-PR";"UOP02-DEL09-PR"
785122;2026-07-13;"segunda-feira";"13:35:00";"RJ";101;457;"ANGRA DOS REIS";"Acessar a via sem observar a presença dos outros veículos";"Colisão transversal";"Com Vítimas Feridas";"Pleno dia";"Crescente";"Nublado";"Simples";"Reta;Aclive;Retorno Regulamentado";"Sim";2;0;1;0;0;1;1;2;-23,03146725;-44,1717523;"SPRF-RJ";"DEL03-RJ";"UOP03-DEL03-RJ"
785123;2026-07-13;"segunda-feira";"14:20:00";"SP";153;62;"SAO JOSE DO RIO PRETO";"Ausência de reação do condutor";"Colisão traseira";"Com Vítimas Feridas";"Pleno dia";"Crescente";"Céu Claro";"Dupla";"Aclive";"Sim";2;0;1;0;1;0;1;2;-20,813918;-49,357017;"SPRF-SP";"DEL09-SP";"UOP01-DEL09-SP"
785124;2026-07-13;"segunda-feira";"10:20:00";"SP";116;538;"BARRA DO TURVO";"Reação tardia ou ineficiente do condutor";"Colisão com objeto";"Com Vítimas Feridas";"Pleno dia";"Crescente";"Chuva";"Dupla";"Curva";"Não";4;0;1;0;3;0;1;1;-24,97176624;-48,37095235;"SPRF-SP";"DEL05-SP";"UOP02-DEL05-SP"
785125;2026-07-13;"segunda-feira";"15:00:00";"SP";116;225;"GUARULHOS";"Ausência de reação do condutor";"Colisão traseira";"Com Vítimas Feridas";"Pleno dia";"Decrescente";"Sol";"Múltipla";"Declive";"Sim";3;0;2;0;1;0;2;2;-23,4909944;-46,54863699;"SPRF-SP";"DEL01-SP";"UOP01-DEL01-SP"
785126;2026-07-13;"segunda-feira";"14:10:00";"RS";472;577;"URUGUAIANA";"Reação tardia ou ineficiente do condutor";"Colisão lateral mesmo sentido";"Com Vítimas Feridas";"Pleno dia";"Crescente";"Céu Claro";"Simples";"Rotatória";"Sim";4;0;1;1;2;0;2;2;-29,77978;-57,063572;"SPRF-RS";"DEL13-RS";"UOP01-DEL13-RS"
785127;2026-07-13;"segunda-feira";"11:20:00";"SP";116;546;"BARRA DO TURVO";"Reação tardia ou ineficiente do condutor";"Colisão com objeto";"Com Vítimas Feridas";"Pleno dia";"Crescente";"Garoa/Chuvisco";"Múltipla";"Curva;Declive";"Não";2;0;1;0;1;0;1;1;-24,94746424;-48,42451572;"SPRF-SP";"DEL05-SP";"UOP02-DEL05-SP"
785128;2026-07-13;"segunda-feira";"14:25:00";"DF";40;2,3;"BRASILIA";"Mal súbito do condutor";"Colisão com objeto";"Sem Vítimas";"Pleno dia";"Crescente";"Céu Claro";"Dupla";"Reta";"Não";1;0;0;0;1;0;0;1;-15,995684;-48,0288165;"SPRF-DF";"DEL01-DF";"UOP01-DEL01-DF"
785129;2026-07-13;"segunda-feira";"11:18:00";"SC";101;163;"TIJUCAS";"Manobra de mudança de faixa";"Colisão lateral mesmo sentido";"Com Vítimas Feridas";"Pleno dia";"Decrescente";"Céu Claro";"Múltipla";"Reta";"Sim";2;0;1;0;0;1;1;2;-27,236162;-48,630318;"SPRF-SC";"DEL04-SC";"UOP03-DEL04-SC"
785132;2026-07-13;"segunda-feira";"13:00:00";"SP";116;516;"CAJATI";"Reação tardia ou ineficiente do condutor";"Colisão com objeto";"Com Vítimas Feridas";"Pleno dia";"Decrescente";"Céu Claro";"Simples";"Curva";"Não";3;0;1;0;2;0;1;1;-24,8798075;-48,20922084;"SPRF-SP";"DEL05-SP";"UOP02-DEL05-SP"
785133;2026-07-13;"segunda-feira";"14:00:00";"RS";285;61,9;"BOM JESUS";"Acessar a via sem observar a presença dos outros veículos";"Colisão transversal";"Com Vítimas Feridas";"Pleno dia";"Decrescente";"Céu Claro";"Dupla";"Curva;Interseção de Vias;Rotatória";"Não";3;0;2;0;1;0;2;2;-28,65368767;-50,4346168;"SPRF-RS";"DEL05-RS";"UOP03-DEL05-RS"
785134;2026-07-13;"segunda-feira";"15:30:00";"SC";116;184;"SAO CRISTOVAO DO SUL";"Velocidade Incompatível";"Queda de ocupante de veículo";"Com Vítimas Feridas";"Pleno dia";"Decrescente";"Céu Claro";"Simples";"Rotatória";"Não";1;0;1;0;0;0;1;1;-27,30123498;-50,42562453;"SPRF-SC";"DEL05-SC";"UOP03-DEL05-SC"
785135;2026-07-13;"segunda-feira";"11:55:00";"RJ";465;21;"NOVA IGUACU";"Ausência de reação do condutor";"Colisão transversal";"Com Vítimas Feridas";"Pleno dia";"Crescente";"Céu Claro";"Simples";"Reta";"Sim";2;0;1;0;1;0;1;2;-22,856863;-43,601831;"SPRF-RJ";"DEL06-RJ";"UOP02-DEL06-RJ"
785136;2026-07-13;"segunda-feira";"07:35:00";"MA";135;22;"SAO LUIS";"Ausência de reação do condutor";"Colisão traseira";"Sem Vítimas";"Pleno dia";"Decrescente";"Céu Claro";"Dupla";"Reta";"Sim";2;0;0;0;1;1;0;2;-2,55957;-44,31418;"SPRF-MA";"DEL01-MA";"UOP01-DEL01-MA"
785137;2026-07-13;"segunda-feira";"15:00:00";"SC";163;73,6;"SAO MIGUEL DO OESTE";"Demais falhas na via";"Tombamento";"Com Vítimas Feridas";"Pleno dia";"Crescente";"Céu Claro";"Simples";"Reta;Declive";"Não";2;0;2;0;0;0;2;1;-26,7046778;-53,51344407;"SPRF-SC";"DEL07-SC";"UOP03-DEL07-SC"
785140;2026-07-13;"segunda-feira";"16:16:00";"GO";364;11;"SAO SIMAO";"Ausência de reação do condutor";"Saída de leito carroçável";"Sem Vítimas";"Pleno dia";"Decrescente";"Céu Claro";"Simples";"Reta";"Não";1;0;0;0;1;0;0;1;-18,983209;-50,585201;"SPRF-GO";"DEL05-GO";"UOP02-DEL05-GO"
785141;2026-07-13;"segunda-feira";"15:40:00";"PR";153;43;"SANTO ANTONIO DA PLATINA";"Ausência de reação do condutor";"Queda de ocupante de veículo";"Com Vítimas Feridas";"Pleno dia";"Crescente";"Céu Claro";"Dupla";"Reta";"Sim";2;0;2;0;0;0;2;1;-23,30689417;-50,07025405;"SPRF-PR";"DEL07-PR";"UOP04-DEL07-PR"
785144;2026-07-13;"segunda-feira";"15:00:00";"MG";40;511;"RIBEIRAO DAS NEVES";"Ausência de reação do condutor";"Colisão com objeto";"Sem Vítimas";"Pleno dia";"Crescente";"Céu Claro";"Simples";"Curva;Retorno Regulamentado";"Sim";1;0;0;0;1;0;0;1;-19,78378378;-44,11747686;"SPRF-MG";"DEL01-MG";"UOP02-DEL01-MG"
785145;2026-07-13;"segunda-feira";"16:31:00";"SP";116;282;"EMBU DAS ARTES";"Manobra de mudança de faixa";"Colisão traseira";"Sem Vítimas";"Pleno dia";"Decrescente";"Nublado";"Dupla";"Reta";"Sim";2;0;0;0;2;0;0;2;-23,667025;-46,854963;"SPRF-SP";"DEL04-SP";"UOP01-DEL04-SP"
785146;2026-07-13;"segunda-feira";"16:50:00";"SP";116;219;"GUARULHOS";"Ausência de reação do condutor";"Colisão com objeto";"Com Vítimas Feridas";"Pleno dia";"Decrescente";"Céu Claro";"Dupla";"Reta";"Sim";2;0;1;0;1;0;1;1;-23,461339;-46,488407;"SPRF-SP";"DEL01-SP";"UOP01-DEL01-SP"
785148;2026-07-13;"segunda-feira";"16:15:00";"ES";259;53;"COLATINA";"Transitar na contramão";"Colisão frontal";"Com Vítimas Feridas";"Pleno dia";"Crescente";"Nublado";"Simples";"Curva";"Não";2;0;0;2;0;0;2;2;-19,498038;-40,631613;"SPRF-ES";"DEL02-ES";"UOP01-DEL02-ES"
785149;2026-07-13;"segunda-feira";"05:55:00";"MA";135;115;"MIRANDA DO NORTE";"Transitar na contramão";"Colisão frontal";"Sem Vítimas";"Amanhecer";"Decrescente";"Céu Claro";"Simples";"Reta";"Sim";2;0;0;0;1;1;0;2;-3,47745;-44,53517;"SPRF-MA";"DEL01-MA";"UOP02-DEL01-MA"
785150;2026-07-13;"segunda-feira";"16:08:00";"SC";101;136;"BALNEARIO CAMBORIU";"Avarias e/ou desgaste excessivo no pneu";"Tombamento";"Com Vítimas Feridas";"Pleno dia";"Crescente";"Ignorado";"Múltipla";"Reta";"Sim";2;0;1;0;1;0;1;1;-27,0069847;-48,62020969;"SPRF-SC";"DEL04-SC";"UOP03-DEL04-SC"
785151;2026-07-13;"segunda-feira";"15:15:00";"MG";40;678,9;"CARANDAI";"Ausência de reação do condutor";"Saída de leito carroçável";"Com Vítimas Feridas";"Pleno dia";"Crescente";"Céu Claro";"Simples";"Reta";"Não";1;0;1;0;0;0;1;1;-21,0298435;-43,7804732;"SPRF-MG";"DEL05-MG";"UOP02-DEL05-MG"
785152;2026-07-13;"segunda-feira";"16:00:00";"MG";262;805;"UBERABA";"Ausência de reação do condutor";"Colisão com objeto";"Com Vítimas Feridas";"Pleno dia";"Crescente";"Céu Claro";"Dupla";"Reta";"Não";4;0;1;0;3;0;1;2;-19,7611209;-48,0322044;"SPRF-MG";"DEL13-MG";"UOP01-DEL13-MG"
785153;2026-07-13;"segunda-feira";"14:30:00";"RO";435;90;"COLORADO DO OESTE";"Reação tardia ou ineficiente do condutor";"Colisão traseira";"Sem Vítimas";"Pleno dia";"Decrescente";"Céu Claro";"Simples";"Reta";"Não";2;0;0;0;2;0;0;2;-13,168919;-60,545043;"SPRF-RO";"DEL04-RO";"UOP02-DEL04-RO"
785154;2026-07-13;"segunda-feira";"17:15:00";"RJ";101;66;"CAMPOS DOS GOYTACAZES";"Manobra de mudança de faixa";"Colisão lateral mesmo sentido";"Com Vítimas Feridas";"Pleno dia";"Decrescente";"Céu Claro";"Dupla";"Reta;Interseção de Vias";"Sim";3;0;2;0;1;0;2;2;-21,76084;-41,34791;"SPRF-RJ";"DEL08-RJ";"UOP02-DEL08-RJ"
785155;2026-07-13;"segunda-feira";"12:30:00";"RR";174;210;"RORAINOPOLIS";"Acessar a via sem observar a presença dos outros veículos";"Colisão transversal";"Com Vítimas Feridas";"Pleno dia";"Decrescente";"Sol";"Simples";"Reta;Interseção de Vias";"Sim";2;0;1;0;1;0;1;2;0,94281829;-60,42424679;"SPRF-RR";"DEL01-RR";"UOP02-DEL01-RR"
785156;2026-07-13;"segunda-feira";"17:10:00";"MG";40;555,1;"NOVA LIMA";"Pedestre andava na pista";"Atropelamento de Pedestre";"Com Vítimas Feridas";"Pleno dia";"Decrescente";"Céu Claro";"Dupla";"Reta";"Sim";3;0;1;0;2;0;1;3;-20,083003;-43,9781139;"SPRF-MG";"DEL01-MG";"UOP02-DEL01-MG"
785157;2026-07-13;"segunda-feira";"16:50:00";"BA";116;421;"FEIRA DE SANTANA";"Reação tardia ou ineficiente do condutor";"Colisão transversal";"Com Vítimas Feridas";"Pleno dia";"Crescente";"Céu Claro";"Dupla";"Rotatória";"Sim";3;0;2;0;1;0;2;2;-12,23032;-38,964907;"SPRF-BA";"DEL02-BA";"UOP01-DEL02-BA"
785158;2026-07-13;"segunda-feira";"17:30:00";"PR";277;74;"SAO JOSE DOS PINHAIS";"Condutor deixou de manter distância do veículo da frente";"Colisão traseira";"Com Vítimas Feridas";"Anoitecer";"Crescente";"Céu Claro";"Dupla";"Reta";"Não";2;0;1;0;1;0;1;2;-25,49428518;-49,16680648;"SPRF-PR";"DEL01-PR";"UOP08-DEL01-PR"
785159;2026-07-13;"segunda-feira";"17:00:00";"MG";381;430;"SABARA";"Reação tardia ou ineficiente do condutor";"Colisão transversal";"Com Vítimas Feridas";"Anoitecer";"Crescente";"Céu Claro";"Simples";"Reta";"Não";3;0;1;0;1;1;1;3;-19,78745542;-43,73978941;"SPRF-MG";"DEL01-MG";"UOP01-DEL01-MG"
785161;2026-07-13;"segunda-feira";"15:40:00";"SC";116;244;"LAGES";"Conversão proibida";"Colisão transversal";"Com Vítimas Feridas";"Pleno dia";"Decrescente";"Céu Claro";"Simples";"Curva;Declive";"Não";3;0;1;0;2;0;1;2;-27,78289788;-50,34725189;"SPRF-SC";"DEL05-SC";"UOP01-DEL05-SC"
785162;2026-07-13;"segunda-feira";"17:50:00";"SC";101;214,3;"PALHOCA";"Ausência de reação do condutor";"Colisão transversal";"Com Vítimas Feridas";"Plena Noite";"Crescente";"Nublado";"Simples";"Reta;Viaduto";"Sim";2;0;0;1;1;0;1;2;-27,64726;-48,67279;"SPRF-SC";"DEL01-SC";"UOP02-DEL01-SC"
785165;2026-07-13;"segunda-feira";"17:40:00";"RS";158;308;"ITAARA";"Acessar a via sem observar a presença dos outros veículos";"Colisão transversal";"Com Vítimas Feridas";"Anoitecer";"Decrescente";"Céu Claro";"Simples";"Reta;Aclive";"Sim";3;0;0;1;2;0;1;2;-29,59534255;-53,76697158;"SPRF-RS";"DEL09-RS";"UOP01-DEL09-RS"
785167;2026-07-13;"segunda-feira";"17:50:00";"SP";116;86;"PINDAMONHANGABA";"Objeto estático sobre o leito carroçável";"Colisão com objeto";"Com Vítimas Feridas";"Anoitecer";"Decrescente";"Céu Claro";"Dupla";"Reta";"Sim";1;0;1;0;0;0;1;1;-22,93563022;-45,37078857;"SPRF-SP";"DEL08-SP";"UOP01-DEL08-SP"
785168;2026-07-13;"segunda-feira";"18:05:00";"RJ";40;105;"DUQUE DE CAXIAS";"Entrada inopinada do pedestre";"Atropelamento de Pedestre";"Com Vítimas Feridas";"Plena Noite";"Crescente";"Céu Claro";"Múltipla";"Reta";"Sim";3;0;1;0;2;0;1;3;-22,6417052;-43,2833824;"SPRF-RJ";"DEL01-RJ";"UOP02-DEL01-RJ"
785169;2026-07-13;"segunda-feira";"15:10:00";"PI";316;310;"PICOS";"Acessar a via sem observar a presença dos outros veículos";"Colisão transversal";"Com Vítimas Feridas";"Pleno dia";"Decrescente";"Céu Claro";"Dupla";"Rotatória";"Sim";2;0;1;0;1;0;1;2;-7,07546801;-41,46727324;"SPRF-PI";"DEL04-PI";"UOP01-DEL04-PI"
785172;2026-07-13;"segunda-feira";"18:20:00";"RJ";40;122;"DUQUE DE CAXIAS";"Trafegar com motocicleta (ou similar) entre as faixas";"Colisão lateral mesmo sentido";"Com Vítimas Feridas";"Plena Noite";"Crescente";"Nublado";"Múltipla";"Reta";"Não";3;0;1;0;2;0;1;2;-22,78914;-43,28556;"SPRF-RJ";"DEL01-RJ";"UOP02-DEL01-RJ"
785173;2026-07-13;"segunda-feira";"17:20:00";"RO";0;0;"PORTO VELHO";"Desrespeitar a preferência no cruzamento";"Colisão transversal";"Com Vítimas Feridas";"Pleno dia";"Não Informado";"Céu Claro";"Simples";"Interseção de Vias";"Sim";2;0;1;0;1;0;1;2;-8,791458;-63,88794;"SPRF-RO";"DEL01-RO";"UOP01-DEL01-RO"
785174;2026-07-13;"segunda-feira";"14:00:00";"PR";277;345,8;"GUARAPUAVA";"Acostamento em desnível";"Saída de leito carroçável";"Com Vítimas Feridas";"Pleno dia";"Decrescente";"Céu Claro";"Dupla";"Reta";"Sim";1;0;1;0;0;0;1;1;-25,346137;-51,446542;"SPRF-PR";"DEL08-PR";"UOP01-DEL08-PR"
785176;2026-07-13;"segunda-feira";"11:30:00";"MT";163;119;"RONDONOPOLIS";"Trafegar com motocicleta (ou similar) entre as faixas";"Colisão lateral mesmo sentido";"Com Vítimas Feridas";"Pleno dia";"Crescente";"Céu Claro";"Dupla";"Reta";"Não";2;0;1;0;1;0;1;2;-16,49273029;-54,64694593;"SPRF-MT";"DEL02-MT";"UOP01-DEL02-MT"
785179;2026-07-13;"segunda-feira";"19:00:00";"GO";60;169,5;"GOIANIA";"Acessar a via sem observar a presença dos outros veículos";"Colisão lateral mesmo sentido";"Com Vítimas Feridas";"Plena Noite";"Decrescente";"Céu Claro";"Dupla";"Reta;Aclive";"Sim";2;0;1;0;1;0;1;2;-16,735552;-49,402853;"SPRF-GO";"DEL01-GO";"UOP02-DEL01-GO"