"id";"data_inversa";"dia_semana";"horario";"uf";"br";"km";"municipio";"causa_acidente";"tipo_acidente";"classificacao_acidente";"fase_dia";"sentido_via";"condicao_metereologica";"tipo_pista";"tracado_via";"uso_solo";"pessoas";"mortos";"feridos_leves";"feridos_graves";"ilesos";"ignorados";"feridos";"veiculos";"latitude";"longitude";"regional";"delegacia";"uop"
785295;2026-07-14;"terça-feira";"08:00:00";"MT";70;1;"BARRA DO GARCAS";"Condutor desrespeitou a iluminação vermelha do semáforo";"Colisão transversal";"Com Vítimas Feridas";"Pleno dia";"Crescente";"Sol";"Simples";"Reta;Interseção de Vias";"Sim";2;0;1;0;1;0;1;2;-15,89087412;-52,26300359;"SPRF-MT";"DEL07-MT";"UOP01-DEL07-MT"
785296;2026-07-14;"terça-feira";"13:10:00";"MG";381;841,2;"SAO SEBASTIAO DA BELA VISTA";"Condutor deixou de manter distância do veículo da frente";"Colisão traseira";"Com Vítimas Feridas";"Pleno dia";"Crescente";"Céu Claro";"Dupla";"Reta";"Não";3;0;1;0;1;1;1;2;-22,1747823;-45,83947627;"SPRF-MG";"DEL16-MG";"UOP01-DEL16-MG"
785297;2026-07-02;"quinta-feira";"09:30:00";"PR";376;175,2;"MARINGA";"Acumulo de areia ou detritos sobre o pavimento";"Tombamento";"Com Vítimas Feridas";"Pleno dia";"Decrescente";"Ignorado";"Dupla";"Reta;Declive";"Sim";1;0;0;1;0;0;1;1;-23,413332;-51,94685;"SPRF-PR";"DEL09-PR";"UOP01-DEL09-PR"
785299;2026-07-14;"terça-feira";"13:30:00";"SC";101;354,6;"SANGAO";"Reação tardia ou ineficiente do condutor";"Saída de leito carroçável";"Com Vítimas Feridas";"Pleno dia";"Crescente";"Céu Claro";"Dupla";"Reta;Aclive";"Não";1;0;1;0;0;0;1;1;-28,62751306;-49,08372148;"SPRF-SC";"DEL02-SC";"UOP01-DEL02-SC"
785300;2026-07-02;"quinta-feira";"16:30:00";"MA";10;257;"IMPERATRIZ";"Conversão proibida";"Colisão transversal";"Com Vítimas Feridas";"Pleno dia";"Decrescente";"Céu Claro";"Simples";"Reta";"Sim";2;0;1;0;1;0;1;2;-5,49037;-47,47203;"SPRF-MA";"DEL04-MA";"UOP01-DEL04-MA"
785301;2026-07-14;"terça-feira";"13:45:00";"TO";10;438;"PORTO NACIONAL";"Ausência de reação do condutor";"Colisão traseira";"Sem Vítimas";"Pleno dia";"Decrescente";"Céu Claro";"Simples";"Reta";"Não";4;0;0;0;4;0;0;2;-10,450988;-48,315755;"SPRF-TO";"DEL01-TO";"UOP03-DEL01-TO"
785302;2026-07-14;"terça-feira";"12:50:00";"PR";369;93,9;"CORNELIO PROCOPIO";"Demais falhas mecânicas ou elétricas";"Incêndio";"Sem Vítimas";"Pleno dia";"Crescente";"Céu Claro";"Dupla";"Curva;Aclive";"Não";1;0;0;0;1;0;0;1;-23,21237587;-50,6682466;"SPRF-PR";"DEL07-PR";"UOP05-DEL07-PR"
785303;2026-07-14;"terça-feira";"13:20:00";"PR";116;93;"SAO JOSE DOS PINHAIS";"Reação tardia ou ineficiente do condutor";"Saída de leito carroçável";"Com Vítimas Feridas";"Pleno dia";"Decrescente";"Céu Claro";"Dupla";"Curva";"Não";1;0;1;0;0;0;1;1;-25,5138707;-49,12836727;"SPRF-PR";"DEL01-PR";"UOP08-DEL01-PR"
785305;2026-07-14;"terça-feira";"12:15:00";"MG";267;72,3;"JUIZ DE FORA";"Reação tardia ou ineficiente do condutor";"Saída de leito carroçável";"Com Vítimas Feridas";"Pleno dia";"Decrescente";"Céu Claro";"Simples";"Curva";"Não";2;0;1;0;0;1;1;2;-21,76045631;-43,22227478;"SPRF-MG";"DEL05-MG";"UOP01-DEL05-MG"
785306;2026-07-14;"terça-feira";"13:50:00";"MG";40;517,6;"RIBEIRAO DAS NEVES";"Acessar a via sem observar a presença dos outros veículos";"Colisão transversal";"Com Vítimas Feridas";"Pleno dia";"Crescente";"Céu Claro";"Dupla";"Reta";"Sim";2;0;1;0;1;0;1;2;-19,82945692;-44,08359567;"SPRF-MG";"DEL01-MG";"UOP02-DEL01-MG"
785307;2026-06-18;"quinta-feira";"08:00:00";"DF";70;1;"BRASILIA";"Velocidade Incompatível";"Colisão lateral mesmo sentido";"Com Vítimas Feridas";"Pleno dia";"Crescente";"Nublado";"Simples";"Reta";"Sim";3;0;2;0;1;0;2;3;-15,79444669;-48,06142366;"SPRF-DF";"DEL03-DF";"UOP02-DEL03-DF"
785309;2026-07-06;"segunda-feira";"21:42:00";"BA";20;17;"SAO DESIDERIO";"Reação tardia ou ineficiente do condutor";"Colisão traseira";"Com Vítimas Feridas";"Plena Noite";"Crescente";"Vento";"Simples";"Reta";"Não";7;0;5;0;2;0;5;3;-13;-46;"SPRF-BA";"DEL10-BA";"UOP02-DEL10-BA"
785310;2026-07-14;"terça-feira";"11:48:00";"RO";364;236,6;"CACOAL";"Condutor desrespeitou a iluminação vermelha do semáforo";"Colisão lateral mesmo sentido";"Com Vítimas Feridas";"Pleno dia";"Decrescente";"Céu Claro";"Simples";"Reta";"Sim";2;0;1;0;1;0;1;2;-11,44394;-61,445127;"SPRF-RO";"DEL02-RO";"UOP02-DEL02-RO"
785311;2026-06-01;"segunda-feira";"08:20:00";"PE";407;129;"PETROLINA";"Acessar a via sem observar a presença dos outros veículos";"Colisão transversal";"Com Vítimas Feridas";"Pleno dia";"Crescente";"Céu Claro";"Dupla";"Interseção de Vias;Rotatória;Declive";"Sim";2;0;1;0;1;0;1;2;-9,39942273;-40,50446749;"SPRF-PE";"DEL06-PE";"UOP01-DEL06-PE"
785314;2026-07-14;"terça-feira";"12:40:00";"CE";116;469;"MILAGRES";"Acessar a via sem observar a presença dos outros veículos";"Colisão transversal";"Com Vítimas Feridas";"Pleno dia";"Crescente";"Céu Claro";"Simples";"Reta";"Não";2;0;1;0;1;0;1;2;-7,269325;-38,848147;"SPRF-CE";"DEL05-CE";"UOP03-DEL05-CE"
785315;2026-07-14;"terça-feira";"08:39:00";"MT";70;732;"CACERES";"Acessar a via sem observar a presença dos outros veículos";"Colisão transversal";"Com Vítimas Feridas";"Pleno dia";"Crescente";"Céu Claro";"Simples";"Reta";"Sim";2;0;1;0;1;0;1;2;-16,09174407;-57,68306047;"SPRF-MT";"DEL03-MT";"UOP01-DEL03-MT"
785316;2026-07-14;"terça-feira";"14:50:00";"RS";116;151,8;"CAXIAS DO SUL";"Ingestão de álcool pelo condutor";"Colisão com objeto";"Com Vítimas Feridas";"Pleno dia";"Crescente";"Sol";"Múltipla";"Curva";"Sim";2;0;1;0;1;0;1;1;-29,1829812;-51,1671407;"SPRF-RS";"DEL05-RS";"UOP01-DEL05-RS"
785318;2026-07-14;"terça-feira";"15:10:00";"MG";365;621;"UBERLANDIA";"Ausência de reação do condutor";"Colisão lateral mesmo sentido";"Com Vítimas Feridas";"Pleno dia";"Decrescente";"Céu Claro";"Dupla";"Reta";"Sim";2;0;1;0;1;0;1;2;-18,89189125;-48,27151649;"SPRF-MG";"DEL15-MG";"UOP01-DEL15-MG"
785319;2026-07-14;"terça-feira";"15:50:00";"RS";116;225;"DOIS IRMAOS";"Ausência de reação do condutor";"Tombamento";"Com Vítimas Feridas";"Pleno dia";"Crescente";"Céu Claro";"Simples";"Curva";"Sim";2;0;0;1;1;0;1;2;-29,5908072;-51,1092627;"SPRF-RS";"DEL01-RS";"UOP02-DEL01-RS"
785320;2026-07-14;"terça-feira";"15:40:00";"SP";101;43;"UBATUBA";"Reação tardia ou ineficiente do condutor";"Colisão traseira";"Com Vítimas Feridas";"Pleno dia";"Decrescente";"Céu Claro";"Simples";"Curva";"Sim";3;0;2;0;1;0;2;2;-23,40839345;-45,0617644;"SPRF-SP";"DEL06-SP";"UOP01-DEL06-SP"
785321;2026-07-14;"terça-feira";"15:15:00";"SC";153;99,2;"CONCORDIA";"Acessar a via sem observar a presença dos outros veículos";"Colisão transversal";"Com Vítimas Feridas";"Pleno dia";"Decrescente";"Céu Claro";"Simples";"Interseção de Vias";"Não";2;0;0;1;1;0;1;2;-27,243355;-51,95142;"SPRF-SC";"DEL07-SC";"UOP04-DEL07-SC"
785322;2026-07-14;"terça-feira";"14:45:00";"RO";421;0,1;"ARIQUEMES";"Acessar a via sem observar a presença dos outros veículos";"Colisão transversal";"Com Vítimas Feridas";"Pleno dia";"Crescente";"Céu Claro";"Simples";"Reta;Interseção de Vias";"Sim";3;0;1;0;2;0;1;2;-9,916522;-63,056767;"SPRF-RO";"DEL03-RO";"UOP01-DEL03-RO"
785323;2026-07-14;"terça-feira";"15:30:00";"RS";392;718,5;"PORTO XAVIER";"Condutor deixou de manter distância do veículo da frente";"Colisão lateral mesmo sentido";"Com Vítimas Feridas";"Pleno dia";"Decrescente";"Sol";"Simples";"Reta";"Não";2;0;1;0;1;0;1;2;-27,93174923;-55,13585329;"SPRF-RS";"DEL10-RS";"UOP01-DEL10-RS"
785325;2026-07-14;"terça-feira";"16:24:00";"PE";232;11,9;"JABOATAO DOS GUARARAPES";"Ausência de reação do condutor";"Saída de leito carroçável";"Com Vítimas Feridas";"Pleno dia";"Decrescente";"Céu Claro";"Dupla";"Reta;Aclive";"Não";4;0;4;0;0;0;4;1;-8,085837;-35,002618;"SPRF-PE";"DEL01-PE";"UOP01-DEL01-PE"
785327;2026-07-14;"terça-feira";"15:15:00";"SC";101;327;"CAPIVARI DE BAIXO";"Manobra de mudança de faixa";"Colisão lateral mesmo sentido";"Com Vítimas Feridas";"Pleno dia";"Decrescente";"Sol";"Múltipla";"Viaduto;Declive;Reta";"Sim";2;0;0;1;1;0;1;2;-28,43898739;-48,96201968;"SPRF-SC";"DEL02-SC";"UOP01-DEL02-SC"
785329;2026-07-14;"terça-feira";"16:50:00";"MG";40;552,5;"NOVA LIMA";"Condutor deixou de manter distância do veículo da frente";"Engavetamento";"Sem Vítimas";"Pleno dia";"Decrescente";"Céu Claro";"Dupla";"Reta;Declive";"Sim";9;0;0;0;9;0;0;8;-20,06051931;-43,97687405;"SPRF-MG";"DEL01-MG";"UOP02-DEL01-MG"
785332;2026-07-14;"terça-feira";"15:20:00";"MG";116;527,4;"CARATINGA";"Acessar a via sem observar a presença dos outros veículos";"Colisão transversal";"Com Vítimas Feridas";"Pleno dia";"Decrescente";"Céu Claro";"Dupla";"Reta;Retorno Regulamentado";"Sim";3;0;3;0;0;0;3;2;-19,79216;-42,13732;"SPRF-MG";"DEL06-MG";"UOP02-DEL06-MG"
785334;2026-07-14;"terça-feira";"16:40:00";"GO";60;176,2;"ABADIA DE GOIAS";"Demais falhas mecânicas ou elétricas";"Saída de leito carroçável";"Com Vítimas Feridas";"Pleno dia";"Decrescente";"Céu Claro";"Dupla";"Reta;Aclive";"Não";2;0;1;0;1;0;1;1;-16,760825;-49,458635;"SPRF-GO";"DEL01-GO";"UOP02-DEL01-GO"
785335;2026-07-14;"terça-feira";"15:40:00";"MS";60;593;"JARDIM";"Acessar a via sem observar a presença dos outros veículos";"Colisão lateral mesmo sentido";"Com Vítimas Feridas";"Pleno dia";"Crescente";"Sol";"Simples";"Reta";"Sim";2;0;2;0;0;0;2;2;-21,485819;-56,151384;"SPRF-MS";"DEL05-MS";"UOP01-DEL05-MS"
785338;2026-07-14;"terça-feira";"13:30:00";"PR";277;521,7;"GUARANIACU";"Acessar a via sem observar a presença dos outros veículos";"Colisão transversal";"Com Vítimas Feridas";"Pleno dia";"Crescente";"Céu Claro";"Simples";"Reta;Rotatória";"Não";3;0;1;0;2;0;1;2;-25,107624;-52,86009;"SPRF-PR";"DEL04-PR";"UOP04-DEL04-PR"
785339;2026-07-14;"terça-feira";"17:30:00";"PR";116;124;"CURITIBA";"Trafegar com motocicleta (ou similar) entre as faixas";"Colisão lateral mesmo sentido";"Com Vítimas Feridas";"Anoitecer";"Crescente";"Nublado";"Dupla";"Reta;Ponte";"Não";5;0;0;2;3;0;2;4;-25,62300258;-49,3158567;"SPRF-PR";"DEL01-PR";"UOP03-DEL01-PR"
785340;2026-07-14;"terça-feira";"17:40:00";"RS";448;16;"CANOAS";"Objeto estático sobre o leito carroçável";"Tombamento";"Com Vítimas Feridas";"Pleno dia";"Decrescente";"Céu Claro";"Múltipla";"Reta";"Não";1;0;1;0;0;0;1;1;-29,94150753;-51,20522846;"SPRF-RS";"DEL01-RS";"UOP01-DEL01-RS"
785341;2026-07-14;"terça-feira";"16:06:00";"PI";343;252,9;"CAMPO MAIOR";"Manobra de mudança de faixa";"Colisão lateral mesmo sentido";"Com Vítimas Feridas";"Pleno dia";"Decrescente";"Céu Claro";"Simples";"Reta";"Não";2;0;0;1;1;0;1;2;-4,74664691;-42,11226404;"SPRF-PI";"DEL01-PI";"UOP03-DEL01-PI"
785343;2026-07-14;"terça-feira";"10:00:00";"RJ";101;303;"SAO GONCALO";"Reação tardia ou ineficiente do condutor";"Queda de ocupante de veículo";"Com Vítimas Feridas";"Pleno dia";"Crescente";"Céu Claro";"Dupla";"Reta";"Não";1;0;1;0;0;0;1;1;-22,7826158;-42,97678677;"SPRF-RJ";"DEL02-RJ";"UOP02-DEL02-RJ"
785344;2026-07-14;"terça-feira";"16:30:00";"GO";70;7;"AGUAS LINDAS DE GOIAS";"Pedestre cruzava a pista fora da faixa";"Atropelamento de Pedestre";"Com Vítimas Feridas";"Pleno dia";"Crescente";"Céu Claro";"Dupla";"Reta";"Sim";3;0;3;0;0;0;3;2;-15,737723;-48,273642;"SPRF-DF";"DEL03-DF";"UOP02-DEL03-DF"
785345;2026-07-14;"terça-feira";"18:00:00";"RJ";101;278;"TANGUA";"Velocidade Incompatível";"Saída de leito carroçável";"Com Vítimas Feridas";"Plena Noite";"Crescente";"Nublado";"Dupla";"Curva";"Não";2;0;0;2;0;0;2;1;-22,739532;-42,757459;"SPRF-RJ";"DEL02-RJ";"UOP03-DEL02-RJ"
785346;2026-07-14;"terça-feira";"17:35:00";"TO";10;463,6;"PALMAS";"Ausência de reação do condutor";"Colisão lateral mesmo sentido";"Com Vítimas Feridas";"Pleno dia";"Decrescente";"Sol";"Dupla";"Reta";"Sim";3;0;1;1;1;0;2;2;-10,23029;-48,3101;"SPRF-TO";"DEL01-TO";"UOP03-DEL01-TO"
785347;2026-07-14;"terça-feira";"18:00:00";"RS";116;234;"IVOTI";"Reação tardia ou ineficiente do condutor";"Colisão traseira";"Com Vítimas Feridas";"Plena Noite";"Decrescente";"Céu Claro";"Dupla";"Reta";"Não";2;0;1;0;1;0;1;2;-29,62685851;-51,13819091;"SPRF-RS";"DEL01-RS";"UOP02-DEL01-RS"
785349;2026-07-14;"terça-feira";"18:10:00";"ES";101;172,1;"ARACRUZ";"Animais na Pista";"Atropelamento de Animal";"Com Vítimas Feridas";"Plena Noite";"Crescente";"Céu Claro";"Simples";"Reta";"Não";1;0;1;0;0;0;1;1;-19,56617934;-40,17979145;"SPRF-ES";"DEL04-ES";"UOP01-DEL04-ES"
785350;2026-07-14;"terça-feira";"15:10:00";"MG";262;837,5;"CONCEICAO DAS ALAGOAS";"Demais falhas mecânicas ou elétricas";"Saída de leito carroçável";"Com Vítimas Feridas";"Pleno dia";"Decrescente";"Céu Claro";"Dupla";"Reta";"Não";5;0;4;0;0;1;4;2;-19,757713;-48,319173;"SPRF-MG";"DEL13-MG";"UOP01-DEL13-MG"
785351;2026-07-14;"terça-feira";"18:10:00";"SC";101;212;"PALHOCA";"Condutor deixou de manter distância do veículo da frente";"Colisão traseira";"Sem Vítimas";"Plena Noite";"Crescente";"Céu Claro";"Múltipla";"Reta";"Não";4;0;0;0;4;0;0;4;-27,62345305;-48,65393579;"SPRF-SC";"DEL01-SC";"UOP02-DEL01-SC"
785352;2026-07-14;"terça-feira";"16:10:00";"RO";364;374;"OURO PRETO DO OESTE";"Acessar a via sem observar a presença dos outros veículos";"Colisão transversal";"Com Vítimas Feridas";"Pleno dia";"Crescente";"Sol";"Simples";"Reta";"Não";4;0;1;0;3;0;1;2;-10,74381052;-62,17925858;"SPRF-RO";"DEL02-RO";"UOP01-DEL02-RO"
785353;2026-07-14;"terça-feira";"18:00:00";"RJ";393;206;"VASSOURAS";"Entrada inopinada do pedestre";"Atropelamento de Pedestre";"Com Vítimas Fatais";"Plena Noite";"Decrescente";"Nublado";"Simples";"Reta";"Não";2;1;0;0;1;0;0;2;-22,26482209;-43,45174503;"SPRF-RJ";"DEL05-RJ";"UOP03-DEL05-RJ"
785354;2026-07-14;"terça-feira";"20:30:00";"MT";70;282,1;"PRIMAVERA DO LESTE";"Transitar no Acostamento";"Colisão traseira";"Com Vítimas Feridas";"Plena Noite";"Decrescente";"Céu Claro";"Simples";"Interseção de Vias";"Sim";2;0;0;1;1;0;1;2;-15,56549185;-54,30210024;"SPRF-MT";"DEL05-MT";"UOP01-DEL05-MT"
785355;2026-07-14;"terça-feira";"21:26:00";"SC";101;138,4;"BALNEARIO CAMBORIU";"Reação tardia ou ineficiente do condutor";"Colisão traseira";"Com Vítimas Feridas";"Plena Noite";"Crescente";"Nublado";"Dupla";"Interseção de Vias;Reta";"Sim";2;0;2;0;0;0;2;2;-27,02632836;-48,60674417;"SPRF-SC";"DEL04-SC";"UOP03-DEL04-SC"
785358;2026-07-14;"terça-feira";"18:15:00";"PB";104;71,4;"ALGODAO DE JANDAIRA";"Reação tardia ou ineficiente do condutor";"Colisão traseira";"Com Vítimas Feridas";"Plena Noite";"Crescente";"Céu Claro";"Simples";"Interseção de Vias;Reta";"Não";3;0;1;1;0;1;2;3;-6,8884743;-35,9163007;"SPRF-PB";"DEL02-PB";"UOP04-DEL02-PB"
785360;2026-07-14;"terça-feira";"21:35:00";"PB";230;24,3;"JOAO PESSOA";"Pista esburacada";"Tombamento";"Com Vítimas Feridas";"Plena Noite";"Crescente";"Céu Claro";"Dupla";"Viaduto;Reta";"Sim";2;0;2;0;0;0;2;1;-7,16847977;-34,86467647;"SPRF-PB";"DEL01-PB";"UOP01-DEL01-PB"
785361;2026-07-14;"terça-feira";"19:30:00";"AL";423;67,1;"AGUA BRANCA";"Ingestão de álcool pelo condutor";"Colisão com objeto";"Sem Vítimas";"Plena Noite";"Crescente";"Céu Claro";"Simples";"Ponte;Reta";"Não";1;0;0;0;1;0;0;1;-9,30145;-37,87295;"SPRF-AL";"DEL03-AL";"UOP02-DEL03-AL"
785364;2026-07-14;"terça-feira";"19:50:00";"PE";101;64;"RECIFE";"Acesso irregular";"Colisão transversal";"Com Vítimas Feridas";"Plena Noite";"Decrescente";"Céu Claro";"Simples";"Reta";"Sim";3;0;1;0;1;1;1;2;-7,999852;-34,938655;"SPRF-PE";"DEL01-PE";"UOP01-DEL01-PE"
785367;2026-07-14;"terça-feira";"21:47:00";"GO";40;5,6;"VALPARAISO DE GOIAS";"Ausência de reação do condutor";"Saída de leito carroçável";"Sem Vítimas";"Plena Noite";"Crescente";"Céu Claro";"Dupla";"Reta";"Não";1;0;0;0;0;1;0;1;-16,099928;-47,977812;"SPRF-DF";"DEL01-DF";"UOP01-DEL01-DF"
785370;2026-07-14;"terça-feira";"19:00:00";"GO";40;4;"VALPARAISO DE GOIAS";"Ausência de reação do condutor";"Colisão lateral mesmo sentido";"Com Vítimas Feridas";"Pleno dia";"Crescente";"Céu Claro";"Dupla";"Reta";"Não";2;0;1;0;1;0;1;2;-16,07892352;-47,98616985;"SPRF-DF";"DEL01-DF";"UOP01-DEL01-DF"
785372;2026-07-14;"terça-feira";"20:14:00";"MT";364;273,3;"JACIARA";"Reação tardia ou ineficiente do condutor";"Queda de ocupante de veículo";"Com Vítimas Feridas";"Plena Noite";"Crescente";"Céu Claro";"Dupla";"Reta";"Sim";1;0;1;0;0;0;1;1;-15,958422;-54,972181;"SPRF-MT";"DEL05-MT";"UOP02-DEL05-MT"
785373;2026-07-14;"terça-feira";"20:54:00";"PR";369;83,9;"CORNELIO PROCOPIO";"Transitar na contramão";"Colisão frontal";"Com Vítimas Fatais";"Plena Noite";"Crescente";"Céu Claro";"Simples";"Curva";"Não";2;1;1;0;0;0;1;2;-23,16713715;-50,6109759;"SPRF-PR";"DEL07-PR";"UOP05-DEL07-PR"
785374;2026-07-14;"terça-feira";"17:15:00";"MG";116;326;"RIO PRETO";"Transitar na contramão";"Colisão frontal";"Com Vítimas Feridas";"Pleno dia";"Crescente";"Céu Claro";"Simples";"Interseção de Vias";"Não";7;0;3;0;4;0;3;2;-22;-44;"SPRF-MG";"DEL11-MG";"UOP01-DEL11-MG"
785375;2026-07-14;"terça-feira";"19:00:00";"MG";116;415;"GOVERNADOR VALADARES";"Acessar a via sem observar a presença dos outros veículos";"Colisão lateral mesmo sentido";"Com Vítimas Feridas";"Plena Noite";"Crescente";"Nublado";"Simples";"Reta";"Sim";2;0;0;1;0;1;1;2;-18,89237025;-41,94715261;"SPRF-MG";"DEL06-MG";"UOP01-DEL06-MG"
785376;2026-07-14;"terça-feira";"18:35:00";"RJ";101;409,8;"ITAGUAI";"Entrada inopinada do pedestre";"Atropelamento de Pedestre";"Com Vítimas Fatais";"Plena Noite";"Crescente";"Nublado";"Dupla";"Reta";"Sim";2;1;0;0;1;0;0;2;-22,891485;-43,842168;"SPRF-RJ";"DEL03-RJ";"UOP01-DEL03-RJ"
785377;2026-07-14;"terça-feira";"18:20:00";"RO";319;141;"PORTO VELHO";"Ausência de reação do condutor";"Tombamento";"Com Vítimas Feridas";"Anoitecer";"Crescente";"Céu Claro";"Dupla";"Interseção de Vias";"Sim";2;0;1;0;1;0;1;2;-8,74480811;-63,88913439;"SPRF-RO";"DEL01-RO";"UOP01-DEL01-RO"
785381;2026-07-14;"terça-feira";"23:00:00";"PR";277;689;"SAO MIGUEL DO IGUACU";"Acessar a via sem observar a presença dos outros veículos";"Colisão transversal";"Sem Vítimas";"Pleno dia";"Decrescente";"Céu Claro";"Dupla";"Declive;Retorno Regulamentado";"Sim";2;0;0;0;2;0;0;2;-25,34479885;-54,23033953;"SPRF-PR";"DEL05-PR";"UOP01-DEL05-PR"
785382;2026-07-14;"terça-feira";"17:30:00";"SC";101;104;"BALNEARIO PICARRAS";"Transitar no Acostamento";"Queda de ocupante de veículo";"Com Vítimas Feridas";"Pleno dia";"Crescente";"Nublado";"Dupla";"Reta";"Não";1;0;0;1;0;0;1;1;-26,79509375;-48,67951585;"SPRF-SC";"DEL03-SC";"UOP02-DEL03-SC"
785383;2026-07-14;"terça-feira";"18:00:00";"ES";101;146,5;"LINHARES";"Velocidade Incompatível";"Tombamento";"Com Vítimas Feridas";"Anoitecer";"Decrescente";"Céu Claro";"Múltipla";"Reta;Declive";"Sim";2;0;1;0;0;1;1;2;-19,37497736;-40,06589262;"SPRF-ES";"DEL04-ES";"UOP01-DEL04-ES"
785384;2026-07-14;"terça-feira";"19:30:00";"GO";153;178,6;"CAMPINORTE";"Acostamento em desnível";"Saída de leito carroçável";"Sem Vítimas";"Plena Noite";"Decrescente";"Céu Claro";"Dupla";"Declive;Em Obras;Reta";"Sim";1;0;0;0;1;0;0;1;-14,341748;-49,15618;"SPRF-GO";"DEL07-GO";"UOP02-DEL07-GO"
785385;2026-07-14;"terça-feira";"19:00:00";"BA";101;505;"ITABUNA";"Ausência de reação do condutor";"Queda de ocupante de veículo";"Com Vítimas Feridas";"Plena Noite";"Decrescente";"Céu Claro";"Simples";"Reta;Declive";"Não";1;0;0;1;0;0;1;1;-14,77874682;-39,2889953;"SPRF-BA";"DEL05-BA";"UOP01-DEL05-BA"
785386;2026-07-14;"terça-feira";"17:52:00";"BA";324;626,5;"SALVADOR";"Demais falhas mecânicas ou elétricas";"Tombamento";"Com Vítimas Fatais";"Anoitecer";"Crescente";"Chuva";"Dupla";"Reta";"Sim";3;1;0;1;1;0;1;2;-12,96068681;-38,47426415;"SPRF-BA";"DEL01-BA";"UOP01-DEL01-BA"
785387;2026-07-15;"quarta-feira";"02:12:00";"PI";343;4,2;"TERESINA";"Ausência de reação do condutor";"Colisão com objeto";"Com Vítimas Feridas";"Plena Noite";"Decrescente";"Céu Claro";"Dupla";"Ponte;Reta";"Sim";1;0;1;0;0;0;1;1;-5,083583;-42,79712;"SPRF-PI";"DEL01-PI";"UOP01-DEL01-PI"
785388;2026-07-15;"quarta-feira";"01:30:00";"ES";101;293,9;"CARIACICA";"Velocidade Incompatível";"Saída de leito carroçável";"Com Vítimas Feridas";"Plena Noite";"Crescente";"Céu Claro";"Simples";"Curva;Aclive";"Sim";2;0;2;0;0;0;2;1;-20,32265987;-40,3953859;"SPRF-ES";"DEL01-ES";"UOP01-DEL01-ES"
785391;2026-07-14;"terça-feira";"18:13:00";"SC";116;144,6;"SANTA CECILIA";"Velocidade Incompatível";"Saída de leito carroçável";"Com Vítimas Feridas";"Anoitecer";"Crescente";"Céu Claro";"Simples";"Curva";"Não";2;0;1;1;0;0;2;1;-26,9960167;-50,4024833;"SPRF-SC";"DEL06-SC";"UOP02-DEL06-SC"
785392;2026-07-15;"quarta-feira";"01:27:00";"MT";364;25;"ALTO ARAGUAIA";"Ausência de reação do condutor";"Colisão com objeto";"Com Vítimas Feridas";"Plena Noite";"Decrescente";"Céu Claro";"Simples";"Ponte;Curva;Declive";"Não";1;0;1;0;0;0;1;1;-17,33774837;-53,27178977;"SPRF-MT";"DEL02-MT";"UOP02-DEL02-MT"
785396;2026-07-15;"quarta-feira";"04:20:00";"GO";60;78,8;"ANAPOLIS";"Ausência de reação do condutor";"Queda de ocupante de veículo";"Com Vítimas Feridas";"Plena Noite";"Decrescente";"Céu Claro";"Dupla";"Retorno Regulamentado;Declive";"Não";1;0;0;1;0;0;1;1;-16,29989649;-48,81031305;"SPRF-GO";"DEL02-GO";"UOP01-DEL02-GO"
785397;2026-07-15;"quarta-feira";"04:19:00";"TO";153;504,5;"PARAISO DO TOCANTINS";"Ausência de reação do condutor";"Saída de leito carroçável";"Com Vítimas Feridas";"Amanhecer";"Crescente";"Céu Claro";"Simples";"Reta";"Não";1;0;1;0;0;0;1;1;-10,24018;-48,8775;"SPRF-TO";"DEL01-TO";"UOP01-DEL01-TO"
785400;2026-07-14;"terça-feira";"19:20:00";"SC";101;216,1;"PALHOCA";"Acumulo de óleo sobre o pavimento";"Tombamento";"Com Vítimas Feridas";"Plena Noite";"Crescente";"Nublado";"Dupla";"Viaduto";"Sim";2;0;2;0;0;0;2;1;-27,6626538;-48,67624577;"SPRF-SC";"DEL01-SC";"UOP02-DEL01-SC"
785401;2026-07-14;"terça-feira";"18:30:00";"SC";282;569,9;"NOVA ERECHIM";"Desrespeitar a preferência no cruzamento";"Colisão transversal";"Com Vítimas Feridas";"Anoitecer";"Crescente";"Céu Claro";"Simples";"Rotatória";"Não";2;0;1;0;1;0;1;2;-26,896311;-52,91872;"SPRF-SC";"DEL07-SC";"UOP02-DEL07-SC"
785402;2026-07-14;"terça-feira";"18:43:00";"MG";116;275;"TEOFILO OTONI";"Afundamento ou ondulação no pavimento";"Saída de leito carroçável";"Com Vítimas Feridas";"Plena Noite";"Crescente";"Nublado";"Simples";"Curva";"Sim";2;0;1;0;1;0;1;2;-17,845657;-41,515452;"SPRF-MG";"DEL11-MG";"UOP01-DEL11-MG"
785404;2026-07-14;"terça-feira";"15:10:00";"MG";251;258;"TAIOBEIRAS";"Velocidade Incompatível";"Saída de leito carroçável";"Com Vítimas Feridas";"Pleno dia";"Decrescente";"Nublado";"Simples";"Curva";"Não";2;0;0;1;1;0;1;1;-16,006732;-41,927278;"SPRF-MG";"DEL12-MG";"UOP02-DEL12-MG"