"id";"data_inversa";"dia_semana";"horario";"uf";"br";"km";"municipio";"causa_acidente";"tipo_acidente";"classificacao_acidente";"fase_dia";"sentido_via";"condicao_metereologica";"tipo_pista";"tracado_via";"uso_solo";"pessoas";"mortos";"feridos_leves";"feridos_graves";"ilesos";"ignorados";"feridos";"veiculos";"latitude";"longitude";"regional";"delegacia";"uop"
785405;2026-07-15;"quarta-feira";"06:00:00";"PB";101;102,5;"ALHANDRA";"Demais falhas mecânicas ou elétricas";"Tombamento";"Com Vítimas Feridas";"Pleno dia";"Decrescente";"Céu Claro";"Dupla";"Reta";"Não";1;0;1;0;0;0;1;1;-7,288907;-34,938512;"SPRF-PB";"DEL01-PB";"UOP01-DEL01-PB"
785406;2026-07-14;"terça-feira";"22:10:00";"RN";101;107;"PARNAMIRIM";"Ausência de reação do condutor";"Colisão traseira";"Com Vítimas Feridas";"Plena Noite";"Decrescente";"Céu Claro";"Dupla";"Reta";"Sim";2;0;1;0;1;0;1;2;-5,918175;-35,263643;"SPRF-RN";"DEL01-RN";"UOP01-DEL01-RN"
785407;2026-07-14;"terça-feira";"19:40:00";"RN";304;219,5;"CAICARA DO RIO DO VENTO";"Animais na Pista";"Atropelamento de Animal";"Com Vítimas Feridas";"Plena Noite";"Decrescente";"Céu Claro";"Simples";"Reta";"Sim";1;0;1;0;0;0;1;1;-5,757003;-35,993095;"SPRF-RN";"DEL01-RN";"UOP03-DEL01-RN"
785408;2026-07-14;"terça-feira";"20:20:00";"BA";324;538;"AMELIA RODRIGUES";"Condutor Dormindo";"Colisão com objeto";"Com Vítimas Feridas";"Plena Noite";"Decrescente";"Chuva";"Dupla";"Rotatória";"Não";1;0;1;0;0;0;1;1;-12,37677905;-38,80351162;"SPRF-BA";"DEL11-BA";"UOP02-DEL11-BA"
785409;2026-07-14;"terça-feira";"18:52:00";"GO";60;91;"ANAPOLIS";"Iluminação deficiente";"Atropelamento de Pedestre";"Com Vítimas Feridas";"Plena Noite";"Decrescente";"Ignorado";"Dupla";"Reta";"Sim";2;0;1;0;0;1;1;2;-16,34648;-48,90629;"SPRF-GO";"DEL02-GO";"UOP01-DEL02-GO"
785410;2026-07-14;"terça-feira";"18:00:00";"SC";153;100,9;"CONCORDIA";"Acessar a via sem observar a presença dos outros veículos";"Colisão transversal";"Com Vítimas Feridas";"Anoitecer";"Crescente";"Céu Claro";"Simples";"Reta";"Sim";2;0;1;0;1;0;1;2;-27,25256419;-51,95314256;"SPRF-SC";"DEL07-SC";"UOP04-DEL07-SC"
785412;2026-07-15;"quarta-feira";"06:40:00";"PE";101;75;"RECIFE";"Demais falhas mecânicas ou elétricas";"Queda de ocupante de veículo";"Com Vítimas Feridas";"Pleno dia";"Decrescente";"Céu Claro";"Dupla";"Reta";"Sim";2;0;2;0;0;0;2;1;-8,1121;-34,94555;"SPRF-PE";"DEL01-PE";"UOP01-DEL01-PE"
785413;2026-07-15;"quarta-feira";"05:00:00";"SC";282;128;"BOM RETIRO";"Ingestão de álcool pelo condutor";"Saída de leito carroçável";"Sem Vítimas";"Amanhecer";"Crescente";"Garoa/Chuvisco";"Simples";"Curva";"Sim";1;0;0;0;1;0;0;1;-27,79810768;-49,41905213;"SPRF-SC";"DEL05-SC";"UOP01-DEL05-SC"
785414;2026-07-14;"terça-feira";"22:35:00";"PA";10;341;"SANTA MARIA DO PARA";"Ingestão de álcool pelo condutor";"Tombamento";"Com Vítimas Feridas";"Plena Noite";"Crescente";"Céu Claro";"Simples";"Reta";"Não";2;0;1;0;0;1;1;2;-1,457355;-47,536928;"SPRF-PA";"DEL01-PA";"UOP02-DEL01-PA"
785415;2026-07-15;"quarta-feira";"06:56:00";"SP";116;219;"GUARULHOS";"Trafegar com motocicleta (ou similar) entre as faixas";"Colisão traseira";"Com Vítimas Feridas";"Pleno dia";"Decrescente";"Nublado";"Múltipla";"Reta";"Não";2;0;1;0;1;0;1;2;-23,46339396;-46,49405479;"SPRF-SP";"DEL01-SP";"UOP01-DEL01-SP"
785416;2026-07-15;"quarta-feira";"06:00:00";"RJ";116;173;"MESQUITA";"Ausência de reação do condutor";"Queda de ocupante de veículo";"Com Vítimas Feridas";"Amanhecer";"Decrescente";"Céu Claro";"Dupla";"Reta";"Sim";1;0;1;0;0;0;1;1;-22,769486;-43,408721;"SPRF-RJ";"DEL06-RJ";"UOP01-DEL06-RJ"
785417;2026-05-15;"sexta-feira";"09:30:00";"MG";40;530,5;"CONTAGEM";"Manobra de mudança de faixa";"Colisão lateral mesmo sentido";"Com Vítimas Feridas";"Pleno dia";"Crescente";"Céu Claro";"Dupla";"Curva;Aclive";"Sim";2;0;1;0;1;0;1;2;-19,9189648;-44,0266174;"SPRF-MG";"DEL01-MG";"UOP02-DEL01-MG"
785418;2026-07-15;"quarta-feira";"06:40:00";"SC";101;214,3;"PALHOCA";"Desrespeitar a preferência no cruzamento";"Colisão transversal";"Com Vítimas Feridas";"Pleno dia";"Decrescente";"Céu Claro";"Dupla";"Interseção de Vias";"Não";2;0;0;1;1;0;1;2;-27,647234;-48,672129;"SPRF-SC";"DEL01-SC";"UOP02-DEL01-SC"
785419;2026-07-15;"quarta-feira";"06:50:00";"MG";262;692;"ARAXA";"Demais falhas mecânicas ou elétricas";"Incêndio";"Sem Vítimas";"Pleno dia";"Crescente";"Céu Claro";"Simples";"Em Obras;Retorno Regulamentado";"Não";1;0;0;0;1;0;0;1;-19,55374043;-46,87929233;"SPRF-MG";"DEL08-MG";"UOP01-DEL08-MG"
785421;2026-07-15;"quarta-feira";"07:00:00";"RJ";101;314;"SAO GONCALO";"Manobra de mudança de faixa";"Colisão traseira";"Com Vítimas Feridas";"Pleno dia";"Crescente";"Céu Claro";"Dupla";"Reta";"Sim";3;0;1;0;2;0;1;2;-22,81790281;-43,0792799;"SPRF-RJ";"DEL02-RJ";"UOP02-DEL02-RJ"
785422;2026-07-15;"quarta-feira";"08:00:00";"ES";101;289,5;"CARIACICA";"Manobra de mudança de faixa";"Colisão lateral mesmo sentido";"Com Vítimas Feridas";"Pleno dia";"Crescente";"Nublado";"Múltipla";"Reta";"Não";2;0;1;0;1;0;1;2;-20,286455;-40,3925433;"SPRF-ES";"DEL01-ES";"UOP01-DEL01-ES"
785424;2026-07-15;"quarta-feira";"08:05:00";"SC";101;148;"ITAPEMA";"Manobra de mudança de faixa";"Colisão lateral mesmo sentido";"Com Vítimas Feridas";"Pleno dia";"Crescente";"Nublado";"Dupla";"Reta";"Sim";2;0;1;0;1;0;1;2;-27,10507;-48,615637;"SPRF-SC";"DEL04-SC";"UOP03-DEL04-SC"
785426;2026-07-15;"quarta-feira";"08:00:00";"PR";277;592,7;"CASCAVEL";"Condutor deixou de manter distância do veículo da frente";"Colisão traseira";"Com Vítimas Feridas";"Amanhecer";"Decrescente";"Céu Claro";"Simples";"Interseção de Vias;Reta";"Sim";3;0;1;0;2;0;1;3;-24,98166725;-53,45694193;"SPRF-PR";"DEL04-PR";"UOP01-DEL04-PR"
785428;2026-07-15;"quarta-feira";"06:30:00";"PB";361;69,3;"OLHO DAGUA";"Ausência de reação do condutor";"Colisão com objeto";"Com Vítimas Fatais";"Amanhecer";"Crescente";"Céu Claro";"Simples";"Reta";"Não";1;1;0;0;0;0;0;1;-7,2008661;-37,80114604;"SPRF-PB";"DEL03-PB";"UOP01-DEL03-PB"
785429;2026-06-29;"segunda-feira";"18:30:00";"ES";259;54;"COLATINA";"Reação tardia ou ineficiente do condutor";"Tombamento";"Com Vítimas Feridas";"Anoitecer";"Decrescente";"Ignorado";"Dupla";"Reta";"Não";1;0;1;0;0;0;1;1;-19,496757;-40,63998;"SPRF-ES";"DEL02-ES";"UOP01-DEL02-ES"
785430;2026-07-15;"quarta-feira";"08:00:00";"PR";376;599,5;"CURITIBA";"Trafegar com motocicleta (ou similar) entre as faixas";"Colisão lateral mesmo sentido";"Com Vítimas Feridas";"Pleno dia";"Decrescente";"Céu Claro";"Dupla";"Reta";"Sim";3;0;1;0;1;1;1;3;-25,4957186;-49,3429469;"SPRF-PR";"DEL01-PR";"UOP03-DEL01-PR"
785433;2026-07-07;"terça-feira";"08:30:00";"RJ";101;284;"ITABORAI";"Ausência de reação do condutor";"Colisão lateral mesmo sentido";"Com Vítimas Feridas";"Pleno dia";"Decrescente";"Céu Claro";"Dupla";"Reta";"Não";2;0;1;0;1;0;1;2;-22,74573874;-42,81034179;"SPRF-RJ";"DEL02-RJ";"UOP02-DEL02-RJ"
785435;2026-07-15;"quarta-feira";"08:20:00";"MG";116;274;"TEOFILO OTONI";"Acessar a via sem observar a presença dos outros veículos";"Colisão transversal";"Com Vítimas Feridas";"Pleno dia";"Crescente";"Céu Claro";"Dupla";"Reta;Declive;Interseção de Vias";"Sim";2;0;1;0;1;0;1;2;-17,83973;-41,51313;"SPRF-MG";"DEL11-MG";"UOP01-DEL11-MG"
785437;2026-07-15;"quarta-feira";"08:30:00";"PR";369;208;"APUCARANA";"Demais falhas mecânicas ou elétricas";"Engavetamento";"Com Vítimas Feridas";"Pleno dia";"Decrescente";"Céu Claro";"Simples";"Reta";"Sim";11;0;1;0;10;0;1;5;-23,56387;-51,495;"SPRF-PR";"DEL07-PR";"UOP03-DEL07-PR"
785438;2026-07-11;"sábado";"19:55:00";"MS";376;17,4;"FATIMA DO SUL";"Ausência de reação do condutor";"Queda de ocupante de veículo";"Com Vítimas Feridas";"Plena Noite";"Decrescente";"Céu Claro";"Simples";"Reta";"Não";1;0;1;0;0;0;1;1;-22,316875;-54,583918;"SPRF-MS";"DEL04-MS";"UOP01-DEL04-MS"
785439;2026-07-15;"quarta-feira";"09:00:00";"RS";386;37,1;"FREDERICO WESTPHALEN";"Condutor deixou de manter distância do veículo da frente";"Colisão traseira";"Com Vítimas Feridas";"Pleno dia";"Crescente";"Sol";"Simples";"Reta";"Sim";5;0;1;0;4;0;1;2;-27,38493025;-53,39984572;"SPRF-RS";"DEL08-RS";"UOP02-DEL08-RS"
785440;2026-07-15;"quarta-feira";"09:00:00";"ES";101;370;"ANCHIETA";"Acessar a via sem observar a presença dos outros veículos";"Colisão traseira";"Com Vítimas Feridas";"Pleno dia";"Crescente";"Céu Claro";"Simples";"Reta;Em Obras";"Não";4;0;0;1;3;0;1;2;-20,76634669;-40,76006055;"SPRF-ES";"DEL03-ES";"UOP01-DEL03-ES"
785442;2026-07-15;"quarta-feira";"09:20:00";"MG";153;242,3;"FRONTEIRA";"Acessar a via sem observar a presença dos outros veículos";"Colisão transversal";"Com Vítimas Feridas";"Pleno dia";"Decrescente";"Céu Claro";"Simples";"Interseção de Vias;Reta";"Sim";2;0;1;0;1;0;1;2;-20,269523;-49,184898;"SPRF-MG";"DEL13-MG";"UOP02-DEL13-MG"
785443;2026-07-12;"domingo";"01:00:00";"RO";421;3;"ARIQUEMES";"Animais na Pista";"Atropelamento de Animal";"Com Vítimas Feridas";"Plena Noite";"Crescente";"Céu Claro";"Simples";"Reta;Aclive";"Sim";2;0;1;0;1;0;1;1;-9,930113;-63,078208;"SPRF-RO";"DEL03-RO";"UOP01-DEL03-RO"
785445;2026-07-15;"quarta-feira";"07:38:00";"MT";70;736;"CACERES";"Ausência de reação do condutor";"Engavetamento";"Sem Vítimas";"Pleno dia";"Decrescente";"Sol";"Simples";"Reta";"Não";5;0;0;0;5;0;0;3;-16,0551;-57,717524;"SPRF-MT";"DEL03-MT";"UOP01-DEL03-MT"
785446;2026-07-15;"quarta-feira";"08:00:00";"MG";381;350;"JOAO MONLEVADE";"Manobra de mudança de faixa";"Colisão lateral mesmo sentido";"Com Vítimas Feridas";"Pleno dia";"Crescente";"Céu Claro";"Simples";"Rotatória";"Sim";2;0;1;0;1;0;1;2;-19,85016977;-43,15093124;"SPRF-MG";"DEL03-MG";"UOP01-DEL03-MG"
785447;2026-07-15;"quarta-feira";"09:00:00";"RS";472;652;"BARRA DO QUARAI";"Desrespeitar a preferência no cruzamento";"Colisão transversal";"Com Vítimas Feridas";"Pleno dia";"Crescente";"Céu Claro";"Simples";"Reta;Interseção de Vias";"Sim";2;0;1;0;1;0;1;2;-30,208133;-57,554965;"SPRF-RS";"DEL13-RS";"UOP01-DEL13-RS"
785448;2026-07-15;"quarta-feira";"08:20:00";"RJ";116;268;"BARRA MANSA";"Condutor deixou de manter distância do veículo da frente";"Colisão traseira";"Com Vítimas Feridas";"Pleno dia";"Crescente";"Céu Claro";"Dupla";"Reta";"Não";2;0;1;0;1;0;1;2;-22,577518;-44,113714;"SPRF-RJ";"DEL07-RJ";"UOP02-DEL07-RJ"
785451;2026-07-15;"quarta-feira";"08:30:00";"RS";472;158,1;"SANTA ROSA";"Ausência de reação do condutor";"Saída de leito carroçável";"Com Vítimas Feridas";"Pleno dia";"Crescente";"Céu Claro";"Simples";"Curva";"Não";1;0;1;0;0;0;1;1;-27,855611;-54,431506;"SPRF-RS";"DEL10-RS";"UOP01-DEL10-RS"
785454;2026-07-15;"quarta-feira";"07:58:00";"RO";364;342;"JI-PARANA";"Manobra de mudança de faixa";"Queda de ocupante de veículo";"Com Vítimas Feridas";"Pleno dia";"Crescente";"Céu Claro";"Múltipla";"Reta";"Sim";3;0;2;0;0;1;2;2;-10,8842;-61,9371;"SPRF-RO";"DEL02-RO";"UOP01-DEL02-RO"
785457;2026-07-15;"quarta-feira";"07:55:00";"BA";324;517;"FEIRA DE SANTANA";"Ultrapassagem Indevida";"Colisão transversal";"Com Vítimas Feridas";"Pleno dia";"Crescente";"Nublado";"Simples";"Reta";"Sim";3;0;2;0;1;0;2;2;-12,26529;-38,93303;"SPRF-BA";"DEL02-BA";"UOP01-DEL02-BA"
785459;2026-07-15;"quarta-feira";"08:45:00";"GO";70;190,4;"ITABERAI";"Velocidade Incompatível";"Colisão transversal";"Com Vítimas Feridas";"Pleno dia";"Decrescente";"Céu Claro";"Simples";"Reta;Interseção de Vias";"Sim";3;0;1;1;1;0;2;2;-16,029686;-49,780358;"SPRF-GO";"DEL02-GO";"UOP02-DEL02-GO"
785461;2026-07-15;"quarta-feira";"10:00:00";"RJ";101;384,2;"RIO DE JANEIRO";"Acumulo de óleo sobre o pavimento";"Tombamento";"Com Vítimas Feridas";"Pleno dia";"Crescente";"Céu Claro";"Dupla";"Retorno Regulamentado";"Não";2;0;2;0;0;0;2;1;-22,88012372;-43,62801639;"SPRF-RJ";"DEL03-RJ";"UOP01-DEL03-RJ"
785462;2026-07-15;"quarta-feira";"11:15:00";"GO";40;1,9;"VALPARAISO DE GOIAS";"Acumulo de óleo sobre o pavimento";"Tombamento";"Com Vítimas Feridas";"Pleno dia";"Decrescente";"Céu Claro";"Dupla";"Reta";"Sim";1;0;1;0;0;0;1;1;-16,066032;-47,983899;"SPRF-DF";"DEL01-DF";"UOP01-DEL01-DF"
785464;2026-07-15;"quarta-feira";"07:00:00";"PA";230;5;"ALTAMIRA";"Ausência de reação do condutor";"Colisão traseira";"Com Vítimas Feridas";"Pleno dia";"Decrescente";"Céu Claro";"Simples";"Reta";"Sim";2;0;2;0;0;0;2;2;-3,18734628;-52,20179398;"SPRF-PA";"DEL04-PA";"UOP01-DEL04-PA"
785466;2026-07-15;"quarta-feira";"11:20:00";"SC";101;213,3;"PALHOCA";"Manobra de mudança de faixa";"Colisão lateral mesmo sentido";"Com Vítimas Feridas";"Pleno dia";"Decrescente";"Céu Claro";"Múltipla";"Reta";"Sim";2;0;1;0;1;0;1;2;-27,64975033;-48,67362723;"SPRF-SC";"DEL01-SC";"UOP02-DEL01-SC"
785467;2026-07-15;"quarta-feira";"08:35:00";"RO";364;342,3;"JI-PARANA";"Condutor deixou de manter distância do veículo da frente";"Colisão traseira";"Com Vítimas Feridas";"Pleno dia";"Crescente";"Céu Claro";"Dupla";"Ponte;Reta";"Sim";2;0;1;0;1;0;1;2;-10,8822;-61,94;"SPRF-RO";"DEL02-RO";"UOP01-DEL02-RO"
785469;2026-06-25;"quinta-feira";"12:30:00";"RN";226;279;"TRIUNFO POTIGUAR";"Condutor Dormindo";"Colisão lateral sentido oposto";"Com Vítimas Feridas";"Pleno dia";"Crescente";"Céu Claro";"Simples";"Reta";"Não";2;0;0;1;1;0;1;2;-5,86162852;-37,21482463;"SPRF-RN";"DEL03-RN";"UOP01-DEL03-RN"
785470;2026-05-08;"sexta-feira";"19:12:00";"SP";116;277;"EMBU DAS ARTES";"Velocidade Incompatível";"Colisão traseira";"Com Vítimas Feridas";"Plena Noite";"Decrescente";"Céu Claro";"Dupla";"Reta";"Sim";2;0;1;1;0;0;2;2;-23,632952;-46,822602;"SPRF-SP";"DEL04-SP";"UOP01-DEL04-SP"
785471;2026-07-15;"quarta-feira";"11:27:00";"BA";101;615;"MASCOTE";"Acessar a via sem observar a presença dos outros veículos";"Colisão transversal";"Com Vítimas Feridas";"Pleno dia";"Crescente";"Céu Claro";"Simples";"Reta";"Sim";2;0;1;0;1;0;1;2;-15,614304;-39,432154;"SPRF-BA";"DEL05-BA";"UOP02-DEL05-BA"
785472;2026-07-15;"quarta-feira";"12:00:00";"ES";259;81,7;"COLATINA";"Conversão proibida";"Colisão transversal";"Com Vítimas Feridas";"Pleno dia";"Crescente";"Céu Claro";"Simples";"Reta";"Não";3;0;1;2;0;0;3;2;-19,52022096;-40,7166034;"SPRF-ES";"DEL02-ES";"UOP01-DEL02-ES"
785473;2026-06-21;"domingo";"19:11:00";"PR";277;711;"SANTA TEREZINHA DE ITAIPU";"Ausência de reação do condutor";"Colisão com objeto";"Com Vítimas Feridas";"Plena Noite";"Decrescente";"Céu Claro";"Dupla";"Interseção de Vias;Reta";"Sim";1;0;1;0;0;0;1;1;-25,45444904;-54,42249147;"SPRF-PR";"DEL05-PR";"UOP01-DEL05-PR"
785474;2026-07-15;"quarta-feira";"12:00:00";"RN";101;105;"PARNAMIRIM";"Condutor deixou de manter distância do veículo da frente";"Colisão traseira";"Sem Vítimas";"Pleno dia";"Decrescente";"Céu Claro";"Múltipla";"Reta";"Não";2;0;0;0;2;0;0;2;-5,9011329;-35,25898641;"SPRF-RN";"DEL01-RN";"UOP01-DEL01-RN"
785475;2026-07-15;"quarta-feira";"10:20:00";"RN";110;127,8;"CAMPO GRANDE";"Condutor Dormindo";"Colisão com objeto";"Com Vítimas Feridas";"Pleno dia";"Decrescente";"Nublado";"Dupla";"Reta";"Sim";1;0;1;0;0;0;1;1;-5,86490604;-37,31306791;"SPRF-RN";"DEL04-RN";"UOP01-DEL04-RN"
785477;2026-07-15;"quarta-feira";"12:30:00";"SC";101;294,7;"IMBITUBA";"Velocidade Incompatível";"Saída de leito carroçável";"Com Vítimas Feridas";"Pleno dia";"Decrescente";"Céu Claro";"Múltipla";"Rotatória";"Sim";1;0;1;0;0;0;1;1;-28,31640918;-48,72545807;"SPRF-SC";"DEL02-SC";"UOP03-DEL02-SC"
785479;2026-07-15;"quarta-feira";"11:30:00";"MG";262;522,9;"LUZ";"Velocidade Incompatível";"Colisão traseira";"Com Vítimas Feridas";"Pleno dia";"Crescente";"Sol";"Simples";"Aclive";"Não";2;0;1;0;1;0;1;2;-19,77704;-45,7468;"SPRF-MG";"DEL08-MG";"UOP03-DEL08-MG"
785481;2026-06-29;"segunda-feira";"10:30:00";"MA";402;118;"PRIMEIRA CRUZ";"Reação tardia ou ineficiente do condutor";"Colisão lateral mesmo sentido";"Com Vítimas Fatais";"Pleno dia";"Crescente";"Céu Claro";"Simples";"Reta";"Não";3;1;1;0;0;1;1;2;-2,72852;-43,38815;"SPRF-MA";"DEL01-MA";"UOP01-DEL01-MA"
785482;2026-07-15;"quarta-feira";"12:55:00";"PR";277;355;"GUARAPUAVA";"Ausência de reação do condutor";"Colisão com objeto";"Com Vítimas Feridas";"Pleno dia";"Decrescente";"Céu Claro";"Dupla";"Reta";"Não";3;0;2;1;0;0;3;1;-25,39138862;-51,52255585;"SPRF-PR";"DEL08-PR";"UOP01-DEL08-PR"
785485;2026-07-15;"quarta-feira";"13:40:00";"PR";277;341;"GUARAPUAVA";"Reação tardia ou ineficiente do condutor";"Saída de leito carroçável";"Com Vítimas Feridas";"Pleno dia";"Crescente";"Céu Claro";"Dupla";"Reta";"Não";2;0;0;1;1;0;1;2;-25,3446707;-51,4020573;"SPRF-PR";"DEL08-PR";"UOP01-DEL08-PR"
785486;2026-07-08;"quarta-feira";"09:20:00";"RS";470;163;"NOVA PRATA";"Condutor deixou de manter distância do veículo da frente";"Colisão traseira";"Com Vítimas Feridas";"Pleno dia";"Crescente";"Céu Claro";"Simples";"Reta";"Não";2;0;1;0;1;0;1;2;-28,83070259;-51,57674281;"SPRF-RS";"DEL06-RS";"UOP02-DEL06-RS"
785487;2026-07-15;"quarta-feira";"10:25:00";"MA";230;413;"BALSAS";"Demais falhas mecânicas ou elétricas";"Incêndio";"Sem Vítimas";"Pleno dia";"Crescente";"Nublado";"Simples";"Reta";"Não";1;0;0;0;0;1;0;1;-7,49553083;-46,13344638;"SPRF-MA";"DEL05-MA";"UOP01-DEL05-MA"
785488;2026-07-15;"quarta-feira";"11:35:00";"RS";470;224,2;"GARIBALDI";"Transitar no Acostamento";"Colisão transversal";"Com Vítimas Feridas";"Pleno dia";"Decrescente";"Céu Claro";"Simples";"Reta";"Sim";2;0;1;0;1;0;1;2;-29,23975966;-51,51814342;"SPRF-RS";"DEL06-RS";"UOP01-DEL06-RS"
785491;2026-06-29;"segunda-feira";"18:00:00";"SC";101;125;"ITAJAI";"Ingestão de álcool pelo condutor";"Colisão traseira";"Com Vítimas Feridas";"Anoitecer";"Crescente";"Nublado";"Múltipla";"Reta";"Sim";4;0;1;0;2;1;1;4;-26,948557;-48,682845;"SPRF-SC";"DEL04-SC";"UOP04-DEL04-SC"
785493;2026-07-14;"terça-feira";"19:00:00";"MT";158;571;"AGUA BOA";"Reação tardia ou ineficiente do condutor";"Colisão com objeto";"Sem Vítimas";"Plena Noite";"Crescente";"Céu Claro";"Simples";"Reta";"Não";2;0;0;0;2;0;0;1;-14,086857;-52,160883;"SPRF-MT";"DEL07-MT";"UOP02-DEL07-MT"
785494;2026-07-15;"quarta-feira";"10:40:00";"BA";242;471;"IBITIARA";"Reação tardia ou ineficiente do condutor";"Colisão traseira";"Sem Vítimas";"Pleno dia";"Decrescente";"Céu Claro";"Simples";"Reta";"Não";2;0;0;0;1;1;0;2;-12,46153699;-42,22819448;"SPRF-BA";"DEL06-BA";"UOP01-DEL06-BA"
785495;2026-07-15;"quarta-feira";"13:20:00";"GO";60;100,4;"ANAPOLIS";"Condutor deixou de manter distância do veículo da frente";"Colisão traseira";"Com Vítimas Feridas";"Pleno dia";"Crescente";"Céu Claro";"Dupla";"Curva";"Sim";2;0;0;1;0;1;1;2;-16,398868;-48,968332;"SPRF-GO";"DEL02-GO";"UOP01-DEL02-GO"
785496;2026-07-15;"quarta-feira";"11:00:00";"MG";381;215,9;"BELO ORIENTE";"Ultrapassagem Indevida";"Colisão lateral mesmo sentido";"Com Vítimas Feridas";"Pleno dia";"Decrescente";"Sol";"Simples";"Reta";"Não";2;0;1;0;1;0;1;2;-19,28619853;-42,35650096;"SPRF-MG";"DEL06-MG";"UOP01-DEL06-MG"
785498;2026-07-15;"quarta-feira";"14:10:00";"PR";369;77;"SANTA MARIANA";"Reação tardia ou ineficiente do condutor";"Tombamento";"Com Vítimas Feridas";"Pleno dia";"Decrescente";"Céu Claro";"Simples";"Reta";"Não";1;0;1;0;0;0;1;1;-23,14788233;-50,55448204;"SPRF-PR";"DEL07-PR";"UOP05-DEL07-PR"
785499;2026-07-08;"quarta-feira";"11:59:00";"MT";163;1027;"PEIXOTO DE AZEVEDO";"Ausência de reação do condutor";"Queda de ocupante de veículo";"Com Vítimas Feridas";"Pleno dia";"Crescente";"Céu Claro";"Simples";"Reta";"Não";2;0;0;1;0;1;1;2;-10,23015;-54,977113;"SPRF-MT";"DEL06-MT";"UOP03-DEL06-MT"
785501;2026-07-15;"quarta-feira";"14:15:00";"RS";287;323;"SAO VICENTE DO SUL";"Reação tardia ou ineficiente do condutor";"Colisão lateral mesmo sentido";"Sem Vítimas";"Pleno dia";"Crescente";"Céu Claro";"Simples";"Reta";"Não";2;0;0;0;2;0;0;2;-29,66568103;-54,60136414;"SPRF-RS";"DEL09-RS";"UOP01-DEL09-RS"
785504;2026-07-15;"quarta-feira";"11:50:00";"MG";116;674,9;"MIRADOURO";"Acesso irregular";"Colisão lateral mesmo sentido";"Sem Vítimas";"Pleno dia";"Crescente";"Céu Claro";"Simples";"Reta";"Não";2;0;0;0;2;0;0;2;-20,90934726;-42,35095231;"SPRF-MG";"DEL07-MG";"UOP02-DEL07-MG"
785505;2026-07-15;"quarta-feira";"14:43:00";"MS";163;680;"RIO VERDE DE MATO GROSSO";"Acessar a via sem observar a presença dos outros veículos";"Colisão transversal";"Com Vítimas Feridas";"Pleno dia";"Crescente";"Sol";"Simples";"Interseção de Vias;Reta";"Sim";3;0;0;1;2;0;1;2;-18,91634391;-54,83850427;"SPRF-MS";"DEL06-MS";"UOP02-DEL06-MS"
785507;2026-07-15;"quarta-feira";"15:30:00";"PR";476;153,9;"ARAUCARIA";"Entrada inopinada do pedestre";"Atropelamento de Pedestre";"Com Vítimas Feridas";"Pleno dia";"Crescente";"Céu Claro";"Dupla";"Declive;Reta";"Sim";3;0;2;0;0;1;2;2;-25,58146758;-49,39764822;"SPRF-PR";"DEL01-PR";"UOP06-DEL01-PR"
785508;2026-07-15;"quarta-feira";"15:41:00";"PE";101;43;"IGARASSU";"Acessar a via sem observar a presença dos outros veículos";"Colisão transversal";"Com Vítimas Feridas";"Pleno dia";"Decrescente";"Céu Claro";"Múltipla";"Reta";"Não";2;0;1;0;1;0;1;2;-7,855161;-34,90852956;"SPRF-PE";"DEL01-PE";"UOP02-DEL01-PE"
785512;2026-07-15;"quarta-feira";"15:45:00";"RJ";356;78;"ITALVA";"Reação tardia ou ineficiente do condutor";"Saída de leito carroçável";"Com Vítimas Feridas";"Pleno dia";"Decrescente";"Céu Claro";"Simples";"Reta";"Não";1;0;1;0;0;0;1;1;-21,4561676;-41,681796;"SPRF-RJ";"DEL08-RJ";"UOP03-DEL08-RJ"
785513;2026-07-15;"quarta-feira";"15:20:00";"SP";101;43;"UBATUBA";"Reação tardia ou ineficiente do condutor";"Colisão traseira";"Com Vítimas Feridas";"Pleno dia";"Decrescente";"Céu Claro";"Simples";"Curva";"Não";2;0;1;0;1;0;1;2;-23,414217;-45,055647;"SPRF-SP";"DEL06-SP";"UOP01-DEL06-SP"
785515;2026-07-15;"quarta-feira";"13:00:00";"MT";163;747;"SORRISO";"Acessar a via sem observar a presença dos outros veículos";"Colisão transversal";"Com Vítimas Feridas";"Pleno dia";"Crescente";"Sol";"Dupla";"Retorno Regulamentado";"Sim";2;0;0;1;1;0;1;2;-12,592795;-55,742645;"SPRF-MT";"DEL06-MT";"UOP01-DEL06-MT"
785517;2026-07-15;"quarta-feira";"14:20:00";"MS";163;20;"MUNDO NOVO";"Condutor deixou de manter distância do veículo da frente";"Colisão lateral mesmo sentido";"Com Vítimas Feridas";"Pleno dia";"Crescente";"Céu Claro";"Simples";"Declive;Reta";"Sim";2;0;0;1;1;0;1;2;-23,921206;-54,286027;"SPRF-MS";"DEL09-MS";"UOP02-DEL09-MS"
785518;2026-07-15;"quarta-feira";"14:20:00";"AC";364;124;"RIO BRANCO";"Ultrapassagem Indevida";"Colisão lateral sentido oposto";"Com Vítimas Feridas";"Pleno dia";"Crescente";"Sol";"Simples";"Rotatória";"Não";2;0;1;0;1;0;1;2;-10,011905;-67,798652;"SPRF-AC";"DEL01-AC";"UOP01-DEL01-AC"