"id";"data_inversa";"dia_semana";"horario";"uf";"br";"km";"municipio";"causa_acidente";"tipo_acidente";"classificacao_acidente";"fase_dia";"sentido_via";"condicao_metereologica";"tipo_pista";"tracado_via";"uso_solo";"pessoas";"mortos";"feridos_leves";"feridos_graves";"ilesos";"ignorados";"feridos";"veiculos";"latitude";"longitude";"regional";"delegacia";"uop"
785519;2026-07-15;"quarta-feira";"16:20:00";"RN";101;104;"PARNAMIRIM";"Manobra de mudança de faixa";"Colisão lateral mesmo sentido";"Com Vítimas Feridas";"Pleno dia";"Decrescente";"Céu Claro";"Dupla";"Reta";"Sim";3;0;1;0;2;0;1;2;-5,894605;-35,257582;"SPRF-RN";"DEL01-RN";"UOP01-DEL01-RN"
785520;2026-07-15;"quarta-feira";"15:20:00";"RS";158;565;"SANTANA DO LIVRAMENTO";"Acessar a via sem observar a presença dos outros veículos";"Colisão transversal";"Com Vítimas Feridas";"Pleno dia";"Decrescente";"Céu Claro";"Simples";"Reta";"Sim";2;0;1;0;1;0;1;2;-30,8766701;-55,51052419;"SPRF-RS";"DEL11-RS";"UOP01-DEL11-RS"
785521;2026-07-15;"quarta-feira";"16:00:00";"SC";101;334;"TUBARAO";"Desrespeitar a preferência no cruzamento";"Colisão transversal";"Com Vítimas Feridas";"Pleno dia";"Decrescente";"Céu Claro";"Dupla";"Interseção de Vias";"Sim";2;0;1;0;0;1;1;2;-28,46965758;-49,01494352;"SPRF-SC";"DEL02-SC";"UOP01-DEL02-SC"
785522;2026-05-01;"sexta-feira";"17:04:00";"PA";163;296;"NOVO PROGRESSO";"Ausência de reação do condutor";"Colisão traseira";"Sem Vítimas";"Anoitecer";"Decrescente";"Céu Claro";"Simples";"Aclive;Reta";"Não";4;0;0;0;0;4;0;2;-7,15606;-55,372201;"SPRF-PA";"DEL05-PA";"UOP03-DEL05-PA"
785525;2026-07-15;"quarta-feira";"15:10:00";"RO";364;341,6;"JI-PARANA";"Reação tardia ou ineficiente do condutor";"Colisão traseira";"Com Vítimas Feridas";"Pleno dia";"Decrescente";"Céu Claro";"Dupla";"Reta";"Sim";2;0;1;0;1;0;1;2;-10,88546;-61,935153;"SPRF-RO";"DEL02-RO";"UOP01-DEL02-RO"
785526;2026-07-15;"quarta-feira";"16:35:00";"PE";232;80;"GRAVATA";"Acumulo de óleo sobre o pavimento";"Queda de ocupante de veículo";"Com Vítimas Feridas";"Plena Noite";"Crescente";"Nublado";"Simples";"Curva";"Sim";1;0;1;0;0;0;1;1;-8,1947015;-35,5629479;"SPRF-PE";"DEL02-PE";"UOP02-DEL02PE"
785527;2026-07-15;"quarta-feira";"14:30:00";"RS";470;213;"BENTO GONCALVES";"Ultrapassagem Indevida";"Colisão transversal";"Com Vítimas Feridas";"Pleno dia";"Decrescente";"Céu Claro";"Simples";"Reta";"Sim";3;0;0;1;1;1;1;3;-29,14950447;-51,53020112;"SPRF-RS";"DEL06-RS";"UOP01-DEL06-RS"
785528;2026-07-15;"quarta-feira";"07:30:00";"RS";290;107;"ELDORADO DO SUL";"Reação tardia ou ineficiente do condutor";"Colisão traseira";"Com Vítimas Feridas";"Pleno dia";"Decrescente";"Céu Claro";"Múltipla";"Curva;Aclive";"Sim";2;0;2;0;0;0;2;2;-30,00230848;-51,30526252;"SPRF-RS";"DEL02-RS";"UOP01-DEL02-RS"
785529;2026-07-15;"quarta-feira";"14:00:00";"AC";317;307;"BRASILEIA";"Reação tardia ou ineficiente do condutor";"Colisão lateral sentido oposto";"Com Vítimas Feridas";"Pleno dia";"Crescente";"Céu Claro";"Simples";"Reta";"Não";3;0;0;2;1;0;2;1;-10,952815;-68,817808;"SPRF-AC";"DEL01-AC";"UOP02-DEL01-AC"
785530;2026-07-15;"quarta-feira";"16:25:00";"MT";163;820;"SINOP";"Retorno proibido";"Colisão transversal";"Com Vítimas Feridas";"Pleno dia";"Decrescente";"Céu Claro";"Dupla";"Em Obras;Reta";"Sim";6;0;2;0;4;0;2;2;-11,98838868;-55,51723874;"SPRF-MT";"DEL06-MT";"UOP02-DEL06-MT"
785533;2026-07-10;"sexta-feira";"21:20:00";"BA";101;221;"CRUZ DAS ALMAS";"Deficiência do Sistema de Iluminação/Sinalização";"Colisão lateral mesmo sentido";"Com Vítimas Feridas";"Plena Noite";"Decrescente";"Ignorado";"Dupla";"Reta";"Não";3;0;0;2;1;0;2;2;-12,662888;-39,128028;"SPRF-BA";"DEL11-BA";"UOP01-DEL11-BA"
785534;2026-07-15;"quarta-feira";"16:55:00";"PR";277;4,5;"PARANAGUA";"Pedestre cruzava a pista fora da faixa";"Atropelamento de Pedestre";"Com Vítimas Feridas";"Pleno dia";"Decrescente";"Nublado";"Dupla";"Reta";"Sim";2;0;2;0;0;0;2;2;-25,535229;-48,530994;"SPRF-PR";"DEL01-PR";"UOP05-DEL01-PR"
785537;2026-07-15;"quarta-feira";"17:25:00";"DF";40;4;"BRASILIA";"Reação tardia ou ineficiente do condutor";"Colisão com objeto";"Com Vítimas Feridas";"Pleno dia";"Decrescente";"Céu Claro";"Dupla";"Reta";"Sim";1;0;0;1;0;0;1;1;-16,01118097;-47,98237888;"SPRF-DF";"DEL01-DF";"UOP01-DEL01-DF"
785538;2026-07-15;"quarta-feira";"17:30:00";"GO";153;514;"APARECIDA DE GOIANIA";"Acessar a via sem observar a presença dos outros veículos";"Colisão transversal";"Com Vítimas Feridas";"Anoitecer";"Crescente";"Céu Claro";"Dupla";"Interseção de Vias;Reta";"Sim";3;0;1;1;1;0;2;2;-16,826867;-49,2425533;"SPRF-GO";"DEL01-GO";"UOP03-DEL01-GO"
785540;2026-07-15;"quarta-feira";"18:00:00";"ES";101;293,4;"CARIACICA";"Reação tardia ou ineficiente do condutor";"Queda de ocupante de veículo";"Com Vítimas Feridas";"Plena Noite";"Decrescente";"Céu Claro";"Dupla";"Curva";"Sim";1;0;1;0;0;0;1;1;-20,319773;-40,396173;"SPRF-ES";"DEL01-ES";"UOP01-DEL01-ES"
785543;2026-07-15;"quarta-feira";"17:50:00";"GO";414;439,9;"ANAPOLIS";"Acessar a via sem observar a presença dos outros veículos";"Colisão transversal";"Com Vítimas Feridas";"Pleno dia";"Crescente";"Céu Claro";"Simples";"Reta";"Sim";5;0;4;0;1;0;4;2;-16,280652;-48,942276;"SPRF-GO";"DEL02-GO";"UOP01-DEL02-GO"
785545;2026-07-15;"quarta-feira";"15:50:00";"PR";0;0;"FOZ DO IGUACU";"Demais Fenômenos da natureza";"Colisão com objeto";"Sem Vítimas";"Pleno dia";"Não Informado";"Céu Claro";"Simples";"Reta";"Não";3;0;0;0;3;0;0;1;-25,628503;-54,463915;"SPRF-PR";"DEL05-PR";"UOP04-DEL05-PR"
785546;2026-07-15;"quarta-feira";"18:07:00";"PB";101;89;"JOAO PESSOA";"Reação tardia ou ineficiente do condutor";"Colisão lateral mesmo sentido";"Com Vítimas Feridas";"Plena Noite";"Decrescente";"Céu Claro";"Múltipla";"Viaduto;Reta;Rotatória;Em Obras";"Sim";3;0;1;1;1;0;2;2;-7,17800124;-34,8996141;"SPRF-PB";"DEL01-PB";"UOP01-DEL01-PB"
785547;2026-07-15;"quarta-feira";"16:50:00";"MG";116;406,8;"GOVERNADOR VALADARES";"Desrespeitar a preferência no cruzamento";"Colisão transversal";"Com Vítimas Feridas";"Pleno dia";"Crescente";"Céu Claro";"Simples";"Interseção de Vias;Curva;Em Obras;Retorno Regulamentado";"Não";3;0;2;0;1;0;2;2;-18,823354;-41,986106;"SPRF-MG";"DEL06-MG";"UOP01-DEL06-MG"
785548;2026-07-15;"quarta-feira";"17:30:00";"SC";470;175;"POUSO REDONDO";"Acessar a via sem observar a presença dos outros veículos";"Colisão transversal";"Com Vítimas Feridas";"Pleno dia";"Crescente";"Céu Claro";"Dupla";"Reta";"Não";2;0;1;0;1;0;1;2;-27,25562819;-49,94213886;"SPRF-SC";"DEL04-SC";"UOP02-DEL04-SC"
785550;2026-07-15;"quarta-feira";"17:50:00";"PR";369;155,9;"LONDRINA";"Condutor deixou de manter distância do veículo da frente";"Colisão traseira";"Com Vítimas Feridas";"Pleno dia";"Crescente";"Céu Claro";"Dupla";"Reta";"Sim";3;0;0;1;2;0;1;3;-23,29186627;-51,21647922;"SPRF-PR";"DEL07-PR";"UOP01-DEL07-PR"
785552;2026-07-15;"quarta-feira";"19:05:00";"MG";40;823,8;"SIMAO PEREIRA";"Velocidade Incompatível";"Colisão traseira";"Com Vítimas Fatais";"Plena Noite";"Crescente";"Céu Claro";"Dupla";"Curva;Aclive";"Não";4;1;0;0;3;0;0;3;-21,9650794;-43,2957619;"SPRF-MG";"DEL05-MG";"UOP01-DEL05-MG"
785553;2026-07-15;"quarta-feira";"17:00:00";"MG";40;544,9;"NOVA LIMA";"Trafegar com motocicleta (ou similar) entre as faixas";"Colisão lateral mesmo sentido";"Com Vítimas Feridas";"Pleno dia";"Decrescente";"Céu Claro";"Dupla";"Aclive;Reta";"Sim";2;0;1;0;1;0;1;2;-20,00349009;-43,96488039;"SPRF-MG";"DEL01-MG";"UOP02-DEL01-MG"
785554;2026-07-15;"quarta-feira";"15:40:00";"RJ";40;64;"PETROPOLIS";"Reação tardia ou ineficiente do condutor";"Colisão com objeto";"Com Vítimas Feridas";"Pleno dia";"Decrescente";"Sol";"Dupla";"Curva;Aclive";"Não";2;0;2;0;0;0;2;1;-22,425172;-43,157027;"SPRF-RJ";"DEL05-RJ";"UOP02-DEL05-RJ"
785556;2026-05-17;"domingo";"00:45:00";"MA";10;246;"IMPERATRIZ";"Ausência de reação do condutor";"Colisão traseira";"Com Vítimas Feridas";"Plena Noite";"Decrescente";"Céu Claro";"Dupla";"Reta";"Sim";3;0;0;1;2;0;1;2;-5,57676;-47,44201;"SPRF-MA";"DEL04-MA";"UOP01-DEL04-MA"
785557;2026-07-15;"quarta-feira";"19:20:00";"RJ";116;172;"SAO JOAO DE MERITI";"Demais falhas mecânicas ou elétricas";"Queda de ocupante de veículo";"Com Vítimas Feridas";"Plena Noite";"Decrescente";"Céu Claro";"Múltipla";"Reta;Em Obras";"Sim";2;0;1;0;1;0;1;1;-22,8034596;-43,3476379;"SPRF-RJ";"DEL06-RJ";"UOP01-DEL06-RJ"
785558;2026-07-15;"quarta-feira";"19:00:00";"SP";153;38,2;"ONDA VERDE";"Reação tardia ou ineficiente do condutor";"Colisão traseira";"Com Vítimas Feridas";"Plena Noite";"Decrescente";"Céu Claro";"Simples";"Reta";"Não";5;0;2;0;3;0;2;2;-20,606749;-49,324568;"SPRF-SP";"DEL09-SP";"UOP01-DEL09-SP"
785559;2026-07-15;"quarta-feira";"19:52:00";"PE";101;58;"RECIFE";"Ausência de reação do condutor";"Queda de ocupante de veículo";"Com Vítimas Feridas";"Plena Noite";"Decrescente";"Céu Claro";"Dupla";"Reta";"Não";1;0;1;0;0;0;1;1;-7,9738433;-34,92173;"SPRF-PE";"DEL01-PE";"UOP02-DEL01-PE"
785562;2026-07-15;"quarta-feira";"19:56:00";"PE";101;49;"ABREU E LIMA";"Condutor deixou de manter distância do veículo da frente";"Engavetamento";"Com Vítimas Feridas";"Plena Noite";"Crescente";"Céu Claro";"Dupla";"Reta";"Sim";3;0;0;1;2;0;1;3;-7,90749;-34,902288;"SPRF-PE";"DEL01-PE";"UOP02-DEL01-PE"
785563;2026-07-15;"quarta-feira";"14:50:00";"RJ";101;62;"CAMPOS DOS GOYTACAZES";"Ausência de reação do condutor";"Colisão traseira";"Com Vítimas Feridas";"Pleno dia";"Crescente";"Céu Claro";"Simples";"Reta";"Sim";2;0;1;0;1;0;1;2;-21,735038;-41,325278;"SPRF-RJ";"DEL08-RJ";"UOP01-DEL08-RJ"
785564;2026-07-15;"quarta-feira";"17:40:00";"SC";282;216;"LAGES";"Reação tardia ou ineficiente do condutor";"Engavetamento";"Com Vítimas Feridas";"Anoitecer";"Decrescente";"Céu Claro";"Simples";"Reta;Ponte";"Sim";5;0;2;0;3;0;2;3;-27,79771302;-50,29384073;"SPRF-SC";"DEL05-SC";"UOP01-DEL05-SC"
785566;2026-07-15;"quarta-feira";"11:29:00";"MG";40;141;"JOAO PINHEIRO";"Reação tardia ou ineficiente do condutor";"Colisão transversal";"Com Vítimas Feridas";"Pleno dia";"Crescente";"Céu Claro";"Simples";"Curva";"Sim";2;0;0;1;1;0;1;2;-17,73624;-46,18986;"SPRF-MG";"DEL14-MG";"UOP01-DEL14-MG"
785568;2026-07-15;"quarta-feira";"19:15:00";"TO";153;144;"ARAGUAINA";"Ausência de reação do condutor";"Colisão traseira";"Com Vítimas Feridas";"Plena Noite";"Decrescente";"Garoa/Chuvisco";"Dupla";"Reta;Declive";"Sim";2;0;1;0;0;1;1;2;-7,202533;-48,239418;"SPRF-TO";"DEL02-TO";"UOP01-DEL02-TO"
785570;2026-07-15;"quarta-feira";"18:50:00";"RJ";393;256,1;"BARRA DO PIRAI";"Iluminação deficiente";"Atropelamento de Pedestre";"Com Vítimas Feridas";"Plena Noite";"Decrescente";"Nublado";"Simples";"Reta";"Não";2;0;2;0;0;0;2;2;-22,457077;-43,841856;"SPRF-RJ";"DEL05-RJ";"UOP04-DEL05-RJ"
785571;2026-07-15;"quarta-feira";"18:30:00";"MG";262;44;"MANHUACU";"Ingestão de álcool pelo condutor";"Atropelamento de Pedestre";"Com Vítimas Feridas";"Plena Noite";"Decrescente";"Nublado";"Simples";"Reta";"Não";3;0;3;0;0;0;3;2;-20,260092;-42,096658;"SPRF-MG";"DEL06-MG";"UOP03-DEL06-MG"
785572;2026-07-15;"quarta-feira";"19:40:00";"RJ";356;186;"SAO JOAO DA BARRA";"Ultrapassagem Indevida";"Colisão lateral mesmo sentido";"Com Vítimas Feridas";"Plena Noite";"Crescente";"Céu Claro";"Simples";"Reta";"Sim";2;0;1;0;1;0;1;2;-21,628741;-41,028706;"SPRF-RJ";"DEL08-RJ";"UOP02-DEL08-RJ"
785573;2026-07-15;"quarta-feira";"20:25:00";"GO";40;103;"CRISTALINA";"Ultrapassagem Indevida";"Colisão frontal";"Com Vítimas Feridas";"Plena Noite";"Crescente";"Céu Claro";"Simples";"Reta";"Não";5;0;2;0;3;0;2;2;-16,88865979;-47,36446381;"SPRF-DF";"DEL01-DF";"UOP02-DEL01-DF"
785574;2026-07-15;"quarta-feira";"18:30:00";"RJ";101;388;"RIO DE JANEIRO";"Avarias e/ou desgaste excessivo no pneu";"Tombamento";"Com Vítimas Feridas";"Anoitecer";"Decrescente";"Céu Claro";"Múltipla";"Reta";"Sim";2;0;1;0;1;0;1;1;-22,89049685;-43,66436418;"SPRF-RJ";"DEL03-RJ";"UOP01-DEL03-RJ"
785575;2026-07-15;"quarta-feira";"13:00:00";"BA";349;991;"CORRENTINA";"Mal súbito do condutor";"Saída de leito carroçável";"Com Vítimas Feridas";"Pleno dia";"Decrescente";"Céu Claro";"Simples";"Curva";"Não";3;0;3;0;0;0;3;1;-13,47356651;-44,96285526;"SPRF-BA";"DEL10-BA";"UOP02-DEL10-BA"
785578;2026-07-15;"quarta-feira";"17:50:00";"RJ";101;322;"NITEROI";"Ausência de reação do condutor";"Colisão traseira";"Com Vítimas Feridas";"Anoitecer";"Crescente";"Céu Claro";"Múltipla";"Reta";"Não";3;0;2;0;1;0;2;2;-22,87454666;-43,11011433;"SPRF-RJ";"DEL02-RJ";"UOP01-DEL02-RJ"
785579;2026-06-13;"sábado";"23:39:00";"PR";369;14,8;"CAMBARA";"Ausência de reação do condutor";"Colisão traseira";"Com Vítimas Fatais";"Plena Noite";"Decrescente";"Chuva";"Dupla";"Reta;Em Obras;Aclive";"Não";8;1;0;7;0;0;7;3;-23,023653;-50,0342467;"SPRF-PR";"DEL07-PR";"UOP05-DEL07-PR"
785581;2026-07-15;"quarta-feira";"19:15:00";"PR";476;1;"ADRIANOPOLIS";"Reação tardia ou ineficiente do condutor";"Colisão frontal";"Com Vítimas Feridas";"Plena Noite";"Crescente";"Céu Claro";"Simples";"Reta";"Sim";2;0;1;1;0;0;2;2;-24,656741;-49,000171;"SPRF-PR";"DEL01-PR";"UOP01-DEL01-PR"
785584;2026-07-15;"quarta-feira";"21:40:00";"BA";116;0,2;"VITORIA DA CONQUISTA";"Reação tardia ou ineficiente do condutor";"Tombamento";"Com Vítimas Feridas";"Plena Noite";"Decrescente";"Nublado";"Simples";"Curva";"Não";1;0;0;1;0;0;1;1;-14,827152;-40,82875;"SPRF-BA";"DEL08-BA";"UOP01-DEL08-BA"
785588;2026-07-15;"quarta-feira";"21:30:00";"RJ";101;411,8;"ITAGUAI";"Mal súbito do condutor";"Saída de leito carroçável";"Com Vítimas Feridas";"Plena Noite";"Decrescente";"Nublado";"Dupla";"Reta";"Sim";1;0;1;0;0;0;1;1;-22,89793477;-43,85745255;"SPRF-RJ";"DEL03-RJ";"UOP01-DEL03-RJ"
785590;2026-07-15;"quarta-feira";"22:20:00";"RS";386;369,8;"FAZENDA VILANOVA";"Reação tardia ou ineficiente do condutor";"Tombamento";"Com Vítimas Feridas";"Plena Noite";"Crescente";"Céu Claro";"Dupla";"Reta";"Não";1;0;1;0;0;0;1;1;-29,591967;-51,8215;"SPRF-RS";"DEL04-RS";"UOP01-DEL04-RS"
785591;2026-07-15;"quarta-feira";"22:23:00";"PB";104;117,1;"LAGOA SECA";"Ausência de reação do condutor";"Colisão traseira";"Com Vítimas Feridas";"Plena Noite";"Decrescente";"Céu Claro";"Simples";"Reta";"Sim";2;0;1;0;0;1;1;2;-7,183943;-35,865685;"SPRF-PB";"DEL02-PB";"UOP04-DEL02-PB"
785593;2026-07-15;"quarta-feira";"19:30:00";"RJ";116;306;"RESENDE";"Velocidade Incompatível";"Colisão lateral mesmo sentido";"Com Vítimas Feridas";"Plena Noite";"Crescente";"Céu Claro";"Simples";"Reta";"Não";2;0;1;0;1;0;1;2;-22,45921051;-44,43479888;"SPRF-RJ";"DEL07-RJ";"UOP02-DEL07-RJ"
785594;2026-07-15;"quarta-feira";"19:20:00";"PR";163;37,5;"SANTO ANTONIO DO SUDOESTE";"Animais na Pista";"Atropelamento de Animal";"Com Vítimas Feridas";"Plena Noite";"Decrescente";"Céu Claro";"Simples";"Curva;Aclive";"Não";1;0;1;0;0;0;1;1;-26,04544;-53,727208;"SPRF-PR";"DEL02-PR";"UOP02-DEL02-PR"
785596;2026-07-15;"quarta-feira";"21:10:00";"SE";101;153;"ESTANCIA";"Velocidade Incompatível";"Colisão traseira";"Com Vítimas Feridas";"Plena Noite";"Crescente";"Céu Claro";"Dupla";"Curva";"Sim";2;0;1;0;0;1;1;2;-11,278755;-37,449188;"SPRF-SE";"DEL02-SE";"UOP01-DEL02-SE"
785598;2026-07-15;"quarta-feira";"18:05:00";"MT";174;332;"PONTES E LACERDA";"Reação tardia ou ineficiente do condutor";"Colisão lateral mesmo sentido";"Com Vítimas Feridas";"Anoitecer";"Crescente";"Céu Claro";"Simples";"Reta";"Não";4;0;2;0;2;0;2;3;-15,004861;-59,286646;"SPRF-MT";"DEL04-MT";"UOP01-DEL04-MT"
785600;2026-07-15;"quarta-feira";"21:30:00";"PE";316;45;"ARARIPINA";"Manobra de mudança de faixa";"Colisão frontal";"Com Vítimas Fatais";"Plena Noite";"Crescente";"Nublado";"Simples";"Reta";"Não";6;1;4;1;0;0;5;2;-7,69304422;-40,35430163;"SPRF-PE";"DEL05-PE";"UOP02-DEL05-PE"
785601;2026-07-15;"quarta-feira";"21:20:00";"AL";104;56,5;"MURICI";"Animais na Pista";"Atropelamento de Animal";"Com Vítimas Fatais";"Plena Noite";"Decrescente";"Chuva";"Simples";"Reta";"Não";2;1;0;1;0;0;1;1;-9,295522;-35,958493;"SPRF-AL";"DEL01-AL";"UOP02-DEL01-AL"
785602;2026-07-15;"quarta-feira";"22:30:00";"SE";101;147;"ESTANCIA";"Reação tardia ou ineficiente do condutor";"Colisão com objeto";"Sem Vítimas";"Plena Noite";"Crescente";"Chuva";"Dupla";"Reta";"Não";1;0;0;0;0;1;0;1;-11,23029;-37,42571;"SPRF-SE";"DEL02-SE";"UOP01-DEL02-SE"
785603;2026-07-15;"quarta-feira";"17:40:00";"RS";290;103,5;"ELDORADO DO SUL";"Condutor deixou de manter distância do veículo da frente";"Colisão lateral mesmo sentido";"Com Vítimas Feridas";"Anoitecer";"Crescente";"Céu Claro";"Dupla";"Ponte;Reta;Declive";"Não";2;0;0;1;1;0;1;2;-29,99183496;-51,27295073;"SPRF-RS";"DEL02-RS";"UOP01-DEL02-RS"
785604;2026-07-15;"quarta-feira";"22:50:00";"MG";116;413;"GOVERNADOR VALADARES";"Condutor deixou de manter distância do veículo da frente";"Tombamento";"Com Vítimas Feridas";"Plena Noite";"Crescente";"Céu Claro";"Simples";"Ponte";"Não";1;0;1;0;0;0;1;1;-18,88324248;-41,95290461;"SPRF-MG";"DEL06-MG";"UOP01-DEL06-MG"
785607;2026-07-15;"quarta-feira";"22:10:00";"RJ";116;96;"GUAPIMIRIM";"Ausência de reação do condutor";"Colisão com objeto";"Com Vítimas Feridas";"Plena Noite";"Decrescente";"Céu Claro";"Simples";"Curva";"Não";1;0;1;0;0;0;1;1;-22,47738118;-42,99678803;"SPRF-RJ";"DEL04-RJ";"UOP01-DEL04-RJ"
785609;2026-07-15;"quarta-feira";"20:05:00";"RJ";465;2;"SEROPEDICA";"Ultrapassagem Indevida";"Colisão traseira";"Com Vítimas Fatais";"Plena Noite";"Crescente";"Nublado";"Simples";"Reta";"Não";5;1;3;0;0;1;3;4;-22,73049353;-43,71569216;"SPRF-RJ";"DEL06-RJ";"UOP02-DEL06-RJ"
785610;2026-07-16;"quinta-feira";"05:14:00";"PE";101;69,5;"RECIFE";"Entrada inopinada do pedestre";"Queda de ocupante de veículo";"Com Vítimas Feridas";"Pleno dia";"Crescente";"Chuva";"Dupla";"Reta";"Sim";3;0;1;1;0;1;2;3;-8,06392333;-34,94446167;"SPRF-PE";"DEL01-PE";"UOP01-DEL01-PE"
785614;2026-07-16;"quinta-feira";"05:20:00";"SC";470;99;"APIUNA";"Ingestão de álcool pelo condutor";"Saída de leito carroçável";"Sem Vítimas";"Plena Noite";"Crescente";"Nublado";"Simples";"Reta";"Não";2;0;0;0;2;0;0;1;-27,04426156;-49,39496366;"SPRF-SC";"DEL04-SC";"UOP02-DEL04-SC"
785615;2026-07-16;"quinta-feira";"06:30:00";"SP";153;60;"SAO JOSE DO RIO PRETO";"Ausência de reação do condutor";"Tombamento";"Com Vítimas Feridas";"Pleno dia";"Crescente";"Céu Claro";"Múltipla";"Curva;Retorno Regulamentado";"Sim";1;0;1;0;0;0;1;1;-20,80432999;-49,35594726;"SPRF-SP";"DEL09-SP";"UOP01-DEL09-SP"
785617;2026-07-16;"quinta-feira";"05:50:00";"TO";153;693;"CARIRI DO TOCANTINS";"Reação tardia ou ineficiente do condutor";"Queda de ocupante de veículo";"Com Vítimas Feridas";"Amanhecer";"Crescente";"Céu Claro";"Simples";"Reta";"Não";2;0;2;0;0;0;2;2;-11,893457;-49,167403;"SPRF-TO";"DEL01-TO";"UOP02-DEL01-TO"
785618;2026-07-15;"quarta-feira";"10:00:00";"RJ";101;487;"ANGRA DOS REIS";"Acessar a via sem observar a presença dos outros veículos";"Colisão lateral mesmo sentido";"Com Vítimas Feridas";"Pleno dia";"Crescente";"Céu Claro";"Múltipla";"Reta";"Sim";2;0;1;0;1;0;1;2;-23,00357067;-44,29819036;"SPRF-RJ";"DEL03-RJ";"UOP03-DEL03-RJ"
785620;2026-07-16;"quinta-feira";"00:20:00";"MG";262;785;"UBERABA";"Iluminação deficiente";"Atropelamento de Animal";"Com Vítimas Feridas";"Plena Noite";"Decrescente";"Céu Claro";"Dupla";"Reta;Declive";"Sim";1;0;0;1;0;0;1;1;-19,768818;-47,893737;"SPRF-MG";"DEL13-MG";"UOP01-DEL13-MG"
785621;2026-07-16;"quinta-feira";"07:20:00";"ES";101;291,9;"CARIACICA";"Transitar na contramão";"Colisão frontal";"Com Vítimas Feridas";"Pleno dia";"Crescente";"Nublado";"Dupla";"Interseção de Vias";"Sim";2;0;2;0;0;0;2;2;-20,306197;-40,395263;"SPRF-ES";"DEL01-ES";"UOP01-DEL01-ES"
785622;2026-07-16;"quinta-feira";"06:40:00";"SC";163;84,1;"GUARACIABA";"Manobra de mudança de faixa";"Colisão lateral mesmo sentido";"Com Vítimas Feridas";"Amanhecer";"Decrescente";"Céu Claro";"Simples";"Reta";"Não";2;0;1;0;1;0;1;2;-26,61371873;-53,5190767;"SPRF-SC";"DEL07-SC";"UOP03-DEL07-SC"
785623;2026-07-16;"quinta-feira";"07:17:00";"PB";230;21;"JOAO PESSOA";"Frear bruscamente";"Queda de ocupante de veículo";"Com Vítimas Feridas";"Pleno dia";"Crescente";"Nublado";"Dupla";"Reta";"Sim";2;0;1;0;1;0;1;1;-7,141522;-34,851805;"SPRF-PB";"DEL01-PB";"UOP01-DEL01-PB"
785624;2026-07-16;"quinta-feira";"06:50:00";"PE";428;184,5;"PETROLINA";"Manobra de mudança de faixa";"Colisão lateral mesmo sentido";"Com Vítimas Feridas";"Pleno dia";"Crescente";"Céu Claro";"Dupla";"Retorno Regulamentado";"Sim";3;0;2;0;1;0;2;2;-9,34780958;-40,47435498;"SPRF-PE";"DEL06-PE";"UOP01-DEL06-PE"
785625;2026-07-16;"quinta-feira";"06:50:00";"PA";316;55;"CASTANHAL";"Ausência de reação do condutor";"Tombamento";"Com Vítimas Feridas";"Pleno dia";"Crescente";"Céu Claro";"Dupla";"Reta;Declive;Ponte";"Sim";1;0;1;0;0;0;1;1;-1,30057799;-47,98413848;"SPRF-PA";"DEL01-PA";"UOP01-DEL01-PA"
785626;2026-07-16;"quinta-feira";"06:41:00";"RN";304;301,8;"MACAIBA";"Afundamento ou ondulação no pavimento";"Queda de ocupante de veículo";"Com Vítimas Feridas";"Pleno dia";"Crescente";"Céu Claro";"Dupla";"Desvio Temporário;Em Obras";"Não";1;0;1;0;0;0;1;1;-5,87925;-35,2996117;"SPRF-RN";"DEL01-RN";"UOP02-DEL01-RN"
785627;2026-07-16;"quinta-feira";"07:35:00";"PE";101;75,3;"RECIFE";"Pista Escorregadia";"Queda de ocupante de veículo";"Com Vítimas Feridas";"Pleno dia";"Crescente";"Chuva";"Dupla";"Reta";"Sim";2;0;2;0;0;0;2;1;-8,11251;-34,94573;"SPRF-PE";"DEL01-PE";"UOP01-DEL01-PE"
785629;2026-07-16;"quinta-feira";"07:26:00";"RN";101;105,9;"PARNAMIRIM";"Ausência de reação do condutor";"Colisão com objeto";"Com Vítimas Feridas";"Pleno dia";"Decrescente";"Nublado";"Múltipla";"Aclive;Viaduto";"Sim";1;0;0;1;0;0;1;1;-5,907604;-35,260692;"SPRF-RN";"DEL01-RN";"UOP01-DEL01-RN"
785630;2026-07-16;"quinta-feira";"07:15:00";"SC";101;216,2;"PALHOCA";"Reação tardia ou ineficiente do condutor";"Colisão lateral mesmo sentido";"Com Vítimas Feridas";"Pleno dia";"Decrescente";"Céu Claro";"Múltipla";"Reta";"Sim";2;0;1;0;1;0;1;2;-27,66216;-48,67612;"SPRF-SC";"DEL01-SC";"UOP02-DEL01-SC"
785631;2026-07-15;"quarta-feira";"18:36:00";"AL";316;146;"PALMEIRA DOS INDIOS";"Pista esburacada";"Colisão com objeto";"Sem Vítimas";"Plena Noite";"Crescente";"Chuva";"Simples";"Declive;Reta";"Não";2;0;0;0;1;1;0;2;-9,4014603;-36,70458734;"SPRF-AL";"DEL03-AL";"UOP01-DEL03-AL"
785633;2026-07-16;"quinta-feira";"07:15:00";"RS";290;88;"PORTO ALEGRE";"Ausência de reação do condutor";"Tombamento";"Com Vítimas Feridas";"Pleno dia";"Crescente";"Céu Claro";"Dupla";"Reta";"Não";2;0;1;0;0;1;1;2;-29,96798162;-51,12058867;"SPRF-RS";"DEL01-RS";"UOP01-DEL01-RS"