"id";"data_inversa";"dia_semana";"horario";"uf";"br";"km";"municipio";"causa_acidente";"tipo_acidente";"classificacao_acidente";"fase_dia";"sentido_via";"condicao_metereologica";"tipo_pista";"tracado_via";"uso_solo";"pessoas";"mortos";"feridos_leves";"feridos_graves";"ilesos";"ignorados";"feridos";"veiculos";"latitude";"longitude";"regional";"delegacia";"uop"
785743;2026-07-16;"quinta-feira";"17:30:00";"RJ";116;40;"SAO JOSE DO VALE DO RIO PRETO";"Conversão proibida";"Colisão transversal";"Com Vítimas Feridas";"Pleno dia";"Decrescente";"Nublado";"Simples";"Curva;Interseção de Vias";"Não";2;0;1;0;1;0;1;2;-22,1333865;-42,7819828;"SPRF-RJ";"DEL04-RJ";"UOP01-DEL04-RJ"
785744;2026-07-16;"quinta-feira";"17:23:00";"RS";290;74,6;"GRAVATAI";"Reação tardia ou ineficiente do condutor";"Colisão lateral mesmo sentido";"Com Vítimas Feridas";"Pleno dia";"Crescente";"Céu Claro";"Dupla";"Reta";"Não";3;0;2;0;1;0;2;2;-29,954351;-51,002974;"SPRF-RS";"DEL03-RS";"UOP01-DEL03-RS"
785745;2026-07-16;"quinta-feira";"17:40:00";"SP";116;231;"SAO PAULO";"Condutor deixou de manter distância do veículo da frente";"Colisão traseira";"Com Vítimas Feridas";"Anoitecer";"Decrescente";"Céu Claro";"Múltipla";"Reta";"Não";2;0;2;0;0;0;2;2;-23,52016307;-46,58304898;"SPRF-SP";"DEL01-SP";"UOP01-DEL01-SP"
785749;2026-07-16;"quinta-feira";"18:20:00";"MG";116;580;"MANHUACU";"Acessar a via sem observar a presença dos outros veículos";"Colisão frontal";"Com Vítimas Feridas";"Plena Noite";"Decrescente";"Nublado";"Simples";"Reta";"Sim";2;0;1;0;1;0;1;2;-20,2376875;-42,1649007;"SPRF-MG";"DEL06-MG";"UOP03-DEL06-MG"
785750;2026-07-16;"quinta-feira";"15:50:00";"MG";365;143,1;"PIRAPORA";"Reação tardia ou ineficiente do condutor";"Queda de ocupante de veículo";"Com Vítimas Feridas";"Pleno dia";"Crescente";"Céu Claro";"Simples";"Reta";"Não";1;0;1;0;0;0;1;1;-17,221553;-44,822917;"SPRF-MG";"DEL12-MG";"UOP01-DEL12-MG"
785753;2026-07-16;"quinta-feira";"14:15:00";"PI";316;312;"PICOS";"Ausência de reação do condutor";"Colisão traseira";"Com Vítimas Feridas";"Pleno dia";"Decrescente";"Céu Claro";"Simples";"Reta";"Não";2;0;1;0;0;1;1;2;-7,078428;-41,437307;"SPRF-PI";"DEL04-PI";"UOP01-DEL04-PI"
785754;2026-07-16;"quinta-feira";"18:00:00";"RS";472;579;"URUGUAIANA";"Acessar a via sem observar a presença dos outros veículos";"Colisão transversal";"Com Vítimas Feridas";"Anoitecer";"Crescente";"Vento";"Simples";"Reta";"Sim";2;0;1;0;1;0;1;2;-29,78344992;-57,07101023;"SPRF-RS";"DEL13-RS";"UOP01-DEL13-RS"
785755;2026-07-16;"quinta-feira";"17:38:00";"PE";101;51;"ABREU E LIMA";"Acessar a via sem observar a presença dos outros veículos";"Colisão transversal";"Com Vítimas Feridas";"Plena Noite";"Crescente";"Chuva";"Dupla";"Reta";"Sim";3;0;1;1;0;1;2;2;-7,91633652;-34,89783224;"SPRF-PE";"DEL01-PE";"UOP02-DEL01-PE"
785759;2026-07-16;"quinta-feira";"18:10:00";"SC";480;131;"CHAPECO";"Mal súbito do condutor";"Colisão traseira";"Com Vítimas Feridas";"Plena Noite";"Crescente";"Céu Claro";"Dupla";"Reta";"Sim";2;0;1;0;1;0;1;2;-27,0629025;-52,6353036;"SPRF-SC";"DEL07-SC";"UOP01-DEL07-SC"
785760;2026-07-16;"quinta-feira";"16:00:00";"SC";116;141;"SANTA CECILIA";"Reação tardia ou ineficiente do condutor";"Colisão traseira";"Com Vítimas Feridas";"Pleno dia";"Crescente";"Céu Claro";"Simples";"Curva;Aclive";"Não";1;0;1;0;0;0;1;1;-26,9669;-50,4085;"SPRF-SC";"DEL06-SC";"UOP02-DEL06-SC"
785761;2026-07-16;"quinta-feira";"19:00:00";"SP";153;71;"SAO JOSE DO RIO PRETO";"Área urbana sem a presença de local apropriado para a travessia de pedestres";"Atropelamento de Pedestre";"Com Vítimas Fatais";"Plena Noite";"Decrescente";"Céu Claro";"Dupla";"Reta;Aclive";"Sim";3;1;0;0;1;1;0;2;-20,87203962;-49,41679208;"SPRF-SP";"DEL09-SP";"UOP01-DEL09-SP"
785763;2026-07-16;"quinta-feira";"17:40:00";"SP";116;110,7;"TAUBATE";"Trafegar com motocicleta (ou similar) entre as faixas";"Colisão lateral mesmo sentido";"Com Vítimas Feridas";"Plena Noite";"Crescente";"Nublado";"Dupla";"Reta";"Sim";2;0;1;0;1;0;1;2;-23,03488169;-45,5541571;"SPRF-SP";"DEL02-SP";"UOP02-DEL02-SP"
785764;2026-07-16;"quinta-feira";"18:30:00";"RS";101;51,9;"TERRA DE AREIA";"Pedestre cruzava a pista fora da faixa";"Atropelamento de Pedestre";"Com Vítimas Feridas";"Plena Noite";"Crescente";"Céu Claro";"Dupla";"Reta";"Não";2;0;1;0;1;0;1;2;-29,62376;-50,098315;"SPRF-RS";"DEL03-RS";"UOP02-DEL03-RS"
785765;2026-07-16;"quinta-feira";"19:10:00";"RJ";101;574;"PARATY";"Acessar a via sem observar a presença dos outros veículos";"Colisão transversal";"Com Vítimas Feridas";"Plena Noite";"Decrescente";"Céu Claro";"Simples";"Reta";"Não";4;0;3;0;1;0;3;2;-23,213707;-44,734867;"SPRF-RJ";"DEL03-RJ";"UOP04-DEL03-RJ"
785768;2026-07-16;"quinta-feira";"18:30:00";"RJ";101;399;"ITAGUAI";"Condutor deixou de manter distância do veículo da frente";"Colisão traseira";"Com Vítimas Feridas";"Anoitecer";"Decrescente";"Céu Claro";"Dupla";"Reta";"Não";3;0;1;0;2;0;1;2;-22,85892672;-43,75936136;"SPRF-RJ";"DEL03-RJ";"UOP01-DEL03-RJ"
785771;2026-07-16;"quinta-feira";"18:45:00";"MT";364;395;"CUIABA";"Animais na Pista";"Atropelamento de Animal";"Com Vítimas Fatais";"Anoitecer";"Decrescente";"Céu Claro";"Dupla";"Reta";"Sim";2;1;0;0;0;1;0;2;-15,67636;-55,93693;"SPRF-MT";"DEL01-MT";"UOP02-DEL01-MT"
785773;2026-07-16;"quinta-feira";"20:00:00";"CE";116;51;"PACAJUS";"Acessar a via sem observar a presença dos outros veículos";"Colisão transversal";"Com Vítimas Fatais";"Plena Noite";"Crescente";"Céu Claro";"Dupla";"Reta";"Sim";2;1;0;0;1;0;0;2;-4,17831095;-38,4921727;"SPRF-CE";"DEL01-CE";"UOP04-DEL01-CE"
785775;2026-07-16;"quinta-feira";"17:50:00";"MG";116;687,4;"MURIAE";"Ultrapassagem Indevida";"Colisão frontal";"Com Vítimas Feridas";"Anoitecer";"Decrescente";"Céu Claro";"Simples";"Curva;Declive";"Não";6;0;1;3;0;2;4;3;-21,0045894;-42,3667635;"SPRF-MG";"DEL07-MG";"UOP02-DEL07-MG"
785776;2026-07-16;"quinta-feira";"20:17:00";"RJ";101;65;"CAMPOS DOS GOYTACAZES";"Acessar a via sem observar a presença dos outros veículos";"Colisão traseira";"Com Vítimas Feridas";"Plena Noite";"Decrescente";"Céu Claro";"Dupla";"Interseção de Vias";"Sim";2;0;1;0;1;0;1;2;-21,754706;-41,346514;"SPRF-RJ";"DEL08-RJ";"UOP02-DEL08-RJ"
785777;2026-07-16;"quinta-feira";"18:50:00";"MS";163;511;"JARAGUARI";"Ausência de reação do condutor";"Tombamento";"Sem Vítimas";"Plena Noite";"Crescente";"Nublado";"Dupla";"Reta";"Não";1;0;0;0;0;1;0;1;-20,231275;-54,477786;"SPRF-MS";"DEL01-MS";"UOP02-DEL01-MS"
785779;2026-07-16;"quinta-feira";"18:00:00";"RJ";116;148;"DUQUE DE CAXIAS";"Reação tardia ou ineficiente do condutor";"Colisão traseira";"Com Vítimas Feridas";"Plena Noite";"Crescente";"Céu Claro";"Dupla";"Reta";"Não";3;0;2;0;1;0;2;2;-22,67138694;-43,27892153;"SPRF-RJ";"DEL01-RJ";"UOP02-DEL01-RJ"
785781;2026-07-16;"quinta-feira";"18:00:00";"BA";367;64;"PORTO SEGURO";"Reação tardia ou ineficiente do condutor";"Colisão traseira";"Com Vítimas Feridas";"Plena Noite";"Decrescente";"Céu Claro";"Simples";"Reta";"Não";4;0;0;1;3;0;1;2;-16,393883;-39,420685;"SPRF-BA";"DEL09-BA";"UOP03-DEL09-BA"
785782;2026-07-16;"quinta-feira";"17:00:00";"MG";116;609,6;"SAO JOAO DO MANHUACU";"Velocidade Incompatível";"Saída de leito carroçável";"Com Vítimas Feridas";"Pleno dia";"Decrescente";"Céu Claro";"Simples";"Curva";"Não";1;0;1;0;0;0;1;1;-20,417743;-42,153737;"SPRF-MG";"DEL07-MG";"UOP02-DEL07-MG"
785783;2026-07-16;"quinta-feira";"19:40:00";"RJ";101;482;"ANGRA DOS REIS";"Acessar a via sem observar a presença dos outros veículos";"Colisão transversal";"Com Vítimas Feridas";"Plena Noite";"Decrescente";"Céu Claro";"Dupla";"Reta";"Sim";4;0;2;0;2;0;2;2;-23,00517658;-44,29772107;"SPRF-RJ";"DEL03-RJ";"UOP03-DEL03-RJ"
785784;2026-07-16;"quinta-feira";"21:17:00";"SE";101;20,2;"SAO FRANCISCO";"Transitar na contramão";"Colisão frontal";"Com Vítimas Fatais";"Plena Noite";"Decrescente";"Nublado";"Dupla";"Reta";"Não";2;1;0;0;1;0;0;2;-10,3593615;-36,9072007;"SPRF-SE";"DEL02-SE";"UOP02-DEL02-SE"
785786;2026-07-16;"quinta-feira";"16:50:00";"RJ";40;120;"DUQUE DE CAXIAS";"Ausência de reação do condutor";"Capotamento";"Sem Vítimas";"Anoitecer";"Decrescente";"Céu Claro";"Dupla";"Reta";"Não";1;0;0;0;1;0;0;1;-22,77176764;-43,28595512;"SPRF-RJ";"DEL01-RJ";"UOP02-DEL01-RJ"
785788;2026-07-16;"quinta-feira";"20:45:00";"SC";101;334,6;"TUBARAO";"Animais na Pista";"Atropelamento de Animal";"Com Vítimas Feridas";"Plena Noite";"Decrescente";"Céu Claro";"Dupla";"Reta";"Não";1;0;0;1;0;0;1;1;-28,47337864;-49,02432203;"SPRF-SC";"DEL02-SC";"UOP01-DEL02-SC"
785789;2026-07-16;"quinta-feira";"20:50:00";"MT";163;846;"SINOP";"Ultrapassagem Indevida";"Colisão lateral mesmo sentido";"Com Vítimas Feridas";"Plena Noite";"Crescente";"Céu Claro";"Simples";"Reta";"Não";2;0;1;0;0;1;1;2;-11,759416;-55,468756;"SPRF-MT";"DEL06-MT";"UOP02-DEL06-MT"
785790;2026-07-16;"quinta-feira";"20:30:00";"SC";153;14;"AGUA DOCE";"Reação tardia ou ineficiente do condutor";"Saída de leito carroçável";"Com Vítimas Feridas";"Plena Noite";"Crescente";"Céu Claro";"Simples";"Interseção de Vias";"Não";1;0;1;0;0;0;1;1;-26,69865816;-51,57466142;"SPRF-SC";"DEL07-SC";"UOP07-DEL07-SC"
785791;2026-07-16;"quinta-feira";"14:30:00";"RS";116;149;"CAXIAS DO SUL";"Condutor desrespeitou a iluminação vermelha do semáforo";"Colisão transversal";"Com Vítimas Feridas";"Pleno dia";"Crescente";"Céu Claro";"Dupla";"Interseção de Vias";"Não";3;0;2;0;1;0;2;2;-29,17028513;-51,15933744;"SPRF-RS";"DEL05-RS";"UOP01-DEL05-RS"
785792;2026-07-16;"quinta-feira";"19:20:00";"PB";101;55;"SANTA RITA";"Reação tardia ou ineficiente do condutor";"Colisão com objeto";"Sem Vítimas";"Plena Noite";"Crescente";"Chuva";"Dupla";"Curva";"Não";1;0;0;0;1;0;0;1;-6,96118891;-35,08758545;"SPRF-PB";"DEL01-PB";"UOP03-DEL01-PB"
785793;2026-07-16;"quinta-feira";"20:00:00";"PB";230;445,8;"APARECIDA";"Desrespeitar a preferência no cruzamento";"Colisão transversal";"Com Vítimas Feridas";"Plena Noite";"Decrescente";"Céu Claro";"Simples";"Interseção de Vias";"Sim";2;0;1;0;1;0;1;2;-6,786078;-38,084472;"SPRF-PB";"DEL03-PB";"UOP03-DEL03-PB"
785796;2026-07-16;"quinta-feira";"20:00:00";"RO";364;673;"CANDEIAS DO JAMARI";"Transitar na contramão";"Colisão lateral sentido oposto";"Com Vítimas Feridas";"Plena Noite";"Crescente";"Nublado";"Simples";"Reta";"Não";7;0;4;0;2;1;4;3;-8,779441;-63,530061;"SPRF-RO";"DEL01-RO";"UOP01-DEL01-RO"
785797;2026-07-16;"quinta-feira";"22:30:00";"PE";101;66,5;"RECIFE";"Pedestre andava na pista";"Atropelamento de Pedestre";"Com Vítimas Fatais";"Plena Noite";"Crescente";"Garoa/Chuvisco";"Dupla";"Viaduto;Declive";"Sim";2;1;0;0;0;1;0;2;-8,0390077;-34,9425554;"SPRF-PE";"DEL01-PE";"UOP01-DEL01-PE"
785798;2026-07-16;"quinta-feira";"18:20:00";"GO";364;193;"JATAI";"Reação tardia ou ineficiente do condutor";"Saída de leito carroçável";"Com Vítimas Feridas";"Anoitecer";"Crescente";"Céu Claro";"Simples";"Reta";"Sim";2;0;1;0;1;0;1;1;-17,920435;-51,699898;"SPRF-GO";"DEL05-GO";"UOP01-DEL05-GO"
785799;2026-07-16;"quinta-feira";"19:52:00";"MT";163;745;"SORRISO";"Ausência de reação do condutor";"Queda de ocupante de veículo";"Com Vítimas Feridas";"Plena Noite";"Crescente";"Céu Claro";"Dupla";"Reta;Interseção de Vias";"Sim";1;0;1;0;0;0;1;1;-12,57192176;-55,72674769;"SPRF-MT";"DEL06-MT";"UOP01-DEL06-MT"
785800;2026-07-16;"quinta-feira";"22:20:00";"MA";222;672;"ACAILANDIA";"Ausência de reação do condutor";"Tombamento";"Com Vítimas Feridas";"Plena Noite";"Crescente";"Céu Claro";"Simples";"Reta";"Sim";1;0;0;1;0;0;1;1;-4,94721;-47,47658;"SPRF-MA";"DEL04-MA";"UOP03-DEL04-MA"
785802;2026-07-16;"quinta-feira";"23:00:00";"GO";153;504;"APARECIDA DE GOIANIA";"Demais falhas mecânicas ou elétricas";"Incêndio";"Sem Vítimas";"Plena Noite";"Decrescente";"Ignorado";"Dupla";"Reta";"Sim";1;0;0;0;1;0;0;1;-16,74275058;-49,24116806;"SPRF-GO";"DEL01-GO";"UOP01-DEL01-GO"
785803;2026-07-16;"quinta-feira";"22:45:00";"RJ";101;406;"ITAGUAI";"Acessar a via sem observar a presença dos outros veículos";"Colisão lateral sentido oposto";"Com Vítimas Feridas";"Plena Noite";"Crescente";"Céu Claro";"Simples";"Reta";"Sim";2;0;1;0;1;0;1;2;-22,87447497;-43,81244659;"SPRF-RJ";"DEL03-RJ";"UOP01-DEL03-RJ"
785804;2026-07-16;"quinta-feira";"22:30:00";"PE";232;378,5;"FLORES";"Reação tardia ou ineficiente do condutor";"Tombamento";"Com Vítimas Feridas";"Plena Noite";"Crescente";"Garoa/Chuvisco";"Simples";"Reta";"Sim";1;0;0;1;0;0;1;1;-8,0390852;-38,039446;"SPRF-PE";"DEL04-PE";"UOP01-DEL04-PE"
785805;2026-07-16;"quinta-feira";"21:40:00";"MG";116;672;"MIRADOURO";"Velocidade Incompatível";"Tombamento";"Com Vítimas Feridas";"Plena Noite";"Crescente";"Céu Claro";"Simples";"Curva";"Sim";1;0;1;0;0;0;1;1;-20,888203;-42,339887;"SPRF-MG";"DEL07-MG";"UOP02-DEL07-MG"
785806;2026-07-16;"quinta-feira";"21:20:00";"RJ";465;22,5;"ITAGUAI";"Animais na Pista";"Atropelamento de Animal";"Com Vítimas Feridas";"Plena Noite";"Decrescente";"Céu Claro";"Simples";"Reta";"Sim";1;0;1;0;0;0;1;1;-22,85890981;-43,75937381;"SPRF-RJ";"DEL03-RJ";"UOP01-DEL03-RJ"
785807;2026-07-16;"quinta-feira";"20:40:00";"MT";174;400;"CONQUISTA DOESTE";"Reação tardia ou ineficiente do condutor";"Colisão traseira";"Com Vítimas Feridas";"Plena Noite";"Crescente";"Céu Claro";"Simples";"Reta";"Não";3;0;2;0;1;0;2;2;-14,50129974;-59,56776071;"SPRF-MT";"DEL04-MT";"UOP02-DEL04-MT"
785808;2026-07-16;"quinta-feira";"20:20:00";"PR";369;477;"CORBELIA";"Condutor Dormindo";"Saída de leito carroçável";"Sem Vítimas";"Plena Noite";"Crescente";"Ignorado";"Simples";"Reta";"Não";1;0;0;0;0;1;0;1;-24,73399653;-53,25570457;"SPRF-PR";"DEL04-PR";"UOP03-DEL04-PR"
785809;2026-07-16;"quinta-feira";"23:00:00";"PR";369;149,2;"LONDRINA";"Condutor deixou de manter distância do veículo da frente";"Colisão traseira";"Com Vítimas Feridas";"Plena Noite";"Decrescente";"Céu Claro";"Dupla";"Reta";"Sim";2;0;1;0;1;0;1;2;-23,292939;-51,153893;"SPRF-PR";"DEL07-PR";"UOP01-DEL07-PR"
785810;2026-07-16;"quinta-feira";"23:40:00";"PR";277;10,9;"PARANAGUA";"Desrespeitar a preferência no cruzamento";"Colisão transversal";"Com Vítimas Feridas";"Plena Noite";"Crescente";"Nevoeiro/Neblina";"Dupla";"Reta;Retorno Regulamentado";"Não";3;0;0;1;1;1;1;3;-25,5661146;-48,6240275;"SPRF-PR";"DEL01-PR";"UOP05-DEL01-PR"
785811;2026-07-16;"quinta-feira";"22:59:00";"DF";20;2;"BRASILIA";"Reação tardia ou ineficiente do condutor";"Saída de leito carroçável";"Com Vítimas Feridas";"Plena Noite";"Crescente";"Céu Claro";"Dupla";"Reta";"Não";1;0;1;0;0;0;1;1;-15,68161345;-47,83674717;"SPRF-DF";"DEL02-DF";"UOP01-DEL02-DF"
785812;2026-07-16;"quinta-feira";"23:05:00";"PR";369;493;"CASCAVEL";"Ausência de reação do condutor";"Saída de leito carroçável";"Sem Vítimas";"Plena Noite";"Crescente";"Vento";"Simples";"Reta";"Não";1;0;0;0;0;1;0;1;-24,88469169;-53,28564989;"SPRF-PR";"DEL04-PR";"UOP01-DEL04-PR"
785813;2026-07-16;"quinta-feira";"23:00:00";"RS";392;296;"SAO SEPE";"Ingestão de álcool pelo condutor";"Saída de leito carroçável";"Com Vítimas Feridas";"Plena Noite";"Decrescente";"Céu Claro";"Simples";"Curva;Aclive";"Sim";1;0;1;0;0;0;1;1;-30,173204;-53,578069;"SPRF-RS";"DEL09-RS";"UOP02-DEL09-RS"
785815;2026-07-17;"sexta-feira";"00:40:00";"RJ";101;334;"RIO DE JANEIRO";"Frear bruscamente";"Colisão traseira";"Sem Vítimas";"Plena Noite";"Crescente";"Céu Claro";"Dupla";"Declive";"Sim";3;0;0;0;3;0;0;2;-22,89200833;-43,21627;"SPRF-RJ";"DEL02-RJ";"UOP01-DEL02-RJ"
785816;2026-07-16;"quinta-feira";"22:30:00";"PR";116;211,2;"RIO NEGRO";"Ingestão de substâncias psicoativas pelo condutor";"Colisão traseira";"Com Vítimas Feridas";"Plena Noite";"Decrescente";"Céu Claro";"Simples";"Reta";"Sim";5;0;5;0;0;0;5;2;-26,10364;-49,780796;"SPRF-SC";"DEL06-SC";"UOP01-DEL06-SC"
785817;2026-07-16;"quinta-feira";"23:46:00";"MG";365;154,9;"PIRAPORA";"Animais na Pista";"Atropelamento de Animal";"Com Vítimas Feridas";"Plena Noite";"Decrescente";"Céu Claro";"Simples";"Reta";"Não";2;0;1;1;0;0;2;1;-17,307213;-44,89459;"SPRF-MG";"DEL10-MG";"UOP02-DEL010-MG"
785818;2026-07-17;"sexta-feira";"01:30:00";"RS";116;253;"SAPUCAIA DO SUL";"Ingestão de álcool pelo condutor";"Colisão traseira";"Com Vítimas Feridas";"Plena Noite";"Crescente";"Céu Claro";"Múltipla";"Reta;Aclive;Viaduto";"Sim";3;0;3;0;0;0;3;2;-29,81644536;-51,16974486;"SPRF-RS";"DEL01-RS";"UOP02-DEL01-RS"
785819;2026-07-17;"sexta-feira";"01:20:00";"RS";290;107,8;"ELDORADO DO SUL";"Ingestão de álcool pelo condutor";"Colisão com objeto";"Sem Vítimas";"Plena Noite";"Crescente";"Céu Claro";"Dupla";"Curva";"Sim";1;0;0;0;1;0;0;1;-30,00581;-51,312795;"SPRF-RS";"DEL02-RS";"UOP01-DEL02-RS"
785821;2026-07-17;"sexta-feira";"02:30:00";"GO";40;91;"CRISTALINA";"Condutor Dormindo";"Colisão com objeto";"Com Vítimas Feridas";"Plena Noite";"Decrescente";"Céu Claro";"Simples";"Desvio Temporário";"Sim";1;0;1;0;0;0;1;1;-16,73731225;-47,61867503;"SPRF-DF";"DEL01-DF";"UOP02-DEL01-DF"
785825;2026-07-17;"sexta-feira";"03:40:00";"PR";277;448,8;"LARANJEIRAS DO SUL";"Condutor Dormindo";"Capotamento";"Com Vítimas Feridas";"Plena Noite";"Crescente";"Céu Claro";"Simples";"Reta;Aclive";"Não";3;0;1;0;2;0;1;1;-25,37154;-52,32675;"SPRF-PR";"DEL04-PR";"UOP02-DEL04-PR"
785826;2026-07-17;"sexta-feira";"04:15:00";"MG";153;147,9;"COMENDADOR GOMES";"Velocidade Incompatível";"Saída de leito carroçável";"Com Vítimas Feridas";"Plena Noite";"Crescente";"Céu Claro";"Simples";"Reta";"Não";5;0;2;3;0;0;5;1;-19,631322;-48,848386;"SPRF-MG";"DEL13-MG";"UOP02-DEL13-MG"
785827;2026-07-17;"sexta-feira";"05:20:00";"RN";427;110,6;"CAICO";"Animais na Pista";"Atropelamento de Animal";"Com Vítimas Feridas";"Amanhecer";"Crescente";"Nublado";"Simples";"Reta";"Não";1;0;1;0;0;0;1;1;-6,44896942;-37,13437303;"SPRF-RN";"DEL03-RN";"UOP01-DEL03-RN"
785828;2026-07-17;"sexta-feira";"05:00:00";"PE";428;187;"PETROLINA";"Ausência de reação do condutor";"Saída de leito carroçável";"Sem Vítimas";"Amanhecer";"Decrescente";"Nublado";"Múltipla";"Retorno Regulamentado";"Sim";2;0;0;0;0;2;0;1;-9,3748589;-40,4878398;"SPRF-PE";"DEL06-PE";"UOP01-DEL06-PE"
785829;2026-07-17;"sexta-feira";"02:00:00";"SC";101;131;"CAMBORIU";"Reação tardia ou ineficiente do condutor";"Tombamento";"Com Vítimas Feridas";"Plena Noite";"Decrescente";"Céu Claro";"Dupla";"Reta";"Não";1;0;1;0;0;0;1;1;-27,06610811;-48,59577258;"SPRF-SC";"DEL04-SC";"UOP03-DEL04-SC"
785830;2026-07-17;"sexta-feira";"05:25:00";"RJ";101;70,7;"CAMPOS DOS GOYTACAZES";"Transitar no Acostamento";"Colisão traseira";"Com Vítimas Feridas";"Plena Noite";"Crescente";"Céu Claro";"Simples";"Reta";"Não";2;0;1;0;1;0;1;2;-21,784718;-41,379594;"SPRF-RJ";"DEL08-RJ";"UOP02-DEL08-RJ"
785831;2026-07-17;"sexta-feira";"06:09:00";"SP";116;210;"GUARULHOS";"Trafegar com motocicleta (ou similar) entre as faixas";"Colisão traseira";"Com Vítimas Feridas";"Amanhecer";"Crescente";"Céu Claro";"Múltipla";"Aclive;Reta";"Sim";3;0;2;0;1;0;2;2;-23,429362;-46,413314;"SPRF-SP";"DEL01-SP";"UOP01-DEL01-SP"
785832;2026-07-16;"quinta-feira";"19:00:00";"RS";116;194;"PICADA CAFE";"Acessar a via sem observar a presença dos outros veículos";"Colisão transversal";"Com Vítimas Feridas";"Plena Noite";"Crescente";"Céu Claro";"Simples";"Reta;Interseção de Vias";"Não";3;0;1;0;2;0;1;2;-29,46139354;-51,13988757;"SPRF-RS";"DEL05-RS";"UOP02-DEL05-RS"
785835;2026-07-17;"sexta-feira";"06:16:00";"PE";101;50,2;"ABREU E LIMA";"Condutor deixou de manter distância do veículo da frente";"Colisão traseira";"Com Vítimas Feridas";"Pleno dia";"Crescente";"Céu Claro";"Múltipla";"Reta";"Sim";2;0;1;0;1;0;1;2;-7,90968521;-34,90206242;"SPRF-PE";"DEL01-PE";"UOP02-DEL01-PE"
785836;2026-07-17;"sexta-feira";"06:32:00";"PE";408;97;"JABOATAO DOS GUARARAPES";"Pedestre cruzava a pista fora da faixa";"Atropelamento de Pedestre";"Com Vítimas Feridas";"Pleno dia";"Crescente";"Nublado";"Dupla";"Reta";"Sim";3;0;2;0;0;1;2;2;-8,07731;-34,99248;"SPRF-PE";"DEL01-PE";"UOP01-DEL01-PE"
785837;2026-07-17;"sexta-feira";"03:20:00";"ES";101;160;"LINHARES";"Ingestão de álcool pelo condutor";"Queda de ocupante de veículo";"Com Vítimas Feridas";"Plena Noite";"Decrescente";"Céu Claro";"Dupla";"Reta";"Não";1;0;1;0;0;0;1;1;-19,332968;-40,068155;"SPRF-ES";"DEL04-ES";"UOP01-DEL04-ES"
785839;2026-07-17;"sexta-feira";"07:05:00";"MG";50;105;"UBERABA";"Demais falhas mecânicas ou elétricas";"Incêndio";"Sem Vítimas";"Amanhecer";"Crescente";"Céu Claro";"Dupla";"Reta";"Não";2;0;0;0;2;0;0;1;-19,1808;-48,1574;"SPRF-MG";"DEL13-MG";"UOP01-DEL13-MG"
785840;2026-07-17;"sexta-feira";"07:20:00";"RN";406;162,6;"SAO GONCALO DO AMARANTE";"Animais na Pista";"Atropelamento de Animal";"Com Vítimas Feridas";"Pleno dia";"Decrescente";"Nublado";"Simples";"Reta;Declive";"Não";1;0;1;0;0;0;1;1;-5,731282;-35,358513;"SPRF-RN";"DEL02-RN";"UOP01-DEL02-RN"
785842;2026-07-17;"sexta-feira";"06:20:00";"PR";376;199;"MARIALVA";"Entrada inopinada do pedestre";"Atropelamento de Pedestre";"Com Vítimas Feridas";"Plena Noite";"Crescente";"Céu Claro";"Dupla";"Reta;Declive";"Não";2;0;1;1;0;0;2;2;-23,50198416;-51,75693739;"SPRF-PR";"DEL09-PR";"UOP01-DEL09-PR"
785843;2026-07-17;"sexta-feira";"06:10:00";"MS";163;277;"DOURADOS";"Ausência de reação do condutor";"Colisão lateral mesmo sentido";"Com Vítimas Feridas";"Amanhecer";"Crescente";"Céu Claro";"Dupla";"Reta";"Não";2;0;1;0;1;0;1;2;-22,151299;-54,63648;"SPRF-MS";"DEL04-MS";"UOP01-DEL04-MS"
785844;2026-07-17;"sexta-feira";"07:00:00";"SP";116;146,2;"SAO JOSE DOS CAMPOS";"Trafegar com motocicleta (ou similar) entre as faixas";"Colisão lateral mesmo sentido";"Com Vítimas Feridas";"Pleno dia";"Decrescente";"Céu Claro";"Dupla";"Reta";"Sim";2;0;1;0;1;0;1;2;-23,18959778;-45,86091567;"SPRF-SP";"DEL02-SP";"UOP01-DEL02-SP"
785845;2026-07-17;"sexta-feira";"07:40:00";"SP";116;105;"TAUBATE";"Reação tardia ou ineficiente do condutor";"Colisão lateral mesmo sentido";"Com Vítimas Feridas";"Pleno dia";"Decrescente";"Céu Claro";"Dupla";"Reta";"Não";2;0;1;0;1;0;1;2;-23,007171;-45,5139005;"SPRF-SP";"DEL02-SP";"UOP02-DEL02-SP"
785847;2026-07-17;"sexta-feira";"07:30:00";"RS";116;143;"FLORES DA CUNHA";"Pedestre cruzava a pista fora da faixa";"Atropelamento de Pedestre";"Com Vítimas Feridas";"Pleno dia";"Crescente";"Céu Claro";"Dupla";"Reta";"Não";3;0;0;2;1;0;2;3;-29;-51,14245402;"SPRF-RS";"DEL05-RS";"UOP01-DEL05-RS"
785849;2026-07-17;"sexta-feira";"07:10:00";"PR";277;582,9;"CASCAVEL";"Condutor deixou de manter distância do veículo da frente";"Colisão traseira";"Com Vítimas Feridas";"Pleno dia";"Crescente";"Céu Claro";"Dupla";"Reta";"Não";3;0;1;0;2;0;1;2;-24,97993129;-53,38005781;"SPRF-PR";"DEL04-PR";"UOP01-DEL04-PR"