"id";"data_inversa";"dia_semana";"horario";"uf";"br";"km";"municipio";"causa_acidente";"tipo_acidente";"classificacao_acidente";"fase_dia";"sentido_via";"condicao_metereologica";"tipo_pista";"tracado_via";"uso_solo";"pessoas";"mortos";"feridos_leves";"feridos_graves";"ilesos";"ignorados";"feridos";"veiculos";"latitude";"longitude";"regional";"delegacia";"uop"
785972;2026-07-05;"domingo";"09:10:00";"MG";40;813;"MATIAS BARBOSA";"Reação tardia ou ineficiente do condutor";"Colisão com objeto";"Com Vítimas Feridas";"Pleno dia";"Crescente";"Céu Claro";"Dupla";"Curva";"Não";1;0;1;0;0;0;1;1;-21,8694;-43,3138;"SPRF-MG";"DEL05-MG";"UOP01-DEL05-MG"
785974;2026-07-17;"sexta-feira";"16:25:00";"PI";343;1,8;"TERESINA";"Ausência de reação do condutor";"Colisão traseira";"Com Vítimas Feridas";"Pleno dia";"Crescente";"Céu Claro";"Dupla";"Reta";"Sim";3;0;1;0;2;0;1;2;-5,08145925;-42,76553687;"SPRF-PI";"DEL01-PI";"UOP01-DEL01-PI"
785977;2026-07-17;"sexta-feira";"17:00:00";"RS";470;214,9;"GARIBALDI";"Transitar na contramão";"Colisão frontal";"Com Vítimas Feridas";"Pleno dia";"Crescente";"Céu Claro";"Simples";"Curva";"Não";4;0;3;0;0;1;3;3;-29,24783;-51,51848078;"SPRF-RS";"DEL06-RS";"UOP01-DEL06-RS"
785978;2026-07-17;"sexta-feira";"17:25:00";"MG";381;568;"ITAGUARA";"Condutor deixou de manter distância do veículo da frente";"Colisão traseira";"Com Vítimas Feridas";"Pleno dia";"Crescente";"Céu Claro";"Dupla";"Reta";"Não";2;0;1;0;1;0;1;2;-20,40463561;-44,51586664;"SPRF-MG";"DEL04-MG";"UOP03-DEL04-MG"
785980;2026-07-17;"sexta-feira";"16:25:00";"MG";116;702,9;"MURIAE";"Pedestre cruzava a pista fora da faixa";"Atropelamento de Pedestre";"Com Vítimas Feridas";"Pleno dia";"Crescente";"Céu Claro";"Simples";"Reta;Aclive";"Sim";3;0;1;0;1;1;1;2;-21,129936;-42,385579;"SPRF-MG";"DEL07-MG";"UOP02-DEL07-MG"
785981;2026-07-17;"sexta-feira";"17:30:00";"GO";60;25,8;"ALEXANIA";"Reação tardia ou ineficiente do condutor";"Saída de leito carroçável";"Com Vítimas Feridas";"Pleno dia";"Decrescente";"Céu Claro";"Dupla";"Reta;Declive";"Não";1;0;1;0;0;0;1;1;-16,11257635;-48,44239506;"SPRF-DF";"DEL03-DF";"UOP01-DEL03-DF"
785982;2026-07-17;"sexta-feira";"16:30:00";"DF";70;10;"BRASILIA";"Pedestre cruzava a pista fora da faixa";"Atropelamento de Pedestre";"Com Vítimas Feridas";"Pleno dia";"Crescente";"Céu Claro";"Dupla";"Reta";"Sim";3;0;1;0;2;0;1;2;-15,79269653;-48,15996107;"SPRF-DF";"DEL03-DF";"UOP02-DEL03-DF"
785983;2026-07-17;"sexta-feira";"17:50:00";"RJ";40;119;"DUQUE DE CAXIAS";"Trafegar com motocicleta (ou similar) entre as faixas";"Colisão lateral mesmo sentido";"Com Vítimas Feridas";"Anoitecer";"Decrescente";"Céu Claro";"Simples";"Reta";"Não";3;0;2;0;1;0;2;2;-22,7614431;-43,2849184;"SPRF-RJ";"DEL01-RJ";"UOP02-DEL01-RJ"
785984;2026-07-17;"sexta-feira";"17:40:00";"CE";116;48,5;"PACAJUS";"Manobra de mudança de faixa";"Colisão lateral mesmo sentido";"Com Vítimas Feridas";"Plena Noite";"Crescente";"Céu Claro";"Dupla";"Reta";"Sim";2;0;0;1;1;0;1;2;-4,163343;-38,48738;"SPRF-CE";"DEL01-CE";"UOP02-DEL01-CE"
785986;2026-07-17;"sexta-feira";"15:56:00";"PE";423;73;"JUPI";"Acessar a via sem observar a presença dos outros veículos";"Colisão transversal";"Com Vítimas Feridas";"Pleno dia";"Crescente";"Garoa/Chuvisco";"Simples";"Interseção de Vias;Aclive;Reta";"Sim";2;0;2;0;0;0;2;2;-8,710905;-36,419752;"SPRF-PE";"DEL03-PE";"UOP01-DEL03-PE"
785987;2026-07-17;"sexta-feira";"16:30:00";"MS";163;493;"CAMPO GRANDE";"Ausência de reação do condutor";"Colisão com objeto";"Sem Vítimas";"Pleno dia";"Crescente";"Céu Claro";"Simples";"Declive;Reta";"Não";1;0;0;0;0;1;0;1;-20,37748;-54,541073;"SPRF-MS";"DEL01-MS";"UOP02-DEL01-MS"
785988;2026-07-17;"sexta-feira";"18:15:00";"SC";282;16,4;"PALHOCA";"Acessar a via sem observar a presença dos outros veículos";"Colisão transversal";"Com Vítimas Feridas";"Plena Noite";"Decrescente";"Céu Claro";"Simples";"Interseção de Vias";"Sim";2;0;1;0;1;0;1;2;-27,661847;-48,684647;"SPRF-SC";"DEL01-SC";"UOP02-DEL01-SC"
785991;2026-07-17;"sexta-feira";"18:30:00";"RS";116;243;"SAO LEOPOLDO";"Manobra de mudança de faixa";"Colisão transversal";"Com Vítimas Feridas";"Plena Noite";"Crescente";"Céu Claro";"Múltipla";"Reta;Declive;Viaduto";"Sim";4;0;0;1;2;1;1;3;-29,731875;-51,14976;"SPRF-RS";"DEL01-RS";"UOP02-DEL01-RS"
785993;2026-07-17;"sexta-feira";"16:46:00";"TO";242;497;"FORMOSO DO ARAGUAIA";"Ausência de reação do condutor";"Queda de ocupante de veículo";"Com Vítimas Feridas";"Pleno dia";"Crescente";"Céu Claro";"Simples";"Reta";"Não";2;0;2;0;0;0;2;2;-11,85135754;-49,53927616;"SPRF-TO";"DEL01-TO";"UOP02-DEL01-TO"
785996;2026-07-17;"sexta-feira";"17:00:00";"PR";277;77;"CURITIBA";"Condutor deixou de manter distância do veículo da frente";"Colisão traseira";"Com Vítimas Feridas";"Pleno dia";"Decrescente";"Céu Claro";"Dupla";"Em Obras;Reta";"Sim";3;0;1;0;2;0;1;2;-25,484;-49,19;"SPRF-PR";"DEL01-PR";"UOP08-DEL01-PR"
785997;2026-07-17;"sexta-feira";"16:04:00";"MG";365;479;"PATROCINIO";"Condutor deixou de manter distância do veículo da frente";"Colisão traseira";"Sem Vítimas";"Plena Noite";"Decrescente";"Ignorado";"Simples";"Curva";"Não";2;0;0;0;2;0;0;2;-18,917731;-47,204014;"SPRF-MG";"DEL10-MG";"UOP01-DEL10-MG"
785998;2026-07-17;"sexta-feira";"18:00:00";"RS";290;263;"CACHOEIRA DO SUL";"Demais falhas mecânicas ou elétricas";"Colisão traseira";"Com Vítimas Feridas";"Plena Noite";"Crescente";"Céu Claro";"Simples";"Reta;Declive";"Não";4;0;2;0;2;0;2;2;-30,265822;-52,862595;"SPRF-RS";"DEL02-RS";"UOP03-DEL02-RS"
785999;2026-07-17;"sexta-feira";"08:50:00";"MS";163;496;"CAMPO GRANDE";"Ausência de reação do condutor";"Tombamento";"Com Vítimas Feridas";"Pleno dia";"Decrescente";"Céu Claro";"Simples";"Reta";"Não";2;0;1;0;1;0;1;1;-20,358063;-54,524318;"SPRF-MS";"DEL01-MS";"UOP02-DEL01-MS"
786000;2026-07-17;"sexta-feira";"17:50:00";"BA";110;342;"ALAGOINHAS";"Reação tardia ou ineficiente do condutor";"Colisão lateral sentido oposto";"Sem Vítimas";"Anoitecer";"Crescente";"Céu Claro";"Simples";"Curva";"Não";2;0;0;0;2;0;0;2;-12,18419237;-38,41846559;"SPRF-BA";"DEL01-BA";"UOP04-DEL01-BA"
786001;2026-07-17;"sexta-feira";"18:20:00";"RJ";101;101;"ANGRA DOS REIS";"Acessar a via sem observar a presença dos outros veículos";"Colisão transversal";"Com Vítimas Feridas";"Plena Noite";"Decrescente";"Céu Claro";"Simples";"Reta;Interseção de Vias";"Sim";3;0;1;0;2;0;1;2;-23,01916413;-44,53206249;"SPRF-RJ";"DEL08-RJ";"UOP02-DEL08-RJ"
786002;2026-07-17;"sexta-feira";"18:40:00";"TO";10;447,4;"PALMAS";"Ingestão de álcool pelo condutor";"Colisão lateral sentido oposto";"Com Vítimas Feridas";"Anoitecer";"Crescente";"Céu Claro";"Simples";"Reta";"Não";4;0;1;0;3;0;1;2;-10,367323;-48,303422;"SPRF-TO";"DEL01-TO";"UOP03-DEL01-TO"
786003;2026-07-17;"sexta-feira";"15:00:00";"RO";364;789;"PORTO VELHO";"Acumulo de água sobre o pavimento";"Saída de leito carroçável";"Com Vítimas Feridas";"Pleno dia";"Crescente";"Chuva";"Simples";"Curva";"Não";2;0;2;0;0;0;2;1;-9,22412629;-64,34399271;"SPRF-RO";"DEL01-RO";"UOP02-DEL01-RO"
786004;2026-07-17;"sexta-feira";"18:55:00";"MG";381;501;"BETIM";"Condutor deixou de manter distância do veículo da frente";"Colisão lateral mesmo sentido";"Com Vítimas Feridas";"Plena Noite";"Crescente";"Céu Claro";"Múltipla";"Reta";"Sim";2;0;1;0;1;0;1;2;-20,00387;-44,213021;"SPRF-MG";"DEL01-MG";"UOP03-DEL01-MG"
786005;2026-07-17;"sexta-feira";"19:20:00";"GO";153;436,5;"ANAPOLIS";"Condutor deixou de manter distância do veículo da frente";"Colisão traseira";"Com Vítimas Feridas";"Plena Noite";"Decrescente";"Céu Claro";"Dupla";"Reta;Aclive";"Sim";2;0;1;0;1;0;1;2;-16,297337;-48,929334;"SPRF-GO";"DEL02-GO";"UOP01-DEL02-GO"
786006;2026-07-17;"sexta-feira";"19:30:00";"RS";470;176;"VERANOPOLIS";"Desrespeitar a preferência no cruzamento";"Colisão transversal";"Com Vítimas Feridas";"Plena Noite";"Crescente";"Céu Claro";"Simples";"Interseção de Vias;Rotatória";"Sim";2;0;1;0;1;0;1;2;-28,93495503;-51,54256996;"SPRF-RS";"DEL06-RS";"UOP02-DEL06-RS"
786007;2026-07-17;"sexta-feira";"19:20:00";"SP";116;103,6;"TAUBATE";"Reação tardia ou ineficiente do condutor";"Colisão traseira";"Com Vítimas Feridas";"Plena Noite";"Crescente";"Céu Claro";"Dupla";"Reta";"Não";2;0;1;0;1;0;1;2;-23,00089407;-45,50161734;"SPRF-SP";"DEL02-SP";"UOP02-DEL02-SP"
786008;2026-07-17;"sexta-feira";"19:00:00";"DF";20;15;"BRASILIA";"Trafegar com motocicleta (ou similar) entre as faixas";"Colisão lateral mesmo sentido";"Com Vítimas Feridas";"Plena Noite";"Crescente";"Céu Claro";"Dupla";"Reta";"Sim";3;0;1;0;2;0;1;3;-15,62736043;-47,72780506;"SPRF-DF";"DEL02-DF";"UOP01-DEL02-DF"
786009;2026-07-17;"sexta-feira";"17:00:00";"RO";364;308;"PRESIDENTE MEDICI";"Ultrapassagem Indevida";"Colisão lateral mesmo sentido";"Com Vítimas Feridas";"Pleno dia";"Crescente";"Céu Claro";"Simples";"Interseção de Vias;Reta";"Sim";2;0;1;0;1;0;1;2;-11,16451002;-61,90151453;"SPRF-RO";"DEL02-RO";"UOP01-DEL02-RO"
786010;2026-07-17;"sexta-feira";"19:15:00";"SC";282;4,4;"SAO JOSE";"Condutor deixou de manter distância do veículo da frente";"Colisão traseira";"Com Vítimas Feridas";"Plena Noite";"Crescente";"Céu Claro";"Múltipla";"Reta;Declive";"Sim";3;0;2;0;1;0;2;2;-27,59047168;-48,60810606;"SPRF-SC";"DEL01-SC";"UOP01-DEL01-SC"
786011;2026-07-17;"sexta-feira";"18:36:00";"RJ";116;185,7;"NOVA IGUACU";"Trafegar com motocicleta (ou similar) entre as faixas";"Colisão traseira";"Com Vítimas Fatais";"Plena Noite";"Decrescente";"Céu Claro";"Dupla";"Reta";"Sim";6;1;0;0;5;0;0;3;-22,74279109;-43,45161438;"SPRF-RJ";"DEL06-RJ";"UOP01-DEL06-RJ"
786012;2026-07-17;"sexta-feira";"19:00:00";"MG";381;479;"CONTAGEM";"Manobra de mudança de faixa";"Colisão lateral mesmo sentido";"Com Vítimas Feridas";"Plena Noite";"Decrescente";"Céu Claro";"Dupla";"Reta";"Não";2;0;1;0;1;0;1;2;-19,959321;-44,054209;"SPRF-MG";"DEL01-MG";"UOP03-DEL01-MG"
786015;2026-07-17;"sexta-feira";"18:50:00";"RJ";356;11;"ITAPERUNA";"Acessar a via sem observar a presença dos outros veículos";"Colisão frontal";"Com Vítimas Feridas";"Plena Noite";"Crescente";"Céu Claro";"Simples";"Curva";"Não";2;0;0;1;1;0;1;2;-21,172375;-42,094008;"SPRF-RJ";"DEL08-RJ";"UOP03-DEL08-RJ"
786019;2026-07-17;"sexta-feira";"06:30:00";"MG";50;38;"ARAGUARI";"Reação tardia ou ineficiente do condutor";"Saída de leito carroçável";"Com Vítimas Feridas";"Amanhecer";"Crescente";"Céu Claro";"Dupla";"Reta";"Sim";1;0;0;1;0;0;1;1;-18,662447;-48,165194;"SPRF-MG";"DEL15-MG";"UOP02-DEL15-MG"
786021;2026-07-17;"sexta-feira";"17:10:00";"PA";230;122;"MARABA";"Reação tardia ou ineficiente do condutor";"Colisão traseira";"Com Vítimas Feridas";"Pleno dia";"Decrescente";"Céu Claro";"Dupla";"Reta";"Sim";2;0;1;0;0;1;1;2;-5,36488;-49,12539;"SPRF-PA";"DEL03-PA";"UOP01-DEL03-PA"
786022;2026-07-17;"sexta-feira";"19:50:00";"GO";153;431,5;"ANAPOLIS";"Condutor usando celular";"Colisão traseira";"Com Vítimas Feridas";"Plena Noite";"Crescente";"Céu Claro";"Dupla";"Reta";"Não";2;0;1;0;1;0;1;2;-16,27660516;-48,96636129;"SPRF-GO";"DEL02-GO";"UOP01-DEL02-GO"
786025;2026-07-17;"sexta-feira";"12:45:00";"MG";50;85;"UBERLANDIA";"Condutor usando celular";"Saída de leito carroçável";"Com Vítimas Feridas";"Pleno dia";"Crescente";"Sol";"Dupla";"Reta";"Não";1;0;1;0;0;0;1;1;-18,99148887;-48,21132151;"SPRF-MG";"DEL15-MG";"UOP01-DEL15-MG"
786026;2026-07-17;"sexta-feira";"18:55:00";"PR";153;55,9;"GUAPIRAMA";"Manobra de mudança de faixa";"Colisão frontal";"Com Vítimas Fatais";"Anoitecer";"Crescente";"Céu Claro";"Simples";"Curva";"Não";4;1;1;0;2;0;1;2;-23,41184;-50,06926;"SPRF-PR";"DEL07-PR";"UOP04-DEL07-PR"
786027;2026-07-17;"sexta-feira";"19:43:00";"TO";153;393;"RIO DOS BOIS";"Transitar na contramão";"Colisão frontal";"Com Vítimas Fatais";"Plena Noite";"Crescente";"Céu Claro";"Simples";"Reta";"Não";2;1;0;0;1;0;0;2;-9,350415;-48,541553;"SPRF-TO";"DEL02-TO";"UOP02-DEL02-TO"
786028;2026-07-17;"sexta-feira";"18:30:00";"SC";280;114,2;"SAO BENTO DO SUL";"Animais na Pista";"Atropelamento de Animal";"Sem Vítimas";"Anoitecer";"Crescente";"Céu Claro";"Simples";"Curva";"Não";3;0;0;0;3;0;0;3;-26,299503;-49,397679;"SPRF-SC";"DEL06-SC";"UOP03-DEL06-SC"
786031;2026-07-17;"sexta-feira";"20:45:00";"PR";376;175,8;"MARINGA";"Acessar a via sem observar a presença dos outros veículos";"Colisão transversal";"Com Vítimas Feridas";"Plena Noite";"Crescente";"Céu Claro";"Múltipla";"Reta";"Sim";2;0;1;0;1;0;1;2;-23,41155;-51,94106;"SPRF-PR";"DEL09-PR";"UOP01-DEL09-PR"
786032;2026-07-17;"sexta-feira";"19:20:00";"MG";116;408,6;"GOVERNADOR VALADARES";"Ultrapassagem Indevida";"Colisão lateral mesmo sentido";"Com Vítimas Feridas";"Plena Noite";"Decrescente";"Céu Claro";"Dupla";"Reta";"Sim";3;0;1;0;1;1;1;3;-18,847752;-41,980213;"SPRF-MG";"DEL06-MG";"UOP01-DEL06-MG"
786033;2026-07-17;"sexta-feira";"21:05:00";"BA";101;895,2;"CARAVELAS";"Reação tardia ou ineficiente do condutor";"Saída de leito carroçável";"Com Vítimas Feridas";"Plena Noite";"Crescente";"Nevoeiro/Neblina";"Simples";"Curva;Aclive";"Não";1;0;1;0;0;0;1;1;-17,692598;-39,774697;"SPRF-BA";"DEL09-BA";"UOP02-DEL09-BA"
786036;2026-07-17;"sexta-feira";"19:30:00";"RJ";101;486;"ANGRA DOS REIS";"Transitar na contramão";"Colisão frontal";"Com Vítimas Feridas";"Plena Noite";"Crescente";"Céu Claro";"Simples";"Reta";"Sim";3;0;1;0;2;0;1;2;-22,9732505;-44,29790497;"SPRF-RJ";"DEL03-RJ";"UOP03-DEL03-RJ"
786037;2026-07-17;"sexta-feira";"19:40:00";"RS";285;673,4;"SAO BORJA";"Reação tardia ou ineficiente do condutor";"Colisão frontal";"Com Vítimas Feridas";"Plena Noite";"Decrescente";"Céu Claro";"Simples";"Reta";"Não";4;0;3;0;1;0;3;2;-28,66989376;-55,9742835;"SPRF-RS";"DEL12-RS";"UOP01-DEL12-RS"
786038;2026-07-17;"sexta-feira";"18:48:00";"RJ";101;288;"ITABORAI";"Ausência de reação do condutor";"Colisão traseira";"Com Vítimas Feridas";"Plena Noite";"Decrescente";"Céu Claro";"Dupla";"Reta";"Não";2;0;1;0;1;0;1;2;-22,76668462;-42,85697937;"SPRF-RJ";"DEL02-RJ";"UOP02-DEL02-RJ"
786039;2026-07-17;"sexta-feira";"18:40:00";"SC";470;161;"TROMBUDO CENTRAL";"Reação tardia ou ineficiente do condutor";"Colisão traseira";"Com Vítimas Feridas";"Plena Noite";"Decrescente";"Céu Claro";"Simples";"Reta";"Não";2;0;1;0;1;0;1;2;-27,28556043;-49,80734317;"SPRF-SC";"DEL04-SC";"UOP02-DEL04-SC"
786040;2026-07-17;"sexta-feira";"18:35:00";"BA";116;672;"JEQUIE";"Acessar a via sem observar a presença dos outros veículos";"Colisão traseira";"Com Vítimas Feridas";"Plena Noite";"Crescente";"Céu Claro";"Simples";"Interseção de Vias";"Sim";2;0;1;0;1;0;1;2;-13,880874;-40,1366984;"SPRF-BA";"DEL03-BA";"UOP01-DEL03-BA"
786041;2026-07-17;"sexta-feira";"19:15:00";"SC";282;215,4;"LAGES";"Acessar a via sem observar a presença dos outros veículos";"Colisão transversal";"Com Vítimas Feridas";"Plena Noite";"Crescente";"Céu Claro";"Simples";"Rotatória";"Sim";3;0;1;0;2;0;1;2;-27,79448182;-50,28412342;"SPRF-SC";"DEL05-SC";"UOP01-DEL05-SC"
786042;2026-07-17;"sexta-feira";"17:45:00";"SC";116;236,1;"CORREIA PINTO";"Velocidade Incompatível";"Saída de leito carroçável";"Com Vítimas Feridas";"Anoitecer";"Decrescente";"Céu Claro";"Simples";"Reta";"Não";1;0;1;0;0;0;1;1;-27,72525398;-50,33623799;"SPRF-SC";"DEL05-SC";"UOP01-DEL05-SC"
786043;2026-07-17;"sexta-feira";"21:10:00";"MG";381;441,9;"SANTA LUZIA";"Pedestre - Ingestão de álcool/ substâncias psicoativas";"Atropelamento de Pedestre";"Com Vítimas Feridas";"Plena Noite";"Crescente";"Céu Claro";"Simples";"Reta";"Sim";2;0;2;0;0;0;2;2;-19,82437536;-43,83191943;"SPRF-MG";"DEL01-MG";"UOP01-DEL01-MG"
786044;2026-07-17;"sexta-feira";"17:30:00";"RJ";40;114;"DUQUE DE CAXIAS";"Trafegar com motocicleta (ou similar) entre as faixas";"Colisão lateral mesmo sentido";"Com Vítimas Feridas";"Plena Noite";"Decrescente";"Céu Claro";"Dupla";"Reta";"Sim";2;0;1;0;1;0;1;2;-22,71661349;-43,28961164;"SPRF-RJ";"DEL01-RJ";"UOP02-DEL01-RJ"
786045;2026-07-17;"sexta-feira";"19:00:00";"MT";70;708;"CACERES";"Transitar na contramão";"Colisão lateral sentido oposto";"Com Vítimas Fatais";"Plena Noite";"Crescente";"Céu Claro";"Simples";"Reta";"Não";5;1;0;1;3;0;1;2;-16,157931;-57,615164;"SPRF-MT";"DEL03-MT";"UOP01-DEL03-MT"
786047;2026-07-17;"sexta-feira";"21:30:00";"MG";116;592,4;"MANHUACU";"Velocidade Incompatível";"Tombamento";"Com Vítimas Feridas";"Plena Noite";"Crescente";"Nevoeiro/Neblina";"Simples";"Curva";"Não";1;0;1;0;0;0;1;1;-20,279334;-42,145518;"SPRF-MG";"DEL06-MG";"UOP03-DEL06-MG"
786049;2026-07-17;"sexta-feira";"19:50:00";"PR";153;18,3;"JACAREZINHO";"Acessar a via sem observar a presença dos outros veículos";"Colisão traseira";"Com Vítimas Feridas";"Plena Noite";"Decrescente";"Céu Claro";"Simples";"Reta;Aclive";"Sim";4;0;0;1;1;2;1;3;-23,14840748;-49,95277258;"SPRF-PR";"DEL07-PR";"UOP04-DEL07-PR"
786050;2026-07-17;"sexta-feira";"20:00:00";"PI";343;163;"BRASILEIRA";"Condutor deixou de manter distância do veículo da frente";"Colisão transversal";"Sem Vítimas";"Plena Noite";"Decrescente";"Céu Claro";"Simples";"Curva";"Não";2;0;0;0;2;0;0;2;-4,131667;-41,781111;"SPRF-PI";"DEL02-PI";"UOP01-DEL02-PI"
786051;2026-07-17;"sexta-feira";"15:35:00";"MG";262;14,5;"MARTINS SOARES";"Transitar na contramão";"Colisão lateral sentido oposto";"Com Vítimas Feridas";"Pleno dia";"Decrescente";"Céu Claro";"Simples";"Reta";"Não";3;0;0;1;2;0;1;3;-20,26407128;-41,87131941;"SPRF-MG";"DEL06-MG";"UOP03-DEL06-MG"
786054;2026-07-17;"sexta-feira";"21:20:00";"MG";116;415;"GOVERNADOR VALADARES";"Ausência de reação do condutor";"Colisão transversal";"Com Vítimas Feridas";"Plena Noite";"Crescente";"Céu Claro";"Simples";"Reta";"Sim";2;0;0;1;1;0;1;2;-18,890265;-41,946566;"SPRF-MG";"DEL06-MG";"UOP01-DEL06-MG"
786055;2026-07-17;"sexta-feira";"22:30:00";"PR";369;431,2;"UBIRATA";"Ingestão de álcool pelo condutor";"Saída de leito carroçável";"Sem Vítimas";"Plena Noite";"Crescente";"Céu Claro";"Simples";"Reta";"Não";1;0;0;0;1;0;0;1;-24,55454159;-52,96316383;"SPRF-PR";"DEL04-PR";"UOP03-DEL04-PR"
786056;2026-07-11;"sábado";"04:30:00";"PE";316;137,1;"PARNAMIRIM";"Ausência de reação do condutor";"Colisão traseira";"Com Vítimas Feridas";"Amanhecer";"Decrescente";"Ignorado";"Simples";"Reta";"Não";5;0;4;0;1;0;4;1;-8,073928;-39,629905;"SPRF-PE";"DEL05-PE";"UOP02-DEL05-PE"
786057;2026-07-17;"sexta-feira";"22:30:00";"RS";116;254;"SAPUCAIA DO SUL";"Manobra de mudança de faixa";"Colisão lateral mesmo sentido";"Com Vítimas Feridas";"Plena Noite";"Decrescente";"Céu Claro";"Múltipla";"Reta";"Sim";3;0;1;0;2;0;1;3;-29,82399005;-51,17145018;"SPRF-RS";"DEL01-RS";"UOP02-DEL01-RS"
786059;2026-07-17;"sexta-feira";"18:45:00";"SC";101;323,2;"CAPIVARI DE BAIXO";"Pedestre andava na pista";"Atropelamento de Pedestre";"Com Vítimas Feridas";"Plena Noite";"Decrescente";"Céu Claro";"Dupla";"Reta;Declive";"Sim";2;0;1;1;0;0;2;2;-28,42457533;-48,937138;"SPRF-SC";"DEL02-SC";"UOP01-DEL02-SC"
786060;2026-07-17;"sexta-feira";"20:30:00";"RJ";101;410;"ITAGUAI";"Condutor deixou de manter distância do veículo da frente";"Colisão traseira";"Com Vítimas Feridas";"Plena Noite";"Decrescente";"Céu Claro";"Dupla";"Reta";"Sim";7;0;1;0;6;0;1;2;-22,893428;-43,844294;"SPRF-RJ";"DEL03-RJ";"UOP01-DEL03-RJ"
786061;2026-07-17;"sexta-feira";"22:10:00";"MG";116;276,6;"TEOFILO OTONI";"Retorno proibido";"Colisão transversal";"Com Vítimas Feridas";"Plena Noite";"Crescente";"Céu Claro";"Simples";"Reta";"Sim";2;0;1;1;0;0;2;2;-17,856883;-41,514667;"SPRF-MG";"DEL11-MG";"UOP01-DEL11-MG"
786062;2026-07-17;"sexta-feira";"22:00:00";"RJ";101;318,7;"SAO GONCALO";"Ausência de reação do condutor";"Colisão lateral mesmo sentido";"Com Vítimas Feridas";"Plena Noite";"Decrescente";"Céu Claro";"Dupla";"Reta";"Sim";3;0;2;0;1;0;2;2;-22,7934208;-43,0309376;"SPRF-RJ";"DEL02-RJ";"UOP02-DEL02-RJ"
786063;2026-07-17;"sexta-feira";"23:15:00";"SP";116;206;"GUARULHOS";"Demais falhas na via";"Tombamento";"Com Vítimas Feridas";"Plena Noite";"Crescente";"Céu Claro";"Múltipla";"Reta";"Sim";1;0;1;0;0;0;1;1;-23,41633678;-46,37308566;"SPRF-SP";"DEL01-SP";"UOP01-DEL01-SP"
786064;2026-07-17;"sexta-feira";"21:35:00";"RO";174;18;"VILHENA";"Reação tardia ou ineficiente do condutor";"Colisão traseira";"Com Vítimas Feridas";"Plena Noite";"Decrescente";"Céu Claro";"Simples";"Reta";"Sim";3;0;3;0;0;0;3;2;-12,70098733;-60,11836767;"SPRF-RO";"DEL04-RO";"UOP01-DEL04-RO"
786065;2026-07-17;"sexta-feira";"22:15:00";"GO";70;30;"COCALZINHO DE GOIAS";"Suicídio (presumido)";"Atropelamento de Pedestre";"Com Vítimas Fatais";"Plena Noite";"Decrescente";"Céu Claro";"Dupla";"Reta;Aclive";"Não";2;1;0;0;1;0;0;2;-15,769457;-48,456425;"SPRF-DF";"DEL03-DF";"UOP02-DEL03-DF"
786066;2026-07-17;"sexta-feira";"23:35:00";"SC";101;210;"SAO JOSE";"Animais na Pista";"Atropelamento de Animal";"Com Vítimas Feridas";"Pleno dia";"Crescente";"Céu Claro";"Dupla";"Reta";"Sim";1;0;1;0;0;0;1;1;-27,62044;-48,64909;"SPRF-SC";"DEL01-SC";"UOP01-DEL01-SC"
786067;2026-07-17;"sexta-feira";"19:50:00";"BA";116;373;"SERRINHA";"Velocidade Incompatível";"Saída de leito carroçável";"Sem Vítimas";"Plena Noite";"Decrescente";"Céu Claro";"Simples";"Reta";"Não";1;0;0;0;0;1;0;1;-11,788212;-38,985769;"SPRF-BA";"DEL02-BA";"UOP01-DEL02-BA"
786068;2026-07-17;"sexta-feira";"23:25:00";"SC";101;292,5;"IMBITUBA";"Ausência de reação do condutor";"Colisão com objeto";"Sem Vítimas";"Plena Noite";"Decrescente";"Céu Claro";"Dupla";"Curva";"Não";1;0;0;0;0;1;0;1;-28,300595;-48,718353;"SPRF-SC";"DEL02-SC";"UOP03-DEL02-SC"
786069;2026-07-17;"sexta-feira";"23:40:00";"MA";222;665;"ACAILANDIA";"Ingestão de álcool pelo condutor";"Tombamento";"Com Vítimas Feridas";"Plena Noite";"Crescente";"Céu Claro";"Simples";"Reta";"Sim";2;0;2;0;0;0;2;1;-4,91331;-47,41808;"SPRF-MA";"DEL04-MA";"UOP03-DEL04-MA"
786072;2026-07-18;"sábado";"00:45:00";"SP";153;167,8;"GUAICARA";"Ingestão de álcool pelo condutor";"Saída de leito carroçável";"Com Vítimas Feridas";"Plena Noite";"Crescente";"Céu Claro";"Simples";"Declive";"Não";1;0;0;1;0;0;1;1;-21,57493074;-49,78394508;"SPRF-SP";"DEL07-SP";"UOP01-DEL07-SP"
786074;2026-07-18;"sábado";"00:01:00";"MG";40;41;"PARACATU";"Acessar a via sem observar a presença dos outros veículos";"Colisão transversal";"Com Vítimas Feridas";"Plena Noite";"Decrescente";"Céu Claro";"Simples";"Reta;Retorno Regulamentado";"Não";5;0;1;0;4;0;1;2;-17,21251186;-46,87316895;"SPRF-MG";"DEL14-MG";"UOP01-DEL14-MG"