"id";"data_inversa";"dia_semana";"horario";"uf";"br";"km";"municipio";"causa_acidente";"tipo_acidente";"classificacao_acidente";"fase_dia";"sentido_via";"condicao_metereologica";"tipo_pista";"tracado_via";"uso_solo";"pessoas";"mortos";"feridos_leves";"feridos_graves";"ilesos";"ignorados";"feridos";"veiculos";"latitude";"longitude";"regional";"delegacia";"uop"
786076;2026-07-18;"sábado";"00:20:00";"MT";163;771;"SORRISO";"Avarias e/ou desgaste excessivo no pneu";"Tombamento";"Com Vítimas Feridas";"Plena Noite";"Crescente";"Ignorado";"Dupla";"Reta";"Não";2;0;0;1;1;0;1;1;-12,413045;-55,632168;"SPRF-MT";"DEL06-MT";"UOP01-DEL06-MT"
786081;2026-07-18;"sábado";"02:15:00";"MG";116;276,7;"TEOFILO OTONI";"Ausência de reação do condutor";"Tombamento";"Com Vítimas Feridas";"Plena Noite";"Crescente";"Garoa/Chuvisco";"Múltipla";"Reta";"Sim";1;0;1;0;0;0;1;1;-17,858088;-41,515027;"SPRF-MG";"DEL11-MG";"UOP01-DEL11-MG"
786083;2026-07-18;"sábado";"02:50:00";"RS";290;107;"ELDORADO DO SUL";"Ingestão de álcool pelo condutor";"Colisão com objeto";"Sem Vítimas";"Plena Noite";"Crescente";"Céu Claro";"Dupla";"Curva";"Sim";1;0;0;0;1;0;0;1;-30,0048219;-51,3116483;"SPRF-RS";"DEL02-RS";"UOP01-DEL02-RS"
786084;2026-07-18;"sábado";"02:00:00";"SC";282;475,2;"VARGEAO";"Ingestão de álcool pelo condutor";"Saída de leito carroçável";"Sem Vítimas";"Plena Noite";"Decrescente";"Céu Claro";"Simples";"Curva";"Não";1;0;0;0;0;1;0;1;-26,88207662;-52,16232419;"SPRF-SC";"DEL07-SC";"UOP01-DEL07-SC"
786085;2026-07-18;"sábado";"02:45:00";"PR";376;494,5;"PONTA GROSSA";"Reação tardia ou ineficiente do condutor";"Queda de ocupante de veículo";"Com Vítimas Feridas";"Plena Noite";"Decrescente";"Céu Claro";"Simples";"Reta";"Não";2;0;2;0;0;0;2;1;-25,15496;-50,13319;"SPRF-PR";"DEL03-PR";"UOP03-DEL03-PR"
786087;2026-07-18;"sábado";"03:38:00";"SC";101;207,3;"SAO JOSE";"Reação tardia ou ineficiente do condutor";"Colisão lateral mesmo sentido";"Com Vítimas Feridas";"Plena Noite";"Decrescente";"Céu Claro";"Múltipla";"Reta;Declive;Em Obras";"Sim";2;0;1;0;1;0;1;2;-27,60168;-48,62594;"SPRF-SC";"DEL01-SC";"UOP01-DEL01-SC"
786089;2026-07-18;"sábado";"04:20:00";"PR";376;166;"MARINGA";"Avarias e/ou desgaste excessivo no pneu";"Saída de leito carroçável";"Com Vítimas Feridas";"Amanhecer";"Decrescente";"Céu Claro";"Dupla";"Reta";"Não";3;0;2;0;1;0;2;1;-23,4376691;-51,9247995;"SPRF-PR";"DEL09-PR";"UOP01-DEL09-PR"
786090;2026-07-18;"sábado";"04:40:00";"PR";277;643;"CEU AZUL";"Ultrapassagem Indevida";"Colisão lateral sentido oposto";"Com Vítimas Feridas";"Plena Noite";"Crescente";"Vento";"Simples";"Curva";"Não";4;0;2;0;2;0;2;2;-25,17119374;-53,90759468;"SPRF-PR";"DEL05-PR";"UOP02-DEL05-PR"
786091;2026-07-18;"sábado";"04:50:00";"PR";277;83;"CURITIBA";"Manobra de mudança de faixa";"Colisão traseira";"Com Vítimas Feridas";"Pleno dia";"Decrescente";"Céu Claro";"Dupla";"Reta";"Não";2;0;1;0;1;0;1;2;-25,44979818;-49,22880567;"SPRF-PR";"DEL01-PR";"UOP08-DEL01-PR"
786092;2026-07-18;"sábado";"04:00:00";"RJ";101;397;"ITAGUAI";"Condutor Dormindo";"Colisão com objeto";"Com Vítimas Feridas";"Plena Noite";"Decrescente";"Vento";"Dupla";"Reta";"Sim";1;0;1;0;0;0;1;1;-22,86951873;-43,74671459;"SPRF-RJ";"DEL03-RJ";"UOP01-DEL03-RJ"
786093;2026-07-18;"sábado";"04:30:00";"PR";373;420;"FOZ DO JORDAO";"Transitar na contramão";"Colisão frontal";"Com Vítimas Fatais";"Plena Noite";"Crescente";"Céu Claro";"Simples";"Reta";"Não";4;1;2;1;0;0;3;2;-25,68265833;-52,14752;"SPRF-PR";"DEL08-PR";"UOP01-DEL08-PR"
786094;2026-07-18;"sábado";"04:50:00";"BA";101;16;"RIO REAL";"Pedestre andava na pista";"Atropelamento de Pedestre";"Com Vítimas Fatais";"Amanhecer";"Crescente";"Céu Claro";"Dupla";"Reta";"Não";2;1;0;0;0;1;0;2;-11,61792;-37,883987;"SPRF-SE";"DEL02-SE";"UOP03-DEL02-SE"
786098;2026-07-18;"sábado";"00:00:00";"CE";116;529,5;"JATI";"Transitar no Acostamento";"Tombamento";"Com Vítimas Feridas";"Plena Noite";"Crescente";"Céu Claro";"Simples";"Curva;Aclive";"Não";1;0;1;0;0;0;1;1;-7,704035;-39,02753833;"SPRF-CE";"DEL05-CE";"UOP03-DEL05-CE"
786100;2026-07-18;"sábado";"04:25:00";"MG";50;175;"UBERABA";"Ingestão de álcool pelo condutor";"Saída de leito carroçável";"Com Vítimas Feridas";"Plena Noite";"Decrescente";"Céu Claro";"Dupla";"Reta";"Sim";1;0;1;0;0;0;1;1;-19,77927;-47,96722;"SPRF-MG";"DEL13-MG";"UOP01-DEL13-MG"
786101;2026-07-18;"sábado";"06:00:00";"TO";10;455;"PALMAS";"Ausência de reação do condutor";"Colisão com objeto";"Com Vítimas Feridas";"Pleno dia";"Decrescente";"Céu Claro";"Simples";"Reta";"Sim";1;0;1;0;0;0;1;1;-10,29382;-48,29764;"SPRF-TO";"DEL01-TO";"UOP03-DEL01-TO"
786102;2026-07-18;"sábado";"06:00:00";"MG";381;441,9;"SANTA LUZIA";"Demais falhas mecânicas ou elétricas";"Incêndio";"Sem Vítimas";"Amanhecer";"Decrescente";"Céu Claro";"Simples";"Reta;Declive";"Sim";1;0;0;0;1;0;0;1;-19,82437536;-43,83191943;"SPRF-MG";"DEL01-MG";"UOP01-DEL01-MG"
786103;2026-07-17;"sexta-feira";"21:30:00";"CE";403;10;"ACARAU";"Pedestre cruzava a pista fora da faixa";"Atropelamento de Pedestre";"Com Vítimas Fatais";"Plena Noite";"Decrescente";"Céu Claro";"Simples";"Reta";"Não";2;1;0;0;0;1;0;2;-2,975838;-40,126598;"SPRF-CE";"DEL04-CE";"UOP01-DEL04-CE"
786104;2026-07-18;"sábado";"05:40:00";"ES";101;209;"IBIRACU";"Reação tardia ou ineficiente do condutor";"Queda de ocupante de veículo";"Sem Vítimas";"Plena Noite";"Decrescente";"Céu Claro";"Dupla";"Reta";"Não";1;0;0;0;0;1;0;1;-19,80030171;-40,3692627;"SPRF-ES";"DEL02-ES";"UOP01-DEL02-ES"
786105;2026-07-18;"sábado";"04:30:00";"RJ";101;271;"RIO BONITO";"Neblina";"Atropelamento de Pedestre";"Com Vítimas Fatais";"Amanhecer";"Decrescente";"Nevoeiro/Neblina";"Dupla";"Reta";"Sim";2;1;0;0;0;1;0;2;-22,72699737;-42,6950353;"SPRF-RJ";"DEL02-RJ";"UOP03-DEL02-RJ"
786107;2026-07-18;"sábado";"00:10:00";"MG";381;502;"BETIM";"Velocidade Incompatível";"Saída de leito carroçável";"Sem Vítimas";"Plena Noite";"Decrescente";"Céu Claro";"Dupla";"Reta";"Sim";1;0;0;0;0;1;0;1;-20,021245;-44,229068;"SPRF-MG";"DEL01-MG";"UOP03-DEL01-MG"
786108;2026-07-18;"sábado";"05:58:00";"TO";153;152;"ARAGUAINA";"Acessar a via sem observar a presença dos outros veículos";"Colisão transversal";"Com Vítimas Feridas";"Amanhecer";"Crescente";"Céu Claro";"Simples";"Reta";"Não";2;0;1;0;0;1;1;2;-7,26786172;-48,26406345;"SPRF-TO";"DEL02-TO";"UOP01-DEL02-TO"
786109;2026-07-18;"sábado";"06:10:00";"MG";381;422;"CAETE";"Reação tardia ou ineficiente do condutor";"Queda de ocupante de veículo";"Com Vítimas Feridas";"Amanhecer";"Decrescente";"Céu Claro";"Simples";"Reta";"Não";1;0;1;0;0;0;1;1;-19,79389471;-43,67996391;"SPRF-MG";"DEL01-MG";"UOP01-DEL01-MG"
786112;2026-07-18;"sábado";"06:20:00";"MA";135;4,5;"SAO LUIS";"Acessar a via sem observar a presença dos outros veículos";"Colisão transversal";"Com Vítimas Feridas";"Pleno dia";"Crescente";"Céu Claro";"Dupla";"Reta";"Sim";6;0;0;1;5;0;1;2;-2,64226513;-44,30930999;"SPRF-MA";"DEL01-MA";"UOP01-DEL01-MA"
786113;2026-07-18;"sábado";"07:20:00";"PB";230;12;"CABEDELO";"Ausência de reação do condutor";"Queda de ocupante de veículo";"Com Vítimas Feridas";"Pleno dia";"Decrescente";"Nublado";"Dupla";"Reta;Em Obras";"Sim";1;0;1;0;0;0;1;1;-7,07451;-34,8493;"SPRF-PB";"DEL01-PB";"UOP01-DEL01-PB"
786114;2026-07-18;"sábado";"07:10:00";"SP";116;210;"GUARULHOS";"Demais Fenômenos da natureza";"Colisão lateral mesmo sentido";"Com Vítimas Feridas";"Amanhecer";"Decrescente";"Sol";"Múltipla";"Aclive";"Não";3;0;2;0;1;0;2;2;-23,43066318;-46,41488051;"SPRF-SP";"DEL01-SP";"UOP01-DEL01-SP"
786117;2026-07-18;"sábado";"07:20:00";"MG";381;337;"BELA VISTA DE MINAS";"Reação tardia ou ineficiente do condutor";"Saída de leito carroçável";"Com Vítimas Feridas";"Pleno dia";"Decrescente";"Céu Claro";"Múltipla";"Curva;Declive";"Não";1;0;1;0;0;0;1;1;-19,837715;-43,094555;"SPRF-MG";"DEL03-MG";"UOP01-DEL03-MG"
786118;2026-07-18;"sábado";"06:00:00";"SP";116;141;"SAO JOSE DOS CAMPOS";"Reação tardia ou ineficiente do condutor";"Saída de leito carroçável";"Com Vítimas Feridas";"Pleno dia";"Decrescente";"Céu Claro";"Dupla";"Reta";"Sim";2;0;0;2;0;0;2;1;-23,1677479;-45,81666758;"SPRF-SP";"DEL02-SP";"UOP01-DEL02-SP"
786119;2026-07-18;"sábado";"05:30:00";"PB";361;106,5;"ITAPORANGA";"Transitar na contramão";"Colisão frontal";"Com Vítimas Feridas";"Pleno dia";"Crescente";"Céu Claro";"Simples";"Curva";"Não";5;0;2;0;3;0;2;2;-7,289498;-38,08961;"SPRF-PB";"DEL03-PB";"UOP01-DEL03-PB"
786122;2026-07-18;"sábado";"07:10:00";"ES";259;49,9;"COLATINA";"Conversão proibida";"Colisão transversal";"Com Vítimas Feridas";"Pleno dia";"Decrescente";"Nublado";"Simples";"Curva";"Sim";3;0;1;0;2;0;1;2;-19,50818528;-40,60737773;"SPRF-ES";"DEL02-ES";"UOP01-DEL02-ES"
786125;2026-07-18;"sábado";"08:10:00";"MG";40;545;"NOVA LIMA";"Mal súbito do condutor";"Colisão com objeto";"Com Vítimas Fatais";"Pleno dia";"Decrescente";"Céu Claro";"Dupla";"Viaduto;Reta";"Não";1;1;0;0;0;0;0;1;-20,009965;-43,965955;"SPRF-MG";"DEL01-MG";"UOP02-DEL01-MG"
786126;2026-07-18;"sábado";"07:55:00";"ES";262;137,3;"BREJETUBA";"Velocidade Incompatível";"Capotamento";"Com Vítimas Feridas";"Pleno dia";"Decrescente";"Garoa/Chuvisco";"Simples";"Curva;Declive";"Não";1;0;1;0;0;0;1;1;-20,235;-41,345745;"SPRF-ES";"DEL01-ES";"UOP02-DEL01-ES"
786128;2026-07-14;"terça-feira";"19:37:00";"RJ";101;297;"ITABORAI";"Condutor deixou de manter distância do veículo da frente";"Colisão traseira";"Com Vítimas Feridas";"Plena Noite";"Decrescente";"Céu Claro";"Dupla";"Reta";"Sim";2;0;1;0;1;0;1;2;-22,76925305;-42,91730627;"SPRF-RJ";"DEL02-RJ";"UOP02-DEL02-RJ"
786129;2026-07-18;"sábado";"07:50:00";"SC";470;47;"BLUMENAU";"Reação tardia ou ineficiente do condutor";"Colisão lateral mesmo sentido";"Com Vítimas Feridas";"Pleno dia";"Decrescente";"Nublado";"Dupla";"Curva";"Sim";2;0;1;0;1;0;1;2;-26,86405065;-49,04706566;"SPRF-SC";"DEL04-SC";"UOP01-DEL04-SC"
786130;2026-07-18;"sábado";"06:15:00";"RJ";116;245;"PIRAI";"Ausência de reação do condutor";"Capotamento";"Com Vítimas Feridas";"Amanhecer";"Decrescente";"Céu Claro";"Dupla";"Curva";"Sim";5;0;2;1;0;2;3;1;-22,6186;-43,92813;"SPRF-RJ";"DEL07-RJ";"UOP01-DEL07-RJ"
786132;2026-07-18;"sábado";"08:00:00";"MS";262;378;"TERENOS";"Reação tardia ou ineficiente do condutor";"Colisão traseira";"Com Vítimas Feridas";"Pleno dia";"Decrescente";"Céu Claro";"Simples";"Reta";"Não";2;0;1;0;1;0;1;2;-20,47067;-54,84133;"SPRF-MS";"DEL01-MS";"UOP03-DEL01-MS"
786133;2026-07-18;"sábado";"09:15:00";"GO";153;337;"JARAGUA";"Ingestão de álcool pelo condutor";"Colisão traseira";"Sem Vítimas";"Pleno dia";"Crescente";"Céu Claro";"Dupla";"Declive;Reta";"Não";2;0;0;0;2;0;0;2;-15,589135;-49,410831;"SPRF-GO";"DEL02-GO";"UOP02-DEL02-GO"
786135;2026-07-18;"sábado";"08:30:00";"PE";101;59;"RECIFE";"Acumulo de óleo sobre o pavimento";"Tombamento";"Com Vítimas Feridas";"Pleno dia";"Crescente";"Nublado";"Dupla";"Declive";"Não";3;0;3;0;0;0;3;2;-7,983275;-34,932059;"SPRF-PE";"DEL01-PE";"UOP02-DEL01-PE"
786136;2026-07-18;"sábado";"09:10:00";"PR";277;59;"SAO JOSE DOS PINHAIS";"Manobra de mudança de faixa";"Queda de ocupante de veículo";"Com Vítimas Feridas";"Pleno dia";"Decrescente";"Céu Claro";"Dupla";"Reta";"Não";2;0;2;0;0;0;2;2;-25,55366141;-49,03372705;"SPRF-PR";"DEL01-PR";"UOP01-DEL01-PR"
786137;2026-06-08;"segunda-feira";"15:00:00";"MG";381;483;"BETIM";"Manobra de mudança de faixa";"Colisão lateral mesmo sentido";"Com Vítimas Feridas";"Pleno dia";"Crescente";"Ignorado";"Múltipla";"Declive;Reta";"Sim";3;0;1;0;0;2;1;2;-19,95956103;-44,08533303;"SPRF-MG";"DEL01-MG";"UOP03-DEL01-MG"
786138;2026-07-18;"sábado";"04:40:00";"MA";316;600,1;"TIMON";"Ingestão de álcool pelo condutor";"Colisão frontal";"Com Vítimas Feridas";"Amanhecer";"Crescente";"Céu Claro";"Simples";"Curva;Aclive";"Não";2;0;1;0;1;0;1;2;-5,024553;-42,95494;"SPRF-MA";"DEL03-MA";"UOP02-DEL03-MA"
786140;2026-06-29;"segunda-feira";"06:20:00";"RJ";393;277;"BARRA DO PIRAI";"Reação tardia ou ineficiente do condutor";"Colisão frontal";"Com Vítimas Feridas";"Amanhecer";"Decrescente";"Céu Claro";"Simples";"Curva";"Sim";3;0;1;1;1;0;2;2;-22,48003881;-44,02590601;"SPRF-RJ";"DEL05-RJ";"UOP04-DEL05-RJ"
786141;2026-07-18;"sábado";"08:40:00";"PI";316;25,5;"DEMERVAL LOBAO";"Acessar a via sem observar a presença dos outros veículos";"Colisão transversal";"Com Vítimas Fatais";"Pleno dia";"Crescente";"Nublado";"Dupla";"Reta";"Sim";6;1;0;0;4;1;0;3;-5,306307;-42,706223;"SPRF-PI";"DEL01-PI";"UOP02-DEL01-PI"
786142;2026-07-18;"sábado";"07:30:00";"PR";277;660,5;"MATELANDIA";"Demais falhas mecânicas ou elétricas";"Incêndio";"Sem Vítimas";"Pleno dia";"Decrescente";"Céu Claro";"Dupla";"Curva;Aclive";"Não";1;0;0;0;0;1;0;1;-25,24751983;-53,984182;"SPRF-PR";"DEL05-PR";"UOP02-DEL05-PR"
786143;2026-07-18;"sábado";"09:18:00";"RJ";101;481;"ANGRA DOS REIS";"Retorno proibido";"Colisão transversal";"Sem Vítimas";"Pleno dia";"Decrescente";"Céu Claro";"Simples";"Curva;Aclive";"Não";3;0;0;0;2;1;0;2;-23,00936;-44,29233;"SPRF-RJ";"DEL03-RJ";"UOP03-DEL03-RJ"
786144;2026-07-18;"sábado";"09:52:00";"PB";230;36;"SANTA RITA";"Acumulo de água sobre o pavimento";"Saída de leito carroçável";"Com Vítimas Feridas";"Pleno dia";"Crescente";"Chuva";"Dupla";"Curva;Aclive";"Sim";4;0;4;0;0;0;4;1;-7,12364;-34,944766;"SPRF-PB";"DEL01-PB";"UOP02-DEL01-PB"
786145;2026-07-18;"sábado";"10:20:00";"SC";470;125,6;"LONTRAS";"Pedestre cruzava a pista fora da faixa";"Atropelamento de Pedestre";"Com Vítimas Feridas";"Pleno dia";"Decrescente";"Céu Claro";"Simples";"Curva";"Não";2;0;0;1;1;0;1;2;-27,12498;-49,53724;"SPRF-SC";"DEL04-SC";"UOP02-DEL04-SC"
786146;2026-07-18;"sábado";"09:20:00";"PE";101;58;"RECIFE";"Reação tardia ou ineficiente do condutor";"Queda de ocupante de veículo";"Com Vítimas Feridas";"Pleno dia";"Decrescente";"Garoa/Chuvisco";"Dupla";"Reta;Aclive";"Sim";3;0;1;0;2;0;1;2;-7,96836683;-34,9191734;"SPRF-PE";"DEL01-PE";"UOP02-DEL01-PE"
786147;2026-07-18;"sábado";"10:15:00";"SC";282;32,5;"SANTO AMARO DA IMPERATRIZ";"Desrespeitar a preferência no cruzamento";"Colisão transversal";"Com Vítimas Feridas";"Pleno dia";"Crescente";"Céu Claro";"Simples";"Interseção de Vias;Rotatória";"Sim";3;0;1;0;2;0;1;2;-27,7045252;-48,8053455;"SPRF-SC";"DEL01-SC";"UOP03-DEL01-SC"
786148;2026-07-18;"sábado";"09:45:00";"PR";277;284,4;"PRUDENTOPOLIS";"Condutor deixou de manter distância do veículo da frente";"Colisão traseira";"Com Vítimas Feridas";"Pleno dia";"Crescente";"Céu Claro";"Simples";"Em Obras;Reta";"Não";4;0;1;0;3;0;1;2;-25,328984;-50,95599;"SPRF-PR";"DEL08-PR";"UOP02-DEL08-PR"
786150;2026-07-18;"sábado";"09:00:00";"PI";343;205,2;"PIRIPIRI";"Ausência de reação do condutor";"Colisão lateral mesmo sentido";"Com Vítimas Feridas";"Pleno dia";"Crescente";"Céu Claro";"Simples";"Reta";"Não";3;0;1;0;1;1;1;2;-4,396965;-41,860477;"SPRF-PI";"DEL02-PI";"UOP01-DEL02-PI"
786151;2026-07-18;"sábado";"07:40:00";"RJ";101;481;"ANGRA DOS REIS";"Ausência de reação do condutor";"Colisão com objeto";"Sem Vítimas";"Pleno dia";"Decrescente";"Céu Claro";"Simples";"Interseção de Vias;Aclive;Curva";"Sim";1;0;0;0;1;0;0;1;-23,00936;-44,29233;"SPRF-RJ";"DEL03-RJ";"UOP03-DEL03-RJ"
786152;2026-07-18;"sábado";"10:15:00";"SP";381;80;"SAO PAULO";"Condutor deixou de manter distância do veículo da frente";"Engavetamento";"Com Vítimas Feridas";"Pleno dia";"Decrescente";"Céu Claro";"Dupla";"Reta;Aclive";"Sim";3;0;1;0;2;0;1;3;-23,420874;-46,577891;"SPRF-SP";"DEL03-SP";"UOP01-DEL03-SP"
786154;2026-07-18;"sábado";"07:40:00";"RJ";101;298;"SAO GONCALO";"Condutor deixou de manter distância do veículo da frente";"Colisão traseira";"Com Vítimas Feridas";"Pleno dia";"Decrescente";"Céu Claro";"Dupla";"Reta";"Não";4;0;1;1;2;0;2;2;-22,7781383;-42,95484915;"SPRF-RJ";"DEL02-RJ";"UOP02-DEL02-RJ"
786155;2026-07-18;"sábado";"09:50:00";"MS";262;144,2;"AGUA CLARA";"Transitar no Acostamento";"Colisão lateral mesmo sentido";"Com Vítimas Feridas";"Pleno dia";"Crescente";"Céu Claro";"Simples";"Reta";"Sim";2;0;0;1;1;0;1;2;-20,44322935;-52,88531899;"SPRF-MS";"DEL07-MS";"UOP02-DEL07-MS"
786156;2026-07-06;"segunda-feira";"20:50:00";"RJ";465;1;"SEROPEDICA";"Ausência de reação do condutor";"Eventos atípicos";"Com Vítimas Feridas";"Plena Noite";"Decrescente";"Ignorado";"Simples";"Reta";"Sim";2;0;1;0;1;0;1;1;-22,72247584;-43,72322559;"SPRF-RJ";"DEL06-RJ";"UOP02-DEL06-RJ"
786157;2026-07-18;"sábado";"10:15:00";"SC";280;127,7;"RIO NEGRINHO";"Condutor deixou de manter distância do veículo da frente";"Colisão traseira";"Com Vítimas Feridas";"Pleno dia";"Crescente";"Céu Claro";"Simples";"Reta";"Sim";4;0;2;0;2;0;2;2;-26,242195;-49,511269;"SPRF-SC";"DEL06-SC";"UOP03-DEL06-SC"
786158;2026-07-18;"sábado";"09:10:00";"MA";135;1;"SAO LUIS";"Condutor deixou de manter distância do veículo da frente";"Colisão traseira";"Com Vítimas Feridas";"Pleno dia";"Crescente";"Céu Claro";"Dupla";"Reta";"Sim";2;0;1;0;1;0;1;2;-2,58708737;-44,24365997;"SPRF-MA";"DEL01-MA";"UOP01-DEL01-MA"
786159;2026-07-18;"sábado";"11:10:00";"SP";116;54;"LORENA";"Demais falhas mecânicas ou elétricas";"Tombamento";"Com Vítimas Feridas";"Pleno dia";"Decrescente";"Céu Claro";"Dupla";"Reta";"Sim";2;0;2;0;0;0;2;1;-22,75932803;-45,11657846;"SPRF-SP";"DEL08-SP";"UOP02-DEL08-SP"
786160;2026-07-18;"sábado";"10:00:00";"MG";40;43,2;"PARACATU";"Conversão proibida";"Colisão transversal";"Com Vítimas Feridas";"Pleno dia";"Crescente";"Céu Claro";"Simples";"Reta";"Sim";3;0;1;0;2;0;1;2;-17,228255;-46,858382;"SPRF-MG";"DEL14-MG";"UOP01-DEL14-MG"
786161;2026-07-18;"sábado";"10:15:00";"SC";101;68;"ARAQUARI";"Condutor deixou de manter distância do veículo da frente";"Colisão traseira";"Com Vítimas Feridas";"Pleno dia";"Crescente";"Sol";"Múltipla";"Reta";"Não";3;0;0;2;1;0;2;2;-26,49627062;-48,7321651;"SPRF-SC";"DEL03-SC";"UOP02-DEL03-SC"
786162;2026-06-17;"quarta-feira";"13:30:00";"PB";104;115,1;"LAGOA SECA";"Ausência de reação do condutor";"Colisão traseira";"Com Vítimas Feridas";"Pleno dia";"Crescente";"Nublado";"Simples";"Curva;Declive";"Não";2;0;1;0;1;0;1;2;-7,1695577;-35,859611;"SPRF-PB";"DEL02-PB";"UOP04-DEL02-PB"
786163;2026-07-18;"sábado";"11:00:00";"SC";282;540;"CHAPECO";"Ingestão de álcool pelo condutor";"Saída de leito carroçável";"Com Vítimas Fatais";"Pleno dia";"Decrescente";"Céu Claro";"Simples";"Curva";"Não";2;1;0;1;0;0;1;1;-26,9925017;-52,6886133;"SPRF-SC";"DEL07-SC";"UOP01-DEL07-SC"
786164;2026-07-18;"sábado";"10:20:00";"RO";364;241,7;"CACOAL";"Transitar na contramão";"Colisão lateral sentido oposto";"Com Vítimas Feridas";"Pleno dia";"Crescente";"Céu Claro";"Simples";"Reta";"Não";3;0;2;0;1;0;2;2;-11,441045;-61,484995;"SPRF-RO";"DEL02-RO";"UOP02-DEL02-RO"
786166;2026-07-18;"sábado";"12:05:00";"SP";116;54,4;"LORENA";"Ausência de reação do condutor";"Colisão traseira";"Com Vítimas Feridas";"Pleno dia";"Crescente";"Sol";"Dupla";"Interseção de Vias;Reta";"Não";2;0;1;0;1;0;1;2;-22,76034359;-45,11851327;"SPRF-SP";"DEL08-SP";"UOP02-DEL08-SP"
786168;2026-07-18;"sábado";"11:00:00";"PE";232;269;"SERTANIA";"Ultrapassagem Indevida";"Colisão frontal";"Com Vítimas Feridas";"Pleno dia";"Crescente";"Céu Claro";"Simples";"Reta";"Não";7;0;1;0;5;1;1;2;-8,401158;-37,21713;"SPRF-PE";"DEL04-PE";"UOP02-DEL04-PE"
786169;2026-07-18;"sábado";"11:31:00";"RN";406;147,3;"CEARA-MIRIM";"Reação tardia ou ineficiente do condutor";"Colisão traseira";"Com Vítimas Feridas";"Pleno dia";"Decrescente";"Chuva";"Simples";"Reta";"Não";2;0;0;1;1;0;1;2;-5,64754;-35,450245;"SPRF-RN";"DEL02-RN";"UOP01-DEL02-RN"
786171;2026-07-18;"sábado";"12:00:00";"PR";376;176,8;"MARINGA";"Manobra de mudança de faixa";"Colisão lateral mesmo sentido";"Com Vítimas Feridas";"Pleno dia";"Crescente";"Céu Claro";"Dupla";"Interseção de Vias;Reta";"Sim";3;0;1;1;1;0;2;2;-23,41286;-51,93222;"SPRF-PR";"DEL09-PR";"UOP01-DEL09-PR"
786172;2026-07-18;"sábado";"11:56:00";"BA";116;423;"FEIRA DE SANTANA";"Acessar a via sem observar a presença dos outros veículos";"Colisão transversal";"Com Vítimas Feridas";"Pleno dia";"Crescente";"Nublado";"Simples";"Interseção de Vias";"Sim";2;0;1;0;1;0;1;2;-12,23180134;-38,97116351;"SPRF-BA";"DEL02-BA";"UOP01-DEL02-BA"
786174;2026-07-18;"sábado";"12:20:00";"BA";101;956;"MUCURI";"Reação tardia ou ineficiente do condutor";"Atropelamento de Pedestre";"Com Vítimas Feridas";"Pleno dia";"Crescente";"Nublado";"Simples";"Reta";"Sim";2;0;0;1;1;0;1;2;-18,17025751;-39,91873741;"SPRF-BA";"DEL09-BA";"UOP02-DEL09-BA"
786175;2026-07-18;"sábado";"10:30:00";"PR";476;120;"COLOMBO";"Ausência de reação do condutor";"Colisão traseira";"Com Vítimas Feridas";"Pleno dia";"Decrescente";"Sol";"Dupla";"Reta;Aclive";"Sim";2;0;1;0;1;0;1;2;-25,3726572;-49,1914618;"SPRF-PR";"DEL01-PR";"UOP01-DEL01-PR"
786177;2026-07-18;"sábado";"11:30:00";"RO";425;129;"GUAJARA-MIRIM";"Reação tardia ou ineficiente do condutor";"Colisão lateral mesmo sentido";"Com Vítimas Feridas";"Pleno dia";"Crescente";"Céu Claro";"Dupla";"Reta";"Sim";2;0;1;0;1;0;1;2;-10,78613009;-65,33976881;"SPRF-RO";"DEL01-RO";"UOP03-DEL01-RO"
786178;2026-07-18;"sábado";"12:15:00";"SC";282;644,7;"SAO MIGUEL DO OESTE";"Reação tardia ou ineficiente do condutor";"Tombamento";"Com Vítimas Fatais";"Pleno dia";"Crescente";"Sol";"Simples";"Curva;Aclive";"Não";1;1;0;0;0;0;0;1;-26,76484215;-53,48672239;"SPRF-SC";"DEL07-SC";"UOP03-DEL07-SC"
786179;2026-07-18;"sábado";"13:00:00";"PA";316;111;"SANTA MARIA DO PARA";"Acessar a via sem observar a presença dos outros veículos";"Colisão transversal";"Com Vítimas Feridas";"Pleno dia";"Crescente";"Céu Claro";"Simples";"Interseção de Vias;Curva";"Não";4;0;2;0;2;0;2;2;-1,3164;-47,510851;"SPRF-PA";"DEL01-PA";"UOP02-DEL01-PA"
786180;2026-07-18;"sábado";"13:15:00";"SP";116;116,6;"TAUBATE";"Reação tardia ou ineficiente do condutor";"Colisão lateral mesmo sentido";"Com Vítimas Feridas";"Pleno dia";"Decrescente";"Céu Claro";"Dupla";"Reta";"Não";2;0;1;0;0;1;1;2;-23,05624781;-45,61348625;"SPRF-SP";"DEL02-SP";"UOP02-DEL02-SP"
786181;2026-07-18;"sábado";"13:00:00";"PE";424;86;"GARANHUNS";"Acessar a via sem observar a presença dos outros veículos";"Colisão lateral sentido oposto";"Sem Vítimas";"Pleno dia";"Decrescente";"Nublado";"Simples";"Reta;Declive";"Sim";2;0;0;0;2;0;0;2;-8,8702359;-36,5089817;"SPRF-PE";"DEL03-PE";"UOP01-DEL03-PE"
786183;2026-07-18;"sábado";"12:03:00";"SC";470;65;"INDAIAL";"Acumulo de areia ou detritos sobre o pavimento";"Tombamento";"Com Vítimas Feridas";"Pleno dia";"Crescente";"Sol";"Dupla";"Reta";"Não";1;0;1;0;0;0;1;1;-26,87029338;-49,21346529;"SPRF-SC";"DEL04-SC";"UOP01-DEL04-SC"