"id";"data_inversa";"dia_semana";"horario";"uf";"br";"km";"municipio";"causa_acidente";"tipo_acidente";"classificacao_acidente";"fase_dia";"sentido_via";"condicao_metereologica";"tipo_pista";"tracado_via";"uso_solo";"pessoas";"mortos";"feridos_leves";"feridos_graves";"ilesos";"ignorados";"feridos";"veiculos";"latitude";"longitude";"regional";"delegacia";"uop"
786184;2026-07-18;"sábado";"12:15:00";"PR";163;172,1;"LINDOESTE";"Velocidade Incompatível";"Saída de leito carroçável";"Com Vítimas Feridas";"Pleno dia";"Decrescente";"Vento";"Dupla";"Curva;Declive";"Não";1;0;1;0;0;0;1;1;-25,2211111;-53,595274;"SPRF-PR";"DEL05-PR";"UOP05-DEL05-PR"
786186;2026-07-18;"sábado";"13:25:00";"RN";406;153;"CEARA-MIRIM";"Condutor deixou de manter distância do veículo da frente";"Queda de ocupante de veículo";"Com Vítimas Feridas";"Pleno dia";"Decrescente";"Chuva";"Simples";"Em Obras;Aclive";"Não";1;0;1;0;0;0;1;1;-5,6656017;-35,409645;"SPRF-RN";"DEL02-RN";"UOP01-DEL02-RN"
786187;2026-07-18;"sábado";"13:10:00";"RS";386;129,3;"SARANDI";"Condutor deixou de manter distância do veículo da frente";"Colisão traseira";"Com Vítimas Feridas";"Pleno dia";"Decrescente";"Sol";"Dupla";"Curva;Interseção de Vias;Rotatória";"Sim";2;0;1;0;0;1;1;2;-27,92931564;-52,96336847;"SPRF-RS";"DEL08-RS";"UOP01-DEL08-RS"
786188;2026-07-18;"sábado";"08:00:00";"PE";232;212,5;"PESQUEIRA";"Ausência de reação do condutor";"Tombamento";"Sem Vítimas";"Pleno dia";"Decrescente";"Nublado";"Simples";"Reta";"Não";1;0;0;0;0;1;0;1;-8,375166;-36,717986;"SPRF-PE";"DEL03-PE";"UOP02-DEL03-PE"
786190;2026-07-18;"sábado";"12:17:00";"PB";104;100,1;"ESPERANCA";"Reação tardia ou ineficiente do condutor";"Colisão frontal";"Com Vítimas Feridas";"Pleno dia";"Crescente";"Chuva";"Simples";"Declive;Reta";"Não";2;0;1;0;1;0;1;2;-7,042002;-35,858272;"SPRF-PB";"DEL02-PB";"UOP04-DEL02-PB"
786191;2026-07-18;"sábado";"13:30:00";"BA";20;201;"LUIS EDUARDO MAGALHAES";"Acessar a via sem observar a presença dos outros veículos";"Colisão transversal";"Com Vítimas Feridas";"Pleno dia";"Crescente";"Céu Claro";"Simples";"Reta";"Não";2;0;1;0;1;0;1;2;-12,184645;-45,825199;"SPRF-BA";"DEL10-BA";"UOP01-DEL10-BA"
786192;2026-07-18;"sábado";"14:20:00";"BA";324;513,5;"FEIRA DE SANTANA";"Ausência de reação do condutor";"Colisão traseira";"Com Vítimas Feridas";"Pleno dia";"Decrescente";"Nublado";"Múltipla";"Interseção de Vias";"Sim";3;0;1;1;1;0;2;2;-12,23180833;-38,95522642;"SPRF-BA";"DEL02-BA";"UOP01-DEL02-BA"
786193;2026-07-18;"sábado";"14:30:00";"RJ";40;90;"PETROPOLIS";"Reação tardia ou ineficiente do condutor";"Colisão com objeto";"Com Vítimas Feridas";"Pleno dia";"Decrescente";"Sol";"Dupla";"Curva;Aclive";"Não";2;0;1;1;0;0;2;1;-22,555028;-43,231667;"SPRF-RJ";"DEL01-RJ";"UOP01-DEL01-RJ"
786194;2026-07-04;"sábado";"08:30:00";"RR";0;0;"BOA VISTA";"Acumulo de areia ou detritos sobre o pavimento";"Colisão traseira";"Sem Vítimas";"Pleno dia";"Não Informado";"Nublado";"Dupla";"Interseção de Vias";"Sim";2;0;0;0;2;0;0;2;2,8180271;-60,67995608;"SPRF-RR";"DEL01-RR";"N/A"
786195;2026-06-26;"sexta-feira";"12:20:00";"RJ";116;173;"SAO JOAO DE MERITI";"Trafegar com motocicleta (ou similar) entre as faixas";"Queda de ocupante de veículo";"Com Vítimas Feridas";"Pleno dia";"Decrescente";"Céu Claro";"Dupla";"Reta";"Não";1;0;1;0;0;0;1;1;-22,798572;-43,35719459;"SPRF-RJ";"DEL06-RJ";"UOP01-DEL06-RJ"
786196;2026-07-18;"sábado";"14:15:00";"SC";101;208,4;"SAO JOSE";"Reação tardia ou ineficiente do condutor";"Tombamento";"Com Vítimas Feridas";"Pleno dia";"Crescente";"Sol";"Múltipla";"Curva;Declive";"Sim";1;0;1;0;0;0;1;1;-27,605447;-48,634962;"SPRF-SC";"DEL01-SC";"UOP01-DEL01-SC"
786197;2026-07-18;"sábado";"14:10:00";"RS";290;110;"ELDORADO DO SUL";"Manobra de mudança de faixa";"Colisão lateral mesmo sentido";"Com Vítimas Feridas";"Pleno dia";"Decrescente";"Céu Claro";"Dupla";"Reta";"Não";2;0;1;0;1;0;1;2;-30,02439445;-51,3214701;"SPRF-RS";"DEL02-RS";"UOP01-DEL02-RS"
786198;2026-07-18;"sábado";"14:30:00";"RJ";116;177;"SAO JOAO DE MERITI";"Mal súbito do condutor";"Queda de ocupante de veículo";"Com Vítimas Feridas";"Pleno dia";"Decrescente";"Céu Claro";"Múltipla";"Reta";"Sim";1;0;0;1;0;0;1;1;-22,7807858;-43,39162795;"SPRF-RJ";"DEL06-RJ";"UOP01-DEL06-RJ"
786199;2026-07-02;"quinta-feira";"19:35:00";"SC";101;116;"ITAJAI";"Velocidade Incompatível";"Saída de leito carroçável";"Com Vítimas Feridas";"Plena Noite";"Decrescente";"Chuva";"Dupla";"Reta";"Sim";2;0;2;0;0;0;2;1;-26,88160782;-48,72467072;"SPRF-SC";"DEL04-SC";"UOP04-DEL04-SC"
786200;2026-07-18;"sábado";"14:20:00";"MG";40;743;"SANTOS DUMONT";"Acessar a via sem observar a presença dos outros veículos";"Colisão transversal";"Com Vítimas Feridas";"Pleno dia";"Decrescente";"Céu Claro";"Simples";"Curva";"Sim";2;0;1;0;1;0;1;2;-21,43149055;-43,55222867;"SPRF-MG";"DEL05-MG";"UOP01-DEL05-MG"
786201;2026-07-18;"sábado";"14:15:00";"SC";280;30,5;"ARAQUARI";"Conversão proibida";"Colisão traseira";"Com Vítimas Feridas";"Pleno dia";"Crescente";"Sol";"Simples";"Reta";"Sim";2;0;0;1;1;0;1;2;-26,415892;-48,769178;"SPRF-SC";"DEL03-SC";"UOP03-DEL03-SC"
786203;2026-07-18;"sábado";"07:40:00";"RJ";101;320;"NITEROI";"Reação tardia ou ineficiente do condutor";"Colisão com objeto";"Com Vítimas Feridas";"Pleno dia";"Decrescente";"Céu Claro";"Dupla";"Curva";"Sim";1;0;1;0;0;0;1;1;-22,86717956;-43,10992241;"SPRF-RJ";"DEL02-RJ";"UOP01-DEL02-RJ"
786205;2026-07-18;"sábado";"15:20:00";"SP";381;31;"ATIBAIA";"Avarias e/ou desgaste excessivo no pneu";"Queda de ocupante de veículo";"Com Vítimas Feridas";"Pleno dia";"Crescente";"Céu Claro";"Dupla";"Reta";"Sim";2;0;2;0;0;0;2;1;-23,04634717;-46,56276408;"SPRF-SP";"DEL03-SP";"UOP02-DEL03-SP"
786206;2026-07-18;"sábado";"14:45:00";"MS";262;385,9;"TERENOS";"Reação tardia ou ineficiente do condutor";"Saída de leito carroçável";"Com Vítimas Feridas";"Pleno dia";"Crescente";"Céu Claro";"Simples";"Declive;Reta";"Não";3;0;2;0;1;0;2;1;-20,431427;-54,890762;"SPRF-MS";"DEL01-MS";"UOP03-DEL01-MS"
786207;2026-07-18;"sábado";"16:20:00";"RN";101;82,6;"NATAL";"Condutor deixou de manter distância do veículo da frente";"Colisão traseira";"Com Vítimas Feridas";"Pleno dia";"Decrescente";"Céu Claro";"Dupla";"Reta";"Sim";2;0;1;0;1;0;1;2;-5,768865;-35,271967;"SPRF-RN";"DEL02-RN";"UOP01-DEL02-RN"
786208;2026-07-18;"sábado";"15:00:00";"PR";163;235,5;"TOLEDO";"Ingestão de álcool pelo condutor";"Colisão traseira";"Com Vítimas Feridas";"Pleno dia";"Crescente";"Céu Claro";"Dupla";"Reta;Em Obras";"Não";3;0;1;0;2;0;1;2;-24,76629255;-53,68876422;"SPRF-PR";"DEL04-PR";"UOP01-DEL04-PR"
786210;2026-07-18;"sábado";"16:25:00";"SC";101;16,5;"PALHOCA";"Acessar a via sem observar a presença dos outros veículos";"Colisão transversal";"Com Vítimas Feridas";"Pleno dia";"Decrescente";"Sol";"Simples";"Reta";"Sim";2;0;1;0;1;0;1;2;-27,662577;-48,685278;"SPRF-SC";"DEL03-SC";"UOP01-DEL03-SC"
786211;2026-04-11;"sábado";"12:45:00";"PE";101;68,1;"RECIFE";"Condutor deixou de manter distância do veículo da frente";"Colisão traseira";"Com Vítimas Feridas";"Pleno dia";"Decrescente";"Sol";"Múltipla";"Reta";"Sim";7;0;1;0;6;0;1;3;-8,05524;-34,9463;"SPRF-PE";"DEL01-PE";"UOP01-DEL01-PE"
786212;2026-07-18;"sábado";"16:00:00";"MG";381;479;"CONTAGEM";"Reação tardia ou ineficiente do condutor";"Colisão traseira";"Com Vítimas Feridas";"Pleno dia";"Crescente";"Céu Claro";"Múltipla";"Reta";"Sim";2;0;1;0;1;0;1;2;-19,96451;-44,04583;"SPRF-MG";"DEL01-MG";"UOP03-DEL01-MG"
786213;2026-07-10;"sexta-feira";"16:30:00";"ES";101;289;"CARIACICA";"Ausência de reação do condutor";"Colisão traseira";"Com Vítimas Feridas";"Pleno dia";"Crescente";"Céu Claro";"Dupla";"Reta";"Não";2;0;0;1;1;0;1;2;-20,28817942;-40,39234209;"SPRF-ES";"DEL01-ES";"UOP01-DEL01-ES"
786216;2026-07-18;"sábado";"08:10:00";"MG";50;173,9;"UBERABA";"Ausência de reação do condutor";"Colisão com objeto";"Com Vítimas Feridas";"Pleno dia";"Crescente";"Céu Claro";"Dupla";"Reta";"Não";1;0;1;0;0;0;1;1;-19,7687926;-47,97483869;"SPRF-MG";"DEL13-MG";"UOP01-DEL13-MG"
786217;2026-07-18;"sábado";"15:55:00";"SP";116;154,4;"SAO JOSE DOS CAMPOS";"Manobra de mudança de faixa";"Colisão lateral mesmo sentido";"Com Vítimas Feridas";"Pleno dia";"Decrescente";"Céu Claro";"Múltipla";"Reta";"Sim";2;0;1;0;1;0;1;2;-23,24224779;-45,92465596;"SPRF-SP";"DEL02-SP";"UOP01-DEL02-SP"
786218;2026-07-18;"sábado";"15:45:00";"SC";116;249,4;"SAO JOSE DO CERRITO";"Ingestão de álcool pelo condutor";"Saída de leito carroçável";"Com Vítimas Feridas";"Pleno dia";"Crescente";"Céu Claro";"Simples";"Reta";"Não";1;0;1;0;0;0;1;1;-27,697696;-50,543425;"SPRF-SC";"DEL05-SC";"UOP02-DEL05-SC"
786219;2026-07-18;"sábado";"13:20:00";"MA";316;231;"BOM JARDIM";"Acessar a via sem observar a presença dos outros veículos";"Colisão transversal";"Com Vítimas Feridas";"Pleno dia";"Crescente";"Céu Claro";"Simples";"Reta";"Sim";2;0;0;1;1;0;1;2;-3,544158;-45,606949;"SPRF-MA";"DEL02-MA";"UOP01-DEL02-MA"
786220;2026-07-18;"sábado";"16:00:00";"RS";290;155;"ARROIO DOS RATOS";"Retorno proibido";"Colisão transversal";"Com Vítimas Feridas";"Pleno dia";"Crescente";"Céu Claro";"Simples";"Curva";"Não";4;0;1;1;2;0;2;2;-30,10646606;-51,76803336;"SPRF-RS";"DEL02-RS";"UOP01-DEL02-RS"
786221;2026-07-18;"sábado";"14:15:00";"RO";435;25;"VILHENA";"Avarias e/ou desgaste excessivo no pneu";"Saída de leito carroçável";"Com Vítimas Feridas";"Pleno dia";"Crescente";"Céu Claro";"Simples";"Reta";"Não";4;0;3;1;0;0;4;1;-12,785488;-60,348665;"SPRF-RO";"DEL04-RO";"UOP02-DEL04-RO"
786223;2026-06-04;"quinta-feira";"10:45:00";"CE";116;44;"HORIZONTE";"Manobra de mudança de faixa";"Colisão lateral mesmo sentido";"Com Vítimas Feridas";"Pleno dia";"Crescente";"Céu Claro";"Dupla";"Reta";"Sim";10;0;7;0;3;0;7;4;-4,131255;-38,483142;"SPRF-CE";"DEL01-CE";"UOP02-DEL01-CE"
786224;2026-07-18;"sábado";"15:10:00";"MT";70;424,7;"CAMPO VERDE";"Reação tardia ou ineficiente do condutor";"Saída de leito carroçável";"Com Vítimas Feridas";"Pleno dia";"Decrescente";"Céu Claro";"Simples";"Reta";"Não";5;0;4;0;1;0;4;1;-15,79430688;-55,39293433;"SPRF-MT";"DEL05-MT";"UOP02-DEL05-MT"
786225;2026-07-18;"sábado";"17:30:00";"SC";101;80,1;"BARRA VELHA";"Acessar a via sem observar a presença dos outros veículos";"Colisão transversal";"Com Vítimas Feridas";"Anoitecer";"Decrescente";"Céu Claro";"Múltipla";"Interseção de Vias;Retorno Regulamentado";"Não";6;0;1;1;4;0;2;2;-26,595135;-48,722284;"SPRF-SC";"DEL03-SC";"UOP02-DEL03-SC"
786226;2026-07-18;"sábado";"17:40:00";"MG";146;474,4;"BANDEIRA DO SUL";"Acessar a via sem observar a presença dos outros veículos";"Colisão transversal";"Com Vítimas Fatais";"Anoitecer";"Crescente";"Céu Claro";"Simples";"Curva;Interseção de Vias";"Não";6;1;2;1;2;0;3;2;-21,74532967;-46,40414715;"SPRF-MG";"DEL09-MG";"UOP01-DEL09-MG"
786227;2026-07-18;"sábado";"13:00:00";"CE";20;205;"BOA VIAGEM";"Demais falhas mecânicas ou elétricas";"Colisão com objeto";"Sem Vítimas";"Pleno dia";"Crescente";"Sol";"Simples";"Curva";"Sim";1;0;0;0;0;1;0;1;-5,11093073;-39,71970367;"SPRF-CE";"DEL02-CE";"UOP02-DEL02-CE"
786229;2026-07-18;"sábado";"17:30:00";"SC";116;54,8;"PAPANDUVA";"Acesso irregular";"Capotamento";"Com Vítimas Feridas";"Pleno dia";"Decrescente";"Céu Claro";"Simples";"Reta;Em Obras;Desvio Temporário";"Sim";1;0;1;0;0;0;1;1;-26,3942;-50,1678383;"SPRF-SC";"DEL06-SC";"UOP02-DEL06-SC"
786232;2026-07-18;"sábado";"12:15:00";"RJ";493;121;"ITAGUAI";"Reação tardia ou ineficiente do condutor";"Queda de ocupante de veículo";"Com Vítimas Feridas";"Pleno dia";"Decrescente";"Céu Claro";"Dupla";"Reta";"Sim";1;0;1;0;0;0;1;1;-22,8899983;-43,8238772;"SPRF-RJ";"DEL03-RJ";"UOP01-DEL03-RJ"
786233;2026-07-18;"sábado";"17:50:00";"DF";70;8;"BRASILIA";"Ausência de reação do condutor";"Saída de leito carroçável";"Com Vítimas Feridas";"Pleno dia";"Decrescente";"Céu Claro";"Dupla";"Reta;Retorno Regulamentado";"Sim";2;0;1;0;0;1;1;2;-15,784827;-48,131947;"SPRF-DF";"DEL03-DF";"UOP02-DEL03-DF"
786234;2026-07-18;"sábado";"15:20:00";"SC";101;40;"PALHOCA";"Ingestão de álcool pelo condutor";"Colisão com objeto";"Sem Vítimas";"Pleno dia";"Crescente";"Céu Claro";"Múltipla";"Curva";"Não";1;0;0;0;0;1;0;1;-27,66965265;-48,71422514;"SPRF-SC";"DEL01-SC";"UOP02-DEL01-SC"
786235;2026-07-18;"sábado";"17:39:00";"AP";210;105;"PORTO GRANDE";"Acumulo de água sobre o pavimento";"Saída de leito carroçável";"Com Vítimas Feridas";"Anoitecer";"Crescente";"Chuva";"Simples";"Reta;Declive;Interseção de Vias";"Sim";4;0;1;0;3;0;1;1;0,70145;-51,40374;"SPRF-AP";"DEL01-AP";"UOP01-DEL01-AP"
786236;2026-07-18;"sábado";"16:50:00";"SP";116;154,7;"SAO JOSE DOS CAMPOS";"Reação tardia ou ineficiente do condutor";"Colisão traseira";"Com Vítimas Feridas";"Pleno dia";"Crescente";"Céu Claro";"Múltipla";"Reta";"Não";3;0;0;2;1;0;2;2;-23,24256;-45,92506;"SPRF-SP";"DEL02-SP";"UOP01-DEL02-SP"
786237;2026-07-18;"sábado";"15:40:00";"RS";290;415;"SAO GABRIEL";"Ausência de reação do condutor";"Saída de leito carroçável";"Com Vítimas Feridas";"Pleno dia";"Decrescente";"Céu Claro";"Simples";"Curva";"Não";1;0;1;0;0;0;1;1;-30,36282808;-54,29747455;"SPRF-RS";"DEL11-RS";"UOP02-DEL11-RS"
786240;2026-07-18;"sábado";"18:09:00";"RJ";116;183;"NOVA IGUACU";"Ausência de reação do condutor";"Colisão traseira";"Com Vítimas Feridas";"Plena Noite";"Crescente";"Céu Claro";"Dupla";"Reta";"Não";3;0;2;0;1;0;2;2;-22,73771952;-43,49175666;"SPRF-RJ";"DEL06-RJ";"UOP01-DEL06-RJ"
786241;2026-07-18;"sábado";"14:18:00";"AL";101;2,4;"NOVO LINO";"Acessar a via sem observar a presença dos outros veículos";"Colisão lateral mesmo sentido";"Com Vítimas Feridas";"Pleno dia";"Crescente";"Nublado";"Dupla";"Reta;Declive;Interseção de Vias;Retorno Regulamentado";"Não";3;0;1;1;1;0;2;2;-8,90042508;-35,63649265;"SPRF-AL";"DEL01-AL";"UOP02-DEL01-AL"
786243;2026-07-18;"sábado";"15:20:00";"RJ";40;125;"DUQUE DE CAXIAS";"Condutor deixou de manter distância do veículo da frente";"Colisão traseira";"Com Vítimas Feridas";"Pleno dia";"Crescente";"Sol";"Múltipla";"Curva";"Não";2;0;1;0;1;0;1;2;-22,80578578;-43,289767;"SPRF-RJ";"DEL01-RJ";"UOP02-DEL01-RJ"
786244;2026-07-18;"sábado";"16:57:00";"PI";316;6,8;"TERESINA";"Reação tardia ou ineficiente do condutor";"Colisão traseira";"Com Vítimas Feridas";"Anoitecer";"Crescente";"Céu Claro";"Dupla";"Reta";"Sim";2;0;1;1;0;0;2;2;-5,153991;-42,772198;"SPRF-PI";"DEL01-PI";"UOP02-DEL01-PI"
786245;2026-07-18;"sábado";"18:35:00";"ES";101;140,1;"LINHARES";"Ausência de reação do condutor";"Colisão traseira";"Com Vítimas Feridas";"Plena Noite";"Crescente";"Garoa/Chuvisco";"Múltipla";"Reta";"Sim";2;0;1;0;1;0;1;2;-19,31848728;-40,07571898;"SPRF-ES";"DEL04-ES";"UOP01-DEL04-ES"
786246;2026-07-18;"sábado";"18:10:00";"BA";116;426;"FEIRA DE SANTANA";"Ingestão de álcool pelo condutor";"Colisão traseira";"Sem Vítimas";"Plena Noite";"Decrescente";"Nublado";"Dupla";"Reta";"Sim";2;0;0;0;2;0;0;2;-12,25789636;-38,98943631;"SPRF-BA";"DEL02-BA";"UOP01-DEL02-BA"
786247;2026-07-18;"sábado";"17:50:00";"BA";101;211;"GOVERNADOR MANGABEIRA";"Acesso irregular";"Colisão transversal";"Com Vítimas Feridas";"Plena Noite";"Crescente";"Céu Claro";"Simples";"Aclive";"Sim";3;0;3;0;0;0;3;2;-12,607832;-39,074605;"SPRF-BA";"DEL11-BA";"UOP01-DEL11-BA"
786248;2026-07-18;"sábado";"18:00:00";"RO";364;697,5;"PORTO VELHO";"Demais falhas mecânicas ou elétricas";"Tombamento";"Com Vítimas Feridas";"Pleno dia";"Crescente";"Céu Claro";"Dupla";"Curva";"Não";2;0;2;0;0;0;2;1;-8,803452;-63,749645;"SPRF-RO";"DEL01-RO";"UOP01-DEL01-RO"
786249;2026-07-18;"sábado";"18:50:00";"RS";158;194;"CRUZ ALTA";"Desrespeitar a preferência no cruzamento";"Colisão transversal";"Sem Vítimas";"Plena Noite";"Decrescente";"Nublado";"Simples";"Interseção de Vias";"Não";2;0;0;0;2;0;0;2;-28,64549684;-53,57345259;"SPRF-RS";"DEL10-RS";"UOP02-DEL10-RS"
786250;2026-07-18;"sábado";"18:30:00";"SC";101;438;"SOMBRIO";"Reação tardia ou ineficiente do condutor";"Colisão traseira";"Com Vítimas Feridas";"Plena Noite";"Decrescente";"Ignorado";"Dupla";"Reta";"Não";3;0;1;0;2;0;1;2;-29,123643;-49,654736;"SPRF-SC";"DEL02-SC";"UOP02-DEL02-SC"
786251;2026-07-18;"sábado";"17:20:00";"SC";470;169,5;"POUSO REDONDO";"Acessar a via sem observar a presença dos outros veículos";"Colisão transversal";"Com Vítimas Feridas";"Plena Noite";"Crescente";"Céu Claro";"Simples";"Declive;Reta";"Não";2;0;0;1;1;0;1;2;-27,2656;-49,88739;"SPRF-SC";"DEL04-SC";"UOP02-DEL04-SC"
786253;2026-06-14;"domingo";"20:40:00";"SC";101;213,9;"PALHOCA";"Reação tardia ou ineficiente do condutor";"Colisão traseira";"Com Vítimas Feridas";"Plena Noite";"Decrescente";"Nublado";"Múltipla";"Reta";"Sim";4;0;2;0;2;0;2;3;-27,644163;-48,669865;"SPRF-SC";"DEL01-SC";"UOP02-DEL01-SC"
786254;2026-07-18;"sábado";"19:26:00";"GO";452;61;"MAURILANDIA";"Ausência de reação do condutor";"Tombamento";"Sem Vítimas";"Plena Noite";"Crescente";"Céu Claro";"Simples";"Reta;Ponte";"Não";1;0;0;0;0;1;0;1;-18,002652;-50,37379;"SPRF-GO";"DEL04-GO";"UOP01-DEL04-GO"
786255;2026-07-18;"sábado";"15:20:00";"RO";364;965;"PORTO VELHO";"Ingestão de álcool pelo condutor";"Saída de leito carroçável";"Com Vítimas Feridas";"Pleno dia";"Crescente";"Chuva";"Simples";"Reta";"Não";1;0;0;1;0;0;1;1;-9,64891931;-65,68935268;"SPRF-RO";"DEL01-RO";"UOP03-DEL01-RO"
786256;2026-07-18;"sábado";"18:40:00";"SC";470;88,7;"ASCURRA";"Acessar a via sem observar a presença dos outros veículos";"Colisão transversal";"Com Vítimas Feridas";"Plena Noite";"Decrescente";"Céu Claro";"Simples";"Reta";"Sim";3;0;1;0;2;0;1;2;-26,96189081;-49,37123744;"SPRF-SC";"DEL04-SC";"UOP01-DEL04-SC"
786257;2026-07-18;"sábado";"15:00:00";"SC";101;72;"ARAQUARI";"Condutor deixou de manter distância do veículo da frente";"Colisão traseira";"Com Vítimas Feridas";"Pleno dia";"Crescente";"Sol";"Múltipla";"Reta";"Não";2;0;1;0;0;1;1;2;-26,51035097;-48,72397363;"SPRF-SC";"DEL03-SC";"UOP02-DEL03-SC"
786258;2026-07-18;"sábado";"15:58:00";"RJ";101;296;"ITABORAI";"Ausência de reação do condutor";"Colisão traseira";"Com Vítimas Feridas";"Pleno dia";"Decrescente";"Céu Claro";"Dupla";"Declive";"Sim";2;0;1;0;1;0;1;2;-22,76740139;-42,91482775;"SPRF-RJ";"DEL02-RJ";"UOP02-DEL02-RJ"
786259;2026-07-18;"sábado";"19:05:00";"PB";230;48;"SANTA RITA";"Demais falhas mecânicas ou elétricas";"Incêndio";"Sem Vítimas";"Plena Noite";"Crescente";"Nublado";"Dupla";"Reta";"Não";1;0;0;0;1;0;0;1;-7,17312695;-35,03853397;"SPRF-PB";"DEL01-PB";"UOP02-DEL01-PB"
786260;2026-07-18;"sábado";"18:35:00";"RN";226;176,1;"CURRAIS NOVOS";"Acessar a via sem observar a presença dos outros veículos";"Colisão transversal";"Com Vítimas Feridas";"Plena Noite";"Decrescente";"Céu Claro";"Simples";"Reta";"Sim";2;0;1;0;0;1;1;2;-6,26296484;-36,51784282;"SPRF-RN";"DEL03-RN";"UOP02-DEL03-RN"
786261;2026-07-18;"sábado";"16:20:00";"AC";364;136;"RIO BRANCO";"Acessar a via sem observar a presença dos outros veículos";"Colisão transversal";"Com Vítimas Feridas";"Pleno dia";"Decrescente";"Céu Claro";"Dupla";"Rotatória";"Sim";2;0;1;0;0;1;1;2;-9,969297;-67,852867;"SPRF-AC";"DEL01-AC";"UOP01-DEL01-AC"
786262;2026-07-01;"quarta-feira";"17:00:00";"MT";70;31;"BARRA DO GARCAS";"Acostamento em desnível";"Saída de leito carroçável";"Com Vítimas Feridas";"Plena Noite";"Decrescente";"Céu Claro";"Simples";"Curva";"Não";4;0;1;1;2;0;2;1;-15,74665822;-52,61283875;"SPRF-MT";"DEL07-MT";"UOP01-DEL07-MT"
786263;2026-07-18;"sábado";"19:00:00";"PI";402;36,4;"PARNAIBA";"Estacionar ou parar em local proibido";"Colisão traseira";"Sem Vítimas";"Plena Noite";"Decrescente";"Nublado";"Simples";"Reta";"Sim";2;0;0;0;1;1;0;2;-2,946649;-41,733138;"SPRF-PI";"DEL05-PI";"UOP01-DEL05-PI"
786264;2026-07-18;"sábado";"15:30:00";"RJ";493;52;"DUQUE DE CAXIAS";"Reação tardia ou ineficiente do condutor";"Queda de ocupante de veículo";"Com Vítimas Feridas";"Pleno dia";"Decrescente";"Céu Claro";"Dupla";"Reta";"Não";2;0;1;0;1;0;1;1;-22,66874165;-43,31838101;"SPRF-RJ";"DEL01-RJ";"UOP03-DEL01-RJ"
786265;2026-07-18;"sábado";"11:30:00";"RJ";101;297;"ITABORAI";"Reação tardia ou ineficiente do condutor";"Colisão lateral mesmo sentido";"Com Vítimas Feridas";"Pleno dia";"Decrescente";"Céu Claro";"Dupla";"Reta";"Sim";2;0;1;0;1;0;1;2;-22,77165078;-42,92479634;"SPRF-RJ";"DEL02-RJ";"UOP02-DEL02-RJ"
786266;2026-07-18;"sábado";"18:50:00";"SC";101;122,8;"ITAJAI";"Manobra de mudança de faixa";"Colisão lateral mesmo sentido";"Com Vítimas Feridas";"Plena Noite";"Crescente";"Nublado";"Dupla";"Reta";"Não";2;0;1;0;1;0;1;2;-26,92784245;-48,70575992;"SPRF-SC";"DEL04-SC";"UOP04-DEL04-SC"
786268;2026-07-18;"sábado";"20:00:00";"AP";210;3;"MACAPA";"Transitar na contramão";"Colisão lateral sentido oposto";"Com Vítimas Feridas";"Plena Noite";"Decrescente";"Nublado";"Simples";"Interseção de Vias;Reta";"Sim";3;0;0;3;0;0;3;2;0,0872254;-51,08960269;"SPRF-AP";"DEL01-AP";"UOP01-DEL01-AP"
786269;2026-07-18;"sábado";"17:54:00";"MT";364;561,9;"NOBRES";"Manobra de mudança de faixa";"Colisão lateral mesmo sentido";"Com Vítimas Feridas";"Plena Noite";"Crescente";"Céu Claro";"Dupla";"Reta";"Não";2;0;1;0;0;1;1;2;-14,725373;-56,318438;"SPRF-MT";"DEL01-MT";"UOP01-DEL01-MT"
786275;2026-07-18;"sábado";"19:00:00";"RJ";101;297;"ITABORAI";"Ausência de reação do condutor";"Colisão traseira";"Com Vítimas Feridas";"Plena Noite";"Crescente";"Céu Claro";"Simples";"Reta";"Sim";2;0;1;0;1;0;1;2;-22,76296482;-42,90186882;"SPRF-RJ";"DEL02-RJ";"UOP02-DEL02-RJ"
786276;2026-07-18;"sábado";"18:00:00";"RJ";493;21;"MAGE";"Ingestão de álcool pelo condutor";"Colisão com objeto";"Sem Vítimas";"Anoitecer";"Crescente";"Céu Claro";"Simples";"Curva;Desvio Temporário;Em Obras";"Sim";1;0;0;0;1;0;0;1;-22,65715876;-43,06584533;"SPRF-RJ";"DEL04-RJ";"UOP02-DEL04-RJ"
786277;2026-07-18;"sábado";"16:40:00";"AM";319;562;"TAPAUA";"Velocidade Incompatível";"Saída de leito carroçável";"Com Vítimas Fatais";"Pleno dia";"Crescente";"Céu Claro";"Simples";"Reta";"Não";4;1;1;0;2;0;1;1;-6,800549;-63,021486;"SPRF-AM";"DEL02-AM";"UOP01-DEL02-AM"
786278;2026-07-18;"sábado";"18:20:00";"SC";470;50;"BLUMENAU";"Manobra de mudança de faixa";"Colisão traseira";"Com Vítimas Feridas";"Plena Noite";"Crescente";"Céu Claro";"Simples";"Reta";"Não";3;0;1;0;2;0;1;2;-26,85966966;-49,07595917;"SPRF-SC";"DEL04-SC";"UOP01-DEL04-SC"
786279;2026-07-18;"sábado";"20:20:00";"PE";232;506;"SALGUEIRO";"Acessar a via sem observar a presença dos outros veículos";"Colisão transversal";"Com Vítimas Feridas";"Plena Noite";"Crescente";"Céu Claro";"Simples";"Reta";"Sim";3;0;2;0;1;0;2;2;-8,06154;-39,117245;"SPRF-PE";"DEL05-PE";"UOP01-DEL05-PE"