"id";"data_inversa";"dia_semana";"horario";"uf";"br";"km";"municipio";"causa_acidente";"tipo_acidente";"classificacao_acidente";"fase_dia";"sentido_via";"condicao_metereologica";"tipo_pista";"tracado_via";"uso_solo";"pessoas";"mortos";"feridos_leves";"feridos_graves";"ilesos";"ignorados";"feridos";"veiculos";"latitude";"longitude";"regional";"delegacia";"uop"
786281;2026-07-18;"sábado";"20:20:00";"DF";70;16;"BRASILIA";"Ingestão de álcool pelo condutor";"Colisão traseira";"Com Vítimas Feridas";"Plena Noite";"Crescente";"Céu Claro";"Dupla";"Reta";"Não";2;0;0;1;1;0;1;2;-15,796486;-48,193055;"SPRF-DF";"DEL03-DF";"UOP02-DEL03-DF"
786282;2026-07-18;"sábado";"19:30:00";"PR";277;60;"SAO JOSE DOS PINHAIS";"Ausência de reação do condutor";"Engavetamento";"Com Vítimas Feridas";"Plena Noite";"Decrescente";"Céu Claro";"Dupla";"Reta";"Não";3;0;1;0;2;0;1;3;-25,551903;-49,03749;"SPRF-PR";"DEL01-PR";"UOP01-DEL01-PR"
786283;2026-07-18;"sábado";"20:10:00";"PR";272;564;"GUAIRA";"Acesso irregular";"Queda de ocupante de veículo";"Com Vítimas Feridas";"Plena Noite";"Crescente";"Céu Claro";"Simples";"Reta";"Não";1;0;1;0;0;0;1;1;-24,09292932;-54,19660505;"SPRF-PR";"DEL06-PR";"UOP01-DEL06-PR"
786284;2026-07-18;"sábado";"20:25:00";"RS";386;393;"TRIUNFO";"Condutor deixou de manter distância do veículo da frente";"Colisão lateral mesmo sentido";"Sem Vítimas";"Plena Noite";"Crescente";"Céu Claro";"Dupla";"Reta";"Não";4;0;0;0;4;0;0;2;-29,718353;-51,643133;"SPRF-RS";"DEL04-RS";"UOP02-DEL04-RS"
786285;2026-07-18;"sábado";"18:45:00";"RJ";465;5;"SEROPEDICA";"Pedestre cruzava a pista fora da faixa";"Atropelamento de Pedestre";"Com Vítimas Feridas";"Plena Noite";"Decrescente";"Céu Claro";"Simples";"Reta";"Sim";2;0;0;1;1;0;1;2;-22,74281536;-43,70377271;"SPRF-RJ";"DEL06-RJ";"UOP02-DEL06-RJ"
786288;2026-07-18;"sábado";"20:40:00";"PE";101;82;"JABOATAO DOS GUARARAPES";"Ingestão de álcool pelo condutor";"Colisão traseira";"Com Vítimas Feridas";"Plena Noite";"Crescente";"Nublado";"Múltipla";"Reta";"Sim";2;0;1;0;1;0;1;2;-8,17134908;-34,93920565;"SPRF-PE";"DEL01-PE";"UOP01-DEL01-PE"
786289;2026-07-18;"sábado";"20:30:00";"DF";20;52;"BRASILIA";"Ausência de reação do condutor";"Saída de leito carroçável";"Com Vítimas Feridas";"Plena Noite";"Crescente";"Céu Claro";"Dupla";"Reta;Declive";"Não";3;0;3;0;0;0;3;1;-15,5803823;-47,4070167;"SPRF-DF";"DEL02-DF";"UOP01-DEL02-DF"
786291;2026-07-18;"sábado";"20:30:00";"RJ";101;260;"RIO BONITO";"Condutor deixou de manter distância do veículo da frente";"Colisão lateral mesmo sentido";"Com Vítimas Feridas";"Plena Noite";"Crescente";"Céu Claro";"Dupla";"Aclive";"Não";7;0;1;0;6;0;1;2;-22,710227;-42,608504;"SPRF-RJ";"DEL02-RJ";"UOP03-DEL02-RJ"
786292;2026-07-18;"sábado";"20:10:00";"PB";230;58;"CRUZ DO ESPIRITO SANTO";"Avarias e/ou desgaste excessivo no pneu";"Colisão traseira";"Com Vítimas Feridas";"Plena Noite";"Decrescente";"Nublado";"Dupla";"Reta";"Não";4;0;0;1;3;0;1;2;-7,203705;-35,120397;"SPRF-PB";"DEL01-PB";"UOP02-DEL01-PB"
786293;2026-07-18;"sábado";"20:55:00";"BA";116;11;"VITORIA DA CONQUISTA";"Acessar a via sem observar a presença dos outros veículos";"Colisão transversal";"Com Vítimas Feridas";"Plena Noite";"Crescente";"Nublado";"Simples";"Reta";"Sim";2;0;2;0;0;0;2;2;-14,872717;-40,871411;"SPRF-BA";"DEL08-BA";"UOP01-DEL08-BA"
786294;2026-07-18;"sábado";"20:50:00";"PR";369;151,6;"LONDRINA";"Ingestão de álcool pelo condutor";"Colisão traseira";"Com Vítimas Feridas";"Plena Noite";"Decrescente";"Céu Claro";"Dupla";"Reta";"Sim";4;0;1;0;3;0;1;2;-23,29284232;-51,17749432;"SPRF-PR";"DEL07-PR";"UOP01-DEL07-PR"
786296;2026-07-18;"sábado";"19:40:00";"PI";343;328;"TERESINA";"Ausência de reação do condutor";"Atropelamento de Animal";"Com Vítimas Feridas";"Plena Noite";"Decrescente";"Céu Claro";"Simples";"Reta";"Não";1;0;1;0;0;0;1;1;-5,065708;-42,640462;"SPRF-PI";"DEL01-PI";"UOP01-DEL01-PI"
786297;2026-07-18;"sábado";"20:30:00";"GO";60;10,1;"SANTO ANTONIO DO DESCOBERTO";"Ausência de reação do condutor";"Saída de leito carroçável";"Com Vítimas Feridas";"Plena Noite";"Crescente";"Céu Claro";"Dupla";"Curva";"Não";1;0;1;0;0;0;1;1;-16,116756;-48,315997;"SPRF-DF";"DEL03-DF";"UOP01-DEL03-DF"
786298;2026-07-18;"sábado";"21:00:00";"PE";423;118;"PARANATAMA";"Deficiência do Sistema de Iluminação/Sinalização";"Colisão traseira";"Com Vítimas Fatais";"Plena Noite";"Decrescente";"Nublado";"Simples";"Reta";"Não";3;1;0;1;0;1;1;2;-8,9093527;-36,6794838;"SPRF-PE";"DEL03-PE";"UOP01-DEL03-PE"
786299;2026-07-18;"sábado";"18:30:00";"MT";163;878,5;"SINOP";"Ausência de reação do condutor";"Colisão traseira";"Com Vítimas Feridas";"Plena Noite";"Decrescente";"Céu Claro";"Simples";"Curva";"Não";3;0;1;0;2;0;1;2;-11,501898;-55,36702;"SPRF-MT";"DEL06-MT";"UOP02-DEL06-MT"
786300;2026-07-18;"sábado";"20:30:00";"RO";425;80;"NOVA MAMORE";"Reação tardia ou ineficiente do condutor";"Colisão lateral mesmo sentido";"Com Vítimas Feridas";"Plena Noite";"Crescente";"Céu Claro";"Simples";"Reta";"Sim";2;0;1;0;1;0;1;2;-10,41235677;-65,33134667;"SPRF-RO";"DEL01-RO";"UOP03-DEL01-RO"
786301;2026-07-18;"sábado";"21:00:00";"RN";405;151;"PAU DOS FERROS";"Acessar a via sem observar a presença dos outros veículos";"Colisão transversal";"Com Vítimas Feridas";"Plena Noite";"Crescente";"Céu Claro";"Simples";"Reta";"Sim";2;0;2;0;0;0;2;2;-6,12056876;-38,20624201;"SPRF-RN";"DEL04-RN";"UOP02-DEL04-RN"
786302;2026-07-18;"sábado";"21:33:00";"RN";110;45;"MOSSORO";"Manobra de mudança de faixa";"Colisão frontal";"Com Vítimas Feridas";"Plena Noite";"Decrescente";"Céu Claro";"Simples";"Reta";"Sim";2;0;2;0;0;0;2;2;-5,196382;-37,31624;"SPRF-RN";"DEL04-RN";"UOP01-DEL04-RN"
786303;2026-07-18;"sábado";"21:50:00";"RJ";40;107;"DUQUE DE CAXIAS";"Transitar na contramão";"Colisão frontal";"Com Vítimas Feridas";"Plena Noite";"Decrescente";"Ignorado";"Simples";"Reta";"Sim";3;0;1;1;1;0;2;2;-22,66324152;-43,28448431;"SPRF-RJ";"DEL01-RJ";"UOP02-DEL01-RJ"
786304;2026-07-18;"sábado";"19:40:00";"ES";101;37,4;"CONCEICAO DA BARRA";"Ingestão de álcool pelo condutor";"Colisão frontal";"Com Vítimas Feridas";"Plena Noite";"Crescente";"Chuva";"Simples";"Reta";"Não";6;0;4;0;2;0;4;3;-18,476885;-39,925529;"SPRF-ES";"DEL04-ES";"UOP02-DEL04-ES"
786305;2026-06-20;"sábado";"20:11:00";"TO";10;411,5;"PORTO NACIONAL";"Reação tardia ou ineficiente do condutor";"Colisão lateral mesmo sentido";"Sem Vítimas";"Plena Noite";"Crescente";"Céu Claro";"Simples";"Reta";"Não";2;0;0;0;1;1;0;2;-10,659085;-48,39477;"SPRF-TO";"DEL01-TO";"UOP03-DEL01-TO"
786306;2026-07-18;"sábado";"16:00:00";"PI";135;134;"BERTOLINIA";"Ausência de reação do condutor";"Saída de leito carroçável";"Com Vítimas Fatais";"Pleno dia";"Decrescente";"Sol";"Simples";"Reta";"Não";5;1;2;2;0;0;4;1;-7,701757;-43,894568;"SPRF-PI";"DEL03-PI";"UOP01-DEL03-PI"
786307;2026-07-18;"sábado";"19:20:00";"PI";230;198;"OEIRAS";"Ingestão de álcool pelo condutor";"Tombamento";"Com Vítimas Feridas";"Plena Noite";"Crescente";"Céu Claro";"Simples";"Reta";"Sim";1;0;1;0;0;0;1;1;-7,0145055;-42,13679401;"SPRF-PI";"DEL04-PI";"UOP01-DEL04-PI"
786308;2026-07-14;"terça-feira";"19:00:00";"MG";116;566;"MANHUACU";"Ausência de reação do condutor";"Colisão traseira";"Com Vítimas Feridas";"Plena Noite";"Decrescente";"Céu Claro";"Simples";"Reta";"Não";2;0;1;0;0;1;1;2;-20,083468;-42,184064;"SPRF-MG";"DEL06-MG";"UOP03-DEL06-MG"
786310;2026-07-18;"sábado";"22:40:00";"BA";116;835;"VITORIA DA CONQUISTA";"Reação tardia ou ineficiente do condutor";"Eventos atípicos";"Com Vítimas Fatais";"Plena Noite";"Decrescente";"Nublado";"Simples";"Reta";"Não";2;1;0;0;0;1;0;2;-14,95090805;-40,89951765;"SPRF-BA";"DEL08-BA";"UOP01-DEL08-BA"
786311;2026-07-18;"sábado";"22:50:00";"ES";101;307,5;"VIANA";"Avarias e/ou desgaste excessivo no pneu";"Tombamento";"Com Vítimas Feridas";"Plena Noite";"Crescente";"Céu Claro";"Dupla";"Curva";"Sim";2;0;2;0;0;0;2;1;-20,40321729;-40,45572488;"SPRF-ES";"DEL01-ES";"UOP01-DEL01-ES"
786312;2026-07-18;"sábado";"22:05:00";"MS";163;261,7;"DOURADOS";"Transitar no Acostamento";"Atropelamento de Pedestre";"Com Vítimas Feridas";"Plena Noite";"Crescente";"Ignorado";"Dupla";"Reta";"Sim";2;0;1;1;0;0;2;2;-22,236111;-54,758407;"SPRF-MS";"DEL04-MS";"UOP01-DEL04-MS"
786313;2026-07-18;"sábado";"21:20:00";"MG";116;306;"ITAMBACURI";"Reação tardia ou ineficiente do condutor";"Atropelamento de Pedestre";"Com Vítimas Feridas";"Plena Noite";"Crescente";"Céu Claro";"Simples";"Reta";"Não";3;0;0;1;2;0;1;2;-18,04474125;-41,661292;"SPRF-MG";"DEL11-MG";"UOP01-DEL11-MG"
786316;2026-07-18;"sábado";"21:20:00";"PR";376;623;"SAO JOSE DOS PINHAIS";"Reação tardia ou ineficiente do condutor";"Colisão traseira";"Com Vítimas Feridas";"Plena Noite";"Decrescente";"Céu Claro";"Dupla";"Reta";"Não";2;0;1;0;1;0;1;2;-25,64758981;-49,15817197;"SPRF-PR";"DEL01-PR";"UOP04-DEL01-PR"
786317;2026-07-18;"sábado";"20:15:00";"MG";262;780;"UBERABA";"Velocidade Incompatível";"Colisão traseira";"Com Vítimas Feridas";"Plena Noite";"Crescente";"Céu Claro";"Simples";"Reta";"Não";10;0;4;5;0;1;9;3;-19,76541117;-47,87223816;"SPRF-MG";"DEL13-MG";"UOP01-DEL13-MG"
786318;2026-07-18;"sábado";"22:35:00";"MG";262;468,9;"BOM DESPACHO";"Ultrapassagem Indevida";"Colisão lateral mesmo sentido";"Com Vítimas Feridas";"Plena Noite";"Crescente";"Céu Claro";"Simples";"Reta;Declive";"Não";3;0;3;0;0;0;3;2;-19,786884;-45,246252;"SPRF-MG";"DEL08-MG";"UOP03-DEL08-MG"
786319;2026-07-18;"sábado";"22:25:00";"SC";101;399,5;"MARACAJA";"Ausência de reação do condutor";"Tombamento";"Com Vítimas Fatais";"Plena Noite";"Decrescente";"Céu Claro";"Múltipla";"Reta";"Sim";2;1;1;0;0;0;1;1;-28,86096805;-49,44377661;"SPRF-SC";"DEL02-SC";"UOP02-DEL02-SC"
786320;2026-07-18;"sábado";"21:45:00";"SC";282;672,7;"PARAISO";"Reação tardia ou ineficiente do condutor";"Saída de leito carroçável";"Sem Vítimas";"Plena Noite";"Decrescente";"Céu Claro";"Simples";"Curva";"Sim";1;0;0;0;0;1;0;1;-26,61578618;-53,66489774;"SPRF-SC";"DEL07-SC";"UOP03-DEL07-SC"
786321;2026-07-18;"sábado";"21:00:00";"GO";80;142,5;"BARRO ALTO";"Condutor Dormindo";"Saída de leito carroçável";"Com Vítimas Feridas";"Plena Noite";"Crescente";"Céu Claro";"Simples";"Curva";"Não";1;0;1;0;0;0;1;1;-14,91442545;-48,95451933;"SPRF-GO";"DEL07-GO";"UOP02-DEL07-GO"
786323;2026-07-18;"sábado";"23:14:00";"DF";70;0,5;"BRASILIA";"Pedestre cruzava a pista fora da faixa";"Atropelamento de Pedestre";"Com Vítimas Fatais";"Plena Noite";"Crescente";"Céu Claro";"Dupla";"Reta";"Sim";2;1;0;0;1;0;0;2;-15,7934;-48,058433;"SPRF-DF";"DEL03-DF";"UOP02-DEL03-DF"
786325;2026-07-18;"sábado";"23:00:00";"GO";452;180;"ITUMBIARA";"Acumulo de areia ou detritos sobre o pavimento";"Queda de ocupante de veículo";"Com Vítimas Feridas";"Plena Noite";"Decrescente";"Céu Claro";"Dupla";"Retorno Regulamentado";"Não";2;0;2;0;0;0;2;1;-18,38841129;-49,34062958;"SPRF-GO";"DEL03-GO";"UOP02-DEL03-GO"
786326;2026-07-18;"sábado";"23:10:00";"RJ";493;0;"ITABORAI";"Transitar na contramão";"Colisão frontal";"Com Vítimas Feridas";"Plena Noite";"Crescente";"Céu Claro";"Simples";"Reta";"Não";2;0;2;0;0;0;2;2;-22,76997553;-42,92246819;"SPRF-RJ";"DEL02-RJ";"UOP02-DEL02-RJ"
786327;2026-07-19;"domingo";"00:20:00";"GO";153;507,3;"APARECIDA DE GOIANIA";"Ingestão de álcool pelo condutor";"Colisão com objeto";"Sem Vítimas";"Plena Noite";"Crescente";"Céu Claro";"Dupla";"Reta";"Sim";1;0;0;0;1;0;0;1;-16,767869;-49,239518;"SPRF-GO";"DEL01-GO";"UOP03-DEL01-GO"
786328;2026-07-18;"sábado";"23:45:00";"PR";277;718,2;"SANTA TEREZINHA DE ITAIPU";"Velocidade Incompatível";"Saída de leito carroçável";"Com Vítimas Feridas";"Plena Noite";"Crescente";"Céu Claro";"Dupla";"Reta";"Não";3;0;0;3;0;0;3;1;-25,47594776;-54,47521146;"SPRF-PR";"DEL05-PR";"UOP03-DEL05-PR"
786330;2026-07-18;"sábado";"23:10:00";"MG";251;304;"SALINAS";"Transitar na contramão";"Colisão frontal";"Com Vítimas Feridas";"Plena Noite";"Decrescente";"Nublado";"Simples";"Curva";"Não";3;0;0;2;1;0;2;2;-16,132571;-42,231481;"SPRF-MG";"DEL12-MG";"UOP02-DEL12-MG"
786331;2026-07-19;"domingo";"00:28:00";"SC";101;225,2;"PALHOCA";"Condutor Dormindo";"Capotamento";"Sem Vítimas";"Plena Noite";"Decrescente";"Céu Claro";"Múltipla";"Reta";"Não";1;0;0;0;1;0;0;1;-27,74094456;-48,63912463;"SPRF-SC";"DEL01-SC";"UOP02-DEL01-SC"
786332;2026-07-19;"domingo";"00:50:00";"MS";163;539,9;"BANDEIRANTES";"Reação tardia ou ineficiente do condutor";"Saída de leito carroçável";"Com Vítimas Feridas";"Plena Noite";"Decrescente";"Céu Claro";"Simples";"Reta;Em Obras;Desvio Temporário";"Não";1;0;0;1;0;0;1;1;-19,9898505;-54,390334;"SPRF-MS";"DEL01-MS";"UOP02-DEL01-MS"
786333;2026-07-19;"domingo";"01:50:00";"SC";101;107;"PENHA";"Velocidade Incompatível";"Saída de leito carroçável";"Sem Vítimas";"Plena Noite";"Crescente";"Nevoeiro/Neblina";"Múltipla";"Curva";"Não";1;0;0;0;0;1;0;1;-26,81864976;-48,68363254;"SPRF-SC";"DEL03-SC";"UOP02-DEL03-SC"
786334;2026-07-19;"domingo";"01:41:00";"PR";116;10,6;"COLOMBO";"Condutor deixou de manter distância do veículo da frente";"Colisão traseira";"Com Vítimas Feridas";"Plena Noite";"Crescente";"Céu Claro";"Dupla";"Aclive;Reta";"Sim";4;0;1;0;3;0;1;2;-25,37182;-49,133815;"SPRF-PR";"DEL01-PR";"UOP02-DEL01-PR"
786335;2026-07-19;"domingo";"01:15:00";"SC";282;396;"JOACABA";"Ingestão de álcool pelo condutor";"Colisão frontal";"Com Vítimas Feridas";"Plena Noite";"Decrescente";"Céu Claro";"Simples";"Curva;Aclive";"Não";6;0;1;0;5;0;1;2;-27,155464;-51,601573;"SPRF-SC";"DEL07-SC";"UOP05-DEL07-SC"
786336;2026-07-18;"sábado";"23:30:00";"SP";381;87;"SAO PAULO";"Condutor deixou de manter distância do veículo da frente";"Colisão traseira";"Sem Vítimas";"Plena Noite";"Crescente";"Céu Claro";"Múltipla";"Curva";"Sim";6;0;0;0;5;1;0;3;-23,472562;-46,562934;"SPRF-SP";"DEL03-SP";"UOP01-DEL03-SP"
786337;2026-07-19;"domingo";"02:00:00";"PA";155;334;"MARABA";"Ingestão de álcool pelo condutor";"Colisão lateral sentido oposto";"Com Vítimas Feridas";"Plena Noite";"Crescente";"Céu Claro";"Simples";"Reta";"Sim";3;0;1;0;2;0;1;2;-5,453166;-49,075882;"SPRF-PA";"DEL03-PA";"UOP01-DEL03-PA"
786338;2026-07-19;"domingo";"01:00:00";"SC";282;413;"CATANDUVAS";"Ingestão de álcool pelo condutor";"Colisão frontal";"Com Vítimas Feridas";"Plena Noite";"Crescente";"Céu Claro";"Simples";"Reta";"Não";2;0;2;0;0;0;2;2;-27,03915924;-51,71167983;"SPRF-SC";"DEL07-SC";"UOP05-DEL07-SC"
786339;2026-07-19;"domingo";"02:50:00";"PR";277;602,5;"CASCAVEL";"Condutor Dormindo";"Saída de leito carroçável";"Sem Vítimas";"Plena Noite";"Crescente";"Vento";"Dupla";"Reta";"Não";1;0;0;0;0;1;0;1;-25,01334348;-53,53708586;"SPRF-PR";"DEL04-PR";"UOP01-DEL04-PR"
786340;2026-07-19;"domingo";"03:50:00";"MG";381;498;"BETIM";"Pedestre andava na pista";"Atropelamento de Pedestre";"Com Vítimas Feridas";"Plena Noite";"Crescente";"Céu Claro";"Múltipla";"Curva;Aclive";"Não";2;0;2;0;0;0;2;2;-19,99936667;-44,21073167;"SPRF-MG";"DEL01-MG";"UOP03-DEL01-MG"
786341;2026-07-19;"domingo";"03:10:00";"RS";116;252;"SAPUCAIA DO SUL";"Reação tardia ou ineficiente do condutor";"Colisão traseira";"Com Vítimas Feridas";"Plena Noite";"Decrescente";"Céu Claro";"Múltipla";"Reta";"Sim";4;0;1;2;0;1;3;2;-29,82565924;-51,17209369;"SPRF-RS";"DEL01-RS";"UOP02-DEL01-RS"
786342;2026-07-19;"domingo";"04:00:00";"GO";153;439;"ANAPOLIS";"Velocidade Incompatível";"Colisão traseira";"Com Vítimas Feridas";"Plena Noite";"Decrescente";"Ignorado";"Dupla";"Reta;Viaduto";"Sim";2;0;0;1;1;0;1;2;-16,32693;-48,92214;"SPRF-GO";"DEL02-GO";"UOP01-DEL02-GO"
786343;2026-07-19;"domingo";"03:33:00";"PA";316;58;"CASTANHAL";"Pedestre andava na pista";"Atropelamento de Pedestre";"Com Vítimas Feridas";"Plena Noite";"Decrescente";"Céu Claro";"Dupla";"Reta;Retorno Regulamentado";"Sim";2;0;0;1;0;1;1;2;-1,299635;-47,972652;"SPRF-PA";"DEL01-PA";"UOP01-DEL01-PA"
786344;2026-07-19;"domingo";"04:00:00";"PR";277;6;"PARANAGUA";"Ingestão de álcool pelo condutor";"Saída de leito carroçável";"Sem Vítimas";"Plena Noite";"Crescente";"Céu Claro";"Dupla";"Reta";"Não";1;0;0;0;1;0;0;1;-25,56035;-48,581242;"SPRF-PR";"DEL01-PR";"UOP05-DEL01-PR"
786345;2026-07-19;"domingo";"03:16:00";"RN";304;295,8;"MACAIBA";"Ausência de sinalização";"Colisão com objeto";"Sem Vítimas";"Plena Noite";"Crescente";"Céu Claro";"Simples";"Interseção de Vias;Reta";"Sim";1;0;0;0;0;1;0;1;-5,865212;-35,352502;"SPRF-RN";"DEL01-RN";"UOP02-DEL01-RN"
786346;2026-07-19;"domingo";"03:35:00";"RO";364;259,4;"CACOAL";"Afundamento ou ondulação no pavimento";"Colisão com objeto";"Com Vítimas Feridas";"Plena Noite";"Crescente";"Céu Claro";"Simples";"Reta";"Não";1;0;0;1;0;0;1;1;-11,420742;-61,64122;"SPRF-RO";"DEL02-RO";"UOP02-DEL02-RO"
786347;2026-07-19;"domingo";"04:20:00";"AP";210;0;"MACAPA";"Acessar a via sem observar a presença dos outros veículos";"Colisão transversal";"Sem Vítimas";"Amanhecer";"Decrescente";"Chuva";"Simples";"Reta";"Sim";2;0;0;0;2;0;0;2;0,077278;-51,06681;"SPRF-AP";"DEL01-AP";"UOP01-DEL01-AP"
786348;2026-07-19;"domingo";"02:40:00";"PB";101;97,7;"CONDE";"Reação tardia ou ineficiente do condutor";"Tombamento";"Com Vítimas Feridas";"Plena Noite";"Crescente";"Céu Claro";"Dupla";"Reta";"Sim";2;0;2;0;0;0;2;1;-7,24431589;-34,93008295;"SPRF-PB";"DEL01-PB";"UOP01-DEL01-PB"
786349;2026-07-19;"domingo";"04:17:00";"RO";364;710;"PORTO VELHO";"Ausência de reação do condutor";"Colisão com objeto";"Com Vítimas Feridas";"Plena Noite";"Crescente";"Céu Claro";"Dupla";"Reta";"Sim";2;0;2;0;0;0;2;1;-8,80131575;-63,82991123;"SPRF-RO";"DEL01-RO";"UOP01-DEL01-RO"
786350;2026-07-19;"domingo";"05:09:00";"SP";116;211;"GUARULHOS";"Velocidade Incompatível";"Colisão traseira";"Com Vítimas Feridas";"Plena Noite";"Decrescente";"Vento";"Múltipla";"Reta;Aclive";"Sim";2;0;2;0;0;0;2;2;-23,43453489;-46,42424226;"SPRF-SP";"DEL01-SP";"UOP01-DEL01-SP"
786351;2026-07-19;"domingo";"05:00:00";"PE";101;49;"ABREU E LIMA";"Condutor deixou de manter distância do veículo da frente";"Colisão traseira";"Sem Vítimas";"Pleno dia";"Crescente";"Céu Claro";"Dupla";"Reta";"Sim";3;0;0;0;2;1;0;3;-7,904725;-34,9022;"SPRF-PE";"DEL01-PE";"UOP02-DEL01-PE"
786352;2026-07-19;"domingo";"05:30:00";"PI";316;284;"DOM EXPEDITO LOPES";"Ausência de reação do condutor";"Colisão traseira";"Com Vítimas Feridas";"Amanhecer";"Crescente";"Céu Claro";"Simples";"Reta";"Não";2;0;1;0;0;1;1;2;-6,97322;-41,67011;"SPRF-PI";"DEL04-PI";"UOP01-DEL04-PI"
786353;2026-07-19;"domingo";"04:57:00";"SC";101;159,6;"PORTO BELO";"Ingestão de álcool pelo condutor";"Colisão traseira";"Com Vítimas Feridas";"Plena Noite";"Crescente";"Nublado";"Dupla";"Reta";"Sim";2;0;0;1;1;0;1;2;-27,20551;-48,6183;"SPRF-SC";"DEL04-SC";"UOP03-DEL04-SC"
786354;2026-07-19;"domingo";"05:00:00";"PR";277;540,9;"IBEMA";"Ingestão de álcool pelo condutor";"Colisão lateral sentido oposto";"Sem Vítimas";"Plena Noite";"Crescente";"Céu Claro";"Simples";"Reta";"Não";2;0;0;0;1;1;0;2;-25,1063;-53,0278;"SPRF-PR";"DEL04-PR";"UOP04-DEL04-PR"
786356;2026-07-19;"domingo";"05:48:00";"SE";101;102;"SAO CRISTOVAO";"Acumulo de água sobre o pavimento";"Saída de leito carroçável";"Sem Vítimas";"Anoitecer";"Crescente";"Nublado";"Dupla";"Curva;Declive";"Não";1;0;0;0;0;1;0;1;-10,946688;-37,206971;"SPRF-SE";"DEL02-SE";"UOP01-DEL02-SE"
786357;2026-07-19;"domingo";"05:30:00";"RJ";101;71,1;"CAMPOS DOS GOYTACAZES";"Conversão proibida";"Colisão transversal";"Com Vítimas Feridas";"Plena Noite";"Crescente";"Céu Claro";"Simples";"Reta;Interseção de Vias";"Sim";4;0;0;1;2;1;1;2;-21,786667;-41,382986;"SPRF-RJ";"DEL08-RJ";"UOP02-DEL08-RJ"
786358;2026-07-18;"sábado";"20:20:00";"SC";101;97,5;"BALNEARIO PICARRAS";"Ingestão de álcool pelo condutor";"Colisão com objeto";"Sem Vítimas";"Plena Noite";"Decrescente";"Céu Claro";"Dupla";"Reta";"Não";1;0;0;0;0;1;0;1;-26,7369;-48,6991;"SPRF-SC";"DEL03-SC";"UOP02-DEL03-SC"
786359;2026-07-19;"domingo";"06:15:00";"GO";40;2,7;"VALPARAISO DE GOIAS";"Condutor usando celular";"Atropelamento de Pedestre";"Com Vítimas Feridas";"Pleno dia";"Crescente";"Céu Claro";"Dupla";"Reta";"Sim";2;0;0;1;0;1;1;2;-16,07557;-47,98566;"SPRF-DF";"DEL01-DF";"UOP01-DEL01-DF"
786362;2026-07-19;"domingo";"06:30:00";"RS";158;216;"CRUZ ALTA";"Ausência de reação do condutor";"Saída de leito carroçável";"Sem Vítimas";"Plena Noite";"Crescente";"Nublado";"Simples";"Reta";"Não";1;0;0;0;0;1;0;1;-28,82718688;-53,6130137;"SPRF-RS";"DEL10-RS";"UOP02-DEL10-RS"
786363;2026-07-19;"domingo";"06:30:00";"RS";471;662,5;"SANTA VITORIA DO PALMAR";"Chuva";"Saída de leito carroçável";"Com Vítimas Feridas";"Plena Noite";"Decrescente";"Chuva";"Simples";"Reta";"Sim";3;0;2;0;0;1;2;2;-33,5522129;-53,36467727;"SPRF-RS";"DEL07-RS";"UOP04-DEL07-RS"
786364;2026-07-19;"domingo";"07:00:00";"RS";285;570;"SAO LUIZ GONZAGA";"Acessar a via sem observar a presença dos outros veículos";"Colisão transversal";"Com Vítimas Feridas";"Plena Noite";"Crescente";"Nublado";"Simples";"Interseção de Vias";"Sim";2;0;1;0;1;0;1;2;-28,41469172;-54,97489929;"SPRF-RS";"DEL12-RS";"UOP01-DEL12-RS"
786365;2026-07-19;"domingo";"07:15:00";"DF";20;13;"BRASILIA";"Acessar a via sem observar a presença dos outros veículos";"Colisão traseira";"Com Vítimas Feridas";"Pleno dia";"Crescente";"Céu Claro";"Múltipla";"Reta";"Sim";3;0;2;0;1;0;2;2;-15,63640659;-47,74462938;"SPRF-DF";"DEL02-DF";"UOP01-DEL02-DF"
786366;2026-07-19;"domingo";"08:20:00";"SP";116;138,6;"SAO JOSE DOS CAMPOS";"Condutor deixou de manter distância do veículo da frente";"Colisão traseira";"Com Vítimas Feridas";"Pleno dia";"Decrescente";"Céu Claro";"Dupla";"Reta";"Sim";3;0;1;0;2;0;1;2;-23,15834097;-45,797616;"SPRF-SP";"DEL02-SP";"UOP01-DEL02-SP"
786368;2026-07-19;"domingo";"07:20:00";"SP";101;51;"UBATUBA";"Velocidade Incompatível";"Colisão traseira";"Com Vítimas Feridas";"Pleno dia";"Decrescente";"Céu Claro";"Simples";"Reta";"Sim";4;0;1;0;3;0;1;2;-23,4552252;-45,0720455;"SPRF-SP";"DEL06-SP";"UOP01-DEL06-SP"
786369;2026-07-19;"domingo";"06:30:00";"RO";364;518;"ARIQUEMES";"Pedestre andava na pista";"Atropelamento de Pedestre";"Com Vítimas Feridas";"Pleno dia";"Decrescente";"Céu Claro";"Simples";"Reta;Declive";"Sim";3;0;1;0;2;0;1;2;-9,896937;-63,056352;"SPRF-RO";"DEL03-RO";"UOP01-DEL03-RO"
786370;2026-07-19;"domingo";"07:50:00";"PR";467;109,6;"CASCAVEL";"Ingestão de álcool pelo condutor";"Saída de leito carroçável";"Sem Vítimas";"Amanhecer";"Crescente";"Nublado";"Dupla";"Reta";"Não";1;0;0;0;1;0;0;1;-24,92382529;-53,46768588;"SPRF-PR";"DEL04-PR";"UOP01-DEL04-PR"
786371;2026-07-19;"domingo";"05:30:00";"MT";163;930;"ITAUBA";"Retorno proibido";"Saída de leito carroçável";"Sem Vítimas";"Amanhecer";"Crescente";"Céu Claro";"Simples";"Reta";"Não";1;0;0;0;1;0;0;1;-11,05537217;-55,27235833;"SPRF-MT";"DEL06-MT";"UOP02-DEL06-MT"