"id";"data_inversa";"dia_semana";"horario";"uf";"br";"km";"municipio";"causa_acidente";"tipo_acidente";"classificacao_acidente";"fase_dia";"sentido_via";"condicao_metereologica";"tipo_pista";"tracado_via";"uso_solo";"pessoas";"mortos";"feridos_leves";"feridos_graves";"ilesos";"ignorados";"feridos";"veiculos";"latitude";"longitude";"regional";"delegacia";"uop"
786376;2026-07-19;"domingo";"07:10:00";"MS";163;364,9;"NOVA ALVORADA DO SUL";"Condutor deixou de manter distância do veículo da frente";"Colisão traseira";"Sem Vítimas";"Pleno dia";"Decrescente";"Céu Claro";"Simples";"Reta";"Sim";3;0;0;0;3;0;0;2;-21,46459;-54,3831;"SPRF-MS";"DEL02-MS";"UOP01-DEL02-MS"
786377;2026-05-30;"sábado";"10:50:00";"SE";101;85;"NOSSA SENHORA DO SOCORRO";"Manobra de mudança de faixa";"Colisão lateral mesmo sentido";"Com Vítimas Feridas";"Pleno dia";"Decrescente";"Céu Claro";"Dupla";"Reta";"Não";3;0;1;1;1;0;2;2;-10,841887;-37,137053;"SPRF-SE";"DEL01-SE";"UOP01-DEL01-SE"
786378;2026-07-19;"domingo";"07:00:00";"RO";364;343;"JI-PARANA";"Acesso irregular";"Colisão lateral mesmo sentido";"Sem Vítimas";"Pleno dia";"Decrescente";"Céu Claro";"Dupla";"Interseção de Vias;Reta";"Sim";2;0;0;0;2;0;0;2;-10,87775852;-61,94693267;"SPRF-RO";"DEL02-RO";"UOP01-DEL02-RO"
786381;2026-07-19;"domingo";"08:00:00";"PR";376;666;"GUARATUBA";"Reação tardia ou ineficiente do condutor";"Saída de leito carroçável";"Sem Vítimas";"Pleno dia";"Crescente";"Céu Claro";"Dupla";"Curva;Declive";"Não";1;0;0;0;1;0;0;1;-25,8550849;-48,95976573;"SPRF-PR";"DEL01-PR";"UOP04-DEL01-PR"
786382;2026-07-19;"domingo";"06:30:00";"MG";381;273;"JAGUARACU";"Reação tardia ou ineficiente do condutor";"Saída de leito carroçável";"Com Vítimas Feridas";"Pleno dia";"Decrescente";"Céu Claro";"Simples";"Reta";"Não";1;0;1;0;0;0;1;1;-19,57750504;-42,67080481;"SPRF-MG";"DEL03-MG";"UOP02-DEL03-MG"
786384;2026-07-19;"domingo";"08:40:00";"DF";251;53;"BRASILIA";"Ausência de reação do condutor";"Saída de leito carroçável";"Com Vítimas Fatais";"Pleno dia";"Crescente";"Céu Claro";"Simples";"Reta";"Não";2;1;1;0;0;0;1;1;-15,981753;-47,926136;"SPRF-DF";"DEL01-DF";"UOP01-DEL01-DF"
786385;2026-07-19;"domingo";"09:00:00";"RS";290;92;"PORTO ALEGRE";"Velocidade Incompatível";"Tombamento";"Com Vítimas Feridas";"Pleno dia";"Decrescente";"Nublado";"Múltipla";"Curva;Viaduto";"Sim";1;0;1;0;0;0;1;1;-29,96938549;-51,17671464;"SPRF-RS";"DEL01-RS";"UOP01-DEL01-RS"
786386;2026-07-19;"domingo";"03:15:00";"RJ";116;143;"DUQUE DE CAXIAS";"Ausência de reação do condutor";"Colisão traseira";"Sem Vítimas";"Plena Noite";"Crescente";"Céu Claro";"Dupla";"Reta";"Sim";2;0;0;0;1;1;0;2;-22,65237;-43,23918;"SPRF-RJ";"DEL01-RJ";"UOP02-DEL01-RJ"
786387;2026-07-19;"domingo";"09:20:00";"SP";116;109;"TAUBATE";"Ausência de reação do condutor";"Engavetamento";"Com Vítimas Feridas";"Pleno dia";"Decrescente";"Céu Claro";"Dupla";"Reta";"Sim";5;0;1;0;3;1;1;3;-23,02341161;-45,53786791;"SPRF-SP";"DEL02-SP";"UOP02-DEL02-SP"
786388;2026-07-19;"domingo";"07:15:00";"MG";381;400;"BOM JESUS DO AMPARO";"Reação tardia ou ineficiente do condutor";"Colisão com objeto";"Com Vítimas Feridas";"Pleno dia";"Decrescente";"Céu Claro";"Dupla";"Reta";"Não";2;0;0;1;1;0;1;1;-19,7534254;-43,5298962;"SPRF-MG";"DEL01-MG";"UOP01-DEL01-MG"
786390;2026-07-19;"domingo";"06:30:00";"BA";101;669;"ITAPEBI";"Reação tardia ou ineficiente do condutor";"Saída de leito carroçável";"Com Vítimas Feridas";"Amanhecer";"Decrescente";"Chuva";"Simples";"Curva";"Não";4;0;2;2;0;0;4;1;-16,001143;-39,584688;"SPRF-BA";"DEL09-BA";"UOP03-DEL09-BA"
786391;2026-07-19;"domingo";"06:08:00";"MG";40;155,1;"JOAO PINHEIRO";"Condutor Dormindo";"Saída de leito carroçável";"Com Vítimas Feridas";"Amanhecer";"Decrescente";"Ignorado";"Simples";"Reta";"Não";1;0;1;0;0;0;1;1;-17,836005;-46,13112167;"SPRF-MG";"DEL14-MG";"UOP02-DEL14-MG"
786392;2026-07-19;"domingo";"09:00:00";"SE";101;73;"MARUIM";"Avarias e/ou desgaste excessivo no pneu";"Capotamento";"Sem Vítimas";"Pleno dia";"Decrescente";"Chuva";"Dupla";"Reta;Aclive";"Não";1;0;0;0;1;0;0;1;-10,754227;-37,1033636;"SPRF-SE";"DEL01-SE";"UOP01-DEL01-SE"
786393;2026-07-19;"domingo";"09:00:00";"MG";40;795,2;"JUIZ DE FORA";"Reação tardia ou ineficiente do condutor";"Colisão com objeto";"Com Vítimas Feridas";"Pleno dia";"Crescente";"Nublado";"Dupla";"Curva";"Não";1;0;1;0;0;0;1;1;-21,7866003;-43,41384888;"SPRF-MG";"DEL05-MG";"UOP01-DEL05-MG"
786394;2026-07-19;"domingo";"09:50:00";"SC";280;18,6;"BALNEARIO BARRA DO SUL";"Ultrapassagem Indevida";"Colisão lateral mesmo sentido";"Com Vítimas Feridas";"Pleno dia";"Decrescente";"Céu Claro";"Simples";"Reta";"Não";3;0;0;1;1;1;1;3;-26,368283;-48,668515;"SPRF-SC";"DEL03-SC";"UOP03-DEL03-SC"
786395;2026-07-19;"domingo";"10:00:00";"SC";101;127,8;"CAMBORIU";"Trafegar com motocicleta (ou similar) entre as faixas";"Tombamento";"Com Vítimas Feridas";"Pleno dia";"Decrescente";"Céu Claro";"Dupla";"Reta";"Não";2;0;2;0;0;0;2;1;-26,97223523;-48,68333817;"SPRF-SC";"DEL04-SC";"UOP04-DEL04-SC"
786396;2026-07-19;"domingo";"10:00:00";"SC";282;97;"ALFREDO WAGNER";"Ausência de reação do condutor";"Queda de ocupante de veículo";"Com Vítimas Feridas";"Pleno dia";"Decrescente";"Céu Claro";"Simples";"Curva";"Não";2;0;2;0;0;0;2;1;-27,708435;-49,270742;"SPRF-SC";"DEL01-SC";"UOP03-DEL01-SC"
786397;2026-06-14;"domingo";"07:49:00";"RJ";116;184;"NOVA IGUACU";"Demais falhas mecânicas ou elétricas";"Queda de ocupante de veículo";"Com Vítimas Feridas";"Pleno dia";"Crescente";"Céu Claro";"Dupla";"Reta";"Sim";1;0;1;0;0;0;1;1;-22,74692406;-43,44521496;"SPRF-RJ";"DEL06-RJ";"UOP01-DEL06-RJ"
786400;2026-01-10;"sábado";"15:25:00";"PA";316;32;"SANTA IZABEL DO PARA";"Velocidade Incompatível";"Saída de leito carroçável";"Com Vítimas Feridas";"Pleno dia";"Decrescente";"Chuva";"Dupla";"Curva";"Não";4;0;3;0;1;0;3;1;-1,298553;-48,190554;"SPRF-PA";"DEL01-PA";"UOP01-DEL01-PA"
786401;2026-07-19;"domingo";"08:10:00";"MT";364;278;"JACIARA";"Ingestão de álcool pelo condutor";"Colisão traseira";"Sem Vítimas";"Pleno dia";"Decrescente";"Céu Claro";"Dupla";"Curva;Declive";"Não";2;0;0;0;2;0;0;2;-15,9414;-55,0175;"SPRF-MT";"DEL05-MT";"UOP02-DEL05-MT"
786402;2026-07-19;"domingo";"10:41:00";"PE";101;23;"GOIANA";"Reação tardia ou ineficiente do condutor";"Saída de leito carroçável";"Com Vítimas Feridas";"Pleno dia";"Decrescente";"Céu Claro";"Dupla";"Curva;Aclive";"Não";1;0;1;0;0;0;1;1;-7,68836072;-34,92226331;"SPRF-PE";"DEL01-PE";"UOP02-DEL01-PE"
786403;2026-07-19;"domingo";"07:40:00";"AM";174;899;"MANAUS";"Ultrapassagem Indevida";"Colisão lateral mesmo sentido";"Com Vítimas Fatais";"Pleno dia";"Crescente";"Céu Claro";"Simples";"Reta";"Não";5;2;0;0;2;1;0;3;-2,848525;-60,033852;"SPRF-AM";"DEL01-AM";"UOP01-DEL01-AM"
786406;2026-07-19;"domingo";"08:30:00";"RO";364;16;"VILHENA";"Reação tardia ou ineficiente do condutor";"Colisão com objeto";"Com Vítimas Feridas";"Pleno dia";"Crescente";"Céu Claro";"Simples";"Reta";"Sim";1;0;0;1;0;0;1;1;-12,73295051;-60,16072422;"SPRF-RO";"DEL04-RO";"UOP01-DEL04-RO"
786407;2026-07-19;"domingo";"10:16:00";"PA";316;68;"CASTANHAL";"Transitar na contramão";"Colisão frontal";"Com Vítimas Feridas";"Pleno dia";"Crescente";"Céu Claro";"Simples";"Reta;Interseção de Vias";"Não";3;0;0;1;1;1;1;2;-1,293587;-47,87752;"SPRF-PA";"DEL01-PA";"UOP01-DEL01-PA"
786408;2026-07-19;"domingo";"10:45:00";"ES";262;169,7;"IBATIBA";"Velocidade Incompatível";"Colisão transversal";"Com Vítimas Feridas";"Pleno dia";"Decrescente";"Chuva";"Simples";"Reta";"Não";3;0;1;0;2;0;1;2;-20,26529637;-41,57890729;"SPRF-ES";"DEL01-ES";"UOP02-DEL01-ES"
786409;2026-07-19;"domingo";"12:00:00";"MG";381;435;"SABARA";"Desrespeitar a preferência no cruzamento";"Colisão transversal";"Com Vítimas Feridas";"Pleno dia";"Decrescente";"Céu Claro";"Simples";"Reta";"Não";3;0;1;0;2;0;1;2;-19,80957738;-43,77251085;"SPRF-MG";"DEL01-MG";"UOP01-DEL01-MG"
786410;2026-07-19;"domingo";"11:30:00";"SP";116;166;"JACAREI";"Ausência de reação do condutor";"Engavetamento";"Com Vítimas Feridas";"Pleno dia";"Crescente";"Céu Claro";"Dupla";"Reta";"Sim";4;0;2;0;2;0;2;3;-23,298659;-46,0114068;"SPRF-SP";"DEL02-SP";"UOP01-DEL02-SP"
786412;2026-07-19;"domingo";"06:00:00";"MA";135;156,7;"MATOES DO NORTE";"Ingestão de álcool pelo condutor";"Colisão lateral sentido oposto";"Com Vítimas Feridas";"Pleno dia";"Decrescente";"Céu Claro";"Simples";"Reta";"Não";2;0;1;0;1;0;1;2;-3,81644321;-44,51581702;"SPRF-MA";"DEL03-MA";"UOP01-DEL03-MA"
786414;2026-07-19;"domingo";"08:15:00";"MA";230;568,9;"CAROLINA";"Ausência de reação do condutor";"Saída de leito carroçável";"Com Vítimas Fatais";"Pleno dia";"Crescente";"Céu Claro";"Simples";"Reta";"Não";3;1;0;2;0;0;2;1;-7,353317;-47,427575;"SPRF-MA";"DEL05-MA";"UOP01-DEL05-MA"
786415;2026-07-19;"domingo";"12:45:00";"ES";101;101;"JAGUARE";"Condutor deixou de manter distância do veículo da frente";"Colisão traseira";"Com Vítimas Feridas";"Pleno dia";"Decrescente";"Céu Claro";"Simples";"Reta";"Não";2;0;1;0;1;0;1;2;-18,99120941;-40,00061687;"SPRF-ES";"DEL04-ES";"UOP02-DEL04-ES"
786416;2026-07-19;"domingo";"08:30:00";"SP";101;1,5;"UBATUBA";"Reação tardia ou ineficiente do condutor";"Colisão traseira";"Com Vítimas Feridas";"Pleno dia";"Crescente";"Céu Claro";"Simples";"Declive;Reta";"Não";3;0;1;0;2;0;1;3;-23,35568388;-44,76910399;"SPRF-SP";"DEL06-SP";"UOP01-DEL06-SP"
786417;2026-07-19;"domingo";"13:00:00";"PB";101;107;"ALHANDRA";"Ausência de reação do condutor";"Colisão com objeto";"Com Vítimas Feridas";"Pleno dia";"Decrescente";"Céu Claro";"Simples";"Reta";"Não";2;0;1;0;0;1;1;1;-7,33536399;-34,94720634;"SPRF-PB";"DEL01-PB";"UOP01-DEL01-PB"
786418;2026-07-19;"domingo";"12:45:00";"SE";235;52;"ITABAIANA";"Ingestão de álcool pelo condutor";"Colisão frontal";"Sem Vítimas";"Pleno dia";"Crescente";"Nublado";"Simples";"Reta";"Sim";2;0;0;0;1;1;0;2;-10,69302;-37,43748;"SPRF-SE";"DEL01-SE";"UOP02-DEL01-SE"
786419;2026-07-19;"domingo";"12:32:00";"RN";101;94,6;"NATAL";"Demais falhas mecânicas ou elétricas";"Queda de ocupante de veículo";"Com Vítimas Feridas";"Pleno dia";"Crescente";"Céu Claro";"Dupla";"Reta";"Sim";2;0;2;0;0;0;2;1;-5,83629887;-35,21187046;"SPRF-RN";"DEL01-RN";"UOP01-DEL01-RN"
786420;2026-07-19;"domingo";"10:20:00";"MG";381;238,3;"SANTANA DO PARAISO";"Avarias e/ou desgaste excessivo no pneu";"Tombamento";"Com Vítimas Feridas";"Pleno dia";"Decrescente";"Sol";"Simples";"Reta;Aclive";"Não";2;0;2;0;0;0;2;1;-19,419892;-42,494025;"SPRF-MG";"DEL06-MG";"UOP01-DEL06-MG"
786421;2026-07-19;"domingo";"13:23:00";"SP";116;322;"JUQUITIBA";"Reação tardia ou ineficiente do condutor";"Colisão traseira";"Com Vítimas Feridas";"Pleno dia";"Decrescente";"Céu Claro";"Dupla";"Reta";"Não";7;0;1;0;6;0;1;2;-23,93451978;-47,0167372;"SPRF-SP";"DEL04-SP";"UOP03-DEL04-SP"
786422;2026-07-19;"domingo";"13:00:00";"MG";40;551,3;"NOVA LIMA";"Condutor deixou de manter distância do veículo da frente";"Colisão traseira";"Sem Vítimas";"Pleno dia";"Decrescente";"Céu Claro";"Dupla";"Aclive;Reta";"Sim";2;0;0;0;2;0;0;2;-20,0589799;-43,97616327;"SPRF-MG";"DEL01-MG";"UOP02-DEL01-MG"
786423;2026-07-19;"domingo";"13:30:00";"MG";40;732,3;"OLIVEIRA FORTES";"Reação tardia ou ineficiente do condutor";"Queda de ocupante de veículo";"Com Vítimas Feridas";"Pleno dia";"Decrescente";"Sol";"Dupla";"Curva";"Não";1;0;1;0;0;0;1;1;-21,34471261;-43,58326642;"SPRF-MG";"DEL05-MG";"UOP01-DEL05-MG"
786426;2026-07-19;"domingo";"12:30:00";"SC";470;0;"NAVEGANTES";"Desrespeitar a preferência no cruzamento";"Colisão transversal";"Com Vítimas Feridas";"Pleno dia";"Decrescente";"Nublado";"Múltipla";"Interseção de Vias";"Não";3;0;0;1;2;0;1;3;-26,8822393;-48,66185904;"SPRF-SC";"DEL04-SC";"UOP04-DEL04-SC"
786427;2026-07-19;"domingo";"13:50:00";"PR";376;238;"APUCARANA";"Acessar a via sem observar a presença dos outros veículos";"Colisão transversal";"Com Vítimas Feridas";"Pleno dia";"Decrescente";"Céu Claro";"Dupla";"Reta;Aclive";"Não";5;0;1;0;4;0;1;2;-23,5850798;-51,4700675;"SPRF-PR";"DEL07-PR";"UOP03-DEL07-PR"
786429;2026-07-19;"domingo";"13:20:00";"PR";153;11;"JACAREZINHO";"Ausência de reação do condutor";"Tombamento";"Com Vítimas Feridas";"Pleno dia";"Crescente";"Céu Claro";"Simples";"Reta;Declive";"Não";2;0;2;0;0;0;2;1;-23,085673;-49,937036;"SPRF-PR";"DEL07-PR";"UOP04-DEL07-PR"
786431;2026-07-19;"domingo";"14:10:00";"PR";163;235,5;"TOLEDO";"Condutor deixou de manter distância do veículo da frente";"Colisão traseira";"Com Vítimas Feridas";"Pleno dia";"Crescente";"Céu Claro";"Dupla";"Reta;Aclive";"Não";2;0;1;0;1;0;1;2;-24,76587634;-53,68928344;"SPRF-PR";"DEL04-PR";"UOP01-DEL04-PR"
786433;2026-07-19;"domingo";"13:20:00";"RJ";101;424;"MANGARATIBA";"Retorno proibido";"Colisão transversal";"Com Vítimas Feridas";"Pleno dia";"Crescente";"Sol";"Simples";"Curva";"Não";3;0;2;0;1;0;2;2;-22,923946;-43,958782;"SPRF-RJ";"DEL03-RJ";"UOP02-DEL03-RJ"
786435;2026-07-19;"domingo";"09:13:00";"MG";354;766,7;"ITAMONTE";"Velocidade Incompatível";"Saída de leito carroçável";"Com Vítimas Feridas";"Pleno dia";"Crescente";"Céu Claro";"Simples";"Curva;Aclive";"Não";1;0;1;0;0;0;1;1;-22,34982277;-44,8066771;"SPRF-MG";"DEL17-MG";"UOP01-DEL17-MG"
786436;2026-06-22;"segunda-feira";"16:30:00";"GO";153;576,2;"PROFESSOR JAMIL";"Condutor usando celular";"Saída de leito carroçável";"Com Vítimas Feridas";"Pleno dia";"Crescente";"Céu Claro";"Dupla";"Declive;Reta";"Não";2;0;2;0;0;0;2;1;-17,350013;-49,2482;"SPRF-GO";"DEL03-GO";"UOP01-DEL03-GO"
786437;2026-07-19;"domingo";"14:15:00";"GO";40;7;"VALPARAISO DE GOIAS";"Reação tardia ou ineficiente do condutor";"Colisão traseira";"Com Vítimas Feridas";"Pleno dia";"Decrescente";"Céu Claro";"Dupla";"Reta";"Sim";2;0;1;0;1;0;1;2;-16,10132792;-47,9773736;"SPRF-DF";"DEL01-DF";"UOP01-DEL01-DF"
786438;2026-07-19;"domingo";"13:50:00";"MG";50;190;"UBERABA";"Ausência de reação do condutor";"Saída de leito carroçável";"Com Vítimas Feridas";"Pleno dia";"Decrescente";"Céu Claro";"Dupla";"Aclive";"Não";1;0;0;1;0;0;1;1;-19,858668;-47,867877;"SPRF-MG";"DEL13-MG";"UOP01-DEL13-MG"
786439;2026-07-19;"domingo";"14:30:00";"DF";20;25;"BRASILIA";"Ausência de reação do condutor";"Saída de leito carroçável";"Com Vítimas Feridas";"Pleno dia";"Decrescente";"Céu Claro";"Dupla";"Reta";"Não";1;0;1;0;0;0;1;1;-15,595372;-47,649868;"SPRF-DF";"DEL02-DF";"UOP01-DEL02-DF"
786441;2026-07-19;"domingo";"11:00:00";"RJ";116;256,6;"PIRAI";"Reação tardia ou ineficiente do condutor";"Colisão traseira";"Com Vítimas Feridas";"Pleno dia";"Crescente";"Céu Claro";"Dupla";"Reta;Declive";"Não";13;0;9;0;4;0;9;4;-22,57698241;-43,98333549;"SPRF-RJ";"DEL07-RJ";"UOP01-DEL07-RJ"
786443;2026-07-19;"domingo";"15:25:00";"SC";101;216,5;"PALHOCA";"Reação tardia ou ineficiente do condutor";"Colisão traseira";"Com Vítimas Feridas";"Pleno dia";"Decrescente";"Céu Claro";"Dupla";"Declive";"Sim";7;0;4;0;3;0;4;3;-27,65889955;-48,67835999;"SPRF-SC";"DEL01-SC";"UOP02-DEL01-SC"
786444;2026-07-19;"domingo";"15:35:00";"SC";282;607;"MARAVILHA";"Demais falhas na via";"Colisão lateral mesmo sentido";"Com Vítimas Feridas";"Pleno dia";"Decrescente";"Céu Claro";"Simples";"Reta";"Não";3;0;2;0;1;0;2;2;-26,7662448;-53,2139594;"SPRF-SC";"DEL07-SC";"UOP02-DEL07-SC"
786445;2026-07-19;"domingo";"14:40:00";"GO";40;42;"LUZIANIA";"Condutor deixou de manter distância do veículo da frente";"Colisão traseira";"Com Vítimas Feridas";"Pleno dia";"Decrescente";"Céu Claro";"Dupla";"Reta";"Não";3;0;2;0;1;0;2;2;-16,378589;-47,829381;"SPRF-DF";"DEL01-DF";"UOP02-DEL01-DF"
786446;2026-07-19;"domingo";"15:15:00";"MG";40;670,4;"CARANDAI";"Frear bruscamente";"Colisão traseira";"Com Vítimas Feridas";"Pleno dia";"Decrescente";"Céu Claro";"Simples";"Reta;Declive;Em Obras";"Não";6;0;2;0;4;0;2;2;-20,96601082;-43,78668953;"SPRF-MG";"DEL05-MG";"UOP02-DEL05-MG"
786447;2026-07-19;"domingo";"14:00:00";"MG";365;476;"PATROCINIO";"Velocidade Incompatível";"Saída de leito carroçável";"Com Vítimas Feridas";"Pleno dia";"Crescente";"Céu Claro";"Simples";"Curva";"Não";1;0;1;0;0;0;1;1;-18,92078469;-47,02581732;"SPRF-MG";"DEL10-MG";"UOP01-DEL10-MG"
786449;2026-07-19;"domingo";"15:55:00";"PB";230;12;"CABEDELO";"Acumulo de areia ou detritos sobre o pavimento";"Tombamento";"Com Vítimas Feridas";"Pleno dia";"Decrescente";"Céu Claro";"Dupla";"Em Obras";"Sim";2;0;2;0;0;0;2;1;-7,07934214;-34,84889611;"SPRF-PB";"DEL01-PB";"UOP01-DEL01-PB"
786453;2026-07-19;"domingo";"16:00:00";"SP";381;30;"ATIBAIA";"Ausência de reação do condutor";"Engavetamento";"Com Vítimas Feridas";"Pleno dia";"Crescente";"Céu Claro";"Dupla";"Reta";"Sim";7;0;2;0;5;0;2;5;-23,04894399;-46,56488263;"SPRF-SP";"DEL03-SP";"UOP02-DEL03-SP"
786454;2026-07-19;"domingo";"15:45:00";"MG";365;478;"PATROCINIO";"Reação tardia ou ineficiente do condutor";"Saída de leito carroçável";"Com Vítimas Feridas";"Pleno dia";"Crescente";"Céu Claro";"Simples";"Reta";"Não";6;0;4;0;2;0;4;1;-18,91002;-47,043847;"SPRF-MG";"DEL10-MG";"UOP01-DEL10-MG"
786455;2026-07-19;"domingo";"15:30:00";"PE";232;69;"GRAVATA";"Avarias e/ou desgaste excessivo no pneu";"Queda de ocupante de veículo";"Com Vítimas Feridas";"Pleno dia";"Crescente";"Céu Claro";"Dupla";"Reta";"Não";2;0;2;0;0;0;2;1;-8,17593686;-35,48588276;"SPRF-PE";"DEL02-PE";"UOP02-DEL02PE"
786456;2026-07-19;"domingo";"14:30:00";"MG";381;588,2;"CARMOPOLIS DE MINAS";"Reação tardia ou ineficiente do condutor";"Colisão traseira";"Com Vítimas Feridas";"Pleno dia";"Decrescente";"Céu Claro";"Dupla";"Reta";"Não";5;0;2;0;3;0;2;2;-20,5352274;-44,6393094;"SPRF-MG";"DEL04-MG";"UOP01-DEL04-MG"
786458;2026-07-19;"domingo";"16:20:00";"PR";277;82,5;"CURITIBA";"Manobra de mudança de faixa";"Colisão lateral mesmo sentido";"Com Vítimas Feridas";"Pleno dia";"Crescente";"Céu Claro";"Dupla";"Reta;Em Obras";"Sim";2;0;0;1;1;0;1;2;-25,451225;-49,227418;"SPRF-PR";"DEL01-PR";"UOP03-DEL01-PR"
786459;2026-07-19;"domingo";"15:50:00";"MG";40;562;"NOVA LIMA";"Ausência de reação do condutor";"Colisão traseira";"Com Vítimas Feridas";"Pleno dia";"Decrescente";"Céu Claro";"Dupla";"Reta";"Não";4;0;1;1;2;0;2;2;-20,1381866;-43,9617233;"SPRF-MG";"DEL01-MG";"UOP02-DEL01-MG"
786460;2026-07-19;"domingo";"16:00:00";"ES";101;47,9;"CONCEICAO DA BARRA";"Reação tardia ou ineficiente do condutor";"Engavetamento";"Com Vítimas Feridas";"Pleno dia";"Crescente";"Céu Claro";"Simples";"Reta";"Não";5;0;2;0;3;0;2;3;-18,57123125;-39,89680231;"SPRF-ES";"DEL04-ES";"UOP02-DEL04-ES"
786463;2026-07-19;"domingo";"12:40:00";"RJ";40;89;"PETROPOLIS";"Ausência de reação do condutor";"Colisão transversal";"Com Vítimas Feridas";"Pleno dia";"Decrescente";"Céu Claro";"Simples";"Curva";"Não";4;0;1;0;3;0;1;2;-22,55474;-43,19425405;"SPRF-RJ";"DEL01-RJ";"UOP01-DEL01-RJ"
786464;2026-07-19;"domingo";"16:10:00";"TO";10;456;"PALMAS";"Reação tardia ou ineficiente do condutor";"Saída de leito carroçável";"Com Vítimas Feridas";"Pleno dia";"Decrescente";"Céu Claro";"Múltipla";"Reta";"Não";2;0;1;0;1;0;1;1;-10,2896845;-48,29765495;"SPRF-TO";"DEL01-TO";"UOP03-DEL01-TO"
786465;2026-07-19;"domingo";"14:15:00";"AC";364;129;"RIO BRANCO";"Ausência de reação do condutor";"Tombamento";"Com Vítimas Feridas";"Pleno dia";"Crescente";"Sol";"Simples";"Reta";"Não";1;0;1;0;0;0;1;1;-10,024768;-67,836516;"SPRF-AC";"DEL01-AC";"UOP01-DEL01-AC"
786466;2026-07-19;"domingo";"13:30:00";"PE";316;25,3;"ARARIPINA";"Acessar a via sem observar a presença dos outros veículos";"Colisão transversal";"Com Vítimas Feridas";"Pleno dia";"Decrescente";"Céu Claro";"Simples";"Reta";"Sim";3;0;3;0;0;0;3;2;-7,588207;-40,496627;"SPRF-PE";"DEL05-PE";"UOP02-DEL05-PE"
786467;2026-07-19;"domingo";"12:50:00";"MG";381;433;"SABARA";"Objeto estático sobre o leito carroçável";"Queda de ocupante de veículo";"Com Vítimas Feridas";"Pleno dia";"Crescente";"Sol";"Simples";"Curva;Aclive";"Não";1;0;0;1;0;0;1;1;-19,7995033;-43,76161035;"SPRF-MG";"DEL01-MG";"UOP01-DEL01-MG"
786468;2026-07-19;"domingo";"11:10:00";"RJ";40;99;"DUQUE DE CAXIAS";"Manobra de mudança de faixa";"Colisão lateral mesmo sentido";"Com Vítimas Feridas";"Pleno dia";"Crescente";"Céu Claro";"Simples";"Reta";"Sim";2;0;1;0;1;0;1;2;-22,58695;-43,2777;"SPRF-RJ";"DEL01-RJ";"UOP01-DEL01-RJ"
786469;2026-07-19;"domingo";"14:00:00";"SC";153;113;"CONCORDIA";"Ausência de reação do condutor";"Colisão traseira";"Com Vítimas Feridas";"Pleno dia";"Decrescente";"Céu Claro";"Simples";"Aclive";"Não";2;0;1;0;1;0;1;2;-27,34734954;-51,98825805;"SPRF-SC";"DEL07-SC";"UOP04-DEL07-SC"
786470;2026-07-19;"domingo";"16:30:00";"MG";262;383;"FLORESTAL";"Velocidade Incompatível";"Saída de leito carroçável";"Com Vítimas Feridas";"Pleno dia";"Crescente";"Céu Claro";"Dupla";"Curva;Aclive";"Não";1;0;1;0;0;0;1;1;-19,91460848;-44,4976422;"SPRF-MG";"DEL01-MG";"UOP03-DEL01-MG"
786471;2026-07-19;"domingo";"17:10:00";"ES";262;120,6;"CONCEICAO DO CASTELO";"Ingestão de álcool pelo condutor";"Colisão frontal";"Com Vítimas Feridas";"Anoitecer";"Crescente";"Nublado";"Simples";"Reta";"Não";4;0;0;2;1;1;2;4;-20,2957572;-41,2285461;"SPRF-ES";"DEL01-ES";"UOP02-DEL01-ES"
786472;2026-07-19;"domingo";"17:15:00";"GO";60;349;"SANTO ANTONIO DA BARRA";"Demais falhas mecânicas ou elétricas";"Tombamento";"Com Vítimas Feridas";"Pleno dia";"Crescente";"Céu Claro";"Dupla";"Reta";"Não";2;0;1;0;1;0;1;1;-17,58698;-50,7027;"SPRF-GO";"DEL04-GO";"UOP01-DEL04-GO"
786473;2026-07-19;"domingo";"11:00:00";"RJ";40;98,9;"DUQUE DE CAXIAS";"Manobra de mudança de faixa";"Colisão lateral mesmo sentido";"Com Vítimas Fatais";"Pleno dia";"Crescente";"Sol";"Simples";"Reta";"Não";3;1;0;0;0;2;0;3;-22,58572;-43,27698;"SPRF-RJ";"DEL01-RJ";"UOP01-DEL01-RJ"
786474;2026-07-19;"domingo";"17:17:00";"PA";316;80,7;"SAO FRANCISCO DO PARA";"Acumulo de água sobre o pavimento";"Queda de ocupante de veículo";"Com Vítimas Feridas";"Pleno dia";"Decrescente";"Chuva";"Dupla";"Reta";"Não";2;0;2;0;0;0;2;1;-1,3051195;-47,7732277;"SPRF-PA";"DEL01-PA";"UOP02-DEL01-PA"
786476;2026-07-19;"domingo";"17:00:00";"MG";40;738,2;"SANTOS DUMONT";"Reação tardia ou ineficiente do condutor";"Saída de leito carroçável";"Com Vítimas Fatais";"Pleno dia";"Decrescente";"Ignorado";"Simples";"Curva";"Não";4;1;1;2;0;0;3;1;-21,39194448;-43,56716394;"SPRF-MG";"DEL05-MG";"UOP01-DEL05-MG"
786478;2026-07-19;"domingo";"15:10:00";"RO";364;421,2;"JARU";"Condutor deixou de manter distância do veículo da frente";"Colisão traseira";"Sem Vítimas";"Pleno dia";"Crescente";"Sol";"Simples";"Reta";"Sim";3;0;0;0;3;0;0;3;-10,46477;-62,452508;"SPRF-RO";"DEL03-RO";"UOP02-DEL03-RO"