"id";"data_inversa";"dia_semana";"horario";"uf";"br";"km";"municipio";"causa_acidente";"tipo_acidente";"classificacao_acidente";"fase_dia";"sentido_via";"condicao_metereologica";"tipo_pista";"tracado_via";"uso_solo";"pessoas";"mortos";"feridos_leves";"feridos_graves";"ilesos";"ignorados";"feridos";"veiculos";"latitude";"longitude";"regional";"delegacia";"uop"
786479;2026-07-19;"domingo";"18:04:00";"MG";50;59;"UBERLANDIA";"Ausência de reação do condutor";"Colisão traseira";"Com Vítimas Feridas";"Anoitecer";"Decrescente";"Céu Claro";"Dupla";"Reta";"Não";2;0;0;1;0;1;1;2;-18,809791;-48,244872;"SPRF-MG";"DEL15-MG";"UOP02-DEL15-MG"
786481;2026-07-19;"domingo";"17:40:00";"DF";20;5,9;"BRASILIA";"Ingestão de álcool pelo condutor";"Colisão traseira";"Sem Vítimas";"Pleno dia";"Crescente";"Céu Claro";"Dupla";"Reta";"Sim";3;0;0;0;3;0;0;2;-15,66652619;-47,80882923;"SPRF-DF";"DEL02-DF";"UOP01-DEL02-DF"
786482;2026-07-19;"domingo";"16:40:00";"SP";116;41,6;"CACHOEIRA PAULISTA";"Demais falhas mecânicas ou elétricas";"Capotamento";"Com Vítimas Feridas";"Pleno dia";"Decrescente";"Céu Claro";"Dupla";"Reta";"Não";3;0;2;0;1;0;2;1;-22,66661066;-44,98661041;"SPRF-SP";"DEL08-SP";"UOP02-DEL08-SP"
786484;2026-07-19;"domingo";"18:10:00";"ES";101;198,1;"ARACRUZ";"Entrada inopinada do pedestre";"Saída de leito carroçável";"Com Vítimas Feridas";"Plena Noite";"Crescente";"Céu Claro";"Simples";"Reta";"Não";4;0;0;1;3;0;1;2;-19,716783;-40,341812;"SPRF-ES";"DEL04-ES";"UOP01-DEL04-ES"
786485;2026-07-19;"domingo";"17:49:00";"MS";163;87,7;"ITAQUIRAI";"Ausência de reação do condutor";"Colisão traseira";"Com Vítimas Feridas";"Anoitecer";"Crescente";"Céu Claro";"Simples";"Aclive;Reta";"Não";4;0;0;1;3;0;1;3;-23,390237;-54,211136;"SPRF-MS";"DEL09-MS";"UOP01-DEL09-MS"
786486;2026-07-19;"domingo";"13:55:00";"RO";364;59;"VILHENA";"Reação tardia ou ineficiente do condutor";"Queda de ocupante de veículo";"Com Vítimas Feridas";"Pleno dia";"Crescente";"Céu Claro";"Simples";"Reta;Declive";"Sim";2;0;1;0;0;1;1;2;-12,5146;-60,4338;"SPRF-RO";"DEL04-RO";"UOP01-DEL04-RO"
786487;2026-07-19;"domingo";"17:00:00";"PR";163;142,7;"CAPITAO LEONIDAS MARQUES";"Velocidade Incompatível";"Saída de leito carroçável";"Com Vítimas Feridas";"Pleno dia";"Decrescente";"Céu Claro";"Dupla";"Curva";"Não";1;0;1;0;0;0;1;1;-25,45474496;-53,58169556;"SPRF-PR";"DEL05-PR";"UOP05-DEL05-PR"
786488;2026-07-19;"domingo";"18:10:00";"MG";50;169;"UBERABA";"Ingestão de álcool pelo condutor";"Colisão com objeto";"Sem Vítimas";"Anoitecer";"Crescente";"Céu Claro";"Dupla";"Reta;Aclive";"Sim";3;0;0;0;2;1;0;1;-19,73008695;-47,981795;"SPRF-MG";"DEL13-MG";"UOP01-DEL13-MG"
786489;2026-07-19;"domingo";"18:30:00";"MG";262;658;"IBIA";"Velocidade Incompatível";"Saída de leito carroçável";"Sem Vítimas";"Anoitecer";"Decrescente";"Céu Claro";"Simples";"Curva";"Não";1;0;0;0;1;0;0;1;-19,54728395;-46,82380557;"SPRF-MG";"DEL08-MG";"UOP01-DEL08-MG"
786490;2026-07-19;"domingo";"18:20:00";"ES";101;99;"JAGUARE";"Reação tardia ou ineficiente do condutor";"Saída de leito carroçável";"Com Vítimas Feridas";"Plena Noite";"Decrescente";"Céu Claro";"Simples";"Reta";"Sim";1;0;1;0;0;0;1;1;-18,98120978;-39,99553174;"SPRF-ES";"DEL04-ES";"UOP02-DEL04-ES"
786491;2026-07-19;"domingo";"18:20:00";"MS";163;10;"MUNDO NOVO";"Acessar a via sem observar a presença dos outros veículos";"Colisão traseira";"Com Vítimas Feridas";"Plena Noite";"Crescente";"Céu Claro";"Simples";"Reta;Aclive";"Não";5;0;2;0;1;2;2;3;-23,97283;-54,33082;"SPRF-MS";"DEL09-MS";"UOP02-DEL09-MS"
786492;2026-07-19;"domingo";"19:05:00";"RS";116;251;"SAPUCAIA DO SUL";"Pista Escorregadia";"Queda de ocupante de veículo";"Com Vítimas Feridas";"Plena Noite";"Decrescente";"Chuva";"Dupla";"Reta";"Não";1;0;0;1;0;0;1;1;-29,80105537;-51,16560895;"SPRF-RS";"DEL01-RS";"UOP02-DEL01-RS"
786493;2026-07-19;"domingo";"18:05:00";"SE";101;20;"SAO FRANCISCO";"Chuva";"Saída de leito carroçável";"Sem Vítimas";"Plena Noite";"Crescente";"Chuva";"Dupla";"Reta";"Sim";1;0;0;0;0;1;0;1;-10,3434599;-36,89792633;"SPRF-SE";"DEL02-SE";"UOP02-DEL02-SE"
786495;2026-07-19;"domingo";"19:00:00";"SP";101;41;"UBATUBA";"Ausência de reação do condutor";"Tombamento";"Com Vítimas Feridas";"Plena Noite";"Crescente";"Ignorado";"Simples";"Curva";"Não";3;0;1;0;2;0;1;2;-23,38725264;-44,97982243;"SPRF-SP";"DEL06-SP";"UOP01-DEL06-SP"
786496;2026-07-19;"domingo";"18:30:00";"RS";116;80,4;"CAMPESTRE DA SERRA";"Ultrapassagem Indevida";"Colisão frontal";"Com Vítimas Feridas";"Anoitecer";"Crescente";"Céu Claro";"Simples";"Curva;Aclive";"Sim";3;0;2;0;1;0;2;2;-28,801992;-51,098095;"SPRF-RS";"DEL05-RS";"UOP03-DEL05-RS"
786497;2026-07-19;"domingo";"19:20:00";"MG";381;491;"BETIM";"Demais falhas mecânicas ou elétricas";"Tombamento";"Com Vítimas Feridas";"Plena Noite";"Crescente";"Céu Claro";"Dupla";"Reta";"Sim";1;0;0;1;0;0;1;1;-19,95874147;-44,15314472;"SPRF-MG";"DEL01-MG";"UOP03-DEL01-MG"
786498;2026-07-19;"domingo";"18:40:00";"ES";101;220;"IBIRACU";"Velocidade Incompatível";"Colisão com objeto";"Com Vítimas Feridas";"Plena Noite";"Crescente";"Nublado";"Dupla";"Reta";"Não";4;0;4;0;0;0;4;1;-19,86437073;-40,39330602;"SPRF-ES";"DEL02-ES";"UOP01-DEL02-ES"
786499;2026-07-19;"domingo";"17:20:00";"SC";101;124;"ITAPEMA";"Condutor deixou de manter distância do veículo da frente";"Engavetamento";"Com Vítimas Feridas";"Anoitecer";"Crescente";"Nublado";"Múltipla";"Reta";"Não";4;0;1;0;3;0;1;3;-27,06621567;-48,59585486;"SPRF-SC";"DEL04-SC";"UOP04-DEL04-SC"
786500;2026-07-19;"domingo";"19:50:00";"ES";262;160,9;"IBATIBA";"Acessar a via sem observar a presença dos outros veículos";"Colisão transversal";"Com Vítimas Feridas";"Plena Noite";"Crescente";"Nublado";"Simples";"Reta";"Não";3;0;1;1;1;0;2;2;-20,23624498;-41,52276891;"SPRF-ES";"DEL01-ES";"UOP02-DEL01-ES"
786501;2026-07-19;"domingo";"18:50:00";"BA";418;98;"NOVA VICOSA";"Demais falhas mecânicas ou elétricas";"Colisão traseira";"Com Vítimas Feridas";"Plena Noite";"Decrescente";"Céu Claro";"Simples";"Reta";"Não";7;0;2;0;4;1;2;2;-17,907402;-39,951368;"SPRF-BA";"DEL09-BA";"UOP02-DEL09-BA"
786502;2026-07-19;"domingo";"16:10:00";"PR";277;504,4;"GUARANIACU";"Velocidade Incompatível";"Saída de leito carroçável";"Com Vítimas Feridas";"Pleno dia";"Crescente";"Sol";"Simples";"Curva";"Não";2;0;0;2;0;0;2;1;-25,14449;-52,70148;"SPRF-PR";"DEL04-PR";"UOP04-DEL04-PR"
786503;2026-07-19;"domingo";"19:20:00";"DF";20;24;"BRASILIA";"Pedestre cruzava a pista fora da faixa";"Atropelamento de Pedestre";"Com Vítimas Fatais";"Plena Noite";"Crescente";"Céu Claro";"Múltipla";"Reta";"Não";5;1;0;0;4;0;0;2;-15,594839;-47,658183;"SPRF-DF";"DEL02-DF";"UOP01-DEL02-DF"
786504;2026-07-15;"quarta-feira";"09:30:00";"RJ";101;487;"ANGRA DOS REIS";"Ausência de reação do condutor";"Atropelamento de Pedestre";"Com Vítimas Feridas";"Pleno dia";"Crescente";"Céu Claro";"Simples";"Reta";"Sim";2;0;1;0;0;1;1;2;-22,96625136;-44,29926602;"SPRF-RJ";"DEL03-RJ";"UOP03-DEL03-RJ"
786505;2026-07-19;"domingo";"20:10:00";"MG";381;283;"JAGUARACU";"Ausência de reação do condutor";"Queda de ocupante de veículo";"Com Vítimas Feridas";"Plena Noite";"Crescente";"Céu Claro";"Simples";"Reta";"Não";2;0;2;0;0;0;2;1;-19,59795986;-42,74608612;"SPRF-MG";"DEL03-MG";"UOP02-DEL03-MG"
786506;2026-07-19;"domingo";"20:00:00";"RJ";101;382,7;"RIO DE JANEIRO";"Ingestão de álcool pelo condutor";"Colisão traseira";"Sem Vítimas";"Plena Noite";"Crescente";"Céu Claro";"Dupla";"Reta";"Sim";2;0;0;0;2;0;0;2;-22,8764479;-43,6130203;"SPRF-RJ";"DEL03-RJ";"UOP01-DEL03-RJ"
786507;2026-07-19;"domingo";"18:15:00";"PR";373;175;"PONTA GROSSA";"Animais na Pista";"Atropelamento de Animal";"Com Vítimas Feridas";"Plena Noite";"Crescente";"Ignorado";"Dupla";"Reta";"Sim";1;0;0;1;0;0;1;1;-25,058593;-50,222123;"SPRF-PR";"DEL03-PR";"UOP01-DEL03-PR"
786508;2026-07-19;"domingo";"19:00:00";"MG";116;278;"TEOFILO OTONI";"Ausência de reação do condutor";"Colisão traseira";"Com Vítimas Feridas";"Plena Noite";"Crescente";"Céu Claro";"Simples";"Reta";"Sim";3;0;1;0;2;0;1;2;-17,8688;-41,517355;"SPRF-MG";"DEL11-MG";"UOP01-DEL11-MG"
786510;2026-07-19;"domingo";"18:00:00";"AL";316;230,5;"ATALAIA";"Ausência de reação do condutor";"Tombamento";"Com Vítimas Feridas";"Plena Noite";"Crescente";"Céu Claro";"Simples";"Reta";"Sim";2;0;0;2;0;0;2;1;-9,575;-36,0502;"SPRF-AL";"DEL01-AL";"UOP01-DEL01-AL"
786511;2026-07-19;"domingo";"20:30:00";"RJ";116;184;"NOVA IGUACU";"Acessar a via sem observar a presença dos outros veículos";"Colisão lateral mesmo sentido";"Sem Vítimas";"Plena Noite";"Crescente";"Céu Claro";"Dupla";"Interseção de Vias;Em Obras;Reta";"Sim";2;0;0;0;2;0;0;2;-22,7483473;-43,4426063;"SPRF-RJ";"DEL06-RJ";"UOP01-DEL06-RJ"
786514;2026-07-19;"domingo";"19:00:00";"BA";116;356,6;"SERRINHA";"Transitar na contramão";"Colisão frontal";"Com Vítimas Feridas";"Plena Noite";"Decrescente";"Céu Claro";"Simples";"Reta";"Sim";2;0;1;0;1;0;1;2;-11,64910251;-38,99034667;"SPRF-BA";"DEL02-BA";"UOP01-DEL02-BA"
786516;2026-07-19;"domingo";"15:30:00";"MG";116;539,8;"SANTA RITA DE MINAS";"Velocidade Incompatível";"Saída de leito carroçável";"Com Vítimas Feridas";"Pleno dia";"Crescente";"Sol";"Simples";"Curva";"Não";3;0;1;0;2;0;1;1;-19,88979;-42,136105;"SPRF-MG";"DEL06-MG";"UOP02-DEL06-MG"
786517;2026-07-19;"domingo";"20:41:00";"RN";405;155;"PAU DOS FERROS";"Ausência de reação do condutor";"Colisão frontal";"Com Vítimas Fatais";"Plena Noite";"Crescente";"Céu Claro";"Simples";"Reta";"Sim";2;1;0;0;0;1;0;2;-6,151385;-38,206187;"SPRF-RN";"DEL04-RN";"UOP02-DEL04-RN"
786518;2026-07-19;"domingo";"20:30:00";"RS";470;224;"GARIBALDI";"Reação tardia ou ineficiente do condutor";"Colisão com objeto";"Com Vítimas Feridas";"Plena Noite";"Decrescente";"Nublado";"Simples";"Retorno Regulamentado";"Sim";5;0;1;0;4;0;1;2;-29,2397639;-51,51814191;"SPRF-RS";"DEL06-RS";"UOP01-DEL06-RS"
786519;2026-07-19;"domingo";"19:15:00";"GO";153;100;"SANTA TEREZA DE GOIAS";"Animais na Pista";"Atropelamento de Animal";"Com Vítimas Feridas";"Plena Noite";"Crescente";"Céu Claro";"Simples";"Reta";"Não";1;0;1;0;0;0;1;1;-13,67667891;-49,02554512;"SPRF-GO";"DEL07-GO";"UOP01-DEL07-GO"
786520;2026-07-19;"domingo";"21:02:00";"ES";262;158,7;"IBATIBA";"Desrespeitar a preferência no cruzamento";"Colisão transversal";"Com Vítimas Feridas";"Plena Noite";"Decrescente";"Nublado";"Simples";"Reta";"Sim";3;0;0;1;1;1;1;3;-20,23220079;-41,50291443;"SPRF-ES";"DEL01-ES";"UOP02-DEL01-ES"
786521;2026-07-19;"domingo";"21:25:00";"MG";381;487;"BETIM";"Reação tardia ou ineficiente do condutor";"Colisão com objeto";"Com Vítimas Feridas";"Plena Noite";"Crescente";"Céu Claro";"Múltipla";"Reta;Aclive";"Sim";2;0;0;2;0;0;2;1;-19,956458;-44,118611;"SPRF-MG";"DEL01-MG";"UOP03-DEL01-MG"
786522;2026-07-19;"domingo";"18:30:00";"PE";428;34;"OROCO";"Acessar a via sem observar a presença dos outros veículos";"Colisão transversal";"Com Vítimas Fatais";"Plena Noite";"Crescente";"Céu Claro";"Simples";"Reta";"Não";3;1;1;0;0;1;1;2;-8,5329783;-39,5130233;"SPRF-PE";"DEL05-PE";"UOP03-DEL05-PE"
786524;2026-07-19;"domingo";"21:20:00";"GO";153;443;"ANAPOLIS";"Demais falhas mecânicas ou elétricas";"Incêndio";"Com Vítimas Feridas";"Plena Noite";"Crescente";"Céu Claro";"Dupla";"Viaduto;Rotatória";"Sim";3;0;1;0;1;1;1;1;-16,353211;-48,929507;"SPRF-GO";"DEL02-GO";"UOP01-DEL02-GO"
786525;2026-07-19;"domingo";"19:25:00";"PR";153;395,6;"MALLET";"Falta de acostamento";"Atropelamento de Pedestre";"Com Vítimas Fatais";"Plena Noite";"Decrescente";"Céu Claro";"Simples";"Aclive;Curva;Em Obras";"Não";2;1;0;0;0;1;0;2;-25,940215;-50,856079;"SPRF-PR";"DEL08-PR";"UOP02-DEL08-PR"
786526;2026-07-19;"domingo";"17:10:00";"MG";116;509,6;"UBAPORANGA";"Ausência de reação do condutor";"Colisão traseira";"Com Vítimas Feridas";"Anoitecer";"Decrescente";"Céu Claro";"Simples";"Reta;Aclive";"Não";7;0;3;0;4;0;3;2;-19,644818;-42,10778;"SPRF-MG";"DEL06-MG";"UOP02-DEL06-MG"
786527;2026-07-19;"domingo";"20:50:00";"PR";369;247;"BOM SUCESSO";"Reação tardia ou ineficiente do condutor";"Saída de leito carroçável";"Com Vítimas Feridas";"Plena Noite";"Decrescente";"Céu Claro";"Simples";"Curva;Aclive";"Não";1;0;1;0;0;0;1;1;-23,70516492;-51,74059556;"SPRF-PR";"DEL09-PR";"UOP01-DEL09-PR"
786528;2026-07-19;"domingo";"19:55:00";"SC";480;129,4;"CHAPECO";"Velocidade Incompatível";"Saída de leito carroçável";"Com Vítimas Fatais";"Plena Noite";"Crescente";"Nublado";"Múltipla";"Curva";"Sim";2;1;1;0;0;0;1;1;-27,04475;-52,63643;"SPRF-SC";"DEL07-SC";"UOP01-DEL07-SC"
786530;2026-07-19;"domingo";"21:40:00";"SP";116;200;"ARUJA";"Entrada inopinada do pedestre";"Atropelamento de Pedestre";"Com Vítimas Fatais";"Plena Noite";"Decrescente";"Céu Claro";"Múltipla";"Reta;Ponte";"Não";3;1;0;0;2;0;0;3;-23,40267629;-46,31723285;"SPRF-SP";"DEL01-SP";"UOP01-DEL01-SP"
786532;2026-07-19;"domingo";"21:50:00";"PR";476;152;"ARAUCARIA";"Demais falhas na via";"Tombamento";"Com Vítimas Feridas";"Plena Noite";"Decrescente";"Céu Claro";"Dupla";"Reta";"Não";2;0;2;0;0;0;2;1;-25,5687637;-49,385854;"SPRF-PR";"DEL01-PR";"UOP06-DEL01-PR"
786533;2026-07-19;"domingo";"17:45:00";"RO";421;18,7;"MONTE NEGRO";"Curva acentuada";"Saída de leito carroçável";"Com Vítimas Feridas";"Anoitecer";"Decrescente";"Nublado";"Simples";"Curva";"Não";2;0;1;0;1;0;1;1;-10,0311468;-63,17816734;"SPRF-RO";"DEL03-RO";"UOP01-DEL03-RO"
786534;2026-07-19;"domingo";"20:15:00";"MA";222;675;"ACAILANDIA";"Acessar a via sem observar a presença dos outros veículos";"Colisão transversal";"Com Vítimas Feridas";"Plena Noite";"Decrescente";"Céu Claro";"Simples";"Reta";"Sim";2;0;1;0;1;0;1;2;-4,95516;-47,49996;"SPRF-MA";"DEL04-MA";"UOP03-DEL04-MA"
786538;2026-07-19;"domingo";"20:30:00";"PR";376;54;"LOANDA";"Reação tardia ou ineficiente do condutor";"Colisão lateral mesmo sentido";"Com Vítimas Feridas";"Plena Noite";"Crescente";"Ignorado";"Simples";"Reta";"Não";2;0;1;0;0;1;1;2;-22,905678;-52,901318;"SPRF-PR";"DEL09-PR";"UOP02-DEL09-PR"
786539;2026-07-19;"domingo";"19:45:00";"MA";316;548,1;"CAXIAS";"Ausência de reação do condutor";"Saída de leito carroçável";"Sem Vítimas";"Plena Noite";"Decrescente";"Céu Claro";"Simples";"Reta";"Não";1;0;0;0;0;1;0;1;-4,884385;-43,379937;"SPRF-MA";"DEL03-MA";"UOP02-DEL03-MA"
786540;2026-07-19;"domingo";"22:05:00";"RS";290;584;"ALEGRETE";"Ingestão de álcool pelo condutor";"Saída de leito carroçável";"Sem Vítimas";"Plena Noite";"Decrescente";"Garoa/Chuvisco";"Simples";"Reta";"Sim";1;0;0;0;1;0;0;1;-29,81078895;-55,82010476;"SPRF-RS";"DEL13-RS";"UOP02-DEL13-RS"
786541;2026-07-19;"domingo";"20:20:00";"PR";277;468;"LARANJEIRAS DO SUL";"Condutor deixou de manter distância do veículo da frente";"Colisão traseira";"Com Vítimas Feridas";"Plena Noite";"Decrescente";"Céu Claro";"Simples";"Reta";"Não";3;0;2;0;0;1;2;2;-25,345;-52,4933;"SPRF-PR";"DEL04-PR";"UOP02-DEL04-PR"
786543;2026-07-19;"domingo";"19:30:00";"PR";277;443,9;"VIRMOND";"Velocidade Incompatível";"Queda de ocupante de veículo";"Com Vítimas Feridas";"Plena Noite";"Crescente";"Céu Claro";"Simples";"Reta";"Não";1;0;1;0;0;0;1;1;-25,372;-52,28342;"SPRF-PR";"DEL04-PR";"UOP02-DEL04-PR"
786547;2026-07-19;"domingo";"17:10:00";"RS";290;243,7;"ENCRUZILHADA DO SUL";"Acumulo de água sobre o pavimento";"Saída de leito carroçável";"Com Vítimas Feridas";"Pleno dia";"Decrescente";"Chuva";"Simples";"Reta";"Não";3;0;1;0;2;0;1;1;-30,22373469;-52,66047478;"SPRF-RS";"DEL02-RS";"UOP03-DEL02-RS"
786548;2026-07-19;"domingo";"23:27:00";"RJ";116;189;"NOVA IGUACU";"Demais falhas mecânicas ou elétricas";"Incêndio";"Sem Vítimas";"Plena Noite";"Decrescente";"Céu Claro";"Dupla";"Reta";"Não";1;0;0;0;1;0;0;1;-22,73773931;-43,49008648;"SPRF-RJ";"DEL06-RJ";"UOP01-DEL06-RJ"
786549;2026-07-19;"domingo";"21:30:00";"MG";365;238;"BURITIZEIRO";"Demais falhas mecânicas ou elétricas";"Incêndio";"Sem Vítimas";"Plena Noite";"Crescente";"Céu Claro";"Simples";"Reta";"Não";1;0;0;0;1;0;0;1;-17,738294;-45,413864;"SPRF-MG";"DEL10-MG";"UOP02-DEL010-MG"
786550;2026-07-19;"domingo";"19:45:00";"BA";101;800,4;"ITAMARAJU";"Transitar na contramão";"Colisão frontal";"Com Vítimas Fatais";"Plena Noite";"Decrescente";"Céu Claro";"Simples";"Reta";"Não";7;2;4;1;0;0;5;2;-16,961886;-39,554621;"SPRF-BA";"DEL09-BA";"UOP01-DEL09-BA"
786551;2026-07-19;"domingo";"19:45:00";"GO";153;248;"SAO LUIZ DO NORTE";"Ingestão de álcool pelo condutor";"Saída de leito carroçável";"Com Vítimas Feridas";"Pleno dia";"Crescente";"Céu Claro";"Simples";"Reta";"Não";1;0;1;0;0;0;1;1;-14,911906;-49,354827;"SPRF-GO";"DEL07-GO";"UOP02-DEL07-GO"
786552;2026-07-19;"domingo";"19:55:00";"RO";364;374,5;"OURO PRETO DO OESTE";"Ultrapassagem Indevida";"Colisão frontal";"Com Vítimas Feridas";"Plena Noite";"Crescente";"Céu Claro";"Simples";"Reta";"Não";3;0;0;1;2;0;1;2;-10,741952;-62,182465;"SPRF-RO";"DEL02-RO";"UOP01-DEL02-RO"
786553;2026-07-19;"domingo";"23:15:00";"PR";376;597;"CURITIBA";"Demais falhas mecânicas ou elétricas";"Tombamento";"Com Vítimas Feridas";"Plena Noite";"Crescente";"Céu Claro";"Dupla";"Declive;Reta";"Sim";2;0;2;0;0;0;2;1;-25,490578;-49,345039;"SPRF-PR";"DEL01-PR";"UOP03-DEL01-PR"
786554;2026-07-19;"domingo";"19:30:00";"RJ";101;382;"RIO DE JANEIRO";"Acesso irregular";"Colisão traseira";"Com Vítimas Feridas";"Plena Noite";"Decrescente";"Céu Claro";"Múltipla";"Reta";"Sim";3;0;2;0;1;0;2;2;-22,87610379;-43,61274103;"SPRF-RJ";"DEL03-RJ";"UOP01-DEL03-RJ"
786556;2026-07-19;"domingo";"22:30:00";"SP";116;225;"GUARULHOS";"Reação tardia ou ineficiente do condutor";"Colisão com objeto";"Sem Vítimas";"Plena Noite";"Crescente";"Céu Claro";"Múltipla";"Reta";"Sim";1;0;0;0;0;1;0;1;-23,49094592;-46,54887486;"SPRF-SP";"DEL01-SP";"UOP01-DEL01-SP"
786560;2026-07-19;"domingo";"23:31:00";"MS";163;259;"DOURADOS";"Ingestão de álcool pelo condutor";"Queda de ocupante de veículo";"Com Vítimas Feridas";"Plena Noite";"Crescente";"Céu Claro";"Dupla";"Reta";"Não";1;0;1;0;0;0;1;1;-22,253865;-54,777609;"SPRF-MS";"DEL04-MS";"UOP01-DEL04-MS"
786561;2026-07-20;"segunda-feira";"00:35:00";"RJ";101;51;"CAMPOS DOS GOYTACAZES";"Ausência de reação do condutor";"Colisão traseira";"Com Vítimas Feridas";"Plena Noite";"Crescente";"Céu Claro";"Simples";"Reta;Declive";"Não";3;0;3;0;0;0;3;2;-21,642114;-41,311849;"SPRF-RJ";"DEL08-RJ";"UOP01-DEL08-RJ"
786562;2026-07-19;"domingo";"23:30:00";"PR";277;676;"MEDIANEIRA";"Reação tardia ou ineficiente do condutor";"Colisão traseira";"Sem Vítimas";"Plena Noite";"Decrescente";"Céu Claro";"Dupla";"Declive;Reta";"Sim";4;0;0;0;4;0;0;2;-25,29039;-54,105892;"SPRF-PR";"DEL05-PR";"UOP01-DEL05-PR"
786564;2026-07-19;"domingo";"23:00:00";"MT";70;342;"PRIMAVERA DO LESTE";"Velocidade Incompatível";"Capotamento";"Sem Vítimas";"Pleno dia";"Crescente";"Céu Claro";"Simples";"Reta";"Não";1;0;0;0;0;1;0;1;-15,57735145;-54,37891707;"SPRF-MT";"DEL05-MT";"UOP01-DEL05-MT"
786566;2026-07-20;"segunda-feira";"01:00:00";"ES";101;147,2;"LINHARES";"Demais falhas mecânicas ou elétricas";"Incêndio";"Sem Vítimas";"Plena Noite";"Crescente";"Ignorado";"Múltipla";"Reta";"Sim";4;0;0;0;4;0;0;1;-19,380202;-40,066956;"SPRF-ES";"DEL04-ES";"UOP01-DEL04-ES"
786568;2026-07-20;"segunda-feira";"01:30:00";"SP";153;66,9;"SAO JOSE DO RIO PRETO";"Condutor Dormindo";"Saída de leito carroçável";"Sem Vítimas";"Plena Noite";"Decrescente";"Céu Claro";"Dupla";"Curva";"Sim";1;0;0;0;0;1;0;1;-20,849539;-49,376495;"SPRF-SP";"DEL09-SP";"UOP01-DEL09-SP"
786569;2026-07-20;"segunda-feira";"01:55:00";"PB";230;13,1;"CABEDELO";"Condutor Dormindo";"Colisão com objeto";"Com Vítimas Fatais";"Plena Noite";"Decrescente";"Chuva";"Dupla";"Reta";"Sim";1;1;0;0;0;0;0;1;-7,08248925;-34,84878151;"SPRF-PB";"DEL01-PB";"UOP01-DEL01-PB"
786570;2026-07-19;"domingo";"23:00:00";"MA";402;10,9;"ROSARIO";"Ausência de reação do condutor";"Colisão traseira";"Com Vítimas Fatais";"Plena Noite";"Decrescente";"Céu Claro";"Simples";"Reta";"Sim";3;1;2;0;0;0;2;2;-2,94445;-44,23282;"SPRF-MA";"DEL01-MA";"UOP01-DEL01-MA"
786571;2026-07-20;"segunda-feira";"04:20:00";"ES";262;173,9;"IRUPI";"Velocidade Incompatível";"Colisão lateral mesmo sentido";"Com Vítimas Feridas";"Plena Noite";"Crescente";"Nublado";"Simples";"Reta;Declive";"Não";3;0;0;2;0;1;2;2;-20,27067;-41,62031;"SPRF-ES";"DEL01-ES";"UOP02-DEL01-ES"
786572;2026-07-20;"segunda-feira";"03:30:00";"SP";116;444;"REGISTRO";"Ausência de reação do condutor";"Colisão com objeto";"Com Vítimas Feridas";"Plena Noite";"Crescente";"Céu Claro";"Dupla";"Reta";"Sim";1;0;1;0;0;0;1;1;-24,49388763;-47,83803388;"SPRF-SP";"DEL05-SP";"UOP01-DEL05-SP"
786576;2026-07-20;"segunda-feira";"04:30:00";"RS";116;154;"CAXIAS DO SUL";"Reação tardia ou ineficiente do condutor";"Colisão frontal";"Com Vítimas Feridas";"Plena Noite";"Decrescente";"Chuva";"Múltipla";"Reta";"Sim";2;0;1;0;1;0;1;2;-29,1983933;-51,17689;"SPRF-RS";"DEL05-RS";"UOP01-DEL05-RS"
786577;2026-07-20;"segunda-feira";"05:20:00";"MG";381;649;"SANTO ANTONIO DO AMPARO";"Condutor Dormindo";"Saída de leito carroçável";"Com Vítimas Feridas";"Plena Noite";"Decrescente";"Céu Claro";"Dupla";"Reta";"Sim";3;0;2;0;1;0;2;1;-20,95612407;-44,90546672;"SPRF-MG";"DEL04-MG";"UOP02-DEL04-MG"
786579;2026-07-20;"segunda-feira";"05:30:00";"SE";235;90,7;"FREI PAULO";"Objeto estático sobre o leito carroçável";"Colisão com objeto";"Sem Vítimas";"Amanhecer";"Crescente";"Nevoeiro/Neblina";"Simples";"Declive;Reta";"Não";2;0;0;0;1;1;0;2;-10,48986707;-37,65692107;"SPRF-SE";"DEL01-SE";"UOP02-DEL01-SE"
786581;2026-06-17;"quarta-feira";"16:40:00";"ES";101;150,2;"LINHARES";"Acessar a via sem observar a presença dos outros veículos";"Colisão transversal";"Com Vítimas Feridas";"Anoitecer";"Decrescente";"Céu Claro";"Dupla";"Curva";"Sim";2;0;1;1;0;0;2;2;-19,405241;-40,061152;"SPRF-ES";"DEL04-ES";"UOP01-DEL04-ES"
786582;2026-07-19;"domingo";"16:30:00";"SC";470;25;"ILHOTA";"Avarias e/ou desgaste excessivo no pneu";"Tombamento";"Com Vítimas Feridas";"Anoitecer";"Decrescente";"Céu Claro";"Dupla";"Reta";"Não";2;0;2;0;0;0;2;1;-26,88689594;-48,87344107;"SPRF-SC";"DEL04-SC";"UOP04-DEL04-SC"
786583;2026-07-20;"segunda-feira";"05:45:00";"PE";232;86,2;"GRAVATA";"Demais falhas mecânicas ou elétricas";"Incêndio";"Sem Vítimas";"Pleno dia";"Crescente";"Céu Claro";"Dupla";"Reta";"Não";1;0;0;0;1;0;0;1;-8,213212;-35,622408;"SPRF-PE";"DEL02-PE";"UOP02-DEL02PE"
786585;2026-07-20;"segunda-feira";"06:15:00";"SC";282;0;"FLORIANOPOLIS";"Manobra de mudança de faixa";"Colisão lateral mesmo sentido";"Com Vítimas Feridas";"Amanhecer";"Decrescente";"Céu Claro";"Dupla";"Reta";"Não";2;0;1;0;1;0;1;2;-27,59833084;-48,57181309;"SPRF-SC";"DEL01-SC";"UOP01-DEL01-SC"