"id";"data_inversa";"dia_semana";"horario";"uf";"br";"km";"municipio";"causa_acidente";"tipo_acidente";"classificacao_acidente";"fase_dia";"sentido_via";"condicao_metereologica";"tipo_pista";"tracado_via";"uso_solo";"pessoas";"mortos";"feridos_leves";"feridos_graves";"ilesos";"ignorados";"feridos";"veiculos";"latitude";"longitude";"regional";"delegacia";"uop"
786692;2026-07-20;"segunda-feira";"12:30:00";"RJ";116;309;"RESENDE";"Frear bruscamente";"Colisão traseira";"Sem Vítimas";"Pleno dia";"Crescente";"Céu Claro";"Dupla";"Reta";"Sim";4;0;0;0;4;0;0;4;-22,459587;-44,439496;"SPRF-RJ";"DEL07-RJ";"UOP02-DEL07-RJ"
786693;2026-07-20;"segunda-feira";"10:00:00";"MT";364;401;"CUIABA";"Reação tardia ou ineficiente do condutor";"Saída de leito carroçável";"Com Vítimas Feridas";"Pleno dia";"Decrescente";"Céu Claro";"Dupla";"Reta";"Sim";1;0;1;0;0;0;1;1;-15,65957128;-55,97679913;"SPRF-MT";"DEL01-MT";"UOP02-DEL01-MT"
786695;2026-07-20;"segunda-feira";"12:30:00";"RO";319;144;"PORTO VELHO";"Ausência de reação do condutor";"Colisão transversal";"Com Vítimas Feridas";"Pleno dia";"Decrescente";"Céu Claro";"Múltipla";"Interseção de Vias;Reta";"Sim";3;0;2;0;1;0;2;2;-8,76732;-63,88413;"SPRF-RO";"DEL01-RO";"UOP01-DEL01-RO"
786696;2026-07-20;"segunda-feira";"13:25:00";"SP";153;278,9;"OCAUCU";"Conversão proibida";"Colisão transversal";"Com Vítimas Feridas";"Pleno dia";"Crescente";"Céu Claro";"Simples";"Reta";"Não";3;0;1;0;2;0;1;2;-22,40694203;-49,86161113;"SPRF-SP";"DEL07-SP";"UOP02-DEL07-SP"
786697;2026-07-19;"domingo";"19:00:00";"MS";463;95;"PONTA PORA";"Ausência de reação do condutor";"Saída de leito carroçável";"Com Vítimas Feridas";"Plena Noite";"Decrescente";"Céu Claro";"Simples";"Curva";"Não";1;0;0;1;0;0;1;1;-22,6193193;-55,56962013;"SPRF-MS";"DEL04-MS";"UOP03-DEL04-MS"
786698;2026-07-20;"segunda-feira";"13:00:00";"RJ";40;92;"PETROPOLIS";"Ausência de reação do condutor";"Colisão traseira";"Com Vítimas Feridas";"Pleno dia";"Crescente";"Céu Claro";"Dupla";"Reta";"Não";5;0;1;0;4;0;1;2;-22,55308617;-43,25130835;"SPRF-RJ";"DEL01-RJ";"UOP01-DEL01-RJ"
786699;2026-07-20;"segunda-feira";"12:40:00";"MT";70;541,2;"NOSSA SENHORA DO LIVRAMENTO";"Acessar a via sem observar a presença dos outros veículos";"Colisão transversal";"Com Vítimas Feridas";"Pleno dia";"Decrescente";"Céu Claro";"Simples";"Reta";"Não";8;0;4;1;3;0;5;2;-15,67904;-56,30949;"SPRF-MT";"DEL03-MT";"UOP02-DEL03-MT"
786700;2026-07-20;"segunda-feira";"10:28:00";"MG";50;178;"UBERABA";"Ausência de sinalização";"Colisão traseira";"Com Vítimas Feridas";"Pleno dia";"Decrescente";"Céu Claro";"Dupla";"Reta;Aclive;Em Obras";"Sim";4;0;1;0;3;0;1;1;-19,77896501;-47,94008581;"SPRF-MG";"DEL13-MG";"UOP01-DEL13-MG"
786701;2026-07-08;"quarta-feira";"08:30:00";"BA";324;607;"SIMOES FILHO";"Condutor deixou de manter distância do veículo da frente";"Colisão traseira";"Com Vítimas Feridas";"Pleno dia";"Decrescente";"Céu Claro";"Dupla";"Curva";"Não";1;0;1;0;0;0;1;1;-12,803847;-38,403689;"SPRF-BA";"DEL01-BA";"UOP01-DEL01-BA"
786705;2026-07-20;"segunda-feira";"14:20:00";"SC";470;142;"RIO DO SUL";"Transitar na contramão";"Colisão frontal";"Com Vítimas Feridas";"Pleno dia";"Decrescente";"Céu Claro";"Simples";"Curva";"Sim";2;0;0;1;1;0;1;2;-27,215817;-49,653613;"SPRF-SC";"DEL04-SC";"UOP02-DEL04-SC"
786706;2026-07-14;"terça-feira";"08:35:00";"AM";230;613;"HUMAITA";"Ultrapassagem Indevida";"Colisão lateral mesmo sentido";"Com Vítimas Feridas";"Pleno dia";"Crescente";"Céu Claro";"Simples";"Reta";"Não";2;0;1;0;1;0;1;2;-7,51849585;-63,03214638;"SPRF-AM";"DEL02-AM";"UOP01-DEL02-AM"
786708;2026-07-20;"segunda-feira";"14:25:00";"SP";116;36,5;"CACHOEIRA PAULISTA";"Ausência de reação do condutor";"Colisão traseira";"Com Vítimas Feridas";"Pleno dia";"Crescente";"Céu Claro";"Dupla";"Declive;Reta";"Não";2;0;1;0;1;0;1;2;-22,66363855;-44,98265257;"SPRF-SP";"DEL08-SP";"UOP02-DEL08-SP"
786710;2026-07-20;"segunda-feira";"14:15:00";"SC";101;160,9;"TIJUCAS";"Condutor deixou de manter distância do veículo da frente";"Colisão traseira";"Com Vítimas Feridas";"Pleno dia";"Crescente";"Céu Claro";"Dupla";"Reta";"Não";3;0;0;1;2;0;1;3;-27,213917;-48,622892;"SPRF-SC";"DEL04-SC";"UOP03-DEL04-SC"
786711;2026-07-20;"segunda-feira";"15:20:00";"SP";116;4;"GUARULHOS";"Acessar a via sem observar a presença dos outros veículos";"Colisão lateral mesmo sentido";"Com Vítimas Feridas";"Pleno dia";"Crescente";"Céu Claro";"Dupla";"Reta";"Sim";3;0;2;0;1;0;2;2;-23,42382878;-46,48858879;"SPRF-SP";"DEL01-SP";"UOP01-DEL01-SP"
786712;2026-07-20;"segunda-feira";"08:50:00";"DF";20;43,7;"BRASILIA";"Avarias e/ou desgaste excessivo no pneu";"Saída de leito carroçável";"Sem Vítimas";"Pleno dia";"Crescente";"Sol";"Dupla";"Reta";"Não";1;0;0;0;1;0;0;1;-15,576207;-47,480815;"SPRF-DF";"DEL02-DF";"UOP01-DEL02-DF"
786714;2026-07-20;"segunda-feira";"15:15:00";"RJ";493;80;"JAPERI";"Ausência de reação do condutor";"Capotamento";"Com Vítimas Feridas";"Pleno dia";"Crescente";"Céu Claro";"Dupla";"Ponte";"Não";1;0;1;0;0;0;1;1;-22,663615;-43,5640867;"SPRF-RJ";"DEL01-RJ";"UOP03-DEL01-RJ"
786716;2026-07-20;"segunda-feira";"15:50:00";"MG";381;486,5;"BETIM";"Demais falhas mecânicas ou elétricas";"Incêndio";"Sem Vítimas";"Pleno dia";"Decrescente";"Céu Claro";"Múltipla";"Aclive;Reta";"Não";1;0;0;0;1;0;0;1;-19,95582042;-44,11300796;"SPRF-MG";"DEL01-MG";"UOP03-DEL01-MG"
786719;2026-07-20;"segunda-feira";"15:37:00";"MG";381;480;"CONTAGEM";"Condutor deixou de manter distância do veículo da frente";"Colisão traseira";"Com Vítimas Feridas";"Pleno dia";"Crescente";"Céu Claro";"Dupla";"Curva";"Sim";2;0;1;0;1;0;1;2;-19,958553;-44,054972;"SPRF-MG";"DEL01-MG";"UOP03-DEL01-MG"
786720;2026-07-20;"segunda-feira";"14:20:00";"PR";280;288,2;"FLOR DA SERRA DO SUL";"Manobra de mudança de faixa";"Colisão frontal";"Com Vítimas Feridas";"Pleno dia";"Crescente";"Céu Claro";"Simples";"Reta";"Não";5;0;2;0;3;0;2;2;-26,252046;-53,294893;"SPRF-PR";"DEL02-PR";"UOP01-DEL02-PR"
786721;2026-07-20;"segunda-feira";"13:00:00";"RS";290;276;"CACHOEIRA DO SUL";"Reação tardia ou ineficiente do condutor";"Colisão com objeto";"Com Vítimas Feridas";"Pleno dia";"Decrescente";"Chuva";"Simples";"Reta";"Não";3;0;1;0;1;1;1;2;-30,258138;-52,989371;"SPRF-RS";"DEL02-RS";"UOP03-DEL02-RS"
786723;2026-07-20;"segunda-feira";"15:25:00";"SC";282;16,2;"PALHOCA";"Velocidade Incompatível";"Colisão lateral mesmo sentido";"Com Vítimas Feridas";"Pleno dia";"Crescente";"Céu Claro";"Simples";"Reta";"Sim";2;0;1;0;1;0;1;2;-27,6607692;-48,6836976;"SPRF-SC";"DEL01-SC";"UOP02-DEL01-SC"
786724;2026-07-20;"segunda-feira";"12:00:00";"RJ";101;333;"RIO DE JANEIRO";"Condutor Dormindo";"Capotamento";"Sem Vítimas";"Pleno dia";"Decrescente";"Sol";"Dupla";"Reta;Ponte";"Não";2;0;0;0;2;0;0;2;-22,87965466;-43,21128845;"SPRF-RJ";"DEL02-RJ";"UOP01-DEL02-RJ"
786726;2026-05-01;"sexta-feira";"14:28:00";"PA";163;543,9;"TRAIRAO";"Ausência de reação do condutor";"Saída de leito carroçável";"Sem Vítimas";"Pleno dia";"Decrescente";"Nublado";"Simples";"Reta";"Não";1;0;0;0;0;1;0;1;-5;-56;"SPRF-PA";"DEL05-PA";"UOP03-DEL05-PA"
786728;2026-07-20;"segunda-feira";"14:00:00";"PA";222;214;"BOM JESUS DO TOCANTINS";"Reação tardia ou ineficiente do condutor";"Saída de leito carroçável";"Com Vítimas Fatais";"Pleno dia";"Decrescente";"Céu Claro";"Simples";"Curva;Declive";"Não";1;1;0;0;0;0;0;1;-5,16805447;-48,94455019;"SPRF-PA";"DEL03-PA";"UOP01-DEL03-PA"
786729;2026-07-20;"segunda-feira";"14:00:00";"RJ";101;470;"ANGRA DOS REIS";"Acessar a via sem observar a presença dos outros veículos";"Colisão transversal";"Com Vítimas Feridas";"Pleno dia";"Crescente";"Céu Claro";"Simples";"Reta;Rotatória";"Não";3;0;1;0;2;0;1;2;-22,99983379;-44,22749011;"SPRF-RJ";"DEL03-RJ";"UOP03-DEL03-RJ"
786730;2026-07-16;"quinta-feira";"17:30:00";"RJ";116;145;"DUQUE DE CAXIAS";"Reação tardia ou ineficiente do condutor";"Colisão traseira";"Com Vítimas Feridas";"Anoitecer";"Crescente";"Céu Claro";"Dupla";"Reta";"Sim";3;0;1;0;2;0;1;3;-22,659292;-43,250737;"SPRF-RJ";"DEL01-RJ";"UOP02-DEL01-RJ"
786731;2026-05-01;"sexta-feira";"12:36:00";"PA";163;208;"NOVO PROGRESSO";"Ausência de reação do condutor";"Saída de leito carroçável";"Sem Vítimas";"Pleno dia";"Crescente";"Ignorado";"Simples";"Reta";"Não";4;0;0;0;0;4;0;1;-7,88326;-55,179488;"SPRF-PA";"DEL05-PA";"UOP03-DEL05-PA"
786732;2026-07-20;"segunda-feira";"16:00:00";"SP";116;285;"EMBU DAS ARTES";"Condutor deixou de manter distância do veículo da frente";"Colisão traseira";"Com Vítimas Feridas";"Pleno dia";"Crescente";"Céu Claro";"Simples";"Retorno Regulamentado";"Não";2;0;1;0;1;0;1;2;-23,68072854;-46,85935535;"SPRF-SP";"DEL04-SP";"UOP01-DEL04-SP"
786734;2026-07-20;"segunda-feira";"15:30:00";"AM";319;64;"CANUTAMA";"Acessar a via sem observar a presença dos outros veículos";"Colisão transversal";"Sem Vítimas";"Pleno dia";"Decrescente";"Céu Claro";"Simples";"Reta";"Não";3;0;0;0;2;1;0;2;-8,19727;-63,86377;"SPRF-AM";"DEL01-AM";"UOP04-DEL01-AM"
786735;2026-07-20;"segunda-feira";"14:00:00";"RJ";116;101;"GUAPIMIRIM";"Ausência de reação do condutor";"Colisão traseira";"Com Vítimas Feridas";"Pleno dia";"Decrescente";"Céu Claro";"Simples";"Em Obras;Reta";"Não";2;0;0;1;1;0;1;2;-22,488395;-43,0033;"SPRF-RJ";"DEL04-RJ";"UOP01-DEL04-RJ"
786736;2026-07-20;"segunda-feira";"17:30:00";"MG";40;525,8;"CONTAGEM";"Reação tardia ou ineficiente do condutor";"Colisão lateral mesmo sentido";"Com Vítimas Feridas";"Anoitecer";"Crescente";"Céu Claro";"Múltipla";"Interseção de Vias";"Sim";3;0;1;0;2;0;1;2;-19,89121186;-44,05038921;"SPRF-MG";"DEL01-MG";"UOP02-DEL01-MG"
786737;2026-07-20;"segunda-feira";"13:42:00";"RJ";40;115;"DUQUE DE CAXIAS";"Reação tardia ou ineficiente do condutor";"Colisão com objeto";"Com Vítimas Feridas";"Pleno dia";"Crescente";"Céu Claro";"Múltipla";"Declive;Reta";"Sim";3;0;3;0;0;0;3;1;-22,719288;-43,289885;"SPRF-RJ";"DEL01-RJ";"UOP02-DEL01-RJ"
786738;2026-07-20;"segunda-feira";"15:10:00";"RJ";40;121;"DUQUE DE CAXIAS";"Manobra de mudança de faixa";"Colisão lateral mesmo sentido";"Com Vítimas Feridas";"Pleno dia";"Crescente";"Sol";"Dupla";"Reta";"Sim";2;0;1;0;1;0;1;2;-22,78972;-43,285702;"SPRF-RJ";"DEL01-RJ";"UOP02-DEL01-RJ"
786739;2026-05-17;"domingo";"18:47:00";"PA";163;336,2;"NOVO PROGRESSO";"Ausência de reação do condutor";"Tombamento";"Sem Vítimas";"Anoitecer";"Decrescente";"Nublado";"Simples";"Reta";"Não";1;0;0;0;0;1;0;1;-6,84722064;-55,46638007;"SPRF-PA";"DEL05-PA";"UOP03-DEL05-PA"
786740;2026-07-20;"segunda-feira";"17:30:00";"GO";70;3,1;"AGUAS LINDAS DE GOIAS";"Velocidade Incompatível";"Colisão traseira";"Com Vítimas Feridas";"Pleno dia";"Crescente";"Céu Claro";"Dupla";"Reta";"Sim";4;0;1;0;2;1;1;3;-15,759735;-48,247125;"SPRF-DF";"DEL03-DF";"UOP02-DEL03-DF"
786741;2026-07-20;"segunda-feira";"15:50:00";"PI";343;304,8;"ALTOS";"Acessar a via sem observar a presença dos outros veículos";"Colisão lateral mesmo sentido";"Com Vítimas Feridas";"Pleno dia";"Decrescente";"Céu Claro";"Simples";"Reta";"Sim";2;0;1;0;1;0;1;2;-5,0334;-42,442197;"SPRF-PI";"DEL01-PI";"UOP01-DEL01-PI"
786742;2026-07-20;"segunda-feira";"17:15:00";"PA";222;124;"RONDON DO PARA";"Acessar a via sem observar a presença dos outros veículos";"Colisão transversal";"Com Vítimas Fatais";"Pleno dia";"Crescente";"Sol";"Simples";"Interseção de Vias;Aclive;Reta";"Não";3;2;0;0;1;0;0;2;-4,851677;-48,213663;"SPRF-PA";"DEL02-PA";"UOP02-DEL02-PA"
786744;2026-07-20;"segunda-feira";"17:25:00";"PR";277;427,5;"CANTAGALO";"Velocidade Incompatível";"Colisão traseira";"Com Vítimas Feridas";"Pleno dia";"Crescente";"Céu Claro";"Simples";"Curva";"Sim";3;0;1;0;2;0;1;2;-25,3807392;-52,1362451;"SPRF-PR";"DEL04-PR";"UOP02-DEL04-PR"
786745;2026-07-20;"segunda-feira";"18:00:00";"SP";381;11,4;"VARGEM";"Ausência de reação do condutor";"Colisão traseira";"Com Vítimas Feridas";"Anoitecer";"Crescente";"Céu Claro";"Múltipla";"Reta";"Não";3;0;1;0;2;0;1;2;-22,90594308;-46,42284996;"SPRF-SP";"DEL03-SP";"UOP02-DEL03-SP"
786748;2026-07-20;"segunda-feira";"17:30:00";"PE";232;99,7;"BEZERROS";"Ultrapassagem Indevida";"Colisão transversal";"Com Vítimas Feridas";"Anoitecer";"Crescente";"Garoa/Chuvisco";"Simples";"Reta";"Sim";3;0;2;0;1;0;2;2;-8,23789;-35,74486;"SPRF-PE";"DEL02-PE";"UOP03-DEL02-PE"
786749;2026-07-20;"segunda-feira";"15:15:00";"MG";50;191,8;"UBERABA";"Reação tardia ou ineficiente do condutor";"Colisão com objeto";"Com Vítimas Feridas";"Pleno dia";"Decrescente";"Céu Claro";"Dupla";"Reta;Aclive";"Não";2;0;1;0;1;0;1;2;-19,866765;-47,862395;"SPRF-MG";"DEL13-MG";"UOP01-DEL13-MG"
786750;2026-07-20;"segunda-feira";"17:45:00";"SP";116;104;"TAUBATE";"Reação tardia ou ineficiente do condutor";"Colisão traseira";"Com Vítimas Feridas";"Pleno dia";"Crescente";"Céu Claro";"Dupla";"Reta";"Não";2;0;1;0;1;0;1;2;-23,0038335;-45,50747965;"SPRF-SP";"DEL02-SP";"UOP02-DEL02-SP"
786786;2026-06-15;"segunda-feira";"19:00:00";"PB";230;335;"PATOS";"Entrada inopinada do pedestre";"Atropelamento de Pedestre";"Com Vítimas Feridas";"Plena Noite";"Crescente";"Céu Claro";"Simples";"Reta";"Não";2;0;1;1;0;0;2;2;-7,0088;-37,280819;"SPRF-PB";"DEL03-PB";"UOP01-DEL03-PB"
786787;2026-07-20;"segunda-feira";"17:53:00";"DF";70;11;"BRASILIA";"Acessar a via sem observar a presença dos outros veículos";"Colisão traseira";"Com Vítimas Feridas";"Pleno dia";"Decrescente";"Céu Claro";"Dupla";"Reta";"Sim";2;0;1;0;1;0;1;2;-15,790542;-48,151565;"SPRF-DF";"DEL03-DF";"UOP02-DEL03-DF"
786788;2026-07-20;"segunda-feira";"15:44:00";"PB";412;18,8;"BOA VISTA";"Ausência de reação do condutor";"Saída de leito carroçável";"Com Vítimas Feridas";"Pleno dia";"Decrescente";"Sol";"Simples";"Reta";"Não";1;0;1;0;0;0;1;1;-7,2582;-36,23311;"SPRF-PB";"DEL02-PB";"UOP02-DEL02-PB"
786789;2026-07-11;"sábado";"00:26:00";"MS";163;300,7;"DOURADINA";"Manobra de mudança de faixa";"Colisão lateral mesmo sentido";"Sem Vítimas";"Pleno dia";"Crescente";"Céu Claro";"Simples";"Reta";"Não";4;0;0;0;2;2;0;4;-21,95123;-54,53567;"SPRF-MS";"DEL02-MS";"UOP02-DEL02-MS"
786790;2026-07-20;"segunda-feira";"18:00:00";"RJ";101;481;"ANGRA DOS REIS";"Reação tardia ou ineficiente do condutor";"Colisão transversal";"Com Vítimas Feridas";"Plena Noite";"Crescente";"Céu Claro";"Simples";"Reta";"Sim";2;0;0;1;1;0;1;2;-23,00985752;-44,29153774;"SPRF-RJ";"DEL03-RJ";"UOP03-DEL03-RJ"
786791;2026-07-20;"segunda-feira";"19:00:00";"RJ";101;443;"MANGARATIBA";"Velocidade Incompatível";"Saída de leito carroçável";"Sem Vítimas";"Plena Noite";"Crescente";"Nublado";"Simples";"Reta";"Não";2;0;0;0;2;0;0;1;-22,93057123;-43,97895813;"SPRF-RJ";"DEL03-RJ";"UOP02-DEL03-RJ"
786792;2026-07-20;"segunda-feira";"16:55:00";"RO";364;375,7;"OURO PRETO DO OESTE";"Demais falhas mecânicas ou elétricas";"Queda de ocupante de veículo";"Com Vítimas Feridas";"Pleno dia";"Decrescente";"Sol";"Simples";"Curva;Declive";"Não";2;0;2;0;0;0;2;1;-10,73556;-62,19094;"SPRF-RO";"DEL02-RO";"UOP01-DEL02-RO"
786793;2026-07-20;"segunda-feira";"18:45:00";"MG";116;278,9;"TEOFILO OTONI";"Ausência de sinalização";"Colisão com objeto";"Com Vítimas Feridas";"Plena Noite";"Crescente";"Chuva";"Dupla";"Reta";"Sim";2;0;0;2;0;0;2;1;-17,874723;-41,520587;"SPRF-MG";"DEL11-MG";"UOP01-DEL11-MG"
786794;2026-07-20;"segunda-feira";"17:00:00";"RO";364;14;"VILHENA";"Acessar a via sem observar a presença dos outros veículos";"Colisão transversal";"Com Vítimas Feridas";"Anoitecer";"Decrescente";"Céu Claro";"Dupla";"Interseção de Vias";"Sim";2;0;1;0;1;0;1;2;-12,73900911;-60,13957536;"SPRF-RO";"DEL04-RO";"UOP01-DEL04-RO"
786795;2026-07-20;"segunda-feira";"18:00:00";"MG";116;413,2;"GOVERNADOR VALADARES";"Reação tardia ou ineficiente do condutor";"Colisão com objeto";"Com Vítimas Feridas";"Plena Noite";"Crescente";"Nublado";"Simples";"Reta";"Sim";1;0;1;0;0;0;1;1;-18,8816;-41,95845;"SPRF-MG";"DEL06-MG";"UOP01-DEL06-MG"
786796;2026-07-20;"segunda-feira";"18:30:00";"PI";343;344;"TERESINA";"Condutor deixou de manter distância do veículo da frente";"Colisão traseira";"Com Vítimas Feridas";"Plena Noite";"Crescente";"Céu Claro";"Simples";"Aclive;Reta";"Sim";2;0;1;0;1;0;1;2;-5,09364185;-42,76231796;"SPRF-PI";"DEL01-PI";"UOP01-DEL01-PI"
786797;2026-07-20;"segunda-feira";"18:10:00";"PI";343;249,9;"CAMPO MAIOR";"Manobra de mudança de faixa";"Colisão transversal";"Com Vítimas Feridas";"Plena Noite";"Crescente";"Céu Claro";"Simples";"Interseção de Vias";"Não";3;0;2;0;1;0;2;2;-4,72557392;-42,10311636;"SPRF-PI";"DEL01-PI";"UOP03-DEL01-PI"
786798;2026-07-20;"segunda-feira";"18:45:00";"MG";116;413;"GOVERNADOR VALADARES";"Condutor deixou de manter distância do veículo da frente";"Colisão traseira";"Com Vítimas Feridas";"Plena Noite";"Decrescente";"Céu Claro";"Dupla";"Reta";"Sim";4;0;1;0;2;1;1;3;-18,88164;-41,9580066;"SPRF-MG";"DEL06-MG";"UOP01-DEL06-MG"
786799;2026-07-20;"segunda-feira";"19:45:00";"ES";101;235,9;"FUNDAO";"Entrada inopinada do pedestre";"Atropelamento de Pedestre";"Com Vítimas Fatais";"Plena Noite";"Decrescente";"Nublado";"Simples";"Reta";"Não";3;1;0;0;0;2;0;2;-19,984205;-40,41373;"SPRF-ES";"DEL02-ES";"UOP01-DEL02-ES"
786800;2026-07-20;"segunda-feira";"19:40:00";"GO";40;96;"CRISTALINA";"Acessar a via sem observar a presença dos outros veículos";"Colisão transversal";"Com Vítimas Feridas";"Plena Noite";"Crescente";"Céu Claro";"Simples";"Interseção de Vias;Declive";"Sim";3;0;1;0;1;1;1;2;-16,75803441;-47,60129062;"SPRF-DF";"DEL01-DF";"UOP02-DEL01-DF"
786801;2026-07-20;"segunda-feira";"19:00:00";"PE";232;12;"JABOATAO DOS GUARARAPES";"Manobra de mudança de faixa";"Colisão lateral mesmo sentido";"Sem Vítimas";"Plena Noite";"Decrescente";"Garoa/Chuvisco";"Dupla";"Reta";"Não";2;0;0;0;1;1;0;2;-8,08599838;-35,00293493;"SPRF-PE";"DEL01-PE";"UOP01-DEL01-PE"
786804;2026-07-20;"segunda-feira";"16:45:00";"MA";226;523;"LAJEADO NOVO";"Acessar a via sem observar a presença dos outros veículos";"Colisão transversal";"Com Vítimas Feridas";"Pleno dia";"Crescente";"Céu Claro";"Simples";"Reta;Interseção de Vias";"Não";6;0;2;0;4;0;2;2;-6,16582;-47,00244;"SPRF-MA";"DEL04-MA";"UOP02-DEL04-MA"
786806;2026-07-20;"segunda-feira";"15:30:00";"PA";10;180;"IPIXUNA DO PARA";"Demais falhas mecânicas ou elétricas";"Eventos atípicos";"Sem Vítimas";"Pleno dia";"Decrescente";"Céu Claro";"Simples";"Reta";"Não";2;0;0;0;0;2;0;1;-2,876197;-47,436838;"SPRF-PA";"DEL02-PA";"UOP01-DEL02-PA"
786807;2026-07-20;"segunda-feira";"19:50:00";"PR";369;98;"JAPIRA";"Acessar a via sem observar a presença dos outros veículos";"Colisão transversal";"Com Vítimas Feridas";"Plena Noite";"Crescente";"Céu Claro";"Simples";"Interseção de Vias;Reta";"Não";6;0;4;0;2;0;4;2;-23,76570878;-50,18765354;"SPRF-PR";"DEL07-PR";"UOP05-DEL07-PR"
786811;2026-07-20;"segunda-feira";"16:40:00";"MT";163;838;"SINOP";"Conversão proibida";"Colisão transversal";"Com Vítimas Feridas";"Pleno dia";"Crescente";"Céu Claro";"Dupla";"Reta";"Sim";2;0;1;1;0;0;2;2;-11,83698553;-55,48899924;"SPRF-MT";"DEL06-MT";"UOP02-DEL06-MT"
786812;2026-07-20;"segunda-feira";"18:40:00";"MG";262;37;"MANHUACU";"Conversão proibida";"Colisão transversal";"Com Vítimas Feridas";"Plena Noite";"Crescente";"Ignorado";"Simples";"Reta";"Sim";2;0;0;1;1;0;1;2;-20,270032;-42,03945;"SPRF-MG";"DEL06-MG";"UOP03-DEL06-MG"
786813;2026-07-20;"segunda-feira";"19:32:00";"MG";50;12,5;"UBERLANDIA";"Transitar na contramão";"Colisão frontal";"Com Vítimas Fatais";"Plena Noite";"Crescente";"Céu Claro";"Dupla";"Reta;Aclive";"Não";2;1;0;0;1;0;0;2;-18,897558;-48,192525;"SPRF-MG";"DEL15-MG";"UOP01-DEL15-MG"
786815;2026-07-20;"segunda-feira";"18:46:00";"PI";343;589,3;"FLORIANO";"Ausência de reação do condutor";"Tombamento";"Com Vítimas Feridas";"Plena Noite";"Decrescente";"Céu Claro";"Dupla";"Reta";"Sim";1;0;0;1;0;0;1;1;-6,779453;-43,01146;"SPRF-PI";"DEL03-PI";"UOP01-DEL03-PI"
786816;2026-07-20;"segunda-feira";"19:00:00";"SC";101;123;"ITAJAI";"Reação tardia ou ineficiente do condutor";"Saída de leito carroçável";"Com Vítimas Feridas";"Plena Noite";"Crescente";"Céu Claro";"Múltipla";"Viaduto;Reta";"Sim";1;0;1;0;0;0;1;1;-26,93475808;-48,70069969;"SPRF-SC";"DEL04-SC";"UOP04-DEL04-SC"
786817;2026-07-20;"segunda-feira";"21:00:00";"SP";381;78;"SAO PAULO";"Pedestre andava na pista";"Atropelamento de Pedestre";"Com Vítimas Feridas";"Plena Noite";"Decrescente";"Céu Claro";"Múltipla";"Curva";"Não";2;0;1;0;1;0;1;2;-23,401763;-46,575332;"SPRF-SP";"DEL03-SP";"UOP01-DEL03-SP"
786818;2026-04-10;"sexta-feira";"16:10:00";"MA";226;60;"MATOES";"Reação tardia ou ineficiente do condutor";"Colisão frontal";"Com Vítimas Feridas";"Pleno dia";"Decrescente";"Céu Claro";"Simples";"Reta";"Não";2;0;2;0;0;0;2;2;-5,196702;-43,324134;"SPRF-MA";"DEL03-MA";"UOP02-DEL03-MA"
786819;2026-07-20;"segunda-feira";"19:30:00";"CE";20;55,5;"TAUA";"Ausência de reação do condutor";"Colisão traseira";"Com Vítimas Fatais";"Plena Noite";"Crescente";"Céu Claro";"Simples";"Reta";"Não";3;1;2;0;0;0;2;2;-6,155305;-40,483773;"SPRF-CE";"DEL02-CE";"UOP02-DEL02-CE"
786821;2026-07-20;"segunda-feira";"20:45:00";"RO";364;723;"PORTO VELHO";"Condutor deixou de manter distância do veículo da frente";"Colisão traseira";"Com Vítimas Feridas";"Plena Noite";"Crescente";"Céu Claro";"Simples";"Reta";"Não";3;0;1;0;2;0;1;3;-8,7936225;-63,90450669;"SPRF-RO";"DEL01-RO";"UOP01-DEL01-RO"
786825;2026-07-20;"segunda-feira";"18:45:00";"SP";153;337;"OURINHOS";"Velocidade Incompatível";"Colisão com objeto";"Com Vítimas Feridas";"Plena Noite";"Crescente";"Céu Claro";"Simples";"Curva;Aclive";"Não";1;0;1;0;0;0;1;1;-22,91325318;-49,89059893;"SPRF-SP";"DEL07-SP";"UOP03-DEL07-SP"
786826;2026-07-20;"segunda-feira";"21:20:00";"MG";381;374,7;"SAO GONCALO DO RIO ABAIXO";"Reação tardia ou ineficiente do condutor";"Saída de leito carroçável";"Com Vítimas Feridas";"Plena Noite";"Decrescente";"Céu Claro";"Simples";"Curva";"Sim";1;0;1;0;0;0;1;1;-19,83446;-43,35115;"SPRF-MG";"DEL01-MG";"UOP01-DEL01-MG"
786829;2026-07-20;"segunda-feira";"21:15:00";"RJ";465;14;"SEROPEDICA";"Acessar a via sem observar a presença dos outros veículos";"Colisão lateral mesmo sentido";"Com Vítimas Feridas";"Plena Noite";"Crescente";"Céu Claro";"Simples";"Reta";"Sim";2;0;1;0;1;0;1;2;-22,807554;-43,635065;"SPRF-RJ";"DEL06-RJ";"UOP02-DEL06-RJ"
786830;2026-05-31;"domingo";"17:15:00";"SC";470;134,1;"RIO DO SUL";"Acessar a via sem observar a presença dos outros veículos";"Colisão transversal";"Com Vítimas Feridas";"Anoitecer";"Crescente";"Céu Claro";"Simples";"Reta";"Sim";3;0;1;0;2;0;1;2;-27,183433;-49,602203;"SPRF-SC";"DEL04-SC";"UOP02-DEL04-SC"