"id";"data_inversa";"dia_semana";"horario";"uf";"br";"km";"municipio";"causa_acidente";"tipo_acidente";"classificacao_acidente";"fase_dia";"sentido_via";"condicao_metereologica";"tipo_pista";"tracado_via";"uso_solo";"pessoas";"mortos";"feridos_leves";"feridos_graves";"ilesos";"ignorados";"feridos";"veiculos";"latitude";"longitude";"regional";"delegacia";"uop"
787071;2026-07-22;"quarta-feira";"03:00:00";"RJ";101;297;"ITABORAI";"Animais na Pista";"Atropelamento de Animal";"Com Vítimas Feridas";"Pleno dia";"Decrescente";"Céu Claro";"Simples";"Reta";"Sim";1;0;1;0;0;0;1;1;-22,7712101;-42,92230574;"SPRF-RJ";"DEL02-RJ";"UOP02-DEL02-RJ"
787072;2026-07-22;"quarta-feira";"02:30:00";"MT";174;4;"PONTES E LACERDA";"Reação tardia ou ineficiente do condutor";"Queda de ocupante de veículo";"Com Vítimas Feridas";"Plena Noite";"Decrescente";"Céu Claro";"Simples";"Reta";"Sim";1;0;0;1;0;0;1;1;-15,23665547;-59,34087038;"SPRF-MT";"DEL03-MT";"UOP01-DEL03-MT"
787074;2026-07-22;"quarta-feira";"02:30:00";"SC";101;325;"CAPIVARI DE BAIXO";"Reação tardia ou ineficiente do condutor";"Saída de leito carroçável";"Com Vítimas Feridas";"Plena Noite";"Decrescente";"Céu Claro";"Múltipla";"Reta";"Não";1;0;1;0;0;0;1;1;-28,4387393;-48,96177862;"SPRF-SC";"DEL02-SC";"UOP01-DEL02-SC"
787076;2026-07-22;"quarta-feira";"03:00:00";"MT";163;579;"NOVA MUTUM";"Demais falhas mecânicas ou elétricas";"Tombamento";"Com Vítimas Feridas";"Plena Noite";"Crescente";"Céu Claro";"Dupla";"Curva";"Não";37;0;2;1;34;0;3;1;-13,994572;-56,097257;"SPRF-MT";"DEL01-MT";"UOP01-DEL01-MT"
787078;2026-07-22;"quarta-feira";"05:30:00";"DF";40;7,2;"BRASILIA";"Transitar no Acostamento";"Colisão traseira";"Com Vítimas Feridas";"Amanhecer";"Decrescente";"Céu Claro";"Dupla";"Aclive;Reta";"Não";3;0;1;0;2;0;1;3;-16,04088;-47,97968;"SPRF-DF";"DEL01-DF";"UOP01-DEL01-DF"
787082;2026-07-22;"quarta-feira";"06:00:00";"PA";316;37,1;"SANTA IZABEL DO PARA";"Ausência de reação do condutor";"Colisão traseira";"Com Vítimas Fatais";"Pleno dia";"Crescente";"Nublado";"Dupla";"Reta";"Não";2;1;0;0;1;0;0;2;-1,281722;-48,132744;"SPRF-PA";"DEL01-PA";"UOP01-DEL01-PA"
787084;2026-07-21;"terça-feira";"19:00:00";"AP";210;2,8;"MACAPA";"Pedestre andava na pista";"Atropelamento de Pedestre";"Com Vítimas Feridas";"Plena Noite";"Crescente";"Céu Claro";"Simples";"Reta;Declive";"Sim";2;0;0;1;1;0;1;2;0,08464;-51,08112;"SPRF-AP";"DEL01-AP";"UOP01-DEL01-AP"
787085;2026-07-22;"quarta-feira";"06:30:00";"SC";470;140,4;"RIO DO SUL";"Ausência de reação do condutor";"Colisão transversal";"Com Vítimas Feridas";"Amanhecer";"Decrescente";"Chuva";"Simples";"Declive;Reta";"Sim";2;0;1;0;1;0;1;2;-27,2051462;-49,6421243;"SPRF-SC";"DEL04-SC";"UOP02-DEL04-SC"
787086;2026-07-22;"quarta-feira";"05:30:00";"RO";425;60;"NOVA MAMORE";"Acumulo de areia ou detritos sobre o pavimento";"Capotamento";"Com Vítimas Feridas";"Plena Noite";"Crescente";"Céu Claro";"Simples";"Reta";"Não";2;0;1;0;1;0;1;1;-10,229302;-65,279213;"SPRF-RO";"DEL01-RO";"UOP03-DEL01-RO"
787087;2026-07-21;"terça-feira";"19:30:00";"MG";262;737;"SACRAMENTO";"Ausência de reação do condutor";"Colisão traseira";"Com Vítimas Feridas";"Plena Noite";"Crescente";"Céu Claro";"Simples";"Reta;Aclive";"Não";3;0;1;0;2;0;1;2;-19,623243;-47,485008;"SPRF-MG";"DEL08-MG";"UOP01-DEL08-MG"
787088;2026-07-22;"quarta-feira";"07:00:00";"BA";116;702;"JEQUIE";"Ausência de reação do condutor";"Capotamento";"Com Vítimas Feridas";"Pleno dia";"Decrescente";"Nublado";"Simples";"Curva";"Não";4;0;3;0;1;0;3;1;-14,08633377;-40,21457132;"SPRF-BA";"DEL03-BA";"UOP01-DEL03-BA"
787089;2026-07-22;"quarta-feira";"01:05:00";"RO";364;315;"PRESIDENTE MEDICI";"Ingestão de álcool pelo condutor";"Colisão traseira";"Com Vítimas Feridas";"Plena Noite";"Crescente";"Céu Claro";"Simples";"Reta";"Não";6;0;4;0;2;0;4;2;-11,11923976;-61,90168127;"SPRF-RO";"DEL02-RO";"UOP01-DEL02-RO"
787090;2026-07-22;"quarta-feira";"07:30:00";"MA";135;4;"SAO LUIS";"Transitar na contramão";"Atropelamento de Pedestre";"Com Vítimas Feridas";"Pleno dia";"Crescente";"Céu Claro";"Dupla";"Reta";"Sim";2;0;1;0;1;0;1;2;-2,61659281;-44,25446375;"SPRF-MA";"DEL01-MA";"UOP01-DEL01-MA"
787091;2026-07-22;"quarta-feira";"07:00:00";"RS";290;545,6;"ALEGRETE";"Transitar na contramão";"Colisão frontal";"Com Vítimas Fatais";"Amanhecer";"Crescente";"Garoa/Chuvisco";"Simples";"Curva";"Não";5;1;2;2;0;0;4;2;-29,95850402;-55,46482086;"SPRF-RS";"DEL13-RS";"UOP02-DEL13-RS"
787093;2026-07-22;"quarta-feira";"07:00:00";"RJ";101;484;"MANGARATIBA";"Reação tardia ou ineficiente do condutor";"Colisão lateral mesmo sentido";"Com Vítimas Feridas";"Pleno dia";"Decrescente";"Céu Claro";"Simples";"Reta";"Sim";2;0;1;0;1;0;1;2;-22,934935;-43,9992711;"SPRF-RJ";"DEL03-RJ";"UOP03-DEL03-RJ"
787094;2026-06-26;"sexta-feira";"13:40:00";"PB";230;362;"MALTA";"Ausência de reação do condutor";"Colisão traseira";"Com Vítimas Feridas";"Pleno dia";"Decrescente";"Nublado";"Simples";"Reta";"Não";2;0;1;1;0;0;2;2;-6,910303;-37,498878;"SPRF-PB";"DEL03-PB";"UOP02-DEL03-PB"
787096;2026-07-22;"quarta-feira";"06:01:00";"MG";40;278,8;"TRES MARIAS";"Acessar a via sem observar a presença dos outros veículos";"Colisão lateral mesmo sentido";"Sem Vítimas";"Pleno dia";"Crescente";"Céu Claro";"Simples";"Reta";"Não";2;0;0;0;2;0;0;2;-18,22743172;-45,219457;"SPRF-MG";"DEL14-MG";"UOP02-DEL14-MG"
787097;2026-07-07;"terça-feira";"00:15:00";"MG";381;488,5;"BETIM";"Reação tardia ou ineficiente do condutor";"Queda de ocupante de veículo";"Com Vítimas Feridas";"Plena Noite";"Decrescente";"Céu Claro";"Múltipla";"Aclive;Reta";"Não";1;0;1;0;0;0;1;1;-19,95598103;-44,12862388;"SPRF-MG";"DEL01-MG";"UOP03-DEL01-MG"
787099;2026-07-22;"quarta-feira";"08:30:00";"ES";262;16,6;"VIANA";"Acessar a via sem observar a presença dos outros veículos";"Colisão transversal";"Com Vítimas Feridas";"Pleno dia";"Crescente";"Sol";"Simples";"Reta";"Sim";2;0;1;0;1;0;1;2;-20,385;-40,4689983;"SPRF-ES";"DEL01-ES";"UOP01-DEL01-ES"
787100;2026-07-22;"quarta-feira";"08:31:00";"PE";101;88,2;"JABOATAO DOS GUARARAPES";"Condutor deixou de manter distância do veículo da frente";"Engavetamento";"Com Vítimas Feridas";"Pleno dia";"Decrescente";"Céu Claro";"Dupla";"Reta";"Não";4;0;1;0;3;0;1;3;-8,201732;-34,979818;"SPRF-PE";"DEL01-PE";"UOP01-DEL01-PE"
787101;2026-06-12;"sexta-feira";"11:50:00";"MG";50;73;"UBERLANDIA";"Condutor deixou de manter distância do veículo da frente";"Colisão traseira";"Com Vítimas Feridas";"Pleno dia";"Decrescente";"Céu Claro";"Dupla";"Reta";"Sim";2;0;1;0;1;0;1;2;-18,86535664;-48,25435638;"SPRF-MG";"DEL15-MG";"UOP01-DEL15-MG"
787103;2026-07-22;"quarta-feira";"08:05:00";"PR";373;180;"PONTA GROSSA";"Retorno proibido";"Colisão transversal";"Com Vítimas Feridas";"Pleno dia";"Crescente";"Chuva";"Dupla";"Reta";"Não";5;0;0;4;1;0;4;2;-25,0407426;-50,2522943;"SPRF-PR";"DEL03-PR";"UOP01-DEL03-PR"
787105;2026-07-22;"quarta-feira";"09:00:00";"PR";277;18,9;"MORRETES";"Avarias e/ou desgaste excessivo no pneu";"Tombamento";"Com Vítimas Feridas";"Pleno dia";"Crescente";"Chuva";"Dupla";"Reta";"Não";2;0;1;0;1;0;1;1;-25,53788417;-48,69647487;"SPRF-PR";"DEL01-PR";"UOP05-DEL01-PR"
787106;2026-07-22;"quarta-feira";"06:20:00";"RJ";40;125;"RIO DE JANEIRO";"Manobra de mudança de faixa";"Colisão lateral mesmo sentido";"Com Vítimas Feridas";"Pleno dia";"Crescente";"Céu Claro";"Simples";"Reta";"Não";2;0;1;0;1;0;1;2;-22,812045;-43,287962;"SPRF-RJ";"DEL01-RJ";"UOP02-DEL01-RJ"
787107;2026-07-22;"quarta-feira";"08:22:00";"PR";116;45;"CAMPINA GRANDE DO SUL";"Pista Escorregadia";"Saída de leito carroçável";"Com Vítimas Feridas";"Pleno dia";"Crescente";"Chuva";"Dupla";"Reta;Aclive";"Não";7;0;4;1;2;0;5;1;-25,19374625;-48,88898246;"SPRF-PR";"DEL01-PR";"UOP02-DEL01-PR"
787109;2026-07-22;"quarta-feira";"07:30:00";"RJ";40;122;"DUQUE DE CAXIAS";"Trafegar com motocicleta (ou similar) entre as faixas";"Tombamento";"Com Vítimas Feridas";"Pleno dia";"Crescente";"Céu Claro";"Múltipla";"Reta";"Não";2;0;1;0;1;0;1;1;-22,796297;-43,28852;"SPRF-RJ";"DEL01-RJ";"UOP02-DEL01-RJ"
787110;2026-07-22;"quarta-feira";"09:10:00";"RS";392;5;"RIO GRANDE";"Pista Escorregadia";"Capotamento";"Com Vítimas Feridas";"Pleno dia";"Decrescente";"Garoa/Chuvisco";"Simples";"Reta";"Sim";1;0;1;0;0;0;1;1;-32,07683751;-52,10128482;"SPRF-RS";"DEL07-RS";"UOP02-DEL07-RS"
787112;2026-07-22;"quarta-feira";"09:30:00";"PR";116;125;"FAZENDA RIO GRANDE";"Chuva";"Tombamento";"Com Vítimas Feridas";"Pleno dia";"Decrescente";"Chuva";"Dupla";"Reta";"Sim";1;0;1;0;0;0;1;1;-25,630149;-49,313715;"SPRF-PR";"DEL01-PR";"UOP03-DEL01-PR"
787114;2026-07-22;"quarta-feira";"10:21:00";"DF";60;6,7;"BRASILIA";"Reação tardia ou ineficiente do condutor";"Colisão traseira";"Com Vítimas Feridas";"Pleno dia";"Crescente";"Céu Claro";"Dupla";"Reta";"Sim";2;0;1;0;1;0;1;2;-15,900268;-48,120932;"SPRF-DF";"DEL03-DF";"UOP01-DEL03-DF"
787116;2026-07-22;"quarta-feira";"06:40:00";"MG";116;551;"SANTA BARBARA DO LESTE";"Ausência de reação do condutor";"Colisão lateral mesmo sentido";"Com Vítimas Feridas";"Pleno dia";"Crescente";"Céu Claro";"Simples";"Reta";"Não";3;0;2;0;0;1;2;2;-19,986888;-42,1436;"SPRF-MG";"DEL06-MG";"UOP02-DEL06-MG"
787117;2026-07-22;"quarta-feira";"10:00:00";"CE";122;11;"OCARA";"Reação tardia ou ineficiente do condutor";"Saída de leito carroçável";"Com Vítimas Feridas";"Pleno dia";"Crescente";"Céu Claro";"Simples";"Reta;Declive";"Não";4;0;1;0;3;0;1;1;-4,3943533;-38,4957611;"SPRF-CE";"DEL01-CE";"UOP04-DEL01-CE"
787119;2026-07-22;"quarta-feira";"09:40:00";"PA";316;59,1;"CASTANHAL";"Ausência de reação do condutor";"Colisão traseira";"Com Vítimas Feridas";"Pleno dia";"Crescente";"Sol";"Dupla";"Reta;Aclive";"Não";2;0;0;1;1;0;1;2;-1,298608;-47,962635;"SPRF-PA";"DEL01-PA";"UOP01-DEL01-PA"
787120;2026-07-22;"quarta-feira";"05:45:00";"MT";70;524;"VARZEA GRANDE";"Acessar a via sem observar a presença dos outros veículos";"Colisão frontal";"Com Vítimas Feridas";"Amanhecer";"Crescente";"Céu Claro";"Simples";"Reta";"Sim";2;0;2;0;0;0;2;2;-15,651043;-56,19852;"SPRF-MT";"DEL01-MT";"UOP02-DEL01-MT"
787121;2026-07-22;"quarta-feira";"07:45:00";"MT";70;521;"VARZEA GRANDE";"Frear bruscamente";"Queda de ocupante de veículo";"Com Vítimas Feridas";"Pleno dia";"Decrescente";"Céu Claro";"Simples";"Reta";"Sim";1;0;1;0;0;0;1;1;-15,66706901;-56,18242979;"SPRF-MT";"DEL01-MT";"UOP02-DEL01-MT"
787123;2026-07-22;"quarta-feira";"09:30:00";"RJ";356;96;"CARDOSO MOREIRA";"Reação tardia ou ineficiente do condutor";"Colisão com objeto";"Com Vítimas Feridas";"Pleno dia";"Crescente";"Céu Claro";"Simples";"Curva";"Não";1;0;1;0;0;0;1;1;-21,5083751;-41,5551387;"SPRF-RJ";"DEL08-RJ";"UOP03-DEL08-RJ"
787127;2026-07-22;"quarta-feira";"08:30:00";"RJ";40;124;"DUQUE DE CAXIAS";"Trafegar com motocicleta (ou similar) entre as faixas";"Queda de ocupante de veículo";"Com Vítimas Feridas";"Pleno dia";"Crescente";"Céu Claro";"Dupla";"Reta";"Sim";2;0;1;0;1;0;1;1;-22,79508875;-43,28840853;"SPRF-RJ";"DEL01-RJ";"UOP02-DEL01-RJ"
787129;2026-07-22;"quarta-feira";"10:15:00";"SC";101;41,1;"JOINVILLE";"Reação tardia ou ineficiente do condutor";"Colisão com objeto";"Com Vítimas Feridas";"Pleno dia";"Crescente";"Chuva";"Dupla";"Curva";"Sim";2;0;1;0;1;0;1;1;-26,31685275;-48,87345012;"SPRF-SC";"DEL03-SC";"UOP01-DEL03-SC"
787130;2026-07-09;"quinta-feira";"10:15:00";"RJ";116;187;"NOVA IGUACU";"Ausência de reação do condutor";"Engavetamento";"Com Vítimas Feridas";"Pleno dia";"Decrescente";"Céu Claro";"Dupla";"Reta";"Sim";4;0;1;0;3;0;1;4;-22,73866495;-43,47681642;"SPRF-RJ";"DEL06-RJ";"UOP01-DEL06-RJ"
787131;2026-07-22;"quarta-feira";"10:22:00";"SP";116;511;"CAJATI";"Reação tardia ou ineficiente do condutor";"Queda de ocupante de veículo";"Com Vítimas Feridas";"Pleno dia";"Decrescente";"Nublado";"Simples";"Curva;Declive";"Não";1;0;1;0;0;0;1;1;-24,848696;-48,213966;"SPRF-SP";"DEL05-SP";"UOP02-DEL05-SP"
787133;2026-07-22;"quarta-feira";"11:15:00";"SC";282;4,4;"SAO JOSE";"Ausência de reação do condutor";"Colisão traseira";"Com Vítimas Feridas";"Pleno dia";"Crescente";"Chuva";"Múltipla";"Interseção de Vias;Reta";"Não";2;0;1;0;1;0;1;2;-27,59042;-48,608297;"SPRF-SC";"DEL01-SC";"UOP01-DEL01-SC"
787134;2026-07-22;"quarta-feira";"11:50:00";"SC";101;212;"PALHOCA";"Manobra de mudança de faixa";"Queda de ocupante de veículo";"Com Vítimas Feridas";"Pleno dia";"Decrescente";"Garoa/Chuvisco";"Múltipla";"Reta";"Sim";3;0;2;0;0;1;2;2;-27,635253;-48,663856;"SPRF-SC";"DEL01-SC";"UOP02-DEL01-SC"
787135;2026-07-22;"quarta-feira";"11:40:00";"MG";40;510;"RIBEIRAO DAS NEVES";"Manobra de mudança de faixa";"Colisão lateral mesmo sentido";"Com Vítimas Feridas";"Pleno dia";"Crescente";"Céu Claro";"Dupla";"Aclive;Reta";"Sim";2;0;1;0;0;1;1;2;-19,77422429;-44,12388425;"SPRF-MG";"DEL01-MG";"UOP02-DEL01-MG"
787136;2026-07-22;"quarta-feira";"11:35:00";"PR";163;213,5;"CASCAVEL";"Chuva";"Capotamento";"Com Vítimas Feridas";"Pleno dia";"Decrescente";"Chuva";"Dupla";"Reta";"Não";2;0;1;1;0;0;2;1;-24,893401;-53,545812;"SPRF-PR";"DEL04-PR";"UOP01-DEL04-PR"
787137;2026-07-22;"quarta-feira";"11:30:00";"RJ";101;540;"PARATY";"Reação tardia ou ineficiente do condutor";"Colisão frontal";"Com Vítimas Feridas";"Pleno dia";"Crescente";"Céu Claro";"Simples";"Aclive";"Não";6;0;5;0;1;0;5;2;-23,05057679;-44,58876221;"SPRF-RJ";"DEL03-RJ";"UOP04-DEL03-RJ"
787138;2026-07-22;"quarta-feira";"12:10:00";"MG";381;481,5;"CONTAGEM";"Reação tardia ou ineficiente do condutor";"Colisão com objeto";"Com Vítimas Feridas";"Pleno dia";"Decrescente";"Céu Claro";"Múltipla";"Reta";"Sim";2;0;1;0;1;0;1;1;-19,95912488;-44,06604258;"SPRF-MG";"DEL01-MG";"UOP03-DEL01-MG"
787139;2026-07-22;"quarta-feira";"11:20:00";"PR";163;174,6;"LINDOESTE";"Acumulo de água sobre o pavimento";"Colisão com objeto";"Com Vítimas Feridas";"Pleno dia";"Crescente";"Chuva";"Dupla";"Curva";"Não";1;0;1;0;0;0;1;1;-25,201657;-53,599946;"SPRF-PR";"DEL05-PR";"UOP05-DEL05-PR"
787143;2026-07-22;"quarta-feira";"12:20:00";"SC";101;216;"PALHOCA";"Acesso irregular";"Colisão transversal";"Com Vítimas Feridas";"Pleno dia";"Crescente";"Céu Claro";"Múltipla";"Viaduto";"Não";2;0;1;0;1;0;1;2;-27,67103398;-48,67208362;"SPRF-SC";"DEL01-SC";"UOP02-DEL01-SC"
787144;2026-07-22;"quarta-feira";"09:50:00";"PR";376;433,7;"TIBAGI";"Ausência de reação do condutor";"Saída de leito carroçável";"Com Vítimas Feridas";"Pleno dia";"Decrescente";"Chuva";"Dupla";"Curva;Declive";"Não";1;0;1;0;0;0;1;1;-24,80428557;-50,48891544;"SPRF-PR";"DEL03-PR";"UOP02-DEL03-PR"
787145;2026-07-22;"quarta-feira";"11:20:00";"RO";364;281;"PRESIDENTE MEDICI";"Reação tardia ou ineficiente do condutor";"Saída de leito carroçável";"Com Vítimas Feridas";"Pleno dia";"Decrescente";"Céu Claro";"Simples";"Reta";"Não";1;0;1;0;0;0;1;1;-11,376202;-61,818142;"SPRF-RO";"DEL02-RO";"UOP01-DEL02-RO"
787146;2026-07-22;"quarta-feira";"12:50:00";"ES";101;287;"CARIACICA";"Objeto estático sobre o leito carroçável";"Colisão com objeto";"Com Vítimas Feridas";"Pleno dia";"Decrescente";"Céu Claro";"Dupla";"Reta";"Não";1;0;1;0;0;0;1;1;-20,2678153;-40,3881881;"SPRF-ES";"DEL01-ES";"UOP01-DEL01-ES"
787148;2026-07-22;"quarta-feira";"12:50:00";"RS";386;37,8;"FREDERICO WESTPHALEN";"Condutor deixou de manter distância do veículo da frente";"Colisão traseira";"Com Vítimas Feridas";"Pleno dia";"Decrescente";"Garoa/Chuvisco";"Simples";"Reta";"Sim";2;0;1;0;1;0;1;2;-27,3911475;-53,4001099;"SPRF-RS";"DEL08-RS";"UOP02-DEL08-RS"
787152;2026-07-22;"quarta-feira";"13:05:00";"PR";163;177,8;"LINDOESTE";"Chuva";"Saída de leito carroçável";"Com Vítimas Feridas";"Pleno dia";"Crescente";"Chuva";"Dupla";"Reta";"Não";1;0;1;0;0;0;1;1;-25,175133;-53,60311;"SPRF-PR";"DEL05-PR";"UOP05-DEL05-PR"
787153;2026-07-22;"quarta-feira";"12:15:00";"RJ";101;319,3;"SAO GONCALO";"Ausência de reação do condutor";"Engavetamento";"Com Vítimas Feridas";"Pleno dia";"Crescente";"Sol";"Dupla";"Reta";"Não";5;0;1;0;4;0;1;5;-22,8556401;-43,1030314;"SPRF-RJ";"DEL02-RJ";"UOP01-DEL02-RJ"
787154;2026-07-22;"quarta-feira";"12:30:00";"PA";230;137;"MARABA";"Conversão proibida";"Colisão traseira";"Sem Vítimas";"Pleno dia";"Crescente";"Céu Claro";"Simples";"Aclive;Reta";"Não";2;0;0;0;1;1;0;2;-5,3254;-49,23902;"SPRF-PA";"DEL03-PA";"UOP01-DEL03-PA"
787155;2026-07-22;"quarta-feira";"09:50:00";"RJ";101;17;"CAMPOS DOS GOYTACAZES";"Transitar na contramão";"Colisão frontal";"Com Vítimas Feridas";"Pleno dia";"Crescente";"Céu Claro";"Simples";"Reta";"Não";2;0;0;1;0;1;1;2;-21,3662672;-41,3379286;"SPRF-RJ";"DEL08-RJ";"UOP01-DEL08-RJ"
787156;2026-07-22;"quarta-feira";"13:20:00";"SP";101;38;"UBATUBA";"Ausência de reação do condutor";"Colisão traseira";"Com Vítimas Feridas";"Pleno dia";"Crescente";"Céu Claro";"Simples";"Reta";"Não";5;0;1;0;4;0;1;2;-23,41398914;-45,02810955;"SPRF-SP";"DEL06-SP";"UOP01-DEL06-SP"
787157;2026-07-22;"quarta-feira";"13:30:00";"SP";116;221;"GUARULHOS";"Manobra de mudança de faixa";"Colisão lateral mesmo sentido";"Com Vítimas Feridas";"Pleno dia";"Crescente";"Céu Claro";"Dupla";"Reta";"Sim";5;0;2;0;3;0;2;2;-23,4664199;-46,5039781;"SPRF-SP";"DEL01-SP";"UOP01-DEL01-SP"
787160;2026-07-18;"sábado";"15:00:00";"BA";324;622;"SALVADOR";"Condutor deixou de manter distância do veículo da frente";"Colisão traseira";"Com Vítimas Feridas";"Pleno dia";"Crescente";"Chuva";"Dupla";"Reta";"Sim";3;0;1;0;0;2;1;2;-12,93208042;-38,47112842;"SPRF-BA";"DEL01-BA";"UOP01-DEL01-BA"
787162;2026-07-07;"terça-feira";"16:30:00";"PA";163;988;"SANTAREM";"Ausência de reação do condutor";"Colisão com objeto";"Sem Vítimas";"Pleno dia";"Crescente";"Céu Claro";"Simples";"Reta;Interseção de Vias";"Sim";3;0;0;0;2;1;0;2;-2,56291828;-54,72153783;"SPRF-PA";"DEL05-PA";"UOP01-DEL05-PA"
787163;2026-07-22;"quarta-feira";"14:35:00";"SE";235;5,8;"NOSSA SENHORA DO SOCORRO";"Avarias e/ou desgaste excessivo no pneu";"Tombamento";"Com Vítimas Feridas";"Pleno dia";"Crescente";"Nublado";"Múltipla";"Interseção de Vias;Reta;Aclive";"Não";1;0;1;0;0;0;1;1;-10,90330402;-37,13021485;"SPRF-SE";"DEL01-SE";"UOP01-DEL01-SE"
787164;2026-07-22;"quarta-feira";"13:44:00";"PE";101;68,2;"RECIFE";"Ausência de reação do condutor";"Colisão traseira";"Sem Vítimas";"Pleno dia";"Decrescente";"Chuva";"Dupla";"Viaduto";"Sim";2;0;0;0;2;0;0;2;-8,052703;-34,946187;"SPRF-PE";"DEL01-PE";"UOP01-DEL01-PE"
787166;2026-07-09;"quinta-feira";"05:50:00";"PR";116;126;"FAZENDA RIO GRANDE";"Manobra de mudança de faixa";"Colisão lateral mesmo sentido";"Com Vítimas Feridas";"Amanhecer";"Decrescente";"Céu Claro";"Dupla";"Reta";"Sim";2;0;1;0;1;0;1;2;-25,642267;-49,312767;"SPRF-PR";"DEL01-PR";"UOP03-DEL01-PR"
787168;2026-07-22;"quarta-feira";"12:30:00";"CE";222;315,8;"TIANGUA";"Velocidade Incompatível";"Tombamento";"Com Vítimas Feridas";"Pleno dia";"Decrescente";"Céu Claro";"Simples";"Reta";"Não";1;0;0;1;0;0;1;1;-3,750308;-41,015407;"SPRF-CE";"DEL04-CE";"UOP02-DEL04-CE"
787169;2026-07-22;"quarta-feira";"12:30:00";"SC";101;120;"ITAJAI";"Manobra de mudança de faixa";"Colisão lateral mesmo sentido";"Com Vítimas Feridas";"Pleno dia";"Decrescente";"Chuva";"Dupla";"Reta";"Não";2;0;0;1;1;0;1;2;-26,91766615;-48,7098047;"SPRF-SC";"DEL04-SC";"UOP04-DEL04-SC"
787170;2026-07-22;"quarta-feira";"08:15:00";"SC";282;0,2;"FLORIANOPOLIS";"Pista Escorregadia";"Saída de leito carroçável";"Com Vítimas Feridas";"Pleno dia";"Crescente";"Chuva";"Múltipla";"Curva";"Sim";1;0;1;0;0;0;1;1;-27,598963;-48,57478;"SPRF-SC";"DEL01-SC";"UOP01-DEL01-SC"
787171;2026-07-04;"sábado";"20:15:00";"PE";232;138,8;"SAO CAITANO";"Animais na Pista";"Atropelamento de Animal";"Com Vítimas Feridas";"Plena Noite";"Decrescente";"Céu Claro";"Dupla";"Reta";"Não";2;0;0;1;1;0;1;2;-8,32019;-36,07302;"SPRF-PE";"DEL02-PE";"UOP03-DEL02-PE"
787172;2026-07-22;"quarta-feira";"09:00:00";"MT";70;55;"BARRA DO GARCAS";"Reação tardia ou ineficiente do condutor";"Saída de leito carroçável";"Sem Vítimas";"Pleno dia";"Decrescente";"Sol";"Simples";"Reta";"Não";1;0;0;0;0;1;0;1;-15,87252792;-52,38551646;"SPRF-MT";"DEL07-MT";"UOP01-DEL07-MT"
787173;2026-07-22;"quarta-feira";"13:00:00";"PR";277;479,2;"NOVA LARANJEIRAS";"Ausência de reação do condutor";"Saída de leito carroçável";"Com Vítimas Feridas";"Pleno dia";"Decrescente";"Chuva";"Simples";"Declive;Reta";"Não";1;0;1;0;0;0;1;1;-25,29667645;-52,57186532;"SPRF-PR";"DEL04-PR";"UOP02-DEL04-PR"
787174;2026-07-22;"quarta-feira";"12:25:00";"SC";282;228,9;"LAGES";"Reação tardia ou ineficiente do condutor";"Colisão lateral sentido oposto";"Com Vítimas Feridas";"Pleno dia";"Decrescente";"Nublado";"Simples";"Curva";"Não";3;0;1;0;2;0;1;2;-27,78860433;-50,4241004;"SPRF-SC";"DEL05-SC";"UOP02-DEL05-SC"
787177;2026-07-10;"sexta-feira";"11:30:00";"AM";319;151;"MANAQUIRI";"Manobra de mudança de faixa";"Capotamento";"Com Vítimas Feridas";"Pleno dia";"Crescente";"Sol";"Simples";"Reta";"Não";6;0;3;0;3;0;3;2;-4,0334;-60,61702;"SPRF-AM";"DEL01-AM";"UOP04-DEL01-AM"
787178;2026-07-18;"sábado";"17:30:00";"CE";116;544;"PENAFORTE";"Ausência de reação do condutor";"Saída de leito carroçável";"Com Vítimas Fatais";"Plena Noite";"Crescente";"Céu Claro";"Simples";"Reta";"Não";1;1;0;0;0;0;0;1;-7,76115;-39,064065;"SPRF-CE";"DEL05-CE";"UOP03-DEL05-CE"
787179;2026-07-22;"quarta-feira";"13:20:00";"BA";116;426;"FEIRA DE SANTANA";"Transitar na contramão";"Colisão lateral sentido oposto";"Com Vítimas Feridas";"Pleno dia";"Decrescente";"Nublado";"Simples";"Viaduto";"Sim";2;0;1;0;0;1;1;2;-12,266875;-38,989187;"SPRF-BA";"DEL02-BA";"UOP01-DEL02-BA"
787180;2026-07-22;"quarta-feira";"15:00:00";"SC";101;138,8;"BALNEARIO CAMBORIU";"Demais falhas mecânicas ou elétricas";"Saída de leito carroçável";"Sem Vítimas";"Pleno dia";"Crescente";"Garoa/Chuvisco";"Simples";"Curva;Aclive";"Não";1;0;0;0;1;0;0;1;-27,02846;-48,60467;"SPRF-SC";"DEL04-SC";"UOP03-DEL04-SC"
787181;2026-07-22;"quarta-feira";"14:55:00";"RS";116;226;"DOIS IRMAOS";"Ausência de reação do condutor";"Colisão frontal";"Com Vítimas Feridas";"Pleno dia";"Crescente";"Chuva";"Simples";"Curva";"Não";2;0;2;0;0;0;2;2;-29,60014846;-51,11645588;"SPRF-RS";"DEL01-RS";"UOP02-DEL01-RS"
787182;2026-07-22;"quarta-feira";"15:20:00";"PA";316;31;"SANTA IZABEL DO PARA";"Acumulo de água sobre o pavimento";"Saída de leito carroçável";"Com Vítimas Feridas";"Pleno dia";"Crescente";"Chuva";"Dupla";"Curva";"Não";4;0;4;0;0;0;4;1;-1,29822827;-48,18938255;"SPRF-PA";"DEL01-PA";"UOP01-DEL01-PA"
787186;2026-07-22;"quarta-feira";"15:50:00";"GO";153;510,3;"APARECIDA DE GOIANIA";"Reação tardia ou ineficiente do condutor";"Colisão traseira";"Com Vítimas Feridas";"Pleno dia";"Crescente";"Sol";"Múltipla";"Reta";"Sim";2;0;2;0;0;0;2;2;-16,792019;-49,238164;"SPRF-GO";"DEL01-GO";"UOP03-DEL01-GO"