"id";"data_inversa";"dia_semana";"horario";"uf";"br";"km";"municipio";"causa_acidente";"tipo_acidente";"classificacao_acidente";"fase_dia";"sentido_via";"condicao_metereologica";"tipo_pista";"tracado_via";"uso_solo";"pessoas";"mortos";"feridos_leves";"feridos_graves";"ilesos";"ignorados";"feridos";"veiculos";"latitude";"longitude";"regional";"delegacia";"uop"
787421;2026-07-23;"quinta-feira";"14:00:00";"RJ";40;91;"PETROPOLIS";"Reação tardia ou ineficiente do condutor";"Saída de leito carroçável";"Com Vítimas Feridas";"Pleno dia";"Crescente";"Nublado";"Dupla";"Curva;Declive";"Não";1;0;1;0;0;0;1;1;-22,55421386;-43,25210363;"SPRF-RJ";"DEL01-RJ";"UOP01-DEL01-RJ"
787423;2026-07-23;"quinta-feira";"18:30:00";"SP";116;220;"GUARULHOS";"Manobra de mudança de faixa";"Colisão lateral mesmo sentido";"Sem Vítimas";"Plena Noite";"Decrescente";"Nublado";"Múltipla";"Reta";"Sim";2;0;0;0;2;0;0;2;-23,465991;-46,501564;"SPRF-SP";"DEL01-SP";"UOP01-DEL01-SP"
787424;2026-07-23;"quinta-feira";"17:40:00";"MG";116;274;"TEOFILO OTONI";"Entrada inopinada do pedestre";"Atropelamento de Pedestre";"Com Vítimas Feridas";"Plena Noite";"Decrescente";"Céu Claro";"Simples";"Reta";"Sim";2;0;1;0;1;0;1;2;-17,835878;-41,511612;"SPRF-MG";"DEL11-MG";"UOP01-DEL11-MG"
787425;2026-07-23;"quinta-feira";"18:30:00";"SC";101;126;"ITAJAI";"Ausência de reação do condutor";"Tombamento";"Com Vítimas Feridas";"Plena Noite";"Crescente";"Céu Claro";"Dupla";"Curva";"Não";1;0;0;1;0;0;1;1;-26,96139354;-48,68173454;"SPRF-SC";"DEL04-SC";"UOP04-DEL04-SC"
787428;2026-07-23;"quinta-feira";"18:30:00";"MG";262;192;"BELA VISTA DE MINAS";"Pista esburacada";"Tombamento";"Com Vítimas Feridas";"Plena Noite";"Decrescente";"Céu Claro";"Simples";"Reta";"Não";1;0;1;0;0;0;1;1;-19,87792;-43,07336;"SPRF-MG";"DEL03-MG";"UOP01-DEL03-MG"
787429;2026-07-23;"quinta-feira";"18:30:00";"MG";40;510;"RIBEIRAO DAS NEVES";"Transitar no Acostamento";"Colisão com objeto";"Com Vítimas Feridas";"Plena Noite";"Crescente";"Céu Claro";"Dupla";"Reta";"Não";3;0;2;0;0;1;2;2;-19,77979;-44,119149;"SPRF-MG";"DEL01-MG";"UOP02-DEL01-MG"
787430;2026-07-23;"quinta-feira";"17:20:00";"PI";230;290;"FLORIANO";"Ausência de reação do condutor";"Tombamento";"Com Vítimas Feridas";"Pleno dia";"Crescente";"Céu Claro";"Simples";"Reta";"Não";2;0;1;0;0;1;1;2;-6,858895;-42,872915;"SPRF-PI";"DEL03-PI";"UOP01-DEL03-PI"
787431;2026-07-23;"quinta-feira";"17:35:00";"RO";364;427;"JARU";"Acessar a via sem observar a presença dos outros veículos";"Colisão transversal";"Com Vítimas Feridas";"Pleno dia";"Crescente";"Sol";"Simples";"Interseção de Vias";"Sim";4;0;1;0;3;0;1;2;-10,42826029;-62,4860166;"SPRF-RO";"DEL03-RO";"UOP02-DEL03-RO"
787432;2026-07-23;"quinta-feira";"16:40:00";"BA";116;782,7;"PLANALTO";"Acessar a via sem observar a presença dos outros veículos";"Colisão transversal";"Com Vítimas Feridas";"Pleno dia";"Decrescente";"Céu Claro";"Simples";"Reta";"Não";2;0;1;0;1;0;1;2;-14,681458;-40,526787;"SPRF-BA";"DEL08-BA";"UOP02-DEL08-BA"
787433;2026-07-23;"quinta-feira";"18:15:00";"PR";487;30,6;"ICARAIMA";"Acumulo de água sobre o pavimento";"Saída de leito carroçável";"Com Vítimas Feridas";"Plena Noite";"Crescente";"Chuva";"Simples";"Reta";"Não";1;0;1;0;0;0;1;1;-23,41171;-53,576141;"SPRF-PR";"DEL06-PR";"UOP03-DEL06-PR"
787435;2026-07-23;"quinta-feira";"15:20:00";"RS";285;121;"VACARIA";"Conversão proibida";"Colisão transversal";"Sem Vítimas";"Pleno dia";"Decrescente";"Nublado";"Simples";"Interseção de Vias;Reta;Rotatória";"Sim";3;0;0;0;2;1;0;2;-28,51035563;-50,93588797;"SPRF-RS";"DEL05-RS";"UOP03-DEL05-RS"
787438;2026-07-23;"quinta-feira";"19:33:00";"SP";101;44;"UBATUBA";"Transitar na contramão";"Colisão frontal";"Sem Vítimas";"Plena Noite";"Decrescente";"Ignorado";"Simples";"Reta";"Não";2;0;0;0;2;0;0;2;-23,41602861;-45,06441287;"SPRF-SP";"DEL06-SP";"UOP01-DEL06-SP"
787441;2026-07-23;"quinta-feira";"19:00:00";"SC";101;148;"ITAPEMA";"Manobra de mudança de faixa";"Colisão lateral mesmo sentido";"Com Vítimas Feridas";"Plena Noite";"Decrescente";"Céu Claro";"Dupla";"Reta";"Não";3;0;1;0;1;1;1;3;-27,104969;-48,615667;"SPRF-SC";"DEL04-SC";"UOP03-DEL04-SC"
787444;2026-07-23;"quinta-feira";"18:30:00";"SC";101;117;"ITAJAI";"Trafegar com motocicleta (ou similar) entre as faixas";"Colisão lateral mesmo sentido";"Com Vítimas Feridas";"Plena Noite";"Decrescente";"Céu Claro";"Dupla";"Reta";"Sim";2;0;1;0;1;0;1;2;-26,89111941;-48,72152209;"SPRF-SC";"DEL04-SC";"UOP04-DEL04-SC"
787445;2026-07-23;"quinta-feira";"19:50:00";"PR";153;41,7;"SANTO ANTONIO DA PLATINA";"Acessar a via sem observar a presença dos outros veículos";"Colisão transversal";"Com Vítimas Feridas";"Plena Noite";"Decrescente";"Chuva";"Simples";"Reta;Interseção de Vias";"Não";2;0;1;0;0;1;1;2;-23,294994;-50,06505;"SPRF-PR";"DEL07-PR";"UOP04-DEL07-PR"
787446;2026-07-23;"quinta-feira";"19:00:00";"PR";376;171;"MARINGA";"Condutor deixou de manter distância do veículo da frente";"Colisão traseira";"Com Vítimas Feridas";"Plena Noite";"Decrescente";"Chuva";"Dupla";"Reta";"Sim";2;0;1;0;1;0;1;2;-23,412056;-51,984684;"SPRF-PR";"DEL09-PR";"UOP01-DEL09-PR"
787447;2026-07-23;"quinta-feira";"18:05:00";"GO";50;243;"CATALAO";"Demais falhas mecânicas ou elétricas";"Queda de ocupante de veículo";"Com Vítimas Feridas";"Anoitecer";"Decrescente";"Céu Claro";"Dupla";"Reta";"Não";4;0;4;0;0;0;4;2;-17,94096688;-47,78708205;"SPRF-GO";"DEL06-GO";"UOP01-DEL06-GO"
787448;2026-06-27;"sábado";"23:59:00";"RN";406;93;"JOAO CAMARA";"Animais na Pista";"Atropelamento de Animal";"Sem Vítimas";"Plena Noite";"Crescente";"Chuva";"Simples";"Reta";"Não";1;0;0;0;0;1;0;1;-5,500938;-35,884637;"SPRF-RN";"DEL02-RN";"UOP01-DEL02-RN"
787450;2026-07-23;"quinta-feira";"20:00:00";"GO";153;496;"GOIANAPOLIS";"Entrada inopinada do pedestre";"Atropelamento de Pedestre";"Com Vítimas Feridas";"Plena Noite";"Crescente";"Céu Claro";"Dupla";"Reta";"Sim";2;0;1;1;0;0;2;2;-16,57535165;-49,16042286;"SPRF-GO";"DEL01-GO";"UOP01-DEL01-GO"
787451;2026-07-23;"quinta-feira";"17:11:00";"CE";122;69,8;"IBARETAMA";"Entrada inopinada do pedestre";"Atropelamento de Pedestre";"Com Vítimas Fatais";"Pleno dia";"Decrescente";"Nublado";"Simples";"Reta";"Não";2;1;0;0;1;0;0;2;-4,80772732;-38,81264655;"SPRF-CE";"DEL03-CE";"UOP01-DEL03-CE"
787455;2026-07-23;"quinta-feira";"21:08:00";"TO";153;716;"CARIRI DO TOCANTINS";"Iluminação deficiente";"Atropelamento de Animal";"Com Vítimas Feridas";"Plena Noite";"Decrescente";"Céu Claro";"Simples";"Reta";"Não";1;0;1;0;0;0;1;1;-12,0854;-49,1983;"SPRF-TO";"DEL01-TO";"UOP02-DEL01-TO"
787456;2026-07-23;"quinta-feira";"20:00:00";"RJ";393;285,9;"VOLTA REDONDA";"Desrespeitar a preferência no cruzamento";"Colisão transversal";"Com Vítimas Feridas";"Plena Noite";"Decrescente";"Céu Claro";"Dupla";"Curva;Declive";"Sim";2;0;2;0;0;0;2;2;-22,5062687;-44,0769173;"SPRF-RJ";"DEL05-RJ";"UOP04-DEL05-RJ"
787458;2026-07-23;"quinta-feira";"20:15:00";"PE";428;172;"PETROLINA";"Ingestão de álcool pelo condutor";"Saída de leito carroçável";"Com Vítimas Fatais";"Plena Noite";"Decrescente";"Céu Claro";"Simples";"Reta";"Não";2;1;1;0;0;0;1;1;-9,244182;-40,420882;"SPRF-PE";"DEL06-PE";"UOP01-DEL06-PE"
787459;2026-07-23;"quinta-feira";"19:10:00";"SC";280;58;"GUARAMIRIM";"Manobra de mudança de faixa";"Colisão lateral mesmo sentido";"Com Vítimas Feridas";"Plena Noite";"Crescente";"Nublado";"Dupla";"Reta";"Sim";2;0;0;1;1;0;1;2;-26,4741937;-49,02386069;"SPRF-SC";"DEL03-SC";"UOP03-DEL03-SC"
787461;2026-07-23;"quinta-feira";"19:30:00";"RJ";101;573,9;"PARATY";"Reação tardia ou ineficiente do condutor";"Tombamento";"Com Vítimas Feridas";"Plena Noite";"Crescente";"Nublado";"Simples";"Reta";"Não";1;0;1;0;0;0;1;1;-23,21068;-44,733645;"SPRF-RJ";"DEL03-RJ";"UOP04-DEL03-RJ"
787463;2026-07-19;"domingo";"23:00:00";"MG";381;424;"SABARA";"Velocidade Incompatível";"Capotamento";"Sem Vítimas";"Plena Noite";"Crescente";"Céu Claro";"Simples";"Declive;Reta";"Não";1;0;0;0;0;1;0;1;-19,78710209;-43,70163767;"SPRF-MG";"DEL01-MG";"UOP01-DEL01-MG"
787465;2026-07-23;"quinta-feira";"21:30:00";"SC";101;130;"CAMBORIU";"Acessar a via sem observar a presença dos outros veículos";"Colisão frontal";"Com Vítimas Feridas";"Plena Noite";"Crescente";"Céu Claro";"Dupla";"Reta";"Sim";2;0;1;0;1;0;1;2;-26,986962;-48,66631;"SPRF-SC";"DEL04-SC";"UOP03-DEL04-SC"
787468;2026-07-23;"quinta-feira";"21:30:00";"MG";116;412,8;"GOVERNADOR VALADARES";"Ausência de reação do condutor";"Colisão lateral mesmo sentido";"Com Vítimas Feridas";"Plena Noite";"Crescente";"Céu Claro";"Simples";"Reta";"Sim";1;0;1;0;0;0;1;1;-18,88289923;-41,95678711;"SPRF-MG";"DEL06-MG";"UOP01-DEL06-MG"
787469;2026-07-23;"quinta-feira";"13:20:00";"MG";262;785;"UBERABA";"Pedestre cruzava a pista fora da faixa";"Atropelamento de Pedestre";"Com Vítimas Feridas";"Pleno dia";"Decrescente";"Céu Claro";"Dupla";"Reta";"Sim";2;0;1;1;0;0;2;2;-19,769059;-47,894956;"SPRF-MG";"DEL13-MG";"UOP01-DEL13-MG"
787471;2026-07-23;"quinta-feira";"19:26:00";"RJ";101;383;"RIO DE JANEIRO";"Ausência de reação do condutor";"Colisão traseira";"Com Vítimas Feridas";"Plena Noite";"Crescente";"Garoa/Chuvisco";"Dupla";"Reta";"Sim";2;0;1;0;1;0;1;2;-22,87744046;-43,61675262;"SPRF-RJ";"DEL03-RJ";"UOP01-DEL03-RJ"
787472;2026-07-23;"quinta-feira";"21:10:00";"SC";116;229;"CORREIA PINTO";"Desrespeitar a preferência no cruzamento";"Colisão transversal";"Com Vítimas Feridas";"Plena Noite";"Crescente";"Céu Claro";"Simples";"Reta;Interseção de Vias";"Não";2;0;0;2;0;0;2;2;-27,6612505;-50,3363396;"SPRF-SC";"DEL05-SC";"UOP03-DEL05-SC"
787476;2026-07-23;"quinta-feira";"20:42:00";"PE";232;334;"CUSTODIA";"Acessar a via sem observar a presença dos outros veículos";"Colisão transversal";"Com Vítimas Feridas";"Plena Noite";"Decrescente";"Garoa/Chuvisco";"Simples";"Reta";"Sim";3;0;0;1;2;0;1;2;-8,086095;-37,640195;"SPRF-PE";"DEL04-PE";"UOP02-DEL04-PE"
787477;2026-07-23;"quinta-feira";"18:35:00";"MS";163;487;"CAMPO GRANDE";"Entrada inopinada do pedestre";"Atropelamento de Pedestre";"Com Vítimas Feridas";"Anoitecer";"Crescente";"Céu Claro";"Simples";"Aclive;Reta";"Sim";3;0;0;3;0;0;3;2;-20,421237;-54,545051;"SPRF-MS";"DEL01-MS";"UOP02-DEL01-MS"
787478;2026-07-23;"quinta-feira";"21:00:00";"RO";364;579;"ITAPUA DO OESTE";"Transitar no Acostamento";"Saída de leito carroçável";"Com Vítimas Feridas";"Plena Noite";"Crescente";"Céu Claro";"Simples";"Em Obras;Reta";"Não";4;0;1;0;3;0;1;1;-9,40199;-63,12537;"SPRF-RO";"DEL01-RO";"UOP04-DEL01-RO"
787479;2026-07-23;"quinta-feira";"20:30:00";"RJ";40;51;"PETROPOLIS";"Iluminação deficiente";"Colisão traseira";"Com Vítimas Feridas";"Plena Noite";"Crescente";"Céu Claro";"Dupla";"Curva";"Não";2;0;2;0;0;0;2;2;-22,33684614;-43,13311949;"SPRF-RJ";"DEL05-RJ";"UOP02-DEL05-RJ"
787481;2026-07-23;"quinta-feira";"23:00:00";"BA";242;826;"BARREIRAS";"Ausência de reação do condutor";"Capotamento";"Com Vítimas Feridas";"Plena Noite";"Crescente";"Céu Claro";"Simples";"Curva";"Não";1;0;1;0;0;0;1;1;-12,11956985;-45,0512151;"SPRF-BA";"DEL10-BA";"UOP01-DEL10-BA"
787484;2026-07-23;"quinta-feira";"19:30:00";"MS";463;18;"DOURADOS";"Reação tardia ou ineficiente do condutor";"Saída de leito carroçável";"Com Vítimas Feridas";"Plena Noite";"Decrescente";"Nevoeiro/Neblina";"Simples";"Curva;Rotatória";"Não";2;0;2;0;0;0;2;1;-22,247933;-54,969507;"SPRF-MS";"DEL04-MS";"UOP03-DEL04-MS"
787487;2026-07-23;"quinta-feira";"20:50:00";"PR";153;154,5;"VENTANIA";"Iluminação deficiente";"Atropelamento de Animal";"Com Vítimas Feridas";"Plena Noite";"Decrescente";"Garoa/Chuvisco";"Simples";"Curva";"Não";7;0;5;0;1;1;5;2;-24,19251841;-50,21042554;"SPRF-PR";"DEL07-PR";"UOP04-DEL07-PR"
787488;2026-07-23;"quinta-feira";"22:21:00";"RO";364;20;"VILHENA";"Ausência de reação do condutor";"Colisão traseira";"Com Vítimas Feridas";"Plena Noite";"Decrescente";"Céu Claro";"Simples";"Reta";"Não";3;0;1;0;1;1;1;2;-12,73256876;-60,16601309;"SPRF-RO";"DEL04-RO";"UOP01-DEL04-RO"
787489;2026-07-24;"sexta-feira";"00:15:00";"RS";101;10;"DOM PEDRO DE ALCANTARA";"Ausência de reação do condutor";"Capotamento";"Sem Vítimas";"Plena Noite";"Decrescente";"Céu Claro";"Dupla";"Reta";"Sim";1;0;0;0;0;1;0;1;-29,38275893;-49,83213751;"SPRF-RS";"DEL03-RS";"UOP02-DEL03-RS"
787490;2026-07-23;"quinta-feira";"23:24:00";"PR";277;726;"FOZ DO IGUACU";"Acessar a via sem observar a presença dos outros veículos";"Colisão lateral mesmo sentido";"Com Vítimas Feridas";"Plena Noite";"Decrescente";"Nublado";"Simples";"Curva;Interseção de Vias;Viaduto";"Sim";2;0;1;0;1;0;1;2;-25,51194914;-54,55032555;"SPRF-PR";"DEL05-PR";"UOP03-DEL05-PR"
787492;2026-07-23;"quinta-feira";"23:00:00";"SC";101;107,8;"PENHA";"Ausência de reação do condutor";"Tombamento";"Com Vítimas Fatais";"Plena Noite";"Crescente";"Nublado";"Múltipla";"Reta;Declive";"Não";1;1;0;0;0;0;0;1;-26,824969;-48,689321;"SPRF-SC";"DEL03-SC";"UOP02-DEL03-SC"
787493;2026-07-24;"sexta-feira";"01:20:00";"PR";116;125;"FAZENDA RIO GRANDE";"Ausência de reação do condutor";"Colisão traseira";"Com Vítimas Feridas";"Plena Noite";"Crescente";"Céu Claro";"Dupla";"Interseção de Vias;Reta";"Sim";2;0;1;0;1;0;1;2;-25,640258;-49,31296;"SPRF-PR";"DEL01-PR";"UOP03-DEL01-PR"
787495;2026-07-24;"sexta-feira";"00:20:00";"SC";282;5,2;"SAO JOSE";"Velocidade Incompatível";"Saída de leito carroçável";"Sem Vítimas";"Plena Noite";"Crescente";"Céu Claro";"Dupla";"Reta";"Não";1;0;0;0;0;1;0;1;-27,58739811;-48,61460851;"SPRF-SC";"DEL01-SC";"UOP01-DEL01-SC"
787496;2026-07-24;"sexta-feira";"02:45:00";"MG";381;943,9;"EXTREMA";"Ausência de reação do condutor";"Saída de leito carroçável";"Com Vítimas Feridas";"Plena Noite";"Crescente";"Nublado";"Dupla";"Reta;Declive";"Não";1;0;1;0;0;0;1;1;-22,845355;-46,3314983;"SPRF-MG";"DEL16-MG";"UOP03-DEL16-MG"
787498;2026-07-24;"sexta-feira";"03:30:00";"SP";381;26;"BRAGANCA PAULISTA";"Ausência de reação do condutor";"Colisão com objeto";"Com Vítimas Feridas";"Plena Noite";"Crescente";"Nublado";"Dupla";"Reta";"Não";2;0;1;0;0;1;1;1;-23,01814612;-46,52722232;"SPRF-SP";"DEL03-SP";"UOP02-DEL03-SP"
787499;2026-07-24;"sexta-feira";"02:30:00";"RS";158;202;"CRUZ ALTA";"Ingestão de álcool pelo condutor";"Saída de leito carroçável";"Com Vítimas Feridas";"Plena Noite";"Crescente";"Nevoeiro/Neblina";"Simples";"Reta;Declive";"Não";1;0;1;0;0;0;1;1;-28,69798315;-53,6014735;"SPRF-RS";"DEL10-RS";"UOP02-DEL10-RS"
787501;2026-07-24;"sexta-feira";"01:30:00";"RR";432;185;"CANTA";"Ausência de reação do condutor";"Saída de leito carroçável";"Sem Vítimas";"Plena Noite";"Decrescente";"Céu Claro";"Simples";"Rotatória";"Não";1;0;0;0;0;1;0;1;2,5836635;-60,6403455;"SPRF-RR";"DEL01-RR";"UOP01-DEL01-RR"
787504;2026-07-24;"sexta-feira";"03:20:00";"PR";277;9,2;"FOZ DO IGUACU";"Ultrapassagem Indevida";"Colisão lateral sentido oposto";"Sem Vítimas";"Plena Noite";"Decrescente";"Nublado";"Simples";"Aclive";"Não";3;0;0;0;3;0;0;2;-25,56763801;-54,54756202;"SPRF-PR";"DEL05-PR";"UOP04-DEL05-PR"
787505;2026-07-24;"sexta-feira";"02:40:00";"MT";70;6,2;"BARRA DO GARCAS";"Ausência de reação do condutor";"Saída de leito carroçável";"Com Vítimas Feridas";"Plena Noite";"Crescente";"Céu Claro";"Dupla";"Reta";"Sim";3;0;3;0;0;0;3;1;-15,877982;-52,305643;"SPRF-MT";"DEL07-MT";"UOP01-DEL07-MT"
787507;2026-07-24;"sexta-feira";"04:55:00";"SC";470;51,9;"BLUMENAU";"Mal súbito do condutor";"Tombamento";"Com Vítimas Feridas";"Plena Noite";"Crescente";"Nublado";"Simples";"Reta";"Não";1;0;1;0;0;0;1;1;-26,86210772;-49,09410087;"SPRF-SC";"DEL04-SC";"UOP01-DEL04-SC"
787510;2026-07-24;"sexta-feira";"05:25:00";"SP";116;305;"SAO LOURENCO DA SERRA";"Ausência de reação do condutor";"Queda de ocupante de veículo";"Com Vítimas Feridas";"Plena Noite";"Decrescente";"Nevoeiro/Neblina";"Dupla";"Curva";"Não";1;0;1;0;0;0;1;1;-23,8417487;-46,93160741;"SPRF-SP";"DEL04-SP";"UOP01-DEL04-SP"
787511;2026-07-24;"sexta-feira";"06:25:00";"MG";381;945,1;"EXTREMA";"Ausência de reação do condutor";"Saída de leito carroçável";"Com Vítimas Feridas";"Pleno dia";"Decrescente";"Garoa/Chuvisco";"Dupla";"Reta";"Sim";3;0;1;0;2;0;1;1;-22,8538;-46,33725;"SPRF-MG";"DEL16-MG";"UOP03-DEL16-MG"
787513;2026-07-24;"sexta-feira";"06:28:00";"RN";101;104;"PARNAMIRIM";"Condutor deixou de manter distância do veículo da frente";"Colisão traseira";"Com Vítimas Feridas";"Pleno dia";"Decrescente";"Chuva";"Dupla";"Reta";"Sim";2;0;1;0;1;0;1;2;-5,90190052;-35,25939327;"SPRF-RN";"DEL01-RN";"UOP01-DEL01-RN"
787514;2026-07-24;"sexta-feira";"06:35:00";"PR";369;135,2;"IBIPORA";"Iluminação deficiente";"Colisão com objeto";"Com Vítimas Feridas";"Plena Noite";"Crescente";"Chuva";"Simples";"Reta;Aclive";"Não";1;0;1;0;0;0;1;1;-23,261857;-51,030042;"SPRF-PR";"DEL07-PR";"UOP01-DEL07-PR"
787515;2026-07-24;"sexta-feira";"03:50:00";"SC";101;85;"BARRA VELHA";"Acessar a via sem observar a presença dos outros veículos";"Colisão traseira";"Com Vítimas Feridas";"Pleno dia";"Decrescente";"Céu Claro";"Dupla";"Reta";"Não";2;0;1;0;0;1;1;2;-26,65269048;-48,68649674;"SPRF-SC";"DEL03-SC";"UOP02-DEL03-SC"
787516;2026-06-29;"segunda-feira";"16:20:00";"SC";101;95;"BARRA VELHA";"Ingestão de álcool pelo condutor";"Colisão com objeto";"Sem Vítimas";"Pleno dia";"Decrescente";"Nublado";"Dupla";"Declive;Reta";"Sim";3;0;0;0;3;0;0;3;-26,71563184;-48,70250909;"SPRF-SC";"DEL03-SC";"UOP02-DEL03-SC"
787517;2026-07-24;"sexta-feira";"06:35:00";"SC";470;37;"GASPAR";"Manobra de mudança de faixa";"Tombamento";"Com Vítimas Feridas";"Pleno dia";"Crescente";"Céu Claro";"Simples";"Reta";"Sim";2;0;1;0;0;1;1;2;-26,9092967;-48,9781283;"SPRF-SC";"DEL04-SC";"UOP01-DEL04-SC"
787520;2026-07-24;"sexta-feira";"06:50:00";"PE";101;86,2;"JABOATAO DOS GUARARAPES";"Animais na Pista";"Atropelamento de Animal";"Com Vítimas Feridas";"Pleno dia";"Crescente";"Nublado";"Dupla";"Reta";"Sim";1;0;1;0;0;0;1;1;-8,18471;-34,96863;"SPRF-PE";"DEL01-PE";"UOP01-DEL01-PE"
787522;2026-07-24;"sexta-feira";"06:50:00";"AL";104;89;"RIO LARGO";"Acesso irregular";"Colisão traseira";"Com Vítimas Feridas";"Pleno dia";"Crescente";"Céu Claro";"Dupla";"Reta";"Sim";2;0;2;0;0;0;2;2;-9,490257;-35,81548;"SPRF-AL";"DEL01-AL";"UOP01-DEL01-AL"
787524;2026-07-23;"quinta-feira";"17:50:00";"SP";116;161;"JACAREI";"Trafegar com motocicleta (ou similar) entre as faixas";"Colisão lateral mesmo sentido";"Com Vítimas Feridas";"Anoitecer";"Decrescente";"Nublado";"Dupla";"Reta";"Sim";2;0;1;0;1;0;1;2;-23,27640612;-45,97612453;"SPRF-SP";"DEL02-SP";"UOP01-DEL02-SP"
787525;2026-07-24;"sexta-feira";"06:50:00";"RJ";101;260;"RIO BONITO";"Ausência de reação do condutor";"Colisão com objeto";"Com Vítimas Feridas";"Amanhecer";"Crescente";"Chuva";"Dupla";"Curva";"Sim";4;0;2;0;2;0;2;1;-22,70848013;-42,60746352;"SPRF-RJ";"DEL02-RJ";"UOP03-DEL02-RJ"
787526;2026-07-24;"sexta-feira";"07:10:00";"MA";135;7;"SAO LUIS";"Acessar a via sem observar a presença dos outros veículos";"Colisão transversal";"Com Vítimas Feridas";"Pleno dia";"Decrescente";"Céu Claro";"Dupla";"Reta";"Sim";3;0;2;0;1;0;2;2;-2,67472631;-44,29332291;"SPRF-MA";"DEL01-MA";"UOP01-DEL01-MA"
787529;2026-07-24;"sexta-feira";"03:00:00";"RS";386;42,2;"FREDERICO WESTPHALEN";"Ausência de reação do condutor";"Colisão traseira";"Com Vítimas Feridas";"Plena Noite";"Decrescente";"Céu Claro";"Simples";"Reta;Interseção de Vias";"Sim";3;0;1;0;0;2;1;2;-27,42262808;-53,42152325;"SPRF-RS";"DEL08-RS";"UOP02-DEL08-RS"
787533;2026-07-24;"sexta-feira";"07:50:00";"SP";116;159;"JACAREI";"Reação tardia ou ineficiente do condutor";"Colisão lateral mesmo sentido";"Com Vítimas Feridas";"Pleno dia";"Decrescente";"Céu Claro";"Dupla";"Reta";"Sim";2;0;1;0;1;0;1;2;-23,26345523;-45,95597577;"SPRF-SP";"DEL02-SP";"UOP01-DEL02-SP"
787534;2026-07-24;"sexta-feira";"08:15:00";"SC";470;142;"RIO DO SUL";"Acessar a via sem observar a presença dos outros veículos";"Colisão lateral mesmo sentido";"Com Vítimas Feridas";"Pleno dia";"Crescente";"Céu Claro";"Simples";"Curva";"Não";3;0;2;0;1;0;2;2;-27,212588;-49,65137657;"SPRF-SC";"DEL04-SC";"UOP02-DEL04-SC"
787535;2026-07-23;"quinta-feira";"19:10:00";"RJ";116;43;"TERESOPOLIS";"Transitar na contramão";"Colisão transversal";"Com Vítimas Feridas";"Plena Noite";"Decrescente";"Céu Claro";"Simples";"Reta";"Sim";3;0;1;0;2;0;1;2;-22,1497;-42,8008;"SPRF-RJ";"DEL04-RJ";"UOP01-DEL04-RJ"
787536;2026-07-24;"sexta-feira";"08:40:00";"RJ";116;172;"SAO JOAO DE MERITI";"Demais falhas mecânicas ou elétricas";"Tombamento";"Com Vítimas Feridas";"Pleno dia";"Decrescente";"Nublado";"Múltipla";"Reta";"Não";2;0;1;0;1;0;1;1;-22,80326;-43,3484;"SPRF-RJ";"DEL06-RJ";"UOP01-DEL06-RJ"
787537;2026-07-24;"sexta-feira";"09:15:00";"PE";101;43;"IGARASSU";"Acessar a via sem observar a presença dos outros veículos";"Colisão transversal";"Com Vítimas Feridas";"Pleno dia";"Decrescente";"Céu Claro";"Múltipla";"Reta";"Sim";3;0;0;1;2;0;1;2;-7,84481;-34,91058;"SPRF-PE";"DEL01-PE";"UOP02-DEL01-PE"
787538;2026-07-08;"quarta-feira";"07:50:00";"PR";116;94;"SAO JOSE DOS PINHAIS";"Ausência de reação do condutor";"Colisão traseira";"Com Vítimas Feridas";"Pleno dia";"Crescente";"Céu Claro";"Dupla";"Reta";"Não";2;0;0;1;1;0;1;2;-25,5246097;-49,13799036;"SPRF-PR";"DEL01-PR";"UOP08-DEL01-PR"
787540;2026-07-23;"quinta-feira";"14:00:00";"RJ";40;106;"DUQUE DE CAXIAS";"Área urbana sem a presença de local apropriado para a travessia de pedestres";"Incêndio";"Sem Vítimas";"Pleno dia";"Decrescente";"Céu Claro";"Múltipla";"Reta";"Sim";1;0;0;0;1;0;0;1;-22,647572;-43,283522;"SPRF-RJ";"DEL01-RJ";"UOP02-DEL01-RJ"
787541;2026-07-24;"sexta-feira";"07:30:00";"SC";280;27;"ARAQUARI";"Ausência de reação do condutor";"Atropelamento de Pedestre";"Com Vítimas Feridas";"Pleno dia";"Crescente";"Nublado";"Simples";"Reta";"Sim";3;0;1;0;1;1;1;2;-26,40398713;-48,74502596;"SPRF-SC";"DEL03-SC";"UOP03-DEL03-SC"
787542;2026-07-24;"sexta-feira";"08:20:00";"PA";316;77;"SAO FRANCISCO DO PARA";"Reação tardia ou ineficiente do condutor";"Colisão lateral mesmo sentido";"Com Vítimas Feridas";"Pleno dia";"Crescente";"Céu Claro";"Simples";"Reta";"Não";3;0;1;0;2;0;1;3;-1,2976705;-47,8165401;"SPRF-PA";"DEL01-PA";"UOP01-DEL01-PA"
787544;2026-07-24;"sexta-feira";"09:16:00";"PI";343;309;"ALTOS";"Condutor deixou de manter distância do veículo da frente";"Colisão traseira";"Com Vítimas Feridas";"Pleno dia";"Decrescente";"Céu Claro";"Simples";"Reta";"Sim";3;0;2;0;1;0;2;2;-5,03975;-42,47867;"SPRF-PI";"DEL01-PI";"UOP01-DEL01-PI"