"id";"data_inversa";"dia_semana";"horario";"uf";"br";"km";"municipio";"causa_acidente";"tipo_acidente";"classificacao_acidente";"fase_dia";"sentido_via";"condicao_metereologica";"tipo_pista";"tracado_via";"uso_solo";"pessoas";"mortos";"feridos_leves";"feridos_graves";"ilesos";"ignorados";"feridos";"veiculos";"latitude";"longitude";"regional";"delegacia";"uop"
787655;2026-07-24;"sexta-feira";"19:00:00";"RJ";116;174;"SAO JOAO DE MERITI";"Condutor deixou de manter distância do veículo da frente";"Colisão traseira";"Com Vítimas Feridas";"Plena Noite";"Crescente";"Chuva";"Dupla";"Reta";"Sim";2;0;1;0;1;0;1;2;-22,7913747;-43,3697824;"SPRF-RJ";"DEL06-RJ";"UOP01-DEL06-RJ"
787656;2026-07-24;"sexta-feira";"18:45:00";"ES";101;290,6;"CARIACICA";"Manobra de mudança de faixa";"Colisão lateral mesmo sentido";"Com Vítimas Feridas";"Plena Noite";"Decrescente";"Céu Claro";"Dupla";"Reta;Retorno Regulamentado";"Sim";5;0;1;0;4;0;1;3;-20,294253;-40,393052;"SPRF-ES";"DEL01-ES";"UOP01-DEL01-ES"
787657;2026-07-24;"sexta-feira";"19:00:00";"DF";60;18;"BRASILIA";"Objeto estático sobre o leito carroçável";"Colisão com objeto";"Com Vítimas Feridas";"Plena Noite";"Decrescente";"Céu Claro";"Dupla";"Reta";"Não";3;0;2;0;1;0;2;1;-15,969251;-48,18423;"SPRF-DF";"DEL03-DF";"UOP01-DEL03-DF"
787658;2026-07-24;"sexta-feira";"18:45:00";"PE";101;70;"RECIFE";"Ausência de reação do condutor";"Tombamento";"Com Vítimas Feridas";"Plena Noite";"Decrescente";"Céu Claro";"Dupla";"Reta";"Sim";2;0;2;0;0;0;2;1;-8,065535;-34,942903;"SPRF-PE";"DEL01-PE";"UOP01-DEL01-PE"
787659;2026-07-24;"sexta-feira";"19:15:00";"SC";101;151;"ITAPEMA";"Manobra de mudança de faixa";"Colisão traseira";"Com Vítimas Feridas";"Plena Noite";"Crescente";"Céu Claro";"Dupla";"Reta;Interseção de Vias";"Sim";3;0;1;1;1;0;2;2;-27,1263688;-48,60969543;"SPRF-SC";"DEL04-SC";"UOP03-DEL04-SC"
787660;2026-07-24;"sexta-feira";"15:15:00";"GO";60;280;"JANDAIA";"Ausência de reação do condutor";"Colisão traseira";"Com Vítimas Feridas";"Pleno dia";"Decrescente";"Nublado";"Dupla";"Reta";"Não";3;0;0;1;2;0;1;2;-17,24955;-50,217968;"SPRF-GO";"DEL04-GO";"UOP01-DEL04-GO"
787661;2026-07-24;"sexta-feira";"19:00:00";"PE";423;63;"LAJEDO";"Condutor deixou de manter distância do veículo da frente";"Colisão traseira";"Com Vítimas Fatais";"Plena Noite";"Decrescente";"Céu Claro";"Simples";"Reta";"Não";3;1;0;1;0;1;1;2;-8,6633367;-36,3512817;"SPRF-PE";"DEL03-PE";"UOP01-DEL03-PE"
787662;2026-07-24;"sexta-feira";"17:15:00";"AC";364;740;"CRUZEIRO DO SUL";"Velocidade Incompatível";"Saída de leito carroçável";"Sem Vítimas";"Pleno dia";"Crescente";"Sol";"Simples";"Reta";"Não";1;0;0;0;0;1;0;1;-7,73529;-72,530339;"SPRF-AC";"DEL01-AC";"UOP03-DEL01-AC"
787663;2026-07-24;"sexta-feira";"18:00:00";"PR";373;173,5;"PONTA GROSSA";"Reação tardia ou ineficiente do condutor";"Engavetamento";"Sem Vítimas";"Anoitecer";"Crescente";"Chuva";"Dupla";"Curva";"Sim";7;0;0;0;6;1;0;4;-25,076968;-50,208688;"SPRF-PR";"DEL03-PR";"UOP01-DEL03-PR"
787664;2026-07-24;"sexta-feira";"19:40:00";"RS";116;300;"GUAIBA";"Acessar a via sem observar a presença dos outros veículos";"Colisão transversal";"Com Vítimas Feridas";"Plena Noite";"Crescente";"Céu Claro";"Simples";"Reta";"Sim";3;0;1;0;1;1;1;3;-30,126775;-51,35079;"SPRF-RS";"DEL02-RS";"UOP01-DEL02-RS"
787665;2026-07-24;"sexta-feira";"19:30:00";"SC";101;163;"ITAPEMA";"Reação tardia ou ineficiente do condutor";"Tombamento";"Com Vítimas Feridas";"Plena Noite";"Decrescente";"Nublado";"Dupla";"Reta";"Não";1;0;1;0;0;0;1;1;-27,06613034;-48,5958371;"SPRF-SC";"DEL04-SC";"UOP03-DEL04-SC"
787666;2026-07-24;"sexta-feira";"19:10:00";"PA";316;229,1;"VISEU";"Ausência de reação do condutor";"Colisão traseira";"Com Vítimas Feridas";"Plena Noite";"Crescente";"Céu Claro";"Simples";"Reta";"Não";4;0;2;2;0;0;4;2;-1,696409;-46,682125;"SPRF-PA";"DEL01-PA";"UOP04-DEL01-PA"
787668;2026-07-24;"sexta-feira";"18:40:00";"RS";116;149;"CAXIAS DO SUL";"Acessar a via sem observar a presença dos outros veículos";"Colisão transversal";"Com Vítimas Feridas";"Anoitecer";"Decrescente";"Céu Claro";"Dupla";"Curva";"Não";5;0;0;3;2;0;3;3;-29,1642081;-51,1584293;"SPRF-RS";"DEL05-RS";"UOP01-DEL05-RS"
787669;2026-07-24;"sexta-feira";"17:50:00";"MG";364;22;"FRUTAL";"Ausência de reação do condutor";"Capotamento";"Com Vítimas Feridas";"Pleno dia";"Crescente";"Garoa/Chuvisco";"Simples";"Reta";"Não";2;0;2;0;0;0;2;1;-20,0467;-48,8444;"SPRF-MG";"DEL13-MG";"UOP02-DEL13-MG"
787670;2026-07-24;"sexta-feira";"19:15:00";"RN";101;76;"NATAL";"Ingestão de álcool pelo condutor";"Colisão traseira";"Com Vítimas Feridas";"Plena Noite";"Crescente";"Chuva";"Dupla";"Aclive";"Não";2;0;1;0;1;0;1;2;-5,728945;-35,289165;"SPRF-RN";"DEL02-RN";"UOP01-DEL02-RN"
787671;2026-07-24;"sexta-feira";"15:15:00";"PR";277;590;"CASCAVEL";"Condutor deixou de manter distância do veículo da frente";"Colisão traseira";"Com Vítimas Feridas";"Pleno dia";"Decrescente";"Nublado";"Simples";"Reta;Declive";"Sim";2;0;1;0;1;0;1;2;-24,973946;-53,438705;"SPRF-PR";"DEL04-PR";"UOP01-DEL04-PR"
787672;2026-07-24;"sexta-feira";"16:50:00";"RO";364;28,3;"VILHENA";"Acessar a via sem observar a presença dos outros veículos";"Colisão lateral mesmo sentido";"Com Vítimas Feridas";"Pleno dia";"Decrescente";"Céu Claro";"Simples";"Reta";"Não";3;0;0;1;2;0;1;2;-12,71570253;-60,26790619;"SPRF-RO";"DEL04-RO";"UOP01-DEL04-RO"
787673;2026-07-24;"sexta-feira";"20:00:00";"MG";40;623,4;"CONSELHEIRO LAFAIETE";"Ausência de reação do condutor";"Colisão traseira";"Com Vítimas Feridas";"Plena Noite";"Crescente";"Chuva";"Simples";"Reta";"Não";3;0;0;1;2;0;1;2;-20,59903985;-43,8053956;"SPRF-MG";"DEL05-MG";"UOP02-DEL05-MG"
787674;2026-07-24;"sexta-feira";"19:54:00";"PA";163;989;"SANTAREM";"Transitar na contramão";"Colisão frontal";"Com Vítimas Feridas";"Plena Noite";"Decrescente";"Ignorado";"Simples";"Reta";"Sim";4;0;2;0;2;0;2;2;-2,55978859;-54,72196162;"SPRF-PA";"DEL05-PA";"UOP01-DEL05-PA"
787675;2026-07-24;"sexta-feira";"20:00:00";"RS";290;91;"PORTO ALEGRE";"Reação tardia ou ineficiente do condutor";"Atropelamento de Pedestre";"Com Vítimas Feridas";"Plena Noite";"Decrescente";"Nublado";"Dupla";"Reta";"Sim";5;0;1;0;2;2;1;3;-29,96925495;-51,17431868;"SPRF-RS";"DEL01-RS";"UOP01-DEL01-RS"
787676;2026-07-24;"sexta-feira";"18:30:00";"BA";367;25,8;"PORTO SEGURO";"Reação tardia ou ineficiente do condutor";"Atropelamento de Pedestre";"Com Vítimas Feridas";"Plena Noite";"Decrescente";"Nublado";"Múltipla";"Reta";"Sim";2;0;1;0;1;0;1;2;-16,433143;-39,095172;"SPRF-BA";"DEL09-BA";"UOP03-DEL09-BA"
787680;2026-07-24;"sexta-feira";"20:50:00";"SP";116;222;"GUARULHOS";"Ausência de reação do condutor";"Queda de ocupante de veículo";"Com Vítimas Feridas";"Plena Noite";"Crescente";"Nublado";"Múltipla";"Reta";"Sim";1;0;1;0;0;0;1;1;-23,47026238;-46,5152305;"SPRF-SP";"DEL01-SP";"UOP01-DEL01-SP"
787681;2026-07-24;"sexta-feira";"19:00:00";"MG";381;272;"JAGUARACU";"Ausência de reação do condutor";"Colisão traseira";"Com Vítimas Feridas";"Plena Noite";"Crescente";"Céu Claro";"Simples";"Reta";"Não";4;0;2;0;2;0;2;2;-19,5627377;-42,7107764;"SPRF-MG";"DEL03-MG";"UOP02-DEL03-MG"
787683;2026-07-24;"sexta-feira";"20:00:00";"GO";153;602;"MORRINHOS";"Reação tardia ou ineficiente do condutor";"Saída de leito carroçável";"Sem Vítimas";"Plena Noite";"Decrescente";"Nublado";"Dupla";"Reta";"Não";2;0;0;0;2;0;0;1;-17,564015;-49,200662;"SPRF-GO";"DEL03-GO";"UOP01-DEL03-GO"
787684;2026-07-24;"sexta-feira";"20:53:00";"MG";381;486;"BETIM";"Manobra de mudança de faixa";"Colisão lateral mesmo sentido";"Com Vítimas Feridas";"Plena Noite";"Crescente";"Garoa/Chuvisco";"Dupla";"Reta";"Sim";2;0;1;0;1;0;1;2;-19,95599;-44,10697;"SPRF-MG";"DEL01-MG";"UOP03-DEL01-MG"
787685;2026-07-24;"sexta-feira";"18:03:00";"RJ";40;121;"DUQUE DE CAXIAS";"Manobra de mudança de faixa";"Colisão lateral mesmo sentido";"Com Vítimas Feridas";"Pleno dia";"Crescente";"Chuva";"Dupla";"Reta";"Sim";3;0;2;0;1;0;2;2;-22,7872551;-43,2888908;"SPRF-RJ";"DEL01-RJ";"UOP02-DEL01-RJ"
787686;2026-07-24;"sexta-feira";"19:20:00";"SP";116;66;"GUARATINGUETA";"Reação tardia ou ineficiente do condutor";"Colisão traseira";"Com Vítimas Feridas";"Plena Noite";"Crescente";"Chuva";"Dupla";"Reta";"Sim";3;0;2;0;0;1;2;2;-22,82274;-45,20197;"SPRF-SP";"DEL08-SP";"UOP01-DEL08-SP"
787687;2026-07-24;"sexta-feira";"18:25:00";"SC";282;501,3;"XANXERE";"Desrespeitar a preferência no cruzamento";"Colisão transversal";"Com Vítimas Feridas";"Anoitecer";"Crescente";"Nublado";"Dupla";"Interseção de Vias";"Sim";2;0;1;1;0;0;2;2;-26,882425;-52,381372;"SPRF-SC";"DEL07-SC";"UOP01-DEL07-SC"
787688;2026-07-24;"sexta-feira";"18:50:00";"MG";381;821;"CAREACU";"Manobra de mudança de faixa";"Colisão lateral mesmo sentido";"Sem Vítimas";"Plena Noite";"Crescente";"Garoa/Chuvisco";"Dupla";"Reta";"Não";2;0;0;0;2;0;0;2;-22,0771642;-45,7043891;"SPRF-MG";"DEL16-MG";"UOP02-DEL16-MG"
787689;2026-07-24;"sexta-feira";"18:50:00";"RJ";101;489;"ANGRA DOS REIS";"Transitar na contramão";"Colisão lateral sentido oposto";"Sem Vítimas";"Plena Noite";"Decrescente";"Chuva";"Simples";"Reta";"Sim";3;0;0;0;3;0;0;3;-22,95626839;-44,30360969;"SPRF-RJ";"DEL03-RJ";"UOP03-DEL03-RJ"
787690;2026-07-24;"sexta-feira";"20:30:00";"MG";262;549;"CORREGO DANTA";"Pista Escorregadia";"Saída de leito carroçável";"Com Vítimas Feridas";"Plena Noite";"Crescente";"Chuva";"Simples";"Curva;Declive";"Não";1;0;1;0;0;0;1;1;-19,72844;-45,93562;"SPRF-MG";"DEL08-MG";"UOP02-DEL08-MG"
787691;2026-07-24;"sexta-feira";"21:00:00";"GO";70;1,6;"AGUAS LINDAS DE GOIAS";"Ausência de reação do condutor";"Saída de leito carroçável";"Com Vítimas Fatais";"Plena Noite";"Crescente";"Nublado";"Múltipla";"Reta";"Não";1;1;0;0;0;0;0;1;-15,763655;-48,232012;"SPRF-DF";"DEL03-DF";"UOP02-DEL03-DF"
787693;2026-07-24;"sexta-feira";"19:35:00";"SC";101;42;"JOINVILLE";"Ausência de reação do condutor";"Colisão traseira";"Com Vítimas Feridas";"Plena Noite";"Decrescente";"Céu Claro";"Múltipla";"Declive;Reta;Interseção de Vias";"Sim";2;0;1;0;1;0;1;2;-26,32383438;-48,8673776;"SPRF-SC";"DEL03-SC";"UOP01-DEL03-SC"
787694;2026-07-24;"sexta-feira";"21:45:00";"MG";50;177;"UBERABA";"Ingestão de álcool pelo condutor";"Saída de leito carroçável";"Com Vítimas Feridas";"Plena Noite";"Decrescente";"Céu Claro";"Dupla";"Reta;Declive";"Sim";1;0;1;0;0;0;1;1;-19,7782;-47,95109;"SPRF-MG";"DEL13-MG";"UOP01-DEL13-MG"
787695;2026-07-24;"sexta-feira";"21:35:00";"SC";280;27;"ARAQUARI";"Ausência de reação do condutor";"Colisão traseira";"Com Vítimas Feridas";"Plena Noite";"Decrescente";"Céu Claro";"Simples";"Reta";"Não";2;0;1;0;1;0;1;2;-26,38861943;-48,73272769;"SPRF-SC";"DEL03-SC";"UOP03-DEL03-SC"
787697;2026-07-24;"sexta-feira";"20:15:00";"PR";272;564;"GUAIRA";"Ingestão de álcool pelo condutor";"Colisão frontal";"Com Vítimas Feridas";"Plena Noite";"Crescente";"Chuva";"Simples";"Reta";"Não";7;0;1;0;6;0;1;2;-24,09669161;-54,20792196;"SPRF-PR";"DEL06-PR";"UOP01-DEL06-PR"
787698;2026-07-24;"sexta-feira";"21:25:00";"GO";153;515;"APARECIDA DE GOIANIA";"Reação tardia ou ineficiente do condutor";"Colisão traseira";"Com Vítimas Feridas";"Plena Noite";"Crescente";"Céu Claro";"Dupla";"Reta";"Sim";2;0;1;0;1;0;1;2;-16,834434;-49,244027;"SPRF-GO";"DEL01-GO";"UOP03-DEL01-GO"
787701;2026-07-24;"sexta-feira";"19:20:00";"MG";116;641,3;"FERVEDOURO";"Velocidade Incompatível";"Saída de leito carroçável";"Com Vítimas Feridas";"Plena Noite";"Crescente";"Céu Claro";"Simples";"Curva;Declive";"Não";3;0;0;3;0;0;3;1;-20,6569855;-42,2624245;"SPRF-MG";"DEL07-MG";"UOP02-DEL07-MG"
787702;2026-07-24;"sexta-feira";"21:35:00";"SP";116;108;"TAUBATE";"Pedestre - Ingestão de álcool/ substâncias psicoativas";"Atropelamento de Pedestre";"Com Vítimas Feridas";"Plena Noite";"Decrescente";"Céu Claro";"Dupla";"Reta";"Sim";2;0;0;1;1;0;1;2;-23,02400064;-45,53879261;"SPRF-SP";"DEL02-SP";"UOP02-DEL02-SP"
787703;2026-07-24;"sexta-feira";"20:30:00";"MG";116;763;"LEOPOLDINA";"Condutor deixou de manter distância do veículo da frente";"Colisão traseira";"Com Vítimas Feridas";"Plena Noite";"Decrescente";"Chuva";"Simples";"Declive";"Sim";5;0;2;0;3;0;2;2;-21,52488329;-42,63643591;"SPRF-MG";"DEL07-MG";"UOP01-DEL07-MG"
787704;2026-07-24;"sexta-feira";"21:30:00";"MG";381;591;"CARMOPOLIS DE MINAS";"Chuva";"Saída de leito carroçável";"Com Vítimas Feridas";"Plena Noite";"Decrescente";"Chuva";"Dupla";"Reta";"Não";2;0;2;0;0;0;2;1;-20,59374916;-44,70245934;"SPRF-MG";"DEL04-MG";"UOP01-DEL04-MG"
787705;2026-07-24;"sexta-feira";"20:30:00";"RJ";393;142;"SAPUCAIA";"Reação tardia ou ineficiente do condutor";"Colisão traseira";"Sem Vítimas";"Plena Noite";"Crescente";"Vento";"Simples";"Reta";"Sim";2;0;0;0;2;0;0;2;-22,03935875;-42,99025146;"SPRF-RJ";"DEL05-RJ";"UOP01-DEL05-RJ"
787706;2026-07-24;"sexta-feira";"18:40:00";"SC";101;25,5;"JOINVILLE";"Velocidade Incompatível";"Colisão traseira";"Com Vítimas Feridas";"Plena Noite";"Crescente";"Nublado";"Dupla";"Reta";"Sim";2;0;1;0;0;1;1;2;-26,187232;-48,911708;"SPRF-SC";"DEL03-SC";"UOP01-DEL03-SC"
787708;2026-07-24;"sexta-feira";"21:50:00";"AL";316;1,3;"PILAR";"Acessar a via sem observar a presença dos outros veículos";"Colisão transversal";"Com Vítimas Fatais";"Plena Noite";"Decrescente";"Céu Claro";"Simples";"Reta";"Não";3;1;1;1;0;0;2;2;-9,5898783;-35,9689083;"SPRF-AL";"DEL02-AL";"UOP01-DEL02-AL"
787710;2026-07-24;"sexta-feira";"21:00:00";"RN";405;78;"APODI";"Ingestão de álcool pelo condutor";"Colisão traseira";"Com Vítimas Feridas";"Plena Noite";"Crescente";"Céu Claro";"Simples";"Reta";"Não";2;0;1;0;1;0;1;2;-5,673555;-37,788648;"SPRF-RN";"DEL04-RN";"UOP02-DEL04-RN"
787711;2026-07-24;"sexta-feira";"20:30:00";"RJ";493;107;"SEROPEDICA";"Ausência de reação do condutor";"Saída de leito carroçável";"Com Vítimas Feridas";"Plena Noite";"Decrescente";"Chuva";"Dupla";"Reta";"Não";3;0;1;0;2;0;1;1;-22,7875769;-43,77116203;"SPRF-RJ";"DEL01-RJ";"UOP03-DEL01-RJ"
787712;2026-07-24;"sexta-feira";"22:25:00";"SC";101;74,2;"BARRA VELHA";"Pedestre - Ingestão de álcool/ substâncias psicoativas";"Atropelamento de Pedestre";"Com Vítimas Feridas";"Plena Noite";"Crescente";"Céu Claro";"Dupla";"Reta";"Não";2;0;1;0;1;0;1;2;-26,6099129;-48,72251967;"SPRF-SC";"DEL03-SC";"UOP02-DEL03-SC"
787714;2026-07-24;"sexta-feira";"22:20:00";"GO";60;97;"ANAPOLIS";"Ausência de reação do condutor";"Queda de ocupante de veículo";"Sem Vítimas";"Plena Noite";"Decrescente";"Céu Claro";"Dupla";"Reta;Retorno Regulamentado";"Sim";1;0;0;0;1;0;0;1;-16,381062;-48,951992;"SPRF-GO";"DEL02-GO";"UOP01-DEL02-GO"
787715;2026-07-24;"sexta-feira";"20:20:00";"RJ";493;102;"SEROPEDICA";"Manobra de mudança de faixa";"Colisão traseira";"Com Vítimas Feridas";"Plena Noite";"Crescente";"Chuva";"Dupla";"Reta";"Não";4;0;3;0;1;0;3;2;-22,74198421;-43,72259108;"SPRF-RJ";"DEL01-RJ";"UOP03-DEL01-RJ"
787717;2026-07-24;"sexta-feira";"22:30:00";"MG";381;812,5;"CAREACU";"Acumulo de óleo sobre o pavimento";"Saída de leito carroçável";"Com Vítimas Feridas";"Plena Noite";"Crescente";"Céu Claro";"Dupla";"Curva";"Não";6;0;1;1;4;0;2;2;-22,03151831;-45,67619512;"SPRF-MG";"DEL16-MG";"UOP02-DEL16-MG"
787719;2026-07-24;"sexta-feira";"22:45:00";"GO";364;189;"JATAI";"Objeto estático sobre o leito carroçável";"Colisão com objeto";"Com Vítimas Feridas";"Plena Noite";"Decrescente";"Céu Claro";"Múltipla";"Reta;Declive";"Não";3;0;1;0;2;0;1;1;-17,931606;-51,672719;"SPRF-GO";"DEL05-GO";"UOP01-DEL05-GO"
787720;2026-07-24;"sexta-feira";"22:50:00";"SP";116;532;"BARRA DO TURVO";"Reação tardia ou ineficiente do condutor";"Saída de leito carroçável";"Com Vítimas Feridas";"Plena Noite";"Decrescente";"Garoa/Chuvisco";"Dupla";"Reta";"Não";2;0;0;1;1;0;1;1;-24,9539;-48,3273;"SPRF-SP";"DEL05-SP";"UOP02-DEL05-SP"
787722;2026-07-24;"sexta-feira";"19:20:00";"MS";60;379;"CAMPO GRANDE";"Ausência de reação do condutor";"Colisão traseira";"Com Vítimas Feridas";"Plena Noite";"Decrescente";"Céu Claro";"Simples";"Reta";"Não";4;0;1;0;2;1;1;2;-20,62692;-54,749312;"SPRF-MS";"DEL01-MS";"UOP04-DEL01-MS"
787723;2026-07-24;"sexta-feira";"21:50:00";"MG";381;617,8;"OLIVEIRA";"Velocidade Incompatível";"Saída de leito carroçável";"Com Vítimas Feridas";"Plena Noite";"Crescente";"Chuva";"Dupla";"Curva";"Não";4;0;2;0;2;0;2;1;-20,74855419;-44,77301538;"SPRF-MG";"DEL04-MG";"UOP01-DEL04-MG"
787724;2026-07-24;"sexta-feira";"22:30:00";"PA";230;120;"MARABA";"Ingestão de álcool pelo condutor";"Colisão traseira";"Com Vítimas Feridas";"Plena Noite";"Decrescente";"Céu Claro";"Simples";"Ponte;Reta";"Sim";3;0;1;1;1;0;2;2;-5,3570255;-49,12246728;"SPRF-PA";"DEL03-PA";"UOP01-DEL03-PA"
787725;2026-07-25;"sábado";"00:30:00";"RS";290;111;"ELDORADO DO SUL";"Ausência de reação do condutor";"Saída de leito carroçável";"Com Vítimas Feridas";"Plena Noite";"Decrescente";"Nublado";"Simples";"Curva;Viaduto";"Não";1;0;1;0;0;0;1;1;-30,0406685;-51,3278492;"SPRF-RS";"DEL02-RS";"UOP01-DEL02-RS"
787726;2026-07-25;"sábado";"00:19:00";"SP";116;190,7;"SANTA ISABEL";"Ausência de reação do condutor";"Tombamento";"Com Vítimas Feridas";"Plena Noite";"Crescente";"Nublado";"Dupla";"Curva";"Não";2;0;2;0;0;0;2;1;-23,36924846;-46,23763776;"SPRF-SP";"DEL01-SP";"UOP01-DEL01-SP"
787728;2026-07-25;"sábado";"00:20:00";"MG";381;477,9;"CONTAGEM";"Velocidade Incompatível";"Colisão lateral mesmo sentido";"Sem Vítimas";"Plena Noite";"Decrescente";"Nublado";"Dupla";"Reta;Aclive";"Sim";2;0;0;0;1;1;0;2;-19,959055;-44,032475;"SPRF-MG";"DEL01-MG";"UOP03-DEL01-MG"
787729;2026-07-25;"sábado";"01:30:00";"GO";153;435,5;"ANAPOLIS";"Reação tardia ou ineficiente do condutor";"Tombamento";"Com Vítimas Feridas";"Plena Noite";"Decrescente";"Céu Claro";"Dupla";"Reta;Aclive";"Sim";1;0;1;0;0;0;1;1;-16,287971;-48,939493;"SPRF-GO";"DEL02-GO";"UOP01-DEL02-GO"
787731;2026-07-25;"sábado";"01:55:00";"PR";369;180;"ROLANDIA";"Ausência de reação do condutor";"Saída de leito carroçável";"Com Vítimas Feridas";"Plena Noite";"Crescente";"Chuva";"Dupla";"Reta";"Sim";3;0;0;2;1;0;2;1;-23,35247393;-51,38906121;"SPRF-PR";"DEL07-PR";"UOP03-DEL07-PR"
787733;2026-07-25;"sábado";"03:20:00";"PR";369;190;"ARAPONGAS";"Ingestão de álcool pelo condutor";"Saída de leito carroçável";"Sem Vítimas";"Plena Noite";"Crescente";"Nevoeiro/Neblina";"Dupla";"Reta";"Sim";1;0;0;0;1;0;0;1;-23,43820967;-51,4222078;"SPRF-PR";"DEL07-PR";"UOP03-DEL07-PR"
787735;2026-07-25;"sábado";"02:45:00";"SE";101;154,9;"ESTANCIA";"Pedestre - Ingestão de álcool/ substâncias psicoativas";"Atropelamento de Pedestre";"Com Vítimas Fatais";"Plena Noite";"Decrescente";"Céu Claro";"Simples";"Reta";"Sim";4;1;0;0;0;3;0;4;-11,285918;-37,457995;"SPRF-SE";"DEL02-SE";"UOP01-DEL02-SE"
787736;2026-07-25;"sábado";"02:40:00";"PE";232;324,3;"CUSTODIA";"Acessar a via sem observar a presença dos outros veículos";"Colisão transversal";"Com Vítimas Feridas";"Plena Noite";"Decrescente";"Céu Claro";"Simples";"Reta";"Não";2;0;1;0;1;0;1;1;-8,0946;-37,57216;"SPRF-PE";"DEL04-PE";"UOP02-DEL04-PE"
787738;2026-07-25;"sábado";"03:37:00";"MG";365;475;"PATROCINIO";"Acessar a via sem observar a presença dos outros veículos";"Colisão transversal";"Com Vítimas Fatais";"Plena Noite";"Decrescente";"Nublado";"Simples";"Curva";"Não";3;1;0;1;1;0;1;2;-18,92089;-47,01965;"SPRF-MG";"DEL10-MG";"UOP01-DEL10-MG"
787739;2026-07-25;"sábado";"04:05:00";"RS";116;249;"SAO LEOPOLDO";"Reação tardia ou ineficiente do condutor";"Colisão com objeto";"Sem Vítimas";"Plena Noite";"Decrescente";"Céu Claro";"Múltipla";"Reta";"Sim";2;0;0;0;2;0;0;1;-29,78225247;-51,16003482;"SPRF-RS";"DEL01-RS";"UOP02-DEL01-RS"
787740;2026-07-25;"sábado";"04:36:00";"RS";116;254;"SAPUCAIA DO SUL";"Ingestão de álcool pelo condutor";"Colisão com objeto";"Sem Vítimas";"Plena Noite";"Decrescente";"Céu Claro";"Múltipla";"Reta";"Sim";1;0;0;0;1;0;0;1;-29,83041063;-51,17372481;"SPRF-RS";"DEL01-RS";"UOP02-DEL01-RS"
787743;2026-07-25;"sábado";"05:30:00";"MG";40;549;"NOVA LIMA";"Condutor Dormindo";"Colisão com objeto";"Com Vítimas Feridas";"Amanhecer";"Decrescente";"Nublado";"Dupla";"Curva;Declive";"Sim";2;0;1;0;1;0;1;1;-20,036935;-43,968282;"SPRF-MG";"DEL01-MG";"UOP02-DEL01-MG"
787744;2026-07-24;"sexta-feira";"19:40:00";"PI";316;45;"LAGOA DO PIAUI";"Ausência de reação do condutor";"Atropelamento de Pedestre";"Com Vítimas Feridas";"Plena Noite";"Crescente";"Céu Claro";"Simples";"Reta";"Não";2;0;1;0;0;1;1;2;-5,4743285;-42,63606191;"SPRF-PI";"DEL01-PI";"UOP02-DEL01-PI"
787745;2026-07-25;"sábado";"04:20:00";"RS";386;95;"SAGRADA FAMILIA";"Reação tardia ou ineficiente do condutor";"Saída de leito carroçável";"Com Vítimas Feridas";"Plena Noite";"Crescente";"Nublado";"Simples";"Declive;Reta";"Não";2;0;2;0;0;0;2;1;-27,735763;-53,164125;"SPRF-RS";"DEL08-RS";"UOP01-DEL08-RS"
787747;2026-07-25;"sábado";"07:20:00";"SC";101;216,8;"PALHOCA";"Ausência de reação do condutor";"Tombamento";"Com Vítimas Feridas";"Amanhecer";"Crescente";"Céu Claro";"Dupla";"Reta";"Sim";1;0;1;0;0;0;1;1;-27,66691;-48,67448;"SPRF-SC";"DEL01-SC";"UOP02-DEL01-SC"
787748;2026-07-25;"sábado";"07:15:00";"SC";101;148;"ITAPEMA";"Animais na Pista";"Atropelamento de Animal";"Com Vítimas Feridas";"Pleno dia";"Crescente";"Céu Claro";"Múltipla";"Reta";"Sim";1;0;1;0;0;0;1;1;-27,10139873;-48,61775031;"SPRF-SC";"DEL04-SC";"UOP03-DEL04-SC"
787749;2026-07-25;"sábado";"07:15:00";"MG";381;698,7;"LAVRAS";"Chuva";"Capotamento";"Com Vítimas Feridas";"Pleno dia";"Crescente";"Chuva";"Dupla";"Curva";"Não";2;0;2;0;0;0;2;1;-21,272916;-45,136746;"SPRF-MG";"DEL04-MG";"UOP02-DEL04-MG"
787750;2026-07-25;"sábado";"05:50:00";"BA";116;359,7;"SERRINHA";"Ultrapassagem Indevida";"Colisão frontal";"Com Vítimas Feridas";"Pleno dia";"Decrescente";"Céu Claro";"Simples";"Reta";"Sim";3;0;1;2;0;0;3;2;-11,6736;-38,9974;"SPRF-BA";"DEL02-BA";"UOP01-DEL02-BA"
787751;2026-07-25;"sábado";"07:05:00";"TO";153;146;"ARAGUAINA";"Avarias e/ou desgaste excessivo no pneu";"Colisão com objeto";"Com Vítimas Fatais";"Pleno dia";"Decrescente";"Céu Claro";"Dupla";"Reta";"Sim";2;1;0;1;0;0;1;1;-7,21465234;-48,24462382;"SPRF-TO";"DEL02-TO";"UOP01-DEL02-TO"
787752;2026-07-25;"sábado";"06:30:00";"RS";386;33,8;"FREDERICO WESTPHALEN";"Ausência de reação do condutor";"Atropelamento de Pedestre";"Com Vítimas Feridas";"Amanhecer";"Crescente";"Nevoeiro/Neblina";"Simples";"Reta";"Sim";2;0;1;0;1;0;1;2;-27,358508;-53,388299;"SPRF-RS";"DEL08-RS";"UOP02-DEL08-RS"