"id";"data_inversa";"dia_semana";"horario";"uf";"br";"km";"municipio";"causa_acidente";"tipo_acidente";"classificacao_acidente";"fase_dia";"sentido_via";"condicao_metereologica";"tipo_pista";"tracado_via";"uso_solo";"pessoas";"mortos";"feridos_leves";"feridos_graves";"ilesos";"ignorados";"feridos";"veiculos";"latitude";"longitude";"regional";"delegacia";"uop"
787753;2026-07-25;"sábado";"04:00:00";"SC";470;38;"GASPAR";"Ingestão de álcool pelo condutor";"Colisão com objeto";"Sem Vítimas";"Plena Noite";"Crescente";"Céu Claro";"Dupla";"Reta";"Sim";1;0;0;0;1;0;0;1;-26,8995264;-48,98459181;"SPRF-SC";"DEL04-SC";"UOP01-DEL04-SC"
787754;2026-07-25;"sábado";"04:35:00";"MG";381;907;"CAMANDUCAIA";"Chuva";"Capotamento";"Com Vítimas Feridas";"Plena Noite";"Decrescente";"Garoa/Chuvisco";"Dupla";"Reta";"Sim";3;0;0;1;2;0;1;1;-22,68933957;-46,10713005;"SPRF-MG";"DEL16-MG";"UOP03-DEL16-MG"
787757;2026-07-25;"sábado";"04:00:00";"PI";135;364;"BOM JESUS";"Animais na Pista";"Atropelamento de Animal";"Sem Vítimas";"Plena Noite";"Decrescente";"Céu Claro";"Simples";"Declive";"Não";11;0;0;0;11;0;0;1;-9,14274;-44,404607;"SPRF-PI";"DEL03-PI";"UOP02-DEL03-PI"
787758;2026-07-25;"sábado";"07:30:00";"SP";116;225;"GUARULHOS";"Objeto estático sobre o leito carroçável";"Colisão traseira";"Com Vítimas Feridas";"Pleno dia";"Crescente";"Nublado";"Múltipla";"Reta";"Sim";4;0;4;0;0;0;4;2;-23,488378;-46,545303;"SPRF-SP";"DEL01-SP";"UOP01-DEL01-SP"
787760;2026-07-25;"sábado";"06:30:00";"MG";381;722,4;"CARMO DA CACHOEIRA";"Ausência de reação do condutor";"Colisão com objeto";"Com Vítimas Feridas";"Pleno dia";"Crescente";"Chuva";"Dupla";"Curva;Declive";"Não";5;0;3;0;2;0;3;1;-21,44322258;-45,20868659;"SPRF-MG";"DEL04-MG";"UOP02-DEL04-MG"
787761;2026-07-25;"sábado";"08:12:00";"RN";101;110;"PARNAMIRIM";"Condutor deixou de manter distância do veículo da frente";"Colisão lateral mesmo sentido";"Com Vítimas Fatais";"Pleno dia";"Crescente";"Nublado";"Dupla";"Reta";"Não";3;1;0;0;2;0;0;2;-5,95205;-35,26486;"SPRF-RN";"DEL01-RN";"UOP01-DEL01-RN"
787763;2026-07-24;"sexta-feira";"22:00:00";"DF";70;13,2;"BRASILIA";"Manobra de mudança de faixa";"Colisão lateral mesmo sentido";"Sem Vítimas";"Plena Noite";"Crescente";"Céu Claro";"Dupla";"Rotatória";"Não";2;0;0;0;2;0;0;2;-15,796208;-48,172548;"SPRF-DF";"DEL03-DF";"UOP02-DEL03-DF"
787764;2026-07-25;"sábado";"07:00:00";"GO";153;192,2;"URUACU";"Ausência de reação do condutor";"Colisão com objeto";"Com Vítimas Feridas";"Pleno dia";"Crescente";"Céu Claro";"Simples";"Curva;Em Obras";"Não";1;0;0;1;0;0;1;1;-14,466014;-49,156139;"SPRF-GO";"DEL07-GO";"UOP02-DEL07-GO"
787765;2026-07-25;"sábado";"08:06:00";"BA";116;386;"SANTA BARBARA";"Ausência de reação do condutor";"Saída de leito carroçável";"Com Vítimas Fatais";"Pleno dia";"Decrescente";"Céu Claro";"Simples";"Reta";"Sim";3;1;0;1;1;0;1;2;-11,91141;-38,98355;"SPRF-BA";"DEL02-BA";"UOP01-DEL02-BA"
787766;2026-07-25;"sábado";"07:30:00";"MA";135;22;"SAO LUIS";"Condutor deixou de manter distância do veículo da frente";"Colisão traseira";"Com Vítimas Feridas";"Pleno dia";"Crescente";"Céu Claro";"Dupla";"Reta";"Sim";2;0;1;0;1;0;1;2;-2,563755;-44,31755;"SPRF-MA";"DEL01-MA";"UOP01-DEL01-MA"
787767;2026-07-25;"sábado";"07:50:00";"MG";365;791;"GURINHATA";"Ausência de reação do condutor";"Saída de leito carroçável";"Com Vítimas Feridas";"Pleno dia";"Crescente";"Nublado";"Simples";"Reta";"Não";1;0;1;0;0;0;1;1;-18,93690533;-49,82252296;"SPRF-MG";"DEL15-MG";"UOP03-DEL15-MG"
787768;2026-07-25;"sábado";"07:50:00";"ES";101;292,7;"CARIACICA";"Condutor deixou de manter distância do veículo da frente";"Colisão traseira";"Com Vítimas Feridas";"Pleno dia";"Decrescente";"Sol";"Múltipla";"Reta";"Sim";3;0;2;0;0;1;2;2;-20,31227431;-40,39534198;"SPRF-ES";"DEL01-ES";"UOP01-DEL01-ES"
787769;2026-07-25;"sábado";"07:15:00";"PR";277;83,8;"CURITIBA";"Ausência de reação do condutor";"Colisão com objeto";"Sem Vítimas";"Pleno dia";"Decrescente";"Nublado";"Dupla";"Viaduto;Curva";"Não";1;0;0;0;1;0;0;1;-25,443722;-49,233964;"SPRF-PR";"DEL01-PR";"UOP03-DEL01-PR"
787771;2026-07-25;"sábado";"08:20:00";"GO";153;527;"HIDROLANDIA";"Afundamento ou ondulação no pavimento";"Tombamento";"Com Vítimas Feridas";"Pleno dia";"Crescente";"Sol";"Dupla";"Reta";"Não";1;0;1;0;0;0;1;1;-16,93606081;-49,25346248;"SPRF-GO";"DEL01-GO";"UOP03-DEL01-GO"
787773;2026-07-25;"sábado";"04:00:00";"PA";316;23;"BENEVIDES";"Ausência de reação do condutor";"Saída de leito carroçável";"Sem Vítimas";"Plena Noite";"Decrescente";"Nublado";"Dupla";"Reta";"Sim";1;0;0;0;0;1;0;1;-1,3454554;-48,2528634;"SPRF-PA";"DEL01-PA";"UOP01-DEL01-PA"
787774;2026-07-25;"sábado";"08:06:00";"ES";101;176,3;"ARACRUZ";"Acessar a via sem observar a presença dos outros veículos";"Colisão transversal";"Com Vítimas Feridas";"Pleno dia";"Decrescente";"Céu Claro";"Simples";"Rotatória";"Sim";5;0;3;0;2;0;3;2;-19,59759731;-40,20054029;"SPRF-ES";"DEL04-ES";"UOP01-DEL04-ES"
787775;2026-07-25;"sábado";"08:20:00";"PR";369;232;"JANDAIA DO SUL";"Acumulo de água sobre o pavimento";"Colisão transversal";"Com Vítimas Feridas";"Pleno dia";"Decrescente";"Chuva";"Simples";"Curva";"Não";4;0;1;0;3;0;1;2;-23,605934;-51,665405;"SPRF-PR";"DEL09-PR";"UOP01-DEL09-PR"
787777;2026-07-25;"sábado";"08:30:00";"MG";381;540,4;"ITATIAIUCU";"Velocidade Incompatível";"Saída de leito carroçável";"Com Vítimas Feridas";"Pleno dia";"Decrescente";"Nublado";"Dupla";"Curva";"Não";5;0;3;2;0;0;5;1;-20,25185875;-44,4104212;"SPRF-MG";"DEL04-MG";"UOP03-DEL04-MG"
787778;2026-07-25;"sábado";"07:00:00";"AP";210;103,8;"PORTO GRANDE";"Condutor deixou de manter distância do veículo da frente";"Colisão lateral mesmo sentido";"Com Vítimas Feridas";"Pleno dia";"Crescente";"Céu Claro";"Simples";"Reta";"Não";3;0;0;1;2;0;1;2;0,701113;-51,403423;"SPRF-AP";"DEL01-AP";"UOP01-DEL01-AP"
787779;2026-07-25;"sábado";"08:10:00";"MG";116;414;"GOVERNADOR VALADARES";"Acumulo de areia ou detritos sobre o pavimento";"Queda de ocupante de veículo";"Com Vítimas Feridas";"Pleno dia";"Decrescente";"Céu Claro";"Simples";"Reta";"Sim";1;0;1;0;0;0;1;1;-18,88379678;-41,95051789;"SPRF-MG";"DEL06-MG";"UOP01-DEL06-MG"
787780;2026-07-11;"sábado";"03:30:00";"SC";101;154;"PORTO BELO";"Reação tardia ou ineficiente do condutor";"Saída de leito carroçável";"Com Vítimas Feridas";"Plena Noite";"Decrescente";"Céu Claro";"Múltipla";"Reta";"Não";1;0;1;0;0;0;1;1;-27,160876;-48,611057;"SPRF-SC";"DEL04-SC";"UOP03-DEL04-SC"
787782;2026-07-25;"sábado";"07:40:00";"MG";50;174;"UBERABA";"Ingestão de álcool pelo condutor";"Saída de leito carroçável";"Sem Vítimas";"Pleno dia";"Decrescente";"Garoa/Chuvisco";"Dupla";"Curva";"Sim";1;0;0;0;1;0;0;1;-19,77832897;-47,97006218;"SPRF-MG";"DEL13-MG";"UOP01-DEL13-MG"
787783;2026-07-25;"sábado";"09:00:00";"PR";476;155;"ARAUCARIA";"Trafegar com motocicleta (ou similar) entre as faixas";"Tombamento";"Com Vítimas Feridas";"Pleno dia";"Crescente";"Garoa/Chuvisco";"Dupla";"Reta";"Sim";1;0;0;1;0;0;1;1;-25,59014509;-49,4098061;"SPRF-PR";"DEL01-PR";"UOP06-DEL01-PR"
787784;2026-05-14;"quinta-feira";"22:10:00";"PE";101;57;"RECIFE";"Ausência de reação do condutor";"Colisão traseira";"Com Vítimas Feridas";"Plena Noite";"Crescente";"Nublado";"Dupla";"Reta";"Sim";3;0;2;0;1;0;2;2;-7,9627897;-34,91512614;"SPRF-PE";"DEL01-PE";"UOP02-DEL01-PE"
787786;2026-07-25;"sábado";"09:00:00";"GO";60;10;"SANTO ANTONIO DO DESCOBERTO";"Velocidade Incompatível";"Saída de leito carroçável";"Com Vítimas Feridas";"Pleno dia";"Decrescente";"Céu Claro";"Dupla";"Reta;Declive";"Não";1;0;1;0;0;0;1;1;-16,117185;-48,319113;"SPRF-DF";"DEL03-DF";"UOP01-DEL03-DF"
787787;2026-07-25;"sábado";"09:45:00";"GO";60;378,7;"RIO VERDE";"Reação tardia ou ineficiente do condutor";"Colisão com objeto";"Com Vítimas Feridas";"Pleno dia";"Crescente";"Céu Claro";"Dupla";"Curva;Aclive";"Sim";1;0;1;0;0;0;1;1;-17,771808;-50,885837;"SPRF-GO";"DEL04-GO";"UOP01-DEL04-GO"
787788;2026-07-25;"sábado";"08:59:00";"PR";277;590;"CASCAVEL";"Desrespeitar a preferência no cruzamento";"Colisão frontal";"Com Vítimas Feridas";"Pleno dia";"Decrescente";"Nublado";"Simples";"Interseção de Vias";"Sim";2;0;2;0;0;0;2;2;-24,9725398;-53,4358453;"SPRF-PR";"DEL04-PR";"UOP01-DEL04-PR"
787789;2026-07-25;"sábado";"09:40:00";"RN";101;80;"NATAL";"Transtornos Mentais (exceto suicidio)";"Queda de ocupante de veículo";"Com Vítimas Feridas";"Pleno dia";"Decrescente";"Nublado";"Dupla";"Reta";"Sim";3;0;1;0;1;1;1;2;-5,76351677;-35,28596091;"SPRF-RN";"DEL02-RN";"UOP01-DEL02-RN"
787790;2026-07-25;"sábado";"10:00:00";"DF";20;7,8;"BRASILIA";"Ingestão de álcool pelo condutor";"Colisão traseira";"Sem Vítimas";"Pleno dia";"Decrescente";"Céu Claro";"Dupla";"Reta;Declive";"Sim";2;0;0;0;2;0;0;2;-15,658235;-47,791668;"SPRF-DF";"DEL02-DF";"UOP01-DEL02-DF"
787791;2026-07-25;"sábado";"08:20:00";"PI";343;444;"AGUA BRANCA";"Acessar a via sem observar a presença dos outros veículos";"Colisão frontal";"Com Vítimas Feridas";"Pleno dia";"Crescente";"Céu Claro";"Simples";"Interseção de Vias";"Sim";2;0;0;1;1;0;1;2;-5,890928;-42,643857;"SPRF-PI";"DEL01-PI";"UOP02-DEL01-PI"
787792;2026-07-25;"sábado";"08:35:00";"CE";20;299,9;"CANINDE";"Demais falhas na via";"Saída de leito carroçável";"Com Vítimas Feridas";"Pleno dia";"Decrescente";"Céu Claro";"Simples";"Reta;Declive";"Não";5;0;5;0;0;0;5;1;-4,410371;-39,325743;"SPRF-CE";"DEL02-CE";"UOP01-DEL02-CE"
787793;2026-07-25;"sábado";"06:40:00";"BA";349;1069,9;"CORRENTINA";"Ausência de reação do condutor";"Saída de leito carroçável";"Com Vítimas Fatais";"Pleno dia";"Crescente";"Céu Claro";"Simples";"Reta";"Não";1;1;0;0;0;0;0;1;-13,66386;-45,7184;"SPRF-BA";"DEL10-BA";"UOP02-DEL10-BA"
787794;2026-07-25;"sábado";"09:10:00";"MG";381;744,1;"TRES CORACOES";"Demais falhas mecânicas ou elétricas";"Colisão com objeto";"Com Vítimas Feridas";"Pleno dia";"Decrescente";"Nublado";"Dupla";"Curva;Declive";"Não";2;0;1;0;1;0;1;1;-21,61849439;-45,24428487;"SPRF-MG";"DEL16-MG";"UOP02-DEL16-MG"
787795;2026-07-25;"sábado";"09:00:00";"PI";316;316,3;"PICOS";"Avarias e/ou desgaste excessivo no pneu";"Queda de ocupante de veículo";"Com Vítimas Feridas";"Pleno dia";"Decrescente";"Céu Claro";"Simples";"Reta";"Sim";2;0;1;1;0;0;2;1;-7,081749;-41,420943;"SPRF-PI";"DEL04-PI";"UOP01-DEL04-PI"
787796;2026-07-25;"sábado";"10:20:00";"MG";381;394,2;"BOM JESUS DO AMPARO";"Condutor usando celular";"Colisão com objeto";"Com Vítimas Feridas";"Pleno dia";"Decrescente";"Céu Claro";"Dupla";"Reta;Declive";"Não";3;0;3;0;0;0;3;1;-19,748769;-43,489641;"SPRF-MG";"DEL01-MG";"UOP01-DEL01-MG"
787797;2026-07-18;"sábado";"00:30:00";"PR";277;20;"MORRETES";"Reação tardia ou ineficiente do condutor";"Saída de leito carroçável";"Com Vítimas Feridas";"Plena Noite";"Decrescente";"Nublado";"Dupla";"Reta";"Não";1;0;1;0;0;0;1;1;-25,53504189;-48,70444044;"SPRF-PR";"DEL01-PR";"UOP05-DEL01-PR"
787799;2026-07-25;"sábado";"11:00:00";"DF";70;5,6;"BRASILIA";"Avarias e/ou desgaste excessivo no pneu";"Saída de leito carroçável";"Sem Vítimas";"Pleno dia";"Decrescente";"Céu Claro";"Dupla";"Reta";"Sim";1;0;0;0;1;0;0;1;-15,791388;-48,104892;"SPRF-DF";"DEL03-DF";"UOP02-DEL03-DF"
787800;2026-07-25;"sábado";"10:50:00";"RS";116;258;"ESTEIO";"Condutor deixou de manter distância do veículo da frente";"Colisão traseira";"Com Vítimas Feridas";"Pleno dia";"Crescente";"Céu Claro";"Múltipla";"Reta";"Sim";5;0;2;0;3;0;2;2;-29,85369808;-51,18018977;"SPRF-RS";"DEL01-RS";"UOP02-DEL01-RS"
787802;2026-07-22;"quarta-feira";"08:00:00";"RJ";116;178;"MESQUITA";"Deficiência do Sistema de Iluminação/Sinalização";"Colisão lateral mesmo sentido";"Com Vítimas Feridas";"Pleno dia";"Decrescente";"Céu Claro";"Dupla";"Reta";"Não";3;0;2;0;1;0;2;2;-22,77338645;-43,40338675;"SPRF-RJ";"DEL06-RJ";"UOP01-DEL06-RJ"
787803;2026-07-25;"sábado";"11:20:00";"SC";101;206;"SAO JOSE";"Condutor desrespeitou a iluminação vermelha do semáforo";"Colisão transversal";"Com Vítimas Feridas";"Pleno dia";"Crescente";"Céu Claro";"Múltipla";"Reta;Interseção de Vias";"Sim";2;0;1;0;1;0;1;2;-27,59926;-48,62224;"SPRF-SC";"DEL01-SC";"UOP01-DEL01-SC"
787804;2026-07-25;"sábado";"10:25:00";"RJ";101;269;"TANGUA";"Reação tardia ou ineficiente do condutor";"Colisão lateral mesmo sentido";"Com Vítimas Feridas";"Pleno dia";"Decrescente";"Nublado";"Dupla";"Reta";"Sim";2;0;0;1;1;0;1;2;-22,73569102;-42,72166578;"SPRF-RJ";"DEL02-RJ";"UOP03-DEL02-RJ"
787805;2026-07-25;"sábado";"11:29:00";"MG";262;428,9;"NOVA SERRANA";"Condutor deixou de manter distância do veículo da frente";"Saída de leito carroçável";"Com Vítimas Feridas";"Pleno dia";"Decrescente";"Céu Claro";"Dupla";"Aclive;Reta";"Não";5;0;3;1;0;1;4;2;-19,887713;-44,892293;"SPRF-MG";"DEL08-MG";"UOP03-DEL08-MG"
787806;2026-07-25;"sábado";"11:00:00";"SP";153;346;"OURINHOS";"Acumulo de óleo sobre o pavimento";"Queda de ocupante de veículo";"Com Vítimas Feridas";"Pleno dia";"Decrescente";"Chuva";"Dupla";"Reta";"Não";2;0;1;0;1;0;1;1;-22,98672776;-49,90363095;"SPRF-SP";"DEL07-SP";"UOP03-DEL07-SP"
787807;2026-07-25;"sábado";"11:00:00";"AL";101;117,9;"MARECHAL DEODORO";"Ausência de reação do condutor";"Colisão traseira";"Com Vítimas Feridas";"Pleno dia";"Decrescente";"Céu Claro";"Dupla";"Reta";"Não";5;0;4;0;1;0;4;2;-9,663033;-36,02189;"SPRF-AL";"DEL02-AL";"UOP01-DEL02-AL"
787808;2026-07-25;"sábado";"08:20:00";"AL";101;58;"MESSIAS";"Ausência de reação do condutor";"Saída de leito carroçável";"Com Vítimas Feridas";"Pleno dia";"Crescente";"Céu Claro";"Dupla";"Curva";"Não";1;0;1;0;0;0;1;1;-9,285192;-35,803058;"SPRF-AL";"DEL01-AL";"UOP02-DEL01-AL"
787809;2026-07-25;"sábado";"12:00:00";"SC";282;77;"RANCHO QUEIMADO";"Ultrapassagem Indevida";"Colisão lateral sentido oposto";"Com Vítimas Feridas";"Pleno dia";"Crescente";"Céu Claro";"Simples";"Curva";"Não";2;0;1;0;1;0;1;2;-27,6832546;-49,1437941;"SPRF-SC";"DEL01-SC";"UOP03-DEL01-SC"
787813;2026-07-25;"sábado";"09:50:00";"RS";386;244,4;"SOLEDADE";"Condutor deixou de manter distância do veículo da frente";"Engavetamento";"Com Vítimas Feridas";"Pleno dia";"Crescente";"Sol";"Simples";"Reta;Em Obras";"Não";7;0;2;0;5;0;2;3;-28,800505;-52,511781;"SPRF-RS";"DEL04-RS";"UOP03-DEL04-RS"
787814;2026-07-25;"sábado";"12:30:00";"SC";470;159;"TROMBUDO CENTRAL";"Desrespeitar a preferência no cruzamento";"Colisão transversal";"Com Vítimas Feridas";"Pleno dia";"Decrescente";"Nublado";"Simples";"Em Obras;Reta";"Não";2;0;1;0;1;0;1;2;-27,2859323;-49,7833213;"SPRF-SC";"DEL04-SC";"UOP02-DEL04-SC"
787815;2026-07-25;"sábado";"12:35:00";"PE";101;70,3;"RECIFE";"Reação tardia ou ineficiente do condutor";"Colisão transversal";"Com Vítimas Feridas";"Pleno dia";"Crescente";"Sol";"Dupla";"Reta";"Sim";3;0;2;0;1;0;2;2;-8,07244;-34,942772;"SPRF-PE";"DEL01-PE";"UOP01-DEL01-PE"
787816;2026-07-25;"sábado";"12:10:00";"MG";381;517;"IGARAPE";"Velocidade Incompatível";"Saída de leito carroçável";"Com Vítimas Feridas";"Pleno dia";"Decrescente";"Céu Claro";"Dupla";"Curva;Declive";"Não";3;0;2;0;1;0;2;1;-20,11067;-44,326424;"SPRF-MG";"DEL01-MG";"UOP03-DEL01-MG"
787818;2026-07-25;"sábado";"12:40:00";"PR";277;78;"CURITIBA";"Manobra de mudança de faixa";"Colisão lateral mesmo sentido";"Com Vítimas Feridas";"Pleno dia";"Decrescente";"Céu Claro";"Dupla";"Reta";"Não";2;0;1;0;1;0;1;2;-25,47853471;-49,20274258;"SPRF-PR";"DEL01-PR";"UOP08-DEL01-PR"
787819;2026-07-25;"sábado";"12:20:00";"RS";290;92;"PORTO ALEGRE";"Demais falhas mecânicas ou elétricas";"Incêndio";"Sem Vítimas";"Pleno dia";"Decrescente";"Céu Claro";"Múltipla";"Reta";"Sim";2;0;0;0;2;0;0;1;-29,97178908;-51,17593028;"SPRF-RS";"DEL01-RS";"UOP01-DEL01-RS"
787820;2026-07-25;"sábado";"07:20:00";"SC";470;192,3;"POUSO REDONDO";"Velocidade Incompatível";"Colisão lateral sentido oposto";"Com Vítimas Feridas";"Amanhecer";"Crescente";"Garoa/Chuvisco";"Simples";"Curva";"Não";6;0;2;1;3;0;3;4;-27,29685;-50,07508;"SPRF-SC";"DEL04-SC";"UOP02-DEL04-SC"
787822;2026-07-25;"sábado";"03:40:00";"RS";386;347;"LAJEADO";"Condutor Dormindo";"Colisão com objeto";"Sem Vítimas";"Plena Noite";"Decrescente";"Céu Claro";"Dupla";"Curva";"Não";1;0;0;0;0;1;0;1;-29,45671759;-51,95732681;"SPRF-RS";"DEL04-RS";"UOP01-DEL04-RS"
787824;2026-07-25;"sábado";"13:00:00";"SP";116;93;"PINDAMONHANGABA";"Reação tardia ou ineficiente do condutor";"Colisão traseira";"Com Vítimas Feridas";"Pleno dia";"Decrescente";"Céu Claro";"Dupla";"Reta";"Sim";2;0;1;0;1;0;1;2;-22,95663529;-45,41256332;"SPRF-SP";"DEL08-SP";"UOP01-DEL08-SP"
787825;2026-07-25;"sábado";"11:05:00";"RS";116;386;"CAMAQUA";"Animais na Pista";"Atropelamento de Animal";"Com Vítimas Feridas";"Pleno dia";"Decrescente";"Céu Claro";"Dupla";"Reta";"Não";2;0;2;0;0;0;2;1;-30,78520766;-51,66520528;"SPRF-RS";"DEL02-RS";"UOP02-DEL02-RS"
787827;2026-07-25;"sábado";"13:25:00";"RS";116;265;"CANOAS";"Acesso irregular";"Colisão transversal";"Com Vítimas Feridas";"Pleno dia";"Decrescente";"Céu Claro";"Simples";"Reta";"Sim";2;0;1;0;1;0;1;2;-29,92554344;-51,17756952;"SPRF-RS";"DEL01-RS";"UOP01-DEL01-RS"
787828;2026-07-25;"sábado";"12:30:00";"PR";376;102;"GUAIRACA";"Acumulo de água sobre o pavimento";"Capotamento";"Com Vítimas Feridas";"Pleno dia";"Crescente";"Chuva";"Dupla";"Reta";"Não";1;0;0;1;0;0;1;1;-22,92867406;-52,8045845;"SPRF-PR";"DEL09-PR";"UOP02-DEL09-PR"
787831;2026-07-25;"sábado";"12:00:00";"GO";70;472;"ARAGARCAS";"Acessar a via sem observar a presença dos outros veículos";"Colisão transversal";"Com Vítimas Feridas";"Pleno dia";"Crescente";"Céu Claro";"Simples";"Interseção de Vias;Reta";"Sim";2;0;0;1;0;1;1;2;-15,89733055;-52,23292563;"SPRF-GO";"DEL04-GO";"UOP02-DEL04-GO"
787833;2026-07-25;"sábado";"11:35:00";"MG";153;146,5;"COMENDADOR GOMES";"Ausência de reação do condutor";"Saída de leito carroçável";"Com Vítimas Feridas";"Pleno dia";"Crescente";"Chuva";"Simples";"Reta";"Não";1;0;1;0;0;0;1;1;-19,63145;-48,847756;"SPRF-MG";"DEL13-MG";"UOP02-DEL13-MG"
787834;2026-07-18;"sábado";"21:40:00";"ES";101;62,5;"SAO MATEUS";"Velocidade Incompatível";"Tombamento";"Com Vítimas Feridas";"Plena Noite";"Crescente";"Garoa/Chuvisco";"Simples";"Curva;Declive";"Não";1;0;1;0;0;0;1;1;-18,69371686;-39,86411188;"SPRF-ES";"DEL04-ES";"UOP02-DEL04-ES"
787835;2026-07-25;"sábado";"13:30:00";"ES";101;60,7;"SAO MATEUS";"Acessar a via sem observar a presença dos outros veículos";"Colisão transversal";"Com Vítimas Feridas";"Pleno dia";"Decrescente";"Sol";"Simples";"Reta;Retorno Regulamentado";"Sim";2;0;1;1;0;0;2;2;-18,67780571;-39,86478981;"SPRF-ES";"DEL04-ES";"UOP02-DEL04-ES"
787836;2026-07-25;"sábado";"14:18:00";"DF";20;19;"BRASILIA";"Reação tardia ou ineficiente do condutor";"Saída de leito carroçável";"Com Vítimas Feridas";"Pleno dia";"Crescente";"Céu Claro";"Dupla";"Reta";"Não";5;0;1;0;4;0;1;1;-15,611029;-47,69865;"SPRF-DF";"DEL02-DF";"UOP01-DEL02-DF"
787837;2026-07-25;"sábado";"14:00:00";"PI";316;298;"PICOS";"Ultrapassagem Indevida";"Colisão lateral mesmo sentido";"Sem Vítimas";"Pleno dia";"Decrescente";"Céu Claro";"Simples";"Curva;Aclive";"Não";5;0;0;0;4;1;0;2;-7,030385;-41,555979;"SPRF-PI";"DEL04-PI";"UOP01-DEL04-PI"
787839;2026-07-25;"sábado";"13:30:00";"RS";116;159;"CAXIAS DO SUL";"Mal súbito do condutor";"Colisão com objeto";"Com Vítimas Feridas";"Pleno dia";"Decrescente";"Céu Claro";"Simples";"Interseção de Vias";"Sim";1;0;0;1;0;0;1;1;-29,23086044;-51,15904424;"SPRF-RS";"DEL05-RS";"UOP01-DEL05-RS"
787842;2026-07-25;"sábado";"14:40:00";"RJ";101;323;"NITEROI";"Reação tardia ou ineficiente do condutor";"Colisão traseira";"Com Vítimas Feridas";"Pleno dia";"Decrescente";"Nublado";"Múltipla";"Reta";"Não";3;0;1;1;1;0;2;2;-22,87614214;-43,1183717;"SPRF-RJ";"DEL02-RJ";"UOP01-DEL02-RJ"
787843;2026-07-25;"sábado";"15:00:00";"SC";101;202;"SAO JOSE";"Pedestre cruzava a pista fora da faixa";"Atropelamento de Pedestre";"Com Vítimas Feridas";"Pleno dia";"Decrescente";"Céu Claro";"Múltipla";"Reta";"Sim";3;0;0;1;1;1;1;2;-27,56424339;-48,61476867;"SPRF-SC";"DEL01-SC";"UOP01-DEL01-SC"
787848;2026-07-25;"sábado";"14:30:00";"MG";262;119;"RIO CASCA";"Acessar a via sem observar a presença dos outros veículos";"Colisão transversal";"Com Vítimas Feridas";"Pleno dia";"Decrescente";"Sol";"Simples";"Curva";"Sim";2;0;0;1;0;1;1;2;-20,22323553;-42,64260499;"SPRF-MG";"DEL03-MG";"UOP03-DEL03-MG"
787849;2026-07-25;"sábado";"15:30:00";"RS";116;320;"BARRA DO RIBEIRO";"Reação tardia ou ineficiente do condutor";"Colisão com objeto";"Sem Vítimas";"Pleno dia";"Decrescente";"Céu Claro";"Dupla";"Reta";"Não";3;0;0;0;3;0;0;1;-30,28392239;-51,41320929;"SPRF-RS";"DEL02-RS";"UOP01-DEL02-RS"
787850;2026-07-25;"sábado";"15:26:00";"TO";10;393;"PORTO NACIONAL";"Ausência de reação do condutor";"Tombamento";"Com Vítimas Feridas";"Pleno dia";"Crescente";"Céu Claro";"Simples";"Reta";"Não";2;0;2;0;0;0;2;1;-10,8038076;-48,36477542;"SPRF-TO";"DEL01-TO";"UOP03-DEL01-TO"
787851;2026-07-25;"sábado";"12:30:00";"MG";381;321;"NOVA ERA";"Demais falhas mecânicas ou elétricas";"Incêndio";"Sem Vítimas";"Pleno dia";"Crescente";"Céu Claro";"Simples";"Curva";"Não";1;0;0;0;0;1;0;1;-19,7443933;-43,0220961;"SPRF-MG";"DEL03-MG";"UOP02-DEL03-MG"
787852;2026-07-25;"sábado";"12:05:00";"SC";280;256,7;"CANOINHAS";"Reação tardia ou ineficiente do condutor";"Saída de leito carroçável";"Com Vítimas Feridas";"Pleno dia";"Crescente";"Céu Claro";"Simples";"Reta;Aclive";"Não";1;0;1;0;0;0;1;1;-26,26396;-50,60524;"SPRF-SC";"DEL06-SC";"UOP04-DEL06-SC"
787853;2026-07-25;"sábado";"15:50:00";"RJ";116;174,5;"SAO JOAO DE MERITI";"Acessar a via sem observar a presença dos outros veículos";"Colisão lateral mesmo sentido";"Com Vítimas Feridas";"Pleno dia";"Decrescente";"Nublado";"Dupla";"Reta";"Sim";2;0;1;0;1;0;1;2;-22,79327424;-43,36625576;"SPRF-RJ";"DEL06-RJ";"UOP01-DEL06-RJ"
787856;2026-07-25;"sábado";"09:30:00";"MG";365;309;"JOAO PINHEIRO";"Ausência de reação do condutor";"Saída de leito carroçável";"Com Vítimas Feridas";"Pleno dia";"Crescente";"Céu Claro";"Simples";"Curva";"Não";4;0;2;1;1;0;3;1;-18,18119929;-45,81196971;"SPRF-MG";"DEL10-MG";"UOP02-DEL010-MG"
787857;2026-07-25;"sábado";"16:05:00";"SP";116;230;"SAO PAULO";"Acessar a via sem observar a presença dos outros veículos";"Colisão traseira";"Com Vítimas Feridas";"Pleno dia";"Decrescente";"Nublado";"Múltipla";"Reta";"Sim";2;0;1;0;1;0;1;2;-23,51811233;-46,58108048;"SPRF-SP";"DEL01-SP";"UOP01-DEL01-SP"
787858;2026-07-25;"sábado";"15:30:00";"MG";116;506;"UBAPORANGA";"Acesso irregular";"Colisão lateral mesmo sentido";"Com Vítimas Feridas";"Pleno dia";"Crescente";"Céu Claro";"Simples";"Interseção de Vias";"Não";2;0;1;0;1;0;1;2;-19,61712;-42,11031;"SPRF-MG";"DEL06-MG";"UOP02-DEL06-MG"