"id";"data_inversa";"dia_semana";"horario";"uf";"br";"km";"municipio";"causa_acidente";"tipo_acidente";"classificacao_acidente";"fase_dia";"sentido_via";"condicao_metereologica";"tipo_pista";"tracado_via";"uso_solo";"pessoas";"mortos";"feridos_leves";"feridos_graves";"ilesos";"ignorados";"feridos";"veiculos";"latitude";"longitude";"regional";"delegacia";"uop"
787859;2026-07-25;"sábado";"13:40:00";"SC";101;372,3;"ICARA";"Condutor deixou de manter distância do veículo da frente";"Colisão traseira";"Com Vítimas Fatais";"Pleno dia";"Crescente";"Céu Claro";"Dupla";"Reta";"Não";4;2;2;0;0;0;2;2;-28,71499711;-49,22551914;"SPRF-SC";"DEL02-SC";"UOP01-DEL02-SC"
787860;2026-07-25;"sábado";"15:50:00";"SC";101;145;"ITAPEMA";"Manobra de mudança de faixa";"Colisão lateral mesmo sentido";"Com Vítimas Feridas";"Pleno dia";"Decrescente";"Céu Claro";"Dupla";"Aclive";"Sim";2;0;1;0;1;0;1;2;-27,08476835;-48,60604606;"SPRF-SC";"DEL04-SC";"UOP03-DEL04-SC"
787861;2026-07-25;"sábado";"16:32:00";"RJ";116;184;"NOVA IGUACU";"Ausência de reação do condutor";"Colisão traseira";"Com Vítimas Feridas";"Pleno dia";"Crescente";"Nublado";"Simples";"Reta";"Sim";3;0;0;1;2;0;1;3;-22,746857;-43,445222;"SPRF-RJ";"DEL06-RJ";"UOP01-DEL06-RJ"
787862;2026-07-25;"sábado";"16:30:00";"SP";116;284;"EMBU DAS ARTES";"Trafegar com motocicleta (ou similar) entre as faixas";"Colisão lateral mesmo sentido";"Sem Vítimas";"Pleno dia";"Crescente";"Céu Claro";"Dupla";"Reta";"Sim";3;0;0;0;3;0;0;2;-23,66864855;-46,85595192;"SPRF-SP";"DEL04-SP";"UOP01-DEL04-SP"
787863;2026-07-25;"sábado";"16:30:00";"SC";282;4;"FLORIANOPOLIS";"Reação tardia ou ineficiente do condutor";"Colisão traseira";"Com Vítimas Feridas";"Pleno dia";"Crescente";"Sol";"Múltipla";"Reta";"Sim";2;0;1;0;1;0;1;2;-27,59248;-48,60436;"SPRF-SC";"DEL01-SC";"UOP01-DEL01-SC"
787864;2026-07-25;"sábado";"16:30:00";"CE";116;17;"EUSEBIO";"Demais falhas na via";"Queda de ocupante de veículo";"Com Vítimas Feridas";"Pleno dia";"Crescente";"Céu Claro";"Dupla";"Reta";"Sim";1;0;1;0;0;0;1;1;-3,89562;-38,50319;"SPRF-CE";"DEL01-CE";"UOP02-DEL01-CE"
787865;2026-07-25;"sábado";"17:00:00";"BA";242;607;"IBOTIRAMA";"Ultrapassagem Indevida";"Colisão traseira";"Com Vítimas Fatais";"Pleno dia";"Crescente";"Céu Claro";"Simples";"Ponte";"Não";2;1;0;0;1;0;0;2;-12,18068488;-43,22677016;"SPRF-BA";"DEL06-BA";"UOP03-DEL06-BA"
787867;2026-07-25;"sábado";"16:40:00";"GO";70;8;"AGUAS LINDAS DE GOIAS";"Pedestre cruzava a pista fora da faixa";"Atropelamento de Pedestre";"Com Vítimas Feridas";"Pleno dia";"Crescente";"Céu Claro";"Múltipla";"Reta";"Sim";2;0;1;1;0;0;2;2;-15,73618;-48,2848;"SPRF-DF";"DEL03-DF";"UOP02-DEL03-DF"
787868;2026-07-18;"sábado";"07:00:00";"GO";70;320;"JUSSARA";"Reação tardia ou ineficiente do condutor";"Tombamento";"Com Vítimas Feridas";"Pleno dia";"Decrescente";"Céu Claro";"Simples";"Reta;Declive";"Não";1;0;0;1;0;0;1;1;-15,877687;-50,885843;"SPRF-GO";"DEL04-GO";"UOP02-DEL04-GO"
787869;2026-07-25;"sábado";"16:00:00";"AL";104;9,3;"SAO JOSE DA LAJE";"Condutor Dormindo";"Colisão lateral sentido oposto";"Com Vítimas Feridas";"Pleno dia";"Decrescente";"Céu Claro";"Simples";"Curva";"Não";4;0;3;1;0;0;4;2;-8,97461987;-36,01856645;"SPRF-AL";"DEL01-AL";"UOP02-DEL01-AL"
787870;2026-07-25;"sábado";"15:30:00";"RJ";356;28;"ITAPERUNA";"Transitar na contramão";"Colisão frontal";"Com Vítimas Feridas";"Pleno dia";"Crescente";"Sol";"Simples";"Reta";"Sim";2;0;1;0;1;0;1;2;-21,186587;-41,914604;"SPRF-RJ";"DEL08-RJ";"UOP03-DEL08-RJ"
787871;2026-07-25;"sábado";"17:20:00";"BA";101;878,2;"TEIXEIRA DE FREITAS";"Ausência de reação do condutor";"Colisão traseira";"Com Vítimas Feridas";"Pleno dia";"Crescente";"Céu Claro";"Simples";"Reta";"Sim";3;0;0;1;1;1;1;3;-17,552438;-39,722503;"SPRF-BA";"DEL09-BA";"UOP02-DEL09-BA"
787872;2026-07-25;"sábado";"13:45:00";"SC";470;79;"BLUMENAU";"Ausência de reação do condutor";"Colisão frontal";"Com Vítimas Feridas";"Pleno dia";"Crescente";"Sol";"Simples";"Reta";"Não";4;0;3;1;0;0;4;2;-26,86256111;-49,09094653;"SPRF-SC";"DEL04-SC";"UOP01-DEL04-SC"
787873;2026-07-25;"sábado";"16:48:00";"ES";262;160;"IBATIBA";"Acessar a via sem observar a presença dos outros veículos";"Colisão transversal";"Com Vítimas Feridas";"Plena Noite";"Crescente";"Nublado";"Simples";"Reta";"Não";2;0;1;0;0;1;1;2;-20,23729;-41,5154017;"SPRF-ES";"DEL01-ES";"UOP02-DEL01-ES"
787874;2026-07-25;"sábado";"16:40:00";"GO";50;110,7;"CRISTALINA";"Animais na Pista";"Capotamento";"Com Vítimas Feridas";"Pleno dia";"Crescente";"Céu Claro";"Dupla";"Reta";"Não";2;0;1;0;1;0;1;1;-16,8617153;-47,6777422;"SPRF-DF";"DEL01-DF";"UOP02-DEL01-DF"
787876;2026-07-25;"sábado";"16:50:00";"RJ";116;142;"DUQUE DE CAXIAS";"Acumulo de óleo sobre o pavimento";"Queda de ocupante de veículo";"Com Vítimas Feridas";"Anoitecer";"Crescente";"Céu Claro";"Dupla";"Curva;Retorno Regulamentado";"Sim";2;0;1;0;1;0;1;1;-22,6476154;-43,22818486;"SPRF-RJ";"DEL01-RJ";"UOP02-DEL01-RJ"
787877;2026-07-25;"sábado";"14:30:00";"RJ";493;18;"GUAPIMIRIM";"Ausência de reação do condutor";"Colisão lateral mesmo sentido";"Com Vítimas Feridas";"Pleno dia";"Crescente";"Céu Claro";"Dupla";"Reta";"Não";2;0;1;0;1;0;1;2;-22,66811;-43,010985;"SPRF-RJ";"DEL04-RJ";"UOP02-DEL04-RJ"
787878;2026-07-25;"sábado";"17:40:00";"PA";316;259;"CACHOEIRA DO PIRIA";"Ausência de reação do condutor";"Colisão transversal";"Com Vítimas Fatais";"Anoitecer";"Crescente";"Céu Claro";"Simples";"Reta";"Não";5;1;0;1;0;3;1;2;-1,809587;-46,438967;"SPRF-PA";"DEL01-PA";"UOP04-DEL01-PA"
787879;2026-07-25;"sábado";"16:22:00";"MT";163;76;"RONDONOPOLIS";"Problema na suspensão";"Saída de leito carroçável";"Com Vítimas Feridas";"Pleno dia";"Crescente";"Céu Claro";"Dupla";"Aclive;Reta";"Não";1;0;1;0;0;0;1;1;-16,843577;-54,702046;"SPRF-MT";"DEL02-MT";"UOP03-DEL02-MT"
787880;2026-07-25;"sábado";"17:50:00";"MG";381;493;"BETIM";"Velocidade Incompatível";"Colisão transversal";"Sem Vítimas";"Anoitecer";"Decrescente";"Céu Claro";"Múltipla";"Reta";"Sim";2;0;0;0;1;1;0;2;-19,96429863;-44,17223931;"SPRF-MG";"DEL01-MG";"UOP03-DEL01-MG"
787883;2026-07-25;"sábado";"17:20:00";"PR";272;434;"GOIOERE";"Reação tardia ou ineficiente do condutor";"Colisão com objeto";"Sem Vítimas";"Anoitecer";"Crescente";"Céu Claro";"Dupla";"Rotatória;Curva";"Sim";1;0;0;0;0;1;0;1;-24,18641145;-53,00053446;"SPRF-PR";"DEL09-PR";"UOP03-DEL09-PR"
787884;2026-07-25;"sábado";"08:06:00";"RJ";40;118;"DUQUE DE CAXIAS";"Acessar a via sem observar a presença dos outros veículos";"Colisão lateral mesmo sentido";"Com Vítimas Feridas";"Amanhecer";"Crescente";"Céu Claro";"Múltipla";"Reta";"Sim";2;0;1;0;1;0;1;2;-22,7581512;-43,2872768;"SPRF-RJ";"DEL01-RJ";"UOP02-DEL01-RJ"
787886;2026-07-25;"sábado";"17:50:00";"CE";20;79,9;"TAUA";"Demais falhas mecânicas ou elétricas";"Tombamento";"Com Vítimas Feridas";"Pleno dia";"Crescente";"Céu Claro";"Simples";"Reta;Declive";"Não";2;0;1;1;0;0;2;2;-6,034179;-40,308882;"SPRF-CE";"DEL02-CE";"UOP02-DEL02-CE"
787887;2026-07-25;"sábado";"18:30:00";"SC";101;18;"BIGUACU";"Ingestão de álcool pelo condutor";"Colisão lateral mesmo sentido";"Com Vítimas Feridas";"Plena Noite";"Decrescente";"Céu Claro";"Dupla";"Reta";"Não";6;0;4;0;2;0;4;3;-27,4818;-48,7183;"SPRF-SC";"DEL03-SC";"UOP01-DEL03-SC"
787888;2026-07-25;"sábado";"18:52:00";"PE";101;71,4;"RECIFE";"Acessar a via sem observar a presença dos outros veículos";"Atropelamento de Pedestre";"Com Vítimas Feridas";"Plena Noite";"Crescente";"Céu Claro";"Dupla";"Reta";"Sim";2;0;0;1;0;1;1;2;-8,08281;-34,94362;"SPRF-PE";"DEL01-PE";"UOP01-DEL01-PE"
787889;2026-07-25;"sábado";"18:50:00";"BA";242;609;"MUQUEM DE SAO FRANCISCO";"Transitar na contramão";"Colisão frontal";"Com Vítimas Feridas";"Plena Noite";"Crescente";"Céu Claro";"Simples";"Curva;Interseção de Vias";"Não";3;0;0;2;1;0;2;2;-12,18213;-43,23391;"SPRF-BA";"DEL10-BA";"UOP01-DEL10-BA"
787890;2026-07-25;"sábado";"19:15:00";"GO";414;431;"ABADIANIA";"Ausência de reação do condutor";"Colisão traseira";"Sem Vítimas";"Plena Noite";"Crescente";"Garoa/Chuvisco";"Simples";"Reta";"Não";4;0;0;0;4;0;0;2;-16,2097533;-48,9157683;"SPRF-GO";"DEL02-GO";"UOP01-DEL02-GO"
787893;2026-07-25;"sábado";"16:53:00";"RO";364;530;"ARIQUEMES";"Reação tardia ou ineficiente do condutor";"Colisão lateral mesmo sentido";"Sem Vítimas";"Pleno dia";"Crescente";"Céu Claro";"Simples";"Reta;Declive";"Não";2;0;0;0;2;0;0;2;-9,801305;-63,08522;"SPRF-RO";"DEL03-RO";"UOP01-DEL03-RO"
787895;2026-07-05;"domingo";"16:10:00";"PR";369;483,9;"CORBELIA";"Reação tardia ou ineficiente do condutor";"Saída de leito carroçável";"Com Vítimas Feridas";"Pleno dia";"Crescente";"Céu Claro";"Simples";"Reta";"Não";1;0;0;1;0;0;1;1;-24,7756301;-53,2924567;"SPRF-PR";"DEL04-PR";"UOP03-DEL04-PR"
787896;2026-07-25;"sábado";"18:30:00";"BA";418;88;"NOVA VICOSA";"Acessar a via sem observar a presença dos outros veículos";"Colisão transversal";"Com Vítimas Feridas";"Plena Noite";"Crescente";"Céu Claro";"Simples";"Reta";"Sim";4;0;1;1;2;0;2;2;-17,88541;-39,840313;"SPRF-BA";"DEL09-BA";"UOP02-DEL09-BA"
787897;2026-07-25;"sábado";"15:00:00";"PR";163;280;"MARECHAL CANDIDO RONDON";"Curva acentuada";"Colisão lateral sentido oposto";"Sem Vítimas";"Pleno dia";"Crescente";"Céu Claro";"Simples";"Curva;Aclive";"Não";2;0;0;0;2;0;0;2;-24,56649804;-54,03390376;"SPRF-PR";"DEL06-PR";"UOP02-DEL06-PR"
787898;2026-07-25;"sábado";"18:30:00";"RJ";40;105;"DUQUE DE CAXIAS";"Trafegar com motocicleta (ou similar) entre as faixas";"Colisão frontal";"Com Vítimas Feridas";"Plena Noite";"Decrescente";"Nublado";"Simples";"Reta";"Não";3;0;2;1;0;0;3;2;-22,6418079;-43,2830845;"SPRF-RJ";"DEL01-RJ";"UOP02-DEL01-RJ"
787899;2026-07-25;"sábado";"19:22:00";"PE";101;70,7;"RECIFE";"Transitar na contramão";"Colisão lateral sentido oposto";"Com Vítimas Feridas";"Plena Noite";"Decrescente";"Céu Claro";"Simples";"Viaduto;Curva";"Sim";3;0;2;0;1;0;2;2;-8,07466;-34,93708;"SPRF-PE";"DEL01-PE";"UOP01-DEL01-PE"
787900;2026-07-25;"sábado";"19:00:00";"MG";116;205;"CARAI";"Iluminação deficiente";"Atropelamento de Pedestre";"Com Vítimas Fatais";"Plena Noite";"Decrescente";"Céu Claro";"Simples";"Reta";"Não";2;1;0;0;0;1;0;2;-17,290622;-41,518428;"SPRF-MG";"DEL11-MG";"UOP01-DEL11-MG"
787901;2026-07-25;"sábado";"19:20:00";"TO";10;464;"PALMAS";"Transitar na contramão";"Colisão transversal";"Sem Vítimas";"Plena Noite";"Crescente";"Céu Claro";"Simples";"Rotatória";"Não";4;0;0;0;4;0;0;2;-10,2305559;-48,3102752;"SPRF-TO";"DEL01-TO";"UOP03-DEL01-TO"
787902;2026-07-25;"sábado";"19:40:00";"GO";40;3;"VALPARAISO DE GOIAS";"Acessar a via sem observar a presença dos outros veículos";"Colisão lateral mesmo sentido";"Com Vítimas Feridas";"Plena Noite";"Decrescente";"Céu Claro";"Dupla";"Reta";"Sim";2;0;1;0;0;1;1;2;-16,07988218;-47,98634553;"SPRF-DF";"DEL01-DF";"UOP01-DEL01-DF"
787904;2026-07-25;"sábado";"19:58:00";"SC";101;89,6;"BARRA VELHA";"Ingestão de álcool pelo condutor";"Colisão frontal";"Com Vítimas Feridas";"Pleno dia";"Crescente";"Céu Claro";"Múltipla";"Reta";"Sim";2;0;2;0;0;0;2;2;-26,6647968;-48,689377;"SPRF-SC";"DEL03-SC";"UOP02-DEL03-SC"
787905;2026-07-25;"sábado";"15:00:00";"PR";376;176;"MARINGA";"Ausência de reação do condutor";"Saída de leito carroçável";"Com Vítimas Feridas";"Pleno dia";"Decrescente";"Céu Claro";"Dupla";"Interseção de Vias;Reta";"Sim";2;0;1;0;1;0;1;2;-23,41266985;-51,93205118;"SPRF-PR";"DEL09-PR";"UOP01-DEL09-PR"
787906;2026-07-25;"sábado";"20:04:00";"GO";60;34,3;"GOIANIA";"Ingestão de álcool pelo condutor";"Colisão frontal";"Com Vítimas Feridas";"Plena Noite";"Crescente";"Céu Claro";"Dupla";"Reta";"Sim";7;0;3;2;2;0;5;3;-16,715728;-49,357305;"SPRF-GO";"DEL01-GO";"UOP02-DEL01-GO"
787909;2026-07-25;"sábado";"18:38:00";"MS";163;26;"MUNDO NOVO";"Acessar a via sem observar a presença dos outros veículos";"Colisão transversal";"Com Vítimas Feridas";"Plena Noite";"Crescente";"Nublado";"Simples";"Reta";"Não";2;0;1;0;1;0;1;2;-23,88355;-54,318255;"SPRF-MS";"DEL09-MS";"UOP02-DEL09-MS"
787910;2026-07-25;"sábado";"19:50:00";"MG";262;109;"SANTO ANTONIO DO GRAMA";"Transitar na contramão";"Colisão frontal";"Com Vítimas Feridas";"Plena Noite";"Crescente";"Céu Claro";"Simples";"Curva";"Não";6;0;1;0;5;0;1;2;-20,26977236;-42,57407069;"SPRF-MG";"DEL03-MG";"UOP03-DEL03-MG"
787911;2026-07-25;"sábado";"16:50:00";"BA";407;104;"JAGUARARI";"Pista Escorregadia";"Queda de ocupante de veículo";"Com Vítimas Feridas";"Pleno dia";"Crescente";"Céu Claro";"Simples";"Reta";"Não";1;0;1;0;0;0;1;1;-10,271127;-40,178272;"SPRF-BA";"DEL04-BA";"UOP01-DEL04-BA"
787912;2026-07-25;"sábado";"10:15:00";"RJ";116;137;"MAGE";"Manobra de mudança de faixa";"Colisão traseira";"Com Vítimas Feridas";"Pleno dia";"Crescente";"Céu Claro";"Dupla";"Reta";"Sim";3;0;2;0;1;0;2;2;-22,659473;-43,091236;"SPRF-RJ";"DEL04-RJ";"UOP02-DEL04-RJ"
787913;2026-07-25;"sábado";"19:00:00";"RS";386;229;"SOLEDADE";"Acesso irregular";"Colisão frontal";"Com Vítimas Feridas";"Plena Noite";"Crescente";"Céu Claro";"Simples";"Reta;Em Obras";"Não";5;0;5;0;0;0;5;2;-28,697275;-52,5854;"SPRF-RS";"DEL04-RS";"UOP03-DEL04-RS"
787914;2026-07-25;"sábado";"20:30:00";"ES";101;229,6;"FUNDAO";"Conversão proibida";"Colisão transversal";"Com Vítimas Feridas";"Anoitecer";"Crescente";"Céu Claro";"Simples";"Reta";"Sim";2;0;1;0;1;0;1;2;-19,93482506;-40,40546179;"SPRF-ES";"DEL02-ES";"UOP01-DEL02-ES"
787916;2026-07-25;"sábado";"20:00:00";"PB";230;362;"MALTA";"Velocidade Incompatível";"Saída de leito carroçável";"Com Vítimas Feridas";"Plena Noite";"Decrescente";"Céu Claro";"Simples";"Reta";"Não";1;0;1;0;0;0;1;1;-6,909935;-37,501135;"SPRF-PB";"DEL03-PB";"UOP02-DEL03-PB"
787918;2026-07-25;"sábado";"18:30:00";"MT";163;746;"SORRISO";"Transitar na contramão";"Colisão frontal";"Com Vítimas Feridas";"Plena Noite";"Crescente";"Céu Claro";"Simples";"Reta;Aclive";"Não";5;0;1;1;3;0;2;2;-12,60815519;-55,75557232;"SPRF-MT";"DEL06-MT";"UOP01-DEL06-MT"
787920;2026-07-25;"sábado";"17:37:00";"SC";282;557,2;"NOVA ITABERABA";"Manobra de mudança de faixa";"Colisão lateral mesmo sentido";"Com Vítimas Feridas";"Anoitecer";"Decrescente";"Céu Claro";"Simples";"Reta;Aclive";"Não";4;0;1;0;3;0;1;2;-26,93065451;-52,82375014;"SPRF-SC";"DEL07-SC";"UOP01-DEL07-SC"
787921;2026-07-25;"sábado";"20:20:00";"CE";222;328;"TIANGUA";"Velocidade Incompatível";"Colisão traseira";"Com Vítimas Feridas";"Plena Noite";"Crescente";"Céu Claro";"Simples";"Reta";"Não";2;0;0;1;0;1;1;2;-3,82559899;-41,10708173;"SPRF-CE";"DEL04-CE";"UOP02-DEL04-CE"
787922;2026-07-25;"sábado";"21:20:00";"PR";277;591;"CASCAVEL";"Reação tardia ou ineficiente do condutor";"Colisão frontal";"Com Vítimas Feridas";"Plena Noite";"Decrescente";"Nublado";"Simples";"Reta";"Sim";3;0;2;0;1;0;2;2;-24,9765251;-53,4458197;"SPRF-PR";"DEL04-PR";"UOP01-DEL04-PR"
787923;2026-07-25;"sábado";"19:30:00";"ES";101;419;"ITAPEMIRIM";"Reação tardia ou ineficiente do condutor";"Tombamento";"Com Vítimas Feridas";"Plena Noite";"Decrescente";"Nublado";"Simples";"Curva";"Não";1;0;1;0;0;0;1;1;-20,95910783;-41,10102819;"SPRF-ES";"DEL03-ES";"UOP02-DEL03-ES"
787924;2026-07-25;"sábado";"20:30:00";"PR";376;219;"JANDAIA DO SUL";"Ingestão de álcool pelo condutor";"Atropelamento de Pedestre";"Com Vítimas Feridas";"Plena Noite";"Crescente";"Céu Claro";"Simples";"Curva";"Não";2;0;0;1;0;1;1;2;-23,59834331;-51,624774;"SPRF-PR";"DEL09-PR";"UOP01-DEL09-PR"
787925;2026-07-25;"sábado";"20:10:00";"PR";376;219;"JANDAIA DO SUL";"Reação tardia ou ineficiente do condutor";"Queda de ocupante de veículo";"Com Vítimas Feridas";"Plena Noite";"Crescente";"Céu Claro";"Simples";"Curva";"Não";2;0;1;0;0;1;1;1;-23,59877768;-51,62584686;"SPRF-PR";"DEL09-PR";"UOP01-DEL09-PR"
787926;2026-07-25;"sábado";"20:58:00";"PE";104;63;"CARUARU";"Acessar a via sem observar a presença dos outros veículos";"Atropelamento de Pedestre";"Com Vítimas Fatais";"Plena Noite";"Decrescente";"Céu Claro";"Dupla";"Declive";"Não";2;1;0;0;1;0;0;2;-8,26472;-35,97713;"SPRF-PE";"DEL02-PE";"UOP01-DEL02-PE"
787929;2026-07-25;"sábado";"19:00:00";"PE";316;103;"BODOCO";"Ausência de reação do condutor";"Colisão frontal";"Com Vítimas Feridas";"Plena Noite";"Decrescente";"Céu Claro";"Simples";"Reta";"Não";2;0;0;1;0;1;1;2;-7,96473264;-39,881279;"SPRF-PE";"DEL05-PE";"UOP02-DEL05-PE"
787930;2026-07-25;"sábado";"21:10:00";"SP";116;225;"GUARULHOS";"Manobra de mudança de faixa";"Colisão lateral mesmo sentido";"Sem Vítimas";"Plena Noite";"Crescente";"Nublado";"Múltipla";"Aclive";"Sim";5;0;0;0;5;0;0;2;-23,49041655;-46,54856801;"SPRF-SP";"DEL01-SP";"UOP01-DEL01-SP"
787931;2026-07-25;"sábado";"19:05:00";"RS";386;3,2;"IRAI";"Transitar na contramão";"Colisão lateral sentido oposto";"Com Vítimas Feridas";"Plena Noite";"Decrescente";"Céu Claro";"Simples";"Curva";"Não";3;0;3;0;0;0;3;2;-27,182621;-53,250913;"SPRF-RS";"DEL08-RS";"UOP02-DEL08-RS"
787932;2026-07-25;"sábado";"20:35:00";"MG";459;58,2;"IPUIUNA";"Velocidade Incompatível";"Colisão traseira";"Com Vítimas Feridas";"Plena Noite";"Crescente";"Céu Claro";"Simples";"Reta";"Não";4;0;2;0;2;0;2;2;-22,08377087;-46,23440623;"SPRF-MG";"DEL09-MG";"UOP01-DEL09-MG"
787933;2026-07-25;"sábado";"21:00:00";"BA";101;503;"ITABUNA";"Velocidade Incompatível";"Colisão frontal";"Com Vítimas Feridas";"Plena Noite";"Crescente";"Céu Claro";"Simples";"Reta";"Não";5;0;3;0;1;1;3;3;-14,780442;-39,289163;"SPRF-BA";"DEL05-BA";"UOP01-DEL05-BA"
787934;2026-07-25;"sábado";"22:35:00";"SC";470;145;"RIO DO SUL";"Ingestão de álcool pelo condutor";"Colisão lateral sentido oposto";"Sem Vítimas";"Plena Noite";"Crescente";"Nublado";"Simples";"Reta";"Não";2;0;0;0;2;0;0;2;-27,12748271;-49,67669547;"SPRF-SC";"DEL04-SC";"UOP02-DEL04-SC"
787935;2026-07-25;"sábado";"21:30:00";"PR";116;127,5;"MANDIRITUBA";"Condutor deixou de manter distância do veículo da frente";"Colisão traseira";"Com Vítimas Feridas";"Plena Noite";"Crescente";"Céu Claro";"Dupla";"Reta";"Sim";7;0;2;0;3;2;2;5;-25,73396348;-49,31803297;"SPRF-PR";"DEL01-PR";"UOP03-DEL01-PR"
787936;2026-07-25;"sábado";"20:15:00";"MA";316;614;"TIMON";"Área urbana sem a presença de local apropriado para a travessia de pedestres";"Atropelamento de Pedestre";"Com Vítimas Feridas";"Plena Noite";"Crescente";"Céu Claro";"Dupla";"Reta";"Não";2;0;0;1;0;1;1;2;-5,097785;-42,88127;"SPRF-MA";"DEL03-MA";"UOP02-DEL03-MA"
787937;2026-07-25;"sábado";"22:00:00";"PI";407;426,1;"PICOS";"Condutor deixou de manter distância do veículo da frente";"Colisão traseira";"Com Vítimas Feridas";"Plena Noite";"Crescente";"Céu Claro";"Simples";"Reta";"Sim";2;0;0;1;1;0;1;2;-7,120483;-41,403408;"SPRF-PI";"DEL04-PI";"UOP01-DEL04-PI"
787938;2026-07-25;"sábado";"20:46:00";"MS";262;352;"CAMPO GRANDE";"Reação tardia ou ineficiente do condutor";"Tombamento";"Com Vítimas Feridas";"Plena Noite";"Crescente";"Céu Claro";"Simples";"Reta";"Não";2;0;1;1;0;0;2;1;-20,56447;-54,619375;"SPRF-MS";"DEL01-MS";"UOP03-DEL01-MS"
787939;2026-07-25;"sábado";"22:00:00";"PR";116;106;"SAO JOSE DOS PINHAIS";"Reação tardia ou ineficiente do condutor";"Capotamento";"Com Vítimas Feridas";"Plena Noite";"Crescente";"Céu Claro";"Dupla";"Reta";"Não";2;0;1;0;1;0;1;1;-25,56909266;-49,22590462;"SPRF-PR";"DEL01-PR";"UOP03-DEL01-PR"
787941;2026-07-25;"sábado";"22:40:00";"GO";414;439,4;"ANAPOLIS";"Deficiência do Sistema de Iluminação/Sinalização";"Colisão traseira";"Com Vítimas Feridas";"Plena Noite";"Decrescente";"Céu Claro";"Simples";"Reta";"Sim";3;0;0;1;2;0;1;2;-16,277359;-48,941557;"SPRF-GO";"DEL02-GO";"UOP01-DEL02-GO"
787942;2026-07-25;"sábado";"22:00:00";"RJ";393;119;"SAPUCAIA";"Animais na Pista";"Atropelamento de Animal";"Com Vítimas Feridas";"Plena Noite";"Crescente";"Céu Claro";"Simples";"Reta";"Não";1;0;1;0;0;0;1;1;-21,940823;-42,814896;"SPRF-RJ";"DEL05-RJ";"UOP01-DEL05-RJ"
787943;2026-07-25;"sábado";"19:00:00";"GO";153;506,2;"APARECIDA DE GOIANIA";"Ingestão de álcool pelo condutor";"Colisão traseira";"Com Vítimas Feridas";"Plena Noite";"Decrescente";"Céu Claro";"Dupla";"Reta;Retorno Regulamentado";"Sim";3;0;3;0;0;0;3;2;-16,75650713;-49,24052562;"SPRF-GO";"DEL01-GO";"UOP01-DEL01-GO"
787944;2026-07-25;"sábado";"22:40:00";"PE";101;58,4;"RECIFE";"Condutor deixou de manter distância do veículo da frente";"Colisão traseira";"Com Vítimas Feridas";"Plena Noite";"Crescente";"Céu Claro";"Múltipla";"Reta";"Sim";2;0;0;1;0;1;1;2;-7,974367;-34,922133;"SPRF-PE";"DEL01-PE";"UOP02-DEL01-PE"
787945;2026-07-25;"sábado";"22:50:00";"MG";40;704,4;"BARBACENA";"Ausência de reação do condutor";"Colisão traseira";"Com Vítimas Feridas";"Plena Noite";"Decrescente";"Céu Claro";"Dupla";"Curva;Declive";"Não";3;0;1;0;2;0;1;3;-21,206994;-43,749559;"SPRF-MG";"DEL05-MG";"UOP02-DEL05-MG"
787946;2026-07-25;"sábado";"23:30:00";"ES";101;423;"ATILIO VIVACQUA";"Chuva";"Capotamento";"Com Vítimas Feridas";"Plena Noite";"Crescente";"Chuva";"Simples";"Curva";"Não";4;0;2;0;2;0;2;1;-20,9893127;-41,11862481;"SPRF-ES";"DEL03-ES";"UOP02-DEL03-ES"
787947;2026-07-25;"sábado";"23:30:00";"PR";116;117;"MANDIRITUBA";"Acessar a via sem observar a presença dos outros veículos";"Colisão lateral mesmo sentido";"Com Vítimas Feridas";"Plena Noite";"Crescente";"Nublado";"Dupla";"Reta";"Sim";4;0;2;0;0;2;2;3;-25,7412755;-49,3176762;"SPRF-PR";"DEL01-PR";"UOP03-DEL01-PR"
787948;2026-07-25;"sábado";"21:56:00";"MT";364;199;"RONDONOPOLIS";"Avarias e/ou desgaste excessivo no pneu";"Capotamento";"Sem Vítimas";"Plena Noite";"Crescente";"Céu Claro";"Dupla";"Reta";"Sim";1;0;0;0;0;1;0;1;-16,5023052;-54,6291307;"SPRF-MT";"DEL02-MT";"UOP01-DEL02-MT"
787949;2026-07-25;"sábado";"23:35:00";"MA";222;668;"ACAILANDIA";"Ausência de reação do condutor";"Queda de ocupante de veículo";"Com Vítimas Feridas";"Plena Noite";"Decrescente";"Céu Claro";"Simples";"Declive";"Não";1;0;1;0;0;0;1;1;-4,92775134;-47,44280577;"SPRF-MA";"DEL04-MA";"UOP03-DEL04-MA"
787950;2026-07-25;"sábado";"20:07:00";"MT";364;245,9;"JUSCIMEIRA";"Afundamento ou ondulação no pavimento";"Queda de ocupante de veículo";"Com Vítimas Feridas";"Plena Noite";"Crescente";"Céu Claro";"Dupla";"Reta;Aclive";"Não";1;0;1;0;0;0;1;1;-16,14213833;-54,82003667;"SPRF-MT";"DEL02-MT";"UOP01-DEL02-MT"
787952;2026-07-25;"sábado";"21:45:00";"MA";316;197;"ZE DOCA";"Manobra de mudança de faixa";"Colisão frontal";"Com Vítimas Fatais";"Plena Noite";"Crescente";"Céu Claro";"Simples";"Reta";"Sim";3;2;0;0;1;0;0;2;-3,270868;-45,655812;"SPRF-MA";"DEL02-MA";"UOP01-DEL02-MA"