"id";"data_inversa";"dia_semana";"horario";"uf";"br";"km";"municipio";"causa_acidente";"tipo_acidente";"classificacao_acidente";"fase_dia";"sentido_via";"condicao_metereologica";"tipo_pista";"tracado_via";"uso_solo";"pessoas";"mortos";"feridos_leves";"feridos_graves";"ilesos";"ignorados";"feridos";"veiculos";"latitude";"longitude";"regional";"delegacia";"uop"
787953;2026-07-26;"domingo";"00:20:00";"SE";101;97,6;"SAO CRISTOVAO";"Ausência de reação do condutor";"Colisão com objeto";"Com Vítimas Fatais";"Plena Noite";"Decrescente";"Céu Claro";"Dupla";"Retorno Regulamentado;Declive";"Não";1;1;0;0;0;0;0;1;-10,925932;-37,178823;"SPRF-SE";"DEL02-SE";"UOP01-DEL02-SE"
787954;2026-07-25;"sábado";"23:40:00";"PR";277;664,5;"MEDIANEIRA";"Ingestão de álcool pelo condutor";"Capotamento";"Com Vítimas Feridas";"Plena Noite";"Crescente";"Céu Claro";"Dupla";"Curva";"Não";3;0;1;0;2;0;1;1;-25,25072816;-54,01092276;"SPRF-PR";"DEL05-PR";"UOP02-DEL05-PR"
787955;2026-07-25;"sábado";"23:40:00";"BA";101;269;"SANTO ANTONIO DE JESUS";"Ultrapassagem Indevida";"Colisão lateral sentido oposto";"Sem Vítimas";"Plena Noite";"Crescente";"Céu Claro";"Simples";"Reta";"Não";2;0;0;0;2;0;0;2;-13,0134386;-39,290784;"SPRF-BA";"DEL11-BA";"UOP01-DEL11-BA"
787956;2026-07-25;"sábado";"21:30:00";"MT";174;288;"PONTES E LACERDA";"Transitar na contramão";"Colisão frontal";"Com Vítimas Fatais";"Plena Noite";"Crescente";"Céu Claro";"Simples";"Curva";"Não";4;1;1;0;2;0;1;2;-15,35521341;-59,20820767;"SPRF-MT";"DEL04-MT";"UOP01-DEL04-MT"
787957;2026-07-26;"domingo";"01:00:00";"PR";369;160,3;"CAMBE";"Ingestão de álcool pelo condutor";"Colisão lateral mesmo sentido";"Sem Vítimas";"Plena Noite";"Decrescente";"Céu Claro";"Dupla";"Reta;Declive";"Sim";2;0;0;0;2;0;0;2;-23,28341426;-51,25757217;"SPRF-PR";"DEL07-PR";"UOP01-DEL07-PR"
787958;2026-07-26;"domingo";"00:30:00";"PI";402;74;"LUIS CORREIA";"Transitar na contramão";"Colisão frontal";"Com Vítimas Feridas";"Plena Noite";"Crescente";"Céu Claro";"Simples";"Curva";"Não";3;0;1;0;1;1;1;2;-3,100836;-41,477746;"SPRF-PI";"DEL05-PI";"UOP01-DEL05-PI"
787959;2026-07-26;"domingo";"01:20:00";"MS";262;352;"CAMPO GRANDE";"Ausência de reação do condutor";"Saída de leito carroçável";"Com Vítimas Feridas";"Plena Noite";"Crescente";"Ignorado";"Dupla";"Reta";"Não";1;0;0;1;0;0;1;1;-20,56929;-54,64729;"SPRF-MS";"DEL01-MS";"UOP03-DEL01-MS"
787961;2026-07-26;"domingo";"02:00:00";"RJ";101;479;"ANGRA DOS REIS";"Reação tardia ou ineficiente do condutor";"Queda de ocupante de veículo";"Com Vítimas Feridas";"Plena Noite";"Decrescente";"Chuva";"Simples";"Reta";"Sim";1;0;0;1;0;0;1;1;-23,00893;-44,276201;"SPRF-RJ";"DEL03-RJ";"UOP03-DEL03-RJ"
787963;2026-07-26;"domingo";"01:30:00";"ES";101;140,5;"LINHARES";"Ingestão de álcool pelo condutor";"Colisão lateral mesmo sentido";"Com Vítimas Feridas";"Plena Noite";"Decrescente";"Nublado";"Dupla";"Reta";"Sim";3;0;1;1;0;1;2;3;-19,32347348;-40,07334128;"SPRF-ES";"DEL04-ES";"UOP01-DEL04-ES"
787964;2026-07-26;"domingo";"03:10:00";"SC";470;147;"LAURENTINO";"Ingestão de álcool pelo condutor";"Colisão com objeto";"Sem Vítimas";"Plena Noite";"Crescente";"Nublado";"Simples";"Ponte;Reta";"Não";1;0;0;0;1;0;0;1;-27,2443302;-49,69153079;"SPRF-SC";"DEL04-SC";"UOP02-DEL04-SC"
787965;2026-07-25;"sábado";"21:30:00";"RR";174;378;"CARACARAI";"Condutor deixou de manter distância do veículo da frente";"Colisão traseira";"Com Vítimas Feridas";"Plena Noite";"Decrescente";"Céu Claro";"Simples";"Reta";"Não";2;0;0;1;0;1;1;2;1,91906;-61,09842;"SPRF-RR";"DEL01-RR";"UOP01-DEL01-RR"
787966;2026-07-25;"sábado";"23:10:00";"MG";381;888;"CAMBUI";"Ausência de reação do condutor";"Queda de ocupante de veículo";"Com Vítimas Feridas";"Plena Noite";"Decrescente";"Céu Claro";"Dupla";"Reta";"Não";1;0;1;0;0;0;1;1;-22,5284959;-46,02635515;"SPRF-MG";"DEL16-MG";"UOP01-DEL16-MG"
787967;2026-07-26;"domingo";"02:00:00";"MS";158;259;"TRES LAGOAS";"Ausência de reação do condutor";"Saída de leito carroçável";"Com Vítimas Feridas";"Plena Noite";"Decrescente";"Céu Claro";"Dupla";"Rotatória;Reta";"Não";1;0;0;1;0;0;1;1;-20,7130327;-51,75182668;"SPRF-MS";"DEL07-MS";"UOP01-DEL07-MS"
787968;2026-07-26;"domingo";"02:20:00";"RJ";101;184;"RIO DAS OSTRAS";"Avarias e/ou desgaste excessivo no pneu";"Capotamento";"Com Vítimas Fatais";"Plena Noite";"Decrescente";"Garoa/Chuvisco";"Simples";"Curva";"Não";3;1;1;0;1;0;1;1;-22,43011493;-42,03202693;"SPRF-RJ";"DEL08-RJ";"UOP04-DEL08-RJ"
787969;2026-07-26;"domingo";"04:15:00";"SC";101;194,9;"BIGUACU";"Neblina";"Tombamento";"Com Vítimas Feridas";"Plena Noite";"Decrescente";"Nevoeiro/Neblina";"Múltipla";"Reta";"Sim";1;0;0;1;0;0;1;1;-27,504205;-48,65038;"SPRF-SC";"DEL01-SC";"UOP01-DEL01-SC"
787970;2026-07-26;"domingo";"02:05:00";"RO";364;350,1;"JI-PARANA";"Transitar na contramão";"Colisão transversal";"Com Vítimas Feridas";"Plena Noite";"Crescente";"Céu Claro";"Simples";"Reta;Em Obras;Interseção de Vias";"Não";3;0;3;0;0;0;3;2;-10,844441;-62,000279;"SPRF-RO";"DEL02-RO";"UOP01-DEL02-RO"
787971;2026-07-26;"domingo";"03:09:00";"PE";232;326;"CUSTODIA";"Demais falhas mecânicas ou elétricas";"Colisão com objeto";"Com Vítimas Feridas";"Plena Noite";"Crescente";"Céu Claro";"Simples";"Reta;Ponte";"Não";2;0;1;0;0;1;1;1;-8,091862;-37,58621;"SPRF-PE";"DEL04-PE";"UOP02-DEL04-PE"
787972;2026-07-26;"domingo";"04:00:00";"RS";116;249;"SAO LEOPOLDO";"Ausência de reação do condutor";"Colisão com objeto";"Sem Vítimas";"Plena Noite";"Decrescente";"Céu Claro";"Múltipla";"Curva";"Não";1;0;0;0;1;0;0;1;-29,784583;-51,162263;"SPRF-RS";"DEL01-RS";"UOP02-DEL01-RS"
787973;2026-07-26;"domingo";"03:00:00";"PR";369;103;"URAI";"Ingestão de álcool pelo condutor";"Saída de leito carroçável";"Com Vítimas Feridas";"Plena Noite";"Decrescente";"Céu Claro";"Dupla";"Reta;Declive";"Não";1;0;1;0;0;0;1;1;-23,24761185;-50,73827277;"SPRF-PR";"DEL07-PR";"UOP05-DEL07-PR"
787976;2026-07-26;"domingo";"04:37:00";"GO";153;508,9;"APARECIDA DE GOIANIA";"Reação tardia ou ineficiente do condutor";"Colisão traseira";"Com Vítimas Feridas";"Plena Noite";"Crescente";"Céu Claro";"Dupla";"Reta";"Não";2;0;0;1;1;0;1;2;-16,77951211;-49,23710452;"SPRF-GO";"DEL01-GO";"UOP03-DEL01-GO"
787977;2026-07-26;"domingo";"04:20:00";"GO";40;3;"VALPARAISO DE GOIAS";"Retorno proibido";"Colisão transversal";"Sem Vítimas";"Plena Noite";"Decrescente";"Céu Claro";"Dupla";"Reta";"Sim";2;0;0;0;2;0;0;2;-16,07904159;-47,98598226;"SPRF-DF";"DEL01-DF";"UOP01-DEL01-DF"
787978;2026-07-26;"domingo";"05:03:00";"PE";101;51;"ABREU E LIMA";"Ausência de reação do condutor";"Colisão traseira";"Com Vítimas Feridas";"Pleno dia";"Decrescente";"Nublado";"Múltipla";"Reta";"Sim";2;0;1;0;1;0;1;2;-7,91631641;-34,89737565;"SPRF-PE";"DEL01-PE";"UOP02-DEL01-PE"
787979;2026-07-26;"domingo";"02:20:00";"PI";316;10,9;"TERESINA";"Condutor deixou de manter distância do veículo da frente";"Colisão traseira";"Com Vítimas Feridas";"Plena Noite";"Decrescente";"Nublado";"Simples";"Rotatória;Interseção de Vias;Viaduto";"Sim";2;0;1;0;1;0;1;2;-5,19100968;-42,76073668;"SPRF-PI";"DEL01-PI";"UOP02-DEL01-PI"
787981;2026-07-26;"domingo";"05:30:00";"TO";153;387;"RIO DOS BOIS";"Manobra de mudança de faixa";"Colisão frontal";"Com Vítimas Feridas";"Amanhecer";"Decrescente";"Céu Claro";"Simples";"Reta";"Não";1;0;0;1;0;0;1;1;-9,31182;-48,5464;"SPRF-TO";"DEL02-TO";"UOP02-DEL02-TO"
787982;2026-07-26;"domingo";"05:40:00";"GO";60;98;"ANAPOLIS";"Velocidade Incompatível";"Tombamento";"Com Vítimas Fatais";"Plena Noite";"Crescente";"Céu Claro";"Dupla";"Reta";"Sim";1;1;0;0;0;0;0;1;-16,3865082;-48,9554102;"SPRF-GO";"DEL02-GO";"UOP01-DEL02-GO"
787983;2026-07-26;"domingo";"05:30:00";"RJ";393;146;"TRES RIOS";"Ingestão de álcool pelo condutor";"Tombamento";"Com Vítimas Feridas";"Plena Noite";"Crescente";"Nublado";"Simples";"Curva;Declive";"Não";2;0;2;0;0;0;2;1;-22,0531083;-43,0217167;"SPRF-RJ";"DEL05-RJ";"UOP01-DEL05-RJ"
787984;2026-06-17;"quarta-feira";"09:30:00";"PE";101;82;"JABOATAO DOS GUARARAPES";"Ausência de reação do condutor";"Tombamento";"Com Vítimas Feridas";"Pleno dia";"Crescente";"Ignorado";"Dupla";"Reta";"Sim";2;0;0;1;0;1;1;1;-8,17288797;-34,94072612;"SPRF-PE";"DEL01-PE";"UOP01-DEL01-PE"
787986;2026-07-26;"domingo";"04:30:00";"MT";364;562;"NOBRES";"Velocidade Incompatível";"Capotamento";"Com Vítimas Feridas";"Amanhecer";"Decrescente";"Céu Claro";"Dupla";"Aclive;Viaduto";"Sim";5;0;0;1;3;1;1;1;-14,715852;-56,323131;"SPRF-MT";"DEL01-MT";"UOP01-DEL01-MT"
787988;2026-07-26;"domingo";"02:00:00";"RJ";465;14;"SEROPEDICA";"Ausência de reação do condutor";"Atropelamento de Pedestre";"Com Vítimas Feridas";"Plena Noite";"Crescente";"Ignorado";"Simples";"Reta";"Sim";2;0;1;0;0;1;1;2;-22,80952326;-43,63297161;"SPRF-RJ";"DEL06-RJ";"UOP02-DEL06-RJ"
787990;2026-07-26;"domingo";"02:30:00";"SC";470;178,5;"POUSO REDONDO";"Ausência de reação do condutor";"Colisão traseira";"Com Vítimas Feridas";"Plena Noite";"Crescente";"Nublado";"Simples";"Reta";"Sim";2;0;1;0;1;0;1;2;-27,24795729;-49,97347919;"SPRF-SC";"DEL04-SC";"UOP02-DEL04-SC"
787991;2026-07-26;"domingo";"06:40:00";"ES";101;290;"CARIACICA";"Animais na Pista";"Tombamento";"Com Vítimas Feridas";"Pleno dia";"Crescente";"Céu Claro";"Dupla";"Reta;Aclive";"Não";1;0;1;0;0;0;1;1;-20,2892011;-40,3920058;"SPRF-ES";"DEL01-ES";"UOP01-DEL01-ES"
787992;2026-07-26;"domingo";"06:55:00";"PB";230;12,8;"CABEDELO";"Acessar a via sem observar a presença dos outros veículos";"Colisão transversal";"Com Vítimas Feridas";"Pleno dia";"Decrescente";"Céu Claro";"Dupla";"Viaduto;Em Obras;Reta";"Sim";2;0;1;0;1;0;1;2;-7,078965;-34,849124;"SPRF-PB";"DEL01-PB";"UOP01-DEL01-PB"
787993;2026-07-26;"domingo";"07:00:00";"SP";116;134,8;"SAO JOSE DOS CAMPOS";"Ausência de reação do condutor";"Queda de ocupante de veículo";"Com Vítimas Feridas";"Pleno dia";"Decrescente";"Céu Claro";"Dupla";"Reta";"Sim";1;0;1;0;0;0;1;1;-23,13996939;-45,76273051;"SPRF-SP";"DEL02-SP";"UOP01-DEL02-SP"
787995;2026-07-26;"domingo";"07:30:00";"PB";230;14;"CABEDELO";"Avarias e/ou desgaste excessivo no pneu";"Tombamento";"Com Vítimas Feridas";"Pleno dia";"Decrescente";"Céu Claro";"Dupla";"Reta";"Sim";2;0;2;0;0;0;2;1;-7,09429134;-34,84797198;"SPRF-PB";"DEL01-PB";"UOP01-DEL01-PB"
787996;2026-07-26;"domingo";"07:10:00";"SP";116;6;"QUELUZ";"Ausência de reação do condutor";"Colisão com objeto";"Com Vítimas Feridas";"Amanhecer";"Crescente";"Céu Claro";"Dupla";"Curva";"Sim";2;0;1;0;1;0;1;1;-22,53688941;-44,76548642;"SPRF-SP";"DEL08-SP";"UOP02-DEL08-SP"
787997;2026-07-26;"domingo";"06:45:00";"CE";116;378;"ICO";"Acessar a via sem observar a presença dos outros veículos";"Colisão traseira";"Com Vítimas Feridas";"Pleno dia";"Crescente";"Céu Claro";"Simples";"Curva;Interseção de Vias";"Sim";2;0;1;0;1;0;1;2;-6,418185;-38,86209114;"SPRF-CE";"DEL05-CE";"UOP01-DEL05-CE"
787998;2026-07-25;"sábado";"11:30:00";"SP";116;36;"CACHOEIRA PAULISTA";"Ausência de reação do condutor";"Colisão com objeto";"Com Vítimas Feridas";"Pleno dia";"Crescente";"Céu Claro";"Dupla";"Curva;Aclive";"Sim";2;0;1;0;1;0;1;1;-22,66192304;-44,98022534;"SPRF-SP";"DEL08-SP";"UOP02-DEL08-SP"
787999;2026-07-26;"domingo";"02:50:00";"SC";101;108,2;"PENHA";"Reação tardia ou ineficiente do condutor";"Colisão traseira";"Sem Vítimas";"Pleno dia";"Crescente";"Nublado";"Dupla";"Reta";"Sim";3;0;0;0;1;2;0;3;-26,82893446;-48,6923933;"SPRF-SC";"DEL03-SC";"UOP02-DEL03-SC"
788000;2026-07-26;"domingo";"06:47:00";"RO";364;249,5;"CACOAL";"Demais falhas mecânicas ou elétricas";"Eventos atípicos";"Com Vítimas Feridas";"Amanhecer";"Crescente";"Céu Claro";"Simples";"Reta";"Não";2;0;1;1;0;0;2;1;-11,437997;-61,556467;"SPRF-RO";"DEL02-RO";"UOP02-DEL02-RO"
788001;2026-07-26;"domingo";"04:00:00";"RJ";40;106;"DUQUE DE CAXIAS";"Ingestão de álcool pelo condutor";"Queda de ocupante de veículo";"Com Vítimas Feridas";"Plena Noite";"Crescente";"Nublado";"Dupla";"Reta";"Sim";2;0;2;0;0;0;2;1;-22,7894602;-43,2860879;"SPRF-RJ";"DEL01-RJ";"UOP02-DEL01-RJ"
788002;2026-07-26;"domingo";"04:30:00";"MS";419;238,1;"AQUIDAUANA";"Reação tardia ou ineficiente do condutor";"Queda de ocupante de veículo";"Com Vítimas Feridas";"Plena Noite";"Crescente";"Céu Claro";"Simples";"Curva;Declive";"Não";2;0;1;0;1;0;1;1;-20,47388682;-55,74304028;"SPRF-MS";"DEL03-MS";"UOP01-DEL03-MS"
788003;2026-07-26;"domingo";"06:54:00";"GO";80;24;"PADRE BERNARDO";"Ingestão de álcool pelo condutor";"Colisão traseira";"Com Vítimas Feridas";"Amanhecer";"Decrescente";"Céu Claro";"Simples";"Declive;Reta";"Não";4;0;3;0;1;0;3;2;-15,62141;-48,19912;"SPRF-DF";"DEL03-DF";"UOP02-DEL03-DF"
788004;2026-07-26;"domingo";"03:24:00";"MG";365;144;"PIRAPORA";"Animais na Pista";"Atropelamento de Animal";"Sem Vítimas";"Plena Noite";"Decrescente";"Céu Claro";"Simples";"Reta";"Não";1;0;0;0;1;0;0;1;-17,22212364;-44,82268923;"SPRF-MG";"DEL10-MG";"UOP02-DEL010-MG"
788005;2026-07-26;"domingo";"07:45:00";"ES";101;358,9;"ANCHIETA";"Ingestão de álcool pelo condutor";"Colisão lateral sentido oposto";"Com Vítimas Feridas";"Pleno dia";"Decrescente";"Céu Claro";"Simples";"Reta;Aclive";"Não";3;0;2;1;0;0;3;2;-20,69276995;-40,70513813;"SPRF-ES";"DEL03-ES";"UOP01-DEL03-ES"
788006;2026-07-26;"domingo";"07:30:00";"SP";116;160,9;"JACAREI";"Reação tardia ou ineficiente do condutor";"Colisão com objeto";"Com Vítimas Feridas";"Pleno dia";"Crescente";"Sol";"Múltipla";"Curva;Rotatória";"Não";2;0;1;0;0;1;1;2;-23,27468;-45,97457;"SPRF-SP";"DEL02-SP";"UOP01-DEL02-SP"
788007;2026-07-26;"domingo";"07:50:00";"SP";116;113;"TAUBATE";"Condutor deixou de manter distância do veículo da frente";"Colisão traseira";"Com Vítimas Feridas";"Pleno dia";"Decrescente";"Céu Claro";"Dupla";"Reta";"Sim";2;0;1;0;1;0;1;2;-23,044021;-45,580469;"SPRF-SP";"DEL02-SP";"UOP02-DEL02-SP"
788009;2026-07-26;"domingo";"07:10:00";"RJ";493;63;"NOVA IGUACU";"Pista Escorregadia";"Saída de leito carroçável";"Com Vítimas Feridas";"Amanhecer";"Decrescente";"Garoa/Chuvisco";"Dupla";"Reta";"Não";1;0;1;0;0;0;1;1;-22,67817399;-43,53844987;"SPRF-RJ";"DEL01-RJ";"UOP03-DEL01-RJ"
788010;2026-07-26;"domingo";"06:30:00";"RJ";393;10;"VOLTA REDONDA";"Condutor Dormindo";"Colisão com objeto";"Sem Vítimas";"Pleno dia";"Crescente";"Céu Claro";"Simples";"Curva";"Não";1;0;0;0;0;1;0;1;-22,559969;-44,0727787;"SPRF-RJ";"DEL05-RJ";"UOP04-DEL05-RJ"
788011;2026-07-26;"domingo";"07:00:00";"MG";381;887,2;"CAMBUI";"Neblina";"Colisão com objeto";"Com Vítimas Feridas";"Amanhecer";"Decrescente";"Nevoeiro/Neblina";"Dupla";"Reta";"Sim";3;0;3;0;0;0;3;1;-22,53393387;-46,03536487;"SPRF-MG";"DEL16-MG";"UOP01-DEL16-MG"
788012;2026-07-26;"domingo";"05:00:00";"GO";20;218,2;"POSSE";"Velocidade Incompatível";"Saída de leito carroçável";"Com Vítimas Feridas";"Amanhecer";"Decrescente";"Céu Claro";"Simples";"Aclive";"Não";1;0;1;0;0;0;1;1;-14,213553;-46,334628;"SPRF-DF";"DEL02-DF";"UOP03-DEL02-DF"
788014;2026-07-26;"domingo";"08:10:00";"PR";116;117;"CURITIBA";"Ingestão de álcool pelo condutor";"Colisão traseira";"Sem Vítimas";"Pleno dia";"Crescente";"Nublado";"Dupla";"Reta";"Sim";2;0;0;0;2;0;0;2;-25,5621525;-49,3082866;"SPRF-PR";"DEL01-PR";"UOP03-DEL01-PR"
788016;2026-07-26;"domingo";"06:20:00";"AC";364;136;"RIO BRANCO";"Condutor deixou de manter distância do veículo da frente";"Colisão traseira";"Com Vítimas Feridas";"Pleno dia";"Crescente";"Céu Claro";"Dupla";"Reta";"Sim";4;0;3;0;1;0;3;2;-9,968859;-67,853134;"SPRF-AC";"DEL01-AC";"UOP01-DEL01-AC"
788017;2026-07-26;"domingo";"08:35:00";"PI";316;21;"TERESINA";"Conversão proibida";"Colisão transversal";"Com Vítimas Feridas";"Pleno dia";"Decrescente";"Céu Claro";"Dupla";"Aclive;Retorno Regulamentado";"Não";3;0;2;0;1;0;2;2;-5,273575;-42,726275;"SPRF-PI";"DEL01-PI";"UOP02-DEL01-PI"
788018;2026-07-26;"domingo";"08:45:00";"ES";101;302,7;"VIANA";"Ingestão de álcool pelo condutor";"Saída de leito carroçável";"Com Vítimas Feridas";"Pleno dia";"Decrescente";"Céu Claro";"Dupla";"Curva";"Sim";3;0;1;0;0;2;1;2;-20,37464442;-40,44233823;"SPRF-ES";"DEL01-ES";"UOP01-DEL01-ES"
788019;2026-07-26;"domingo";"09:19:00";"GO";20;19,8;"FORMOSA";"Ausência de reação do condutor";"Saída de leito carroçável";"Sem Vítimas";"Pleno dia";"Decrescente";"Céu Claro";"Simples";"Reta;Aclive";"Não";1;0;0;0;0;1;0;1;-15,5526281;-47,1832865;"SPRF-DF";"DEL02-DF";"UOP02-DEL02-DF"
788020;2026-07-26;"domingo";"09:15:00";"MG";381;565;"ITAGUARA";"Reação tardia ou ineficiente do condutor";"Atropelamento de Animal";"Com Vítimas Feridas";"Pleno dia";"Crescente";"Céu Claro";"Dupla";"Curva;Retorno Regulamentado";"Sim";1;0;1;0;0;0;1;1;-20,39510665;-44,50209316;"SPRF-MG";"DEL04-MG";"UOP03-DEL04-MG"
788021;2026-07-26;"domingo";"09:40:00";"SP";381;86;"SAO PAULO";"Velocidade Incompatível";"Colisão traseira";"Sem Vítimas";"Pleno dia";"Decrescente";"Céu Claro";"Múltipla";"Reta";"Sim";2;0;0;0;1;1;0;2;-23,4677287;-46,57087175;"SPRF-SP";"DEL03-SP";"UOP01-DEL03-SP"
788023;2026-07-26;"domingo";"07:50:00";"AM";230;613;"HUMAITA";"Velocidade Incompatível";"Saída de leito carroçável";"Com Vítimas Feridas";"Pleno dia";"Crescente";"Céu Claro";"Dupla";"Curva";"Sim";1;0;0;1;0;0;1;1;-7,51513;-63,02926;"SPRF-AM";"DEL02-AM";"UOP01-DEL02-AM"
788024;2026-07-26;"domingo";"07:50:00";"RJ";101;294;"ITABORAI";"Ausência de reação do condutor";"Tombamento";"Com Vítimas Feridas";"Pleno dia";"Crescente";"Céu Claro";"Dupla";"Reta";"Não";2;0;2;0;0;0;2;1;-22,75891752;-42,89621539;"SPRF-RJ";"DEL02-RJ";"UOP02-DEL02-RJ"
788027;2026-07-26;"domingo";"10:20:00";"SC";116;305,2;"CAPAO ALTO";"Reação tardia ou ineficiente do condutor";"Colisão traseira";"Com Vítimas Feridas";"Pleno dia";"Decrescente";"Céu Claro";"Simples";"Curva;Aclive";"Não";4;0;1;0;3;0;1;2;-28,1991687;-50,7262235;"SPRF-SC";"DEL05-SC";"UOP02-DEL05-SC"
788028;2026-07-26;"domingo";"10:40:00";"MS";163;462;"CAMPO GRANDE";"Acessar a via sem observar a presença dos outros veículos";"Colisão transversal";"Com Vítimas Feridas";"Pleno dia";"Decrescente";"Céu Claro";"Simples";"Interseção de Vias;Reta";"Não";5;0;1;0;4;0;1;2;-20,63405666;-54,57031949;"SPRF-MS";"DEL01-MS";"UOP01-DEL01-MS"
788029;2026-07-26;"domingo";"11:00:00";"GO";40;11,5;"LUZIANIA";"Área urbana sem a presença de local apropriado para a travessia de pedestres";"Atropelamento de Pedestre";"Com Vítimas Feridas";"Pleno dia";"Decrescente";"Céu Claro";"Dupla";"Reta";"Sim";2;0;1;0;1;0;1;2;-16,145877;-47,944302;"SPRF-DF";"DEL01-DF";"UOP01-DEL01-DF"
788031;2026-07-26;"domingo";"10:19:00";"PI";343;266;"CAMPO MAIOR";"Condutor deixou de manter distância do veículo da frente";"Colisão traseira";"Com Vítimas Feridas";"Pleno dia";"Decrescente";"Céu Claro";"Simples";"Reta";"Sim";2;0;0;1;1;0;1;2;-4,83972499;-42,17335789;"SPRF-PI";"DEL01-PI";"UOP03-DEL01-PI"
788033;2026-07-26;"domingo";"08:30:00";"PR";277;632,6;"CEU AZUL";"Velocidade Incompatível";"Saída de leito carroçável";"Com Vítimas Feridas";"Pleno dia";"Crescente";"Céu Claro";"Simples";"Curva";"Não";1;0;1;0;0;0;1;1;-25,11796051;-53,79794296;"SPRF-PR";"DEL05-PR";"UOP02-DEL05-PR"
788034;2026-07-26;"domingo";"10:33:00";"TO";153;289;"PRESIDENTE KENNEDY";"Ultrapassagem Indevida";"Colisão lateral sentido oposto";"Com Vítimas Feridas";"Pleno dia";"Decrescente";"Céu Claro";"Simples";"Reta;Aclive";"Não";5;0;1;1;3;0;2;2;-8,43291;-48,48289;"SPRF-TO";"DEL02-TO";"UOP02-DEL02-TO"
788035;2026-07-26;"domingo";"11:10:00";"BA";324;2;"FEIRA DE SANTANA";"Condutor deixou de manter distância do veículo da frente";"Colisão transversal";"Com Vítimas Feridas";"Pleno dia";"Decrescente";"Céu Claro";"Simples";"Interseção de Vias";"Sim";2;0;1;0;1;0;1;2;-12,28317526;-38,94666044;"SPRF-BA";"DEL02-BA";"UOP01-DEL02-BA"
788036;2026-07-10;"sexta-feira";"06:20:00";"MT";163;890;"CLAUDIA";"Ultrapassagem Indevida";"Colisão frontal";"Com Vítimas Feridas";"Amanhecer";"Crescente";"Céu Claro";"Simples";"Reta";"Não";5;0;4;0;1;0;4;2;-11,3927783;-55,3452033;"SPRF-MT";"DEL06-MT";"UOP02-DEL06-MT"
788042;2026-07-26;"domingo";"12:30:00";"SP";153;61;"SAO JOSE DO RIO PRETO";"Reação tardia ou ineficiente do condutor";"Engavetamento";"Com Vítimas Feridas";"Pleno dia";"Crescente";"Céu Claro";"Dupla";"Declive;Reta";"Sim";11;0;2;0;9;0;2;3;-20,80033069;-49,35541391;"SPRF-SP";"DEL09-SP";"UOP01-DEL09-SP"
788046;2026-07-26;"domingo";"13:10:00";"SC";101;148,7;"ITAPEMA";"Manobra de mudança de faixa";"Colisão traseira";"Com Vítimas Feridas";"Pleno dia";"Decrescente";"Sol";"Dupla";"Viaduto;Reta";"Sim";2;0;0;1;1;0;1;2;-27,10535;-48,61513;"SPRF-SC";"DEL04-SC";"UOP03-DEL04-SC"
788047;2026-07-26;"domingo";"12:00:00";"RJ";101;310;"SAO GONCALO";"Condutor deixou de manter distância do veículo da frente";"Colisão traseira";"Com Vítimas Feridas";"Pleno dia";"Decrescente";"Céu Claro";"Simples";"Reta";"Sim";3;0;1;0;2;0;1;2;-22,80379786;-43,05874586;"SPRF-RJ";"DEL02-RJ";"UOP02-DEL02-RJ"
788048;2026-07-26;"domingo";"13:23:00";"PB";230;12,3;"JOAO PESSOA";"Acessar a via sem observar a presença dos outros veículos";"Colisão transversal";"Com Vítimas Feridas";"Pleno dia";"Decrescente";"Sol";"Dupla";"Reta;Interseção de Vias;Viaduto";"Sim";3;0;2;0;1;0;2;2;-7,12933936;-34,85017776;"SPRF-PB";"DEL01-PB";"UOP01-DEL01-PB"
788050;2026-07-26;"domingo";"12:40:00";"MG";365;327;"JOAO PINHEIRO";"Ausência de reação do condutor";"Colisão traseira";"Com Vítimas Feridas";"Pleno dia";"Crescente";"Céu Claro";"Simples";"Reta";"Não";6;0;1;0;5;0;1;2;-18,292349;-45,932029;"SPRF-MG";"DEL10-MG";"UOP01-DEL10-MG"
788052;2026-07-26;"domingo";"09:00:00";"PA";10;150,9;"PARAGOMINAS";"Ausência de reação do condutor";"Tombamento";"Com Vítimas Fatais";"Pleno dia";"Crescente";"Sol";"Simples";"Reta";"Não";1;1;0;0;0;0;0;1;-3,114753;-47,485642;"SPRF-PA";"DEL02-PA";"UOP01-DEL02-PA"
788053;2026-07-26;"domingo";"13:45:00";"MG";354;742,6;"POUSO ALTO";"Reação tardia ou ineficiente do condutor";"Engavetamento";"Com Vítimas Feridas";"Pleno dia";"Crescente";"Céu Claro";"Simples";"Reta;Aclive";"Não";4;0;1;0;3;0;1;3;-22,22950689;-44,93308894;"SPRF-MG";"DEL17-MG";"UOP01-DEL17-MG"
788056;2026-07-26;"domingo";"14:00:00";"RJ";393;283;"VOLTA REDONDA";"Ausência de reação do condutor";"Colisão traseira";"Com Vítimas Feridas";"Pleno dia";"Decrescente";"Céu Claro";"Simples";"Curva;Interseção de Vias;Viaduto;Rotatória;Aclive";"Sim";4;0;2;0;2;0;2;2;-22,48973348;-44,06167444;"SPRF-RJ";"DEL05-RJ";"UOP04-DEL05-RJ"
788057;2026-07-26;"domingo";"14:15:00";"PR";116;155;"MANDIRITUBA";"Acesso irregular";"Colisão transversal";"Com Vítimas Feridas";"Pleno dia";"Decrescente";"Céu Claro";"Simples";"Curva";"Não";3;0;0;2;1;0;2;2;-25,865555;-49,382671;"SPRF-PR";"DEL01-PR";"UOP03-DEL01-PR"