"id";"data_inversa";"dia_semana";"horario";"uf";"br";"km";"municipio";"causa_acidente";"tipo_acidente";"classificacao_acidente";"fase_dia";"sentido_via";"condicao_metereologica";"tipo_pista";"tracado_via";"uso_solo";"pessoas";"mortos";"feridos_leves";"feridos_graves";"ilesos";"ignorados";"feridos";"veiculos";"latitude";"longitude";"regional";"delegacia";"uop"
788383;2026-07-27;"segunda-feira";"19:00:00";"PB";230;433,5;"POMBAL";"Ausência de reação do condutor";"Saída de leito carroçável";"Com Vítimas Feridas";"Plena Noite";"Crescente";"Céu Claro";"Simples";"Reta";"Não";2;0;0;2;0;0;2;1;-6,749005;-37,985197;"SPRF-PB";"DEL03-PB";"UOP02-DEL03-PB"
788384;2026-07-27;"segunda-feira";"16:15:00";"MA";135;95,9;"ITAPECURU MIRIM";"Transitar na contramão";"Colisão lateral sentido oposto";"Sem Vítimas";"Pleno dia";"Decrescente";"Céu Claro";"Simples";"Reta";"Sim";2;0;0;0;2;0;0;2;-3,33257;-44,44645;"SPRF-MA";"DEL01-MA";"UOP02-DEL01-MA"
788387;2026-07-27;"segunda-feira";"22:30:00";"GO";20;209,9;"POSSE";"Animais na Pista";"Atropelamento de Animal";"Com Vítimas Fatais";"Plena Noite";"Decrescente";"Céu Claro";"Simples";"Reta";"Não";1;1;0;0;0;0;0;1;-14,269355;-46,382247;"SPRF-DF";"DEL02-DF";"UOP03-DEL02-DF"
788388;2026-07-27;"segunda-feira";"18:20:00";"RJ";101;278;"TANGUA";"Demais falhas mecânicas ou elétricas";"Engavetamento";"Com Vítimas Feridas";"Plena Noite";"Decrescente";"Céu Claro";"Dupla";"Reta";"Não";7;0;2;0;5;0;2;6;-22,73882776;-42,76536081;"SPRF-RJ";"DEL02-RJ";"UOP03-DEL02-RJ"
788389;2026-07-27;"segunda-feira";"22:24:00";"PI";135;360;"BOM JESUS";"Entrada inopinada do pedestre";"Atropelamento de Pedestre";"Com Vítimas Fatais";"Plena Noite";"Crescente";"Céu Claro";"Simples";"Reta";"Não";2;1;0;0;1;0;0;2;-9,137886;-44,392432;"SPRF-PI";"DEL03-PI";"UOP02-DEL03-PI"
788391;2026-07-27;"segunda-feira";"23:15:00";"MG";40;565,7;"NOVA LIMA";"Ingestão de álcool pelo condutor";"Saída de leito carroçável";"Sem Vítimas";"Plena Noite";"Decrescente";"Céu Claro";"Simples";"Reta";"Não";1;0;0;0;1;0;0;1;-20,17737963;-43,96640271;"SPRF-MG";"DEL01-MG";"UOP02-DEL01-MG"
788394;2026-07-28;"terça-feira";"00:05:00";"RJ";101;62;"CAMPOS DOS GOYTACAZES";"Ausência de reação do condutor";"Colisão traseira";"Com Vítimas Feridas";"Plena Noite";"Decrescente";"Céu Claro";"Dupla";"Reta";"Não";5;0;1;0;4;0;1;2;-21,73758092;-41,32663814;"SPRF-RJ";"DEL08-RJ";"UOP01-DEL08-RJ"
788395;2026-07-27;"segunda-feira";"23:00:00";"RJ";40;120;"DUQUE DE CAXIAS";"Ausência de reação do condutor";"Colisão traseira";"Com Vítimas Feridas";"Plena Noite";"Decrescente";"Céu Claro";"Múltipla";"Reta";"Sim";3;0;1;0;2;0;1;3;-22,773339;-43,285672;"SPRF-RJ";"DEL01-RJ";"UOP02-DEL01-RJ"
788396;2026-07-28;"terça-feira";"00:50:00";"PR";369;34;"ANDIRA";"Transitar na contramão";"Colisão frontal";"Com Vítimas Fatais";"Plena Noite";"Crescente";"Céu Claro";"Simples";"Reta";"Não";2;1;1;0;0;0;1;2;-23,02898987;-50,21086693;"SPRF-PR";"DEL07-PR";"UOP05-DEL07-PR"
788398;2026-07-28;"terça-feira";"00:00:00";"MT";364;219;"RONDONOPOLIS";"Reação tardia ou ineficiente do condutor";"Saída de leito carroçável";"Com Vítimas Feridas";"Plena Noite";"Decrescente";"Céu Claro";"Dupla";"Reta";"Não";1;0;0;1;0;0;1;1;-16,3576;-54,7324;"SPRF-MT";"DEL02-MT";"UOP01-DEL02-MT"
788400;2026-07-28;"terça-feira";"03:54:00";"GO";60;117,5;"TEREZOPOLIS DE GOIAS";"Ingestão de álcool pelo condutor";"Colisão com objeto";"Sem Vítimas";"Plena Noite";"Decrescente";"Céu Claro";"Dupla";"Reta;Aclive";"Sim";1;0;0;0;0;1;0;1;-16,4813807;-49,0900191;"SPRF-GO";"DEL01-GO";"UOP01-DEL01-GO"
788404;2026-07-28;"terça-feira";"05:00:00";"SE";101;57,6;"ROSARIO DO CATETE";"Ausência de reação do condutor";"Colisão traseira";"Com Vítimas Feridas";"Amanhecer";"Decrescente";"Céu Claro";"Simples";"Reta;Declive";"Não";3;0;0;1;2;0;1;2;-10,68203402;-37,03399801;"SPRF-SE";"DEL02-SE";"UOP02-DEL02-SE"
788405;2026-07-28;"terça-feira";"05:40:00";"BA";101;720;"EUNAPOLIS";"Acessar a via sem observar a presença dos outros veículos";"Colisão transversal";"Com Vítimas Feridas";"Amanhecer";"Decrescente";"Nevoeiro/Neblina";"Simples";"Interseção de Vias;Reta";"Não";2;0;0;1;1;0;1;2;-16,396649;-39,580201;"SPRF-BA";"DEL09-BA";"UOP01-DEL09-BA"
788406;2026-07-28;"terça-feira";"05:23:00";"RN";110;51,4;"MOSSORO";"Animais na Pista";"Atropelamento de Animal";"Com Vítimas Feridas";"Pleno dia";"Crescente";"Céu Claro";"Simples";"Reta";"Sim";2;0;2;0;0;0;2;1;-5,23132;-37,33194;"SPRF-RN";"DEL04-RN";"UOP01-DEL04-RN"
788408;2026-07-28;"terça-feira";"04:50:00";"TO";153;724;"FIGUEIROPOLIS";"Velocidade Incompatível";"Saída de leito carroçável";"Com Vítimas Feridas";"Plena Noite";"Decrescente";"Céu Claro";"Simples";"Desvio Temporário;Curva;Em Obras";"Não";1;0;1;0;0;0;1;1;-12,1482819;-49,16517941;"SPRF-TO";"DEL01-TO";"UOP02-DEL01-TO"
788409;2026-07-28;"terça-feira";"06:00:00";"PI";343;319;"ALTOS";"Animais na Pista";"Atropelamento de Animal";"Com Vítimas Feridas";"Pleno dia";"Crescente";"Céu Claro";"Simples";"Reta";"Não";2;0;1;0;1;0;1;1;-5,048257;-42,566653;"SPRF-PI";"DEL01-PI";"UOP01-DEL01-PI"
788410;2026-07-28;"terça-feira";"06:15:00";"SC";470;43,2;"GASPAR";"Velocidade Incompatível";"Tombamento";"Sem Vítimas";"Plena Noite";"Decrescente";"Nublado";"Dupla";"Curva";"Sim";1;0;0;0;1;0;0;1;-26,8722021;-49,0151323;"SPRF-SC";"DEL04-SC";"UOP01-DEL04-SC"
788412;2026-07-28;"terça-feira";"06:30:00";"GO";60;95;"ANAPOLIS";"Condutor Dormindo";"Saída de leito carroçável";"Com Vítimas Feridas";"Pleno dia";"Decrescente";"Céu Claro";"Dupla";"Curva";"Sim";1;0;1;0;0;0;1;1;-16,362668;-48,933907;"SPRF-GO";"DEL02-GO";"UOP01-DEL02-GO"
788413;2026-07-28;"terça-feira";"05:00:00";"SC";101;109;"PENHA";"Demais falhas mecânicas ou elétricas";"Colisão com objeto";"Com Vítimas Feridas";"Pleno dia";"Crescente";"Céu Claro";"Múltipla";"Reta";"Não";3;0;2;0;1;0;2;2;-26,83354722;-48,6958205;"SPRF-SC";"DEL03-SC";"UOP02-DEL03-SC"
788416;2026-07-28;"terça-feira";"06:00:00";"PR";277;656;"MATELANDIA";"Ingestão de álcool pelo condutor";"Colisão traseira";"Com Vítimas Feridas";"Amanhecer";"Decrescente";"Céu Claro";"Simples";"Reta";"Não";2;0;1;0;1;0;1;2;-25,2309081;-53,9526283;"SPRF-PR";"DEL05-PR";"UOP02-DEL05-PR"
788417;2026-07-27;"segunda-feira";"23:10:00";"GO";364;1,1;"SAO SIMAO";"Ausência de reação do condutor";"Saída de leito carroçável";"Sem Vítimas";"Plena Noite";"Crescente";"Céu Claro";"Simples";"Reta;Aclive";"Não";1;0;0;0;0;1;0;1;-19,03672059;-50,51330779;"SPRF-GO";"DEL05-GO";"UOP02-DEL05-GO"
788418;2026-07-28;"terça-feira";"06:55:00";"PR";476;153,1;"ARAUCARIA";"Manobra de mudança de faixa";"Colisão lateral mesmo sentido";"Com Vítimas Feridas";"Pleno dia";"Decrescente";"Céu Claro";"Dupla";"Reta";"Sim";2;0;1;0;1;0;1;2;-25,57674055;-49,39162223;"SPRF-PR";"DEL01-PR";"UOP06-DEL01-PR"
788422;2026-07-28;"terça-feira";"06:15:00";"RO";364;682;"CANDEIAS DO JAMARI";"Ausência de reação do condutor";"Colisão traseira";"Com Vítimas Feridas";"Pleno dia";"Decrescente";"Céu Claro";"Simples";"Reta";"Não";2;0;2;0;0;0;2;2;-8,78848;-63,61374;"SPRF-RO";"DEL01-RO";"UOP01-DEL01-RO"
788424;2026-07-27;"segunda-feira";"21:50:00";"MT";163;1003;"TERRA NOVA DO NORTE";"Condutor Dormindo";"Saída de leito carroçável";"Com Vítimas Feridas";"Plena Noite";"Crescente";"Céu Claro";"Simples";"Reta";"Não";1;0;1;0;0;0;1;1;-10,4659683;-55,0657516;"SPRF-MT";"DEL06-MT";"UOP03-DEL06-MT"
788425;2026-07-27;"segunda-feira";"22:25:00";"RO";364;4,8;"JI-PARANA";"Condutor Dormindo";"Saída de leito carroçável";"Com Vítimas Feridas";"Plena Noite";"Crescente";"Céu Claro";"Simples";"Reta";"Não";1;0;0;1;0;0;1;1;-10,905341;-61,968881;"SPRF-RO";"DEL04-RO";"UOP01-DEL04-RO"
788427;2026-07-28;"terça-feira";"07:45:00";"MG";381;502,1;"BETIM";"Ausência de reação do condutor";"Colisão traseira";"Com Vítimas Feridas";"Pleno dia";"Crescente";"Céu Claro";"Dupla";"Declive;Reta";"Sim";4;0;2;0;2;0;2;2;-20,0177089;-44,2256011;"SPRF-MG";"DEL01-MG";"UOP03-DEL01-MG"
788428;2026-07-28;"terça-feira";"03:00:00";"BA";324;561;"SAO SEBASTIAO DO PASSE";"Condutor Dormindo";"Saída de leito carroçável";"Sem Vítimas";"Plena Noite";"Decrescente";"Céu Claro";"Dupla";"Reta";"Não";3;0;0;0;3;0;0;1;-12,50161012;-38,64097595;"SPRF-BA";"DEL01-BA";"UOP01-DEL01-BA"
788430;2026-07-28;"terça-feira";"08:00:00";"PI";343;12;"PARNAIBA";"Condutor desrespeitou a iluminação vermelha do semáforo";"Colisão transversal";"Com Vítimas Feridas";"Pleno dia";"Crescente";"Céu Claro";"Dupla";"Interseção de Vias;Reta";"Sim";2;0;2;0;0;0;2;2;-2,91648021;-41,75408186;"SPRF-PI";"DEL05-PI";"UOP01-DEL05-PI"
788431;2026-07-28;"terça-feira";"07:50:00";"RJ";101;334;"RIO DE JANEIRO";"Reação tardia ou ineficiente do condutor";"Colisão traseira";"Com Vítimas Feridas";"Pleno dia";"Crescente";"Céu Claro";"Dupla";"Reta;Ponte";"Sim";3;0;2;0;0;1;2;2;-22,887692;-43,218102;"SPRF-RJ";"DEL02-RJ";"UOP01-DEL02-RJ"
788434;2026-07-28;"terça-feira";"07:50:00";"PR";277;82;"CURITIBA";"Reação tardia ou ineficiente do condutor";"Colisão lateral mesmo sentido";"Com Vítimas Feridas";"Pleno dia";"Crescente";"Sol";"Dupla";"Em Obras;Reta";"Sim";3;0;3;0;0;0;3;2;-25,456;-49,223;"SPRF-PR";"DEL01-PR";"UOP03-DEL01-PR"
788436;2026-07-28;"terça-feira";"08:40:00";"GO";153;504;"APARECIDA DE GOIANIA";"Reação tardia ou ineficiente do condutor";"Queda de ocupante de veículo";"Com Vítimas Feridas";"Pleno dia";"Decrescente";"Sol";"Dupla";"Reta";"Sim";1;0;1;0;0;0;1;1;-16,7365779;-49,2426581;"SPRF-GO";"DEL01-GO";"UOP01-DEL01-GO"
788437;2026-07-28;"terça-feira";"08:05:00";"SC";116;245;"LAGES";"Conversão proibida";"Colisão transversal";"Com Vítimas Feridas";"Pleno dia";"Decrescente";"Nublado";"Simples";"Curva";"Sim";2;0;1;1;0;0;2;2;-27,79476655;-50,36144463;"SPRF-SC";"DEL05-SC";"UOP01-DEL05-SC"
788438;2026-07-28;"terça-feira";"08:10:00";"MG";381;434,2;"SABARA";"Transitar na contramão";"Colisão frontal";"Com Vítimas Feridas";"Pleno dia";"Crescente";"Céu Claro";"Simples";"Reta";"Sim";3;0;0;2;1;0;2;2;-19,80810897;-43,77135909;"SPRF-MG";"DEL01-MG";"UOP01-DEL01-MG"
788439;2026-07-28;"terça-feira";"09:50:00";"AP";210;1;"MACAPA";"Acessar a via sem observar a presença dos outros veículos";"Colisão transversal";"Com Vítimas Feridas";"Pleno dia";"Decrescente";"Céu Claro";"Dupla";"Reta";"Sim";2;0;1;0;1;0;1;2;0,0779605;-51,0701304;"SPRF-AP";"DEL01-AP";"UOP01-DEL01-AP"
788440;2026-07-28;"terça-feira";"06:30:00";"PI";316;112,5;"PASSAGEM FRANCA DO PIAUI";"Ausência de reação do condutor";"Saída de leito carroçável";"Com Vítimas Feridas";"Pleno dia";"Decrescente";"Céu Claro";"Simples";"Reta";"Não";3;0;1;1;1;0;2;1;-5,903645;-42,40508;"SPRF-PI";"DEL04-PI";"UOP02-DEL04-PI"
788442;2026-07-28;"terça-feira";"09:00:00";"GO";153;436;"ANAPOLIS";"Pista Escorregadia";"Queda de ocupante de veículo";"Com Vítimas Feridas";"Pleno dia";"Crescente";"Sol";"Dupla";"Reta";"Sim";1;0;1;0;0;0;1;1;-16,33937587;-48,92297983;"SPRF-GO";"DEL02-GO";"UOP01-DEL02-GO"
788443;2026-07-28;"terça-feira";"08:27:00";"MG";116;522,2;"CARATINGA";"Acessar a via sem observar a presença dos outros veículos";"Colisão transversal";"Com Vítimas Feridas";"Pleno dia";"Crescente";"Céu Claro";"Simples";"Reta";"Sim";2;0;0;1;1;0;1;2;-19,81069005;-42,09639624;"SPRF-MG";"DEL06-MG";"UOP02-DEL06-MG"
788444;2026-07-28;"terça-feira";"07:50:00";"PR";277;0;"CURITIBA";"Reação tardia ou ineficiente do condutor";"Engavetamento";"Sem Vítimas";"Pleno dia";"Decrescente";"Céu Claro";"Dupla";"Reta";"Sim";4;0;0;0;4;0;0;3;-25,431692;-49,364098;"SPRF-PR";"DEL01-PR";"UOP06-DEL01-PR"
788446;2026-07-28;"terça-feira";"10:00:00";"RS";285;425,7;"PANAMBI";"Velocidade Incompatível";"Saída de leito carroçável";"Com Vítimas Feridas";"Pleno dia";"Decrescente";"Chuva";"Simples";"Curva;Declive";"Não";2;0;2;0;0;0;2;1;-28,328008;-53,58743;"SPRF-RS";"DEL10-RS";"UOP01-DEL10-RS"
788451;2026-07-08;"quarta-feira";"14:29:00";"RO";174;14;"VILHENA";"Acessar a via sem observar a presença dos outros veículos";"Colisão transversal";"Com Vítimas Feridas";"Pleno dia";"Decrescente";"Céu Claro";"Simples";"Interseção de Vias;Reta";"Sim";2;0;1;1;0;0;2;2;-12,72592;-60,12876;"SPRF-RO";"DEL04-RO";"UOP01-DEL04-RO"
788453;2026-07-28;"terça-feira";"11:21:00";"TO";153;139;"ARAGUAINA";"Acessar a via sem observar a presença dos outros veículos";"Colisão transversal";"Com Vítimas Feridas";"Pleno dia";"Decrescente";"Céu Claro";"Múltipla";"Retorno Regulamentado";"Sim";2;0;1;0;1;0;1;2;-7,162141;-48,205577;"SPRF-TO";"DEL02-TO";"UOP01-DEL02-TO"
788454;2026-07-28;"terça-feira";"12:00:00";"BA";324;515;"FEIRA DE SANTANA";"Acessar a via sem observar a presença dos outros veículos";"Colisão transversal";"Com Vítimas Feridas";"Pleno dia";"Crescente";"Sol";"Simples";"Em Obras;Reta";"Sim";3;0;1;1;1;0;2;2;-12,23825;-38,94065;"SPRF-BA";"DEL02-BA";"UOP01-DEL02-BA"
788455;2026-07-28;"terça-feira";"11:00:00";"RS";290;176,9;"BUTIA";"Acessar a via sem observar a presença dos outros veículos";"Colisão transversal";"Com Vítimas Feridas";"Pleno dia";"Crescente";"Chuva";"Simples";"Reta";"Sim";3;0;2;0;1;0;2;2;-30,13250853;-51,9803524;"SPRF-RS";"DEL02-RS";"UOP03-DEL02-RS"
788459;2026-07-28;"terça-feira";"11:25:00";"MG";262;898;"CAMPO FLORIDO";"Ausência de reação do condutor";"Saída de leito carroçável";"Com Vítimas Fatais";"Pleno dia";"Crescente";"Céu Claro";"Dupla";"Reta";"Não";3;1;1;1;0;0;2;1;-19,626306;-48,793069;"SPRF-MG";"DEL13-MG";"UOP02-DEL13-MG"
788461;2026-07-28;"terça-feira";"10:00:00";"ES";262;25;"VIANA";"Condutor Dormindo";"Colisão com objeto";"Com Vítimas Feridas";"Pleno dia";"Crescente";"Sol";"Simples";"Curva";"Não";1;0;1;0;0;0;1;1;-20,37792;-40,528992;"SPRF-ES";"DEL01-ES";"UOP01-DEL01-ES"
788464;2026-07-28;"terça-feira";"11:30:00";"RS";116;143;"CAXIAS DO SUL";"Velocidade Incompatível";"Capotamento";"Com Vítimas Feridas";"Pleno dia";"Decrescente";"Chuva";"Dupla";"Curva";"Sim";1;0;1;0;0;0;1;1;-29,12646;-51,128252;"SPRF-RS";"DEL05-RS";"UOP01-DEL05-RS"
788465;2026-07-28;"terça-feira";"10:35:00";"PB";427;34;"POMBAL";"Retorno proibido";"Colisão traseira";"Com Vítimas Feridas";"Pleno dia";"Decrescente";"Céu Claro";"Simples";"Reta";"Não";2;0;1;0;1;0;1;2;-6,759017;-37,771525;"SPRF-PB";"DEL03-PB";"UOP02-DEL03-PB"
788467;2026-05-01;"sexta-feira";"18:50:00";"RJ";40;105;"DUQUE DE CAXIAS";"Acessar a via sem observar a presença dos outros veículos";"Colisão transversal";"Sem Vítimas";"Plena Noite";"Decrescente";"Nublado";"Simples";"Reta";"Não";7;0;0;0;5;2;0;2;-22,642446;-43,283285;"SPRF-RJ";"DEL01-RJ";"UOP02-DEL01-RJ"
788472;2026-07-28;"terça-feira";"12:20:00";"RJ";393;166;"TRES RIOS";"Demais falhas mecânicas ou elétricas";"Colisão com objeto";"Com Vítimas Feridas";"Pleno dia";"Decrescente";"Céu Claro";"Simples";"Reta";"Não";1;0;1;0;0;0;1;1;-22,12561747;-43,15596667;"SPRF-RJ";"DEL05-RJ";"UOP01-DEL05-RJ"
788473;2026-07-27;"segunda-feira";"15:45:00";"SP";153;63,3;"SAO JOSE DO RIO PRETO";"Reação tardia ou ineficiente do condutor";"Colisão traseira";"Com Vítimas Feridas";"Pleno dia";"Crescente";"Céu Claro";"Dupla";"Reta;Aclive";"Sim";6;0;1;0;5;0;1;2;-20,82208232;-49,35793586;"SPRF-SP";"DEL09-SP";"UOP01-DEL09-SP"
788475;2026-06-25;"quinta-feira";"05:50:00";"PI";222;134,2;"BATALHA";"Manobra de mudança de faixa";"Colisão lateral sentido oposto";"Com Vítimas Feridas";"Amanhecer";"Crescente";"Céu Claro";"Simples";"Reta";"Não";2;0;0;2;0;0;2;2;-3,966233;-42,13571;"SPRF-PI";"DEL02-PI";"UOP01-DEL02-PI"
788477;2026-07-28;"terça-feira";"14:00:00";"CE";222;310;"TIANGUA";"Condutor deixou de manter distância do veículo da frente";"Colisão traseira";"Sem Vítimas";"Pleno dia";"Crescente";"Céu Claro";"Dupla";"Reta";"Sim";2;0;0;0;2;0;0;2;-3,69230915;-40,97583621;"SPRF-CE";"DEL04-CE";"UOP02-DEL04-CE"
788478;2026-07-20;"segunda-feira";"17:00:00";"MG";365;407,1;"PATOS DE MINAS";"Reação tardia ou ineficiente do condutor";"Queda de ocupante de veículo";"Com Vítimas Feridas";"Pleno dia";"Decrescente";"Ignorado";"Simples";"Viaduto";"Não";1;0;1;0;0;0;1;1;-18,637543;-46,4874922;"SPRF-MG";"DEL10-MG";"UOP01-DEL10-MG"
788480;2026-07-28;"terça-feira";"13:03:00";"PB";101;123;"CAAPORA";"Acumulo de óleo sobre o pavimento";"Saída de leito carroçável";"Sem Vítimas";"Pleno dia";"Crescente";"Céu Claro";"Dupla";"Curva";"Não";1;0;0;0;1;0;0;1;-7,457355;-34,981218;"SPRF-PB";"DEL01-PB";"UOP01-DEL01-PB"
788481;2026-07-28;"terça-feira";"13:07:00";"PB";230;10,6;"CABEDELO";"Ausência de reação do condutor";"Colisão traseira";"Com Vítimas Feridas";"Pleno dia";"Crescente";"Céu Claro";"Dupla";"Reta";"Não";2;0;1;0;1;0;1;2;-7,059662;-34,850745;"SPRF-PB";"DEL01-PB";"UOP01-DEL01-PB"
788482;2026-07-28;"terça-feira";"13:40:00";"PR";369;150;"LONDRINA";"Condutor deixou de manter distância do veículo da frente";"Colisão traseira";"Com Vítimas Feridas";"Pleno dia";"Decrescente";"Céu Claro";"Dupla";"Reta";"Não";2;0;1;0;1;0;1;2;-23,293047;-51,1627;"SPRF-PR";"DEL07-PR";"UOP01-DEL07-PR"
788483;2026-07-28;"terça-feira";"14:00:00";"GO";40;9;"LUZIANIA";"Acumulo de óleo sobre o pavimento";"Queda de ocupante de veículo";"Com Vítimas Feridas";"Pleno dia";"Crescente";"Sol";"Dupla";"Reta";"Sim";1;0;1;0;0;0;1;1;-16,127656;-47,960342;"SPRF-DF";"DEL01-DF";"UOP01-DEL01-DF"
788486;2026-07-28;"terça-feira";"14:20:00";"MG";381;499,3;"BETIM";"Trafegar com motocicleta (ou similar) entre as faixas";"Tombamento";"Sem Vítimas";"Pleno dia";"Crescente";"Sol";"Múltipla";"Reta;Aclive";"Sim";1;0;0;0;0;1;0;1;-19,99657;-44,20905;"SPRF-MG";"DEL01-MG";"UOP03-DEL01-MG"
788488;2026-07-28;"terça-feira";"08:40:00";"RJ";116;281;"BARRA MANSA";"Reação tardia ou ineficiente do condutor";"Colisão traseira";"Com Vítimas Feridas";"Amanhecer";"Crescente";"Céu Claro";"Dupla";"Reta";"Não";2;0;1;0;1;0;1;2;-22,527438;-44,196868;"SPRF-RJ";"DEL07-RJ";"UOP02-DEL07-RJ"
788490;2026-07-28;"terça-feira";"14:00:00";"BA";101;359;"WENCESLAU GUIMARAES";"Conversão proibida";"Colisão transversal";"Com Vítimas Feridas";"Pleno dia";"Decrescente";"Céu Claro";"Simples";"Reta";"Não";3;0;1;1;0;1;2;2;-13,694801;-39,479492;"SPRF-BA";"DEL05-BA";"UOP03-DEL05-BA"
788492;2026-07-28;"terça-feira";"11:30:00";"PE";101;53,8;"PAULISTA";"Demais falhas mecânicas ou elétricas";"Incêndio";"Sem Vítimas";"Pleno dia";"Crescente";"Céu Claro";"Múltipla";"Reta";"Não";1;0;0;0;1;0;0;1;-7,939116;-34,903799;"SPRF-PE";"DEL01-PE";"UOP02-DEL01-PE"
788493;2026-07-28;"terça-feira";"15:10:00";"PE";232;9;"JABOATAO DOS GUARARAPES";"Estacionar ou parar em local proibido";"Colisão traseira";"Com Vítimas Feridas";"Pleno dia";"Crescente";"Céu Claro";"Múltipla";"Reta";"Sim";2;0;1;0;1;0;1;2;-8,078247;-34,981505;"SPRF-PE";"DEL01-PE";"UOP01-DEL01-PE"
788494;2026-07-28;"terça-feira";"12:27:00";"GO";20;189;"SIMOLANDIA";"Reação tardia ou ineficiente do condutor";"Saída de leito carroçável";"Com Vítimas Feridas";"Pleno dia";"Decrescente";"Céu Claro";"Simples";"Reta";"Não";2;0;0;1;0;1;1;2;-14,407203;-46,452323;"SPRF-DF";"DEL02-DF";"UOP03-DEL02-DF"
788495;2026-07-28;"terça-feira";"14:00:00";"BA";110;115;"ANTAS";"Manobra de mudança de faixa";"Colisão frontal";"Com Vítimas Feridas";"Pleno dia";"Crescente";"Céu Claro";"Simples";"Reta";"Não";6;0;4;0;2;0;4;2;-10,33969;-38,321704;"SPRF-BA";"DEL07-BA";"UOP02-DEL07-BA"
788498;2026-07-28;"terça-feira";"15:00:00";"SC";470;62,3;"INDAIAL";"Ultrapassagem Indevida";"Colisão transversal";"Com Vítimas Feridas";"Pleno dia";"Crescente";"Céu Claro";"Simples";"Reta";"Não";3;0;0;1;2;0;1;2;-26,87448255;-49,18608639;"SPRF-SC";"DEL04-SC";"UOP01-DEL04-SC"
788499;2026-07-28;"terça-feira";"15:00:00";"GO";60;91;"ANAPOLIS";"Reação tardia ou ineficiente do condutor";"Saída de leito carroçável";"Com Vítimas Feridas";"Pleno dia";"Crescente";"Céu Claro";"Dupla";"Reta";"Sim";3;0;3;0;0;0;3;1;-16,3481033;-48,9082283;"SPRF-GO";"DEL02-GO";"UOP01-DEL02-GO"
788502;2026-06-30;"terça-feira";"19:40:00";"SC";282;2;"FLORIANOPOLIS";"Manobra de mudança de faixa";"Colisão lateral mesmo sentido";"Com Vítimas Feridas";"Plena Noite";"Crescente";"Garoa/Chuvisco";"Múltipla";"Reta";"Sim";3;0;1;0;2;0;1;3;-27,60088328;-48,57760398;"SPRF-SC";"DEL01-SC";"UOP01-DEL01-SC"
788504;2026-07-28;"terça-feira";"15:34:00";"RJ";393;285;"VOLTA REDONDA";"Condutor deixou de manter distância do veículo da frente";"Engavetamento";"Com Vítimas Feridas";"Pleno dia";"Crescente";"Céu Claro";"Simples";"Reta";"Sim";4;0;1;0;3;0;1;3;-22,50928078;-44,08187483;"SPRF-RJ";"DEL05-RJ";"UOP04-DEL05-RJ"
788507;2026-07-27;"segunda-feira";"21:00:00";"RS";116;136;"CAXIAS DO SUL";"Ausência de reação do condutor";"Saída de leito carroçável";"Sem Vítimas";"Plena Noite";"Crescente";"Ignorado";"Simples";"Curva";"Não";1;0;0;0;0;1;0;1;-29,07888673;-51,10766351;"SPRF-RS";"DEL05-RS";"UOP01-DEL05-RS"
788509;2026-07-28;"terça-feira";"16:40:00";"PE";232;7,9;"RECIFE";"Reação tardia ou ineficiente do condutor";"Colisão com objeto";"Com Vítimas Feridas";"Pleno dia";"Crescente";"Céu Claro";"Dupla";"Reta";"Sim";2;0;1;0;1;0;1;1;-8,0754;-34,96891;"SPRF-PE";"DEL01-PE";"UOP01-DEL01-PE"
788512;2026-07-28;"terça-feira";"14:30:00";"MA";10;248;"IMPERATRIZ";"Manobra de mudança de faixa";"Colisão traseira";"Com Vítimas Feridas";"Pleno dia";"Decrescente";"Céu Claro";"Múltipla";"Reta";"Sim";3;0;0;1;1;1;1;3;-5,56471;-47,450415;"SPRF-MA";"DEL04-MA";"UOP01-DEL04-MA"
788513;2026-07-28;"terça-feira";"16:30:00";"GO";80;62;"PADRE BERNARDO";"Ausência de reação do condutor";"Saída de leito carroçável";"Com Vítimas Feridas";"Pleno dia";"Decrescente";"Céu Claro";"Simples";"Reta";"Não";4;0;3;1;0;0;4;1;-15,177623;-48,413868;"SPRF-DF";"DEL03-DF";"UOP02-DEL03-DF"
788514;2026-07-28;"terça-feira";"17:00:00";"MG";381;490,8;"BETIM";"Ausência de reação do condutor";"Saída de leito carroçável";"Com Vítimas Feridas";"Pleno dia";"Decrescente";"Céu Claro";"Simples";"Curva;Aclive";"Sim";1;0;1;0;0;0;1;1;-19,9554774;-44,1494875;"SPRF-MG";"DEL01-MG";"UOP03-DEL01-MG"
788515;2026-07-28;"terça-feira";"17:20:00";"SC";101;205,4;"SAO JOSE";"Manobra de mudança de faixa";"Colisão transversal";"Com Vítimas Feridas";"Anoitecer";"Decrescente";"Garoa/Chuvisco";"Múltipla";"Reta";"Sim";4;0;0;2;2;0;2;3;-27,58759;-48,61653;"SPRF-SC";"DEL01-SC";"UOP01-DEL01-SC"
788516;2026-07-28;"terça-feira";"16:00:00";"MG";262;16;"MARTINS SOARES";"Acesso irregular";"Colisão transversal";"Com Vítimas Feridas";"Pleno dia";"Decrescente";"Céu Claro";"Simples";"Curva";"Não";2;0;1;0;1;0;1;2;-20,26222;-41,8859557;"SPRF-MG";"DEL06-MG";"UOP03-DEL06-MG"
788517;2026-07-28;"terça-feira";"12:09:00";"MT";163;778;"SORRISO";"Ausência de reação do condutor";"Saída de leito carroçável";"Sem Vítimas";"Pleno dia";"Decrescente";"Céu Claro";"Dupla";"Declive;Reta";"Não";1;0;0;0;0;1;0;1;-12,3531;-55,5988;"SPRF-MT";"DEL06-MT";"UOP02-DEL06-MT"