"id";"data_inversa";"dia_semana";"horario";"uf";"br";"km";"municipio";"causa_acidente";"tipo_acidente";"classificacao_acidente";"fase_dia";"sentido_via";"condicao_metereologica";"tipo_pista";"tracado_via";"uso_solo";"pessoas";"mortos";"feridos_leves";"feridos_graves";"ilesos";"ignorados";"feridos";"veiculos";"latitude";"longitude";"regional";"delegacia";"uop"
788986;2026-07-30;"quinta-feira";"23:25:00";"PR";376;638;"TIJUCAS DO SUL";"Ingestão de álcool pelo condutor";"Colisão lateral mesmo sentido";"Com Vítimas Feridas";"Plena Noite";"Decrescente";"Garoa/Chuvisco";"Dupla";"Curva";"Não";4;0;1;0;3;0;1;2;-25,77544862;-49,12051074;"SPRF-PR";"DEL01-PR";"UOP04-DEL01-PR"
788987;2026-07-30;"quinta-feira";"22:50:00";"PR";153;11,9;"JACAREZINHO";"Transitar na contramão";"Colisão frontal";"Com Vítimas Feridas";"Plena Noite";"Crescente";"Céu Claro";"Simples";"Reta";"Não";7;0;3;3;1;0;6;3;-23,09060818;-49,921875;"SPRF-PR";"DEL07-PR";"UOP04-DEL07-PR"
788989;2026-07-31;"sexta-feira";"00:01:00";"SC";101;121;"ITAJAI";"Pedestre andava na pista";"Atropelamento de Pedestre";"Com Vítimas Fatais";"Plena Noite";"Decrescente";"Nublado";"Dupla";"Reta";"Sim";2;1;0;0;1;0;0;2;-26,92098525;-48,70832541;"SPRF-SC";"DEL04-SC";"UOP04-DEL04-SC"
788991;2026-07-30;"quinta-feira";"23:50:00";"MG";40;503,3;"ESMERALDAS";"Animais na Pista";"Atropelamento de Animal";"Com Vítimas Feridas";"Plena Noite";"Decrescente";"Céu Claro";"Dupla";"Reta;Aclive";"Não";2;0;2;0;0;0;2;1;-19,72306;-44,15513;"SPRF-MG";"DEL02-MG";"UOP01-DEL02-MG"
788992;2026-07-31;"sexta-feira";"00:30:00";"MG";50;157;"UBERABA";"Condutor deixou de manter distância do veículo da frente";"Colisão traseira";"Com Vítimas Feridas";"Plena Noite";"Crescente";"Céu Claro";"Dupla";"Curva;Aclive;Retorno Regulamentado";"Não";3;0;2;0;1;0;2;2;-19,6239117;-48,0162267;"SPRF-MG";"DEL13-MG";"UOP01-DEL13-MG"
788995;2026-07-31;"sexta-feira";"02:18:00";"PE";101;83;"JABOATAO DOS GUARARAPES";"Velocidade Incompatível";"Saída de leito carroçável";"Sem Vítimas";"Plena Noite";"Decrescente";"Nublado";"Dupla";"Reta";"Não";1;0;0;0;0;1;0;1;-8,17801;-34,94957;"SPRF-PE";"DEL01-PE";"UOP01-DEL01-PE"
788996;2026-07-31;"sexta-feira";"02:15:00";"MG";40;528,5;"CONTAGEM";"Ausência de reação do condutor";"Colisão com objeto";"Com Vítimas Fatais";"Plena Noite";"Decrescente";"Céu Claro";"Simples";"Curva";"Sim";1;1;0;0;0;0;0;1;-19,9042701;-44,04739936;"SPRF-MG";"DEL01-MG";"UOP02-DEL01-MG"
788997;2026-07-31;"sexta-feira";"01:40:00";"MG";40;423,6;"CURVELO";"Ausência de reação do condutor";"Colisão com objeto";"Com Vítimas Feridas";"Plena Noite";"Crescente";"Céu Claro";"Dupla";"Curva;Viaduto";"Sim";1;0;1;0;0;0;1;1;-19,153377;-44,531622;"SPRF-MG";"DEL02-MG";"UOP01-DEL02-MG"
789000;2026-07-31;"sexta-feira";"02:54:00";"SP";116;208;"GUARULHOS";"Reação tardia ou ineficiente do condutor";"Colisão lateral mesmo sentido";"Sem Vítimas";"Plena Noite";"Decrescente";"Ignorado";"Múltipla";"Reta";"Sim";2;0;0;0;2;0;0;2;-23,42394705;-46,39894056;"SPRF-SP";"DEL01-SP";"UOP01-DEL01-SP"
789001;2026-07-31;"sexta-feira";"03:00:00";"GO";153;433;"ANAPOLIS";"Velocidade Incompatível";"Colisão traseira";"Com Vítimas Feridas";"Plena Noite";"Crescente";"Céu Claro";"Dupla";"Reta";"Sim";2;0;1;0;0;1;1;2;-16,2847633;-48,95003;"SPRF-GO";"DEL02-GO";"UOP01-DEL02-GO"
789002;2026-07-31;"sexta-feira";"03:00:00";"TO";153;7,6;"XAMBIOA";"Pista esburacada";"Tombamento";"Com Vítimas Feridas";"Plena Noite";"Crescente";"Céu Claro";"Simples";"Reta;Em Obras";"Sim";1;0;0;1;0;0;1;1;-6,44651;-48,515328;"SPRF-TO";"DEL02-TO";"UOP01-DEL02-TO"
789003;2026-07-31;"sexta-feira";"03:30:00";"GO";153;433;"ANAPOLIS";"Reação tardia ou ineficiente do condutor";"Colisão traseira";"Sem Vítimas";"Plena Noite";"Crescente";"Céu Claro";"Dupla";"Reta";"Sim";2;0;0;0;2;0;0;2;-16,2849601;-48,9502212;"SPRF-GO";"DEL02-GO";"UOP01-DEL02-GO"
789004;2026-07-31;"sexta-feira";"00:40:00";"PR";476;166,4;"CONTENDA";"Ausência de reação do condutor";"Saída de leito carroçável";"Sem Vítimas";"Plena Noite";"Crescente";"Nublado";"Simples";"Reta";"Não";1;0;0;0;1;0;0;1;-25,65616745;-49,48228709;"SPRF-PR";"DEL01-PR";"UOP06-DEL01-PR"
789006;2026-07-31;"sexta-feira";"02:40:00";"TO";153;762,9;"ALVORADA";"Ingestão de álcool pelo condutor";"Saída de leito carroçável";"Sem Vítimas";"Plena Noite";"Crescente";"Céu Claro";"Simples";"Reta";"Não";1;0;0;0;1;0;0;1;-12,495787;-49,11655;"SPRF-TO";"DEL01-TO";"UOP02-DEL01-TO"
789007;2026-07-31;"sexta-feira";"04:40:00";"CE";222;77;"SAO LUIS DO CURU";"Demais falhas mecânicas ou elétricas";"Atropelamento de Pedestre";"Com Vítimas Feridas";"Amanhecer";"Decrescente";"Céu Claro";"Múltipla";"Reta";"Não";3;0;0;2;1;0;2;2;-3,67335184;-39,23792839;"SPRF-CE";"DEL01-CE";"UOP03-DEL01-CE"
789008;2026-07-31;"sexta-feira";"04:00:00";"RS";285;357,5;"COLORADO";"Animais na Pista";"Atropelamento de Animal";"Com Vítimas Feridas";"Plena Noite";"Decrescente";"Céu Claro";"Simples";"Ponte";"Não";1;0;0;1;0;0;1;1;-28,35425388;-52,95062542;"SPRF-RS";"DEL08-RS";"UOP03-DEL08-RS"
789011;2026-07-31;"sexta-feira";"05:31:00";"SP";116;197;"ARUJA";"Demais falhas mecânicas ou elétricas";"Incêndio";"Sem Vítimas";"Amanhecer";"Crescente";"Nublado";"Múltipla";"Curva;Aclive";"Não";1;0;0;0;1;0;0;1;-23,39871498;-46,29932332;"SPRF-SP";"DEL01-SP";"UOP01-DEL01-SP"
789013;2026-07-31;"sexta-feira";"06:45:00";"SC";101;104,5;"PENHA";"Trafegar com motocicleta (ou similar) entre as faixas";"Colisão lateral mesmo sentido";"Com Vítimas Feridas";"Pleno dia";"Crescente";"Céu Claro";"Dupla";"Reta";"Sim";3;0;1;0;2;0;1;2;-26,800923;-48,679034;"SPRF-SC";"DEL03-SC";"UOP02-DEL03-SC"
789017;2026-07-31;"sexta-feira";"06:25:00";"PR";277;10,6;"FOZ DO IGUACU";"Acumulo de areia ou detritos sobre o pavimento";"Tombamento";"Com Vítimas Feridas";"Amanhecer";"Crescente";"Céu Claro";"Dupla";"Curva";"Sim";1;0;1;0;0;0;1;1;-25,57683052;-54,55455422;"SPRF-PR";"DEL05-PR";"UOP04-DEL05-PR"
789018;2026-07-31;"sexta-feira";"07:10:00";"GO";20;120,7;"FLORES DE GOIAS";"Condutor deixou de manter distância do veículo da frente";"Colisão traseira";"Com Vítimas Feridas";"Amanhecer";"Crescente";"Céu Claro";"Simples";"Reta";"Não";6;0;3;0;3;0;3;2;-14,87137119;-46,82909489;"SPRF-DF";"DEL02-DF";"UOP03-DEL02-DF"
789019;2026-07-31;"sexta-feira";"05:35:00";"MS";163;539,9;"BANDEIRANTES";"Ausência de reação do condutor";"Saída de leito carroçável";"Com Vítimas Feridas";"Amanhecer";"Decrescente";"Céu Claro";"Simples";"Curva;Desvio Temporário;Em Obras";"Não";2;0;1;0;1;0;1;1;-19,9897132;-54,390172;"SPRF-MS";"DEL01-MS";"UOP02-DEL01-MS"
789020;2026-07-31;"sexta-feira";"06:45:00";"RS";470;209,4;"BENTO GONCALVES";"Acessar a via sem observar a presença dos outros veículos";"Colisão transversal";"Com Vítimas Feridas";"Amanhecer";"Crescente";"Nublado";"Simples";"Reta;Interseção de Vias;Rotatória;Retorno Regulamentado";"Não";2;0;1;0;0;1;1;2;-29,1198207;-51,5427607;"SPRF-RS";"DEL06-RS";"UOP01-DEL06-RS"
789022;2026-07-31;"sexta-feira";"06:10:00";"GO";153;320;"RIANAPOLIS";"Reação tardia ou ineficiente do condutor";"Atropelamento de Pedestre";"Com Vítimas Feridas";"Pleno dia";"Crescente";"Céu Claro";"Simples";"Reta";"Não";2;0;1;1;0;0;2;2;-15,46786285;-49,49851975;"SPRF-GO";"DEL02-GO";"UOP02-DEL02-GO"
789023;2026-05-31;"domingo";"10:10:00";"PR";373;187,5;"PONTA GROSSA";"Reação tardia ou ineficiente do condutor";"Tombamento";"Com Vítimas Feridas";"Pleno dia";"Crescente";"Nevoeiro/Neblina";"Simples";"Reta";"Não";1;0;1;0;0;0;1;1;-25,0526;-50,3154;"SPRF-PR";"DEL03-PR";"UOP01-DEL03-PR"
789025;2026-07-31;"sexta-feira";"07:30:00";"RJ";101;322;"NITEROI";"Manobra de mudança de faixa";"Queda de ocupante de veículo";"Com Vítimas Feridas";"Pleno dia";"Crescente";"Céu Claro";"Dupla";"Reta";"Não";1;0;1;0;0;0;1;1;-22,8823469;-43,1086724;"SPRF-RJ";"DEL02-RJ";"UOP01-DEL02-RJ"
789027;2026-07-31;"sexta-feira";"07:45:00";"PR";376;177,8;"MARINGA";"Trafegar com motocicleta (ou similar) entre as faixas";"Queda de ocupante de veículo";"Com Vítimas Feridas";"Pleno dia";"Decrescente";"Céu Claro";"Dupla";"Reta";"Sim";2;0;1;0;0;1;1;1;-23,41563331;-51,92330718;"SPRF-PR";"DEL09-PR";"UOP01-DEL09-PR"
789028;2026-07-31;"sexta-feira";"05:30:00";"AC";317;218;"XAPURI";"Animais na Pista";"Atropelamento de Animal";"Com Vítimas Feridas";"Amanhecer";"Decrescente";"Céu Claro";"Simples";"Reta";"Não";4;0;4;0;0;0;4;1;-10,6702;-68,28842;"SPRF-AC";"DEL01-AC";"UOP02-DEL01-AC"
789029;2026-07-30;"quinta-feira";"19:08:00";"RJ";116;275;"BARRA MANSA";"Ultrapassagem Indevida";"Colisão frontal";"Com Vítimas Feridas";"Plena Noite";"Decrescente";"Céu Claro";"Simples";"Retorno Regulamentado";"Sim";2;0;1;1;0;0;2;1;-22,5626364;-44,16031687;"SPRF-RJ";"DEL07-RJ";"UOP02-DEL07-RJ"
789030;2026-07-31;"sexta-feira";"07:40:00";"MG";381;447,5;"BELO HORIZONTE";"Conversão proibida";"Colisão frontal";"Com Vítimas Feridas";"Pleno dia";"Decrescente";"Nublado";"Simples";"Reta";"Sim";2;0;1;0;1;0;1;2;-19,84069962;-43,87508934;"SPRF-MG";"DEL01-MG";"UOP01-DEL01-MG"
789031;2026-07-31;"sexta-feira";"06:30:00";"SC";101;379;"ICARA";"Desrespeitar a preferência no cruzamento";"Colisão transversal";"Com Vítimas Feridas";"Amanhecer";"Decrescente";"Céu Claro";"Simples";"Interseção de Vias";"Sim";3;0;1;1;1;0;2;2;-28,75167935;-49,27007675;"SPRF-SC";"DEL02-SC";"UOP02-DEL02-SC"
789032;2026-07-31;"sexta-feira";"07:10:00";"MG";116;145;"PONTO DOS VOLANTES";"Ausência de reação do condutor";"Queda de ocupante de veículo";"Com Vítimas Feridas";"Pleno dia";"Decrescente";"Céu Claro";"Simples";"Curva;Declive";"Não";1;0;0;1;0;0;1;1;-16,81777;-41,47508;"SPRF-MG";"DEL11-MG";"UOP02-DEL11-MG"
789033;2026-07-31;"sexta-feira";"06:30:00";"RO";364;421;"JARU";"Ausência de reação do condutor";"Eventos atípicos";"Com Vítimas Feridas";"Pleno dia";"Decrescente";"Céu Claro";"Simples";"Reta";"Sim";1;0;0;1;0;0;1;1;-10,46470543;-62,45280616;"SPRF-RO";"DEL03-RO";"UOP02-DEL03-RO"
789034;2026-07-31;"sexta-feira";"05:00:00";"MG";116;812,5;"ALEM PARAIBA";"Velocidade Incompatível";"Colisão com objeto";"Com Vítimas Fatais";"Plena Noite";"Crescente";"Céu Claro";"Simples";"Curva;Declive";"Não";1;1;0;0;0;0;0;1;-21,84978848;-42,6668644;"SPRF-MG";"DEL07-MG";"UOP01-DEL07-MG"
789035;2026-07-31;"sexta-feira";"07:20:00";"GO";60;391;"RIO VERDE";"Ausência de reação do condutor";"Colisão com objeto";"Com Vítimas Feridas";"Pleno dia";"Decrescente";"Sol";"Dupla";"Declive";"Não";1;0;0;1;0;0;1;1;-17,82473902;-50,99022942;"SPRF-GO";"DEL04-GO";"UOP01-DEL04-GO"
789036;2026-07-31;"sexta-feira";"08:15:00";"SC";282;216,2;"LAGES";"Estacionar ou parar em local proibido";"Colisão traseira";"Com Vítimas Feridas";"Pleno dia";"Crescente";"Céu Claro";"Simples";"Reta";"Sim";5;0;2;0;3;0;2;2;-27,79715113;-50,29037682;"SPRF-SC";"DEL05-SC";"UOP01-DEL05-SC"
789039;2026-07-31;"sexta-feira";"06:40:00";"RO";364;52;"VILHENA";"Ausência de reação do condutor";"Colisão traseira";"Com Vítimas Feridas";"Pleno dia";"Crescente";"Céu Claro";"Simples";"Reta";"Não";5;0;3;0;2;0;3;2;-12,35680577;-60,62836648;"SPRF-RO";"DEL04-RO";"UOP01-DEL04-RO"
789040;2026-07-31;"sexta-feira";"06:20:00";"MT";0;0;"RONDONOPOLIS";"Reação tardia ou ineficiente do condutor";"Queda de ocupante de veículo";"Com Vítimas Feridas";"Pleno dia";"Não Informado";"Céu Claro";"Dupla";"Aclive";"Não";1;0;0;1;0;0;1;1;-16,745131;-54,648186;"SPRF-MT";"DEL02-MT";"UOP03-DEL02-MT"
789041;2026-07-31;"sexta-feira";"06:15:00";"RJ";116;279;"BARRA MANSA";"Entrada inopinada do pedestre";"Atropelamento de Pedestre";"Com Vítimas Fatais";"Amanhecer";"Crescente";"Céu Claro";"Dupla";"Curva";"Sim";2;1;0;0;1;0;0;2;-22,550743;-44,183165;"SPRF-RJ";"DEL07-RJ";"UOP02-DEL07-RJ"
789042;2026-07-31;"sexta-feira";"06:20:00";"RJ";40;121;"DUQUE DE CAXIAS";"Trafegar com motocicleta (ou similar) entre as faixas";"Colisão lateral mesmo sentido";"Com Vítimas Feridas";"Pleno dia";"Crescente";"Céu Claro";"Múltipla";"Reta";"Sim";2;0;0;1;1;0;1;1;-22,78435674;-43,2855734;"SPRF-RJ";"DEL01-RJ";"UOP02-DEL01-RJ"
789043;2026-07-31;"sexta-feira";"08:00:00";"MA";135;4;"SAO LUIS";"Transitar no Acostamento";"Colisão transversal";"Com Vítimas Feridas";"Pleno dia";"Crescente";"Céu Claro";"Dupla";"Reta";"Sim";3;0;2;0;1;0;2;2;-2,616976;-44,25477;"SPRF-MA";"DEL01-MA";"UOP01-DEL01-MA"
789044;2026-07-31;"sexta-feira";"08:40:00";"PB";230;23,2;"JOAO PESSOA";"Manobra de mudança de faixa";"Colisão transversal";"Com Vítimas Feridas";"Pleno dia";"Crescente";"Céu Claro";"Dupla";"Reta";"Não";4;0;1;1;1;1;2;3;-7,160055;-34,859615;"SPRF-PB";"DEL01-PB";"UOP01-DEL01-PB"
789047;2026-07-31;"sexta-feira";"08:40:00";"PR";116;124,7;"FAZENDA RIO GRANDE";"Ausência de reação do condutor";"Colisão traseira";"Com Vítimas Feridas";"Pleno dia";"Decrescente";"Nublado";"Dupla";"Reta";"Sim";2;0;1;0;1;0;1;2;-25,62612716;-49,31479454;"SPRF-PR";"DEL01-PR";"UOP03-DEL01-PR"
789049;2026-07-31;"sexta-feira";"08:18:00";"TO";10;455;"PALMAS";"Ausência de reação do condutor";"Colisão traseira";"Sem Vítimas";"Pleno dia";"Crescente";"Céu Claro";"Simples";"Reta;Declive";"Sim";2;0;0;0;2;0;0;2;-10,302428;-48,297298;"SPRF-TO";"DEL01-TO";"UOP03-DEL01-TO"
789050;2026-07-31;"sexta-feira";"07:10:00";"RO";364;717;"PORTO VELHO";"Demais falhas mecânicas ou elétricas";"Colisão lateral mesmo sentido";"Sem Vítimas";"Pleno dia";"Decrescente";"Céu Claro";"Dupla";"Reta";"Sim";3;0;0;0;3;0;0;2;-8,79452414;-63,90703853;"SPRF-RO";"DEL01-RO";"UOP01-DEL01-RO"
789052;2026-07-25;"sábado";"15:50:00";"GO";414;422,2;"ABADIANIA";"Condutor Dormindo";"Colisão frontal";"Com Vítimas Feridas";"Pleno dia";"Crescente";"Céu Claro";"Simples";"Reta";"Não";8;0;2;0;6;0;2;3;-16,134892;-48,892389;"SPRF-GO";"DEL02-GO";"UOP01-DEL02-GO"
789054;2026-07-31;"sexta-feira";"06:50:00";"MA";135;77;"SANTA RITA";"Transitar na contramão";"Colisão frontal";"Sem Vítimas";"Pleno dia";"Crescente";"Céu Claro";"Simples";"Reta";"Não";2;0;0;0;1;1;0;2;-3,19962;-44,36035;"SPRF-MA";"DEL01-MA";"UOP02-DEL01-MA"
789055;2026-07-31;"sexta-feira";"08:40:00";"MG";40;95;"PARACATU";"Ultrapassagem Indevida";"Colisão frontal";"Com Vítimas Feridas";"Pleno dia";"Decrescente";"Céu Claro";"Simples";"Reta";"Não";2;0;2;0;0;0;2;2;-17,24031813;-46,81525318;"SPRF-MG";"DEL14-MG";"UOP01-DEL14-MG"
789056;2026-07-31;"sexta-feira";"09:20:00";"MG";40;275;"TRES MARIAS";"Condutor deixou de manter distância do veículo da frente";"Colisão traseira";"Com Vítimas Feridas";"Pleno dia";"Decrescente";"Céu Claro";"Simples";"Reta";"Não";3;0;1;0;2;0;1;2;-18,19985;-45,23729;"SPRF-MG";"DEL14-MG";"UOP02-DEL14-MG"
789057;2026-07-13;"segunda-feira";"22:50:00";"SC";116;243,5;"LAGES";"Velocidade Incompatível";"Colisão com objeto";"Com Vítimas Feridas";"Plena Noite";"Crescente";"Céu Claro";"Simples";"Curva;Aclive";"Não";1;0;1;0;0;0;1;1;-27,78583066;-50,35274506;"SPRF-SC";"DEL05-SC";"UOP01-DEL05-SC"
789058;2026-07-31;"sexta-feira";"08:30:00";"SC";101;62;"ARAQUARI";"Demais falhas mecânicas ou elétricas";"Incêndio";"Sem Vítimas";"Pleno dia";"Decrescente";"Nublado";"Múltipla";"Reta";"Não";1;0;0;0;1;0;0;1;-26,45508663;-48,76829848;"SPRF-SC";"DEL03-SC";"UOP02-DEL03-SC"
789059;2026-07-31;"sexta-feira";"08:10:00";"ES";101;146,4;"LINHARES";"Condutor deixou de manter distância do veículo da frente";"Colisão traseira";"Com Vítimas Feridas";"Pleno dia";"Crescente";"Céu Claro";"Dupla";"Reta";"Sim";2;0;1;0;1;0;1;2;-19,372226;-40,065992;"SPRF-ES";"DEL04-ES";"UOP01-DEL04-ES"
789062;2026-07-31;"sexta-feira";"07:30:00";"RJ";40;74;"PETROPOLIS";"Acessar a via sem observar a presença dos outros veículos";"Colisão transversal";"Com Vítimas Feridas";"Pleno dia";"Crescente";"Céu Claro";"Dupla";"Reta;Declive";"Sim";6;0;4;0;2;0;4;2;-22,471898;-43,222818;"SPRF-RJ";"DEL01-RJ";"UOP01-DEL01-RJ"
789063;2026-07-31;"sexta-feira";"08:00:00";"PA";316;42;"SANTA IZABEL DO PARA";"Reação tardia ou ineficiente do condutor";"Colisão traseira";"Com Vítimas Feridas";"Pleno dia";"Crescente";"Céu Claro";"Dupla";"Reta";"Não";3;0;1;0;1;1;1;3;-1,276;-48,086;"SPRF-PA";"DEL01-PA";"UOP01-DEL01-PA"
789065;2026-07-31;"sexta-feira";"10:30:00";"RS";386;292,3;"POUSO NOVO";"Afundamento ou ondulação no pavimento";"Tombamento";"Com Vítimas Feridas";"Pleno dia";"Decrescente";"Céu Claro";"Simples";"Curva";"Não";1;0;1;0;0;0;1;1;-29,11696227;-52,24355221;"SPRF-RS";"DEL04-RS";"UOP01-DEL04-RS"
789067;2026-07-31;"sexta-feira";"10:30:00";"PR";376;175,9;"MARINGA";"Manobra de mudança de faixa";"Colisão lateral mesmo sentido";"Com Vítimas Feridas";"Pleno dia";"Decrescente";"Céu Claro";"Dupla";"Reta";"Sim";2;0;1;0;1;0;1;2;-23,41138992;-51,94094539;"SPRF-PR";"DEL09-PR";"UOP01-DEL09-PR"
789068;2026-07-31;"sexta-feira";"09:20:00";"MT";364;200;"RONDONOPOLIS";"Manobra de mudança de faixa";"Colisão lateral mesmo sentido";"Com Vítimas Feridas";"Pleno dia";"Crescente";"Céu Claro";"Dupla";"Reta";"Sim";3;0;1;0;2;0;1;2;-16,48977672;-54,64674848;"SPRF-MT";"DEL02-MT";"UOP01-DEL02-MT"
789069;2026-07-31;"sexta-feira";"10:10:00";"PB";101;43;"MAMANGUAPE";"Reação tardia ou ineficiente do condutor";"Colisão traseira";"Com Vítimas Feridas";"Pleno dia";"Crescente";"Céu Claro";"Dupla";"Reta";"Sim";2;0;1;0;0;1;1;2;-6,8642937;-35,13352322;"SPRF-PB";"DEL01-PB";"UOP03-DEL01-PB"
789072;2026-07-31;"sexta-feira";"08:15:00";"PA";10;312;"IRITUIA";"Demais falhas mecânicas ou elétricas";"Saída de leito carroçável";"Com Vítimas Feridas";"Pleno dia";"Decrescente";"Sol";"Simples";"Reta;Ponte";"Não";5;0;3;1;1;0;4;1;-1,698385;-47,502271;"SPRF-PA";"DEL01-PA";"UOP02-DEL01-PA"
789073;2026-07-31;"sexta-feira";"10:30:00";"SC";101;42,9;"JOINVILLE";"Demais falhas mecânicas ou elétricas";"Queda de ocupante de veículo";"Com Vítimas Feridas";"Pleno dia";"Crescente";"Céu Claro";"Múltipla";"Reta";"Não";1;0;1;0;0;0;1;1;-26,31698303;-48,87343017;"SPRF-SC";"DEL03-SC";"UOP01-DEL03-SC"
789074;2026-07-11;"sábado";"20:45:00";"DF";70;16,2;"BRASILIA";"Ausência de reação do condutor";"Colisão transversal";"Sem Vítimas";"Plena Noite";"Decrescente";"Céu Claro";"Dupla";"Interseção de Vias";"Sim";2;0;0;0;2;0;0;2;-15,79631;-48,194936;"SPRF-DF";"DEL03-DF";"UOP02-DEL03-DF"
789082;2026-07-31;"sexta-feira";"11:50:00";"RS";116;264;"CANOAS";"Acessar a via sem observar a presença dos outros veículos";"Colisão traseira";"Com Vítimas Feridas";"Pleno dia";"Decrescente";"Céu Claro";"Dupla";"Reta";"Sim";2;0;1;0;1;0;1;2;-29,91527978;-51,1778539;"SPRF-RS";"DEL01-RS";"UOP01-DEL01-RS"
789083;2026-07-31;"sexta-feira";"08:10:00";"SC";163;106,2;"SAO JOSE DO CEDRO";"Acessar a via sem observar a presença dos outros veículos";"Colisão transversal";"Com Vítimas Feridas";"Pleno dia";"Decrescente";"Céu Claro";"Simples";"Interseção de Vias;Reta";"Sim";2;0;1;0;1;0;1;2;-26,43306355;-53,51884022;"SPRF-SC";"DEL07-SC";"UOP03-DEL07-SC"
789085;2026-07-31;"sexta-feira";"12:15:00";"RN";101;84;"SAO GONCALO DO AMARANTE";"Mal súbito do condutor";"Colisão com objeto";"Com Vítimas Feridas";"Pleno dia";"Crescente";"Céu Claro";"Múltipla";"Reta";"Sim";1;0;0;1;0;0;1;1;-5,773152;-35,261067;"SPRF-RN";"DEL02-RN";"UOP01-DEL02-RN"
789086;2026-07-31;"sexta-feira";"11:00:00";"RS";470;283,2;"MONTENEGRO";"Reação tardia ou ineficiente do condutor";"Saída de leito carroçável";"Com Vítimas Feridas";"Pleno dia";"Decrescente";"Céu Claro";"Simples";"Curva";"Não";2;0;2;0;0;0;2;1;-29,62935367;-51,4710331;"SPRF-RS";"DEL06-RS";"UOP01-DEL06-RS"
789087;2026-07-31;"sexta-feira";"12:00:00";"RS";290;333;"SAO SEPE";"Acumulo de areia ou detritos sobre o pavimento";"Saída de leito carroçável";"Com Vítimas Feridas";"Pleno dia";"Decrescente";"Sol";"Simples";"Curva";"Não";3;0;1;0;2;0;1;1;-30,36167314;-53,5224781;"SPRF-RS";"DEL09-RS";"UOP02-DEL09-RS"
789088;2026-07-31;"sexta-feira";"10:30:00";"GO";20;184;"SIMOLANDIA";"Ausência de reação do condutor";"Colisão traseira";"Sem Vítimas";"Pleno dia";"Decrescente";"Céu Claro";"Simples";"Reta";"Não";3;0;0;0;3;0;0;2;-14,455622;-46,473012;"SPRF-DF";"DEL02-DF";"UOP03-DEL02-DF"
789090;2026-07-31;"sexta-feira";"13:10:00";"PR";116;12;"COLOMBO";"Reação tardia ou ineficiente do condutor";"Saída de leito carroçável";"Com Vítimas Feridas";"Pleno dia";"Decrescente";"Céu Claro";"Dupla";"Curva";"Sim";1;0;1;0;0;0;1;1;-25,37361529;-49,14479613;"SPRF-PR";"DEL01-PR";"UOP02-DEL01-PR"
789092;2026-07-31;"sexta-feira";"10:50:00";"BA";110;175;"RIBEIRA DO POMBAL";"Acessar a via sem observar a presença dos outros veículos";"Colisão lateral mesmo sentido";"Com Vítimas Feridas";"Pleno dia";"Decrescente";"Nublado";"Simples";"Reta";"Sim";3;0;2;0;0;1;2;2;-10,844138;-38,531055;"SPRF-BA";"DEL07-BA";"UOP02-DEL07-BA"
789093;2026-07-31;"sexta-feira";"11:50:00";"BA";110;172;"RIBEIRA DO POMBAL";"Entrada inopinada do pedestre";"Atropelamento de Pedestre";"Com Vítimas Feridas";"Pleno dia";"Crescente";"Garoa/Chuvisco";"Simples";"Interseção de Vias;Declive;Reta";"Sim";2;0;1;0;1;0;1;2;-10,82232;-38,531321;"SPRF-BA";"DEL07-BA";"UOP02-DEL07-BA"
789094;2026-07-31;"sexta-feira";"12:00:00";"MA";230;403;"BALSAS";"Acessar a via sem observar a presença dos outros veículos";"Colisão transversal";"Com Vítimas Feridas";"Pleno dia";"Decrescente";"Céu Claro";"Simples";"Rotatória";"Sim";3;0;1;1;1;0;2;2;-7,520637;-46,037128;"SPRF-MA";"DEL05-MA";"UOP01-DEL05-MA"
789095;2026-07-31;"sexta-feira";"13:15:00";"CE";222;228,5;"SOBRAL";"Condutor deixou de manter distância do veículo da frente";"Colisão traseira";"Sem Vítimas";"Pleno dia";"Crescente";"Céu Claro";"Simples";"Reta;Aclive";"Sim";3;0;0;0;3;0;0;2;-3,69781552;-40,38584646;"SPRF-CE";"DEL04-CE";"UOP01-DEL04-CE"
789096;2026-07-31;"sexta-feira";"13:25:00";"RN";304;31,7;"MOSSORO";"Acessar a via sem observar a presença dos outros veículos";"Colisão transversal";"Com Vítimas Feridas";"Pleno dia";"Crescente";"Céu Claro";"Simples";"Reta";"Sim";2;0;0;1;1;0;1;2;-5,132008;-37,344461;"SPRF-RN";"DEL04-RN";"UOP02-DEL04-RN"
789097;2026-07-31;"sexta-feira";"12:45:00";"DF";80;1;"BRASILIA";"Condutor deixou de manter distância do veículo da frente";"Colisão lateral mesmo sentido";"Sem Vítimas";"Pleno dia";"Crescente";"Céu Claro";"Dupla";"Desvio Temporário";"Não";2;0;0;0;2;0;0;2;-15,795037;-48,199081;"SPRF-DF";"DEL03-DF";"UOP02-DEL03-DF"
789098;2026-07-31;"sexta-feira";"13:20:00";"MG";381;891;"CAMBUI";"Ausência de reação do condutor";"Tombamento";"Com Vítimas Feridas";"Pleno dia";"Crescente";"Céu Claro";"Dupla";"Curva";"Não";2;0;0;2;0;0;2;1;-22,54608;-46,03977;"SPRF-MG";"DEL16-MG";"UOP01-DEL16-MG"
789099;2026-07-31;"sexta-feira";"12:00:00";"RJ";101;572;"PARATY";"Frear bruscamente";"Colisão traseira";"Com Vítimas Feridas";"Pleno dia";"Decrescente";"Céu Claro";"Simples";"Reta";"Não";2;0;1;0;1;0;1;2;-23,18105761;-44,71197501;"SPRF-RJ";"DEL03-RJ";"UOP04-DEL03-RJ"