"id";"data_inversa";"dia_semana";"horario";"uf";"br";"km";"municipio";"causa_acidente";"tipo_acidente";"classificacao_acidente";"fase_dia";"sentido_via";"condicao_metereologica";"tipo_pista";"tracado_via";"uso_solo";"pessoas";"mortos";"feridos_leves";"feridos_graves";"ilesos";"ignorados";"feridos";"veiculos";"latitude";"longitude";"regional";"delegacia";"uop"
789102;2026-07-31;"sexta-feira";"13:30:00";"RN";304;42,1;"MOSSORO";"Mal súbito do condutor";"Saída de leito carroçável";"Com Vítimas Feridas";"Pleno dia";"Decrescente";"Céu Claro";"Múltipla";"Curva";"Sim";1;0;1;0;0;0;1;1;-5,211577;-37,37354;"SPRF-RN";"DEL04-RN";"UOP01-DEL04-RN"
789103;2026-07-31;"sexta-feira";"13:15:00";"RN";101;94;"NATAL";"Condutor deixou de manter distância do veículo da frente";"Colisão traseira";"Com Vítimas Feridas";"Pleno dia";"Crescente";"Céu Claro";"Dupla";"Viaduto";"Não";5;0;1;0;4;0;1;2;-5,825385;-35,211263;"SPRF-RN";"DEL01-RN";"UOP01-DEL01-RN"
789106;2026-07-31;"sexta-feira";"14:35:00";"SC";282;5,5;"SAO JOSE";"Manobra de mudança de faixa";"Colisão traseira";"Com Vítimas Feridas";"Pleno dia";"Crescente";"Céu Claro";"Dupla";"Reta";"Sim";1;0;1;0;0;0;1;1;-27,5862707;-48,6134715;"SPRF-SC";"DEL01-SC";"UOP01-DEL01-SC"
789108;2026-07-31;"sexta-feira";"14:10:00";"PB";101;55;"SANTA RITA";"Condutor Dormindo";"Saída de leito carroçável";"Com Vítimas Feridas";"Pleno dia";"Decrescente";"Sol";"Dupla";"Reta;Retorno Regulamentado";"Não";5;0;2;0;3;0;2;1;-6,962597;-35,086015;"SPRF-PB";"DEL01-PB";"UOP03-DEL01-PB"
789111;2026-07-31;"sexta-feira";"10:30:00";"CE";20;34,7;"PARAMBU";"Acessar a via sem observar a presença dos outros veículos";"Colisão frontal";"Com Vítimas Fatais";"Pleno dia";"Decrescente";"Céu Claro";"Simples";"Reta";"Não";6;1;1;1;3;0;2;2;-6,288427;-40,600412;"SPRF-CE";"DEL02-CE";"UOP02-DEL02-CE"
789112;2026-07-31;"sexta-feira";"15:07:00";"RN";101;99;"NATAL";"Reação tardia ou ineficiente do condutor";"Colisão lateral mesmo sentido";"Com Vítimas Feridas";"Pleno dia";"Crescente";"Céu Claro";"Dupla";"Reta";"Sim";2;0;1;0;1;0;1;2;-5,87284;-35,220315;"SPRF-RN";"DEL01-RN";"UOP01-DEL01-RN"
789113;2026-07-15;"quarta-feira";"10:10:00";"PR";116;123;"CURITIBA";"Reação tardia ou ineficiente do condutor";"Queda de ocupante de veículo";"Com Vítimas Feridas";"Pleno dia";"Crescente";"Nublado";"Dupla";"Reta";"Não";1;0;1;0;0;0;1;1;-25,61520346;-49,31796424;"SPRF-PR";"DEL01-PR";"UOP03-DEL01-PR"
789114;2026-07-31;"sexta-feira";"15:23:00";"RJ";116;186;"NOVA IGUACU";"Trafegar com motocicleta (ou similar) entre as faixas";"Colisão traseira";"Com Vítimas Feridas";"Pleno dia";"Crescente";"Céu Claro";"Dupla";"Reta";"Sim";2;0;1;0;1;0;1;2;-22,7421331;-43,51988733;"SPRF-RJ";"DEL06-RJ";"UOP01-DEL06-RJ"
789115;2026-07-30;"quinta-feira";"19:20:00";"BA";101;257;"CONCEICAO DO ALMEIDA";"Reação tardia ou ineficiente do condutor";"Colisão traseira";"Com Vítimas Feridas";"Plena Noite";"Decrescente";"Céu Claro";"Simples";"Curva";"Não";2;0;1;0;1;0;1;2;-12,930503;-39,253273;"SPRF-BA";"DEL11-BA";"UOP01-DEL11-BA"
789116;2026-07-31;"sexta-feira";"11:18:00";"RO";364;341;"JI-PARANA";"Ultrapassagem Indevida";"Colisão transversal";"Com Vítimas Feridas";"Pleno dia";"Decrescente";"Céu Claro";"Múltipla";"Interseção de Vias;Reta";"Não";2;0;1;0;1;0;1;2;-10,88474;-61,936313;"SPRF-RO";"DEL02-RO";"UOP01-DEL02-RO"
789117;2026-07-31;"sexta-feira";"15:40:00";"RN";110;43;"MOSSORO";"Acessar a via sem observar a presença dos outros veículos";"Colisão transversal";"Com Vítimas Feridas";"Pleno dia";"Decrescente";"Céu Claro";"Simples";"Reta";"Sim";2;0;1;0;1;0;1;2;-5,1848445;-37,30105011;"SPRF-RN";"DEL04-RN";"UOP01-DEL04-RN"
789119;2026-07-31;"sexta-feira";"16:10:00";"RS";116;236;"NOVO HAMBURGO";"Ausência de reação do condutor";"Colisão lateral mesmo sentido";"Com Vítimas Feridas";"Pleno dia";"Decrescente";"Céu Claro";"Dupla";"Interseção de Vias";"Sim";2;0;1;0;1;0;1;2;-29,67389176;-51,14250654;"SPRF-RS";"DEL01-RS";"UOP02-DEL01-RS"
789122;2026-07-31;"sexta-feira";"15:30:00";"PR";277;77;"SAO JOSE DOS PINHAIS";"Reação tardia ou ineficiente do condutor";"Colisão traseira";"Sem Vítimas";"Pleno dia";"Decrescente";"Sol";"Dupla";"Reta;Em Obras";"Não";2;0;0;0;2;0;0;2;-25,487137;-49,18331;"SPRF-PR";"DEL01-PR";"UOP08-DEL01-PR"
789124;2026-07-31;"sexta-feira";"16:20:00";"SP";116;218;"GUARULHOS";"Reação tardia ou ineficiente do condutor";"Colisão lateral mesmo sentido";"Com Vítimas Feridas";"Pleno dia";"Decrescente";"Céu Claro";"Múltipla";"Reta";"Sim";3;0;1;0;2;0;1;2;-23,460663;-46,486961;"SPRF-SP";"DEL01-SP";"UOP01-DEL01-SP"
789126;2026-07-31;"sexta-feira";"15:35:00";"MG";381;485;"BETIM";"Reação tardia ou ineficiente do condutor";"Colisão lateral mesmo sentido";"Com Vítimas Feridas";"Pleno dia";"Crescente";"Céu Claro";"Múltipla";"Reta;Declive";"Sim";2;0;1;0;1;0;1;2;-19,957909;-44,092208;"SPRF-MG";"DEL01-MG";"UOP03-DEL01-MG"
789129;2026-07-31;"sexta-feira";"15:30:00";"PR";376;364;"ORTIGUEIRA";"Condutor deixou de manter distância do veículo da frente";"Colisão traseira";"Com Vítimas Feridas";"Pleno dia";"Crescente";"Céu Claro";"Simples";"Reta";"Não";3;0;1;0;2;0;1;2;-24,32946191;-50,84612131;"SPRF-PR";"DEL07-PR";"UOP02-DEL07-PR"
789130;2026-07-31;"sexta-feira";"14:30:00";"PB";230;18,8;"JOAO PESSOA";"Condutor deixou de manter distância do veículo da frente";"Colisão traseira";"Com Vítimas Feridas";"Pleno dia";"Decrescente";"Céu Claro";"Dupla";"Curva";"Sim";2;0;1;0;0;1;1;2;-7,1286;-34,8473;"SPRF-PB";"DEL01-PB";"UOP01-DEL01-PB"
789132;2026-07-31;"sexta-feira";"17:00:00";"MG";381;490;"BETIM";"Reação tardia ou ineficiente do condutor";"Queda de ocupante de veículo";"Com Vítimas Feridas";"Pleno dia";"Crescente";"Céu Claro";"Múltipla";"Reta;Aclive";"Sim";2;0;2;0;0;0;2;1;-19,95616003;-44,14292542;"SPRF-MG";"DEL01-MG";"UOP03-DEL01-MG"
789134;2026-07-31;"sexta-feira";"16:40:00";"GO";153;194;"URUACU";"Demais falhas mecânicas ou elétricas";"Incêndio";"Sem Vítimas";"Pleno dia";"Decrescente";"Céu Claro";"Simples";"Aclive";"Não";1;0;0;0;1;0;0;1;-14,480297;-49,154228;"SPRF-GO";"DEL07-GO";"UOP02-DEL07-GO"
789136;2026-07-31;"sexta-feira";"17:00:00";"SC";101;215;"PALHOCA";"Trafegar com motocicleta (ou similar) entre as faixas";"Colisão lateral mesmo sentido";"Com Vítimas Feridas";"Pleno dia";"Crescente";"Céu Claro";"Múltipla";"Reta";"Não";2;0;1;0;1;0;1;2;-27,65294543;-48,67691008;"SPRF-SC";"DEL01-SC";"UOP02-DEL01-SC"
789137;2026-07-31;"sexta-feira";"15:50:00";"PR";369;156;"LONDRINA";"Ausência de reação do condutor";"Colisão traseira";"Com Vítimas Feridas";"Pleno dia";"Crescente";"Céu Claro";"Dupla";"Reta";"Sim";2;0;1;0;1;0;1;2;-23,28927252;-51,2225732;"SPRF-PR";"DEL07-PR";"UOP01-DEL07-PR"
789138;2026-07-31;"sexta-feira";"17:00:00";"SP";116;115;"TAUBATE";"Ausência de reação do condutor";"Colisão traseira";"Com Vítimas Feridas";"Anoitecer";"Decrescente";"Céu Claro";"Dupla";"Reta";"Não";2;0;0;1;1;0;1;2;-23,05032551;-45,59980631;"SPRF-SP";"DEL02-SP";"UOP02-DEL02-SP"
789140;2026-07-31;"sexta-feira";"16:00:00";"MG";381;946;"EXTREMA";"Condutor deixou de manter distância do veículo da frente";"Colisão traseira";"Com Vítimas Feridas";"Pleno dia";"Crescente";"Nublado";"Dupla";"Reta";"Não";4;0;2;0;2;0;2;2;-22,859877;-46,341684;"SPRF-MG";"DEL16-MG";"UOP03-DEL16-MG"
789141;2026-07-31;"sexta-feira";"17:15:00";"RS";158;324;"SANTA MARIA";"Manobra de mudança de faixa";"Colisão lateral mesmo sentido";"Com Vítimas Feridas";"Pleno dia";"Crescente";"Céu Claro";"Dupla";"Reta";"Sim";2;0;1;0;1;0;1;2;-29,70138;-53,792487;"SPRF-RS";"DEL09-RS";"UOP01-DEL09-RS"
789144;2026-07-31;"sexta-feira";"17:20:00";"DF";70;12;"BRASILIA";"Manobra de mudança de faixa";"Colisão traseira";"Com Vítimas Feridas";"Pleno dia";"Decrescente";"Céu Claro";"Dupla";"Reta";"Sim";3;0;1;0;2;0;1;2;-15,79083554;-48,15206051;"SPRF-DF";"DEL03-DF";"UOP02-DEL03-DF"
789145;2026-07-31;"sexta-feira";"16:15:00";"PR";277;319;"GUARAPUAVA";"Acesso irregular";"Colisão transversal";"Com Vítimas Feridas";"Pleno dia";"Crescente";"Céu Claro";"Simples";"Reta";"Não";2;0;1;0;1;0;1;2;-25,343543;-51,218113;"SPRF-PR";"DEL08-PR";"UOP01-DEL08-PR"
789146;2026-07-31;"sexta-feira";"14:30:00";"BA";349;889;"SANTA MARIA DA VITORIA";"Reação tardia ou ineficiente do condutor";"Saída de leito carroçável";"Com Vítimas Feridas";"Pleno dia";"Crescente";"Céu Claro";"Simples";"Curva;Declive";"Não";2;0;2;0;0;0;2;1;-13,38656;-44,286;"SPRF-BA";"DEL10-BA";"UOP02-DEL10-BA"
789148;2026-07-31;"sexta-feira";"17:01:00";"CE";222;48,3;"SAO GONCALO DO AMARANTE";"Desrespeitar a preferência no cruzamento";"Colisão transversal";"Com Vítimas Feridas";"Pleno dia";"Crescente";"Céu Claro";"Dupla";"Interseção de Vias";"Não";2;0;1;0;1;0;1;2;-3,669966;-38,97724;"SPRF-CE";"DEL01-CE";"UOP03-DEL01-CE"
789149;2026-07-31;"sexta-feira";"17:38:00";"TO";153;314,3;"GUARAI";"Condutor deixou de manter distância do veículo da frente";"Saída de leito carroçável";"Com Vítimas Feridas";"Anoitecer";"Decrescente";"Nublado";"Simples";"Reta";"Não";2;0;2;0;0;0;2;1;-8,718837;-48,506535;"SPRF-TO";"DEL02-TO";"UOP02-DEL02-TO"
789152;2026-07-31;"sexta-feira";"17:25:00";"PE";232;8,3;"RECIFE";"Reação tardia ou ineficiente do condutor";"Colisão traseira";"Com Vítimas Feridas";"Anoitecer";"Crescente";"Chuva";"Múltipla";"Reta";"Sim";2;0;1;0;1;0;1;2;-8,07639;-34,97424;"SPRF-PE";"DEL01-PE";"UOP01-DEL01-PE"
789153;2026-07-31;"sexta-feira";"17:40:00";"RS";290;80;"GRAVATAI";"Demais falhas mecânicas ou elétricas";"Incêndio";"Sem Vítimas";"Anoitecer";"Crescente";"Céu Claro";"Múltipla";"Reta";"Sim";1;0;0;0;1;0;0;1;-29,9537867;-51,0619517;"SPRF-RS";"DEL01-RS";"UOP01-DEL01-RS"
789154;2026-07-19;"domingo";"21:45:00";"PB";230;13,5;"CABEDELO";"Condutor deixou de manter distância do veículo da frente";"Colisão traseira";"Com Vítimas Feridas";"Pleno dia";"Crescente";"Céu Claro";"Dupla";"Reta";"Sim";5;0;1;0;0;4;1;5;-7,08857129;-34,84864203;"SPRF-PB";"DEL01-PB";"UOP01-DEL01-PB"
789155;2026-07-31;"sexta-feira";"17:45:00";"DF";40;6;"BRASILIA";"Trafegar com motocicleta (ou similar) entre as faixas";"Colisão traseira";"Com Vítimas Feridas";"Plena Noite";"Crescente";"Céu Claro";"Dupla";"Reta";"Sim";3;0;2;0;1;0;2;2;-16,03058;-47,97881;"SPRF-DF";"DEL01-DF";"UOP01-DEL01-DF"
789156;2026-07-31;"sexta-feira";"16:30:00";"CE";116;63;"CHOROZINHO";"Condutor deixou de manter distância do veículo da frente";"Colisão traseira";"Com Vítimas Feridas";"Pleno dia";"Crescente";"Céu Claro";"Simples";"Reta";"Não";2;0;1;0;1;0;1;2;-4,288625;-38,496526;"SPRF-CE";"DEL01-CE";"UOP04-DEL01-CE"
789157;2026-07-31;"sexta-feira";"17:20:00";"ES";101;67,1;"SAO MATEUS";"Reação tardia ou ineficiente do condutor";"Queda de ocupante de veículo";"Com Vítimas Feridas";"Anoitecer";"Decrescente";"Céu Claro";"Dupla";"Reta";"Sim";1;0;1;0;0;0;1;1;-18,7206997;-39,86492578;"SPRF-ES";"DEL04-ES";"UOP02-DEL04-ES"
789158;2026-07-31;"sexta-feira";"17:30:00";"PR";376;214,2;"JANDAIA DO SUL";"Reação tardia ou ineficiente do condutor";"Saída de leito carroçável";"Com Vítimas Feridas";"Pleno dia";"Decrescente";"Céu Claro";"Dupla";"Reta";"Não";1;0;1;0;0;0;1;1;-23,57457814;-51,65333211;"SPRF-PR";"DEL09-PR";"UOP01-DEL09-PR"
789160;2026-07-31;"sexta-feira";"18:30:00";"SP";101;48;"UBATUBA";"Ausência de reação do condutor";"Colisão lateral mesmo sentido";"Com Vítimas Feridas";"Anoitecer";"Crescente";"Céu Claro";"Dupla";"Rotatória";"Sim";3;0;1;0;2;0;1;2;-23,43364355;-45,08576481;"SPRF-SP";"DEL06-SP";"UOP01-DEL06-SP"
789162;2026-07-31;"sexta-feira";"18:30:00";"SP";116;149;"SAO JOSE DOS CAMPOS";"Reação tardia ou ineficiente do condutor";"Engavetamento";"Com Vítimas Feridas";"Plena Noite";"Crescente";"Céu Claro";"Múltipla";"Reta";"Sim";6;0;2;0;2;2;2;5;-23,2082426;-45,88775432;"SPRF-SP";"DEL02-SP";"UOP01-DEL02-SP"
789163;2026-07-31;"sexta-feira";"18:25:00";"RS";116;246;"SAO LEOPOLDO";"Ausência de reação do condutor";"Colisão traseira";"Com Vítimas Feridas";"Plena Noite";"Decrescente";"Céu Claro";"Dupla";"Reta";"Sim";2;0;1;0;1;0;1;2;-29,766104;-51,153702;"SPRF-RS";"DEL01-RS";"UOP02-DEL01-RS"
789164;2026-07-31;"sexta-feira";"18:30:00";"MG";40;517;"RIBEIRAO DAS NEVES";"Trafegar com motocicleta (ou similar) entre as faixas";"Colisão transversal";"Com Vítimas Feridas";"Anoitecer";"Crescente";"Céu Claro";"Dupla";"Reta";"Sim";2;0;1;0;1;0;1;2;-19,82954747;-44,08356998;"SPRF-MG";"DEL01-MG";"UOP02-DEL01-MG"
789166;2026-07-31;"sexta-feira";"18:30:00";"RN";110;43,7;"MOSSORO";"Acessar a via sem observar a presença dos outros veículos";"Colisão transversal";"Com Vítimas Feridas";"Plena Noite";"Decrescente";"Céu Claro";"Simples";"Retorno Regulamentado";"Sim";2;0;1;0;0;1;1;2;-5,187328;-37,304053;"SPRF-RN";"DEL04-RN";"UOP01-DEL04-RN"
789167;2026-07-31;"sexta-feira";"10:30:00";"BA";407;45;"JUAZEIRO";"Transitar na contramão";"Colisão frontal";"Com Vítimas Fatais";"Pleno dia";"Crescente";"Céu Claro";"Simples";"Reta";"Não";3;1;1;1;0;0;2;2;-9,77692;-40,33404;"SPRF-BA";"DEL04-BA";"UOP01-DEL04-BA"
789168;2026-07-31;"sexta-feira";"18:19:00";"PR";116;1;"QUATRO BARRAS";"Condutor deixou de manter distância do veículo da frente";"Colisão traseira";"Com Vítimas Feridas";"Plena Noite";"Crescente";"Céu Claro";"Dupla";"Reta";"Sim";2;0;1;0;1;0;1;2;-25,34844213;-49,05074565;"SPRF-PR";"DEL01-PR";"UOP02-DEL01-PR"
789169;2026-07-31;"sexta-feira";"18:00:00";"RJ";101;206;"CASIMIRO DE ABREU";"Ingestão de álcool pelo condutor";"Colisão transversal";"Com Vítimas Feridas";"Plena Noite";"Crescente";"Céu Claro";"Simples";"Reta";"Não";2;0;1;0;1;0;1;2;-22,47537089;-42,17235676;"SPRF-RJ";"DEL08-RJ";"UOP04-DEL08-RJ"
789170;2026-07-31;"sexta-feira";"15:25:00";"MT";70;328;"DOM AQUINO";"Fumaça";"Incêndio";"Com Vítimas Feridas";"Pleno dia";"Decrescente";"Céu Claro";"Simples";"Reta";"Não";1;0;1;0;0;0;1;1;-15,51158488;-54,6588564;"SPRF-MT";"DEL05-MT";"UOP01-DEL05-MT"
789171;2026-07-31;"sexta-feira";"18:15:00";"RJ";101;313;"SAO GONCALO";"Manobra de mudança de faixa";"Colisão lateral mesmo sentido";"Com Vítimas Feridas";"Plena Noite";"Decrescente";"Céu Claro";"Dupla";"Reta";"Sim";3;0;2;0;1;0;2;2;-22,77551593;-42,94555219;"SPRF-RJ";"DEL02-RJ";"UOP02-DEL02-RJ"
789172;2026-07-31;"sexta-feira";"18:30:00";"MG";381;510;"SAO JOAQUIM DE BICAS";"Acessar a via sem observar a presença dos outros veículos";"Colisão frontal";"Com Vítimas Feridas";"Plena Noite";"Decrescente";"Céu Claro";"Múltipla";"Reta;Interseção de Vias";"Sim";6;0;0;2;4;0;2;2;-20,05855902;-44,28849285;"SPRF-MG";"DEL01-MG";"UOP03-DEL01-MG"
789173;2026-07-31;"sexta-feira";"19:15:00";"RN";406;165,3;"SAO GONCALO DO AMARANTE";"Ultrapassagem Indevida";"Colisão lateral sentido oposto";"Com Vítimas Feridas";"Plena Noite";"Crescente";"Céu Claro";"Simples";"Declive";"Não";5;0;0;1;2;2;1;4;-5,744629;-35,337202;"SPRF-RN";"DEL02-RN";"UOP01-DEL02-RN"
789174;2026-07-31;"sexta-feira";"19:30:00";"RJ";116;181;"NOVA IGUACU";"Manobra de mudança de faixa";"Colisão lateral mesmo sentido";"Com Vítimas Feridas";"Plena Noite";"Crescente";"Céu Claro";"Múltipla";"Reta";"Não";2;0;1;0;1;0;1;2;-22,76117144;-43,42391177;"SPRF-RJ";"DEL06-RJ";"UOP01-DEL06-RJ"
789176;2026-07-31;"sexta-feira";"18:40:00";"PR";373;183;"PONTA GROSSA";"Acessar a via sem observar a presença dos outros veículos";"Atropelamento de Pedestre";"Com Vítimas Feridas";"Plena Noite";"Decrescente";"Céu Claro";"Dupla";"Reta;Interseção de Vias";"Não";3;0;0;1;1;1;1;2;-25,03943;-50,27748;"SPRF-PR";"DEL03-PR";"UOP01-DEL03-PR"
789177;2026-07-31;"sexta-feira";"19:10:00";"SP";116;231;"SAO PAULO";"Trafegar com motocicleta (ou similar) entre as faixas";"Colisão lateral mesmo sentido";"Com Vítimas Feridas";"Plena Noite";"Crescente";"Céu Claro";"Múltipla";"Reta";"Não";8;0;1;0;7;0;1;3;-23,52162;-46,58491;"SPRF-SP";"DEL01-SP";"UOP01-DEL01-SP"
789178;2026-07-31;"sexta-feira";"18:30:00";"RS";470;255;"SALVADOR DO SUL";"Acessar a via sem observar a presença dos outros veículos";"Colisão transversal";"Sem Vítimas";"Plena Noite";"Decrescente";"Céu Claro";"Simples";"Reta;Interseção de Vias";"Sim";4;0;0;0;4;0;0;2;-29,44077484;-51,507833;"SPRF-RS";"DEL06-RS";"UOP01-DEL06-RS"
789179;2026-07-31;"sexta-feira";"19:00:00";"RJ";116;173;"SAO JOAO DE MERITI";"Condutor deixou de manter distância do veículo da frente";"Colisão traseira";"Com Vítimas Feridas";"Plena Noite";"Crescente";"Ignorado";"Simples";"Reta";"Sim";3;0;1;0;2;0;1;3;-22,79914396;-43,35545752;"SPRF-RJ";"DEL06-RJ";"UOP01-DEL06-RJ"
789180;2026-07-31;"sexta-feira";"08:45:00";"MG";381;396;"BOM JESUS DO AMPARO";"Ausência de reação do condutor";"Colisão traseira";"Com Vítimas Feridas";"Pleno dia";"Crescente";"Céu Claro";"Dupla";"Reta";"Não";2;0;0;1;1;0;1;2;-19,75345618;-43,52611542;"SPRF-MG";"DEL01-MG";"UOP01-DEL01-MG"
789182;2026-07-31;"sexta-feira";"19:10:00";"SC";282;2;"FLORIANOPOLIS";"Condutor deixou de manter distância do veículo da frente";"Colisão lateral mesmo sentido";"Com Vítimas Feridas";"Plena Noite";"Crescente";"Céu Claro";"Múltipla";"Reta";"Não";4;0;1;0;3;0;1;4;-27,60317688;-48,58823441;"SPRF-SC";"DEL01-SC";"UOP01-DEL01-SC"
789184;2026-07-31;"sexta-feira";"17:00:00";"PR";163;190,2;"SANTA TEREZA DO OESTE";"Reação tardia ou ineficiente do condutor";"Saída de leito carroçável";"Com Vítimas Feridas";"Pleno dia";"Crescente";"Céu Claro";"Dupla";"Reta";"Não";1;0;1;0;0;0;1;1;-25,07914674;-53,58006477;"SPRF-PR";"DEL05-PR";"UOP05-DEL05-PR"
789185;2026-07-31;"sexta-feira";"19:00:00";"RO";364;201,4;"PIMENTA BUENO";"Demais falhas mecânicas ou elétricas";"Colisão lateral mesmo sentido";"Com Vítimas Feridas";"Plena Noite";"Crescente";"Céu Claro";"Simples";"Reta";"Não";2;0;1;1;0;0;2;2;-11,64137;-61,196768;"SPRF-RO";"DEL02-RO";"UOP02-DEL02-RO"
789186;2026-07-31;"sexta-feira";"17:45:00";"PE";408;55,9;"CARPINA";"Reação tardia ou ineficiente do condutor";"Colisão lateral sentido oposto";"Sem Vítimas";"Anoitecer";"Decrescente";"Ignorado";"Simples";"Curva";"Sim";3;0;0;0;1;2;0;2;-7,8435;-35,23803;"SPRF-PE";"DEL01-PE";"UOP01-DEL01-PE"
789188;2026-07-31;"sexta-feira";"18:55:00";"TO";10;443;"PALMAS";"Demais falhas mecânicas ou elétricas";"Saída de leito carroçável";"Com Vítimas Feridas";"Plena Noite";"Crescente";"Céu Claro";"Simples";"Reta";"Não";4;0;0;2;2;0;2;1;-10,4078986;-48,3079637;"SPRF-TO";"DEL01-TO";"UOP03-DEL01-TO"
789189;2026-07-31;"sexta-feira";"19:15:00";"DF";0;0;"BRASILIA";"Acesso irregular";"Colisão transversal";"Com Vítimas Feridas";"Plena Noite";"Não Informado";"Céu Claro";"Múltipla";"Interseção de Vias;Reta;Retorno Regulamentado";"Sim";2;0;1;0;1;0;1;2;-15,8728904;-48,02919;"SPRF-DF";"DEL03-DF";"UOP01-DEL03-DF"
789190;2026-07-31;"sexta-feira";"19:15:00";"PR";277;478,7;"NOVA LARANJEIRAS";"Pedestre andava na pista";"Atropelamento de Pedestre";"Com Vítimas Fatais";"Plena Noite";"Decrescente";"Céu Claro";"Simples";"Reta";"Não";2;1;0;0;1;0;0;2;-25,29274834;-52,57589433;"SPRF-PR";"DEL04-PR";"UOP02-DEL04-PR"
789192;2026-07-31;"sexta-feira";"17:15:00";"RJ";116;147;"DUQUE DE CAXIAS";"Reação tardia ou ineficiente do condutor";"Colisão com objeto";"Com Vítimas Fatais";"Anoitecer";"Decrescente";"Céu Claro";"Dupla";"Reta";"Sim";1;1;0;0;0;0;0;1;-22,671147;-43,277304;"SPRF-RJ";"DEL01-RJ";"UOP02-DEL01-RJ"
789193;2026-07-31;"sexta-feira";"14:30:00";"MG";365;507;"PATROCINIO";"Acessar a via sem observar a presença dos outros veículos";"Colisão transversal";"Com Vítimas Feridas";"Pleno dia";"Crescente";"Céu Claro";"Simples";"Reta";"Não";4;0;0;1;3;0;1;2;-18,94870262;-47,28094904;"SPRF-MG";"DEL10-MG";"UOP01-DEL10-MG"
789194;2026-07-31;"sexta-feira";"11:29:00";"RJ";101;322;"NITEROI";"Manobra de mudança de faixa";"Queda de ocupante de veículo";"Com Vítimas Feridas";"Pleno dia";"Crescente";"Céu Claro";"Dupla";"Reta";"Não";1;0;1;0;0;0;1;1;-22,8823469;-43,1086724;"SPRF-RJ";"DEL02-RJ";"UOP01-DEL02-RJ"
789195;2026-07-31;"sexta-feira";"08:45:00";"PI";316;312;"PICOS";"Retorno proibido";"Colisão transversal";"Com Vítimas Feridas";"Pleno dia";"Crescente";"Céu Claro";"Simples";"Reta";"Sim";2;0;1;0;1;0;1;2;-7,08153102;-41,45482628;"SPRF-PI";"DEL04-PI";"UOP01-DEL04-PI"
789196;2026-07-31;"sexta-feira";"19:50:00";"MG";40;516;"RIBEIRAO DAS NEVES";"Ingestão de álcool pelo condutor";"Atropelamento de Pedestre";"Com Vítimas Feridas";"Plena Noite";"Decrescente";"Céu Claro";"Dupla";"Reta";"Sim";4;0;0;1;3;0;1;2;-19,81863233;-44,08720136;"SPRF-MG";"DEL01-MG";"UOP02-DEL01-MG"
789197;2026-07-31;"sexta-feira";"19:00:00";"SP";116;54;"LORENA";"Ausência de reação do condutor";"Tombamento";"Com Vítimas Feridas";"Plena Noite";"Crescente";"Céu Claro";"Múltipla";"Reta";"Sim";1;0;1;0;0;0;1;1;-22,7553297;-45,11140823;"SPRF-SP";"DEL08-SP";"UOP02-DEL08-SP"
789199;2026-07-31;"sexta-feira";"20:30:00";"SP";116;188;"SANTA ISABEL";"Acessar a via sem observar a presença dos outros veículos";"Colisão traseira";"Com Vítimas Feridas";"Plena Noite";"Crescente";"Céu Claro";"Múltipla";"Reta";"Não";1;0;0;1;0;0;1;1;-23,363216;-46,222;"SPRF-SP";"DEL01-SP";"UOP01-DEL01-SP"
789200;2026-07-31;"sexta-feira";"19:20:00";"GO";20;181;"ALVORADA DO NORTE";"Afundamento ou ondulação no pavimento";"Queda de ocupante de veículo";"Com Vítimas Feridas";"Plena Noite";"Decrescente";"Céu Claro";"Dupla";"Reta;Em Obras";"Sim";2;0;1;0;1;0;1;1;-14,491287;-46,503882;"SPRF-DF";"DEL02-DF";"UOP03-DEL02-DF"
789203;2026-07-31;"sexta-feira";"18:20:00";"AC";364;138,7;"RIO BRANCO";"Reação tardia ou ineficiente do condutor";"Tombamento";"Com Vítimas Feridas";"Plena Noite";"Decrescente";"Céu Claro";"Dupla";"Reta";"Sim";1;0;1;0;0;0;1;1;-9,954973;-67,859802;"SPRF-AC";"DEL01-AC";"UOP01-DEL01-AC"
789206;2026-07-31;"sexta-feira";"18:20:00";"MS";163;628;"SAO GABRIEL DO OESTE";"Acessar a via sem observar a presença dos outros veículos";"Colisão transversal";"Com Vítimas Feridas";"Plena Noite";"Decrescente";"Céu Claro";"Simples";"Reta";"Não";2;0;1;0;1;0;1;2;-19,294187;-54,634897;"SPRF-MS";"DEL06-MS";"UOP02-DEL06-MS"
789207;2026-07-31;"sexta-feira";"18:45:00";"RO";364;308;"PRESIDENTE MEDICI";"Acessar a via sem observar a presença dos outros veículos";"Atropelamento de Pedestre";"Com Vítimas Feridas";"Anoitecer";"Crescente";"Céu Claro";"Simples";"Reta";"Sim";2;0;1;0;1;0;1;2;-11,1760442;-61,90246582;"SPRF-RO";"DEL02-RO";"UOP01-DEL02-RO"
789208;2026-07-31;"sexta-feira";"14:10:00";"MG";50;177;"UBERABA";"Frear bruscamente";"Tombamento";"Com Vítimas Feridas";"Pleno dia";"Decrescente";"Céu Claro";"Dupla";"Em Obras;Reta;Aclive";"Sim";1;0;0;1;0;0;1;1;-19,77934029;-47,95170531;"SPRF-MG";"DEL13-MG";"UOP01-DEL13-MG"