"id";"data_inversa";"dia_semana";"horario";"uf";"br";"km";"municipio";"causa_acidente";"tipo_acidente";"classificacao_acidente";"fase_dia";"sentido_via";"condicao_metereologica";"tipo_pista";"tracado_via";"uso_solo";"pessoas";"mortos";"feridos_leves";"feridos_graves";"ilesos";"ignorados";"feridos";"veiculos";"latitude";"longitude";"regional";"delegacia";"uop"
789209;2026-07-31;"sexta-feira";"20:55:00";"PB";101;82,1;"BAYEUX";"Demais falhas mecânicas ou elétricas";"Incêndio";"Sem Vítimas";"Plena Noite";"Decrescente";"Céu Claro";"Dupla";"Reta";"Sim";1;0;0;0;1;0;0;1;-7,1291177;-34,936477;"SPRF-PB";"DEL01-PB";"UOP01-DEL01-PB"
789212;2026-07-25;"sábado";"07:20:00";"BA";349;918;"CORRENTINA";"Curva acentuada";"Capotamento";"Com Vítimas Feridas";"Pleno dia";"Crescente";"Céu Claro";"Simples";"Curva";"Não";4;0;3;1;0;0;4;1;-13,39701;-44,55814;"SPRF-BA";"DEL10-BA";"UOP02-DEL10-BA"
789215;2026-07-31;"sexta-feira";"19:40:00";"MG";116;279,9;"TEOFILO OTONI";"Acessar a via sem observar a presença dos outros veículos";"Colisão transversal";"Com Vítimas Feridas";"Plena Noite";"Decrescente";"Nublado";"Simples";"Reta";"Sim";3;0;1;0;2;0;1;2;-17,88372;-41,523033;"SPRF-MG";"DEL11-MG";"UOP01-DEL11-MG"
789218;2026-07-31;"sexta-feira";"20:35:00";"SP";153;39,7;"ONDA VERDE";"Acessar a via sem observar a presença dos outros veículos";"Colisão transversal";"Com Vítimas Feridas";"Plena Noite";"Crescente";"Céu Claro";"Simples";"Interseção de Vias;Curva";"Não";6;0;2;0;4;0;2;2;-20,61720034;-49,33324814;"SPRF-SP";"DEL09-SP";"UOP01-DEL09-SP"
789219;2026-07-31;"sexta-feira";"17:17:00";"RJ";465;13;"SEROPEDICA";"Ausência de reação do condutor";"Colisão transversal";"Com Vítimas Feridas";"Pleno dia";"Crescente";"Céu Claro";"Simples";"Reta";"Sim";3;0;2;0;1;0;2;2;-22,8051366;-43,64029769;"SPRF-RJ";"DEL06-RJ";"UOP02-DEL06-RJ"
789220;2026-07-31;"sexta-feira";"18:35:00";"RS";392;351;"SANTA MARIA";"Ausência de reação do condutor";"Atropelamento de Pedestre";"Com Vítimas Feridas";"Plena Noite";"Crescente";"Céu Claro";"Dupla";"Reta";"Sim";3;0;0;1;1;1;1;2;-29,720481;-53,807905;"SPRF-RS";"DEL09-RS";"UOP01-DEL09-RS"
789221;2026-07-31;"sexta-feira";"20:45:00";"SC";470;97,4;"APIUNA";"Acessar a via sem observar a presença dos outros veículos";"Colisão transversal";"Com Vítimas Feridas";"Plena Noite";"Decrescente";"Nublado";"Simples";"Reta";"Não";2;0;0;1;1;0;1;2;-27,03017429;-49,38282534;"SPRF-SC";"DEL04-SC";"UOP01-DEL04-SC"
789222;2026-07-31;"sexta-feira";"20:00:00";"SC";163;70;"SAO MIGUEL DO OESTE";"Acessar a via sem observar a presença dos outros veículos";"Colisão transversal";"Com Vítimas Feridas";"Plena Noite";"Crescente";"Céu Claro";"Dupla";"Reta;Interseção de Vias;Declive";"Sim";2;0;1;0;1;0;1;2;-26,73139824;-53,51042229;"SPRF-SC";"DEL07-SC";"UOP03-DEL07-SC"
789223;2026-07-31;"sexta-feira";"20:10:00";"RO";364;347,4;"JI-PARANA";"Acessar a via sem observar a presença dos outros veículos";"Colisão lateral mesmo sentido";"Com Vítimas Feridas";"Plena Noite";"Crescente";"Céu Claro";"Simples";"Reta";"Sim";2;0;0;1;1;0;1;2;-10,8581996;-61,97993372;"SPRF-RO";"DEL02-RO";"UOP01-DEL02-RO"
789225;2026-07-31;"sexta-feira";"20:50:00";"SC";101;123;"ITAJAI";"Reação tardia ou ineficiente do condutor";"Colisão traseira";"Sem Vítimas";"Plena Noite";"Crescente";"Céu Claro";"Múltipla";"Reta";"Sim";2;0;0;0;2;0;0;2;-26,93936406;-48,69655609;"SPRF-SC";"DEL04-SC";"UOP04-DEL04-SC"
789226;2026-07-31;"sexta-feira";"20:04:00";"MG";116;554,1;"SANTA BARBARA DO LESTE";"Demais falhas mecânicas ou elétricas";"Incêndio";"Sem Vítimas";"Plena Noite";"Crescente";"Céu Claro";"Simples";"Curva;Aclive";"Não";1;0;0;0;1;0;0;1;-20,008953;-42,143879;"SPRF-MG";"DEL06-MG";"UOP02-DEL06-MG"
789227;2026-07-31;"sexta-feira";"21:55:00";"SC";101;151;"ITAPEMA";"Ausência de reação do condutor";"Colisão traseira";"Com Vítimas Feridas";"Plena Noite";"Crescente";"Céu Claro";"Dupla";"Interseção de Vias";"Sim";2;0;1;0;1;0;1;2;-27,132587;-48,610359;"SPRF-SC";"DEL04-SC";"UOP03-DEL04-SC"
789228;2026-07-31;"sexta-feira";"21:00:00";"SC";470;140;"RIO DO SUL";"Manobra de mudança de faixa";"Colisão lateral mesmo sentido";"Com Vítimas Feridas";"Plena Noite";"Decrescente";"Nublado";"Simples";"Reta";"Sim";2;0;1;0;0;1;1;2;-27,20520799;-49,64236585;"SPRF-SC";"DEL04-SC";"UOP02-DEL04-SC"
789229;2026-07-31;"sexta-feira";"21:10:00";"MG";381;853;"POUSO ALEGRE";"Ingestão de álcool pelo condutor";"Saída de leito carroçável";"Com Vítimas Feridas";"Plena Noite";"Decrescente";"Céu Claro";"Dupla";"Reta;Aclive";"Sim";1;0;1;0;0;0;1;1;-22,2644452;-45,8908146;"SPRF-MG";"DEL16-MG";"UOP01-DEL16-MG"
789230;2026-07-31;"sexta-feira";"17:30:00";"BA";330;816;"JITAUNA";"Demais falhas mecânicas ou elétricas";"Saída de leito carroçável";"Com Vítimas Fatais";"Anoitecer";"Crescente";"Céu Claro";"Simples";"Curva";"Não";6;2;2;1;0;1;3;2;-14,00850704;-39,86616008;"SPRF-BA";"DEL03-BA";"UOP01-DEL03-BA"
789231;2026-07-31;"sexta-feira";"19:30:00";"SC";101;452,7;"SAO JOAO DO SUL";"Demais falhas mecânicas ou elétricas";"Tombamento";"Com Vítimas Feridas";"Plena Noite";"Crescente";"Ignorado";"Dupla";"Curva";"Sim";2;0;2;0;0;0;2;1;-29,20122508;-49,75234732;"SPRF-SC";"DEL02-SC";"UOP02-DEL02-SC"
789233;2026-07-31;"sexta-feira";"16:25:00";"RO";319;10;"PORTO VELHO";"Condutor Dormindo";"Saída de leito carroçável";"Com Vítimas Feridas";"Pleno dia";"Crescente";"Chuva";"Simples";"Curva";"Não";1;0;1;0;0;0;1;1;-8,033682;-63,459172;"SPRF-RO";"DEL01-RO";"UOP01-DEL01-RO"
789234;2026-07-31;"sexta-feira";"18:05:00";"CE";116;248;"ALTO SANTO";"Condutor deixou de manter distância do veículo da frente";"Colisão traseira";"Com Vítimas Feridas";"Plena Noite";"Crescente";"Nublado";"Simples";"Reta";"Não";4;0;2;0;1;1;2;3;-5,47849459;-38,38860077;"SPRF-CE";"DEL03-CE";"UOP01-DEL03-CE"
789235;2026-07-31;"sexta-feira";"16:45:00";"RJ";465;15;"SEROPEDICA";"Reação tardia ou ineficiente do condutor";"Atropelamento de Pedestre";"Com Vítimas Feridas";"Pleno dia";"Decrescente";"Céu Claro";"Simples";"Reta";"Não";2;0;0;1;1;0;1;2;-22,81019129;-43,63217918;"SPRF-RJ";"DEL06-RJ";"UOP02-DEL06-RJ"
789236;2026-07-31;"sexta-feira";"22:00:00";"BA";101;114;"ALAGOINHAS";"Reação tardia ou ineficiente do condutor";"Tombamento";"Com Vítimas Feridas";"Plena Noite";"Decrescente";"Chuva";"Simples";"Reta";"Não";1;0;1;0;0;0;1;1;-12,167982;-38,460323;"SPRF-BA";"DEL01-BA";"UOP04-DEL01-BA"
789237;2026-07-31;"sexta-feira";"21:00:00";"MG";262;768;"UBERABA";"Ultrapassagem Indevida";"Saída de leito carroçável";"Sem Vítimas";"Plena Noite";"Decrescente";"Céu Claro";"Simples";"Reta";"Não";3;0;0;0;3;0;0;1;-19,738107;-47,751806;"SPRF-MG";"DEL13-MG";"UOP01-DEL13-MG"
789238;2026-07-31;"sexta-feira";"22:15:00";"PR";163;249;"TOLEDO";"Condutor deixou de manter distância do veículo da frente";"Colisão traseira";"Com Vítimas Feridas";"Plena Noite";"Decrescente";"Céu Claro";"Dupla";"Reta";"Não";5;0;1;0;4;0;1;2;-24,686796;-53,772072;"SPRF-PR";"DEL06-PR";"UOP02-DEL06-PR"
789239;2026-07-31;"sexta-feira";"19:25:00";"RO";364;530;"ARIQUEMES";"Reação tardia ou ineficiente do condutor";"Tombamento";"Com Vítimas Feridas";"Plena Noite";"Decrescente";"Nublado";"Simples";"Reta";"Não";1;0;1;0;0;0;1;1;-9,79565;-63,086578;"SPRF-RO";"DEL03-RO";"UOP01-DEL03-RO"
789240;2026-07-31;"sexta-feira";"09:45:00";"SC";280;268;"IRINEOPOLIS";"Conversão proibida";"Colisão frontal";"Com Vítimas Feridas";"Pleno dia";"Crescente";"Nublado";"Simples";"Reta";"Sim";2;0;1;0;1;0;1;2;-26,26380891;-50,71429107;"SPRF-SC";"DEL06-SC";"UOP04-DEL06-SC"
789241;2026-07-31;"sexta-feira";"21:45:00";"RO";364;686;"CANDEIAS DO JAMARI";"Reação tardia ou ineficiente do condutor";"Colisão traseira";"Com Vítimas Fatais";"Plena Noite";"Crescente";"Céu Claro";"Simples";"Reta";"Não";3;1;0;0;2;0;0;2;-8,79161;-63,6434;"SPRF-RO";"DEL01-RO";"UOP01-DEL01-RO"
789242;2026-07-31;"sexta-feira";"17:05:00";"SC";101;317;"PESCARIA BRAVA";"Ausência de reação do condutor";"Tombamento";"Com Vítimas Feridas";"Anoitecer";"Decrescente";"Céu Claro";"Múltipla";"Reta";"Não";1;0;1;0;0;0;1;1;-28,42739071;-48,86499004;"SPRF-SC";"DEL02-SC";"UOP01-DEL02-SC"
789243;2026-07-31;"sexta-feira";"17:45:00";"SC";280;226;"TRES BARRAS";"Problema na suspensão";"Queda de ocupante de veículo";"Com Vítimas Feridas";"Anoitecer";"Decrescente";"Nublado";"Simples";"Reta;Aclive";"Não";2;0;2;0;0;0;2;1;-26,18156619;-50,32571409;"SPRF-SC";"DEL06-SC";"UOP04-DEL06-SC"
789245;2026-07-31;"sexta-feira";"22:00:00";"RJ";40;114;"DUQUE DE CAXIAS";"Reação tardia ou ineficiente do condutor";"Queda de ocupante de veículo";"Com Vítimas Feridas";"Plena Noite";"Crescente";"Nublado";"Dupla";"Retorno Regulamentado";"Não";1;0;1;0;0;0;1;1;-22,71819523;-43,29036567;"SPRF-RJ";"DEL01-RJ";"UOP02-DEL01-RJ"
789247;2026-07-31;"sexta-feira";"22:50:00";"PR";476;143,9;"CURITIBA";"Condutor deixou de manter distância do veículo da frente";"Colisão traseira";"Com Vítimas Feridas";"Plena Noite";"Crescente";"Céu Claro";"Dupla";"Reta;Interseção de Vias";"Sim";2;0;1;0;1;0;1;2;-25,54185491;-49,31271013;"SPRF-PR";"DEL01-PR";"UOP06-DEL01-PR"
789248;2026-07-31;"sexta-feira";"18:30:00";"MT";364;1170;"CAMPOS DE JULIO";"Ultrapassagem Indevida";"Colisão lateral sentido oposto";"Com Vítimas Feridas";"Anoitecer";"Decrescente";"Céu Claro";"Simples";"Reta";"Não";6;0;0;1;3;2;1;4;-13,6477433;-59,1480983;"SPRF-MT";"DEL04-MT";"UOP02-DEL04-MT"
789249;2026-07-31;"sexta-feira";"20:00:00";"MA";316;161,2;"ZE DOCA";"Reação tardia ou ineficiente do condutor";"Colisão traseira";"Com Vítimas Fatais";"Plena Noite";"Decrescente";"Céu Claro";"Simples";"Reta";"Sim";2;1;0;0;0;1;0;2;-3,216693;-45,651017;"SPRF-MA";"DEL02-MA";"UOP02-DEL02-MA"
789250;2026-07-31;"sexta-feira";"23:00:00";"RS";116;325;"BARRA DO RIBEIRO";"Ausência de reação do condutor";"Saída de leito carroçável";"Sem Vítimas";"Plena Noite";"Decrescente";"Céu Claro";"Dupla";"Curva";"Não";3;0;0;0;3;0;0;1;-30,3335;-51,424114;"SPRF-RS";"DEL02-RS";"UOP01-DEL02-RS"
789252;2026-07-31;"sexta-feira";"22:50:00";"SP";116;109;"TAUBATE";"Avarias e/ou desgaste excessivo no pneu";"Tombamento";"Com Vítimas Feridas";"Anoitecer";"Crescente";"Céu Claro";"Dupla";"Reta";"Sim";1;0;1;0;0;0;1;1;-23,02791269;-45,54431375;"SPRF-SP";"DEL02-SP";"UOP02-DEL02-SP"
789253;2026-07-31;"sexta-feira";"22:30:00";"GO";60;376,4;"RIO VERDE";"Ausência de reação do condutor";"Tombamento";"Com Vítimas Feridas";"Plena Noite";"Decrescente";"Céu Claro";"Dupla";"Reta;Aclive";"Não";3;0;2;0;0;1;2;2;-17,752738;-50,877617;"SPRF-GO";"DEL04-GO";"UOP01-DEL04-GO"
789256;2026-07-31;"sexta-feira";"23:08:00";"MS";262;328;"CAMPO GRANDE";"Acessar a via sem observar a presença dos outros veículos";"Colisão transversal";"Com Vítimas Feridas";"Plena Noite";"Decrescente";"Céu Claro";"Dupla";"Reta";"Sim";2;0;1;1;0;0;2;2;-20,464;-54,553;"SPRF-MS";"DEL01-MS";"UOP01-DEL01-MS"
789286;2026-07-30;"quinta-feira";"10:00:00";"SP";116;488;"CAJATI";"Ausência de reação do condutor";"Saída de leito carroçável";"Sem Vítimas";"Pleno dia";"Crescente";"Céu Claro";"Dupla";"Reta";"Sim";1;0;0;0;1;0;0;1;-24,74127;-48,1286854;"SPRF-SP";"DEL05-SP";"UOP01-DEL05-SP"
789308;2026-07-31;"sexta-feira";"11:45:00";"RJ";116;103;"GUAPIMIRIM";"Acumulo de óleo sobre o pavimento";"Saída de leito carroçável";"Com Vítimas Feridas";"Pleno dia";"Decrescente";"Céu Claro";"Simples";"Curva";"Não";1;0;1;0;0;0;1;1;-22,50271225;-43,00068989;"SPRF-RJ";"DEL04-RJ";"UOP01-DEL04-RJ"
789311;2026-07-31;"sexta-feira";"21:00:00";"RJ";393;296;"VOLTA REDONDA";"Reação tardia ou ineficiente do condutor";"Colisão traseira";"Com Vítimas Feridas";"Plena Noite";"Decrescente";"Céu Claro";"Simples";"Reta";"Não";2;0;1;0;1;0;1;2;-22,53268438;-44,11697321;"SPRF-RJ";"DEL07-RJ";"UOP02-DEL07-RJ"
789325;2026-04-14;"terça-feira";"17:00:00";"GO";70;325;"JUSSARA";"Transitar no Acostamento";"Colisão traseira";"Com Vítimas Feridas";"Pleno dia";"Decrescente";"Sol";"Simples";"Declive;Reta";"Não";3;0;0;1;1;1;1;3;-15,868105;-50,926272;"SPRF-GO";"DEL04-GO";"UOP02-DEL04-GO"
789332;2026-07-25;"sábado";"00:30:00";"PR";116;22;"ANTONINA";"Acumulo de água sobre o pavimento";"Colisão com objeto";"Com Vítimas Feridas";"Plena Noite";"Crescente";"Chuva";"Dupla";"Curva";"Não";2;0;2;0;0;0;2;1;-25,10794195;-48,74246344;"SPRF-PR";"DEL01-PR";"UOP02-DEL01-PR"
789336;2026-07-24;"sexta-feira";"09:45:00";"MT";70;4;"BARRA DO GARCAS";"Frear bruscamente";"Colisão traseira";"Com Vítimas Feridas";"Pleno dia";"Decrescente";"Céu Claro";"Dupla";"Reta";"Sim";2;0;1;0;1;0;1;2;-15,87821252;-52,29103804;"SPRF-MT";"DEL07-MT";"UOP01-DEL07-MT"
789352;2026-07-27;"segunda-feira";"00:25:00";"GO";40;17;"LUZIANIA";"Ingestão de álcool pelo condutor";"Colisão lateral mesmo sentido";"Sem Vítimas";"Plena Noite";"Decrescente";"Céu Claro";"Dupla";"Declive";"Sim";2;0;0;0;2;0;0;2;-16,1916567;-47,9261167;"SPRF-DF";"DEL01-DF";"UOP01-DEL01-DF"
789367;2026-07-27;"segunda-feira";"00:30:00";"MT";70;740;"CACERES";"Animais na Pista";"Atropelamento de Animal";"Sem Vítimas";"Plena Noite";"Decrescente";"Ignorado";"Simples";"Reta";"Não";1;0;0;0;1;0;0;1;-16,04175687;-57,72057424;"SPRF-MT";"DEL03-MT";"UOP01-DEL03-MT"
789425;2026-07-31;"sexta-feira";"22:00:00";"MG";364;12;"FRUTAL";"Ausência de reação do condutor";"Saída de leito carroçável";"Sem Vítimas";"Plena Noite";"Crescente";"Céu Claro";"Simples";"Ponte;Declive";"Não";1;0;0;0;0;1;0;1;-20,1049;-48,7384;"SPRF-MG";"DEL13-MG";"UOP02-DEL13-MG"
789431;2026-07-25;"sábado";"00:30:00";"PR";116;22;"ANTONINA";"Acumulo de água sobre o pavimento";"Colisão com objeto";"Com Vítimas Feridas";"Plena Noite";"Crescente";"Garoa/Chuvisco";"Dupla";"Reta";"Não";2;0;2;0;0;0;2;1;-25,10827226;-48,74383673;"SPRF-PR";"DEL01-PR";"UOP02-DEL01-PR"
789577;2026-06-28;"domingo";"05:30:00";"SC";280;120,7;"SAO BENTO DO SUL";"Transitar na contramão";"Colisão lateral sentido oposto";"Sem Vítimas";"Amanhecer";"Decrescente";"Garoa/Chuvisco";"Simples";"Aclive;Reta";"Não";3;0;0;0;3;0;0;2;-26,256512;-49,448835;"SPRF-SC";"DEL06-SC";"UOP03-DEL06-SC"
789597;2026-07-21;"terça-feira";"18:37:00";"PR";116;117;"CURITIBA";"Manobra de mudança de faixa";"Colisão lateral mesmo sentido";"Com Vítimas Feridas";"Plena Noite";"Crescente";"Céu Claro";"Dupla";"Reta";"Não";2;0;1;0;1;0;1;2;-25,56150826;-49,30813663;"SPRF-PR";"DEL01-PR";"UOP03-DEL01-PR"
789795;2026-06-02;"terça-feira";"20:38:00";"PI";402;33,6;"PARNAIBA";"Desrespeitar a preferência no cruzamento";"Colisão frontal";"Com Vítimas Feridas";"Plena Noite";"Decrescente";"Céu Claro";"Simples";"Reta";"Sim";3;0;0;1;1;1;1;3;-2,93021931;-41,75212537;"SPRF-PI";"DEL05-PI";"UOP01-DEL05-PI"
789827;2026-07-30;"quinta-feira";"08:00:00";"RJ";101;295;"ITABORAI";"Ausência de reação do condutor";"Colisão lateral mesmo sentido";"Com Vítimas Feridas";"Pleno dia";"Decrescente";"Céu Claro";"Dupla";"Reta";"Não";6;0;4;0;2;0;4;2;-22,76321664;-42,9015669;"SPRF-RJ";"DEL02-RJ";"UOP02-DEL02-RJ"
789838;2026-07-17;"sexta-feira";"07:25:00";"GO";60;380;"RIO VERDE";"Manobra de mudança de faixa";"Colisão traseira";"Com Vítimas Feridas";"Pleno dia";"Decrescente";"Céu Claro";"Dupla";"Reta;Retorno Regulamentado";"Sim";2;0;1;0;1;0;1;2;-17,771562;-50,885228;"SPRF-GO";"DEL04-GO";"UOP01-DEL04-GO"
789849;2026-07-18;"sábado";"19:30:00";"PR";376;592;"CURITIBA";"Ausência de reação do condutor";"Colisão lateral mesmo sentido";"Sem Vítimas";"Plena Noite";"Decrescente";"Céu Claro";"Dupla";"Reta";"Sim";2;0;0;0;2;0;0;2;-25,43586001;-49,3651904;"SPRF-PR";"DEL01-PR";"UOP06-DEL01-PR"
789855;2026-06-06;"sábado";"15:02:00";"MG";262;45,4;"MANHUACU";"Acessar a via sem observar a presença dos outros veículos";"Colisão transversal";"Com Vítimas Feridas";"Pleno dia";"Crescente";"Céu Claro";"Simples";"Reta;Declive";"Não";6;0;1;0;5;0;1;2;-20,262687;-42,106243;"SPRF-MG";"DEL06-MG";"UOP03-DEL06-MG"
789877;2026-06-21;"domingo";"03:00:00";"PR";277;73;"SAO JOSE DOS PINHAIS";"Acesso irregular";"Saída de leito carroçável";"Sem Vítimas";"Plena Noite";"Crescente";"Garoa/Chuvisco";"Dupla";"Em Obras;Reta";"Sim";1;0;0;0;1;0;0;1;-25,49801656;-49,15848479;"SPRF-PR";"DEL01-PR";"UOP08-DEL01-PR"
789880;2026-06-14;"domingo";"21:20:00";"RN";304;207;"LAJES";"Demais falhas na via";"Saída de leito carroçável";"Com Vítimas Feridas";"Plena Noite";"Crescente";"Céu Claro";"Simples";"Reta";"Não";2;0;2;0;0;0;2;1;-5,739319;-36,099871;"SPRF-RN";"DEL01-RN";"UOP03-DEL01-RN"
789882;2026-07-15;"quarta-feira";"10:00:00";"BA";415;48;"ITABUNA";"Reação tardia ou ineficiente do condutor";"Colisão traseira";"Com Vítimas Feridas";"Pleno dia";"Crescente";"Céu Claro";"Simples";"Reta";"Sim";2;0;1;0;0;1;1;2;-14,81579464;-39,29914296;"SPRF-BA";"DEL05-BA";"UOP01-DEL05-BA"
789885;2026-04-21;"terça-feira";"10:15:00";"RJ";101;464;"ANGRA DOS REIS";"Acessar a via sem observar a presença dos outros veículos";"Colisão transversal";"Com Vítimas Feridas";"Pleno dia";"Crescente";"Sol";"Dupla";"Curva";"Não";5;0;0;2;3;0;2;2;-23,02683736;-44,21917677;"SPRF-RJ";"DEL03-RJ";"UOP03-DEL03-RJ"
789894;2026-05-31;"domingo";"14:30:00";"CE";402;255;"ITAPIPOCA";"Acessar a via sem observar a presença dos outros veículos";"Colisão transversal";"Sem Vítimas";"Pleno dia";"Crescente";"Céu Claro";"Simples";"Reta";"Não";3;0;0;0;0;3;0;2;-3,46783;-39,64556;"SPRF-CE";"DEL01-CE";"UOP03-DEL01-CE"
789912;2026-07-24;"sexta-feira";"19:15:00";"RO";364;690;"CANDEIAS DO JAMARI";"Ingestão de álcool pelo condutor";"Colisão frontal";"Com Vítimas Feridas";"Plena Noite";"Decrescente";"Céu Claro";"Simples";"Reta";"Não";6;0;4;0;2;0;4;2;-8,7958;-63,6829;"SPRF-RO";"DEL01-RO";"UOP01-DEL01-RO"
789925;2026-07-31;"sexta-feira";"07:50:00";"RJ";116;170;"RIO DE JANEIRO";"Demais falhas mecânicas ou elétricas";"Incêndio";"Sem Vítimas";"Pleno dia";"Decrescente";"Nublado";"Dupla";"Reta";"Sim";1;0;0;0;1;0;0;1;-22,81078069;-43,33497798;"SPRF-RJ";"DEL06-RJ";"UOP01-DEL06-RJ"
789929;2026-07-19;"domingo";"03:30:00";"RJ";116;328;"ITATIAIA";"Demais falhas mecânicas ou elétricas";"Incêndio";"Sem Vítimas";"Plena Noite";"Decrescente";"Céu Claro";"Dupla";"Reta";"Não";37;0;0;0;37;0;0;1;-22,5048;-44,5995;"SPRF-RJ";"DEL07-RJ";"UOP02-DEL07-RJ"
789990;2026-07-23;"quinta-feira";"08:10:00";"SC";101;210,5;"SAO JOSE";"Manobra de mudança de faixa";"Colisão lateral mesmo sentido";"Com Vítimas Feridas";"Pleno dia";"Decrescente";"Céu Claro";"Múltipla";"Reta";"Sim";4;0;1;1;1;1;2;4;-27,62292;-48,65179;"SPRF-SC";"DEL01-SC";"UOP01-DEL01-SC"
789999;2026-05-26;"terça-feira";"16:25:00";"PI";316;302,7;"PICOS";"Ultrapassagem Indevida";"Colisão frontal";"Com Vítimas Fatais";"Pleno dia";"Crescente";"Céu Claro";"Simples";"Reta;Aclive";"Não";4;1;1;0;0;2;1;3;-7,0564;-41,526549;"SPRF-PI";"DEL04-PI";"UOP01-DEL04-PI"
790007;2026-07-31;"sexta-feira";"17:50:00";"RJ";101;457;"ANGRA DOS REIS";"Acessar a via sem observar a presença dos outros veículos";"Colisão transversal";"Com Vítimas Feridas";"Plena Noite";"Decrescente";"Céu Claro";"Simples";"Reta;Declive";"Não";2;0;0;1;1;0;1;2;-23,03563;-44,18255;"SPRF-RJ";"DEL03-RJ";"UOP03-DEL03-RJ"
790008;2026-07-07;"terça-feira";"16:47:00";"PR";116;3;"QUATRO BARRAS";"Velocidade Incompatível";"Colisão traseira";"Com Vítimas Feridas";"Pleno dia";"Decrescente";"Céu Claro";"Dupla";"Reta";"Sim";5;0;1;0;4;0;1;2;-25,3559;-49,066975;"SPRF-PR";"DEL01-PR";"UOP02-DEL01-PR"
790032;2026-07-31;"sexta-feira";"18:45:00";"RJ";116;110;"GUAPIMIRIM";"Pedestre - Ingestão de álcool/ substâncias psicoativas";"Atropelamento de Pedestre";"Com Vítimas Feridas";"Plena Noite";"Decrescente";"Céu Claro";"Simples";"Reta";"Não";2;0;1;0;1;0;1;2;-22,54979355;-42,98878348;"SPRF-RJ";"DEL04-RJ";"UOP02-DEL04-RJ"
790039;2026-05-01;"sexta-feira";"07:05:00";"SC";280;8,9;"SAO FRANCISCO DO SUL";"Demais falhas mecânicas ou elétricas";"Tombamento";"Com Vítimas Feridas";"Pleno dia";"Decrescente";"Nublado";"Simples";"Reta";"Sim";2;0;0;2;0;0;2;1;-26,28776863;-48,64594817;"SPRF-SC";"DEL03-SC";"UOP03-DEL03-SC"
790044;2026-06-26;"sexta-feira";"12:30:00";"SC";158;107,1;"CUNHA PORA";"Ultrapassagem Indevida";"Colisão frontal";"Com Vítimas Feridas";"Pleno dia";"Crescente";"Céu Claro";"Simples";"Reta";"Não";3;0;2;0;1;0;2;3;-26,87683243;-53,16794872;"SPRF-SC";"DEL07-SC";"UOP02-DEL07-SC"
790046;2026-06-23;"terça-feira";"08:05:00";"RO";364;521;"ARIQUEMES";"Desvio temporário";"Colisão lateral sentido oposto";"Com Vítimas Feridas";"Pleno dia";"Crescente";"Céu Claro";"Simples";"Em Obras;Reta";"Não";2;0;1;0;1;0;1;2;-9,866358;-63,057963;"SPRF-RO";"DEL03-RO";"UOP01-DEL03-RO"
790048;2026-07-31;"sexta-feira";"20:47:00";"RJ";101;329;"RIO DE JANEIRO";"Trafegar com motocicleta (ou similar) entre as faixas";"Colisão lateral mesmo sentido";"Com Vítimas Feridas";"Plena Noite";"Decrescente";"Céu Claro";"Múltipla";"Ponte";"Não";3;0;2;0;1;0;2;2;-22,8692013;-43,1773113;"SPRF-RJ";"DEL02-RJ";"UOP01-DEL02-RJ"
790050;2026-05-12;"terça-feira";"13:00:00";"SC";282;5,1;"SAO JOSE";"Velocidade Incompatível";"Colisão lateral mesmo sentido";"Com Vítimas Feridas";"Pleno dia";"Decrescente";"Sol";"Múltipla";"Reta";"Sim";3;0;1;1;0;1;2;2;-27,58970857;-48,61015463;"SPRF-SC";"DEL01-SC";"UOP01-DEL01-SC"
790053;2026-05-10;"domingo";"19:30:00";"MG";116;436,7;"ENGENHEIRO CALDAS";"Pedestre cruzava a pista fora da faixa";"Atropelamento de Pedestre";"Com Vítimas Feridas";"Plena Noite";"Crescente";"Céu Claro";"Simples";"Reta;Declive";"Não";2;0;1;0;1;0;1;2;-19,043955;-41,992542;"SPRF-MG";"DEL06-MG";"UOP01-DEL06-MG"
790054;2026-07-13;"segunda-feira";"07:00:00";"MA";135;48;"BACABEIRA";"Reação tardia ou ineficiente do condutor";"Colisão traseira";"Sem Vítimas";"Pleno dia";"Decrescente";"Céu Claro";"Dupla";"Reta";"Não";2;0;0;0;2;0;0;2;-2,95232166;-44,32526833;"SPRF-MA";"DEL01-MA";"UOP01-DEL01-MA"
790105;2026-07-24;"sexta-feira";"03:23:00";"TO";10;458;"PALMAS";"Reação tardia ou ineficiente do condutor";"Queda de ocupante de veículo";"Com Vítimas Feridas";"Plena Noite";"Crescente";"Céu Claro";"Dupla";"Reta";"Sim";1;0;1;0;0;0;1;1;-10,27149;-48,30546;"SPRF-TO";"DEL01-TO";"UOP03-DEL01-TO"
790235;2026-05-21;"quinta-feira";"14:40:00";"BA";324;624;"SALVADOR";"Condutor deixou de manter distância do veículo da frente";"Engavetamento";"Com Vítimas Feridas";"Pleno dia";"Crescente";"Céu Claro";"Dupla";"Reta";"Não";4;0;1;0;3;0;1;4;-12,9412872;-38,4710438;"SPRF-BA";"DEL01-BA";"UOP01-DEL01-BA"
790282;2026-07-12;"domingo";"04:00:00";"MS";163;7;"MUNDO NOVO";"Ausência de reação do condutor";"Colisão com objeto";"Sem Vítimas";"Plena Noite";"Crescente";"Céu Claro";"Simples";"Reta";"Não";2;0;0;0;2;0;0;1;-24,00107;-54,320344;"SPRF-MS";"DEL09-MS";"UOP02-DEL09-MS"